ISO-10303-21;
HEADER;
FILE_DESCRIPTION(('Open CASCADE Model'),'2;1');
FILE_NAME('Open CASCADE Shape Model','2026-10-01T00:42:33',('Author'),(
    'Open CASCADE'),'Open CASCADE STEP processor 7.5','Open CASCADE 7.5'
  ,'Unknown');
FILE_SCHEMA(('AUTOMOTIVE_DESIGN { 1 0 10303 214 1 1 1 1 }'));
ENDSEC;
DATA;
#1 = APPLICATION_PROTOCOL_DEFINITION('international standard',
  'automotive_design',2000,#2);
#2 = APPLICATION_CONTEXT(
  'core data for automotive mechanical design processes');
#3 = SHAPE_DEFINITION_REPRESENTATION(#4,#10);
#4 = PRODUCT_DEFINITION_SHAPE('','',#5);
#5 = PRODUCT_DEFINITION('design','',#6,#9);
#6 = PRODUCT_DEFINITION_FORMATION('','',#7);
#7 = PRODUCT('PCB','PCB','',(#8));
#8 = PRODUCT_CONTEXT('',#2,'mechanical');
#9 = PRODUCT_DEFINITION_CONTEXT('part definition',#2,'design');
#10 = SHAPE_REPRESENTATION('',(#11),#15);
#11 = AXIS2_PLACEMENT_3D('',#12,#13,#14);
#12 = CARTESIAN_POINT('',(0.,0.,0.));
#13 = DIRECTION('',(0.,0.,1.));
#14 = DIRECTION('',(1.,0.,-0.));
#15 = ( GEOMETRIC_REPRESENTATION_CONTEXT(3) 
GLOBAL_UNCERTAINTY_ASSIGNED_CONTEXT((#19)) GLOBAL_UNIT_ASSIGNED_CONTEXT(
(#16,#17,#18)) REPRESENTATION_CONTEXT('Context #1',
  '3D Context with UNIT and UNCERTAINTY') );
#16 = ( LENGTH_UNIT() NAMED_UNIT(*) SI_UNIT(.MILLI.,.METRE.) );
#17 = ( NAMED_UNIT(*) PLANE_ANGLE_UNIT() SI_UNIT($,.RADIAN.) );
#18 = ( NAMED_UNIT(*) SI_UNIT($,.STERADIAN.) SOLID_ANGLE_UNIT() );
#19 = UNCERTAINTY_MEASURE_WITH_UNIT(LENGTH_MEASURE(1.E-07),#16,
  'distance_accuracy_value','confusion accuracy');
#20 = PRODUCT_RELATED_PRODUCT_CATEGORY('part',$,(#7));
#21 = SHAPE_DEFINITION_REPRESENTATION(#22,#28);
#22 = PRODUCT_DEFINITION_SHAPE('','',#23);
#23 = PRODUCT_DEFINITION('design','',#24,#27);
#24 = PRODUCT_DEFINITION_FORMATION('','',#25);
#25 = PRODUCT('Designator1','Designator1','',(#26));
#26 = PRODUCT_CONTEXT('',#2,'mechanical');
#27 = PRODUCT_DEFINITION_CONTEXT('part definition',#2,'design');
#28 = SHAPE_REPRESENTATION('',(#11,#29),#33);
#29 = AXIS2_PLACEMENT_3D('',#30,#31,#32);
#30 = CARTESIAN_POINT('',(0.,0.,0.));
#31 = DIRECTION('',(0.,0.,1.));
#32 = DIRECTION('',(1.,0.,0.));
#33 = ( GEOMETRIC_REPRESENTATION_CONTEXT(3) 
GLOBAL_UNCERTAINTY_ASSIGNED_CONTEXT((#37)) GLOBAL_UNIT_ASSIGNED_CONTEXT(
(#34,#35,#36)) REPRESENTATION_CONTEXT('Context #1',
  '3D Context with UNIT and UNCERTAINTY') );
#34 = ( LENGTH_UNIT() NAMED_UNIT(*) SI_UNIT(.MILLI.,.METRE.) );
#35 = ( NAMED_UNIT(*) PLANE_ANGLE_UNIT() SI_UNIT($,.RADIAN.) );
#36 = ( NAMED_UNIT(*) SI_UNIT($,.STERADIAN.) SOLID_ANGLE_UNIT() );
#37 = UNCERTAINTY_MEASURE_WITH_UNIT(LENGTH_MEASURE(2.E-06),#34,
  'distance_accuracy_value','confusion accuracy');
#38 = PRODUCT_RELATED_PRODUCT_CATEGORY('part',$,(#25));
#39 = SHAPE_DEFINITION_REPRESENTATION(#40,#46);
#40 = PRODUCT_DEFINITION_SHAPE('','',#41);
#41 = PRODUCT_DEFINITION('design','',#42,#45);
#42 = PRODUCT_DEFINITION_FORMATION('','',#43);
#43 = PRODUCT('8203245328','8203245328','',(#44));
#44 = PRODUCT_CONTEXT('',#2,'mechanical');
#45 = PRODUCT_DEFINITION_CONTEXT('part definition',#2,'design');
#46 = SHAPE_REPRESENTATION('',(#11,#47,#51,#55,#59),#63);
#47 = AXIS2_PLACEMENT_3D('',#48,#49,#50);
#48 = CARTESIAN_POINT('',(-0.65,-0.45,0.));
#49 = DIRECTION('',(0.,0.,1.));
#50 = DIRECTION('',(1.,0.,0.));
#51 = AXIS2_PLACEMENT_3D('',#52,#53,#54);
#52 = CARTESIAN_POINT('',(-0.8,-0.15,0.));
#53 = DIRECTION('',(0.,0.,1.));
#54 = DIRECTION('',(1.,0.,0.));
#55 = AXIS2_PLACEMENT_3D('',#56,#57,#58);
#56 = CARTESIAN_POINT('',(0.8,0.15,0.));
#57 = DIRECTION('',(0.,0.,1.));
#58 = DIRECTION('',(-1.,1.224646799147E-16,0.));
#59 = AXIS2_PLACEMENT_3D('',#60,#61,#62);
#60 = CARTESIAN_POINT('',(-0.325,0.,0.701));
#61 = DIRECTION('',(0.,0.,1.));
#62 = DIRECTION('',(1.,0.,0.));
#63 = ( GEOMETRIC_REPRESENTATION_CONTEXT(3) 
GLOBAL_UNCERTAINTY_ASSIGNED_CONTEXT((#67)) GLOBAL_UNIT_ASSIGNED_CONTEXT(
(#64,#65,#66)) REPRESENTATION_CONTEXT('Context #1',
  '3D Context with UNIT and UNCERTAINTY') );
#64 = ( LENGTH_UNIT() NAMED_UNIT(*) SI_UNIT(.MILLI.,.METRE.) );
#65 = ( NAMED_UNIT(*) PLANE_ANGLE_UNIT() SI_UNIT($,.RADIAN.) );
#66 = ( NAMED_UNIT(*) SI_UNIT($,.STERADIAN.) SOLID_ANGLE_UNIT() );
#67 = UNCERTAINTY_MEASURE_WITH_UNIT(LENGTH_MEASURE(2.E-06),#64,
  'distance_accuracy_value','confusion accuracy');
#68 = ADVANCED_BREP_SHAPE_REPRESENTATION('',(#11,#69),#1443);
#69 = MANIFOLD_SOLID_BREP('',#70);
#70 = CLOSED_SHELL('',(#71,#111,#147,#186,#219,#255,#364,#395,#412,#521,
    #552,#569,#600,#631,#659,#684,#702,#738,#766,#791,#824,#842,#873,
    #907,#931,#1040,#1057,#1068,#1085,#1109,#1218,#1235,#1266,#1277,
    #1302,#1320,#1337,#1362,#1380,#1409,#1420,#1432));
#71 = ADVANCED_FACE('',(#72),#106,.T.);
#72 = FACE_BOUND('',#73,.T.);
#73 = EDGE_LOOP('',(#74,#84,#92,#100));
#74 = ORIENTED_EDGE('',*,*,#75,.F.);
#75 = EDGE_CURVE('',#76,#78,#80,.T.);
#76 = VERTEX_POINT('',#77);
#77 = CARTESIAN_POINT('',(2.739052315864E-04,0.85,0.202606034199));
#78 = VERTEX_POINT('',#79);
#79 = CARTESIAN_POINT('',(4.784622507932E-02,0.802427680152,
    0.655226423163));
#80 = LINE('',#81,#82);
#81 = CARTESIAN_POINT('',(-5.37445006976E-04,0.850811350239,
    0.19488655233));
#82 = VECTOR('',#83,1.);
#83 = DIRECTION('',(0.103962051184,-0.103962051184,0.989132844378));
#84 = ORIENTED_EDGE('',*,*,#85,.F.);
#85 = EDGE_CURVE('',#86,#76,#88,.T.);
#86 = VERTEX_POINT('',#87);
#87 = CARTESIAN_POINT('',(2.739052315864E-04,5.E-02,0.202606034199));
#88 = LINE('',#89,#90);
#89 = CARTESIAN_POINT('',(2.739052315863E-04,0.,0.202606034199));
#90 = VECTOR('',#91,1.);
#91 = DIRECTION('',(-0.,1.,0.));
#92 = ORIENTED_EDGE('',*,*,#93,.T.);
#93 = EDGE_CURVE('',#86,#94,#96,.T.);
#94 = VERTEX_POINT('',#95);
#95 = CARTESIAN_POINT('',(4.784622507932E-02,9.757231984773E-02,
    0.655226423163));
#96 = LINE('',#97,#98);
#97 = CARTESIAN_POINT('',(-5.37445006976E-04,4.918864976144E-02,
    0.19488655233));
#98 = VECTOR('',#99,1.);
#99 = DIRECTION('',(0.103962051184,0.103962051184,0.989132844378));
#100 = ORIENTED_EDGE('',*,*,#101,.T.);
#101 = EDGE_CURVE('',#94,#78,#102,.T.);
#102 = LINE('',#103,#104);
#103 = CARTESIAN_POINT('',(4.784622507932E-02,5.255211763284E-02,
    0.655226423163));
#104 = VECTOR('',#105,1.);
#105 = DIRECTION('',(0.,1.,-0.));
#106 = PLANE('',#107);
#107 = AXIS2_PLACEMENT_3D('',#108,#109,#110);
#108 = CARTESIAN_POINT('',(0.,0.,0.2));
#109 = DIRECTION('',(-0.994521895368,0.,0.104528463268));
#110 = DIRECTION('',(0.,1.,0.));
#111 = ADVANCED_FACE('',(#112),#142,.T.);
#112 = FACE_BOUND('',#113,.T.);
#113 = EDGE_LOOP('',(#114,#115,#124,#132));
#114 = ORIENTED_EDGE('',*,*,#75,.T.);
#115 = ORIENTED_EDGE('',*,*,#116,.T.);
#116 = EDGE_CURVE('',#78,#117,#119,.T.);
#117 = VERTEX_POINT('',#118);
#118 = CARTESIAN_POINT('',(9.757231984773E-02,0.852153774921,
    0.655226423163));
#119 = CIRCLE('',#120,5.E-02);
#120 = AXIS2_PLACEMENT_3D('',#121,#122,#123);
#121 = CARTESIAN_POINT('',(9.757231984773E-02,0.802427680152,0.65));
#122 = DIRECTION('',(-0.103962051184,0.103962051184,-0.989132844378));
#123 = DIRECTION('',(-0.994521895368,8.943540352746E-14,0.104528463267)
  );
#124 = ORIENTED_EDGE('',*,*,#125,.F.);
#125 = EDGE_CURVE('',#126,#117,#128,.T.);
#126 = VERTEX_POINT('',#127);
#127 = CARTESIAN_POINT('',(5.E-02,0.899726094768,0.202606034199));
#128 = LINE('',#129,#130);
#129 = CARTESIAN_POINT('',(4.918864976144E-02,0.900537445007,
    0.19488655233));
#130 = VECTOR('',#131,1.);
#131 = DIRECTION('',(0.103962051184,-0.103962051184,0.989132844378));
#132 = ORIENTED_EDGE('',*,*,#133,.F.);
#133 = EDGE_CURVE('',#76,#126,#134,.T.);
#134 = ( BOUNDED_CURVE() B_SPLINE_CURVE(6,(#135,#136,#137,#138,#139,#140
,#141),.UNSPECIFIED.,.F.,.F.) B_SPLINE_CURVE_WITH_KNOTS((7,7),(0.,
1.559869909752),.PIECEWISE_BEZIER_KNOTS.) CURVE() 
GEOMETRIC_REPRESENTATION_ITEM() RATIONAL_B_SPLINE_CURVE((1.030950613501,
    1.009890100201,0.997953445068,0.994040710927,0.997953445068,
1.009890100201,1.030950613501)) REPRESENTATION_ITEM('') );
#135 = CARTESIAN_POINT('',(2.739052315865E-04,0.85,0.202606034199));
#136 = CARTESIAN_POINT('',(4.181095875132E-04,0.863198034154,
    0.203978046997));
#137 = CARTESIAN_POINT('',(4.725037391257E-03,0.876057240877,
    0.204876927733));
#138 = CARTESIAN_POINT('',(1.284413915244E-02,0.887155860848,
    0.205190087716));
#139 = CARTESIAN_POINT('',(2.394275912259E-02,0.895274962609,
    0.204876927733));
#140 = CARTESIAN_POINT('',(3.680196584638E-02,0.899581890412,
    0.203978046997));
#141 = CARTESIAN_POINT('',(5.E-02,0.899726094768,0.202606034199));
#142 = CYLINDRICAL_SURFACE('',#143,5.E-02);
#143 = AXIS2_PLACEMENT_3D('',#144,#145,#146);
#144 = CARTESIAN_POINT('',(4.918864976144E-02,0.850811350239,
    0.189660129166));
#145 = DIRECTION('',(0.103962051184,-0.103962051184,0.989132844378));
#146 = DIRECTION('',(-0.994521895368,9.1635032895E-14,0.104528463267));
#147 = ADVANCED_FACE('',(#148),#181,.T.);
#148 = FACE_BOUND('',#149,.T.);
#149 = EDGE_LOOP('',(#150,#151,#163,#171));
#150 = ORIENTED_EDGE('',*,*,#85,.T.);
#151 = ORIENTED_EDGE('',*,*,#152,.F.);
#152 = EDGE_CURVE('',#153,#76,#155,.T.);
#153 = VERTEX_POINT('',#154);
#154 = CARTESIAN_POINT('',(4.163336342344E-17,0.85,0.197379611036));
#155 = ( BOUNDED_CURVE() B_SPLINE_CURVE(6,(#156,#157,#158,#159,#160,#161
,#162),.UNSPECIFIED.,.F.,.F.) B_SPLINE_CURVE_WITH_KNOTS((7,7),(0.,
0.10471975512),.PIECEWISE_BEZIER_KNOTS.) CURVE() 
GEOMETRIC_REPRESENTATION_ITEM() RATIONAL_B_SPLINE_CURVE((1.000137088577,
    1.00004568784,0.999990860763,0.999972587294,0.999990860763,
1.00004568784,1.000137088577)) REPRESENTATION_ITEM('') );
#156 = CARTESIAN_POINT('',(1.387778780781E-17,0.85,0.197379611036));
#157 = CARTESIAN_POINT('',(2.775557561563E-17,0.85,0.19825235542));
#158 = CARTESIAN_POINT('',(1.827971782389E-05,0.85,0.199125004075));
#159 = CARTESIAN_POINT('',(5.483263798586E-05,0.85,0.199997126343));
#160 = CARTESIAN_POINT('',(1.096415590383E-04,0.85,0.200868291855));
#161 = CARTESIAN_POINT('',(1.826786022447E-04,0.85,0.2017380708));
#162 = CARTESIAN_POINT('',(2.739052315863E-04,0.85,0.202606034199));
#163 = ORIENTED_EDGE('',*,*,#164,.F.);
#164 = EDGE_CURVE('',#165,#153,#167,.T.);
#165 = VERTEX_POINT('',#166);
#166 = CARTESIAN_POINT('',(-1.387778780781E-17,5.E-02,0.197379611036));
#167 = LINE('',#168,#169);
#168 = CARTESIAN_POINT('',(1.387778780781E-17,0.,0.197379611036));
#169 = VECTOR('',#170,1.);
#170 = DIRECTION('',(-0.,1.,0.));
#171 = ORIENTED_EDGE('',*,*,#172,.T.);
#172 = EDGE_CURVE('',#165,#86,#173,.T.);
#173 = ( BOUNDED_CURVE() B_SPLINE_CURVE(6,(#174,#175,#176,#177,#178,#179
,#180),.UNSPECIFIED.,.F.,.F.) B_SPLINE_CURVE_WITH_KNOTS((7,7),(0.,
0.10471975512),.PIECEWISE_BEZIER_KNOTS.) CURVE() 
GEOMETRIC_REPRESENTATION_ITEM() RATIONAL_B_SPLINE_CURVE((1.000137088577,
    1.00004568784,0.999990860763,0.999972587294,0.999990860763,
1.00004568784,1.000137088577)) REPRESENTATION_ITEM('') );
#174 = CARTESIAN_POINT('',(1.387778780781E-17,5.E-02,0.197379611036));
#175 = CARTESIAN_POINT('',(2.775557561563E-17,5.E-02,0.19825235542));
#176 = CARTESIAN_POINT('',(1.827971782389E-05,5.E-02,0.199125004075));
#177 = CARTESIAN_POINT('',(5.483263798586E-05,5.E-02,0.199997126343));
#178 = CARTESIAN_POINT('',(1.096415590383E-04,5.E-02,0.200868291855));
#179 = CARTESIAN_POINT('',(1.826786022447E-04,5.E-02,0.2017380708));
#180 = CARTESIAN_POINT('',(2.739052315863E-04,5.E-02,0.202606034199));
#181 = CYLINDRICAL_SURFACE('',#182,5.E-02);
#182 = AXIS2_PLACEMENT_3D('',#183,#184,#185);
#183 = CARTESIAN_POINT('',(5.E-02,0.,0.197379611036));
#184 = DIRECTION('',(-0.,1.,0.));
#185 = DIRECTION('',(-0.994521895368,-0.,0.104528463268));
#186 = ADVANCED_FACE('',(#187),#214,.T.);
#187 = FACE_BOUND('',#188,.T.);
#188 = EDGE_LOOP('',(#189,#198,#206,#213));
#189 = ORIENTED_EDGE('',*,*,#190,.F.);
#190 = EDGE_CURVE('',#191,#94,#193,.T.);
#191 = VERTEX_POINT('',#192);
#192 = CARTESIAN_POINT('',(9.757231984773E-02,9.757231984773E-02,0.7));
#193 = CIRCLE('',#194,5.E-02);
#194 = AXIS2_PLACEMENT_3D('',#195,#196,#197);
#195 = CARTESIAN_POINT('',(9.757231984773E-02,9.757231984773E-02,0.65));
#196 = DIRECTION('',(-0.,-1.,-0.));
#197 = DIRECTION('',(-1.,0.,0.));
#198 = ORIENTED_EDGE('',*,*,#199,.T.);
#199 = EDGE_CURVE('',#191,#200,#202,.T.);
#200 = VERTEX_POINT('',#201);
#201 = CARTESIAN_POINT('',(9.757231984773E-02,0.802427680152,0.7));
#202 = LINE('',#203,#204);
#203 = CARTESIAN_POINT('',(9.757231984773E-02,5.255211763284E-02,0.7));
#204 = VECTOR('',#205,1.);
#205 = DIRECTION('',(0.,1.,-0.));
#206 = ORIENTED_EDGE('',*,*,#207,.T.);
#207 = EDGE_CURVE('',#200,#78,#208,.T.);
#208 = CIRCLE('',#209,5.E-02);
#209 = AXIS2_PLACEMENT_3D('',#210,#211,#212);
#210 = CARTESIAN_POINT('',(9.757231984773E-02,0.802427680152,0.65));
#211 = DIRECTION('',(2.232676886845E-15,-1.,-6.19692321581E-31));
#212 = DIRECTION('',(-1.,-2.232676886845E-15,2.775557561563E-16));
#213 = ORIENTED_EDGE('',*,*,#101,.F.);
#214 = CYLINDRICAL_SURFACE('',#215,5.E-02);
#215 = AXIS2_PLACEMENT_3D('',#216,#217,#218);
#216 = CARTESIAN_POINT('',(9.757231984773E-02,5.255211763284E-02,0.65));
#217 = DIRECTION('',(0.,1.,-0.));
#218 = DIRECTION('',(-0.994521895368,0.,0.104528463268));
#219 = ADVANCED_FACE('',(#220),#250,.T.);
#220 = FACE_BOUND('',#221,.T.);
#221 = EDGE_LOOP('',(#222,#234,#242,#249));
#222 = ORIENTED_EDGE('',*,*,#223,.T.);
#223 = EDGE_CURVE('',#86,#224,#226,.T.);
#224 = VERTEX_POINT('',#225);
#225 = CARTESIAN_POINT('',(5.E-02,2.739052315864E-04,0.202606034199));
#226 = ( BOUNDED_CURVE() B_SPLINE_CURVE(6,(#227,#228,#229,#230,#231,#232
,#233),.UNSPECIFIED.,.F.,.F.) B_SPLINE_CURVE_WITH_KNOTS((7,7),(0.,
1.559869909752),.PIECEWISE_BEZIER_KNOTS.) CURVE() 
GEOMETRIC_REPRESENTATION_ITEM() RATIONAL_B_SPLINE_CURVE((1.030950613501,
    1.009890100201,0.997953445068,0.994040710927,0.997953445068,
1.009890100201,1.030950613501)) REPRESENTATION_ITEM('') );
#227 = CARTESIAN_POINT('',(2.739052315865E-04,5.E-02,0.202606034199));
#228 = CARTESIAN_POINT('',(4.181095875132E-04,3.680196584638E-02,
    0.203978046997));
#229 = CARTESIAN_POINT('',(4.725037391257E-03,2.394275912259E-02,
    0.204876927733));
#230 = CARTESIAN_POINT('',(1.284413915244E-02,1.284413915244E-02,
    0.205190087716));
#231 = CARTESIAN_POINT('',(2.394275912259E-02,4.725037391257E-03,
    0.204876927733));
#232 = CARTESIAN_POINT('',(3.680196584638E-02,4.181095875133E-04,
    0.203978046997));
#233 = CARTESIAN_POINT('',(5.E-02,2.739052315864E-04,0.202606034199));
#234 = ORIENTED_EDGE('',*,*,#235,.T.);
#235 = EDGE_CURVE('',#224,#236,#238,.T.);
#236 = VERTEX_POINT('',#237);
#237 = CARTESIAN_POINT('',(9.757231984773E-02,4.784622507932E-02,
    0.655226423163));
#238 = LINE('',#239,#240);
#239 = CARTESIAN_POINT('',(4.918864976144E-02,-5.37445006976E-04,
    0.19488655233));
#240 = VECTOR('',#241,1.);
#241 = DIRECTION('',(0.103962051184,0.103962051184,0.989132844378));
#242 = ORIENTED_EDGE('',*,*,#243,.F.);
#243 = EDGE_CURVE('',#94,#236,#244,.T.);
#244 = CIRCLE('',#245,5.E-02);
#245 = AXIS2_PLACEMENT_3D('',#246,#247,#248);
#246 = CARTESIAN_POINT('',(9.757231984773E-02,9.757231984773E-02,0.65));
#247 = DIRECTION('',(0.103962051184,0.103962051184,0.989132844378));
#248 = DIRECTION('',(-0.994521895368,-9.163329817152E-14,0.104528463267)
  );
#249 = ORIENTED_EDGE('',*,*,#93,.F.);
#250 = CYLINDRICAL_SURFACE('',#251,5.E-02);
#251 = AXIS2_PLACEMENT_3D('',#252,#253,#254);
#252 = CARTESIAN_POINT('',(4.918864976144E-02,4.918864976144E-02,
    0.189660129166));
#253 = DIRECTION('',(0.103962051184,0.103962051184,0.989132844378));
#254 = DIRECTION('',(-0.994521895368,-9.1635032895E-14,0.104528463267));
#255 = ADVANCED_FACE('',(#256),#282,.F.);
#256 = FACE_BOUND('',#257,.F.);
#257 = EDGE_LOOP('',(#258,#259,#260,#272));
#258 = ORIENTED_EDGE('',*,*,#133,.F.);
#259 = ORIENTED_EDGE('',*,*,#152,.F.);
#260 = ORIENTED_EDGE('',*,*,#261,.F.);
#261 = EDGE_CURVE('',#262,#153,#264,.T.);
#262 = VERTEX_POINT('',#263);
#263 = CARTESIAN_POINT('',(5.E-02,0.9,0.197379611036));
#264 = ( BOUNDED_CURVE() B_SPLINE_CURVE(6,(#265,#266,#267,#268,#269,#270
,#271),.UNSPECIFIED.,.F.,.F.) B_SPLINE_CURVE_WITH_KNOTS((7,7),(0.,
1.570796326795),.PIECEWISE_BEZIER_KNOTS.) CURVE() 
GEOMETRIC_REPRESENTATION_ITEM() RATIONAL_B_SPLINE_CURVE((1.031393471788,
    1.010025407661,0.997924642725,0.993958444137,0.997924642725,
1.010025407661,1.031393471788)) REPRESENTATION_ITEM('') );
#265 = CARTESIAN_POINT('',(5.E-02,0.9,0.197379611036));
#266 = CARTESIAN_POINT('',(3.663316084235E-02,0.9,0.197379611036));
#267 = CARTESIAN_POINT('',(2.361457137089E-02,0.895749782468,
    0.197379611036));
#268 = CARTESIAN_POINT('',(1.240402433989E-02,0.88759597566,
    0.197379611036));
#269 = CARTESIAN_POINT('',(4.250217531684E-03,0.876385428629,
    0.197379611036));
#270 = CARTESIAN_POINT('',(6.245004513517E-17,0.863366839158,
    0.197379611036));
#271 = CARTESIAN_POINT('',(-6.938893903907E-18,0.85,0.197379611036));
#272 = ORIENTED_EDGE('',*,*,#273,.F.);
#273 = EDGE_CURVE('',#126,#262,#274,.T.);
#274 = ( BOUNDED_CURVE() B_SPLINE_CURVE(6,(#275,#276,#277,#278,#279,#280
,#281),.UNSPECIFIED.,.F.,.F.) B_SPLINE_CURVE_WITH_KNOTS((7,7),(0.,
0.10471975512),.PIECEWISE_BEZIER_KNOTS.) CURVE() 
GEOMETRIC_REPRESENTATION_ITEM() RATIONAL_B_SPLINE_CURVE((1.000137088577,
    1.00004568784,0.999990860763,0.999972587294,0.999990860763,
1.00004568784,1.000137088577)) REPRESENTATION_ITEM('') );
#275 = CARTESIAN_POINT('',(5.E-02,0.899726094768,0.202606034199));
#276 = CARTESIAN_POINT('',(5.E-02,0.899817321398,0.2017380708));
#277 = CARTESIAN_POINT('',(5.E-02,0.899890358441,0.200868291855));
#278 = CARTESIAN_POINT('',(5.E-02,0.899945167362,0.199997126343));
#279 = CARTESIAN_POINT('',(5.E-02,0.899981720282,0.199125004075));
#280 = CARTESIAN_POINT('',(5.E-02,0.9,0.19825235542));
#281 = CARTESIAN_POINT('',(5.E-02,0.9,0.197379611036));
#282 = B_SPLINE_SURFACE_WITH_KNOTS('',8,8,(
    (#283,#284,#285,#286,#287,#288,#289,#290,#291)
    ,(#292,#293,#294,#295,#296,#297,#298,#299,#300)
    ,(#301,#302,#303,#304,#305,#306,#307,#308,#309)
    ,(#310,#311,#312,#313,#314,#315,#316,#317,#318)
    ,(#319,#320,#321,#322,#323,#324,#325,#326,#327)
    ,(#328,#329,#330,#331,#332,#333,#334,#335,#336)
    ,(#337,#338,#339,#340,#341,#342,#343,#344,#345)
    ,(#346,#347,#348,#349,#350,#351,#352,#353,#354)
    ,(#355,#356,#357,#358,#359,#360,#361,#362,#363
  )),.UNSPECIFIED.,.F.,.F.,.F.,(9,9),(9,9),(-3.889087296526E-02,
    3.889087296526E-02),(-3.626740088442E-03,4.427879780914E-03),
  .PIECEWISE_BEZIER_KNOTS.);
#283 = CARTESIAN_POINT('',(2.137090646094E-04,0.844776493106,
    0.196382895431));
#284 = CARTESIAN_POINT('',(1.824793030413E-04,0.844818224059,
    0.197394209739));
#285 = CARTESIAN_POINT('',(1.904991851507E-04,0.84479248268,
    0.198397147303));
#286 = CARTESIAN_POINT('',(4.142661847458E-04,0.844599781734,
    0.199401264625));
#287 = CARTESIAN_POINT('',(-2.716665083334E-04,0.845267969973,
    0.200436575434));
#288 = CARTESIAN_POINT('',(8.461317878293E-04,0.844133469639,
    0.201389424797));
#289 = CARTESIAN_POINT('',(3.335517565473E-04,0.844689702493,
    0.202425045299));
#290 = CARTESIAN_POINT('',(4.79880372035E-04,0.844506734143,
    0.203422641584));
#291 = CARTESIAN_POINT('',(7.109001784501E-04,0.844263432081,
    0.204415911705));
#292 = CARTESIAN_POINT('',(-8.539008416562E-04,0.859612086505,
    0.19681030406));
#293 = CARTESIAN_POINT('',(-9.828226215807E-04,0.859763263863,
    0.197829947054));
#294 = CARTESIAN_POINT('',(-1.015369133391E-03,0.859816523393,
    0.198844531352));
#295 = CARTESIAN_POINT('',(-4.890922344425E-04,0.859178662673,
    0.199793629116));
#296 = CARTESIAN_POINT('',(-9.587994915739E-04,0.859769396687,
    0.200867970912));
#297 = CARTESIAN_POINT('',(-5.053534474665E-04,0.859233072376,
    0.20181553659));
#298 = CARTESIAN_POINT('',(-8.664419151057E-04,0.859661993497,
    0.202860173041));
#299 = CARTESIAN_POINT('',(-4.800092146651E-04,0.859213696468,
    0.203841966343));
#300 = CARTESIAN_POINT('',(-1.838976295136E-04,0.858907407939,
    0.204832460767));
#301 = CARTESIAN_POINT('',(1.539421428972E-03,0.870869498292,
    0.197032323984));
#302 = CARTESIAN_POINT('',(1.765416120495E-03,0.870586096698,
    0.198032470535));
#303 = CARTESIAN_POINT('',(2.328765135805E-03,0.870088884055,
    0.199022313222));
#304 = CARTESIAN_POINT('',(-1.58956919802E-03,0.874501778924,
    0.200231149829));
#305 = CARTESIAN_POINT('',(5.306539752916E-03,0.866488508104,
    0.200869258198));
#306 = CARTESIAN_POINT('',(-1.641846119697E-03,0.874705896817,
    0.202260038188));
#307 = CARTESIAN_POINT('',(3.024549154188E-03,0.869286716089,
    0.203007071498));
#308 = CARTESIAN_POINT('',(1.803682764478E-03,0.870628884417,
    0.204083693191));
#309 = CARTESIAN_POINT('',(2.036562775058E-03,0.87041254188,
    0.20507931541));
#310 = CARTESIAN_POINT('',(8.373201682489E-03,0.877781787285,
    0.197002102126));
#311 = CARTESIAN_POINT('',(8.859699919077E-03,0.877330654489,
    0.197952615731));
#312 = CARTESIAN_POINT('',(6.724062686424E-03,0.879316150331,
    0.199077388354));
#313 = CARTESIAN_POINT('',(1.126212924322E-02,0.874668295526,
    0.200010883926));
#314 = CARTESIAN_POINT('',(-2.750815042582E-03,0.889516769847,
    0.201538080063));
#315 = CARTESIAN_POINT('',(1.425024934506E-02,0.871531477458,
    0.201838283701));
#316 = CARTESIAN_POINT('',(7.795218751833E-03,0.878304887905,
    0.203108761323));
#317 = CARTESIAN_POINT('',(9.048702933434E-03,0.877084392535,
    0.20406419651));
#318 = CARTESIAN_POINT('',(8.185779612872E-03,0.877968984448,
    0.205117378007));
#319 = CARTESIAN_POINT('',(1.143911504519E-02,0.888560884958,
    0.197232697708));
#320 = CARTESIAN_POINT('',(1.084815988348E-02,0.889151840129,
    0.198313271169));
#321 = CARTESIAN_POINT('',(1.262438896634E-02,0.887375611082,
    0.199213361094));
#322 = CARTESIAN_POINT('',(7.990403213452E-03,0.892009596714,
    0.200256248829));
#323 = CARTESIAN_POINT('',(2.352563427441E-02,0.876474365756,
    0.200835218471));
#324 = CARTESIAN_POINT('',(5.284652472418E-03,0.894715347534,
    0.202484764009));
#325 = CARTESIAN_POINT('',(1.127247248512E-02,0.888727527518,
    0.203329802406));
#326 = CARTESIAN_POINT('',(1.14835575647E-02,0.888516442437,
    0.204304566769));
#327 = CARTESIAN_POINT('',(1.276386612314E-02,0.88723613388,
    0.205243913422));
#328 = CARTESIAN_POINT('',(2.221821270893E-02,0.891626798317,
    0.197002102127));
#329 = CARTESIAN_POINT('',(2.266934549354E-02,0.891140300077,
    0.197952615733));
#330 = CARTESIAN_POINT('',(2.068384961628E-02,0.893275937291,
    0.199077388359));
#331 = CARTESIAN_POINT('',(2.533170455484E-02,0.888737870792,
    0.200010883918));
#332 = CARTESIAN_POINT('',(1.048323013939E-02,0.902750815027,
    0.201538080062));
#333 = CARTESIAN_POINT('',(2.846852253448E-02,0.88574975065,
    0.201838283702));
#334 = CARTESIAN_POINT('',(2.169511209648E-02,0.892204781245,
    0.203108761322));
#335 = CARTESIAN_POINT('',(2.291560746338E-02,0.890951297065,
    0.204064196509));
#336 = CARTESIAN_POINT('',(2.203101554999E-02,0.891814220384,
    0.205117378007));
#337 = CARTESIAN_POINT('',(2.91305017146E-02,0.898460578571,
    0.197032323982));
#338 = CARTESIAN_POINT('',(2.94139033151E-02,0.89823458388,
    0.198032470532));
#339 = CARTESIAN_POINT('',(2.991111597699E-02,0.897671234869,
    0.199022313217));
#340 = CARTESIAN_POINT('',(2.549822105088E-02,0.90158956919,
    0.200231149832));
#341 = CARTESIAN_POINT('',(3.351149189885E-02,0.894693460253,
    0.200869258198));
#342 = CARTESIAN_POINT('',(2.529410320507E-02,0.90164184611,
    0.202260038183));
#343 = CARTESIAN_POINT('',(3.071328390837E-02,0.896975450849,
    0.203007071498));
#344 = CARTESIAN_POINT('',(2.937111558343E-02,0.898196317236,
    0.204083693191));
#345 = CARTESIAN_POINT('',(2.958745812124E-02,0.897963437226,
    0.20507931541));
#346 = CARTESIAN_POINT('',(4.0387913491E-02,0.900853900842,0.19681030406
    ));
#347 = CARTESIAN_POINT('',(4.023673613056E-02,0.900982822622,
    0.197829947056));
#348 = CARTESIAN_POINT('',(4.018347659588E-02,0.901015369134,
    0.198844531354));
#349 = CARTESIAN_POINT('',(4.082133734996E-02,0.900489092233,
    0.199793629111));
#350 = CARTESIAN_POINT('',(4.023060328554E-02,0.900958799495,
    0.200867970918));
#351 = CARTESIAN_POINT('',(4.076692763966E-02,0.900505353444,
    0.201815536587));
#352 = CARTESIAN_POINT('',(4.033800649505E-02,0.900866441919,
    0.202860173043));
#353 = CARTESIAN_POINT('',(4.078630353084E-02,0.900480009215,
    0.203841966344));
#354 = CARTESIAN_POINT('',(4.109259206092E-02,0.900183897629,
    0.204832460767));
#355 = CARTESIAN_POINT('',(5.522350689716E-02,0.899786290936,
    0.196382895431));
#356 = CARTESIAN_POINT('',(5.518177594137E-02,0.899817520697,
    0.197394209739));
#357 = CARTESIAN_POINT('',(5.520751732194E-02,0.899809500816,
    0.198397147302));
#358 = CARTESIAN_POINT('',(5.540021826473E-02,0.899585733811,
    0.199401264625));
#359 = CARTESIAN_POINT('',(5.473203002764E-02,0.900271666516,
    0.200436575434));
#360 = CARTESIAN_POINT('',(5.586653036301E-02,0.899153868204,
    0.201389424796));
#361 = CARTESIAN_POINT('',(5.531029750605E-02,0.899666448246,
    0.202425045299));
#362 = CARTESIAN_POINT('',(5.549326585784E-02,0.899520119627,
    0.203422641584));
#363 = CARTESIAN_POINT('',(5.573656792255E-02,0.89928909982,
    0.204415911704));
#364 = ADVANCED_FACE('',(#365),#390,.T.);
#365 = FACE_BOUND('',#366,.T.);
#366 = EDGE_LOOP('',(#367,#368,#376,#384));
#367 = ORIENTED_EDGE('',*,*,#125,.T.);
#368 = ORIENTED_EDGE('',*,*,#369,.T.);
#369 = EDGE_CURVE('',#117,#370,#372,.T.);
#370 = VERTEX_POINT('',#371);
#371 = CARTESIAN_POINT('',(1.202427680152,0.852153774921,0.655226423163)
  );
#372 = LINE('',#373,#374);
#373 = CARTESIAN_POINT('',(5.255211763284E-02,0.852153774921,
    0.655226423163));
#374 = VECTOR('',#375,1.);
#375 = DIRECTION('',(1.,0.,0.));
#376 = ORIENTED_EDGE('',*,*,#377,.F.);
#377 = EDGE_CURVE('',#378,#370,#380,.T.);
#378 = VERTEX_POINT('',#379);
#379 = CARTESIAN_POINT('',(1.25,0.899726094768,0.202606034199));
#380 = LINE('',#381,#382);
#381 = CARTESIAN_POINT('',(1.250811350239,0.900537445007,0.19488655233)
  );
#382 = VECTOR('',#383,1.);
#383 = DIRECTION('',(-0.103962051184,-0.103962051184,0.989132844378));
#384 = ORIENTED_EDGE('',*,*,#385,.F.);
#385 = EDGE_CURVE('',#126,#378,#386,.T.);
#386 = LINE('',#387,#388);
#387 = CARTESIAN_POINT('',(0.,0.899726094768,0.202606034199));
#388 = VECTOR('',#389,1.);
#389 = DIRECTION('',(1.,0.,-0.));
#390 = PLANE('',#391);
#391 = AXIS2_PLACEMENT_3D('',#392,#393,#394);
#392 = CARTESIAN_POINT('',(0.,0.9,0.2));
#393 = DIRECTION('',(0.,0.994521895368,0.104528463268));
#394 = DIRECTION('',(1.,0.,-0.));
#395 = ADVANCED_FACE('',(#396),#407,.T.);
#396 = FACE_BOUND('',#397,.T.);
#397 = EDGE_LOOP('',(#398,#399,#406));
#398 = ORIENTED_EDGE('',*,*,#207,.F.);
#399 = ORIENTED_EDGE('',*,*,#400,.T.);
#400 = EDGE_CURVE('',#200,#117,#401,.T.);
#401 = CIRCLE('',#402,5.E-02);
#402 = AXIS2_PLACEMENT_3D('',#403,#404,#405);
#403 = CARTESIAN_POINT('',(9.757231984773E-02,0.802427680152,0.65));
#404 = DIRECTION('',(-1.,-7.346317755234E-17,2.775557561563E-16));
#405 = DIRECTION('',(-7.346317755234E-17,1.,2.039012779518E-32));
#406 = ORIENTED_EDGE('',*,*,#116,.F.);
#407 = SPHERICAL_SURFACE('',#408,5.E-02);
#408 = AXIS2_PLACEMENT_3D('',#409,#410,#411);
#409 = CARTESIAN_POINT('',(9.757231984773E-02,0.802427680152,0.65));
#410 = DIRECTION('',(-2.775557561563E-16,0.,-1.));
#411 = DIRECTION('',(-1.,-2.232676886845E-15,2.775557561563E-16));
#412 = ADVANCED_FACE('',(#413),#439,.T.);
#413 = FACE_BOUND('',#414,.T.);
#414 = EDGE_LOOP('',(#415,#416,#417,#429));
#415 = ORIENTED_EDGE('',*,*,#223,.F.);
#416 = ORIENTED_EDGE('',*,*,#172,.F.);
#417 = ORIENTED_EDGE('',*,*,#418,.F.);
#418 = EDGE_CURVE('',#419,#165,#421,.T.);
#419 = VERTEX_POINT('',#420);
#420 = CARTESIAN_POINT('',(5.E-02,1.387778780781E-17,0.197379611036));
#421 = ( BOUNDED_CURVE() B_SPLINE_CURVE(6,(#422,#423,#424,#425,#426,#427
,#428),.UNSPECIFIED.,.F.,.F.) B_SPLINE_CURVE_WITH_KNOTS((7,7),(0.,
1.570796326795),.PIECEWISE_BEZIER_KNOTS.) CURVE() 
GEOMETRIC_REPRESENTATION_ITEM() RATIONAL_B_SPLINE_CURVE((1.031393471788,
    1.010025407661,0.997924642725,0.993958444137,0.997924642725,
1.010025407661,1.031393471788)) REPRESENTATION_ITEM('') );
#422 = CARTESIAN_POINT('',(5.E-02,-6.938893903907E-18,0.197379611036));
#423 = CARTESIAN_POINT('',(3.663316084235E-02,-6.938893903907E-18,
    0.197379611036));
#424 = CARTESIAN_POINT('',(2.361457137089E-02,4.250217531685E-03,
    0.197379611036));
#425 = CARTESIAN_POINT('',(1.240402433989E-02,1.240402433989E-02,
    0.197379611036));
#426 = CARTESIAN_POINT('',(4.250217531684E-03,2.361457137089E-02,
    0.197379611036));
#427 = CARTESIAN_POINT('',(6.245004513517E-17,3.663316084235E-02,
    0.197379611036));
#428 = CARTESIAN_POINT('',(-6.938893903907E-18,5.E-02,0.197379611036));
#429 = ORIENTED_EDGE('',*,*,#430,.F.);
#430 = EDGE_CURVE('',#224,#419,#431,.T.);
#431 = ( BOUNDED_CURVE() B_SPLINE_CURVE(6,(#432,#433,#434,#435,#436,#437
,#438),.UNSPECIFIED.,.F.,.F.) B_SPLINE_CURVE_WITH_KNOTS((7,7),(0.,
0.10471975512),.PIECEWISE_BEZIER_KNOTS.) CURVE() 
GEOMETRIC_REPRESENTATION_ITEM() RATIONAL_B_SPLINE_CURVE((1.000137088577,
    1.00004568784,0.999990860763,0.999972587294,0.999990860763,
1.00004568784,1.000137088577)) REPRESENTATION_ITEM('') );
#432 = CARTESIAN_POINT('',(5.E-02,2.739052315863E-04,0.202606034199));
#433 = CARTESIAN_POINT('',(5.E-02,1.826786022447E-04,0.2017380708));
#434 = CARTESIAN_POINT('',(5.E-02,1.096415590383E-04,0.200868291855));
#435 = CARTESIAN_POINT('',(5.E-02,5.483263798586E-05,0.199997126343));
#436 = CARTESIAN_POINT('',(5.E-02,1.827971782389E-05,0.199125004075));
#437 = CARTESIAN_POINT('',(5.E-02,2.775557561563E-17,0.19825235542));
#438 = CARTESIAN_POINT('',(5.E-02,1.387778780781E-17,0.197379611036));
#439 = B_SPLINE_SURFACE_WITH_KNOTS('',8,8,(
    (#440,#441,#442,#443,#444,#445,#446,#447,#448)
    ,(#449,#450,#451,#452,#453,#454,#455,#456,#457)
    ,(#458,#459,#460,#461,#462,#463,#464,#465,#466)
    ,(#467,#468,#469,#470,#471,#472,#473,#474,#475)
    ,(#476,#477,#478,#479,#480,#481,#482,#483,#484)
    ,(#485,#486,#487,#488,#489,#490,#491,#492,#493)
    ,(#494,#495,#496,#497,#498,#499,#500,#501,#502)
    ,(#503,#504,#505,#506,#507,#508,#509,#510,#511)
    ,(#512,#513,#514,#515,#516,#517,#518,#519,#520
  )),.UNSPECIFIED.,.F.,.F.,.F.,(9,9),(9,9),(-3.889087296526E-02,
    3.889087296526E-02),(-3.626740088442E-03,4.427879780914E-03),
  .PIECEWISE_BEZIER_KNOTS.);
#440 = CARTESIAN_POINT('',(2.137090681005E-04,5.522350689467E-02,
    0.196382895431));
#441 = CARTESIAN_POINT('',(1.824793030327E-04,5.518177594086E-02,
    0.197394209739));
#442 = CARTESIAN_POINT('',(1.904991898616E-04,5.520751732041E-02,
    0.198397147302));
#443 = CARTESIAN_POINT('',(4.142661751411E-04,5.540021826538E-02,
    0.199401264627));
#444 = CARTESIAN_POINT('',(-2.716664980953E-04,5.47320300282E-02,
    0.200436575432));
#445 = CARTESIAN_POINT('',(8.461317831822E-04,5.586653036019E-02,
    0.201389424798));
#446 = CARTESIAN_POINT('',(3.335517566506E-04,5.531029750728E-02,
    0.202425045299));
#447 = CARTESIAN_POINT('',(4.79880372443E-04,5.549326585677E-02,
    0.203422641584));
#448 = CARTESIAN_POINT('',(7.109001782968E-04,5.573656791907E-02,
    0.204415911705));
#449 = CARTESIAN_POINT('',(-8.5390084773E-04,4.038791349441E-02,
    0.196810304061));
#450 = CARTESIAN_POINT('',(-9.828226318333E-04,4.023673613624E-02,
    0.197829947056));
#451 = CARTESIAN_POINT('',(-1.015369149416E-03,4.018347660589E-02,
    0.198844531355));
#452 = CARTESIAN_POINT('',(-4.890921973025E-04,4.082133732883E-02,
    0.19979362911));
#453 = CARTESIAN_POINT('',(-9.587995369866E-04,4.023060331105E-02,
    0.200867970919));
#454 = CARTESIAN_POINT('',(-5.053534203322E-04,4.076692762581E-02,
    0.201815536586));
#455 = CARTESIAN_POINT('',(-8.664419225444E-04,4.033800650246E-02,
    0.202860173042));
#456 = CARTESIAN_POINT('',(-4.80009214203E-04,4.07863035327E-02,
    0.203841966343));
#457 = CARTESIAN_POINT('',(-1.838976296337E-04,4.109259206094E-02,
    0.204832460767));
#458 = CARTESIAN_POINT('',(1.539421438342E-03,2.913050170907E-02,
    0.197032323982));
#459 = CARTESIAN_POINT('',(1.765416141238E-03,2.941390330293E-02,
    0.198032470531));
#460 = CARTESIAN_POINT('',(2.328765180439E-03,2.991111594994E-02,
    0.199022313215));
#461 = CARTESIAN_POINT('',(-1.589569254023E-03,2.549822106753E-02,
    0.200231149836));
#462 = CARTESIAN_POINT('',(5.306539808477E-03,3.35114919038E-02,
    0.200869258193));
#463 = CARTESIAN_POINT('',(-1.64184615056E-03,2.52941031798E-02,
    0.202260038188));
#464 = CARTESIAN_POINT('',(3.024549162738E-03,3.071328391159E-02,
    0.203007071498));
#465 = CARTESIAN_POINT('',(1.803682764296E-03,2.937111558294E-02,
    0.204083693191));
#466 = CARTESIAN_POINT('',(2.036562773729E-03,2.958745812041E-02,
    0.20507931541));
#467 = CARTESIAN_POINT('',(8.373201672898E-03,2.221821271372E-02,
    0.197002102128));
#468 = CARTESIAN_POINT('',(8.859699895957E-03,2.266934550933E-02,
    0.197952615735));
#469 = CARTESIAN_POINT('',(6.724062635584E-03,2.068384966023E-02,
    0.199077388359));
#470 = CARTESIAN_POINT('',(1.126212934718E-02,2.533170449183E-02,
    0.200010883916));
#471 = CARTESIAN_POINT('',(-2.750815123421E-03,1.048323013668E-02,
    0.201538080065));
#472 = CARTESIAN_POINT('',(1.425024938307E-02,2.846852253654E-02,
    0.201838283706));
#473 = CARTESIAN_POINT('',(7.795218744196E-03,2.169511210096E-02,
    0.203108761319));
#474 = CARTESIAN_POINT('',(9.048702934186E-03,2.291560746415E-02,
    0.20406419651));
#475 = CARTESIAN_POINT('',(8.18577961547E-03,2.203101555066E-02,
    0.205117378007));
#476 = CARTESIAN_POINT('',(1.143911504887E-02,1.143911504205E-02,
    0.197232697708));
#477 = CARTESIAN_POINT('',(1.084815989187E-02,1.08481598726E-02,
    0.198313271168));
#478 = CARTESIAN_POINT('',(1.2624388973E-02,1.262438892795E-02,
    0.199213361097));
#479 = CARTESIAN_POINT('',(7.990403175336E-03,7.990403258998E-03,
    0.200256248826));
#480 = CARTESIAN_POINT('',(2.352563431829E-02,2.352563426618E-02,
    0.200835218477));
#481 = CARTESIAN_POINT('',(5.284652449466E-03,5.284652465759E-03,
    0.202484764));
#482 = CARTESIAN_POINT('',(1.12724724858E-02,1.127247247244E-02,
    0.203329802413));
#483 = CARTESIAN_POINT('',(1.148355756417E-02,1.148355756536E-02,
    0.204304566769));
#484 = CARTESIAN_POINT('',(1.276386612025E-02,1.276386612218E-02,
    0.205243913422));
#485 = CARTESIAN_POINT('',(2.221821271138E-02,8.373201683132E-03,
    0.197002102126));
#486 = CARTESIAN_POINT('',(2.2669345502E-02,8.859699922567E-03,
    0.197952615731));
#487 = CARTESIAN_POINT('',(2.068384965117E-02,6.724062698263E-03,
    0.19907738835));
#488 = CARTESIAN_POINT('',(2.53317045171E-02,1.126212923814E-02,
    0.200010883932));
#489 = CARTESIAN_POINT('',(1.048323011785E-02,-2.750815082641E-03,
    0.201538080061));
#490 = CARTESIAN_POINT('',(2.846852254424E-02,1.425024936854E-02,
    0.201838283707));
#491 = CARTESIAN_POINT('',(2.169511209538E-02,7.795218755742E-03,
    0.203108761318));
#492 = CARTESIAN_POINT('',(2.291560746488E-02,9.048702933447E-03,
    0.204064196509));
#493 = CARTESIAN_POINT('',(2.203101555154E-02,8.185779613875E-03,
    0.205117378007));
#494 = CARTESIAN_POINT('',(2.913050170827E-02,1.539421428883E-03,
    0.197032323984));
#495 = CARTESIAN_POINT('',(2.941390330189E-02,1.765416120526E-03,
    0.198032470535));
#496 = CARTESIAN_POINT('',(2.991111594383E-02,2.328765139846E-03,
    0.199022313224));
#497 = CARTESIAN_POINT('',(2.549822106778E-02,-1.589569218367E-03,
    0.200231149829));
#498 = CARTESIAN_POINT('',(3.3511491905E-02,5.306539793958E-03,
    0.200869258196));
#499 = CARTESIAN_POINT('',(2.529410317183E-02,-1.641846161589E-03,
    0.202260038191));
#500 = CARTESIAN_POINT('',(3.071328391239E-02,3.024549160052E-03,
    0.203007071498));
#501 = CARTESIAN_POINT('',(2.937111558261E-02,1.803682764823E-03,
    0.204083693191));
#502 = CARTESIAN_POINT('',(2.958745812029E-02,2.036562774331E-03,
    0.20507931541));
#503 = CARTESIAN_POINT('',(4.038791349546E-02,-8.539008420982E-04,
    0.19681030406));
#504 = CARTESIAN_POINT('',(4.023673613818E-02,-9.828226220685E-04,
    0.197829947054));
#505 = CARTESIAN_POINT('',(4.018347660899E-02,-1.015369137116E-03,
    0.198844531352));
#506 = CARTESIAN_POINT('',(4.082133732207E-02,-4.890922238009E-04,
    0.199793629116));
#507 = CARTESIAN_POINT('',(4.023060331918E-02,-9.587995046807E-04,
    0.200867970912));
#508 = CARTESIAN_POINT('',(4.076692762128E-02,-5.053534375085E-04,
    0.20181553659));
#509 = CARTESIAN_POINT('',(4.033800650553E-02,-8.66441915278E-04,
    0.20286017304));
#510 = CARTESIAN_POINT('',(4.078630353307E-02,-4.800092132787E-04,
    0.203841966343));
#511 = CARTESIAN_POINT('',(4.109259206112E-02,-1.838976293993E-04,
    0.204832460767));
#512 = CARTESIAN_POINT('',(5.522350689368E-02,2.1370906456E-04,
    0.196382895432));
#513 = CARTESIAN_POINT('',(5.518177594075E-02,1.824793031279E-04,
    0.197394209739));
#514 = CARTESIAN_POINT('',(5.520751732027E-02,1.904991855451E-04,
    0.198397147303));
#515 = CARTESIAN_POINT('',(5.540021826375E-02,4.142661830058E-04,
    0.199401264626));
#516 = CARTESIAN_POINT('',(5.473203003125E-02,-2.716665060534E-04,
    0.200436575433));
#517 = CARTESIAN_POINT('',(5.586653035737E-02,8.461317859289E-04,
    0.201389424797));
#518 = CARTESIAN_POINT('',(5.531029750795E-02,3.335517571958E-04,
    0.202425045299));
#519 = CARTESIAN_POINT('',(5.549326585625E-02,4.798803716034E-04,
    0.203422641584));
#520 = CARTESIAN_POINT('',(5.573656791844E-02,7.109001762361E-04,
    0.204415911705));
#521 = ADVANCED_FACE('',(#522),#547,.F.);
#522 = FACE_BOUND('',#523,.F.);
#523 = EDGE_LOOP('',(#524,#525,#533,#541));
#524 = ORIENTED_EDGE('',*,*,#164,.F.);
#525 = ORIENTED_EDGE('',*,*,#526,.F.);
#526 = EDGE_CURVE('',#527,#165,#529,.T.);
#527 = VERTEX_POINT('',#528);
#528 = CARTESIAN_POINT('',(-6.938893903907E-18,5.E-02,5.E-02));
#529 = LINE('',#530,#531);
#530 = CARTESIAN_POINT('',(-6.938893903907E-18,5.E-02,0.));
#531 = VECTOR('',#532,1.);
#532 = DIRECTION('',(0.,0.,1.));
#533 = ORIENTED_EDGE('',*,*,#534,.T.);
#534 = EDGE_CURVE('',#527,#535,#537,.T.);
#535 = VERTEX_POINT('',#536);
#536 = CARTESIAN_POINT('',(-6.938893903907E-18,0.85,5.E-02));
#537 = LINE('',#538,#539);
#538 = CARTESIAN_POINT('',(-6.938893903907E-18,0.,5.E-02));
#539 = VECTOR('',#540,1.);
#540 = DIRECTION('',(-0.,1.,0.));
#541 = ORIENTED_EDGE('',*,*,#542,.T.);
#542 = EDGE_CURVE('',#535,#153,#543,.T.);
#543 = LINE('',#544,#545);
#544 = CARTESIAN_POINT('',(-6.938893903907E-18,0.85,0.));
#545 = VECTOR('',#546,1.);
#546 = DIRECTION('',(0.,0.,1.));
#547 = PLANE('',#548);
#548 = AXIS2_PLACEMENT_3D('',#549,#550,#551);
#549 = CARTESIAN_POINT('',(0.,0.,0.));
#550 = DIRECTION('',(1.,0.,-0.));
#551 = DIRECTION('',(0.,0.,1.));
#552 = ADVANCED_FACE('',(#553),#564,.T.);
#553 = FACE_BOUND('',#554,.T.);
#554 = EDGE_LOOP('',(#555,#556,#563));
#555 = ORIENTED_EDGE('',*,*,#243,.T.);
#556 = ORIENTED_EDGE('',*,*,#557,.F.);
#557 = EDGE_CURVE('',#191,#236,#558,.T.);
#558 = CIRCLE('',#559,5.E-02);
#559 = AXIS2_PLACEMENT_3D('',#560,#561,#562);
#560 = CARTESIAN_POINT('',(9.757231984773E-02,9.757231984773E-02,0.65));
#561 = DIRECTION('',(1.,-2.832769448824E-16,0.));
#562 = DIRECTION('',(-2.832769448824E-16,-1.,0.));
#563 = ORIENTED_EDGE('',*,*,#190,.T.);
#564 = SPHERICAL_SURFACE('',#565,5.E-02);
#565 = AXIS2_PLACEMENT_3D('',#566,#567,#568);
#566 = CARTESIAN_POINT('',(9.757231984773E-02,9.757231984773E-02,0.65));
#567 = DIRECTION('',(0.,0.,-1.));
#568 = DIRECTION('',(-1.,0.,0.));
#569 = ADVANCED_FACE('',(#570),#595,.T.);
#570 = FACE_BOUND('',#571,.T.);
#571 = EDGE_LOOP('',(#572,#573,#581,#589));
#572 = ORIENTED_EDGE('',*,*,#199,.F.);
#573 = ORIENTED_EDGE('',*,*,#574,.T.);
#574 = EDGE_CURVE('',#191,#575,#577,.T.);
#575 = VERTEX_POINT('',#576);
#576 = CARTESIAN_POINT('',(1.202427680152,9.757231984773E-02,0.7));
#577 = LINE('',#578,#579);
#578 = CARTESIAN_POINT('',(5.255211763284E-02,9.757231984773E-02,0.7));
#579 = VECTOR('',#580,1.);
#580 = DIRECTION('',(1.,-0.,0.));
#581 = ORIENTED_EDGE('',*,*,#582,.T.);
#582 = EDGE_CURVE('',#575,#583,#585,.T.);
#583 = VERTEX_POINT('',#584);
#584 = CARTESIAN_POINT('',(1.202427680152,0.802427680152,0.7));
#585 = LINE('',#586,#587);
#586 = CARTESIAN_POINT('',(1.202427680152,5.255211763284E-02,0.7));
#587 = VECTOR('',#588,1.);
#588 = DIRECTION('',(0.,1.,-0.));
#589 = ORIENTED_EDGE('',*,*,#590,.F.);
#590 = EDGE_CURVE('',#200,#583,#591,.T.);
#591 = LINE('',#592,#593);
#592 = CARTESIAN_POINT('',(5.255211763284E-02,0.802427680152,0.7));
#593 = VECTOR('',#594,1.);
#594 = DIRECTION('',(1.,0.,0.));
#595 = PLANE('',#596);
#596 = AXIS2_PLACEMENT_3D('',#597,#598,#599);
#597 = CARTESIAN_POINT('',(0.,0.,0.7));
#598 = DIRECTION('',(0.,0.,1.));
#599 = DIRECTION('',(1.,0.,-0.));
#600 = ADVANCED_FACE('',(#601),#626,.F.);
#601 = FACE_BOUND('',#602,.F.);
#602 = EDGE_LOOP('',(#603,#604,#612,#620));
#603 = ORIENTED_EDGE('',*,*,#235,.T.);
#604 = ORIENTED_EDGE('',*,*,#605,.T.);
#605 = EDGE_CURVE('',#236,#606,#608,.T.);
#606 = VERTEX_POINT('',#607);
#607 = CARTESIAN_POINT('',(1.202427680152,4.784622507932E-02,
    0.655226423163));
#608 = LINE('',#609,#610);
#609 = CARTESIAN_POINT('',(5.255211763284E-02,4.784622507932E-02,
    0.655226423163));
#610 = VECTOR('',#611,1.);
#611 = DIRECTION('',(1.,-0.,0.));
#612 = ORIENTED_EDGE('',*,*,#613,.F.);
#613 = EDGE_CURVE('',#614,#606,#616,.T.);
#614 = VERTEX_POINT('',#615);
#615 = CARTESIAN_POINT('',(1.25,2.739052315864E-04,0.202606034199));
#616 = LINE('',#617,#618);
#617 = CARTESIAN_POINT('',(1.250811350239,-5.37445006976E-04,
    0.19488655233));
#618 = VECTOR('',#619,1.);
#619 = DIRECTION('',(-0.103962051184,0.103962051184,0.989132844378));
#620 = ORIENTED_EDGE('',*,*,#621,.F.);
#621 = EDGE_CURVE('',#224,#614,#622,.T.);
#622 = LINE('',#623,#624);
#623 = CARTESIAN_POINT('',(0.,2.739052315863E-04,0.202606034199));
#624 = VECTOR('',#625,1.);
#625 = DIRECTION('',(1.,0.,-0.));
#626 = PLANE('',#627);
#627 = AXIS2_PLACEMENT_3D('',#628,#629,#630);
#628 = CARTESIAN_POINT('',(0.,0.,0.2));
#629 = DIRECTION('',(0.,0.994521895368,-0.104528463268));
#630 = DIRECTION('',(1.,0.,0.));
#631 = ADVANCED_FACE('',(#632),#654,.T.);
#632 = FACE_BOUND('',#633,.T.);
#633 = EDGE_LOOP('',(#634,#635,#647,#653));
#634 = ORIENTED_EDGE('',*,*,#385,.T.);
#635 = ORIENTED_EDGE('',*,*,#636,.F.);
#636 = EDGE_CURVE('',#637,#378,#639,.T.);
#637 = VERTEX_POINT('',#638);
#638 = CARTESIAN_POINT('',(1.25,0.9,0.197379611036));
#639 = ( BOUNDED_CURVE() B_SPLINE_CURVE(6,(#640,#641,#642,#643,#644,#645
,#646),.UNSPECIFIED.,.F.,.F.) B_SPLINE_CURVE_WITH_KNOTS((7,7),(0.,
0.10471975512),.PIECEWISE_BEZIER_KNOTS.) CURVE() 
GEOMETRIC_REPRESENTATION_ITEM() RATIONAL_B_SPLINE_CURVE((1.000137088577,
    1.00004568784,0.999990860763,0.999972587294,0.999990860763,
1.00004568784,1.000137088577)) REPRESENTATION_ITEM('') );
#640 = CARTESIAN_POINT('',(1.25,0.9,0.197379611036));
#641 = CARTESIAN_POINT('',(1.25,0.9,0.19825235542));
#642 = CARTESIAN_POINT('',(1.25,0.899981720282,0.199125004075));
#643 = CARTESIAN_POINT('',(1.25,0.899945167362,0.199997126343));
#644 = CARTESIAN_POINT('',(1.25,0.899890358441,0.200868291855));
#645 = CARTESIAN_POINT('',(1.25,0.899817321398,0.2017380708));
#646 = CARTESIAN_POINT('',(1.25,0.899726094768,0.202606034199));
#647 = ORIENTED_EDGE('',*,*,#648,.F.);
#648 = EDGE_CURVE('',#262,#637,#649,.T.);
#649 = LINE('',#650,#651);
#650 = CARTESIAN_POINT('',(0.,0.9,0.197379611036));
#651 = VECTOR('',#652,1.);
#652 = DIRECTION('',(1.,0.,-0.));
#653 = ORIENTED_EDGE('',*,*,#273,.F.);
#654 = CYLINDRICAL_SURFACE('',#655,5.E-02);
#655 = AXIS2_PLACEMENT_3D('',#656,#657,#658);
#656 = CARTESIAN_POINT('',(0.,0.85,0.197379611036));
#657 = DIRECTION('',(1.,0.,-0.));
#658 = DIRECTION('',(0.,0.994521895368,0.104528463268));
#659 = ADVANCED_FACE('',(#660),#679,.T.);
#660 = FACE_BOUND('',#661,.T.);
#661 = EDGE_LOOP('',(#662,#663,#671,#678));
#662 = ORIENTED_EDGE('',*,*,#261,.F.);
#663 = ORIENTED_EDGE('',*,*,#664,.F.);
#664 = EDGE_CURVE('',#665,#262,#667,.T.);
#665 = VERTEX_POINT('',#666);
#666 = CARTESIAN_POINT('',(5.E-02,0.9,5.E-02));
#667 = LINE('',#668,#669);
#668 = CARTESIAN_POINT('',(5.E-02,0.9,0.));
#669 = VECTOR('',#670,1.);
#670 = DIRECTION('',(0.,0.,1.));
#671 = ORIENTED_EDGE('',*,*,#672,.F.);
#672 = EDGE_CURVE('',#535,#665,#673,.T.);
#673 = CIRCLE('',#674,5.E-02);
#674 = AXIS2_PLACEMENT_3D('',#675,#676,#677);
#675 = CARTESIAN_POINT('',(5.E-02,0.85,5.E-02));
#676 = DIRECTION('',(0.,0.,-1.));
#677 = DIRECTION('',(-1.,0.,0.));
#678 = ORIENTED_EDGE('',*,*,#542,.T.);
#679 = CYLINDRICAL_SURFACE('',#680,5.E-02);
#680 = AXIS2_PLACEMENT_3D('',#681,#682,#683);
#681 = CARTESIAN_POINT('',(5.E-02,0.85,0.));
#682 = DIRECTION('',(0.,0.,1.));
#683 = DIRECTION('',(-1.,-0.,0.));
#684 = ADVANCED_FACE('',(#685),#697,.T.);
#685 = FACE_BOUND('',#686,.T.);
#686 = EDGE_LOOP('',(#687,#688,#689,#696));
#687 = ORIENTED_EDGE('',*,*,#400,.F.);
#688 = ORIENTED_EDGE('',*,*,#590,.T.);
#689 = ORIENTED_EDGE('',*,*,#690,.T.);
#690 = EDGE_CURVE('',#583,#370,#691,.T.);
#691 = CIRCLE('',#692,5.E-02);
#692 = AXIS2_PLACEMENT_3D('',#693,#694,#695);
#693 = CARTESIAN_POINT('',(1.202427680152,0.802427680152,0.65));
#694 = DIRECTION('',(-1.,0.,0.));
#695 = DIRECTION('',(0.,1.,0.));
#696 = ORIENTED_EDGE('',*,*,#369,.F.);
#697 = CYLINDRICAL_SURFACE('',#698,5.E-02);
#698 = AXIS2_PLACEMENT_3D('',#699,#700,#701);
#699 = CARTESIAN_POINT('',(5.255211763284E-02,0.802427680152,0.65));
#700 = DIRECTION('',(1.,0.,0.));
#701 = DIRECTION('',(-0.,0.994521895368,0.104528463268));
#702 = ADVANCED_FACE('',(#703),#733,.T.);
#703 = FACE_BOUND('',#704,.T.);
#704 = EDGE_LOOP('',(#705,#706,#715,#723));
#705 = ORIENTED_EDGE('',*,*,#377,.T.);
#706 = ORIENTED_EDGE('',*,*,#707,.T.);
#707 = EDGE_CURVE('',#370,#708,#710,.T.);
#708 = VERTEX_POINT('',#709);
#709 = CARTESIAN_POINT('',(1.252153774921,0.802427680152,0.655226423163)
  );
#710 = CIRCLE('',#711,5.E-02);
#711 = AXIS2_PLACEMENT_3D('',#712,#713,#714);
#712 = CARTESIAN_POINT('',(1.202427680152,0.802427680152,0.65));
#713 = DIRECTION('',(0.103962051184,0.103962051184,-0.989132844378));
#714 = DIRECTION('',(9.163156344805E-14,0.994521895368,0.104528463267));
#715 = ORIENTED_EDGE('',*,*,#716,.F.);
#716 = EDGE_CURVE('',#717,#708,#719,.T.);
#717 = VERTEX_POINT('',#718);
#718 = CARTESIAN_POINT('',(1.299726094768,0.85,0.202606034199));
#719 = LINE('',#720,#721);
#720 = CARTESIAN_POINT('',(1.300537445007,0.850811350239,0.19488655233)
  );
#721 = VECTOR('',#722,1.);
#722 = DIRECTION('',(-0.103962051184,-0.103962051184,0.989132844378));
#723 = ORIENTED_EDGE('',*,*,#724,.F.);
#724 = EDGE_CURVE('',#378,#717,#725,.T.);
#725 = ( BOUNDED_CURVE() B_SPLINE_CURVE(6,(#726,#727,#728,#729,#730,#731
,#732),.UNSPECIFIED.,.F.,.F.) B_SPLINE_CURVE_WITH_KNOTS((7,7),(0.,
1.559869909752),.PIECEWISE_BEZIER_KNOTS.) CURVE() 
GEOMETRIC_REPRESENTATION_ITEM() RATIONAL_B_SPLINE_CURVE((1.030950613501,
    1.009890100201,0.997953445068,0.994040710927,0.997953445068,
1.009890100201,1.030950613501)) REPRESENTATION_ITEM('') );
#726 = CARTESIAN_POINT('',(1.25,0.899726094768,0.202606034199));
#727 = CARTESIAN_POINT('',(1.263198034154,0.899581890412,0.203978046997)
  );
#728 = CARTESIAN_POINT('',(1.276057240877,0.895274962609,0.204876927733)
  );
#729 = CARTESIAN_POINT('',(1.287155860848,0.887155860848,0.205190087716)
  );
#730 = CARTESIAN_POINT('',(1.295274962609,0.876057240877,0.204876927733)
  );
#731 = CARTESIAN_POINT('',(1.299581890412,0.863198034154,0.203978046997)
  );
#732 = CARTESIAN_POINT('',(1.299726094768,0.85,0.202606034199));
#733 = CYLINDRICAL_SURFACE('',#734,5.E-02);
#734 = AXIS2_PLACEMENT_3D('',#735,#736,#737);
#735 = CARTESIAN_POINT('',(1.250811350239,0.850811350239,0.189660129166)
  );
#736 = DIRECTION('',(-0.103962051184,-0.103962051184,0.989132844378));
#737 = DIRECTION('',(9.1635032895E-14,0.994521895368,0.104528463267));
#738 = ADVANCED_FACE('',(#739),#761,.T.);
#739 = FACE_BOUND('',#740,.T.);
#740 = EDGE_LOOP('',(#741,#742,#750,#760));
#741 = ORIENTED_EDGE('',*,*,#430,.T.);
#742 = ORIENTED_EDGE('',*,*,#743,.T.);
#743 = EDGE_CURVE('',#419,#744,#746,.T.);
#744 = VERTEX_POINT('',#745);
#745 = CARTESIAN_POINT('',(1.25,4.163336342344E-17,0.197379611036));
#746 = LINE('',#747,#748);
#747 = CARTESIAN_POINT('',(0.,1.387778780781E-17,0.197379611036));
#748 = VECTOR('',#749,1.);
#749 = DIRECTION('',(1.,0.,-0.));
#750 = ORIENTED_EDGE('',*,*,#751,.T.);
#751 = EDGE_CURVE('',#744,#614,#752,.T.);
#752 = ( BOUNDED_CURVE() B_SPLINE_CURVE(6,(#753,#754,#755,#756,#757,#758
,#759),.UNSPECIFIED.,.F.,.F.) B_SPLINE_CURVE_WITH_KNOTS((7,7),(0.,
0.10471975512),.PIECEWISE_BEZIER_KNOTS.) CURVE() 
GEOMETRIC_REPRESENTATION_ITEM() RATIONAL_B_SPLINE_CURVE((1.000137088577,
    1.00004568784,0.999990860763,0.999972587294,0.999990860763,
1.00004568784,1.000137088577)) REPRESENTATION_ITEM('') );
#753 = CARTESIAN_POINT('',(1.25,1.387778780781E-17,0.197379611036));
#754 = CARTESIAN_POINT('',(1.25,2.775557561563E-17,0.19825235542));
#755 = CARTESIAN_POINT('',(1.25,1.827971782389E-05,0.199125004075));
#756 = CARTESIAN_POINT('',(1.25,5.483263798586E-05,0.199997126343));
#757 = CARTESIAN_POINT('',(1.25,1.096415590383E-04,0.200868291855));
#758 = CARTESIAN_POINT('',(1.25,1.826786022447E-04,0.2017380708));
#759 = CARTESIAN_POINT('',(1.25,2.739052315863E-04,0.202606034199));
#760 = ORIENTED_EDGE('',*,*,#621,.F.);
#761 = CYLINDRICAL_SURFACE('',#762,5.E-02);
#762 = AXIS2_PLACEMENT_3D('',#763,#764,#765);
#763 = CARTESIAN_POINT('',(0.,5.E-02,0.197379611036));
#764 = DIRECTION('',(1.,0.,-0.));
#765 = DIRECTION('',(0.,-0.994521895368,0.104528463268));
#766 = ADVANCED_FACE('',(#767),#786,.T.);
#767 = FACE_BOUND('',#768,.T.);
#768 = EDGE_LOOP('',(#769,#770,#779,#785));
#769 = ORIENTED_EDGE('',*,*,#526,.F.);
#770 = ORIENTED_EDGE('',*,*,#771,.T.);
#771 = EDGE_CURVE('',#527,#772,#774,.T.);
#772 = VERTEX_POINT('',#773);
#773 = CARTESIAN_POINT('',(5.E-02,-6.938893903907E-18,5.E-02));
#774 = CIRCLE('',#775,5.E-02);
#775 = AXIS2_PLACEMENT_3D('',#776,#777,#778);
#776 = CARTESIAN_POINT('',(5.E-02,5.E-02,5.E-02));
#777 = DIRECTION('',(0.,0.,1.));
#778 = DIRECTION('',(-1.,0.,0.));
#779 = ORIENTED_EDGE('',*,*,#780,.T.);
#780 = EDGE_CURVE('',#772,#419,#781,.T.);
#781 = LINE('',#782,#783);
#782 = CARTESIAN_POINT('',(5.E-02,-6.938893903907E-18,0.));
#783 = VECTOR('',#784,1.);
#784 = DIRECTION('',(0.,0.,1.));
#785 = ORIENTED_EDGE('',*,*,#418,.T.);
#786 = CYLINDRICAL_SURFACE('',#787,5.E-02);
#787 = AXIS2_PLACEMENT_3D('',#788,#789,#790);
#788 = CARTESIAN_POINT('',(5.E-02,5.E-02,0.));
#789 = DIRECTION('',(0.,0.,1.));
#790 = DIRECTION('',(-1.,-0.,0.));
#791 = ADVANCED_FACE('',(#792),#819,.T.);
#792 = FACE_BOUND('',#793,.T.);
#793 = EDGE_LOOP('',(#794,#795,#804,#812));
#794 = ORIENTED_EDGE('',*,*,#534,.T.);
#795 = ORIENTED_EDGE('',*,*,#796,.F.);
#796 = EDGE_CURVE('',#797,#535,#799,.T.);
#797 = VERTEX_POINT('',#798);
#798 = CARTESIAN_POINT('',(5.E-02,0.85,0.));
#799 = CIRCLE('',#800,5.E-02);
#800 = AXIS2_PLACEMENT_3D('',#801,#802,#803);
#801 = CARTESIAN_POINT('',(5.E-02,0.85,5.E-02));
#802 = DIRECTION('',(0.,1.,-0.));
#803 = DIRECTION('',(-1.,0.,0.));
#804 = ORIENTED_EDGE('',*,*,#805,.F.);
#805 = EDGE_CURVE('',#806,#797,#808,.T.);
#806 = VERTEX_POINT('',#807);
#807 = CARTESIAN_POINT('',(5.E-02,5.E-02,0.));
#808 = LINE('',#809,#810);
#809 = CARTESIAN_POINT('',(5.E-02,0.,-6.938893903907E-18));
#810 = VECTOR('',#811,1.);
#811 = DIRECTION('',(-0.,1.,0.));
#812 = ORIENTED_EDGE('',*,*,#813,.T.);
#813 = EDGE_CURVE('',#806,#527,#814,.T.);
#814 = CIRCLE('',#815,5.E-02);
#815 = AXIS2_PLACEMENT_3D('',#816,#817,#818);
#816 = CARTESIAN_POINT('',(5.E-02,5.E-02,5.E-02));
#817 = DIRECTION('',(0.,1.,-0.));
#818 = DIRECTION('',(-1.,0.,0.));
#819 = CYLINDRICAL_SURFACE('',#820,5.E-02);
#820 = AXIS2_PLACEMENT_3D('',#821,#822,#823);
#821 = CARTESIAN_POINT('',(5.E-02,0.,5.E-02));
#822 = DIRECTION('',(-0.,1.,0.));
#823 = DIRECTION('',(-1.,-0.,0.));
#824 = ADVANCED_FACE('',(#825),#837,.T.);
#825 = FACE_BOUND('',#826,.T.);
#826 = EDGE_LOOP('',(#827,#828,#835,#836));
#827 = ORIENTED_EDGE('',*,*,#605,.T.);
#828 = ORIENTED_EDGE('',*,*,#829,.F.);
#829 = EDGE_CURVE('',#575,#606,#830,.T.);
#830 = CIRCLE('',#831,5.E-02);
#831 = AXIS2_PLACEMENT_3D('',#832,#833,#834);
#832 = CARTESIAN_POINT('',(1.202427680152,9.757231984773E-02,0.65));
#833 = DIRECTION('',(1.,0.,0.));
#834 = DIRECTION('',(0.,-1.,-2.775557561563E-16));
#835 = ORIENTED_EDGE('',*,*,#574,.F.);
#836 = ORIENTED_EDGE('',*,*,#557,.T.);
#837 = CYLINDRICAL_SURFACE('',#838,5.E-02);
#838 = AXIS2_PLACEMENT_3D('',#839,#840,#841);
#839 = CARTESIAN_POINT('',(5.255211763284E-02,9.757231984773E-02,0.65));
#840 = DIRECTION('',(1.,-0.,0.));
#841 = DIRECTION('',(-0.,-0.994521895368,0.104528463268));
#842 = ADVANCED_FACE('',(#843),#868,.T.);
#843 = FACE_BOUND('',#844,.T.);
#844 = EDGE_LOOP('',(#845,#854,#860,#867));
#845 = ORIENTED_EDGE('',*,*,#846,.T.);
#846 = EDGE_CURVE('',#575,#847,#849,.T.);
#847 = VERTEX_POINT('',#848);
#848 = CARTESIAN_POINT('',(1.252153774921,9.757231984773E-02,
    0.655226423163));
#849 = CIRCLE('',#850,5.E-02);
#850 = AXIS2_PLACEMENT_3D('',#851,#852,#853);
#851 = CARTESIAN_POINT('',(1.202427680152,9.757231984773E-02,0.65));
#852 = DIRECTION('',(5.053215498074E-16,1.,2.775557561563E-16));
#853 = DIRECTION('',(1.,-5.053215498074E-16,-1.402549048589E-31));
#854 = ORIENTED_EDGE('',*,*,#855,.T.);
#855 = EDGE_CURVE('',#847,#708,#856,.T.);
#856 = LINE('',#857,#858);
#857 = CARTESIAN_POINT('',(1.252153774921,5.255211763284E-02,
    0.655226423163));
#858 = VECTOR('',#859,1.);
#859 = DIRECTION('',(0.,1.,-0.));
#860 = ORIENTED_EDGE('',*,*,#861,.F.);
#861 = EDGE_CURVE('',#583,#708,#862,.T.);
#862 = CIRCLE('',#863,5.E-02);
#863 = AXIS2_PLACEMENT_3D('',#864,#865,#866);
#864 = CARTESIAN_POINT('',(1.202427680152,0.802427680152,0.65));
#865 = DIRECTION('',(-6.123233995737E-17,1.,0.));
#866 = DIRECTION('',(1.,6.123233995737E-17,0.));
#867 = ORIENTED_EDGE('',*,*,#582,.F.);
#868 = CYLINDRICAL_SURFACE('',#869,5.E-02);
#869 = AXIS2_PLACEMENT_3D('',#870,#871,#872);
#870 = CARTESIAN_POINT('',(1.202427680152,5.255211763284E-02,0.65));
#871 = DIRECTION('',(0.,1.,-0.));
#872 = DIRECTION('',(0.,0.,1.));
#873 = ADVANCED_FACE('',(#874),#902,.T.);
#874 = FACE_BOUND('',#875,.T.);
#875 = EDGE_LOOP('',(#876,#888,#894,#901));
#876 = ORIENTED_EDGE('',*,*,#877,.T.);
#877 = EDGE_CURVE('',#614,#878,#880,.T.);
#878 = VERTEX_POINT('',#879);
#879 = CARTESIAN_POINT('',(1.299726094768,5.E-02,0.202606034199));
#880 = ( BOUNDED_CURVE() B_SPLINE_CURVE(6,(#881,#882,#883,#884,#885,#886
,#887),.UNSPECIFIED.,.F.,.F.) B_SPLINE_CURVE_WITH_KNOTS((7,7),(0.,
1.559869909752),.PIECEWISE_BEZIER_KNOTS.) CURVE() 
GEOMETRIC_REPRESENTATION_ITEM() RATIONAL_B_SPLINE_CURVE((1.030950613501,
    1.009890100201,0.997953445068,0.994040710927,0.997953445068,
1.009890100201,1.030950613501)) REPRESENTATION_ITEM('') );
#881 = CARTESIAN_POINT('',(1.25,2.739052315865E-04,0.202606034199));
#882 = CARTESIAN_POINT('',(1.263198034154,4.181095875132E-04,
    0.203978046997));
#883 = CARTESIAN_POINT('',(1.276057240877,4.725037391257E-03,
    0.204876927733));
#884 = CARTESIAN_POINT('',(1.287155860848,1.284413915244E-02,
    0.205190087716));
#885 = CARTESIAN_POINT('',(1.295274962609,2.394275912259E-02,
    0.204876927733));
#886 = CARTESIAN_POINT('',(1.299581890412,3.680196584638E-02,
    0.203978046997));
#887 = CARTESIAN_POINT('',(1.299726094768,5.E-02,0.202606034199));
#888 = ORIENTED_EDGE('',*,*,#889,.T.);
#889 = EDGE_CURVE('',#878,#847,#890,.T.);
#890 = LINE('',#891,#892);
#891 = CARTESIAN_POINT('',(1.300537445007,4.918864976144E-02,
    0.19488655233));
#892 = VECTOR('',#893,1.);
#893 = DIRECTION('',(-0.103962051184,0.103962051184,0.989132844378));
#894 = ORIENTED_EDGE('',*,*,#895,.F.);
#895 = EDGE_CURVE('',#606,#847,#896,.T.);
#896 = CIRCLE('',#897,5.E-02);
#897 = AXIS2_PLACEMENT_3D('',#898,#899,#900);
#898 = CARTESIAN_POINT('',(1.202427680152,9.757231984773E-02,0.65));
#899 = DIRECTION('',(-0.103962051184,0.103962051184,0.989132844378));
#900 = DIRECTION('',(9.163329817152E-14,-0.994521895368,0.104528463267)
  );
#901 = ORIENTED_EDGE('',*,*,#613,.F.);
#902 = CYLINDRICAL_SURFACE('',#903,5.E-02);
#903 = AXIS2_PLACEMENT_3D('',#904,#905,#906);
#904 = CARTESIAN_POINT('',(1.250811350239,4.918864976144E-02,
    0.189660129166));
#905 = DIRECTION('',(-0.103962051184,0.103962051184,0.989132844378));
#906 = DIRECTION('',(9.1635032895E-14,-0.994521895368,0.104528463267));
#907 = ADVANCED_FACE('',(#908),#926,.T.);
#908 = FACE_BOUND('',#909,.T.);
#909 = EDGE_LOOP('',(#910,#911,#919,#925));
#910 = ORIENTED_EDGE('',*,*,#648,.T.);
#911 = ORIENTED_EDGE('',*,*,#912,.F.);
#912 = EDGE_CURVE('',#913,#637,#915,.T.);
#913 = VERTEX_POINT('',#914);
#914 = CARTESIAN_POINT('',(1.25,0.9,5.E-02));
#915 = LINE('',#916,#917);
#916 = CARTESIAN_POINT('',(1.25,0.9,0.));
#917 = VECTOR('',#918,1.);
#918 = DIRECTION('',(0.,0.,1.));
#919 = ORIENTED_EDGE('',*,*,#920,.F.);
#920 = EDGE_CURVE('',#665,#913,#921,.T.);
#921 = LINE('',#922,#923);
#922 = CARTESIAN_POINT('',(0.,0.9,5.E-02));
#923 = VECTOR('',#924,1.);
#924 = DIRECTION('',(1.,0.,-0.));
#925 = ORIENTED_EDGE('',*,*,#664,.T.);
#926 = PLANE('',#927);
#927 = AXIS2_PLACEMENT_3D('',#928,#929,#930);
#928 = CARTESIAN_POINT('',(0.,0.9,0.));
#929 = DIRECTION('',(-0.,1.,0.));
#930 = DIRECTION('',(0.,0.,1.));
#931 = ADVANCED_FACE('',(#932),#958,.F.);
#932 = FACE_BOUND('',#933,.F.);
#933 = EDGE_LOOP('',(#934,#935,#936,#948));
#934 = ORIENTED_EDGE('',*,*,#724,.F.);
#935 = ORIENTED_EDGE('',*,*,#636,.F.);
#936 = ORIENTED_EDGE('',*,*,#937,.F.);
#937 = EDGE_CURVE('',#938,#637,#940,.T.);
#938 = VERTEX_POINT('',#939);
#939 = CARTESIAN_POINT('',(1.3,0.85,0.197379611036));
#940 = ( BOUNDED_CURVE() B_SPLINE_CURVE(6,(#941,#942,#943,#944,#945,#946
,#947),.UNSPECIFIED.,.F.,.F.) B_SPLINE_CURVE_WITH_KNOTS((7,7),(0.,
1.570796326795),.PIECEWISE_BEZIER_KNOTS.) CURVE() 
GEOMETRIC_REPRESENTATION_ITEM() RATIONAL_B_SPLINE_CURVE((1.031393471788,
    1.010025407661,0.997924642725,0.993958444137,0.997924642725,
1.010025407661,1.031393471788)) REPRESENTATION_ITEM('') );
#941 = CARTESIAN_POINT('',(1.3,0.85,0.197379611036));
#942 = CARTESIAN_POINT('',(1.3,0.863366839158,0.197379611036));
#943 = CARTESIAN_POINT('',(1.295749782468,0.876385428629,0.197379611036)
  );
#944 = CARTESIAN_POINT('',(1.28759597566,0.88759597566,0.197379611036));
#945 = CARTESIAN_POINT('',(1.276385428629,0.895749782468,0.197379611036)
  );
#946 = CARTESIAN_POINT('',(1.263366839158,0.9,0.197379611036));
#947 = CARTESIAN_POINT('',(1.25,0.9,0.197379611036));
#948 = ORIENTED_EDGE('',*,*,#949,.F.);
#949 = EDGE_CURVE('',#717,#938,#950,.T.);
#950 = ( BOUNDED_CURVE() B_SPLINE_CURVE(6,(#951,#952,#953,#954,#955,#956
,#957),.UNSPECIFIED.,.F.,.F.) B_SPLINE_CURVE_WITH_KNOTS((7,7),(0.,
0.10471975512),.PIECEWISE_BEZIER_KNOTS.) CURVE() 
GEOMETRIC_REPRESENTATION_ITEM() RATIONAL_B_SPLINE_CURVE((1.000137088577,
    1.00004568784,0.999990860763,0.999972587294,0.999990860763,
1.00004568784,1.000137088577)) REPRESENTATION_ITEM('') );
#951 = CARTESIAN_POINT('',(1.299726094768,0.85,0.202606034199));
#952 = CARTESIAN_POINT('',(1.299817321398,0.85,0.2017380708));
#953 = CARTESIAN_POINT('',(1.299890358441,0.85,0.200868291855));
#954 = CARTESIAN_POINT('',(1.299945167362,0.85,0.199997126343));
#955 = CARTESIAN_POINT('',(1.299981720282,0.85,0.199125004075));
#956 = CARTESIAN_POINT('',(1.3,0.85,0.19825235542));
#957 = CARTESIAN_POINT('',(1.3,0.85,0.197379611036));
#958 = B_SPLINE_SURFACE_WITH_KNOTS('',8,8,(
    (#959,#960,#961,#962,#963,#964,#965,#966,#967)
    ,(#968,#969,#970,#971,#972,#973,#974,#975,#976)
    ,(#977,#978,#979,#980,#981,#982,#983,#984,#985)
    ,(#986,#987,#988,#989,#990,#991,#992,#993,#994)
    ,(#995,#996,#997,#998,#999,#1000,#1001,#1002,#1003)
    ,(#1004,#1005,#1006,#1007,#1008,#1009,#1010,#1011,#1012)
    ,(#1013,#1014,#1015,#1016,#1017,#1018,#1019,#1020,#1021)
    ,(#1022,#1023,#1024,#1025,#1026,#1027,#1028,#1029,#1030)
    ,(#1031,#1032,#1033,#1034,#1035,#1036,#1037,#1038,#1039
  )),.UNSPECIFIED.,.F.,.F.,.F.,(9,9),(9,9),(-3.889087296526E-02,
    3.889087296526E-02),(-4.427879780914E-03,3.626740088442E-03),
  .PIECEWISE_BEZIER_KNOTS.);
#959 = CARTESIAN_POINT('',(1.29928909982,0.844263432081,0.204415911705)
  );
#960 = CARTESIAN_POINT('',(1.299520119627,0.844506734143,0.203422641584)
  );
#961 = CARTESIAN_POINT('',(1.299666448245,0.844689702493,0.202425045299)
  );
#962 = CARTESIAN_POINT('',(1.299153868204,0.844133469637,0.201389424796)
  );
#963 = CARTESIAN_POINT('',(1.30027166652,0.845267969977,0.200436575435)
  );
#964 = CARTESIAN_POINT('',(1.299585733807,0.84459978173,0.199401264624)
  );
#965 = CARTESIAN_POINT('',(1.299809500818,0.844792482682,0.198397147303)
  );
#966 = CARTESIAN_POINT('',(1.299817520697,0.844818224059,0.197394209739)
  );
#967 = CARTESIAN_POINT('',(1.299786290937,0.844776493107,0.196382895432)
  );
#968 = CARTESIAN_POINT('',(1.300183897629,0.858907407939,0.204832460767)
  );
#969 = CARTESIAN_POINT('',(1.300480009215,0.859213696467,0.203841966343)
  );
#970 = CARTESIAN_POINT('',(1.300866441916,0.859661993495,0.20286017304)
  );
#971 = CARTESIAN_POINT('',(1.300505353452,0.859233072385,0.201815536593)
  );
#972 = CARTESIAN_POINT('',(1.30095879948,0.859769396669,0.200867970907)
  );
#973 = CARTESIAN_POINT('',(1.300489092245,0.859178662688,0.19979362912)
  );
#974 = CARTESIAN_POINT('',(1.301015369128,0.859816523386,0.19884453135)
  );
#975 = CARTESIAN_POINT('',(1.300982822619,0.85976326386,0.197829947054)
  );
#976 = CARTESIAN_POINT('',(1.30085390084,0.859612086503,0.196810304059)
  );
#977 = CARTESIAN_POINT('',(1.297963437226,0.87041254188,0.20507931541));
#978 = CARTESIAN_POINT('',(1.298196317236,0.870628884417,0.204083693191)
  );
#979 = CARTESIAN_POINT('',(1.296975450843,0.869286716091,0.203007071499)
  );
#980 = CARTESIAN_POINT('',(1.301641846113,0.874705896808,0.202260038182)
  );
#981 = CARTESIAN_POINT('',(1.294693460264,0.866488508124,0.200869258207)
  );
#982 = CARTESIAN_POINT('',(1.301589569169,0.874501778898,0.200231149819)
  );
#983 = CARTESIAN_POINT('',(1.297671234888,0.870088884076,0.199022313229)
  );
#984 = CARTESIAN_POINT('',(1.298234583888,0.870586096708,0.198032470537)
  );
#985 = CARTESIAN_POINT('',(1.298460578575,0.870869498295,0.197032323985)
  );
#986 = CARTESIAN_POINT('',(1.291814220385,0.877968984449,0.205117378008)
  );
#987 = CARTESIAN_POINT('',(1.290951297066,0.877084392535,0.20406419651)
  );
#988 = CARTESIAN_POINT('',(1.292204781252,0.878304887886,0.203108761316)
  );
#989 = CARTESIAN_POINT('',(1.285749750654,0.871531477507,0.201838283717)
  );
#990 = CARTESIAN_POINT('',(1.302750814994,0.889516769782,0.201538080037)
  );
#991 = CARTESIAN_POINT('',(1.288737870859,0.874668295619,0.20001088396)
  );
#992 = CARTESIAN_POINT('',(1.293275937255,0.879316150284,0.199077388337)
  );
#993 = CARTESIAN_POINT('',(1.291140300064,0.877330654472,0.197952615726)
  );
#994 = CARTESIAN_POINT('',(1.291626798313,0.877781787281,0.197002102125)
  );
#995 = CARTESIAN_POINT('',(1.28723613388,0.887236133878,0.205243913422)
  );
#996 = CARTESIAN_POINT('',(1.288516442437,0.888516442435,0.204304566769)
  );
#997 = CARTESIAN_POINT('',(1.288727527511,0.888727527549,0.203329802416)
  );
#998 = CARTESIAN_POINT('',(1.294715347531,0.89471534747,0.202484763989)
  );
#999 = CARTESIAN_POINT('',(1.276474365799,0.876474365861,0.200835218508)
  );
#1000 = CARTESIAN_POINT('',(1.292009596646,0.892009596598,0.200256248785
    ));
#1001 = CARTESIAN_POINT('',(1.287375611118,0.887375611141,0.199213361118
    ));
#1002 = CARTESIAN_POINT('',(1.289151840141,0.889151840147,0.198313271175
    ));
#1003 = CARTESIAN_POINT('',(1.288560884962,0.888560884963,0.19723269771)
  );
#1004 = CARTESIAN_POINT('',(1.277968984448,0.891814220387,0.205117378007
    ));
#1005 = CARTESIAN_POINT('',(1.277084392535,0.890951297066,0.20406419651)
  );
#1006 = CARTESIAN_POINT('',(1.278304887908,0.892204781223,0.203108761315
    ));
#1007 = CARTESIAN_POINT('',(1.271531477461,0.885749750691,0.201838283716
    ));
#1008 = CARTESIAN_POINT('',(1.289516769826,0.90275081499,0.201538080043)
  );
#1009 = CARTESIAN_POINT('',(1.274668295569,0.888737870882,0.200010883956
    ));
#1010 = CARTESIAN_POINT('',(1.27931615031,0.893275937244,0.199077388339)
  );
#1011 = CARTESIAN_POINT('',(1.277330654482,0.891140300062,0.197952615728
    ));
#1012 = CARTESIAN_POINT('',(1.277781787284,0.891626798313,0.197002102125
    ));
#1013 = CARTESIAN_POINT('',(1.27041254188,0.897963437226,0.20507931541)
  );
#1014 = CARTESIAN_POINT('',(1.270628884418,0.898196317235,0.204083693191
    ));
#1015 = CARTESIAN_POINT('',(1.269286716086,0.896975450848,0.2030070715)
  );
#1016 = CARTESIAN_POINT('',(1.274705896825,0.901641846152,0.20226003819)
  );
#1017 = CARTESIAN_POINT('',(1.266488508106,0.894693460241,0.200869258201
    ));
#1018 = CARTESIAN_POINT('',(1.274501778915,0.901589569176,0.200231149823
    ));
#1019 = CARTESIAN_POINT('',(1.270088884061,0.897671234888,0.199022313227
    ));
#1020 = CARTESIAN_POINT('',(1.270586096701,0.898234583887,0.198032470536
    ));
#1021 = CARTESIAN_POINT('',(1.270869498292,0.898460578574,0.197032323984
    ));
#1022 = CARTESIAN_POINT('',(1.258907407939,0.900183897629,0.204832460767
    ));
#1023 = CARTESIAN_POINT('',(1.259213696467,0.900480009212,0.203841966343
    ));
#1024 = CARTESIAN_POINT('',(1.259661993496,0.90086644191,0.20286017304)
  );
#1025 = CARTESIAN_POINT('',(1.259233072376,0.900505353446,0.20181553659)
  );
#1026 = CARTESIAN_POINT('',(1.259769396686,0.900958799489,0.200867970911
    ));
#1027 = CARTESIAN_POINT('',(1.259178662674,0.900489092237,0.199793629116
    ));
#1028 = CARTESIAN_POINT('',(1.259816523393,0.90101536913,0.198844531351)
  );
#1029 = CARTESIAN_POINT('',(1.259763263863,0.900982822619,0.197829947054
    ));
#1030 = CARTESIAN_POINT('',(1.259612086505,0.90085390084,0.19681030406)
  );
#1031 = CARTESIAN_POINT('',(1.244263432082,0.899289099826,0.204415911706
    ));
#1032 = CARTESIAN_POINT('',(1.244506734143,0.899520119629,0.203422641584
    ));
#1033 = CARTESIAN_POINT('',(1.244689702492,0.899666448241,0.202425045298
    ));
#1034 = CARTESIAN_POINT('',(1.244133469642,0.899153868219,0.201389424798
    ));
#1035 = CARTESIAN_POINT('',(1.245267969971,0.900271666501,0.200436575432
    ));
#1036 = CARTESIAN_POINT('',(1.244599781735,0.89958573382,0.199401264626)
  );
#1037 = CARTESIAN_POINT('',(1.24479248268,0.899809500814,0.198397147302)
  );
#1038 = CARTESIAN_POINT('',(1.244818224059,0.899817520697,0.197394209739
    ));
#1039 = CARTESIAN_POINT('',(1.244776493106,0.899786290936,0.196382895432
    ));
#1040 = ADVANCED_FACE('',(#1041),#1052,.T.);
#1041 = FACE_BOUND('',#1042,.T.);
#1042 = EDGE_LOOP('',(#1043,#1044,#1051));
#1043 = ORIENTED_EDGE('',*,*,#672,.T.);
#1044 = ORIENTED_EDGE('',*,*,#1045,.F.);
#1045 = EDGE_CURVE('',#797,#665,#1046,.T.);
#1046 = CIRCLE('',#1047,5.E-02);
#1047 = AXIS2_PLACEMENT_3D('',#1048,#1049,#1050);
#1048 = CARTESIAN_POINT('',(5.E-02,0.85,5.E-02));
#1049 = DIRECTION('',(1.,6.123233995737E-17,-0.));
#1050 = DIRECTION('',(-6.123233995737E-17,1.,0.));
#1051 = ORIENTED_EDGE('',*,*,#796,.T.);
#1052 = SPHERICAL_SURFACE('',#1053,5.E-02);
#1053 = AXIS2_PLACEMENT_3D('',#1054,#1055,#1056);
#1054 = CARTESIAN_POINT('',(5.E-02,0.85,5.E-02));
#1055 = DIRECTION('',(0.,0.,1.));
#1056 = DIRECTION('',(-1.,0.,0.));
#1057 = ADVANCED_FACE('',(#1058),#1063,.T.);
#1058 = FACE_BOUND('',#1059,.T.);
#1059 = EDGE_LOOP('',(#1060,#1061,#1062));
#1060 = ORIENTED_EDGE('',*,*,#690,.F.);
#1061 = ORIENTED_EDGE('',*,*,#861,.T.);
#1062 = ORIENTED_EDGE('',*,*,#707,.F.);
#1063 = SPHERICAL_SURFACE('',#1064,5.E-02);
#1064 = AXIS2_PLACEMENT_3D('',#1065,#1066,#1067);
#1065 = CARTESIAN_POINT('',(1.202427680152,0.802427680152,0.65));
#1066 = DIRECTION('',(0.,0.,-1.));
#1067 = DIRECTION('',(0.,1.,0.));
#1068 = ADVANCED_FACE('',(#1069),#1080,.F.);
#1069 = FACE_BOUND('',#1070,.F.);
#1070 = EDGE_LOOP('',(#1071,#1072,#1078,#1079));
#1071 = ORIENTED_EDGE('',*,*,#716,.F.);
#1072 = ORIENTED_EDGE('',*,*,#1073,.F.);
#1073 = EDGE_CURVE('',#878,#717,#1074,.T.);
#1074 = LINE('',#1075,#1076);
#1075 = CARTESIAN_POINT('',(1.299726094768,0.,0.202606034199));
#1076 = VECTOR('',#1077,1.);
#1077 = DIRECTION('',(-0.,1.,0.));
#1078 = ORIENTED_EDGE('',*,*,#889,.T.);
#1079 = ORIENTED_EDGE('',*,*,#855,.T.);
#1080 = PLANE('',#1081);
#1081 = AXIS2_PLACEMENT_3D('',#1082,#1083,#1084);
#1082 = CARTESIAN_POINT('',(1.3,0.,0.2));
#1083 = DIRECTION('',(-0.994521895368,0.,-0.104528463268));
#1084 = DIRECTION('',(0.,1.,0.));
#1085 = ADVANCED_FACE('',(#1086),#1104,.F.);
#1086 = FACE_BOUND('',#1087,.F.);
#1087 = EDGE_LOOP('',(#1088,#1089,#1097,#1103));
#1088 = ORIENTED_EDGE('',*,*,#743,.T.);
#1089 = ORIENTED_EDGE('',*,*,#1090,.F.);
#1090 = EDGE_CURVE('',#1091,#744,#1093,.T.);
#1091 = VERTEX_POINT('',#1092);
#1092 = CARTESIAN_POINT('',(1.25,-6.938893903907E-18,5.E-02));
#1093 = LINE('',#1094,#1095);
#1094 = CARTESIAN_POINT('',(1.25,-6.938893903907E-18,0.));
#1095 = VECTOR('',#1096,1.);
#1096 = DIRECTION('',(0.,0.,1.));
#1097 = ORIENTED_EDGE('',*,*,#1098,.F.);
#1098 = EDGE_CURVE('',#772,#1091,#1099,.T.);
#1099 = LINE('',#1100,#1101);
#1100 = CARTESIAN_POINT('',(0.,-6.938893903907E-18,5.E-02));
#1101 = VECTOR('',#1102,1.);
#1102 = DIRECTION('',(1.,0.,-0.));
#1103 = ORIENTED_EDGE('',*,*,#780,.T.);
#1104 = PLANE('',#1105);
#1105 = AXIS2_PLACEMENT_3D('',#1106,#1107,#1108);
#1106 = CARTESIAN_POINT('',(0.,0.,0.));
#1107 = DIRECTION('',(-0.,1.,0.));
#1108 = DIRECTION('',(0.,0.,1.));
#1109 = ADVANCED_FACE('',(#1110),#1136,.T.);
#1110 = FACE_BOUND('',#1111,.T.);
#1111 = EDGE_LOOP('',(#1112,#1113,#1114,#1126));
#1112 = ORIENTED_EDGE('',*,*,#877,.F.);
#1113 = ORIENTED_EDGE('',*,*,#751,.F.);
#1114 = ORIENTED_EDGE('',*,*,#1115,.F.);
#1115 = EDGE_CURVE('',#1116,#744,#1118,.T.);
#1116 = VERTEX_POINT('',#1117);
#1117 = CARTESIAN_POINT('',(1.3,5.E-02,0.197379611036));
#1118 = ( BOUNDED_CURVE() B_SPLINE_CURVE(6,(#1119,#1120,#1121,#1122,
#1123,#1124,#1125),.UNSPECIFIED.,.F.,.F.) B_SPLINE_CURVE_WITH_KNOTS((7,7
),(0.,1.570796326795),.PIECEWISE_BEZIER_KNOTS.) CURVE() 
GEOMETRIC_REPRESENTATION_ITEM() RATIONAL_B_SPLINE_CURVE((1.031393471788,
    1.010025407661,0.997924642725,0.993958444137,0.997924642725,
1.010025407661,1.031393471788)) REPRESENTATION_ITEM('') );
#1119 = CARTESIAN_POINT('',(1.3,5.E-02,0.197379611036));
#1120 = CARTESIAN_POINT('',(1.3,3.663316084235E-02,0.197379611036));
#1121 = CARTESIAN_POINT('',(1.295749782468,2.361457137089E-02,
    0.197379611036));
#1122 = CARTESIAN_POINT('',(1.28759597566,1.240402433989E-02,
    0.197379611036));
#1123 = CARTESIAN_POINT('',(1.276385428629,4.250217531684E-03,
    0.197379611036));
#1124 = CARTESIAN_POINT('',(1.263366839158,6.245004513517E-17,
    0.197379611036));
#1125 = CARTESIAN_POINT('',(1.25,-6.938893903907E-18,0.197379611036));
#1126 = ORIENTED_EDGE('',*,*,#1127,.F.);
#1127 = EDGE_CURVE('',#878,#1116,#1128,.T.);
#1128 = ( BOUNDED_CURVE() B_SPLINE_CURVE(6,(#1129,#1130,#1131,#1132,
#1133,#1134,#1135),.UNSPECIFIED.,.F.,.F.) B_SPLINE_CURVE_WITH_KNOTS((7,7
),(0.,0.10471975512),.PIECEWISE_BEZIER_KNOTS.) CURVE() 
GEOMETRIC_REPRESENTATION_ITEM() RATIONAL_B_SPLINE_CURVE((1.000137088577,
    1.00004568784,0.999990860763,0.999972587294,0.999990860763,
1.00004568784,1.000137088577)) REPRESENTATION_ITEM('') );
#1129 = CARTESIAN_POINT('',(1.299726094768,5.E-02,0.202606034199));
#1130 = CARTESIAN_POINT('',(1.299817321398,5.E-02,0.2017380708));
#1131 = CARTESIAN_POINT('',(1.299890358441,5.E-02,0.200868291855));
#1132 = CARTESIAN_POINT('',(1.299945167362,5.E-02,0.199997126343));
#1133 = CARTESIAN_POINT('',(1.299981720282,5.E-02,0.199125004075));
#1134 = CARTESIAN_POINT('',(1.3,5.E-02,0.19825235542));
#1135 = CARTESIAN_POINT('',(1.3,5.E-02,0.197379611036));
#1136 = B_SPLINE_SURFACE_WITH_KNOTS('',8,8,(
    (#1137,#1138,#1139,#1140,#1141,#1142,#1143,#1144,#1145)
    ,(#1146,#1147,#1148,#1149,#1150,#1151,#1152,#1153,#1154)
    ,(#1155,#1156,#1157,#1158,#1159,#1160,#1161,#1162,#1163)
    ,(#1164,#1165,#1166,#1167,#1168,#1169,#1170,#1171,#1172)
    ,(#1173,#1174,#1175,#1176,#1177,#1178,#1179,#1180,#1181)
    ,(#1182,#1183,#1184,#1185,#1186,#1187,#1188,#1189,#1190)
    ,(#1191,#1192,#1193,#1194,#1195,#1196,#1197,#1198,#1199)
    ,(#1200,#1201,#1202,#1203,#1204,#1205,#1206,#1207,#1208)
    ,(#1209,#1210,#1211,#1212,#1213,#1214,#1215,#1216,#1217
  )),.UNSPECIFIED.,.F.,.F.,.F.,(9,9),(9,9),(-3.889087296526E-02,
    3.889087296526E-02),(-3.626740088442E-03,4.427879780914E-03),
  .PIECEWISE_BEZIER_KNOTS.);
#1137 = CARTESIAN_POINT('',(1.244776493106,2.137090669059E-04,
    0.196382895431));
#1138 = CARTESIAN_POINT('',(1.244818224059,1.824793033123E-04,
    0.197394209739));
#1139 = CARTESIAN_POINT('',(1.244792482681,1.90499187348E-04,
    0.198397147302));
#1140 = CARTESIAN_POINT('',(1.244599781732,4.142661821771E-04,
    0.199401264625));
#1141 = CARTESIAN_POINT('',(1.245267969975,-2.716665078251E-04,
    0.200436575434));
#1142 = CARTESIAN_POINT('',(1.244133469638,8.461317900263E-04,
    0.201389424796));
#1143 = CARTESIAN_POINT('',(1.244689702493,3.335517560684E-04,
    0.202425045299));
#1144 = CARTESIAN_POINT('',(1.244506734143,4.798803728814E-04,
    0.203422641584));
#1145 = CARTESIAN_POINT('',(1.24426343208,7.109001800825E-04,
    0.204415911704));
#1146 = CARTESIAN_POINT('',(1.259612086504,-8.539008454968E-04,
    0.19681030406));
#1147 = CARTESIAN_POINT('',(1.259763263861,-9.82822627822E-04,
    0.197829947055));
#1148 = CARTESIAN_POINT('',(1.25981652339,-1.015369142866E-03,
    0.198844531353));
#1149 = CARTESIAN_POINT('',(1.25917866268,-4.890922130938E-04,
    0.199793629114));
#1150 = CARTESIAN_POINT('',(1.259769396678,-9.587995187942E-04,
    0.200867970914));
#1151 = CARTESIAN_POINT('',(1.25923307238,-5.053534310785E-04,
    0.201815536589));
#1152 = CARTESIAN_POINT('',(1.259661993497,-8.664419220836E-04,
    0.202860173042));
#1153 = CARTESIAN_POINT('',(1.259213696468,-4.8000921554E-04,
    0.203841966343));
#1154 = CARTESIAN_POINT('',(1.258907407939,-1.838976297347E-04,
    0.204832460767));
#1155 = CARTESIAN_POINT('',(1.270869498293,1.53942143416E-03,
    0.197032323983));
#1156 = CARTESIAN_POINT('',(1.270586096702,1.765416131539E-03,
    0.198032470534));
#1157 = CARTESIAN_POINT('',(1.270088884059,2.328765159908E-03,
    0.19902231322));
#1158 = CARTESIAN_POINT('',(1.274501778921,-1.589569221368E-03,
    0.200231149829));
#1159 = CARTESIAN_POINT('',(1.266488508106,5.30653977581E-03,
    0.200869258199));
#1160 = CARTESIAN_POINT('',(1.274705896815,-1.641846127337E-03,
    0.202260038185));
#1161 = CARTESIAN_POINT('',(1.269286716087,3.02454915885E-03,
    0.203007071498));
#1162 = CARTESIAN_POINT('',(1.270628884418,1.803682764533E-03,
    0.204083693191));
#1163 = CARTESIAN_POINT('',(1.27041254188,2.036562773776E-03,
    0.20507931541));
#1164 = CARTESIAN_POINT('',(1.277781787284,8.373201678651E-03,
    0.197002102126));
#1165 = CARTESIAN_POINT('',(1.277330654486,8.859699909217E-03,
    0.197952615731));
#1166 = CARTESIAN_POINT('',(1.279316150333,6.724062665256E-03,
    0.199077388352));
#1167 = CARTESIAN_POINT('',(1.274668295516,1.12621292887E-02,
    0.200010883929));
#1168 = CARTESIAN_POINT('',(1.289516769865,-2.750815085237E-03,
    0.20153808006));
#1169 = CARTESIAN_POINT('',(1.271531477444,1.425024939064E-02,
    0.201838283701));
#1170 = CARTESIAN_POINT('',(1.278304887913,7.795218736832E-03,
    0.203108761322));
#1171 = CARTESIAN_POINT('',(1.277084392535,9.048702934269E-03,
    0.20406419651));
#1172 = CARTESIAN_POINT('',(1.277968984448,8.185779616459E-03,
    0.205117378007));
#1173 = CARTESIAN_POINT('',(1.288560884959,1.143911504401E-02,
    0.197232697709));
#1174 = CARTESIAN_POINT('',(1.289151840128,1.084815988083E-02,
    0.198313271171));
#1175 = CARTESIAN_POINT('',(1.287375611063,1.262438895745E-02,
    0.199213361101));
#1176 = CARTESIAN_POINT('',(1.292009596761,7.990403210417E-03,
    0.20025624882));
#1177 = CARTESIAN_POINT('',(1.276474365702,2.352563431441E-02,
    0.200835218474));
#1178 = CARTESIAN_POINT('',(1.294715347574,5.284652415126E-03,
    0.202484764012));
#1179 = CARTESIAN_POINT('',(1.288727527502,1.127247250689E-02,
    0.203329802406));
#1180 = CARTESIAN_POINT('',(1.288516442437,1.148355756358E-02,
    0.204304566769));
#1181 = CARTESIAN_POINT('',(1.287236133879,1.276386611949E-02,
    0.205243913422));
#1182 = CARTESIAN_POINT('',(1.291626798318,2.221821271406E-02,
    0.197002102126));
#1183 = CARTESIAN_POINT('',(1.291140300081,2.26693455076E-02,
    0.19795261573));
#1184 = CARTESIAN_POINT('',(1.293275937321,2.068384964952E-02,
    0.199077388351));
#1185 = CARTESIAN_POINT('',(1.288737870725,2.533170451487E-02,
    0.20001088393));
#1186 = CARTESIAN_POINT('',(1.302750815111,1.048323010903E-02,
    0.201538080067));
#1187 = CARTESIAN_POINT('',(1.285749750594,2.846852258031E-02,
    0.201838283695));
#1188 = CARTESIAN_POINT('',(1.292204781267,2.169511207637E-02,
    0.203108761325));
#1189 = CARTESIAN_POINT('',(1.290951297065,2.291560746523E-02,
    0.204064196509));
#1190 = CARTESIAN_POINT('',(1.291814220385,2.203101555217E-02,
    0.205117378007));
#1191 = CARTESIAN_POINT('',(1.298460578569,2.913050170825E-02,
    0.197032323984));
#1192 = CARTESIAN_POINT('',(1.298234583875,2.94139033014E-02,
    0.198032470535));
#1193 = CARTESIAN_POINT('',(1.297671234846,2.991111594936E-02,
    0.199022313222));
#1194 = CARTESIAN_POINT('',(1.301589569232,2.549822106416E-02,
    0.20023114983));
#1195 = CARTESIAN_POINT('',(1.294693460196,3.351149191237E-02,
    0.200869258193));
#1196 = CARTESIAN_POINT('',(1.301641846163,2.529410316357E-02,
    0.202260038194));
#1197 = CARTESIAN_POINT('',(1.296975450832,3.071328392038E-02,
    0.203007071496));
#1198 = CARTESIAN_POINT('',(1.298196317236,2.937111558224E-02,
    0.204083693191));
#1199 = CARTESIAN_POINT('',(1.297963437226,2.958745812025E-02,
    0.20507931541));
#1200 = CARTESIAN_POINT('',(1.300853900844,4.038791349481E-02,
    0.19681030406));
#1201 = CARTESIAN_POINT('',(1.300982822625,4.023673613727E-02,
    0.197829947054));
#1202 = CARTESIAN_POINT('',(1.301015369142,4.018347660639E-02,
    0.198844531352));
#1203 = CARTESIAN_POINT('',(1.300489092215,4.082133732788E-02,
    0.199793629115));
#1204 = CARTESIAN_POINT('',(1.300958799516,4.023060331141E-02,
    0.200867970913));
#1205 = CARTESIAN_POINT('',(1.300505353431,4.076692762667E-02,
    0.201815536589));
#1206 = CARTESIAN_POINT('',(1.30086644192,4.033800650239E-02,
    0.202860173041));
#1207 = CARTESIAN_POINT('',(1.300480009214,4.078630353265E-02,
    0.203841966343));
#1208 = CARTESIAN_POINT('',(1.300183897629,4.109259206154E-02,
    0.204832460767));
#1209 = CARTESIAN_POINT('',(1.299786290934,5.522350689413E-02,
    0.196382895432));
#1210 = CARTESIAN_POINT('',(1.299817520697,5.518177594089E-02,
    0.197394209739));
#1211 = CARTESIAN_POINT('',(1.299809500814,5.520751732033E-02,
    0.198397147303));
#1212 = CARTESIAN_POINT('',(1.299585733817,5.540021826478E-02,
    0.199401264625));
#1213 = CARTESIAN_POINT('',(1.300271666506,5.47320300293E-02,
    0.200436575434));
#1214 = CARTESIAN_POINT('',(1.299153868212,5.586653035985E-02,
    0.201389424797));
#1215 = CARTESIAN_POINT('',(1.299666448244,5.531029750677E-02,
    0.202425045299));
#1216 = CARTESIAN_POINT('',(1.299520119628,5.549326585681E-02,
    0.203422641584));
#1217 = CARTESIAN_POINT('',(1.299289099822,5.573656792003E-02,
    0.204415911705));
#1218 = ADVANCED_FACE('',(#1219),#1230,.T.);
#1219 = FACE_BOUND('',#1220,.T.);
#1220 = EDGE_LOOP('',(#1221,#1222,#1229));
#1221 = ORIENTED_EDGE('',*,*,#813,.F.);
#1222 = ORIENTED_EDGE('',*,*,#1223,.T.);
#1223 = EDGE_CURVE('',#806,#772,#1224,.T.);
#1224 = CIRCLE('',#1225,5.E-02);
#1225 = AXIS2_PLACEMENT_3D('',#1226,#1227,#1228);
#1226 = CARTESIAN_POINT('',(5.E-02,5.E-02,5.E-02));
#1227 = DIRECTION('',(-1.,6.123233995737E-17,0.));
#1228 = DIRECTION('',(-6.123233995737E-17,-1.,0.));
#1229 = ORIENTED_EDGE('',*,*,#771,.F.);
#1230 = SPHERICAL_SURFACE('',#1231,5.E-02);
#1231 = AXIS2_PLACEMENT_3D('',#1232,#1233,#1234);
#1232 = CARTESIAN_POINT('',(5.E-02,5.E-02,5.E-02));
#1233 = DIRECTION('',(0.,0.,1.));
#1234 = DIRECTION('',(-1.,0.,0.));
#1235 = ADVANCED_FACE('',(#1236),#1261,.F.);
#1236 = FACE_BOUND('',#1237,.F.);
#1237 = EDGE_LOOP('',(#1238,#1239,#1247,#1255));
#1238 = ORIENTED_EDGE('',*,*,#805,.F.);
#1239 = ORIENTED_EDGE('',*,*,#1240,.T.);
#1240 = EDGE_CURVE('',#806,#1241,#1243,.T.);
#1241 = VERTEX_POINT('',#1242);
#1242 = CARTESIAN_POINT('',(1.25,5.E-02,-6.938893903907E-18));
#1243 = LINE('',#1244,#1245);
#1244 = CARTESIAN_POINT('',(0.,5.E-02,-6.938893903907E-18));
#1245 = VECTOR('',#1246,1.);
#1246 = DIRECTION('',(1.,0.,-0.));
#1247 = ORIENTED_EDGE('',*,*,#1248,.T.);
#1248 = EDGE_CURVE('',#1241,#1249,#1251,.T.);
#1249 = VERTEX_POINT('',#1250);
#1250 = CARTESIAN_POINT('',(1.25,0.85,-6.938893903907E-18));
#1251 = LINE('',#1252,#1253);
#1252 = CARTESIAN_POINT('',(1.25,0.,-6.938893903907E-18));
#1253 = VECTOR('',#1254,1.);
#1254 = DIRECTION('',(-0.,1.,0.));
#1255 = ORIENTED_EDGE('',*,*,#1256,.F.);
#1256 = EDGE_CURVE('',#797,#1249,#1257,.T.);
#1257 = LINE('',#1258,#1259);
#1258 = CARTESIAN_POINT('',(0.,0.85,-6.938893903907E-18));
#1259 = VECTOR('',#1260,1.);
#1260 = DIRECTION('',(1.,0.,-0.));
#1261 = PLANE('',#1262);
#1262 = AXIS2_PLACEMENT_3D('',#1263,#1264,#1265);
#1263 = CARTESIAN_POINT('',(0.,0.,0.));
#1264 = DIRECTION('',(0.,0.,1.));
#1265 = DIRECTION('',(1.,0.,-0.));
#1266 = ADVANCED_FACE('',(#1267),#1272,.T.);
#1267 = FACE_BOUND('',#1268,.T.);
#1268 = EDGE_LOOP('',(#1269,#1270,#1271));
#1269 = ORIENTED_EDGE('',*,*,#895,.T.);
#1270 = ORIENTED_EDGE('',*,*,#846,.F.);
#1271 = ORIENTED_EDGE('',*,*,#829,.T.);
#1272 = SPHERICAL_SURFACE('',#1273,5.E-02);
#1273 = AXIS2_PLACEMENT_3D('',#1274,#1275,#1276);
#1274 = CARTESIAN_POINT('',(1.202427680152,9.757231984773E-02,0.65));
#1275 = DIRECTION('',(0.,2.775557561563E-16,-1.));
#1276 = DIRECTION('',(0.,-1.,-2.775557561563E-16));
#1277 = ADVANCED_FACE('',(#1278),#1297,.T.);
#1278 = FACE_BOUND('',#1279,.T.);
#1279 = EDGE_LOOP('',(#1280,#1281,#1282,#1290));
#1280 = ORIENTED_EDGE('',*,*,#912,.T.);
#1281 = ORIENTED_EDGE('',*,*,#937,.F.);
#1282 = ORIENTED_EDGE('',*,*,#1283,.F.);
#1283 = EDGE_CURVE('',#1284,#938,#1286,.T.);
#1284 = VERTEX_POINT('',#1285);
#1285 = CARTESIAN_POINT('',(1.3,0.85,5.E-02));
#1286 = LINE('',#1287,#1288);
#1287 = CARTESIAN_POINT('',(1.3,0.85,0.));
#1288 = VECTOR('',#1289,1.);
#1289 = DIRECTION('',(0.,0.,1.));
#1290 = ORIENTED_EDGE('',*,*,#1291,.T.);
#1291 = EDGE_CURVE('',#1284,#913,#1292,.T.);
#1292 = CIRCLE('',#1293,5.E-02);
#1293 = AXIS2_PLACEMENT_3D('',#1294,#1295,#1296);
#1294 = CARTESIAN_POINT('',(1.25,0.85,5.E-02));
#1295 = DIRECTION('',(0.,-0.,1.));
#1296 = DIRECTION('',(0.,1.,0.));
#1297 = CYLINDRICAL_SURFACE('',#1298,5.E-02);
#1298 = AXIS2_PLACEMENT_3D('',#1299,#1300,#1301);
#1299 = CARTESIAN_POINT('',(1.25,0.85,0.));
#1300 = DIRECTION('',(0.,0.,1.));
#1301 = DIRECTION('',(-0.,1.,0.));
#1302 = ADVANCED_FACE('',(#1303),#1315,.T.);
#1303 = FACE_BOUND('',#1304,.T.);
#1304 = EDGE_LOOP('',(#1305,#1306,#1313,#1314));
#1305 = ORIENTED_EDGE('',*,*,#920,.T.);
#1306 = ORIENTED_EDGE('',*,*,#1307,.T.);
#1307 = EDGE_CURVE('',#913,#1249,#1308,.T.);
#1308 = CIRCLE('',#1309,5.E-02);
#1309 = AXIS2_PLACEMENT_3D('',#1310,#1311,#1312);
#1310 = CARTESIAN_POINT('',(1.25,0.85,5.E-02));
#1311 = DIRECTION('',(-1.,0.,0.));
#1312 = DIRECTION('',(0.,1.,0.));
#1313 = ORIENTED_EDGE('',*,*,#1256,.F.);
#1314 = ORIENTED_EDGE('',*,*,#1045,.T.);
#1315 = CYLINDRICAL_SURFACE('',#1316,5.E-02);
#1316 = AXIS2_PLACEMENT_3D('',#1317,#1318,#1319);
#1317 = CARTESIAN_POINT('',(0.,0.85,5.E-02));
#1318 = DIRECTION('',(1.,0.,-0.));
#1319 = DIRECTION('',(0.,1.,0.));
#1320 = ADVANCED_FACE('',(#1321),#1332,.T.);
#1321 = FACE_BOUND('',#1322,.T.);
#1322 = EDGE_LOOP('',(#1323,#1324,#1330,#1331));
#1323 = ORIENTED_EDGE('',*,*,#1127,.T.);
#1324 = ORIENTED_EDGE('',*,*,#1325,.T.);
#1325 = EDGE_CURVE('',#1116,#938,#1326,.T.);
#1326 = LINE('',#1327,#1328);
#1327 = CARTESIAN_POINT('',(1.3,0.,0.197379611036));
#1328 = VECTOR('',#1329,1.);
#1329 = DIRECTION('',(-0.,1.,0.));
#1330 = ORIENTED_EDGE('',*,*,#949,.F.);
#1331 = ORIENTED_EDGE('',*,*,#1073,.F.);
#1332 = CYLINDRICAL_SURFACE('',#1333,5.E-02);
#1333 = AXIS2_PLACEMENT_3D('',#1334,#1335,#1336);
#1334 = CARTESIAN_POINT('',(1.25,0.,0.197379611036));
#1335 = DIRECTION('',(-0.,1.,0.));
#1336 = DIRECTION('',(0.994521895368,0.,0.104528463268));
#1337 = ADVANCED_FACE('',(#1338),#1357,.T.);
#1338 = FACE_BOUND('',#1339,.T.);
#1339 = EDGE_LOOP('',(#1340,#1349,#1355,#1356));
#1340 = ORIENTED_EDGE('',*,*,#1341,.F.);
#1341 = EDGE_CURVE('',#1342,#1091,#1344,.T.);
#1342 = VERTEX_POINT('',#1343);
#1343 = CARTESIAN_POINT('',(1.3,5.E-02,5.E-02));
#1344 = CIRCLE('',#1345,5.E-02);
#1345 = AXIS2_PLACEMENT_3D('',#1346,#1347,#1348);
#1346 = CARTESIAN_POINT('',(1.25,5.E-02,5.E-02));
#1347 = DIRECTION('',(0.,-0.,-1.));
#1348 = DIRECTION('',(0.,-1.,0.));
#1349 = ORIENTED_EDGE('',*,*,#1350,.T.);
#1350 = EDGE_CURVE('',#1342,#1116,#1351,.T.);
#1351 = LINE('',#1352,#1353);
#1352 = CARTESIAN_POINT('',(1.3,5.E-02,0.));
#1353 = VECTOR('',#1354,1.);
#1354 = DIRECTION('',(0.,0.,1.));
#1355 = ORIENTED_EDGE('',*,*,#1115,.T.);
#1356 = ORIENTED_EDGE('',*,*,#1090,.F.);
#1357 = CYLINDRICAL_SURFACE('',#1358,5.E-02);
#1358 = AXIS2_PLACEMENT_3D('',#1359,#1360,#1361);
#1359 = CARTESIAN_POINT('',(1.25,5.E-02,0.));
#1360 = DIRECTION('',(0.,0.,1.));
#1361 = DIRECTION('',(0.,-1.,0.));
#1362 = ADVANCED_FACE('',(#1363),#1375,.T.);
#1363 = FACE_BOUND('',#1364,.T.);
#1364 = EDGE_LOOP('',(#1365,#1366,#1367,#1374));
#1365 = ORIENTED_EDGE('',*,*,#1223,.F.);
#1366 = ORIENTED_EDGE('',*,*,#1240,.T.);
#1367 = ORIENTED_EDGE('',*,*,#1368,.F.);
#1368 = EDGE_CURVE('',#1091,#1241,#1369,.T.);
#1369 = CIRCLE('',#1370,5.E-02);
#1370 = AXIS2_PLACEMENT_3D('',#1371,#1372,#1373);
#1371 = CARTESIAN_POINT('',(1.25,5.E-02,5.E-02));
#1372 = DIRECTION('',(1.,0.,0.));
#1373 = DIRECTION('',(0.,-1.,0.));
#1374 = ORIENTED_EDGE('',*,*,#1098,.F.);
#1375 = CYLINDRICAL_SURFACE('',#1376,5.E-02);
#1376 = AXIS2_PLACEMENT_3D('',#1377,#1378,#1379);
#1377 = CARTESIAN_POINT('',(0.,5.E-02,5.E-02));
#1378 = DIRECTION('',(1.,0.,-0.));
#1379 = DIRECTION('',(0.,-1.,0.));
#1380 = ADVANCED_FACE('',(#1381),#1404,.T.);
#1381 = FACE_BOUND('',#1382,.T.);
#1382 = EDGE_LOOP('',(#1383,#1384,#1391,#1397));
#1383 = ORIENTED_EDGE('',*,*,#1248,.T.);
#1384 = ORIENTED_EDGE('',*,*,#1385,.F.);
#1385 = EDGE_CURVE('',#1284,#1249,#1386,.T.);
#1386 = CIRCLE('',#1387,5.E-02);
#1387 = AXIS2_PLACEMENT_3D('',#1388,#1389,#1390);
#1388 = CARTESIAN_POINT('',(1.25,0.85,5.E-02));
#1389 = DIRECTION('',(0.,1.,6.123233995737E-17));
#1390 = DIRECTION('',(0.,6.123233995737E-17,-1.));
#1391 = ORIENTED_EDGE('',*,*,#1392,.F.);
#1392 = EDGE_CURVE('',#1342,#1284,#1393,.T.);
#1393 = LINE('',#1394,#1395);
#1394 = CARTESIAN_POINT('',(1.3,0.,5.E-02));
#1395 = VECTOR('',#1396,1.);
#1396 = DIRECTION('',(-0.,1.,0.));
#1397 = ORIENTED_EDGE('',*,*,#1398,.T.);
#1398 = EDGE_CURVE('',#1342,#1241,#1399,.T.);
#1399 = CIRCLE('',#1400,5.E-02);
#1400 = AXIS2_PLACEMENT_3D('',#1401,#1402,#1403);
#1401 = CARTESIAN_POINT('',(1.25,5.E-02,5.E-02));
#1402 = DIRECTION('',(-0.,1.,-6.123233995737E-17));
#1403 = DIRECTION('',(0.,-6.123233995737E-17,-1.));
#1404 = CYLINDRICAL_SURFACE('',#1405,5.E-02);
#1405 = AXIS2_PLACEMENT_3D('',#1406,#1407,#1408);
#1406 = CARTESIAN_POINT('',(1.25,0.,5.E-02));
#1407 = DIRECTION('',(-0.,1.,0.));
#1408 = DIRECTION('',(0.,0.,-1.));
#1409 = ADVANCED_FACE('',(#1410),#1415,.T.);
#1410 = FACE_BOUND('',#1411,.T.);
#1411 = EDGE_LOOP('',(#1412,#1413,#1414));
#1412 = ORIENTED_EDGE('',*,*,#1291,.F.);
#1413 = ORIENTED_EDGE('',*,*,#1385,.T.);
#1414 = ORIENTED_EDGE('',*,*,#1307,.F.);
#1415 = SPHERICAL_SURFACE('',#1416,5.E-02);
#1416 = AXIS2_PLACEMENT_3D('',#1417,#1418,#1419);
#1417 = CARTESIAN_POINT('',(1.25,0.85,5.E-02));
#1418 = DIRECTION('',(-1.,-0.,0.));
#1419 = DIRECTION('',(0.,1.,0.));
#1420 = ADVANCED_FACE('',(#1421),#1427,.T.);
#1421 = FACE_BOUND('',#1422,.T.);
#1422 = EDGE_LOOP('',(#1423,#1424,#1425,#1426));
#1423 = ORIENTED_EDGE('',*,*,#1325,.F.);
#1424 = ORIENTED_EDGE('',*,*,#1350,.F.);
#1425 = ORIENTED_EDGE('',*,*,#1392,.T.);
#1426 = ORIENTED_EDGE('',*,*,#1283,.T.);
#1427 = PLANE('',#1428);
#1428 = AXIS2_PLACEMENT_3D('',#1429,#1430,#1431);
#1429 = CARTESIAN_POINT('',(1.3,0.,0.));
#1430 = DIRECTION('',(1.,0.,-0.));
#1431 = DIRECTION('',(0.,0.,1.));
#1432 = ADVANCED_FACE('',(#1433),#1438,.T.);
#1433 = FACE_BOUND('',#1434,.T.);
#1434 = EDGE_LOOP('',(#1435,#1436,#1437));
#1435 = ORIENTED_EDGE('',*,*,#1368,.T.);
#1436 = ORIENTED_EDGE('',*,*,#1398,.F.);
#1437 = ORIENTED_EDGE('',*,*,#1341,.T.);
#1438 = SPHERICAL_SURFACE('',#1439,5.E-02);
#1439 = AXIS2_PLACEMENT_3D('',#1440,#1441,#1442);
#1440 = CARTESIAN_POINT('',(1.25,5.E-02,5.E-02));
#1441 = DIRECTION('',(-1.,-0.,0.));
#1442 = DIRECTION('',(0.,-1.,0.));
#1443 = ( GEOMETRIC_REPRESENTATION_CONTEXT(3) 
GLOBAL_UNCERTAINTY_ASSIGNED_CONTEXT((#1447)) 
GLOBAL_UNIT_ASSIGNED_CONTEXT((#1444,#1445,#1446)) REPRESENTATION_CONTEXT
('Context #1','3D Context with UNIT and UNCERTAINTY') );
#1444 = ( LENGTH_UNIT() NAMED_UNIT(*) SI_UNIT(.MILLI.,.METRE.) );
#1445 = ( NAMED_UNIT(*) PLANE_ANGLE_UNIT() SI_UNIT($,.RADIAN.) );
#1446 = ( NAMED_UNIT(*) SI_UNIT($,.STERADIAN.) SOLID_ANGLE_UNIT() );
#1447 = UNCERTAINTY_MEASURE_WITH_UNIT(LENGTH_MEASURE(5.E-06),#1444,
  'distance_accuracy_value','confusion accuracy');
#1448 = SHAPE_DEFINITION_REPRESENTATION(#1449,#68);
#1449 = PRODUCT_DEFINITION_SHAPE('','',#1450);
#1450 = PRODUCT_DEFINITION('design','',#1451,#1454);
#1451 = PRODUCT_DEFINITION_FORMATION('','',#1452);
#1452 = PRODUCT('Body','Body','',(#1453));
#1453 = PRODUCT_CONTEXT('',#2,'mechanical');
#1454 = PRODUCT_DEFINITION_CONTEXT('part definition',#2,'design');
#1455 = CONTEXT_DEPENDENT_SHAPE_REPRESENTATION(#1456,#1458);
#1456 = ( REPRESENTATION_RELATIONSHIP('','',#68,#46) 
REPRESENTATION_RELATIONSHIP_WITH_TRANSFORMATION(#1457) 
SHAPE_REPRESENTATION_RELATIONSHIP() );
#1457 = ITEM_DEFINED_TRANSFORMATION('','',#11,#47);
#1458 = PRODUCT_DEFINITION_SHAPE('Placement','Placement of an item',
  #1459);
#1459 = NEXT_ASSEMBLY_USAGE_OCCURRENCE('117','113','',#41,#1450,$);
#1460 = PRODUCT_RELATED_PRODUCT_CATEGORY('part',$,(#1452));
#1461 = ADVANCED_BREP_SHAPE_REPRESENTATION('',(#11,#1462),#1612);
#1462 = MANIFOLD_SOLID_BREP('',#1463);
#1463 = CLOSED_SHELL('',(#1464,#1504,#1544,#1566,#1588,#1600));
#1464 = ADVANCED_FACE('',(#1465),#1499,.F.);
#1465 = FACE_BOUND('',#1466,.F.);
#1466 = EDGE_LOOP('',(#1467,#1477,#1485,#1493));
#1467 = ORIENTED_EDGE('',*,*,#1468,.F.);
#1468 = EDGE_CURVE('',#1469,#1471,#1473,.T.);
#1469 = VERTEX_POINT('',#1470);
#1470 = CARTESIAN_POINT('',(0.,0.,0.));
#1471 = VERTEX_POINT('',#1472);
#1472 = CARTESIAN_POINT('',(0.,0.,0.2));
#1473 = LINE('',#1474,#1475);
#1474 = CARTESIAN_POINT('',(0.,0.,0.));
#1475 = VECTOR('',#1476,1.);
#1476 = DIRECTION('',(0.,0.,1.));
#1477 = ORIENTED_EDGE('',*,*,#1478,.T.);
#1478 = EDGE_CURVE('',#1469,#1479,#1481,.T.);
#1479 = VERTEX_POINT('',#1480);
#1480 = CARTESIAN_POINT('',(0.,0.3,0.));
#1481 = LINE('',#1482,#1483);
#1482 = CARTESIAN_POINT('',(0.,0.,0.));
#1483 = VECTOR('',#1484,1.);
#1484 = DIRECTION('',(-0.,1.,0.));
#1485 = ORIENTED_EDGE('',*,*,#1486,.T.);
#1486 = EDGE_CURVE('',#1479,#1487,#1489,.T.);
#1487 = VERTEX_POINT('',#1488);
#1488 = CARTESIAN_POINT('',(0.,0.3,0.2));
#1489 = LINE('',#1490,#1491);
#1490 = CARTESIAN_POINT('',(0.,0.3,0.));
#1491 = VECTOR('',#1492,1.);
#1492 = DIRECTION('',(0.,0.,1.));
#1493 = ORIENTED_EDGE('',*,*,#1494,.F.);
#1494 = EDGE_CURVE('',#1471,#1487,#1495,.T.);
#1495 = LINE('',#1496,#1497);
#1496 = CARTESIAN_POINT('',(0.,0.,0.2));
#1497 = VECTOR('',#1498,1.);
#1498 = DIRECTION('',(-0.,1.,0.));
#1499 = PLANE('',#1500);
#1500 = AXIS2_PLACEMENT_3D('',#1501,#1502,#1503);
#1501 = CARTESIAN_POINT('',(0.,0.,0.));
#1502 = DIRECTION('',(1.,0.,-0.));
#1503 = DIRECTION('',(0.,0.,1.));
#1504 = ADVANCED_FACE('',(#1505),#1539,.T.);
#1505 = FACE_BOUND('',#1506,.T.);
#1506 = EDGE_LOOP('',(#1507,#1517,#1525,#1533));
#1507 = ORIENTED_EDGE('',*,*,#1508,.F.);
#1508 = EDGE_CURVE('',#1509,#1511,#1513,.T.);
#1509 = VERTEX_POINT('',#1510);
#1510 = CARTESIAN_POINT('',(0.3,0.,0.));
#1511 = VERTEX_POINT('',#1512);
#1512 = CARTESIAN_POINT('',(0.3,0.,0.2));
#1513 = LINE('',#1514,#1515);
#1514 = CARTESIAN_POINT('',(0.3,0.,0.));
#1515 = VECTOR('',#1516,1.);
#1516 = DIRECTION('',(0.,0.,1.));
#1517 = ORIENTED_EDGE('',*,*,#1518,.T.);
#1518 = EDGE_CURVE('',#1509,#1519,#1521,.T.);
#1519 = VERTEX_POINT('',#1520);
#1520 = CARTESIAN_POINT('',(0.3,0.3,0.));
#1521 = LINE('',#1522,#1523);
#1522 = CARTESIAN_POINT('',(0.3,0.,0.));
#1523 = VECTOR('',#1524,1.);
#1524 = DIRECTION('',(-0.,1.,0.));
#1525 = ORIENTED_EDGE('',*,*,#1526,.T.);
#1526 = EDGE_CURVE('',#1519,#1527,#1529,.T.);
#1527 = VERTEX_POINT('',#1528);
#1528 = CARTESIAN_POINT('',(0.3,0.3,0.2));
#1529 = LINE('',#1530,#1531);
#1530 = CARTESIAN_POINT('',(0.3,0.3,0.));
#1531 = VECTOR('',#1532,1.);
#1532 = DIRECTION('',(0.,0.,1.));
#1533 = ORIENTED_EDGE('',*,*,#1534,.F.);
#1534 = EDGE_CURVE('',#1511,#1527,#1535,.T.);
#1535 = LINE('',#1536,#1537);
#1536 = CARTESIAN_POINT('',(0.3,0.,0.2));
#1537 = VECTOR('',#1538,1.);
#1538 = DIRECTION('',(-0.,1.,0.));
#1539 = PLANE('',#1540);
#1540 = AXIS2_PLACEMENT_3D('',#1541,#1542,#1543);
#1541 = CARTESIAN_POINT('',(0.3,0.,0.));
#1542 = DIRECTION('',(1.,0.,-0.));
#1543 = DIRECTION('',(0.,0.,1.));
#1544 = ADVANCED_FACE('',(#1545),#1561,.F.);
#1545 = FACE_BOUND('',#1546,.F.);
#1546 = EDGE_LOOP('',(#1547,#1553,#1554,#1560));
#1547 = ORIENTED_EDGE('',*,*,#1548,.F.);
#1548 = EDGE_CURVE('',#1469,#1509,#1549,.T.);
#1549 = LINE('',#1550,#1551);
#1550 = CARTESIAN_POINT('',(0.,0.,0.));
#1551 = VECTOR('',#1552,1.);
#1552 = DIRECTION('',(1.,0.,-0.));
#1553 = ORIENTED_EDGE('',*,*,#1468,.T.);
#1554 = ORIENTED_EDGE('',*,*,#1555,.T.);
#1555 = EDGE_CURVE('',#1471,#1511,#1556,.T.);
#1556 = LINE('',#1557,#1558);
#1557 = CARTESIAN_POINT('',(0.,0.,0.2));
#1558 = VECTOR('',#1559,1.);
#1559 = DIRECTION('',(1.,0.,-0.));
#1560 = ORIENTED_EDGE('',*,*,#1508,.F.);
#1561 = PLANE('',#1562);
#1562 = AXIS2_PLACEMENT_3D('',#1563,#1564,#1565);
#1563 = CARTESIAN_POINT('',(0.,0.,0.));
#1564 = DIRECTION('',(-0.,1.,0.));
#1565 = DIRECTION('',(0.,0.,1.));
#1566 = ADVANCED_FACE('',(#1567),#1583,.T.);
#1567 = FACE_BOUND('',#1568,.T.);
#1568 = EDGE_LOOP('',(#1569,#1575,#1576,#1582));
#1569 = ORIENTED_EDGE('',*,*,#1570,.F.);
#1570 = EDGE_CURVE('',#1479,#1519,#1571,.T.);
#1571 = LINE('',#1572,#1573);
#1572 = CARTESIAN_POINT('',(0.,0.3,0.));
#1573 = VECTOR('',#1574,1.);
#1574 = DIRECTION('',(1.,0.,-0.));
#1575 = ORIENTED_EDGE('',*,*,#1486,.T.);
#1576 = ORIENTED_EDGE('',*,*,#1577,.T.);
#1577 = EDGE_CURVE('',#1487,#1527,#1578,.T.);
#1578 = LINE('',#1579,#1580);
#1579 = CARTESIAN_POINT('',(0.,0.3,0.2));
#1580 = VECTOR('',#1581,1.);
#1581 = DIRECTION('',(1.,0.,-0.));
#1582 = ORIENTED_EDGE('',*,*,#1526,.F.);
#1583 = PLANE('',#1584);
#1584 = AXIS2_PLACEMENT_3D('',#1585,#1586,#1587);
#1585 = CARTESIAN_POINT('',(0.,0.3,0.));
#1586 = DIRECTION('',(-0.,1.,0.));
#1587 = DIRECTION('',(0.,0.,1.));
#1588 = ADVANCED_FACE('',(#1589),#1595,.F.);
#1589 = FACE_BOUND('',#1590,.F.);
#1590 = EDGE_LOOP('',(#1591,#1592,#1593,#1594));
#1591 = ORIENTED_EDGE('',*,*,#1478,.F.);
#1592 = ORIENTED_EDGE('',*,*,#1548,.T.);
#1593 = ORIENTED_EDGE('',*,*,#1518,.T.);
#1594 = ORIENTED_EDGE('',*,*,#1570,.F.);
#1595 = PLANE('',#1596);
#1596 = AXIS2_PLACEMENT_3D('',#1597,#1598,#1599);
#1597 = CARTESIAN_POINT('',(0.,0.,0.));
#1598 = DIRECTION('',(0.,0.,1.));
#1599 = DIRECTION('',(1.,0.,-0.));
#1600 = ADVANCED_FACE('',(#1601),#1607,.T.);
#1601 = FACE_BOUND('',#1602,.T.);
#1602 = EDGE_LOOP('',(#1603,#1604,#1605,#1606));
#1603 = ORIENTED_EDGE('',*,*,#1494,.F.);
#1604 = ORIENTED_EDGE('',*,*,#1555,.T.);
#1605 = ORIENTED_EDGE('',*,*,#1534,.T.);
#1606 = ORIENTED_EDGE('',*,*,#1577,.F.);
#1607 = PLANE('',#1608);
#1608 = AXIS2_PLACEMENT_3D('',#1609,#1610,#1611);
#1609 = CARTESIAN_POINT('',(0.,0.,0.2));
#1610 = DIRECTION('',(0.,0.,1.));
#1611 = DIRECTION('',(1.,0.,-0.));
#1612 = ( GEOMETRIC_REPRESENTATION_CONTEXT(3) 
GLOBAL_UNCERTAINTY_ASSIGNED_CONTEXT((#1616)) 
GLOBAL_UNIT_ASSIGNED_CONTEXT((#1613,#1614,#1615)) REPRESENTATION_CONTEXT
('Context #1','3D Context with UNIT and UNCERTAINTY') );
#1613 = ( LENGTH_UNIT() NAMED_UNIT(*) SI_UNIT(.MILLI.,.METRE.) );
#1614 = ( NAMED_UNIT(*) PLANE_ANGLE_UNIT() SI_UNIT($,.RADIAN.) );
#1615 = ( NAMED_UNIT(*) SI_UNIT($,.STERADIAN.) SOLID_ANGLE_UNIT() );
#1616 = UNCERTAINTY_MEASURE_WITH_UNIT(LENGTH_MEASURE(1.E-07),#1613,
  'distance_accuracy_value','confusion accuracy');
#1617 = SHAPE_DEFINITION_REPRESENTATION(#1618,#1461);
#1618 = PRODUCT_DEFINITION_SHAPE('','',#1619);
#1619 = PRODUCT_DEFINITION('design','',#1620,#1623);
#1620 = PRODUCT_DEFINITION_FORMATION('','',#1621);
#1621 = PRODUCT('lead','lead','',(#1622));
#1622 = PRODUCT_CONTEXT('',#2,'mechanical');
#1623 = PRODUCT_DEFINITION_CONTEXT('part definition',#2,'design');
#1624 = CONTEXT_DEPENDENT_SHAPE_REPRESENTATION(#1625,#1627);
#1625 = ( REPRESENTATION_RELATIONSHIP('','',#1461,#46) 
REPRESENTATION_RELATIONSHIP_WITH_TRANSFORMATION(#1626) 
SHAPE_REPRESENTATION_RELATIONSHIP() );
#1626 = ITEM_DEFINED_TRANSFORMATION('','',#11,#51);
#1627 = PRODUCT_DEFINITION_SHAPE('Placement','Placement of an item',
  #1628);
#1628 = NEXT_ASSEMBLY_USAGE_OCCURRENCE('118','114','',#41,#1619,$);
#1629 = PRODUCT_RELATED_PRODUCT_CATEGORY('part',$,(#1621));
#1630 = CONTEXT_DEPENDENT_SHAPE_REPRESENTATION(#1631,#1633);
#1631 = ( REPRESENTATION_RELATIONSHIP('','',#1461,#46) 
REPRESENTATION_RELATIONSHIP_WITH_TRANSFORMATION(#1632) 
SHAPE_REPRESENTATION_RELATIONSHIP() );
#1632 = ITEM_DEFINED_TRANSFORMATION('','',#11,#55);
#1633 = PRODUCT_DEFINITION_SHAPE('Placement','Placement of an item',
  #1634);
#1634 = NEXT_ASSEMBLY_USAGE_OCCURRENCE('119','115','',#41,#1619,$);
#1635 = MANIFOLD_SURFACE_SHAPE_REPRESENTATION('',(#11,#1636),#1678);
#1636 = SHELL_BASED_SURFACE_MODEL('',(#1637));
#1637 = OPEN_SHELL('',(#1638));
#1638 = ADVANCED_FACE('',(#1639),#1673,.T.);
#1639 = FACE_BOUND('',#1640,.T.);
#1640 = EDGE_LOOP('',(#1641,#1651,#1659,#1667));
#1641 = ORIENTED_EDGE('',*,*,#1642,.T.);
#1642 = EDGE_CURVE('',#1643,#1645,#1647,.T.);
#1643 = VERTEX_POINT('',#1644);
#1644 = CARTESIAN_POINT('',(-8.125E-02,-0.347735768366,0.));
#1645 = VERTEX_POINT('',#1646);
#1646 = CARTESIAN_POINT('',(8.125E-02,-0.347735768366,0.));
#1647 = LINE('',#1648,#1649);
#1648 = CARTESIAN_POINT('',(-8.125E-02,-0.347735768366,0.));
#1649 = VECTOR('',#1650,1.);
#1650 = DIRECTION('',(1.,0.,0.));
#1651 = ORIENTED_EDGE('',*,*,#1652,.T.);
#1652 = EDGE_CURVE('',#1645,#1653,#1655,.T.);
#1653 = VERTEX_POINT('',#1654);
#1654 = CARTESIAN_POINT('',(8.125E-02,0.347735768366,0.));
#1655 = LINE('',#1656,#1657);
#1656 = CARTESIAN_POINT('',(8.125E-02,-0.347735768366,0.));
#1657 = VECTOR('',#1658,1.);
#1658 = DIRECTION('',(0.,1.,0.));
#1659 = ORIENTED_EDGE('',*,*,#1660,.T.);
#1660 = EDGE_CURVE('',#1653,#1661,#1663,.T.);
#1661 = VERTEX_POINT('',#1662);
#1662 = CARTESIAN_POINT('',(-8.125E-02,0.347735768366,0.));
#1663 = LINE('',#1664,#1665);
#1664 = CARTESIAN_POINT('',(8.125E-02,0.347735768366,0.));
#1665 = VECTOR('',#1666,1.);
#1666 = DIRECTION('',(-1.,0.,0.));
#1667 = ORIENTED_EDGE('',*,*,#1668,.T.);
#1668 = EDGE_CURVE('',#1661,#1643,#1669,.T.);
#1669 = LINE('',#1670,#1671);
#1670 = CARTESIAN_POINT('',(-8.125E-02,0.347735768366,0.));
#1671 = VECTOR('',#1672,1.);
#1672 = DIRECTION('',(0.,-1.,0.));
#1673 = PLANE('',#1674);
#1674 = AXIS2_PLACEMENT_3D('',#1675,#1676,#1677);
#1675 = CARTESIAN_POINT('',(0.,0.,0.));
#1676 = DIRECTION('',(0.,0.,1.));
#1677 = DIRECTION('',(1.,0.,-0.));
#1678 = ( GEOMETRIC_REPRESENTATION_CONTEXT(3) 
GLOBAL_UNCERTAINTY_ASSIGNED_CONTEXT((#1682)) 
GLOBAL_UNIT_ASSIGNED_CONTEXT((#1679,#1680,#1681)) REPRESENTATION_CONTEXT
('Context #1','3D Context with UNIT and UNCERTAINTY') );
#1679 = ( LENGTH_UNIT() NAMED_UNIT(*) SI_UNIT(.MILLI.,.METRE.) );
#1680 = ( NAMED_UNIT(*) PLANE_ANGLE_UNIT() SI_UNIT($,.RADIAN.) );
#1681 = ( NAMED_UNIT(*) SI_UNIT($,.STERADIAN.) SOLID_ANGLE_UNIT() );
#1682 = UNCERTAINTY_MEASURE_WITH_UNIT(LENGTH_MEASURE(1.E-07),#1679,
  'distance_accuracy_value','confusion accuracy');
#1683 = SHAPE_DEFINITION_REPRESENTATION(#1684,#1635);
#1684 = PRODUCT_DEFINITION_SHAPE('','',#1685);
#1685 = PRODUCT_DEFINITION('design','',#1686,#1689);
#1686 = PRODUCT_DEFINITION_FORMATION('','',#1687);
#1687 = PRODUCT('Open CASCADE STEP translator 7.5 34.4',
  'Open CASCADE STEP translator 7.5 34.4','',(#1688));
#1688 = PRODUCT_CONTEXT('',#2,'mechanical');
#1689 = PRODUCT_DEFINITION_CONTEXT('part definition',#2,'design');
#1690 = CONTEXT_DEPENDENT_SHAPE_REPRESENTATION(#1691,#1693);
#1691 = ( REPRESENTATION_RELATIONSHIP('','',#1635,#46) 
REPRESENTATION_RELATIONSHIP_WITH_TRANSFORMATION(#1692) 
SHAPE_REPRESENTATION_RELATIONSHIP() );
#1692 = ITEM_DEFINED_TRANSFORMATION('','',#11,#59);
#1693 = PRODUCT_DEFINITION_SHAPE('Placement','Placement of an item',
  #1694);
#1694 = NEXT_ASSEMBLY_USAGE_OCCURRENCE('120','116','',#41,#1685,$);
#1695 = PRODUCT_RELATED_PRODUCT_CATEGORY('part',$,(#1687));
#1696 = CONTEXT_DEPENDENT_SHAPE_REPRESENTATION(#1697,#1699);
#1697 = ( REPRESENTATION_RELATIONSHIP('','',#46,#28) 
REPRESENTATION_RELATIONSHIP_WITH_TRANSFORMATION(#1698) 
SHAPE_REPRESENTATION_RELATIONSHIP() );
#1698 = ITEM_DEFINED_TRANSFORMATION('','',#11,#29);
#1699 = PRODUCT_DEFINITION_SHAPE('Placement','Placement of an item',
  #1700);
#1700 = NEXT_ASSEMBLY_USAGE_OCCURRENCE('121','','',#23,#41,$);
#1701 = PRODUCT_RELATED_PRODUCT_CATEGORY('part',$,(#43));
#1702 = MECHANICAL_DESIGN_GEOMETRIC_PRESENTATION_REPRESENTATION('',(
    #1703),#1443);
#1703 = STYLED_ITEM('color',(#1704),#69);
#1704 = PRESENTATION_STYLE_ASSIGNMENT((#1705,#1711));
#1705 = SURFACE_STYLE_USAGE(.BOTH.,#1706);
#1706 = SURFACE_SIDE_STYLE('',(#1707));
#1707 = SURFACE_STYLE_FILL_AREA(#1708);
#1708 = FILL_AREA_STYLE('',(#1709));
#1709 = FILL_AREA_STYLE_COLOUR('',#1710);
#1710 = COLOUR_RGB('',0.199999998682,0.199999998682,0.199999998682);
#1711 = CURVE_STYLE('',#1712,POSITIVE_LENGTH_MEASURE(0.1),#1710);
#1712 = DRAUGHTING_PRE_DEFINED_CURVE_FONT('continuous');
#1713 = MECHANICAL_DESIGN_GEOMETRIC_PRESENTATION_REPRESENTATION('',(
    #1714),#1678);
#1714 = STYLED_ITEM('color',(#1715),#1638);
#1715 = PRESENTATION_STYLE_ASSIGNMENT((#1716,#1722));
#1716 = SURFACE_STYLE_USAGE(.BOTH.,#1717);
#1717 = SURFACE_SIDE_STYLE('',(#1718));
#1718 = SURFACE_STYLE_FILL_AREA(#1719);
#1719 = FILL_AREA_STYLE('',(#1720));
#1720 = FILL_AREA_STYLE_COLOUR('',#1721);
#1721 = DRAUGHTING_PRE_DEFINED_COLOUR('white');
#1722 = CURVE_STYLE('',#1723,POSITIVE_LENGTH_MEASURE(0.1),#1721);
#1723 = DRAUGHTING_PRE_DEFINED_CURVE_FONT('continuous');
#1724 = MECHANICAL_DESIGN_GEOMETRIC_PRESENTATION_REPRESENTATION('',(
    #1725),#1612);
#1725 = STYLED_ITEM('color',(#1726),#1462);
#1726 = PRESENTATION_STYLE_ASSIGNMENT((#1727,#1733));
#1727 = SURFACE_STYLE_USAGE(.BOTH.,#1728);
#1728 = SURFACE_SIDE_STYLE('',(#1729));
#1729 = SURFACE_STYLE_FILL_AREA(#1730);
#1730 = FILL_AREA_STYLE('',(#1731));
#1731 = FILL_AREA_STYLE_COLOUR('',#1732);
#1732 = COLOUR_RGB('',0.800000010877,0.800000010877,0.800000010877);
#1733 = CURVE_STYLE('',#1734,POSITIVE_LENGTH_MEASURE(0.1),#1732);
#1734 = DRAUGHTING_PRE_DEFINED_CURVE_FONT('continuous');
ENDSEC;
END-ISO-10303-21;
