ISO-10303-21;
HEADER;
FILE_DESCRIPTION(('Open CASCADE Model'),'2;1');
FILE_NAME('Open CASCADE Shape Model','2026-10-01T22:19:38',('Author'),(
    'Open CASCADE'),'Open CASCADE STEP processor 7.5','Open CASCADE 7.5'
  ,'Unknown');
FILE_SCHEMA(('AUTOMOTIVE_DESIGN { 1 0 10303 214 1 1 1 1 }'));
ENDSEC;
DATA;
#1 = APPLICATION_PROTOCOL_DEFINITION('international standard',
  'automotive_design',2000,#2);
#2 = APPLICATION_CONTEXT(
  'core data for automotive mechanical design processes');
#3 = SHAPE_DEFINITION_REPRESENTATION(#4,#10);
#4 = PRODUCT_DEFINITION_SHAPE('','',#5);
#5 = PRODUCT_DEFINITION('design','',#6,#9);
#6 = PRODUCT_DEFINITION_FORMATION('','',#7);
#7 = PRODUCT('PCB','PCB','',(#8));
#8 = PRODUCT_CONTEXT('',#2,'mechanical');
#9 = PRODUCT_DEFINITION_CONTEXT('part definition',#2,'design');
#10 = SHAPE_REPRESENTATION('',(#11),#15);
#11 = AXIS2_PLACEMENT_3D('',#12,#13,#14);
#12 = CARTESIAN_POINT('',(0.,0.,0.));
#13 = DIRECTION('',(0.,0.,1.));
#14 = DIRECTION('',(1.,0.,-0.));
#15 = ( GEOMETRIC_REPRESENTATION_CONTEXT(3) 
GLOBAL_UNCERTAINTY_ASSIGNED_CONTEXT((#19)) GLOBAL_UNIT_ASSIGNED_CONTEXT(
(#16,#17,#18)) REPRESENTATION_CONTEXT('Context #1',
  '3D Context with UNIT and UNCERTAINTY') );
#16 = ( LENGTH_UNIT() NAMED_UNIT(*) SI_UNIT(.MILLI.,.METRE.) );
#17 = ( NAMED_UNIT(*) PLANE_ANGLE_UNIT() SI_UNIT($,.RADIAN.) );
#18 = ( NAMED_UNIT(*) SI_UNIT($,.STERADIAN.) SOLID_ANGLE_UNIT() );
#19 = UNCERTAINTY_MEASURE_WITH_UNIT(LENGTH_MEASURE(1.E-07),#16,
  'distance_accuracy_value','confusion accuracy');
#20 = PRODUCT_RELATED_PRODUCT_CATEGORY('part',$,(#7));
#21 = SHAPE_DEFINITION_REPRESENTATION(#22,#28);
#22 = PRODUCT_DEFINITION_SHAPE('','',#23);
#23 = PRODUCT_DEFINITION('design','',#24,#27);
#24 = PRODUCT_DEFINITION_FORMATION('','',#25);
#25 = PRODUCT('Designator1','Designator1','',(#26));
#26 = PRODUCT_CONTEXT('',#2,'mechanical');
#27 = PRODUCT_DEFINITION_CONTEXT('part definition',#2,'design');
#28 = SHAPE_REPRESENTATION('',(#11,#29),#33);
#29 = AXIS2_PLACEMENT_3D('',#30,#31,#32);
#30 = CARTESIAN_POINT('',(0.,0.,0.));
#31 = DIRECTION('',(0.,0.,1.));
#32 = DIRECTION('',(1.,0.,0.));
#33 = ( GEOMETRIC_REPRESENTATION_CONTEXT(3) 
GLOBAL_UNCERTAINTY_ASSIGNED_CONTEXT((#37)) GLOBAL_UNIT_ASSIGNED_CONTEXT(
(#34,#35,#36)) REPRESENTATION_CONTEXT('Context #1',
  '3D Context with UNIT and UNCERTAINTY') );
#34 = ( LENGTH_UNIT() NAMED_UNIT(*) SI_UNIT(.MILLI.,.METRE.) );
#35 = ( NAMED_UNIT(*) PLANE_ANGLE_UNIT() SI_UNIT($,.RADIAN.) );
#36 = ( NAMED_UNIT(*) SI_UNIT($,.STERADIAN.) SOLID_ANGLE_UNIT() );
#37 = UNCERTAINTY_MEASURE_WITH_UNIT(LENGTH_MEASURE(2.E-06),#34,
  'distance_accuracy_value','confusion accuracy');
#38 = PRODUCT_RELATED_PRODUCT_CATEGORY('part',$,(#25));
#39 = SHAPE_DEFINITION_REPRESENTATION(#40,#46);
#40 = PRODUCT_DEFINITION_SHAPE('','',#41);
#41 = PRODUCT_DEFINITION('design','',#42,#45);
#42 = PRODUCT_DEFINITION_FORMATION('','',#43);
#43 = PRODUCT('9771637728','9771637728','',(#44));
#44 = PRODUCT_CONTEXT('',#2,'mechanical');
#45 = PRODUCT_DEFINITION_CONTEXT('part definition',#2,'design');
#46 = SHAPE_REPRESENTATION('',(#11,#47,#51,#55,#59,#63,#67,#71,#75,#79,
    #83,#87,#91),#95);
#47 = AXIS2_PLACEMENT_3D('',#48,#49,#50);
#48 = CARTESIAN_POINT('',(-1.5,-1.5,1.E-03));
#49 = DIRECTION('',(0.,0.,1.));
#50 = DIRECTION('',(1.,0.,0.));
#51 = AXIS2_PLACEMENT_3D('',#52,#53,#54);
#52 = CARTESIAN_POINT('',(-1.5,-1.5,0.));
#53 = DIRECTION('',(0.,0.,1.));
#54 = DIRECTION('',(1.,0.,0.));
#55 = AXIS2_PLACEMENT_3D('',#56,#57,#58);
#56 = CARTESIAN_POINT('',(-1.5,-1.,0.));
#57 = DIRECTION('',(0.,0.,1.));
#58 = DIRECTION('',(-1.,1.224646799147E-16,0.));
#59 = AXIS2_PLACEMENT_3D('',#60,#61,#62);
#60 = CARTESIAN_POINT('',(-1.5,-0.5,0.));
#61 = DIRECTION('',(0.,0.,1.));
#62 = DIRECTION('',(-1.,1.224646799147E-16,0.));
#63 = AXIS2_PLACEMENT_3D('',#64,#65,#66);
#64 = CARTESIAN_POINT('',(-1.5,0.,0.));
#65 = DIRECTION('',(0.,0.,1.));
#66 = DIRECTION('',(-1.,1.224646799147E-16,0.));
#67 = AXIS2_PLACEMENT_3D('',#68,#69,#70);
#68 = CARTESIAN_POINT('',(-1.5,0.5,0.));
#69 = DIRECTION('',(0.,0.,1.));
#70 = DIRECTION('',(-1.,1.224646799147E-16,0.));
#71 = AXIS2_PLACEMENT_3D('',#72,#73,#74);
#72 = CARTESIAN_POINT('',(-1.5,1.,0.));
#73 = DIRECTION('',(0.,0.,1.));
#74 = DIRECTION('',(-1.,1.224646799147E-16,0.));
#75 = AXIS2_PLACEMENT_3D('',#76,#77,#78);
#76 = CARTESIAN_POINT('',(1.5,-1.,0.));
#77 = DIRECTION('',(0.,0.,1.));
#78 = DIRECTION('',(1.,0.,0.));
#79 = AXIS2_PLACEMENT_3D('',#80,#81,#82);
#80 = CARTESIAN_POINT('',(1.5,-0.5,0.));
#81 = DIRECTION('',(0.,0.,1.));
#82 = DIRECTION('',(1.,0.,0.));
#83 = AXIS2_PLACEMENT_3D('',#84,#85,#86);
#84 = CARTESIAN_POINT('',(1.5,0.,0.));
#85 = DIRECTION('',(0.,0.,1.));
#86 = DIRECTION('',(1.,0.,0.));
#87 = AXIS2_PLACEMENT_3D('',#88,#89,#90);
#88 = CARTESIAN_POINT('',(1.5,0.5,0.));
#89 = DIRECTION('',(0.,0.,1.));
#90 = DIRECTION('',(1.,0.,0.));
#91 = AXIS2_PLACEMENT_3D('',#92,#93,#94);
#92 = CARTESIAN_POINT('',(1.5,1.,0.));
#93 = DIRECTION('',(0.,0.,1.));
#94 = DIRECTION('',(1.,0.,0.));
#95 = ( GEOMETRIC_REPRESENTATION_CONTEXT(3) 
GLOBAL_UNCERTAINTY_ASSIGNED_CONTEXT((#99)) GLOBAL_UNIT_ASSIGNED_CONTEXT(
(#96,#97,#98)) REPRESENTATION_CONTEXT('Context #1',
  '3D Context with UNIT and UNCERTAINTY') );
#96 = ( LENGTH_UNIT() NAMED_UNIT(*) SI_UNIT(.MILLI.,.METRE.) );
#97 = ( NAMED_UNIT(*) PLANE_ANGLE_UNIT() SI_UNIT($,.RADIAN.) );
#98 = ( NAMED_UNIT(*) SI_UNIT($,.STERADIAN.) SOLID_ANGLE_UNIT() );
#99 = UNCERTAINTY_MEASURE_WITH_UNIT(LENGTH_MEASURE(2.E-06),#96,
  'distance_accuracy_value','confusion accuracy');
#100 = MANIFOLD_SURFACE_SHAPE_REPRESENTATION('',(#11,#101),#120);
#101 = SHELL_BASED_SURFACE_MODEL('',(#102));
#102 = OPEN_SHELL('',(#103));
#103 = ADVANCED_FACE('',(#104),#115,.T.);
#104 = FACE_BOUND('',#105,.T.);
#105 = EDGE_LOOP('',(#106));
#106 = ORIENTED_EDGE('',*,*,#107,.T.);
#107 = EDGE_CURVE('',#108,#108,#110,.T.);
#108 = VERTEX_POINT('',#109);
#109 = CARTESIAN_POINT('',(0.6875,2.5,0.9));
#110 = CIRCLE('',#111,0.1875);
#111 = AXIS2_PLACEMENT_3D('',#112,#113,#114);
#112 = CARTESIAN_POINT('',(0.5,2.5,0.9));
#113 = DIRECTION('',(0.,0.,1.));
#114 = DIRECTION('',(1.,0.,-0.));
#115 = PLANE('',#116);
#116 = AXIS2_PLACEMENT_3D('',#117,#118,#119);
#117 = CARTESIAN_POINT('',(0.5,2.5,0.9));
#118 = DIRECTION('',(-7.88860905221E-31,-5.843414112748E-32,1.));
#119 = DIRECTION('',(1.,0.,7.88860905221E-31));
#120 = ( GEOMETRIC_REPRESENTATION_CONTEXT(3) 
GLOBAL_UNCERTAINTY_ASSIGNED_CONTEXT((#124)) GLOBAL_UNIT_ASSIGNED_CONTEXT
((#121,#122,#123)) REPRESENTATION_CONTEXT('Context #1',
  '3D Context with UNIT and UNCERTAINTY') );
#121 = ( LENGTH_UNIT() NAMED_UNIT(*) SI_UNIT(.MILLI.,.METRE.) );
#122 = ( NAMED_UNIT(*) PLANE_ANGLE_UNIT() SI_UNIT($,.RADIAN.) );
#123 = ( NAMED_UNIT(*) SI_UNIT($,.STERADIAN.) SOLID_ANGLE_UNIT() );
#124 = UNCERTAINTY_MEASURE_WITH_UNIT(LENGTH_MEASURE(1.E-07),#121,
  'distance_accuracy_value','confusion accuracy');
#125 = SHAPE_DEFINITION_REPRESENTATION(#126,#100);
#126 = PRODUCT_DEFINITION_SHAPE('','',#127);
#127 = PRODUCT_DEFINITION('design','',#128,#131);
#128 = PRODUCT_DEFINITION_FORMATION('','',#129);
#129 = PRODUCT('Open CASCADE STEP translator 7.5 13.1',
  'Open CASCADE STEP translator 7.5 13.1','',(#130));
#130 = PRODUCT_CONTEXT('',#2,'mechanical');
#131 = PRODUCT_DEFINITION_CONTEXT('part definition',#2,'design');
#132 = CONTEXT_DEPENDENT_SHAPE_REPRESENTATION(#133,#135);
#133 = ( REPRESENTATION_RELATIONSHIP('','',#100,#46) 
REPRESENTATION_RELATIONSHIP_WITH_TRANSFORMATION(#134) 
SHAPE_REPRESENTATION_RELATIONSHIP() );
#134 = ITEM_DEFINED_TRANSFORMATION('','',#11,#47);
#135 = PRODUCT_DEFINITION_SHAPE('Placement','Placement of an item',#136
  );
#136 = NEXT_ASSEMBLY_USAGE_OCCURRENCE('406','141','',#41,#127,$);
#137 = PRODUCT_RELATED_PRODUCT_CATEGORY('part',$,(#129));
#138 = SHAPE_DEFINITION_REPRESENTATION(#139,#145);
#139 = PRODUCT_DEFINITION_SHAPE('','',#140);
#140 = PRODUCT_DEFINITION('design','',#141,#144);
#141 = PRODUCT_DEFINITION_FORMATION('','',#142);
#142 = PRODUCT('Body','Body','',(#143));
#143 = PRODUCT_CONTEXT('',#2,'mechanical');
#144 = PRODUCT_DEFINITION_CONTEXT('part definition',#2,'design');
#145 = SHAPE_REPRESENTATION('',(#11,#146),#150);
#146 = AXIS2_PLACEMENT_3D('',#147,#148,#149);
#147 = CARTESIAN_POINT('',(0.,0.,0.));
#148 = DIRECTION('',(0.,0.,1.));
#149 = DIRECTION('',(1.,0.,0.));
#150 = ( GEOMETRIC_REPRESENTATION_CONTEXT(3) 
GLOBAL_UNCERTAINTY_ASSIGNED_CONTEXT((#154)) GLOBAL_UNIT_ASSIGNED_CONTEXT
((#151,#152,#153)) REPRESENTATION_CONTEXT('Context #1',
  '3D Context with UNIT and UNCERTAINTY') );
#151 = ( LENGTH_UNIT() NAMED_UNIT(*) SI_UNIT(.MILLI.,.METRE.) );
#152 = ( NAMED_UNIT(*) PLANE_ANGLE_UNIT() SI_UNIT($,.RADIAN.) );
#153 = ( NAMED_UNIT(*) SI_UNIT($,.STERADIAN.) SOLID_ANGLE_UNIT() );
#154 = UNCERTAINTY_MEASURE_WITH_UNIT(LENGTH_MEASURE(1.E-05),#151,
  'distance_accuracy_value','confusion accuracy');
#155 = ADVANCED_BREP_SHAPE_REPRESENTATION('',(#11,#156),#2539);
#156 = MANIFOLD_SOLID_BREP('',#157);
#157 = CLOSED_SHELL('',(#158,#198,#234,#273,#306,#342,#451,#482,#499,
    #608,#639,#656,#687,#718,#746,#774,#792,#828,#856,#884,#923,#941,
    #972,#1006,#1030,#1139,#1248,#1259,#1276,#1300,#1409,#1518,#1549,
    #1560,#1588,#1616,#1633,#1658,#1686,#1714,#1739,#1772,#1789,#1898,
    #1930,#1947,#2056,#2088,#2105,#2136,#2153,#2178,#2196,#2229,#2254,
    #2272,#2305,#2384,#2401,#2418,#2429,#2463,#2480,#2491,#2518,#2530));
#158 = ADVANCED_FACE('',(#159),#193,.F.);
#159 = FACE_BOUND('',#160,.F.);
#160 = EDGE_LOOP('',(#161,#171,#179,#187));
#161 = ORIENTED_EDGE('',*,*,#162,.F.);
#162 = EDGE_CURVE('',#163,#165,#167,.T.);
#163 = VERTEX_POINT('',#164);
#164 = CARTESIAN_POINT('',(5.478104631727E-04,2.9,0.494787931602));
#165 = VERTEX_POINT('',#166);
#166 = CARTESIAN_POINT('',(3.262990899923E-02,2.867917901464,
    0.189547153673));
#167 = LINE('',#168,#169);
#168 = CARTESIAN_POINT('',(-1.074890013952E-03,2.901622700477,
    0.510226895341));
#169 = VECTOR('',#170,1.);
#170 = DIRECTION('',(0.103962051184,-0.103962051184,-0.989132844378));
#171 = ORIENTED_EDGE('',*,*,#172,.F.);
#172 = EDGE_CURVE('',#173,#163,#175,.T.);
#173 = VERTEX_POINT('',#174);
#174 = CARTESIAN_POINT('',(5.478104631727E-04,0.1,0.494787931602));
#175 = LINE('',#176,#177);
#176 = CARTESIAN_POINT('',(5.478104631727E-04,0.,0.494787931602));
#177 = VECTOR('',#178,1.);
#178 = DIRECTION('',(-0.,1.,0.));
#179 = ORIENTED_EDGE('',*,*,#180,.T.);
#180 = EDGE_CURVE('',#173,#181,#183,.T.);
#181 = VERTEX_POINT('',#182);
#182 = CARTESIAN_POINT('',(3.262990899923E-02,0.132082098536,
    0.189547153673));
#183 = LINE('',#184,#185);
#184 = CARTESIAN_POINT('',(-1.074890013952E-03,9.837729952288E-02,
    0.510226895341));
#185 = VECTOR('',#186,1.);
#186 = DIRECTION('',(0.103962051184,0.103962051184,-0.989132844378));
#187 = ORIENTED_EDGE('',*,*,#188,.T.);
#188 = EDGE_CURVE('',#181,#165,#189,.T.);
#189 = LINE('',#190,#191);
#190 = CARTESIAN_POINT('',(3.262990899923E-02,4.204169410627E-02,
    0.189547153673));
#191 = VECTOR('',#192,1.);
#192 = DIRECTION('',(-0.,1.,-0.));
#193 = PLANE('',#194);
#194 = AXIS2_PLACEMENT_3D('',#195,#196,#197);
#195 = CARTESIAN_POINT('',(0.,0.,0.5));
#196 = DIRECTION('',(0.994521895368,0.,0.104528463268));
#197 = DIRECTION('',(-0.,1.,0.));
#198 = ADVANCED_FACE('',(#199),#229,.T.);
#199 = FACE_BOUND('',#200,.T.);
#200 = EDGE_LOOP('',(#201,#213,#221,#228));
#201 = ORIENTED_EDGE('',*,*,#202,.T.);
#202 = EDGE_CURVE('',#163,#203,#205,.T.);
#203 = VERTEX_POINT('',#204);
#204 = CARTESIAN_POINT('',(0.1,2.999452189537,0.494787931602));
#205 = ( BOUNDED_CURVE() B_SPLINE_CURVE(6,(#206,#207,#208,#209,#210,#211
,#212),.UNSPECIFIED.,.F.,.F.) B_SPLINE_CURVE_WITH_KNOTS((7,7),(0.,
1.559869909752),.PIECEWISE_BEZIER_KNOTS.) CURVE() 
GEOMETRIC_REPRESENTATION_ITEM() RATIONAL_B_SPLINE_CURVE((1.030950613501,
    1.009890100201,0.997953445068,0.994040710927,0.997953445068,
1.009890100201,1.030950613501)) REPRESENTATION_ITEM('') );
#206 = CARTESIAN_POINT('',(5.478104631727E-04,2.9,0.494787931602));
#207 = CARTESIAN_POINT('',(8.362191750262E-04,2.926396068307,
    0.492043906005));
#208 = CARTESIAN_POINT('',(9.450074782514E-03,2.952114481755,
    0.490246144534));
#209 = CARTESIAN_POINT('',(2.568827830487E-02,2.974311721695,
    0.489619824568));
#210 = CARTESIAN_POINT('',(4.788551824518E-02,2.990549925217,
    0.490246144534));
#211 = CARTESIAN_POINT('',(7.360393169276E-02,2.999163780825,
    0.492043906005));
#212 = CARTESIAN_POINT('',(0.1,2.999452189537,0.494787931602));
#213 = ORIENTED_EDGE('',*,*,#214,.T.);
#214 = EDGE_CURVE('',#203,#215,#217,.T.);
#215 = VERTEX_POINT('',#216);
#216 = CARTESIAN_POINT('',(0.132082098536,2.967370091001,0.189547153673)
  );
#217 = LINE('',#218,#219);
#218 = CARTESIAN_POINT('',(9.837729952288E-02,3.001074890014,
    0.510226895341));
#219 = VECTOR('',#220,1.);
#220 = DIRECTION('',(0.103962051184,-0.103962051184,-0.989132844378));
#221 = ORIENTED_EDGE('',*,*,#222,.F.);
#222 = EDGE_CURVE('',#165,#215,#223,.T.);
#223 = CIRCLE('',#224,0.1);
#224 = AXIS2_PLACEMENT_3D('',#225,#226,#227);
#225 = CARTESIAN_POINT('',(0.132082098536,2.867917901464,0.2));
#226 = DIRECTION('',(0.103962051184,-0.103962051184,-0.989132844378));
#227 = DIRECTION('',(-0.994521895368,9.163329817152E-14,-0.104528463267)
  );
#228 = ORIENTED_EDGE('',*,*,#162,.F.);
#229 = CYLINDRICAL_SURFACE('',#230,0.1);
#230 = AXIS2_PLACEMENT_3D('',#231,#232,#233);
#231 = CARTESIAN_POINT('',(9.837729952288E-02,2.901622700477,
    0.520679741668));
#232 = DIRECTION('',(0.103962051184,-0.103962051184,-0.989132844378));
#233 = DIRECTION('',(-0.994521895368,9.1635032895E-14,-0.104528463267));
#234 = ADVANCED_FACE('',(#235),#268,.T.);
#235 = FACE_BOUND('',#236,.T.);
#236 = EDGE_LOOP('',(#237,#249,#257,#267));
#237 = ORIENTED_EDGE('',*,*,#238,.F.);
#238 = EDGE_CURVE('',#239,#173,#241,.T.);
#239 = VERTEX_POINT('',#240);
#240 = CARTESIAN_POINT('',(-2.775557561563E-17,0.1,0.505240777928));
#241 = ( BOUNDED_CURVE() B_SPLINE_CURVE(6,(#242,#243,#244,#245,#246,#247
,#248),.UNSPECIFIED.,.F.,.F.) B_SPLINE_CURVE_WITH_KNOTS((7,7),(0.,
0.10471975512),.PIECEWISE_BEZIER_KNOTS.) CURVE() 
GEOMETRIC_REPRESENTATION_ITEM() RATIONAL_B_SPLINE_CURVE((1.000137088577,
    1.00004568784,0.999990860763,0.999972587294,0.999990860763,
1.00004568784,1.000137088577)) REPRESENTATION_ITEM('') );
#242 = CARTESIAN_POINT('',(2.775557561563E-17,0.1,0.505240777928));
#243 = CARTESIAN_POINT('',(5.551115123126E-17,0.1,0.503495289159));
#244 = CARTESIAN_POINT('',(3.655943564777E-05,0.1,0.50174999185));
#245 = CARTESIAN_POINT('',(1.096652759717E-04,0.1,0.500005747314));
#246 = CARTESIAN_POINT('',(2.192831180766E-04,0.1,0.49826341629));
#247 = CARTESIAN_POINT('',(3.653572044893E-04,0.1,0.496523858401));
#248 = CARTESIAN_POINT('',(5.478104631727E-04,0.1,0.494787931602));
#249 = ORIENTED_EDGE('',*,*,#250,.T.);
#250 = EDGE_CURVE('',#239,#251,#253,.T.);
#251 = VERTEX_POINT('',#252);
#252 = CARTESIAN_POINT('',(8.326672684689E-17,2.9,0.505240777928));
#253 = LINE('',#254,#255);
#254 = CARTESIAN_POINT('',(2.775557561563E-17,0.,0.505240777928));
#255 = VECTOR('',#256,1.);
#256 = DIRECTION('',(-0.,1.,0.));
#257 = ORIENTED_EDGE('',*,*,#258,.T.);
#258 = EDGE_CURVE('',#251,#163,#259,.T.);
#259 = ( BOUNDED_CURVE() B_SPLINE_CURVE(6,(#260,#261,#262,#263,#264,#265
,#266),.UNSPECIFIED.,.F.,.F.) B_SPLINE_CURVE_WITH_KNOTS((7,7),(0.,
0.10471975512),.PIECEWISE_BEZIER_KNOTS.) CURVE() 
GEOMETRIC_REPRESENTATION_ITEM() RATIONAL_B_SPLINE_CURVE((1.000137088577,
    1.00004568784,0.999990860763,0.999972587294,0.999990860763,
1.00004568784,1.000137088577)) REPRESENTATION_ITEM('') );
#260 = CARTESIAN_POINT('',(2.775557561563E-17,2.9,0.505240777928));
#261 = CARTESIAN_POINT('',(5.551115123126E-17,2.9,0.503495289159));
#262 = CARTESIAN_POINT('',(3.655943564777E-05,2.9,0.50174999185));
#263 = CARTESIAN_POINT('',(1.096652759717E-04,2.9,0.500005747314));
#264 = CARTESIAN_POINT('',(2.192831180766E-04,2.9,0.49826341629));
#265 = CARTESIAN_POINT('',(3.653572044893E-04,2.9,0.496523858401));
#266 = CARTESIAN_POINT('',(5.478104631727E-04,2.9,0.494787931602));
#267 = ORIENTED_EDGE('',*,*,#172,.F.);
#268 = CYLINDRICAL_SURFACE('',#269,0.1);
#269 = AXIS2_PLACEMENT_3D('',#270,#271,#272);
#270 = CARTESIAN_POINT('',(0.1,0.,0.505240777928));
#271 = DIRECTION('',(-0.,1.,0.));
#272 = DIRECTION('',(-0.994521895368,0.,-0.104528463268));
#273 = ADVANCED_FACE('',(#274),#301,.T.);
#274 = FACE_BOUND('',#275,.T.);
#275 = EDGE_LOOP('',(#276,#277,#286,#294));
#276 = ORIENTED_EDGE('',*,*,#188,.T.);
#277 = ORIENTED_EDGE('',*,*,#278,.F.);
#278 = EDGE_CURVE('',#279,#165,#281,.T.);
#279 = VERTEX_POINT('',#280);
#280 = CARTESIAN_POINT('',(0.132082098536,2.867917901464,0.1));
#281 = CIRCLE('',#282,0.1);
#282 = AXIS2_PLACEMENT_3D('',#283,#284,#285);
#283 = CARTESIAN_POINT('',(0.132082098536,2.867917901464,0.2));
#284 = DIRECTION('',(-4.667565679103E-16,1.,4.440892098501E-15));
#285 = DIRECTION('',(-1.,-4.667565679103E-16,5.551115123126E-16));
#286 = ORIENTED_EDGE('',*,*,#287,.F.);
#287 = EDGE_CURVE('',#288,#279,#290,.T.);
#288 = VERTEX_POINT('',#289);
#289 = CARTESIAN_POINT('',(0.132082098536,0.132082098536,0.1));
#290 = LINE('',#291,#292);
#291 = CARTESIAN_POINT('',(0.132082098536,4.204169410627E-02,0.1));
#292 = VECTOR('',#293,1.);
#293 = DIRECTION('',(-0.,1.,-0.));
#294 = ORIENTED_EDGE('',*,*,#295,.T.);
#295 = EDGE_CURVE('',#288,#181,#296,.T.);
#296 = CIRCLE('',#297,0.1);
#297 = AXIS2_PLACEMENT_3D('',#298,#299,#300);
#298 = CARTESIAN_POINT('',(0.132082098536,0.132082098536,0.2));
#299 = DIRECTION('',(4.998246507225E-16,1.,5.551115123126E-16));
#300 = DIRECTION('',(-1.,4.998246507225E-16,2.774584177537E-31));
#301 = CYLINDRICAL_SURFACE('',#302,0.1);
#302 = AXIS2_PLACEMENT_3D('',#303,#304,#305);
#303 = CARTESIAN_POINT('',(0.132082098536,4.204169410627E-02,0.2));
#304 = DIRECTION('',(-0.,1.,-0.));
#305 = DIRECTION('',(-0.994521895368,-0.,-0.104528463268));
#306 = ADVANCED_FACE('',(#307),#337,.T.);
#307 = FACE_BOUND('',#308,.T.);
#308 = EDGE_LOOP('',(#309,#310,#319,#327));
#309 = ORIENTED_EDGE('',*,*,#180,.T.);
#310 = ORIENTED_EDGE('',*,*,#311,.T.);
#311 = EDGE_CURVE('',#181,#312,#314,.T.);
#312 = VERTEX_POINT('',#313);
#313 = CARTESIAN_POINT('',(0.132082098536,3.262990899923E-02,
    0.189547153673));
#314 = CIRCLE('',#315,0.1);
#315 = AXIS2_PLACEMENT_3D('',#316,#317,#318);
#316 = CARTESIAN_POINT('',(0.132082098536,0.132082098536,0.2));
#317 = DIRECTION('',(-0.103962051184,-0.103962051184,0.989132844378));
#318 = DIRECTION('',(-0.994521895368,-9.108165610616E-14,-0.104528463267
    ));
#319 = ORIENTED_EDGE('',*,*,#320,.F.);
#320 = EDGE_CURVE('',#321,#312,#323,.T.);
#321 = VERTEX_POINT('',#322);
#322 = CARTESIAN_POINT('',(0.1,5.478104631726E-04,0.494787931602));
#323 = LINE('',#324,#325);
#324 = CARTESIAN_POINT('',(9.837729952288E-02,-1.074890013952E-03,
    0.510226895341));
#325 = VECTOR('',#326,1.);
#326 = DIRECTION('',(0.103962051184,0.103962051184,-0.989132844378));
#327 = ORIENTED_EDGE('',*,*,#328,.F.);
#328 = EDGE_CURVE('',#173,#321,#329,.T.);
#329 = ( BOUNDED_CURVE() B_SPLINE_CURVE(6,(#330,#331,#332,#333,#334,#335
,#336),.UNSPECIFIED.,.F.,.F.) B_SPLINE_CURVE_WITH_KNOTS((7,7),(0.,
1.559869909752),.PIECEWISE_BEZIER_KNOTS.) CURVE() 
GEOMETRIC_REPRESENTATION_ITEM() RATIONAL_B_SPLINE_CURVE((1.030950613501,
    1.009890100201,0.997953445068,0.994040710927,0.997953445068,
1.009890100201,1.030950613501)) REPRESENTATION_ITEM('') );
#330 = CARTESIAN_POINT('',(5.478104631727E-04,0.1,0.494787931602));
#331 = CARTESIAN_POINT('',(8.362191750262E-04,7.360393169277E-02,
    0.492043906005));
#332 = CARTESIAN_POINT('',(9.450074782514E-03,4.788551824518E-02,
    0.490246144534));
#333 = CARTESIAN_POINT('',(2.568827830487E-02,2.568827830487E-02,
    0.489619824568));
#334 = CARTESIAN_POINT('',(4.788551824518E-02,9.450074782514E-03,
    0.490246144534));
#335 = CARTESIAN_POINT('',(7.360393169276E-02,8.362191750264E-04,
    0.492043906005));
#336 = CARTESIAN_POINT('',(0.1,5.478104631727E-04,0.494787931602));
#337 = CYLINDRICAL_SURFACE('',#338,0.1);
#338 = AXIS2_PLACEMENT_3D('',#339,#340,#341);
#339 = CARTESIAN_POINT('',(9.837729952288E-02,9.837729952288E-02,
    0.520679741668));
#340 = DIRECTION('',(0.103962051184,0.103962051184,-0.989132844378));
#341 = DIRECTION('',(-0.994521895368,-9.1635032895E-14,-0.104528463267)
  );
#342 = ADVANCED_FACE('',(#343),#369,.T.);
#343 = FACE_BOUND('',#344,.T.);
#344 = EDGE_LOOP('',(#345,#346,#347,#359));
#345 = ORIENTED_EDGE('',*,*,#202,.F.);
#346 = ORIENTED_EDGE('',*,*,#258,.F.);
#347 = ORIENTED_EDGE('',*,*,#348,.F.);
#348 = EDGE_CURVE('',#349,#251,#351,.T.);
#349 = VERTEX_POINT('',#350);
#350 = CARTESIAN_POINT('',(0.1,3.,0.505240777928));
#351 = ( BOUNDED_CURVE() B_SPLINE_CURVE(6,(#352,#353,#354,#355,#356,#357
,#358),.UNSPECIFIED.,.F.,.F.) B_SPLINE_CURVE_WITH_KNOTS((7,7),(0.,
1.570796326795),.PIECEWISE_BEZIER_KNOTS.) CURVE() 
GEOMETRIC_REPRESENTATION_ITEM() RATIONAL_B_SPLINE_CURVE((1.031393471788,
    1.010025407661,0.997924642725,0.993958444137,0.997924642725,
1.010025407661,1.031393471788)) REPRESENTATION_ITEM('') );
#352 = CARTESIAN_POINT('',(0.1,3.,0.505240777928));
#353 = CARTESIAN_POINT('',(7.326632168471E-02,3.,0.505240777928));
#354 = CARTESIAN_POINT('',(4.722914274178E-02,2.991499564937,
    0.505240777928));
#355 = CARTESIAN_POINT('',(2.480804867977E-02,2.97519195132,
    0.505240777928));
#356 = CARTESIAN_POINT('',(8.500435063369E-03,2.952770857258,
    0.505240777928));
#357 = CARTESIAN_POINT('',(1.249000902703E-16,2.926733678315,
    0.505240777928));
#358 = CARTESIAN_POINT('',(-1.387778780781E-17,2.9,0.505240777928));
#359 = ORIENTED_EDGE('',*,*,#360,.F.);
#360 = EDGE_CURVE('',#203,#349,#361,.T.);
#361 = ( BOUNDED_CURVE() B_SPLINE_CURVE(6,(#362,#363,#364,#365,#366,#367
,#368),.UNSPECIFIED.,.F.,.F.) B_SPLINE_CURVE_WITH_KNOTS((7,7),(0.,
0.10471975512),.PIECEWISE_BEZIER_KNOTS.) CURVE() 
GEOMETRIC_REPRESENTATION_ITEM() RATIONAL_B_SPLINE_CURVE((1.000137088577,
    1.00004568784,0.999990860763,0.999972587294,0.999990860763,
1.00004568784,1.000137088577)) REPRESENTATION_ITEM('') );
#362 = CARTESIAN_POINT('',(0.1,2.999452189537,0.494787931602));
#363 = CARTESIAN_POINT('',(0.1,2.999634642796,0.496523858401));
#364 = CARTESIAN_POINT('',(0.1,2.999780716882,0.49826341629));
#365 = CARTESIAN_POINT('',(0.1,2.999890334724,0.500005747314));
#366 = CARTESIAN_POINT('',(0.1,2.999963440564,0.50174999185));
#367 = CARTESIAN_POINT('',(0.1,3.,0.503495289159));
#368 = CARTESIAN_POINT('',(0.1,3.,0.505240777928));
#369 = B_SPLINE_SURFACE_WITH_KNOTS('',8,8,(
    (#370,#371,#372,#373,#374,#375,#376,#377,#378)
    ,(#379,#380,#381,#382,#383,#384,#385,#386,#387)
    ,(#388,#389,#390,#391,#392,#393,#394,#395,#396)
    ,(#397,#398,#399,#400,#401,#402,#403,#404,#405)
    ,(#406,#407,#408,#409,#410,#411,#412,#413,#414)
    ,(#415,#416,#417,#418,#419,#420,#421,#422,#423)
    ,(#424,#425,#426,#427,#428,#429,#430,#431,#432)
    ,(#433,#434,#435,#436,#437,#438,#439,#440,#441)
    ,(#442,#443,#444,#445,#446,#447,#448,#449,#450
  )),.UNSPECIFIED.,.F.,.F.,.F.,(9,9),(9,9),(-7.778174593052E-02,
    7.778174593052E-02),(-7.315613219613E-03,8.855910256723E-03),
  .PIECEWISE_BEZIER_KNOTS.);
#370 = CARTESIAN_POINT('',(4.314286128226E-04,2.889568739838,
    0.507292534228));
#371 = CARTESIAN_POINT('',(3.594616380818E-04,2.889640569674,
    0.505265856781));
#372 = CARTESIAN_POINT('',(3.93373916649E-04,2.889606889244,
    0.503244685123));
#373 = CARTESIAN_POINT('',(8.139233366891E-04,2.889185680871,
    0.501244605343));
#374 = CARTESIAN_POINT('',(-5.300162788541E-04,2.890530258417,
    0.499149414281));
#375 = CARTESIAN_POINT('',(1.674870582975E-03,2.888325137493,
    0.497244945927));
#376 = CARTESIAN_POINT('',(6.735465361896E-04,2.889326333311,
    0.495167933805));
#377 = CARTESIAN_POINT('',(9.604387127823E-04,2.889039750287,
    0.493160825431));
#378 = CARTESIAN_POINT('',(1.418941429599E-03,2.88858131858,
    0.491162527791));
#379 = CARTESIAN_POINT('',(-1.699464168539E-03,2.919199273852,
    0.506445543083));
#380 = CARTESIAN_POINT('',(-1.968997510351E-03,2.919468581045,
    0.504408381183));
#381 = CARTESIAN_POINT('',(-2.065389893479E-03,2.919564323755,
    0.502380876298));
#382 = CARTESIAN_POINT('',(-9.508146698998E-04,2.918452034142,
    0.500415216245));
#383 = CARTESIAN_POINT('',(-1.945785489147E-03,2.919444967755,
    0.498342900584));
#384 = CARTESIAN_POINT('',(-9.990284753044E-04,2.918498783266,
    0.496367060197));
#385 = CARTESIAN_POINT('',(-1.747898186658E-03,2.919247720681,
    0.494305628224));
#386 = CARTESIAN_POINT('',(-9.590931481698E-04,2.918459242045,
    0.49232508823));
#387 = CARTESIAN_POINT('',(-3.660333776907E-04,2.917866154415,
    0.490333899139));
#388 = CARTESIAN_POINT('',(3.083466749738E-03,2.941918305946,
    0.505966735706));
#389 = CARTESIAN_POINT('',(3.512236099314E-03,2.941491039173,
    0.5039662276));
#390 = CARTESIAN_POINT('',(4.836925156083E-03,2.940168349511,
    0.502016081633));
#391 = CARTESIAN_POINT('',(-3.379324345838E-03,2.948367230227,
    0.499549463596));
#392 = CARTESIAN_POINT('',(1.067252571354E-02,2.934343121186,
    0.498290154491));
#393 = CARTESIAN_POINT('',(-3.20808593892E-03,2.948195566987,
    0.49550669681));
#394 = CARTESIAN_POINT('',(5.951595312938E-03,2.939055600258,
    0.49398764321));
#395 = CARTESIAN_POINT('',(3.633241962107E-03,2.941367891179,
    0.491836698386));
#396 = CARTESIAN_POINT('',(4.088195396661E-03,2.940912381733,
    0.489838071467));
#397 = CARTESIAN_POINT('',(1.681696661146E-02,2.955680313927,
    0.505966122543));
#398 = CARTESIAN_POINT('',(1.789364946549E-02,2.954601792297,
    0.504001210415));
#399 = CARTESIAN_POINT('',(1.348001994693E-02,2.959013102796,
    0.501736237027));
#400 = CARTESIAN_POINT('',(2.239212582078E-02,2.950127928693,
    0.5002118859));
#401 = CARTESIAN_POINT('',(-4.754790612816E-03,2.977228958382,
    0.496695399224));
#402 = CARTESIAN_POINT('',(2.754559016995E-02,2.944977414423,
    0.496450304028));
#403 = CARTESIAN_POINT('',(1.61154795441E-02,2.95637408164,
    0.493787092649));
#404 = CARTESIAN_POINT('',(1.816963313586E-02,2.954328120842,
    0.491881205459));
#405 = CARTESIAN_POINT('',(1.644398966477E-02,2.956054562142,
    0.489764692574));
#406 = CARTESIAN_POINT('',(2.298193622314E-02,2.977018063777,
    0.505562861623));
#407 = CARTESIAN_POINT('',(2.16423960654E-02,2.978357603935,
    0.503468126791));
#408 = CARTESIAN_POINT('',(2.545262540974E-02,2.97454737458,
    0.501657366697));
#409 = CARTESIAN_POINT('',(1.651426243296E-02,2.983485737593,
    0.499124669807));
#410 = CARTESIAN_POINT('',(4.544230314664E-02,2.954557696818,
    0.498706575934));
#411 = CARTESIAN_POINT('',(1.22006427167E-02,2.987799357314,
    0.494841269867));
#412 = CARTESIAN_POINT('',(2.213981167273E-02,2.977860188311,
    0.493382572823));
#413 = CARTESIAN_POINT('',(2.307979521418E-02,2.97692020479,
    0.491400663563));
#414 = CARTESIAN_POINT('',(2.559561295099E-02,2.97440438705,
    0.489514810223));
#415 = CARTESIAN_POINT('',(4.431968607242E-02,2.98318303339,
    0.505966122543));
#416 = CARTESIAN_POINT('',(4.539820769976E-02,2.982106350537,
    0.504001210415));
#417 = CARTESIAN_POINT('',(4.098689720765E-02,2.986519980066,
    0.501736237027));
#418 = CARTESIAN_POINT('',(4.987207128843E-02,2.977607874154,
    0.5002118859));
#419 = CARTESIAN_POINT('',(2.277104166169E-02,3.004754790627,
    0.496695399225));
#420 = CARTESIAN_POINT('',(5.502258554283E-02,2.972454409813,
    0.496450304027));
#421 = CARTESIAN_POINT('',(4.362591837378E-02,2.983884520469,
    0.493787092649));
#422 = CARTESIAN_POINT('',(4.567187915367E-02,2.981830366861,
    0.491881205459));
#423 = CARTESIAN_POINT('',(4.394543785688E-02,2.983556010335,
    0.489764692574));
#424 = CARTESIAN_POINT('',(5.80816940554E-02,2.996916533248,
    0.505966735706));
#425 = CARTESIAN_POINT('',(5.850896082987E-02,2.996487763898,
    0.5039662276));
#426 = CARTESIAN_POINT('',(5.983165048927E-02,2.995163074835,
    0.502016081633));
#427 = CARTESIAN_POINT('',(5.163276978621E-02,3.003379324353,
    0.499549463596));
#428 = CARTESIAN_POINT('',(6.565687878708E-02,2.989327474284,
    0.49829015449));
#429 = CARTESIAN_POINT('',(5.18044330466E-02,3.003208085931,
    0.495506696811));
#430 = CARTESIAN_POINT('',(6.094439973418E-02,2.994048404681,
    0.49398764321));
#431 = CARTESIAN_POINT('',(5.863210882385E-02,2.996366758039,
    0.491836698386));
#432 = CARTESIAN_POINT('',(5.908761826708E-02,2.995911804603,
    0.489838071467));
#433 = CARTESIAN_POINT('',(8.080072614747E-02,3.00169946417,
    0.506445543082));
#434 = CARTESIAN_POINT('',(8.053141895314E-02,3.001968997512,
    0.504408381183));
#435 = CARTESIAN_POINT('',(8.043567624482E-02,3.002065389896,
    0.502380876298));
#436 = CARTESIAN_POINT('',(8.154796585711E-02,3.000950814665,
    0.500415216245));
#437 = CARTESIAN_POINT('',(8.055503224596E-02,3.001945785496,
    0.498342900584));
#438 = CARTESIAN_POINT('',(8.150121673193E-02,3.000999028471,
    0.496367060197));
#439 = CARTESIAN_POINT('',(8.075227931756E-02,3.001747898192,
    0.494305628223));
#440 = CARTESIAN_POINT('',(8.154075795297E-02,3.000959093149,
    0.492325088229));
#441 = CARTESIAN_POINT('',(8.213384558467E-02,3.000366033378,
    0.490333899139));
#442 = CARTESIAN_POINT('',(0.110431260163,2.999568571386,0.507292534228)
  );
#443 = CARTESIAN_POINT('',(0.110359430326,2.999640538362,0.505265856781)
  );
#444 = CARTESIAN_POINT('',(0.110393110756,2.999606626083,0.503244685123)
  );
#445 = CARTESIAN_POINT('',(0.110814319131,2.999186076662,0.501244605343)
  );
#446 = CARTESIAN_POINT('',(0.109469741579,3.000530016283,0.499149414281)
  );
#447 = CARTESIAN_POINT('',(0.111674862511,2.998325129413,0.497244945928)
  );
#448 = CARTESIAN_POINT('',(0.110673666688,2.999326453465,0.495167933805)
  );
#449 = CARTESIAN_POINT('',(0.110960249713,2.999039561287,0.493160825431)
  );
#450 = CARTESIAN_POINT('',(0.111418681422,2.998581058569,0.491162527792)
  );
#451 = ADVANCED_FACE('',(#452),#477,.F.);
#452 = FACE_BOUND('',#453,.F.);
#453 = EDGE_LOOP('',(#454,#455,#463,#471));
#454 = ORIENTED_EDGE('',*,*,#214,.T.);
#455 = ORIENTED_EDGE('',*,*,#456,.T.);
#456 = EDGE_CURVE('',#215,#457,#459,.T.);
#457 = VERTEX_POINT('',#458);
#458 = CARTESIAN_POINT('',(2.867917901464,2.967370091001,0.189547153673)
  );
#459 = LINE('',#460,#461);
#460 = CARTESIAN_POINT('',(4.204169410627E-02,2.967370091001,
    0.189547153673));
#461 = VECTOR('',#462,1.);
#462 = DIRECTION('',(1.,-0.,-0.));
#463 = ORIENTED_EDGE('',*,*,#464,.F.);
#464 = EDGE_CURVE('',#465,#457,#467,.T.);
#465 = VERTEX_POINT('',#466);
#466 = CARTESIAN_POINT('',(2.9,2.999452189537,0.494787931602));
#467 = LINE('',#468,#469);
#468 = CARTESIAN_POINT('',(2.901622700477,3.001074890014,0.510226895341)
  );
#469 = VECTOR('',#470,1.);
#470 = DIRECTION('',(-0.103962051184,-0.103962051184,-0.989132844378));
#471 = ORIENTED_EDGE('',*,*,#472,.F.);
#472 = EDGE_CURVE('',#203,#465,#473,.T.);
#473 = LINE('',#474,#475);
#474 = CARTESIAN_POINT('',(0.,2.999452189537,0.494787931602));
#475 = VECTOR('',#476,1.);
#476 = DIRECTION('',(1.,0.,-0.));
#477 = PLANE('',#478);
#478 = AXIS2_PLACEMENT_3D('',#479,#480,#481);
#479 = CARTESIAN_POINT('',(0.,3.,0.5));
#480 = DIRECTION('',(0.,-0.994521895368,0.104528463268));
#481 = DIRECTION('',(1.,0.,0.));
#482 = ADVANCED_FACE('',(#483),#494,.T.);
#483 = FACE_BOUND('',#484,.T.);
#484 = EDGE_LOOP('',(#485,#486,#493));
#485 = ORIENTED_EDGE('',*,*,#222,.T.);
#486 = ORIENTED_EDGE('',*,*,#487,.F.);
#487 = EDGE_CURVE('',#279,#215,#488,.T.);
#488 = CIRCLE('',#489,0.1);
#489 = AXIS2_PLACEMENT_3D('',#490,#491,#492);
#490 = CARTESIAN_POINT('',(0.132082098536,2.867917901464,0.2));
#491 = DIRECTION('',(1.,5.279889078677E-16,-5.551115123126E-16));
#492 = DIRECTION('',(-5.279889078677E-16,1.,4.440892098501E-15));
#493 = ORIENTED_EDGE('',*,*,#278,.T.);
#494 = SPHERICAL_SURFACE('',#495,0.1);
#495 = AXIS2_PLACEMENT_3D('',#496,#497,#498);
#496 = CARTESIAN_POINT('',(0.132082098536,2.867917901464,0.2));
#497 = DIRECTION('',(5.551115123126E-16,-4.440892098501E-15,1.));
#498 = DIRECTION('',(-1.,-4.667565679103E-16,5.551115123126E-16));
#499 = ADVANCED_FACE('',(#500),#526,.F.);
#500 = FACE_BOUND('',#501,.F.);
#501 = EDGE_LOOP('',(#502,#503,#504,#516));
#502 = ORIENTED_EDGE('',*,*,#328,.F.);
#503 = ORIENTED_EDGE('',*,*,#238,.F.);
#504 = ORIENTED_EDGE('',*,*,#505,.F.);
#505 = EDGE_CURVE('',#506,#239,#508,.T.);
#506 = VERTEX_POINT('',#507);
#507 = CARTESIAN_POINT('',(0.1,2.775557561563E-17,0.505240777928));
#508 = ( BOUNDED_CURVE() B_SPLINE_CURVE(6,(#509,#510,#511,#512,#513,#514
,#515),.UNSPECIFIED.,.F.,.F.) B_SPLINE_CURVE_WITH_KNOTS((7,7),(0.,
1.570796326795),.PIECEWISE_BEZIER_KNOTS.) CURVE() 
GEOMETRIC_REPRESENTATION_ITEM() RATIONAL_B_SPLINE_CURVE((1.031393471788,
    1.010025407661,0.997924642725,0.993958444137,0.997924642725,
1.010025407661,1.031393471788)) REPRESENTATION_ITEM('') );
#509 = CARTESIAN_POINT('',(0.1,-1.387778780781E-17,0.505240777928));
#510 = CARTESIAN_POINT('',(7.326632168471E-02,-1.387778780781E-17,
    0.505240777928));
#511 = CARTESIAN_POINT('',(4.722914274178E-02,8.500435063369E-03,
    0.505240777928));
#512 = CARTESIAN_POINT('',(2.480804867977E-02,2.480804867977E-02,
    0.505240777928));
#513 = CARTESIAN_POINT('',(8.500435063369E-03,4.722914274178E-02,
    0.505240777928));
#514 = CARTESIAN_POINT('',(1.249000902703E-16,7.326632168471E-02,
    0.505240777928));
#515 = CARTESIAN_POINT('',(-1.387778780781E-17,0.1,0.505240777928));
#516 = ORIENTED_EDGE('',*,*,#517,.F.);
#517 = EDGE_CURVE('',#321,#506,#518,.T.);
#518 = ( BOUNDED_CURVE() B_SPLINE_CURVE(6,(#519,#520,#521,#522,#523,#524
,#525),.UNSPECIFIED.,.F.,.F.) B_SPLINE_CURVE_WITH_KNOTS((7,7),(0.,
0.10471975512),.PIECEWISE_BEZIER_KNOTS.) CURVE() 
GEOMETRIC_REPRESENTATION_ITEM() RATIONAL_B_SPLINE_CURVE((1.000137088577,
    1.00004568784,0.999990860763,0.999972587294,0.999990860763,
1.00004568784,1.000137088577)) REPRESENTATION_ITEM('') );
#519 = CARTESIAN_POINT('',(0.1,5.478104631727E-04,0.494787931602));
#520 = CARTESIAN_POINT('',(0.1,3.653572044893E-04,0.496523858401));
#521 = CARTESIAN_POINT('',(0.1,2.192831180766E-04,0.49826341629));
#522 = CARTESIAN_POINT('',(0.1,1.096652759717E-04,0.500005747314));
#523 = CARTESIAN_POINT('',(0.1,3.655943564777E-05,0.50174999185));
#524 = CARTESIAN_POINT('',(0.1,5.551115123126E-17,0.503495289159));
#525 = CARTESIAN_POINT('',(0.1,2.775557561563E-17,0.505240777928));
#526 = B_SPLINE_SURFACE_WITH_KNOTS('',8,8,(
    (#527,#528,#529,#530,#531,#532,#533,#534,#535)
    ,(#536,#537,#538,#539,#540,#541,#542,#543,#544)
    ,(#545,#546,#547,#548,#549,#550,#551,#552,#553)
    ,(#554,#555,#556,#557,#558,#559,#560,#561,#562)
    ,(#563,#564,#565,#566,#567,#568,#569,#570,#571)
    ,(#572,#573,#574,#575,#576,#577,#578,#579,#580)
    ,(#581,#582,#583,#584,#585,#586,#587,#588,#589)
    ,(#590,#591,#592,#593,#594,#595,#596,#597,#598)
    ,(#599,#600,#601,#602,#603,#604,#605,#606,#607
  )),.UNSPECIFIED.,.F.,.F.,.F.,(9,9),(9,9),(-7.778174593052E-02,
    7.778174593052E-02),(-8.855910256723E-03,7.315613219613E-03),
  .PIECEWISE_BEZIER_KNOTS.);
#527 = CARTESIAN_POINT('',(0.111418681421,1.418941430493E-03,
    0.491162527791));
#528 = CARTESIAN_POINT('',(0.110960249713,9.604387131826E-04,
    0.493160825431));
#529 = CARTESIAN_POINT('',(0.110673666688,6.735465345664E-04,
    0.495167933805));
#530 = CARTESIAN_POINT('',(0.111674862513,1.674870588907E-03,
    0.497244945928));
#531 = CARTESIAN_POINT('',(0.109469741574,-5.300162874529E-04,
    0.499149414281));
#532 = CARTESIAN_POINT('',(0.110814319136,8.13923343123E-04,
    0.501244605343));
#533 = CARTESIAN_POINT('',(0.110393110753,3.933739140133E-04,
    0.503244685123));
#534 = CARTESIAN_POINT('',(0.110359430326,3.594616379927E-04,
    0.505265856781));
#535 = CARTESIAN_POINT('',(0.110431260161,4.314286111157E-04,
    0.507292534228));
#536 = CARTESIAN_POINT('',(8.213384558506E-02,-3.66033377589E-04,
    0.490333899139));
#537 = CARTESIAN_POINT('',(8.154075795371E-02,-9.590931485857E-04,
    0.49232508823));
#538 = CARTESIAN_POINT('',(8.075227932154E-02,-1.74789818595E-03,
    0.494305628223));
#539 = CARTESIAN_POINT('',(8.150121671977E-02,-9.990284869522E-04,
    0.496367060197));
#540 = CARTESIAN_POINT('',(8.055503226844E-02,-1.945785468573E-03,
    0.498342900584));
#541 = CARTESIAN_POINT('',(8.154796583856E-02,-9.508146872173E-04,
    0.500415216245));
#542 = CARTESIAN_POINT('',(8.043567625329E-02,-2.065389886323E-03,
    0.502380876298));
#543 = CARTESIAN_POINT('',(8.053141895868E-02,-1.968997506276E-03,
    0.504408381183));
#544 = CARTESIAN_POINT('',(8.080072615067E-02,-1.699464166207E-03,
    0.506445543083));
#545 = CARTESIAN_POINT('',(5.908761826644E-02,4.088195396381E-03,
    0.489838071467));
#546 = CARTESIAN_POINT('',(5.863210882313E-02,3.633241962055E-03,
    0.491836698386));
#547 = CARTESIAN_POINT('',(6.094439973726E-02,5.951595313526E-03,
    0.493987643211));
#548 = CARTESIAN_POINT('',(5.180443303975E-02,-3.208085923849E-03,
    0.495506696809));
#549 = CARTESIAN_POINT('',(6.565687877442E-02,1.067252568896E-02,
    0.498290154492));
#550 = CARTESIAN_POINT('',(5.16327698142E-02,-3.379324316514E-03,
    0.499549463596));
#551 = CARTESIAN_POINT('',(5.983165045954E-02,4.836925131886E-03,
    0.502016081633));
#552 = CARTESIAN_POINT('',(5.850896081919E-02,3.512236091023E-03,
    0.5039662276));
#553 = CARTESIAN_POINT('',(5.808169405104E-02,3.083466746689E-03,
    0.505966735706));
#554 = CARTESIAN_POINT('',(4.394543785679E-02,1.644398966456E-02,
    0.489764692574));
#555 = CARTESIAN_POINT('',(4.567187915378E-02,1.816963313536E-02,
    0.491881205459));
#556 = CARTESIAN_POINT('',(4.362591837079E-02,1.611547954536E-02,
    0.493787092648));
#557 = CARTESIAN_POINT('',(5.502258554145E-02,2.75455901542E-02,
    0.496450304029));
#558 = CARTESIAN_POINT('',(2.277104169817E-02,-4.754790559023E-03,
    0.496695399223));
#559 = CARTESIAN_POINT('',(4.987207119646E-02,2.239212573272E-02,
    0.500211885899));
#560 = CARTESIAN_POINT('',(4.098689726391E-02,1.34800199977E-02,
    0.501736237027));
#561 = CARTESIAN_POINT('',(4.539820771478E-02,1.789364947822E-02,
    0.504001210416));
#562 = CARTESIAN_POINT('',(4.4319686076E-02,1.681696661405E-02,
    0.505966122543));
#563 = CARTESIAN_POINT('',(2.559561295129E-02,2.559561295145E-02,
    0.489514810223));
#564 = CARTESIAN_POINT('',(2.307979521454E-02,2.307979521475E-02,
    0.491400663563));
#565 = CARTESIAN_POINT('',(2.213981167367E-02,2.213981166784E-02,
    0.493382572824));
#566 = CARTESIAN_POINT('',(1.220064272542E-02,1.220064273803E-02,
    0.494841269865));
#567 = CARTESIAN_POINT('',(4.544230308283E-02,4.544230307164E-02,
    0.498706575934));
#568 = CARTESIAN_POINT('',(1.651426253969E-02,1.651426254389E-02,
    0.499124669808));
#569 = CARTESIAN_POINT('',(2.545262534537E-02,2.545262534503E-02,
    0.501657366696));
#570 = CARTESIAN_POINT('',(2.164239605106E-02,2.164239605094E-02,
    0.503468126789));
#571 = CARTESIAN_POINT('',(2.298193622075E-02,2.298193622065E-02,
    0.505562861623));
#572 = CARTESIAN_POINT('',(1.644398966479E-02,4.394543785687E-02,
    0.489764692574));
#573 = CARTESIAN_POINT('',(1.816963313607E-02,4.567187915423E-02,
    0.491881205459));
#574 = CARTESIAN_POINT('',(1.611547954379E-02,4.362591837829E-02,
    0.493787092648));
#575 = CARTESIAN_POINT('',(2.754559015794E-02,5.502258552545E-02,
    0.496450304029));
#576 = CARTESIAN_POINT('',(-4.754790564501E-03,2.277104171045E-02,
    0.496695399224));
#577 = CARTESIAN_POINT('',(2.239212573942E-02,4.987207119609E-02,
    0.500211885899));
#578 = CARTESIAN_POINT('',(1.348001999306E-02,4.098689726015E-02,
    0.501736237027));
#579 = CARTESIAN_POINT('',(1.789364947661E-02,4.539820771333E-02,
    0.504001210416));
#580 = CARTESIAN_POINT('',(1.681696661351E-02,4.431968607563E-02,
    0.505966122543));
#581 = CARTESIAN_POINT('',(4.088195396368E-03,5.908761826648E-02,
    0.489838071467));
#582 = CARTESIAN_POINT('',(3.633241961804E-03,5.863210882295E-02,
    0.491836698386));
#583 = CARTESIAN_POINT('',(5.951595313423E-03,6.094439973291E-02,
    0.493987643211));
#584 = CARTESIAN_POINT('',(-3.208085926607E-03,5.180443304632E-02,
    0.49550669681));
#585 = CARTESIAN_POINT('',(1.067252569099E-02,6.565687876796E-02,
    0.498290154492));
#586 = CARTESIAN_POINT('',(-3.379324318863E-03,5.163276981562E-02,
    0.499549463596));
#587 = CARTESIAN_POINT('',(4.836925136056E-03,5.983165046284E-02,
    0.502016081633));
#588 = CARTESIAN_POINT('',(3.512236093126E-03,5.850896082121E-02,
    0.5039662276));
#589 = CARTESIAN_POINT('',(3.083466747602E-03,5.808169405191E-02,
    0.505966735706));
#590 = CARTESIAN_POINT('',(-3.660333776826E-04,8.213384558494E-02,
    0.490333899139));
#591 = CARTESIAN_POINT('',(-9.590931483918E-04,8.154075795383E-02,
    0.49232508823));
#592 = CARTESIAN_POINT('',(-1.747898186282E-03,8.07522793217E-02,
    0.494305628223));
#593 = CARTESIAN_POINT('',(-9.990284836729E-04,8.150121672193E-02,
    0.496367060197));
#594 = CARTESIAN_POINT('',(-1.945785474206E-03,8.05550322642E-02,
    0.498342900584));
#595 = CARTESIAN_POINT('',(-9.50814682598E-04,8.154796584212E-02,
    0.500415216245));
#596 = CARTESIAN_POINT('',(-2.065389888263E-03,8.043567625176E-02,
    0.502380876298));
#597 = CARTESIAN_POINT('',(-1.968997507583E-03,8.053141895743E-02,
    0.504408381183));
#598 = CARTESIAN_POINT('',(-1.699464166992E-03,8.080072614995E-02,
    0.506445543083));
#599 = CARTESIAN_POINT('',(1.418941429958E-03,0.111418681421,
    0.491162527791));
#600 = CARTESIAN_POINT('',(9.604387130022E-04,0.110960249713,
    0.493160825431));
#601 = CARTESIAN_POINT('',(6.735465350563E-04,0.110673666688,
    0.495167933805));
#602 = CARTESIAN_POINT('',(1.674870586606E-03,0.11167486251,
    0.497244945927));
#603 = CARTESIAN_POINT('',(-5.300162839832E-04,0.109469741579,
    0.499149414281));
#604 = CARTESIAN_POINT('',(8.139233402268E-04,0.110814319132,
    0.501244605343));
#605 = CARTESIAN_POINT('',(3.933739150944E-04,0.110393110755,
    0.503244685123));
#606 = CARTESIAN_POINT('',(3.594616380297E-04,0.110359430326,
    0.505265856781));
#607 = CARTESIAN_POINT('',(4.314286115721E-04,0.110431260161,
    0.507292534228));
#608 = ADVANCED_FACE('',(#609),#634,.F.);
#609 = FACE_BOUND('',#610,.F.);
#610 = EDGE_LOOP('',(#611,#612,#620,#628));
#611 = ORIENTED_EDGE('',*,*,#250,.T.);
#612 = ORIENTED_EDGE('',*,*,#613,.T.);
#613 = EDGE_CURVE('',#251,#614,#616,.T.);
#614 = VERTEX_POINT('',#615);
#615 = CARTESIAN_POINT('',(1.387778780781E-17,2.9,0.594759222072));
#616 = LINE('',#617,#618);
#617 = CARTESIAN_POINT('',(-1.387778780781E-17,2.9,0.5));
#618 = VECTOR('',#619,1.);
#619 = DIRECTION('',(0.,0.,1.));
#620 = ORIENTED_EDGE('',*,*,#621,.F.);
#621 = EDGE_CURVE('',#622,#614,#624,.T.);
#622 = VERTEX_POINT('',#623);
#623 = CARTESIAN_POINT('',(-1.387778780781E-17,0.1,0.594759222072));
#624 = LINE('',#625,#626);
#625 = CARTESIAN_POINT('',(1.387778780781E-17,0.,0.594759222072));
#626 = VECTOR('',#627,1.);
#627 = DIRECTION('',(0.,1.,-0.));
#628 = ORIENTED_EDGE('',*,*,#629,.F.);
#629 = EDGE_CURVE('',#239,#622,#630,.T.);
#630 = LINE('',#631,#632);
#631 = CARTESIAN_POINT('',(-1.387778780781E-17,0.1,0.5));
#632 = VECTOR('',#633,1.);
#633 = DIRECTION('',(0.,0.,1.));
#634 = PLANE('',#635);
#635 = AXIS2_PLACEMENT_3D('',#636,#637,#638);
#636 = CARTESIAN_POINT('',(0.,0.,0.5));
#637 = DIRECTION('',(1.,0.,-0.));
#638 = DIRECTION('',(0.,0.,1.));
#639 = ADVANCED_FACE('',(#640),#651,.T.);
#640 = FACE_BOUND('',#641,.T.);
#641 = EDGE_LOOP('',(#642,#643,#650));
#642 = ORIENTED_EDGE('',*,*,#295,.F.);
#643 = ORIENTED_EDGE('',*,*,#644,.T.);
#644 = EDGE_CURVE('',#288,#312,#645,.T.);
#645 = CIRCLE('',#646,0.1);
#646 = AXIS2_PLACEMENT_3D('',#647,#648,#649);
#647 = CARTESIAN_POINT('',(0.132082098536,0.132082098536,0.2));
#648 = DIRECTION('',(-1.,1.169677808298E-16,6.49301617083E-32));
#649 = DIRECTION('',(-1.169677808298E-16,-1.,-5.551115123126E-16));
#650 = ORIENTED_EDGE('',*,*,#311,.F.);
#651 = SPHERICAL_SURFACE('',#652,0.1);
#652 = AXIS2_PLACEMENT_3D('',#653,#654,#655);
#653 = CARTESIAN_POINT('',(0.132082098536,0.132082098536,0.2));
#654 = DIRECTION('',(0.,-5.551115123126E-16,1.));
#655 = DIRECTION('',(-1.,4.998246507225E-16,2.774584177537E-31));
#656 = ADVANCED_FACE('',(#657),#682,.F.);
#657 = FACE_BOUND('',#658,.F.);
#658 = EDGE_LOOP('',(#659,#660,#668,#676));
#659 = ORIENTED_EDGE('',*,*,#287,.F.);
#660 = ORIENTED_EDGE('',*,*,#661,.T.);
#661 = EDGE_CURVE('',#288,#662,#664,.T.);
#662 = VERTEX_POINT('',#663);
#663 = CARTESIAN_POINT('',(2.867917901464,0.132082098536,0.1));
#664 = LINE('',#665,#666);
#665 = CARTESIAN_POINT('',(4.204169410627E-02,0.132082098536,0.1));
#666 = VECTOR('',#667,1.);
#667 = DIRECTION('',(1.,0.,-0.));
#668 = ORIENTED_EDGE('',*,*,#669,.T.);
#669 = EDGE_CURVE('',#662,#670,#672,.T.);
#670 = VERTEX_POINT('',#671);
#671 = CARTESIAN_POINT('',(2.867917901464,2.867917901464,0.1));
#672 = LINE('',#673,#674);
#673 = CARTESIAN_POINT('',(2.867917901464,4.204169410627E-02,0.1));
#674 = VECTOR('',#675,1.);
#675 = DIRECTION('',(-0.,1.,-0.));
#676 = ORIENTED_EDGE('',*,*,#677,.F.);
#677 = EDGE_CURVE('',#279,#670,#678,.T.);
#678 = LINE('',#679,#680);
#679 = CARTESIAN_POINT('',(4.204169410627E-02,2.867917901464,0.1));
#680 = VECTOR('',#681,1.);
#681 = DIRECTION('',(1.,-0.,-0.));
#682 = PLANE('',#683);
#683 = AXIS2_PLACEMENT_3D('',#684,#685,#686);
#684 = CARTESIAN_POINT('',(0.,0.,0.1));
#685 = DIRECTION('',(0.,0.,1.));
#686 = DIRECTION('',(1.,0.,-0.));
#687 = ADVANCED_FACE('',(#688),#713,.T.);
#688 = FACE_BOUND('',#689,.T.);
#689 = EDGE_LOOP('',(#690,#691,#699,#707));
#690 = ORIENTED_EDGE('',*,*,#320,.T.);
#691 = ORIENTED_EDGE('',*,*,#692,.T.);
#692 = EDGE_CURVE('',#312,#693,#695,.T.);
#693 = VERTEX_POINT('',#694);
#694 = CARTESIAN_POINT('',(2.867917901464,3.262990899923E-02,
    0.189547153673));
#695 = LINE('',#696,#697);
#696 = CARTESIAN_POINT('',(4.204169410627E-02,3.262990899923E-02,
    0.189547153673));
#697 = VECTOR('',#698,1.);
#698 = DIRECTION('',(1.,0.,-0.));
#699 = ORIENTED_EDGE('',*,*,#700,.F.);
#700 = EDGE_CURVE('',#701,#693,#703,.T.);
#701 = VERTEX_POINT('',#702);
#702 = CARTESIAN_POINT('',(2.9,5.478104631727E-04,0.494787931602));
#703 = LINE('',#704,#705);
#704 = CARTESIAN_POINT('',(2.901622700477,-1.074890013952E-03,
    0.510226895341));
#705 = VECTOR('',#706,1.);
#706 = DIRECTION('',(-0.103962051184,0.103962051184,-0.989132844378));
#707 = ORIENTED_EDGE('',*,*,#708,.F.);
#708 = EDGE_CURVE('',#321,#701,#709,.T.);
#709 = LINE('',#710,#711);
#710 = CARTESIAN_POINT('',(0.,5.478104631727E-04,0.494787931602));
#711 = VECTOR('',#712,1.);
#712 = DIRECTION('',(1.,0.,-0.));
#713 = PLANE('',#714);
#714 = AXIS2_PLACEMENT_3D('',#715,#716,#717);
#715 = CARTESIAN_POINT('',(0.,0.,0.5));
#716 = DIRECTION('',(0.,-0.994521895368,-0.104528463268));
#717 = DIRECTION('',(1.,0.,0.));
#718 = ADVANCED_FACE('',(#719),#741,.T.);
#719 = FACE_BOUND('',#720,.T.);
#720 = EDGE_LOOP('',(#721,#722,#730,#740));
#721 = ORIENTED_EDGE('',*,*,#360,.T.);
#722 = ORIENTED_EDGE('',*,*,#723,.T.);
#723 = EDGE_CURVE('',#349,#724,#726,.T.);
#724 = VERTEX_POINT('',#725);
#725 = CARTESIAN_POINT('',(2.9,3.,0.505240777928));
#726 = LINE('',#727,#728);
#727 = CARTESIAN_POINT('',(0.,3.,0.505240777928));
#728 = VECTOR('',#729,1.);
#729 = DIRECTION('',(1.,0.,-0.));
#730 = ORIENTED_EDGE('',*,*,#731,.T.);
#731 = EDGE_CURVE('',#724,#465,#732,.T.);
#732 = ( BOUNDED_CURVE() B_SPLINE_CURVE(6,(#733,#734,#735,#736,#737,#738
,#739),.UNSPECIFIED.,.F.,.F.) B_SPLINE_CURVE_WITH_KNOTS((7,7),(0.,
0.10471975512),.PIECEWISE_BEZIER_KNOTS.) CURVE() 
GEOMETRIC_REPRESENTATION_ITEM() RATIONAL_B_SPLINE_CURVE((1.000137088577,
    1.00004568784,0.999990860763,0.999972587294,0.999990860763,
1.00004568784,1.000137088577)) REPRESENTATION_ITEM('') );
#733 = CARTESIAN_POINT('',(2.9,3.,0.505240777928));
#734 = CARTESIAN_POINT('',(2.9,3.,0.503495289159));
#735 = CARTESIAN_POINT('',(2.9,2.999963440564,0.50174999185));
#736 = CARTESIAN_POINT('',(2.9,2.999890334724,0.500005747314));
#737 = CARTESIAN_POINT('',(2.9,2.999780716882,0.49826341629));
#738 = CARTESIAN_POINT('',(2.9,2.999634642796,0.496523858401));
#739 = CARTESIAN_POINT('',(2.9,2.999452189537,0.494787931602));
#740 = ORIENTED_EDGE('',*,*,#472,.F.);
#741 = CYLINDRICAL_SURFACE('',#742,0.1);
#742 = AXIS2_PLACEMENT_3D('',#743,#744,#745);
#743 = CARTESIAN_POINT('',(0.,2.9,0.505240777928));
#744 = DIRECTION('',(1.,0.,-0.));
#745 = DIRECTION('',(-0.,0.994521895368,-0.104528463268));
#746 = ADVANCED_FACE('',(#747),#769,.T.);
#747 = FACE_BOUND('',#748,.T.);
#748 = EDGE_LOOP('',(#749,#750,#762,#768));
#749 = ORIENTED_EDGE('',*,*,#613,.T.);
#750 = ORIENTED_EDGE('',*,*,#751,.F.);
#751 = EDGE_CURVE('',#752,#614,#754,.T.);
#752 = VERTEX_POINT('',#753);
#753 = CARTESIAN_POINT('',(0.1,3.,0.594759222072));
#754 = ( BOUNDED_CURVE() B_SPLINE_CURVE(6,(#755,#756,#757,#758,#759,#760
,#761),.UNSPECIFIED.,.F.,.F.) B_SPLINE_CURVE_WITH_KNOTS((7,7),(0.,
1.570796326795),.PIECEWISE_BEZIER_KNOTS.) CURVE() 
GEOMETRIC_REPRESENTATION_ITEM() RATIONAL_B_SPLINE_CURVE((1.031393471788,
    1.010025407661,0.997924642725,0.993958444137,0.997924642725,
1.010025407661,1.031393471788)) REPRESENTATION_ITEM('') );
#755 = CARTESIAN_POINT('',(0.1,3.,0.594759222072));
#756 = CARTESIAN_POINT('',(7.326632168471E-02,3.,0.594759222072));
#757 = CARTESIAN_POINT('',(4.722914274178E-02,2.991499564937,
    0.594759222072));
#758 = CARTESIAN_POINT('',(2.480804867977E-02,2.97519195132,
    0.594759222072));
#759 = CARTESIAN_POINT('',(8.500435063369E-03,2.952770857258,
    0.594759222072));
#760 = CARTESIAN_POINT('',(1.249000902703E-16,2.926733678315,
    0.594759222072));
#761 = CARTESIAN_POINT('',(-1.387778780781E-17,2.9,0.594759222072));
#762 = ORIENTED_EDGE('',*,*,#763,.F.);
#763 = EDGE_CURVE('',#349,#752,#764,.T.);
#764 = LINE('',#765,#766);
#765 = CARTESIAN_POINT('',(0.1,3.,0.5));
#766 = VECTOR('',#767,1.);
#767 = DIRECTION('',(0.,0.,1.));
#768 = ORIENTED_EDGE('',*,*,#348,.T.);
#769 = CYLINDRICAL_SURFACE('',#770,0.1);
#770 = AXIS2_PLACEMENT_3D('',#771,#772,#773);
#771 = CARTESIAN_POINT('',(0.1,2.9,0.5));
#772 = DIRECTION('',(0.,0.,1.));
#773 = DIRECTION('',(-1.,-0.,0.));
#774 = ADVANCED_FACE('',(#775),#787,.T.);
#775 = FACE_BOUND('',#776,.T.);
#776 = EDGE_LOOP('',(#777,#778,#785,#786));
#777 = ORIENTED_EDGE('',*,*,#456,.T.);
#778 = ORIENTED_EDGE('',*,*,#779,.F.);
#779 = EDGE_CURVE('',#670,#457,#780,.T.);
#780 = CIRCLE('',#781,0.1);
#781 = AXIS2_PLACEMENT_3D('',#782,#783,#784);
#782 = CARTESIAN_POINT('',(2.867917901464,2.867917901464,0.2));
#783 = DIRECTION('',(1.,4.667565679103E-16,4.440892098501E-15));
#784 = DIRECTION('',(-4.667565679103E-16,1.,-2.072815554356E-30));
#785 = ORIENTED_EDGE('',*,*,#677,.F.);
#786 = ORIENTED_EDGE('',*,*,#487,.T.);
#787 = CYLINDRICAL_SURFACE('',#788,0.1);
#788 = AXIS2_PLACEMENT_3D('',#789,#790,#791);
#789 = CARTESIAN_POINT('',(4.204169410627E-02,2.867917901464,0.2));
#790 = DIRECTION('',(1.,-0.,-0.));
#791 = DIRECTION('',(0.,0.994521895368,-0.104528463268));
#792 = ADVANCED_FACE('',(#793),#823,.T.);
#793 = FACE_BOUND('',#794,.T.);
#794 = EDGE_LOOP('',(#795,#807,#815,#822));
#795 = ORIENTED_EDGE('',*,*,#796,.T.);
#796 = EDGE_CURVE('',#465,#797,#799,.T.);
#797 = VERTEX_POINT('',#798);
#798 = CARTESIAN_POINT('',(2.999452189537,2.9,0.494787931602));
#799 = ( BOUNDED_CURVE() B_SPLINE_CURVE(6,(#800,#801,#802,#803,#804,#805
,#806),.UNSPECIFIED.,.F.,.F.) B_SPLINE_CURVE_WITH_KNOTS((7,7),(0.,
1.559869909752),.PIECEWISE_BEZIER_KNOTS.) CURVE() 
GEOMETRIC_REPRESENTATION_ITEM() RATIONAL_B_SPLINE_CURVE((1.030950613501,
    1.009890100201,0.997953445068,0.994040710927,0.997953445068,
1.009890100201,1.030950613501)) REPRESENTATION_ITEM('') );
#800 = CARTESIAN_POINT('',(2.9,2.999452189537,0.494787931602));
#801 = CARTESIAN_POINT('',(2.926396068307,2.999163780825,0.492043906005)
  );
#802 = CARTESIAN_POINT('',(2.952114481755,2.990549925217,0.490246144534)
  );
#803 = CARTESIAN_POINT('',(2.974311721695,2.974311721695,0.489619824568)
  );
#804 = CARTESIAN_POINT('',(2.990549925217,2.952114481755,0.490246144534)
  );
#805 = CARTESIAN_POINT('',(2.999163780825,2.926396068307,0.492043906005)
  );
#806 = CARTESIAN_POINT('',(2.999452189537,2.9,0.494787931602));
#807 = ORIENTED_EDGE('',*,*,#808,.T.);
#808 = EDGE_CURVE('',#797,#809,#811,.T.);
#809 = VERTEX_POINT('',#810);
#810 = CARTESIAN_POINT('',(2.967370091001,2.867917901464,0.189547153673)
  );
#811 = LINE('',#812,#813);
#812 = CARTESIAN_POINT('',(3.001074890014,2.901622700477,0.510226895341)
  );
#813 = VECTOR('',#814,1.);
#814 = DIRECTION('',(-0.103962051184,-0.103962051184,-0.989132844378));
#815 = ORIENTED_EDGE('',*,*,#816,.F.);
#816 = EDGE_CURVE('',#457,#809,#817,.T.);
#817 = CIRCLE('',#818,0.1);
#818 = AXIS2_PLACEMENT_3D('',#819,#820,#821);
#819 = CARTESIAN_POINT('',(2.867917901464,2.867917901464,0.2));
#820 = DIRECTION('',(-0.103962051184,-0.103962051184,-0.989132844378));
#821 = DIRECTION('',(9.163329817152E-14,0.994521895368,-0.104528463267)
  );
#822 = ORIENTED_EDGE('',*,*,#464,.F.);
#823 = CYLINDRICAL_SURFACE('',#824,0.1);
#824 = AXIS2_PLACEMENT_3D('',#825,#826,#827);
#825 = CARTESIAN_POINT('',(2.901622700477,2.901622700477,0.520679741668)
  );
#826 = DIRECTION('',(-0.103962051184,-0.103962051184,-0.989132844378));
#827 = DIRECTION('',(9.1635032895E-14,0.994521895368,-0.104528463267));
#828 = ADVANCED_FACE('',(#829),#851,.T.);
#829 = FACE_BOUND('',#830,.T.);
#830 = EDGE_LOOP('',(#831,#832,#844,#850));
#831 = ORIENTED_EDGE('',*,*,#708,.T.);
#832 = ORIENTED_EDGE('',*,*,#833,.F.);
#833 = EDGE_CURVE('',#834,#701,#836,.T.);
#834 = VERTEX_POINT('',#835);
#835 = CARTESIAN_POINT('',(2.9,8.326672684689E-17,0.505240777928));
#836 = ( BOUNDED_CURVE() B_SPLINE_CURVE(6,(#837,#838,#839,#840,#841,#842
,#843),.UNSPECIFIED.,.F.,.F.) B_SPLINE_CURVE_WITH_KNOTS((7,7),(0.,
0.10471975512),.PIECEWISE_BEZIER_KNOTS.) CURVE() 
GEOMETRIC_REPRESENTATION_ITEM() RATIONAL_B_SPLINE_CURVE((1.000137088577,
    1.00004568784,0.999990860763,0.999972587294,0.999990860763,
1.00004568784,1.000137088577)) REPRESENTATION_ITEM('') );
#837 = CARTESIAN_POINT('',(2.9,2.775557561563E-17,0.505240777928));
#838 = CARTESIAN_POINT('',(2.9,5.551115123126E-17,0.503495289159));
#839 = CARTESIAN_POINT('',(2.9,3.655943564777E-05,0.50174999185));
#840 = CARTESIAN_POINT('',(2.9,1.096652759717E-04,0.500005747314));
#841 = CARTESIAN_POINT('',(2.9,2.192831180766E-04,0.49826341629));
#842 = CARTESIAN_POINT('',(2.9,3.653572044893E-04,0.496523858401));
#843 = CARTESIAN_POINT('',(2.9,5.478104631727E-04,0.494787931602));
#844 = ORIENTED_EDGE('',*,*,#845,.F.);
#845 = EDGE_CURVE('',#506,#834,#846,.T.);
#846 = LINE('',#847,#848);
#847 = CARTESIAN_POINT('',(0.,2.775557561563E-17,0.505240777928));
#848 = VECTOR('',#849,1.);
#849 = DIRECTION('',(1.,0.,-0.));
#850 = ORIENTED_EDGE('',*,*,#517,.F.);
#851 = CYLINDRICAL_SURFACE('',#852,0.1);
#852 = AXIS2_PLACEMENT_3D('',#853,#854,#855);
#853 = CARTESIAN_POINT('',(0.,0.1,0.505240777928));
#854 = DIRECTION('',(1.,0.,-0.));
#855 = DIRECTION('',(0.,-0.994521895368,-0.104528463268));
#856 = ADVANCED_FACE('',(#857),#879,.T.);
#857 = FACE_BOUND('',#858,.T.);
#858 = EDGE_LOOP('',(#859,#860,#868,#878));
#859 = ORIENTED_EDGE('',*,*,#505,.F.);
#860 = ORIENTED_EDGE('',*,*,#861,.T.);
#861 = EDGE_CURVE('',#506,#862,#864,.T.);
#862 = VERTEX_POINT('',#863);
#863 = CARTESIAN_POINT('',(0.1,-1.387778780781E-17,0.594759222072));
#864 = LINE('',#865,#866);
#865 = CARTESIAN_POINT('',(0.1,-1.387778780781E-17,0.5));
#866 = VECTOR('',#867,1.);
#867 = DIRECTION('',(0.,0.,1.));
#868 = ORIENTED_EDGE('',*,*,#869,.F.);
#869 = EDGE_CURVE('',#622,#862,#870,.T.);
#870 = ( BOUNDED_CURVE() B_SPLINE_CURVE(6,(#871,#872,#873,#874,#875,#876
,#877),.UNSPECIFIED.,.F.,.F.) B_SPLINE_CURVE_WITH_KNOTS((7,7),(0.,
1.570796326795),.PIECEWISE_BEZIER_KNOTS.) CURVE() 
GEOMETRIC_REPRESENTATION_ITEM() RATIONAL_B_SPLINE_CURVE((1.031393471788,
    1.010025407661,0.997924642725,0.993958444137,0.997924642725,
1.010025407661,1.031393471788)) REPRESENTATION_ITEM('') );
#871 = CARTESIAN_POINT('',(-1.387778780781E-17,0.1,0.594759222072));
#872 = CARTESIAN_POINT('',(1.249000902703E-16,7.326632168471E-02,
    0.594759222072));
#873 = CARTESIAN_POINT('',(8.500435063369E-03,4.722914274178E-02,
    0.594759222072));
#874 = CARTESIAN_POINT('',(2.480804867977E-02,2.480804867977E-02,
    0.594759222072));
#875 = CARTESIAN_POINT('',(4.722914274178E-02,8.500435063369E-03,
    0.594759222072));
#876 = CARTESIAN_POINT('',(7.326632168471E-02,-1.387778780781E-17,
    0.594759222072));
#877 = CARTESIAN_POINT('',(0.1,-1.387778780781E-17,0.594759222072));
#878 = ORIENTED_EDGE('',*,*,#629,.F.);
#879 = CYLINDRICAL_SURFACE('',#880,0.1);
#880 = AXIS2_PLACEMENT_3D('',#881,#882,#883);
#881 = CARTESIAN_POINT('',(0.1,0.1,0.5));
#882 = DIRECTION('',(0.,0.,1.));
#883 = DIRECTION('',(-1.,-0.,0.));
#884 = ADVANCED_FACE('',(#885),#918,.T.);
#885 = FACE_BOUND('',#886,.T.);
#886 = EDGE_LOOP('',(#887,#899,#907,#917));
#887 = ORIENTED_EDGE('',*,*,#888,.F.);
#888 = EDGE_CURVE('',#889,#622,#891,.T.);
#889 = VERTEX_POINT('',#890);
#890 = CARTESIAN_POINT('',(5.478104631727E-04,0.1,0.605212068398));
#891 = ( BOUNDED_CURVE() B_SPLINE_CURVE(6,(#892,#893,#894,#895,#896,#897
,#898),.UNSPECIFIED.,.F.,.F.) B_SPLINE_CURVE_WITH_KNOTS((7,7),(0.,
0.10471975512),.PIECEWISE_BEZIER_KNOTS.) CURVE() 
GEOMETRIC_REPRESENTATION_ITEM() RATIONAL_B_SPLINE_CURVE((1.000137088577,
    1.00004568784,0.999990860763,0.999972587294,0.999990860763,
1.00004568784,1.000137088577)) REPRESENTATION_ITEM('') );
#892 = CARTESIAN_POINT('',(5.478104631727E-04,0.1,0.605212068398));
#893 = CARTESIAN_POINT('',(3.653572044893E-04,0.1,0.603476141599));
#894 = CARTESIAN_POINT('',(2.192831180767E-04,0.1,0.60173658371));
#895 = CARTESIAN_POINT('',(1.096652759717E-04,0.1,0.599994252686));
#896 = CARTESIAN_POINT('',(3.655943564763E-05,0.1,0.59825000815));
#897 = CARTESIAN_POINT('',(1.387778780781E-16,0.1,0.596504710841));
#898 = CARTESIAN_POINT('',(1.387778780781E-17,0.1,0.594759222072));
#899 = ORIENTED_EDGE('',*,*,#900,.T.);
#900 = EDGE_CURVE('',#889,#901,#903,.T.);
#901 = VERTEX_POINT('',#902);
#902 = CARTESIAN_POINT('',(5.478104631727E-04,2.9,0.605212068398));
#903 = LINE('',#904,#905);
#904 = CARTESIAN_POINT('',(5.478104631727E-04,0.,0.605212068398));
#905 = VECTOR('',#906,1.);
#906 = DIRECTION('',(0.,1.,-0.));
#907 = ORIENTED_EDGE('',*,*,#908,.F.);
#908 = EDGE_CURVE('',#614,#901,#909,.T.);
#909 = ( BOUNDED_CURVE() B_SPLINE_CURVE(6,(#910,#911,#912,#913,#914,#915
,#916),.UNSPECIFIED.,.F.,.F.) B_SPLINE_CURVE_WITH_KNOTS((7,7),(0.,
0.10471975512),.PIECEWISE_BEZIER_KNOTS.) CURVE() 
GEOMETRIC_REPRESENTATION_ITEM() RATIONAL_B_SPLINE_CURVE((1.000137088577,
    1.00004568784,0.999990860763,0.999972587294,0.999990860763,
1.00004568784,1.000137088577)) REPRESENTATION_ITEM('') );
#910 = CARTESIAN_POINT('',(1.387778780781E-17,2.9,0.594759222072));
#911 = CARTESIAN_POINT('',(1.387778780781E-16,2.9,0.596504710841));
#912 = CARTESIAN_POINT('',(3.655943564763E-05,2.9,0.59825000815));
#913 = CARTESIAN_POINT('',(1.096652759717E-04,2.9,0.599994252686));
#914 = CARTESIAN_POINT('',(2.192831180767E-04,2.9,0.60173658371));
#915 = CARTESIAN_POINT('',(3.653572044893E-04,2.9,0.603476141599));
#916 = CARTESIAN_POINT('',(5.478104631727E-04,2.9,0.605212068398));
#917 = ORIENTED_EDGE('',*,*,#621,.F.);
#918 = CYLINDRICAL_SURFACE('',#919,0.1);
#919 = AXIS2_PLACEMENT_3D('',#920,#921,#922);
#920 = CARTESIAN_POINT('',(0.1,0.,0.594759222072));
#921 = DIRECTION('',(0.,1.,-0.));
#922 = DIRECTION('',(-1.,0.,0.));
#923 = ADVANCED_FACE('',(#924),#936,.T.);
#924 = FACE_BOUND('',#925,.T.);
#925 = EDGE_LOOP('',(#926,#927,#928,#935));
#926 = ORIENTED_EDGE('',*,*,#644,.F.);
#927 = ORIENTED_EDGE('',*,*,#661,.T.);
#928 = ORIENTED_EDGE('',*,*,#929,.T.);
#929 = EDGE_CURVE('',#662,#693,#930,.T.);
#930 = CIRCLE('',#931,0.1);
#931 = AXIS2_PLACEMENT_3D('',#932,#933,#934);
#932 = CARTESIAN_POINT('',(2.867917901464,0.132082098536,0.2));
#933 = DIRECTION('',(-1.,4.667565679103E-16,-4.440892098501E-15));
#934 = DIRECTION('',(-4.667565679103E-16,-1.,5.551115123126E-16));
#935 = ORIENTED_EDGE('',*,*,#692,.F.);
#936 = CYLINDRICAL_SURFACE('',#937,0.1);
#937 = AXIS2_PLACEMENT_3D('',#938,#939,#940);
#938 = CARTESIAN_POINT('',(4.204169410627E-02,0.132082098536,0.2));
#939 = DIRECTION('',(1.,0.,-0.));
#940 = DIRECTION('',(0.,-0.994521895368,-0.104528463268));
#941 = ADVANCED_FACE('',(#942),#967,.T.);
#942 = FACE_BOUND('',#943,.T.);
#943 = EDGE_LOOP('',(#944,#945,#952,#960));
#944 = ORIENTED_EDGE('',*,*,#669,.T.);
#945 = ORIENTED_EDGE('',*,*,#946,.T.);
#946 = EDGE_CURVE('',#670,#809,#947,.T.);
#947 = CIRCLE('',#948,0.1);
#948 = AXIS2_PLACEMENT_3D('',#949,#950,#951);
#949 = CARTESIAN_POINT('',(2.867917901464,2.867917901464,0.2));
#950 = DIRECTION('',(5.279889078677E-16,-1.,2.344741769045E-30));
#951 = DIRECTION('',(1.,5.279889078677E-16,4.440892098501E-15));
#952 = ORIENTED_EDGE('',*,*,#953,.F.);
#953 = EDGE_CURVE('',#954,#809,#956,.T.);
#954 = VERTEX_POINT('',#955);
#955 = CARTESIAN_POINT('',(2.967370091001,0.132082098536,0.189547153673)
  );
#956 = LINE('',#957,#958);
#957 = CARTESIAN_POINT('',(2.967370091001,4.204169410627E-02,
    0.189547153673));
#958 = VECTOR('',#959,1.);
#959 = DIRECTION('',(-0.,1.,-0.));
#960 = ORIENTED_EDGE('',*,*,#961,.F.);
#961 = EDGE_CURVE('',#662,#954,#962,.T.);
#962 = CIRCLE('',#963,0.1);
#963 = AXIS2_PLACEMENT_3D('',#964,#965,#966);
#964 = CARTESIAN_POINT('',(2.867917901464,0.132082098536,0.2));
#965 = DIRECTION('',(-5.279889078677E-16,-1.,5.551115123126E-16));
#966 = DIRECTION('',(1.,-5.279889078677E-16,4.440892098501E-15));
#967 = CYLINDRICAL_SURFACE('',#968,0.1);
#968 = AXIS2_PLACEMENT_3D('',#969,#970,#971);
#969 = CARTESIAN_POINT('',(2.867917901464,4.204169410627E-02,0.2));
#970 = DIRECTION('',(-0.,1.,-0.));
#971 = DIRECTION('',(0.,0.,-1.));
#972 = ADVANCED_FACE('',(#973),#1001,.T.);
#973 = FACE_BOUND('',#974,.T.);
#974 = EDGE_LOOP('',(#975,#976,#983,#991));
#975 = ORIENTED_EDGE('',*,*,#700,.T.);
#976 = ORIENTED_EDGE('',*,*,#977,.T.);
#977 = EDGE_CURVE('',#693,#954,#978,.T.);
#978 = CIRCLE('',#979,0.1);
#979 = AXIS2_PLACEMENT_3D('',#980,#981,#982);
#980 = CARTESIAN_POINT('',(2.867917901464,0.132082098536,0.2));
#981 = DIRECTION('',(0.103962051184,-0.103962051184,0.989132844378));
#982 = DIRECTION('',(9.163329817152E-14,-0.994521895368,-0.104528463267)
  );
#983 = ORIENTED_EDGE('',*,*,#984,.F.);
#984 = EDGE_CURVE('',#985,#954,#987,.T.);
#985 = VERTEX_POINT('',#986);
#986 = CARTESIAN_POINT('',(2.999452189537,0.1,0.494787931602));
#987 = LINE('',#988,#989);
#988 = CARTESIAN_POINT('',(3.001074890014,9.837729952288E-02,
    0.510226895341));
#989 = VECTOR('',#990,1.);
#990 = DIRECTION('',(-0.103962051184,0.103962051184,-0.989132844378));
#991 = ORIENTED_EDGE('',*,*,#992,.F.);
#992 = EDGE_CURVE('',#701,#985,#993,.T.);
#993 = ( BOUNDED_CURVE() B_SPLINE_CURVE(6,(#994,#995,#996,#997,#998,#999
,#1000),.UNSPECIFIED.,.F.,.F.) B_SPLINE_CURVE_WITH_KNOTS((7,7),(0.,
1.559869909752),.PIECEWISE_BEZIER_KNOTS.) CURVE() 
GEOMETRIC_REPRESENTATION_ITEM() RATIONAL_B_SPLINE_CURVE((1.030950613501,
    1.009890100201,0.997953445068,0.994040710927,0.997953445068,
1.009890100201,1.030950613501)) REPRESENTATION_ITEM('') );
#994 = CARTESIAN_POINT('',(2.9,5.478104631727E-04,0.494787931602));
#995 = CARTESIAN_POINT('',(2.926396068307,8.362191750262E-04,
    0.492043906005));
#996 = CARTESIAN_POINT('',(2.952114481755,9.450074782514E-03,
    0.490246144534));
#997 = CARTESIAN_POINT('',(2.974311721695,2.568827830487E-02,
    0.489619824568));
#998 = CARTESIAN_POINT('',(2.990549925217,4.788551824518E-02,
    0.490246144534));
#999 = CARTESIAN_POINT('',(2.999163780825,7.360393169276E-02,
    0.492043906005));
#1000 = CARTESIAN_POINT('',(2.999452189537,0.1,0.494787931602));
#1001 = CYLINDRICAL_SURFACE('',#1002,0.1);
#1002 = AXIS2_PLACEMENT_3D('',#1003,#1004,#1005);
#1003 = CARTESIAN_POINT('',(2.901622700477,9.837729952288E-02,
    0.520679741668));
#1004 = DIRECTION('',(-0.103962051184,0.103962051184,-0.989132844378));
#1005 = DIRECTION('',(9.1635032895E-14,-0.994521895368,-0.104528463267)
  );
#1006 = ADVANCED_FACE('',(#1007),#1025,.T.);
#1007 = FACE_BOUND('',#1008,.T.);
#1008 = EDGE_LOOP('',(#1009,#1010,#1011,#1019));
#1009 = ORIENTED_EDGE('',*,*,#723,.F.);
#1010 = ORIENTED_EDGE('',*,*,#763,.T.);
#1011 = ORIENTED_EDGE('',*,*,#1012,.T.);
#1012 = EDGE_CURVE('',#752,#1013,#1015,.T.);
#1013 = VERTEX_POINT('',#1014);
#1014 = CARTESIAN_POINT('',(2.9,3.,0.594759222072));
#1015 = LINE('',#1016,#1017);
#1016 = CARTESIAN_POINT('',(3.469446951954E-18,3.,0.594759222072));
#1017 = VECTOR('',#1018,1.);
#1018 = DIRECTION('',(1.,0.,0.));
#1019 = ORIENTED_EDGE('',*,*,#1020,.F.);
#1020 = EDGE_CURVE('',#724,#1013,#1021,.T.);
#1021 = LINE('',#1022,#1023);
#1022 = CARTESIAN_POINT('',(2.9,3.,0.5));
#1023 = VECTOR('',#1024,1.);
#1024 = DIRECTION('',(0.,0.,1.));
#1025 = PLANE('',#1026);
#1026 = AXIS2_PLACEMENT_3D('',#1027,#1028,#1029);
#1027 = CARTESIAN_POINT('',(0.,3.,0.5));
#1028 = DIRECTION('',(-0.,1.,0.));
#1029 = DIRECTION('',(0.,0.,1.));
#1030 = ADVANCED_FACE('',(#1031),#1057,.T.);
#1031 = FACE_BOUND('',#1032,.T.);
#1032 = EDGE_LOOP('',(#1033,#1034,#1035,#1047));
#1033 = ORIENTED_EDGE('',*,*,#796,.F.);
#1034 = ORIENTED_EDGE('',*,*,#731,.F.);
#1035 = ORIENTED_EDGE('',*,*,#1036,.F.);
#1036 = EDGE_CURVE('',#1037,#724,#1039,.T.);
#1037 = VERTEX_POINT('',#1038);
#1038 = CARTESIAN_POINT('',(3.,2.9,0.505240777928));
#1039 = ( BOUNDED_CURVE() B_SPLINE_CURVE(6,(#1040,#1041,#1042,#1043,
#1044,#1045,#1046),.UNSPECIFIED.,.F.,.F.) B_SPLINE_CURVE_WITH_KNOTS((7,7
),(0.,1.570796326795),.PIECEWISE_BEZIER_KNOTS.) CURVE() 
GEOMETRIC_REPRESENTATION_ITEM() RATIONAL_B_SPLINE_CURVE((1.031393471788,
    1.010025407661,0.997924642725,0.993958444137,0.997924642725,
1.010025407661,1.031393471788)) REPRESENTATION_ITEM('') );
#1040 = CARTESIAN_POINT('',(3.,2.9,0.505240777928));
#1041 = CARTESIAN_POINT('',(3.,2.926733678315,0.505240777928));
#1042 = CARTESIAN_POINT('',(2.991499564937,2.952770857258,0.505240777928
    ));
#1043 = CARTESIAN_POINT('',(2.97519195132,2.97519195132,0.505240777928)
  );
#1044 = CARTESIAN_POINT('',(2.952770857258,2.991499564937,0.505240777928
    ));
#1045 = CARTESIAN_POINT('',(2.926733678315,3.,0.505240777928));
#1046 = CARTESIAN_POINT('',(2.9,3.,0.505240777928));
#1047 = ORIENTED_EDGE('',*,*,#1048,.F.);
#1048 = EDGE_CURVE('',#797,#1037,#1049,.T.);
#1049 = ( BOUNDED_CURVE() B_SPLINE_CURVE(6,(#1050,#1051,#1052,#1053,
#1054,#1055,#1056),.UNSPECIFIED.,.F.,.F.) B_SPLINE_CURVE_WITH_KNOTS((7,7
),(0.,0.10471975512),.PIECEWISE_BEZIER_KNOTS.) CURVE() 
GEOMETRIC_REPRESENTATION_ITEM() RATIONAL_B_SPLINE_CURVE((1.000137088577,
    1.00004568784,0.999990860763,0.999972587294,0.999990860763,
1.00004568784,1.000137088577)) REPRESENTATION_ITEM('') );
#1050 = CARTESIAN_POINT('',(2.999452189537,2.9,0.494787931602));
#1051 = CARTESIAN_POINT('',(2.999634642796,2.9,0.496523858401));
#1052 = CARTESIAN_POINT('',(2.999780716882,2.9,0.49826341629));
#1053 = CARTESIAN_POINT('',(2.999890334724,2.9,0.500005747314));
#1054 = CARTESIAN_POINT('',(2.999963440564,2.9,0.50174999185));
#1055 = CARTESIAN_POINT('',(3.,2.9,0.503495289159));
#1056 = CARTESIAN_POINT('',(3.,2.9,0.505240777928));
#1057 = B_SPLINE_SURFACE_WITH_KNOTS('',8,8,(
    (#1058,#1059,#1060,#1061,#1062,#1063,#1064,#1065,#1066)
    ,(#1067,#1068,#1069,#1070,#1071,#1072,#1073,#1074,#1075)
    ,(#1076,#1077,#1078,#1079,#1080,#1081,#1082,#1083,#1084)
    ,(#1085,#1086,#1087,#1088,#1089,#1090,#1091,#1092,#1093)
    ,(#1094,#1095,#1096,#1097,#1098,#1099,#1100,#1101,#1102)
    ,(#1103,#1104,#1105,#1106,#1107,#1108,#1109,#1110,#1111)
    ,(#1112,#1113,#1114,#1115,#1116,#1117,#1118,#1119,#1120)
    ,(#1121,#1122,#1123,#1124,#1125,#1126,#1127,#1128,#1129)
    ,(#1130,#1131,#1132,#1133,#1134,#1135,#1136,#1137,#1138
  )),.UNSPECIFIED.,.F.,.F.,.F.,(9,9),(9,9),(-7.778174593052E-02,
    7.778174593052E-02),(-7.315613219614E-03,8.855910256723E-03),
  .PIECEWISE_BEZIER_KNOTS.);
#1058 = CARTESIAN_POINT('',(2.889568739839,2.999568571388,0.507292534228
    ));
#1059 = CARTESIAN_POINT('',(2.889640569674,2.999640538362,0.505265856781
    ));
#1060 = CARTESIAN_POINT('',(2.889606889246,2.999606626085,0.503244685123
    ));
#1061 = CARTESIAN_POINT('',(2.889185680868,2.99918607666,0.501244605343)
  );
#1062 = CARTESIAN_POINT('',(2.890530258421,3.000530016283,0.499149414281
    ));
#1063 = CARTESIAN_POINT('',(2.888325137491,2.998325129414,0.497244945927
    ));
#1064 = CARTESIAN_POINT('',(2.889326333311,2.999326453464,0.495167933805
    ));
#1065 = CARTESIAN_POINT('',(2.889039750287,2.999039561287,0.493160825431
    ));
#1066 = CARTESIAN_POINT('',(2.888581318579,2.99858105857,0.491162527791)
  );
#1067 = CARTESIAN_POINT('',(2.91919927385,3.001699464167,0.506445543083)
  );
#1068 = CARTESIAN_POINT('',(2.919468581043,3.001968997507,0.504408381183
    ));
#1069 = CARTESIAN_POINT('',(2.919564323748,3.00206538989,0.502380876298)
  );
#1070 = CARTESIAN_POINT('',(2.918452034159,3.000950814679,0.500415216245
    ));
#1071 = CARTESIAN_POINT('',(2.919444967734,3.001945785478,0.498342900584
    ));
#1072 = CARTESIAN_POINT('',(2.91849878328,3.000999028481,0.496367060196)
  );
#1073 = CARTESIAN_POINT('',(2.919247720677,3.001747898187,0.494305628224
    ));
#1074 = CARTESIAN_POINT('',(2.918459242047,3.000959093148,0.49232508823)
  );
#1075 = CARTESIAN_POINT('',(2.917866154415,3.000366033378,0.490333899139
    ));
#1076 = CARTESIAN_POINT('',(2.941918305948,2.996916533252,0.505966735706
    ));
#1077 = CARTESIAN_POINT('',(2.941491039178,2.996487763907,0.5039662276)
  );
#1078 = CARTESIAN_POINT('',(2.940168349534,2.995163074854,0.502016081633
    ));
#1079 = CARTESIAN_POINT('',(2.948367230192,3.003379324339,0.499549463596
    ));
#1080 = CARTESIAN_POINT('',(2.934343121227,2.989327474291,0.498290154491
    ));
#1081 = CARTESIAN_POINT('',(2.948195566955,3.003208085938,0.49550669681)
  );
#1082 = CARTESIAN_POINT('',(2.939055600268,2.994048404682,0.49398764321)
  );
#1083 = CARTESIAN_POINT('',(2.941367891176,2.99636675804,0.491836698386)
  );
#1084 = CARTESIAN_POINT('',(2.940912381733,2.995911804603,0.489838071467
    ));
#1085 = CARTESIAN_POINT('',(2.955680313925,2.983183033387,0.505966122543
    ));
#1086 = CARTESIAN_POINT('',(2.954601792292,2.982106350526,0.504001210416
    ));
#1087 = CARTESIAN_POINT('',(2.95901310276,2.986519980039,0.501736237027)
  );
#1088 = CARTESIAN_POINT('',(2.950127928764,2.977607874198,0.500211885899
    ));
#1089 = CARTESIAN_POINT('',(2.977228958318,3.004754790615,0.496695399225
    ));
#1090 = CARTESIAN_POINT('',(2.944977414462,2.972454409812,0.496450304028
    ));
#1091 = CARTESIAN_POINT('',(2.956374081624,2.983884520471,0.493787092649
    ));
#1092 = CARTESIAN_POINT('',(2.954328120846,2.981830366861,0.491881205459
    ));
#1093 = CARTESIAN_POINT('',(2.956054562143,2.983556010335,0.489764692574
    ));
#1094 = CARTESIAN_POINT('',(2.977018063778,2.977018063777,0.505562861623
    ));
#1095 = CARTESIAN_POINT('',(2.978357603938,2.978357603942,0.50346812679)
  );
#1096 = CARTESIAN_POINT('',(2.974547374613,2.974547374598,0.501657366697
    ));
#1097 = CARTESIAN_POINT('',(2.983485737533,2.983485737563,0.499124669806
    ));
#1098 = CARTESIAN_POINT('',(2.954557696869,2.954557696831,0.498706575934
    ));
#1099 = CARTESIAN_POINT('',(2.987799357287,2.987799357322,0.494841269866
    ));
#1100 = CARTESIAN_POINT('',(2.977860188322,2.977860188302,0.493382572824
    ));
#1101 = CARTESIAN_POINT('',(2.976920204786,2.97692020479,0.491400663563)
  );
#1102 = CARTESIAN_POINT('',(2.974404387049,2.974404387049,0.489514810223
    ));
#1103 = CARTESIAN_POINT('',(2.98318303339,2.955680313928,0.505966122543)
  );
#1104 = CARTESIAN_POINT('',(2.982106350536,2.954601792296,0.504001210416
    ));
#1105 = CARTESIAN_POINT('',(2.986519980048,2.959013102793,0.501736237026
    ));
#1106 = CARTESIAN_POINT('',(2.977607874188,2.950127928704,0.500211885901
    ));
#1107 = CARTESIAN_POINT('',(3.004754790601,2.977228958366,0.496695399224
    ));
#1108 = CARTESIAN_POINT('',(2.972454409826,2.94497741442,0.496450304028)
  );
#1109 = CARTESIAN_POINT('',(2.983884520462,2.956374081648,0.493787092648
    ));
#1110 = CARTESIAN_POINT('',(2.981830366864,2.954328120842,0.491881205459
    ));
#1111 = CARTESIAN_POINT('',(2.983556010335,2.956054562143,0.489764692574
    ));
#1112 = CARTESIAN_POINT('',(2.996916533249,2.941918305944,0.505966735706
    ));
#1113 = CARTESIAN_POINT('',(2.996487763898,2.941491039172,0.5039662276)
  );
#1114 = CARTESIAN_POINT('',(2.99516307484,2.940168349507,0.502016081634)
  );
#1115 = CARTESIAN_POINT('',(3.003379324344,2.948367230225,0.499549463595
    ));
#1116 = CARTESIAN_POINT('',(2.989327474292,2.934343121194,0.498290154492
    ));
#1117 = CARTESIAN_POINT('',(3.003208085927,2.948195566973,0.49550669681)
  );
#1118 = CARTESIAN_POINT('',(2.994048404685,2.939055600254,0.493987643211
    ));
#1119 = CARTESIAN_POINT('',(2.996366758038,2.941367891179,0.491836698386
    ));
#1120 = CARTESIAN_POINT('',(2.995911804604,2.940912381733,0.489838071467
    ));
#1121 = CARTESIAN_POINT('',(3.00169946417,2.919199273853,0.506445543082)
  );
#1122 = CARTESIAN_POINT('',(3.001968997512,2.919468581046,0.504408381183
    ));
#1123 = CARTESIAN_POINT('',(3.002065389896,2.919564323758,0.502380876297
    ));
#1124 = CARTESIAN_POINT('',(3.000950814666,2.918452034137,0.500415216246
    ));
#1125 = CARTESIAN_POINT('',(3.001945785495,2.919444967761,0.498342900583
    ));
#1126 = CARTESIAN_POINT('',(3.000999028473,2.918498783262,0.496367060197
    ));
#1127 = CARTESIAN_POINT('',(3.00174789819,2.919247720685,0.494305628223)
  );
#1128 = CARTESIAN_POINT('',(3.000959093149,2.918459242046,0.49232508823)
  );
#1129 = CARTESIAN_POINT('',(3.000366033378,2.917866154415,0.490333899139
    ));
#1130 = CARTESIAN_POINT('',(2.999568571387,2.889568739837,0.507292534228
    ));
#1131 = CARTESIAN_POINT('',(2.999640538362,2.889640569674,0.505265856781
    ));
#1132 = CARTESIAN_POINT('',(2.999606626084,2.889606889244,0.503244685123
    ));
#1133 = CARTESIAN_POINT('',(2.999186076661,2.889185680869,0.501244605343
    ));
#1134 = CARTESIAN_POINT('',(3.000530016283,2.89053025842,0.499149414281)
  );
#1135 = CARTESIAN_POINT('',(2.998325129413,2.888325137489,0.497244945928
    ));
#1136 = CARTESIAN_POINT('',(2.999326453465,2.889326333312,0.495167933805
    ));
#1137 = CARTESIAN_POINT('',(2.999039561287,2.889039750287,0.493160825431
    ));
#1138 = CARTESIAN_POINT('',(2.998581058569,2.888581318578,0.491162527792
    ));
#1139 = ADVANCED_FACE('',(#1140),#1166,.T.);
#1140 = FACE_BOUND('',#1141,.T.);
#1141 = EDGE_LOOP('',(#1142,#1143,#1155,#1165));
#1142 = ORIENTED_EDGE('',*,*,#908,.T.);
#1143 = ORIENTED_EDGE('',*,*,#1144,.T.);
#1144 = EDGE_CURVE('',#901,#1145,#1147,.T.);
#1145 = VERTEX_POINT('',#1146);
#1146 = CARTESIAN_POINT('',(0.1,2.999452189537,0.605212068398));
#1147 = ( BOUNDED_CURVE() B_SPLINE_CURVE(6,(#1148,#1149,#1150,#1151,
#1152,#1153,#1154),.UNSPECIFIED.,.F.,.F.) B_SPLINE_CURVE_WITH_KNOTS((7,7
),(0.,1.559869909752),.PIECEWISE_BEZIER_KNOTS.) CURVE() 
GEOMETRIC_REPRESENTATION_ITEM() RATIONAL_B_SPLINE_CURVE((1.030950613501,
    1.009890100201,0.997953445068,0.994040710927,0.997953445068,
1.009890100201,1.030950613501)) REPRESENTATION_ITEM('') );
#1148 = CARTESIAN_POINT('',(5.478104631727E-04,2.9,0.605212068398));
#1149 = CARTESIAN_POINT('',(8.362191750263E-04,2.926396068307,
    0.607956093995));
#1150 = CARTESIAN_POINT('',(9.450074782514E-03,2.952114481755,
    0.609753855466));
#1151 = CARTESIAN_POINT('',(2.568827830487E-02,2.974311721695,
    0.610380175432));
#1152 = CARTESIAN_POINT('',(4.788551824518E-02,2.990549925217,
    0.609753855466));
#1153 = CARTESIAN_POINT('',(7.360393169276E-02,2.999163780825,
    0.607956093995));
#1154 = CARTESIAN_POINT('',(0.1,2.999452189537,0.605212068398));
#1155 = ORIENTED_EDGE('',*,*,#1156,.T.);
#1156 = EDGE_CURVE('',#1145,#752,#1157,.T.);
#1157 = ( BOUNDED_CURVE() B_SPLINE_CURVE(6,(#1158,#1159,#1160,#1161,
#1162,#1163,#1164),.UNSPECIFIED.,.F.,.F.) B_SPLINE_CURVE_WITH_KNOTS((7,7
),(0.,0.10471975512),.PIECEWISE_BEZIER_KNOTS.) CURVE() 
GEOMETRIC_REPRESENTATION_ITEM() RATIONAL_B_SPLINE_CURVE((1.000137088577,
    1.00004568784,0.999990860763,0.999972587294,0.999990860763,
1.00004568784,1.000137088577)) REPRESENTATION_ITEM('') );
#1158 = CARTESIAN_POINT('',(0.1,2.999452189537,0.605212068398));
#1159 = CARTESIAN_POINT('',(0.1,2.999634642796,0.603476141599));
#1160 = CARTESIAN_POINT('',(0.1,2.999780716882,0.60173658371));
#1161 = CARTESIAN_POINT('',(0.1,2.999890334724,0.599994252686));
#1162 = CARTESIAN_POINT('',(0.1,2.999963440564,0.59825000815));
#1163 = CARTESIAN_POINT('',(0.1,3.,0.596504710841));
#1164 = CARTESIAN_POINT('',(0.1,3.,0.594759222072));
#1165 = ORIENTED_EDGE('',*,*,#751,.T.);
#1166 = B_SPLINE_SURFACE_WITH_KNOTS('',8,8,(
    (#1167,#1168,#1169,#1170,#1171,#1172,#1173,#1174,#1175)
    ,(#1176,#1177,#1178,#1179,#1180,#1181,#1182,#1183,#1184)
    ,(#1185,#1186,#1187,#1188,#1189,#1190,#1191,#1192,#1193)
    ,(#1194,#1195,#1196,#1197,#1198,#1199,#1200,#1201,#1202)
    ,(#1203,#1204,#1205,#1206,#1207,#1208,#1209,#1210,#1211)
    ,(#1212,#1213,#1214,#1215,#1216,#1217,#1218,#1219,#1220)
    ,(#1221,#1222,#1223,#1224,#1225,#1226,#1227,#1228,#1229)
    ,(#1230,#1231,#1232,#1233,#1234,#1235,#1236,#1237,#1238)
    ,(#1239,#1240,#1241,#1242,#1243,#1244,#1245,#1246,#1247
  )),.UNSPECIFIED.,.F.,.F.,.F.,(9,9),(9,9),(-7.778174593052E-02,
    7.778174593052E-02),(-8.855910256724E-03,7.315613219614E-03),
  .PIECEWISE_BEZIER_KNOTS.);
#1167 = CARTESIAN_POINT('',(1.418941431283E-03,2.888581318578,
    0.608837472208));
#1168 = CARTESIAN_POINT('',(9.604387133463E-04,2.889039750287,
    0.606839174569));
#1169 = CARTESIAN_POINT('',(6.735465341106E-04,2.889326333313,
    0.604832066195));
#1170 = CARTESIAN_POINT('',(1.674870589652E-03,2.888325137486,
    0.602755054072));
#1171 = CARTESIAN_POINT('',(-5.3001628731E-04,2.890530258426,
    0.600850585719));
#1172 = CARTESIAN_POINT('',(8.139233423677E-04,2.889185680865,
    0.598755394657));
#1173 = CARTESIAN_POINT('',(3.933739146735E-04,2.889606889246,
    0.596755314877));
#1174 = CARTESIAN_POINT('',(3.594616380464E-04,2.889640569674,
    0.594734143219));
#1175 = CARTESIAN_POINT('',(4.314286119614E-04,2.889568739839,
    0.592707465772));
#1176 = CARTESIAN_POINT('',(-3.660333778233E-04,2.917866154415,
    0.609666100861));
#1177 = CARTESIAN_POINT('',(-9.590931492507E-04,2.918459242047,
    0.60767491177));
#1178 = CARTESIAN_POINT('',(-1.74789818809E-03,2.919247720681,
    0.605694371777));
#1179 = CARTESIAN_POINT('',(-9.990284831251E-04,2.918498783275,
    0.603632939803));
#1180 = CARTESIAN_POINT('',(-1.945785476173E-03,2.919444967741,
    0.601657099416));
#1181 = CARTESIAN_POINT('',(-9.50814681038E-04,2.918452034154,
    0.599584783755));
#1182 = CARTESIAN_POINT('',(-2.06538988935E-03,2.919564323751,
    0.597619123702));
#1183 = CARTESIAN_POINT('',(-1.968997508449E-03,2.919468581043,
    0.595591618817));
#1184 = CARTESIAN_POINT('',(-1.699464167521E-03,2.919199273851,
    0.593554456917));
#1185 = CARTESIAN_POINT('',(4.08819539663E-03,2.940912381733,
    0.610161928533));
#1186 = CARTESIAN_POINT('',(3.633241962268E-03,2.941367891178,
    0.608163301614));
#1187 = CARTESIAN_POINT('',(5.951595311341E-03,2.939055600265,
    0.606012356789));
#1188 = CARTESIAN_POINT('',(-3.208085915265E-03,2.948195566953,
    0.604493303191));
#1189 = CARTESIAN_POINT('',(1.067252568827E-02,2.934343121221,
    0.601709845507));
#1190 = CARTESIAN_POINT('',(-3.379324323832E-03,2.948367230201,
    0.600450536406));
#1191 = CARTESIAN_POINT('',(4.836925142474E-03,2.940168349524,
    0.597983918366));
#1192 = CARTESIAN_POINT('',(3.512236094771E-03,2.941491039179,
    0.5960337724));
#1193 = CARTESIAN_POINT('',(3.083466748221E-03,2.941918305948,
    0.594033264294));
#1194 = CARTESIAN_POINT('',(1.644398966432E-02,2.956054562143,
    0.610235307426));
#1195 = CARTESIAN_POINT('',(1.816963313482E-02,2.954328120845,
    0.608118794541));
#1196 = CARTESIAN_POINT('',(1.61154795443E-02,2.956374081631,
    0.606212907353));
#1197 = CARTESIAN_POINT('',(2.75455901601E-02,2.944977414449,
    0.603549695968));
#1198 = CARTESIAN_POINT('',(-4.75479057096E-03,2.977228958324,
    0.60330460078));
#1199 = CARTESIAN_POINT('',(2.239212576752E-02,2.950127928752,
    0.599788114097));
#1200 = CARTESIAN_POINT('',(1.348001997558E-02,2.95901310277,
    0.598263762975));
#1201 = CARTESIAN_POINT('',(1.789364947339E-02,2.954601792286,
    0.595998789584));
#1202 = CARTESIAN_POINT('',(1.681696661318E-02,2.955680313925,
    0.594033877457));
#1203 = CARTESIAN_POINT('',(2.55956129515E-02,2.974404387048,
    0.610485189777));
#1204 = CARTESIAN_POINT('',(2.307979521517E-02,2.976920204787,
    0.608599336438));
#1205 = CARTESIAN_POINT('',(2.213981167423E-02,2.977860188319,
    0.606617427174));
#1206 = CARTESIAN_POINT('',(1.220064271911E-02,2.987799357295,
    0.605158730139));
#1207 = CARTESIAN_POINT('',(4.544230310679E-02,2.954557696872,
    0.60129342406));
#1208 = CARTESIAN_POINT('',(1.651426249955E-02,2.983485737523,
    0.600875330198));
#1209 = CARTESIAN_POINT('',(2.545262537189E-02,2.974547374614,
    0.598342633301));
#1210 = CARTESIAN_POINT('',(2.164239605531E-02,2.978357603949,
    0.596531873211));
#1211 = CARTESIAN_POINT('',(2.298193622093E-02,2.977018063779,
    0.594437138377));
#1212 = CARTESIAN_POINT('',(4.394543785658E-02,2.983556010336,
    0.610235307426));
#1213 = CARTESIAN_POINT('',(4.567187915338E-02,2.981830366863,
    0.608118794541));
#1214 = CARTESIAN_POINT('',(4.362591837323E-02,2.983884520462,
    0.606212907353));
#1215 = CARTESIAN_POINT('',(5.502258554319E-02,2.972454409823,
    0.603549695968));
#1216 = CARTESIAN_POINT('',(2.277104168758E-02,3.004754790595,
    0.603304600781));
#1217 = CARTESIAN_POINT('',(4.987207123001E-02,2.977607874212,
    0.599788114096));
#1218 = CARTESIAN_POINT('',(4.098689724154E-02,2.986519980037,
    0.598263762976));
#1219 = CARTESIAN_POINT('',(4.539820770997E-02,2.982106350523,
    0.595998789584));
#1220 = CARTESIAN_POINT('',(4.431968607541E-02,2.983183033387,
    0.594033877457));
#1221 = CARTESIAN_POINT('',(5.908761826668E-02,2.995911804603,
    0.610161928533));
#1222 = CARTESIAN_POINT('',(5.863210882323E-02,2.996366758039,
    0.608163301614));
#1223 = CARTESIAN_POINT('',(6.094439973412E-02,2.994048404684,
    0.606012356789));
#1224 = CARTESIAN_POINT('',(5.180443304289E-02,3.003208085932,
    0.604493303192));
#1225 = CARTESIAN_POINT('',(6.56568787758E-02,2.989327474296,
    0.601709845507));
#1226 = CARTESIAN_POINT('',(5.163276980636E-02,3.003379324336,
    0.600450536406));
#1227 = CARTESIAN_POINT('',(5.983165047037E-02,2.995163074851,
    0.597983918366));
#1228 = CARTESIAN_POINT('',(5.85089608231E-02,2.996487763907,
    0.5960337724));
#1229 = CARTESIAN_POINT('',(5.808169405249E-02,2.996916533252,
    0.594033264294));
#1230 = CARTESIAN_POINT('',(8.213384558488E-02,3.000366033378,
    0.609666100861));
#1231 = CARTESIAN_POINT('',(8.154075795346E-02,3.000959093148,
    0.60767491177));
#1232 = CARTESIAN_POINT('',(8.075227932056E-02,3.001747898188,
    0.605694371777));
#1233 = CARTESIAN_POINT('',(8.150121672455E-02,3.000999028479,
    0.603632939803));
#1234 = CARTESIAN_POINT('',(8.055503225943E-02,3.001945785482,
    0.601657099417));
#1235 = CARTESIAN_POINT('',(8.154796584596E-02,3.000950814675,
    0.599584783754));
#1236 = CARTESIAN_POINT('',(8.043567625004E-02,3.002065389892,
    0.597619123703));
#1237 = CARTESIAN_POINT('',(8.053141895637E-02,3.001968997508,
    0.595591618817));
#1238 = CARTESIAN_POINT('',(8.080072614933E-02,3.001699464168,
    0.593554456917));
#1239 = CARTESIAN_POINT('',(0.111418681421,2.998581058569,0.608837472208
    ));
#1240 = CARTESIAN_POINT('',(0.110960249713,2.999039561287,0.606839174569
    ));
#1241 = CARTESIAN_POINT('',(0.110673666688,2.999326453465,0.604832066195
    ));
#1242 = CARTESIAN_POINT('',(0.111674862511,2.998325129413,0.602755054072
    ));
#1243 = CARTESIAN_POINT('',(0.109469741578,3.000530016284,0.600850585719
    ));
#1244 = CARTESIAN_POINT('',(0.110814319133,2.99918607666,0.598755394657)
  );
#1245 = CARTESIAN_POINT('',(0.110393110755,2.999606626085,0.596755314877
    ));
#1246 = CARTESIAN_POINT('',(0.110359430326,2.999640538362,0.594734143219
    ));
#1247 = CARTESIAN_POINT('',(0.110431260162,2.999568571388,0.592707465772
    ));
#1248 = ADVANCED_FACE('',(#1249),#1254,.T.);
#1249 = FACE_BOUND('',#1250,.T.);
#1250 = EDGE_LOOP('',(#1251,#1252,#1253));
#1251 = ORIENTED_EDGE('',*,*,#816,.T.);
#1252 = ORIENTED_EDGE('',*,*,#946,.F.);
#1253 = ORIENTED_EDGE('',*,*,#779,.T.);
#1254 = SPHERICAL_SURFACE('',#1255,0.1);
#1255 = AXIS2_PLACEMENT_3D('',#1256,#1257,#1258);
#1256 = CARTESIAN_POINT('',(2.867917901464,2.867917901464,0.2));
#1257 = DIRECTION('',(-4.440892098501E-15,0.,1.));
#1258 = DIRECTION('',(-4.667565679103E-16,1.,-2.072815554356E-30));
#1259 = ADVANCED_FACE('',(#1260),#1271,.T.);
#1260 = FACE_BOUND('',#1261,.T.);
#1261 = EDGE_LOOP('',(#1262,#1263,#1269,#1270));
#1262 = ORIENTED_EDGE('',*,*,#808,.F.);
#1263 = ORIENTED_EDGE('',*,*,#1264,.F.);
#1264 = EDGE_CURVE('',#985,#797,#1265,.T.);
#1265 = LINE('',#1266,#1267);
#1266 = CARTESIAN_POINT('',(2.999452189537,0.,0.494787931602));
#1267 = VECTOR('',#1268,1.);
#1268 = DIRECTION('',(-0.,1.,0.));
#1269 = ORIENTED_EDGE('',*,*,#984,.T.);
#1270 = ORIENTED_EDGE('',*,*,#953,.T.);
#1271 = PLANE('',#1272);
#1272 = AXIS2_PLACEMENT_3D('',#1273,#1274,#1275);
#1273 = CARTESIAN_POINT('',(3.,0.,0.5));
#1274 = DIRECTION('',(0.994521895368,0.,-0.104528463268));
#1275 = DIRECTION('',(0.,1.,0.));
#1276 = ADVANCED_FACE('',(#1277),#1295,.F.);
#1277 = FACE_BOUND('',#1278,.F.);
#1278 = EDGE_LOOP('',(#1279,#1280,#1281,#1289));
#1279 = ORIENTED_EDGE('',*,*,#845,.F.);
#1280 = ORIENTED_EDGE('',*,*,#861,.T.);
#1281 = ORIENTED_EDGE('',*,*,#1282,.T.);
#1282 = EDGE_CURVE('',#862,#1283,#1285,.T.);
#1283 = VERTEX_POINT('',#1284);
#1284 = CARTESIAN_POINT('',(2.9,-1.387778780781E-17,0.594759222072));
#1285 = LINE('',#1286,#1287);
#1286 = CARTESIAN_POINT('',(0.,1.387778780781E-17,0.594759222072));
#1287 = VECTOR('',#1288,1.);
#1288 = DIRECTION('',(1.,-0.,0.));
#1289 = ORIENTED_EDGE('',*,*,#1290,.F.);
#1290 = EDGE_CURVE('',#834,#1283,#1291,.T.);
#1291 = LINE('',#1292,#1293);
#1292 = CARTESIAN_POINT('',(2.9,-1.387778780781E-17,0.5));
#1293 = VECTOR('',#1294,1.);
#1294 = DIRECTION('',(0.,0.,1.));
#1295 = PLANE('',#1296);
#1296 = AXIS2_PLACEMENT_3D('',#1297,#1298,#1299);
#1297 = CARTESIAN_POINT('',(0.,0.,0.5));
#1298 = DIRECTION('',(-0.,1.,0.));
#1299 = DIRECTION('',(0.,0.,1.));
#1300 = ADVANCED_FACE('',(#1301),#1327,.F.);
#1301 = FACE_BOUND('',#1302,.F.);
#1302 = EDGE_LOOP('',(#1303,#1304,#1305,#1317));
#1303 = ORIENTED_EDGE('',*,*,#992,.F.);
#1304 = ORIENTED_EDGE('',*,*,#833,.F.);
#1305 = ORIENTED_EDGE('',*,*,#1306,.F.);
#1306 = EDGE_CURVE('',#1307,#834,#1309,.T.);
#1307 = VERTEX_POINT('',#1308);
#1308 = CARTESIAN_POINT('',(3.,0.1,0.505240777928));
#1309 = ( BOUNDED_CURVE() B_SPLINE_CURVE(6,(#1310,#1311,#1312,#1313,
#1314,#1315,#1316),.UNSPECIFIED.,.F.,.F.) B_SPLINE_CURVE_WITH_KNOTS((7,7
),(0.,1.570796326795),.PIECEWISE_BEZIER_KNOTS.) CURVE() 
GEOMETRIC_REPRESENTATION_ITEM() RATIONAL_B_SPLINE_CURVE((1.031393471788,
    1.010025407661,0.997924642725,0.993958444137,0.997924642725,
1.010025407661,1.031393471788)) REPRESENTATION_ITEM('') );
#1310 = CARTESIAN_POINT('',(3.,0.1,0.505240777928));
#1311 = CARTESIAN_POINT('',(3.,7.326632168471E-02,0.505240777928));
#1312 = CARTESIAN_POINT('',(2.991499564937,4.722914274178E-02,
    0.505240777928));
#1313 = CARTESIAN_POINT('',(2.97519195132,2.480804867977E-02,
    0.505240777928));
#1314 = CARTESIAN_POINT('',(2.952770857258,8.500435063369E-03,
    0.505240777928));
#1315 = CARTESIAN_POINT('',(2.926733678315,1.249000902703E-16,
    0.505240777928));
#1316 = CARTESIAN_POINT('',(2.9,-1.387778780781E-17,0.505240777928));
#1317 = ORIENTED_EDGE('',*,*,#1318,.F.);
#1318 = EDGE_CURVE('',#985,#1307,#1319,.T.);
#1319 = ( BOUNDED_CURVE() B_SPLINE_CURVE(6,(#1320,#1321,#1322,#1323,
#1324,#1325,#1326),.UNSPECIFIED.,.F.,.F.) B_SPLINE_CURVE_WITH_KNOTS((7,7
),(0.,0.10471975512),.PIECEWISE_BEZIER_KNOTS.) CURVE() 
GEOMETRIC_REPRESENTATION_ITEM() RATIONAL_B_SPLINE_CURVE((1.000137088577,
    1.00004568784,0.999990860763,0.999972587294,0.999990860763,
1.00004568784,1.000137088577)) REPRESENTATION_ITEM('') );
#1320 = CARTESIAN_POINT('',(2.999452189537,0.1,0.494787931602));
#1321 = CARTESIAN_POINT('',(2.999634642796,0.1,0.496523858401));
#1322 = CARTESIAN_POINT('',(2.999780716882,0.1,0.49826341629));
#1323 = CARTESIAN_POINT('',(2.999890334724,0.1,0.500005747314));
#1324 = CARTESIAN_POINT('',(2.999963440564,0.1,0.50174999185));
#1325 = CARTESIAN_POINT('',(3.,0.1,0.503495289159));
#1326 = CARTESIAN_POINT('',(3.,0.1,0.505240777928));
#1327 = B_SPLINE_SURFACE_WITH_KNOTS('',8,8,(
    (#1328,#1329,#1330,#1331,#1332,#1333,#1334,#1335,#1336)
    ,(#1337,#1338,#1339,#1340,#1341,#1342,#1343,#1344,#1345)
    ,(#1346,#1347,#1348,#1349,#1350,#1351,#1352,#1353,#1354)
    ,(#1355,#1356,#1357,#1358,#1359,#1360,#1361,#1362,#1363)
    ,(#1364,#1365,#1366,#1367,#1368,#1369,#1370,#1371,#1372)
    ,(#1373,#1374,#1375,#1376,#1377,#1378,#1379,#1380,#1381)
    ,(#1382,#1383,#1384,#1385,#1386,#1387,#1388,#1389,#1390)
    ,(#1391,#1392,#1393,#1394,#1395,#1396,#1397,#1398,#1399)
    ,(#1400,#1401,#1402,#1403,#1404,#1405,#1406,#1407,#1408
  )),.UNSPECIFIED.,.F.,.F.,.F.,(9,9),(9,9),(-7.778174593052E-02,
    7.778174593052E-02),(-7.315613219613E-03,8.855910256723E-03),
  .PIECEWISE_BEZIER_KNOTS.);
#1328 = CARTESIAN_POINT('',(2.889568739838,4.314286128226E-04,
    0.507292534228));
#1329 = CARTESIAN_POINT('',(2.889640569674,3.594616380818E-04,
    0.505265856781));
#1330 = CARTESIAN_POINT('',(2.889606889244,3.93373916649E-04,
    0.503244685123));
#1331 = CARTESIAN_POINT('',(2.889185680871,8.139233366891E-04,
    0.501244605343));
#1332 = CARTESIAN_POINT('',(2.890530258417,-5.300162788541E-04,
    0.499149414281));
#1333 = CARTESIAN_POINT('',(2.888325137493,1.674870582975E-03,
    0.497244945927));
#1334 = CARTESIAN_POINT('',(2.889326333311,6.735465361896E-04,
    0.495167933805));
#1335 = CARTESIAN_POINT('',(2.889039750287,9.604387127823E-04,
    0.493160825431));
#1336 = CARTESIAN_POINT('',(2.88858131858,1.418941429599E-03,
    0.491162527791));
#1337 = CARTESIAN_POINT('',(2.919199273852,-1.699464168539E-03,
    0.506445543083));
#1338 = CARTESIAN_POINT('',(2.919468581045,-1.968997510351E-03,
    0.504408381183));
#1339 = CARTESIAN_POINT('',(2.919564323755,-2.065389893479E-03,
    0.502380876298));
#1340 = CARTESIAN_POINT('',(2.918452034142,-9.508146698998E-04,
    0.500415216245));
#1341 = CARTESIAN_POINT('',(2.919444967755,-1.945785489147E-03,
    0.498342900584));
#1342 = CARTESIAN_POINT('',(2.918498783266,-9.990284753044E-04,
    0.496367060197));
#1343 = CARTESIAN_POINT('',(2.919247720681,-1.747898186658E-03,
    0.494305628224));
#1344 = CARTESIAN_POINT('',(2.918459242045,-9.590931481698E-04,
    0.49232508823));
#1345 = CARTESIAN_POINT('',(2.917866154415,-3.660333776907E-04,
    0.490333899139));
#1346 = CARTESIAN_POINT('',(2.941918305946,3.083466749738E-03,
    0.505966735706));
#1347 = CARTESIAN_POINT('',(2.941491039173,3.512236099314E-03,
    0.5039662276));
#1348 = CARTESIAN_POINT('',(2.940168349511,4.836925156083E-03,
    0.502016081633));
#1349 = CARTESIAN_POINT('',(2.948367230227,-3.379324345838E-03,
    0.499549463596));
#1350 = CARTESIAN_POINT('',(2.934343121186,1.067252571354E-02,
    0.498290154491));
#1351 = CARTESIAN_POINT('',(2.948195566987,-3.20808593892E-03,
    0.49550669681));
#1352 = CARTESIAN_POINT('',(2.939055600258,5.951595312938E-03,
    0.49398764321));
#1353 = CARTESIAN_POINT('',(2.941367891179,3.633241962107E-03,
    0.491836698386));
#1354 = CARTESIAN_POINT('',(2.940912381733,4.088195396661E-03,
    0.489838071467));
#1355 = CARTESIAN_POINT('',(2.955680313927,1.681696661146E-02,
    0.505966122543));
#1356 = CARTESIAN_POINT('',(2.954601792297,1.789364946549E-02,
    0.504001210415));
#1357 = CARTESIAN_POINT('',(2.959013102796,1.348001994693E-02,
    0.501736237027));
#1358 = CARTESIAN_POINT('',(2.950127928693,2.239212582078E-02,
    0.5002118859));
#1359 = CARTESIAN_POINT('',(2.977228958382,-4.754790612816E-03,
    0.496695399224));
#1360 = CARTESIAN_POINT('',(2.944977414423,2.754559016995E-02,
    0.496450304028));
#1361 = CARTESIAN_POINT('',(2.95637408164,1.61154795441E-02,
    0.493787092649));
#1362 = CARTESIAN_POINT('',(2.954328120842,1.816963313586E-02,
    0.491881205459));
#1363 = CARTESIAN_POINT('',(2.956054562142,1.644398966477E-02,
    0.489764692574));
#1364 = CARTESIAN_POINT('',(2.977018063777,2.298193622314E-02,
    0.505562861623));
#1365 = CARTESIAN_POINT('',(2.978357603935,2.16423960654E-02,
    0.503468126791));
#1366 = CARTESIAN_POINT('',(2.97454737458,2.545262540974E-02,
    0.501657366697));
#1367 = CARTESIAN_POINT('',(2.983485737593,1.651426243296E-02,
    0.499124669807));
#1368 = CARTESIAN_POINT('',(2.954557696818,4.544230314664E-02,
    0.498706575934));
#1369 = CARTESIAN_POINT('',(2.987799357314,1.22006427167E-02,
    0.494841269867));
#1370 = CARTESIAN_POINT('',(2.977860188311,2.213981167273E-02,
    0.493382572823));
#1371 = CARTESIAN_POINT('',(2.97692020479,2.307979521418E-02,
    0.491400663563));
#1372 = CARTESIAN_POINT('',(2.97440438705,2.559561295099E-02,
    0.489514810223));
#1373 = CARTESIAN_POINT('',(2.98318303339,4.431968607242E-02,
    0.505966122543));
#1374 = CARTESIAN_POINT('',(2.982106350537,4.539820769976E-02,
    0.504001210415));
#1375 = CARTESIAN_POINT('',(2.986519980066,4.098689720765E-02,
    0.501736237027));
#1376 = CARTESIAN_POINT('',(2.977607874154,4.987207128843E-02,
    0.5002118859));
#1377 = CARTESIAN_POINT('',(3.004754790627,2.277104166169E-02,
    0.496695399225));
#1378 = CARTESIAN_POINT('',(2.972454409813,5.502258554283E-02,
    0.496450304027));
#1379 = CARTESIAN_POINT('',(2.983884520469,4.362591837378E-02,
    0.493787092649));
#1380 = CARTESIAN_POINT('',(2.981830366861,4.567187915367E-02,
    0.491881205459));
#1381 = CARTESIAN_POINT('',(2.983556010335,4.394543785688E-02,
    0.489764692574));
#1382 = CARTESIAN_POINT('',(2.996916533248,5.80816940554E-02,
    0.505966735706));
#1383 = CARTESIAN_POINT('',(2.996487763898,5.850896082987E-02,
    0.5039662276));
#1384 = CARTESIAN_POINT('',(2.995163074835,5.983165048927E-02,
    0.502016081633));
#1385 = CARTESIAN_POINT('',(3.003379324353,5.163276978621E-02,
    0.499549463596));
#1386 = CARTESIAN_POINT('',(2.989327474284,6.565687878708E-02,
    0.49829015449));
#1387 = CARTESIAN_POINT('',(3.003208085931,5.18044330466E-02,
    0.495506696811));
#1388 = CARTESIAN_POINT('',(2.994048404681,6.094439973418E-02,
    0.49398764321));
#1389 = CARTESIAN_POINT('',(2.996366758039,5.863210882385E-02,
    0.491836698386));
#1390 = CARTESIAN_POINT('',(2.995911804603,5.908761826708E-02,
    0.489838071467));
#1391 = CARTESIAN_POINT('',(3.00169946417,8.080072614747E-02,
    0.506445543082));
#1392 = CARTESIAN_POINT('',(3.001968997512,8.053141895314E-02,
    0.504408381183));
#1393 = CARTESIAN_POINT('',(3.002065389896,8.043567624482E-02,
    0.502380876298));
#1394 = CARTESIAN_POINT('',(3.000950814665,8.154796585711E-02,
    0.500415216245));
#1395 = CARTESIAN_POINT('',(3.001945785496,8.055503224596E-02,
    0.498342900584));
#1396 = CARTESIAN_POINT('',(3.000999028471,8.150121673193E-02,
    0.496367060197));
#1397 = CARTESIAN_POINT('',(3.001747898192,8.075227931756E-02,
    0.494305628223));
#1398 = CARTESIAN_POINT('',(3.000959093149,8.154075795297E-02,
    0.492325088229));
#1399 = CARTESIAN_POINT('',(3.000366033378,8.213384558467E-02,
    0.490333899139));
#1400 = CARTESIAN_POINT('',(2.999568571386,0.110431260163,0.507292534228
    ));
#1401 = CARTESIAN_POINT('',(2.999640538362,0.110359430326,0.505265856781
    ));
#1402 = CARTESIAN_POINT('',(2.999606626083,0.110393110756,0.503244685123
    ));
#1403 = CARTESIAN_POINT('',(2.999186076662,0.110814319131,0.501244605343
    ));
#1404 = CARTESIAN_POINT('',(3.000530016283,0.109469741579,0.499149414281
    ));
#1405 = CARTESIAN_POINT('',(2.998325129413,0.111674862511,0.497244945928
    ));
#1406 = CARTESIAN_POINT('',(2.999326453465,0.110673666688,0.495167933805
    ));
#1407 = CARTESIAN_POINT('',(2.999039561287,0.110960249713,0.493160825431
    ));
#1408 = CARTESIAN_POINT('',(2.998581058569,0.111418681422,0.491162527792
    ));
#1409 = ADVANCED_FACE('',(#1410),#1436,.T.);
#1410 = FACE_BOUND('',#1411,.T.);
#1411 = EDGE_LOOP('',(#1412,#1413,#1425,#1435));
#1412 = ORIENTED_EDGE('',*,*,#869,.T.);
#1413 = ORIENTED_EDGE('',*,*,#1414,.T.);
#1414 = EDGE_CURVE('',#862,#1415,#1417,.T.);
#1415 = VERTEX_POINT('',#1416);
#1416 = CARTESIAN_POINT('',(0.1,5.478104631727E-04,0.605212068398));
#1417 = ( BOUNDED_CURVE() B_SPLINE_CURVE(6,(#1418,#1419,#1420,#1421,
#1422,#1423,#1424),.UNSPECIFIED.,.F.,.F.) B_SPLINE_CURVE_WITH_KNOTS((7,7
),(0.,0.10471975512),.PIECEWISE_BEZIER_KNOTS.) CURVE() 
GEOMETRIC_REPRESENTATION_ITEM() RATIONAL_B_SPLINE_CURVE((1.000137088577,
    1.00004568784,0.999990860763,0.999972587294,0.999990860763,
1.00004568784,1.000137088577)) REPRESENTATION_ITEM('') );
#1418 = CARTESIAN_POINT('',(0.1,1.387778780781E-17,0.594759222072));
#1419 = CARTESIAN_POINT('',(0.1,1.387778780781E-16,0.596504710841));
#1420 = CARTESIAN_POINT('',(0.1,3.655943564763E-05,0.59825000815));
#1421 = CARTESIAN_POINT('',(0.1,1.096652759717E-04,0.599994252686));
#1422 = CARTESIAN_POINT('',(0.1,2.192831180767E-04,0.60173658371));
#1423 = CARTESIAN_POINT('',(0.1,3.653572044893E-04,0.603476141599));
#1424 = CARTESIAN_POINT('',(0.1,5.478104631727E-04,0.605212068398));
#1425 = ORIENTED_EDGE('',*,*,#1426,.T.);
#1426 = EDGE_CURVE('',#1415,#889,#1427,.T.);
#1427 = ( BOUNDED_CURVE() B_SPLINE_CURVE(6,(#1428,#1429,#1430,#1431,
#1432,#1433,#1434),.UNSPECIFIED.,.F.,.F.) B_SPLINE_CURVE_WITH_KNOTS((7,7
),(0.,1.559869909752),.PIECEWISE_BEZIER_KNOTS.) CURVE() 
GEOMETRIC_REPRESENTATION_ITEM() RATIONAL_B_SPLINE_CURVE((1.030950613501,
    1.009890100201,0.997953445068,0.994040710927,0.997953445068,
1.009890100201,1.030950613501)) REPRESENTATION_ITEM('') );
#1428 = CARTESIAN_POINT('',(0.1,5.478104631727E-04,0.605212068398));
#1429 = CARTESIAN_POINT('',(7.360393169276E-02,8.362191750265E-04,
    0.607956093995));
#1430 = CARTESIAN_POINT('',(4.788551824518E-02,9.450074782514E-03,
    0.609753855466));
#1431 = CARTESIAN_POINT('',(2.568827830487E-02,2.568827830487E-02,
    0.610380175432));
#1432 = CARTESIAN_POINT('',(9.450074782514E-03,4.788551824518E-02,
    0.609753855466));
#1433 = CARTESIAN_POINT('',(8.362191750263E-04,7.360393169277E-02,
    0.607956093995));
#1434 = CARTESIAN_POINT('',(5.478104631727E-04,0.1,0.605212068398));
#1435 = ORIENTED_EDGE('',*,*,#888,.T.);
#1436 = B_SPLINE_SURFACE_WITH_KNOTS('',8,8,(
    (#1437,#1438,#1439,#1440,#1441,#1442,#1443,#1444,#1445)
    ,(#1446,#1447,#1448,#1449,#1450,#1451,#1452,#1453,#1454)
    ,(#1455,#1456,#1457,#1458,#1459,#1460,#1461,#1462,#1463)
    ,(#1464,#1465,#1466,#1467,#1468,#1469,#1470,#1471,#1472)
    ,(#1473,#1474,#1475,#1476,#1477,#1478,#1479,#1480,#1481)
    ,(#1482,#1483,#1484,#1485,#1486,#1487,#1488,#1489,#1490)
    ,(#1491,#1492,#1493,#1494,#1495,#1496,#1497,#1498,#1499)
    ,(#1500,#1501,#1502,#1503,#1504,#1505,#1506,#1507,#1508)
    ,(#1509,#1510,#1511,#1512,#1513,#1514,#1515,#1516,#1517
  )),.UNSPECIFIED.,.F.,.F.,.F.,(9,9),(9,9),(-7.778174593052E-02,
    7.778174593052E-02),(-7.315613219613E-03,8.855910256723E-03),
  .PIECEWISE_BEZIER_KNOTS.);
#1437 = CARTESIAN_POINT('',(4.314286122434E-04,0.110431260162,
    0.592707465772));
#1438 = CARTESIAN_POINT('',(3.594616380852E-04,0.110359430326,
    0.594734143219));
#1439 = CARTESIAN_POINT('',(3.933739152662E-04,0.110393110755,
    0.596755314877));
#1440 = CARTESIAN_POINT('',(8.139233407339E-04,0.110814319134,
    0.598755394657));
#1441 = CARTESIAN_POINT('',(-5.300162849588E-04,0.109469741577,
    0.600850585719));
#1442 = CARTESIAN_POINT('',(1.674870587867E-03,0.111674862512,
    0.602755054072));
#1443 = CARTESIAN_POINT('',(6.735465346656E-04,0.110673666688,
    0.604832066195));
#1444 = CARTESIAN_POINT('',(9.604387132701E-04,0.110960249713,
    0.606839174569));
#1445 = CARTESIAN_POINT('',(1.418941431162E-03,0.111418681422,
    0.608837472208));
#1446 = CARTESIAN_POINT('',(-1.69946416799E-03,8.080072614893E-02,
    0.593554456917));
#1447 = CARTESIAN_POINT('',(-1.968997509216E-03,8.053141895579E-02,
    0.595591618817));
#1448 = CARTESIAN_POINT('',(-2.065389890877E-03,8.043567624892E-02,
    0.597619123702));
#1449 = CARTESIAN_POINT('',(-9.508146775337E-04,8.154796584784E-02,
    0.599584783755));
#1450 = CARTESIAN_POINT('',(-1.945785480225E-03,8.055503225719E-02,
    0.601657099415));
#1451 = CARTESIAN_POINT('',(-9.990284808685E-04,8.150121672564E-02,
    0.603632939804));
#1452 = CARTESIAN_POINT('',(-1.747898188097E-03,8.07522793194E-02,
    0.605694371776));
#1453 = CARTESIAN_POINT('',(-9.590931491397E-04,8.15407579531E-02,
    0.607674911771));
#1454 = CARTESIAN_POINT('',(-3.66033377775E-04,8.213384558488E-02,
    0.609666100861));
#1455 = CARTESIAN_POINT('',(3.083466749078E-03,5.808169405339E-02,
    0.594033264294));
#1456 = CARTESIAN_POINT('',(3.512236097026E-03,5.850896082511E-02,
    0.5960337724));
#1457 = CARTESIAN_POINT('',(4.836925147346E-03,5.983165047565E-02,
    0.597983918368));
#1458 = CARTESIAN_POINT('',(-3.379324331125E-03,5.16327697986E-02,
    0.600450536403));
#1459 = CARTESIAN_POINT('',(1.06725256944E-02,6.565687877957E-02,
    0.60170984551));
#1460 = CARTESIAN_POINT('',(-3.208085919196E-03,5.180443304585E-02,
    0.604493303189));
#1461 = CARTESIAN_POINT('',(5.951595312231E-03,6.094439973498E-02,
    0.60601235679));
#1462 = CARTESIAN_POINT('',(3.633241961644E-03,5.863210882298E-02,
    0.608163301614));
#1463 = CARTESIAN_POINT('',(4.088195396139E-03,5.908761826641E-02,
    0.610161928533));
#1464 = CARTESIAN_POINT('',(1.681696661194E-02,4.431968607399E-02,
    0.594033877457));
#1465 = CARTESIAN_POINT('',(1.789364946894E-02,4.539820770558E-02,
    0.595998789585));
#1466 = CARTESIAN_POINT('',(1.348001996404E-02,4.098689722951E-02,
    0.598263762972));
#1467 = CARTESIAN_POINT('',(2.239212579243E-02,4.987207125366E-02,
    0.599788114102));
#1468 = CARTESIAN_POINT('',(-4.754790588818E-03,2.277104167681E-02,
    0.603304600774));
#1469 = CARTESIAN_POINT('',(2.754559016755E-02,5.502258554521E-02,
    0.603549695973));
#1470 = CARTESIAN_POINT('',(1.611547953933E-02,4.362591837023E-02,
    0.606212907351));
#1471 = CARTESIAN_POINT('',(1.816963313727E-02,4.567187915479E-02,
    0.608118794541));
#1472 = CARTESIAN_POINT('',(1.644398966626E-02,4.394543785778E-02,
    0.610235307426));
#1473 = CARTESIAN_POINT('',(2.298193622255E-02,2.29819362226E-02,
    0.594437138377));
#1474 = CARTESIAN_POINT('',(2.164239606118E-02,2.164239606127E-02,
    0.596531873209));
#1475 = CARTESIAN_POINT('',(2.545262538948E-02,2.545262538896E-02,
    0.598342633304));
#1476 = CARTESIAN_POINT('',(1.651426246153E-02,1.651426246729E-02,
    0.600875330192));
#1477 = CARTESIAN_POINT('',(4.544230313792E-02,4.544230312818E-02,
    0.601293424067));
#1478 = CARTESIAN_POINT('',(1.220064270572E-02,1.220064271396E-02,
    0.605158730133));
#1479 = CARTESIAN_POINT('',(2.213981168386E-02,2.213981167895E-02,
    0.606617427177));
#1480 = CARTESIAN_POINT('',(2.307979521159E-02,2.307979521283E-02,
    0.608599336437));
#1481 = CARTESIAN_POINT('',(2.559561294875E-02,2.559561295008E-02,
    0.610485189777));
#1482 = CARTESIAN_POINT('',(4.431968607361E-02,1.681696661145E-02,
    0.594033877457));
#1483 = CARTESIAN_POINT('',(4.539820770431E-02,1.789364946747E-02,
    0.595998789585));
#1484 = CARTESIAN_POINT('',(4.098689722421E-02,1.348001995948E-02,
    0.598263762973));
#1485 = CARTESIAN_POINT('',(4.987207126719E-02,2.239212579741E-02,
    0.599788114101));
#1486 = CARTESIAN_POINT('',(2.277104165999E-02,-4.754790591108E-03,
    0.603304600775));
#1487 = CARTESIAN_POINT('',(5.502258555757E-02,2.754559016807E-02,
    0.603549695973));
#1488 = CARTESIAN_POINT('',(4.362591836386E-02,1.611547954003E-02,
    0.606212907351));
#1489 = CARTESIAN_POINT('',(4.56718791562E-02,1.816963313681E-02,
    0.608118794541));
#1490 = CARTESIAN_POINT('',(4.394543785893E-02,1.644398966538E-02,
    0.610235307426));
#1491 = CARTESIAN_POINT('',(5.808169405402E-02,3.083466749777E-03,
    0.594033264294));
#1492 = CARTESIAN_POINT('',(5.850896082655E-02,3.512236098563E-03,
    0.5960337724));
#1493 = CARTESIAN_POINT('',(5.983165048015E-02,4.836925151594E-03,
    0.597983918367));
#1494 = CARTESIAN_POINT('',(5.163276979207E-02,-3.379324334894E-03,
    0.600450536404));
#1495 = CARTESIAN_POINT('',(6.565687878873E-02,1.067252569929E-02,
    0.60170984551));
#1496 = CARTESIAN_POINT('',(5.180443303851E-02,-3.208085923338E-03,
    0.604493303189));
#1497 = CARTESIAN_POINT('',(6.094439973778E-02,5.951595313132E-03,
    0.60601235679));
#1498 = CARTESIAN_POINT('',(5.863210882243E-02,3.633241961668E-03,
    0.608163301614));
#1499 = CARTESIAN_POINT('',(5.908761826595E-02,4.088195396437E-03,
    0.610161928533));
#1500 = CARTESIAN_POINT('',(8.080072614841E-02,-1.699464168562E-03,
    0.593554456918));
#1501 = CARTESIAN_POINT('',(8.053141895487E-02,-1.968997510207E-03,
    0.595591618817));
#1502 = CARTESIAN_POINT('',(8.043567624741E-02,-2.065389892517E-03,
    0.597619123702));
#1503 = CARTESIAN_POINT('',(8.154796585131E-02,-9.508146739648E-04,
    0.599584783755));
#1504 = CARTESIAN_POINT('',(8.055503225336E-02,-1.945785484458E-03,
    0.601657099416));
#1505 = CARTESIAN_POINT('',(8.150121672768E-02,-9.99028478565E-04,
    0.603632939803));
#1506 = CARTESIAN_POINT('',(8.075227931912E-02,-1.747898188507E-03,
    0.605694371776));
#1507 = CARTESIAN_POINT('',(8.154075795333E-02,-9.590931490308E-04,
    0.607674911771));
#1508 = CARTESIAN_POINT('',(8.213384558493E-02,-3.660333778304E-04,
    0.609666100861));
#1509 = CARTESIAN_POINT('',(0.110431260162,4.314286126373E-04,
    0.592707465772));
#1510 = CARTESIAN_POINT('',(0.110359430326,3.59461638056E-04,
    0.594734143219));
#1511 = CARTESIAN_POINT('',(0.110393110755,3.933739161006E-04,
    0.596755314877));
#1512 = CARTESIAN_POINT('',(0.110814319132,8.139233387296E-04,
    0.598755394657));
#1513 = CARTESIAN_POINT('',(0.109469741578,-5.300162826339E-04,
    0.600850585719));
#1514 = CARTESIAN_POINT('',(0.111674862511,1.674870586282E-03,
    0.602755054073));
#1515 = CARTESIAN_POINT('',(0.110673666688,6.735465349994E-04,
    0.604832066195));
#1516 = CARTESIAN_POINT('',(0.110960249713,9.604387132375E-04,
    0.606839174569));
#1517 = CARTESIAN_POINT('',(0.111418681422,1.418941430924E-03,
    0.608837472209));
#1518 = ADVANCED_FACE('',(#1519),#1544,.T.);
#1519 = FACE_BOUND('',#1520,.T.);
#1520 = EDGE_LOOP('',(#1521,#1522,#1530,#1538));
#1521 = ORIENTED_EDGE('',*,*,#900,.F.);
#1522 = ORIENTED_EDGE('',*,*,#1523,.T.);
#1523 = EDGE_CURVE('',#889,#1524,#1526,.T.);
#1524 = VERTEX_POINT('',#1525);
#1525 = CARTESIAN_POINT('',(8.043310806636E-03,0.107495500343,
    0.676526990433));
#1526 = LINE('',#1527,#1528);
#1527 = CARTESIAN_POINT('',(-1.074890013952E-03,9.837729952288E-02,
    0.589773104659));
#1528 = VECTOR('',#1529,1.);
#1529 = DIRECTION('',(0.103962051184,0.103962051184,0.989132844378));
#1530 = ORIENTED_EDGE('',*,*,#1531,.T.);
#1531 = EDGE_CURVE('',#1524,#1532,#1534,.T.);
#1532 = VERTEX_POINT('',#1533);
#1533 = CARTESIAN_POINT('',(8.043310806636E-03,2.892504499657,
    0.676526990433));
#1534 = LINE('',#1535,#1536);
#1535 = CARTESIAN_POINT('',(8.043310806636E-03,1.174485782675E-02,
    0.676526990433));
#1536 = VECTOR('',#1537,1.);
#1537 = DIRECTION('',(0.,1.,0.));
#1538 = ORIENTED_EDGE('',*,*,#1539,.F.);
#1539 = EDGE_CURVE('',#901,#1532,#1540,.T.);
#1540 = LINE('',#1541,#1542);
#1541 = CARTESIAN_POINT('',(-1.074890013952E-03,2.901622700477,
    0.589773104659));
#1542 = VECTOR('',#1543,1.);
#1543 = DIRECTION('',(0.103962051184,-0.103962051184,0.989132844378));
#1544 = PLANE('',#1545);
#1545 = AXIS2_PLACEMENT_3D('',#1546,#1547,#1548);
#1546 = CARTESIAN_POINT('',(0.,0.,0.6));
#1547 = DIRECTION('',(-0.994521895368,0.,0.104528463268));
#1548 = DIRECTION('',(0.,1.,0.));
#1549 = ADVANCED_FACE('',(#1550),#1555,.T.);
#1550 = FACE_BOUND('',#1551,.T.);
#1551 = EDGE_LOOP('',(#1552,#1553,#1554));
#1552 = ORIENTED_EDGE('',*,*,#929,.F.);
#1553 = ORIENTED_EDGE('',*,*,#961,.T.);
#1554 = ORIENTED_EDGE('',*,*,#977,.F.);
#1555 = SPHERICAL_SURFACE('',#1556,0.1);
#1556 = AXIS2_PLACEMENT_3D('',#1557,#1558,#1559);
#1557 = CARTESIAN_POINT('',(2.867917901464,0.132082098536,0.2));
#1558 = DIRECTION('',(-4.440892098501E-15,5.551115123126E-16,1.));
#1559 = DIRECTION('',(-4.667565679103E-16,-1.,5.551115123126E-16));
#1560 = ADVANCED_FACE('',(#1561),#1583,.T.);
#1561 = FACE_BOUND('',#1562,.T.);
#1562 = EDGE_LOOP('',(#1563,#1564,#1576,#1582));
#1563 = ORIENTED_EDGE('',*,*,#1020,.T.);
#1564 = ORIENTED_EDGE('',*,*,#1565,.T.);
#1565 = EDGE_CURVE('',#1013,#1566,#1568,.T.);
#1566 = VERTEX_POINT('',#1567);
#1567 = CARTESIAN_POINT('',(3.,2.9,0.594759222072));
#1568 = ( BOUNDED_CURVE() B_SPLINE_CURVE(6,(#1569,#1570,#1571,#1572,
#1573,#1574,#1575),.UNSPECIFIED.,.F.,.F.) B_SPLINE_CURVE_WITH_KNOTS((7,7
),(0.,1.570796326795),.PIECEWISE_BEZIER_KNOTS.) CURVE() 
GEOMETRIC_REPRESENTATION_ITEM() RATIONAL_B_SPLINE_CURVE((1.031393471788,
    1.010025407661,0.997924642725,0.993958444137,0.997924642725,
1.010025407661,1.031393471788)) REPRESENTATION_ITEM('') );
#1569 = CARTESIAN_POINT('',(2.9,3.,0.594759222072));
#1570 = CARTESIAN_POINT('',(2.926733678315,3.,0.594759222072));
#1571 = CARTESIAN_POINT('',(2.952770857258,2.991499564937,0.594759222072
    ));
#1572 = CARTESIAN_POINT('',(2.97519195132,2.97519195132,0.594759222072)
  );
#1573 = CARTESIAN_POINT('',(2.991499564937,2.952770857258,0.594759222072
    ));
#1574 = CARTESIAN_POINT('',(3.,2.926733678315,0.594759222072));
#1575 = CARTESIAN_POINT('',(3.,2.9,0.594759222072));
#1576 = ORIENTED_EDGE('',*,*,#1577,.F.);
#1577 = EDGE_CURVE('',#1037,#1566,#1578,.T.);
#1578 = LINE('',#1579,#1580);
#1579 = CARTESIAN_POINT('',(3.,2.9,0.5));
#1580 = VECTOR('',#1581,1.);
#1581 = DIRECTION('',(0.,0.,1.));
#1582 = ORIENTED_EDGE('',*,*,#1036,.T.);
#1583 = CYLINDRICAL_SURFACE('',#1584,0.1);
#1584 = AXIS2_PLACEMENT_3D('',#1585,#1586,#1587);
#1585 = CARTESIAN_POINT('',(2.9,2.9,0.5));
#1586 = DIRECTION('',(0.,0.,1.));
#1587 = DIRECTION('',(-0.,1.,0.));
#1588 = ADVANCED_FACE('',(#1589),#1611,.T.);
#1589 = FACE_BOUND('',#1590,.T.);
#1590 = EDGE_LOOP('',(#1591,#1592,#1600,#1610));
#1591 = ORIENTED_EDGE('',*,*,#1156,.F.);
#1592 = ORIENTED_EDGE('',*,*,#1593,.T.);
#1593 = EDGE_CURVE('',#1145,#1594,#1596,.T.);
#1594 = VERTEX_POINT('',#1595);
#1595 = CARTESIAN_POINT('',(2.9,2.999452189537,0.605212068398));
#1596 = LINE('',#1597,#1598);
#1597 = CARTESIAN_POINT('',(3.469446951954E-18,2.999452189537,
    0.605212068398));
#1598 = VECTOR('',#1599,1.);
#1599 = DIRECTION('',(1.,0.,0.));
#1600 = ORIENTED_EDGE('',*,*,#1601,.T.);
#1601 = EDGE_CURVE('',#1594,#1013,#1602,.T.);
#1602 = ( BOUNDED_CURVE() B_SPLINE_CURVE(6,(#1603,#1604,#1605,#1606,
#1607,#1608,#1609),.UNSPECIFIED.,.F.,.F.) B_SPLINE_CURVE_WITH_KNOTS((7,7
),(0.,0.10471975512),.PIECEWISE_BEZIER_KNOTS.) CURVE() 
GEOMETRIC_REPRESENTATION_ITEM() RATIONAL_B_SPLINE_CURVE((1.000137088577,
    1.00004568784,0.999990860763,0.999972587294,0.999990860763,
1.00004568784,1.000137088577)) REPRESENTATION_ITEM('') );
#1603 = CARTESIAN_POINT('',(2.9,2.999452189537,0.605212068398));
#1604 = CARTESIAN_POINT('',(2.9,2.999634642796,0.603476141599));
#1605 = CARTESIAN_POINT('',(2.9,2.999780716882,0.60173658371));
#1606 = CARTESIAN_POINT('',(2.9,2.999890334724,0.599994252686));
#1607 = CARTESIAN_POINT('',(2.9,2.999963440564,0.59825000815));
#1608 = CARTESIAN_POINT('',(2.9,3.,0.596504710841));
#1609 = CARTESIAN_POINT('',(2.9,3.,0.594759222072));
#1610 = ORIENTED_EDGE('',*,*,#1012,.F.);
#1611 = CYLINDRICAL_SURFACE('',#1612,0.1);
#1612 = AXIS2_PLACEMENT_3D('',#1613,#1614,#1615);
#1613 = CARTESIAN_POINT('',(3.469446951954E-18,2.9,0.594759222072));
#1614 = DIRECTION('',(1.,0.,0.));
#1615 = DIRECTION('',(-0.,1.,0.));
#1616 = ADVANCED_FACE('',(#1617),#1628,.T.);
#1617 = FACE_BOUND('',#1618,.T.);
#1618 = EDGE_LOOP('',(#1619,#1620,#1621,#1627));
#1619 = ORIENTED_EDGE('',*,*,#1264,.T.);
#1620 = ORIENTED_EDGE('',*,*,#1048,.T.);
#1621 = ORIENTED_EDGE('',*,*,#1622,.F.);
#1622 = EDGE_CURVE('',#1307,#1037,#1623,.T.);
#1623 = LINE('',#1624,#1625);
#1624 = CARTESIAN_POINT('',(3.,0.,0.505240777928));
#1625 = VECTOR('',#1626,1.);
#1626 = DIRECTION('',(-0.,1.,0.));
#1627 = ORIENTED_EDGE('',*,*,#1318,.F.);
#1628 = CYLINDRICAL_SURFACE('',#1629,0.1);
#1629 = AXIS2_PLACEMENT_3D('',#1630,#1631,#1632);
#1630 = CARTESIAN_POINT('',(2.9,0.,0.505240777928));
#1631 = DIRECTION('',(-0.,1.,0.));
#1632 = DIRECTION('',(0.994521895368,0.,-0.104528463268));
#1633 = ADVANCED_FACE('',(#1634),#1653,.T.);
#1634 = FACE_BOUND('',#1635,.T.);
#1635 = EDGE_LOOP('',(#1636,#1637,#1646,#1652));
#1636 = ORIENTED_EDGE('',*,*,#1539,.T.);
#1637 = ORIENTED_EDGE('',*,*,#1638,.T.);
#1638 = EDGE_CURVE('',#1532,#1639,#1641,.T.);
#1639 = VERTEX_POINT('',#1640);
#1640 = CARTESIAN_POINT('',(0.107495500343,2.991956689193,0.676526990433
    ));
#1641 = CIRCLE('',#1642,0.1);
#1642 = AXIS2_PLACEMENT_3D('',#1643,#1644,#1645);
#1643 = CARTESIAN_POINT('',(0.107495500343,2.892504499657,0.666074144106
    ));
#1644 = DIRECTION('',(-0.103962051184,0.103962051184,-0.989132844378));
#1645 = DIRECTION('',(-0.994521895368,8.724097833035E-14,0.104528463267)
  );
#1646 = ORIENTED_EDGE('',*,*,#1647,.F.);
#1647 = EDGE_CURVE('',#1145,#1639,#1648,.T.);
#1648 = LINE('',#1649,#1650);
#1649 = CARTESIAN_POINT('',(9.837729952288E-02,3.001074890014,
    0.589773104659));
#1650 = VECTOR('',#1651,1.);
#1651 = DIRECTION('',(0.103962051184,-0.103962051184,0.989132844378));
#1652 = ORIENTED_EDGE('',*,*,#1144,.F.);
#1653 = CYLINDRICAL_SURFACE('',#1654,0.1);
#1654 = AXIS2_PLACEMENT_3D('',#1655,#1656,#1657);
#1655 = CARTESIAN_POINT('',(9.837729952288E-02,2.901622700477,
    0.579320258332));
#1656 = DIRECTION('',(0.103962051184,-0.103962051184,0.989132844378));
#1657 = DIRECTION('',(-0.994521895368,9.1635032895E-14,0.104528463267));
#1658 = ADVANCED_FACE('',(#1659),#1681,.T.);
#1659 = FACE_BOUND('',#1660,.T.);
#1660 = EDGE_LOOP('',(#1661,#1662,#1670,#1680));
#1661 = ORIENTED_EDGE('',*,*,#1306,.F.);
#1662 = ORIENTED_EDGE('',*,*,#1663,.T.);
#1663 = EDGE_CURVE('',#1307,#1664,#1666,.T.);
#1664 = VERTEX_POINT('',#1665);
#1665 = CARTESIAN_POINT('',(3.,0.1,0.594759222072));
#1666 = LINE('',#1667,#1668);
#1667 = CARTESIAN_POINT('',(3.,0.1,0.5));
#1668 = VECTOR('',#1669,1.);
#1669 = DIRECTION('',(0.,0.,1.));
#1670 = ORIENTED_EDGE('',*,*,#1671,.F.);
#1671 = EDGE_CURVE('',#1283,#1664,#1672,.T.);
#1672 = ( BOUNDED_CURVE() B_SPLINE_CURVE(6,(#1673,#1674,#1675,#1676,
#1677,#1678,#1679),.UNSPECIFIED.,.F.,.F.) B_SPLINE_CURVE_WITH_KNOTS((7,7
),(0.,1.570796326795),.PIECEWISE_BEZIER_KNOTS.) CURVE() 
GEOMETRIC_REPRESENTATION_ITEM() RATIONAL_B_SPLINE_CURVE((1.031393471788,
    1.010025407661,0.997924642725,0.993958444137,0.997924642725,
1.010025407661,1.031393471788)) REPRESENTATION_ITEM('') );
#1673 = CARTESIAN_POINT('',(2.9,-1.387778780781E-17,0.594759222072));
#1674 = CARTESIAN_POINT('',(2.926733678315,1.249000902703E-16,
    0.594759222072));
#1675 = CARTESIAN_POINT('',(2.952770857258,8.500435063369E-03,
    0.594759222072));
#1676 = CARTESIAN_POINT('',(2.97519195132,2.480804867977E-02,
    0.594759222072));
#1677 = CARTESIAN_POINT('',(2.991499564937,4.722914274178E-02,
    0.594759222072));
#1678 = CARTESIAN_POINT('',(3.,7.326632168471E-02,0.594759222072));
#1679 = CARTESIAN_POINT('',(3.,0.1,0.594759222072));
#1680 = ORIENTED_EDGE('',*,*,#1290,.F.);
#1681 = CYLINDRICAL_SURFACE('',#1682,0.1);
#1682 = AXIS2_PLACEMENT_3D('',#1683,#1684,#1685);
#1683 = CARTESIAN_POINT('',(2.9,0.1,0.5));
#1684 = DIRECTION('',(0.,0.,1.));
#1685 = DIRECTION('',(0.,-1.,0.));
#1686 = ADVANCED_FACE('',(#1687),#1709,.T.);
#1687 = FACE_BOUND('',#1688,.T.);
#1688 = EDGE_LOOP('',(#1689,#1690,#1702,#1708));
#1689 = ORIENTED_EDGE('',*,*,#1282,.T.);
#1690 = ORIENTED_EDGE('',*,*,#1691,.F.);
#1691 = EDGE_CURVE('',#1692,#1283,#1694,.T.);
#1692 = VERTEX_POINT('',#1693);
#1693 = CARTESIAN_POINT('',(2.9,5.478104631727E-04,0.605212068398));
#1694 = ( BOUNDED_CURVE() B_SPLINE_CURVE(6,(#1695,#1696,#1697,#1698,
#1699,#1700,#1701),.UNSPECIFIED.,.F.,.F.) B_SPLINE_CURVE_WITH_KNOTS((7,7
),(0.,0.10471975512),.PIECEWISE_BEZIER_KNOTS.) CURVE() 
GEOMETRIC_REPRESENTATION_ITEM() RATIONAL_B_SPLINE_CURVE((1.000137088577,
    1.00004568784,0.999990860763,0.999972587294,0.999990860763,
1.00004568784,1.000137088577)) REPRESENTATION_ITEM('') );
#1695 = CARTESIAN_POINT('',(2.9,5.478104631727E-04,0.605212068398));
#1696 = CARTESIAN_POINT('',(2.9,3.653572044893E-04,0.603476141599));
#1697 = CARTESIAN_POINT('',(2.9,2.192831180767E-04,0.60173658371));
#1698 = CARTESIAN_POINT('',(2.9,1.096652759717E-04,0.599994252686));
#1699 = CARTESIAN_POINT('',(2.9,3.655943564763E-05,0.59825000815));
#1700 = CARTESIAN_POINT('',(2.9,1.387778780781E-16,0.596504710841));
#1701 = CARTESIAN_POINT('',(2.9,1.387778780781E-17,0.594759222072));
#1702 = ORIENTED_EDGE('',*,*,#1703,.F.);
#1703 = EDGE_CURVE('',#1415,#1692,#1704,.T.);
#1704 = LINE('',#1705,#1706);
#1705 = CARTESIAN_POINT('',(0.,5.478104631727E-04,0.605212068398));
#1706 = VECTOR('',#1707,1.);
#1707 = DIRECTION('',(1.,-0.,0.));
#1708 = ORIENTED_EDGE('',*,*,#1414,.F.);
#1709 = CYLINDRICAL_SURFACE('',#1710,0.1);
#1710 = AXIS2_PLACEMENT_3D('',#1711,#1712,#1713);
#1711 = CARTESIAN_POINT('',(0.,0.1,0.594759222072));
#1712 = DIRECTION('',(1.,-0.,0.));
#1713 = DIRECTION('',(0.,-1.,-0.));
#1714 = ADVANCED_FACE('',(#1715),#1734,.T.);
#1715 = FACE_BOUND('',#1716,.T.);
#1716 = EDGE_LOOP('',(#1717,#1718,#1726,#1733));
#1717 = ORIENTED_EDGE('',*,*,#1426,.F.);
#1718 = ORIENTED_EDGE('',*,*,#1719,.T.);
#1719 = EDGE_CURVE('',#1415,#1720,#1722,.T.);
#1720 = VERTEX_POINT('',#1721);
#1721 = CARTESIAN_POINT('',(0.107495500343,8.043310806636E-03,
    0.676526990433));
#1722 = LINE('',#1723,#1724);
#1723 = CARTESIAN_POINT('',(9.837729952288E-02,-1.074890013952E-03,
    0.589773104659));
#1724 = VECTOR('',#1725,1.);
#1725 = DIRECTION('',(0.103962051184,0.103962051184,0.989132844378));
#1726 = ORIENTED_EDGE('',*,*,#1727,.T.);
#1727 = EDGE_CURVE('',#1720,#1524,#1728,.T.);
#1728 = CIRCLE('',#1729,0.1);
#1729 = AXIS2_PLACEMENT_3D('',#1730,#1731,#1732);
#1730 = CARTESIAN_POINT('',(0.107495500343,0.107495500343,0.666074144106
    ));
#1731 = DIRECTION('',(-0.103962051184,-0.103962051184,-0.989132844378));
#1732 = DIRECTION('',(-0.99458126461,1.086699344846E-02,0.10339253619));
#1733 = ORIENTED_EDGE('',*,*,#1523,.F.);
#1734 = CYLINDRICAL_SURFACE('',#1735,0.1);
#1735 = AXIS2_PLACEMENT_3D('',#1736,#1737,#1738);
#1736 = CARTESIAN_POINT('',(9.837729952288E-02,9.837729952288E-02,
    0.579320258332));
#1737 = DIRECTION('',(0.103962051184,0.103962051184,0.989132844378));
#1738 = DIRECTION('',(-0.994521895368,-9.1635032895E-14,0.104528463267)
  );
#1739 = ADVANCED_FACE('',(#1740),#1767,.T.);
#1740 = FACE_BOUND('',#1741,.T.);
#1741 = EDGE_LOOP('',(#1742,#1743,#1752,#1760));
#1742 = ORIENTED_EDGE('',*,*,#1531,.F.);
#1743 = ORIENTED_EDGE('',*,*,#1744,.T.);
#1744 = EDGE_CURVE('',#1524,#1745,#1747,.T.);
#1745 = VERTEX_POINT('',#1746);
#1746 = CARTESIAN_POINT('',(3.678482222481E-02,0.107495500343,
    0.736784822225));
#1747 = CIRCLE('',#1748,0.1);
#1748 = AXIS2_PLACEMENT_3D('',#1749,#1750,#1751);
#1749 = CARTESIAN_POINT('',(0.107495500343,0.107495500343,0.666074144106
    ));
#1750 = DIRECTION('',(-1.789819916861E-16,1.,-3.752435490216E-16));
#1751 = DIRECTION('',(-0.994521895368,-1.38777878078E-16,0.104528463268)
  );
#1752 = ORIENTED_EDGE('',*,*,#1753,.T.);
#1753 = EDGE_CURVE('',#1745,#1754,#1756,.T.);
#1754 = VERTEX_POINT('',#1755);
#1755 = CARTESIAN_POINT('',(3.678482222481E-02,2.892504499657,
    0.736784822225));
#1756 = LINE('',#1757,#1758);
#1757 = CARTESIAN_POINT('',(3.678482222481E-02,1.174485782675E-02,
    0.736784822225));
#1758 = VECTOR('',#1759,1.);
#1759 = DIRECTION('',(0.,1.,0.));
#1760 = ORIENTED_EDGE('',*,*,#1761,.T.);
#1761 = EDGE_CURVE('',#1754,#1532,#1762,.T.);
#1762 = CIRCLE('',#1763,0.1);
#1763 = AXIS2_PLACEMENT_3D('',#1764,#1765,#1766);
#1764 = CARTESIAN_POINT('',(0.107495500343,2.892504499657,0.666074144106
    ));
#1765 = DIRECTION('',(4.252182717788E-15,-1.,-2.028187116947E-15));
#1766 = DIRECTION('',(-0.707106781187,-1.572602370684E-15,
    -0.707106781187));
#1767 = CYLINDRICAL_SURFACE('',#1768,0.1);
#1768 = AXIS2_PLACEMENT_3D('',#1769,#1770,#1771);
#1769 = CARTESIAN_POINT('',(0.107495500343,1.174485782675E-02,
    0.666074144106));
#1770 = DIRECTION('',(0.,1.,0.));
#1771 = DIRECTION('',(-0.994521895368,0.,0.104528463268));
#1772 = ADVANCED_FACE('',(#1773),#1784,.T.);
#1773 = FACE_BOUND('',#1774,.T.);
#1774 = EDGE_LOOP('',(#1775,#1776,#1777,#1783));
#1775 = ORIENTED_EDGE('',*,*,#1622,.T.);
#1776 = ORIENTED_EDGE('',*,*,#1577,.T.);
#1777 = ORIENTED_EDGE('',*,*,#1778,.F.);
#1778 = EDGE_CURVE('',#1664,#1566,#1779,.T.);
#1779 = LINE('',#1780,#1781);
#1780 = CARTESIAN_POINT('',(3.,3.469446951954E-18,0.594759222072));
#1781 = VECTOR('',#1782,1.);
#1782 = DIRECTION('',(0.,1.,-0.));
#1783 = ORIENTED_EDGE('',*,*,#1663,.F.);
#1784 = PLANE('',#1785);
#1785 = AXIS2_PLACEMENT_3D('',#1786,#1787,#1788);
#1786 = CARTESIAN_POINT('',(3.,0.,0.5));
#1787 = DIRECTION('',(1.,0.,-0.));
#1788 = DIRECTION('',(0.,0.,1.));
#1789 = ADVANCED_FACE('',(#1790),#1816,.F.);
#1790 = FACE_BOUND('',#1791,.F.);
#1791 = EDGE_LOOP('',(#1792,#1793,#1805,#1815));
#1792 = ORIENTED_EDGE('',*,*,#1565,.T.);
#1793 = ORIENTED_EDGE('',*,*,#1794,.T.);
#1794 = EDGE_CURVE('',#1566,#1795,#1797,.T.);
#1795 = VERTEX_POINT('',#1796);
#1796 = CARTESIAN_POINT('',(2.999452189537,2.9,0.605212068398));
#1797 = ( BOUNDED_CURVE() B_SPLINE_CURVE(6,(#1798,#1799,#1800,#1801,
#1802,#1803,#1804),.UNSPECIFIED.,.F.,.F.) B_SPLINE_CURVE_WITH_KNOTS((7,7
),(0.,0.10471975512),.PIECEWISE_BEZIER_KNOTS.) CURVE() 
GEOMETRIC_REPRESENTATION_ITEM() RATIONAL_B_SPLINE_CURVE((1.000137088577,
    1.00004568784,0.999990860763,0.999972587294,0.999990860763,
1.00004568784,1.000137088577)) REPRESENTATION_ITEM('') );
#1798 = CARTESIAN_POINT('',(3.,2.9,0.594759222072));
#1799 = CARTESIAN_POINT('',(3.,2.9,0.596504710841));
#1800 = CARTESIAN_POINT('',(2.999963440564,2.9,0.59825000815));
#1801 = CARTESIAN_POINT('',(2.999890334724,2.9,0.599994252686));
#1802 = CARTESIAN_POINT('',(2.999780716882,2.9,0.60173658371));
#1803 = CARTESIAN_POINT('',(2.999634642796,2.9,0.603476141599));
#1804 = CARTESIAN_POINT('',(2.999452189537,2.9,0.605212068398));
#1805 = ORIENTED_EDGE('',*,*,#1806,.T.);
#1806 = EDGE_CURVE('',#1795,#1594,#1807,.T.);
#1807 = ( BOUNDED_CURVE() B_SPLINE_CURVE(6,(#1808,#1809,#1810,#1811,
#1812,#1813,#1814),.UNSPECIFIED.,.F.,.F.) B_SPLINE_CURVE_WITH_KNOTS((7,7
),(0.,1.559869909752),.PIECEWISE_BEZIER_KNOTS.) CURVE() 
GEOMETRIC_REPRESENTATION_ITEM() RATIONAL_B_SPLINE_CURVE((1.030950613501,
    1.009890100201,0.997953445068,0.994040710927,0.997953445068,
1.009890100201,1.030950613501)) REPRESENTATION_ITEM('') );
#1808 = CARTESIAN_POINT('',(2.999452189537,2.9,0.605212068398));
#1809 = CARTESIAN_POINT('',(2.999163780825,2.926396068307,0.607956093995
    ));
#1810 = CARTESIAN_POINT('',(2.990549925217,2.952114481755,0.609753855466
    ));
#1811 = CARTESIAN_POINT('',(2.974311721695,2.974311721695,0.610380175432
    ));
#1812 = CARTESIAN_POINT('',(2.952114481755,2.990549925217,0.609753855466
    ));
#1813 = CARTESIAN_POINT('',(2.926396068307,2.999163780825,0.607956093995
    ));
#1814 = CARTESIAN_POINT('',(2.9,2.999452189537,0.605212068398));
#1815 = ORIENTED_EDGE('',*,*,#1601,.T.);
#1816 = B_SPLINE_SURFACE_WITH_KNOTS('',8,8,(
    (#1817,#1818,#1819,#1820,#1821,#1822,#1823,#1824,#1825)
    ,(#1826,#1827,#1828,#1829,#1830,#1831,#1832,#1833,#1834)
    ,(#1835,#1836,#1837,#1838,#1839,#1840,#1841,#1842,#1843)
    ,(#1844,#1845,#1846,#1847,#1848,#1849,#1850,#1851,#1852)
    ,(#1853,#1854,#1855,#1856,#1857,#1858,#1859,#1860,#1861)
    ,(#1862,#1863,#1864,#1865,#1866,#1867,#1868,#1869,#1870)
    ,(#1871,#1872,#1873,#1874,#1875,#1876,#1877,#1878,#1879)
    ,(#1880,#1881,#1882,#1883,#1884,#1885,#1886,#1887,#1888)
    ,(#1889,#1890,#1891,#1892,#1893,#1894,#1895,#1896,#1897
  )),.UNSPECIFIED.,.F.,.F.,.F.,(9,9),(9,9),(-7.778174593052E-02,
    7.778174593052E-02),(-7.315613219613E-03,8.855910256723E-03),
  .PIECEWISE_BEZIER_KNOTS.);
#1817 = CARTESIAN_POINT('',(2.889568739838,2.999568571387,0.592707465772
    ));
#1818 = CARTESIAN_POINT('',(2.889640569674,2.999640538362,0.594734143219
    ));
#1819 = CARTESIAN_POINT('',(2.889606889245,2.999606626084,0.596755314877
    ));
#1820 = CARTESIAN_POINT('',(2.889185680868,2.99918607666,0.598755394657)
  );
#1821 = CARTESIAN_POINT('',(2.890530258422,3.000530016284,0.600850585719
    ));
#1822 = CARTESIAN_POINT('',(2.888325137489,2.998325129412,0.602755054072
    ));
#1823 = CARTESIAN_POINT('',(2.889326333312,2.999326453465,0.604832066195
    ));
#1824 = CARTESIAN_POINT('',(2.889039750287,2.999039561287,0.606839174569
    ));
#1825 = CARTESIAN_POINT('',(2.888581318578,2.998581058569,0.608837472208
    ));
#1826 = CARTESIAN_POINT('',(2.919199273852,3.001699464169,0.593554456917
    ));
#1827 = CARTESIAN_POINT('',(2.919468581045,3.00196899751,0.595591618817)
  );
#1828 = CARTESIAN_POINT('',(2.919564323754,3.002065389892,0.597619123702
    ));
#1829 = CARTESIAN_POINT('',(2.918452034146,3.000950814675,0.599584783755
    ));
#1830 = CARTESIAN_POINT('',(2.91944496775,3.001945785482,0.601657099416)
  );
#1831 = CARTESIAN_POINT('',(2.91849878327,3.000999028481,0.603632939803)
  );
#1832 = CARTESIAN_POINT('',(2.919247720683,3.001747898188,0.605694371777
    ));
#1833 = CARTESIAN_POINT('',(2.918459242046,3.000959093149,0.60767491177)
  );
#1834 = CARTESIAN_POINT('',(2.917866154415,3.000366033378,0.609666100861
    ));
#1835 = CARTESIAN_POINT('',(2.941918305946,2.99691653325,0.594033264294)
  );
#1836 = CARTESIAN_POINT('',(2.941491039174,2.9964877639,0.5960337724));
#1837 = CARTESIAN_POINT('',(2.940168349514,2.995163074847,0.597983918367
    ));
#1838 = CARTESIAN_POINT('',(2.948367230218,3.003379324339,0.600450536405
    ));
#1839 = CARTESIAN_POINT('',(2.934343121202,2.989327474297,0.601709845508
    ));
#1840 = CARTESIAN_POINT('',(2.948195566969,3.003208085925,0.60449330319)
  );
#1841 = CARTESIAN_POINT('',(2.939055600256,2.994048404686,0.606012356789
    ));
#1842 = CARTESIAN_POINT('',(2.941367891179,2.996366758037,0.608163301614
    ));
#1843 = CARTESIAN_POINT('',(2.940912381733,2.995911804603,0.610161928533
    ));
#1844 = CARTESIAN_POINT('',(2.955680313927,2.983183033389,0.594033877457
    ));
#1845 = CARTESIAN_POINT('',(2.954601792296,2.982106350535,0.595998789584
    ));
#1846 = CARTESIAN_POINT('',(2.959013102791,2.986519980049,0.598263762974
    ));
#1847 = CARTESIAN_POINT('',(2.950127928705,2.977607874179,0.599788114098
    ));
#1848 = CARTESIAN_POINT('',(2.977228958368,3.004754790618,0.603304600778
    ));
#1849 = CARTESIAN_POINT('',(2.944977414417,2.972454409812,0.60354969597)
  );
#1850 = CARTESIAN_POINT('',(2.956374081651,2.983884520468,0.606212907353
    ));
#1851 = CARTESIAN_POINT('',(2.954328120841,2.981830366864,0.608118794541
    ));
#1852 = CARTESIAN_POINT('',(2.956054562143,2.983556010335,0.610235307426
    ));
#1853 = CARTESIAN_POINT('',(2.977018063776,2.977018063776,0.594437138377
    ));
#1854 = CARTESIAN_POINT('',(2.978357603938,2.978357603935,0.59653187321)
  );
#1855 = CARTESIAN_POINT('',(2.974547374588,2.974547374595,0.598342633302
    ));
#1856 = CARTESIAN_POINT('',(2.983485737584,2.983485737575,0.600875330196
    ));
#1857 = CARTESIAN_POINT('',(2.954557696811,2.954557696818,0.601293424062
    ));
#1858 = CARTESIAN_POINT('',(2.987799357335,2.987799357324,0.605158730137
    ));
#1859 = CARTESIAN_POINT('',(2.977860188295,2.977860188306,0.606617427174
    ));
#1860 = CARTESIAN_POINT('',(2.976920204792,2.976920204786,0.608599336438
    ));
#1861 = CARTESIAN_POINT('',(2.974404387049,2.974404387049,0.610485189777
    ));
#1862 = CARTESIAN_POINT('',(2.98318303339,2.955680313927,0.594033877457)
  );
#1863 = CARTESIAN_POINT('',(2.982106350533,2.954601792298,0.595998789585
    ));
#1864 = CARTESIAN_POINT('',(2.986519980057,2.959013102786,0.598263762975
    ));
#1865 = CARTESIAN_POINT('',(2.977607874163,2.950127928707,0.599788114098
    ));
#1866 = CARTESIAN_POINT('',(3.004754790639,2.977228958369,0.603304600779
    ));
#1867 = CARTESIAN_POINT('',(2.972454409793,2.944977414424,0.603549695969
    ));
#1868 = CARTESIAN_POINT('',(2.98388452048,2.95637408164,0.606212907353)
  );
#1869 = CARTESIAN_POINT('',(2.98183036686,2.954328120846,0.608118794541)
  );
#1870 = CARTESIAN_POINT('',(2.983556010335,2.956054562143,0.610235307426
    ));
#1871 = CARTESIAN_POINT('',(2.99691653325,2.941918305946,0.594033264294)
  );
#1872 = CARTESIAN_POINT('',(2.996487763901,2.941491039172,0.5960337724)
  );
#1873 = CARTESIAN_POINT('',(2.995163074841,2.940168349516,0.597983918366
    ));
#1874 = CARTESIAN_POINT('',(3.003379324352,2.948367230214,0.600450536405
    ));
#1875 = CARTESIAN_POINT('',(2.989327474279,2.934343121206,0.601709845507
    ));
#1876 = CARTESIAN_POINT('',(3.003208085943,2.948195566963,0.604493303191
    ));
#1877 = CARTESIAN_POINT('',(2.994048404677,2.939055600264,0.606012356789
    ));
#1878 = CARTESIAN_POINT('',(2.99636675804,2.941367891176,0.608163301614)
  );
#1879 = CARTESIAN_POINT('',(2.995911804603,2.940912381733,0.610161928533
    ));
#1880 = CARTESIAN_POINT('',(3.001699464169,2.919199273852,0.593554456917
    ));
#1881 = CARTESIAN_POINT('',(3.00196899751,2.919468581046,0.595591618817)
  );
#1882 = CARTESIAN_POINT('',(3.002065389894,2.919564323753,0.597619123702
    ));
#1883 = CARTESIAN_POINT('',(3.00095081467,2.918452034148,0.599584783754)
  );
#1884 = CARTESIAN_POINT('',(3.00194578549,2.919444967748,0.601657099417)
  );
#1885 = CARTESIAN_POINT('',(3.000999028475,2.918498783273,0.603632939803
    ));
#1886 = CARTESIAN_POINT('',(3.00174789819,2.91924772068,0.605694371777)
  );
#1887 = CARTESIAN_POINT('',(3.000959093149,2.918459242047,0.60767491177)
  );
#1888 = CARTESIAN_POINT('',(3.000366033378,2.917866154415,0.609666100861
    ));
#1889 = CARTESIAN_POINT('',(2.999568571387,2.889568739838,0.592707465772
    ));
#1890 = CARTESIAN_POINT('',(2.999640538362,2.889640569674,0.594734143219
    ));
#1891 = CARTESIAN_POINT('',(2.999606626084,2.889606889245,0.596755314877
    ));
#1892 = CARTESIAN_POINT('',(2.99918607666,2.889185680867,0.598755394657)
  );
#1893 = CARTESIAN_POINT('',(3.000530016284,2.890530258422,0.600850585719
    ));
#1894 = CARTESIAN_POINT('',(2.998325129412,2.888325137489,0.602755054073
    ));
#1895 = CARTESIAN_POINT('',(2.999326453466,2.889326333312,0.604832066195
    ));
#1896 = CARTESIAN_POINT('',(2.999039561287,2.889039750287,0.606839174569
    ));
#1897 = CARTESIAN_POINT('',(2.998581058569,2.888581318578,0.608837472208
    ));
#1898 = ADVANCED_FACE('',(#1899),#1925,.T.);
#1899 = FACE_BOUND('',#1900,.T.);
#1900 = EDGE_LOOP('',(#1901,#1902,#1903,#1911,#1919));
#1901 = ORIENTED_EDGE('',*,*,#1593,.F.);
#1902 = ORIENTED_EDGE('',*,*,#1647,.T.);
#1903 = ORIENTED_EDGE('',*,*,#1904,.T.);
#1904 = EDGE_CURVE('',#1639,#1905,#1907,.T.);
#1905 = VERTEX_POINT('',#1906);
#1906 = CARTESIAN_POINT('',(0.341421356237,2.967370091001,0.910452846327
    ));
#1907 = LINE('',#1908,#1909);
#1908 = CARTESIAN_POINT('',(7.758882494672E-02,2.99510000744,
    0.646620315036));
#1909 = VECTOR('',#1910,1.);
#1910 = DIRECTION('',(0.705161999394,-7.411551268478E-02,0.705161999394)
  );
#1911 = ORIENTED_EDGE('',*,*,#1912,.T.);
#1912 = EDGE_CURVE('',#1905,#1913,#1915,.T.);
#1913 = VERTEX_POINT('',#1914);
#1914 = CARTESIAN_POINT('',(2.867917901464,2.967370091001,0.910452846327
    ));
#1915 = LINE('',#1916,#1917);
#1916 = CARTESIAN_POINT('',(0.3,2.967370091001,0.910452846327));
#1917 = VECTOR('',#1918,1.);
#1918 = DIRECTION('',(1.,0.,0.));
#1919 = ORIENTED_EDGE('',*,*,#1920,.F.);
#1920 = EDGE_CURVE('',#1594,#1913,#1921,.T.);
#1921 = LINE('',#1922,#1923);
#1922 = CARTESIAN_POINT('',(2.901622700477,3.001074890014,0.589773104659
    ));
#1923 = VECTOR('',#1924,1.);
#1924 = DIRECTION('',(-0.103962051184,-0.103962051184,0.989132844378));
#1925 = PLANE('',#1926);
#1926 = AXIS2_PLACEMENT_3D('',#1927,#1928,#1929);
#1927 = CARTESIAN_POINT('',(0.,3.,0.6));
#1928 = DIRECTION('',(0.,0.994521895368,0.104528463268));
#1929 = DIRECTION('',(1.,0.,-0.));
#1930 = ADVANCED_FACE('',(#1931),#1942,.T.);
#1931 = FACE_BOUND('',#1932,.T.);
#1932 = EDGE_LOOP('',(#1933,#1934,#1941));
#1933 = ORIENTED_EDGE('',*,*,#1761,.F.);
#1934 = ORIENTED_EDGE('',*,*,#1935,.T.);
#1935 = EDGE_CURVE('',#1754,#1639,#1936,.T.);
#1936 = CIRCLE('',#1937,0.1);
#1937 = AXIS2_PLACEMENT_3D('',#1938,#1939,#1940);
#1938 = CARTESIAN_POINT('',(0.107495500343,2.892504499657,0.666074144106
    ));
#1939 = DIRECTION('',(-0.705161999394,7.411551268478E-02,-0.705161999394
    ));
#1940 = DIRECTION('',(5.240758161052E-02,0.997249663214,
    5.240758161053E-02));
#1941 = ORIENTED_EDGE('',*,*,#1638,.F.);
#1942 = SPHERICAL_SURFACE('',#1943,0.1);
#1943 = AXIS2_PLACEMENT_3D('',#1944,#1945,#1946);
#1944 = CARTESIAN_POINT('',(0.107495500343,2.892504499657,0.666074144106
    ));
#1945 = DIRECTION('',(0.707106781187,4.440892098498E-15,-0.707106781187)
  );
#1946 = DIRECTION('',(-0.707106781187,-1.572602370683E-15,
    -0.707106781187));
#1947 = ADVANCED_FACE('',(#1948),#1974,.T.);
#1948 = FACE_BOUND('',#1949,.T.);
#1949 = EDGE_LOOP('',(#1950,#1951,#1963,#1973));
#1950 = ORIENTED_EDGE('',*,*,#1671,.T.);
#1951 = ORIENTED_EDGE('',*,*,#1952,.T.);
#1952 = EDGE_CURVE('',#1664,#1953,#1955,.T.);
#1953 = VERTEX_POINT('',#1954);
#1954 = CARTESIAN_POINT('',(2.999452189537,0.1,0.605212068398));
#1955 = ( BOUNDED_CURVE() B_SPLINE_CURVE(6,(#1956,#1957,#1958,#1959,
#1960,#1961,#1962),.UNSPECIFIED.,.F.,.F.) B_SPLINE_CURVE_WITH_KNOTS((7,7
),(0.,0.10471975512),.PIECEWISE_BEZIER_KNOTS.) CURVE() 
GEOMETRIC_REPRESENTATION_ITEM() RATIONAL_B_SPLINE_CURVE((1.000137088577,
    1.00004568784,0.999990860763,0.999972587294,0.999990860763,
1.00004568784,1.000137088577)) REPRESENTATION_ITEM('') );
#1956 = CARTESIAN_POINT('',(3.,0.1,0.594759222072));
#1957 = CARTESIAN_POINT('',(3.,0.1,0.596504710841));
#1958 = CARTESIAN_POINT('',(2.999963440564,0.1,0.59825000815));
#1959 = CARTESIAN_POINT('',(2.999890334724,0.1,0.599994252686));
#1960 = CARTESIAN_POINT('',(2.999780716882,0.1,0.60173658371));
#1961 = CARTESIAN_POINT('',(2.999634642796,0.1,0.603476141599));
#1962 = CARTESIAN_POINT('',(2.999452189537,0.1,0.605212068398));
#1963 = ORIENTED_EDGE('',*,*,#1964,.T.);
#1964 = EDGE_CURVE('',#1953,#1692,#1965,.T.);
#1965 = ( BOUNDED_CURVE() B_SPLINE_CURVE(6,(#1966,#1967,#1968,#1969,
#1970,#1971,#1972),.UNSPECIFIED.,.F.,.F.) B_SPLINE_CURVE_WITH_KNOTS((7,7
),(0.,1.559869909752),.PIECEWISE_BEZIER_KNOTS.) CURVE() 
GEOMETRIC_REPRESENTATION_ITEM() RATIONAL_B_SPLINE_CURVE((1.030950613501,
    1.009890100201,0.997953445068,0.994040710927,0.997953445068,
1.009890100201,1.030950613501)) REPRESENTATION_ITEM('') );
#1966 = CARTESIAN_POINT('',(2.999452189537,0.1,0.605212068398));
#1967 = CARTESIAN_POINT('',(2.999163780825,7.360393169276E-02,
    0.607956093995));
#1968 = CARTESIAN_POINT('',(2.990549925217,4.788551824518E-02,
    0.609753855466));
#1969 = CARTESIAN_POINT('',(2.974311721695,2.568827830487E-02,
    0.610380175432));
#1970 = CARTESIAN_POINT('',(2.952114481755,9.450074782514E-03,
    0.609753855466));
#1971 = CARTESIAN_POINT('',(2.926396068307,8.362191750261E-04,
    0.607956093995));
#1972 = CARTESIAN_POINT('',(2.9,5.478104631726E-04,0.605212068398));
#1973 = ORIENTED_EDGE('',*,*,#1691,.T.);
#1974 = B_SPLINE_SURFACE_WITH_KNOTS('',8,8,(
    (#1975,#1976,#1977,#1978,#1979,#1980,#1981,#1982,#1983)
    ,(#1984,#1985,#1986,#1987,#1988,#1989,#1990,#1991,#1992)
    ,(#1993,#1994,#1995,#1996,#1997,#1998,#1999,#2000,#2001)
    ,(#2002,#2003,#2004,#2005,#2006,#2007,#2008,#2009,#2010)
    ,(#2011,#2012,#2013,#2014,#2015,#2016,#2017,#2018,#2019)
    ,(#2020,#2021,#2022,#2023,#2024,#2025,#2026,#2027,#2028)
    ,(#2029,#2030,#2031,#2032,#2033,#2034,#2035,#2036,#2037)
    ,(#2038,#2039,#2040,#2041,#2042,#2043,#2044,#2045,#2046)
    ,(#2047,#2048,#2049,#2050,#2051,#2052,#2053,#2054,#2055
  )),.UNSPECIFIED.,.F.,.F.,.F.,(9,9),(9,9),(-7.778174593052E-02,
    7.778174593052E-02),(-7.315613219612E-03,8.855910256722E-03),
  .PIECEWISE_BEZIER_KNOTS.);
#1975 = CARTESIAN_POINT('',(2.889568739838,4.314286123756E-04,
    0.592707465772));
#1976 = CARTESIAN_POINT('',(2.889640569674,3.59461638117E-04,
    0.594734143219));
#1977 = CARTESIAN_POINT('',(2.889606889245,3.933739160964E-04,
    0.596755314877));
#1978 = CARTESIAN_POINT('',(2.889185680869,8.139233377851E-04,
    0.598755394657));
#1979 = CARTESIAN_POINT('',(2.890530258419,-5.300162804869E-04,
    0.600850585719));
#1980 = CARTESIAN_POINT('',(2.888325137491,1.674870584208E-03,
    0.602755054073));
#1981 = CARTESIAN_POINT('',(2.889326333311,6.735465357891E-04,
    0.604832066195));
#1982 = CARTESIAN_POINT('',(2.889039750287,9.604387129302E-04,
    0.606839174569));
#1983 = CARTESIAN_POINT('',(2.888581318579,1.418941429978E-03,
    0.608837472209));
#1984 = CARTESIAN_POINT('',(2.919199273851,-1.69946416811E-03,
    0.593554456917));
#1985 = CARTESIAN_POINT('',(2.919468581044,-1.968997509459E-03,
    0.595591618817));
#1986 = CARTESIAN_POINT('',(2.919564323752,-2.065389891585E-03,
    0.597619123702));
#1987 = CARTESIAN_POINT('',(2.918452034149,-9.508146752336E-04,
    0.599584783755));
#1988 = CARTESIAN_POINT('',(2.919444967747,-1.945785482664E-03,
    0.601657099415));
#1989 = CARTESIAN_POINT('',(2.918498783271,-9.990284793933E-04,
    0.603632939804));
#1990 = CARTESIAN_POINT('',(2.91924772068,-1.74789818664E-03,
    0.605694371776));
#1991 = CARTESIAN_POINT('',(2.918459242046,-9.590931484269E-04,
    0.607674911771));
#1992 = CARTESIAN_POINT('',(2.917866154415,-3.660333777234E-04,
    0.609666100861));
#1993 = CARTESIAN_POINT('',(2.941918305947,3.083466748994E-03,
    0.594033264294));
#1994 = CARTESIAN_POINT('',(2.941491039175,3.512236097199E-03,
    0.5960337724));
#1995 = CARTESIAN_POINT('',(2.940168349522,4.83692514984E-03,
    0.597983918368));
#1996 = CARTESIAN_POINT('',(2.94836723021,-3.379324338158E-03,
    0.600450536403));
#1997 = CARTESIAN_POINT('',(2.934343121201,1.067252570797E-02,
    0.60170984551));
#1998 = CARTESIAN_POINT('',(2.94819556698,-3.208085937043E-03,
    0.604493303189));
#1999 = CARTESIAN_POINT('',(2.939055600256,5.951595316347E-03,
    0.60601235679));
#2000 = CARTESIAN_POINT('',(2.941367891179,3.633241961575E-03,
    0.608163301614));
#2001 = CARTESIAN_POINT('',(2.940912381734,4.088195396115E-03,
    0.610161928533));
#2002 = CARTESIAN_POINT('',(2.955680313926,1.681696661227E-02,
    0.594033877457));
#2003 = CARTESIAN_POINT('',(2.954601792294,1.789364946916E-02,
    0.595998789585));
#2004 = CARTESIAN_POINT('',(2.959013102776,1.348001995882E-02,
    0.598263762972));
#2005 = CARTESIAN_POINT('',(2.950127928727,2.23921258057E-02,
    0.599788114102));
#2006 = CARTESIAN_POINT('',(2.977228958366,-4.754790614919E-03,
    0.603304600774));
#2007 = CARTESIAN_POINT('',(2.944977414413,2.75455901883E-02,
    0.603549695974));
#2008 = CARTESIAN_POINT('',(2.956374081651,1.611547953054E-02,
    0.60621290735));
#2009 = CARTESIAN_POINT('',(2.954328120841,1.816963313745E-02,
    0.608118794542));
#2010 = CARTESIAN_POINT('',(2.956054562141,1.644398966622E-02,
    0.610235307426));
#2011 = CARTESIAN_POINT('',(2.977018063778,2.298193622211E-02,
    0.594437138377));
#2012 = CARTESIAN_POINT('',(2.97835760394,2.164239606064E-02,
    0.596531873209));
#2013 = CARTESIAN_POINT('',(2.974547374605,2.545262539462E-02,
    0.598342633304));
#2014 = CARTESIAN_POINT('',(2.983485737557,1.651426244839E-02,
    0.600875330192));
#2015 = CARTESIAN_POINT('',(2.954557696824,4.544230315777E-02,
    0.601293424068));
#2016 = CARTESIAN_POINT('',(2.987799357339,1.220064268509E-02,
    0.605158730132));
#2017 = CARTESIAN_POINT('',(2.977860188293,2.213981169381E-02,
    0.606617427178));
#2018 = CARTESIAN_POINT('',(2.976920204792,2.30797952118E-02,
    0.608599336437));
#2019 = CARTESIAN_POINT('',(2.974404387053,2.559561294903E-02,
    0.610485189777));
#2020 = CARTESIAN_POINT('',(2.983183033388,4.431968607393E-02,
    0.594033877457));
#2021 = CARTESIAN_POINT('',(2.982106350531,4.539820770492E-02,
    0.595998789585));
#2022 = CARTESIAN_POINT('',(2.986519980044,4.098689722147E-02,
    0.598263762973));
#2023 = CARTESIAN_POINT('',(2.977607874187,4.987207127329E-02,
    0.599788114101));
#2024 = CARTESIAN_POINT('',(3.004754790625,2.277104165042E-02,
    0.603304600774));
#2025 = CARTESIAN_POINT('',(2.972454409793,5.50225855685E-02,
    0.603549695974));
#2026 = CARTESIAN_POINT('',(2.983884520483,4.362591835653E-02,
    0.60621290735));
#2027 = CARTESIAN_POINT('',(2.981830366859,4.567187915594E-02,
    0.608118794541));
#2028 = CARTESIAN_POINT('',(2.983556010332,4.394543785848E-02,
    0.610235307426));
#2029 = CARTESIAN_POINT('',(2.99691653325,5.808169405375E-02,
    0.594033264294));
#2030 = CARTESIAN_POINT('',(2.996487763902,5.850896082616E-02,
    0.596033772399));
#2031 = CARTESIAN_POINT('',(2.995163074847,5.98316504805E-02,
    0.597983918367));
#2032 = CARTESIAN_POINT('',(3.003379324341,5.163276979073E-02,
    0.600450536403));
#2033 = CARTESIAN_POINT('',(2.989327474289,6.565687878962E-02,
    0.60170984551));
#2034 = CARTESIAN_POINT('',(3.003208085936,5.18044330377E-02,
    0.604493303188));
#2035 = CARTESIAN_POINT('',(2.994048404677,6.09443997407E-02,
    0.60601235679));
#2036 = CARTESIAN_POINT('',(2.99636675804,5.863210882252E-02,
    0.608163301614));
#2037 = CARTESIAN_POINT('',(2.995911804605,5.908761826606E-02,
    0.610161928533));
#2038 = CARTESIAN_POINT('',(3.001699464168,8.080072614854E-02,
    0.593554456918));
#2039 = CARTESIAN_POINT('',(3.00196899751,8.053141895512E-02,
    0.595591618817));
#2040 = CARTESIAN_POINT('',(3.002065389892,8.043567624757E-02,
    0.597619123702));
#2041 = CARTESIAN_POINT('',(3.000950814674,8.1547965851E-02,
    0.599584783755));
#2042 = CARTESIAN_POINT('',(3.001945785485,8.055503225299E-02,
    0.601657099416));
#2043 = CARTESIAN_POINT('',(3.000999028477,8.150121672858E-02,
    0.603632939804));
#2044 = CARTESIAN_POINT('',(3.00174789819,8.075227931801E-02,
    0.605694371776));
#2045 = CARTESIAN_POINT('',(3.000959093149,8.154075795315E-02,
    0.607674911771));
#2046 = CARTESIAN_POINT('',(3.000366033378,8.213384558485E-02,
    0.609666100861));
#2047 = CARTESIAN_POINT('',(2.999568571387,0.110431260162,0.592707465772
    ));
#2048 = CARTESIAN_POINT('',(2.999640538362,0.110359430326,0.594734143219
    ));
#2049 = CARTESIAN_POINT('',(2.999606626085,0.110393110754,0.596755314877
    ));
#2050 = CARTESIAN_POINT('',(2.999186076659,0.110814319135,0.598755394657
    ));
#2051 = CARTESIAN_POINT('',(3.000530016286,0.109469741574,0.600850585719
    ));
#2052 = CARTESIAN_POINT('',(2.998325129411,0.111674862514,0.602755054072
    ));
#2053 = CARTESIAN_POINT('',(2.999326453466,0.110673666686,0.604832066195
    ));
#2054 = CARTESIAN_POINT('',(2.999039561286,0.110960249713,0.606839174569
    ));
#2055 = CARTESIAN_POINT('',(2.998581058569,0.111418681422,0.608837472208
    ));
#2056 = ADVANCED_FACE('',(#2057),#2083,.F.);
#2057 = FACE_BOUND('',#2058,.F.);
#2058 = EDGE_LOOP('',(#2059,#2060,#2061,#2069,#2077));
#2059 = ORIENTED_EDGE('',*,*,#1703,.F.);
#2060 = ORIENTED_EDGE('',*,*,#1719,.T.);
#2061 = ORIENTED_EDGE('',*,*,#2062,.T.);
#2062 = EDGE_CURVE('',#1720,#2063,#2065,.T.);
#2063 = VERTEX_POINT('',#2064);
#2064 = CARTESIAN_POINT('',(0.341421356237,3.262990899923E-02,
    0.910452846327));
#2065 = LINE('',#2066,#2067);
#2066 = CARTESIAN_POINT('',(7.758882494672E-02,4.899992559722E-03,
    0.646620315036));
#2067 = VECTOR('',#2068,1.);
#2068 = DIRECTION('',(0.705161999394,7.411551268478E-02,0.705161999394)
  );
#2069 = ORIENTED_EDGE('',*,*,#2070,.T.);
#2070 = EDGE_CURVE('',#2063,#2071,#2073,.T.);
#2071 = VERTEX_POINT('',#2072);
#2072 = CARTESIAN_POINT('',(2.867917901464,3.262990899923E-02,
    0.910452846327));
#2073 = LINE('',#2074,#2075);
#2074 = CARTESIAN_POINT('',(0.3,3.262990899923E-02,0.910452846327));
#2075 = VECTOR('',#2076,1.);
#2076 = DIRECTION('',(1.,-0.,0.));
#2077 = ORIENTED_EDGE('',*,*,#2078,.F.);
#2078 = EDGE_CURVE('',#1692,#2071,#2079,.T.);
#2079 = LINE('',#2080,#2081);
#2080 = CARTESIAN_POINT('',(2.901622700477,-1.074890013952E-03,
    0.589773104659));
#2081 = VECTOR('',#2082,1.);
#2082 = DIRECTION('',(-0.103962051184,0.103962051184,0.989132844378));
#2083 = PLANE('',#2084);
#2084 = AXIS2_PLACEMENT_3D('',#2085,#2086,#2087);
#2085 = CARTESIAN_POINT('',(0.,0.,0.6));
#2086 = DIRECTION('',(0.,0.994521895368,-0.104528463268));
#2087 = DIRECTION('',(1.,0.,0.));
#2088 = ADVANCED_FACE('',(#2089),#2100,.T.);
#2089 = FACE_BOUND('',#2090,.T.);
#2090 = EDGE_LOOP('',(#2091,#2092,#2099));
#2091 = ORIENTED_EDGE('',*,*,#1727,.F.);
#2092 = ORIENTED_EDGE('',*,*,#2093,.T.);
#2093 = EDGE_CURVE('',#1720,#1745,#2094,.T.);
#2094 = CIRCLE('',#2095,0.1);
#2095 = AXIS2_PLACEMENT_3D('',#2096,#2097,#2098);
#2096 = CARTESIAN_POINT('',(0.107495500343,0.107495500343,0.666074144106
    ));
#2097 = DIRECTION('',(-0.705161999394,-7.411551268478E-02,
    -0.705161999394));
#2098 = DIRECTION('',(-0.709046228825,7.370950015146E-02,0.701299048179)
  );
#2099 = ORIENTED_EDGE('',*,*,#1744,.F.);
#2100 = SPHERICAL_SURFACE('',#2101,0.1);
#2101 = AXIS2_PLACEMENT_3D('',#2102,#2103,#2104);
#2102 = CARTESIAN_POINT('',(0.107495500343,0.107495500343,0.666074144106
    ));
#2103 = DIRECTION('',(-8.326672684691E-16,0.994521895368,-0.104528463268
    ));
#2104 = DIRECTION('',(-0.99458126461,1.086699344847E-02,0.10339253619));
#2105 = ADVANCED_FACE('',(#2106),#2131,.T.);
#2106 = FACE_BOUND('',#2107,.T.);
#2107 = EDGE_LOOP('',(#2108,#2109,#2117,#2125));
#2108 = ORIENTED_EDGE('',*,*,#1753,.F.);
#2109 = ORIENTED_EDGE('',*,*,#2110,.T.);
#2110 = EDGE_CURVE('',#1745,#2111,#2113,.T.);
#2111 = VERTEX_POINT('',#2112);
#2112 = CARTESIAN_POINT('',(0.270710678119,0.132082098536,0.970710678119
    ));
#2113 = LINE('',#2114,#2115);
#2114 = CARTESIAN_POINT('',(6.878146828064E-03,0.104352182097,
    0.706878146828));
#2115 = VECTOR('',#2116,1.);
#2116 = DIRECTION('',(0.705161999394,7.411551268478E-02,0.705161999394)
  );
#2117 = ORIENTED_EDGE('',*,*,#2118,.T.);
#2118 = EDGE_CURVE('',#2111,#2119,#2121,.T.);
#2119 = VERTEX_POINT('',#2120);
#2120 = CARTESIAN_POINT('',(0.270710678119,2.867917901464,0.970710678119
    ));
#2121 = LINE('',#2122,#2123);
#2122 = CARTESIAN_POINT('',(0.270710678119,4.204169410627E-02,
    0.970710678119));
#2123 = VECTOR('',#2124,1.);
#2124 = DIRECTION('',(0.,1.,0.));
#2125 = ORIENTED_EDGE('',*,*,#2126,.F.);
#2126 = EDGE_CURVE('',#1754,#2119,#2127,.T.);
#2127 = LINE('',#2128,#2129);
#2128 = CARTESIAN_POINT('',(6.878146828064E-03,2.895647817903,
    0.706878146828));
#2129 = VECTOR('',#2130,1.);
#2130 = DIRECTION('',(0.705161999394,-7.411551268478E-02,0.705161999394)
  );
#2131 = PLANE('',#2132);
#2132 = AXIS2_PLACEMENT_3D('',#2133,#2134,#2135);
#2133 = CARTESIAN_POINT('',(0.3,0.,1.));
#2134 = DIRECTION('',(-0.707106781187,0.,0.707106781187));
#2135 = DIRECTION('',(-0.707106781187,0.,-0.707106781187));
#2136 = ADVANCED_FACE('',(#2137),#2148,.T.);
#2137 = FACE_BOUND('',#2138,.T.);
#2138 = EDGE_LOOP('',(#2139,#2140,#2141,#2147));
#2139 = ORIENTED_EDGE('',*,*,#1778,.T.);
#2140 = ORIENTED_EDGE('',*,*,#1794,.T.);
#2141 = ORIENTED_EDGE('',*,*,#2142,.F.);
#2142 = EDGE_CURVE('',#1953,#1795,#2143,.T.);
#2143 = LINE('',#2144,#2145);
#2144 = CARTESIAN_POINT('',(2.999452189537,3.469446951954E-18,
    0.605212068398));
#2145 = VECTOR('',#2146,1.);
#2146 = DIRECTION('',(0.,1.,-0.));
#2147 = ORIENTED_EDGE('',*,*,#1952,.F.);
#2148 = CYLINDRICAL_SURFACE('',#2149,0.1);
#2149 = AXIS2_PLACEMENT_3D('',#2150,#2151,#2152);
#2150 = CARTESIAN_POINT('',(2.9,3.469446951954E-18,0.594759222072));
#2151 = DIRECTION('',(0.,1.,-0.));
#2152 = DIRECTION('',(1.,-0.,0.));
#2153 = ADVANCED_FACE('',(#2154),#2173,.T.);
#2154 = FACE_BOUND('',#2155,.T.);
#2155 = EDGE_LOOP('',(#2156,#2157,#2166,#2172));
#2156 = ORIENTED_EDGE('',*,*,#1920,.T.);
#2157 = ORIENTED_EDGE('',*,*,#2158,.T.);
#2158 = EDGE_CURVE('',#1913,#2159,#2161,.T.);
#2159 = VERTEX_POINT('',#2160);
#2160 = CARTESIAN_POINT('',(2.967370091001,2.867917901464,0.910452846327
    ));
#2161 = CIRCLE('',#2162,0.1);
#2162 = AXIS2_PLACEMENT_3D('',#2163,#2164,#2165);
#2163 = CARTESIAN_POINT('',(2.867917901464,2.867917901464,0.9));
#2164 = DIRECTION('',(0.103962051184,0.103962051184,-0.989132844378));
#2165 = DIRECTION('',(9.1635032895E-14,0.994521895368,0.104528463267));
#2166 = ORIENTED_EDGE('',*,*,#2167,.F.);
#2167 = EDGE_CURVE('',#1795,#2159,#2168,.T.);
#2168 = LINE('',#2169,#2170);
#2169 = CARTESIAN_POINT('',(3.001074890014,2.901622700477,0.589773104659
    ));
#2170 = VECTOR('',#2171,1.);
#2171 = DIRECTION('',(-0.103962051184,-0.103962051184,0.989132844378));
#2172 = ORIENTED_EDGE('',*,*,#1806,.T.);
#2173 = CYLINDRICAL_SURFACE('',#2174,0.1);
#2174 = AXIS2_PLACEMENT_3D('',#2175,#2176,#2177);
#2175 = CARTESIAN_POINT('',(2.901622700477,2.901622700477,0.579320258332
    ));
#2176 = DIRECTION('',(-0.103962051184,-0.103962051184,0.989132844378));
#2177 = DIRECTION('',(9.1635032895E-14,0.994521895368,0.104528463267));
#2178 = ADVANCED_FACE('',(#2179),#2191,.T.);
#2179 = FACE_BOUND('',#2180,.T.);
#2180 = EDGE_LOOP('',(#2181,#2182,#2183,#2190));
#2181 = ORIENTED_EDGE('',*,*,#1935,.F.);
#2182 = ORIENTED_EDGE('',*,*,#2126,.T.);
#2183 = ORIENTED_EDGE('',*,*,#2184,.T.);
#2184 = EDGE_CURVE('',#2119,#1905,#2185,.T.);
#2185 = CIRCLE('',#2186,0.1);
#2186 = AXIS2_PLACEMENT_3D('',#2187,#2188,#2189);
#2187 = CARTESIAN_POINT('',(0.341421356237,2.867917901464,0.9));
#2188 = DIRECTION('',(-0.705161999394,7.411551268478E-02,-0.705161999394
    ));
#2189 = DIRECTION('',(5.240758161052E-02,0.997249663214,
    5.240758161052E-02));
#2190 = ORIENTED_EDGE('',*,*,#1904,.F.);
#2191 = CYLINDRICAL_SURFACE('',#2192,0.1);
#2192 = AXIS2_PLACEMENT_3D('',#2193,#2194,#2195);
#2193 = CARTESIAN_POINT('',(7.758882494672E-02,2.895647817903,
    0.636167468709));
#2194 = DIRECTION('',(0.705161999394,-7.411551268478E-02,0.705161999394)
  );
#2195 = DIRECTION('',(-1.667971316621E-13,0.994521895368,0.104528463268)
  );
#2196 = ADVANCED_FACE('',(#2197),#2224,.T.);
#2197 = FACE_BOUND('',#2198,.T.);
#2198 = EDGE_LOOP('',(#2199,#2200,#2209,#2217));
#2199 = ORIENTED_EDGE('',*,*,#1912,.F.);
#2200 = ORIENTED_EDGE('',*,*,#2201,.T.);
#2201 = EDGE_CURVE('',#1905,#2202,#2204,.T.);
#2202 = VERTEX_POINT('',#2203);
#2203 = CARTESIAN_POINT('',(0.341421356237,2.867917901464,1.));
#2204 = CIRCLE('',#2205,0.1);
#2205 = AXIS2_PLACEMENT_3D('',#2206,#2207,#2208);
#2206 = CARTESIAN_POINT('',(0.341421356237,2.867917901464,0.9));
#2207 = DIRECTION('',(1.,-1.057993872434E-15,-5.551115123126E-16));
#2208 = DIRECTION('',(1.110223024625E-15,0.994521895368,0.104528463268)
  );
#2209 = ORIENTED_EDGE('',*,*,#2210,.T.);
#2210 = EDGE_CURVE('',#2202,#2211,#2213,.T.);
#2211 = VERTEX_POINT('',#2212);
#2212 = CARTESIAN_POINT('',(2.867917901464,2.867917901464,1.));
#2213 = LINE('',#2214,#2215);
#2214 = CARTESIAN_POINT('',(0.3,2.867917901464,1.));
#2215 = VECTOR('',#2216,1.);
#2216 = DIRECTION('',(1.,0.,0.));
#2217 = ORIENTED_EDGE('',*,*,#2218,.T.);
#2218 = EDGE_CURVE('',#2211,#1913,#2219,.T.);
#2219 = CIRCLE('',#2220,0.1);
#2220 = AXIS2_PLACEMENT_3D('',#2221,#2222,#2223);
#2221 = CARTESIAN_POINT('',(2.867917901464,2.867917901464,0.9));
#2222 = DIRECTION('',(-1.,-4.667565679103E-16,4.440892098501E-15));
#2223 = DIRECTION('',(-4.667565679103E-16,1.,2.072815554356E-30));
#2224 = CYLINDRICAL_SURFACE('',#2225,0.1);
#2225 = AXIS2_PLACEMENT_3D('',#2226,#2227,#2228);
#2226 = CARTESIAN_POINT('',(0.3,2.867917901464,0.9));
#2227 = DIRECTION('',(1.,0.,0.));
#2228 = DIRECTION('',(-0.,0.994521895368,0.104528463268));
#2229 = ADVANCED_FACE('',(#2230),#2249,.T.);
#2230 = FACE_BOUND('',#2231,.T.);
#2231 = EDGE_LOOP('',(#2232,#2233,#2241,#2248));
#2232 = ORIENTED_EDGE('',*,*,#1964,.F.);
#2233 = ORIENTED_EDGE('',*,*,#2234,.T.);
#2234 = EDGE_CURVE('',#1953,#2235,#2237,.T.);
#2235 = VERTEX_POINT('',#2236);
#2236 = CARTESIAN_POINT('',(2.967370091001,0.132082098536,0.910452846327
    ));
#2237 = LINE('',#2238,#2239);
#2238 = CARTESIAN_POINT('',(3.001074890014,9.837729952288E-02,
    0.589773104659));
#2239 = VECTOR('',#2240,1.);
#2240 = DIRECTION('',(-0.103962051184,0.103962051184,0.989132844378));
#2241 = ORIENTED_EDGE('',*,*,#2242,.F.);
#2242 = EDGE_CURVE('',#2071,#2235,#2243,.T.);
#2243 = CIRCLE('',#2244,0.1);
#2244 = AXIS2_PLACEMENT_3D('',#2245,#2246,#2247);
#2245 = CARTESIAN_POINT('',(2.867917901464,0.132082098536,0.9));
#2246 = DIRECTION('',(-0.103962051184,0.103962051184,0.989132844378));
#2247 = DIRECTION('',(9.163329817152E-14,-0.994521895368,0.104528463267)
  );
#2248 = ORIENTED_EDGE('',*,*,#2078,.F.);
#2249 = CYLINDRICAL_SURFACE('',#2250,0.1);
#2250 = AXIS2_PLACEMENT_3D('',#2251,#2252,#2253);
#2251 = CARTESIAN_POINT('',(2.901622700477,9.837729952288E-02,
    0.579320258332));
#2252 = DIRECTION('',(-0.103962051184,0.103962051184,0.989132844378));
#2253 = DIRECTION('',(9.1635032895E-14,-0.994521895368,0.104528463267));
#2254 = ADVANCED_FACE('',(#2255),#2267,.T.);
#2255 = FACE_BOUND('',#2256,.T.);
#2256 = EDGE_LOOP('',(#2257,#2258,#2265,#2266));
#2257 = ORIENTED_EDGE('',*,*,#2062,.T.);
#2258 = ORIENTED_EDGE('',*,*,#2259,.F.);
#2259 = EDGE_CURVE('',#2111,#2063,#2260,.T.);
#2260 = CIRCLE('',#2261,0.1);
#2261 = AXIS2_PLACEMENT_3D('',#2262,#2263,#2264);
#2262 = CARTESIAN_POINT('',(0.341421356237,0.132082098536,0.9));
#2263 = DIRECTION('',(0.705161999394,7.411551268478E-02,0.705161999394)
  );
#2264 = DIRECTION('',(5.240758161052E-02,-0.997249663214,
    5.240758161052E-02));
#2265 = ORIENTED_EDGE('',*,*,#2110,.F.);
#2266 = ORIENTED_EDGE('',*,*,#2093,.F.);
#2267 = CYLINDRICAL_SURFACE('',#2268,0.1);
#2268 = AXIS2_PLACEMENT_3D('',#2269,#2270,#2271);
#2269 = CARTESIAN_POINT('',(7.758882494672E-02,0.104352182097,
    0.636167468709));
#2270 = DIRECTION('',(0.705161999394,7.411551268478E-02,0.705161999394)
  );
#2271 = DIRECTION('',(-1.667971316621E-13,-0.994521895368,0.104528463268
    ));
#2272 = ADVANCED_FACE('',(#2273),#2300,.T.);
#2273 = FACE_BOUND('',#2274,.T.);
#2274 = EDGE_LOOP('',(#2275,#2284,#2292,#2299));
#2275 = ORIENTED_EDGE('',*,*,#2276,.F.);
#2276 = EDGE_CURVE('',#2277,#2071,#2279,.T.);
#2277 = VERTEX_POINT('',#2278);
#2278 = CARTESIAN_POINT('',(2.867917901464,0.132082098536,1.));
#2279 = CIRCLE('',#2280,0.1);
#2280 = AXIS2_PLACEMENT_3D('',#2281,#2282,#2283);
#2281 = CARTESIAN_POINT('',(2.867917901464,0.132082098536,0.9));
#2282 = DIRECTION('',(1.,-4.667565679103E-16,-4.440892098501E-15));
#2283 = DIRECTION('',(-4.667565679103E-16,-1.,-5.551115123126E-16));
#2284 = ORIENTED_EDGE('',*,*,#2285,.F.);
#2285 = EDGE_CURVE('',#2286,#2277,#2288,.T.);
#2286 = VERTEX_POINT('',#2287);
#2287 = CARTESIAN_POINT('',(0.341421356237,0.132082098536,1.));
#2288 = LINE('',#2289,#2290);
#2289 = CARTESIAN_POINT('',(0.3,0.132082098536,1.));
#2290 = VECTOR('',#2291,1.);
#2291 = DIRECTION('',(1.,-0.,0.));
#2292 = ORIENTED_EDGE('',*,*,#2293,.F.);
#2293 = EDGE_CURVE('',#2063,#2286,#2294,.T.);
#2294 = CIRCLE('',#2295,0.1);
#2295 = AXIS2_PLACEMENT_3D('',#2296,#2297,#2298);
#2296 = CARTESIAN_POINT('',(0.341421356237,0.132082098536,0.9));
#2297 = DIRECTION('',(-1.,-4.998246507225E-16,5.551115123126E-16));
#2298 = DIRECTION('',(5.551115123127E-16,-0.994521895368,0.104528463268)
  );
#2299 = ORIENTED_EDGE('',*,*,#2070,.T.);
#2300 = CYLINDRICAL_SURFACE('',#2301,0.1);
#2301 = AXIS2_PLACEMENT_3D('',#2302,#2303,#2304);
#2302 = CARTESIAN_POINT('',(0.3,0.132082098536,0.9));
#2303 = DIRECTION('',(1.,-0.,0.));
#2304 = DIRECTION('',(-0.,-0.994521895368,0.104528463268));
#2305 = ADVANCED_FACE('',(#2306),#2379,.T.);
#2306 = FACE_BOUND('',#2307,.T.);
#2307 = EDGE_LOOP('',(#2308,#2309,#2316,#2324,#2366,#2372));
#2308 = ORIENTED_EDGE('',*,*,#2118,.F.);
#2309 = ORIENTED_EDGE('',*,*,#2310,.T.);
#2310 = EDGE_CURVE('',#2111,#2286,#2311,.T.);
#2311 = CIRCLE('',#2312,0.1);
#2312 = AXIS2_PLACEMENT_3D('',#2313,#2314,#2315);
#2313 = CARTESIAN_POINT('',(0.341421356237,0.132082098536,0.9));
#2314 = DIRECTION('',(1.177569344013E-16,1.,1.177569344013E-16));
#2315 = DIRECTION('',(0.707106781187,-1.665334536938E-16,0.707106781187)
  );
#2316 = ORIENTED_EDGE('',*,*,#2317,.T.);
#2317 = EDGE_CURVE('',#2286,#2318,#2320,.T.);
#2318 = VERTEX_POINT('',#2319);
#2319 = CARTESIAN_POINT('',(0.341421356237,2.399954691552,1.));
#2320 = LINE('',#2321,#2322);
#2321 = CARTESIAN_POINT('',(0.341421356237,4.204169410627E-02,1.));
#2322 = VECTOR('',#2323,1.);
#2323 = DIRECTION('',(0.,1.,0.));
#2324 = ORIENTED_EDGE('',*,*,#2325,.F.);
#2325 = EDGE_CURVE('',#2326,#2318,#2328,.T.);
#2326 = VERTEX_POINT('',#2327);
#2327 = CARTESIAN_POINT('',(0.341421356237,2.600045308448,1.));
#2328 = B_SPLINE_CURVE_WITH_KNOTS('',6,(#2329,#2330,#2331,#2332,#2333,
    #2334,#2335,#2336,#2337,#2338,#2339,#2340,#2341,#2342,#2343,#2344,
    #2345,#2346,#2347,#2348,#2349,#2350,#2351,#2352,#2353,#2354,#2355,
    #2356,#2357,#2358,#2359,#2360,#2361,#2362,#2363,#2364,#2365),
  .UNSPECIFIED.,.F.,.F.,(7,5,5,5,5,5,5,7),(0.,0.278984123207,
    0.362946316504,0.407600820684,0.499697010248,0.636213282689,
    0.720060232855,1.),.UNSPECIFIED.);
#2329 = CARTESIAN_POINT('',(0.341421356237,2.600045308448,1.));
#2330 = CARTESIAN_POINT('',(0.337090669045,2.593180873602,1.));
#2331 = CARTESIAN_POINT('',(0.332953482653,2.585832999142,0.999774902239
    ));
#2332 = CARTESIAN_POINT('',(0.329044905599,2.577945798982,0.999362672535
    ));
#2333 = CARTESIAN_POINT('',(0.325432729647,2.569476195925,0.998805789884
    ));
#2334 = CARTESIAN_POINT('',(0.322208906169,2.560398305676,0.998176729963
    ));
#2335 = CARTESIAN_POINT('',(0.318666624155,2.547787437217,0.997380324581
    ));
#2336 = CARTESIAN_POINT('',(0.31789245271,2.544813968704,0.997197568072)
  );
#2337 = CARTESIAN_POINT('',(0.317167305221,2.541786534589,0.997018928536
    ));
#2338 = CARTESIAN_POINT('',(0.316494750034,2.538707256051,0.996847019942
    ));
#2339 = CARTESIAN_POINT('',(0.315878182316,2.535578208044,0.996684433203
    ));
#2340 = CARTESIAN_POINT('',(0.315024398299,2.530711874033,0.996453589375
    ));
#2341 = CARTESIAN_POINT('',(0.314744792353,2.529009240502,0.996376816809
    ));
#2342 = CARTESIAN_POINT('',(0.314482537212,2.527294114001,0.996303811072
    ));
#2343 = CARTESIAN_POINT('',(0.314238136818,2.525567204364,0.996234943526
    ));
#2344 = CARTESIAN_POINT('',(0.314012068057,2.523829335975,0.996170564297
    ));
#2345 = CARTESIAN_POINT('',(0.313377268025,2.518476574122,0.995988160591
    ));
#2346 = CARTESIAN_POINT('',(0.313029388924,2.51482690994,0.995885689996)
  );
#2347 = CARTESIAN_POINT('',(0.312765498317,2.511143612316,0.995806682928
    ));
#2348 = CARTESIAN_POINT('',(0.312588530657,2.507437605697,0.995753238008
    ));
#2349 = CARTESIAN_POINT('',(0.3125,2.503719581879,0.995726460048));
#2350 = CARTESIAN_POINT('',(0.3125,2.494486379344,0.995726460048));
#2351 = CARTESIAN_POINT('',(0.312694546663,2.488982830614,0.995785194519
    ));
#2352 = CARTESIAN_POINT('',(0.313082370907,2.483517914236,0.995902489144
    ));
#2353 = CARTESIAN_POINT('',(0.31365681851,2.478122537946,0.996072675706)
  );
#2354 = CARTESIAN_POINT('',(0.314405233897,2.472828960387,0.996286055204
    ));
#2355 = CARTESIAN_POINT('',(0.315863025205,2.464501085933,0.996680411156
    ));
#2356 = CARTESIAN_POINT('',(0.316476635488,2.46137978889,0.996842322436)
  );
#2357 = CARTESIAN_POINT('',(0.317145981531,2.458307928691,0.997013550188
    ));
#2358 = CARTESIAN_POINT('',(0.317867696372,2.455287578329,0.99719152539)
  );
#2359 = CARTESIAN_POINT('',(0.318638239327,2.452320858669,0.997373654613
    ));
#2360 = CARTESIAN_POINT('',(0.322177128465,2.439691250667,0.998170523637
    ));
#2361 = CARTESIAN_POINT('',(0.325404226483,2.430590674669,0.998801389154
    ));
#2362 = CARTESIAN_POINT('',(0.329021770082,2.422100884237,0.999360231771
    ));
#2363 = CARTESIAN_POINT('',(0.332937189309,2.414195926297,0.99977401906)
  );
#2364 = CARTESIAN_POINT('',(0.337082183116,2.406832577176,1.));
#2365 = CARTESIAN_POINT('',(0.341421356237,2.399954691552,1.));
#2366 = ORIENTED_EDGE('',*,*,#2367,.T.);
#2367 = EDGE_CURVE('',#2326,#2202,#2368,.T.);
#2368 = LINE('',#2369,#2370);
#2369 = CARTESIAN_POINT('',(0.341421356237,4.204169410627E-02,1.));
#2370 = VECTOR('',#2371,1.);
#2371 = DIRECTION('',(0.,1.,0.));
#2372 = ORIENTED_EDGE('',*,*,#2373,.F.);
#2373 = EDGE_CURVE('',#2119,#2202,#2374,.T.);
#2374 = CIRCLE('',#2375,0.1);
#2375 = AXIS2_PLACEMENT_3D('',#2376,#2377,#2378);
#2376 = CARTESIAN_POINT('',(0.341421356237,2.867917901464,0.9));
#2377 = DIRECTION('',(4.219623482713E-16,1.,4.219623482713E-16));
#2378 = DIRECTION('',(0.707106781187,-5.967448757361E-16,0.707106781187)
  );
#2379 = CYLINDRICAL_SURFACE('',#2380,0.1);
#2380 = AXIS2_PLACEMENT_3D('',#2381,#2382,#2383);
#2381 = CARTESIAN_POINT('',(0.341421356237,4.204169410627E-02,0.9));
#2382 = DIRECTION('',(0.,1.,0.));
#2383 = DIRECTION('',(-0.707106781187,0.,0.707106781187));
#2384 = ADVANCED_FACE('',(#2385),#2396,.F.);
#2385 = FACE_BOUND('',#2386,.F.);
#2386 = EDGE_LOOP('',(#2387,#2388,#2389,#2395));
#2387 = ORIENTED_EDGE('',*,*,#2142,.F.);
#2388 = ORIENTED_EDGE('',*,*,#2234,.T.);
#2389 = ORIENTED_EDGE('',*,*,#2390,.T.);
#2390 = EDGE_CURVE('',#2235,#2159,#2391,.T.);
#2391 = LINE('',#2392,#2393);
#2392 = CARTESIAN_POINT('',(2.967370091001,4.204169410627E-02,
    0.910452846327));
#2393 = VECTOR('',#2394,1.);
#2394 = DIRECTION('',(0.,1.,-0.));
#2395 = ORIENTED_EDGE('',*,*,#2167,.F.);
#2396 = PLANE('',#2397);
#2397 = AXIS2_PLACEMENT_3D('',#2398,#2399,#2400);
#2398 = CARTESIAN_POINT('',(3.,0.,0.6));
#2399 = DIRECTION('',(-0.994521895368,0.,-0.104528463268));
#2400 = DIRECTION('',(0.,1.,0.));
#2401 = ADVANCED_FACE('',(#2402),#2413,.T.);
#2402 = FACE_BOUND('',#2403,.T.);
#2403 = EDGE_LOOP('',(#2404,#2405,#2412));
#2404 = ORIENTED_EDGE('',*,*,#2218,.F.);
#2405 = ORIENTED_EDGE('',*,*,#2406,.T.);
#2406 = EDGE_CURVE('',#2211,#2159,#2407,.T.);
#2407 = CIRCLE('',#2408,0.1);
#2408 = AXIS2_PLACEMENT_3D('',#2409,#2410,#2411);
#2409 = CARTESIAN_POINT('',(2.867917901464,2.867917901464,0.9));
#2410 = DIRECTION('',(-5.279889078677E-16,1.,2.344741769045E-30));
#2411 = DIRECTION('',(1.,5.279889078677E-16,-4.440892098501E-15));
#2412 = ORIENTED_EDGE('',*,*,#2158,.F.);
#2413 = SPHERICAL_SURFACE('',#2414,0.1);
#2414 = AXIS2_PLACEMENT_3D('',#2415,#2416,#2417);
#2415 = CARTESIAN_POINT('',(2.867917901464,2.867917901464,0.9));
#2416 = DIRECTION('',(-4.440892098501E-15,0.,-1.));
#2417 = DIRECTION('',(-4.667565679103E-16,1.,2.072815554356E-30));
#2418 = ADVANCED_FACE('',(#2419),#2424,.T.);
#2419 = FACE_BOUND('',#2420,.T.);
#2420 = EDGE_LOOP('',(#2421,#2422,#2423));
#2421 = ORIENTED_EDGE('',*,*,#2184,.F.);
#2422 = ORIENTED_EDGE('',*,*,#2373,.T.);
#2423 = ORIENTED_EDGE('',*,*,#2201,.F.);
#2424 = SPHERICAL_SURFACE('',#2425,0.1);
#2425 = AXIS2_PLACEMENT_3D('',#2426,#2427,#2428);
#2426 = CARTESIAN_POINT('',(0.341421356237,2.867917901464,0.9));
#2427 = DIRECTION('',(0.707106781187,0.,-0.707106781187));
#2428 = DIRECTION('',(5.240758161048E-02,0.997249663214,
    5.240758161048E-02));
#2429 = ADVANCED_FACE('',(#2430),#2458,.T.);
#2430 = FACE_BOUND('',#2431,.T.);
#2431 = EDGE_LOOP('',(#2432,#2433,#2434,#2443,#2450,#2451,#2452));
#2432 = ORIENTED_EDGE('',*,*,#2210,.F.);
#2433 = ORIENTED_EDGE('',*,*,#2367,.F.);
#2434 = ORIENTED_EDGE('',*,*,#2435,.F.);
#2435 = EDGE_CURVE('',#2436,#2326,#2438,.T.);
#2436 = VERTEX_POINT('',#2437);
#2437 = CARTESIAN_POINT('',(0.6875,2.5,1.));
#2438 = CIRCLE('',#2439,0.1875);
#2439 = AXIS2_PLACEMENT_3D('',#2440,#2441,#2442);
#2440 = CARTESIAN_POINT('',(0.5,2.5,1.));
#2441 = DIRECTION('',(0.,0.,1.));
#2442 = DIRECTION('',(1.,0.,-0.));
#2443 = ORIENTED_EDGE('',*,*,#2444,.F.);
#2444 = EDGE_CURVE('',#2318,#2436,#2445,.T.);
#2445 = CIRCLE('',#2446,0.1875);
#2446 = AXIS2_PLACEMENT_3D('',#2447,#2448,#2449);
#2447 = CARTESIAN_POINT('',(0.5,2.5,1.));
#2448 = DIRECTION('',(0.,0.,1.));
#2449 = DIRECTION('',(1.,0.,-0.));
#2450 = ORIENTED_EDGE('',*,*,#2317,.F.);
#2451 = ORIENTED_EDGE('',*,*,#2285,.T.);
#2452 = ORIENTED_EDGE('',*,*,#2453,.T.);
#2453 = EDGE_CURVE('',#2277,#2211,#2454,.T.);
#2454 = LINE('',#2455,#2456);
#2455 = CARTESIAN_POINT('',(2.867917901464,4.204169410627E-02,1.));
#2456 = VECTOR('',#2457,1.);
#2457 = DIRECTION('',(0.,1.,-0.));
#2458 = PLANE('',#2459);
#2459 = AXIS2_PLACEMENT_3D('',#2460,#2461,#2462);
#2460 = CARTESIAN_POINT('',(0.,0.,1.));
#2461 = DIRECTION('',(0.,0.,1.));
#2462 = DIRECTION('',(1.,0.,-0.));
#2463 = ADVANCED_FACE('',(#2464),#2475,.T.);
#2464 = FACE_BOUND('',#2465,.T.);
#2465 = EDGE_LOOP('',(#2466,#2467,#2474));
#2466 = ORIENTED_EDGE('',*,*,#2242,.T.);
#2467 = ORIENTED_EDGE('',*,*,#2468,.F.);
#2468 = EDGE_CURVE('',#2277,#2235,#2469,.T.);
#2469 = CIRCLE('',#2470,0.1);
#2470 = AXIS2_PLACEMENT_3D('',#2471,#2472,#2473);
#2471 = CARTESIAN_POINT('',(2.867917901464,0.132082098536,0.9));
#2472 = DIRECTION('',(5.279889078677E-16,1.,5.551115123126E-16));
#2473 = DIRECTION('',(1.,-5.279889078677E-16,-4.440892098501E-15));
#2474 = ORIENTED_EDGE('',*,*,#2276,.T.);
#2475 = SPHERICAL_SURFACE('',#2476,0.1);
#2476 = AXIS2_PLACEMENT_3D('',#2477,#2478,#2479);
#2477 = CARTESIAN_POINT('',(2.867917901464,0.132082098536,0.9));
#2478 = DIRECTION('',(-4.440892098501E-15,5.551115123126E-16,-1.));
#2479 = DIRECTION('',(-4.667565679103E-16,-1.,-5.551115123126E-16));
#2480 = ADVANCED_FACE('',(#2481),#2486,.T.);
#2481 = FACE_BOUND('',#2482,.T.);
#2482 = EDGE_LOOP('',(#2483,#2484,#2485));
#2483 = ORIENTED_EDGE('',*,*,#2293,.T.);
#2484 = ORIENTED_EDGE('',*,*,#2310,.F.);
#2485 = ORIENTED_EDGE('',*,*,#2259,.T.);
#2486 = SPHERICAL_SURFACE('',#2487,0.1);
#2487 = AXIS2_PLACEMENT_3D('',#2488,#2489,#2490);
#2488 = CARTESIAN_POINT('',(0.341421356237,0.132082098536,0.9));
#2489 = DIRECTION('',(0.707106781187,0.,-0.707106781187));
#2490 = DIRECTION('',(5.240758161048E-02,-0.997249663214,
    5.240758161048E-02));
#2491 = ADVANCED_FACE('',(#2492),#2513,.F.);
#2492 = FACE_BOUND('',#2493,.F.);
#2493 = EDGE_LOOP('',(#2494,#2502,#2503,#2504,#2505,#2506));
#2494 = ORIENTED_EDGE('',*,*,#2495,.T.);
#2495 = EDGE_CURVE('',#2496,#2436,#2498,.T.);
#2496 = VERTEX_POINT('',#2497);
#2497 = CARTESIAN_POINT('',(0.6875,2.5,0.9));
#2498 = LINE('',#2499,#2500);
#2499 = CARTESIAN_POINT('',(0.6875,2.5,0.9));
#2500 = VECTOR('',#2501,1.);
#2501 = DIRECTION('',(0.,0.,1.));
#2502 = ORIENTED_EDGE('',*,*,#2444,.F.);
#2503 = ORIENTED_EDGE('',*,*,#2325,.F.);
#2504 = ORIENTED_EDGE('',*,*,#2435,.F.);
#2505 = ORIENTED_EDGE('',*,*,#2495,.F.);
#2506 = ORIENTED_EDGE('',*,*,#2507,.T.);
#2507 = EDGE_CURVE('',#2496,#2496,#2508,.T.);
#2508 = CIRCLE('',#2509,0.1875);
#2509 = AXIS2_PLACEMENT_3D('',#2510,#2511,#2512);
#2510 = CARTESIAN_POINT('',(0.5,2.5,0.9));
#2511 = DIRECTION('',(0.,0.,1.));
#2512 = DIRECTION('',(1.,0.,-0.));
#2513 = CYLINDRICAL_SURFACE('',#2514,0.1875);
#2514 = AXIS2_PLACEMENT_3D('',#2515,#2516,#2517);
#2515 = CARTESIAN_POINT('',(0.5,2.5,0.9));
#2516 = DIRECTION('',(0.,0.,1.));
#2517 = DIRECTION('',(1.,0.,-0.));
#2518 = ADVANCED_FACE('',(#2519),#2525,.T.);
#2519 = FACE_BOUND('',#2520,.T.);
#2520 = EDGE_LOOP('',(#2521,#2522,#2523,#2524));
#2521 = ORIENTED_EDGE('',*,*,#2390,.T.);
#2522 = ORIENTED_EDGE('',*,*,#2406,.F.);
#2523 = ORIENTED_EDGE('',*,*,#2453,.F.);
#2524 = ORIENTED_EDGE('',*,*,#2468,.T.);
#2525 = CYLINDRICAL_SURFACE('',#2526,0.1);
#2526 = AXIS2_PLACEMENT_3D('',#2527,#2528,#2529);
#2527 = CARTESIAN_POINT('',(2.867917901464,4.204169410627E-02,0.9));
#2528 = DIRECTION('',(0.,1.,-0.));
#2529 = DIRECTION('',(0.994521895368,0.,0.104528463268));
#2530 = ADVANCED_FACE('',(#2531),#2534,.T.);
#2531 = FACE_BOUND('',#2532,.F.);
#2532 = EDGE_LOOP('',(#2533));
#2533 = ORIENTED_EDGE('',*,*,#2507,.F.);
#2534 = PLANE('',#2535);
#2535 = AXIS2_PLACEMENT_3D('',#2536,#2537,#2538);
#2536 = CARTESIAN_POINT('',(0.5,2.5,0.9));
#2537 = DIRECTION('',(0.,0.,1.));
#2538 = DIRECTION('',(1.,0.,-0.));
#2539 = ( GEOMETRIC_REPRESENTATION_CONTEXT(3) 
GLOBAL_UNCERTAINTY_ASSIGNED_CONTEXT((#2543)) 
GLOBAL_UNIT_ASSIGNED_CONTEXT((#2540,#2541,#2542)) REPRESENTATION_CONTEXT
('Context #1','3D Context with UNIT and UNCERTAINTY') );
#2540 = ( LENGTH_UNIT() NAMED_UNIT(*) SI_UNIT(.MILLI.,.METRE.) );
#2541 = ( NAMED_UNIT(*) PLANE_ANGLE_UNIT() SI_UNIT($,.RADIAN.) );
#2542 = ( NAMED_UNIT(*) SI_UNIT($,.STERADIAN.) SOLID_ANGLE_UNIT() );
#2543 = UNCERTAINTY_MEASURE_WITH_UNIT(LENGTH_MEASURE(1.E-05),#2540,
  'distance_accuracy_value','confusion accuracy');
#2544 = SHAPE_DEFINITION_REPRESENTATION(#2545,#155);
#2545 = PRODUCT_DEFINITION_SHAPE('','',#2546);
#2546 = PRODUCT_DEFINITION('design','',#2547,#2550);
#2547 = PRODUCT_DEFINITION_FORMATION('','',#2548);
#2548 = PRODUCT('Open CASCADE STEP translator 7.5 13.2.1',
  'Open CASCADE STEP translator 7.5 13.2.1','',(#2549));
#2549 = PRODUCT_CONTEXT('',#2,'mechanical');
#2550 = PRODUCT_DEFINITION_CONTEXT('part definition',#2,'design');
#2551 = CONTEXT_DEPENDENT_SHAPE_REPRESENTATION(#2552,#2554);
#2552 = ( REPRESENTATION_RELATIONSHIP('','',#155,#145) 
REPRESENTATION_RELATIONSHIP_WITH_TRANSFORMATION(#2553) 
SHAPE_REPRESENTATION_RELATIONSHIP() );
#2553 = ITEM_DEFINED_TRANSFORMATION('','',#11,#146);
#2554 = PRODUCT_DEFINITION_SHAPE('Placement','Placement of an item',
  #2555);
#2555 = NEXT_ASSEMBLY_USAGE_OCCURRENCE('407','142','',#140,#2546,$);
#2556 = PRODUCT_RELATED_PRODUCT_CATEGORY('part',$,(#2548));
#2557 = CONTEXT_DEPENDENT_SHAPE_REPRESENTATION(#2558,#2560);
#2558 = ( REPRESENTATION_RELATIONSHIP('','',#145,#46) 
REPRESENTATION_RELATIONSHIP_WITH_TRANSFORMATION(#2559) 
SHAPE_REPRESENTATION_RELATIONSHIP() );
#2559 = ITEM_DEFINED_TRANSFORMATION('','',#11,#51);
#2560 = PRODUCT_DEFINITION_SHAPE('Placement','Placement of an item',
  #2561);
#2561 = NEXT_ASSEMBLY_USAGE_OCCURRENCE('408','143','',#41,#140,$);
#2562 = PRODUCT_RELATED_PRODUCT_CATEGORY('part',$,(#142));
#2563 = ADVANCED_BREP_SHAPE_REPRESENTATION('',(#11,#2564),#3106);
#2564 = MANIFOLD_SOLID_BREP('',#2565);
#2565 = CLOSED_SHELL('',(#2566,#2606,#2637,#2670,#2701,#2734,#2765,#2789
    ,#2814,#2838,#2863,#2887,#2911,#2936,#2960,#2985,#3009,#3026,#3043,
    #3060,#3077,#3094));
#2566 = ADVANCED_FACE('',(#2567),#2601,.F.);
#2567 = FACE_BOUND('',#2568,.F.);
#2568 = EDGE_LOOP('',(#2569,#2579,#2587,#2595));
#2569 = ORIENTED_EDGE('',*,*,#2570,.T.);
#2570 = EDGE_CURVE('',#2571,#2573,#2575,.T.);
#2571 = VERTEX_POINT('',#2572);
#2572 = CARTESIAN_POINT('',(0.,-0.11,0.5));
#2573 = VERTEX_POINT('',#2574);
#2574 = CARTESIAN_POINT('',(0.,0.11,0.5));
#2575 = LINE('',#2576,#2577);
#2576 = CARTESIAN_POINT('',(0.,-0.11,0.5));
#2577 = VECTOR('',#2578,1.);
#2578 = DIRECTION('',(0.,1.,0.));
#2579 = ORIENTED_EDGE('',*,*,#2580,.T.);
#2580 = EDGE_CURVE('',#2573,#2581,#2583,.T.);
#2581 = VERTEX_POINT('',#2582);
#2582 = CARTESIAN_POINT('',(0.,0.11,0.6));
#2583 = LINE('',#2584,#2585);
#2584 = CARTESIAN_POINT('',(0.,0.11,0.5));
#2585 = VECTOR('',#2586,1.);
#2586 = DIRECTION('',(0.,-0.,1.));
#2587 = ORIENTED_EDGE('',*,*,#2588,.T.);
#2588 = EDGE_CURVE('',#2581,#2589,#2591,.T.);
#2589 = VERTEX_POINT('',#2590);
#2590 = CARTESIAN_POINT('',(0.,-0.11,0.6));
#2591 = LINE('',#2592,#2593);
#2592 = CARTESIAN_POINT('',(0.,0.11,0.6));
#2593 = VECTOR('',#2594,1.);
#2594 = DIRECTION('',(0.,-1.,0.));
#2595 = ORIENTED_EDGE('',*,*,#2596,.T.);
#2596 = EDGE_CURVE('',#2589,#2571,#2597,.T.);
#2597 = LINE('',#2598,#2599);
#2598 = CARTESIAN_POINT('',(0.,-0.11,0.6));
#2599 = VECTOR('',#2600,1.);
#2600 = DIRECTION('',(0.,0.,-1.));
#2601 = PLANE('',#2602);
#2602 = AXIS2_PLACEMENT_3D('',#2603,#2604,#2605);
#2603 = CARTESIAN_POINT('',(0.,-2.710505431214E-18,0.55));
#2604 = DIRECTION('',(1.,0.,0.));
#2605 = DIRECTION('',(0.,0.,1.));
#2606 = ADVANCED_FACE('',(#2607),#2632,.T.);
#2607 = FACE_BOUND('',#2608,.T.);
#2608 = EDGE_LOOP('',(#2609,#2617,#2618,#2626));
#2609 = ORIENTED_EDGE('',*,*,#2610,.F.);
#2610 = EDGE_CURVE('',#2571,#2611,#2613,.T.);
#2611 = VERTEX_POINT('',#2612);
#2612 = CARTESIAN_POINT('',(0.25,-0.11,0.5));
#2613 = LINE('',#2614,#2615);
#2614 = CARTESIAN_POINT('',(0.,-0.11,0.5));
#2615 = VECTOR('',#2616,1.);
#2616 = DIRECTION('',(1.,-0.,0.));
#2617 = ORIENTED_EDGE('',*,*,#2570,.T.);
#2618 = ORIENTED_EDGE('',*,*,#2619,.T.);
#2619 = EDGE_CURVE('',#2573,#2620,#2622,.T.);
#2620 = VERTEX_POINT('',#2621);
#2621 = CARTESIAN_POINT('',(0.25,0.11,0.5));
#2622 = LINE('',#2623,#2624);
#2623 = CARTESIAN_POINT('',(0.,0.11,0.5));
#2624 = VECTOR('',#2625,1.);
#2625 = DIRECTION('',(1.,-0.,0.));
#2626 = ORIENTED_EDGE('',*,*,#2627,.F.);
#2627 = EDGE_CURVE('',#2611,#2620,#2628,.T.);
#2628 = LINE('',#2629,#2630);
#2629 = CARTESIAN_POINT('',(0.25,-0.11,0.5));
#2630 = VECTOR('',#2631,1.);
#2631 = DIRECTION('',(0.,1.,0.));
#2632 = PLANE('',#2633);
#2633 = AXIS2_PLACEMENT_3D('',#2634,#2635,#2636);
#2634 = CARTESIAN_POINT('',(0.,-0.11,0.5));
#2635 = DIRECTION('',(0.,0.,-1.));
#2636 = DIRECTION('',(0.,1.,0.));
#2637 = ADVANCED_FACE('',(#2638),#2665,.F.);
#2638 = FACE_BOUND('',#2639,.F.);
#2639 = EDGE_LOOP('',(#2640,#2649,#2657,#2664));
#2640 = ORIENTED_EDGE('',*,*,#2641,.T.);
#2641 = EDGE_CURVE('',#2611,#2642,#2644,.T.);
#2642 = VERTEX_POINT('',#2643);
#2643 = CARTESIAN_POINT('',(0.35,-0.11,0.4));
#2644 = CIRCLE('',#2645,0.1);
#2645 = AXIS2_PLACEMENT_3D('',#2646,#2647,#2648);
#2646 = CARTESIAN_POINT('',(0.25,-0.11,0.4));
#2647 = DIRECTION('',(0.,1.,0.));
#2648 = DIRECTION('',(0.,0.,-1.));
#2649 = ORIENTED_EDGE('',*,*,#2650,.T.);
#2650 = EDGE_CURVE('',#2642,#2651,#2653,.T.);
#2651 = VERTEX_POINT('',#2652);
#2652 = CARTESIAN_POINT('',(0.35,0.11,0.4));
#2653 = LINE('',#2654,#2655);
#2654 = CARTESIAN_POINT('',(0.35,-0.11,0.4));
#2655 = VECTOR('',#2656,1.);
#2656 = DIRECTION('',(0.,1.,0.));
#2657 = ORIENTED_EDGE('',*,*,#2658,.F.);
#2658 = EDGE_CURVE('',#2620,#2651,#2659,.T.);
#2659 = CIRCLE('',#2660,0.1);
#2660 = AXIS2_PLACEMENT_3D('',#2661,#2662,#2663);
#2661 = CARTESIAN_POINT('',(0.25,0.11,0.4));
#2662 = DIRECTION('',(0.,1.,0.));
#2663 = DIRECTION('',(0.,0.,-1.));
#2664 = ORIENTED_EDGE('',*,*,#2627,.F.);
#2665 = CYLINDRICAL_SURFACE('',#2666,0.1);
#2666 = AXIS2_PLACEMENT_3D('',#2667,#2668,#2669);
#2667 = CARTESIAN_POINT('',(0.25,-0.11,0.4));
#2668 = DIRECTION('',(0.,1.,0.));
#2669 = DIRECTION('',(0.,0.,-1.));
#2670 = ADVANCED_FACE('',(#2671),#2696,.T.);
#2671 = FACE_BOUND('',#2672,.T.);
#2672 = EDGE_LOOP('',(#2673,#2681,#2682,#2690));
#2673 = ORIENTED_EDGE('',*,*,#2674,.F.);
#2674 = EDGE_CURVE('',#2642,#2675,#2677,.T.);
#2675 = VERTEX_POINT('',#2676);
#2676 = CARTESIAN_POINT('',(0.35,-0.11,0.2));
#2677 = LINE('',#2678,#2679);
#2678 = CARTESIAN_POINT('',(0.35,-0.11,0.4));
#2679 = VECTOR('',#2680,1.);
#2680 = DIRECTION('',(0.,0.,-1.));
#2681 = ORIENTED_EDGE('',*,*,#2650,.T.);
#2682 = ORIENTED_EDGE('',*,*,#2683,.T.);
#2683 = EDGE_CURVE('',#2651,#2684,#2686,.T.);
#2684 = VERTEX_POINT('',#2685);
#2685 = CARTESIAN_POINT('',(0.35,0.11,0.2));
#2686 = LINE('',#2687,#2688);
#2687 = CARTESIAN_POINT('',(0.35,0.11,0.4));
#2688 = VECTOR('',#2689,1.);
#2689 = DIRECTION('',(0.,0.,-1.));
#2690 = ORIENTED_EDGE('',*,*,#2691,.F.);
#2691 = EDGE_CURVE('',#2675,#2684,#2692,.T.);
#2692 = LINE('',#2693,#2694);
#2693 = CARTESIAN_POINT('',(0.35,-0.11,0.2));
#2694 = VECTOR('',#2695,1.);
#2695 = DIRECTION('',(0.,1.,0.));
#2696 = PLANE('',#2697);
#2697 = AXIS2_PLACEMENT_3D('',#2698,#2699,#2700);
#2698 = CARTESIAN_POINT('',(0.35,-0.11,0.4));
#2699 = DIRECTION('',(-1.,0.,0.));
#2700 = DIRECTION('',(0.,1.,0.));
#2701 = ADVANCED_FACE('',(#2702),#2729,.T.);
#2702 = FACE_BOUND('',#2703,.T.);
#2703 = EDGE_LOOP('',(#2704,#2713,#2714,#2723));
#2704 = ORIENTED_EDGE('',*,*,#2705,.F.);
#2705 = EDGE_CURVE('',#2675,#2706,#2708,.T.);
#2706 = VERTEX_POINT('',#2707);
#2707 = CARTESIAN_POINT('',(0.55,-0.11,0.));
#2708 = CIRCLE('',#2709,0.2);
#2709 = AXIS2_PLACEMENT_3D('',#2710,#2711,#2712);
#2710 = CARTESIAN_POINT('',(0.55,-0.11,0.2));
#2711 = DIRECTION('',(0.,-1.,0.));
#2712 = DIRECTION('',(0.,0.,-1.));
#2713 = ORIENTED_EDGE('',*,*,#2691,.T.);
#2714 = ORIENTED_EDGE('',*,*,#2715,.T.);
#2715 = EDGE_CURVE('',#2684,#2716,#2718,.T.);
#2716 = VERTEX_POINT('',#2717);
#2717 = CARTESIAN_POINT('',(0.55,0.11,0.));
#2718 = CIRCLE('',#2719,0.2);
#2719 = AXIS2_PLACEMENT_3D('',#2720,#2721,#2722);
#2720 = CARTESIAN_POINT('',(0.55,0.11,0.2));
#2721 = DIRECTION('',(0.,-1.,0.));
#2722 = DIRECTION('',(0.,0.,-1.));
#2723 = ORIENTED_EDGE('',*,*,#2724,.T.);
#2724 = EDGE_CURVE('',#2716,#2706,#2725,.T.);
#2725 = LINE('',#2726,#2727);
#2726 = CARTESIAN_POINT('',(0.55,-0.11,0.));
#2727 = VECTOR('',#2728,1.);
#2728 = DIRECTION('',(0.,-1.,0.));
#2729 = CYLINDRICAL_SURFACE('',#2730,0.2);
#2730 = AXIS2_PLACEMENT_3D('',#2731,#2732,#2733);
#2731 = CARTESIAN_POINT('',(0.55,-0.11,0.2));
#2732 = DIRECTION('',(0.,-1.,0.));
#2733 = DIRECTION('',(0.,0.,-1.));
#2734 = ADVANCED_FACE('',(#2735),#2760,.T.);
#2735 = FACE_BOUND('',#2736,.T.);
#2736 = EDGE_LOOP('',(#2737,#2745,#2746,#2754));
#2737 = ORIENTED_EDGE('',*,*,#2738,.F.);
#2738 = EDGE_CURVE('',#2706,#2739,#2741,.T.);
#2739 = VERTEX_POINT('',#2740);
#2740 = CARTESIAN_POINT('',(0.95,-0.11,0.));
#2741 = LINE('',#2742,#2743);
#2742 = CARTESIAN_POINT('',(0.55,-0.11,0.));
#2743 = VECTOR('',#2744,1.);
#2744 = DIRECTION('',(1.,-0.,0.));
#2745 = ORIENTED_EDGE('',*,*,#2724,.F.);
#2746 = ORIENTED_EDGE('',*,*,#2747,.T.);
#2747 = EDGE_CURVE('',#2716,#2748,#2750,.T.);
#2748 = VERTEX_POINT('',#2749);
#2749 = CARTESIAN_POINT('',(0.95,0.11,0.));
#2750 = LINE('',#2751,#2752);
#2751 = CARTESIAN_POINT('',(0.55,0.11,0.));
#2752 = VECTOR('',#2753,1.);
#2753 = DIRECTION('',(1.,-0.,0.));
#2754 = ORIENTED_EDGE('',*,*,#2755,.F.);
#2755 = EDGE_CURVE('',#2739,#2748,#2756,.T.);
#2756 = LINE('',#2757,#2758);
#2757 = CARTESIAN_POINT('',(0.95,-0.11,0.));
#2758 = VECTOR('',#2759,1.);
#2759 = DIRECTION('',(0.,1.,0.));
#2760 = PLANE('',#2761);
#2761 = AXIS2_PLACEMENT_3D('',#2762,#2763,#2764);
#2762 = CARTESIAN_POINT('',(0.55,-0.11,0.));
#2763 = DIRECTION('',(0.,0.,-1.));
#2764 = DIRECTION('',(0.,1.,0.));
#2765 = ADVANCED_FACE('',(#2766),#2784,.T.);
#2766 = FACE_BOUND('',#2767,.T.);
#2767 = EDGE_LOOP('',(#2768,#2769,#2770,#2778));
#2768 = ORIENTED_EDGE('',*,*,#2619,.F.);
#2769 = ORIENTED_EDGE('',*,*,#2580,.T.);
#2770 = ORIENTED_EDGE('',*,*,#2771,.T.);
#2771 = EDGE_CURVE('',#2581,#2772,#2774,.T.);
#2772 = VERTEX_POINT('',#2773);
#2773 = CARTESIAN_POINT('',(0.25,0.11,0.6));
#2774 = LINE('',#2775,#2776);
#2775 = CARTESIAN_POINT('',(0.,0.11,0.6));
#2776 = VECTOR('',#2777,1.);
#2777 = DIRECTION('',(1.,0.,-0.));
#2778 = ORIENTED_EDGE('',*,*,#2779,.F.);
#2779 = EDGE_CURVE('',#2620,#2772,#2780,.T.);
#2780 = LINE('',#2781,#2782);
#2781 = CARTESIAN_POINT('',(0.25,0.11,0.5));
#2782 = VECTOR('',#2783,1.);
#2783 = DIRECTION('',(0.,-0.,1.));
#2784 = PLANE('',#2785);
#2785 = AXIS2_PLACEMENT_3D('',#2786,#2787,#2788);
#2786 = CARTESIAN_POINT('',(0.,0.11,0.5));
#2787 = DIRECTION('',(0.,1.,0.));
#2788 = DIRECTION('',(0.,-0.,1.));
#2789 = ADVANCED_FACE('',(#2790),#2809,.F.);
#2790 = FACE_BOUND('',#2791,.F.);
#2791 = EDGE_LOOP('',(#2792,#2793,#2801,#2808));
#2792 = ORIENTED_EDGE('',*,*,#2658,.T.);
#2793 = ORIENTED_EDGE('',*,*,#2794,.T.);
#2794 = EDGE_CURVE('',#2651,#2795,#2797,.T.);
#2795 = VERTEX_POINT('',#2796);
#2796 = CARTESIAN_POINT('',(0.45,0.11,0.4));
#2797 = LINE('',#2798,#2799);
#2798 = CARTESIAN_POINT('',(0.35,0.11,0.4));
#2799 = VECTOR('',#2800,1.);
#2800 = DIRECTION('',(1.,0.,9.95799250103E-17));
#2801 = ORIENTED_EDGE('',*,*,#2802,.F.);
#2802 = EDGE_CURVE('',#2772,#2795,#2803,.T.);
#2803 = CIRCLE('',#2804,0.2);
#2804 = AXIS2_PLACEMENT_3D('',#2805,#2806,#2807);
#2805 = CARTESIAN_POINT('',(0.25,0.11,0.4));
#2806 = DIRECTION('',(0.,1.,0.));
#2807 = DIRECTION('',(0.,0.,-1.));
#2808 = ORIENTED_EDGE('',*,*,#2779,.F.);
#2809 = PLANE('',#2810);
#2810 = AXIS2_PLACEMENT_3D('',#2811,#2812,#2813);
#2811 = CARTESIAN_POINT('',(0.356066017178,0.11,0.506066017178));
#2812 = DIRECTION('',(-0.,-1.,-0.));
#2813 = DIRECTION('',(0.707106781187,0.,-0.707106781187));
#2814 = ADVANCED_FACE('',(#2815),#2833,.T.);
#2815 = FACE_BOUND('',#2816,.T.);
#2816 = EDGE_LOOP('',(#2817,#2818,#2819,#2827));
#2817 = ORIENTED_EDGE('',*,*,#2683,.F.);
#2818 = ORIENTED_EDGE('',*,*,#2794,.T.);
#2819 = ORIENTED_EDGE('',*,*,#2820,.T.);
#2820 = EDGE_CURVE('',#2795,#2821,#2823,.T.);
#2821 = VERTEX_POINT('',#2822);
#2822 = CARTESIAN_POINT('',(0.45,0.11,0.2));
#2823 = LINE('',#2824,#2825);
#2824 = CARTESIAN_POINT('',(0.45,0.11,0.4));
#2825 = VECTOR('',#2826,1.);
#2826 = DIRECTION('',(6.123233995737E-17,0.,-1.));
#2827 = ORIENTED_EDGE('',*,*,#2828,.F.);
#2828 = EDGE_CURVE('',#2684,#2821,#2829,.T.);
#2829 = LINE('',#2830,#2831);
#2830 = CARTESIAN_POINT('',(0.35,0.11,0.2));
#2831 = VECTOR('',#2832,1.);
#2832 = DIRECTION('',(1.,0.,6.123233995737E-17));
#2833 = PLANE('',#2834);
#2834 = AXIS2_PLACEMENT_3D('',#2835,#2836,#2837);
#2835 = CARTESIAN_POINT('',(0.35,0.11,0.4));
#2836 = DIRECTION('',(-0.,1.,0.));
#2837 = DIRECTION('',(1.,0.,6.123233995737E-17));
#2838 = ADVANCED_FACE('',(#2839),#2858,.F.);
#2839 = FACE_BOUND('',#2840,.F.);
#2840 = EDGE_LOOP('',(#2841,#2842,#2850,#2857));
#2841 = ORIENTED_EDGE('',*,*,#2715,.T.);
#2842 = ORIENTED_EDGE('',*,*,#2843,.T.);
#2843 = EDGE_CURVE('',#2716,#2844,#2846,.T.);
#2844 = VERTEX_POINT('',#2845);
#2845 = CARTESIAN_POINT('',(0.55,0.11,0.1));
#2846 = LINE('',#2847,#2848);
#2847 = CARTESIAN_POINT('',(0.55,0.11,4.066730171936E-18));
#2848 = VECTOR('',#2849,1.);
#2849 = DIRECTION('',(2.449293598295E-16,0.,1.));
#2850 = ORIENTED_EDGE('',*,*,#2851,.F.);
#2851 = EDGE_CURVE('',#2821,#2844,#2852,.T.);
#2852 = CIRCLE('',#2853,0.1);
#2853 = AXIS2_PLACEMENT_3D('',#2854,#2855,#2856);
#2854 = CARTESIAN_POINT('',(0.55,0.11,0.2));
#2855 = DIRECTION('',(0.,-1.,0.));
#2856 = DIRECTION('',(0.,0.,-1.));
#2857 = ORIENTED_EDGE('',*,*,#2828,.F.);
#2858 = PLANE('',#2859);
#2859 = AXIS2_PLACEMENT_3D('',#2860,#2861,#2862);
#2860 = CARTESIAN_POINT('',(0.443933982822,0.11,9.393398282202E-02));
#2861 = DIRECTION('',(0.,-1.,0.));
#2862 = DIRECTION('',(0.707106781187,0.,-0.707106781187));
#2863 = ADVANCED_FACE('',(#2864),#2882,.T.);
#2864 = FACE_BOUND('',#2865,.T.);
#2865 = EDGE_LOOP('',(#2866,#2867,#2868,#2876));
#2866 = ORIENTED_EDGE('',*,*,#2747,.F.);
#2867 = ORIENTED_EDGE('',*,*,#2843,.T.);
#2868 = ORIENTED_EDGE('',*,*,#2869,.T.);
#2869 = EDGE_CURVE('',#2844,#2870,#2872,.T.);
#2870 = VERTEX_POINT('',#2871);
#2871 = CARTESIAN_POINT('',(0.95,0.11,0.1));
#2872 = LINE('',#2873,#2874);
#2873 = CARTESIAN_POINT('',(0.55,0.11,0.1));
#2874 = VECTOR('',#2875,1.);
#2875 = DIRECTION('',(1.,0.,-0.));
#2876 = ORIENTED_EDGE('',*,*,#2877,.F.);
#2877 = EDGE_CURVE('',#2748,#2870,#2878,.T.);
#2878 = LINE('',#2879,#2880);
#2879 = CARTESIAN_POINT('',(0.95,0.11,0.));
#2880 = VECTOR('',#2881,1.);
#2881 = DIRECTION('',(0.,-0.,1.));
#2882 = PLANE('',#2883);
#2883 = AXIS2_PLACEMENT_3D('',#2884,#2885,#2886);
#2884 = CARTESIAN_POINT('',(0.55,0.11,0.));
#2885 = DIRECTION('',(0.,1.,0.));
#2886 = DIRECTION('',(0.,-0.,1.));
#2887 = ADVANCED_FACE('',(#2888),#2906,.T.);
#2888 = FACE_BOUND('',#2889,.T.);
#2889 = EDGE_LOOP('',(#2890,#2891,#2892,#2900));
#2890 = ORIENTED_EDGE('',*,*,#2771,.F.);
#2891 = ORIENTED_EDGE('',*,*,#2588,.T.);
#2892 = ORIENTED_EDGE('',*,*,#2893,.T.);
#2893 = EDGE_CURVE('',#2589,#2894,#2896,.T.);
#2894 = VERTEX_POINT('',#2895);
#2895 = CARTESIAN_POINT('',(0.25,-0.11,0.6));
#2896 = LINE('',#2897,#2898);
#2897 = CARTESIAN_POINT('',(0.,-0.11,0.6));
#2898 = VECTOR('',#2899,1.);
#2899 = DIRECTION('',(1.,0.,0.));
#2900 = ORIENTED_EDGE('',*,*,#2901,.F.);
#2901 = EDGE_CURVE('',#2772,#2894,#2902,.T.);
#2902 = LINE('',#2903,#2904);
#2903 = CARTESIAN_POINT('',(0.25,0.11,0.6));
#2904 = VECTOR('',#2905,1.);
#2905 = DIRECTION('',(0.,-1.,0.));
#2906 = PLANE('',#2907);
#2907 = AXIS2_PLACEMENT_3D('',#2908,#2909,#2910);
#2908 = CARTESIAN_POINT('',(0.,0.11,0.6));
#2909 = DIRECTION('',(-0.,0.,1.));
#2910 = DIRECTION('',(0.,-1.,0.));
#2911 = ADVANCED_FACE('',(#2912),#2931,.T.);
#2912 = FACE_BOUND('',#2913,.T.);
#2913 = EDGE_LOOP('',(#2914,#2915,#2916,#2925));
#2914 = ORIENTED_EDGE('',*,*,#2802,.F.);
#2915 = ORIENTED_EDGE('',*,*,#2901,.T.);
#2916 = ORIENTED_EDGE('',*,*,#2917,.T.);
#2917 = EDGE_CURVE('',#2894,#2918,#2920,.T.);
#2918 = VERTEX_POINT('',#2919);
#2919 = CARTESIAN_POINT('',(0.45,-0.11,0.4));
#2920 = CIRCLE('',#2921,0.2);
#2921 = AXIS2_PLACEMENT_3D('',#2922,#2923,#2924);
#2922 = CARTESIAN_POINT('',(0.25,-0.11,0.4));
#2923 = DIRECTION('',(0.,1.,0.));
#2924 = DIRECTION('',(0.,0.,-1.));
#2925 = ORIENTED_EDGE('',*,*,#2926,.T.);
#2926 = EDGE_CURVE('',#2918,#2795,#2927,.T.);
#2927 = LINE('',#2928,#2929);
#2928 = CARTESIAN_POINT('',(0.45,0.11,0.4));
#2929 = VECTOR('',#2930,1.);
#2930 = DIRECTION('',(0.,1.,0.));
#2931 = CYLINDRICAL_SURFACE('',#2932,0.2);
#2932 = AXIS2_PLACEMENT_3D('',#2933,#2934,#2935);
#2933 = CARTESIAN_POINT('',(0.25,0.11,0.4));
#2934 = DIRECTION('',(0.,1.,0.));
#2935 = DIRECTION('',(0.,0.,-1.));
#2936 = ADVANCED_FACE('',(#2937),#2955,.T.);
#2937 = FACE_BOUND('',#2938,.T.);
#2938 = EDGE_LOOP('',(#2939,#2940,#2941,#2949));
#2939 = ORIENTED_EDGE('',*,*,#2820,.F.);
#2940 = ORIENTED_EDGE('',*,*,#2926,.F.);
#2941 = ORIENTED_EDGE('',*,*,#2942,.T.);
#2942 = EDGE_CURVE('',#2918,#2943,#2945,.T.);
#2943 = VERTEX_POINT('',#2944);
#2944 = CARTESIAN_POINT('',(0.45,-0.11,0.2));
#2945 = LINE('',#2946,#2947);
#2946 = CARTESIAN_POINT('',(0.45,-0.11,0.4));
#2947 = VECTOR('',#2948,1.);
#2948 = DIRECTION('',(0.,0.,-1.));
#2949 = ORIENTED_EDGE('',*,*,#2950,.F.);
#2950 = EDGE_CURVE('',#2821,#2943,#2951,.T.);
#2951 = LINE('',#2952,#2953);
#2952 = CARTESIAN_POINT('',(0.45,0.11,0.2));
#2953 = VECTOR('',#2954,1.);
#2954 = DIRECTION('',(0.,-1.,0.));
#2955 = PLANE('',#2956);
#2956 = AXIS2_PLACEMENT_3D('',#2957,#2958,#2959);
#2957 = CARTESIAN_POINT('',(0.45,0.11,0.4));
#2958 = DIRECTION('',(1.,0.,0.));
#2959 = DIRECTION('',(0.,-1.,0.));
#2960 = ADVANCED_FACE('',(#2961),#2980,.F.);
#2961 = FACE_BOUND('',#2962,.F.);
#2962 = EDGE_LOOP('',(#2963,#2964,#2972,#2979));
#2963 = ORIENTED_EDGE('',*,*,#2851,.T.);
#2964 = ORIENTED_EDGE('',*,*,#2965,.T.);
#2965 = EDGE_CURVE('',#2844,#2966,#2968,.T.);
#2966 = VERTEX_POINT('',#2967);
#2967 = CARTESIAN_POINT('',(0.55,-0.11,0.1));
#2968 = LINE('',#2969,#2970);
#2969 = CARTESIAN_POINT('',(0.55,0.11,0.1));
#2970 = VECTOR('',#2971,1.);
#2971 = DIRECTION('',(0.,-1.,0.));
#2972 = ORIENTED_EDGE('',*,*,#2973,.F.);
#2973 = EDGE_CURVE('',#2943,#2966,#2974,.T.);
#2974 = CIRCLE('',#2975,0.1);
#2975 = AXIS2_PLACEMENT_3D('',#2976,#2977,#2978);
#2976 = CARTESIAN_POINT('',(0.55,-0.11,0.2));
#2977 = DIRECTION('',(0.,-1.,0.));
#2978 = DIRECTION('',(0.,0.,-1.));
#2979 = ORIENTED_EDGE('',*,*,#2950,.F.);
#2980 = CYLINDRICAL_SURFACE('',#2981,0.1);
#2981 = AXIS2_PLACEMENT_3D('',#2982,#2983,#2984);
#2982 = CARTESIAN_POINT('',(0.55,0.11,0.2));
#2983 = DIRECTION('',(0.,-1.,0.));
#2984 = DIRECTION('',(0.,0.,-1.));
#2985 = ADVANCED_FACE('',(#2986),#3004,.T.);
#2986 = FACE_BOUND('',#2987,.T.);
#2987 = EDGE_LOOP('',(#2988,#2989,#2990,#2998));
#2988 = ORIENTED_EDGE('',*,*,#2869,.F.);
#2989 = ORIENTED_EDGE('',*,*,#2965,.T.);
#2990 = ORIENTED_EDGE('',*,*,#2991,.T.);
#2991 = EDGE_CURVE('',#2966,#2992,#2994,.T.);
#2992 = VERTEX_POINT('',#2993);
#2993 = CARTESIAN_POINT('',(0.95,-0.11,0.1));
#2994 = LINE('',#2995,#2996);
#2995 = CARTESIAN_POINT('',(0.55,-0.11,0.1));
#2996 = VECTOR('',#2997,1.);
#2997 = DIRECTION('',(1.,0.,0.));
#2998 = ORIENTED_EDGE('',*,*,#2999,.F.);
#2999 = EDGE_CURVE('',#2870,#2992,#3000,.T.);
#3000 = LINE('',#3001,#3002);
#3001 = CARTESIAN_POINT('',(0.95,0.11,0.1));
#3002 = VECTOR('',#3003,1.);
#3003 = DIRECTION('',(0.,-1.,0.));
#3004 = PLANE('',#3005);
#3005 = AXIS2_PLACEMENT_3D('',#3006,#3007,#3008);
#3006 = CARTESIAN_POINT('',(0.55,0.11,0.1));
#3007 = DIRECTION('',(-0.,0.,1.));
#3008 = DIRECTION('',(0.,-1.,0.));
#3009 = ADVANCED_FACE('',(#3010),#3021,.T.);
#3010 = FACE_BOUND('',#3011,.T.);
#3011 = EDGE_LOOP('',(#3012,#3013,#3014,#3015));
#3012 = ORIENTED_EDGE('',*,*,#2893,.F.);
#3013 = ORIENTED_EDGE('',*,*,#2596,.T.);
#3014 = ORIENTED_EDGE('',*,*,#2610,.T.);
#3015 = ORIENTED_EDGE('',*,*,#3016,.F.);
#3016 = EDGE_CURVE('',#2894,#2611,#3017,.T.);
#3017 = LINE('',#3018,#3019);
#3018 = CARTESIAN_POINT('',(0.25,-0.11,0.6));
#3019 = VECTOR('',#3020,1.);
#3020 = DIRECTION('',(0.,0.,-1.));
#3021 = PLANE('',#3022);
#3022 = AXIS2_PLACEMENT_3D('',#3023,#3024,#3025);
#3023 = CARTESIAN_POINT('',(0.,-0.11,0.6));
#3024 = DIRECTION('',(0.,-1.,0.));
#3025 = DIRECTION('',(0.,0.,-1.));
#3026 = ADVANCED_FACE('',(#3027),#3038,.F.);
#3027 = FACE_BOUND('',#3028,.F.);
#3028 = EDGE_LOOP('',(#3029,#3030,#3036,#3037));
#3029 = ORIENTED_EDGE('',*,*,#2917,.T.);
#3030 = ORIENTED_EDGE('',*,*,#3031,.T.);
#3031 = EDGE_CURVE('',#2918,#2642,#3032,.T.);
#3032 = LINE('',#3033,#3034);
#3033 = CARTESIAN_POINT('',(0.45,-0.11,0.4));
#3034 = VECTOR('',#3035,1.);
#3035 = DIRECTION('',(-1.,0.,-9.95799250103E-17));
#3036 = ORIENTED_EDGE('',*,*,#2641,.F.);
#3037 = ORIENTED_EDGE('',*,*,#3016,.F.);
#3038 = PLANE('',#3039);
#3039 = AXIS2_PLACEMENT_3D('',#3040,#3041,#3042);
#3040 = CARTESIAN_POINT('',(0.356066017178,-0.11,0.506066017178));
#3041 = DIRECTION('',(0.,1.,0.));
#3042 = DIRECTION('',(0.707106781187,0.,-0.707106781187));
#3043 = ADVANCED_FACE('',(#3044),#3055,.T.);
#3044 = FACE_BOUND('',#3045,.T.);
#3045 = EDGE_LOOP('',(#3046,#3047,#3048,#3049));
#3046 = ORIENTED_EDGE('',*,*,#2942,.F.);
#3047 = ORIENTED_EDGE('',*,*,#3031,.T.);
#3048 = ORIENTED_EDGE('',*,*,#2674,.T.);
#3049 = ORIENTED_EDGE('',*,*,#3050,.F.);
#3050 = EDGE_CURVE('',#2943,#2675,#3051,.T.);
#3051 = LINE('',#3052,#3053);
#3052 = CARTESIAN_POINT('',(0.45,-0.11,0.2));
#3053 = VECTOR('',#3054,1.);
#3054 = DIRECTION('',(-1.,0.,-6.123233995737E-17));
#3055 = PLANE('',#3056);
#3056 = AXIS2_PLACEMENT_3D('',#3057,#3058,#3059);
#3057 = CARTESIAN_POINT('',(0.45,-0.11,0.4));
#3058 = DIRECTION('',(0.,-1.,-0.));
#3059 = DIRECTION('',(-1.,0.,-6.123233995737E-17));
#3060 = ADVANCED_FACE('',(#3061),#3072,.F.);
#3061 = FACE_BOUND('',#3062,.F.);
#3062 = EDGE_LOOP('',(#3063,#3064,#3070,#3071));
#3063 = ORIENTED_EDGE('',*,*,#2973,.T.);
#3064 = ORIENTED_EDGE('',*,*,#3065,.T.);
#3065 = EDGE_CURVE('',#2966,#2706,#3066,.T.);
#3066 = LINE('',#3067,#3068);
#3067 = CARTESIAN_POINT('',(0.55,-0.11,0.1));
#3068 = VECTOR('',#3069,1.);
#3069 = DIRECTION('',(-2.449293598295E-16,0.,-1.));
#3070 = ORIENTED_EDGE('',*,*,#2705,.F.);
#3071 = ORIENTED_EDGE('',*,*,#3050,.F.);
#3072 = PLANE('',#3073);
#3073 = AXIS2_PLACEMENT_3D('',#3074,#3075,#3076);
#3074 = CARTESIAN_POINT('',(0.443933982822,-0.11,9.393398282202E-02));
#3075 = DIRECTION('',(-0.,1.,-0.));
#3076 = DIRECTION('',(0.707106781187,0.,-0.707106781187));
#3077 = ADVANCED_FACE('',(#3078),#3089,.T.);
#3078 = FACE_BOUND('',#3079,.T.);
#3079 = EDGE_LOOP('',(#3080,#3081,#3082,#3083));
#3080 = ORIENTED_EDGE('',*,*,#2991,.F.);
#3081 = ORIENTED_EDGE('',*,*,#3065,.T.);
#3082 = ORIENTED_EDGE('',*,*,#2738,.T.);
#3083 = ORIENTED_EDGE('',*,*,#3084,.F.);
#3084 = EDGE_CURVE('',#2992,#2739,#3085,.T.);
#3085 = LINE('',#3086,#3087);
#3086 = CARTESIAN_POINT('',(0.95,-0.11,0.1));
#3087 = VECTOR('',#3088,1.);
#3088 = DIRECTION('',(0.,0.,-1.));
#3089 = PLANE('',#3090);
#3090 = AXIS2_PLACEMENT_3D('',#3091,#3092,#3093);
#3091 = CARTESIAN_POINT('',(0.55,-0.11,0.1));
#3092 = DIRECTION('',(0.,-1.,0.));
#3093 = DIRECTION('',(0.,0.,-1.));
#3094 = ADVANCED_FACE('',(#3095),#3101,.T.);
#3095 = FACE_BOUND('',#3096,.T.);
#3096 = EDGE_LOOP('',(#3097,#3098,#3099,#3100));
#3097 = ORIENTED_EDGE('',*,*,#2755,.T.);
#3098 = ORIENTED_EDGE('',*,*,#2877,.T.);
#3099 = ORIENTED_EDGE('',*,*,#2999,.T.);
#3100 = ORIENTED_EDGE('',*,*,#3084,.T.);
#3101 = PLANE('',#3102);
#3102 = AXIS2_PLACEMENT_3D('',#3103,#3104,#3105);
#3103 = CARTESIAN_POINT('',(0.95,-2.710505431214E-18,5.E-02));
#3104 = DIRECTION('',(1.,0.,0.));
#3105 = DIRECTION('',(0.,0.,1.));
#3106 = ( GEOMETRIC_REPRESENTATION_CONTEXT(3) 
GLOBAL_UNCERTAINTY_ASSIGNED_CONTEXT((#3110)) 
GLOBAL_UNIT_ASSIGNED_CONTEXT((#3107,#3108,#3109)) REPRESENTATION_CONTEXT
('Context #1','3D Context with UNIT and UNCERTAINTY') );
#3107 = ( LENGTH_UNIT() NAMED_UNIT(*) SI_UNIT(.MILLI.,.METRE.) );
#3108 = ( NAMED_UNIT(*) PLANE_ANGLE_UNIT() SI_UNIT($,.RADIAN.) );
#3109 = ( NAMED_UNIT(*) SI_UNIT($,.STERADIAN.) SOLID_ANGLE_UNIT() );
#3110 = UNCERTAINTY_MEASURE_WITH_UNIT(LENGTH_MEASURE(1.E-07),#3107,
  'distance_accuracy_value','confusion accuracy');
#3111 = SHAPE_DEFINITION_REPRESENTATION(#3112,#2563);
#3112 = PRODUCT_DEFINITION_SHAPE('','',#3113);
#3113 = PRODUCT_DEFINITION('design','',#3114,#3117);
#3114 = PRODUCT_DEFINITION_FORMATION('','',#3115);
#3115 = PRODUCT('Leader','Leader','',(#3116));
#3116 = PRODUCT_CONTEXT('',#2,'mechanical');
#3117 = PRODUCT_DEFINITION_CONTEXT('part definition',#2,'design');
#3118 = CONTEXT_DEPENDENT_SHAPE_REPRESENTATION(#3119,#3121);
#3119 = ( REPRESENTATION_RELATIONSHIP('','',#2563,#46) 
REPRESENTATION_RELATIONSHIP_WITH_TRANSFORMATION(#3120) 
SHAPE_REPRESENTATION_RELATIONSHIP() );
#3120 = ITEM_DEFINED_TRANSFORMATION('','',#11,#55);
#3121 = PRODUCT_DEFINITION_SHAPE('Placement','Placement of an item',
  #3122);
#3122 = NEXT_ASSEMBLY_USAGE_OCCURRENCE('409','144','',#41,#3113,$);
#3123 = PRODUCT_RELATED_PRODUCT_CATEGORY('part',$,(#3115));
#3124 = CONTEXT_DEPENDENT_SHAPE_REPRESENTATION(#3125,#3127);
#3125 = ( REPRESENTATION_RELATIONSHIP('','',#2563,#46) 
REPRESENTATION_RELATIONSHIP_WITH_TRANSFORMATION(#3126) 
SHAPE_REPRESENTATION_RELATIONSHIP() );
#3126 = ITEM_DEFINED_TRANSFORMATION('','',#11,#59);
#3127 = PRODUCT_DEFINITION_SHAPE('Placement','Placement of an item',
  #3128);
#3128 = NEXT_ASSEMBLY_USAGE_OCCURRENCE('410','145','',#41,#3113,$);
#3129 = CONTEXT_DEPENDENT_SHAPE_REPRESENTATION(#3130,#3132);
#3130 = ( REPRESENTATION_RELATIONSHIP('','',#2563,#46) 
REPRESENTATION_RELATIONSHIP_WITH_TRANSFORMATION(#3131) 
SHAPE_REPRESENTATION_RELATIONSHIP() );
#3131 = ITEM_DEFINED_TRANSFORMATION('','',#11,#63);
#3132 = PRODUCT_DEFINITION_SHAPE('Placement','Placement of an item',
  #3133);
#3133 = NEXT_ASSEMBLY_USAGE_OCCURRENCE('411','146','',#41,#3113,$);
#3134 = CONTEXT_DEPENDENT_SHAPE_REPRESENTATION(#3135,#3137);
#3135 = ( REPRESENTATION_RELATIONSHIP('','',#2563,#46) 
REPRESENTATION_RELATIONSHIP_WITH_TRANSFORMATION(#3136) 
SHAPE_REPRESENTATION_RELATIONSHIP() );
#3136 = ITEM_DEFINED_TRANSFORMATION('','',#11,#67);
#3137 = PRODUCT_DEFINITION_SHAPE('Placement','Placement of an item',
  #3138);
#3138 = NEXT_ASSEMBLY_USAGE_OCCURRENCE('412','147','',#41,#3113,$);
#3139 = CONTEXT_DEPENDENT_SHAPE_REPRESENTATION(#3140,#3142);
#3140 = ( REPRESENTATION_RELATIONSHIP('','',#2563,#46) 
REPRESENTATION_RELATIONSHIP_WITH_TRANSFORMATION(#3141) 
SHAPE_REPRESENTATION_RELATIONSHIP() );
#3141 = ITEM_DEFINED_TRANSFORMATION('','',#11,#71);
#3142 = PRODUCT_DEFINITION_SHAPE('Placement','Placement of an item',
  #3143);
#3143 = NEXT_ASSEMBLY_USAGE_OCCURRENCE('413','148','',#41,#3113,$);
#3144 = CONTEXT_DEPENDENT_SHAPE_REPRESENTATION(#3145,#3147);
#3145 = ( REPRESENTATION_RELATIONSHIP('','',#2563,#46) 
REPRESENTATION_RELATIONSHIP_WITH_TRANSFORMATION(#3146) 
SHAPE_REPRESENTATION_RELATIONSHIP() );
#3146 = ITEM_DEFINED_TRANSFORMATION('','',#11,#75);
#3147 = PRODUCT_DEFINITION_SHAPE('Placement','Placement of an item',
  #3148);
#3148 = NEXT_ASSEMBLY_USAGE_OCCURRENCE('414','149','',#41,#3113,$);
#3149 = CONTEXT_DEPENDENT_SHAPE_REPRESENTATION(#3150,#3152);
#3150 = ( REPRESENTATION_RELATIONSHIP('','',#2563,#46) 
REPRESENTATION_RELATIONSHIP_WITH_TRANSFORMATION(#3151) 
SHAPE_REPRESENTATION_RELATIONSHIP() );
#3151 = ITEM_DEFINED_TRANSFORMATION('','',#11,#79);
#3152 = PRODUCT_DEFINITION_SHAPE('Placement','Placement of an item',
  #3153);
#3153 = NEXT_ASSEMBLY_USAGE_OCCURRENCE('415','150','',#41,#3113,$);
#3154 = CONTEXT_DEPENDENT_SHAPE_REPRESENTATION(#3155,#3157);
#3155 = ( REPRESENTATION_RELATIONSHIP('','',#2563,#46) 
REPRESENTATION_RELATIONSHIP_WITH_TRANSFORMATION(#3156) 
SHAPE_REPRESENTATION_RELATIONSHIP() );
#3156 = ITEM_DEFINED_TRANSFORMATION('','',#11,#83);
#3157 = PRODUCT_DEFINITION_SHAPE('Placement','Placement of an item',
  #3158);
#3158 = NEXT_ASSEMBLY_USAGE_OCCURRENCE('416','151','',#41,#3113,$);
#3159 = CONTEXT_DEPENDENT_SHAPE_REPRESENTATION(#3160,#3162);
#3160 = ( REPRESENTATION_RELATIONSHIP('','',#2563,#46) 
REPRESENTATION_RELATIONSHIP_WITH_TRANSFORMATION(#3161) 
SHAPE_REPRESENTATION_RELATIONSHIP() );
#3161 = ITEM_DEFINED_TRANSFORMATION('','',#11,#87);
#3162 = PRODUCT_DEFINITION_SHAPE('Placement','Placement of an item',
  #3163);
#3163 = NEXT_ASSEMBLY_USAGE_OCCURRENCE('417','152','',#41,#3113,$);
#3164 = CONTEXT_DEPENDENT_SHAPE_REPRESENTATION(#3165,#3167);
#3165 = ( REPRESENTATION_RELATIONSHIP('','',#2563,#46) 
REPRESENTATION_RELATIONSHIP_WITH_TRANSFORMATION(#3166) 
SHAPE_REPRESENTATION_RELATIONSHIP() );
#3166 = ITEM_DEFINED_TRANSFORMATION('','',#11,#91);
#3167 = PRODUCT_DEFINITION_SHAPE('Placement','Placement of an item',
  #3168);
#3168 = NEXT_ASSEMBLY_USAGE_OCCURRENCE('418','153','',#41,#3113,$);
#3169 = CONTEXT_DEPENDENT_SHAPE_REPRESENTATION(#3170,#3172);
#3170 = ( REPRESENTATION_RELATIONSHIP('','',#46,#28) 
REPRESENTATION_RELATIONSHIP_WITH_TRANSFORMATION(#3171) 
SHAPE_REPRESENTATION_RELATIONSHIP() );
#3171 = ITEM_DEFINED_TRANSFORMATION('','',#11,#29);
#3172 = PRODUCT_DEFINITION_SHAPE('Placement','Placement of an item',
  #3173);
#3173 = NEXT_ASSEMBLY_USAGE_OCCURRENCE('419','','',#23,#41,$);
#3174 = PRODUCT_RELATED_PRODUCT_CATEGORY('part',$,(#43));
#3175 = MECHANICAL_DESIGN_GEOMETRIC_PRESENTATION_REPRESENTATION('',(
    #3176),#2539);
#3176 = STYLED_ITEM('color',(#3177),#156);
#3177 = PRESENTATION_STYLE_ASSIGNMENT((#3178,#3184));
#3178 = SURFACE_STYLE_USAGE(.BOTH.,#3179);
#3179 = SURFACE_SIDE_STYLE('',(#3180));
#3180 = SURFACE_STYLE_FILL_AREA(#3181);
#3181 = FILL_AREA_STYLE('',(#3182));
#3182 = FILL_AREA_STYLE_COLOUR('',#3183);
#3183 = COLOUR_RGB('',0.199999998682,0.199999998682,0.199999998682);
#3184 = CURVE_STYLE('',#3185,POSITIVE_LENGTH_MEASURE(0.1),#3183);
#3185 = DRAUGHTING_PRE_DEFINED_CURVE_FONT('continuous');
#3186 = MECHANICAL_DESIGN_GEOMETRIC_PRESENTATION_REPRESENTATION('',(
    #3187),#3106);
#3187 = STYLED_ITEM('color',(#3188),#2564);
#3188 = PRESENTATION_STYLE_ASSIGNMENT((#3189,#3195));
#3189 = SURFACE_STYLE_USAGE(.BOTH.,#3190);
#3190 = SURFACE_SIDE_STYLE('',(#3191));
#3191 = SURFACE_STYLE_FILL_AREA(#3192);
#3192 = FILL_AREA_STYLE('',(#3193));
#3193 = FILL_AREA_STYLE_COLOUR('',#3194);
#3194 = COLOUR_RGB('',0.800000010877,0.800000010877,0.800000010877);
#3195 = CURVE_STYLE('',#3196,POSITIVE_LENGTH_MEASURE(0.1),#3194);
#3196 = DRAUGHTING_PRE_DEFINED_CURVE_FONT('continuous');
#3197 = MECHANICAL_DESIGN_GEOMETRIC_PRESENTATION_REPRESENTATION('',(
    #3198),#120);
#3198 = STYLED_ITEM('color',(#3199),#103);
#3199 = PRESENTATION_STYLE_ASSIGNMENT((#3200,#3206));
#3200 = SURFACE_STYLE_USAGE(.BOTH.,#3201);
#3201 = SURFACE_SIDE_STYLE('',(#3202));
#3202 = SURFACE_STYLE_FILL_AREA(#3203);
#3203 = FILL_AREA_STYLE('',(#3204));
#3204 = FILL_AREA_STYLE_COLOUR('',#3205);
#3205 = DRAUGHTING_PRE_DEFINED_COLOUR('white');
#3206 = CURVE_STYLE('',#3207,POSITIVE_LENGTH_MEASURE(0.1),#3205);
#3207 = DRAUGHTING_PRE_DEFINED_CURVE_FONT('continuous');
ENDSEC;
END-ISO-10303-21;
