ISO-10303-21;
HEADER;
FILE_DESCRIPTION(('Open CASCADE Model'),'2;1');
FILE_NAME('Open CASCADE Shape Model','2025-10-07T23:00:47',('Author'),(
    'Open CASCADE'),'Open CASCADE STEP processor 7.5','Open CASCADE 7.5'
  ,'Unknown');
FILE_SCHEMA(('AUTOMOTIVE_DESIGN { 1 0 10303 214 1 1 1 1 }'));
ENDSEC;
DATA;
#1 = APPLICATION_PROTOCOL_DEFINITION('international standard',
  'automotive_design',2000,#2);
#2 = APPLICATION_CONTEXT(
  'core data for automotive mechanical design processes');
#3 = SHAPE_DEFINITION_REPRESENTATION(#4,#10);
#4 = PRODUCT_DEFINITION_SHAPE('','',#5);
#5 = PRODUCT_DEFINITION('design','',#6,#9);
#6 = PRODUCT_DEFINITION_FORMATION('','',#7);
#7 = PRODUCT('PCB','PCB','',(#8));
#8 = PRODUCT_CONTEXT('',#2,'mechanical');
#9 = PRODUCT_DEFINITION_CONTEXT('part definition',#2,'design');
#10 = SHAPE_REPRESENTATION('',(#11),#15);
#11 = AXIS2_PLACEMENT_3D('',#12,#13,#14);
#12 = CARTESIAN_POINT('',(0.,0.,0.));
#13 = DIRECTION('',(0.,0.,1.));
#14 = DIRECTION('',(1.,0.,-0.));
#15 = ( GEOMETRIC_REPRESENTATION_CONTEXT(3) 
GLOBAL_UNCERTAINTY_ASSIGNED_CONTEXT((#19)) GLOBAL_UNIT_ASSIGNED_CONTEXT(
(#16,#17,#18)) REPRESENTATION_CONTEXT('Context #1',
  '3D Context with UNIT and UNCERTAINTY') );
#16 = ( LENGTH_UNIT() NAMED_UNIT(*) SI_UNIT(.MILLI.,.METRE.) );
#17 = ( NAMED_UNIT(*) PLANE_ANGLE_UNIT() SI_UNIT($,.RADIAN.) );
#18 = ( NAMED_UNIT(*) SI_UNIT($,.STERADIAN.) SOLID_ANGLE_UNIT() );
#19 = UNCERTAINTY_MEASURE_WITH_UNIT(LENGTH_MEASURE(1.E-07),#16,
  'distance_accuracy_value','confusion accuracy');
#20 = PRODUCT_RELATED_PRODUCT_CATEGORY('part',$,(#7));
#21 = SHAPE_DEFINITION_REPRESENTATION(#22,#28);
#22 = PRODUCT_DEFINITION_SHAPE('','',#23);
#23 = PRODUCT_DEFINITION('design','',#24,#27);
#24 = PRODUCT_DEFINITION_FORMATION('','',#25);
#25 = PRODUCT('Designator1','Designator1','',(#26));
#26 = PRODUCT_CONTEXT('',#2,'mechanical');
#27 = PRODUCT_DEFINITION_CONTEXT('part definition',#2,'design');
#28 = SHAPE_REPRESENTATION('',(#11,#29),#33);
#29 = AXIS2_PLACEMENT_3D('',#30,#31,#32);
#30 = CARTESIAN_POINT('',(0.,0.,0.));
#31 = DIRECTION('',(0.,0.,1.));
#32 = DIRECTION('',(1.,0.,0.));
#33 = ( GEOMETRIC_REPRESENTATION_CONTEXT(3) 
GLOBAL_UNCERTAINTY_ASSIGNED_CONTEXT((#37)) GLOBAL_UNIT_ASSIGNED_CONTEXT(
(#34,#35,#36)) REPRESENTATION_CONTEXT('Context #1',
  '3D Context with UNIT and UNCERTAINTY') );
#34 = ( LENGTH_UNIT() NAMED_UNIT(*) SI_UNIT(.MILLI.,.METRE.) );
#35 = ( NAMED_UNIT(*) PLANE_ANGLE_UNIT() SI_UNIT($,.RADIAN.) );
#36 = ( NAMED_UNIT(*) SI_UNIT($,.STERADIAN.) SOLID_ANGLE_UNIT() );
#37 = UNCERTAINTY_MEASURE_WITH_UNIT(LENGTH_MEASURE(1.E-07),#34,
  'distance_accuracy_value','confusion accuracy');
#38 = PRODUCT_RELATED_PRODUCT_CATEGORY('part',$,(#25));
#39 = SHAPE_DEFINITION_REPRESENTATION(#40,#46);
#40 = PRODUCT_DEFINITION_SHAPE('','',#41);
#41 = PRODUCT_DEFINITION('design','',#42,#45);
#42 = PRODUCT_DEFINITION_FORMATION('','',#43);
#43 = PRODUCT('7867751808','7867751808','',(#44));
#44 = PRODUCT_CONTEXT('',#2,'mechanical');
#45 = PRODUCT_DEFINITION_CONTEXT('part definition',#2,'design');
#46 = SHAPE_REPRESENTATION('',(#11,#47,#51,#55,#59,#63,#67,#71,#75,#79,
    #83,#87,#91,#95,#99,#103,#107,#111,#115,#119,#123,#127,#131,#135,
    #139,#143,#147,#151,#155,#159,#163,#167,#171,#175,#179,#183,#187,
    #191,#195,#199,#203,#207,#211,#215,#219,#223,#227,#231,#235,#239,
    #243,#247,#251,#255,#259,#263,#267,#271,#275,#279,#283,#287,#291,
    #295,#299,#303,#307,#311,#315,#319,#323,#327,#331,#335,#339,#343,
    #347,#351,#355,#359,#363,#367,#371,#375,#379,#383,#387,#391,#395,
    #399,#403,#407,#411,#415,#419,#423,#427,#431,#435,#439,#443,#447,
    #451,#455,#459,#463,#467,#471,#475,#479,#483,#487,#491,#495,#499,
    #503,#507,#511,#515,#519,#523,#527,#531,#535,#539,#543,#547,#551,
    #555,#559,#563,#567,#571,#575,#579,#583,#587,#591,#595,#599,#603,
    #607,#611,#615,#619,#623,#627,#631,#635,#639,#643,#647,#651,#655,
    #659,#663,#667,#671,#675,#679,#683,#687,#691,#695,#699,#703,#707,
    #711,#715,#719,#723,#727,#731,#735,#739),#743);
#47 = AXIS2_PLACEMENT_3D('',#48,#49,#50);
#48 = CARTESIAN_POINT('',(-5.75,-6.5,0.));
#49 = DIRECTION('',(0.,0.,1.));
#50 = DIRECTION('',(1.,0.,0.));
#51 = AXIS2_PLACEMENT_3D('',#52,#53,#54);
#52 = CARTESIAN_POINT('',(-5.75,-6.5,0.));
#53 = DIRECTION('',(0.,0.,1.));
#54 = DIRECTION('',(1.,0.,0.));
#55 = AXIS2_PLACEMENT_3D('',#56,#57,#58);
#56 = CARTESIAN_POINT('',(-3.25,3.25,0.15));
#57 = DIRECTION('',(0.,0.,1.));
#58 = DIRECTION('',(1.,0.,0.));
#59 = AXIS2_PLACEMENT_3D('',#60,#61,#62);
#60 = CARTESIAN_POINT('',(-2.75,3.25,0.15));
#61 = DIRECTION('',(0.,0.,1.));
#62 = DIRECTION('',(1.,0.,0.));
#63 = AXIS2_PLACEMENT_3D('',#64,#65,#66);
#64 = CARTESIAN_POINT('',(-2.25,3.25,0.15));
#65 = DIRECTION('',(0.,0.,1.));
#66 = DIRECTION('',(1.,0.,0.));
#67 = AXIS2_PLACEMENT_3D('',#68,#69,#70);
#68 = CARTESIAN_POINT('',(-1.75,3.25,0.15));
#69 = DIRECTION('',(0.,0.,1.));
#70 = DIRECTION('',(1.,0.,0.));
#71 = AXIS2_PLACEMENT_3D('',#72,#73,#74);
#72 = CARTESIAN_POINT('',(-1.25,3.25,0.15));
#73 = DIRECTION('',(0.,0.,1.));
#74 = DIRECTION('',(1.,0.,0.));
#75 = AXIS2_PLACEMENT_3D('',#76,#77,#78);
#76 = CARTESIAN_POINT('',(-0.75,3.25,0.15));
#77 = DIRECTION('',(0.,0.,1.));
#78 = DIRECTION('',(1.,0.,0.));
#79 = AXIS2_PLACEMENT_3D('',#80,#81,#82);
#80 = CARTESIAN_POINT('',(-0.25,3.25,0.15));
#81 = DIRECTION('',(0.,0.,1.));
#82 = DIRECTION('',(1.,0.,0.));
#83 = AXIS2_PLACEMENT_3D('',#84,#85,#86);
#84 = CARTESIAN_POINT('',(0.25,3.25,0.15));
#85 = DIRECTION('',(0.,0.,1.));
#86 = DIRECTION('',(1.,0.,0.));
#87 = AXIS2_PLACEMENT_3D('',#88,#89,#90);
#88 = CARTESIAN_POINT('',(0.75,3.25,0.15));
#89 = DIRECTION('',(0.,0.,1.));
#90 = DIRECTION('',(1.,0.,0.));
#91 = AXIS2_PLACEMENT_3D('',#92,#93,#94);
#92 = CARTESIAN_POINT('',(1.25,3.25,0.15));
#93 = DIRECTION('',(0.,0.,1.));
#94 = DIRECTION('',(1.,0.,0.));
#95 = AXIS2_PLACEMENT_3D('',#96,#97,#98);
#96 = CARTESIAN_POINT('',(1.75,3.25,0.15));
#97 = DIRECTION('',(0.,0.,1.));
#98 = DIRECTION('',(1.,0.,0.));
#99 = AXIS2_PLACEMENT_3D('',#100,#101,#102);
#100 = CARTESIAN_POINT('',(2.25,3.25,0.15));
#101 = DIRECTION('',(0.,0.,1.));
#102 = DIRECTION('',(1.,0.,0.));
#103 = AXIS2_PLACEMENT_3D('',#104,#105,#106);
#104 = CARTESIAN_POINT('',(2.75,3.25,0.15));
#105 = DIRECTION('',(0.,0.,1.));
#106 = DIRECTION('',(1.,0.,0.));
#107 = AXIS2_PLACEMENT_3D('',#108,#109,#110);
#108 = CARTESIAN_POINT('',(3.25,3.25,0.15));
#109 = DIRECTION('',(0.,0.,1.));
#110 = DIRECTION('',(1.,0.,0.));
#111 = AXIS2_PLACEMENT_3D('',#112,#113,#114);
#112 = CARTESIAN_POINT('',(-3.25,2.75,0.15));
#113 = DIRECTION('',(0.,0.,1.));
#114 = DIRECTION('',(1.,0.,0.));
#115 = AXIS2_PLACEMENT_3D('',#116,#117,#118);
#116 = CARTESIAN_POINT('',(-2.75,2.75,0.15));
#117 = DIRECTION('',(0.,0.,1.));
#118 = DIRECTION('',(1.,0.,0.));
#119 = AXIS2_PLACEMENT_3D('',#120,#121,#122);
#120 = CARTESIAN_POINT('',(-2.25,2.75,0.15));
#121 = DIRECTION('',(0.,0.,1.));
#122 = DIRECTION('',(1.,0.,0.));
#123 = AXIS2_PLACEMENT_3D('',#124,#125,#126);
#124 = CARTESIAN_POINT('',(-1.75,2.75,0.15));
#125 = DIRECTION('',(0.,0.,1.));
#126 = DIRECTION('',(1.,0.,0.));
#127 = AXIS2_PLACEMENT_3D('',#128,#129,#130);
#128 = CARTESIAN_POINT('',(-1.25,2.75,0.15));
#129 = DIRECTION('',(0.,0.,1.));
#130 = DIRECTION('',(1.,0.,0.));
#131 = AXIS2_PLACEMENT_3D('',#132,#133,#134);
#132 = CARTESIAN_POINT('',(-0.75,2.75,0.15));
#133 = DIRECTION('',(0.,0.,1.));
#134 = DIRECTION('',(1.,0.,0.));
#135 = AXIS2_PLACEMENT_3D('',#136,#137,#138);
#136 = CARTESIAN_POINT('',(-0.25,2.75,0.15));
#137 = DIRECTION('',(0.,0.,1.));
#138 = DIRECTION('',(1.,0.,0.));
#139 = AXIS2_PLACEMENT_3D('',#140,#141,#142);
#140 = CARTESIAN_POINT('',(0.25,2.75,0.15));
#141 = DIRECTION('',(0.,0.,1.));
#142 = DIRECTION('',(1.,0.,0.));
#143 = AXIS2_PLACEMENT_3D('',#144,#145,#146);
#144 = CARTESIAN_POINT('',(0.75,2.75,0.15));
#145 = DIRECTION('',(0.,0.,1.));
#146 = DIRECTION('',(1.,0.,0.));
#147 = AXIS2_PLACEMENT_3D('',#148,#149,#150);
#148 = CARTESIAN_POINT('',(1.25,2.75,0.15));
#149 = DIRECTION('',(0.,0.,1.));
#150 = DIRECTION('',(1.,0.,0.));
#151 = AXIS2_PLACEMENT_3D('',#152,#153,#154);
#152 = CARTESIAN_POINT('',(1.75,2.75,0.15));
#153 = DIRECTION('',(0.,0.,1.));
#154 = DIRECTION('',(1.,0.,0.));
#155 = AXIS2_PLACEMENT_3D('',#156,#157,#158);
#156 = CARTESIAN_POINT('',(2.25,2.75,0.15));
#157 = DIRECTION('',(0.,0.,1.));
#158 = DIRECTION('',(1.,0.,0.));
#159 = AXIS2_PLACEMENT_3D('',#160,#161,#162);
#160 = CARTESIAN_POINT('',(2.75,2.75,0.15));
#161 = DIRECTION('',(0.,0.,1.));
#162 = DIRECTION('',(1.,0.,0.));
#163 = AXIS2_PLACEMENT_3D('',#164,#165,#166);
#164 = CARTESIAN_POINT('',(3.25,2.75,0.15));
#165 = DIRECTION('',(0.,0.,1.));
#166 = DIRECTION('',(1.,0.,0.));
#167 = AXIS2_PLACEMENT_3D('',#168,#169,#170);
#168 = CARTESIAN_POINT('',(-3.25,2.25,0.15));
#169 = DIRECTION('',(0.,0.,1.));
#170 = DIRECTION('',(1.,0.,0.));
#171 = AXIS2_PLACEMENT_3D('',#172,#173,#174);
#172 = CARTESIAN_POINT('',(-2.75,2.25,0.15));
#173 = DIRECTION('',(0.,0.,1.));
#174 = DIRECTION('',(1.,0.,0.));
#175 = AXIS2_PLACEMENT_3D('',#176,#177,#178);
#176 = CARTESIAN_POINT('',(-2.25,2.25,0.15));
#177 = DIRECTION('',(0.,0.,1.));
#178 = DIRECTION('',(1.,0.,0.));
#179 = AXIS2_PLACEMENT_3D('',#180,#181,#182);
#180 = CARTESIAN_POINT('',(-1.75,2.25,0.15));
#181 = DIRECTION('',(0.,0.,1.));
#182 = DIRECTION('',(1.,0.,0.));
#183 = AXIS2_PLACEMENT_3D('',#184,#185,#186);
#184 = CARTESIAN_POINT('',(-1.25,2.25,0.15));
#185 = DIRECTION('',(0.,0.,1.));
#186 = DIRECTION('',(1.,0.,0.));
#187 = AXIS2_PLACEMENT_3D('',#188,#189,#190);
#188 = CARTESIAN_POINT('',(-0.75,2.25,0.15));
#189 = DIRECTION('',(0.,0.,1.));
#190 = DIRECTION('',(1.,0.,0.));
#191 = AXIS2_PLACEMENT_3D('',#192,#193,#194);
#192 = CARTESIAN_POINT('',(-0.25,2.25,0.15));
#193 = DIRECTION('',(0.,0.,1.));
#194 = DIRECTION('',(1.,0.,0.));
#195 = AXIS2_PLACEMENT_3D('',#196,#197,#198);
#196 = CARTESIAN_POINT('',(0.25,2.25,0.15));
#197 = DIRECTION('',(0.,0.,1.));
#198 = DIRECTION('',(1.,0.,0.));
#199 = AXIS2_PLACEMENT_3D('',#200,#201,#202);
#200 = CARTESIAN_POINT('',(0.75,2.25,0.15));
#201 = DIRECTION('',(0.,0.,1.));
#202 = DIRECTION('',(1.,0.,0.));
#203 = AXIS2_PLACEMENT_3D('',#204,#205,#206);
#204 = CARTESIAN_POINT('',(1.25,2.25,0.15));
#205 = DIRECTION('',(0.,0.,1.));
#206 = DIRECTION('',(1.,0.,0.));
#207 = AXIS2_PLACEMENT_3D('',#208,#209,#210);
#208 = CARTESIAN_POINT('',(1.75,2.25,0.15));
#209 = DIRECTION('',(0.,0.,1.));
#210 = DIRECTION('',(1.,0.,0.));
#211 = AXIS2_PLACEMENT_3D('',#212,#213,#214);
#212 = CARTESIAN_POINT('',(2.25,2.25,0.15));
#213 = DIRECTION('',(0.,0.,1.));
#214 = DIRECTION('',(1.,0.,0.));
#215 = AXIS2_PLACEMENT_3D('',#216,#217,#218);
#216 = CARTESIAN_POINT('',(2.75,2.25,0.15));
#217 = DIRECTION('',(0.,0.,1.));
#218 = DIRECTION('',(1.,0.,0.));
#219 = AXIS2_PLACEMENT_3D('',#220,#221,#222);
#220 = CARTESIAN_POINT('',(3.25,2.25,0.15));
#221 = DIRECTION('',(0.,0.,1.));
#222 = DIRECTION('',(1.,0.,0.));
#223 = AXIS2_PLACEMENT_3D('',#224,#225,#226);
#224 = CARTESIAN_POINT('',(-3.25,1.75,0.15));
#225 = DIRECTION('',(0.,0.,1.));
#226 = DIRECTION('',(1.,0.,0.));
#227 = AXIS2_PLACEMENT_3D('',#228,#229,#230);
#228 = CARTESIAN_POINT('',(-2.75,1.75,0.15));
#229 = DIRECTION('',(0.,0.,1.));
#230 = DIRECTION('',(1.,0.,0.));
#231 = AXIS2_PLACEMENT_3D('',#232,#233,#234);
#232 = CARTESIAN_POINT('',(-2.25,1.75,0.15));
#233 = DIRECTION('',(0.,0.,1.));
#234 = DIRECTION('',(1.,0.,0.));
#235 = AXIS2_PLACEMENT_3D('',#236,#237,#238);
#236 = CARTESIAN_POINT('',(-1.75,1.75,0.15));
#237 = DIRECTION('',(0.,0.,1.));
#238 = DIRECTION('',(1.,0.,0.));
#239 = AXIS2_PLACEMENT_3D('',#240,#241,#242);
#240 = CARTESIAN_POINT('',(1.75,1.75,0.15));
#241 = DIRECTION('',(0.,0.,1.));
#242 = DIRECTION('',(1.,0.,0.));
#243 = AXIS2_PLACEMENT_3D('',#244,#245,#246);
#244 = CARTESIAN_POINT('',(2.25,1.75,0.15));
#245 = DIRECTION('',(0.,0.,1.));
#246 = DIRECTION('',(1.,0.,0.));
#247 = AXIS2_PLACEMENT_3D('',#248,#249,#250);
#248 = CARTESIAN_POINT('',(2.75,1.75,0.15));
#249 = DIRECTION('',(0.,0.,1.));
#250 = DIRECTION('',(1.,0.,0.));
#251 = AXIS2_PLACEMENT_3D('',#252,#253,#254);
#252 = CARTESIAN_POINT('',(3.25,1.75,0.15));
#253 = DIRECTION('',(0.,0.,1.));
#254 = DIRECTION('',(1.,0.,0.));
#255 = AXIS2_PLACEMENT_3D('',#256,#257,#258);
#256 = CARTESIAN_POINT('',(-3.25,1.25,0.15));
#257 = DIRECTION('',(0.,0.,1.));
#258 = DIRECTION('',(1.,0.,0.));
#259 = AXIS2_PLACEMENT_3D('',#260,#261,#262);
#260 = CARTESIAN_POINT('',(-2.75,1.25,0.15));
#261 = DIRECTION('',(0.,0.,1.));
#262 = DIRECTION('',(1.,0.,0.));
#263 = AXIS2_PLACEMENT_3D('',#264,#265,#266);
#264 = CARTESIAN_POINT('',(-2.25,1.25,0.15));
#265 = DIRECTION('',(0.,0.,1.));
#266 = DIRECTION('',(1.,0.,0.));
#267 = AXIS2_PLACEMENT_3D('',#268,#269,#270);
#268 = CARTESIAN_POINT('',(-1.25,1.25,0.15));
#269 = DIRECTION('',(0.,0.,1.));
#270 = DIRECTION('',(1.,0.,0.));
#271 = AXIS2_PLACEMENT_3D('',#272,#273,#274);
#272 = CARTESIAN_POINT('',(-0.75,1.25,0.15));
#273 = DIRECTION('',(0.,0.,1.));
#274 = DIRECTION('',(1.,0.,0.));
#275 = AXIS2_PLACEMENT_3D('',#276,#277,#278);
#276 = CARTESIAN_POINT('',(-0.25,1.25,0.15));
#277 = DIRECTION('',(0.,0.,1.));
#278 = DIRECTION('',(1.,0.,0.));
#279 = AXIS2_PLACEMENT_3D('',#280,#281,#282);
#280 = CARTESIAN_POINT('',(0.25,1.25,0.15));
#281 = DIRECTION('',(0.,0.,1.));
#282 = DIRECTION('',(1.,0.,0.));
#283 = AXIS2_PLACEMENT_3D('',#284,#285,#286);
#284 = CARTESIAN_POINT('',(0.75,1.25,0.15));
#285 = DIRECTION('',(0.,0.,1.));
#286 = DIRECTION('',(1.,0.,0.));
#287 = AXIS2_PLACEMENT_3D('',#288,#289,#290);
#288 = CARTESIAN_POINT('',(1.25,1.25,0.15));
#289 = DIRECTION('',(0.,0.,1.));
#290 = DIRECTION('',(1.,0.,0.));
#291 = AXIS2_PLACEMENT_3D('',#292,#293,#294);
#292 = CARTESIAN_POINT('',(2.25,1.25,0.15));
#293 = DIRECTION('',(0.,0.,1.));
#294 = DIRECTION('',(1.,0.,0.));
#295 = AXIS2_PLACEMENT_3D('',#296,#297,#298);
#296 = CARTESIAN_POINT('',(2.75,1.25,0.15));
#297 = DIRECTION('',(0.,0.,1.));
#298 = DIRECTION('',(1.,0.,0.));
#299 = AXIS2_PLACEMENT_3D('',#300,#301,#302);
#300 = CARTESIAN_POINT('',(3.25,1.25,0.15));
#301 = DIRECTION('',(0.,0.,1.));
#302 = DIRECTION('',(1.,0.,0.));
#303 = AXIS2_PLACEMENT_3D('',#304,#305,#306);
#304 = CARTESIAN_POINT('',(-3.25,0.75,0.15));
#305 = DIRECTION('',(0.,0.,1.));
#306 = DIRECTION('',(1.,0.,0.));
#307 = AXIS2_PLACEMENT_3D('',#308,#309,#310);
#308 = CARTESIAN_POINT('',(-2.75,0.75,0.15));
#309 = DIRECTION('',(0.,0.,1.));
#310 = DIRECTION('',(1.,0.,0.));
#311 = AXIS2_PLACEMENT_3D('',#312,#313,#314);
#312 = CARTESIAN_POINT('',(-2.25,0.75,0.15));
#313 = DIRECTION('',(0.,0.,1.));
#314 = DIRECTION('',(1.,0.,0.));
#315 = AXIS2_PLACEMENT_3D('',#316,#317,#318);
#316 = CARTESIAN_POINT('',(-1.25,0.75,0.15));
#317 = DIRECTION('',(0.,0.,1.));
#318 = DIRECTION('',(1.,0.,0.));
#319 = AXIS2_PLACEMENT_3D('',#320,#321,#322);
#320 = CARTESIAN_POINT('',(-0.75,0.75,0.15));
#321 = DIRECTION('',(0.,0.,1.));
#322 = DIRECTION('',(1.,0.,0.));
#323 = AXIS2_PLACEMENT_3D('',#324,#325,#326);
#324 = CARTESIAN_POINT('',(-0.25,0.75,0.15));
#325 = DIRECTION('',(0.,0.,1.));
#326 = DIRECTION('',(1.,0.,0.));
#327 = AXIS2_PLACEMENT_3D('',#328,#329,#330);
#328 = CARTESIAN_POINT('',(0.25,0.75,0.15));
#329 = DIRECTION('',(0.,0.,1.));
#330 = DIRECTION('',(1.,0.,0.));
#331 = AXIS2_PLACEMENT_3D('',#332,#333,#334);
#332 = CARTESIAN_POINT('',(0.75,0.75,0.15));
#333 = DIRECTION('',(0.,0.,1.));
#334 = DIRECTION('',(1.,0.,0.));
#335 = AXIS2_PLACEMENT_3D('',#336,#337,#338);
#336 = CARTESIAN_POINT('',(1.25,0.75,0.15));
#337 = DIRECTION('',(0.,0.,1.));
#338 = DIRECTION('',(1.,0.,0.));
#339 = AXIS2_PLACEMENT_3D('',#340,#341,#342);
#340 = CARTESIAN_POINT('',(2.25,0.75,0.15));
#341 = DIRECTION('',(0.,0.,1.));
#342 = DIRECTION('',(1.,0.,0.));
#343 = AXIS2_PLACEMENT_3D('',#344,#345,#346);
#344 = CARTESIAN_POINT('',(2.75,0.75,0.15));
#345 = DIRECTION('',(0.,0.,1.));
#346 = DIRECTION('',(1.,0.,0.));
#347 = AXIS2_PLACEMENT_3D('',#348,#349,#350);
#348 = CARTESIAN_POINT('',(3.25,0.75,0.15));
#349 = DIRECTION('',(0.,0.,1.));
#350 = DIRECTION('',(1.,0.,0.));
#351 = AXIS2_PLACEMENT_3D('',#352,#353,#354);
#352 = CARTESIAN_POINT('',(-3.25,0.25,0.15));
#353 = DIRECTION('',(0.,0.,1.));
#354 = DIRECTION('',(1.,0.,0.));
#355 = AXIS2_PLACEMENT_3D('',#356,#357,#358);
#356 = CARTESIAN_POINT('',(-2.75,0.25,0.15));
#357 = DIRECTION('',(0.,0.,1.));
#358 = DIRECTION('',(1.,0.,0.));
#359 = AXIS2_PLACEMENT_3D('',#360,#361,#362);
#360 = CARTESIAN_POINT('',(-2.25,0.25,0.15));
#361 = DIRECTION('',(0.,0.,1.));
#362 = DIRECTION('',(1.,0.,0.));
#363 = AXIS2_PLACEMENT_3D('',#364,#365,#366);
#364 = CARTESIAN_POINT('',(-1.25,0.25,0.15));
#365 = DIRECTION('',(0.,0.,1.));
#366 = DIRECTION('',(1.,0.,0.));
#367 = AXIS2_PLACEMENT_3D('',#368,#369,#370);
#368 = CARTESIAN_POINT('',(-0.75,0.25,0.15));
#369 = DIRECTION('',(0.,0.,1.));
#370 = DIRECTION('',(1.,0.,0.));
#371 = AXIS2_PLACEMENT_3D('',#372,#373,#374);
#372 = CARTESIAN_POINT('',(-0.25,0.25,0.15));
#373 = DIRECTION('',(0.,0.,1.));
#374 = DIRECTION('',(1.,0.,0.));
#375 = AXIS2_PLACEMENT_3D('',#376,#377,#378);
#376 = CARTESIAN_POINT('',(0.25,0.25,0.15));
#377 = DIRECTION('',(0.,0.,1.));
#378 = DIRECTION('',(1.,0.,0.));
#379 = AXIS2_PLACEMENT_3D('',#380,#381,#382);
#380 = CARTESIAN_POINT('',(0.75,0.25,0.15));
#381 = DIRECTION('',(0.,0.,1.));
#382 = DIRECTION('',(1.,0.,0.));
#383 = AXIS2_PLACEMENT_3D('',#384,#385,#386);
#384 = CARTESIAN_POINT('',(1.25,0.25,0.15));
#385 = DIRECTION('',(0.,0.,1.));
#386 = DIRECTION('',(1.,0.,0.));
#387 = AXIS2_PLACEMENT_3D('',#388,#389,#390);
#388 = CARTESIAN_POINT('',(2.25,0.25,0.15));
#389 = DIRECTION('',(0.,0.,1.));
#390 = DIRECTION('',(1.,0.,0.));
#391 = AXIS2_PLACEMENT_3D('',#392,#393,#394);
#392 = CARTESIAN_POINT('',(2.75,0.25,0.15));
#393 = DIRECTION('',(0.,0.,1.));
#394 = DIRECTION('',(1.,0.,0.));
#395 = AXIS2_PLACEMENT_3D('',#396,#397,#398);
#396 = CARTESIAN_POINT('',(3.25,0.25,0.15));
#397 = DIRECTION('',(0.,0.,1.));
#398 = DIRECTION('',(1.,0.,0.));
#399 = AXIS2_PLACEMENT_3D('',#400,#401,#402);
#400 = CARTESIAN_POINT('',(-3.25,-0.25,0.15));
#401 = DIRECTION('',(0.,0.,1.));
#402 = DIRECTION('',(1.,0.,0.));
#403 = AXIS2_PLACEMENT_3D('',#404,#405,#406);
#404 = CARTESIAN_POINT('',(-2.75,-0.25,0.15));
#405 = DIRECTION('',(0.,0.,1.));
#406 = DIRECTION('',(1.,0.,0.));
#407 = AXIS2_PLACEMENT_3D('',#408,#409,#410);
#408 = CARTESIAN_POINT('',(-2.25,-0.25,0.15));
#409 = DIRECTION('',(0.,0.,1.));
#410 = DIRECTION('',(1.,0.,0.));
#411 = AXIS2_PLACEMENT_3D('',#412,#413,#414);
#412 = CARTESIAN_POINT('',(-1.25,-0.25,0.15));
#413 = DIRECTION('',(0.,0.,1.));
#414 = DIRECTION('',(1.,0.,0.));
#415 = AXIS2_PLACEMENT_3D('',#416,#417,#418);
#416 = CARTESIAN_POINT('',(-0.75,-0.25,0.15));
#417 = DIRECTION('',(0.,0.,1.));
#418 = DIRECTION('',(1.,0.,0.));
#419 = AXIS2_PLACEMENT_3D('',#420,#421,#422);
#420 = CARTESIAN_POINT('',(-0.25,-0.25,0.15));
#421 = DIRECTION('',(0.,0.,1.));
#422 = DIRECTION('',(1.,0.,0.));
#423 = AXIS2_PLACEMENT_3D('',#424,#425,#426);
#424 = CARTESIAN_POINT('',(0.25,-0.25,0.15));
#425 = DIRECTION('',(0.,0.,1.));
#426 = DIRECTION('',(1.,0.,0.));
#427 = AXIS2_PLACEMENT_3D('',#428,#429,#430);
#428 = CARTESIAN_POINT('',(0.75,-0.25,0.15));
#429 = DIRECTION('',(0.,0.,1.));
#430 = DIRECTION('',(1.,0.,0.));
#431 = AXIS2_PLACEMENT_3D('',#432,#433,#434);
#432 = CARTESIAN_POINT('',(1.25,-0.25,0.15));
#433 = DIRECTION('',(0.,0.,1.));
#434 = DIRECTION('',(1.,0.,0.));
#435 = AXIS2_PLACEMENT_3D('',#436,#437,#438);
#436 = CARTESIAN_POINT('',(2.25,-0.25,0.15));
#437 = DIRECTION('',(0.,0.,1.));
#438 = DIRECTION('',(1.,0.,0.));
#439 = AXIS2_PLACEMENT_3D('',#440,#441,#442);
#440 = CARTESIAN_POINT('',(2.75,-0.25,0.15));
#441 = DIRECTION('',(0.,0.,1.));
#442 = DIRECTION('',(1.,0.,0.));
#443 = AXIS2_PLACEMENT_3D('',#444,#445,#446);
#444 = CARTESIAN_POINT('',(3.25,-0.25,0.15));
#445 = DIRECTION('',(0.,0.,1.));
#446 = DIRECTION('',(1.,0.,0.));
#447 = AXIS2_PLACEMENT_3D('',#448,#449,#450);
#448 = CARTESIAN_POINT('',(-3.25,-0.75,0.15));
#449 = DIRECTION('',(0.,0.,1.));
#450 = DIRECTION('',(1.,0.,0.));
#451 = AXIS2_PLACEMENT_3D('',#452,#453,#454);
#452 = CARTESIAN_POINT('',(-2.75,-0.75,0.15));
#453 = DIRECTION('',(0.,0.,1.));
#454 = DIRECTION('',(1.,0.,0.));
#455 = AXIS2_PLACEMENT_3D('',#456,#457,#458);
#456 = CARTESIAN_POINT('',(-2.25,-0.75,0.15));
#457 = DIRECTION('',(0.,0.,1.));
#458 = DIRECTION('',(1.,0.,0.));
#459 = AXIS2_PLACEMENT_3D('',#460,#461,#462);
#460 = CARTESIAN_POINT('',(-1.25,-0.75,0.15));
#461 = DIRECTION('',(0.,0.,1.));
#462 = DIRECTION('',(1.,0.,0.));
#463 = AXIS2_PLACEMENT_3D('',#464,#465,#466);
#464 = CARTESIAN_POINT('',(-0.75,-0.75,0.15));
#465 = DIRECTION('',(0.,0.,1.));
#466 = DIRECTION('',(1.,0.,0.));
#467 = AXIS2_PLACEMENT_3D('',#468,#469,#470);
#468 = CARTESIAN_POINT('',(-0.25,-0.75,0.15));
#469 = DIRECTION('',(0.,0.,1.));
#470 = DIRECTION('',(1.,0.,0.));
#471 = AXIS2_PLACEMENT_3D('',#472,#473,#474);
#472 = CARTESIAN_POINT('',(0.25,-0.75,0.15));
#473 = DIRECTION('',(0.,0.,1.));
#474 = DIRECTION('',(1.,0.,0.));
#475 = AXIS2_PLACEMENT_3D('',#476,#477,#478);
#476 = CARTESIAN_POINT('',(0.75,-0.75,0.15));
#477 = DIRECTION('',(0.,0.,1.));
#478 = DIRECTION('',(1.,0.,0.));
#479 = AXIS2_PLACEMENT_3D('',#480,#481,#482);
#480 = CARTESIAN_POINT('',(1.25,-0.75,0.15));
#481 = DIRECTION('',(0.,0.,1.));
#482 = DIRECTION('',(1.,0.,0.));
#483 = AXIS2_PLACEMENT_3D('',#484,#485,#486);
#484 = CARTESIAN_POINT('',(2.25,-0.75,0.15));
#485 = DIRECTION('',(0.,0.,1.));
#486 = DIRECTION('',(1.,0.,0.));
#487 = AXIS2_PLACEMENT_3D('',#488,#489,#490);
#488 = CARTESIAN_POINT('',(2.75,-0.75,0.15));
#489 = DIRECTION('',(0.,0.,1.));
#490 = DIRECTION('',(1.,0.,0.));
#491 = AXIS2_PLACEMENT_3D('',#492,#493,#494);
#492 = CARTESIAN_POINT('',(3.25,-0.75,0.15));
#493 = DIRECTION('',(0.,0.,1.));
#494 = DIRECTION('',(1.,0.,0.));
#495 = AXIS2_PLACEMENT_3D('',#496,#497,#498);
#496 = CARTESIAN_POINT('',(-3.25,-1.25,0.15));
#497 = DIRECTION('',(0.,0.,1.));
#498 = DIRECTION('',(1.,0.,0.));
#499 = AXIS2_PLACEMENT_3D('',#500,#501,#502);
#500 = CARTESIAN_POINT('',(-2.75,-1.25,0.15));
#501 = DIRECTION('',(0.,0.,1.));
#502 = DIRECTION('',(1.,0.,0.));
#503 = AXIS2_PLACEMENT_3D('',#504,#505,#506);
#504 = CARTESIAN_POINT('',(-2.25,-1.25,0.15));
#505 = DIRECTION('',(0.,0.,1.));
#506 = DIRECTION('',(1.,0.,0.));
#507 = AXIS2_PLACEMENT_3D('',#508,#509,#510);
#508 = CARTESIAN_POINT('',(-1.25,-1.25,0.15));
#509 = DIRECTION('',(0.,0.,1.));
#510 = DIRECTION('',(1.,0.,0.));
#511 = AXIS2_PLACEMENT_3D('',#512,#513,#514);
#512 = CARTESIAN_POINT('',(-0.75,-1.25,0.15));
#513 = DIRECTION('',(0.,0.,1.));
#514 = DIRECTION('',(1.,0.,0.));
#515 = AXIS2_PLACEMENT_3D('',#516,#517,#518);
#516 = CARTESIAN_POINT('',(-0.25,-1.25,0.15));
#517 = DIRECTION('',(0.,0.,1.));
#518 = DIRECTION('',(1.,0.,0.));
#519 = AXIS2_PLACEMENT_3D('',#520,#521,#522);
#520 = CARTESIAN_POINT('',(0.25,-1.25,0.15));
#521 = DIRECTION('',(0.,0.,1.));
#522 = DIRECTION('',(1.,0.,0.));
#523 = AXIS2_PLACEMENT_3D('',#524,#525,#526);
#524 = CARTESIAN_POINT('',(0.75,-1.25,0.15));
#525 = DIRECTION('',(0.,0.,1.));
#526 = DIRECTION('',(1.,0.,0.));
#527 = AXIS2_PLACEMENT_3D('',#528,#529,#530);
#528 = CARTESIAN_POINT('',(1.25,-1.25,0.15));
#529 = DIRECTION('',(0.,0.,1.));
#530 = DIRECTION('',(1.,0.,0.));
#531 = AXIS2_PLACEMENT_3D('',#532,#533,#534);
#532 = CARTESIAN_POINT('',(2.25,-1.25,0.15));
#533 = DIRECTION('',(0.,0.,1.));
#534 = DIRECTION('',(1.,0.,0.));
#535 = AXIS2_PLACEMENT_3D('',#536,#537,#538);
#536 = CARTESIAN_POINT('',(2.75,-1.25,0.15));
#537 = DIRECTION('',(0.,0.,1.));
#538 = DIRECTION('',(1.,0.,0.));
#539 = AXIS2_PLACEMENT_3D('',#540,#541,#542);
#540 = CARTESIAN_POINT('',(3.25,-1.25,0.15));
#541 = DIRECTION('',(0.,0.,1.));
#542 = DIRECTION('',(1.,0.,0.));
#543 = AXIS2_PLACEMENT_3D('',#544,#545,#546);
#544 = CARTESIAN_POINT('',(-3.25,-1.75,0.15));
#545 = DIRECTION('',(0.,0.,1.));
#546 = DIRECTION('',(1.,0.,0.));
#547 = AXIS2_PLACEMENT_3D('',#548,#549,#550);
#548 = CARTESIAN_POINT('',(-2.75,-1.75,0.15));
#549 = DIRECTION('',(0.,0.,1.));
#550 = DIRECTION('',(1.,0.,0.));
#551 = AXIS2_PLACEMENT_3D('',#552,#553,#554);
#552 = CARTESIAN_POINT('',(-2.25,-1.75,0.15));
#553 = DIRECTION('',(0.,0.,1.));
#554 = DIRECTION('',(1.,0.,0.));
#555 = AXIS2_PLACEMENT_3D('',#556,#557,#558);
#556 = CARTESIAN_POINT('',(-1.75,-1.75,0.15));
#557 = DIRECTION('',(0.,0.,1.));
#558 = DIRECTION('',(1.,0.,0.));
#559 = AXIS2_PLACEMENT_3D('',#560,#561,#562);
#560 = CARTESIAN_POINT('',(1.75,-1.75,0.15));
#561 = DIRECTION('',(0.,0.,1.));
#562 = DIRECTION('',(1.,0.,0.));
#563 = AXIS2_PLACEMENT_3D('',#564,#565,#566);
#564 = CARTESIAN_POINT('',(2.25,-1.75,0.15));
#565 = DIRECTION('',(0.,0.,1.));
#566 = DIRECTION('',(1.,0.,0.));
#567 = AXIS2_PLACEMENT_3D('',#568,#569,#570);
#568 = CARTESIAN_POINT('',(2.75,-1.75,0.15));
#569 = DIRECTION('',(0.,0.,1.));
#570 = DIRECTION('',(1.,0.,0.));
#571 = AXIS2_PLACEMENT_3D('',#572,#573,#574);
#572 = CARTESIAN_POINT('',(3.25,-1.75,0.15));
#573 = DIRECTION('',(0.,0.,1.));
#574 = DIRECTION('',(1.,0.,0.));
#575 = AXIS2_PLACEMENT_3D('',#576,#577,#578);
#576 = CARTESIAN_POINT('',(-3.25,-2.25,0.15));
#577 = DIRECTION('',(0.,0.,1.));
#578 = DIRECTION('',(1.,0.,0.));
#579 = AXIS2_PLACEMENT_3D('',#580,#581,#582);
#580 = CARTESIAN_POINT('',(-2.75,-2.25,0.15));
#581 = DIRECTION('',(0.,0.,1.));
#582 = DIRECTION('',(1.,0.,0.));
#583 = AXIS2_PLACEMENT_3D('',#584,#585,#586);
#584 = CARTESIAN_POINT('',(-2.25,-2.25,0.15));
#585 = DIRECTION('',(0.,0.,1.));
#586 = DIRECTION('',(1.,0.,0.));
#587 = AXIS2_PLACEMENT_3D('',#588,#589,#590);
#588 = CARTESIAN_POINT('',(-1.75,-2.25,0.15));
#589 = DIRECTION('',(0.,0.,1.));
#590 = DIRECTION('',(1.,0.,0.));
#591 = AXIS2_PLACEMENT_3D('',#592,#593,#594);
#592 = CARTESIAN_POINT('',(-1.25,-2.25,0.15));
#593 = DIRECTION('',(0.,0.,1.));
#594 = DIRECTION('',(1.,0.,0.));
#595 = AXIS2_PLACEMENT_3D('',#596,#597,#598);
#596 = CARTESIAN_POINT('',(-0.75,-2.25,0.15));
#597 = DIRECTION('',(0.,0.,1.));
#598 = DIRECTION('',(1.,0.,0.));
#599 = AXIS2_PLACEMENT_3D('',#600,#601,#602);
#600 = CARTESIAN_POINT('',(-0.25,-2.25,0.15));
#601 = DIRECTION('',(0.,0.,1.));
#602 = DIRECTION('',(1.,0.,0.));
#603 = AXIS2_PLACEMENT_3D('',#604,#605,#606);
#604 = CARTESIAN_POINT('',(0.25,-2.25,0.15));
#605 = DIRECTION('',(0.,0.,1.));
#606 = DIRECTION('',(1.,0.,0.));
#607 = AXIS2_PLACEMENT_3D('',#608,#609,#610);
#608 = CARTESIAN_POINT('',(0.75,-2.25,0.15));
#609 = DIRECTION('',(0.,0.,1.));
#610 = DIRECTION('',(1.,0.,0.));
#611 = AXIS2_PLACEMENT_3D('',#612,#613,#614);
#612 = CARTESIAN_POINT('',(1.25,-2.25,0.15));
#613 = DIRECTION('',(0.,0.,1.));
#614 = DIRECTION('',(1.,0.,0.));
#615 = AXIS2_PLACEMENT_3D('',#616,#617,#618);
#616 = CARTESIAN_POINT('',(1.75,-2.25,0.15));
#617 = DIRECTION('',(0.,0.,1.));
#618 = DIRECTION('',(1.,0.,0.));
#619 = AXIS2_PLACEMENT_3D('',#620,#621,#622);
#620 = CARTESIAN_POINT('',(2.25,-2.25,0.15));
#621 = DIRECTION('',(0.,0.,1.));
#622 = DIRECTION('',(1.,0.,0.));
#623 = AXIS2_PLACEMENT_3D('',#624,#625,#626);
#624 = CARTESIAN_POINT('',(2.75,-2.25,0.15));
#625 = DIRECTION('',(0.,0.,1.));
#626 = DIRECTION('',(1.,0.,0.));
#627 = AXIS2_PLACEMENT_3D('',#628,#629,#630);
#628 = CARTESIAN_POINT('',(3.25,-2.25,0.15));
#629 = DIRECTION('',(0.,0.,1.));
#630 = DIRECTION('',(1.,0.,0.));
#631 = AXIS2_PLACEMENT_3D('',#632,#633,#634);
#632 = CARTESIAN_POINT('',(-3.25,-2.75,0.15));
#633 = DIRECTION('',(0.,0.,1.));
#634 = DIRECTION('',(1.,0.,0.));
#635 = AXIS2_PLACEMENT_3D('',#636,#637,#638);
#636 = CARTESIAN_POINT('',(-2.75,-2.75,0.15));
#637 = DIRECTION('',(0.,0.,1.));
#638 = DIRECTION('',(1.,0.,0.));
#639 = AXIS2_PLACEMENT_3D('',#640,#641,#642);
#640 = CARTESIAN_POINT('',(-2.25,-2.75,0.15));
#641 = DIRECTION('',(0.,0.,1.));
#642 = DIRECTION('',(1.,0.,0.));
#643 = AXIS2_PLACEMENT_3D('',#644,#645,#646);
#644 = CARTESIAN_POINT('',(-1.75,-2.75,0.15));
#645 = DIRECTION('',(0.,0.,1.));
#646 = DIRECTION('',(1.,0.,0.));
#647 = AXIS2_PLACEMENT_3D('',#648,#649,#650);
#648 = CARTESIAN_POINT('',(-1.25,-2.75,0.15));
#649 = DIRECTION('',(0.,0.,1.));
#650 = DIRECTION('',(1.,0.,0.));
#651 = AXIS2_PLACEMENT_3D('',#652,#653,#654);
#652 = CARTESIAN_POINT('',(-0.75,-2.75,0.15));
#653 = DIRECTION('',(0.,0.,1.));
#654 = DIRECTION('',(1.,0.,0.));
#655 = AXIS2_PLACEMENT_3D('',#656,#657,#658);
#656 = CARTESIAN_POINT('',(-0.25,-2.75,0.15));
#657 = DIRECTION('',(0.,0.,1.));
#658 = DIRECTION('',(1.,0.,0.));
#659 = AXIS2_PLACEMENT_3D('',#660,#661,#662);
#660 = CARTESIAN_POINT('',(0.25,-2.75,0.15));
#661 = DIRECTION('',(0.,0.,1.));
#662 = DIRECTION('',(1.,0.,0.));
#663 = AXIS2_PLACEMENT_3D('',#664,#665,#666);
#664 = CARTESIAN_POINT('',(0.75,-2.75,0.15));
#665 = DIRECTION('',(0.,0.,1.));
#666 = DIRECTION('',(1.,0.,0.));
#667 = AXIS2_PLACEMENT_3D('',#668,#669,#670);
#668 = CARTESIAN_POINT('',(1.25,-2.75,0.15));
#669 = DIRECTION('',(0.,0.,1.));
#670 = DIRECTION('',(1.,0.,0.));
#671 = AXIS2_PLACEMENT_3D('',#672,#673,#674);
#672 = CARTESIAN_POINT('',(1.75,-2.75,0.15));
#673 = DIRECTION('',(0.,0.,1.));
#674 = DIRECTION('',(1.,0.,0.));
#675 = AXIS2_PLACEMENT_3D('',#676,#677,#678);
#676 = CARTESIAN_POINT('',(2.25,-2.75,0.15));
#677 = DIRECTION('',(0.,0.,1.));
#678 = DIRECTION('',(1.,0.,0.));
#679 = AXIS2_PLACEMENT_3D('',#680,#681,#682);
#680 = CARTESIAN_POINT('',(2.75,-2.75,0.15));
#681 = DIRECTION('',(0.,0.,1.));
#682 = DIRECTION('',(1.,0.,0.));
#683 = AXIS2_PLACEMENT_3D('',#684,#685,#686);
#684 = CARTESIAN_POINT('',(3.25,-2.75,0.15));
#685 = DIRECTION('',(0.,0.,1.));
#686 = DIRECTION('',(1.,0.,0.));
#687 = AXIS2_PLACEMENT_3D('',#688,#689,#690);
#688 = CARTESIAN_POINT('',(-3.25,-3.25,0.15));
#689 = DIRECTION('',(0.,0.,1.));
#690 = DIRECTION('',(1.,0.,0.));
#691 = AXIS2_PLACEMENT_3D('',#692,#693,#694);
#692 = CARTESIAN_POINT('',(-2.75,-3.25,0.15));
#693 = DIRECTION('',(0.,0.,1.));
#694 = DIRECTION('',(1.,0.,0.));
#695 = AXIS2_PLACEMENT_3D('',#696,#697,#698);
#696 = CARTESIAN_POINT('',(-2.25,-3.25,0.15));
#697 = DIRECTION('',(0.,0.,1.));
#698 = DIRECTION('',(1.,0.,0.));
#699 = AXIS2_PLACEMENT_3D('',#700,#701,#702);
#700 = CARTESIAN_POINT('',(-1.75,-3.25,0.15));
#701 = DIRECTION('',(0.,0.,1.));
#702 = DIRECTION('',(1.,0.,0.));
#703 = AXIS2_PLACEMENT_3D('',#704,#705,#706);
#704 = CARTESIAN_POINT('',(-1.25,-3.25,0.15));
#705 = DIRECTION('',(0.,0.,1.));
#706 = DIRECTION('',(1.,0.,0.));
#707 = AXIS2_PLACEMENT_3D('',#708,#709,#710);
#708 = CARTESIAN_POINT('',(-0.75,-3.25,0.15));
#709 = DIRECTION('',(0.,0.,1.));
#710 = DIRECTION('',(1.,0.,0.));
#711 = AXIS2_PLACEMENT_3D('',#712,#713,#714);
#712 = CARTESIAN_POINT('',(-0.25,-3.25,0.15));
#713 = DIRECTION('',(0.,0.,1.));
#714 = DIRECTION('',(1.,0.,0.));
#715 = AXIS2_PLACEMENT_3D('',#716,#717,#718);
#716 = CARTESIAN_POINT('',(0.25,-3.25,0.15));
#717 = DIRECTION('',(0.,0.,1.));
#718 = DIRECTION('',(1.,0.,0.));
#719 = AXIS2_PLACEMENT_3D('',#720,#721,#722);
#720 = CARTESIAN_POINT('',(0.75,-3.25,0.15));
#721 = DIRECTION('',(0.,0.,1.));
#722 = DIRECTION('',(1.,0.,0.));
#723 = AXIS2_PLACEMENT_3D('',#724,#725,#726);
#724 = CARTESIAN_POINT('',(1.25,-3.25,0.15));
#725 = DIRECTION('',(0.,0.,1.));
#726 = DIRECTION('',(1.,0.,0.));
#727 = AXIS2_PLACEMENT_3D('',#728,#729,#730);
#728 = CARTESIAN_POINT('',(1.75,-3.25,0.15));
#729 = DIRECTION('',(0.,0.,1.));
#730 = DIRECTION('',(1.,0.,0.));
#731 = AXIS2_PLACEMENT_3D('',#732,#733,#734);
#732 = CARTESIAN_POINT('',(2.25,-3.25,0.15));
#733 = DIRECTION('',(0.,0.,1.));
#734 = DIRECTION('',(1.,0.,0.));
#735 = AXIS2_PLACEMENT_3D('',#736,#737,#738);
#736 = CARTESIAN_POINT('',(2.75,-3.25,0.15));
#737 = DIRECTION('',(0.,0.,1.));
#738 = DIRECTION('',(1.,0.,0.));
#739 = AXIS2_PLACEMENT_3D('',#740,#741,#742);
#740 = CARTESIAN_POINT('',(3.25,-3.25,0.15));
#741 = DIRECTION('',(0.,0.,1.));
#742 = DIRECTION('',(1.,0.,0.));
#743 = ( GEOMETRIC_REPRESENTATION_CONTEXT(3) 
GLOBAL_UNCERTAINTY_ASSIGNED_CONTEXT((#747)) GLOBAL_UNIT_ASSIGNED_CONTEXT
((#744,#745,#746)) REPRESENTATION_CONTEXT('Context #1',
  '3D Context with UNIT and UNCERTAINTY') );
#744 = ( LENGTH_UNIT() NAMED_UNIT(*) SI_UNIT(.MILLI.,.METRE.) );
#745 = ( NAMED_UNIT(*) PLANE_ANGLE_UNIT() SI_UNIT($,.RADIAN.) );
#746 = ( NAMED_UNIT(*) SI_UNIT($,.STERADIAN.) SOLID_ANGLE_UNIT() );
#747 = UNCERTAINTY_MEASURE_WITH_UNIT(LENGTH_MEASURE(1.E-07),#744,
  'distance_accuracy_value','confusion accuracy');
#748 = MANIFOLD_SURFACE_SHAPE_REPRESENTATION('',(#11,#749),#768);
#749 = SHELL_BASED_SURFACE_MODEL('',(#750));
#750 = OPEN_SHELL('',(#751));
#751 = ADVANCED_FACE('',(#752),#763,.T.);
#752 = FACE_BOUND('',#753,.T.);
#753 = EDGE_LOOP('',(#754));
#754 = ORIENTED_EDGE('',*,*,#755,.T.);
#755 = EDGE_CURVE('',#756,#756,#758,.T.);
#756 = VERTEX_POINT('',#757);
#757 = CARTESIAN_POINT('',(2.635416666667,11.083333333333,0.901));
#758 = CIRCLE('',#759,0.71875);
#759 = AXIS2_PLACEMENT_3D('',#760,#761,#762);
#760 = CARTESIAN_POINT('',(1.916666666667,11.083333333333,0.901));
#761 = DIRECTION('',(0.,0.,1.));
#762 = DIRECTION('',(1.,0.,-0.));
#763 = PLANE('',#764);
#764 = AXIS2_PLACEMENT_3D('',#765,#766,#767);
#765 = CARTESIAN_POINT('',(1.916666666667,11.083333333333,0.901));
#766 = DIRECTION('',(-1.368455531567E-47,3.181291615258E-32,1.));
#767 = DIRECTION('',(0.,1.,-3.181291615258E-32));
#768 = ( GEOMETRIC_REPRESENTATION_CONTEXT(3) 
GLOBAL_UNCERTAINTY_ASSIGNED_CONTEXT((#772)) GLOBAL_UNIT_ASSIGNED_CONTEXT
((#769,#770,#771)) REPRESENTATION_CONTEXT('Context #1',
  '3D Context with UNIT and UNCERTAINTY') );
#769 = ( LENGTH_UNIT() NAMED_UNIT(*) SI_UNIT(.MILLI.,.METRE.) );
#770 = ( NAMED_UNIT(*) PLANE_ANGLE_UNIT() SI_UNIT($,.RADIAN.) );
#771 = ( NAMED_UNIT(*) SI_UNIT($,.STERADIAN.) SOLID_ANGLE_UNIT() );
#772 = UNCERTAINTY_MEASURE_WITH_UNIT(LENGTH_MEASURE(1.E-07),#769,
  'distance_accuracy_value','confusion accuracy');
#773 = SHAPE_DEFINITION_REPRESENTATION(#774,#748);
#774 = PRODUCT_DEFINITION_SHAPE('','',#775);
#775 = PRODUCT_DEFINITION('design','',#776,#779);
#776 = PRODUCT_DEFINITION_FORMATION('','',#777);
#777 = PRODUCT('Open CASCADE STEP translator 7.5 3.1',
  'Open CASCADE STEP translator 7.5 3.1','',(#778));
#778 = PRODUCT_CONTEXT('',#2,'mechanical');
#779 = PRODUCT_DEFINITION_CONTEXT('part definition',#2,'design');
#780 = CONTEXT_DEPENDENT_SHAPE_REPRESENTATION(#781,#783);
#781 = ( REPRESENTATION_RELATIONSHIP('','',#748,#46) 
REPRESENTATION_RELATIONSHIP_WITH_TRANSFORMATION(#782) 
SHAPE_REPRESENTATION_RELATIONSHIP() );
#782 = ITEM_DEFINED_TRANSFORMATION('','',#11,#47);
#783 = PRODUCT_DEFINITION_SHAPE('Placement','Placement of an item',#784
  );
#784 = NEXT_ASSEMBLY_USAGE_OCCURRENCE('550','375','',#41,#775,$);
#785 = PRODUCT_RELATED_PRODUCT_CATEGORY('part',$,(#777));
#786 = SHAPE_DEFINITION_REPRESENTATION(#787,#793);
#787 = PRODUCT_DEFINITION_SHAPE('','',#788);
#788 = PRODUCT_DEFINITION('design','',#789,#792);
#789 = PRODUCT_DEFINITION_FORMATION('','',#790);
#790 = PRODUCT('Body','Body','',(#791));
#791 = PRODUCT_CONTEXT('',#2,'mechanical');
#792 = PRODUCT_DEFINITION_CONTEXT('part definition',#2,'design');
#793 = SHAPE_REPRESENTATION('',(#11,#794),#798);
#794 = AXIS2_PLACEMENT_3D('',#795,#796,#797);
#795 = CARTESIAN_POINT('',(0.,0.,0.));
#796 = DIRECTION('',(0.,0.,1.));
#797 = DIRECTION('',(1.,0.,0.));
#798 = ( GEOMETRIC_REPRESENTATION_CONTEXT(3) 
GLOBAL_UNCERTAINTY_ASSIGNED_CONTEXT((#802)) GLOBAL_UNIT_ASSIGNED_CONTEXT
((#799,#800,#801)) REPRESENTATION_CONTEXT('Context #1',
  '3D Context with UNIT and UNCERTAINTY') );
#799 = ( LENGTH_UNIT() NAMED_UNIT(*) SI_UNIT(.MILLI.,.METRE.) );
#800 = ( NAMED_UNIT(*) PLANE_ANGLE_UNIT() SI_UNIT($,.RADIAN.) );
#801 = ( NAMED_UNIT(*) SI_UNIT($,.STERADIAN.) SOLID_ANGLE_UNIT() );
#802 = UNCERTAINTY_MEASURE_WITH_UNIT(LENGTH_MEASURE(1.E-07),#799,
  'distance_accuracy_value','confusion accuracy');
#803 = ADVANCED_BREP_SHAPE_REPRESENTATION('',(#11,#804),#999);
#804 = MANIFOLD_SOLID_BREP('',#805);
#805 = CLOSED_SHELL('',(#806,#846,#877,#912,#936,#953,#965,#990));
#806 = ADVANCED_FACE('',(#807),#841,.F.);
#807 = FACE_BOUND('',#808,.F.);
#808 = EDGE_LOOP('',(#809,#819,#827,#835));
#809 = ORIENTED_EDGE('',*,*,#810,.F.);
#810 = EDGE_CURVE('',#811,#813,#815,.T.);
#811 = VERTEX_POINT('',#812);
#812 = CARTESIAN_POINT('',(0.,0.,0.22));
#813 = VERTEX_POINT('',#814);
#814 = CARTESIAN_POINT('',(0.,0.,1.));
#815 = LINE('',#816,#817);
#816 = CARTESIAN_POINT('',(0.,0.,0.22));
#817 = VECTOR('',#818,1.);
#818 = DIRECTION('',(0.,0.,1.));
#819 = ORIENTED_EDGE('',*,*,#820,.T.);
#820 = EDGE_CURVE('',#811,#821,#823,.T.);
#821 = VERTEX_POINT('',#822);
#822 = CARTESIAN_POINT('',(0.,13.,0.22));
#823 = LINE('',#824,#825);
#824 = CARTESIAN_POINT('',(0.,0.,0.22));
#825 = VECTOR('',#826,1.);
#826 = DIRECTION('',(-0.,1.,0.));
#827 = ORIENTED_EDGE('',*,*,#828,.T.);
#828 = EDGE_CURVE('',#821,#829,#831,.T.);
#829 = VERTEX_POINT('',#830);
#830 = CARTESIAN_POINT('',(0.,13.,1.));
#831 = LINE('',#832,#833);
#832 = CARTESIAN_POINT('',(0.,13.,0.22));
#833 = VECTOR('',#834,1.);
#834 = DIRECTION('',(0.,0.,1.));
#835 = ORIENTED_EDGE('',*,*,#836,.F.);
#836 = EDGE_CURVE('',#813,#829,#837,.T.);
#837 = LINE('',#838,#839);
#838 = CARTESIAN_POINT('',(0.,0.,1.));
#839 = VECTOR('',#840,1.);
#840 = DIRECTION('',(-0.,1.,0.));
#841 = PLANE('',#842);
#842 = AXIS2_PLACEMENT_3D('',#843,#844,#845);
#843 = CARTESIAN_POINT('',(0.,0.,0.22));
#844 = DIRECTION('',(1.,0.,-0.));
#845 = DIRECTION('',(0.,0.,1.));
#846 = ADVANCED_FACE('',(#847),#872,.F.);
#847 = FACE_BOUND('',#848,.F.);
#848 = EDGE_LOOP('',(#849,#857,#858,#866));
#849 = ORIENTED_EDGE('',*,*,#850,.F.);
#850 = EDGE_CURVE('',#811,#851,#853,.T.);
#851 = VERTEX_POINT('',#852);
#852 = CARTESIAN_POINT('',(11.5,0.,0.22));
#853 = LINE('',#854,#855);
#854 = CARTESIAN_POINT('',(0.,0.,0.22));
#855 = VECTOR('',#856,1.);
#856 = DIRECTION('',(1.,0.,-0.));
#857 = ORIENTED_EDGE('',*,*,#810,.T.);
#858 = ORIENTED_EDGE('',*,*,#859,.T.);
#859 = EDGE_CURVE('',#813,#860,#862,.T.);
#860 = VERTEX_POINT('',#861);
#861 = CARTESIAN_POINT('',(11.5,0.,1.));
#862 = LINE('',#863,#864);
#863 = CARTESIAN_POINT('',(0.,0.,1.));
#864 = VECTOR('',#865,1.);
#865 = DIRECTION('',(1.,0.,-0.));
#866 = ORIENTED_EDGE('',*,*,#867,.F.);
#867 = EDGE_CURVE('',#851,#860,#868,.T.);
#868 = LINE('',#869,#870);
#869 = CARTESIAN_POINT('',(11.5,0.,0.22));
#870 = VECTOR('',#871,1.);
#871 = DIRECTION('',(0.,0.,1.));
#872 = PLANE('',#873);
#873 = AXIS2_PLACEMENT_3D('',#874,#875,#876);
#874 = CARTESIAN_POINT('',(0.,0.,0.22));
#875 = DIRECTION('',(-0.,1.,0.));
#876 = DIRECTION('',(0.,0.,1.));
#877 = ADVANCED_FACE('',(#878,#896),#907,.T.);
#878 = FACE_BOUND('',#879,.T.);
#879 = EDGE_LOOP('',(#880,#881,#882,#890));
#880 = ORIENTED_EDGE('',*,*,#836,.F.);
#881 = ORIENTED_EDGE('',*,*,#859,.T.);
#882 = ORIENTED_EDGE('',*,*,#883,.T.);
#883 = EDGE_CURVE('',#860,#884,#886,.T.);
#884 = VERTEX_POINT('',#885);
#885 = CARTESIAN_POINT('',(11.5,13.,1.));
#886 = LINE('',#887,#888);
#887 = CARTESIAN_POINT('',(11.5,0.,1.));
#888 = VECTOR('',#889,1.);
#889 = DIRECTION('',(-0.,1.,0.));
#890 = ORIENTED_EDGE('',*,*,#891,.F.);
#891 = EDGE_CURVE('',#829,#884,#892,.T.);
#892 = LINE('',#893,#894);
#893 = CARTESIAN_POINT('',(0.,13.,1.));
#894 = VECTOR('',#895,1.);
#895 = DIRECTION('',(1.,0.,-0.));
#896 = FACE_BOUND('',#897,.T.);
#897 = EDGE_LOOP('',(#898));
#898 = ORIENTED_EDGE('',*,*,#899,.F.);
#899 = EDGE_CURVE('',#900,#900,#902,.T.);
#900 = VERTEX_POINT('',#901);
#901 = CARTESIAN_POINT('',(2.635416666667,11.083333333333,1.));
#902 = CIRCLE('',#903,0.71875);
#903 = AXIS2_PLACEMENT_3D('',#904,#905,#906);
#904 = CARTESIAN_POINT('',(1.916666666667,11.083333333333,1.));
#905 = DIRECTION('',(0.,0.,1.));
#906 = DIRECTION('',(1.,0.,-0.));
#907 = PLANE('',#908);
#908 = AXIS2_PLACEMENT_3D('',#909,#910,#911);
#909 = CARTESIAN_POINT('',(0.,0.,1.));
#910 = DIRECTION('',(0.,0.,1.));
#911 = DIRECTION('',(1.,0.,-0.));
#912 = ADVANCED_FACE('',(#913),#931,.T.);
#913 = FACE_BOUND('',#914,.T.);
#914 = EDGE_LOOP('',(#915,#923,#924,#925));
#915 = ORIENTED_EDGE('',*,*,#916,.F.);
#916 = EDGE_CURVE('',#821,#917,#919,.T.);
#917 = VERTEX_POINT('',#918);
#918 = CARTESIAN_POINT('',(11.5,13.,0.22));
#919 = LINE('',#920,#921);
#920 = CARTESIAN_POINT('',(0.,13.,0.22));
#921 = VECTOR('',#922,1.);
#922 = DIRECTION('',(1.,0.,-0.));
#923 = ORIENTED_EDGE('',*,*,#828,.T.);
#924 = ORIENTED_EDGE('',*,*,#891,.T.);
#925 = ORIENTED_EDGE('',*,*,#926,.F.);
#926 = EDGE_CURVE('',#917,#884,#927,.T.);
#927 = LINE('',#928,#929);
#928 = CARTESIAN_POINT('',(11.5,13.,0.22));
#929 = VECTOR('',#930,1.);
#930 = DIRECTION('',(0.,0.,1.));
#931 = PLANE('',#932);
#932 = AXIS2_PLACEMENT_3D('',#933,#934,#935);
#933 = CARTESIAN_POINT('',(0.,13.,0.22));
#934 = DIRECTION('',(-0.,1.,0.));
#935 = DIRECTION('',(0.,0.,1.));
#936 = ADVANCED_FACE('',(#937),#948,.F.);
#937 = FACE_BOUND('',#938,.F.);
#938 = EDGE_LOOP('',(#939,#940,#941,#947));
#939 = ORIENTED_EDGE('',*,*,#820,.F.);
#940 = ORIENTED_EDGE('',*,*,#850,.T.);
#941 = ORIENTED_EDGE('',*,*,#942,.T.);
#942 = EDGE_CURVE('',#851,#917,#943,.T.);
#943 = LINE('',#944,#945);
#944 = CARTESIAN_POINT('',(11.5,0.,0.22));
#945 = VECTOR('',#946,1.);
#946 = DIRECTION('',(-0.,1.,0.));
#947 = ORIENTED_EDGE('',*,*,#916,.F.);
#948 = PLANE('',#949);
#949 = AXIS2_PLACEMENT_3D('',#950,#951,#952);
#950 = CARTESIAN_POINT('',(0.,0.,0.22));
#951 = DIRECTION('',(0.,0.,1.));
#952 = DIRECTION('',(1.,0.,-0.));
#953 = ADVANCED_FACE('',(#954),#960,.T.);
#954 = FACE_BOUND('',#955,.T.);
#955 = EDGE_LOOP('',(#956,#957,#958,#959));
#956 = ORIENTED_EDGE('',*,*,#867,.F.);
#957 = ORIENTED_EDGE('',*,*,#942,.T.);
#958 = ORIENTED_EDGE('',*,*,#926,.T.);
#959 = ORIENTED_EDGE('',*,*,#883,.F.);
#960 = PLANE('',#961);
#961 = AXIS2_PLACEMENT_3D('',#962,#963,#964);
#962 = CARTESIAN_POINT('',(11.5,0.,0.22));
#963 = DIRECTION('',(1.,0.,-0.));
#964 = DIRECTION('',(0.,0.,1.));
#965 = ADVANCED_FACE('',(#966),#985,.F.);
#966 = FACE_BOUND('',#967,.F.);
#967 = EDGE_LOOP('',(#968,#969,#977,#984));
#968 = ORIENTED_EDGE('',*,*,#899,.F.);
#969 = ORIENTED_EDGE('',*,*,#970,.F.);
#970 = EDGE_CURVE('',#971,#900,#973,.T.);
#971 = VERTEX_POINT('',#972);
#972 = CARTESIAN_POINT('',(2.635416666667,11.083333333333,0.9));
#973 = LINE('',#974,#975);
#974 = CARTESIAN_POINT('',(2.635416666667,11.083333333333,0.9));
#975 = VECTOR('',#976,1.);
#976 = DIRECTION('',(0.,0.,1.));
#977 = ORIENTED_EDGE('',*,*,#978,.T.);
#978 = EDGE_CURVE('',#971,#971,#979,.T.);
#979 = CIRCLE('',#980,0.71875);
#980 = AXIS2_PLACEMENT_3D('',#981,#982,#983);
#981 = CARTESIAN_POINT('',(1.916666666667,11.083333333333,0.9));
#982 = DIRECTION('',(0.,0.,1.));
#983 = DIRECTION('',(1.,0.,-0.));
#984 = ORIENTED_EDGE('',*,*,#970,.T.);
#985 = CYLINDRICAL_SURFACE('',#986,0.71875);
#986 = AXIS2_PLACEMENT_3D('',#987,#988,#989);
#987 = CARTESIAN_POINT('',(1.916666666667,11.083333333333,0.9));
#988 = DIRECTION('',(0.,0.,1.));
#989 = DIRECTION('',(1.,0.,-0.));
#990 = ADVANCED_FACE('',(#991),#994,.T.);
#991 = FACE_BOUND('',#992,.F.);
#992 = EDGE_LOOP('',(#993));
#993 = ORIENTED_EDGE('',*,*,#978,.F.);
#994 = PLANE('',#995);
#995 = AXIS2_PLACEMENT_3D('',#996,#997,#998);
#996 = CARTESIAN_POINT('',(1.916666666667,11.083333333333,0.9));
#997 = DIRECTION('',(0.,0.,1.));
#998 = DIRECTION('',(1.,0.,-0.));
#999 = ( GEOMETRIC_REPRESENTATION_CONTEXT(3) 
GLOBAL_UNCERTAINTY_ASSIGNED_CONTEXT((#1003)) 
GLOBAL_UNIT_ASSIGNED_CONTEXT((#1000,#1001,#1002)) REPRESENTATION_CONTEXT
('Context #1','3D Context with UNIT and UNCERTAINTY') );
#1000 = ( LENGTH_UNIT() NAMED_UNIT(*) SI_UNIT(.MILLI.,.METRE.) );
#1001 = ( NAMED_UNIT(*) PLANE_ANGLE_UNIT() SI_UNIT($,.RADIAN.) );
#1002 = ( NAMED_UNIT(*) SI_UNIT($,.STERADIAN.) SOLID_ANGLE_UNIT() );
#1003 = UNCERTAINTY_MEASURE_WITH_UNIT(LENGTH_MEASURE(1.E-07),#1000,
  'distance_accuracy_value','confusion accuracy');
#1004 = SHAPE_DEFINITION_REPRESENTATION(#1005,#803);
#1005 = PRODUCT_DEFINITION_SHAPE('','',#1006);
#1006 = PRODUCT_DEFINITION('design','',#1007,#1010);
#1007 = PRODUCT_DEFINITION_FORMATION('','',#1008);
#1008 = PRODUCT('Open CASCADE STEP translator 7.5 3.2.1',
  'Open CASCADE STEP translator 7.5 3.2.1','',(#1009));
#1009 = PRODUCT_CONTEXT('',#2,'mechanical');
#1010 = PRODUCT_DEFINITION_CONTEXT('part definition',#2,'design');
#1011 = CONTEXT_DEPENDENT_SHAPE_REPRESENTATION(#1012,#1014);
#1012 = ( REPRESENTATION_RELATIONSHIP('','',#803,#793) 
REPRESENTATION_RELATIONSHIP_WITH_TRANSFORMATION(#1013) 
SHAPE_REPRESENTATION_RELATIONSHIP() );
#1013 = ITEM_DEFINED_TRANSFORMATION('','',#11,#794);
#1014 = PRODUCT_DEFINITION_SHAPE('Placement','Placement of an item',
  #1015);
#1015 = NEXT_ASSEMBLY_USAGE_OCCURRENCE('551','376','',#788,#1006,$);
#1016 = PRODUCT_RELATED_PRODUCT_CATEGORY('part',$,(#1008));
#1017 = CONTEXT_DEPENDENT_SHAPE_REPRESENTATION(#1018,#1020);
#1018 = ( REPRESENTATION_RELATIONSHIP('','',#793,#46) 
REPRESENTATION_RELATIONSHIP_WITH_TRANSFORMATION(#1019) 
SHAPE_REPRESENTATION_RELATIONSHIP() );
#1019 = ITEM_DEFINED_TRANSFORMATION('','',#11,#51);
#1020 = PRODUCT_DEFINITION_SHAPE('Placement','Placement of an item',
  #1021);
#1021 = NEXT_ASSEMBLY_USAGE_OCCURRENCE('552','377','',#41,#788,$);
#1022 = PRODUCT_RELATED_PRODUCT_CATEGORY('part',$,(#790));
#1023 = ADVANCED_BREP_SHAPE_REPRESENTATION('',(#11,#1024),#1036);
#1024 = MANIFOLD_SOLID_BREP('',#1025);
#1025 = CLOSED_SHELL('',(#1026));
#1026 = ADVANCED_FACE('',(#1027),#1031,.T.);
#1027 = FACE_BOUND('',#1028,.T.);
#1028 = VERTEX_LOOP('',#1029);
#1029 = VERTEX_POINT('',#1030);
#1030 = CARTESIAN_POINT('',(9.184850993605E-18,0.,-0.15));
#1031 = SPHERICAL_SURFACE('',#1032,0.15);
#1032 = AXIS2_PLACEMENT_3D('',#1033,#1034,#1035);
#1033 = CARTESIAN_POINT('',(0.,0.,0.));
#1034 = DIRECTION('',(0.,0.,1.));
#1035 = DIRECTION('',(1.,0.,-0.));
#1036 = ( GEOMETRIC_REPRESENTATION_CONTEXT(3) 
GLOBAL_UNCERTAINTY_ASSIGNED_CONTEXT((#1040)) 
GLOBAL_UNIT_ASSIGNED_CONTEXT((#1037,#1038,#1039)) REPRESENTATION_CONTEXT
('Context #1','3D Context with UNIT and UNCERTAINTY') );
#1037 = ( LENGTH_UNIT() NAMED_UNIT(*) SI_UNIT(.MILLI.,.METRE.) );
#1038 = ( NAMED_UNIT(*) PLANE_ANGLE_UNIT() SI_UNIT($,.RADIAN.) );
#1039 = ( NAMED_UNIT(*) SI_UNIT($,.STERADIAN.) SOLID_ANGLE_UNIT() );
#1040 = UNCERTAINTY_MEASURE_WITH_UNIT(LENGTH_MEASURE(1.E-07),#1037,
  'distance_accuracy_value','confusion accuracy');
#1041 = SHAPE_DEFINITION_REPRESENTATION(#1042,#1023);
#1042 = PRODUCT_DEFINITION_SHAPE('','',#1043);
#1043 = PRODUCT_DEFINITION('design','',#1044,#1047);
#1044 = PRODUCT_DEFINITION_FORMATION('','',#1045);
#1045 = PRODUCT('ball','ball','',(#1046));
#1046 = PRODUCT_CONTEXT('',#2,'mechanical');
#1047 = PRODUCT_DEFINITION_CONTEXT('part definition',#2,'design');
#1048 = CONTEXT_DEPENDENT_SHAPE_REPRESENTATION(#1049,#1051);
#1049 = ( REPRESENTATION_RELATIONSHIP('','',#1023,#46) 
REPRESENTATION_RELATIONSHIP_WITH_TRANSFORMATION(#1050) 
SHAPE_REPRESENTATION_RELATIONSHIP() );
#1050 = ITEM_DEFINED_TRANSFORMATION('','',#11,#55);
#1051 = PRODUCT_DEFINITION_SHAPE('Placement','Placement of an item',
  #1052);
#1052 = NEXT_ASSEMBLY_USAGE_OCCURRENCE('553','378','',#41,#1043,$);
#1053 = PRODUCT_RELATED_PRODUCT_CATEGORY('part',$,(#1045));
#1054 = CONTEXT_DEPENDENT_SHAPE_REPRESENTATION(#1055,#1057);
#1055 = ( REPRESENTATION_RELATIONSHIP('','',#1023,#46) 
REPRESENTATION_RELATIONSHIP_WITH_TRANSFORMATION(#1056) 
SHAPE_REPRESENTATION_RELATIONSHIP() );
#1056 = ITEM_DEFINED_TRANSFORMATION('','',#11,#59);
#1057 = PRODUCT_DEFINITION_SHAPE('Placement','Placement of an item',
  #1058);
#1058 = NEXT_ASSEMBLY_USAGE_OCCURRENCE('554','379','',#41,#1043,$);
#1059 = CONTEXT_DEPENDENT_SHAPE_REPRESENTATION(#1060,#1062);
#1060 = ( REPRESENTATION_RELATIONSHIP('','',#1023,#46) 
REPRESENTATION_RELATIONSHIP_WITH_TRANSFORMATION(#1061) 
SHAPE_REPRESENTATION_RELATIONSHIP() );
#1061 = ITEM_DEFINED_TRANSFORMATION('','',#11,#63);
#1062 = PRODUCT_DEFINITION_SHAPE('Placement','Placement of an item',
  #1063);
#1063 = NEXT_ASSEMBLY_USAGE_OCCURRENCE('555','380','',#41,#1043,$);
#1064 = CONTEXT_DEPENDENT_SHAPE_REPRESENTATION(#1065,#1067);
#1065 = ( REPRESENTATION_RELATIONSHIP('','',#1023,#46) 
REPRESENTATION_RELATIONSHIP_WITH_TRANSFORMATION(#1066) 
SHAPE_REPRESENTATION_RELATIONSHIP() );
#1066 = ITEM_DEFINED_TRANSFORMATION('','',#11,#67);
#1067 = PRODUCT_DEFINITION_SHAPE('Placement','Placement of an item',
  #1068);
#1068 = NEXT_ASSEMBLY_USAGE_OCCURRENCE('556','381','',#41,#1043,$);
#1069 = CONTEXT_DEPENDENT_SHAPE_REPRESENTATION(#1070,#1072);
#1070 = ( REPRESENTATION_RELATIONSHIP('','',#1023,#46) 
REPRESENTATION_RELATIONSHIP_WITH_TRANSFORMATION(#1071) 
SHAPE_REPRESENTATION_RELATIONSHIP() );
#1071 = ITEM_DEFINED_TRANSFORMATION('','',#11,#71);
#1072 = PRODUCT_DEFINITION_SHAPE('Placement','Placement of an item',
  #1073);
#1073 = NEXT_ASSEMBLY_USAGE_OCCURRENCE('557','382','',#41,#1043,$);
#1074 = CONTEXT_DEPENDENT_SHAPE_REPRESENTATION(#1075,#1077);
#1075 = ( REPRESENTATION_RELATIONSHIP('','',#1023,#46) 
REPRESENTATION_RELATIONSHIP_WITH_TRANSFORMATION(#1076) 
SHAPE_REPRESENTATION_RELATIONSHIP() );
#1076 = ITEM_DEFINED_TRANSFORMATION('','',#11,#75);
#1077 = PRODUCT_DEFINITION_SHAPE('Placement','Placement of an item',
  #1078);
#1078 = NEXT_ASSEMBLY_USAGE_OCCURRENCE('558','383','',#41,#1043,$);
#1079 = CONTEXT_DEPENDENT_SHAPE_REPRESENTATION(#1080,#1082);
#1080 = ( REPRESENTATION_RELATIONSHIP('','',#1023,#46) 
REPRESENTATION_RELATIONSHIP_WITH_TRANSFORMATION(#1081) 
SHAPE_REPRESENTATION_RELATIONSHIP() );
#1081 = ITEM_DEFINED_TRANSFORMATION('','',#11,#79);
#1082 = PRODUCT_DEFINITION_SHAPE('Placement','Placement of an item',
  #1083);
#1083 = NEXT_ASSEMBLY_USAGE_OCCURRENCE('559','384','',#41,#1043,$);
#1084 = CONTEXT_DEPENDENT_SHAPE_REPRESENTATION(#1085,#1087);
#1085 = ( REPRESENTATION_RELATIONSHIP('','',#1023,#46) 
REPRESENTATION_RELATIONSHIP_WITH_TRANSFORMATION(#1086) 
SHAPE_REPRESENTATION_RELATIONSHIP() );
#1086 = ITEM_DEFINED_TRANSFORMATION('','',#11,#83);
#1087 = PRODUCT_DEFINITION_SHAPE('Placement','Placement of an item',
  #1088);
#1088 = NEXT_ASSEMBLY_USAGE_OCCURRENCE('560','385','',#41,#1043,$);
#1089 = CONTEXT_DEPENDENT_SHAPE_REPRESENTATION(#1090,#1092);
#1090 = ( REPRESENTATION_RELATIONSHIP('','',#1023,#46) 
REPRESENTATION_RELATIONSHIP_WITH_TRANSFORMATION(#1091) 
SHAPE_REPRESENTATION_RELATIONSHIP() );
#1091 = ITEM_DEFINED_TRANSFORMATION('','',#11,#87);
#1092 = PRODUCT_DEFINITION_SHAPE('Placement','Placement of an item',
  #1093);
#1093 = NEXT_ASSEMBLY_USAGE_OCCURRENCE('561','386','',#41,#1043,$);
#1094 = CONTEXT_DEPENDENT_SHAPE_REPRESENTATION(#1095,#1097);
#1095 = ( REPRESENTATION_RELATIONSHIP('','',#1023,#46) 
REPRESENTATION_RELATIONSHIP_WITH_TRANSFORMATION(#1096) 
SHAPE_REPRESENTATION_RELATIONSHIP() );
#1096 = ITEM_DEFINED_TRANSFORMATION('','',#11,#91);
#1097 = PRODUCT_DEFINITION_SHAPE('Placement','Placement of an item',
  #1098);
#1098 = NEXT_ASSEMBLY_USAGE_OCCURRENCE('562','387','',#41,#1043,$);
#1099 = CONTEXT_DEPENDENT_SHAPE_REPRESENTATION(#1100,#1102);
#1100 = ( REPRESENTATION_RELATIONSHIP('','',#1023,#46) 
REPRESENTATION_RELATIONSHIP_WITH_TRANSFORMATION(#1101) 
SHAPE_REPRESENTATION_RELATIONSHIP() );
#1101 = ITEM_DEFINED_TRANSFORMATION('','',#11,#95);
#1102 = PRODUCT_DEFINITION_SHAPE('Placement','Placement of an item',
  #1103);
#1103 = NEXT_ASSEMBLY_USAGE_OCCURRENCE('563','388','',#41,#1043,$);
#1104 = CONTEXT_DEPENDENT_SHAPE_REPRESENTATION(#1105,#1107);
#1105 = ( REPRESENTATION_RELATIONSHIP('','',#1023,#46) 
REPRESENTATION_RELATIONSHIP_WITH_TRANSFORMATION(#1106) 
SHAPE_REPRESENTATION_RELATIONSHIP() );
#1106 = ITEM_DEFINED_TRANSFORMATION('','',#11,#99);
#1107 = PRODUCT_DEFINITION_SHAPE('Placement','Placement of an item',
  #1108);
#1108 = NEXT_ASSEMBLY_USAGE_OCCURRENCE('564','389','',#41,#1043,$);
#1109 = CONTEXT_DEPENDENT_SHAPE_REPRESENTATION(#1110,#1112);
#1110 = ( REPRESENTATION_RELATIONSHIP('','',#1023,#46) 
REPRESENTATION_RELATIONSHIP_WITH_TRANSFORMATION(#1111) 
SHAPE_REPRESENTATION_RELATIONSHIP() );
#1111 = ITEM_DEFINED_TRANSFORMATION('','',#11,#103);
#1112 = PRODUCT_DEFINITION_SHAPE('Placement','Placement of an item',
  #1113);
#1113 = NEXT_ASSEMBLY_USAGE_OCCURRENCE('565','390','',#41,#1043,$);
#1114 = CONTEXT_DEPENDENT_SHAPE_REPRESENTATION(#1115,#1117);
#1115 = ( REPRESENTATION_RELATIONSHIP('','',#1023,#46) 
REPRESENTATION_RELATIONSHIP_WITH_TRANSFORMATION(#1116) 
SHAPE_REPRESENTATION_RELATIONSHIP() );
#1116 = ITEM_DEFINED_TRANSFORMATION('','',#11,#107);
#1117 = PRODUCT_DEFINITION_SHAPE('Placement','Placement of an item',
  #1118);
#1118 = NEXT_ASSEMBLY_USAGE_OCCURRENCE('566','391','',#41,#1043,$);
#1119 = CONTEXT_DEPENDENT_SHAPE_REPRESENTATION(#1120,#1122);
#1120 = ( REPRESENTATION_RELATIONSHIP('','',#1023,#46) 
REPRESENTATION_RELATIONSHIP_WITH_TRANSFORMATION(#1121) 
SHAPE_REPRESENTATION_RELATIONSHIP() );
#1121 = ITEM_DEFINED_TRANSFORMATION('','',#11,#111);
#1122 = PRODUCT_DEFINITION_SHAPE('Placement','Placement of an item',
  #1123);
#1123 = NEXT_ASSEMBLY_USAGE_OCCURRENCE('567','392','',#41,#1043,$);
#1124 = CONTEXT_DEPENDENT_SHAPE_REPRESENTATION(#1125,#1127);
#1125 = ( REPRESENTATION_RELATIONSHIP('','',#1023,#46) 
REPRESENTATION_RELATIONSHIP_WITH_TRANSFORMATION(#1126) 
SHAPE_REPRESENTATION_RELATIONSHIP() );
#1126 = ITEM_DEFINED_TRANSFORMATION('','',#11,#115);
#1127 = PRODUCT_DEFINITION_SHAPE('Placement','Placement of an item',
  #1128);
#1128 = NEXT_ASSEMBLY_USAGE_OCCURRENCE('568','393','',#41,#1043,$);
#1129 = CONTEXT_DEPENDENT_SHAPE_REPRESENTATION(#1130,#1132);
#1130 = ( REPRESENTATION_RELATIONSHIP('','',#1023,#46) 
REPRESENTATION_RELATIONSHIP_WITH_TRANSFORMATION(#1131) 
SHAPE_REPRESENTATION_RELATIONSHIP() );
#1131 = ITEM_DEFINED_TRANSFORMATION('','',#11,#119);
#1132 = PRODUCT_DEFINITION_SHAPE('Placement','Placement of an item',
  #1133);
#1133 = NEXT_ASSEMBLY_USAGE_OCCURRENCE('569','394','',#41,#1043,$);
#1134 = CONTEXT_DEPENDENT_SHAPE_REPRESENTATION(#1135,#1137);
#1135 = ( REPRESENTATION_RELATIONSHIP('','',#1023,#46) 
REPRESENTATION_RELATIONSHIP_WITH_TRANSFORMATION(#1136) 
SHAPE_REPRESENTATION_RELATIONSHIP() );
#1136 = ITEM_DEFINED_TRANSFORMATION('','',#11,#123);
#1137 = PRODUCT_DEFINITION_SHAPE('Placement','Placement of an item',
  #1138);
#1138 = NEXT_ASSEMBLY_USAGE_OCCURRENCE('570','395','',#41,#1043,$);
#1139 = CONTEXT_DEPENDENT_SHAPE_REPRESENTATION(#1140,#1142);
#1140 = ( REPRESENTATION_RELATIONSHIP('','',#1023,#46) 
REPRESENTATION_RELATIONSHIP_WITH_TRANSFORMATION(#1141) 
SHAPE_REPRESENTATION_RELATIONSHIP() );
#1141 = ITEM_DEFINED_TRANSFORMATION('','',#11,#127);
#1142 = PRODUCT_DEFINITION_SHAPE('Placement','Placement of an item',
  #1143);
#1143 = NEXT_ASSEMBLY_USAGE_OCCURRENCE('571','396','',#41,#1043,$);
#1144 = CONTEXT_DEPENDENT_SHAPE_REPRESENTATION(#1145,#1147);
#1145 = ( REPRESENTATION_RELATIONSHIP('','',#1023,#46) 
REPRESENTATION_RELATIONSHIP_WITH_TRANSFORMATION(#1146) 
SHAPE_REPRESENTATION_RELATIONSHIP() );
#1146 = ITEM_DEFINED_TRANSFORMATION('','',#11,#131);
#1147 = PRODUCT_DEFINITION_SHAPE('Placement','Placement of an item',
  #1148);
#1148 = NEXT_ASSEMBLY_USAGE_OCCURRENCE('572','397','',#41,#1043,$);
#1149 = CONTEXT_DEPENDENT_SHAPE_REPRESENTATION(#1150,#1152);
#1150 = ( REPRESENTATION_RELATIONSHIP('','',#1023,#46) 
REPRESENTATION_RELATIONSHIP_WITH_TRANSFORMATION(#1151) 
SHAPE_REPRESENTATION_RELATIONSHIP() );
#1151 = ITEM_DEFINED_TRANSFORMATION('','',#11,#135);
#1152 = PRODUCT_DEFINITION_SHAPE('Placement','Placement of an item',
  #1153);
#1153 = NEXT_ASSEMBLY_USAGE_OCCURRENCE('573','398','',#41,#1043,$);
#1154 = CONTEXT_DEPENDENT_SHAPE_REPRESENTATION(#1155,#1157);
#1155 = ( REPRESENTATION_RELATIONSHIP('','',#1023,#46) 
REPRESENTATION_RELATIONSHIP_WITH_TRANSFORMATION(#1156) 
SHAPE_REPRESENTATION_RELATIONSHIP() );
#1156 = ITEM_DEFINED_TRANSFORMATION('','',#11,#139);
#1157 = PRODUCT_DEFINITION_SHAPE('Placement','Placement of an item',
  #1158);
#1158 = NEXT_ASSEMBLY_USAGE_OCCURRENCE('574','399','',#41,#1043,$);
#1159 = CONTEXT_DEPENDENT_SHAPE_REPRESENTATION(#1160,#1162);
#1160 = ( REPRESENTATION_RELATIONSHIP('','',#1023,#46) 
REPRESENTATION_RELATIONSHIP_WITH_TRANSFORMATION(#1161) 
SHAPE_REPRESENTATION_RELATIONSHIP() );
#1161 = ITEM_DEFINED_TRANSFORMATION('','',#11,#143);
#1162 = PRODUCT_DEFINITION_SHAPE('Placement','Placement of an item',
  #1163);
#1163 = NEXT_ASSEMBLY_USAGE_OCCURRENCE('575','400','',#41,#1043,$);
#1164 = CONTEXT_DEPENDENT_SHAPE_REPRESENTATION(#1165,#1167);
#1165 = ( REPRESENTATION_RELATIONSHIP('','',#1023,#46) 
REPRESENTATION_RELATIONSHIP_WITH_TRANSFORMATION(#1166) 
SHAPE_REPRESENTATION_RELATIONSHIP() );
#1166 = ITEM_DEFINED_TRANSFORMATION('','',#11,#147);
#1167 = PRODUCT_DEFINITION_SHAPE('Placement','Placement of an item',
  #1168);
#1168 = NEXT_ASSEMBLY_USAGE_OCCURRENCE('576','401','',#41,#1043,$);
#1169 = CONTEXT_DEPENDENT_SHAPE_REPRESENTATION(#1170,#1172);
#1170 = ( REPRESENTATION_RELATIONSHIP('','',#1023,#46) 
REPRESENTATION_RELATIONSHIP_WITH_TRANSFORMATION(#1171) 
SHAPE_REPRESENTATION_RELATIONSHIP() );
#1171 = ITEM_DEFINED_TRANSFORMATION('','',#11,#151);
#1172 = PRODUCT_DEFINITION_SHAPE('Placement','Placement of an item',
  #1173);
#1173 = NEXT_ASSEMBLY_USAGE_OCCURRENCE('577','402','',#41,#1043,$);
#1174 = CONTEXT_DEPENDENT_SHAPE_REPRESENTATION(#1175,#1177);
#1175 = ( REPRESENTATION_RELATIONSHIP('','',#1023,#46) 
REPRESENTATION_RELATIONSHIP_WITH_TRANSFORMATION(#1176) 
SHAPE_REPRESENTATION_RELATIONSHIP() );
#1176 = ITEM_DEFINED_TRANSFORMATION('','',#11,#155);
#1177 = PRODUCT_DEFINITION_SHAPE('Placement','Placement of an item',
  #1178);
#1178 = NEXT_ASSEMBLY_USAGE_OCCURRENCE('578','403','',#41,#1043,$);
#1179 = CONTEXT_DEPENDENT_SHAPE_REPRESENTATION(#1180,#1182);
#1180 = ( REPRESENTATION_RELATIONSHIP('','',#1023,#46) 
REPRESENTATION_RELATIONSHIP_WITH_TRANSFORMATION(#1181) 
SHAPE_REPRESENTATION_RELATIONSHIP() );
#1181 = ITEM_DEFINED_TRANSFORMATION('','',#11,#159);
#1182 = PRODUCT_DEFINITION_SHAPE('Placement','Placement of an item',
  #1183);
#1183 = NEXT_ASSEMBLY_USAGE_OCCURRENCE('579','404','',#41,#1043,$);
#1184 = CONTEXT_DEPENDENT_SHAPE_REPRESENTATION(#1185,#1187);
#1185 = ( REPRESENTATION_RELATIONSHIP('','',#1023,#46) 
REPRESENTATION_RELATIONSHIP_WITH_TRANSFORMATION(#1186) 
SHAPE_REPRESENTATION_RELATIONSHIP() );
#1186 = ITEM_DEFINED_TRANSFORMATION('','',#11,#163);
#1187 = PRODUCT_DEFINITION_SHAPE('Placement','Placement of an item',
  #1188);
#1188 = NEXT_ASSEMBLY_USAGE_OCCURRENCE('580','405','',#41,#1043,$);
#1189 = CONTEXT_DEPENDENT_SHAPE_REPRESENTATION(#1190,#1192);
#1190 = ( REPRESENTATION_RELATIONSHIP('','',#1023,#46) 
REPRESENTATION_RELATIONSHIP_WITH_TRANSFORMATION(#1191) 
SHAPE_REPRESENTATION_RELATIONSHIP() );
#1191 = ITEM_DEFINED_TRANSFORMATION('','',#11,#167);
#1192 = PRODUCT_DEFINITION_SHAPE('Placement','Placement of an item',
  #1193);
#1193 = NEXT_ASSEMBLY_USAGE_OCCURRENCE('581','406','',#41,#1043,$);
#1194 = CONTEXT_DEPENDENT_SHAPE_REPRESENTATION(#1195,#1197);
#1195 = ( REPRESENTATION_RELATIONSHIP('','',#1023,#46) 
REPRESENTATION_RELATIONSHIP_WITH_TRANSFORMATION(#1196) 
SHAPE_REPRESENTATION_RELATIONSHIP() );
#1196 = ITEM_DEFINED_TRANSFORMATION('','',#11,#171);
#1197 = PRODUCT_DEFINITION_SHAPE('Placement','Placement of an item',
  #1198);
#1198 = NEXT_ASSEMBLY_USAGE_OCCURRENCE('582','407','',#41,#1043,$);
#1199 = CONTEXT_DEPENDENT_SHAPE_REPRESENTATION(#1200,#1202);
#1200 = ( REPRESENTATION_RELATIONSHIP('','',#1023,#46) 
REPRESENTATION_RELATIONSHIP_WITH_TRANSFORMATION(#1201) 
SHAPE_REPRESENTATION_RELATIONSHIP() );
#1201 = ITEM_DEFINED_TRANSFORMATION('','',#11,#175);
#1202 = PRODUCT_DEFINITION_SHAPE('Placement','Placement of an item',
  #1203);
#1203 = NEXT_ASSEMBLY_USAGE_OCCURRENCE('583','408','',#41,#1043,$);
#1204 = CONTEXT_DEPENDENT_SHAPE_REPRESENTATION(#1205,#1207);
#1205 = ( REPRESENTATION_RELATIONSHIP('','',#1023,#46) 
REPRESENTATION_RELATIONSHIP_WITH_TRANSFORMATION(#1206) 
SHAPE_REPRESENTATION_RELATIONSHIP() );
#1206 = ITEM_DEFINED_TRANSFORMATION('','',#11,#179);
#1207 = PRODUCT_DEFINITION_SHAPE('Placement','Placement of an item',
  #1208);
#1208 = NEXT_ASSEMBLY_USAGE_OCCURRENCE('584','409','',#41,#1043,$);
#1209 = CONTEXT_DEPENDENT_SHAPE_REPRESENTATION(#1210,#1212);
#1210 = ( REPRESENTATION_RELATIONSHIP('','',#1023,#46) 
REPRESENTATION_RELATIONSHIP_WITH_TRANSFORMATION(#1211) 
SHAPE_REPRESENTATION_RELATIONSHIP() );
#1211 = ITEM_DEFINED_TRANSFORMATION('','',#11,#183);
#1212 = PRODUCT_DEFINITION_SHAPE('Placement','Placement of an item',
  #1213);
#1213 = NEXT_ASSEMBLY_USAGE_OCCURRENCE('585','410','',#41,#1043,$);
#1214 = CONTEXT_DEPENDENT_SHAPE_REPRESENTATION(#1215,#1217);
#1215 = ( REPRESENTATION_RELATIONSHIP('','',#1023,#46) 
REPRESENTATION_RELATIONSHIP_WITH_TRANSFORMATION(#1216) 
SHAPE_REPRESENTATION_RELATIONSHIP() );
#1216 = ITEM_DEFINED_TRANSFORMATION('','',#11,#187);
#1217 = PRODUCT_DEFINITION_SHAPE('Placement','Placement of an item',
  #1218);
#1218 = NEXT_ASSEMBLY_USAGE_OCCURRENCE('586','411','',#41,#1043,$);
#1219 = CONTEXT_DEPENDENT_SHAPE_REPRESENTATION(#1220,#1222);
#1220 = ( REPRESENTATION_RELATIONSHIP('','',#1023,#46) 
REPRESENTATION_RELATIONSHIP_WITH_TRANSFORMATION(#1221) 
SHAPE_REPRESENTATION_RELATIONSHIP() );
#1221 = ITEM_DEFINED_TRANSFORMATION('','',#11,#191);
#1222 = PRODUCT_DEFINITION_SHAPE('Placement','Placement of an item',
  #1223);
#1223 = NEXT_ASSEMBLY_USAGE_OCCURRENCE('587','412','',#41,#1043,$);
#1224 = CONTEXT_DEPENDENT_SHAPE_REPRESENTATION(#1225,#1227);
#1225 = ( REPRESENTATION_RELATIONSHIP('','',#1023,#46) 
REPRESENTATION_RELATIONSHIP_WITH_TRANSFORMATION(#1226) 
SHAPE_REPRESENTATION_RELATIONSHIP() );
#1226 = ITEM_DEFINED_TRANSFORMATION('','',#11,#195);
#1227 = PRODUCT_DEFINITION_SHAPE('Placement','Placement of an item',
  #1228);
#1228 = NEXT_ASSEMBLY_USAGE_OCCURRENCE('588','413','',#41,#1043,$);
#1229 = CONTEXT_DEPENDENT_SHAPE_REPRESENTATION(#1230,#1232);
#1230 = ( REPRESENTATION_RELATIONSHIP('','',#1023,#46) 
REPRESENTATION_RELATIONSHIP_WITH_TRANSFORMATION(#1231) 
SHAPE_REPRESENTATION_RELATIONSHIP() );
#1231 = ITEM_DEFINED_TRANSFORMATION('','',#11,#199);
#1232 = PRODUCT_DEFINITION_SHAPE('Placement','Placement of an item',
  #1233);
#1233 = NEXT_ASSEMBLY_USAGE_OCCURRENCE('589','414','',#41,#1043,$);
#1234 = CONTEXT_DEPENDENT_SHAPE_REPRESENTATION(#1235,#1237);
#1235 = ( REPRESENTATION_RELATIONSHIP('','',#1023,#46) 
REPRESENTATION_RELATIONSHIP_WITH_TRANSFORMATION(#1236) 
SHAPE_REPRESENTATION_RELATIONSHIP() );
#1236 = ITEM_DEFINED_TRANSFORMATION('','',#11,#203);
#1237 = PRODUCT_DEFINITION_SHAPE('Placement','Placement of an item',
  #1238);
#1238 = NEXT_ASSEMBLY_USAGE_OCCURRENCE('590','415','',#41,#1043,$);
#1239 = CONTEXT_DEPENDENT_SHAPE_REPRESENTATION(#1240,#1242);
#1240 = ( REPRESENTATION_RELATIONSHIP('','',#1023,#46) 
REPRESENTATION_RELATIONSHIP_WITH_TRANSFORMATION(#1241) 
SHAPE_REPRESENTATION_RELATIONSHIP() );
#1241 = ITEM_DEFINED_TRANSFORMATION('','',#11,#207);
#1242 = PRODUCT_DEFINITION_SHAPE('Placement','Placement of an item',
  #1243);
#1243 = NEXT_ASSEMBLY_USAGE_OCCURRENCE('591','416','',#41,#1043,$);
#1244 = CONTEXT_DEPENDENT_SHAPE_REPRESENTATION(#1245,#1247);
#1245 = ( REPRESENTATION_RELATIONSHIP('','',#1023,#46) 
REPRESENTATION_RELATIONSHIP_WITH_TRANSFORMATION(#1246) 
SHAPE_REPRESENTATION_RELATIONSHIP() );
#1246 = ITEM_DEFINED_TRANSFORMATION('','',#11,#211);
#1247 = PRODUCT_DEFINITION_SHAPE('Placement','Placement of an item',
  #1248);
#1248 = NEXT_ASSEMBLY_USAGE_OCCURRENCE('592','417','',#41,#1043,$);
#1249 = CONTEXT_DEPENDENT_SHAPE_REPRESENTATION(#1250,#1252);
#1250 = ( REPRESENTATION_RELATIONSHIP('','',#1023,#46) 
REPRESENTATION_RELATIONSHIP_WITH_TRANSFORMATION(#1251) 
SHAPE_REPRESENTATION_RELATIONSHIP() );
#1251 = ITEM_DEFINED_TRANSFORMATION('','',#11,#215);
#1252 = PRODUCT_DEFINITION_SHAPE('Placement','Placement of an item',
  #1253);
#1253 = NEXT_ASSEMBLY_USAGE_OCCURRENCE('593','418','',#41,#1043,$);
#1254 = CONTEXT_DEPENDENT_SHAPE_REPRESENTATION(#1255,#1257);
#1255 = ( REPRESENTATION_RELATIONSHIP('','',#1023,#46) 
REPRESENTATION_RELATIONSHIP_WITH_TRANSFORMATION(#1256) 
SHAPE_REPRESENTATION_RELATIONSHIP() );
#1256 = ITEM_DEFINED_TRANSFORMATION('','',#11,#219);
#1257 = PRODUCT_DEFINITION_SHAPE('Placement','Placement of an item',
  #1258);
#1258 = NEXT_ASSEMBLY_USAGE_OCCURRENCE('594','419','',#41,#1043,$);
#1259 = CONTEXT_DEPENDENT_SHAPE_REPRESENTATION(#1260,#1262);
#1260 = ( REPRESENTATION_RELATIONSHIP('','',#1023,#46) 
REPRESENTATION_RELATIONSHIP_WITH_TRANSFORMATION(#1261) 
SHAPE_REPRESENTATION_RELATIONSHIP() );
#1261 = ITEM_DEFINED_TRANSFORMATION('','',#11,#223);
#1262 = PRODUCT_DEFINITION_SHAPE('Placement','Placement of an item',
  #1263);
#1263 = NEXT_ASSEMBLY_USAGE_OCCURRENCE('595','420','',#41,#1043,$);
#1264 = CONTEXT_DEPENDENT_SHAPE_REPRESENTATION(#1265,#1267);
#1265 = ( REPRESENTATION_RELATIONSHIP('','',#1023,#46) 
REPRESENTATION_RELATIONSHIP_WITH_TRANSFORMATION(#1266) 
SHAPE_REPRESENTATION_RELATIONSHIP() );
#1266 = ITEM_DEFINED_TRANSFORMATION('','',#11,#227);
#1267 = PRODUCT_DEFINITION_SHAPE('Placement','Placement of an item',
  #1268);
#1268 = NEXT_ASSEMBLY_USAGE_OCCURRENCE('596','421','',#41,#1043,$);
#1269 = CONTEXT_DEPENDENT_SHAPE_REPRESENTATION(#1270,#1272);
#1270 = ( REPRESENTATION_RELATIONSHIP('','',#1023,#46) 
REPRESENTATION_RELATIONSHIP_WITH_TRANSFORMATION(#1271) 
SHAPE_REPRESENTATION_RELATIONSHIP() );
#1271 = ITEM_DEFINED_TRANSFORMATION('','',#11,#231);
#1272 = PRODUCT_DEFINITION_SHAPE('Placement','Placement of an item',
  #1273);
#1273 = NEXT_ASSEMBLY_USAGE_OCCURRENCE('597','422','',#41,#1043,$);
#1274 = CONTEXT_DEPENDENT_SHAPE_REPRESENTATION(#1275,#1277);
#1275 = ( REPRESENTATION_RELATIONSHIP('','',#1023,#46) 
REPRESENTATION_RELATIONSHIP_WITH_TRANSFORMATION(#1276) 
SHAPE_REPRESENTATION_RELATIONSHIP() );
#1276 = ITEM_DEFINED_TRANSFORMATION('','',#11,#235);
#1277 = PRODUCT_DEFINITION_SHAPE('Placement','Placement of an item',
  #1278);
#1278 = NEXT_ASSEMBLY_USAGE_OCCURRENCE('598','423','',#41,#1043,$);
#1279 = CONTEXT_DEPENDENT_SHAPE_REPRESENTATION(#1280,#1282);
#1280 = ( REPRESENTATION_RELATIONSHIP('','',#1023,#46) 
REPRESENTATION_RELATIONSHIP_WITH_TRANSFORMATION(#1281) 
SHAPE_REPRESENTATION_RELATIONSHIP() );
#1281 = ITEM_DEFINED_TRANSFORMATION('','',#11,#239);
#1282 = PRODUCT_DEFINITION_SHAPE('Placement','Placement of an item',
  #1283);
#1283 = NEXT_ASSEMBLY_USAGE_OCCURRENCE('599','424','',#41,#1043,$);
#1284 = CONTEXT_DEPENDENT_SHAPE_REPRESENTATION(#1285,#1287);
#1285 = ( REPRESENTATION_RELATIONSHIP('','',#1023,#46) 
REPRESENTATION_RELATIONSHIP_WITH_TRANSFORMATION(#1286) 
SHAPE_REPRESENTATION_RELATIONSHIP() );
#1286 = ITEM_DEFINED_TRANSFORMATION('','',#11,#243);
#1287 = PRODUCT_DEFINITION_SHAPE('Placement','Placement of an item',
  #1288);
#1288 = NEXT_ASSEMBLY_USAGE_OCCURRENCE('600','425','',#41,#1043,$);
#1289 = CONTEXT_DEPENDENT_SHAPE_REPRESENTATION(#1290,#1292);
#1290 = ( REPRESENTATION_RELATIONSHIP('','',#1023,#46) 
REPRESENTATION_RELATIONSHIP_WITH_TRANSFORMATION(#1291) 
SHAPE_REPRESENTATION_RELATIONSHIP() );
#1291 = ITEM_DEFINED_TRANSFORMATION('','',#11,#247);
#1292 = PRODUCT_DEFINITION_SHAPE('Placement','Placement of an item',
  #1293);
#1293 = NEXT_ASSEMBLY_USAGE_OCCURRENCE('601','426','',#41,#1043,$);
#1294 = CONTEXT_DEPENDENT_SHAPE_REPRESENTATION(#1295,#1297);
#1295 = ( REPRESENTATION_RELATIONSHIP('','',#1023,#46) 
REPRESENTATION_RELATIONSHIP_WITH_TRANSFORMATION(#1296) 
SHAPE_REPRESENTATION_RELATIONSHIP() );
#1296 = ITEM_DEFINED_TRANSFORMATION('','',#11,#251);
#1297 = PRODUCT_DEFINITION_SHAPE('Placement','Placement of an item',
  #1298);
#1298 = NEXT_ASSEMBLY_USAGE_OCCURRENCE('602','427','',#41,#1043,$);
#1299 = CONTEXT_DEPENDENT_SHAPE_REPRESENTATION(#1300,#1302);
#1300 = ( REPRESENTATION_RELATIONSHIP('','',#1023,#46) 
REPRESENTATION_RELATIONSHIP_WITH_TRANSFORMATION(#1301) 
SHAPE_REPRESENTATION_RELATIONSHIP() );
#1301 = ITEM_DEFINED_TRANSFORMATION('','',#11,#255);
#1302 = PRODUCT_DEFINITION_SHAPE('Placement','Placement of an item',
  #1303);
#1303 = NEXT_ASSEMBLY_USAGE_OCCURRENCE('603','428','',#41,#1043,$);
#1304 = CONTEXT_DEPENDENT_SHAPE_REPRESENTATION(#1305,#1307);
#1305 = ( REPRESENTATION_RELATIONSHIP('','',#1023,#46) 
REPRESENTATION_RELATIONSHIP_WITH_TRANSFORMATION(#1306) 
SHAPE_REPRESENTATION_RELATIONSHIP() );
#1306 = ITEM_DEFINED_TRANSFORMATION('','',#11,#259);
#1307 = PRODUCT_DEFINITION_SHAPE('Placement','Placement of an item',
  #1308);
#1308 = NEXT_ASSEMBLY_USAGE_OCCURRENCE('604','429','',#41,#1043,$);
#1309 = CONTEXT_DEPENDENT_SHAPE_REPRESENTATION(#1310,#1312);
#1310 = ( REPRESENTATION_RELATIONSHIP('','',#1023,#46) 
REPRESENTATION_RELATIONSHIP_WITH_TRANSFORMATION(#1311) 
SHAPE_REPRESENTATION_RELATIONSHIP() );
#1311 = ITEM_DEFINED_TRANSFORMATION('','',#11,#263);
#1312 = PRODUCT_DEFINITION_SHAPE('Placement','Placement of an item',
  #1313);
#1313 = NEXT_ASSEMBLY_USAGE_OCCURRENCE('605','430','',#41,#1043,$);
#1314 = CONTEXT_DEPENDENT_SHAPE_REPRESENTATION(#1315,#1317);
#1315 = ( REPRESENTATION_RELATIONSHIP('','',#1023,#46) 
REPRESENTATION_RELATIONSHIP_WITH_TRANSFORMATION(#1316) 
SHAPE_REPRESENTATION_RELATIONSHIP() );
#1316 = ITEM_DEFINED_TRANSFORMATION('','',#11,#267);
#1317 = PRODUCT_DEFINITION_SHAPE('Placement','Placement of an item',
  #1318);
#1318 = NEXT_ASSEMBLY_USAGE_OCCURRENCE('606','431','',#41,#1043,$);
#1319 = CONTEXT_DEPENDENT_SHAPE_REPRESENTATION(#1320,#1322);
#1320 = ( REPRESENTATION_RELATIONSHIP('','',#1023,#46) 
REPRESENTATION_RELATIONSHIP_WITH_TRANSFORMATION(#1321) 
SHAPE_REPRESENTATION_RELATIONSHIP() );
#1321 = ITEM_DEFINED_TRANSFORMATION('','',#11,#271);
#1322 = PRODUCT_DEFINITION_SHAPE('Placement','Placement of an item',
  #1323);
#1323 = NEXT_ASSEMBLY_USAGE_OCCURRENCE('607','432','',#41,#1043,$);
#1324 = CONTEXT_DEPENDENT_SHAPE_REPRESENTATION(#1325,#1327);
#1325 = ( REPRESENTATION_RELATIONSHIP('','',#1023,#46) 
REPRESENTATION_RELATIONSHIP_WITH_TRANSFORMATION(#1326) 
SHAPE_REPRESENTATION_RELATIONSHIP() );
#1326 = ITEM_DEFINED_TRANSFORMATION('','',#11,#275);
#1327 = PRODUCT_DEFINITION_SHAPE('Placement','Placement of an item',
  #1328);
#1328 = NEXT_ASSEMBLY_USAGE_OCCURRENCE('608','433','',#41,#1043,$);
#1329 = CONTEXT_DEPENDENT_SHAPE_REPRESENTATION(#1330,#1332);
#1330 = ( REPRESENTATION_RELATIONSHIP('','',#1023,#46) 
REPRESENTATION_RELATIONSHIP_WITH_TRANSFORMATION(#1331) 
SHAPE_REPRESENTATION_RELATIONSHIP() );
#1331 = ITEM_DEFINED_TRANSFORMATION('','',#11,#279);
#1332 = PRODUCT_DEFINITION_SHAPE('Placement','Placement of an item',
  #1333);
#1333 = NEXT_ASSEMBLY_USAGE_OCCURRENCE('609','434','',#41,#1043,$);
#1334 = CONTEXT_DEPENDENT_SHAPE_REPRESENTATION(#1335,#1337);
#1335 = ( REPRESENTATION_RELATIONSHIP('','',#1023,#46) 
REPRESENTATION_RELATIONSHIP_WITH_TRANSFORMATION(#1336) 
SHAPE_REPRESENTATION_RELATIONSHIP() );
#1336 = ITEM_DEFINED_TRANSFORMATION('','',#11,#283);
#1337 = PRODUCT_DEFINITION_SHAPE('Placement','Placement of an item',
  #1338);
#1338 = NEXT_ASSEMBLY_USAGE_OCCURRENCE('610','435','',#41,#1043,$);
#1339 = CONTEXT_DEPENDENT_SHAPE_REPRESENTATION(#1340,#1342);
#1340 = ( REPRESENTATION_RELATIONSHIP('','',#1023,#46) 
REPRESENTATION_RELATIONSHIP_WITH_TRANSFORMATION(#1341) 
SHAPE_REPRESENTATION_RELATIONSHIP() );
#1341 = ITEM_DEFINED_TRANSFORMATION('','',#11,#287);
#1342 = PRODUCT_DEFINITION_SHAPE('Placement','Placement of an item',
  #1343);
#1343 = NEXT_ASSEMBLY_USAGE_OCCURRENCE('611','436','',#41,#1043,$);
#1344 = CONTEXT_DEPENDENT_SHAPE_REPRESENTATION(#1345,#1347);
#1345 = ( REPRESENTATION_RELATIONSHIP('','',#1023,#46) 
REPRESENTATION_RELATIONSHIP_WITH_TRANSFORMATION(#1346) 
SHAPE_REPRESENTATION_RELATIONSHIP() );
#1346 = ITEM_DEFINED_TRANSFORMATION('','',#11,#291);
#1347 = PRODUCT_DEFINITION_SHAPE('Placement','Placement of an item',
  #1348);
#1348 = NEXT_ASSEMBLY_USAGE_OCCURRENCE('612','437','',#41,#1043,$);
#1349 = CONTEXT_DEPENDENT_SHAPE_REPRESENTATION(#1350,#1352);
#1350 = ( REPRESENTATION_RELATIONSHIP('','',#1023,#46) 
REPRESENTATION_RELATIONSHIP_WITH_TRANSFORMATION(#1351) 
SHAPE_REPRESENTATION_RELATIONSHIP() );
#1351 = ITEM_DEFINED_TRANSFORMATION('','',#11,#295);
#1352 = PRODUCT_DEFINITION_SHAPE('Placement','Placement of an item',
  #1353);
#1353 = NEXT_ASSEMBLY_USAGE_OCCURRENCE('613','438','',#41,#1043,$);
#1354 = CONTEXT_DEPENDENT_SHAPE_REPRESENTATION(#1355,#1357);
#1355 = ( REPRESENTATION_RELATIONSHIP('','',#1023,#46) 
REPRESENTATION_RELATIONSHIP_WITH_TRANSFORMATION(#1356) 
SHAPE_REPRESENTATION_RELATIONSHIP() );
#1356 = ITEM_DEFINED_TRANSFORMATION('','',#11,#299);
#1357 = PRODUCT_DEFINITION_SHAPE('Placement','Placement of an item',
  #1358);
#1358 = NEXT_ASSEMBLY_USAGE_OCCURRENCE('614','439','',#41,#1043,$);
#1359 = CONTEXT_DEPENDENT_SHAPE_REPRESENTATION(#1360,#1362);
#1360 = ( REPRESENTATION_RELATIONSHIP('','',#1023,#46) 
REPRESENTATION_RELATIONSHIP_WITH_TRANSFORMATION(#1361) 
SHAPE_REPRESENTATION_RELATIONSHIP() );
#1361 = ITEM_DEFINED_TRANSFORMATION('','',#11,#303);
#1362 = PRODUCT_DEFINITION_SHAPE('Placement','Placement of an item',
  #1363);
#1363 = NEXT_ASSEMBLY_USAGE_OCCURRENCE('615','440','',#41,#1043,$);
#1364 = CONTEXT_DEPENDENT_SHAPE_REPRESENTATION(#1365,#1367);
#1365 = ( REPRESENTATION_RELATIONSHIP('','',#1023,#46) 
REPRESENTATION_RELATIONSHIP_WITH_TRANSFORMATION(#1366) 
SHAPE_REPRESENTATION_RELATIONSHIP() );
#1366 = ITEM_DEFINED_TRANSFORMATION('','',#11,#307);
#1367 = PRODUCT_DEFINITION_SHAPE('Placement','Placement of an item',
  #1368);
#1368 = NEXT_ASSEMBLY_USAGE_OCCURRENCE('616','441','',#41,#1043,$);
#1369 = CONTEXT_DEPENDENT_SHAPE_REPRESENTATION(#1370,#1372);
#1370 = ( REPRESENTATION_RELATIONSHIP('','',#1023,#46) 
REPRESENTATION_RELATIONSHIP_WITH_TRANSFORMATION(#1371) 
SHAPE_REPRESENTATION_RELATIONSHIP() );
#1371 = ITEM_DEFINED_TRANSFORMATION('','',#11,#311);
#1372 = PRODUCT_DEFINITION_SHAPE('Placement','Placement of an item',
  #1373);
#1373 = NEXT_ASSEMBLY_USAGE_OCCURRENCE('617','442','',#41,#1043,$);
#1374 = CONTEXT_DEPENDENT_SHAPE_REPRESENTATION(#1375,#1377);
#1375 = ( REPRESENTATION_RELATIONSHIP('','',#1023,#46) 
REPRESENTATION_RELATIONSHIP_WITH_TRANSFORMATION(#1376) 
SHAPE_REPRESENTATION_RELATIONSHIP() );
#1376 = ITEM_DEFINED_TRANSFORMATION('','',#11,#315);
#1377 = PRODUCT_DEFINITION_SHAPE('Placement','Placement of an item',
  #1378);
#1378 = NEXT_ASSEMBLY_USAGE_OCCURRENCE('618','443','',#41,#1043,$);
#1379 = CONTEXT_DEPENDENT_SHAPE_REPRESENTATION(#1380,#1382);
#1380 = ( REPRESENTATION_RELATIONSHIP('','',#1023,#46) 
REPRESENTATION_RELATIONSHIP_WITH_TRANSFORMATION(#1381) 
SHAPE_REPRESENTATION_RELATIONSHIP() );
#1381 = ITEM_DEFINED_TRANSFORMATION('','',#11,#319);
#1382 = PRODUCT_DEFINITION_SHAPE('Placement','Placement of an item',
  #1383);
#1383 = NEXT_ASSEMBLY_USAGE_OCCURRENCE('619','444','',#41,#1043,$);
#1384 = CONTEXT_DEPENDENT_SHAPE_REPRESENTATION(#1385,#1387);
#1385 = ( REPRESENTATION_RELATIONSHIP('','',#1023,#46) 
REPRESENTATION_RELATIONSHIP_WITH_TRANSFORMATION(#1386) 
SHAPE_REPRESENTATION_RELATIONSHIP() );
#1386 = ITEM_DEFINED_TRANSFORMATION('','',#11,#323);
#1387 = PRODUCT_DEFINITION_SHAPE('Placement','Placement of an item',
  #1388);
#1388 = NEXT_ASSEMBLY_USAGE_OCCURRENCE('620','445','',#41,#1043,$);
#1389 = CONTEXT_DEPENDENT_SHAPE_REPRESENTATION(#1390,#1392);
#1390 = ( REPRESENTATION_RELATIONSHIP('','',#1023,#46) 
REPRESENTATION_RELATIONSHIP_WITH_TRANSFORMATION(#1391) 
SHAPE_REPRESENTATION_RELATIONSHIP() );
#1391 = ITEM_DEFINED_TRANSFORMATION('','',#11,#327);
#1392 = PRODUCT_DEFINITION_SHAPE('Placement','Placement of an item',
  #1393);
#1393 = NEXT_ASSEMBLY_USAGE_OCCURRENCE('621','446','',#41,#1043,$);
#1394 = CONTEXT_DEPENDENT_SHAPE_REPRESENTATION(#1395,#1397);
#1395 = ( REPRESENTATION_RELATIONSHIP('','',#1023,#46) 
REPRESENTATION_RELATIONSHIP_WITH_TRANSFORMATION(#1396) 
SHAPE_REPRESENTATION_RELATIONSHIP() );
#1396 = ITEM_DEFINED_TRANSFORMATION('','',#11,#331);
#1397 = PRODUCT_DEFINITION_SHAPE('Placement','Placement of an item',
  #1398);
#1398 = NEXT_ASSEMBLY_USAGE_OCCURRENCE('622','447','',#41,#1043,$);
#1399 = CONTEXT_DEPENDENT_SHAPE_REPRESENTATION(#1400,#1402);
#1400 = ( REPRESENTATION_RELATIONSHIP('','',#1023,#46) 
REPRESENTATION_RELATIONSHIP_WITH_TRANSFORMATION(#1401) 
SHAPE_REPRESENTATION_RELATIONSHIP() );
#1401 = ITEM_DEFINED_TRANSFORMATION('','',#11,#335);
#1402 = PRODUCT_DEFINITION_SHAPE('Placement','Placement of an item',
  #1403);
#1403 = NEXT_ASSEMBLY_USAGE_OCCURRENCE('623','448','',#41,#1043,$);
#1404 = CONTEXT_DEPENDENT_SHAPE_REPRESENTATION(#1405,#1407);
#1405 = ( REPRESENTATION_RELATIONSHIP('','',#1023,#46) 
REPRESENTATION_RELATIONSHIP_WITH_TRANSFORMATION(#1406) 
SHAPE_REPRESENTATION_RELATIONSHIP() );
#1406 = ITEM_DEFINED_TRANSFORMATION('','',#11,#339);
#1407 = PRODUCT_DEFINITION_SHAPE('Placement','Placement of an item',
  #1408);
#1408 = NEXT_ASSEMBLY_USAGE_OCCURRENCE('624','449','',#41,#1043,$);
#1409 = CONTEXT_DEPENDENT_SHAPE_REPRESENTATION(#1410,#1412);
#1410 = ( REPRESENTATION_RELATIONSHIP('','',#1023,#46) 
REPRESENTATION_RELATIONSHIP_WITH_TRANSFORMATION(#1411) 
SHAPE_REPRESENTATION_RELATIONSHIP() );
#1411 = ITEM_DEFINED_TRANSFORMATION('','',#11,#343);
#1412 = PRODUCT_DEFINITION_SHAPE('Placement','Placement of an item',
  #1413);
#1413 = NEXT_ASSEMBLY_USAGE_OCCURRENCE('625','450','',#41,#1043,$);
#1414 = CONTEXT_DEPENDENT_SHAPE_REPRESENTATION(#1415,#1417);
#1415 = ( REPRESENTATION_RELATIONSHIP('','',#1023,#46) 
REPRESENTATION_RELATIONSHIP_WITH_TRANSFORMATION(#1416) 
SHAPE_REPRESENTATION_RELATIONSHIP() );
#1416 = ITEM_DEFINED_TRANSFORMATION('','',#11,#347);
#1417 = PRODUCT_DEFINITION_SHAPE('Placement','Placement of an item',
  #1418);
#1418 = NEXT_ASSEMBLY_USAGE_OCCURRENCE('626','451','',#41,#1043,$);
#1419 = CONTEXT_DEPENDENT_SHAPE_REPRESENTATION(#1420,#1422);
#1420 = ( REPRESENTATION_RELATIONSHIP('','',#1023,#46) 
REPRESENTATION_RELATIONSHIP_WITH_TRANSFORMATION(#1421) 
SHAPE_REPRESENTATION_RELATIONSHIP() );
#1421 = ITEM_DEFINED_TRANSFORMATION('','',#11,#351);
#1422 = PRODUCT_DEFINITION_SHAPE('Placement','Placement of an item',
  #1423);
#1423 = NEXT_ASSEMBLY_USAGE_OCCURRENCE('627','452','',#41,#1043,$);
#1424 = CONTEXT_DEPENDENT_SHAPE_REPRESENTATION(#1425,#1427);
#1425 = ( REPRESENTATION_RELATIONSHIP('','',#1023,#46) 
REPRESENTATION_RELATIONSHIP_WITH_TRANSFORMATION(#1426) 
SHAPE_REPRESENTATION_RELATIONSHIP() );
#1426 = ITEM_DEFINED_TRANSFORMATION('','',#11,#355);
#1427 = PRODUCT_DEFINITION_SHAPE('Placement','Placement of an item',
  #1428);
#1428 = NEXT_ASSEMBLY_USAGE_OCCURRENCE('628','453','',#41,#1043,$);
#1429 = CONTEXT_DEPENDENT_SHAPE_REPRESENTATION(#1430,#1432);
#1430 = ( REPRESENTATION_RELATIONSHIP('','',#1023,#46) 
REPRESENTATION_RELATIONSHIP_WITH_TRANSFORMATION(#1431) 
SHAPE_REPRESENTATION_RELATIONSHIP() );
#1431 = ITEM_DEFINED_TRANSFORMATION('','',#11,#359);
#1432 = PRODUCT_DEFINITION_SHAPE('Placement','Placement of an item',
  #1433);
#1433 = NEXT_ASSEMBLY_USAGE_OCCURRENCE('629','454','',#41,#1043,$);
#1434 = CONTEXT_DEPENDENT_SHAPE_REPRESENTATION(#1435,#1437);
#1435 = ( REPRESENTATION_RELATIONSHIP('','',#1023,#46) 
REPRESENTATION_RELATIONSHIP_WITH_TRANSFORMATION(#1436) 
SHAPE_REPRESENTATION_RELATIONSHIP() );
#1436 = ITEM_DEFINED_TRANSFORMATION('','',#11,#363);
#1437 = PRODUCT_DEFINITION_SHAPE('Placement','Placement of an item',
  #1438);
#1438 = NEXT_ASSEMBLY_USAGE_OCCURRENCE('630','455','',#41,#1043,$);
#1439 = CONTEXT_DEPENDENT_SHAPE_REPRESENTATION(#1440,#1442);
#1440 = ( REPRESENTATION_RELATIONSHIP('','',#1023,#46) 
REPRESENTATION_RELATIONSHIP_WITH_TRANSFORMATION(#1441) 
SHAPE_REPRESENTATION_RELATIONSHIP() );
#1441 = ITEM_DEFINED_TRANSFORMATION('','',#11,#367);
#1442 = PRODUCT_DEFINITION_SHAPE('Placement','Placement of an item',
  #1443);
#1443 = NEXT_ASSEMBLY_USAGE_OCCURRENCE('631','456','',#41,#1043,$);
#1444 = CONTEXT_DEPENDENT_SHAPE_REPRESENTATION(#1445,#1447);
#1445 = ( REPRESENTATION_RELATIONSHIP('','',#1023,#46) 
REPRESENTATION_RELATIONSHIP_WITH_TRANSFORMATION(#1446) 
SHAPE_REPRESENTATION_RELATIONSHIP() );
#1446 = ITEM_DEFINED_TRANSFORMATION('','',#11,#371);
#1447 = PRODUCT_DEFINITION_SHAPE('Placement','Placement of an item',
  #1448);
#1448 = NEXT_ASSEMBLY_USAGE_OCCURRENCE('632','457','',#41,#1043,$);
#1449 = CONTEXT_DEPENDENT_SHAPE_REPRESENTATION(#1450,#1452);
#1450 = ( REPRESENTATION_RELATIONSHIP('','',#1023,#46) 
REPRESENTATION_RELATIONSHIP_WITH_TRANSFORMATION(#1451) 
SHAPE_REPRESENTATION_RELATIONSHIP() );
#1451 = ITEM_DEFINED_TRANSFORMATION('','',#11,#375);
#1452 = PRODUCT_DEFINITION_SHAPE('Placement','Placement of an item',
  #1453);
#1453 = NEXT_ASSEMBLY_USAGE_OCCURRENCE('633','458','',#41,#1043,$);
#1454 = CONTEXT_DEPENDENT_SHAPE_REPRESENTATION(#1455,#1457);
#1455 = ( REPRESENTATION_RELATIONSHIP('','',#1023,#46) 
REPRESENTATION_RELATIONSHIP_WITH_TRANSFORMATION(#1456) 
SHAPE_REPRESENTATION_RELATIONSHIP() );
#1456 = ITEM_DEFINED_TRANSFORMATION('','',#11,#379);
#1457 = PRODUCT_DEFINITION_SHAPE('Placement','Placement of an item',
  #1458);
#1458 = NEXT_ASSEMBLY_USAGE_OCCURRENCE('634','459','',#41,#1043,$);
#1459 = CONTEXT_DEPENDENT_SHAPE_REPRESENTATION(#1460,#1462);
#1460 = ( REPRESENTATION_RELATIONSHIP('','',#1023,#46) 
REPRESENTATION_RELATIONSHIP_WITH_TRANSFORMATION(#1461) 
SHAPE_REPRESENTATION_RELATIONSHIP() );
#1461 = ITEM_DEFINED_TRANSFORMATION('','',#11,#383);
#1462 = PRODUCT_DEFINITION_SHAPE('Placement','Placement of an item',
  #1463);
#1463 = NEXT_ASSEMBLY_USAGE_OCCURRENCE('635','460','',#41,#1043,$);
#1464 = CONTEXT_DEPENDENT_SHAPE_REPRESENTATION(#1465,#1467);
#1465 = ( REPRESENTATION_RELATIONSHIP('','',#1023,#46) 
REPRESENTATION_RELATIONSHIP_WITH_TRANSFORMATION(#1466) 
SHAPE_REPRESENTATION_RELATIONSHIP() );
#1466 = ITEM_DEFINED_TRANSFORMATION('','',#11,#387);
#1467 = PRODUCT_DEFINITION_SHAPE('Placement','Placement of an item',
  #1468);
#1468 = NEXT_ASSEMBLY_USAGE_OCCURRENCE('636','461','',#41,#1043,$);
#1469 = CONTEXT_DEPENDENT_SHAPE_REPRESENTATION(#1470,#1472);
#1470 = ( REPRESENTATION_RELATIONSHIP('','',#1023,#46) 
REPRESENTATION_RELATIONSHIP_WITH_TRANSFORMATION(#1471) 
SHAPE_REPRESENTATION_RELATIONSHIP() );
#1471 = ITEM_DEFINED_TRANSFORMATION('','',#11,#391);
#1472 = PRODUCT_DEFINITION_SHAPE('Placement','Placement of an item',
  #1473);
#1473 = NEXT_ASSEMBLY_USAGE_OCCURRENCE('637','462','',#41,#1043,$);
#1474 = CONTEXT_DEPENDENT_SHAPE_REPRESENTATION(#1475,#1477);
#1475 = ( REPRESENTATION_RELATIONSHIP('','',#1023,#46) 
REPRESENTATION_RELATIONSHIP_WITH_TRANSFORMATION(#1476) 
SHAPE_REPRESENTATION_RELATIONSHIP() );
#1476 = ITEM_DEFINED_TRANSFORMATION('','',#11,#395);
#1477 = PRODUCT_DEFINITION_SHAPE('Placement','Placement of an item',
  #1478);
#1478 = NEXT_ASSEMBLY_USAGE_OCCURRENCE('638','463','',#41,#1043,$);
#1479 = CONTEXT_DEPENDENT_SHAPE_REPRESENTATION(#1480,#1482);
#1480 = ( REPRESENTATION_RELATIONSHIP('','',#1023,#46) 
REPRESENTATION_RELATIONSHIP_WITH_TRANSFORMATION(#1481) 
SHAPE_REPRESENTATION_RELATIONSHIP() );
#1481 = ITEM_DEFINED_TRANSFORMATION('','',#11,#399);
#1482 = PRODUCT_DEFINITION_SHAPE('Placement','Placement of an item',
  #1483);
#1483 = NEXT_ASSEMBLY_USAGE_OCCURRENCE('639','464','',#41,#1043,$);
#1484 = CONTEXT_DEPENDENT_SHAPE_REPRESENTATION(#1485,#1487);
#1485 = ( REPRESENTATION_RELATIONSHIP('','',#1023,#46) 
REPRESENTATION_RELATIONSHIP_WITH_TRANSFORMATION(#1486) 
SHAPE_REPRESENTATION_RELATIONSHIP() );
#1486 = ITEM_DEFINED_TRANSFORMATION('','',#11,#403);
#1487 = PRODUCT_DEFINITION_SHAPE('Placement','Placement of an item',
  #1488);
#1488 = NEXT_ASSEMBLY_USAGE_OCCURRENCE('640','465','',#41,#1043,$);
#1489 = CONTEXT_DEPENDENT_SHAPE_REPRESENTATION(#1490,#1492);
#1490 = ( REPRESENTATION_RELATIONSHIP('','',#1023,#46) 
REPRESENTATION_RELATIONSHIP_WITH_TRANSFORMATION(#1491) 
SHAPE_REPRESENTATION_RELATIONSHIP() );
#1491 = ITEM_DEFINED_TRANSFORMATION('','',#11,#407);
#1492 = PRODUCT_DEFINITION_SHAPE('Placement','Placement of an item',
  #1493);
#1493 = NEXT_ASSEMBLY_USAGE_OCCURRENCE('641','466','',#41,#1043,$);
#1494 = CONTEXT_DEPENDENT_SHAPE_REPRESENTATION(#1495,#1497);
#1495 = ( REPRESENTATION_RELATIONSHIP('','',#1023,#46) 
REPRESENTATION_RELATIONSHIP_WITH_TRANSFORMATION(#1496) 
SHAPE_REPRESENTATION_RELATIONSHIP() );
#1496 = ITEM_DEFINED_TRANSFORMATION('','',#11,#411);
#1497 = PRODUCT_DEFINITION_SHAPE('Placement','Placement of an item',
  #1498);
#1498 = NEXT_ASSEMBLY_USAGE_OCCURRENCE('642','467','',#41,#1043,$);
#1499 = CONTEXT_DEPENDENT_SHAPE_REPRESENTATION(#1500,#1502);
#1500 = ( REPRESENTATION_RELATIONSHIP('','',#1023,#46) 
REPRESENTATION_RELATIONSHIP_WITH_TRANSFORMATION(#1501) 
SHAPE_REPRESENTATION_RELATIONSHIP() );
#1501 = ITEM_DEFINED_TRANSFORMATION('','',#11,#415);
#1502 = PRODUCT_DEFINITION_SHAPE('Placement','Placement of an item',
  #1503);
#1503 = NEXT_ASSEMBLY_USAGE_OCCURRENCE('643','468','',#41,#1043,$);
#1504 = CONTEXT_DEPENDENT_SHAPE_REPRESENTATION(#1505,#1507);
#1505 = ( REPRESENTATION_RELATIONSHIP('','',#1023,#46) 
REPRESENTATION_RELATIONSHIP_WITH_TRANSFORMATION(#1506) 
SHAPE_REPRESENTATION_RELATIONSHIP() );
#1506 = ITEM_DEFINED_TRANSFORMATION('','',#11,#419);
#1507 = PRODUCT_DEFINITION_SHAPE('Placement','Placement of an item',
  #1508);
#1508 = NEXT_ASSEMBLY_USAGE_OCCURRENCE('644','469','',#41,#1043,$);
#1509 = CONTEXT_DEPENDENT_SHAPE_REPRESENTATION(#1510,#1512);
#1510 = ( REPRESENTATION_RELATIONSHIP('','',#1023,#46) 
REPRESENTATION_RELATIONSHIP_WITH_TRANSFORMATION(#1511) 
SHAPE_REPRESENTATION_RELATIONSHIP() );
#1511 = ITEM_DEFINED_TRANSFORMATION('','',#11,#423);
#1512 = PRODUCT_DEFINITION_SHAPE('Placement','Placement of an item',
  #1513);
#1513 = NEXT_ASSEMBLY_USAGE_OCCURRENCE('645','470','',#41,#1043,$);
#1514 = CONTEXT_DEPENDENT_SHAPE_REPRESENTATION(#1515,#1517);
#1515 = ( REPRESENTATION_RELATIONSHIP('','',#1023,#46) 
REPRESENTATION_RELATIONSHIP_WITH_TRANSFORMATION(#1516) 
SHAPE_REPRESENTATION_RELATIONSHIP() );
#1516 = ITEM_DEFINED_TRANSFORMATION('','',#11,#427);
#1517 = PRODUCT_DEFINITION_SHAPE('Placement','Placement of an item',
  #1518);
#1518 = NEXT_ASSEMBLY_USAGE_OCCURRENCE('646','471','',#41,#1043,$);
#1519 = CONTEXT_DEPENDENT_SHAPE_REPRESENTATION(#1520,#1522);
#1520 = ( REPRESENTATION_RELATIONSHIP('','',#1023,#46) 
REPRESENTATION_RELATIONSHIP_WITH_TRANSFORMATION(#1521) 
SHAPE_REPRESENTATION_RELATIONSHIP() );
#1521 = ITEM_DEFINED_TRANSFORMATION('','',#11,#431);
#1522 = PRODUCT_DEFINITION_SHAPE('Placement','Placement of an item',
  #1523);
#1523 = NEXT_ASSEMBLY_USAGE_OCCURRENCE('647','472','',#41,#1043,$);
#1524 = CONTEXT_DEPENDENT_SHAPE_REPRESENTATION(#1525,#1527);
#1525 = ( REPRESENTATION_RELATIONSHIP('','',#1023,#46) 
REPRESENTATION_RELATIONSHIP_WITH_TRANSFORMATION(#1526) 
SHAPE_REPRESENTATION_RELATIONSHIP() );
#1526 = ITEM_DEFINED_TRANSFORMATION('','',#11,#435);
#1527 = PRODUCT_DEFINITION_SHAPE('Placement','Placement of an item',
  #1528);
#1528 = NEXT_ASSEMBLY_USAGE_OCCURRENCE('648','473','',#41,#1043,$);
#1529 = CONTEXT_DEPENDENT_SHAPE_REPRESENTATION(#1530,#1532);
#1530 = ( REPRESENTATION_RELATIONSHIP('','',#1023,#46) 
REPRESENTATION_RELATIONSHIP_WITH_TRANSFORMATION(#1531) 
SHAPE_REPRESENTATION_RELATIONSHIP() );
#1531 = ITEM_DEFINED_TRANSFORMATION('','',#11,#439);
#1532 = PRODUCT_DEFINITION_SHAPE('Placement','Placement of an item',
  #1533);
#1533 = NEXT_ASSEMBLY_USAGE_OCCURRENCE('649','474','',#41,#1043,$);
#1534 = CONTEXT_DEPENDENT_SHAPE_REPRESENTATION(#1535,#1537);
#1535 = ( REPRESENTATION_RELATIONSHIP('','',#1023,#46) 
REPRESENTATION_RELATIONSHIP_WITH_TRANSFORMATION(#1536) 
SHAPE_REPRESENTATION_RELATIONSHIP() );
#1536 = ITEM_DEFINED_TRANSFORMATION('','',#11,#443);
#1537 = PRODUCT_DEFINITION_SHAPE('Placement','Placement of an item',
  #1538);
#1538 = NEXT_ASSEMBLY_USAGE_OCCURRENCE('650','475','',#41,#1043,$);
#1539 = CONTEXT_DEPENDENT_SHAPE_REPRESENTATION(#1540,#1542);
#1540 = ( REPRESENTATION_RELATIONSHIP('','',#1023,#46) 
REPRESENTATION_RELATIONSHIP_WITH_TRANSFORMATION(#1541) 
SHAPE_REPRESENTATION_RELATIONSHIP() );
#1541 = ITEM_DEFINED_TRANSFORMATION('','',#11,#447);
#1542 = PRODUCT_DEFINITION_SHAPE('Placement','Placement of an item',
  #1543);
#1543 = NEXT_ASSEMBLY_USAGE_OCCURRENCE('651','476','',#41,#1043,$);
#1544 = CONTEXT_DEPENDENT_SHAPE_REPRESENTATION(#1545,#1547);
#1545 = ( REPRESENTATION_RELATIONSHIP('','',#1023,#46) 
REPRESENTATION_RELATIONSHIP_WITH_TRANSFORMATION(#1546) 
SHAPE_REPRESENTATION_RELATIONSHIP() );
#1546 = ITEM_DEFINED_TRANSFORMATION('','',#11,#451);
#1547 = PRODUCT_DEFINITION_SHAPE('Placement','Placement of an item',
  #1548);
#1548 = NEXT_ASSEMBLY_USAGE_OCCURRENCE('652','477','',#41,#1043,$);
#1549 = CONTEXT_DEPENDENT_SHAPE_REPRESENTATION(#1550,#1552);
#1550 = ( REPRESENTATION_RELATIONSHIP('','',#1023,#46) 
REPRESENTATION_RELATIONSHIP_WITH_TRANSFORMATION(#1551) 
SHAPE_REPRESENTATION_RELATIONSHIP() );
#1551 = ITEM_DEFINED_TRANSFORMATION('','',#11,#455);
#1552 = PRODUCT_DEFINITION_SHAPE('Placement','Placement of an item',
  #1553);
#1553 = NEXT_ASSEMBLY_USAGE_OCCURRENCE('653','478','',#41,#1043,$);
#1554 = CONTEXT_DEPENDENT_SHAPE_REPRESENTATION(#1555,#1557);
#1555 = ( REPRESENTATION_RELATIONSHIP('','',#1023,#46) 
REPRESENTATION_RELATIONSHIP_WITH_TRANSFORMATION(#1556) 
SHAPE_REPRESENTATION_RELATIONSHIP() );
#1556 = ITEM_DEFINED_TRANSFORMATION('','',#11,#459);
#1557 = PRODUCT_DEFINITION_SHAPE('Placement','Placement of an item',
  #1558);
#1558 = NEXT_ASSEMBLY_USAGE_OCCURRENCE('654','479','',#41,#1043,$);
#1559 = CONTEXT_DEPENDENT_SHAPE_REPRESENTATION(#1560,#1562);
#1560 = ( REPRESENTATION_RELATIONSHIP('','',#1023,#46) 
REPRESENTATION_RELATIONSHIP_WITH_TRANSFORMATION(#1561) 
SHAPE_REPRESENTATION_RELATIONSHIP() );
#1561 = ITEM_DEFINED_TRANSFORMATION('','',#11,#463);
#1562 = PRODUCT_DEFINITION_SHAPE('Placement','Placement of an item',
  #1563);
#1563 = NEXT_ASSEMBLY_USAGE_OCCURRENCE('655','480','',#41,#1043,$);
#1564 = CONTEXT_DEPENDENT_SHAPE_REPRESENTATION(#1565,#1567);
#1565 = ( REPRESENTATION_RELATIONSHIP('','',#1023,#46) 
REPRESENTATION_RELATIONSHIP_WITH_TRANSFORMATION(#1566) 
SHAPE_REPRESENTATION_RELATIONSHIP() );
#1566 = ITEM_DEFINED_TRANSFORMATION('','',#11,#467);
#1567 = PRODUCT_DEFINITION_SHAPE('Placement','Placement of an item',
  #1568);
#1568 = NEXT_ASSEMBLY_USAGE_OCCURRENCE('656','481','',#41,#1043,$);
#1569 = CONTEXT_DEPENDENT_SHAPE_REPRESENTATION(#1570,#1572);
#1570 = ( REPRESENTATION_RELATIONSHIP('','',#1023,#46) 
REPRESENTATION_RELATIONSHIP_WITH_TRANSFORMATION(#1571) 
SHAPE_REPRESENTATION_RELATIONSHIP() );
#1571 = ITEM_DEFINED_TRANSFORMATION('','',#11,#471);
#1572 = PRODUCT_DEFINITION_SHAPE('Placement','Placement of an item',
  #1573);
#1573 = NEXT_ASSEMBLY_USAGE_OCCURRENCE('657','482','',#41,#1043,$);
#1574 = CONTEXT_DEPENDENT_SHAPE_REPRESENTATION(#1575,#1577);
#1575 = ( REPRESENTATION_RELATIONSHIP('','',#1023,#46) 
REPRESENTATION_RELATIONSHIP_WITH_TRANSFORMATION(#1576) 
SHAPE_REPRESENTATION_RELATIONSHIP() );
#1576 = ITEM_DEFINED_TRANSFORMATION('','',#11,#475);
#1577 = PRODUCT_DEFINITION_SHAPE('Placement','Placement of an item',
  #1578);
#1578 = NEXT_ASSEMBLY_USAGE_OCCURRENCE('658','483','',#41,#1043,$);
#1579 = CONTEXT_DEPENDENT_SHAPE_REPRESENTATION(#1580,#1582);
#1580 = ( REPRESENTATION_RELATIONSHIP('','',#1023,#46) 
REPRESENTATION_RELATIONSHIP_WITH_TRANSFORMATION(#1581) 
SHAPE_REPRESENTATION_RELATIONSHIP() );
#1581 = ITEM_DEFINED_TRANSFORMATION('','',#11,#479);
#1582 = PRODUCT_DEFINITION_SHAPE('Placement','Placement of an item',
  #1583);
#1583 = NEXT_ASSEMBLY_USAGE_OCCURRENCE('659','484','',#41,#1043,$);
#1584 = CONTEXT_DEPENDENT_SHAPE_REPRESENTATION(#1585,#1587);
#1585 = ( REPRESENTATION_RELATIONSHIP('','',#1023,#46) 
REPRESENTATION_RELATIONSHIP_WITH_TRANSFORMATION(#1586) 
SHAPE_REPRESENTATION_RELATIONSHIP() );
#1586 = ITEM_DEFINED_TRANSFORMATION('','',#11,#483);
#1587 = PRODUCT_DEFINITION_SHAPE('Placement','Placement of an item',
  #1588);
#1588 = NEXT_ASSEMBLY_USAGE_OCCURRENCE('660','485','',#41,#1043,$);
#1589 = CONTEXT_DEPENDENT_SHAPE_REPRESENTATION(#1590,#1592);
#1590 = ( REPRESENTATION_RELATIONSHIP('','',#1023,#46) 
REPRESENTATION_RELATIONSHIP_WITH_TRANSFORMATION(#1591) 
SHAPE_REPRESENTATION_RELATIONSHIP() );
#1591 = ITEM_DEFINED_TRANSFORMATION('','',#11,#487);
#1592 = PRODUCT_DEFINITION_SHAPE('Placement','Placement of an item',
  #1593);
#1593 = NEXT_ASSEMBLY_USAGE_OCCURRENCE('661','486','',#41,#1043,$);
#1594 = CONTEXT_DEPENDENT_SHAPE_REPRESENTATION(#1595,#1597);
#1595 = ( REPRESENTATION_RELATIONSHIP('','',#1023,#46) 
REPRESENTATION_RELATIONSHIP_WITH_TRANSFORMATION(#1596) 
SHAPE_REPRESENTATION_RELATIONSHIP() );
#1596 = ITEM_DEFINED_TRANSFORMATION('','',#11,#491);
#1597 = PRODUCT_DEFINITION_SHAPE('Placement','Placement of an item',
  #1598);
#1598 = NEXT_ASSEMBLY_USAGE_OCCURRENCE('662','487','',#41,#1043,$);
#1599 = CONTEXT_DEPENDENT_SHAPE_REPRESENTATION(#1600,#1602);
#1600 = ( REPRESENTATION_RELATIONSHIP('','',#1023,#46) 
REPRESENTATION_RELATIONSHIP_WITH_TRANSFORMATION(#1601) 
SHAPE_REPRESENTATION_RELATIONSHIP() );
#1601 = ITEM_DEFINED_TRANSFORMATION('','',#11,#495);
#1602 = PRODUCT_DEFINITION_SHAPE('Placement','Placement of an item',
  #1603);
#1603 = NEXT_ASSEMBLY_USAGE_OCCURRENCE('663','488','',#41,#1043,$);
#1604 = CONTEXT_DEPENDENT_SHAPE_REPRESENTATION(#1605,#1607);
#1605 = ( REPRESENTATION_RELATIONSHIP('','',#1023,#46) 
REPRESENTATION_RELATIONSHIP_WITH_TRANSFORMATION(#1606) 
SHAPE_REPRESENTATION_RELATIONSHIP() );
#1606 = ITEM_DEFINED_TRANSFORMATION('','',#11,#499);
#1607 = PRODUCT_DEFINITION_SHAPE('Placement','Placement of an item',
  #1608);
#1608 = NEXT_ASSEMBLY_USAGE_OCCURRENCE('664','489','',#41,#1043,$);
#1609 = CONTEXT_DEPENDENT_SHAPE_REPRESENTATION(#1610,#1612);
#1610 = ( REPRESENTATION_RELATIONSHIP('','',#1023,#46) 
REPRESENTATION_RELATIONSHIP_WITH_TRANSFORMATION(#1611) 
SHAPE_REPRESENTATION_RELATIONSHIP() );
#1611 = ITEM_DEFINED_TRANSFORMATION('','',#11,#503);
#1612 = PRODUCT_DEFINITION_SHAPE('Placement','Placement of an item',
  #1613);
#1613 = NEXT_ASSEMBLY_USAGE_OCCURRENCE('665','490','',#41,#1043,$);
#1614 = CONTEXT_DEPENDENT_SHAPE_REPRESENTATION(#1615,#1617);
#1615 = ( REPRESENTATION_RELATIONSHIP('','',#1023,#46) 
REPRESENTATION_RELATIONSHIP_WITH_TRANSFORMATION(#1616) 
SHAPE_REPRESENTATION_RELATIONSHIP() );
#1616 = ITEM_DEFINED_TRANSFORMATION('','',#11,#507);
#1617 = PRODUCT_DEFINITION_SHAPE('Placement','Placement of an item',
  #1618);
#1618 = NEXT_ASSEMBLY_USAGE_OCCURRENCE('666','491','',#41,#1043,$);
#1619 = CONTEXT_DEPENDENT_SHAPE_REPRESENTATION(#1620,#1622);
#1620 = ( REPRESENTATION_RELATIONSHIP('','',#1023,#46) 
REPRESENTATION_RELATIONSHIP_WITH_TRANSFORMATION(#1621) 
SHAPE_REPRESENTATION_RELATIONSHIP() );
#1621 = ITEM_DEFINED_TRANSFORMATION('','',#11,#511);
#1622 = PRODUCT_DEFINITION_SHAPE('Placement','Placement of an item',
  #1623);
#1623 = NEXT_ASSEMBLY_USAGE_OCCURRENCE('667','492','',#41,#1043,$);
#1624 = CONTEXT_DEPENDENT_SHAPE_REPRESENTATION(#1625,#1627);
#1625 = ( REPRESENTATION_RELATIONSHIP('','',#1023,#46) 
REPRESENTATION_RELATIONSHIP_WITH_TRANSFORMATION(#1626) 
SHAPE_REPRESENTATION_RELATIONSHIP() );
#1626 = ITEM_DEFINED_TRANSFORMATION('','',#11,#515);
#1627 = PRODUCT_DEFINITION_SHAPE('Placement','Placement of an item',
  #1628);
#1628 = NEXT_ASSEMBLY_USAGE_OCCURRENCE('668','493','',#41,#1043,$);
#1629 = CONTEXT_DEPENDENT_SHAPE_REPRESENTATION(#1630,#1632);
#1630 = ( REPRESENTATION_RELATIONSHIP('','',#1023,#46) 
REPRESENTATION_RELATIONSHIP_WITH_TRANSFORMATION(#1631) 
SHAPE_REPRESENTATION_RELATIONSHIP() );
#1631 = ITEM_DEFINED_TRANSFORMATION('','',#11,#519);
#1632 = PRODUCT_DEFINITION_SHAPE('Placement','Placement of an item',
  #1633);
#1633 = NEXT_ASSEMBLY_USAGE_OCCURRENCE('669','494','',#41,#1043,$);
#1634 = CONTEXT_DEPENDENT_SHAPE_REPRESENTATION(#1635,#1637);
#1635 = ( REPRESENTATION_RELATIONSHIP('','',#1023,#46) 
REPRESENTATION_RELATIONSHIP_WITH_TRANSFORMATION(#1636) 
SHAPE_REPRESENTATION_RELATIONSHIP() );
#1636 = ITEM_DEFINED_TRANSFORMATION('','',#11,#523);
#1637 = PRODUCT_DEFINITION_SHAPE('Placement','Placement of an item',
  #1638);
#1638 = NEXT_ASSEMBLY_USAGE_OCCURRENCE('670','495','',#41,#1043,$);
#1639 = CONTEXT_DEPENDENT_SHAPE_REPRESENTATION(#1640,#1642);
#1640 = ( REPRESENTATION_RELATIONSHIP('','',#1023,#46) 
REPRESENTATION_RELATIONSHIP_WITH_TRANSFORMATION(#1641) 
SHAPE_REPRESENTATION_RELATIONSHIP() );
#1641 = ITEM_DEFINED_TRANSFORMATION('','',#11,#527);
#1642 = PRODUCT_DEFINITION_SHAPE('Placement','Placement of an item',
  #1643);
#1643 = NEXT_ASSEMBLY_USAGE_OCCURRENCE('671','496','',#41,#1043,$);
#1644 = CONTEXT_DEPENDENT_SHAPE_REPRESENTATION(#1645,#1647);
#1645 = ( REPRESENTATION_RELATIONSHIP('','',#1023,#46) 
REPRESENTATION_RELATIONSHIP_WITH_TRANSFORMATION(#1646) 
SHAPE_REPRESENTATION_RELATIONSHIP() );
#1646 = ITEM_DEFINED_TRANSFORMATION('','',#11,#531);
#1647 = PRODUCT_DEFINITION_SHAPE('Placement','Placement of an item',
  #1648);
#1648 = NEXT_ASSEMBLY_USAGE_OCCURRENCE('672','497','',#41,#1043,$);
#1649 = CONTEXT_DEPENDENT_SHAPE_REPRESENTATION(#1650,#1652);
#1650 = ( REPRESENTATION_RELATIONSHIP('','',#1023,#46) 
REPRESENTATION_RELATIONSHIP_WITH_TRANSFORMATION(#1651) 
SHAPE_REPRESENTATION_RELATIONSHIP() );
#1651 = ITEM_DEFINED_TRANSFORMATION('','',#11,#535);
#1652 = PRODUCT_DEFINITION_SHAPE('Placement','Placement of an item',
  #1653);
#1653 = NEXT_ASSEMBLY_USAGE_OCCURRENCE('673','498','',#41,#1043,$);
#1654 = CONTEXT_DEPENDENT_SHAPE_REPRESENTATION(#1655,#1657);
#1655 = ( REPRESENTATION_RELATIONSHIP('','',#1023,#46) 
REPRESENTATION_RELATIONSHIP_WITH_TRANSFORMATION(#1656) 
SHAPE_REPRESENTATION_RELATIONSHIP() );
#1656 = ITEM_DEFINED_TRANSFORMATION('','',#11,#539);
#1657 = PRODUCT_DEFINITION_SHAPE('Placement','Placement of an item',
  #1658);
#1658 = NEXT_ASSEMBLY_USAGE_OCCURRENCE('674','499','',#41,#1043,$);
#1659 = CONTEXT_DEPENDENT_SHAPE_REPRESENTATION(#1660,#1662);
#1660 = ( REPRESENTATION_RELATIONSHIP('','',#1023,#46) 
REPRESENTATION_RELATIONSHIP_WITH_TRANSFORMATION(#1661) 
SHAPE_REPRESENTATION_RELATIONSHIP() );
#1661 = ITEM_DEFINED_TRANSFORMATION('','',#11,#543);
#1662 = PRODUCT_DEFINITION_SHAPE('Placement','Placement of an item',
  #1663);
#1663 = NEXT_ASSEMBLY_USAGE_OCCURRENCE('675','500','',#41,#1043,$);
#1664 = CONTEXT_DEPENDENT_SHAPE_REPRESENTATION(#1665,#1667);
#1665 = ( REPRESENTATION_RELATIONSHIP('','',#1023,#46) 
REPRESENTATION_RELATIONSHIP_WITH_TRANSFORMATION(#1666) 
SHAPE_REPRESENTATION_RELATIONSHIP() );
#1666 = ITEM_DEFINED_TRANSFORMATION('','',#11,#547);
#1667 = PRODUCT_DEFINITION_SHAPE('Placement','Placement of an item',
  #1668);
#1668 = NEXT_ASSEMBLY_USAGE_OCCURRENCE('676','501','',#41,#1043,$);
#1669 = CONTEXT_DEPENDENT_SHAPE_REPRESENTATION(#1670,#1672);
#1670 = ( REPRESENTATION_RELATIONSHIP('','',#1023,#46) 
REPRESENTATION_RELATIONSHIP_WITH_TRANSFORMATION(#1671) 
SHAPE_REPRESENTATION_RELATIONSHIP() );
#1671 = ITEM_DEFINED_TRANSFORMATION('','',#11,#551);
#1672 = PRODUCT_DEFINITION_SHAPE('Placement','Placement of an item',
  #1673);
#1673 = NEXT_ASSEMBLY_USAGE_OCCURRENCE('677','502','',#41,#1043,$);
#1674 = CONTEXT_DEPENDENT_SHAPE_REPRESENTATION(#1675,#1677);
#1675 = ( REPRESENTATION_RELATIONSHIP('','',#1023,#46) 
REPRESENTATION_RELATIONSHIP_WITH_TRANSFORMATION(#1676) 
SHAPE_REPRESENTATION_RELATIONSHIP() );
#1676 = ITEM_DEFINED_TRANSFORMATION('','',#11,#555);
#1677 = PRODUCT_DEFINITION_SHAPE('Placement','Placement of an item',
  #1678);
#1678 = NEXT_ASSEMBLY_USAGE_OCCURRENCE('678','503','',#41,#1043,$);
#1679 = CONTEXT_DEPENDENT_SHAPE_REPRESENTATION(#1680,#1682);
#1680 = ( REPRESENTATION_RELATIONSHIP('','',#1023,#46) 
REPRESENTATION_RELATIONSHIP_WITH_TRANSFORMATION(#1681) 
SHAPE_REPRESENTATION_RELATIONSHIP() );
#1681 = ITEM_DEFINED_TRANSFORMATION('','',#11,#559);
#1682 = PRODUCT_DEFINITION_SHAPE('Placement','Placement of an item',
  #1683);
#1683 = NEXT_ASSEMBLY_USAGE_OCCURRENCE('679','504','',#41,#1043,$);
#1684 = CONTEXT_DEPENDENT_SHAPE_REPRESENTATION(#1685,#1687);
#1685 = ( REPRESENTATION_RELATIONSHIP('','',#1023,#46) 
REPRESENTATION_RELATIONSHIP_WITH_TRANSFORMATION(#1686) 
SHAPE_REPRESENTATION_RELATIONSHIP() );
#1686 = ITEM_DEFINED_TRANSFORMATION('','',#11,#563);
#1687 = PRODUCT_DEFINITION_SHAPE('Placement','Placement of an item',
  #1688);
#1688 = NEXT_ASSEMBLY_USAGE_OCCURRENCE('680','505','',#41,#1043,$);
#1689 = CONTEXT_DEPENDENT_SHAPE_REPRESENTATION(#1690,#1692);
#1690 = ( REPRESENTATION_RELATIONSHIP('','',#1023,#46) 
REPRESENTATION_RELATIONSHIP_WITH_TRANSFORMATION(#1691) 
SHAPE_REPRESENTATION_RELATIONSHIP() );
#1691 = ITEM_DEFINED_TRANSFORMATION('','',#11,#567);
#1692 = PRODUCT_DEFINITION_SHAPE('Placement','Placement of an item',
  #1693);
#1693 = NEXT_ASSEMBLY_USAGE_OCCURRENCE('681','506','',#41,#1043,$);
#1694 = CONTEXT_DEPENDENT_SHAPE_REPRESENTATION(#1695,#1697);
#1695 = ( REPRESENTATION_RELATIONSHIP('','',#1023,#46) 
REPRESENTATION_RELATIONSHIP_WITH_TRANSFORMATION(#1696) 
SHAPE_REPRESENTATION_RELATIONSHIP() );
#1696 = ITEM_DEFINED_TRANSFORMATION('','',#11,#571);
#1697 = PRODUCT_DEFINITION_SHAPE('Placement','Placement of an item',
  #1698);
#1698 = NEXT_ASSEMBLY_USAGE_OCCURRENCE('682','507','',#41,#1043,$);
#1699 = CONTEXT_DEPENDENT_SHAPE_REPRESENTATION(#1700,#1702);
#1700 = ( REPRESENTATION_RELATIONSHIP('','',#1023,#46) 
REPRESENTATION_RELATIONSHIP_WITH_TRANSFORMATION(#1701) 
SHAPE_REPRESENTATION_RELATIONSHIP() );
#1701 = ITEM_DEFINED_TRANSFORMATION('','',#11,#575);
#1702 = PRODUCT_DEFINITION_SHAPE('Placement','Placement of an item',
  #1703);
#1703 = NEXT_ASSEMBLY_USAGE_OCCURRENCE('683','508','',#41,#1043,$);
#1704 = CONTEXT_DEPENDENT_SHAPE_REPRESENTATION(#1705,#1707);
#1705 = ( REPRESENTATION_RELATIONSHIP('','',#1023,#46) 
REPRESENTATION_RELATIONSHIP_WITH_TRANSFORMATION(#1706) 
SHAPE_REPRESENTATION_RELATIONSHIP() );
#1706 = ITEM_DEFINED_TRANSFORMATION('','',#11,#579);
#1707 = PRODUCT_DEFINITION_SHAPE('Placement','Placement of an item',
  #1708);
#1708 = NEXT_ASSEMBLY_USAGE_OCCURRENCE('684','509','',#41,#1043,$);
#1709 = CONTEXT_DEPENDENT_SHAPE_REPRESENTATION(#1710,#1712);
#1710 = ( REPRESENTATION_RELATIONSHIP('','',#1023,#46) 
REPRESENTATION_RELATIONSHIP_WITH_TRANSFORMATION(#1711) 
SHAPE_REPRESENTATION_RELATIONSHIP() );
#1711 = ITEM_DEFINED_TRANSFORMATION('','',#11,#583);
#1712 = PRODUCT_DEFINITION_SHAPE('Placement','Placement of an item',
  #1713);
#1713 = NEXT_ASSEMBLY_USAGE_OCCURRENCE('685','510','',#41,#1043,$);
#1714 = CONTEXT_DEPENDENT_SHAPE_REPRESENTATION(#1715,#1717);
#1715 = ( REPRESENTATION_RELATIONSHIP('','',#1023,#46) 
REPRESENTATION_RELATIONSHIP_WITH_TRANSFORMATION(#1716) 
SHAPE_REPRESENTATION_RELATIONSHIP() );
#1716 = ITEM_DEFINED_TRANSFORMATION('','',#11,#587);
#1717 = PRODUCT_DEFINITION_SHAPE('Placement','Placement of an item',
  #1718);
#1718 = NEXT_ASSEMBLY_USAGE_OCCURRENCE('686','511','',#41,#1043,$);
#1719 = CONTEXT_DEPENDENT_SHAPE_REPRESENTATION(#1720,#1722);
#1720 = ( REPRESENTATION_RELATIONSHIP('','',#1023,#46) 
REPRESENTATION_RELATIONSHIP_WITH_TRANSFORMATION(#1721) 
SHAPE_REPRESENTATION_RELATIONSHIP() );
#1721 = ITEM_DEFINED_TRANSFORMATION('','',#11,#591);
#1722 = PRODUCT_DEFINITION_SHAPE('Placement','Placement of an item',
  #1723);
#1723 = NEXT_ASSEMBLY_USAGE_OCCURRENCE('687','512','',#41,#1043,$);
#1724 = CONTEXT_DEPENDENT_SHAPE_REPRESENTATION(#1725,#1727);
#1725 = ( REPRESENTATION_RELATIONSHIP('','',#1023,#46) 
REPRESENTATION_RELATIONSHIP_WITH_TRANSFORMATION(#1726) 
SHAPE_REPRESENTATION_RELATIONSHIP() );
#1726 = ITEM_DEFINED_TRANSFORMATION('','',#11,#595);
#1727 = PRODUCT_DEFINITION_SHAPE('Placement','Placement of an item',
  #1728);
#1728 = NEXT_ASSEMBLY_USAGE_OCCURRENCE('688','513','',#41,#1043,$);
#1729 = CONTEXT_DEPENDENT_SHAPE_REPRESENTATION(#1730,#1732);
#1730 = ( REPRESENTATION_RELATIONSHIP('','',#1023,#46) 
REPRESENTATION_RELATIONSHIP_WITH_TRANSFORMATION(#1731) 
SHAPE_REPRESENTATION_RELATIONSHIP() );
#1731 = ITEM_DEFINED_TRANSFORMATION('','',#11,#599);
#1732 = PRODUCT_DEFINITION_SHAPE('Placement','Placement of an item',
  #1733);
#1733 = NEXT_ASSEMBLY_USAGE_OCCURRENCE('689','514','',#41,#1043,$);
#1734 = CONTEXT_DEPENDENT_SHAPE_REPRESENTATION(#1735,#1737);
#1735 = ( REPRESENTATION_RELATIONSHIP('','',#1023,#46) 
REPRESENTATION_RELATIONSHIP_WITH_TRANSFORMATION(#1736) 
SHAPE_REPRESENTATION_RELATIONSHIP() );
#1736 = ITEM_DEFINED_TRANSFORMATION('','',#11,#603);
#1737 = PRODUCT_DEFINITION_SHAPE('Placement','Placement of an item',
  #1738);
#1738 = NEXT_ASSEMBLY_USAGE_OCCURRENCE('690','515','',#41,#1043,$);
#1739 = CONTEXT_DEPENDENT_SHAPE_REPRESENTATION(#1740,#1742);
#1740 = ( REPRESENTATION_RELATIONSHIP('','',#1023,#46) 
REPRESENTATION_RELATIONSHIP_WITH_TRANSFORMATION(#1741) 
SHAPE_REPRESENTATION_RELATIONSHIP() );
#1741 = ITEM_DEFINED_TRANSFORMATION('','',#11,#607);
#1742 = PRODUCT_DEFINITION_SHAPE('Placement','Placement of an item',
  #1743);
#1743 = NEXT_ASSEMBLY_USAGE_OCCURRENCE('691','516','',#41,#1043,$);
#1744 = CONTEXT_DEPENDENT_SHAPE_REPRESENTATION(#1745,#1747);
#1745 = ( REPRESENTATION_RELATIONSHIP('','',#1023,#46) 
REPRESENTATION_RELATIONSHIP_WITH_TRANSFORMATION(#1746) 
SHAPE_REPRESENTATION_RELATIONSHIP() );
#1746 = ITEM_DEFINED_TRANSFORMATION('','',#11,#611);
#1747 = PRODUCT_DEFINITION_SHAPE('Placement','Placement of an item',
  #1748);
#1748 = NEXT_ASSEMBLY_USAGE_OCCURRENCE('692','517','',#41,#1043,$);
#1749 = CONTEXT_DEPENDENT_SHAPE_REPRESENTATION(#1750,#1752);
#1750 = ( REPRESENTATION_RELATIONSHIP('','',#1023,#46) 
REPRESENTATION_RELATIONSHIP_WITH_TRANSFORMATION(#1751) 
SHAPE_REPRESENTATION_RELATIONSHIP() );
#1751 = ITEM_DEFINED_TRANSFORMATION('','',#11,#615);
#1752 = PRODUCT_DEFINITION_SHAPE('Placement','Placement of an item',
  #1753);
#1753 = NEXT_ASSEMBLY_USAGE_OCCURRENCE('693','518','',#41,#1043,$);
#1754 = CONTEXT_DEPENDENT_SHAPE_REPRESENTATION(#1755,#1757);
#1755 = ( REPRESENTATION_RELATIONSHIP('','',#1023,#46) 
REPRESENTATION_RELATIONSHIP_WITH_TRANSFORMATION(#1756) 
SHAPE_REPRESENTATION_RELATIONSHIP() );
#1756 = ITEM_DEFINED_TRANSFORMATION('','',#11,#619);
#1757 = PRODUCT_DEFINITION_SHAPE('Placement','Placement of an item',
  #1758);
#1758 = NEXT_ASSEMBLY_USAGE_OCCURRENCE('694','519','',#41,#1043,$);
#1759 = CONTEXT_DEPENDENT_SHAPE_REPRESENTATION(#1760,#1762);
#1760 = ( REPRESENTATION_RELATIONSHIP('','',#1023,#46) 
REPRESENTATION_RELATIONSHIP_WITH_TRANSFORMATION(#1761) 
SHAPE_REPRESENTATION_RELATIONSHIP() );
#1761 = ITEM_DEFINED_TRANSFORMATION('','',#11,#623);
#1762 = PRODUCT_DEFINITION_SHAPE('Placement','Placement of an item',
  #1763);
#1763 = NEXT_ASSEMBLY_USAGE_OCCURRENCE('695','520','',#41,#1043,$);
#1764 = CONTEXT_DEPENDENT_SHAPE_REPRESENTATION(#1765,#1767);
#1765 = ( REPRESENTATION_RELATIONSHIP('','',#1023,#46) 
REPRESENTATION_RELATIONSHIP_WITH_TRANSFORMATION(#1766) 
SHAPE_REPRESENTATION_RELATIONSHIP() );
#1766 = ITEM_DEFINED_TRANSFORMATION('','',#11,#627);
#1767 = PRODUCT_DEFINITION_SHAPE('Placement','Placement of an item',
  #1768);
#1768 = NEXT_ASSEMBLY_USAGE_OCCURRENCE('696','521','',#41,#1043,$);
#1769 = CONTEXT_DEPENDENT_SHAPE_REPRESENTATION(#1770,#1772);
#1770 = ( REPRESENTATION_RELATIONSHIP('','',#1023,#46) 
REPRESENTATION_RELATIONSHIP_WITH_TRANSFORMATION(#1771) 
SHAPE_REPRESENTATION_RELATIONSHIP() );
#1771 = ITEM_DEFINED_TRANSFORMATION('','',#11,#631);
#1772 = PRODUCT_DEFINITION_SHAPE('Placement','Placement of an item',
  #1773);
#1773 = NEXT_ASSEMBLY_USAGE_OCCURRENCE('697','522','',#41,#1043,$);
#1774 = CONTEXT_DEPENDENT_SHAPE_REPRESENTATION(#1775,#1777);
#1775 = ( REPRESENTATION_RELATIONSHIP('','',#1023,#46) 
REPRESENTATION_RELATIONSHIP_WITH_TRANSFORMATION(#1776) 
SHAPE_REPRESENTATION_RELATIONSHIP() );
#1776 = ITEM_DEFINED_TRANSFORMATION('','',#11,#635);
#1777 = PRODUCT_DEFINITION_SHAPE('Placement','Placement of an item',
  #1778);
#1778 = NEXT_ASSEMBLY_USAGE_OCCURRENCE('698','523','',#41,#1043,$);
#1779 = CONTEXT_DEPENDENT_SHAPE_REPRESENTATION(#1780,#1782);
#1780 = ( REPRESENTATION_RELATIONSHIP('','',#1023,#46) 
REPRESENTATION_RELATIONSHIP_WITH_TRANSFORMATION(#1781) 
SHAPE_REPRESENTATION_RELATIONSHIP() );
#1781 = ITEM_DEFINED_TRANSFORMATION('','',#11,#639);
#1782 = PRODUCT_DEFINITION_SHAPE('Placement','Placement of an item',
  #1783);
#1783 = NEXT_ASSEMBLY_USAGE_OCCURRENCE('699','524','',#41,#1043,$);
#1784 = CONTEXT_DEPENDENT_SHAPE_REPRESENTATION(#1785,#1787);
#1785 = ( REPRESENTATION_RELATIONSHIP('','',#1023,#46) 
REPRESENTATION_RELATIONSHIP_WITH_TRANSFORMATION(#1786) 
SHAPE_REPRESENTATION_RELATIONSHIP() );
#1786 = ITEM_DEFINED_TRANSFORMATION('','',#11,#643);
#1787 = PRODUCT_DEFINITION_SHAPE('Placement','Placement of an item',
  #1788);
#1788 = NEXT_ASSEMBLY_USAGE_OCCURRENCE('700','525','',#41,#1043,$);
#1789 = CONTEXT_DEPENDENT_SHAPE_REPRESENTATION(#1790,#1792);
#1790 = ( REPRESENTATION_RELATIONSHIP('','',#1023,#46) 
REPRESENTATION_RELATIONSHIP_WITH_TRANSFORMATION(#1791) 
SHAPE_REPRESENTATION_RELATIONSHIP() );
#1791 = ITEM_DEFINED_TRANSFORMATION('','',#11,#647);
#1792 = PRODUCT_DEFINITION_SHAPE('Placement','Placement of an item',
  #1793);
#1793 = NEXT_ASSEMBLY_USAGE_OCCURRENCE('701','526','',#41,#1043,$);
#1794 = CONTEXT_DEPENDENT_SHAPE_REPRESENTATION(#1795,#1797);
#1795 = ( REPRESENTATION_RELATIONSHIP('','',#1023,#46) 
REPRESENTATION_RELATIONSHIP_WITH_TRANSFORMATION(#1796) 
SHAPE_REPRESENTATION_RELATIONSHIP() );
#1796 = ITEM_DEFINED_TRANSFORMATION('','',#11,#651);
#1797 = PRODUCT_DEFINITION_SHAPE('Placement','Placement of an item',
  #1798);
#1798 = NEXT_ASSEMBLY_USAGE_OCCURRENCE('702','527','',#41,#1043,$);
#1799 = CONTEXT_DEPENDENT_SHAPE_REPRESENTATION(#1800,#1802);
#1800 = ( REPRESENTATION_RELATIONSHIP('','',#1023,#46) 
REPRESENTATION_RELATIONSHIP_WITH_TRANSFORMATION(#1801) 
SHAPE_REPRESENTATION_RELATIONSHIP() );
#1801 = ITEM_DEFINED_TRANSFORMATION('','',#11,#655);
#1802 = PRODUCT_DEFINITION_SHAPE('Placement','Placement of an item',
  #1803);
#1803 = NEXT_ASSEMBLY_USAGE_OCCURRENCE('703','528','',#41,#1043,$);
#1804 = CONTEXT_DEPENDENT_SHAPE_REPRESENTATION(#1805,#1807);
#1805 = ( REPRESENTATION_RELATIONSHIP('','',#1023,#46) 
REPRESENTATION_RELATIONSHIP_WITH_TRANSFORMATION(#1806) 
SHAPE_REPRESENTATION_RELATIONSHIP() );
#1806 = ITEM_DEFINED_TRANSFORMATION('','',#11,#659);
#1807 = PRODUCT_DEFINITION_SHAPE('Placement','Placement of an item',
  #1808);
#1808 = NEXT_ASSEMBLY_USAGE_OCCURRENCE('704','529','',#41,#1043,$);
#1809 = CONTEXT_DEPENDENT_SHAPE_REPRESENTATION(#1810,#1812);
#1810 = ( REPRESENTATION_RELATIONSHIP('','',#1023,#46) 
REPRESENTATION_RELATIONSHIP_WITH_TRANSFORMATION(#1811) 
SHAPE_REPRESENTATION_RELATIONSHIP() );
#1811 = ITEM_DEFINED_TRANSFORMATION('','',#11,#663);
#1812 = PRODUCT_DEFINITION_SHAPE('Placement','Placement of an item',
  #1813);
#1813 = NEXT_ASSEMBLY_USAGE_OCCURRENCE('705','530','',#41,#1043,$);
#1814 = CONTEXT_DEPENDENT_SHAPE_REPRESENTATION(#1815,#1817);
#1815 = ( REPRESENTATION_RELATIONSHIP('','',#1023,#46) 
REPRESENTATION_RELATIONSHIP_WITH_TRANSFORMATION(#1816) 
SHAPE_REPRESENTATION_RELATIONSHIP() );
#1816 = ITEM_DEFINED_TRANSFORMATION('','',#11,#667);
#1817 = PRODUCT_DEFINITION_SHAPE('Placement','Placement of an item',
  #1818);
#1818 = NEXT_ASSEMBLY_USAGE_OCCURRENCE('706','531','',#41,#1043,$);
#1819 = CONTEXT_DEPENDENT_SHAPE_REPRESENTATION(#1820,#1822);
#1820 = ( REPRESENTATION_RELATIONSHIP('','',#1023,#46) 
REPRESENTATION_RELATIONSHIP_WITH_TRANSFORMATION(#1821) 
SHAPE_REPRESENTATION_RELATIONSHIP() );
#1821 = ITEM_DEFINED_TRANSFORMATION('','',#11,#671);
#1822 = PRODUCT_DEFINITION_SHAPE('Placement','Placement of an item',
  #1823);
#1823 = NEXT_ASSEMBLY_USAGE_OCCURRENCE('707','532','',#41,#1043,$);
#1824 = CONTEXT_DEPENDENT_SHAPE_REPRESENTATION(#1825,#1827);
#1825 = ( REPRESENTATION_RELATIONSHIP('','',#1023,#46) 
REPRESENTATION_RELATIONSHIP_WITH_TRANSFORMATION(#1826) 
SHAPE_REPRESENTATION_RELATIONSHIP() );
#1826 = ITEM_DEFINED_TRANSFORMATION('','',#11,#675);
#1827 = PRODUCT_DEFINITION_SHAPE('Placement','Placement of an item',
  #1828);
#1828 = NEXT_ASSEMBLY_USAGE_OCCURRENCE('708','533','',#41,#1043,$);
#1829 = CONTEXT_DEPENDENT_SHAPE_REPRESENTATION(#1830,#1832);
#1830 = ( REPRESENTATION_RELATIONSHIP('','',#1023,#46) 
REPRESENTATION_RELATIONSHIP_WITH_TRANSFORMATION(#1831) 
SHAPE_REPRESENTATION_RELATIONSHIP() );
#1831 = ITEM_DEFINED_TRANSFORMATION('','',#11,#679);
#1832 = PRODUCT_DEFINITION_SHAPE('Placement','Placement of an item',
  #1833);
#1833 = NEXT_ASSEMBLY_USAGE_OCCURRENCE('709','534','',#41,#1043,$);
#1834 = CONTEXT_DEPENDENT_SHAPE_REPRESENTATION(#1835,#1837);
#1835 = ( REPRESENTATION_RELATIONSHIP('','',#1023,#46) 
REPRESENTATION_RELATIONSHIP_WITH_TRANSFORMATION(#1836) 
SHAPE_REPRESENTATION_RELATIONSHIP() );
#1836 = ITEM_DEFINED_TRANSFORMATION('','',#11,#683);
#1837 = PRODUCT_DEFINITION_SHAPE('Placement','Placement of an item',
  #1838);
#1838 = NEXT_ASSEMBLY_USAGE_OCCURRENCE('710','535','',#41,#1043,$);
#1839 = CONTEXT_DEPENDENT_SHAPE_REPRESENTATION(#1840,#1842);
#1840 = ( REPRESENTATION_RELATIONSHIP('','',#1023,#46) 
REPRESENTATION_RELATIONSHIP_WITH_TRANSFORMATION(#1841) 
SHAPE_REPRESENTATION_RELATIONSHIP() );
#1841 = ITEM_DEFINED_TRANSFORMATION('','',#11,#687);
#1842 = PRODUCT_DEFINITION_SHAPE('Placement','Placement of an item',
  #1843);
#1843 = NEXT_ASSEMBLY_USAGE_OCCURRENCE('711','536','',#41,#1043,$);
#1844 = CONTEXT_DEPENDENT_SHAPE_REPRESENTATION(#1845,#1847);
#1845 = ( REPRESENTATION_RELATIONSHIP('','',#1023,#46) 
REPRESENTATION_RELATIONSHIP_WITH_TRANSFORMATION(#1846) 
SHAPE_REPRESENTATION_RELATIONSHIP() );
#1846 = ITEM_DEFINED_TRANSFORMATION('','',#11,#691);
#1847 = PRODUCT_DEFINITION_SHAPE('Placement','Placement of an item',
  #1848);
#1848 = NEXT_ASSEMBLY_USAGE_OCCURRENCE('712','537','',#41,#1043,$);
#1849 = CONTEXT_DEPENDENT_SHAPE_REPRESENTATION(#1850,#1852);
#1850 = ( REPRESENTATION_RELATIONSHIP('','',#1023,#46) 
REPRESENTATION_RELATIONSHIP_WITH_TRANSFORMATION(#1851) 
SHAPE_REPRESENTATION_RELATIONSHIP() );
#1851 = ITEM_DEFINED_TRANSFORMATION('','',#11,#695);
#1852 = PRODUCT_DEFINITION_SHAPE('Placement','Placement of an item',
  #1853);
#1853 = NEXT_ASSEMBLY_USAGE_OCCURRENCE('713','538','',#41,#1043,$);
#1854 = CONTEXT_DEPENDENT_SHAPE_REPRESENTATION(#1855,#1857);
#1855 = ( REPRESENTATION_RELATIONSHIP('','',#1023,#46) 
REPRESENTATION_RELATIONSHIP_WITH_TRANSFORMATION(#1856) 
SHAPE_REPRESENTATION_RELATIONSHIP() );
#1856 = ITEM_DEFINED_TRANSFORMATION('','',#11,#699);
#1857 = PRODUCT_DEFINITION_SHAPE('Placement','Placement of an item',
  #1858);
#1858 = NEXT_ASSEMBLY_USAGE_OCCURRENCE('714','539','',#41,#1043,$);
#1859 = CONTEXT_DEPENDENT_SHAPE_REPRESENTATION(#1860,#1862);
#1860 = ( REPRESENTATION_RELATIONSHIP('','',#1023,#46) 
REPRESENTATION_RELATIONSHIP_WITH_TRANSFORMATION(#1861) 
SHAPE_REPRESENTATION_RELATIONSHIP() );
#1861 = ITEM_DEFINED_TRANSFORMATION('','',#11,#703);
#1862 = PRODUCT_DEFINITION_SHAPE('Placement','Placement of an item',
  #1863);
#1863 = NEXT_ASSEMBLY_USAGE_OCCURRENCE('715','540','',#41,#1043,$);
#1864 = CONTEXT_DEPENDENT_SHAPE_REPRESENTATION(#1865,#1867);
#1865 = ( REPRESENTATION_RELATIONSHIP('','',#1023,#46) 
REPRESENTATION_RELATIONSHIP_WITH_TRANSFORMATION(#1866) 
SHAPE_REPRESENTATION_RELATIONSHIP() );
#1866 = ITEM_DEFINED_TRANSFORMATION('','',#11,#707);
#1867 = PRODUCT_DEFINITION_SHAPE('Placement','Placement of an item',
  #1868);
#1868 = NEXT_ASSEMBLY_USAGE_OCCURRENCE('716','541','',#41,#1043,$);
#1869 = CONTEXT_DEPENDENT_SHAPE_REPRESENTATION(#1870,#1872);
#1870 = ( REPRESENTATION_RELATIONSHIP('','',#1023,#46) 
REPRESENTATION_RELATIONSHIP_WITH_TRANSFORMATION(#1871) 
SHAPE_REPRESENTATION_RELATIONSHIP() );
#1871 = ITEM_DEFINED_TRANSFORMATION('','',#11,#711);
#1872 = PRODUCT_DEFINITION_SHAPE('Placement','Placement of an item',
  #1873);
#1873 = NEXT_ASSEMBLY_USAGE_OCCURRENCE('717','542','',#41,#1043,$);
#1874 = CONTEXT_DEPENDENT_SHAPE_REPRESENTATION(#1875,#1877);
#1875 = ( REPRESENTATION_RELATIONSHIP('','',#1023,#46) 
REPRESENTATION_RELATIONSHIP_WITH_TRANSFORMATION(#1876) 
SHAPE_REPRESENTATION_RELATIONSHIP() );
#1876 = ITEM_DEFINED_TRANSFORMATION('','',#11,#715);
#1877 = PRODUCT_DEFINITION_SHAPE('Placement','Placement of an item',
  #1878);
#1878 = NEXT_ASSEMBLY_USAGE_OCCURRENCE('718','543','',#41,#1043,$);
#1879 = CONTEXT_DEPENDENT_SHAPE_REPRESENTATION(#1880,#1882);
#1880 = ( REPRESENTATION_RELATIONSHIP('','',#1023,#46) 
REPRESENTATION_RELATIONSHIP_WITH_TRANSFORMATION(#1881) 
SHAPE_REPRESENTATION_RELATIONSHIP() );
#1881 = ITEM_DEFINED_TRANSFORMATION('','',#11,#719);
#1882 = PRODUCT_DEFINITION_SHAPE('Placement','Placement of an item',
  #1883);
#1883 = NEXT_ASSEMBLY_USAGE_OCCURRENCE('719','544','',#41,#1043,$);
#1884 = CONTEXT_DEPENDENT_SHAPE_REPRESENTATION(#1885,#1887);
#1885 = ( REPRESENTATION_RELATIONSHIP('','',#1023,#46) 
REPRESENTATION_RELATIONSHIP_WITH_TRANSFORMATION(#1886) 
SHAPE_REPRESENTATION_RELATIONSHIP() );
#1886 = ITEM_DEFINED_TRANSFORMATION('','',#11,#723);
#1887 = PRODUCT_DEFINITION_SHAPE('Placement','Placement of an item',
  #1888);
#1888 = NEXT_ASSEMBLY_USAGE_OCCURRENCE('720','545','',#41,#1043,$);
#1889 = CONTEXT_DEPENDENT_SHAPE_REPRESENTATION(#1890,#1892);
#1890 = ( REPRESENTATION_RELATIONSHIP('','',#1023,#46) 
REPRESENTATION_RELATIONSHIP_WITH_TRANSFORMATION(#1891) 
SHAPE_REPRESENTATION_RELATIONSHIP() );
#1891 = ITEM_DEFINED_TRANSFORMATION('','',#11,#727);
#1892 = PRODUCT_DEFINITION_SHAPE('Placement','Placement of an item',
  #1893);
#1893 = NEXT_ASSEMBLY_USAGE_OCCURRENCE('721','546','',#41,#1043,$);
#1894 = CONTEXT_DEPENDENT_SHAPE_REPRESENTATION(#1895,#1897);
#1895 = ( REPRESENTATION_RELATIONSHIP('','',#1023,#46) 
REPRESENTATION_RELATIONSHIP_WITH_TRANSFORMATION(#1896) 
SHAPE_REPRESENTATION_RELATIONSHIP() );
#1896 = ITEM_DEFINED_TRANSFORMATION('','',#11,#731);
#1897 = PRODUCT_DEFINITION_SHAPE('Placement','Placement of an item',
  #1898);
#1898 = NEXT_ASSEMBLY_USAGE_OCCURRENCE('722','547','',#41,#1043,$);
#1899 = CONTEXT_DEPENDENT_SHAPE_REPRESENTATION(#1900,#1902);
#1900 = ( REPRESENTATION_RELATIONSHIP('','',#1023,#46) 
REPRESENTATION_RELATIONSHIP_WITH_TRANSFORMATION(#1901) 
SHAPE_REPRESENTATION_RELATIONSHIP() );
#1901 = ITEM_DEFINED_TRANSFORMATION('','',#11,#735);
#1902 = PRODUCT_DEFINITION_SHAPE('Placement','Placement of an item',
  #1903);
#1903 = NEXT_ASSEMBLY_USAGE_OCCURRENCE('723','548','',#41,#1043,$);
#1904 = CONTEXT_DEPENDENT_SHAPE_REPRESENTATION(#1905,#1907);
#1905 = ( REPRESENTATION_RELATIONSHIP('','',#1023,#46) 
REPRESENTATION_RELATIONSHIP_WITH_TRANSFORMATION(#1906) 
SHAPE_REPRESENTATION_RELATIONSHIP() );
#1906 = ITEM_DEFINED_TRANSFORMATION('','',#11,#739);
#1907 = PRODUCT_DEFINITION_SHAPE('Placement','Placement of an item',
  #1908);
#1908 = NEXT_ASSEMBLY_USAGE_OCCURRENCE('724','549','',#41,#1043,$);
#1909 = CONTEXT_DEPENDENT_SHAPE_REPRESENTATION(#1910,#1912);
#1910 = ( REPRESENTATION_RELATIONSHIP('','',#46,#28) 
REPRESENTATION_RELATIONSHIP_WITH_TRANSFORMATION(#1911) 
SHAPE_REPRESENTATION_RELATIONSHIP() );
#1911 = ITEM_DEFINED_TRANSFORMATION('','',#11,#29);
#1912 = PRODUCT_DEFINITION_SHAPE('Placement','Placement of an item',
  #1913);
#1913 = NEXT_ASSEMBLY_USAGE_OCCURRENCE('725','','',#23,#41,$);
#1914 = PRODUCT_RELATED_PRODUCT_CATEGORY('part',$,(#43));
#1915 = MECHANICAL_DESIGN_GEOMETRIC_PRESENTATION_REPRESENTATION('',(
    #1916),#999);
#1916 = STYLED_ITEM('color',(#1917),#804);
#1917 = PRESENTATION_STYLE_ASSIGNMENT((#1918,#1924));
#1918 = SURFACE_STYLE_USAGE(.BOTH.,#1919);
#1919 = SURFACE_SIDE_STYLE('',(#1920));
#1920 = SURFACE_STYLE_FILL_AREA(#1921);
#1921 = FILL_AREA_STYLE('',(#1922));
#1922 = FILL_AREA_STYLE_COLOUR('',#1923);
#1923 = COLOUR_RGB('',0.199999998682,0.199999998682,0.199999998682);
#1924 = CURVE_STYLE('',#1925,POSITIVE_LENGTH_MEASURE(0.1),#1923);
#1925 = DRAUGHTING_PRE_DEFINED_CURVE_FONT('continuous');
#1926 = MECHANICAL_DESIGN_GEOMETRIC_PRESENTATION_REPRESENTATION('',(
    #1927),#1036);
#1927 = STYLED_ITEM('color',(#1928),#1024);
#1928 = PRESENTATION_STYLE_ASSIGNMENT((#1929,#1935));
#1929 = SURFACE_STYLE_USAGE(.BOTH.,#1930);
#1930 = SURFACE_SIDE_STYLE('',(#1931));
#1931 = SURFACE_STYLE_FILL_AREA(#1932);
#1932 = FILL_AREA_STYLE('',(#1933));
#1933 = FILL_AREA_STYLE_COLOUR('',#1934);
#1934 = COLOUR_RGB('',0.800000010877,0.800000010877,0.800000010877);
#1935 = CURVE_STYLE('',#1936,POSITIVE_LENGTH_MEASURE(0.1),#1934);
#1936 = DRAUGHTING_PRE_DEFINED_CURVE_FONT('continuous');
#1937 = MECHANICAL_DESIGN_GEOMETRIC_PRESENTATION_REPRESENTATION('',(
    #1938),#768);
#1938 = STYLED_ITEM('color',(#1939),#751);
#1939 = PRESENTATION_STYLE_ASSIGNMENT((#1940,#1946));
#1940 = SURFACE_STYLE_USAGE(.BOTH.,#1941);
#1941 = SURFACE_SIDE_STYLE('',(#1942));
#1942 = SURFACE_STYLE_FILL_AREA(#1943);
#1943 = FILL_AREA_STYLE('',(#1944));
#1944 = FILL_AREA_STYLE_COLOUR('',#1945);
#1945 = DRAUGHTING_PRE_DEFINED_COLOUR('white');
#1946 = CURVE_STYLE('',#1947,POSITIVE_LENGTH_MEASURE(0.1),#1945);
#1947 = DRAUGHTING_PRE_DEFINED_CURVE_FONT('continuous');
ENDSEC;
END-ISO-10303-21;
