ISO-10303-21;
HEADER;
FILE_DESCRIPTION(('Open CASCADE Model'),'2;1');
FILE_NAME('Open CASCADE Shape Model','2026-06-14T16:52:15',('Author'),(
    'Open CASCADE'),'Open CASCADE STEP processor 7.5','Open CASCADE 7.5'
  ,'Unknown');
FILE_SCHEMA(('AUTOMOTIVE_DESIGN { 1 0 10303 214 1 1 1 1 }'));
ENDSEC;
DATA;
#1 = APPLICATION_PROTOCOL_DEFINITION('international standard',
  'automotive_design',2000,#2);
#2 = APPLICATION_CONTEXT(
  'core data for automotive mechanical design processes');
#3 = SHAPE_DEFINITION_REPRESENTATION(#4,#10);
#4 = PRODUCT_DEFINITION_SHAPE('','',#5);
#5 = PRODUCT_DEFINITION('design','',#6,#9);
#6 = PRODUCT_DEFINITION_FORMATION('','',#7);
#7 = PRODUCT('W9825G6KH-6.step','W9825G6KH-6.step','',(#8));
#8 = PRODUCT_CONTEXT('',#2,'mechanical');
#9 = PRODUCT_DEFINITION_CONTEXT('part definition',#2,'design');
#10 = SHAPE_REPRESENTATION('',(#11,#15,#19,#23,#27,#31,#35,#39,#43,#47,
    #51,#55,#59,#63,#67,#71,#75,#79,#83,#87,#91,#95,#99,#103,#107,#111,
    #115,#119,#123,#127,#131,#135,#139,#143,#147,#151,#155,#159,#163,
    #167,#171,#175,#179,#183,#187,#191,#195,#199,#203,#207,#211,#215,
    #219,#223,#227,#231,#235),#239);
#11 = AXIS2_PLACEMENT_3D('',#12,#13,#14);
#12 = CARTESIAN_POINT('',(0.,0.,0.));
#13 = DIRECTION('',(0.,0.,1.));
#14 = DIRECTION('',(1.,0.,-0.));
#15 = AXIS2_PLACEMENT_3D('',#16,#17,#18);
#16 = CARTESIAN_POINT('',(-5.15,-11.2,1.E-03));
#17 = DIRECTION('',(0.,0.,1.));
#18 = DIRECTION('',(1.,0.,-0.));
#19 = AXIS2_PLACEMENT_3D('',#20,#21,#22);
#20 = CARTESIAN_POINT('',(-5.15,-11.2,0.));
#21 = DIRECTION('',(0.,0.,1.));
#22 = DIRECTION('',(1.,0.,-0.));
#23 = AXIS2_PLACEMENT_3D('',#24,#25,#26);
#24 = CARTESIAN_POINT('',(-5.15,-10.4,0.));
#25 = DIRECTION('',(0.,0.,1.));
#26 = DIRECTION('',(-1.,1.224646799147E-16,0.));
#27 = AXIS2_PLACEMENT_3D('',#28,#29,#30);
#28 = CARTESIAN_POINT('',(-5.15,-9.6,0.));
#29 = DIRECTION('',(0.,0.,1.));
#30 = DIRECTION('',(-1.,1.224646799147E-16,0.));
#31 = AXIS2_PLACEMENT_3D('',#32,#33,#34);
#32 = CARTESIAN_POINT('',(-5.15,-8.8,0.));
#33 = DIRECTION('',(0.,0.,1.));
#34 = DIRECTION('',(-1.,1.224646799147E-16,0.));
#35 = AXIS2_PLACEMENT_3D('',#36,#37,#38);
#36 = CARTESIAN_POINT('',(-5.15,-8.,0.));
#37 = DIRECTION('',(0.,0.,1.));
#38 = DIRECTION('',(-1.,1.224646799147E-16,0.));
#39 = AXIS2_PLACEMENT_3D('',#40,#41,#42);
#40 = CARTESIAN_POINT('',(-5.15,-7.2,0.));
#41 = DIRECTION('',(0.,0.,1.));
#42 = DIRECTION('',(-1.,1.224646799147E-16,0.));
#43 = AXIS2_PLACEMENT_3D('',#44,#45,#46);
#44 = CARTESIAN_POINT('',(-5.15,-6.4,0.));
#45 = DIRECTION('',(0.,0.,1.));
#46 = DIRECTION('',(-1.,1.224646799147E-16,0.));
#47 = AXIS2_PLACEMENT_3D('',#48,#49,#50);
#48 = CARTESIAN_POINT('',(-5.15,-5.6,0.));
#49 = DIRECTION('',(0.,0.,1.));
#50 = DIRECTION('',(-1.,1.224646799147E-16,0.));
#51 = AXIS2_PLACEMENT_3D('',#52,#53,#54);
#52 = CARTESIAN_POINT('',(-5.15,-4.8,0.));
#53 = DIRECTION('',(0.,0.,1.));
#54 = DIRECTION('',(-1.,1.224646799147E-16,0.));
#55 = AXIS2_PLACEMENT_3D('',#56,#57,#58);
#56 = CARTESIAN_POINT('',(-5.15,-4.,0.));
#57 = DIRECTION('',(0.,0.,1.));
#58 = DIRECTION('',(-1.,1.224646799147E-16,0.));
#59 = AXIS2_PLACEMENT_3D('',#60,#61,#62);
#60 = CARTESIAN_POINT('',(-5.15,-3.2,0.));
#61 = DIRECTION('',(0.,0.,1.));
#62 = DIRECTION('',(-1.,1.224646799147E-16,0.));
#63 = AXIS2_PLACEMENT_3D('',#64,#65,#66);
#64 = CARTESIAN_POINT('',(-5.15,-2.4,0.));
#65 = DIRECTION('',(0.,0.,1.));
#66 = DIRECTION('',(-1.,1.224646799147E-16,0.));
#67 = AXIS2_PLACEMENT_3D('',#68,#69,#70);
#68 = CARTESIAN_POINT('',(-5.15,-1.6,0.));
#69 = DIRECTION('',(0.,0.,1.));
#70 = DIRECTION('',(-1.,1.224646799147E-16,0.));
#71 = AXIS2_PLACEMENT_3D('',#72,#73,#74);
#72 = CARTESIAN_POINT('',(-5.15,-0.8,0.));
#73 = DIRECTION('',(0.,0.,1.));
#74 = DIRECTION('',(-1.,1.224646799147E-16,0.));
#75 = AXIS2_PLACEMENT_3D('',#76,#77,#78);
#76 = CARTESIAN_POINT('',(-5.15,0.,0.));
#77 = DIRECTION('',(0.,0.,1.));
#78 = DIRECTION('',(-1.,1.224646799147E-16,0.));
#79 = AXIS2_PLACEMENT_3D('',#80,#81,#82);
#80 = CARTESIAN_POINT('',(-5.15,0.8,0.));
#81 = DIRECTION('',(0.,0.,1.));
#82 = DIRECTION('',(-1.,1.224646799147E-16,0.));
#83 = AXIS2_PLACEMENT_3D('',#84,#85,#86);
#84 = CARTESIAN_POINT('',(-5.15,1.6,0.));
#85 = DIRECTION('',(0.,0.,1.));
#86 = DIRECTION('',(-1.,1.224646799147E-16,0.));
#87 = AXIS2_PLACEMENT_3D('',#88,#89,#90);
#88 = CARTESIAN_POINT('',(-5.15,2.4,0.));
#89 = DIRECTION('',(0.,0.,1.));
#90 = DIRECTION('',(-1.,1.224646799147E-16,0.));
#91 = AXIS2_PLACEMENT_3D('',#92,#93,#94);
#92 = CARTESIAN_POINT('',(-5.15,3.2,0.));
#93 = DIRECTION('',(0.,0.,1.));
#94 = DIRECTION('',(-1.,1.224646799147E-16,0.));
#95 = AXIS2_PLACEMENT_3D('',#96,#97,#98);
#96 = CARTESIAN_POINT('',(-5.15,4.,0.));
#97 = DIRECTION('',(0.,0.,1.));
#98 = DIRECTION('',(-1.,1.224646799147E-16,0.));
#99 = AXIS2_PLACEMENT_3D('',#100,#101,#102);
#100 = CARTESIAN_POINT('',(-5.15,4.8,0.));
#101 = DIRECTION('',(0.,0.,1.));
#102 = DIRECTION('',(-1.,1.224646799147E-16,0.));
#103 = AXIS2_PLACEMENT_3D('',#104,#105,#106);
#104 = CARTESIAN_POINT('',(-5.15,5.6,0.));
#105 = DIRECTION('',(0.,0.,1.));
#106 = DIRECTION('',(-1.,1.224646799147E-16,0.));
#107 = AXIS2_PLACEMENT_3D('',#108,#109,#110);
#108 = CARTESIAN_POINT('',(-5.15,6.4,0.));
#109 = DIRECTION('',(0.,0.,1.));
#110 = DIRECTION('',(-1.,1.224646799147E-16,0.));
#111 = AXIS2_PLACEMENT_3D('',#112,#113,#114);
#112 = CARTESIAN_POINT('',(-5.15,7.2,0.));
#113 = DIRECTION('',(0.,0.,1.));
#114 = DIRECTION('',(-1.,1.224646799147E-16,0.));
#115 = AXIS2_PLACEMENT_3D('',#116,#117,#118);
#116 = CARTESIAN_POINT('',(-5.15,8.,0.));
#117 = DIRECTION('',(0.,0.,1.));
#118 = DIRECTION('',(-1.,1.224646799147E-16,0.));
#119 = AXIS2_PLACEMENT_3D('',#120,#121,#122);
#120 = CARTESIAN_POINT('',(-5.15,8.8,0.));
#121 = DIRECTION('',(0.,0.,1.));
#122 = DIRECTION('',(-1.,1.224646799147E-16,0.));
#123 = AXIS2_PLACEMENT_3D('',#124,#125,#126);
#124 = CARTESIAN_POINT('',(-5.15,9.6,0.));
#125 = DIRECTION('',(0.,0.,1.));
#126 = DIRECTION('',(-1.,1.224646799147E-16,0.));
#127 = AXIS2_PLACEMENT_3D('',#128,#129,#130);
#128 = CARTESIAN_POINT('',(-5.15,10.4,0.));
#129 = DIRECTION('',(0.,0.,1.));
#130 = DIRECTION('',(-1.,1.224646799147E-16,0.));
#131 = AXIS2_PLACEMENT_3D('',#132,#133,#134);
#132 = CARTESIAN_POINT('',(5.15,-10.4,0.));
#133 = DIRECTION('',(0.,0.,1.));
#134 = DIRECTION('',(1.,0.,-0.));
#135 = AXIS2_PLACEMENT_3D('',#136,#137,#138);
#136 = CARTESIAN_POINT('',(5.15,-9.6,0.));
#137 = DIRECTION('',(0.,0.,1.));
#138 = DIRECTION('',(1.,0.,-0.));
#139 = AXIS2_PLACEMENT_3D('',#140,#141,#142);
#140 = CARTESIAN_POINT('',(5.15,-8.8,0.));
#141 = DIRECTION('',(0.,0.,1.));
#142 = DIRECTION('',(1.,0.,-0.));
#143 = AXIS2_PLACEMENT_3D('',#144,#145,#146);
#144 = CARTESIAN_POINT('',(5.15,-8.,0.));
#145 = DIRECTION('',(0.,0.,1.));
#146 = DIRECTION('',(1.,0.,-0.));
#147 = AXIS2_PLACEMENT_3D('',#148,#149,#150);
#148 = CARTESIAN_POINT('',(5.15,-7.2,0.));
#149 = DIRECTION('',(0.,0.,1.));
#150 = DIRECTION('',(1.,0.,-0.));
#151 = AXIS2_PLACEMENT_3D('',#152,#153,#154);
#152 = CARTESIAN_POINT('',(5.15,-6.4,0.));
#153 = DIRECTION('',(0.,0.,1.));
#154 = DIRECTION('',(1.,0.,-0.));
#155 = AXIS2_PLACEMENT_3D('',#156,#157,#158);
#156 = CARTESIAN_POINT('',(5.15,-5.6,0.));
#157 = DIRECTION('',(0.,0.,1.));
#158 = DIRECTION('',(1.,0.,-0.));
#159 = AXIS2_PLACEMENT_3D('',#160,#161,#162);
#160 = CARTESIAN_POINT('',(5.15,-4.8,0.));
#161 = DIRECTION('',(0.,0.,1.));
#162 = DIRECTION('',(1.,0.,-0.));
#163 = AXIS2_PLACEMENT_3D('',#164,#165,#166);
#164 = CARTESIAN_POINT('',(5.15,-4.,0.));
#165 = DIRECTION('',(0.,0.,1.));
#166 = DIRECTION('',(1.,0.,-0.));
#167 = AXIS2_PLACEMENT_3D('',#168,#169,#170);
#168 = CARTESIAN_POINT('',(5.15,-3.2,0.));
#169 = DIRECTION('',(0.,0.,1.));
#170 = DIRECTION('',(1.,0.,-0.));
#171 = AXIS2_PLACEMENT_3D('',#172,#173,#174);
#172 = CARTESIAN_POINT('',(5.15,-2.4,0.));
#173 = DIRECTION('',(0.,0.,1.));
#174 = DIRECTION('',(1.,0.,-0.));
#175 = AXIS2_PLACEMENT_3D('',#176,#177,#178);
#176 = CARTESIAN_POINT('',(5.15,-1.6,0.));
#177 = DIRECTION('',(0.,0.,1.));
#178 = DIRECTION('',(1.,0.,-0.));
#179 = AXIS2_PLACEMENT_3D('',#180,#181,#182);
#180 = CARTESIAN_POINT('',(5.15,-0.8,0.));
#181 = DIRECTION('',(0.,0.,1.));
#182 = DIRECTION('',(1.,0.,-0.));
#183 = AXIS2_PLACEMENT_3D('',#184,#185,#186);
#184 = CARTESIAN_POINT('',(5.15,0.,0.));
#185 = DIRECTION('',(0.,0.,1.));
#186 = DIRECTION('',(1.,0.,-0.));
#187 = AXIS2_PLACEMENT_3D('',#188,#189,#190);
#188 = CARTESIAN_POINT('',(5.15,0.8,0.));
#189 = DIRECTION('',(0.,0.,1.));
#190 = DIRECTION('',(1.,0.,-0.));
#191 = AXIS2_PLACEMENT_3D('',#192,#193,#194);
#192 = CARTESIAN_POINT('',(5.15,1.6,0.));
#193 = DIRECTION('',(0.,0.,1.));
#194 = DIRECTION('',(1.,0.,-0.));
#195 = AXIS2_PLACEMENT_3D('',#196,#197,#198);
#196 = CARTESIAN_POINT('',(5.15,2.4,0.));
#197 = DIRECTION('',(0.,0.,1.));
#198 = DIRECTION('',(1.,0.,-0.));
#199 = AXIS2_PLACEMENT_3D('',#200,#201,#202);
#200 = CARTESIAN_POINT('',(5.15,3.2,0.));
#201 = DIRECTION('',(0.,0.,1.));
#202 = DIRECTION('',(1.,0.,-0.));
#203 = AXIS2_PLACEMENT_3D('',#204,#205,#206);
#204 = CARTESIAN_POINT('',(5.15,4.,0.));
#205 = DIRECTION('',(0.,0.,1.));
#206 = DIRECTION('',(1.,0.,-0.));
#207 = AXIS2_PLACEMENT_3D('',#208,#209,#210);
#208 = CARTESIAN_POINT('',(5.15,4.8,0.));
#209 = DIRECTION('',(0.,0.,1.));
#210 = DIRECTION('',(1.,0.,-0.));
#211 = AXIS2_PLACEMENT_3D('',#212,#213,#214);
#212 = CARTESIAN_POINT('',(5.15,5.6,0.));
#213 = DIRECTION('',(0.,0.,1.));
#214 = DIRECTION('',(1.,0.,-0.));
#215 = AXIS2_PLACEMENT_3D('',#216,#217,#218);
#216 = CARTESIAN_POINT('',(5.15,6.4,0.));
#217 = DIRECTION('',(0.,0.,1.));
#218 = DIRECTION('',(1.,0.,-0.));
#219 = AXIS2_PLACEMENT_3D('',#220,#221,#222);
#220 = CARTESIAN_POINT('',(5.15,7.2,0.));
#221 = DIRECTION('',(0.,0.,1.));
#222 = DIRECTION('',(1.,0.,-0.));
#223 = AXIS2_PLACEMENT_3D('',#224,#225,#226);
#224 = CARTESIAN_POINT('',(5.15,8.,0.));
#225 = DIRECTION('',(0.,0.,1.));
#226 = DIRECTION('',(1.,0.,-0.));
#227 = AXIS2_PLACEMENT_3D('',#228,#229,#230);
#228 = CARTESIAN_POINT('',(5.15,8.8,0.));
#229 = DIRECTION('',(0.,0.,1.));
#230 = DIRECTION('',(1.,0.,-0.));
#231 = AXIS2_PLACEMENT_3D('',#232,#233,#234);
#232 = CARTESIAN_POINT('',(5.15,9.6,0.));
#233 = DIRECTION('',(0.,0.,1.));
#234 = DIRECTION('',(1.,0.,-0.));
#235 = AXIS2_PLACEMENT_3D('',#236,#237,#238);
#236 = CARTESIAN_POINT('',(5.15,10.4,0.));
#237 = DIRECTION('',(0.,0.,1.));
#238 = DIRECTION('',(1.,0.,-0.));
#239 = ( GEOMETRIC_REPRESENTATION_CONTEXT(3) 
GLOBAL_UNCERTAINTY_ASSIGNED_CONTEXT((#243)) GLOBAL_UNIT_ASSIGNED_CONTEXT
((#240,#241,#242)) REPRESENTATION_CONTEXT('Context #1',
  '3D Context with UNIT and UNCERTAINTY') );
#240 = ( LENGTH_UNIT() NAMED_UNIT(*) SI_UNIT(.MILLI.,.METRE.) );
#241 = ( NAMED_UNIT(*) PLANE_ANGLE_UNIT() SI_UNIT($,.RADIAN.) );
#242 = ( NAMED_UNIT(*) SI_UNIT($,.STERADIAN.) SOLID_ANGLE_UNIT() );
#243 = UNCERTAINTY_MEASURE_WITH_UNIT(LENGTH_MEASURE(5.E-06),#240,
  'distance_accuracy_value','confusion accuracy');
#244 = PRODUCT_RELATED_PRODUCT_CATEGORY('part',$,(#7));
#245 = MANIFOLD_SURFACE_SHAPE_REPRESENTATION('',(#11,#246),#273);
#246 = SHELL_BASED_SURFACE_MODEL('',(#247));
#247 = OPEN_SHELL('',(#248));
#248 = ADVANCED_FACE('',(#249),#262,.T.);
#249 = FACE_BOUND('',#250,.T.);
#250 = EDGE_LOOP('',(#251));
#251 = ORIENTED_EDGE('',*,*,#252,.T.);
#252 = EDGE_CURVE('',#253,#253,#255,.T.);
#253 = VERTEX_POINT('',#254);
#254 = CARTESIAN_POINT('',(2.360416666667,20.683333333333,1.1));
#255 = SURFACE_CURVE('',#256,(#261),.PCURVE_S1.);
#256 = CIRCLE('',#257,0.64375);
#257 = AXIS2_PLACEMENT_3D('',#258,#259,#260);
#258 = CARTESIAN_POINT('',(1.716666666667,20.683333333333,1.1));
#259 = DIRECTION('',(0.,0.,1.));
#260 = DIRECTION('',(1.,0.,-0.));
#261 = PCURVE('',#262,#267);
#262 = PLANE('',#263);
#263 = AXIS2_PLACEMENT_3D('',#264,#265,#266);
#264 = CARTESIAN_POINT('',(1.716666666667,20.683333333333,1.1));
#265 = DIRECTION('',(-1.982872165698E-31,-3.767457114827E-30,1.));
#266 = DIRECTION('',(0.,1.,3.767457114827E-30));
#267 = DEFINITIONAL_REPRESENTATION('',(#268),#272);
#268 = CIRCLE('',#269,0.64375);
#269 = AXIS2_PLACEMENT_2D('',#270,#271);
#270 = CARTESIAN_POINT('',(3.552713678801E-15,-2.22044604925E-16));
#271 = DIRECTION('',(0.,-1.));
#272 = ( GEOMETRIC_REPRESENTATION_CONTEXT(2) 
PARAMETRIC_REPRESENTATION_CONTEXT() REPRESENTATION_CONTEXT('2D SPACE',''
  ) );
#273 = ( GEOMETRIC_REPRESENTATION_CONTEXT(3) 
GLOBAL_UNCERTAINTY_ASSIGNED_CONTEXT((#277)) GLOBAL_UNIT_ASSIGNED_CONTEXT
((#274,#275,#276)) REPRESENTATION_CONTEXT('Context #1',
  '3D Context with UNIT and UNCERTAINTY') );
#274 = ( LENGTH_UNIT() NAMED_UNIT(*) SI_UNIT(.MILLI.,.METRE.) );
#275 = ( NAMED_UNIT(*) PLANE_ANGLE_UNIT() SI_UNIT($,.RADIAN.) );
#276 = ( NAMED_UNIT(*) SI_UNIT($,.STERADIAN.) SOLID_ANGLE_UNIT() );
#277 = UNCERTAINTY_MEASURE_WITH_UNIT(LENGTH_MEASURE(1.E-07),#274,
  'distance_accuracy_value','confusion accuracy');
#278 = SHAPE_DEFINITION_REPRESENTATION(#279,#245);
#279 = PRODUCT_DEFINITION_SHAPE('','',#280);
#280 = PRODUCT_DEFINITION('design','',#281,#284);
#281 = PRODUCT_DEFINITION_FORMATION('','',#282);
#282 = PRODUCT('Open CASCADE STEP translator 7.5 2.1',
  'Open CASCADE STEP translator 7.5 2.1','',(#283));
#283 = PRODUCT_CONTEXT('',#2,'mechanical');
#284 = PRODUCT_DEFINITION_CONTEXT('part definition',#2,'design');
#285 = CONTEXT_DEPENDENT_SHAPE_REPRESENTATION(#286,#288);
#286 = ( REPRESENTATION_RELATIONSHIP('','',#245,#10) 
REPRESENTATION_RELATIONSHIP_WITH_TRANSFORMATION(#287) 
SHAPE_REPRESENTATION_RELATIONSHIP() );
#287 = ITEM_DEFINED_TRANSFORMATION('','',#11,#15);
#288 = PRODUCT_DEFINITION_SHAPE('Placement','Placement of an item',#289
  );
#289 = NEXT_ASSEMBLY_USAGE_OCCURRENCE('58','','',#5,#280,$);
#290 = PRODUCT_RELATED_PRODUCT_CATEGORY('part',$,(#282));
#291 = SHAPE_DEFINITION_REPRESENTATION(#292,#298);
#292 = PRODUCT_DEFINITION_SHAPE('','',#293);
#293 = PRODUCT_DEFINITION('design','',#294,#297);
#294 = PRODUCT_DEFINITION_FORMATION('','',#295);
#295 = PRODUCT('Body','Body','',(#296));
#296 = PRODUCT_CONTEXT('',#2,'mechanical');
#297 = PRODUCT_DEFINITION_CONTEXT('part definition',#2,'design');
#298 = SHAPE_REPRESENTATION('',(#11,#299),#303);
#299 = AXIS2_PLACEMENT_3D('',#300,#301,#302);
#300 = CARTESIAN_POINT('',(0.,0.,0.));
#301 = DIRECTION('',(0.,0.,1.));
#302 = DIRECTION('',(1.,0.,-0.));
#303 = ( GEOMETRIC_REPRESENTATION_CONTEXT(3) 
GLOBAL_UNCERTAINTY_ASSIGNED_CONTEXT((#307)) GLOBAL_UNIT_ASSIGNED_CONTEXT
((#304,#305,#306)) REPRESENTATION_CONTEXT('Context #1',
  '3D Context with UNIT and UNCERTAINTY') );
#304 = ( LENGTH_UNIT() NAMED_UNIT(*) SI_UNIT(.MILLI.,.METRE.) );
#305 = ( NAMED_UNIT(*) PLANE_ANGLE_UNIT() SI_UNIT($,.RADIAN.) );
#306 = ( NAMED_UNIT(*) SI_UNIT($,.STERADIAN.) SOLID_ANGLE_UNIT() );
#307 = UNCERTAINTY_MEASURE_WITH_UNIT(LENGTH_MEASURE(1.E-04),#304,
  'distance_accuracy_value','confusion accuracy');
#308 = ADVANCED_BREP_SHAPE_REPRESENTATION('',(#11,#309),#5096);
#309 = MANIFOLD_SOLID_BREP('',#310);
#310 = CLOSED_SHELL('',(#311,#431,#620,#818,#897,#999,#1100,#1181,#1206,
    #1307,#1383,#1413,#1489,#1565,#1721,#1874,#1905,#2007,#2163,#2316,
    #2432,#2463,#2530,#2625,#2684,#2780,#2874,#2880,#2907,#2966,#3057,
    #3151,#3227,#3233,#3391,#3465,#3492,#3561,#3714,#3788,#3841,#3920,
    #3952,#4046,#4128,#4153,#4247,#4329,#4354,#4430,#4462,#4522,#4553,
    #4640,#4700,#4731,#4813,#4878,#4910,#4935,#4941,#4999,#5024,#5030,
    #5037,#5092));
#311 = ADVANCED_FACE('',(#312),#326,.F.);
#312 = FACE_BOUND('',#313,.F.);
#313 = EDGE_LOOP('',(#314,#349,#377,#405));
#314 = ORIENTED_EDGE('',*,*,#315,.F.);
#315 = EDGE_CURVE('',#316,#318,#320,.T.);
#316 = VERTEX_POINT('',#317);
#317 = CARTESIAN_POINT('',(5.478104631727E-04,22.3,0.569787931602));
#318 = VERTEX_POINT('',#319);
#319 = CARTESIAN_POINT('',(4.576793840744E-02,22.254779872056,
    0.139547153673));
#320 = SURFACE_CURVE('',#321,(#325,#337),.PCURVE_S1.);
#321 = LINE('',#322,#323);
#322 = CARTESIAN_POINT('',(-1.074890013952E-03,22.301622700477,
    0.585226895341));
#323 = VECTOR('',#324,1.);
#324 = DIRECTION('',(0.103962051184,-0.103962051184,-0.989132844378));
#325 = PCURVE('',#326,#331);
#326 = PLANE('',#327);
#327 = AXIS2_PLACEMENT_3D('',#328,#329,#330);
#328 = CARTESIAN_POINT('',(0.,0.,0.575));
#329 = DIRECTION('',(0.994521895368,0.,0.104528463268));
#330 = DIRECTION('',(0.,1.,0.));
#331 = DEFINITIONAL_REPRESENTATION('',(#332),#336);
#332 = LINE('',#333,#334);
#333 = CARTESIAN_POINT('',(22.301622700477,1.028322793955E-02));
#334 = VECTOR('',#335,1.);
#335 = DIRECTION('',(-0.103962051184,-0.99458126461));
#336 = ( GEOMETRIC_REPRESENTATION_CONTEXT(2) 
PARAMETRIC_REPRESENTATION_CONTEXT() REPRESENTATION_CONTEXT('2D SPACE',''
  ) );
#337 = PCURVE('',#338,#343);
#338 = CYLINDRICAL_SURFACE('',#339,0.1);
#339 = AXIS2_PLACEMENT_3D('',#340,#341,#342);
#340 = CARTESIAN_POINT('',(9.837729952288E-02,22.301622700477,
    0.595679741668));
#341 = DIRECTION('',(0.103962051184,-0.103962051184,-0.989132844378));
#342 = DIRECTION('',(-0.994521895368,1.734723475977E-18,-0.104528463268)
  );
#343 = DEFINITIONAL_REPRESENTATION('',(#344),#348);
#344 = LINE('',#345,#346);
#345 = CARTESIAN_POINT('',(0.,0.));
#346 = VECTOR('',#347,1.);
#347 = DIRECTION('',(0.,1.));
#348 = ( GEOMETRIC_REPRESENTATION_CONTEXT(2) 
PARAMETRIC_REPRESENTATION_CONTEXT() REPRESENTATION_CONTEXT('2D SPACE',''
  ) );
#349 = ORIENTED_EDGE('',*,*,#350,.F.);
#350 = EDGE_CURVE('',#351,#316,#353,.T.);
#351 = VERTEX_POINT('',#352);
#352 = CARTESIAN_POINT('',(5.478104631726E-04,1.E-01,0.569787931602));
#353 = SURFACE_CURVE('',#354,(#358,#365),.PCURVE_S1.);
#354 = LINE('',#355,#356);
#355 = CARTESIAN_POINT('',(5.478104631727E-04,0.,0.569787931602));
#356 = VECTOR('',#357,1.);
#357 = DIRECTION('',(-0.,1.,0.));
#358 = PCURVE('',#326,#359);
#359 = DEFINITIONAL_REPRESENTATION('',(#360),#364);
#360 = LINE('',#361,#362);
#361 = CARTESIAN_POINT('',(0.,-5.240777928304E-03));
#362 = VECTOR('',#363,1.);
#363 = DIRECTION('',(1.,0.));
#364 = ( GEOMETRIC_REPRESENTATION_CONTEXT(2) 
PARAMETRIC_REPRESENTATION_CONTEXT() REPRESENTATION_CONTEXT('2D SPACE',''
  ) );
#365 = PCURVE('',#366,#371);
#366 = CYLINDRICAL_SURFACE('',#367,0.1);
#367 = AXIS2_PLACEMENT_3D('',#368,#369,#370);
#368 = CARTESIAN_POINT('',(0.1,0.,0.580240777928));
#369 = DIRECTION('',(-0.,1.,0.));
#370 = DIRECTION('',(-0.994521895368,0.,-0.104528463268));
#371 = DEFINITIONAL_REPRESENTATION('',(#372),#376);
#372 = LINE('',#373,#374);
#373 = CARTESIAN_POINT('',(0.,0.));
#374 = VECTOR('',#375,1.);
#375 = DIRECTION('',(0.,1.));
#376 = ( GEOMETRIC_REPRESENTATION_CONTEXT(2) 
PARAMETRIC_REPRESENTATION_CONTEXT() REPRESENTATION_CONTEXT('2D SPACE',''
  ) );
#377 = ORIENTED_EDGE('',*,*,#378,.T.);
#378 = EDGE_CURVE('',#351,#379,#381,.T.);
#379 = VERTEX_POINT('',#380);
#380 = CARTESIAN_POINT('',(4.576793840744E-02,0.145220127944,
    0.139547153673));
#381 = SURFACE_CURVE('',#382,(#386,#393),.PCURVE_S1.);
#382 = LINE('',#383,#384);
#383 = CARTESIAN_POINT('',(-1.074890013952E-03,9.837729952288E-02,
    0.585226895341));
#384 = VECTOR('',#385,1.);
#385 = DIRECTION('',(0.103962051184,0.103962051184,-0.989132844378));
#386 = PCURVE('',#326,#387);
#387 = DEFINITIONAL_REPRESENTATION('',(#388),#392);
#388 = LINE('',#389,#390);
#389 = CARTESIAN_POINT('',(9.837729952288E-02,1.028322793955E-02));
#390 = VECTOR('',#391,1.);
#391 = DIRECTION('',(0.103962051184,-0.99458126461));
#392 = ( GEOMETRIC_REPRESENTATION_CONTEXT(2) 
PARAMETRIC_REPRESENTATION_CONTEXT() REPRESENTATION_CONTEXT('2D SPACE',''
  ) );
#393 = PCURVE('',#394,#399);
#394 = CYLINDRICAL_SURFACE('',#395,0.1);
#395 = AXIS2_PLACEMENT_3D('',#396,#397,#398);
#396 = CARTESIAN_POINT('',(9.837729952288E-02,9.837729952288E-02,
    0.595679741668));
#397 = DIRECTION('',(0.103962051184,0.103962051184,-0.989132844378));
#398 = DIRECTION('',(-0.994521895368,-1.734723475977E-18,-0.104528463268
    ));
#399 = DEFINITIONAL_REPRESENTATION('',(#400),#404);
#400 = LINE('',#401,#402);
#401 = CARTESIAN_POINT('',(-0.,0.));
#402 = VECTOR('',#403,1.);
#403 = DIRECTION('',(-0.,1.));
#404 = ( GEOMETRIC_REPRESENTATION_CONTEXT(2) 
PARAMETRIC_REPRESENTATION_CONTEXT() REPRESENTATION_CONTEXT('2D SPACE',''
  ) );
#405 = ORIENTED_EDGE('',*,*,#406,.T.);
#406 = EDGE_CURVE('',#379,#318,#407,.T.);
#407 = SURFACE_CURVE('',#408,(#412,#419),.PCURVE_S1.);
#408 = LINE('',#409,#410);
#409 = CARTESIAN_POINT('',(4.576793840744E-02,5.517972351448E-02,
    0.139547153673));
#410 = VECTOR('',#411,1.);
#411 = DIRECTION('',(-0.,1.,-0.));
#412 = PCURVE('',#326,#413);
#413 = DEFINITIONAL_REPRESENTATION('',(#414),#418);
#414 = LINE('',#415,#416);
#415 = CARTESIAN_POINT('',(5.517972351448E-02,-0.437851442341));
#416 = VECTOR('',#417,1.);
#417 = DIRECTION('',(1.,0.));
#418 = ( GEOMETRIC_REPRESENTATION_CONTEXT(2) 
PARAMETRIC_REPRESENTATION_CONTEXT() REPRESENTATION_CONTEXT('2D SPACE',''
  ) );
#419 = PCURVE('',#420,#425);
#420 = CYLINDRICAL_SURFACE('',#421,0.1);
#421 = AXIS2_PLACEMENT_3D('',#422,#423,#424);
#422 = CARTESIAN_POINT('',(0.145220127944,5.517972351448E-02,0.15));
#423 = DIRECTION('',(-0.,1.,-0.));
#424 = DIRECTION('',(-0.994521895368,-0.,-0.104528463268));
#425 = DEFINITIONAL_REPRESENTATION('',(#426),#430);
#426 = LINE('',#427,#428);
#427 = CARTESIAN_POINT('',(-0.,0.));
#428 = VECTOR('',#429,1.);
#429 = DIRECTION('',(-0.,1.));
#430 = ( GEOMETRIC_REPRESENTATION_CONTEXT(2) 
PARAMETRIC_REPRESENTATION_CONTEXT() REPRESENTATION_CONTEXT('2D SPACE',''
  ) );
#431 = ADVANCED_FACE('',(#432),#338,.T.);
#432 = FACE_BOUND('',#433,.T.);
#433 = EDGE_LOOP('',(#434,#559,#587,#619));
#434 = ORIENTED_EDGE('',*,*,#435,.T.);
#435 = EDGE_CURVE('',#316,#436,#438,.T.);
#436 = VERTEX_POINT('',#437);
#437 = CARTESIAN_POINT('',(0.1,22.399452189537,0.569787931602));
#438 = SURFACE_CURVE('',#439,(#447,#453),.PCURVE_S1.);
#439 = ( BOUNDED_CURVE() B_SPLINE_CURVE(6,(#440,#441,#442,#443,#444,#445
,#446),.UNSPECIFIED.,.F.,.F.) B_SPLINE_CURVE_WITH_KNOTS((7,7),(0.,
1.559869909752),.PIECEWISE_BEZIER_KNOTS.) CURVE() 
GEOMETRIC_REPRESENTATION_ITEM() RATIONAL_B_SPLINE_CURVE((1.030950613501,
    1.009890100201,0.997953445068,0.994040710927,0.997953445068,
1.009890100201,1.030950613501)) REPRESENTATION_ITEM('') );
#440 = CARTESIAN_POINT('',(5.478104631727E-04,22.3,0.569787931602));
#441 = CARTESIAN_POINT('',(8.362191750262E-04,22.326396068307,
    0.567043906005));
#442 = CARTESIAN_POINT('',(9.450074782514E-03,22.352114481755,
    0.565246144534));
#443 = CARTESIAN_POINT('',(2.568827830487E-02,22.374311721695,
    0.564619824568));
#444 = CARTESIAN_POINT('',(4.788551824518E-02,22.390549925217,
    0.565246144534));
#445 = CARTESIAN_POINT('',(7.360393169276E-02,22.399163780825,
    0.567043906005));
#446 = CARTESIAN_POINT('',(0.1,22.399452189537,0.569787931602));
#447 = PCURVE('',#338,#448);
#448 = DEFINITIONAL_REPRESENTATION('',(#449),#452);
#449 = B_SPLINE_CURVE_WITH_KNOTS('',1,(#450,#451),.UNSPECIFIED.,.F.,.F.,
  (2,2),(0.,1.559869909752),.PIECEWISE_BEZIER_KNOTS.);
#450 = CARTESIAN_POINT('',(0.,1.560858465792E-02));
#451 = CARTESIAN_POINT('',(1.559869909752,1.560858465792E-02));
#452 = ( GEOMETRIC_REPRESENTATION_CONTEXT(2) 
PARAMETRIC_REPRESENTATION_CONTEXT() REPRESENTATION_CONTEXT('2D SPACE',''
  ) );
#453 = PCURVE('',#454,#536);
#454 = B_SPLINE_SURFACE_WITH_KNOTS('',8,8,(
    (#455,#456,#457,#458,#459,#460,#461,#462,#463)
    ,(#464,#465,#466,#467,#468,#469,#470,#471,#472)
    ,(#473,#474,#475,#476,#477,#478,#479,#480,#481)
    ,(#482,#483,#484,#485,#486,#487,#488,#489,#490)
    ,(#491,#492,#493,#494,#495,#496,#497,#498,#499)
    ,(#500,#501,#502,#503,#504,#505,#506,#507,#508)
    ,(#509,#510,#511,#512,#513,#514,#515,#516,#517)
    ,(#518,#519,#520,#521,#522,#523,#524,#525,#526)
    ,(#527,#528,#529,#530,#531,#532,#533,#534,#535
  )),.UNSPECIFIED.,.F.,.F.,.F.,(9,9),(9,9),(-7.778174593051E-02,
    7.778174593053E-02),(-7.315613219614E-03,8.855910256722E-03),
  .PIECEWISE_BEZIER_KNOTS.);
#455 = CARTESIAN_POINT('',(4.314286142075E-04,22.289568739836,
    0.582292534228));
#456 = CARTESIAN_POINT('',(3.594616382237E-04,22.289640569674,
    0.580265856781));
#457 = CARTESIAN_POINT('',(3.933739176674E-04,22.289606889243,
    0.578244685123));
#458 = CARTESIAN_POINT('',(8.139233360869E-04,22.289185680871,
    0.576244605343));
#459 = CARTESIAN_POINT('',(-5.300162797767E-04,22.290530258418,
    0.574149414281));
#460 = CARTESIAN_POINT('',(1.674870585046E-03,22.288325137491,
    0.572244945927));
#461 = CARTESIAN_POINT('',(6.73546535232E-04,22.289326333312,
    0.570167933805));
#462 = CARTESIAN_POINT('',(9.604387134034E-04,22.289039750287,
    0.568160825431));
#463 = CARTESIAN_POINT('',(1.418941431032E-03,22.288581318578,
    0.566162527792));
#464 = CARTESIAN_POINT('',(-1.699464170518E-03,22.319199273854,
    0.581445543082));
#465 = CARTESIAN_POINT('',(-1.968997513708E-03,22.319468581053,
    0.579408381183));
#466 = CARTESIAN_POINT('',(-2.065389898377E-03,22.319564323748,
    0.577380876298));
#467 = CARTESIAN_POINT('',(-9.508146611642E-04,22.318452034155,
    0.575415216245));
#468 = CARTESIAN_POINT('',(-1.94578549944E-03,22.31944496774,
    0.573342900584));
#469 = CARTESIAN_POINT('',(-9.990284704499E-04,22.318498783282,
    0.571367060197));
#470 = CARTESIAN_POINT('',(-1.747898190655E-03,22.319247720673,
    0.569305628223));
#471 = CARTESIAN_POINT('',(-9.590931490481E-04,22.31845924205,
    0.567325088229));
#472 = CARTESIAN_POINT('',(-3.660333779849E-04,22.317866154415,
    0.565333899139));
#473 = CARTESIAN_POINT('',(3.083466753037E-03,22.341918305942,
    0.580966735706));
#474 = CARTESIAN_POINT('',(3.512236105976E-03,22.341491039153,
    0.578966227601));
#475 = CARTESIAN_POINT('',(4.836925168508E-03,22.340168349537,
    0.577016081633));
#476 = CARTESIAN_POINT('',(-3.379324352874E-03,22.348367230161,
    0.574549463596));
#477 = CARTESIAN_POINT('',(1.067252571366E-02,22.334343121273,
    0.57329015449));
#478 = CARTESIAN_POINT('',(-3.208085928759E-03,22.348195566904,
    0.570506696811));
#479 = CARTESIAN_POINT('',(5.951595315689E-03,22.339055600294,
    0.56898764321));
#480 = CARTESIAN_POINT('',(3.633241962108E-03,22.341367891167,
    0.566836698386));
#481 = CARTESIAN_POINT('',(4.088195396583E-03,22.340912381733,
    0.564838071467));
#482 = CARTESIAN_POINT('',(1.681696660779E-02,22.35568031393,
    0.580966122543));
#483 = CARTESIAN_POINT('',(1.789364945734E-02,22.354601792329,
    0.579001210415));
#484 = CARTESIAN_POINT('',(1.348001993642E-02,22.359013102734,
    0.576736237026));
#485 = CARTESIAN_POINT('',(2.239212583992E-02,22.350127928807,
    0.5752118859));
#486 = CARTESIAN_POINT('',(-4.754790616336E-03,22.377228958223,
    0.571695399226));
#487 = CARTESIAN_POINT('',(2.754559017815E-02,22.34497741455,
    0.571450304027));
#488 = CARTESIAN_POINT('',(1.611547953507E-02,22.356374081573,
    0.568787092649));
#489 = CARTESIAN_POINT('',(1.816963313652E-02,22.354328120865,
    0.566881205459));
#490 = CARTESIAN_POINT('',(1.644398966507E-02,22.356054562143,
    0.564764692574));
#491 = CARTESIAN_POINT('',(2.298193622548E-02,22.377018063775,
    0.580562861623));
#492 = CARTESIAN_POINT('',(2.164239606924E-02,22.378357603902,
    0.578468126791));
#493 = CARTESIAN_POINT('',(2.545262540457E-02,22.374547374677,
    0.576657366696));
#494 = CARTESIAN_POINT('',(1.651426243729E-02,22.383485737423,
    0.574124669808));
#495 = CARTESIAN_POINT('',(4.54423031496E-02,22.354557697015,
    0.573706575932));
#496 = CARTESIAN_POINT('',(1.220064270761E-02,22.387799357153,
    0.569841269868));
#497 = CARTESIAN_POINT('',(2.213981168209E-02,22.3778601884,
    0.568382572823));
#498 = CARTESIAN_POINT('',(2.307979521228E-02,22.376920204761,
    0.566400663563));
#499 = CARTESIAN_POINT('',(2.559561295031E-02,22.37440438705,
    0.564514810223));
#500 = CARTESIAN_POINT('',(4.43196860731E-02,22.383183033389,
    0.580966122543));
#501 = CARTESIAN_POINT('',(4.539820770297E-02,22.382106350557,
    0.579001210415));
#502 = CARTESIAN_POINT('',(4.098689722613E-02,22.386519979969,
    0.576736237027));
#503 = CARTESIAN_POINT('',(4.987207126132E-02,22.377607874325,
    0.575211885898));
#504 = CARTESIAN_POINT('',(2.277104166444E-02,22.40475479045,
    0.571695399226));
#505 = CARTESIAN_POINT('',(5.502258554629E-02,22.372454409959,
    0.571450304026));
#506 = CARTESIAN_POINT('',(4.362591836945E-02,22.383884520386,
    0.568787092649));
#507 = CARTESIAN_POINT('',(4.567187915593E-02,22.381830366886,
    0.566881205459));
#508 = CARTESIAN_POINT('',(4.39454378575E-02,22.383556010334,
    0.564764692574));
#509 = CARTESIAN_POINT('',(5.808169405303E-02,22.396916533251,
    0.580966735706));
#510 = CARTESIAN_POINT('',(5.85089608244E-02,22.396487763891,
    0.5789662276));
#511 = CARTESIAN_POINT('',(5.983165047392E-02,22.395163074894,
    0.577016081632));
#512 = CARTESIAN_POINT('',(5.16327697972E-02,22.403379324261,
    0.574549463597));
#513 = CARTESIAN_POINT('',(6.565687878503E-02,22.389327474386,
    0.57329015449));
#514 = CARTESIAN_POINT('',(5.180443303534E-02,22.403208085857,
    0.570506696811));
#515 = CARTESIAN_POINT('',(6.094439973549E-02,22.394048404729,
    0.56898764321));
#516 = CARTESIAN_POINT('',(5.863210882263E-02,22.396366758026,
    0.566836698386));
#517 = CARTESIAN_POINT('',(5.908761826655E-02,22.395911804604,
    0.564838071467));
#518 = CARTESIAN_POINT('',(8.080072614934E-02,22.401699464168,
    0.581445543083));
#519 = CARTESIAN_POINT('',(8.053141895651E-02,22.401968997512,
    0.579408381183));
#520 = CARTESIAN_POINT('',(8.04356762496E-02,22.402065389879,
    0.577380876298));
#521 = CARTESIAN_POINT('',(8.154796584736E-02,22.400950814699,
    0.575415216245));
#522 = CARTESIAN_POINT('',(8.055503225785E-02,22.401945785453,
    0.573342900585));
#523 = CARTESIAN_POINT('',(8.150121672551E-02,22.400999028503,
    0.571367060196));
#524 = CARTESIAN_POINT('',(8.075227932154E-02,22.401747898173,
    0.569305628224));
#525 = CARTESIAN_POINT('',(8.154075795382E-02,22.400959093152,
    0.56732508823));
#526 = CARTESIAN_POINT('',(8.21338455849E-02,22.400366033378,
    0.565333899139));
#527 = CARTESIAN_POINT('',(0.110431260161,22.399568571388,0.582292534228
    ));
#528 = CARTESIAN_POINT('',(0.110359430326,22.399640538362,0.580265856781
    ));
#529 = CARTESIAN_POINT('',(0.110393110755,22.399606626084,0.578244685123
    ));
#530 = CARTESIAN_POINT('',(0.110814319131,22.399186076661,0.576244605343
    ));
#531 = CARTESIAN_POINT('',(0.10946974158,22.400530016282,0.574149414281)
  );
#532 = CARTESIAN_POINT('',(0.111674862509,22.398325129415,0.572244945927
    ));
#533 = CARTESIAN_POINT('',(0.110673666688,22.399326453465,0.570167933805
    ));
#534 = CARTESIAN_POINT('',(0.110960249713,22.399039561287,0.568160825431
    ));
#535 = CARTESIAN_POINT('',(0.111418681421,22.39858105857,0.566162527791)
  );
#536 = DEFINITIONAL_REPRESENTATION('',(#537),#558);
#537 = B_SPLINE_CURVE_WITH_KNOTS('',10,(#538,#539,#540,#541,#542,#543,
    #544,#545,#546,#547,#548,#549,#550,#551,#552,#553,#554,#555,#556,
    #557),.UNSPECIFIED.,.F.,.F.,(11,9,11),(0.,0.779934954876,
    1.559869909752),.UNSPECIFIED.);
#538 = CARTESIAN_POINT('',(-7.032331762533E-02,4.905248836783E-03));
#539 = CARTESIAN_POINT('',(-6.476262599346E-02,5.508294783565E-03));
#540 = CARTESIAN_POINT('',(-5.873657188351E-02,6.057003397414E-03));
#541 = CARTESIAN_POINT('',(-5.248322135371E-02,6.530329093061E-03));
#542 = CARTESIAN_POINT('',(-4.520567606795E-02,7.005227063632E-03));
#543 = CARTESIAN_POINT('',(-3.857141001344E-02,7.308626371936E-03));
#544 = CARTESIAN_POINT('',(-3.077971696659E-02,7.649633001604E-03));
#545 = CARTESIAN_POINT('',(-2.339490280471E-02,7.84427366429E-03));
#546 = CARTESIAN_POINT('',(-1.558534150617E-02,8.001448212703E-03));
#547 = CARTESIAN_POINT('',(-7.800522236531E-03,8.073972125239E-03));
#548 = CARTESIAN_POINT('',(7.800522236573E-03,8.073972125239E-03));
#549 = CARTESIAN_POINT('',(1.558534150646E-02,8.001448212672E-03));
#550 = CARTESIAN_POINT('',(2.33949028034E-02,7.844273664442E-03));
#551 = CARTESIAN_POINT('',(3.077971696968E-02,7.649633001236E-03));
#552 = CARTESIAN_POINT('',(3.85714100087E-02,7.308626372494E-03));
#553 = CARTESIAN_POINT('',(4.520567607268E-02,7.005227063091E-03));
#554 = CARTESIAN_POINT('',(5.248322135075E-02,6.530329093399E-03));
#555 = CARTESIAN_POINT('',(5.873657188475E-02,6.057003397284E-03));
#556 = CARTESIAN_POINT('',(6.476262599344E-02,5.508294783569E-03));
#557 = CARTESIAN_POINT('',(7.032331762535E-02,4.905248836782E-03));
#558 = ( GEOMETRIC_REPRESENTATION_CONTEXT(2) 
PARAMETRIC_REPRESENTATION_CONTEXT() REPRESENTATION_CONTEXT('2D SPACE',''
  ) );
#559 = ORIENTED_EDGE('',*,*,#560,.T.);
#560 = EDGE_CURVE('',#436,#561,#563,.T.);
#561 = VERTEX_POINT('',#562);
#562 = CARTESIAN_POINT('',(0.145220127944,22.354232061593,0.139547153673
    ));
#563 = SURFACE_CURVE('',#564,(#568,#575),.PCURVE_S1.);
#564 = LINE('',#565,#566);
#565 = CARTESIAN_POINT('',(9.837729952288E-02,22.401074890014,
    0.585226895341));
#566 = VECTOR('',#567,1.);
#567 = DIRECTION('',(0.103962051184,-0.103962051184,-0.989132844378));
#568 = PCURVE('',#338,#569);
#569 = DEFINITIONAL_REPRESENTATION('',(#570),#574);
#570 = LINE('',#571,#572);
#571 = CARTESIAN_POINT('',(1.559869909752,0.));
#572 = VECTOR('',#573,1.);
#573 = DIRECTION('',(0.,1.));
#574 = ( GEOMETRIC_REPRESENTATION_CONTEXT(2) 
PARAMETRIC_REPRESENTATION_CONTEXT() REPRESENTATION_CONTEXT('2D SPACE',''
  ) );
#575 = PCURVE('',#576,#581);
#576 = PLANE('',#577);
#577 = AXIS2_PLACEMENT_3D('',#578,#579,#580);
#578 = CARTESIAN_POINT('',(0.,22.4,0.575));
#579 = DIRECTION('',(0.,-0.994521895368,0.104528463268));
#580 = DIRECTION('',(1.,0.,0.));
#581 = DEFINITIONAL_REPRESENTATION('',(#582),#586);
#582 = LINE('',#583,#584);
#583 = CARTESIAN_POINT('',(9.837729952288E-02,1.028322793955E-02));
#584 = VECTOR('',#585,1.);
#585 = DIRECTION('',(0.103962051184,-0.99458126461));
#586 = ( GEOMETRIC_REPRESENTATION_CONTEXT(2) 
PARAMETRIC_REPRESENTATION_CONTEXT() REPRESENTATION_CONTEXT('2D SPACE',''
  ) );
#587 = ORIENTED_EDGE('',*,*,#588,.F.);
#588 = EDGE_CURVE('',#318,#561,#589,.T.);
#589 = SURFACE_CURVE('',#590,(#595,#602),.PCURVE_S1.);
#590 = CIRCLE('',#591,0.1);
#591 = AXIS2_PLACEMENT_3D('',#592,#593,#594);
#592 = CARTESIAN_POINT('',(0.145220127944,22.254779872056,0.15));
#593 = DIRECTION('',(0.103962051185,-0.103962051185,-0.989132844378));
#594 = DIRECTION('',(-0.994521895368,-3.552540206453E-14,-0.104528463268
    ));
#595 = PCURVE('',#338,#596);
#596 = DEFINITIONAL_REPRESENTATION('',(#597),#601);
#597 = LINE('',#598,#599);
#598 = CARTESIAN_POINT('',(0.,0.450576223609));
#599 = VECTOR('',#600,1.);
#600 = DIRECTION('',(1.,3.558703894743E-17));
#601 = ( GEOMETRIC_REPRESENTATION_CONTEXT(2) 
PARAMETRIC_REPRESENTATION_CONTEXT() REPRESENTATION_CONTEXT('2D SPACE',''
  ) );
#602 = PCURVE('',#603,#608);
#603 = SPHERICAL_SURFACE('',#604,0.1);
#604 = AXIS2_PLACEMENT_3D('',#605,#606,#607);
#605 = CARTESIAN_POINT('',(0.145220127944,22.254779872056,0.15));
#606 = DIRECTION('',(5.551115123126E-15,0.,1.));
#607 = DIRECTION('',(-1.,-3.572283018952E-14,5.551115123126E-15));
#608 = DEFINITIONAL_REPRESENTATION('',(#609),#618);
#609 = B_SPLINE_CURVE_WITH_KNOTS('',7,(#610,#611,#612,#613,#614,#615,
    #616,#617),.UNSPECIFIED.,.F.,.F.,(8,8),(0.,1.559869909752),
  .PIECEWISE_BEZIER_KNOTS.);
#610 = CARTESIAN_POINT('',(0.,-0.10471975512));
#611 = CARTESIAN_POINT('',(-0.222851861165,-0.127886508748));
#612 = CARTESIAN_POINT('',(-0.446970298262,-0.145028818012));
#613 = CARTESIAN_POINT('',(-0.672359144982,-0.154236246574));
#614 = CARTESIAN_POINT('',(-0.898437181813,-0.154236246574));
#615 = CARTESIAN_POINT('',(-1.123826028533,-0.145028818012));
#616 = CARTESIAN_POINT('',(-1.347944465629,-0.127886508748));
#617 = CARTESIAN_POINT('',(-1.570796326795,-0.10471975512));
#618 = ( GEOMETRIC_REPRESENTATION_CONTEXT(2) 
PARAMETRIC_REPRESENTATION_CONTEXT() REPRESENTATION_CONTEXT('2D SPACE',''
  ) );
#619 = ORIENTED_EDGE('',*,*,#315,.F.);
#620 = ADVANCED_FACE('',(#621),#366,.T.);
#621 = FACE_BOUND('',#622,.T.);
#622 = EDGE_LOOP('',(#623,#748,#776,#817));
#623 = ORIENTED_EDGE('',*,*,#624,.F.);
#624 = EDGE_CURVE('',#625,#351,#627,.T.);
#625 = VERTEX_POINT('',#626);
#626 = CARTESIAN_POINT('',(-2.775557561563E-17,1.E-01,0.580240777928));
#627 = SURFACE_CURVE('',#628,(#636,#642),.PCURVE_S1.);
#628 = ( BOUNDED_CURVE() B_SPLINE_CURVE(6,(#629,#630,#631,#632,#633,#634
,#635),.UNSPECIFIED.,.F.,.F.) B_SPLINE_CURVE_WITH_KNOTS((7,7),(0.,
0.10471975512),.PIECEWISE_BEZIER_KNOTS.) CURVE() 
GEOMETRIC_REPRESENTATION_ITEM() RATIONAL_B_SPLINE_CURVE((1.000137088577,
    1.00004568784,0.999990860763,0.999972587294,0.999990860763,
1.00004568784,1.000137088577)) REPRESENTATION_ITEM('') );
#629 = CARTESIAN_POINT('',(2.775557561563E-17,1.E-01,0.580240777928));
#630 = CARTESIAN_POINT('',(5.551115123126E-17,1.E-01,0.578495289159));
#631 = CARTESIAN_POINT('',(3.655943564777E-05,1.E-01,0.57674999185));
#632 = CARTESIAN_POINT('',(1.096652759717E-04,1.E-01,0.575005747314));
#633 = CARTESIAN_POINT('',(2.192831180766E-04,1.E-01,0.57326341629));
#634 = CARTESIAN_POINT('',(3.653572044893E-04,1.E-01,0.571523858401));
#635 = CARTESIAN_POINT('',(5.478104631727E-04,1.E-01,0.569787931602));
#636 = PCURVE('',#366,#637);
#637 = DEFINITIONAL_REPRESENTATION('',(#638),#641);
#638 = B_SPLINE_CURVE_WITH_KNOTS('',1,(#639,#640),.UNSPECIFIED.,.F.,.F.,
  (2,2),(0.,0.10471975512),.PIECEWISE_BEZIER_KNOTS.);
#639 = CARTESIAN_POINT('',(0.10471975512,1.E-01));
#640 = CARTESIAN_POINT('',(0.,1.E-01));
#641 = ( GEOMETRIC_REPRESENTATION_CONTEXT(2) 
PARAMETRIC_REPRESENTATION_CONTEXT() REPRESENTATION_CONTEXT('2D SPACE',''
  ) );
#642 = PCURVE('',#643,#725);
#643 = B_SPLINE_SURFACE_WITH_KNOTS('',8,8,(
    (#644,#645,#646,#647,#648,#649,#650,#651,#652)
    ,(#653,#654,#655,#656,#657,#658,#659,#660,#661)
    ,(#662,#663,#664,#665,#666,#667,#668,#669,#670)
    ,(#671,#672,#673,#674,#675,#676,#677,#678,#679)
    ,(#680,#681,#682,#683,#684,#685,#686,#687,#688)
    ,(#689,#690,#691,#692,#693,#694,#695,#696,#697)
    ,(#698,#699,#700,#701,#702,#703,#704,#705,#706)
    ,(#707,#708,#709,#710,#711,#712,#713,#714,#715)
    ,(#716,#717,#718,#719,#720,#721,#722,#723,#724
  )),.UNSPECIFIED.,.F.,.F.,.F.,(9,9),(9,9),(-7.778174593052E-02,
    7.778174593052E-02),(-8.855910256723E-03,7.315613219614E-03),
  .PIECEWISE_BEZIER_KNOTS.);
#644 = CARTESIAN_POINT('',(0.111418681422,1.418941431439E-03,
    0.566162527792));
#645 = CARTESIAN_POINT('',(0.110960249713,9.604387133539E-04,
    0.568160825431));
#646 = CARTESIAN_POINT('',(0.110673666688,6.735465343453E-04,
    0.570167933805));
#647 = CARTESIAN_POINT('',(0.111674862511,1.674870587964E-03,
    0.572244945928));
#648 = CARTESIAN_POINT('',(0.109469741578,-5.300162841316E-04,
    0.574149414281));
#649 = CARTESIAN_POINT('',(0.110814319132,8.139233395754E-04,
    0.576244605343));
#650 = CARTESIAN_POINT('',(0.110393110756,3.933739160686E-04,
    0.578244685123));
#651 = CARTESIAN_POINT('',(0.110359430326,3.59461638064E-04,
    0.580265856781));
#652 = CARTESIAN_POINT('',(0.110431260162,4.31428613012E-04,
    0.582292534228));
#653 = CARTESIAN_POINT('',(8.213384558481E-02,-3.66033377815E-04,
    0.565333899139));
#654 = CARTESIAN_POINT('',(8.1540757953E-02,-9.590931492431E-04,
    0.56732508823));
#655 = CARTESIAN_POINT('',(8.075227931818E-02,-1.747898189647E-03,
    0.569305628223));
#656 = CARTESIAN_POINT('',(8.150121672993E-02,-9.990284755383E-04,
    0.571367060197));
#657 = CARTESIAN_POINT('',(8.055503224989E-02,-1.945785488892E-03,
    0.573342900584));
#658 = CARTESIAN_POINT('',(8.154796585353E-02,-9.5081467087E-04,
    0.575415216245));
#659 = CARTESIAN_POINT('',(8.043567624647E-02,-2.065389893608E-03,
    0.577380876298));
#660 = CARTESIAN_POINT('',(8.053141895403E-02,-1.968997511023E-03,
    0.579408381183));
#661 = CARTESIAN_POINT('',(8.080072614798E-02,-1.699464168981E-03,
    0.581445543082));
#662 = CARTESIAN_POINT('',(5.908761826668E-02,4.08819539646E-03,
    0.564838071467));
#663 = CARTESIAN_POINT('',(5.863210882268E-02,3.633241961363E-03,
    0.566836698386));
#664 = CARTESIAN_POINT('',(6.094439973515E-02,5.951595315702E-03,
    0.56898764321));
#665 = CARTESIAN_POINT('',(5.180443304563E-02,-3.208085927913E-03,
    0.57050669681));
#666 = CARTESIAN_POINT('',(6.565687878477E-02,1.067252571078E-02,
    0.573290154492));
#667 = CARTESIAN_POINT('',(5.163276978926E-02,-3.379324348764E-03,
    0.574549463595));
#668 = CARTESIAN_POINT('',(5.983165048474E-02,4.836925159718E-03,
    0.577016081634));
#669 = CARTESIAN_POINT('',(5.850896082963E-02,3.512236101486E-03,
    0.5789662276));
#670 = CARTESIAN_POINT('',(5.808169405517E-02,3.083466750701E-03,
    0.580966735706));
#671 = CARTESIAN_POINT('',(4.394543785733E-02,1.644398966575E-02,
    0.564764692574));
#672 = CARTESIAN_POINT('',(4.567187915595E-02,1.816963313852E-02,
    0.566881205459));
#673 = CARTESIAN_POINT('',(4.362591837109E-02,1.611547953384E-02,
    0.568787092649));
#674 = CARTESIAN_POINT('',(5.502258554336E-02,2.754559018256E-02,
    0.571450304028));
#675 = CARTESIAN_POINT('',(2.277104166492E-02,-4.754790622125E-03,
    0.571695399223));
#676 = CARTESIAN_POINT('',(4.98720712858E-02,2.239212584147E-02,
    0.575211885902));
#677 = CARTESIAN_POINT('',(4.098689721092E-02,1.348001993837E-02,
    0.576736237025));
#678 = CARTESIAN_POINT('',(4.539820769626E-02,1.789364945963E-02,
    0.579001210415));
#679 = CARTESIAN_POINT('',(4.431968607095E-02,1.681696660921E-02,
    0.580966122543));
#680 = CARTESIAN_POINT('',(2.559561295094E-02,2.559561294993E-02,
    0.564514810223));
#681 = CARTESIAN_POINT('',(2.30797952121E-02,2.307979521078E-02,
    0.566400663563));
#682 = CARTESIAN_POINT('',(2.213981167578E-02,2.213981168674E-02,
    0.568382572824));
#683 = CARTESIAN_POINT('',(1.220064272066E-02,1.220064269574E-02,
    0.569841269866));
#684 = CARTESIAN_POINT('',(4.544230314429E-02,4.544230317527E-02,
    0.573706575936));
#685 = CARTESIAN_POINT('',(1.651426242817E-02,1.651426240545E-02,
    0.574124669804));
#686 = CARTESIAN_POINT('',(2.545262541236E-02,2.545262542078E-02,
    0.576657366699));
#687 = CARTESIAN_POINT('',(2.164239607319E-02,2.164239607331E-02,
    0.57846812679));
#688 = CARTESIAN_POINT('',(2.298193622654E-02,2.298193622615E-02,
    0.580562861623));
#689 = CARTESIAN_POINT('',(1.644398966449E-02,4.394543785738E-02,
    0.564764692574));
#690 = CARTESIAN_POINT('',(1.816963313641E-02,4.567187915571E-02,
    0.566881205459));
#691 = CARTESIAN_POINT('',(1.611547954288E-02,4.362591836392E-02,
    0.568787092649));
#692 = CARTESIAN_POINT('',(2.754559016377E-02,5.502258556226E-02,
    0.571450304028));
#693 = CARTESIAN_POINT('',(-4.754790603745E-03,2.27710416371E-02,
    0.571695399223));
#694 = CARTESIAN_POINT('',(2.239212583266E-02,4.987207131149E-02,
    0.575211885902));
#695 = CARTESIAN_POINT('',(1.348001993915E-02,4.098689719897E-02,
    0.576736237025));
#696 = CARTESIAN_POINT('',(1.78936494568E-02,4.539820769306E-02,
    0.579001210415));
#697 = CARTESIAN_POINT('',(1.681696660769E-02,4.431968606984E-02,
    0.580966122543));
#698 = CARTESIAN_POINT('',(4.08819539702E-03,5.908761826691E-02,
    0.564838071467));
#699 = CARTESIAN_POINT('',(3.63324196223E-03,5.863210882307E-02,
    0.566836698386));
#700 = CARTESIAN_POINT('',(5.95159531198E-03,6.094439973738E-02,
    0.56898764321));
#701 = CARTESIAN_POINT('',(-3.208085925979E-03,5.180443303305E-02,
    0.57050669681));
#702 = CARTESIAN_POINT('',(1.067252570709E-02,6.565687879916E-02,
    0.573290154491));
#703 = CARTESIAN_POINT('',(-3.379324347411E-03,5.163276977767E-02,
    0.574549463595));
#704 = CARTESIAN_POINT('',(4.83692516379E-03,5.983165049401E-02,
    0.577016081634));
#705 = CARTESIAN_POINT('',(3.512236104815E-03,5.850896083327E-02,
    0.5789662276));
#706 = CARTESIAN_POINT('',(3.083466752572E-03,5.808169405695E-02,
    0.580966735706));
#707 = CARTESIAN_POINT('',(-3.660333778784E-04,8.213384558478E-02,
    0.565333899139));
#708 = CARTESIAN_POINT('',(-9.590931488393E-04,8.154075795342E-02,
    0.56732508823));
#709 = CARTESIAN_POINT('',(-1.747898189271E-03,8.075227931796E-02,
    0.569305628223));
#710 = CARTESIAN_POINT('',(-9.990284715224E-04,8.150121673574E-02,
    0.571367060197));
#711 = CARTESIAN_POINT('',(-1.945785497218E-03,8.055503223893E-02,
    0.573342900583));
#712 = CARTESIAN_POINT('',(-9.508146626322E-04,8.154796586368E-02,
    0.575415216246));
#713 = CARTESIAN_POINT('',(-2.065389897289E-03,8.043567624208E-02,
    0.577380876297));
#714 = CARTESIAN_POINT('',(-1.968997512678E-03,8.053141895208E-02,
    0.579408381183));
#715 = CARTESIAN_POINT('',(-1.69946416999E-03,8.080072614678E-02,
    0.581445543082));
#716 = CARTESIAN_POINT('',(1.418941430558E-03,0.111418681421,
    0.566162527791));
#717 = CARTESIAN_POINT('',(9.604387130892E-04,0.110960249713,
    0.568160825431));
#718 = CARTESIAN_POINT('',(6.73546535506E-04,0.110673666688,
    0.570167933805));
#719 = CARTESIAN_POINT('',(1.674870584024E-03,0.111674862508,
    0.572244945927));
#720 = CARTESIAN_POINT('',(-5.300162791264E-04,0.109469741582,
    0.574149414281));
#721 = CARTESIAN_POINT('',(8.139233365599E-04,0.110814319129,
    0.576244605343));
#722 = CARTESIAN_POINT('',(3.93373917167E-04,0.110393110756,
    0.578244685123));
#723 = CARTESIAN_POINT('',(3.594616382232E-04,0.110359430326,
    0.580265856781));
#724 = CARTESIAN_POINT('',(4.314286137066E-04,0.110431260163,
    0.582292534228));
#725 = DEFINITIONAL_REPRESENTATION('',(#726),#747);
#726 = B_SPLINE_CURVE_WITH_KNOTS('',10,(#727,#728,#729,#730,#731,#732,
    #733,#734,#735,#736,#737,#738,#739,#740,#741,#742,#743,#744,#745,
    #746),.UNSPECIFIED.,.F.,.F.,(11,9,11),(0.,5.235987755983E-02,
    0.10471975512),.UNSPECIFIED.);
#727 = CARTESIAN_POINT('',(7.071067811865E-02,5.554770144436E-03));
#728 = CARTESIAN_POINT('',(7.071067811866E-02,5.031651675783E-03));
#729 = CARTESIAN_POINT('',(7.070852492072E-02,4.496305293988E-03));
#730 = CARTESIAN_POINT('',(7.070412552301E-02,4.014422113084E-03));
#731 = CARTESIAN_POINT('',(7.069792481302E-02,3.414188702223E-03));
#732 = CARTESIAN_POINT('',(7.068887151259E-02,2.984714248395E-03));
#733 = CARTESIAN_POINT('',(7.067854623008E-02,2.383876298913E-03));
#734 = CARTESIAN_POINT('',(7.066534929796E-02,1.903797436102E-03));
#735 = CARTESIAN_POINT('',(7.06503687429E-02,1.36528809782E-03));
#736 = CARTESIAN_POINT('',(7.063313159615E-02,8.446233696875E-04));
#737 = CARTESIAN_POINT('',(7.059436768824E-02,-2.021316704784E-04));
#738 = CARTESIAN_POINT('',(7.057282870501E-02,-7.254456007983E-04));
#739 = CARTESIAN_POINT('',(7.054915202682E-02,-1.24846318417E-03));
#740 = CARTESIAN_POINT('',(7.052334213605E-02,-1.771146710253E-03));
#741 = CARTESIAN_POINT('',(7.049539363425E-02,-2.293584277662E-03));
#742 = CARTESIAN_POINT('',(7.046529621209E-02,-2.815920556046E-03));
#743 = CARTESIAN_POINT('',(7.043303962071E-02,-3.338287548218E-03));
#744 = CARTESIAN_POINT('',(7.039861864172E-02,-3.860735352223E-03));
#745 = CARTESIAN_POINT('',(7.036203805825E-02,-4.383162923463E-03));
#746 = CARTESIAN_POINT('',(7.032331762534E-02,-4.905248836783E-03));
#747 = ( GEOMETRIC_REPRESENTATION_CONTEXT(2) 
PARAMETRIC_REPRESENTATION_CONTEXT() REPRESENTATION_CONTEXT('2D SPACE',''
  ) );
#748 = ORIENTED_EDGE('',*,*,#749,.T.);
#749 = EDGE_CURVE('',#625,#750,#752,.T.);
#750 = VERTEX_POINT('',#751);
#751 = CARTESIAN_POINT('',(1.415534356397E-15,22.3,0.580240777928));
#752 = SURFACE_CURVE('',#753,(#757,#764),.PCURVE_S1.);
#753 = LINE('',#754,#755);
#754 = CARTESIAN_POINT('',(2.775557561563E-17,0.,0.580240777928));
#755 = VECTOR('',#756,1.);
#756 = DIRECTION('',(-0.,1.,0.));
#757 = PCURVE('',#366,#758);
#758 = DEFINITIONAL_REPRESENTATION('',(#759),#763);
#759 = LINE('',#760,#761);
#760 = CARTESIAN_POINT('',(0.10471975512,0.));
#761 = VECTOR('',#762,1.);
#762 = DIRECTION('',(0.,1.));
#763 = ( GEOMETRIC_REPRESENTATION_CONTEXT(2) 
PARAMETRIC_REPRESENTATION_CONTEXT() REPRESENTATION_CONTEXT('2D SPACE',''
  ) );
#764 = PCURVE('',#765,#770);
#765 = PLANE('',#766);
#766 = AXIS2_PLACEMENT_3D('',#767,#768,#769);
#767 = CARTESIAN_POINT('',(0.,0.,0.575));
#768 = DIRECTION('',(1.,0.,-0.));
#769 = DIRECTION('',(0.,0.,1.));
#770 = DEFINITIONAL_REPRESENTATION('',(#771),#775);
#771 = LINE('',#772,#773);
#772 = CARTESIAN_POINT('',(5.240777928304E-03,0.));
#773 = VECTOR('',#774,1.);
#774 = DIRECTION('',(0.,-1.));
#775 = ( GEOMETRIC_REPRESENTATION_CONTEXT(2) 
PARAMETRIC_REPRESENTATION_CONTEXT() REPRESENTATION_CONTEXT('2D SPACE',''
  ) );
#776 = ORIENTED_EDGE('',*,*,#777,.T.);
#777 = EDGE_CURVE('',#750,#316,#778,.T.);
#778 = SURFACE_CURVE('',#779,(#787,#793),.PCURVE_S1.);
#779 = ( BOUNDED_CURVE() B_SPLINE_CURVE(6,(#780,#781,#782,#783,#784,#785
,#786),.UNSPECIFIED.,.F.,.F.) B_SPLINE_CURVE_WITH_KNOTS((7,7),(0.,
0.10471975512),.PIECEWISE_BEZIER_KNOTS.) CURVE() 
GEOMETRIC_REPRESENTATION_ITEM() RATIONAL_B_SPLINE_CURVE((1.000137088577,
    1.00004568784,0.999990860763,0.999972587294,0.999990860763,
1.00004568784,1.000137088577)) REPRESENTATION_ITEM('') );
#780 = CARTESIAN_POINT('',(2.775557561563E-17,22.3,0.580240777928));
#781 = CARTESIAN_POINT('',(5.551115123126E-17,22.3,0.578495289159));
#782 = CARTESIAN_POINT('',(3.655943564777E-05,22.3,0.57674999185));
#783 = CARTESIAN_POINT('',(1.096652759717E-04,22.3,0.575005747314));
#784 = CARTESIAN_POINT('',(2.192831180766E-04,22.3,0.57326341629));
#785 = CARTESIAN_POINT('',(3.653572044893E-04,22.3,0.571523858401));
#786 = CARTESIAN_POINT('',(5.478104631727E-04,22.3,0.569787931602));
#787 = PCURVE('',#366,#788);
#788 = DEFINITIONAL_REPRESENTATION('',(#789),#792);
#789 = B_SPLINE_CURVE_WITH_KNOTS('',1,(#790,#791),.UNSPECIFIED.,.F.,.F.,
  (2,2),(0.,0.10471975512),.PIECEWISE_BEZIER_KNOTS.);
#790 = CARTESIAN_POINT('',(0.10471975512,22.3));
#791 = CARTESIAN_POINT('',(0.,22.3));
#792 = ( GEOMETRIC_REPRESENTATION_CONTEXT(2) 
PARAMETRIC_REPRESENTATION_CONTEXT() REPRESENTATION_CONTEXT('2D SPACE',''
  ) );
#793 = PCURVE('',#454,#794);
#794 = DEFINITIONAL_REPRESENTATION('',(#795),#816);
#795 = B_SPLINE_CURVE_WITH_KNOTS('',10,(#796,#797,#798,#799,#800,#801,
    #802,#803,#804,#805,#806,#807,#808,#809,#810,#811,#812,#813,#814,
    #815),.UNSPECIFIED.,.F.,.F.,(11,9,11),(0.,5.235987755983E-02,
    0.10471975512),.UNSPECIFIED.);
#796 = CARTESIAN_POINT('',(-7.071067811865E-02,-5.554770144436E-03));
#797 = CARTESIAN_POINT('',(-7.071067811865E-02,-5.031651675783E-03));
#798 = CARTESIAN_POINT('',(-7.07085249207E-02,-4.496305293979E-03));
#799 = CARTESIAN_POINT('',(-7.070412552301E-02,-4.014422113108E-03));
#800 = CARTESIAN_POINT('',(-7.069792481299E-02,-3.414188702185E-03));
#801 = CARTESIAN_POINT('',(-7.068887151261E-02,-2.984714248437E-03));
#802 = CARTESIAN_POINT('',(-7.067854623005E-02,-2.383876298886E-03));
#803 = CARTESIAN_POINT('',(-7.066534929797E-02,-1.903797436115E-03));
#804 = CARTESIAN_POINT('',(-7.065036874289E-02,-1.365288097818E-03));
#805 = CARTESIAN_POINT('',(-7.063313159615E-02,-8.446233696866E-04));
#806 = CARTESIAN_POINT('',(-7.059436768823E-02,2.021316704809E-04));
#807 = CARTESIAN_POINT('',(-7.0572828705E-02,7.254456008023E-04));
#808 = CARTESIAN_POINT('',(-7.054915202681E-02,1.248463184175E-03));
#809 = CARTESIAN_POINT('',(-7.052334213604E-02,1.771146710256E-03));
#810 = CARTESIAN_POINT('',(-7.049539363424E-02,2.293584277663E-03));
#811 = CARTESIAN_POINT('',(-7.046529621208E-02,2.815920556045E-03));
#812 = CARTESIAN_POINT('',(-7.04330396207E-02,3.338287548215E-03));
#813 = CARTESIAN_POINT('',(-7.039861864171E-02,3.860735352221E-03));
#814 = CARTESIAN_POINT('',(-7.036203805824E-02,4.383162923464E-03));
#815 = CARTESIAN_POINT('',(-7.032331762533E-02,4.905248836783E-03));
#816 = ( GEOMETRIC_REPRESENTATION_CONTEXT(2) 
PARAMETRIC_REPRESENTATION_CONTEXT() REPRESENTATION_CONTEXT('2D SPACE',''
  ) );
#817 = ORIENTED_EDGE('',*,*,#350,.F.);
#818 = ADVANCED_FACE('',(#819),#420,.T.);
#819 = FACE_BOUND('',#820,.F.);
#820 = EDGE_LOOP('',(#821,#848,#876,#896));
#821 = ORIENTED_EDGE('',*,*,#822,.F.);
#822 = EDGE_CURVE('',#823,#379,#825,.T.);
#823 = VERTEX_POINT('',#824);
#824 = CARTESIAN_POINT('',(0.145220127944,0.145220127944,5.E-02));
#825 = SURFACE_CURVE('',#826,(#831,#837),.PCURVE_S1.);
#826 = CIRCLE('',#827,0.1);
#827 = AXIS2_PLACEMENT_3D('',#828,#829,#830);
#828 = CARTESIAN_POINT('',(0.145220127944,0.145220127944,0.15));
#829 = DIRECTION('',(2.499123253613E-16,1.,2.775557561563E-16));
#830 = DIRECTION('',(-1.,2.499123253613E-16,6.936460443842E-32));
#831 = PCURVE('',#420,#832);
#832 = DEFINITIONAL_REPRESENTATION('',(#833),#836);
#833 = B_SPLINE_CURVE_WITH_KNOTS('',1,(#834,#835),.UNSPECIFIED.,.F.,.F.,
  (2,2),(4.712388980385,6.17846555206),.PIECEWISE_BEZIER_KNOTS.);
#834 = CARTESIAN_POINT('',(-1.466076571675,9.004040442978E-02));
#835 = CARTESIAN_POINT('',(0.,9.004040442978E-02));
#836 = ( GEOMETRIC_REPRESENTATION_CONTEXT(2) 
PARAMETRIC_REPRESENTATION_CONTEXT() REPRESENTATION_CONTEXT('2D SPACE',''
  ) );
#837 = PCURVE('',#838,#843);
#838 = SPHERICAL_SURFACE('',#839,0.1);
#839 = AXIS2_PLACEMENT_3D('',#840,#841,#842);
#840 = CARTESIAN_POINT('',(0.145220127944,0.145220127944,0.15));
#841 = DIRECTION('',(0.,-2.775557561563E-16,1.));
#842 = DIRECTION('',(-1.,2.499123253613E-16,6.936460443842E-32));
#843 = DEFINITIONAL_REPRESENTATION('',(#844),#847);
#844 = B_SPLINE_CURVE_WITH_KNOTS('',1,(#845,#846),.UNSPECIFIED.,.F.,.F.,
  (2,2),(4.712388980385,6.17846555206),.PIECEWISE_BEZIER_KNOTS.);
#845 = CARTESIAN_POINT('',(0.,-1.570796326795));
#846 = CARTESIAN_POINT('',(0.,-0.10471975512));
#847 = ( GEOMETRIC_REPRESENTATION_CONTEXT(2) 
PARAMETRIC_REPRESENTATION_CONTEXT() REPRESENTATION_CONTEXT('2D SPACE',''
  ) );
#848 = ORIENTED_EDGE('',*,*,#849,.T.);
#849 = EDGE_CURVE('',#823,#850,#852,.T.);
#850 = VERTEX_POINT('',#851);
#851 = CARTESIAN_POINT('',(0.145220127944,22.254779872056,5.E-02));
#852 = SURFACE_CURVE('',#853,(#857,#864),.PCURVE_S1.);
#853 = LINE('',#854,#855);
#854 = CARTESIAN_POINT('',(0.145220127944,5.517972351448E-02,5.E-02));
#855 = VECTOR('',#856,1.);
#856 = DIRECTION('',(-0.,1.,-0.));
#857 = PCURVE('',#420,#858);
#858 = DEFINITIONAL_REPRESENTATION('',(#859),#863);
#859 = LINE('',#860,#861);
#860 = CARTESIAN_POINT('',(-1.466076571675,0.));
#861 = VECTOR('',#862,1.);
#862 = DIRECTION('',(-0.,1.));
#863 = ( GEOMETRIC_REPRESENTATION_CONTEXT(2) 
PARAMETRIC_REPRESENTATION_CONTEXT() REPRESENTATION_CONTEXT('2D SPACE',''
  ) );
#864 = PCURVE('',#865,#870);
#865 = PLANE('',#866);
#866 = AXIS2_PLACEMENT_3D('',#867,#868,#869);
#867 = CARTESIAN_POINT('',(0.,0.,5.E-02));
#868 = DIRECTION('',(0.,0.,1.));
#869 = DIRECTION('',(1.,0.,-0.));
#870 = DEFINITIONAL_REPRESENTATION('',(#871),#875);
#871 = LINE('',#872,#873);
#872 = CARTESIAN_POINT('',(0.145220127944,5.517972351448E-02));
#873 = VECTOR('',#874,1.);
#874 = DIRECTION('',(0.,1.));
#875 = ( GEOMETRIC_REPRESENTATION_CONTEXT(2) 
PARAMETRIC_REPRESENTATION_CONTEXT() REPRESENTATION_CONTEXT('2D SPACE',''
  ) );
#876 = ORIENTED_EDGE('',*,*,#877,.T.);
#877 = EDGE_CURVE('',#850,#318,#878,.T.);
#878 = SURFACE_CURVE('',#879,(#884,#890),.PCURVE_S1.);
#879 = CIRCLE('',#880,0.1);
#880 = AXIS2_PLACEMENT_3D('',#881,#882,#883);
#881 = CARTESIAN_POINT('',(0.145220127944,22.254779872056,0.15));
#882 = DIRECTION('',(-3.572283018952E-14,1.,1.983015429059E-28));
#883 = DIRECTION('',(-1.,-3.572283018952E-14,5.551115123126E-15));
#884 = PCURVE('',#420,#885);
#885 = DEFINITIONAL_REPRESENTATION('',(#886),#889);
#886 = B_SPLINE_CURVE_WITH_KNOTS('',1,(#887,#888),.UNSPECIFIED.,.F.,.F.,
  (2,2),(4.712388980385,6.17846555206),.PIECEWISE_BEZIER_KNOTS.);
#887 = CARTESIAN_POINT('',(-1.466076571675,22.199600148541));
#888 = CARTESIAN_POINT('',(-1.06581410364E-14,22.199600148541));
#889 = ( GEOMETRIC_REPRESENTATION_CONTEXT(2) 
PARAMETRIC_REPRESENTATION_CONTEXT() REPRESENTATION_CONTEXT('2D SPACE',''
  ) );
#890 = PCURVE('',#603,#891);
#891 = DEFINITIONAL_REPRESENTATION('',(#892),#895);
#892 = B_SPLINE_CURVE_WITH_KNOTS('',1,(#893,#894),.UNSPECIFIED.,.F.,.F.,
  (2,2),(4.712388980385,6.17846555206),.PIECEWISE_BEZIER_KNOTS.);
#893 = CARTESIAN_POINT('',(0.,-1.570796326795));
#894 = CARTESIAN_POINT('',(0.,-0.10471975512));
#895 = ( GEOMETRIC_REPRESENTATION_CONTEXT(2) 
PARAMETRIC_REPRESENTATION_CONTEXT() REPRESENTATION_CONTEXT('2D SPACE',''
  ) );
#896 = ORIENTED_EDGE('',*,*,#406,.F.);
#897 = ADVANCED_FACE('',(#898),#394,.T.);
#898 = FACE_BOUND('',#899,.F.);
#899 = EDGE_LOOP('',(#900,#943,#971,#998));
#900 = ORIENTED_EDGE('',*,*,#901,.T.);
#901 = EDGE_CURVE('',#351,#902,#904,.T.);
#902 = VERTEX_POINT('',#903);
#903 = CARTESIAN_POINT('',(0.1,5.478104631726E-04,0.569787931602));
#904 = SURFACE_CURVE('',#905,(#913,#919),.PCURVE_S1.);
#905 = ( BOUNDED_CURVE() B_SPLINE_CURVE(6,(#906,#907,#908,#909,#910,#911
,#912),.UNSPECIFIED.,.F.,.F.) B_SPLINE_CURVE_WITH_KNOTS((7,7),(0.,
1.559869909752),.PIECEWISE_BEZIER_KNOTS.) CURVE() 
GEOMETRIC_REPRESENTATION_ITEM() RATIONAL_B_SPLINE_CURVE((1.030950613501,
    1.009890100201,0.997953445068,0.994040710927,0.997953445068,
1.009890100201,1.030950613501)) REPRESENTATION_ITEM('') );
#906 = CARTESIAN_POINT('',(5.478104631727E-04,1.E-01,0.569787931602));
#907 = CARTESIAN_POINT('',(8.362191750262E-04,7.360393169277E-02,
    0.567043906005));
#908 = CARTESIAN_POINT('',(9.450074782514E-03,4.788551824518E-02,
    0.565246144534));
#909 = CARTESIAN_POINT('',(2.568827830487E-02,2.568827830487E-02,
    0.564619824568));
#910 = CARTESIAN_POINT('',(4.788551824518E-02,9.450074782514E-03,
    0.565246144534));
#911 = CARTESIAN_POINT('',(7.360393169276E-02,8.362191750264E-04,
    0.567043906005));
#912 = CARTESIAN_POINT('',(1.E-01,5.478104631726E-04,0.569787931602));
#913 = PCURVE('',#394,#914);
#914 = DEFINITIONAL_REPRESENTATION('',(#915),#918);
#915 = B_SPLINE_CURVE_WITH_KNOTS('',1,(#916,#917),.UNSPECIFIED.,.F.,.F.,
  (2,2),(0.,1.559869909752),.PIECEWISE_BEZIER_KNOTS.);
#916 = CARTESIAN_POINT('',(0.,1.560858465792E-02));
#917 = CARTESIAN_POINT('',(-1.559869909752,1.560858465792E-02));
#918 = ( GEOMETRIC_REPRESENTATION_CONTEXT(2) 
PARAMETRIC_REPRESENTATION_CONTEXT() REPRESENTATION_CONTEXT('2D SPACE',''
  ) );
#919 = PCURVE('',#643,#920);
#920 = DEFINITIONAL_REPRESENTATION('',(#921),#942);
#921 = B_SPLINE_CURVE_WITH_KNOTS('',10,(#922,#923,#924,#925,#926,#927,
    #928,#929,#930,#931,#932,#933,#934,#935,#936,#937,#938,#939,#940,
    #941),.UNSPECIFIED.,.F.,.F.,(11,9,11),(0.,0.779934954876,
    1.559869909752),.UNSPECIFIED.);
#922 = CARTESIAN_POINT('',(7.032331762534E-02,-4.905248836783E-03));
#923 = CARTESIAN_POINT('',(6.476262599345E-02,-5.508294783568E-03));
#924 = CARTESIAN_POINT('',(5.873657188413E-02,-6.057003397348E-03));
#925 = CARTESIAN_POINT('',(5.248322135221E-02,-6.530329093234E-03));
#926 = CARTESIAN_POINT('',(4.520567607035E-02,-7.005227063356E-03));
#927 = CARTESIAN_POINT('',(3.85714100111E-02,-7.30862637222E-03));
#928 = CARTESIAN_POINT('',(3.077971696803E-02,-7.64963300142E-03));
#929 = CARTESIAN_POINT('',(2.339490280411E-02,-7.844273664366E-03));
#930 = CARTESIAN_POINT('',(1.55853415063E-02,-8.001448212688E-03));
#931 = CARTESIAN_POINT('',(7.800522236561E-03,-8.073972125239E-03));
#932 = CARTESIAN_POINT('',(-7.800522236539E-03,-8.07397212524E-03));
#933 = CARTESIAN_POINT('',(-1.55853415062E-02,-8.0014482127E-03));
#934 = CARTESIAN_POINT('',(-2.339490280453E-02,-7.844273664306E-03));
#935 = CARTESIAN_POINT('',(-3.077971696694E-02,-7.649633001568E-03));
#936 = CARTESIAN_POINT('',(-3.857141001278E-02,-7.308626371999E-03));
#937 = CARTESIAN_POINT('',(-4.520567606864E-02,-7.005227063571E-03));
#938 = CARTESIAN_POINT('',(-5.248322135333E-02,-6.530329093099E-03));
#939 = CARTESIAN_POINT('',(-5.873657188374E-02,-6.057003397395E-03));
#940 = CARTESIAN_POINT('',(-6.476262599349E-02,-5.508294783563E-03));
#941 = CARTESIAN_POINT('',(-7.032331762534E-02,-4.905248836783E-03));
#942 = ( GEOMETRIC_REPRESENTATION_CONTEXT(2) 
PARAMETRIC_REPRESENTATION_CONTEXT() REPRESENTATION_CONTEXT('2D SPACE',''
  ) );
#943 = ORIENTED_EDGE('',*,*,#944,.T.);
#944 = EDGE_CURVE('',#902,#945,#947,.T.);
#945 = VERTEX_POINT('',#946);
#946 = CARTESIAN_POINT('',(0.145220127944,4.576793840744E-02,
    0.139547153673));
#947 = SURFACE_CURVE('',#948,(#952,#959),.PCURVE_S1.);
#948 = LINE('',#949,#950);
#949 = CARTESIAN_POINT('',(9.837729952288E-02,-1.074890013952E-03,
    0.585226895341));
#950 = VECTOR('',#951,1.);
#951 = DIRECTION('',(0.103962051184,0.103962051184,-0.989132844378));
#952 = PCURVE('',#394,#953);
#953 = DEFINITIONAL_REPRESENTATION('',(#954),#958);
#954 = LINE('',#955,#956);
#955 = CARTESIAN_POINT('',(-1.559869909752,0.));
#956 = VECTOR('',#957,1.);
#957 = DIRECTION('',(-0.,1.));
#958 = ( GEOMETRIC_REPRESENTATION_CONTEXT(2) 
PARAMETRIC_REPRESENTATION_CONTEXT() REPRESENTATION_CONTEXT('2D SPACE',''
  ) );
#959 = PCURVE('',#960,#965);
#960 = PLANE('',#961);
#961 = AXIS2_PLACEMENT_3D('',#962,#963,#964);
#962 = CARTESIAN_POINT('',(0.,0.,0.575));
#963 = DIRECTION('',(0.,-0.994521895368,-0.104528463268));
#964 = DIRECTION('',(1.,0.,0.));
#965 = DEFINITIONAL_REPRESENTATION('',(#966),#970);
#966 = LINE('',#967,#968);
#967 = CARTESIAN_POINT('',(9.837729952288E-02,1.028322793955E-02));
#968 = VECTOR('',#969,1.);
#969 = DIRECTION('',(0.103962051184,-0.99458126461));
#970 = ( GEOMETRIC_REPRESENTATION_CONTEXT(2) 
PARAMETRIC_REPRESENTATION_CONTEXT() REPRESENTATION_CONTEXT('2D SPACE',''
  ) );
#971 = ORIENTED_EDGE('',*,*,#972,.F.);
#972 = EDGE_CURVE('',#379,#945,#973,.T.);
#973 = SURFACE_CURVE('',#974,(#979,#986),.PCURVE_S1.);
#974 = CIRCLE('',#975,0.1);
#975 = AXIS2_PLACEMENT_3D('',#976,#977,#978);
#976 = CARTESIAN_POINT('',(0.145220127944,0.145220127944,0.15));
#977 = DIRECTION('',(-0.103962051184,-0.103962051184,0.989132844378));
#978 = DIRECTION('',(-0.994521895368,2.758210326803E-16,-0.104528463268)
  );
#979 = PCURVE('',#394,#980);
#980 = DEFINITIONAL_REPRESENTATION('',(#981),#985);
#981 = LINE('',#982,#983);
#982 = CARTESIAN_POINT('',(-0.,0.450576223609));
#983 = VECTOR('',#984,1.);
#984 = DIRECTION('',(-1.,0.));
#985 = ( GEOMETRIC_REPRESENTATION_CONTEXT(2) 
PARAMETRIC_REPRESENTATION_CONTEXT() REPRESENTATION_CONTEXT('2D SPACE',''
  ) );
#986 = PCURVE('',#838,#987);
#987 = DEFINITIONAL_REPRESENTATION('',(#988),#997);
#988 = B_SPLINE_CURVE_WITH_KNOTS('',7,(#989,#990,#991,#992,#993,#994,
    #995,#996),.UNSPECIFIED.,.F.,.F.,(8,8),(0.,1.559869909752),
  .PIECEWISE_BEZIER_KNOTS.);
#989 = CARTESIAN_POINT('',(2.790846108557E-16,-0.10471975512));
#990 = CARTESIAN_POINT('',(0.222851861165,-0.127886508748));
#991 = CARTESIAN_POINT('',(0.446970298262,-0.145028818012));
#992 = CARTESIAN_POINT('',(0.672359144982,-0.154236246574));
#993 = CARTESIAN_POINT('',(0.898437181813,-0.154236246574));
#994 = CARTESIAN_POINT('',(1.123826028533,-0.145028818012));
#995 = CARTESIAN_POINT('',(1.347944465629,-0.127886508748));
#996 = CARTESIAN_POINT('',(1.570796326795,-0.10471975512));
#997 = ( GEOMETRIC_REPRESENTATION_CONTEXT(2) 
PARAMETRIC_REPRESENTATION_CONTEXT() REPRESENTATION_CONTEXT('2D SPACE',''
  ) );
#998 = ORIENTED_EDGE('',*,*,#378,.F.);
#999 = ADVANCED_FACE('',(#1000),#454,.T.);
#1000 = FACE_BOUND('',#1001,.T.);
#1001 = EDGE_LOOP('',(#1002,#1003,#1004,#1054));
#1002 = ORIENTED_EDGE('',*,*,#435,.F.);
#1003 = ORIENTED_EDGE('',*,*,#777,.F.);
#1004 = ORIENTED_EDGE('',*,*,#1005,.F.);
#1005 = EDGE_CURVE('',#1006,#750,#1008,.T.);
#1006 = VERTEX_POINT('',#1007);
#1007 = CARTESIAN_POINT('',(0.1,22.4,0.580240777928));
#1008 = SURFACE_CURVE('',#1009,(#1017,#1043),.PCURVE_S1.);
#1009 = ( BOUNDED_CURVE() B_SPLINE_CURVE(6,(#1010,#1011,#1012,#1013,
#1014,#1015,#1016),.UNSPECIFIED.,.F.,.F.) B_SPLINE_CURVE_WITH_KNOTS((7,7
),(0.,1.570796326795),.PIECEWISE_BEZIER_KNOTS.) CURVE() 
GEOMETRIC_REPRESENTATION_ITEM() RATIONAL_B_SPLINE_CURVE((1.031393471788,
    1.010025407661,0.997924642725,0.993958444137,0.997924642725,
1.010025407661,1.031393471788)) REPRESENTATION_ITEM('') );
#1010 = CARTESIAN_POINT('',(1.E-01,22.4,0.580240777928));
#1011 = CARTESIAN_POINT('',(7.326632168471E-02,22.4,0.580240777928));
#1012 = CARTESIAN_POINT('',(4.722914274178E-02,22.391499564937,
    0.580240777928));
#1013 = CARTESIAN_POINT('',(2.480804867977E-02,22.37519195132,
    0.580240777928));
#1014 = CARTESIAN_POINT('',(8.500435063369E-03,22.352770857258,
    0.580240777928));
#1015 = CARTESIAN_POINT('',(1.249000902703E-16,22.326733678315,
    0.580240777928));
#1016 = CARTESIAN_POINT('',(-1.387778780781E-17,22.3,0.580240777928));
#1017 = PCURVE('',#454,#1018);
#1018 = DEFINITIONAL_REPRESENTATION('',(#1019),#1042);
#1019 = B_SPLINE_CURVE_WITH_KNOTS('',11,(#1020,#1021,#1022,#1023,#1024,
    #1025,#1026,#1027,#1028,#1029,#1030,#1031,#1032,#1033,#1034,#1035,
    #1036,#1037,#1038,#1039,#1040,#1041),.UNSPECIFIED.,.F.,.F.,(12,10,12
    ),(0.,0.785398163397,1.570796326795),.UNSPECIFIED.);
#1020 = CARTESIAN_POINT('',(7.071067811866E-02,-5.554770144436E-03));
#1021 = CARTESIAN_POINT('',(6.564243132353E-02,-5.74579329196E-03));
#1022 = CARTESIAN_POINT('',(6.004346671288E-02,-5.926660201585E-03));
#1023 = CARTESIAN_POINT('',(5.501196532511E-02,-6.056370894336E-03));
#1024 = CARTESIAN_POINT('',(4.731082728999E-02,-6.261774277621E-03));
#1025 = CARTESIAN_POINT('',(4.306878826124E-02,-6.294697516831E-03));
#1026 = CARTESIAN_POINT('',(3.418340898449E-02,-6.490957836996E-03));
#1027 = CARTESIAN_POINT('',(2.893340430567E-02,-6.50789766718E-03));
#1028 = CARTESIAN_POINT('',(2.115870504874E-02,-6.603866867477E-03));
#1029 = CARTESIAN_POINT('',(1.432493893834E-02,-6.6359404747E-03));
#1030 = CARTESIAN_POINT('',(7.13847676187E-03,-6.658581054219E-03));
#1031 = CARTESIAN_POINT('',(-7.138476761818E-03,-6.65858105422E-03));
#1032 = CARTESIAN_POINT('',(-1.432493893832E-02,-6.635940474692E-03));
#1033 = CARTESIAN_POINT('',(-2.115870504831E-02,-6.60386686752E-03));
#1034 = CARTESIAN_POINT('',(-2.893340430739E-02,-6.507897667059E-03));
#1035 = CARTESIAN_POINT('',(-3.418340898088E-02,-6.490957837208E-03));
#1036 = CARTESIAN_POINT('',(-4.306878826592E-02,-6.294697516578E-03));
#1037 = CARTESIAN_POINT('',(-4.731082728511E-02,-6.261774277835E-03));
#1038 = CARTESIAN_POINT('',(-5.501196532759E-02,-6.056370894232E-03));
#1039 = CARTESIAN_POINT('',(-6.004346671199E-02,-5.926660201619E-03));
#1040 = CARTESIAN_POINT('',(-6.564243132375E-02,-5.745793291951E-03));
#1041 = CARTESIAN_POINT('',(-7.071067811865E-02,-5.554770144436E-03));
#1042 = ( GEOMETRIC_REPRESENTATION_CONTEXT(2) 
PARAMETRIC_REPRESENTATION_CONTEXT() REPRESENTATION_CONTEXT('2D SPACE',''
  ) );
#1043 = PCURVE('',#1044,#1049);
#1044 = CYLINDRICAL_SURFACE('',#1045,0.1);
#1045 = AXIS2_PLACEMENT_3D('',#1046,#1047,#1048);
#1046 = CARTESIAN_POINT('',(1.E-01,22.3,0.575));
#1047 = DIRECTION('',(0.,0.,1.));
#1048 = DIRECTION('',(-1.,-0.,0.));
#1049 = DEFINITIONAL_REPRESENTATION('',(#1050),#1053);
#1050 = B_SPLINE_CURVE_WITH_KNOTS('',1,(#1051,#1052),.UNSPECIFIED.,.F.,
  .F.,(2,2),(0.,1.570796326795),.PIECEWISE_BEZIER_KNOTS.);
#1051 = CARTESIAN_POINT('',(-1.570796326795,5.240777928304E-03));
#1052 = CARTESIAN_POINT('',(0.,5.240777928304E-03));
#1053 = ( GEOMETRIC_REPRESENTATION_CONTEXT(2) 
PARAMETRIC_REPRESENTATION_CONTEXT() REPRESENTATION_CONTEXT('2D SPACE',''
  ) );
#1054 = ORIENTED_EDGE('',*,*,#1055,.F.);
#1055 = EDGE_CURVE('',#436,#1006,#1056,.T.);
#1056 = SURFACE_CURVE('',#1057,(#1065,#1089),.PCURVE_S1.);
#1057 = ( BOUNDED_CURVE() B_SPLINE_CURVE(6,(#1058,#1059,#1060,#1061,
#1062,#1063,#1064),.UNSPECIFIED.,.F.,.F.) B_SPLINE_CURVE_WITH_KNOTS((7,7
),(0.,0.10471975512),.PIECEWISE_BEZIER_KNOTS.) CURVE() 
GEOMETRIC_REPRESENTATION_ITEM() RATIONAL_B_SPLINE_CURVE((1.000137088577,
    1.00004568784,0.999990860763,0.999972587294,0.999990860763,
1.00004568784,1.000137088577)) REPRESENTATION_ITEM('') );
#1058 = CARTESIAN_POINT('',(0.1,22.399452189537,0.569787931602));
#1059 = CARTESIAN_POINT('',(0.1,22.399634642796,0.571523858401));
#1060 = CARTESIAN_POINT('',(0.1,22.399780716882,0.57326341629));
#1061 = CARTESIAN_POINT('',(0.1,22.399890334724,0.575005747314));
#1062 = CARTESIAN_POINT('',(0.1,22.399963440564,0.57674999185));
#1063 = CARTESIAN_POINT('',(0.1,22.4,0.578495289159));
#1064 = CARTESIAN_POINT('',(0.1,22.4,0.580240777928));
#1065 = PCURVE('',#454,#1066);
#1066 = DEFINITIONAL_REPRESENTATION('',(#1067),#1088);
#1067 = B_SPLINE_CURVE_WITH_KNOTS('',10,(#1068,#1069,#1070,#1071,#1072,
    #1073,#1074,#1075,#1076,#1077,#1078,#1079,#1080,#1081,#1082,#1083,
    #1084,#1085,#1086,#1087),.UNSPECIFIED.,.F.,.F.,(11,9,11),(0.,
    5.235987755983E-02,0.10471975512),.UNSPECIFIED.);
#1068 = CARTESIAN_POINT('',(7.032331762535E-02,4.905248836783E-03));
#1069 = CARTESIAN_POINT('',(7.036203805826E-02,4.383162923464E-03));
#1070 = CARTESIAN_POINT('',(7.039861864172E-02,3.860735352223E-03));
#1071 = CARTESIAN_POINT('',(7.043303962073E-02,3.338287548218E-03));
#1072 = CARTESIAN_POINT('',(7.046529621208E-02,2.815920556046E-03));
#1073 = CARTESIAN_POINT('',(7.049539363426E-02,2.293584277663E-03));
#1074 = CARTESIAN_POINT('',(7.052334213606E-02,1.771146710254E-03));
#1075 = CARTESIAN_POINT('',(7.054915202682E-02,1.248463184171E-03));
#1076 = CARTESIAN_POINT('',(7.057282870502E-02,7.254456007977E-04));
#1077 = CARTESIAN_POINT('',(7.059436768824E-02,2.021316704772E-04));
#1078 = CARTESIAN_POINT('',(7.063313159617E-02,-8.446233696866E-04));
#1079 = CARTESIAN_POINT('',(7.065036874289E-02,-1.365288097837E-03));
#1080 = CARTESIAN_POINT('',(7.066534929801E-02,-1.903797436033E-03));
#1081 = CARTESIAN_POINT('',(7.067854623004E-02,-2.383876299087E-03));
#1082 = CARTESIAN_POINT('',(7.068887151264E-02,-2.984714248137E-03));
#1083 = CARTESIAN_POINT('',(7.069792481301E-02,-3.414188702491E-03));
#1084 = CARTESIAN_POINT('',(7.070412552302E-02,-4.014422112916E-03));
#1085 = CARTESIAN_POINT('',(7.070852492073E-02,-4.496305294054E-03));
#1086 = CARTESIAN_POINT('',(7.071067811867E-02,-5.031651675779E-03));
#1087 = CARTESIAN_POINT('',(7.071067811866E-02,-5.554770144436E-03));
#1088 = ( GEOMETRIC_REPRESENTATION_CONTEXT(2) 
PARAMETRIC_REPRESENTATION_CONTEXT() REPRESENTATION_CONTEXT('2D SPACE',''
  ) );
#1089 = PCURVE('',#1090,#1095);
#1090 = CYLINDRICAL_SURFACE('',#1091,0.1);
#1091 = AXIS2_PLACEMENT_3D('',#1092,#1093,#1094);
#1092 = CARTESIAN_POINT('',(0.,22.3,0.580240777928));
#1093 = DIRECTION('',(1.,0.,-0.));
#1094 = DIRECTION('',(-0.,0.994521895368,-0.104528463268));
#1095 = DEFINITIONAL_REPRESENTATION('',(#1096),#1099);
#1096 = B_SPLINE_CURVE_WITH_KNOTS('',1,(#1097,#1098),.UNSPECIFIED.,.F.,
  .F.,(2,2),(0.,0.10471975512),.PIECEWISE_BEZIER_KNOTS.);
#1097 = CARTESIAN_POINT('',(0.,0.1));
#1098 = CARTESIAN_POINT('',(0.10471975512,1.E-01));
#1099 = ( GEOMETRIC_REPRESENTATION_CONTEXT(2) 
PARAMETRIC_REPRESENTATION_CONTEXT() REPRESENTATION_CONTEXT('2D SPACE',''
  ) );
#1100 = ADVANCED_FACE('',(#1101),#576,.F.);
#1101 = FACE_BOUND('',#1102,.F.);
#1102 = EDGE_LOOP('',(#1103,#1104,#1132,#1160));
#1103 = ORIENTED_EDGE('',*,*,#560,.T.);
#1104 = ORIENTED_EDGE('',*,*,#1105,.T.);
#1105 = EDGE_CURVE('',#561,#1106,#1108,.T.);
#1106 = VERTEX_POINT('',#1107);
#1107 = CARTESIAN_POINT('',(10.154779872056,22.354232061593,
    0.139547153673));
#1108 = SURFACE_CURVE('',#1109,(#1113,#1120),.PCURVE_S1.);
#1109 = LINE('',#1110,#1111);
#1110 = CARTESIAN_POINT('',(5.517972351448E-02,22.354232061593,
    0.139547153673));
#1111 = VECTOR('',#1112,1.);
#1112 = DIRECTION('',(1.,-0.,-0.));
#1113 = PCURVE('',#576,#1114);
#1114 = DEFINITIONAL_REPRESENTATION('',(#1115),#1119);
#1115 = LINE('',#1116,#1117);
#1116 = CARTESIAN_POINT('',(5.517972351448E-02,-0.437851442341));
#1117 = VECTOR('',#1118,1.);
#1118 = DIRECTION('',(1.,0.));
#1119 = ( GEOMETRIC_REPRESENTATION_CONTEXT(2) 
PARAMETRIC_REPRESENTATION_CONTEXT() REPRESENTATION_CONTEXT('2D SPACE',''
  ) );
#1120 = PCURVE('',#1121,#1126);
#1121 = CYLINDRICAL_SURFACE('',#1122,0.1);
#1122 = AXIS2_PLACEMENT_3D('',#1123,#1124,#1125);
#1123 = CARTESIAN_POINT('',(5.517972351448E-02,22.254779872056,0.15));
#1124 = DIRECTION('',(1.,-0.,-0.));
#1125 = DIRECTION('',(0.,0.994521895368,-0.104528463268));
#1126 = DEFINITIONAL_REPRESENTATION('',(#1127),#1131);
#1127 = LINE('',#1128,#1129);
#1128 = CARTESIAN_POINT('',(-0.,0.));
#1129 = VECTOR('',#1130,1.);
#1130 = DIRECTION('',(-0.,1.));
#1131 = ( GEOMETRIC_REPRESENTATION_CONTEXT(2) 
PARAMETRIC_REPRESENTATION_CONTEXT() REPRESENTATION_CONTEXT('2D SPACE',''
  ) );
#1132 = ORIENTED_EDGE('',*,*,#1133,.F.);
#1133 = EDGE_CURVE('',#1134,#1106,#1136,.T.);
#1134 = VERTEX_POINT('',#1135);
#1135 = CARTESIAN_POINT('',(10.2,22.399452189537,0.569787931602));
#1136 = SURFACE_CURVE('',#1137,(#1141,#1148),.PCURVE_S1.);
#1137 = LINE('',#1138,#1139);
#1138 = CARTESIAN_POINT('',(10.201622700477,22.401074890014,
    0.585226895341));
#1139 = VECTOR('',#1140,1.);
#1140 = DIRECTION('',(-0.103962051184,-0.103962051184,-0.989132844378));
#1141 = PCURVE('',#576,#1142);
#1142 = DEFINITIONAL_REPRESENTATION('',(#1143),#1147);
#1143 = LINE('',#1144,#1145);
#1144 = CARTESIAN_POINT('',(10.201622700477,1.028322793955E-02));
#1145 = VECTOR('',#1146,1.);
#1146 = DIRECTION('',(-0.103962051184,-0.99458126461));
#1147 = ( GEOMETRIC_REPRESENTATION_CONTEXT(2) 
PARAMETRIC_REPRESENTATION_CONTEXT() REPRESENTATION_CONTEXT('2D SPACE',''
  ) );
#1148 = PCURVE('',#1149,#1154);
#1149 = CYLINDRICAL_SURFACE('',#1150,0.1);
#1150 = AXIS2_PLACEMENT_3D('',#1151,#1152,#1153);
#1151 = CARTESIAN_POINT('',(10.201622700477,22.301622700477,
    0.595679741668));
#1152 = DIRECTION('',(-0.103962051184,-0.103962051184,-0.989132844378));
#1153 = DIRECTION('',(1.734723475977E-18,0.994521895368,-0.104528463268)
  );
#1154 = DEFINITIONAL_REPRESENTATION('',(#1155),#1159);
#1155 = LINE('',#1156,#1157);
#1156 = CARTESIAN_POINT('',(0.,0.));
#1157 = VECTOR('',#1158,1.);
#1158 = DIRECTION('',(0.,1.));
#1159 = ( GEOMETRIC_REPRESENTATION_CONTEXT(2) 
PARAMETRIC_REPRESENTATION_CONTEXT() REPRESENTATION_CONTEXT('2D SPACE',''
  ) );
#1160 = ORIENTED_EDGE('',*,*,#1161,.F.);
#1161 = EDGE_CURVE('',#436,#1134,#1162,.T.);
#1162 = SURFACE_CURVE('',#1163,(#1167,#1174),.PCURVE_S1.);
#1163 = LINE('',#1164,#1165);
#1164 = CARTESIAN_POINT('',(0.,22.399452189537,0.569787931602));
#1165 = VECTOR('',#1166,1.);
#1166 = DIRECTION('',(1.,0.,-0.));
#1167 = PCURVE('',#576,#1168);
#1168 = DEFINITIONAL_REPRESENTATION('',(#1169),#1173);
#1169 = LINE('',#1170,#1171);
#1170 = CARTESIAN_POINT('',(0.,-5.240777928304E-03));
#1171 = VECTOR('',#1172,1.);
#1172 = DIRECTION('',(1.,0.));
#1173 = ( GEOMETRIC_REPRESENTATION_CONTEXT(2) 
PARAMETRIC_REPRESENTATION_CONTEXT() REPRESENTATION_CONTEXT('2D SPACE',''
  ) );
#1174 = PCURVE('',#1090,#1175);
#1175 = DEFINITIONAL_REPRESENTATION('',(#1176),#1180);
#1176 = LINE('',#1177,#1178);
#1177 = CARTESIAN_POINT('',(0.,0.));
#1178 = VECTOR('',#1179,1.);
#1179 = DIRECTION('',(0.,1.));
#1180 = ( GEOMETRIC_REPRESENTATION_CONTEXT(2) 
PARAMETRIC_REPRESENTATION_CONTEXT() REPRESENTATION_CONTEXT('2D SPACE',''
  ) );
#1181 = ADVANCED_FACE('',(#1182),#603,.T.);
#1182 = FACE_BOUND('',#1183,.F.);
#1183 = EDGE_LOOP('',(#1184,#1185,#1205));
#1184 = ORIENTED_EDGE('',*,*,#877,.F.);
#1185 = ORIENTED_EDGE('',*,*,#1186,.T.);
#1186 = EDGE_CURVE('',#850,#561,#1187,.T.);
#1187 = SURFACE_CURVE('',#1188,(#1193,#1199),.PCURVE_S1.);
#1188 = CIRCLE('',#1189,0.1);
#1189 = AXIS2_PLACEMENT_3D('',#1190,#1191,#1192);
#1190 = CARTESIAN_POINT('',(0.145220127944,22.254779872056,0.15));
#1191 = DIRECTION('',(1.,4.697817839977E-15,-5.551115123126E-15));
#1192 = DIRECTION('',(-4.697817839977E-15,1.,2.607812765719E-29));
#1193 = PCURVE('',#603,#1194);
#1194 = DEFINITIONAL_REPRESENTATION('',(#1195),#1198);
#1195 = B_SPLINE_CURVE_WITH_KNOTS('',1,(#1196,#1197),.UNSPECIFIED.,.F.,
  .F.,(2,2),(4.712388980385,6.17846555206),.PIECEWISE_BEZIER_KNOTS.);
#1196 = CARTESIAN_POINT('',(-1.570796326795,-1.570796326795));
#1197 = CARTESIAN_POINT('',(-1.570796326795,-0.10471975512));
#1198 = ( GEOMETRIC_REPRESENTATION_CONTEXT(2) 
PARAMETRIC_REPRESENTATION_CONTEXT() REPRESENTATION_CONTEXT('2D SPACE',''
  ) );
#1199 = PCURVE('',#1121,#1200);
#1200 = DEFINITIONAL_REPRESENTATION('',(#1201),#1204);
#1201 = B_SPLINE_CURVE_WITH_KNOTS('',1,(#1202,#1203),.UNSPECIFIED.,.F.,
  .F.,(2,2),(4.712388980385,6.17846555206),.PIECEWISE_BEZIER_KNOTS.);
#1202 = CARTESIAN_POINT('',(-1.466076571675,9.004040442978E-02));
#1203 = CARTESIAN_POINT('',(-7.993605777301E-15,9.004040442978E-02));
#1204 = ( GEOMETRIC_REPRESENTATION_CONTEXT(2) 
PARAMETRIC_REPRESENTATION_CONTEXT() REPRESENTATION_CONTEXT('2D SPACE',''
  ) );
#1205 = ORIENTED_EDGE('',*,*,#588,.F.);
#1206 = ADVANCED_FACE('',(#1207),#643,.F.);
#1207 = FACE_BOUND('',#1208,.F.);
#1208 = EDGE_LOOP('',(#1209,#1210,#1211,#1261));
#1209 = ORIENTED_EDGE('',*,*,#901,.F.);
#1210 = ORIENTED_EDGE('',*,*,#624,.F.);
#1211 = ORIENTED_EDGE('',*,*,#1212,.F.);
#1212 = EDGE_CURVE('',#1213,#625,#1215,.T.);
#1213 = VERTEX_POINT('',#1214);
#1214 = CARTESIAN_POINT('',(0.1,2.775557561563E-17,0.580240777928));
#1215 = SURFACE_CURVE('',#1216,(#1224,#1250),.PCURVE_S1.);
#1216 = ( BOUNDED_CURVE() B_SPLINE_CURVE(6,(#1217,#1218,#1219,#1220,
#1221,#1222,#1223),.UNSPECIFIED.,.F.,.F.) B_SPLINE_CURVE_WITH_KNOTS((7,7
),(0.,1.570796326795),.PIECEWISE_BEZIER_KNOTS.) CURVE() 
GEOMETRIC_REPRESENTATION_ITEM() RATIONAL_B_SPLINE_CURVE((1.031393471788,
    1.010025407661,0.997924642725,0.993958444137,0.997924642725,
1.010025407661,1.031393471788)) REPRESENTATION_ITEM('') );
#1217 = CARTESIAN_POINT('',(1.E-01,-1.387778780781E-17,0.580240777928));
#1218 = CARTESIAN_POINT('',(7.326632168471E-02,-1.387778780781E-17,
    0.580240777928));
#1219 = CARTESIAN_POINT('',(4.722914274178E-02,8.500435063369E-03,
    0.580240777928));
#1220 = CARTESIAN_POINT('',(2.480804867977E-02,2.480804867977E-02,
    0.580240777928));
#1221 = CARTESIAN_POINT('',(8.500435063369E-03,4.722914274178E-02,
    0.580240777928));
#1222 = CARTESIAN_POINT('',(1.249000902703E-16,7.326632168471E-02,
    0.580240777928));
#1223 = CARTESIAN_POINT('',(-1.387778780781E-17,1.E-01,0.580240777928));
#1224 = PCURVE('',#643,#1225);
#1225 = DEFINITIONAL_REPRESENTATION('',(#1226),#1249);
#1226 = B_SPLINE_CURVE_WITH_KNOTS('',11,(#1227,#1228,#1229,#1230,#1231,
    #1232,#1233,#1234,#1235,#1236,#1237,#1238,#1239,#1240,#1241,#1242,
    #1243,#1244,#1245,#1246,#1247,#1248),.UNSPECIFIED.,.F.,.F.,(12,10,12
    ),(0.,0.785398163397,1.570796326795),.UNSPECIFIED.);
#1227 = CARTESIAN_POINT('',(-7.071067811865E-02,5.554770144436E-03));
#1228 = CARTESIAN_POINT('',(-6.564243132361E-02,5.745793291957E-03));
#1229 = CARTESIAN_POINT('',(-6.004346671242E-02,5.926660201602E-03));
#1230 = CARTESIAN_POINT('',(-5.501196532631E-02,6.056370894289E-03));
#1231 = CARTESIAN_POINT('',(-4.731082728758E-02,6.26177427771E-03));
#1232 = CARTESIAN_POINT('',(-4.306878826377E-02,6.29469751673E-03));
#1233 = CARTESIAN_POINT('',(-3.418340898245E-02,6.490957837072E-03));
#1234 = CARTESIAN_POINT('',(-2.893340430679E-02,6.507897667142E-03));
#1235 = CARTESIAN_POINT('',(-2.115870504837E-02,6.603866867487E-03));
#1236 = CARTESIAN_POINT('',(-1.43249389384E-02,6.6359404747E-03));
#1237 = CARTESIAN_POINT('',(-7.13847676182E-03,6.65858105422E-03));
#1238 = CARTESIAN_POINT('',(7.138476761871E-03,6.658581054219E-03));
#1239 = CARTESIAN_POINT('',(1.432493893827E-02,6.635940474696E-03));
#1240 = CARTESIAN_POINT('',(2.115870504887E-02,6.603866867497E-03));
#1241 = CARTESIAN_POINT('',(2.893340430606E-02,6.507897667119E-03));
#1242 = CARTESIAN_POINT('',(3.418340898319E-02,6.490957837103E-03));
#1243 = CARTESIAN_POINT('',(4.306878826327E-02,6.294697516701E-03));
#1244 = CARTESIAN_POINT('',(4.73108272876E-02,6.261774277731E-03));
#1245 = CARTESIAN_POINT('',(5.501196532632E-02,6.056370894285E-03));
#1246 = CARTESIAN_POINT('',(6.004346671243E-02,5.926660201601E-03));
#1247 = CARTESIAN_POINT('',(6.56424313237E-02,5.745793291954E-03));
#1248 = CARTESIAN_POINT('',(7.071067811865E-02,5.554770144436E-03));
#1249 = ( GEOMETRIC_REPRESENTATION_CONTEXT(2) 
PARAMETRIC_REPRESENTATION_CONTEXT() REPRESENTATION_CONTEXT('2D SPACE',''
  ) );
#1250 = PCURVE('',#1251,#1256);
#1251 = CYLINDRICAL_SURFACE('',#1252,0.1);
#1252 = AXIS2_PLACEMENT_3D('',#1253,#1254,#1255);
#1253 = CARTESIAN_POINT('',(1.E-01,1.E-01,0.575));
#1254 = DIRECTION('',(0.,0.,1.));
#1255 = DIRECTION('',(-1.,-0.,0.));
#1256 = DEFINITIONAL_REPRESENTATION('',(#1257),#1260);
#1257 = B_SPLINE_CURVE_WITH_KNOTS('',1,(#1258,#1259),.UNSPECIFIED.,.F.,
  .F.,(2,2),(0.,1.570796326795),.PIECEWISE_BEZIER_KNOTS.);
#1258 = CARTESIAN_POINT('',(1.570796326795,5.240777928304E-03));
#1259 = CARTESIAN_POINT('',(0.,5.240777928304E-03));
#1260 = ( GEOMETRIC_REPRESENTATION_CONTEXT(2) 
PARAMETRIC_REPRESENTATION_CONTEXT() REPRESENTATION_CONTEXT('2D SPACE',''
  ) );
#1261 = ORIENTED_EDGE('',*,*,#1262,.F.);
#1262 = EDGE_CURVE('',#902,#1213,#1263,.T.);
#1263 = SURFACE_CURVE('',#1264,(#1272,#1296),.PCURVE_S1.);
#1264 = ( BOUNDED_CURVE() B_SPLINE_CURVE(6,(#1265,#1266,#1267,#1268,
#1269,#1270,#1271),.UNSPECIFIED.,.F.,.F.) B_SPLINE_CURVE_WITH_KNOTS((7,7
),(0.,0.10471975512),.PIECEWISE_BEZIER_KNOTS.) CURVE() 
GEOMETRIC_REPRESENTATION_ITEM() RATIONAL_B_SPLINE_CURVE((1.000137088577,
    1.00004568784,0.999990860763,0.999972587294,0.999990860763,
1.00004568784,1.000137088577)) REPRESENTATION_ITEM('') );
#1265 = CARTESIAN_POINT('',(0.1,5.478104631727E-04,0.569787931602));
#1266 = CARTESIAN_POINT('',(0.1,3.653572044893E-04,0.571523858401));
#1267 = CARTESIAN_POINT('',(0.1,2.192831180766E-04,0.57326341629));
#1268 = CARTESIAN_POINT('',(0.1,1.096652759717E-04,0.575005747314));
#1269 = CARTESIAN_POINT('',(0.1,3.655943564777E-05,0.57674999185));
#1270 = CARTESIAN_POINT('',(0.1,5.551115123126E-17,0.578495289159));
#1271 = CARTESIAN_POINT('',(0.1,2.775557561563E-17,0.580240777928));
#1272 = PCURVE('',#643,#1273);
#1273 = DEFINITIONAL_REPRESENTATION('',(#1274),#1295);
#1274 = B_SPLINE_CURVE_WITH_KNOTS('',10,(#1275,#1276,#1277,#1278,#1279,
    #1280,#1281,#1282,#1283,#1284,#1285,#1286,#1287,#1288,#1289,#1290,
    #1291,#1292,#1293,#1294),.UNSPECIFIED.,.F.,.F.,(11,9,11),(0.,
    5.235987755983E-02,0.10471975512),.UNSPECIFIED.);
#1275 = CARTESIAN_POINT('',(-7.032331762534E-02,-4.905248836783E-03));
#1276 = CARTESIAN_POINT('',(-7.036203805826E-02,-4.383162923464E-03));
#1277 = CARTESIAN_POINT('',(-7.039861864172E-02,-3.86073535222E-03));
#1278 = CARTESIAN_POINT('',(-7.043303962071E-02,-3.338287548214E-03));
#1279 = CARTESIAN_POINT('',(-7.046529621209E-02,-2.815920556043E-03));
#1280 = CARTESIAN_POINT('',(-7.049539363424E-02,-2.293584277662E-03));
#1281 = CARTESIAN_POINT('',(-7.052334213606E-02,-1.771146710256E-03));
#1282 = CARTESIAN_POINT('',(-7.05491520268E-02,-1.248463184175E-03));
#1283 = CARTESIAN_POINT('',(-7.057282870502E-02,-7.254456008034E-04));
#1284 = CARTESIAN_POINT('',(-7.059436768823E-02,-2.02131670482E-04));
#1285 = CARTESIAN_POINT('',(-7.063313159616E-02,8.446233696857E-04));
#1286 = CARTESIAN_POINT('',(-7.065036874289E-02,1.365288097818E-03));
#1287 = CARTESIAN_POINT('',(-7.066534929798E-02,1.903797436108E-03));
#1288 = CARTESIAN_POINT('',(-7.067854623006E-02,2.383876298899E-03));
#1289 = CARTESIAN_POINT('',(-7.06888715126E-02,2.984714248419E-03));
#1290 = CARTESIAN_POINT('',(-7.069792481303E-02,3.414188702202E-03));
#1291 = CARTESIAN_POINT('',(-7.070412552299E-02,4.014422113096E-03));
#1292 = CARTESIAN_POINT('',(-7.070852492073E-02,4.496305293982E-03));
#1293 = CARTESIAN_POINT('',(-7.071067811866E-02,5.031651675782E-03));
#1294 = CARTESIAN_POINT('',(-7.071067811865E-02,5.554770144436E-03));
#1295 = ( GEOMETRIC_REPRESENTATION_CONTEXT(2) 
PARAMETRIC_REPRESENTATION_CONTEXT() REPRESENTATION_CONTEXT('2D SPACE',''
  ) );
#1296 = PCURVE('',#1297,#1302);
#1297 = CYLINDRICAL_SURFACE('',#1298,0.1);
#1298 = AXIS2_PLACEMENT_3D('',#1299,#1300,#1301);
#1299 = CARTESIAN_POINT('',(0.,0.1,0.580240777928));
#1300 = DIRECTION('',(1.,0.,-0.));
#1301 = DIRECTION('',(0.,-0.994521895368,-0.104528463268));
#1302 = DEFINITIONAL_REPRESENTATION('',(#1303),#1306);
#1303 = B_SPLINE_CURVE_WITH_KNOTS('',1,(#1304,#1305),.UNSPECIFIED.,.F.,
  .F.,(2,2),(0.,0.10471975512),.PIECEWISE_BEZIER_KNOTS.);
#1304 = CARTESIAN_POINT('',(0.,0.1));
#1305 = CARTESIAN_POINT('',(-0.10471975512,1.E-01));
#1306 = ( GEOMETRIC_REPRESENTATION_CONTEXT(2) 
PARAMETRIC_REPRESENTATION_CONTEXT() REPRESENTATION_CONTEXT('2D SPACE',''
  ) );
#1307 = ADVANCED_FACE('',(#1308),#765,.F.);
#1308 = FACE_BOUND('',#1309,.F.);
#1309 = EDGE_LOOP('',(#1310,#1311,#1334,#1362));
#1310 = ORIENTED_EDGE('',*,*,#749,.T.);
#1311 = ORIENTED_EDGE('',*,*,#1312,.T.);
#1312 = EDGE_CURVE('',#750,#1313,#1315,.T.);
#1313 = VERTEX_POINT('',#1314);
#1314 = CARTESIAN_POINT('',(1.387778780781E-17,22.3,0.669759222072));
#1315 = SURFACE_CURVE('',#1316,(#1320,#1327),.PCURVE_S1.);
#1316 = LINE('',#1317,#1318);
#1317 = CARTESIAN_POINT('',(-1.387778780781E-17,22.3,0.575));
#1318 = VECTOR('',#1319,1.);
#1319 = DIRECTION('',(0.,0.,1.));
#1320 = PCURVE('',#765,#1321);
#1321 = DEFINITIONAL_REPRESENTATION('',(#1322),#1326);
#1322 = LINE('',#1323,#1324);
#1323 = CARTESIAN_POINT('',(0.,-22.3));
#1324 = VECTOR('',#1325,1.);
#1325 = DIRECTION('',(1.,0.));
#1326 = ( GEOMETRIC_REPRESENTATION_CONTEXT(2) 
PARAMETRIC_REPRESENTATION_CONTEXT() REPRESENTATION_CONTEXT('2D SPACE',''
  ) );
#1327 = PCURVE('',#1044,#1328);
#1328 = DEFINITIONAL_REPRESENTATION('',(#1329),#1333);
#1329 = LINE('',#1330,#1331);
#1330 = CARTESIAN_POINT('',(-0.,0.));
#1331 = VECTOR('',#1332,1.);
#1332 = DIRECTION('',(-0.,1.));
#1333 = ( GEOMETRIC_REPRESENTATION_CONTEXT(2) 
PARAMETRIC_REPRESENTATION_CONTEXT() REPRESENTATION_CONTEXT('2D SPACE',''
  ) );
#1334 = ORIENTED_EDGE('',*,*,#1335,.F.);
#1335 = EDGE_CURVE('',#1336,#1313,#1338,.T.);
#1336 = VERTEX_POINT('',#1337);
#1337 = CARTESIAN_POINT('',(-1.387778780781E-17,1.E-01,0.669759222072));
#1338 = SURFACE_CURVE('',#1339,(#1343,#1350),.PCURVE_S1.);
#1339 = LINE('',#1340,#1341);
#1340 = CARTESIAN_POINT('',(1.387778780781E-17,0.,0.669759222072));
#1341 = VECTOR('',#1342,1.);
#1342 = DIRECTION('',(0.,1.,-0.));
#1343 = PCURVE('',#765,#1344);
#1344 = DEFINITIONAL_REPRESENTATION('',(#1345),#1349);
#1345 = LINE('',#1346,#1347);
#1346 = CARTESIAN_POINT('',(9.47592220717E-02,0.));
#1347 = VECTOR('',#1348,1.);
#1348 = DIRECTION('',(0.,-1.));
#1349 = ( GEOMETRIC_REPRESENTATION_CONTEXT(2) 
PARAMETRIC_REPRESENTATION_CONTEXT() REPRESENTATION_CONTEXT('2D SPACE',''
  ) );
#1350 = PCURVE('',#1351,#1356);
#1351 = CYLINDRICAL_SURFACE('',#1352,0.1);
#1352 = AXIS2_PLACEMENT_3D('',#1353,#1354,#1355);
#1353 = CARTESIAN_POINT('',(0.1,0.,0.669759222072));
#1354 = DIRECTION('',(0.,1.,-0.));
#1355 = DIRECTION('',(-1.,0.,0.));
#1356 = DEFINITIONAL_REPRESENTATION('',(#1357),#1361);
#1357 = LINE('',#1358,#1359);
#1358 = CARTESIAN_POINT('',(0.,0.));
#1359 = VECTOR('',#1360,1.);
#1360 = DIRECTION('',(0.,1.));
#1361 = ( GEOMETRIC_REPRESENTATION_CONTEXT(2) 
PARAMETRIC_REPRESENTATION_CONTEXT() REPRESENTATION_CONTEXT('2D SPACE',''
  ) );
#1362 = ORIENTED_EDGE('',*,*,#1363,.F.);
#1363 = EDGE_CURVE('',#625,#1336,#1364,.T.);
#1364 = SURFACE_CURVE('',#1365,(#1369,#1376),.PCURVE_S1.);
#1365 = LINE('',#1366,#1367);
#1366 = CARTESIAN_POINT('',(-1.387778780781E-17,1.E-01,0.575));
#1367 = VECTOR('',#1368,1.);
#1368 = DIRECTION('',(0.,0.,1.));
#1369 = PCURVE('',#765,#1370);
#1370 = DEFINITIONAL_REPRESENTATION('',(#1371),#1375);
#1371 = LINE('',#1372,#1373);
#1372 = CARTESIAN_POINT('',(0.,-1.E-01));
#1373 = VECTOR('',#1374,1.);
#1374 = DIRECTION('',(1.,0.));
#1375 = ( GEOMETRIC_REPRESENTATION_CONTEXT(2) 
PARAMETRIC_REPRESENTATION_CONTEXT() REPRESENTATION_CONTEXT('2D SPACE',''
  ) );
#1376 = PCURVE('',#1251,#1377);
#1377 = DEFINITIONAL_REPRESENTATION('',(#1378),#1382);
#1378 = LINE('',#1379,#1380);
#1379 = CARTESIAN_POINT('',(0.,0.));
#1380 = VECTOR('',#1381,1.);
#1381 = DIRECTION('',(0.,1.));
#1382 = ( GEOMETRIC_REPRESENTATION_CONTEXT(2) 
PARAMETRIC_REPRESENTATION_CONTEXT() REPRESENTATION_CONTEXT('2D SPACE',''
  ) );
#1383 = ADVANCED_FACE('',(#1384),#838,.T.);
#1384 = FACE_BOUND('',#1385,.T.);
#1385 = EDGE_LOOP('',(#1386,#1387,#1412));
#1386 = ORIENTED_EDGE('',*,*,#822,.F.);
#1387 = ORIENTED_EDGE('',*,*,#1388,.T.);
#1388 = EDGE_CURVE('',#823,#945,#1389,.T.);
#1389 = SURFACE_CURVE('',#1390,(#1395,#1401),.PCURVE_S1.);
#1390 = CIRCLE('',#1391,0.1);
#1391 = AXIS2_PLACEMENT_3D('',#1392,#1393,#1394);
#1392 = CARTESIAN_POINT('',(0.145220127944,0.145220127944,0.15));
#1393 = DIRECTION('',(-1.,-1.329445445314E-16,-3.689952358427E-32));
#1394 = DIRECTION('',(1.329445445314E-16,-1.,-2.775557561563E-16));
#1395 = PCURVE('',#838,#1396);
#1396 = DEFINITIONAL_REPRESENTATION('',(#1397),#1400);
#1397 = B_SPLINE_CURVE_WITH_KNOTS('',1,(#1398,#1399),.UNSPECIFIED.,.F.,
  .F.,(2,2),(4.712388980385,6.17846555206),.PIECEWISE_BEZIER_KNOTS.);
#1398 = CARTESIAN_POINT('',(1.570796326795,-1.570796326795));
#1399 = CARTESIAN_POINT('',(1.570796326795,-0.10471975512));
#1400 = ( GEOMETRIC_REPRESENTATION_CONTEXT(2) 
PARAMETRIC_REPRESENTATION_CONTEXT() REPRESENTATION_CONTEXT('2D SPACE',''
  ) );
#1401 = PCURVE('',#1402,#1407);
#1402 = CYLINDRICAL_SURFACE('',#1403,0.1);
#1403 = AXIS2_PLACEMENT_3D('',#1404,#1405,#1406);
#1404 = CARTESIAN_POINT('',(5.517972351448E-02,0.145220127944,0.15));
#1405 = DIRECTION('',(1.,0.,-0.));
#1406 = DIRECTION('',(0.,-0.994521895368,-0.104528463268));
#1407 = DEFINITIONAL_REPRESENTATION('',(#1408),#1411);
#1408 = B_SPLINE_CURVE_WITH_KNOTS('',1,(#1409,#1410),.UNSPECIFIED.,.F.,
  .F.,(2,2),(4.712388980385,6.17846555206),.PIECEWISE_BEZIER_KNOTS.);
#1409 = CARTESIAN_POINT('',(1.466076571675,9.004040442978E-02));
#1410 = CARTESIAN_POINT('',(0.,9.004040442978E-02));
#1411 = ( GEOMETRIC_REPRESENTATION_CONTEXT(2) 
PARAMETRIC_REPRESENTATION_CONTEXT() REPRESENTATION_CONTEXT('2D SPACE',''
  ) );
#1412 = ORIENTED_EDGE('',*,*,#972,.F.);
#1413 = ADVANCED_FACE('',(#1414),#865,.F.);
#1414 = FACE_BOUND('',#1415,.F.);
#1415 = EDGE_LOOP('',(#1416,#1417,#1440,#1468));
#1416 = ORIENTED_EDGE('',*,*,#849,.F.);
#1417 = ORIENTED_EDGE('',*,*,#1418,.T.);
#1418 = EDGE_CURVE('',#823,#1419,#1421,.T.);
#1419 = VERTEX_POINT('',#1420);
#1420 = CARTESIAN_POINT('',(10.154779872056,0.145220127944,5.E-02));
#1421 = SURFACE_CURVE('',#1422,(#1426,#1433),.PCURVE_S1.);
#1422 = LINE('',#1423,#1424);
#1423 = CARTESIAN_POINT('',(5.517972351448E-02,0.145220127944,5.E-02));
#1424 = VECTOR('',#1425,1.);
#1425 = DIRECTION('',(1.,0.,-0.));
#1426 = PCURVE('',#865,#1427);
#1427 = DEFINITIONAL_REPRESENTATION('',(#1428),#1432);
#1428 = LINE('',#1429,#1430);
#1429 = CARTESIAN_POINT('',(5.517972351448E-02,0.145220127944));
#1430 = VECTOR('',#1431,1.);
#1431 = DIRECTION('',(1.,0.));
#1432 = ( GEOMETRIC_REPRESENTATION_CONTEXT(2) 
PARAMETRIC_REPRESENTATION_CONTEXT() REPRESENTATION_CONTEXT('2D SPACE',''
  ) );
#1433 = PCURVE('',#1402,#1434);
#1434 = DEFINITIONAL_REPRESENTATION('',(#1435),#1439);
#1435 = LINE('',#1436,#1437);
#1436 = CARTESIAN_POINT('',(1.466076571675,0.));
#1437 = VECTOR('',#1438,1.);
#1438 = DIRECTION('',(0.,1.));
#1439 = ( GEOMETRIC_REPRESENTATION_CONTEXT(2) 
PARAMETRIC_REPRESENTATION_CONTEXT() REPRESENTATION_CONTEXT('2D SPACE',''
  ) );
#1440 = ORIENTED_EDGE('',*,*,#1441,.T.);
#1441 = EDGE_CURVE('',#1419,#1442,#1444,.T.);
#1442 = VERTEX_POINT('',#1443);
#1443 = CARTESIAN_POINT('',(10.154779872056,22.254779872056,5.E-02));
#1444 = SURFACE_CURVE('',#1445,(#1449,#1456),.PCURVE_S1.);
#1445 = LINE('',#1446,#1447);
#1446 = CARTESIAN_POINT('',(10.154779872056,5.517972351448E-02,5.E-02));
#1447 = VECTOR('',#1448,1.);
#1448 = DIRECTION('',(-0.,1.,-0.));
#1449 = PCURVE('',#865,#1450);
#1450 = DEFINITIONAL_REPRESENTATION('',(#1451),#1455);
#1451 = LINE('',#1452,#1453);
#1452 = CARTESIAN_POINT('',(10.154779872056,5.517972351448E-02));
#1453 = VECTOR('',#1454,1.);
#1454 = DIRECTION('',(0.,1.));
#1455 = ( GEOMETRIC_REPRESENTATION_CONTEXT(2) 
PARAMETRIC_REPRESENTATION_CONTEXT() REPRESENTATION_CONTEXT('2D SPACE',''
  ) );
#1456 = PCURVE('',#1457,#1462);
#1457 = CYLINDRICAL_SURFACE('',#1458,0.1);
#1458 = AXIS2_PLACEMENT_3D('',#1459,#1460,#1461);
#1459 = CARTESIAN_POINT('',(10.154779872056,5.517972351448E-02,0.15));
#1460 = DIRECTION('',(-0.,1.,-0.));
#1461 = DIRECTION('',(0.,-0.,-1.));
#1462 = DEFINITIONAL_REPRESENTATION('',(#1463),#1467);
#1463 = LINE('',#1464,#1465);
#1464 = CARTESIAN_POINT('',(-0.,0.));
#1465 = VECTOR('',#1466,1.);
#1466 = DIRECTION('',(-0.,1.));
#1467 = ( GEOMETRIC_REPRESENTATION_CONTEXT(2) 
PARAMETRIC_REPRESENTATION_CONTEXT() REPRESENTATION_CONTEXT('2D SPACE',''
  ) );
#1468 = ORIENTED_EDGE('',*,*,#1469,.F.);
#1469 = EDGE_CURVE('',#850,#1442,#1470,.T.);
#1470 = SURFACE_CURVE('',#1471,(#1475,#1482),.PCURVE_S1.);
#1471 = LINE('',#1472,#1473);
#1472 = CARTESIAN_POINT('',(5.517972351448E-02,22.254779872056,5.E-02));
#1473 = VECTOR('',#1474,1.);
#1474 = DIRECTION('',(1.,-0.,-0.));
#1475 = PCURVE('',#865,#1476);
#1476 = DEFINITIONAL_REPRESENTATION('',(#1477),#1481);
#1477 = LINE('',#1478,#1479);
#1478 = CARTESIAN_POINT('',(5.517972351448E-02,22.254779872056));
#1479 = VECTOR('',#1480,1.);
#1480 = DIRECTION('',(1.,-0.));
#1481 = ( GEOMETRIC_REPRESENTATION_CONTEXT(2) 
PARAMETRIC_REPRESENTATION_CONTEXT() REPRESENTATION_CONTEXT('2D SPACE',''
  ) );
#1482 = PCURVE('',#1121,#1483);
#1483 = DEFINITIONAL_REPRESENTATION('',(#1484),#1488);
#1484 = LINE('',#1485,#1486);
#1485 = CARTESIAN_POINT('',(-1.466076571675,0.));
#1486 = VECTOR('',#1487,1.);
#1487 = DIRECTION('',(-0.,1.));
#1488 = ( GEOMETRIC_REPRESENTATION_CONTEXT(2) 
PARAMETRIC_REPRESENTATION_CONTEXT() REPRESENTATION_CONTEXT('2D SPACE',''
  ) );
#1489 = ADVANCED_FACE('',(#1490),#960,.T.);
#1490 = FACE_BOUND('',#1491,.T.);
#1491 = EDGE_LOOP('',(#1492,#1493,#1516,#1544));
#1492 = ORIENTED_EDGE('',*,*,#944,.T.);
#1493 = ORIENTED_EDGE('',*,*,#1494,.T.);
#1494 = EDGE_CURVE('',#945,#1495,#1497,.T.);
#1495 = VERTEX_POINT('',#1496);
#1496 = CARTESIAN_POINT('',(10.154779872056,4.576793840744E-02,
    0.139547153673));
#1497 = SURFACE_CURVE('',#1498,(#1502,#1509),.PCURVE_S1.);
#1498 = LINE('',#1499,#1500);
#1499 = CARTESIAN_POINT('',(5.517972351448E-02,4.576793840744E-02,
    0.139547153673));
#1500 = VECTOR('',#1501,1.);
#1501 = DIRECTION('',(1.,0.,-0.));
#1502 = PCURVE('',#960,#1503);
#1503 = DEFINITIONAL_REPRESENTATION('',(#1504),#1508);
#1504 = LINE('',#1505,#1506);
#1505 = CARTESIAN_POINT('',(5.517972351448E-02,-0.437851442341));
#1506 = VECTOR('',#1507,1.);
#1507 = DIRECTION('',(1.,0.));
#1508 = ( GEOMETRIC_REPRESENTATION_CONTEXT(2) 
PARAMETRIC_REPRESENTATION_CONTEXT() REPRESENTATION_CONTEXT('2D SPACE',''
  ) );
#1509 = PCURVE('',#1402,#1510);
#1510 = DEFINITIONAL_REPRESENTATION('',(#1511),#1515);
#1511 = LINE('',#1512,#1513);
#1512 = CARTESIAN_POINT('',(0.,0.));
#1513 = VECTOR('',#1514,1.);
#1514 = DIRECTION('',(0.,1.));
#1515 = ( GEOMETRIC_REPRESENTATION_CONTEXT(2) 
PARAMETRIC_REPRESENTATION_CONTEXT() REPRESENTATION_CONTEXT('2D SPACE',''
  ) );
#1516 = ORIENTED_EDGE('',*,*,#1517,.F.);
#1517 = EDGE_CURVE('',#1518,#1495,#1520,.T.);
#1518 = VERTEX_POINT('',#1519);
#1519 = CARTESIAN_POINT('',(10.2,5.478104631727E-04,0.569787931602));
#1520 = SURFACE_CURVE('',#1521,(#1525,#1532),.PCURVE_S1.);
#1521 = LINE('',#1522,#1523);
#1522 = CARTESIAN_POINT('',(10.201622700477,-1.074890013952E-03,
    0.585226895341));
#1523 = VECTOR('',#1524,1.);
#1524 = DIRECTION('',(-0.103962051184,0.103962051184,-0.989132844378));
#1525 = PCURVE('',#960,#1526);
#1526 = DEFINITIONAL_REPRESENTATION('',(#1527),#1531);
#1527 = LINE('',#1528,#1529);
#1528 = CARTESIAN_POINT('',(10.201622700477,1.028322793955E-02));
#1529 = VECTOR('',#1530,1.);
#1530 = DIRECTION('',(-0.103962051184,-0.99458126461));
#1531 = ( GEOMETRIC_REPRESENTATION_CONTEXT(2) 
PARAMETRIC_REPRESENTATION_CONTEXT() REPRESENTATION_CONTEXT('2D SPACE',''
  ) );
#1532 = PCURVE('',#1533,#1538);
#1533 = CYLINDRICAL_SURFACE('',#1534,0.1);
#1534 = AXIS2_PLACEMENT_3D('',#1535,#1536,#1537);
#1535 = CARTESIAN_POINT('',(10.201622700477,9.837729952288E-02,
    0.595679741668));
#1536 = DIRECTION('',(-0.103962051184,0.103962051184,-0.989132844378));
#1537 = DIRECTION('',(1.734723475977E-18,-0.994521895368,-0.104528463268
    ));
#1538 = DEFINITIONAL_REPRESENTATION('',(#1539),#1543);
#1539 = LINE('',#1540,#1541);
#1540 = CARTESIAN_POINT('',(-0.,0.));
#1541 = VECTOR('',#1542,1.);
#1542 = DIRECTION('',(-0.,1.));
#1543 = ( GEOMETRIC_REPRESENTATION_CONTEXT(2) 
PARAMETRIC_REPRESENTATION_CONTEXT() REPRESENTATION_CONTEXT('2D SPACE',''
  ) );
#1544 = ORIENTED_EDGE('',*,*,#1545,.F.);
#1545 = EDGE_CURVE('',#902,#1518,#1546,.T.);
#1546 = SURFACE_CURVE('',#1547,(#1551,#1558),.PCURVE_S1.);
#1547 = LINE('',#1548,#1549);
#1548 = CARTESIAN_POINT('',(0.,5.478104631727E-04,0.569787931602));
#1549 = VECTOR('',#1550,1.);
#1550 = DIRECTION('',(1.,0.,-0.));
#1551 = PCURVE('',#960,#1552);
#1552 = DEFINITIONAL_REPRESENTATION('',(#1553),#1557);
#1553 = LINE('',#1554,#1555);
#1554 = CARTESIAN_POINT('',(0.,-5.240777928304E-03));
#1555 = VECTOR('',#1556,1.);
#1556 = DIRECTION('',(1.,0.));
#1557 = ( GEOMETRIC_REPRESENTATION_CONTEXT(2) 
PARAMETRIC_REPRESENTATION_CONTEXT() REPRESENTATION_CONTEXT('2D SPACE',''
  ) );
#1558 = PCURVE('',#1297,#1559);
#1559 = DEFINITIONAL_REPRESENTATION('',(#1560),#1564);
#1560 = LINE('',#1561,#1562);
#1561 = CARTESIAN_POINT('',(-0.,0.));
#1562 = VECTOR('',#1563,1.);
#1563 = DIRECTION('',(-0.,1.));
#1564 = ( GEOMETRIC_REPRESENTATION_CONTEXT(2) 
PARAMETRIC_REPRESENTATION_CONTEXT() REPRESENTATION_CONTEXT('2D SPACE',''
  ) );
#1565 = ADVANCED_FACE('',(#1566),#1090,.T.);
#1566 = FACE_BOUND('',#1567,.T.);
#1567 = EDGE_LOOP('',(#1568,#1569,#1597,#1720));
#1568 = ORIENTED_EDGE('',*,*,#1055,.T.);
#1569 = ORIENTED_EDGE('',*,*,#1570,.T.);
#1570 = EDGE_CURVE('',#1006,#1571,#1573,.T.);
#1571 = VERTEX_POINT('',#1572);
#1572 = CARTESIAN_POINT('',(10.2,22.4,0.580240777928));
#1573 = SURFACE_CURVE('',#1574,(#1578,#1585),.PCURVE_S1.);
#1574 = LINE('',#1575,#1576);
#1575 = CARTESIAN_POINT('',(0.,22.4,0.580240777928));
#1576 = VECTOR('',#1577,1.);
#1577 = DIRECTION('',(1.,0.,-0.));
#1578 = PCURVE('',#1090,#1579);
#1579 = DEFINITIONAL_REPRESENTATION('',(#1580),#1584);
#1580 = LINE('',#1581,#1582);
#1581 = CARTESIAN_POINT('',(0.10471975512,0.));
#1582 = VECTOR('',#1583,1.);
#1583 = DIRECTION('',(0.,1.));
#1584 = ( GEOMETRIC_REPRESENTATION_CONTEXT(2) 
PARAMETRIC_REPRESENTATION_CONTEXT() REPRESENTATION_CONTEXT('2D SPACE',''
  ) );
#1585 = PCURVE('',#1586,#1591);
#1586 = PLANE('',#1587);
#1587 = AXIS2_PLACEMENT_3D('',#1588,#1589,#1590);
#1588 = CARTESIAN_POINT('',(0.,22.4,0.575));
#1589 = DIRECTION('',(-0.,1.,0.));
#1590 = DIRECTION('',(0.,0.,1.));
#1591 = DEFINITIONAL_REPRESENTATION('',(#1592),#1596);
#1592 = LINE('',#1593,#1594);
#1593 = CARTESIAN_POINT('',(5.240777928304E-03,0.));
#1594 = VECTOR('',#1595,1.);
#1595 = DIRECTION('',(0.,1.));
#1596 = ( GEOMETRIC_REPRESENTATION_CONTEXT(2) 
PARAMETRIC_REPRESENTATION_CONTEXT() REPRESENTATION_CONTEXT('2D SPACE',''
  ) );
#1597 = ORIENTED_EDGE('',*,*,#1598,.T.);
#1598 = EDGE_CURVE('',#1571,#1134,#1599,.T.);
#1599 = SURFACE_CURVE('',#1600,(#1608,#1614),.PCURVE_S1.);
#1600 = ( BOUNDED_CURVE() B_SPLINE_CURVE(6,(#1601,#1602,#1603,#1604,
#1605,#1606,#1607),.UNSPECIFIED.,.F.,.F.) B_SPLINE_CURVE_WITH_KNOTS((7,7
),(0.,0.10471975512),.PIECEWISE_BEZIER_KNOTS.) CURVE() 
GEOMETRIC_REPRESENTATION_ITEM() RATIONAL_B_SPLINE_CURVE((1.000137088577,
    1.00004568784,0.999990860763,0.999972587294,0.999990860763,
1.00004568784,1.000137088577)) REPRESENTATION_ITEM('') );
#1601 = CARTESIAN_POINT('',(10.2,22.4,0.580240777928));
#1602 = CARTESIAN_POINT('',(10.2,22.4,0.578495289159));
#1603 = CARTESIAN_POINT('',(10.2,22.399963440564,0.57674999185));
#1604 = CARTESIAN_POINT('',(10.2,22.399890334724,0.575005747314));
#1605 = CARTESIAN_POINT('',(10.2,22.399780716882,0.57326341629));
#1606 = CARTESIAN_POINT('',(10.2,22.399634642796,0.571523858401));
#1607 = CARTESIAN_POINT('',(10.2,22.399452189537,0.569787931602));
#1608 = PCURVE('',#1090,#1609);
#1609 = DEFINITIONAL_REPRESENTATION('',(#1610),#1613);
#1610 = B_SPLINE_CURVE_WITH_KNOTS('',1,(#1611,#1612),.UNSPECIFIED.,.F.,
  .F.,(2,2),(0.,0.10471975512),.PIECEWISE_BEZIER_KNOTS.);
#1611 = CARTESIAN_POINT('',(0.10471975512,10.2));
#1612 = CARTESIAN_POINT('',(0.,10.2));
#1613 = ( GEOMETRIC_REPRESENTATION_CONTEXT(2) 
PARAMETRIC_REPRESENTATION_CONTEXT() REPRESENTATION_CONTEXT('2D SPACE',''
  ) );
#1614 = PCURVE('',#1615,#1697);
#1615 = B_SPLINE_SURFACE_WITH_KNOTS('',8,8,(
    (#1616,#1617,#1618,#1619,#1620,#1621,#1622,#1623,#1624)
    ,(#1625,#1626,#1627,#1628,#1629,#1630,#1631,#1632,#1633)
    ,(#1634,#1635,#1636,#1637,#1638,#1639,#1640,#1641,#1642)
    ,(#1643,#1644,#1645,#1646,#1647,#1648,#1649,#1650,#1651)
    ,(#1652,#1653,#1654,#1655,#1656,#1657,#1658,#1659,#1660)
    ,(#1661,#1662,#1663,#1664,#1665,#1666,#1667,#1668,#1669)
    ,(#1670,#1671,#1672,#1673,#1674,#1675,#1676,#1677,#1678)
    ,(#1679,#1680,#1681,#1682,#1683,#1684,#1685,#1686,#1687)
    ,(#1688,#1689,#1690,#1691,#1692,#1693,#1694,#1695,#1696
  )),.UNSPECIFIED.,.F.,.F.,.F.,(9,9),(9,9),(-7.778174593054E-02,
    7.77817459305E-02),(-7.315613219614E-03,8.855910256723E-03),
  .PIECEWISE_BEZIER_KNOTS.);
#1616 = CARTESIAN_POINT('',(10.189568739838,22.399568571387,
    0.582292534228));
#1617 = CARTESIAN_POINT('',(10.189640569674,22.399640538362,
    0.580265856781));
#1618 = CARTESIAN_POINT('',(10.189606889245,22.399606626084,
    0.578244685123));
#1619 = CARTESIAN_POINT('',(10.189185680869,22.399186076662,
    0.576244605343));
#1620 = CARTESIAN_POINT('',(10.190530258419,22.40053001628,
    0.574149414281));
#1621 = CARTESIAN_POINT('',(10.188325137492,22.398325129416,
    0.572244945927));
#1622 = CARTESIAN_POINT('',(10.189326333311,22.399326453464,
    0.570167933805));
#1623 = CARTESIAN_POINT('',(10.189039750287,22.399039561287,
    0.568160825431));
#1624 = CARTESIAN_POINT('',(10.18858131858,22.39858105857,0.566162527791
    ));
#1625 = CARTESIAN_POINT('',(10.219199273851,22.401699464168,
    0.581445543083));
#1626 = CARTESIAN_POINT('',(10.219468581045,22.401968997514,
    0.579408381183));
#1627 = CARTESIAN_POINT('',(10.219564323753,22.40206538988,
    0.577380876298));
#1628 = CARTESIAN_POINT('',(10.218452034146,22.400950814694,
    0.575415216244));
#1629 = CARTESIAN_POINT('',(10.219444967749,22.401945785462,
    0.573342900585));
#1630 = CARTESIAN_POINT('',(10.21849878327,22.400999028495,
    0.571367060196));
#1631 = CARTESIAN_POINT('',(10.219247720679,22.401747898178,
    0.569305628224));
#1632 = CARTESIAN_POINT('',(10.218459242046,22.40095909315,
    0.567325088229));
#1633 = CARTESIAN_POINT('',(10.217866154415,22.400366033378,
    0.565333899139));
#1634 = CARTESIAN_POINT('',(10.241918305946,22.396916533251,
    0.580966735706));
#1635 = CARTESIAN_POINT('',(10.241491039175,22.39648776389,0.5789662276)
  );
#1636 = CARTESIAN_POINT('',(10.240168349518,22.395163074888,
    0.577016081632));
#1637 = CARTESIAN_POINT('',(10.248367230217,22.403379324271,
    0.574549463598));
#1638 = CARTESIAN_POINT('',(10.234343121195,22.389327474366,
    0.573290154489));
#1639 = CARTESIAN_POINT('',(10.24819556698,22.403208085882,
    0.570506696811));
#1640 = CARTESIAN_POINT('',(10.239055600261,22.394048404714,
    0.56898764321));
#1641 = CARTESIAN_POINT('',(10.241367891177,22.396366758031,
    0.566836698386));
#1642 = CARTESIAN_POINT('',(10.240912381734,22.395911804605,
    0.564838071467));
#1643 = CARTESIAN_POINT('',(10.255680313926,22.383183033388,
    0.580966122543));
#1644 = CARTESIAN_POINT('',(10.254601792294,22.382106350551,
    0.579001210415));
#1645 = CARTESIAN_POINT('',(10.259013102777,22.386519979975,
    0.576736237029));
#1646 = CARTESIAN_POINT('',(10.250127928728,22.377607874313,
    0.575211885895));
#1647 = CARTESIAN_POINT('',(10.277228958358,22.404754790477,
    0.571695399228));
#1648 = CARTESIAN_POINT('',(10.244977414436,22.372454409922,
    0.571450304025));
#1649 = CARTESIAN_POINT('',(10.256374081631,22.38388452041,0.56878709265
    ));
#1650 = CARTESIAN_POINT('',(10.254328120846,22.381830366875,
    0.566881205459));
#1651 = CARTESIAN_POINT('',(10.256054562142,22.383556010333,
    0.564764692574));
#1652 = CARTESIAN_POINT('',(10.277018063777,22.377018063778,
    0.580562861623));
#1653 = CARTESIAN_POINT('',(10.27835760394,22.37835760392,0.578468126791
    ));
#1654 = CARTESIAN_POINT('',(10.274547374614,22.374547374677,
    0.576657366693));
#1655 = CARTESIAN_POINT('',(10.283485737537,22.383485737421,
    0.574124669813));
#1656 = CARTESIAN_POINT('',(10.254557696862,22.354557696999,
    0.573706575927));
#1657 = CARTESIAN_POINT('',(10.287799357291,22.387799357188,
    0.569841269871));
#1658 = CARTESIAN_POINT('',(10.277860188329,22.377860188378,
    0.568382572821));
#1659 = CARTESIAN_POINT('',(10.276920204785,22.376920204774,
    0.566400663563));
#1660 = CARTESIAN_POINT('',(10.274404387051,22.374404387052,
    0.564514810223));
#1661 = CARTESIAN_POINT('',(10.283183033388,22.355680313925,
    0.580966122543));
#1662 = CARTESIAN_POINT('',(10.28210635053,22.354601792307,
    0.579001210415));
#1663 = CARTESIAN_POINT('',(10.286519980033,22.359013102726,
    0.57673623703));
#1664 = CARTESIAN_POINT('',(10.277607874212,22.350127928822,
    0.575211885894));
#1665 = CARTESIAN_POINT('',(10.304754790592,22.377228958243,
    0.57169539923));
#1666 = CARTESIAN_POINT('',(10.272454409839,22.344977414524,
    0.571450304024));
#1667 = CARTESIAN_POINT('',(10.28388452045,22.356374081589,
    0.568787092651));
#1668 = CARTESIAN_POINT('',(10.281830366865,22.354328120854,
    0.566881205458));
#1669 = CARTESIAN_POINT('',(10.283556010334,22.356054562141,
    0.564764692574));
#1670 = CARTESIAN_POINT('',(10.296916533251,22.341918305947,
    0.580966735706));
#1671 = CARTESIAN_POINT('',(10.296487763903,22.341491039169,
    0.578966227601));
#1672 = CARTESIAN_POINT('',(10.295163074853,22.340168349545,
    0.577016081631));
#1673 = CARTESIAN_POINT('',(10.303379324334,22.348367230168,
    0.574549463599));
#1674 = CARTESIAN_POINT('',(10.289327474299,22.334343121256,
    0.573290154488));
#1675 = CARTESIAN_POINT('',(10.303208085928,22.348195566931,
    0.570506696813));
#1676 = CARTESIAN_POINT('',(10.294048404691,22.339055600284,
    0.568987643209));
#1677 = CARTESIAN_POINT('',(10.296366758037,22.341367891172,
    0.566836698387));
#1678 = CARTESIAN_POINT('',(10.295911804604,22.340912381734,
    0.564838071467));
#1679 = CARTESIAN_POINT('',(10.301699464168,22.319199273851,
    0.581445543083));
#1680 = CARTESIAN_POINT('',(10.301968997509,22.319468581046,
    0.579408381183));
#1681 = CARTESIAN_POINT('',(10.302065389892,22.319564323745,
    0.577380876298));
#1682 = CARTESIAN_POINT('',(10.300950814675,22.318452034161,
    0.575415216244));
#1683 = CARTESIAN_POINT('',(10.301945785483,22.319444967732,
    0.573342900585));
#1684 = CARTESIAN_POINT('',(10.300999028479,22.318498783283,
    0.571367060196));
#1685 = CARTESIAN_POINT('',(10.301747898186,22.319247720673,
    0.569305628224));
#1686 = CARTESIAN_POINT('',(10.300959093149,22.318459242048,
    0.567325088229));
#1687 = CARTESIAN_POINT('',(10.300366033378,22.317866154415,
    0.565333899139));
#1688 = CARTESIAN_POINT('',(10.299568571388,22.289568739838,
    0.582292534228));
#1689 = CARTESIAN_POINT('',(10.299640538362,22.289640569674,
    0.580265856781));
#1690 = CARTESIAN_POINT('',(10.299606626084,22.289606889245,
    0.578244685123));
#1691 = CARTESIAN_POINT('',(10.299186076661,22.289185680868,
    0.576244605343));
#1692 = CARTESIAN_POINT('',(10.300530016282,22.29053025842,
    0.574149414281));
#1693 = CARTESIAN_POINT('',(10.298325129415,22.288325137491,
    0.572244945927));
#1694 = CARTESIAN_POINT('',(10.299326453464,22.289326333311,
    0.570167933805));
#1695 = CARTESIAN_POINT('',(10.299039561287,22.289039750287,
    0.568160825431));
#1696 = CARTESIAN_POINT('',(10.29858105857,22.288581318579,
    0.566162527791));
#1697 = DEFINITIONAL_REPRESENTATION('',(#1698),#1719);
#1698 = B_SPLINE_CURVE_WITH_KNOTS('',10,(#1699,#1700,#1701,#1702,#1703,
    #1704,#1705,#1706,#1707,#1708,#1709,#1710,#1711,#1712,#1713,#1714,
    #1715,#1716,#1717,#1718),.UNSPECIFIED.,.F.,.F.,(11,9,11),(0.,
    5.235987755983E-02,0.10471975512),.UNSPECIFIED.);
#1699 = CARTESIAN_POINT('',(-7.071067811867E-02,-5.554770144436E-03));
#1700 = CARTESIAN_POINT('',(-7.071067811868E-02,-5.031651675779E-03));
#1701 = CARTESIAN_POINT('',(-7.070852492072E-02,-4.496305294089E-03));
#1702 = CARTESIAN_POINT('',(-7.070412552306E-02,-4.01442211283E-03));
#1703 = CARTESIAN_POINT('',(-7.069792481298E-02,-3.414188702632E-03));
#1704 = CARTESIAN_POINT('',(-7.068887151268E-02,-2.984714247994E-03));
#1705 = CARTESIAN_POINT('',(-7.067854623004E-02,-2.38387629919E-03));
#1706 = CARTESIAN_POINT('',(-7.066534929801E-02,-1.903797435994E-03));
#1707 = CARTESIAN_POINT('',(-7.06503687429E-02,-1.36528809785E-03));
#1708 = CARTESIAN_POINT('',(-7.063313159617E-02,-8.446233696898E-04));
#1709 = CARTESIAN_POINT('',(-7.059436768825E-02,2.021316704727E-04));
#1710 = CARTESIAN_POINT('',(-7.057282870502E-02,7.254456007955E-04));
#1711 = CARTESIAN_POINT('',(-7.054915202683E-02,1.248463184169E-03));
#1712 = CARTESIAN_POINT('',(-7.052334213607E-02,1.771146710252E-03));
#1713 = CARTESIAN_POINT('',(-7.049539363426E-02,2.293584277656E-03));
#1714 = CARTESIAN_POINT('',(-7.046529621211E-02,2.815920556039E-03));
#1715 = CARTESIAN_POINT('',(-7.043303962072E-02,3.33828754821E-03));
#1716 = CARTESIAN_POINT('',(-7.039861864174E-02,3.860735352219E-03));
#1717 = CARTESIAN_POINT('',(-7.036203805827E-02,4.383162923464E-03));
#1718 = CARTESIAN_POINT('',(-7.032331762536E-02,4.905248836783E-03));
#1719 = ( GEOMETRIC_REPRESENTATION_CONTEXT(2) 
PARAMETRIC_REPRESENTATION_CONTEXT() REPRESENTATION_CONTEXT('2D SPACE',''
  ) );
#1720 = ORIENTED_EDGE('',*,*,#1161,.F.);
#1721 = ADVANCED_FACE('',(#1722),#1044,.T.);
#1722 = FACE_BOUND('',#1723,.F.);
#1723 = EDGE_LOOP('',(#1724,#1725,#1748,#1873));
#1724 = ORIENTED_EDGE('',*,*,#1005,.F.);
#1725 = ORIENTED_EDGE('',*,*,#1726,.T.);
#1726 = EDGE_CURVE('',#1006,#1727,#1729,.T.);
#1727 = VERTEX_POINT('',#1728);
#1728 = CARTESIAN_POINT('',(0.1,22.4,0.669759222072));
#1729 = SURFACE_CURVE('',#1730,(#1734,#1741),.PCURVE_S1.);
#1730 = LINE('',#1731,#1732);
#1731 = CARTESIAN_POINT('',(1.E-01,22.4,0.575));
#1732 = VECTOR('',#1733,1.);
#1733 = DIRECTION('',(0.,0.,1.));
#1734 = PCURVE('',#1044,#1735);
#1735 = DEFINITIONAL_REPRESENTATION('',(#1736),#1740);
#1736 = LINE('',#1737,#1738);
#1737 = CARTESIAN_POINT('',(-1.570796326795,0.));
#1738 = VECTOR('',#1739,1.);
#1739 = DIRECTION('',(-0.,1.));
#1740 = ( GEOMETRIC_REPRESENTATION_CONTEXT(2) 
PARAMETRIC_REPRESENTATION_CONTEXT() REPRESENTATION_CONTEXT('2D SPACE',''
  ) );
#1741 = PCURVE('',#1586,#1742);
#1742 = DEFINITIONAL_REPRESENTATION('',(#1743),#1747);
#1743 = LINE('',#1744,#1745);
#1744 = CARTESIAN_POINT('',(0.,1.E-01));
#1745 = VECTOR('',#1746,1.);
#1746 = DIRECTION('',(1.,0.));
#1747 = ( GEOMETRIC_REPRESENTATION_CONTEXT(2) 
PARAMETRIC_REPRESENTATION_CONTEXT() REPRESENTATION_CONTEXT('2D SPACE',''
  ) );
#1748 = ORIENTED_EDGE('',*,*,#1749,.T.);
#1749 = EDGE_CURVE('',#1727,#1313,#1750,.T.);
#1750 = SURFACE_CURVE('',#1751,(#1759,#1765),.PCURVE_S1.);
#1751 = ( BOUNDED_CURVE() B_SPLINE_CURVE(6,(#1752,#1753,#1754,#1755,
#1756,#1757,#1758),.UNSPECIFIED.,.F.,.F.) B_SPLINE_CURVE_WITH_KNOTS((7,7
),(0.,1.570796326795),.PIECEWISE_BEZIER_KNOTS.) CURVE() 
GEOMETRIC_REPRESENTATION_ITEM() RATIONAL_B_SPLINE_CURVE((1.031393471788,
    1.010025407661,0.997924642725,0.993958444137,0.997924642725,
1.010025407661,1.031393471788)) REPRESENTATION_ITEM('') );
#1752 = CARTESIAN_POINT('',(1.E-01,22.4,0.669759222072));
#1753 = CARTESIAN_POINT('',(7.326632168471E-02,22.4,0.669759222072));
#1754 = CARTESIAN_POINT('',(4.722914274178E-02,22.391499564937,
    0.669759222072));
#1755 = CARTESIAN_POINT('',(2.480804867977E-02,22.37519195132,
    0.669759222072));
#1756 = CARTESIAN_POINT('',(8.500435063369E-03,22.352770857258,
    0.669759222072));
#1757 = CARTESIAN_POINT('',(1.249000902703E-16,22.326733678315,
    0.669759222072));
#1758 = CARTESIAN_POINT('',(-1.387778780781E-17,22.3,0.669759222072));
#1759 = PCURVE('',#1044,#1760);
#1760 = DEFINITIONAL_REPRESENTATION('',(#1761),#1764);
#1761 = B_SPLINE_CURVE_WITH_KNOTS('',1,(#1762,#1763),.UNSPECIFIED.,.F.,
  .F.,(2,2),(0.,1.570796326795),.PIECEWISE_BEZIER_KNOTS.);
#1762 = CARTESIAN_POINT('',(-1.570796326795,9.475922207171E-02));
#1763 = CARTESIAN_POINT('',(0.,9.47592220717E-02));
#1764 = ( GEOMETRIC_REPRESENTATION_CONTEXT(2) 
PARAMETRIC_REPRESENTATION_CONTEXT() REPRESENTATION_CONTEXT('2D SPACE',''
  ) );
#1765 = PCURVE('',#1766,#1848);
#1766 = B_SPLINE_SURFACE_WITH_KNOTS('',8,8,(
    (#1767,#1768,#1769,#1770,#1771,#1772,#1773,#1774,#1775)
    ,(#1776,#1777,#1778,#1779,#1780,#1781,#1782,#1783,#1784)
    ,(#1785,#1786,#1787,#1788,#1789,#1790,#1791,#1792,#1793)
    ,(#1794,#1795,#1796,#1797,#1798,#1799,#1800,#1801,#1802)
    ,(#1803,#1804,#1805,#1806,#1807,#1808,#1809,#1810,#1811)
    ,(#1812,#1813,#1814,#1815,#1816,#1817,#1818,#1819,#1820)
    ,(#1821,#1822,#1823,#1824,#1825,#1826,#1827,#1828,#1829)
    ,(#1830,#1831,#1832,#1833,#1834,#1835,#1836,#1837,#1838)
    ,(#1839,#1840,#1841,#1842,#1843,#1844,#1845,#1846,#1847
  )),.UNSPECIFIED.,.F.,.F.,.F.,(9,9),(9,9),(-7.778174593053E-02,
    7.778174593051E-02),(-8.855910256718E-03,7.315613219607E-03),
  .PIECEWISE_BEZIER_KNOTS.);
#1767 = CARTESIAN_POINT('',(1.418941429834E-03,22.28858131858,
    0.683837472209));
#1768 = CARTESIAN_POINT('',(9.604387129266E-04,22.289039750287,
    0.681839174569));
#1769 = CARTESIAN_POINT('',(6.735465353482E-04,22.289326333311,
    0.679832066195));
#1770 = CARTESIAN_POINT('',(1.674870585969E-03,22.288325137491,
    0.677755054073));
#1771 = CARTESIAN_POINT('',(-5.300162830561E-04,22.29053025842,
    0.675850585719));
#1772 = CARTESIAN_POINT('',(8.139233395105E-04,22.289185680869,
    0.673755394657));
#1773 = CARTESIAN_POINT('',(3.933739153914E-04,22.289606889245,
    0.671755314877));
#1774 = CARTESIAN_POINT('',(3.594616380283E-04,22.289640569675,
    0.669734143219));
#1775 = CARTESIAN_POINT('',(4.314286118242E-04,22.289568739839,
    0.667707465772));
#1776 = CARTESIAN_POINT('',(-3.660333777521E-04,22.317866154415,
    0.684666100861));
#1777 = CARTESIAN_POINT('',(-9.590931484163E-04,22.318459242046,
    0.68267491177));
#1778 = CARTESIAN_POINT('',(-1.747898186099E-03,22.31924772068,
    0.680694371777));
#1779 = CARTESIAN_POINT('',(-9.990284827312E-04,22.318498783269,
    0.678632939803));
#1780 = CARTESIAN_POINT('',(-1.945785476437E-03,22.319444967755,
    0.676657099416));
#1781 = CARTESIAN_POINT('',(-9.508146805631E-04,22.318452034135,
    0.674584783755));
#1782 = CARTESIAN_POINT('',(-2.06538988915E-03,22.319564323764,
    0.672619123702));
#1783 = CARTESIAN_POINT('',(-1.968997508182E-03,22.319468581038,
    0.670591618817));
#1784 = CARTESIAN_POINT('',(-1.699464167345E-03,22.31919927385,
    0.668554456917));
#1785 = CARTESIAN_POINT('',(4.088195396735E-03,22.340912381733,
    0.685161928533));
#1786 = CARTESIAN_POINT('',(3.633241962058E-03,22.341367891177,
    0.683163301614));
#1787 = CARTESIAN_POINT('',(5.951595311846E-03,22.339055600258,
    0.681012356789));
#1788 = CARTESIAN_POINT('',(-3.208085926605E-03,22.348195566993,
    0.679493303191));
#1789 = CARTESIAN_POINT('',(1.067252569399E-02,22.334343121158,
    0.676709845508));
#1790 = CARTESIAN_POINT('',(-3.379324323205E-03,22.348367230266,
    0.675450536405));
#1791 = CARTESIAN_POINT('',(4.836925139731E-03,22.340168349483,
    0.672983918367));
#1792 = CARTESIAN_POINT('',(3.51223609429E-03,22.341491039196,
    0.6710337724));
#1793 = CARTESIAN_POINT('',(3.083466748075E-03,22.341918305948,
    0.669033264294));
#1794 = CARTESIAN_POINT('',(1.644398966438E-02,22.356054562143,
    0.685235307426));
#1795 = CARTESIAN_POINT('',(1.816963313602E-02,22.354328120846,
    0.683118794541));
#1796 = CARTESIAN_POINT('',(1.611547954869E-02,22.356374081639,
    0.681212907352));
#1797 = CARTESIAN_POINT('',(2.754559015107E-02,22.344977414403,
    0.678549695971));
#1798 = CARTESIAN_POINT('',(-4.754790565972E-03,22.377228958428,
    0.678304600777));
#1799 = CARTESIAN_POINT('',(2.239212575248E-02,22.350127928649,
    0.6747881141));
#1800 = CARTESIAN_POINT('',(1.348001998447E-02,22.359013102836,
    0.673263762973));
#1801 = CARTESIAN_POINT('',(1.789364947441E-02,22.354601792258,
    0.670998789584));
#1802 = CARTESIAN_POINT('',(1.681696661302E-02,22.355680313924,
    0.669033877457));
#1803 = CARTESIAN_POINT('',(2.559561295161E-02,22.374404387049,
    0.685485189777));
#1804 = CARTESIAN_POINT('',(2.307979521419E-02,22.376920204786,
    0.683599336438));
#1805 = CARTESIAN_POINT('',(2.213981166226E-02,22.377860188314,
    0.681617427176));
#1806 = CARTESIAN_POINT('',(1.220064274619E-02,22.387799357343,
    0.680158730135));
#1807 = CARTESIAN_POINT('',(4.544230307579E-02,22.354557696766,
    0.676293424065));
#1808 = CARTESIAN_POINT('',(1.651426252689E-02,22.383485737639,
    0.675875330193));
#1809 = CARTESIAN_POINT('',(2.545262535705E-02,22.374547374542,
    0.673342633304));
#1810 = CARTESIAN_POINT('',(2.164239605375E-02,22.378357603982,
    0.671531873211));
#1811 = CARTESIAN_POINT('',(2.298193622109E-02,22.37701806378,
    0.669437138377));
#1812 = CARTESIAN_POINT('',(4.394543785639E-02,22.383556010335,
    0.685235307426));
#1813 = CARTESIAN_POINT('',(4.567187915384E-02,22.381830366864,
    0.683118794541));
#1814 = CARTESIAN_POINT('',(4.362591838494E-02,22.383884520465,
    0.681212907352));
#1815 = CARTESIAN_POINT('',(5.502258551436E-02,22.372454409792,
    0.678549695971));
#1816 = CARTESIAN_POINT('',(2.27710417171E-02,22.404754790675,
    0.678304600778));
#1817 = CARTESIAN_POINT('',(4.987207120391E-02,22.377607874126,
    0.674788114101));
#1818 = CARTESIAN_POINT('',(4.098689725456E-02,22.386519980091,
    0.673263762973));
#1819 = CARTESIAN_POINT('',(4.539820771192E-02,22.382106350497,
    0.670998789584));
#1820 = CARTESIAN_POINT('',(4.43196860755E-02,22.383183033386,
    0.669033877457));
#1821 = CARTESIAN_POINT('',(5.908761826689E-02,22.395911804603,
    0.685161928533));
#1822 = CARTESIAN_POINT('',(5.863210882345E-02,22.396366758039,
    0.683163301614));
#1823 = CARTESIAN_POINT('',(6.094439972859E-02,22.394048404682,
    0.681012356789));
#1824 = CARTESIAN_POINT('',(5.180443305837E-02,22.403208085948,
    0.679493303192));
#1825 = CARTESIAN_POINT('',(6.565687876125E-02,22.389327474253,
    0.676709845507));
#1826 = CARTESIAN_POINT('',(5.163276981617E-02,22.403379324385,
    0.675450536405));
#1827 = CARTESIAN_POINT('',(5.983165046393E-02,22.395163074822,
    0.672983918367));
#1828 = CARTESIAN_POINT('',(5.850896082139E-02,22.396487763921,
    0.6710337724));
#1829 = CARTESIAN_POINT('',(5.808169405186E-02,22.396916533253,
    0.669033264294));
#1830 = CARTESIAN_POINT('',(8.213384558491E-02,22.400366033378,
    0.684666100861));
#1831 = CARTESIAN_POINT('',(8.154075795331E-02,22.400959093149,
    0.68267491177));
#1832 = CARTESIAN_POINT('',(8.075227932086E-02,22.401747898189,
    0.680694371776));
#1833 = CARTESIAN_POINT('',(8.150121672145E-02,22.400999028476,
    0.678632939803));
#1834 = CARTESIAN_POINT('',(8.055503226484E-02,22.401945785489,
    0.676657099416));
#1835 = CARTESIAN_POINT('',(8.154796584152E-02,22.400950814666,
    0.674584783755));
#1836 = CARTESIAN_POINT('',(8.043567625187E-02,22.402065389899,
    0.672619123702));
#1837 = CARTESIAN_POINT('',(8.05314189573E-02,22.401968997504,
    0.670591618817));
#1838 = CARTESIAN_POINT('',(8.080072614987E-02,22.401699464167,
    0.668554456917));
#1839 = CARTESIAN_POINT('',(0.111418681421,22.398581058569,
    0.683837472209));
#1840 = CARTESIAN_POINT('',(0.110960249713,22.399039561287,
    0.681839174569));
#1841 = CARTESIAN_POINT('',(0.110673666688,22.399326453465,
    0.679832066195));
#1842 = CARTESIAN_POINT('',(0.111674862512,22.398325129412,
    0.677755054073));
#1843 = CARTESIAN_POINT('',(0.109469741576,22.400530016286,
    0.675850585718));
#1844 = CARTESIAN_POINT('',(0.110814319134,22.399186076658,
    0.673755394657));
#1845 = CARTESIAN_POINT('',(0.110393110754,22.399606626085,
    0.671755314877));
#1846 = CARTESIAN_POINT('',(0.110359430326,22.399640538362,
    0.669734143219));
#1847 = CARTESIAN_POINT('',(0.110431260161,22.399568571388,
    0.667707465772));
#1848 = DEFINITIONAL_REPRESENTATION('',(#1849),#1872);
#1849 = B_SPLINE_CURVE_WITH_KNOTS('',11,(#1850,#1851,#1852,#1853,#1854,
    #1855,#1856,#1857,#1858,#1859,#1860,#1861,#1862,#1863,#1864,#1865,
    #1866,#1867,#1868,#1869,#1870,#1871),.UNSPECIFIED.,.F.,.F.,(12,10,12
    ),(0.,0.785398163397,1.570796326795),.UNSPECIFIED.);
#1850 = CARTESIAN_POINT('',(7.071067811865E-02,5.554770144435E-03));
#1851 = CARTESIAN_POINT('',(6.564243132349E-02,5.745793291959E-03));
#1852 = CARTESIAN_POINT('',(6.004346671345E-02,5.926660201563E-03));
#1853 = CARTESIAN_POINT('',(5.501196532337E-02,6.056370894399E-03));
#1854 = CARTESIAN_POINT('',(4.731082729326E-02,6.261774277496E-03));
#1855 = CARTESIAN_POINT('',(4.306878825678E-02,6.294697516989E-03));
#1856 = CARTESIAN_POINT('',(3.418340898837E-02,6.490957836851E-03));
#1857 = CARTESIAN_POINT('',(2.893340430327E-02,6.507897667258E-03));
#1858 = CARTESIAN_POINT('',(2.115870504977E-02,6.603866867442E-03));
#1859 = CARTESIAN_POINT('',(1.432493893809E-02,6.6359404747E-03));
#1860 = CARTESIAN_POINT('',(7.13847676185E-03,6.658581054214E-03));
#1861 = CARTESIAN_POINT('',(-7.138476761866E-03,6.658581054213E-03));
#1862 = CARTESIAN_POINT('',(-1.432493893823E-02,6.63594047469E-03));
#1863 = CARTESIAN_POINT('',(-2.11587050488E-02,6.603866867481E-03));
#1864 = CARTESIAN_POINT('',(-2.893340430599E-02,6.507897667137E-03));
#1865 = CARTESIAN_POINT('',(-3.418340898324E-02,6.49095783705E-03));
#1866 = CARTESIAN_POINT('',(-4.306878826306E-02,6.294697516745E-03));
#1867 = CARTESIAN_POINT('',(-4.731082728812E-02,6.261774277676E-03));
#1868 = CARTESIAN_POINT('',(-5.50119653263E-02,6.056370894288E-03));
#1869 = CARTESIAN_POINT('',(-6.004346671243E-02,5.926660201585E-03));
#1870 = CARTESIAN_POINT('',(-6.564243132352E-02,5.745793291949E-03));
#1871 = CARTESIAN_POINT('',(-7.071067811866E-02,5.554770144424E-03));
#1872 = ( GEOMETRIC_REPRESENTATION_CONTEXT(2) 
PARAMETRIC_REPRESENTATION_CONTEXT() REPRESENTATION_CONTEXT('2D SPACE',''
  ) );
#1873 = ORIENTED_EDGE('',*,*,#1312,.F.);
#1874 = ADVANCED_FACE('',(#1875),#1121,.T.);
#1875 = FACE_BOUND('',#1876,.F.);
#1876 = EDGE_LOOP('',(#1877,#1878,#1879,#1904));
#1877 = ORIENTED_EDGE('',*,*,#1186,.F.);
#1878 = ORIENTED_EDGE('',*,*,#1469,.T.);
#1879 = ORIENTED_EDGE('',*,*,#1880,.T.);
#1880 = EDGE_CURVE('',#1442,#1106,#1881,.T.);
#1881 = SURFACE_CURVE('',#1882,(#1887,#1893),.PCURVE_S1.);
#1882 = CIRCLE('',#1883,0.1);
#1883 = AXIS2_PLACEMENT_3D('',#1884,#1885,#1886);
#1884 = CARTESIAN_POINT('',(10.154779872056,22.254779872056,0.15));
#1885 = DIRECTION('',(1.,-0.,0.));
#1886 = DIRECTION('',(0.,1.,-3.552713678801E-14));
#1887 = PCURVE('',#1121,#1888);
#1888 = DEFINITIONAL_REPRESENTATION('',(#1889),#1892);
#1889 = B_SPLINE_CURVE_WITH_KNOTS('',1,(#1890,#1891),.UNSPECIFIED.,.F.,
  .F.,(2,2),(4.712388980385,6.17846555206),.PIECEWISE_BEZIER_KNOTS.);
#1890 = CARTESIAN_POINT('',(-1.466076571675,10.099600148541));
#1891 = CARTESIAN_POINT('',(3.46389583683E-14,10.099600148541));
#1892 = ( GEOMETRIC_REPRESENTATION_CONTEXT(2) 
PARAMETRIC_REPRESENTATION_CONTEXT() REPRESENTATION_CONTEXT('2D SPACE',''
  ) );
#1893 = PCURVE('',#1894,#1899);
#1894 = SPHERICAL_SURFACE('',#1895,0.1);
#1895 = AXIS2_PLACEMENT_3D('',#1896,#1897,#1898);
#1896 = CARTESIAN_POINT('',(10.154779872056,22.254779872056,0.15));
#1897 = DIRECTION('',(0.,3.552713678801E-14,1.));
#1898 = DIRECTION('',(0.,1.,-3.552713678801E-14));
#1899 = DEFINITIONAL_REPRESENTATION('',(#1900),#1903);
#1900 = B_SPLINE_CURVE_WITH_KNOTS('',1,(#1901,#1902),.UNSPECIFIED.,.F.,
  .F.,(2,2),(4.712388980385,6.17846555206),.PIECEWISE_BEZIER_KNOTS.);
#1901 = CARTESIAN_POINT('',(0.,-1.570796326795));
#1902 = CARTESIAN_POINT('',(0.,-0.10471975512));
#1903 = ( GEOMETRIC_REPRESENTATION_CONTEXT(2) 
PARAMETRIC_REPRESENTATION_CONTEXT() REPRESENTATION_CONTEXT('2D SPACE',''
  ) );
#1904 = ORIENTED_EDGE('',*,*,#1105,.F.);
#1905 = ADVANCED_FACE('',(#1906),#1149,.T.);
#1906 = FACE_BOUND('',#1907,.T.);
#1907 = EDGE_LOOP('',(#1908,#1951,#1979,#2006));
#1908 = ORIENTED_EDGE('',*,*,#1909,.T.);
#1909 = EDGE_CURVE('',#1134,#1910,#1912,.T.);
#1910 = VERTEX_POINT('',#1911);
#1911 = CARTESIAN_POINT('',(10.299452189537,22.3,0.569787931602));
#1912 = SURFACE_CURVE('',#1913,(#1921,#1927),.PCURVE_S1.);
#1913 = ( BOUNDED_CURVE() B_SPLINE_CURVE(6,(#1914,#1915,#1916,#1917,
#1918,#1919,#1920),.UNSPECIFIED.,.F.,.F.) B_SPLINE_CURVE_WITH_KNOTS((7,7
),(0.,1.559869909752),.PIECEWISE_BEZIER_KNOTS.) CURVE() 
GEOMETRIC_REPRESENTATION_ITEM() RATIONAL_B_SPLINE_CURVE((1.030950613501,
    1.009890100201,0.997953445068,0.994040710927,0.997953445068,
1.009890100201,1.030950613501)) REPRESENTATION_ITEM('') );
#1914 = CARTESIAN_POINT('',(10.2,22.399452189537,0.569787931602));
#1915 = CARTESIAN_POINT('',(10.226396068307,22.399163780825,
    0.567043906005));
#1916 = CARTESIAN_POINT('',(10.252114481755,22.390549925217,
    0.565246144534));
#1917 = CARTESIAN_POINT('',(10.274311721695,22.374311721695,
    0.564619824568));
#1918 = CARTESIAN_POINT('',(10.290549925217,22.352114481755,
    0.565246144534));
#1919 = CARTESIAN_POINT('',(10.299163780825,22.326396068307,
    0.567043906005));
#1920 = CARTESIAN_POINT('',(10.299452189537,22.3,0.569787931602));
#1921 = PCURVE('',#1149,#1922);
#1922 = DEFINITIONAL_REPRESENTATION('',(#1923),#1926);
#1923 = B_SPLINE_CURVE_WITH_KNOTS('',1,(#1924,#1925),.UNSPECIFIED.,.F.,
  .F.,(2,2),(0.,1.559869909752),.PIECEWISE_BEZIER_KNOTS.);
#1924 = CARTESIAN_POINT('',(0.,1.560858465792E-02));
#1925 = CARTESIAN_POINT('',(1.559869909752,1.560858465792E-02));
#1926 = ( GEOMETRIC_REPRESENTATION_CONTEXT(2) 
PARAMETRIC_REPRESENTATION_CONTEXT() REPRESENTATION_CONTEXT('2D SPACE',''
  ) );
#1927 = PCURVE('',#1615,#1928);
#1928 = DEFINITIONAL_REPRESENTATION('',(#1929),#1950);
#1929 = B_SPLINE_CURVE_WITH_KNOTS('',10,(#1930,#1931,#1932,#1933,#1934,
    #1935,#1936,#1937,#1938,#1939,#1940,#1941,#1942,#1943,#1944,#1945,
    #1946,#1947,#1948,#1949),.UNSPECIFIED.,.F.,.F.,(11,9,11),(0.,
    0.779934954876,1.559869909752),.UNSPECIFIED.);
#1930 = CARTESIAN_POINT('',(-7.032331762536E-02,4.905248836783E-03));
#1931 = CARTESIAN_POINT('',(-6.476262599345E-02,5.508294783569E-03));
#1932 = CARTESIAN_POINT('',(-5.873657188457E-02,6.057003397302E-03));
#1933 = CARTESIAN_POINT('',(-5.248322135125E-02,6.530329093354E-03));
#1934 = CARTESIAN_POINT('',(-4.520567607169E-02,7.005227063181E-03));
#1935 = CARTESIAN_POINT('',(-3.857141000964E-02,7.308626372406E-03));
#1936 = CARTESIAN_POINT('',(-3.077971696902E-02,7.649633001294E-03));
#1937 = CARTESIAN_POINT('',(-2.339490280371E-02,7.844273664419E-03));
#1938 = CARTESIAN_POINT('',(-1.55853415064E-02,8.001448212676E-03));
#1939 = CARTESIAN_POINT('',(-7.800522236598E-03,8.07397212524E-03));
#1940 = CARTESIAN_POINT('',(7.800522236492E-03,8.07397212524E-03));
#1941 = CARTESIAN_POINT('',(1.558534150602E-02,8.001448212713E-03));
#1942 = CARTESIAN_POINT('',(2.3394902805E-02,7.844273664245E-03));
#1943 = CARTESIAN_POINT('',(3.077971696555E-02,7.649633001726E-03));
#1944 = CARTESIAN_POINT('',(3.857141001478E-02,7.308626371765E-03));
#1945 = CARTESIAN_POINT('',(4.520567606648E-02,7.005227063807E-03));
#1946 = CARTESIAN_POINT('',(5.248322135464E-02,6.530329092957E-03));
#1947 = CARTESIAN_POINT('',(5.873657188322E-02,6.057003397445E-03));
#1948 = CARTESIAN_POINT('',(6.476262599345E-02,5.508294783566E-03));
#1949 = CARTESIAN_POINT('',(7.032331762532E-02,4.905248836783E-03));
#1950 = ( GEOMETRIC_REPRESENTATION_CONTEXT(2) 
PARAMETRIC_REPRESENTATION_CONTEXT() REPRESENTATION_CONTEXT('2D SPACE',''
  ) );
#1951 = ORIENTED_EDGE('',*,*,#1952,.T.);
#1952 = EDGE_CURVE('',#1910,#1953,#1955,.T.);
#1953 = VERTEX_POINT('',#1954);
#1954 = CARTESIAN_POINT('',(10.254232061593,22.254779872056,
    0.139547153673));
#1955 = SURFACE_CURVE('',#1956,(#1960,#1967),.PCURVE_S1.);
#1956 = LINE('',#1957,#1958);
#1957 = CARTESIAN_POINT('',(10.301074890014,22.301622700477,
    0.585226895341));
#1958 = VECTOR('',#1959,1.);
#1959 = DIRECTION('',(-0.103962051184,-0.103962051184,-0.989132844378));
#1960 = PCURVE('',#1149,#1961);
#1961 = DEFINITIONAL_REPRESENTATION('',(#1962),#1966);
#1962 = LINE('',#1963,#1964);
#1963 = CARTESIAN_POINT('',(1.559869909752,0.));
#1964 = VECTOR('',#1965,1.);
#1965 = DIRECTION('',(0.,1.));
#1966 = ( GEOMETRIC_REPRESENTATION_CONTEXT(2) 
PARAMETRIC_REPRESENTATION_CONTEXT() REPRESENTATION_CONTEXT('2D SPACE',''
  ) );
#1967 = PCURVE('',#1968,#1973);
#1968 = PLANE('',#1969);
#1969 = AXIS2_PLACEMENT_3D('',#1970,#1971,#1972);
#1970 = CARTESIAN_POINT('',(10.3,0.,0.575));
#1971 = DIRECTION('',(0.994521895368,0.,-0.104528463268));
#1972 = DIRECTION('',(0.,1.,0.));
#1973 = DEFINITIONAL_REPRESENTATION('',(#1974),#1978);
#1974 = LINE('',#1975,#1976);
#1975 = CARTESIAN_POINT('',(22.301622700477,1.028322793955E-02));
#1976 = VECTOR('',#1977,1.);
#1977 = DIRECTION('',(-0.103962051184,-0.99458126461));
#1978 = ( GEOMETRIC_REPRESENTATION_CONTEXT(2) 
PARAMETRIC_REPRESENTATION_CONTEXT() REPRESENTATION_CONTEXT('2D SPACE',''
  ) );
#1979 = ORIENTED_EDGE('',*,*,#1980,.F.);
#1980 = EDGE_CURVE('',#1106,#1953,#1981,.T.);
#1981 = SURFACE_CURVE('',#1982,(#1987,#1994),.PCURVE_S1.);
#1982 = CIRCLE('',#1983,0.1);
#1983 = AXIS2_PLACEMENT_3D('',#1984,#1985,#1986);
#1984 = CARTESIAN_POINT('',(10.154779872056,22.254779872056,0.15));
#1985 = DIRECTION('',(-0.103962051185,-0.103962051185,-0.989132844378));
#1986 = DIRECTION('',(1.734723475977E-18,0.994521895368,-0.104528463268)
  );
#1987 = PCURVE('',#1149,#1988);
#1988 = DEFINITIONAL_REPRESENTATION('',(#1989),#1993);
#1989 = LINE('',#1990,#1991);
#1990 = CARTESIAN_POINT('',(0.,0.450576223609));
#1991 = VECTOR('',#1992,1.);
#1992 = DIRECTION('',(1.,0.));
#1993 = ( GEOMETRIC_REPRESENTATION_CONTEXT(2) 
PARAMETRIC_REPRESENTATION_CONTEXT() REPRESENTATION_CONTEXT('2D SPACE',''
  ) );
#1994 = PCURVE('',#1894,#1995);
#1995 = DEFINITIONAL_REPRESENTATION('',(#1996),#2005);
#1996 = B_SPLINE_CURVE_WITH_KNOTS('',7,(#1997,#1998,#1999,#2000,#2001,
    #2002,#2003,#2004),.UNSPECIFIED.,.F.,.F.,(8,8),(0.,1.559869909752),
  .PIECEWISE_BEZIER_KNOTS.);
#1997 = CARTESIAN_POINT('',(0.,-0.10471975512));
#1998 = CARTESIAN_POINT('',(-0.222851861165,-0.127886508748));
#1999 = CARTESIAN_POINT('',(-0.446970298262,-0.145028818012));
#2000 = CARTESIAN_POINT('',(-0.672359144982,-0.154236246574));
#2001 = CARTESIAN_POINT('',(-0.898437181813,-0.154236246574));
#2002 = CARTESIAN_POINT('',(-1.123826028532,-0.145028818012));
#2003 = CARTESIAN_POINT('',(-1.347944465629,-0.127886508748));
#2004 = CARTESIAN_POINT('',(-1.570796326795,-0.10471975512));
#2005 = ( GEOMETRIC_REPRESENTATION_CONTEXT(2) 
PARAMETRIC_REPRESENTATION_CONTEXT() REPRESENTATION_CONTEXT('2D SPACE',''
  ) );
#2006 = ORIENTED_EDGE('',*,*,#1133,.F.);
#2007 = ADVANCED_FACE('',(#2008),#1297,.T.);
#2008 = FACE_BOUND('',#2009,.F.);
#2009 = EDGE_LOOP('',(#2010,#2011,#2039,#2162));
#2010 = ORIENTED_EDGE('',*,*,#1262,.T.);
#2011 = ORIENTED_EDGE('',*,*,#2012,.T.);
#2012 = EDGE_CURVE('',#1213,#2013,#2015,.T.);
#2013 = VERTEX_POINT('',#2014);
#2014 = CARTESIAN_POINT('',(10.2,-3.608224830032E-16,0.580240777928));
#2015 = SURFACE_CURVE('',#2016,(#2020,#2027),.PCURVE_S1.);
#2016 = LINE('',#2017,#2018);
#2017 = CARTESIAN_POINT('',(0.,2.775557561563E-17,0.580240777928));
#2018 = VECTOR('',#2019,1.);
#2019 = DIRECTION('',(1.,0.,-0.));
#2020 = PCURVE('',#1297,#2021);
#2021 = DEFINITIONAL_REPRESENTATION('',(#2022),#2026);
#2022 = LINE('',#2023,#2024);
#2023 = CARTESIAN_POINT('',(-0.10471975512,0.));
#2024 = VECTOR('',#2025,1.);
#2025 = DIRECTION('',(-0.,1.));
#2026 = ( GEOMETRIC_REPRESENTATION_CONTEXT(2) 
PARAMETRIC_REPRESENTATION_CONTEXT() REPRESENTATION_CONTEXT('2D SPACE',''
  ) );
#2027 = PCURVE('',#2028,#2033);
#2028 = PLANE('',#2029);
#2029 = AXIS2_PLACEMENT_3D('',#2030,#2031,#2032);
#2030 = CARTESIAN_POINT('',(0.,0.,0.575));
#2031 = DIRECTION('',(-0.,1.,0.));
#2032 = DIRECTION('',(0.,0.,1.));
#2033 = DEFINITIONAL_REPRESENTATION('',(#2034),#2038);
#2034 = LINE('',#2035,#2036);
#2035 = CARTESIAN_POINT('',(5.240777928304E-03,0.));
#2036 = VECTOR('',#2037,1.);
#2037 = DIRECTION('',(0.,1.));
#2038 = ( GEOMETRIC_REPRESENTATION_CONTEXT(2) 
PARAMETRIC_REPRESENTATION_CONTEXT() REPRESENTATION_CONTEXT('2D SPACE',''
  ) );
#2039 = ORIENTED_EDGE('',*,*,#2040,.T.);
#2040 = EDGE_CURVE('',#2013,#1518,#2041,.T.);
#2041 = SURFACE_CURVE('',#2042,(#2050,#2056),.PCURVE_S1.);
#2042 = ( BOUNDED_CURVE() B_SPLINE_CURVE(6,(#2043,#2044,#2045,#2046,
#2047,#2048,#2049),.UNSPECIFIED.,.F.,.F.) B_SPLINE_CURVE_WITH_KNOTS((7,7
),(0.,0.10471975512),.PIECEWISE_BEZIER_KNOTS.) CURVE() 
GEOMETRIC_REPRESENTATION_ITEM() RATIONAL_B_SPLINE_CURVE((1.000137088577,
    1.00004568784,0.999990860763,0.999972587294,0.999990860763,
1.00004568784,1.000137088577)) REPRESENTATION_ITEM('') );
#2043 = CARTESIAN_POINT('',(10.2,2.775557561563E-17,0.580240777928));
#2044 = CARTESIAN_POINT('',(10.2,5.551115123126E-17,0.578495289159));
#2045 = CARTESIAN_POINT('',(10.2,3.655943564777E-05,0.57674999185));
#2046 = CARTESIAN_POINT('',(10.2,1.096652759717E-04,0.575005747314));
#2047 = CARTESIAN_POINT('',(10.2,2.192831180766E-04,0.57326341629));
#2048 = CARTESIAN_POINT('',(10.2,3.653572044893E-04,0.571523858401));
#2049 = CARTESIAN_POINT('',(10.2,5.478104631727E-04,0.569787931602));
#2050 = PCURVE('',#1297,#2051);
#2051 = DEFINITIONAL_REPRESENTATION('',(#2052),#2055);
#2052 = B_SPLINE_CURVE_WITH_KNOTS('',1,(#2053,#2054),.UNSPECIFIED.,.F.,
  .F.,(2,2),(0.,0.10471975512),.PIECEWISE_BEZIER_KNOTS.);
#2053 = CARTESIAN_POINT('',(-0.10471975512,10.2));
#2054 = CARTESIAN_POINT('',(0.,10.2));
#2055 = ( GEOMETRIC_REPRESENTATION_CONTEXT(2) 
PARAMETRIC_REPRESENTATION_CONTEXT() REPRESENTATION_CONTEXT('2D SPACE',''
  ) );
#2056 = PCURVE('',#2057,#2139);
#2057 = B_SPLINE_SURFACE_WITH_KNOTS('',8,8,(
    (#2058,#2059,#2060,#2061,#2062,#2063,#2064,#2065,#2066)
    ,(#2067,#2068,#2069,#2070,#2071,#2072,#2073,#2074,#2075)
    ,(#2076,#2077,#2078,#2079,#2080,#2081,#2082,#2083,#2084)
    ,(#2085,#2086,#2087,#2088,#2089,#2090,#2091,#2092,#2093)
    ,(#2094,#2095,#2096,#2097,#2098,#2099,#2100,#2101,#2102)
    ,(#2103,#2104,#2105,#2106,#2107,#2108,#2109,#2110,#2111)
    ,(#2112,#2113,#2114,#2115,#2116,#2117,#2118,#2119,#2120)
    ,(#2121,#2122,#2123,#2124,#2125,#2126,#2127,#2128,#2129)
    ,(#2130,#2131,#2132,#2133,#2134,#2135,#2136,#2137,#2138
  )),.UNSPECIFIED.,.F.,.F.,.F.,(9,9),(9,9),(-7.778174593053E-02,
    7.778174593051E-02),(-7.315613219613E-03,8.855910256723E-03),
  .PIECEWISE_BEZIER_KNOTS.);
#2058 = CARTESIAN_POINT('',(10.189568739837,4.314286132273E-04,
    0.582292534228));
#2059 = CARTESIAN_POINT('',(10.189640569674,3.594616383285E-04,
    0.580265856781));
#2060 = CARTESIAN_POINT('',(10.189606889243,3.933739169788E-04,
    0.578244685123));
#2061 = CARTESIAN_POINT('',(10.189185680872,8.139233363189E-04,
    0.576244605343));
#2062 = CARTESIAN_POINT('',(10.190530258416,-5.300162791838E-04,
    0.574149414281));
#2063 = CARTESIAN_POINT('',(10.188325137492,1.674870584452E-03,
    0.572244945927));
#2064 = CARTESIAN_POINT('',(10.189326333311,6.735465355008E-04,
    0.570167933805));
#2065 = CARTESIAN_POINT('',(10.189039750287,9.60438713301E-04,
    0.568160825431));
#2066 = CARTESIAN_POINT('',(10.188581318578,1.418941430829E-03,
    0.566162527792));
#2067 = CARTESIAN_POINT('',(10.219199273853,-1.699464169561E-03,
    0.581445543082));
#2068 = CARTESIAN_POINT('',(10.219468581047,-1.968997511725E-03,
    0.579408381183));
#2069 = CARTESIAN_POINT('',(10.219564323756,-2.065389895594E-03,
    0.577380876298));
#2070 = CARTESIAN_POINT('',(10.218452034143,-9.508146673925E-04,
    0.575415216245));
#2071 = CARTESIAN_POINT('',(10.219444967754,-1.945785491671E-03,
    0.573342900584));
#2072 = CARTESIAN_POINT('',(10.218498783268,-9.990284743718E-04,
    0.571367060197));
#2073 = CARTESIAN_POINT('',(10.219247720682,-1.747898189292E-03,
    0.569305628223));
#2074 = CARTESIAN_POINT('',(10.218459242047,-9.590931489199E-04,
    0.56732508823));
#2075 = CARTESIAN_POINT('',(10.217866154415,-3.660333778823E-04,
    0.565333899139));
#2076 = CARTESIAN_POINT('',(10.241918305944,3.083466751302E-03,
    0.580966735706));
#2077 = CARTESIAN_POINT('',(10.241491039169,3.512236102157E-03,
    0.5789662276));
#2078 = CARTESIAN_POINT('',(10.240168349515,4.836925157802E-03,
    0.577016081633));
#2079 = CARTESIAN_POINT('',(10.248367230205,-3.379324338655E-03,
    0.574549463596));
#2080 = CARTESIAN_POINT('',(10.234343121219,1.067252570012E-02,
    0.573290154491));
#2081 = CARTESIAN_POINT('',(10.248195566955,-3.208085923065E-03,
    0.57050669681));
#2082 = CARTESIAN_POINT('',(10.239055600265,5.951595312637E-03,
    0.568987643211));
#2083 = CARTESIAN_POINT('',(10.241367891177,3.633241962049E-03,
    0.566836698386));
#2084 = CARTESIAN_POINT('',(10.240912381733,4.088195396419E-03,
    0.564838071467));
#2085 = CARTESIAN_POINT('',(10.255680313929,1.681696660986E-02,
    0.580966122543));
#2086 = CARTESIAN_POINT('',(10.254601792302,1.789364946314E-02,
    0.579001210415));
#2087 = CARTESIAN_POINT('',(10.259013102781,1.348001995155E-02,
    0.576736237027));
#2088 = CARTESIAN_POINT('',(10.250127928734,2.239212580739E-02,
    0.575211885899));
#2089 = CARTESIAN_POINT('',(10.277228958329,-4.754790591067E-03,
    0.571695399224));
#2090 = CARTESIAN_POINT('',(10.244977414455,2.754559016347E-02,
    0.571450304029));
#2091 = CARTESIAN_POINT('',(10.256374081631,1.611547954233E-02,
    0.568787092648));
#2092 = CARTESIAN_POINT('',(10.254328120846,1.816963313562E-02,
    0.566881205459));
#2093 = CARTESIAN_POINT('',(10.256054562143,1.644398966499E-02,
    0.564764692574));
#2094 = CARTESIAN_POINT('',(10.277018063776,2.298193622343E-02,
    0.580562861623));
#2095 = CARTESIAN_POINT('',(10.278357603935,2.164239606374E-02,
    0.57846812679));
#2096 = CARTESIAN_POINT('',(10.274547374605,2.54526253938E-02,
    0.576657366696));
#2097 = CARTESIAN_POINT('',(10.283485737541,1.651426246185E-02,
    0.574124669808));
#2098 = CARTESIAN_POINT('',(10.254557696862,4.544230312573E-02,
    0.573706575933));
#2099 = CARTESIAN_POINT('',(10.287799357292,1.220064272006E-02,
    0.569841269866));
#2100 = CARTESIAN_POINT('',(10.277860188317,2.21398116752E-02,
    0.568382572824));
#2101 = CARTESIAN_POINT('',(10.276920204786,2.307979521485E-02,
    0.566400663563));
#2102 = CARTESIAN_POINT('',(10.274404387049,2.559561295142E-02,
    0.564514810223));
#2103 = CARTESIAN_POINT('',(10.283183033388,4.431968607402E-02,
    0.580966122543));
#2104 = CARTESIAN_POINT('',(10.282106350531,4.539820770574E-02,
    0.579001210415));
#2105 = CARTESIAN_POINT('',(10.286519980041,4.098689722857E-02,
    0.576736237028));
#2106 = CARTESIAN_POINT('',(10.277607874203,4.987207125256E-02,
    0.575211885897));
#2107 = CARTESIAN_POINT('',(10.304754790605,2.277104167548E-02,
    0.571695399226));
#2108 = CARTESIAN_POINT('',(10.272454409823,5.502258553986E-02,
    0.571450304028));
#2109 = CARTESIAN_POINT('',(10.283884520466,4.362591837354E-02,
    0.568787092648));
#2110 = CARTESIAN_POINT('',(10.281830366863,4.567187915346E-02,
    0.566881205459));
#2111 = CARTESIAN_POINT('',(10.283556010336,4.394543785634E-02,
    0.564764692574));
#2112 = CARTESIAN_POINT('',(10.296916533251,5.808169405297E-02,
    0.580966735706));
#2113 = CARTESIAN_POINT('',(10.296487763905,5.850896082418E-02,
    0.5789662276));
#2114 = CARTESIAN_POINT('',(10.295163074848,5.983165047487E-02,
    0.577016081632));
#2115 = CARTESIAN_POINT('',(10.303379324342,5.163276979844E-02,
    0.574549463597));
#2116 = CARTESIAN_POINT('',(10.289327474286,6.56568787813E-02,
    0.57329015449));
#2117 = CARTESIAN_POINT('',(10.303208085941,5.180443304069E-02,
    0.570506696811));
#2118 = CARTESIAN_POINT('',(10.29404840468,6.094439973356E-02,
    0.56898764321));
#2119 = CARTESIAN_POINT('',(10.296366758039,5.86321088235E-02,
    0.566836698386));
#2120 = CARTESIAN_POINT('',(10.295911804603,5.908761826701E-02,
    0.564838071467));
#2121 = CARTESIAN_POINT('',(10.301699464168,8.080072614923E-02,
    0.581445543083));
#2122 = CARTESIAN_POINT('',(10.301968997508,8.053141895638E-02,
    0.579408381183));
#2123 = CARTESIAN_POINT('',(10.302065389892,8.043567624925E-02,
    0.577380876298));
#2124 = CARTESIAN_POINT('',(10.300950814675,8.154796584746E-02,
    0.575415216245));
#2125 = CARTESIAN_POINT('',(10.301945785484,8.055503225811E-02,
    0.573342900585));
#2126 = CARTESIAN_POINT('',(10.300999028477,8.1501216725E-02,
    0.571367060196));
#2127 = CARTESIAN_POINT('',(10.301747898188,8.075227932125E-02,
    0.569305628224));
#2128 = CARTESIAN_POINT('',(10.300959093148,8.154075795366E-02,
    0.56732508823));
#2129 = CARTESIAN_POINT('',(10.300366033378,8.213384558484E-02,
    0.565333899139));
#2130 = CARTESIAN_POINT('',(10.299568571388,0.110431260161,
    0.582292534228));
#2131 = CARTESIAN_POINT('',(10.299640538362,0.110359430326,
    0.580265856781));
#2132 = CARTESIAN_POINT('',(10.299606626084,0.110393110755,
    0.578244685123));
#2133 = CARTESIAN_POINT('',(10.299186076661,0.110814319132,
    0.576244605343));
#2134 = CARTESIAN_POINT('',(10.300530016282,0.109469741579,
    0.574149414281));
#2135 = CARTESIAN_POINT('',(10.298325129415,0.111674862509,
    0.572244945927));
#2136 = CARTESIAN_POINT('',(10.299326453464,0.110673666688,
    0.570167933805));
#2137 = CARTESIAN_POINT('',(10.299039561287,0.110960249713,
    0.568160825431));
#2138 = CARTESIAN_POINT('',(10.29858105857,0.111418681421,0.566162527791
    ));
#2139 = DEFINITIONAL_REPRESENTATION('',(#2140),#2161);
#2140 = B_SPLINE_CURVE_WITH_KNOTS('',10,(#2141,#2142,#2143,#2144,#2145,
    #2146,#2147,#2148,#2149,#2150,#2151,#2152,#2153,#2154,#2155,#2156,
    #2157,#2158,#2159,#2160),.UNSPECIFIED.,.F.,.F.,(11,9,11),(0.,
    5.235987755983E-02,0.10471975512),.UNSPECIFIED.);
#2141 = CARTESIAN_POINT('',(-7.071067811866E-02,-5.554770144435E-03));
#2142 = CARTESIAN_POINT('',(-7.071067811867E-02,-5.031651675782E-03));
#2143 = CARTESIAN_POINT('',(-7.070852492072E-02,-4.496305294014E-03));
#2144 = CARTESIAN_POINT('',(-7.070412552303E-02,-4.01442211302E-03));
#2145 = CARTESIAN_POINT('',(-7.069792481302E-02,-3.414188702324E-03));
#2146 = CARTESIAN_POINT('',(-7.068887151262E-02,-2.984714248297E-03));
#2147 = CARTESIAN_POINT('',(-7.067854623007E-02,-2.383876298982E-03));
#2148 = CARTESIAN_POINT('',(-7.066534929798E-02,-1.903797436073E-03));
#2149 = CARTESIAN_POINT('',(-7.065036874291E-02,-1.365288097827E-03));
#2150 = CARTESIAN_POINT('',(-7.063313159616E-02,-8.446233696874E-04));
#2151 = CARTESIAN_POINT('',(-7.059436768825E-02,2.021316704775E-04));
#2152 = CARTESIAN_POINT('',(-7.057282870502E-02,7.254456007988E-04));
#2153 = CARTESIAN_POINT('',(-7.054915202682E-02,1.248463184171E-03));
#2154 = CARTESIAN_POINT('',(-7.052334213606E-02,1.771146710253E-03));
#2155 = CARTESIAN_POINT('',(-7.049539363425E-02,2.293584277657E-03));
#2156 = CARTESIAN_POINT('',(-7.046529621211E-02,2.815920556041E-03));
#2157 = CARTESIAN_POINT('',(-7.043303962071E-02,3.338287548211E-03));
#2158 = CARTESIAN_POINT('',(-7.039861864173E-02,3.86073535222E-03));
#2159 = CARTESIAN_POINT('',(-7.036203805826E-02,4.383162923464E-03));
#2160 = CARTESIAN_POINT('',(-7.032331762535E-02,4.905248836783E-03));
#2161 = ( GEOMETRIC_REPRESENTATION_CONTEXT(2) 
PARAMETRIC_REPRESENTATION_CONTEXT() REPRESENTATION_CONTEXT('2D SPACE',''
  ) );
#2162 = ORIENTED_EDGE('',*,*,#1545,.F.);
#2163 = ADVANCED_FACE('',(#2164),#1251,.T.);
#2164 = FACE_BOUND('',#2165,.T.);
#2165 = EDGE_LOOP('',(#2166,#2167,#2190,#2315));
#2166 = ORIENTED_EDGE('',*,*,#1212,.F.);
#2167 = ORIENTED_EDGE('',*,*,#2168,.T.);
#2168 = EDGE_CURVE('',#1213,#2169,#2171,.T.);
#2169 = VERTEX_POINT('',#2170);
#2170 = CARTESIAN_POINT('',(1.E-01,-1.387778780781E-17,0.669759222072));
#2171 = SURFACE_CURVE('',#2172,(#2176,#2183),.PCURVE_S1.);
#2172 = LINE('',#2173,#2174);
#2173 = CARTESIAN_POINT('',(1.E-01,-1.387778780781E-17,0.575));
#2174 = VECTOR('',#2175,1.);
#2175 = DIRECTION('',(0.,0.,1.));
#2176 = PCURVE('',#1251,#2177);
#2177 = DEFINITIONAL_REPRESENTATION('',(#2178),#2182);
#2178 = LINE('',#2179,#2180);
#2179 = CARTESIAN_POINT('',(1.570796326795,0.));
#2180 = VECTOR('',#2181,1.);
#2181 = DIRECTION('',(0.,1.));
#2182 = ( GEOMETRIC_REPRESENTATION_CONTEXT(2) 
PARAMETRIC_REPRESENTATION_CONTEXT() REPRESENTATION_CONTEXT('2D SPACE',''
  ) );
#2183 = PCURVE('',#2028,#2184);
#2184 = DEFINITIONAL_REPRESENTATION('',(#2185),#2189);
#2185 = LINE('',#2186,#2187);
#2186 = CARTESIAN_POINT('',(0.,1.E-01));
#2187 = VECTOR('',#2188,1.);
#2188 = DIRECTION('',(1.,0.));
#2189 = ( GEOMETRIC_REPRESENTATION_CONTEXT(2) 
PARAMETRIC_REPRESENTATION_CONTEXT() REPRESENTATION_CONTEXT('2D SPACE',''
  ) );
#2190 = ORIENTED_EDGE('',*,*,#2191,.F.);
#2191 = EDGE_CURVE('',#1336,#2169,#2192,.T.);
#2192 = SURFACE_CURVE('',#2193,(#2201,#2207),.PCURVE_S1.);
#2193 = ( BOUNDED_CURVE() B_SPLINE_CURVE(6,(#2194,#2195,#2196,#2197,
#2198,#2199,#2200),.UNSPECIFIED.,.F.,.F.) B_SPLINE_CURVE_WITH_KNOTS((7,7
),(0.,1.570796326795),.PIECEWISE_BEZIER_KNOTS.) CURVE() 
GEOMETRIC_REPRESENTATION_ITEM() RATIONAL_B_SPLINE_CURVE((1.031393471788,
    1.010025407661,0.997924642725,0.993958444137,0.997924642725,
1.010025407661,1.031393471788)) REPRESENTATION_ITEM('') );
#2194 = CARTESIAN_POINT('',(-1.387778780781E-17,1.E-01,0.669759222072));
#2195 = CARTESIAN_POINT('',(1.249000902703E-16,7.326632168471E-02,
    0.669759222072));
#2196 = CARTESIAN_POINT('',(8.500435063369E-03,4.722914274178E-02,
    0.669759222072));
#2197 = CARTESIAN_POINT('',(2.480804867977E-02,2.480804867977E-02,
    0.669759222072));
#2198 = CARTESIAN_POINT('',(4.722914274178E-02,8.500435063369E-03,
    0.669759222072));
#2199 = CARTESIAN_POINT('',(7.326632168471E-02,-1.387778780781E-17,
    0.669759222072));
#2200 = CARTESIAN_POINT('',(1.E-01,-1.387778780781E-17,0.669759222072));
#2201 = PCURVE('',#1251,#2202);
#2202 = DEFINITIONAL_REPRESENTATION('',(#2203),#2206);
#2203 = B_SPLINE_CURVE_WITH_KNOTS('',1,(#2204,#2205),.UNSPECIFIED.,.F.,
  .F.,(2,2),(0.,1.570796326795),.PIECEWISE_BEZIER_KNOTS.);
#2204 = CARTESIAN_POINT('',(0.,9.47592220717E-02));
#2205 = CARTESIAN_POINT('',(1.570796326795,9.47592220717E-02));
#2206 = ( GEOMETRIC_REPRESENTATION_CONTEXT(2) 
PARAMETRIC_REPRESENTATION_CONTEXT() REPRESENTATION_CONTEXT('2D SPACE',''
  ) );
#2207 = PCURVE('',#2208,#2290);
#2208 = B_SPLINE_SURFACE_WITH_KNOTS('',8,8,(
    (#2209,#2210,#2211,#2212,#2213,#2214,#2215,#2216,#2217)
    ,(#2218,#2219,#2220,#2221,#2222,#2223,#2224,#2225,#2226)
    ,(#2227,#2228,#2229,#2230,#2231,#2232,#2233,#2234,#2235)
    ,(#2236,#2237,#2238,#2239,#2240,#2241,#2242,#2243,#2244)
    ,(#2245,#2246,#2247,#2248,#2249,#2250,#2251,#2252,#2253)
    ,(#2254,#2255,#2256,#2257,#2258,#2259,#2260,#2261,#2262)
    ,(#2263,#2264,#2265,#2266,#2267,#2268,#2269,#2270,#2271)
    ,(#2272,#2273,#2274,#2275,#2276,#2277,#2278,#2279,#2280)
    ,(#2281,#2282,#2283,#2284,#2285,#2286,#2287,#2288,#2289
  )),.UNSPECIFIED.,.F.,.F.,.F.,(9,9),(9,9),(-7.778174593052E-02,
    7.778174593052E-02),(-7.315613219613E-03,8.855910256723E-03),
  .PIECEWISE_BEZIER_KNOTS.);
#2209 = CARTESIAN_POINT('',(4.314286120783E-04,0.110431260161,
    0.667707465772));
#2210 = CARTESIAN_POINT('',(3.594616380586E-04,0.110359430326,
    0.669734143219));
#2211 = CARTESIAN_POINT('',(3.933739152823E-04,0.110393110755,
    0.671755314877));
#2212 = CARTESIAN_POINT('',(8.139233402292E-04,0.110814319133,
    0.673755394657));
#2213 = CARTESIAN_POINT('',(-5.300162838452E-04,0.109469741578,
    0.675850585719));
#2214 = CARTESIAN_POINT('',(1.674870586767E-03,0.111674862511,
    0.677755054072));
#2215 = CARTESIAN_POINT('',(6.735465351079E-04,0.110673666688,
    0.679832066195));
#2216 = CARTESIAN_POINT('',(9.604387131434E-04,0.110960249713,
    0.681839174569));
#2217 = CARTESIAN_POINT('',(1.418941430716E-03,0.111418681421,
    0.683837472208));
#2218 = CARTESIAN_POINT('',(-1.699464167701E-03,8.080072614923E-02,
    0.668554456917));
#2219 = CARTESIAN_POINT('',(-1.968997508754E-03,8.053141895628E-02,
    0.670591618817));
#2220 = CARTESIAN_POINT('',(-2.065389890129E-03,8.043567624988E-02,
    0.672619123702));
#2221 = CARTESIAN_POINT('',(-9.508146792382E-04,8.154796584551E-02,
    0.674584783756));
#2222 = CARTESIAN_POINT('',(-1.945785477794E-03,8.055503226048E-02,
    0.676657099415));
#2223 = CARTESIAN_POINT('',(-9.990284824288E-04,8.150121672347E-02,
    0.678632939804));
#2224 = CARTESIAN_POINT('',(-1.747898187202E-03,8.075227932051E-02,
    0.680694371776));
#2225 = CARTESIAN_POINT('',(-9.59093148925E-04,8.154075795332E-02,
    0.682674911771));
#2226 = CARTESIAN_POINT('',(-3.660333777914E-04,8.213384558487E-02,
    0.684666100861));
#2227 = CARTESIAN_POINT('',(3.083466748556E-03,5.80816940528E-02,
    0.669033264294));
#2228 = CARTESIAN_POINT('',(3.512236095723E-03,5.850896082376E-02,
    0.6710337724));
#2229 = CARTESIAN_POINT('',(4.836925144542E-03,5.983165047183E-02,
    0.672983918368));
#2230 = CARTESIAN_POINT('',(-3.379324326342E-03,5.163276980553E-02,
    0.675450536402));
#2231 = CARTESIAN_POINT('',(1.067252568997E-02,6.565687877233E-02,
    0.676709845512));
#2232 = CARTESIAN_POINT('',(-3.208085918176E-03,5.180443304898E-02,
    0.679493303188));
#2233 = CARTESIAN_POINT('',(5.951595311166E-03,6.094439973303E-02,
    0.681012356791));
#2234 = CARTESIAN_POINT('',(3.633241962044E-03,5.863210882323E-02,
    0.683163301614));
#2235 = CARTESIAN_POINT('',(4.088195396666E-03,5.908761826676E-02,
    0.685161928533));
#2236 = CARTESIAN_POINT('',(1.68169666126E-02,4.431968607477E-02,
    0.669033877457));
#2237 = CARTESIAN_POINT('',(1.789364947149E-02,4.539820770826E-02,
    0.670998789585));
#2238 = CARTESIAN_POINT('',(1.348001997147E-02,4.098689723769E-02,
    0.673263762971));
#2239 = CARTESIAN_POINT('',(2.239212577317E-02,4.987207123506E-02,
    0.674788114105));
#2240 = CARTESIAN_POINT('',(-4.754790570509E-03,2.277104169257E-02,
    0.67830460077));
#2241 = CARTESIAN_POINT('',(2.75455901543E-02,5.502258553487E-02,
    0.678549695976));
#2242 = CARTESIAN_POINT('',(1.611547954583E-02,4.362591837504E-02,
    0.68121290735));
#2243 = CARTESIAN_POINT('',(1.816963313568E-02,4.567187915392E-02,
    0.683118794542));
#2244 = CARTESIAN_POINT('',(1.644398966454E-02,4.394543785669E-02,
    0.685235307426));
#2245 = CARTESIAN_POINT('',(2.298193622178E-02,2.298193622172E-02,
    0.669437138377));
#2246 = CARTESIAN_POINT('',(2.164239605789E-02,2.164239605782E-02,
    0.671531873209));
#2247 = CARTESIAN_POINT('',(2.545262537817E-02,2.54526253767E-02,
    0.673342633306));
#2248 = CARTESIAN_POINT('',(1.651426248983E-02,1.651426249407E-02,
    0.675875330187));
#2249 = CARTESIAN_POINT('',(4.544230310737E-02,4.544230310069E-02,
    0.676293424073));
#2250 = CARTESIAN_POINT('',(1.220064272543E-02,1.22006427314E-02,
    0.680158730129));
#2251 = CARTESIAN_POINT('',(2.21398116736E-02,2.213981167035E-02,
    0.681617427178));
#2252 = CARTESIAN_POINT('',(2.307979521439E-02,2.30797952148E-02,
    0.683599336437));
#2253 = CARTESIAN_POINT('',(2.559561295148E-02,2.559561295199E-02,
    0.685485189777));
#2254 = CARTESIAN_POINT('',(4.431968607443E-02,1.681696661237E-02,
    0.669033877457));
#2255 = CARTESIAN_POINT('',(4.539820770757E-02,1.789364947089E-02,
    0.670998789585));
#2256 = CARTESIAN_POINT('',(4.098689723414E-02,1.348001997119E-02,
    0.673263762971));
#2257 = CARTESIAN_POINT('',(4.987207124414E-02,2.239212577223E-02,
    0.674788114105));
#2258 = CARTESIAN_POINT('',(2.277104168053E-02,-4.754790565631E-03,
    0.678304600771));
#2259 = CARTESIAN_POINT('',(5.502258554559E-02,2.754559014927E-02,
    0.678549695976));
#2260 = CARTESIAN_POINT('',(4.36259183699E-02,1.611547954908E-02,
    0.68121290735));
#2261 = CARTESIAN_POINT('',(4.567187915389E-02,1.816963313464E-02,
    0.683118794542));
#2262 = CARTESIAN_POINT('',(4.394543785663E-02,1.644398966347E-02,
    0.685235307426));
#2263 = CARTESIAN_POINT('',(5.808169405316E-02,3.083466748883E-03,
    0.669033264294));
#2264 = CARTESIAN_POINT('',(5.85089608244E-02,3.512236096349E-03,
    0.6710337724));
#2265 = CARTESIAN_POINT('',(5.983165047549E-02,4.836925146084E-03,
    0.672983918368));
#2266 = CARTESIAN_POINT('',(5.163276979758E-02,-3.379324327883E-03,
    0.675450536402));
#2267 = CARTESIAN_POINT('',(6.565687878477E-02,1.067252569095E-02,
    0.676709845511));
#2268 = CARTESIAN_POINT('',(5.180443303991E-02,-3.208085915705E-03,
    0.679493303188));
#2269 = CARTESIAN_POINT('',(6.094439973781E-02,5.951595310072E-03,
    0.68101235679));
#2270 = CARTESIAN_POINT('',(5.863210882305E-02,3.633241962593E-03,
    0.683163301614));
#2271 = CARTESIAN_POINT('',(5.908761826661E-02,4.08819539719E-03,
    0.685161928533));
#2272 = CARTESIAN_POINT('',(8.080072614896E-02,-1.699464167921E-03,
    0.668554456917));
#2273 = CARTESIAN_POINT('',(8.053141895589E-02,-1.96899750908E-03,
    0.670591618817));
#2274 = CARTESIAN_POINT('',(8.04356762485E-02,-2.065389891304E-03,
    0.672619123702));
#2275 = CARTESIAN_POINT('',(8.154796584918E-02,-9.508146763773E-04,
    0.674584783755));
#2276 = CARTESIAN_POINT('',(8.05550322548E-02,-1.945785481657E-03,
    0.676657099415));
#2277 = CARTESIAN_POINT('',(8.15012167279E-02,-9.99028479924E-04,
    0.678632939804));
#2278 = CARTESIAN_POINT('',(8.07522793183E-02,-1.747898188507E-03,
    0.680694371776));
#2279 = CARTESIAN_POINT('',(8.154075795319E-02,-9.590931491525E-04,
    0.682674911771));
#2280 = CARTESIAN_POINT('',(8.213384558485E-02,-3.660333778641E-04,
    0.684666100861));
#2281 = CARTESIAN_POINT('',(0.110431260162,4.314286122038E-04,
    0.667707465772));
#2282 = CARTESIAN_POINT('',(0.110359430326,3.594616381079E-04,
    0.669734143219));
#2283 = CARTESIAN_POINT('',(0.110393110754,3.93373914958E-04,
    0.671755314877));
#2284 = CARTESIAN_POINT('',(0.110814319135,8.139233419084E-04,
    0.673755394657));
#2285 = CARTESIAN_POINT('',(0.109469741574,-5.300162865916E-04,
    0.675850585719));
#2286 = CARTESIAN_POINT('',(0.111674862514,1.674870588758E-03,
    0.677755054072));
#2287 = CARTESIAN_POINT('',(0.110673666687,6.7354653464E-04,
    0.679832066195));
#2288 = CARTESIAN_POINT('',(0.110960249713,9.604387132663E-04,
    0.681839174569));
#2289 = CARTESIAN_POINT('',(0.111418681422,1.418941431034E-03,
    0.683837472208));
#2290 = DEFINITIONAL_REPRESENTATION('',(#2291),#2314);
#2291 = B_SPLINE_CURVE_WITH_KNOTS('',11,(#2292,#2293,#2294,#2295,#2296,
    #2297,#2298,#2299,#2300,#2301,#2302,#2303,#2304,#2305,#2306,#2307,
    #2308,#2309,#2310,#2311,#2312,#2313),.UNSPECIFIED.,.F.,.F.,(12,10,12
    ),(0.,0.785398163397,1.570796326795),.UNSPECIFIED.);
#2292 = CARTESIAN_POINT('',(-7.071067811865E-02,-5.554770144435E-03));
#2293 = CARTESIAN_POINT('',(-6.564243132354E-02,-5.745793291959E-03));
#2294 = CARTESIAN_POINT('',(-6.004346671311E-02,-5.926660201576E-03));
#2295 = CARTESIAN_POINT('',(-5.501196532434E-02,-6.056370894363E-03));
#2296 = CARTESIAN_POINT('',(-4.731082729142E-02,-6.261774277569E-03));
#2297 = CARTESIAN_POINT('',(-4.306878825899E-02,-6.294697516905E-03));
#2298 = CARTESIAN_POINT('',(-3.418340898653E-02,-6.490957836926E-03));
#2299 = CARTESIAN_POINT('',(-2.893340430429E-02,-6.507897667224E-03));
#2300 = CARTESIAN_POINT('',(-2.115870504937E-02,-6.603866867458E-03));
#2301 = CARTESIAN_POINT('',(-1.432493893817E-02,-6.635940474704E-03));
#2302 = CARTESIAN_POINT('',(-7.138476761855E-03,-6.658581054219E-03));
#2303 = CARTESIAN_POINT('',(7.13847676187E-03,-6.658581054219E-03));
#2304 = CARTESIAN_POINT('',(1.432493893806E-02,-6.635940474703E-03));
#2305 = CARTESIAN_POINT('',(2.115870504986E-02,-6.603866867454E-03));
#2306 = CARTESIAN_POINT('',(2.893340430322E-02,-6.507897667244E-03));
#2307 = CARTESIAN_POINT('',(3.418340898825E-02,-6.490957836883E-03));
#2308 = CARTESIAN_POINT('',(4.306878825708E-02,-6.294697516963E-03));
#2309 = CARTESIAN_POINT('',(4.731082729292E-02,-6.261774277517E-03));
#2310 = CARTESIAN_POINT('',(5.501196532352E-02,-6.056370894394E-03));
#2311 = CARTESIAN_POINT('',(6.004346671339E-02,-5.926660201565E-03));
#2312 = CARTESIAN_POINT('',(6.564243132356E-02,-5.745793291959E-03));
#2313 = CARTESIAN_POINT('',(7.071067811865E-02,-5.554770144435E-03));
#2314 = ( GEOMETRIC_REPRESENTATION_CONTEXT(2) 
PARAMETRIC_REPRESENTATION_CONTEXT() REPRESENTATION_CONTEXT('2D SPACE',''
  ) );
#2315 = ORIENTED_EDGE('',*,*,#1363,.F.);
#2316 = ADVANCED_FACE('',(#2317),#1351,.T.);
#2317 = FACE_BOUND('',#2318,.T.);
#2318 = EDGE_LOOP('',(#2319,#2362,#2390,#2431));
#2319 = ORIENTED_EDGE('',*,*,#2320,.F.);
#2320 = EDGE_CURVE('',#2321,#1336,#2323,.T.);
#2321 = VERTEX_POINT('',#2322);
#2322 = CARTESIAN_POINT('',(5.478104631727E-04,0.1,0.680212068398));
#2323 = SURFACE_CURVE('',#2324,(#2332,#2338),.PCURVE_S1.);
#2324 = ( BOUNDED_CURVE() B_SPLINE_CURVE(6,(#2325,#2326,#2327,#2328,
#2329,#2330,#2331),.UNSPECIFIED.,.F.,.F.) B_SPLINE_CURVE_WITH_KNOTS((7,7
),(0.,0.10471975512),.PIECEWISE_BEZIER_KNOTS.) CURVE() 
GEOMETRIC_REPRESENTATION_ITEM() RATIONAL_B_SPLINE_CURVE((1.000137088577,
    1.00004568784,0.999990860763,0.999972587294,0.999990860763,
1.00004568784,1.000137088577)) REPRESENTATION_ITEM('') );
#2325 = CARTESIAN_POINT('',(5.478104631727E-04,0.1,0.680212068398));
#2326 = CARTESIAN_POINT('',(3.653572044893E-04,0.1,0.678476141599));
#2327 = CARTESIAN_POINT('',(2.192831180767E-04,0.1,0.67673658371));
#2328 = CARTESIAN_POINT('',(1.096652759717E-04,0.1,0.674994252686));
#2329 = CARTESIAN_POINT('',(3.655943564763E-05,0.1,0.67325000815));
#2330 = CARTESIAN_POINT('',(1.387778780781E-16,0.1,0.671504710841));
#2331 = CARTESIAN_POINT('',(1.387778780781E-17,0.1,0.669759222072));
#2332 = PCURVE('',#1351,#2333);
#2333 = DEFINITIONAL_REPRESENTATION('',(#2334),#2337);
#2334 = B_SPLINE_CURVE_WITH_KNOTS('',1,(#2335,#2336),.UNSPECIFIED.,.F.,
  .F.,(2,2),(0.,0.10471975512),.PIECEWISE_BEZIER_KNOTS.);
#2335 = CARTESIAN_POINT('',(0.10471975512,0.1));
#2336 = CARTESIAN_POINT('',(0.,1.E-01));
#2337 = ( GEOMETRIC_REPRESENTATION_CONTEXT(2) 
PARAMETRIC_REPRESENTATION_CONTEXT() REPRESENTATION_CONTEXT('2D SPACE',''
  ) );
#2338 = PCURVE('',#2208,#2339);
#2339 = DEFINITIONAL_REPRESENTATION('',(#2340),#2361);
#2340 = B_SPLINE_CURVE_WITH_KNOTS('',10,(#2341,#2342,#2343,#2344,#2345,
    #2346,#2347,#2348,#2349,#2350,#2351,#2352,#2353,#2354,#2355,#2356,
    #2357,#2358,#2359,#2360),.UNSPECIFIED.,.F.,.F.,(11,9,11),(0.,
    5.235987755983E-02,0.10471975512),.UNSPECIFIED.);
#2341 = CARTESIAN_POINT('',(-7.032331762534E-02,4.905248836783E-03));
#2342 = CARTESIAN_POINT('',(-7.036203805826E-02,4.383162923464E-03));
#2343 = CARTESIAN_POINT('',(-7.039861864171E-02,3.860735352222E-03));
#2344 = CARTESIAN_POINT('',(-7.043303962072E-02,3.338287548217E-03));
#2345 = CARTESIAN_POINT('',(-7.046529621207E-02,2.815920556046E-03));
#2346 = CARTESIAN_POINT('',(-7.049539363426E-02,2.293584277663E-03));
#2347 = CARTESIAN_POINT('',(-7.052334213605E-02,1.771146710255E-03));
#2348 = CARTESIAN_POINT('',(-7.054915202681E-02,1.248463184173E-03));
#2349 = CARTESIAN_POINT('',(-7.057282870501E-02,7.254456008001E-04));
#2350 = CARTESIAN_POINT('',(-7.059436768823E-02,2.021316704791E-04));
#2351 = CARTESIAN_POINT('',(-7.063313159616E-02,-8.446233696866E-04));
#2352 = CARTESIAN_POINT('',(-7.065036874288E-02,-1.365288097838E-03));
#2353 = CARTESIAN_POINT('',(-7.066534929799E-02,-1.903797436022E-03));
#2354 = CARTESIAN_POINT('',(-7.067854623005E-02,-2.383876299115E-03));
#2355 = CARTESIAN_POINT('',(-7.068887151261E-02,-2.98471424809E-03));
#2356 = CARTESIAN_POINT('',(-7.069792481302E-02,-3.414188702539E-03));
#2357 = CARTESIAN_POINT('',(-7.0704125523E-02,-4.01442211288E-03));
#2358 = CARTESIAN_POINT('',(-7.070852492072E-02,-4.496305294067E-03));
#2359 = CARTESIAN_POINT('',(-7.071067811866E-02,-5.031651675779E-03));
#2360 = CARTESIAN_POINT('',(-7.071067811865E-02,-5.554770144435E-03));
#2361 = ( GEOMETRIC_REPRESENTATION_CONTEXT(2) 
PARAMETRIC_REPRESENTATION_CONTEXT() REPRESENTATION_CONTEXT('2D SPACE',''
  ) );
#2362 = ORIENTED_EDGE('',*,*,#2363,.T.);
#2363 = EDGE_CURVE('',#2321,#2364,#2366,.T.);
#2364 = VERTEX_POINT('',#2365);
#2365 = CARTESIAN_POINT('',(5.478104631727E-04,22.3,0.680212068398));
#2366 = SURFACE_CURVE('',#2367,(#2371,#2378),.PCURVE_S1.);
#2367 = LINE('',#2368,#2369);
#2368 = CARTESIAN_POINT('',(5.478104631727E-04,0.,0.680212068398));
#2369 = VECTOR('',#2370,1.);
#2370 = DIRECTION('',(0.,1.,-0.));
#2371 = PCURVE('',#1351,#2372);
#2372 = DEFINITIONAL_REPRESENTATION('',(#2373),#2377);
#2373 = LINE('',#2374,#2375);
#2374 = CARTESIAN_POINT('',(0.10471975512,0.));
#2375 = VECTOR('',#2376,1.);
#2376 = DIRECTION('',(0.,1.));
#2377 = ( GEOMETRIC_REPRESENTATION_CONTEXT(2) 
PARAMETRIC_REPRESENTATION_CONTEXT() REPRESENTATION_CONTEXT('2D SPACE',''
  ) );
#2378 = PCURVE('',#2379,#2384);
#2379 = PLANE('',#2380);
#2380 = AXIS2_PLACEMENT_3D('',#2381,#2382,#2383);
#2381 = CARTESIAN_POINT('',(0.,0.,0.675));
#2382 = DIRECTION('',(-0.994521895368,0.,0.104528463268));
#2383 = DIRECTION('',(0.,1.,0.));
#2384 = DEFINITIONAL_REPRESENTATION('',(#2385),#2389);
#2385 = LINE('',#2386,#2387);
#2386 = CARTESIAN_POINT('',(0.,-5.240777928305E-03));
#2387 = VECTOR('',#2388,1.);
#2388 = DIRECTION('',(1.,0.));
#2389 = ( GEOMETRIC_REPRESENTATION_CONTEXT(2) 
PARAMETRIC_REPRESENTATION_CONTEXT() REPRESENTATION_CONTEXT('2D SPACE',''
  ) );
#2390 = ORIENTED_EDGE('',*,*,#2391,.F.);
#2391 = EDGE_CURVE('',#1313,#2364,#2392,.T.);
#2392 = SURFACE_CURVE('',#2393,(#2401,#2407),.PCURVE_S1.);
#2393 = ( BOUNDED_CURVE() B_SPLINE_CURVE(6,(#2394,#2395,#2396,#2397,
#2398,#2399,#2400),.UNSPECIFIED.,.F.,.F.) B_SPLINE_CURVE_WITH_KNOTS((7,7
),(0.,0.10471975512),.PIECEWISE_BEZIER_KNOTS.) CURVE() 
GEOMETRIC_REPRESENTATION_ITEM() RATIONAL_B_SPLINE_CURVE((1.000137088577,
    1.00004568784,0.999990860763,0.999972587294,0.999990860763,
1.00004568784,1.000137088577)) REPRESENTATION_ITEM('') );
#2394 = CARTESIAN_POINT('',(1.387778780781E-17,22.3,0.669759222072));
#2395 = CARTESIAN_POINT('',(1.387778780781E-16,22.3,0.671504710841));
#2396 = CARTESIAN_POINT('',(3.655943564763E-05,22.3,0.67325000815));
#2397 = CARTESIAN_POINT('',(1.096652759717E-04,22.3,0.674994252686));
#2398 = CARTESIAN_POINT('',(2.192831180767E-04,22.3,0.67673658371));
#2399 = CARTESIAN_POINT('',(3.653572044893E-04,22.3,0.678476141599));
#2400 = CARTESIAN_POINT('',(5.478104631727E-04,22.3,0.680212068398));
#2401 = PCURVE('',#1351,#2402);
#2402 = DEFINITIONAL_REPRESENTATION('',(#2403),#2406);
#2403 = B_SPLINE_CURVE_WITH_KNOTS('',1,(#2404,#2405),.UNSPECIFIED.,.F.,
  .F.,(2,2),(0.,0.10471975512),.PIECEWISE_BEZIER_KNOTS.);
#2404 = CARTESIAN_POINT('',(0.,22.3));
#2405 = CARTESIAN_POINT('',(0.10471975512,22.3));
#2406 = ( GEOMETRIC_REPRESENTATION_CONTEXT(2) 
PARAMETRIC_REPRESENTATION_CONTEXT() REPRESENTATION_CONTEXT('2D SPACE',''
  ) );
#2407 = PCURVE('',#1766,#2408);
#2408 = DEFINITIONAL_REPRESENTATION('',(#2409),#2430);
#2409 = B_SPLINE_CURVE_WITH_KNOTS('',10,(#2410,#2411,#2412,#2413,#2414,
    #2415,#2416,#2417,#2418,#2419,#2420,#2421,#2422,#2423,#2424,#2425,
    #2426,#2427,#2428,#2429),.UNSPECIFIED.,.F.,.F.,(11,9,11),(0.,
    5.235987755983E-02,0.10471975512),.UNSPECIFIED.);
#2410 = CARTESIAN_POINT('',(-7.071067811866E-02,5.554770144435E-03));
#2411 = CARTESIAN_POINT('',(-7.071067811867E-02,5.031651675778E-03));
#2412 = CARTESIAN_POINT('',(-7.070852492072E-02,4.49630529399E-03));
#2413 = CARTESIAN_POINT('',(-7.070412552304E-02,4.014422113071E-03));
#2414 = CARTESIAN_POINT('',(-7.0697924813E-02,3.414188702243E-03));
#2415 = CARTESIAN_POINT('',(-7.068887151264E-02,2.984714248378E-03));
#2416 = CARTESIAN_POINT('',(-7.067854623005E-02,2.383876298928E-03));
#2417 = CARTESIAN_POINT('',(-7.066534929799E-02,1.903797436093E-03));
#2418 = CARTESIAN_POINT('',(-7.06503687429E-02,1.365288097822E-03));
#2419 = CARTESIAN_POINT('',(-7.063313159616E-02,8.446233696847E-04));
#2420 = CARTESIAN_POINT('',(-7.059436768824E-02,-2.02131670482E-04));
#2421 = CARTESIAN_POINT('',(-7.057282870501E-02,-7.254456008022E-04));
#2422 = CARTESIAN_POINT('',(-7.054915202683E-02,-1.248463184174E-03));
#2423 = CARTESIAN_POINT('',(-7.052334213604E-02,-1.771146710256E-03));
#2424 = CARTESIAN_POINT('',(-7.049539363427E-02,-2.293584277664E-03));
#2425 = CARTESIAN_POINT('',(-7.046529621207E-02,-2.815920556047E-03));
#2426 = CARTESIAN_POINT('',(-7.043303962073E-02,-3.338287548218E-03));
#2427 = CARTESIAN_POINT('',(-7.039861864172E-02,-3.860735352224E-03));
#2428 = CARTESIAN_POINT('',(-7.036203805826E-02,-4.383162923464E-03));
#2429 = CARTESIAN_POINT('',(-7.032331762534E-02,-4.905248836784E-03));
#2430 = ( GEOMETRIC_REPRESENTATION_CONTEXT(2) 
PARAMETRIC_REPRESENTATION_CONTEXT() REPRESENTATION_CONTEXT('2D SPACE',''
  ) );
#2431 = ORIENTED_EDGE('',*,*,#1335,.F.);
#2432 = ADVANCED_FACE('',(#2433),#1402,.T.);
#2433 = FACE_BOUND('',#2434,.T.);
#2434 = EDGE_LOOP('',(#2435,#2436,#2437,#2462));
#2435 = ORIENTED_EDGE('',*,*,#1388,.F.);
#2436 = ORIENTED_EDGE('',*,*,#1418,.T.);
#2437 = ORIENTED_EDGE('',*,*,#2438,.T.);
#2438 = EDGE_CURVE('',#1419,#1495,#2439,.T.);
#2439 = SURFACE_CURVE('',#2440,(#2445,#2451),.PCURVE_S1.);
#2440 = CIRCLE('',#2441,0.1);
#2441 = AXIS2_PLACEMENT_3D('',#2442,#2443,#2444);
#2442 = CARTESIAN_POINT('',(10.154779872056,0.145220127944,0.15));
#2443 = DIRECTION('',(-1.,0.,0.));
#2444 = DIRECTION('',(0.,-1.,0.));
#2445 = PCURVE('',#1402,#2446);
#2446 = DEFINITIONAL_REPRESENTATION('',(#2447),#2450);
#2447 = B_SPLINE_CURVE_WITH_KNOTS('',1,(#2448,#2449),.UNSPECIFIED.,.F.,
  .F.,(2,2),(4.712388980385,6.17846555206),.PIECEWISE_BEZIER_KNOTS.);
#2448 = CARTESIAN_POINT('',(1.466076571675,10.099600148541));
#2449 = CARTESIAN_POINT('',(0.,10.099600148541));
#2450 = ( GEOMETRIC_REPRESENTATION_CONTEXT(2) 
PARAMETRIC_REPRESENTATION_CONTEXT() REPRESENTATION_CONTEXT('2D SPACE',''
  ) );
#2451 = PCURVE('',#2452,#2457);
#2452 = SPHERICAL_SURFACE('',#2453,0.1);
#2453 = AXIS2_PLACEMENT_3D('',#2454,#2455,#2456);
#2454 = CARTESIAN_POINT('',(10.154779872056,0.145220127944,0.15));
#2455 = DIRECTION('',(0.,0.,1.));
#2456 = DIRECTION('',(0.,-1.,0.));
#2457 = DEFINITIONAL_REPRESENTATION('',(#2458),#2461);
#2458 = B_SPLINE_CURVE_WITH_KNOTS('',1,(#2459,#2460),.UNSPECIFIED.,.F.,
  .F.,(2,2),(4.712388980385,6.17846555206),.PIECEWISE_BEZIER_KNOTS.);
#2459 = CARTESIAN_POINT('',(0.,-1.570796326795));
#2460 = CARTESIAN_POINT('',(0.,-0.10471975512));
#2461 = ( GEOMETRIC_REPRESENTATION_CONTEXT(2) 
PARAMETRIC_REPRESENTATION_CONTEXT() REPRESENTATION_CONTEXT('2D SPACE',''
  ) );
#2462 = ORIENTED_EDGE('',*,*,#1494,.F.);
#2463 = ADVANCED_FACE('',(#2464),#1457,.T.);
#2464 = FACE_BOUND('',#2465,.F.);
#2465 = EDGE_LOOP('',(#2466,#2488,#2509,#2529));
#2466 = ORIENTED_EDGE('',*,*,#2467,.T.);
#2467 = EDGE_CURVE('',#1419,#2468,#2470,.T.);
#2468 = VERTEX_POINT('',#2469);
#2469 = CARTESIAN_POINT('',(10.254232061593,0.145220127944,
    0.139547153673));
#2470 = SURFACE_CURVE('',#2471,(#2476,#2482),.PCURVE_S1.);
#2471 = CIRCLE('',#2472,0.1);
#2472 = AXIS2_PLACEMENT_3D('',#2473,#2474,#2475);
#2473 = CARTESIAN_POINT('',(10.154779872056,0.145220127944,0.15));
#2474 = DIRECTION('',(3.828568698927E-16,-1.,0.));
#2475 = DIRECTION('',(1.,3.828568698927E-16,0.));
#2476 = PCURVE('',#1457,#2477);
#2477 = DEFINITIONAL_REPRESENTATION('',(#2478),#2481);
#2478 = B_SPLINE_CURVE_WITH_KNOTS('',1,(#2479,#2480),.UNSPECIFIED.,.F.,
  .F.,(2,2),(4.712388980385,6.17846555206),.PIECEWISE_BEZIER_KNOTS.);
#2479 = CARTESIAN_POINT('',(0.,9.004040442978E-02));
#2480 = CARTESIAN_POINT('',(-1.466076571675,9.004040442978E-02));
#2481 = ( GEOMETRIC_REPRESENTATION_CONTEXT(2) 
PARAMETRIC_REPRESENTATION_CONTEXT() REPRESENTATION_CONTEXT('2D SPACE',''
  ) );
#2482 = PCURVE('',#2452,#2483);
#2483 = DEFINITIONAL_REPRESENTATION('',(#2484),#2487);
#2484 = B_SPLINE_CURVE_WITH_KNOTS('',1,(#2485,#2486),.UNSPECIFIED.,.F.,
  .F.,(2,2),(4.712388980385,6.17846555206),.PIECEWISE_BEZIER_KNOTS.);
#2485 = CARTESIAN_POINT('',(1.570796326795,-1.570796326795));
#2486 = CARTESIAN_POINT('',(1.570796326795,-0.10471975512));
#2487 = ( GEOMETRIC_REPRESENTATION_CONTEXT(2) 
PARAMETRIC_REPRESENTATION_CONTEXT() REPRESENTATION_CONTEXT('2D SPACE',''
  ) );
#2488 = ORIENTED_EDGE('',*,*,#2489,.T.);
#2489 = EDGE_CURVE('',#2468,#1953,#2490,.T.);
#2490 = SURFACE_CURVE('',#2491,(#2495,#2502),.PCURVE_S1.);
#2491 = LINE('',#2492,#2493);
#2492 = CARTESIAN_POINT('',(10.254232061593,5.517972351448E-02,
    0.139547153673));
#2493 = VECTOR('',#2494,1.);
#2494 = DIRECTION('',(-0.,1.,-0.));
#2495 = PCURVE('',#1457,#2496);
#2496 = DEFINITIONAL_REPRESENTATION('',(#2497),#2501);
#2497 = LINE('',#2498,#2499);
#2498 = CARTESIAN_POINT('',(-1.466076571675,0.));
#2499 = VECTOR('',#2500,1.);
#2500 = DIRECTION('',(-0.,1.));
#2501 = ( GEOMETRIC_REPRESENTATION_CONTEXT(2) 
PARAMETRIC_REPRESENTATION_CONTEXT() REPRESENTATION_CONTEXT('2D SPACE',''
  ) );
#2502 = PCURVE('',#1968,#2503);
#2503 = DEFINITIONAL_REPRESENTATION('',(#2504),#2508);
#2504 = LINE('',#2505,#2506);
#2505 = CARTESIAN_POINT('',(5.517972351448E-02,-0.437851442341));
#2506 = VECTOR('',#2507,1.);
#2507 = DIRECTION('',(1.,0.));
#2508 = ( GEOMETRIC_REPRESENTATION_CONTEXT(2) 
PARAMETRIC_REPRESENTATION_CONTEXT() REPRESENTATION_CONTEXT('2D SPACE',''
  ) );
#2509 = ORIENTED_EDGE('',*,*,#2510,.F.);
#2510 = EDGE_CURVE('',#1442,#1953,#2511,.T.);
#2511 = SURFACE_CURVE('',#2512,(#2517,#2523),.PCURVE_S1.);
#2512 = CIRCLE('',#2513,0.1);
#2513 = AXIS2_PLACEMENT_3D('',#2514,#2515,#2516);
#2514 = CARTESIAN_POINT('',(10.154779872056,22.254779872056,0.15));
#2515 = DIRECTION('',(6.123233995737E-17,-1.,3.552713678801E-14));
#2516 = DIRECTION('',(1.,6.123233995737E-17,-2.175409717515E-30));
#2517 = PCURVE('',#1457,#2518);
#2518 = DEFINITIONAL_REPRESENTATION('',(#2519),#2522);
#2519 = B_SPLINE_CURVE_WITH_KNOTS('',1,(#2520,#2521),.UNSPECIFIED.,.F.,
  .F.,(2,2),(4.712388980385,6.17846555206),.PIECEWISE_BEZIER_KNOTS.);
#2520 = CARTESIAN_POINT('',(0.,22.199600148541));
#2521 = CARTESIAN_POINT('',(-1.466076571675,22.199600148541));
#2522 = ( GEOMETRIC_REPRESENTATION_CONTEXT(2) 
PARAMETRIC_REPRESENTATION_CONTEXT() REPRESENTATION_CONTEXT('2D SPACE',''
  ) );
#2523 = PCURVE('',#1894,#2524);
#2524 = DEFINITIONAL_REPRESENTATION('',(#2525),#2528);
#2525 = B_SPLINE_CURVE_WITH_KNOTS('',1,(#2526,#2527),.UNSPECIFIED.,.F.,
  .F.,(2,2),(4.712388980385,6.17846555206),.PIECEWISE_BEZIER_KNOTS.);
#2526 = CARTESIAN_POINT('',(-1.570796326795,-1.570796326795));
#2527 = CARTESIAN_POINT('',(-1.570796326795,-0.10471975512));
#2528 = ( GEOMETRIC_REPRESENTATION_CONTEXT(2) 
PARAMETRIC_REPRESENTATION_CONTEXT() REPRESENTATION_CONTEXT('2D SPACE',''
  ) );
#2529 = ORIENTED_EDGE('',*,*,#1441,.F.);
#2530 = ADVANCED_FACE('',(#2531),#1533,.T.);
#2531 = FACE_BOUND('',#2532,.F.);
#2532 = EDGE_LOOP('',(#2533,#2576,#2597,#2624));
#2533 = ORIENTED_EDGE('',*,*,#2534,.T.);
#2534 = EDGE_CURVE('',#1518,#2535,#2537,.T.);
#2535 = VERTEX_POINT('',#2536);
#2536 = CARTESIAN_POINT('',(10.299452189537,0.1,0.569787931602));
#2537 = SURFACE_CURVE('',#2538,(#2546,#2552),.PCURVE_S1.);
#2538 = ( BOUNDED_CURVE() B_SPLINE_CURVE(6,(#2539,#2540,#2541,#2542,
#2543,#2544,#2545),.UNSPECIFIED.,.F.,.F.) B_SPLINE_CURVE_WITH_KNOTS((7,7
),(0.,1.559869909752),.PIECEWISE_BEZIER_KNOTS.) CURVE() 
GEOMETRIC_REPRESENTATION_ITEM() RATIONAL_B_SPLINE_CURVE((1.030950613501,
    1.009890100201,0.997953445068,0.994040710927,0.997953445068,
1.009890100201,1.030950613501)) REPRESENTATION_ITEM('') );
#2539 = CARTESIAN_POINT('',(10.2,5.478104631727E-04,0.569787931602));
#2540 = CARTESIAN_POINT('',(10.226396068307,8.362191750262E-04,
    0.567043906005));
#2541 = CARTESIAN_POINT('',(10.252114481755,9.450074782514E-03,
    0.565246144534));
#2542 = CARTESIAN_POINT('',(10.274311721695,2.568827830487E-02,
    0.564619824568));
#2543 = CARTESIAN_POINT('',(10.290549925217,4.788551824518E-02,
    0.565246144534));
#2544 = CARTESIAN_POINT('',(10.299163780825,7.360393169276E-02,
    0.567043906005));
#2545 = CARTESIAN_POINT('',(10.299452189537,0.1,0.569787931602));
#2546 = PCURVE('',#1533,#2547);
#2547 = DEFINITIONAL_REPRESENTATION('',(#2548),#2551);
#2548 = B_SPLINE_CURVE_WITH_KNOTS('',1,(#2549,#2550),.UNSPECIFIED.,.F.,
  .F.,(2,2),(0.,1.559869909752),.PIECEWISE_BEZIER_KNOTS.);
#2549 = CARTESIAN_POINT('',(0.,1.560858465792E-02));
#2550 = CARTESIAN_POINT('',(-1.559869909752,1.560858465792E-02));
#2551 = ( GEOMETRIC_REPRESENTATION_CONTEXT(2) 
PARAMETRIC_REPRESENTATION_CONTEXT() REPRESENTATION_CONTEXT('2D SPACE',''
  ) );
#2552 = PCURVE('',#2057,#2553);
#2553 = DEFINITIONAL_REPRESENTATION('',(#2554),#2575);
#2554 = B_SPLINE_CURVE_WITH_KNOTS('',10,(#2555,#2556,#2557,#2558,#2559,
    #2560,#2561,#2562,#2563,#2564,#2565,#2566,#2567,#2568,#2569,#2570,
    #2571,#2572,#2573,#2574),.UNSPECIFIED.,.F.,.F.,(11,9,11),(0.,
    0.779934954876,1.559869909752),.UNSPECIFIED.);
#2555 = CARTESIAN_POINT('',(-7.032331762535E-02,4.905248836783E-03));
#2556 = CARTESIAN_POINT('',(-6.476262599349E-02,5.508294783565E-03));
#2557 = CARTESIAN_POINT('',(-5.873657188356E-02,6.057003397412E-03));
#2558 = CARTESIAN_POINT('',(-5.24832213537E-02,6.530329093058E-03));
#2559 = CARTESIAN_POINT('',(-4.520567606814E-02,7.005227063632E-03));
#2560 = CARTESIAN_POINT('',(-3.857141001339E-02,7.308626371932E-03));
#2561 = CARTESIAN_POINT('',(-3.07797169666E-02,7.649633001613E-03));
#2562 = CARTESIAN_POINT('',(-2.339490280468E-02,7.844273664289E-03));
#2563 = CARTESIAN_POINT('',(-1.558534150617E-02,8.001448212703E-03));
#2564 = CARTESIAN_POINT('',(-7.800522236557E-03,8.07397212524E-03));
#2565 = CARTESIAN_POINT('',(7.800522236553E-03,8.07397212524E-03));
#2566 = CARTESIAN_POINT('',(1.558534150628E-02,8.001448212689E-03));
#2567 = CARTESIAN_POINT('',(2.339490280415E-02,7.844273664359E-03));
#2568 = CARTESIAN_POINT('',(3.077971696793E-02,7.649633001439E-03));
#2569 = CARTESIAN_POINT('',(3.857141001131E-02,7.30862637219E-03));
#2570 = CARTESIAN_POINT('',(4.520567607016E-02,7.005227063383E-03));
#2571 = CARTESIAN_POINT('',(5.248322135235E-02,6.530329093215E-03));
#2572 = CARTESIAN_POINT('',(5.87365718841E-02,6.057003397352E-03));
#2573 = CARTESIAN_POINT('',(6.476262599344E-02,5.508294783567E-03));
#2574 = CARTESIAN_POINT('',(7.032331762533E-02,4.905248836783E-03));
#2575 = ( GEOMETRIC_REPRESENTATION_CONTEXT(2) 
PARAMETRIC_REPRESENTATION_CONTEXT() REPRESENTATION_CONTEXT('2D SPACE',''
  ) );
#2576 = ORIENTED_EDGE('',*,*,#2577,.T.);
#2577 = EDGE_CURVE('',#2535,#2468,#2578,.T.);
#2578 = SURFACE_CURVE('',#2579,(#2583,#2590),.PCURVE_S1.);
#2579 = LINE('',#2580,#2581);
#2580 = CARTESIAN_POINT('',(10.301074890014,9.837729952288E-02,
    0.585226895341));
#2581 = VECTOR('',#2582,1.);
#2582 = DIRECTION('',(-0.103962051184,0.103962051184,-0.989132844378));
#2583 = PCURVE('',#1533,#2584);
#2584 = DEFINITIONAL_REPRESENTATION('',(#2585),#2589);
#2585 = LINE('',#2586,#2587);
#2586 = CARTESIAN_POINT('',(-1.559869909752,0.));
#2587 = VECTOR('',#2588,1.);
#2588 = DIRECTION('',(-0.,1.));
#2589 = ( GEOMETRIC_REPRESENTATION_CONTEXT(2) 
PARAMETRIC_REPRESENTATION_CONTEXT() REPRESENTATION_CONTEXT('2D SPACE',''
  ) );
#2590 = PCURVE('',#1968,#2591);
#2591 = DEFINITIONAL_REPRESENTATION('',(#2592),#2596);
#2592 = LINE('',#2593,#2594);
#2593 = CARTESIAN_POINT('',(9.837729952288E-02,1.028322793955E-02));
#2594 = VECTOR('',#2595,1.);
#2595 = DIRECTION('',(0.103962051184,-0.99458126461));
#2596 = ( GEOMETRIC_REPRESENTATION_CONTEXT(2) 
PARAMETRIC_REPRESENTATION_CONTEXT() REPRESENTATION_CONTEXT('2D SPACE',''
  ) );
#2597 = ORIENTED_EDGE('',*,*,#2598,.F.);
#2598 = EDGE_CURVE('',#1495,#2468,#2599,.T.);
#2599 = SURFACE_CURVE('',#2600,(#2605,#2612),.PCURVE_S1.);
#2600 = CIRCLE('',#2601,0.1);
#2601 = AXIS2_PLACEMENT_3D('',#2602,#2603,#2604);
#2602 = CARTESIAN_POINT('',(10.154779872056,0.145220127944,0.15));
#2603 = DIRECTION('',(0.103962051184,-0.103962051184,0.989132844378));
#2604 = DIRECTION('',(1.734723475977E-18,-0.994521895368,-0.104528463268
    ));
#2605 = PCURVE('',#1533,#2606);
#2606 = DEFINITIONAL_REPRESENTATION('',(#2607),#2611);
#2607 = LINE('',#2608,#2609);
#2608 = CARTESIAN_POINT('',(-0.,0.450576223609));
#2609 = VECTOR('',#2610,1.);
#2610 = DIRECTION('',(-1.,3.558703894743E-17));
#2611 = ( GEOMETRIC_REPRESENTATION_CONTEXT(2) 
PARAMETRIC_REPRESENTATION_CONTEXT() REPRESENTATION_CONTEXT('2D SPACE',''
  ) );
#2612 = PCURVE('',#2452,#2613);
#2613 = DEFINITIONAL_REPRESENTATION('',(#2614),#2623);
#2614 = B_SPLINE_CURVE_WITH_KNOTS('',7,(#2615,#2616,#2617,#2618,#2619,
    #2620,#2621,#2622),.UNSPECIFIED.,.F.,.F.,(8,8),(0.,1.559869909752),
  .PIECEWISE_BEZIER_KNOTS.);
#2615 = CARTESIAN_POINT('',(0.,-0.10471975512));
#2616 = CARTESIAN_POINT('',(0.222851861165,-0.127886508748));
#2617 = CARTESIAN_POINT('',(0.446970298262,-0.145028818012));
#2618 = CARTESIAN_POINT('',(0.672359144982,-0.154236246574));
#2619 = CARTESIAN_POINT('',(0.898437181813,-0.154236246574));
#2620 = CARTESIAN_POINT('',(1.123826028533,-0.145028818012));
#2621 = CARTESIAN_POINT('',(1.347944465629,-0.127886508748));
#2622 = CARTESIAN_POINT('',(1.570796326795,-0.10471975512));
#2623 = ( GEOMETRIC_REPRESENTATION_CONTEXT(2) 
PARAMETRIC_REPRESENTATION_CONTEXT() REPRESENTATION_CONTEXT('2D SPACE',''
  ) );
#2624 = ORIENTED_EDGE('',*,*,#1517,.F.);
#2625 = ADVANCED_FACE('',(#2626),#1586,.T.);
#2626 = FACE_BOUND('',#2627,.T.);
#2627 = EDGE_LOOP('',(#2628,#2629,#2630,#2658));
#2628 = ORIENTED_EDGE('',*,*,#1570,.F.);
#2629 = ORIENTED_EDGE('',*,*,#1726,.T.);
#2630 = ORIENTED_EDGE('',*,*,#2631,.T.);
#2631 = EDGE_CURVE('',#1727,#2632,#2634,.T.);
#2632 = VERTEX_POINT('',#2633);
#2633 = CARTESIAN_POINT('',(10.2,22.4,0.669759222072));
#2634 = SURFACE_CURVE('',#2635,(#2639,#2646),.PCURVE_S1.);
#2635 = LINE('',#2636,#2637);
#2636 = CARTESIAN_POINT('',(1.387778780781E-17,22.4,0.669759222072));
#2637 = VECTOR('',#2638,1.);
#2638 = DIRECTION('',(1.,0.,0.));
#2639 = PCURVE('',#1586,#2640);
#2640 = DEFINITIONAL_REPRESENTATION('',(#2641),#2645);
#2641 = LINE('',#2642,#2643);
#2642 = CARTESIAN_POINT('',(9.475922207171E-02,1.387778780781E-17));
#2643 = VECTOR('',#2644,1.);
#2644 = DIRECTION('',(0.,1.));
#2645 = ( GEOMETRIC_REPRESENTATION_CONTEXT(2) 
PARAMETRIC_REPRESENTATION_CONTEXT() REPRESENTATION_CONTEXT('2D SPACE',''
  ) );
#2646 = PCURVE('',#2647,#2652);
#2647 = CYLINDRICAL_SURFACE('',#2648,0.1);
#2648 = AXIS2_PLACEMENT_3D('',#2649,#2650,#2651);
#2649 = CARTESIAN_POINT('',(1.387778780781E-17,22.3,0.669759222072));
#2650 = DIRECTION('',(1.,0.,0.));
#2651 = DIRECTION('',(-0.,1.,0.));
#2652 = DEFINITIONAL_REPRESENTATION('',(#2653),#2657);
#2653 = LINE('',#2654,#2655);
#2654 = CARTESIAN_POINT('',(0.,0.));
#2655 = VECTOR('',#2656,1.);
#2656 = DIRECTION('',(0.,1.));
#2657 = ( GEOMETRIC_REPRESENTATION_CONTEXT(2) 
PARAMETRIC_REPRESENTATION_CONTEXT() REPRESENTATION_CONTEXT('2D SPACE',''
  ) );
#2658 = ORIENTED_EDGE('',*,*,#2659,.F.);
#2659 = EDGE_CURVE('',#1571,#2632,#2660,.T.);
#2660 = SURFACE_CURVE('',#2661,(#2665,#2672),.PCURVE_S1.);
#2661 = LINE('',#2662,#2663);
#2662 = CARTESIAN_POINT('',(10.2,22.4,0.575));
#2663 = VECTOR('',#2664,1.);
#2664 = DIRECTION('',(0.,0.,1.));
#2665 = PCURVE('',#1586,#2666);
#2666 = DEFINITIONAL_REPRESENTATION('',(#2667),#2671);
#2667 = LINE('',#2668,#2669);
#2668 = CARTESIAN_POINT('',(0.,10.2));
#2669 = VECTOR('',#2670,1.);
#2670 = DIRECTION('',(1.,0.));
#2671 = ( GEOMETRIC_REPRESENTATION_CONTEXT(2) 
PARAMETRIC_REPRESENTATION_CONTEXT() REPRESENTATION_CONTEXT('2D SPACE',''
  ) );
#2672 = PCURVE('',#2673,#2678);
#2673 = CYLINDRICAL_SURFACE('',#2674,0.1);
#2674 = AXIS2_PLACEMENT_3D('',#2675,#2676,#2677);
#2675 = CARTESIAN_POINT('',(10.2,22.3,0.575));
#2676 = DIRECTION('',(0.,0.,1.));
#2677 = DIRECTION('',(-0.,1.,0.));
#2678 = DEFINITIONAL_REPRESENTATION('',(#2679),#2683);
#2679 = LINE('',#2680,#2681);
#2680 = CARTESIAN_POINT('',(-0.,0.));
#2681 = VECTOR('',#2682,1.);
#2682 = DIRECTION('',(-0.,1.));
#2683 = ( GEOMETRIC_REPRESENTATION_CONTEXT(2) 
PARAMETRIC_REPRESENTATION_CONTEXT() REPRESENTATION_CONTEXT('2D SPACE',''
  ) );
#2684 = ADVANCED_FACE('',(#2685),#1615,.T.);
#2685 = FACE_BOUND('',#2686,.T.);
#2686 = EDGE_LOOP('',(#2687,#2688,#2689,#2734));
#2687 = ORIENTED_EDGE('',*,*,#1909,.F.);
#2688 = ORIENTED_EDGE('',*,*,#1598,.F.);
#2689 = ORIENTED_EDGE('',*,*,#2690,.F.);
#2690 = EDGE_CURVE('',#2691,#1571,#2693,.T.);
#2691 = VERTEX_POINT('',#2692);
#2692 = CARTESIAN_POINT('',(10.3,22.3,0.580240777928));
#2693 = SURFACE_CURVE('',#2694,(#2702,#2728),.PCURVE_S1.);
#2694 = ( BOUNDED_CURVE() B_SPLINE_CURVE(6,(#2695,#2696,#2697,#2698,
#2699,#2700,#2701),.UNSPECIFIED.,.F.,.F.) B_SPLINE_CURVE_WITH_KNOTS((7,7
),(0.,1.570796326795),.PIECEWISE_BEZIER_KNOTS.) CURVE() 
GEOMETRIC_REPRESENTATION_ITEM() RATIONAL_B_SPLINE_CURVE((1.031393471788,
    1.010025407661,0.997924642725,0.993958444137,0.997924642725,
1.010025407661,1.031393471788)) REPRESENTATION_ITEM('') );
#2695 = CARTESIAN_POINT('',(10.3,22.3,0.580240777928));
#2696 = CARTESIAN_POINT('',(10.3,22.326733678315,0.580240777928));
#2697 = CARTESIAN_POINT('',(10.291499564937,22.352770857258,
    0.580240777928));
#2698 = CARTESIAN_POINT('',(10.27519195132,22.37519195132,0.580240777928
    ));
#2699 = CARTESIAN_POINT('',(10.252770857258,22.391499564937,
    0.580240777928));
#2700 = CARTESIAN_POINT('',(10.226733678315,22.4,0.580240777928));
#2701 = CARTESIAN_POINT('',(10.2,22.4,0.580240777928));
#2702 = PCURVE('',#1615,#2703);
#2703 = DEFINITIONAL_REPRESENTATION('',(#2704),#2727);
#2704 = B_SPLINE_CURVE_WITH_KNOTS('',11,(#2705,#2706,#2707,#2708,#2709,
    #2710,#2711,#2712,#2713,#2714,#2715,#2716,#2717,#2718,#2719,#2720,
    #2721,#2722,#2723,#2724,#2725,#2726),.UNSPECIFIED.,.F.,.F.,(12,10,12
    ),(0.,0.785398163397,1.570796326795),.UNSPECIFIED.);
#2705 = CARTESIAN_POINT('',(7.071067811863E-02,-5.554770144436E-03));
#2706 = CARTESIAN_POINT('',(6.564243132354E-02,-5.745793291958E-03));
#2707 = CARTESIAN_POINT('',(6.004346671244E-02,-5.926660201601E-03));
#2708 = CARTESIAN_POINT('',(5.501196532609E-02,-6.056370894294E-03));
#2709 = CARTESIAN_POINT('',(4.731082728802E-02,-6.261774277701E-03));
#2710 = CARTESIAN_POINT('',(4.306878826291E-02,-6.294697516748E-03));
#2711 = CARTESIAN_POINT('',(3.418340898302E-02,-6.49095783706E-03));
#2712 = CARTESIAN_POINT('',(2.893340430626E-02,-6.50789766715E-03));
#2713 = CARTESIAN_POINT('',(2.115870504852E-02,-6.603866867485E-03));
#2714 = CARTESIAN_POINT('',(1.432493893825E-02,-6.6359404747E-03));
#2715 = CARTESIAN_POINT('',(7.13847676178E-03,-6.65858105422E-03));
#2716 = CARTESIAN_POINT('',(-7.138476761907E-03,-6.65858105422E-03));
#2717 = CARTESIAN_POINT('',(-1.432493893814E-02,-6.635940474701E-03));
#2718 = CARTESIAN_POINT('',(-2.115870504954E-02,-6.60386686747E-03));
#2719 = CARTESIAN_POINT('',(-2.89334043043E-02,-6.507897667197E-03));
#2720 = CARTESIAN_POINT('',(-3.418340898628E-02,-6.490957836968E-03));
#2721 = CARTESIAN_POINT('',(-4.306878825971E-02,-6.29469751686E-03));
#2722 = CARTESIAN_POINT('',(-4.731082729075E-02,-6.261774277601E-03));
#2723 = CARTESIAN_POINT('',(-5.501196532475E-02,-6.05637089435E-03));
#2724 = CARTESIAN_POINT('',(-6.004346671301E-02,-5.92666020158E-03));
#2725 = CARTESIAN_POINT('',(-6.56424313236E-02,-5.745793291959E-03));
#2726 = CARTESIAN_POINT('',(-7.071067811867E-02,-5.554770144436E-03));
#2727 = ( GEOMETRIC_REPRESENTATION_CONTEXT(2) 
PARAMETRIC_REPRESENTATION_CONTEXT() REPRESENTATION_CONTEXT('2D SPACE',''
  ) );
#2728 = PCURVE('',#2673,#2729);
#2729 = DEFINITIONAL_REPRESENTATION('',(#2730),#2733);
#2730 = B_SPLINE_CURVE_WITH_KNOTS('',1,(#2731,#2732),.UNSPECIFIED.,.F.,
  .F.,(2,2),(0.,1.570796326795),.PIECEWISE_BEZIER_KNOTS.);
#2731 = CARTESIAN_POINT('',(-1.570796326795,5.240777928304E-03));
#2732 = CARTESIAN_POINT('',(0.,5.240777928304E-03));
#2733 = ( GEOMETRIC_REPRESENTATION_CONTEXT(2) 
PARAMETRIC_REPRESENTATION_CONTEXT() REPRESENTATION_CONTEXT('2D SPACE',''
  ) );
#2734 = ORIENTED_EDGE('',*,*,#2735,.F.);
#2735 = EDGE_CURVE('',#1910,#2691,#2736,.T.);
#2736 = SURFACE_CURVE('',#2737,(#2745,#2769),.PCURVE_S1.);
#2737 = ( BOUNDED_CURVE() B_SPLINE_CURVE(6,(#2738,#2739,#2740,#2741,
#2742,#2743,#2744),.UNSPECIFIED.,.F.,.F.) B_SPLINE_CURVE_WITH_KNOTS((7,7
),(0.,0.10471975512),.PIECEWISE_BEZIER_KNOTS.) CURVE() 
GEOMETRIC_REPRESENTATION_ITEM() RATIONAL_B_SPLINE_CURVE((1.000137088577,
    1.00004568784,0.999990860763,0.999972587294,0.999990860763,
1.00004568784,1.000137088577)) REPRESENTATION_ITEM('') );
#2738 = CARTESIAN_POINT('',(10.299452189537,22.3,0.569787931602));
#2739 = CARTESIAN_POINT('',(10.299634642796,22.3,0.571523858401));
#2740 = CARTESIAN_POINT('',(10.299780716882,22.3,0.57326341629));
#2741 = CARTESIAN_POINT('',(10.299890334724,22.3,0.575005747314));
#2742 = CARTESIAN_POINT('',(10.299963440564,22.3,0.57674999185));
#2743 = CARTESIAN_POINT('',(10.3,22.3,0.578495289159));
#2744 = CARTESIAN_POINT('',(10.3,22.3,0.580240777928));
#2745 = PCURVE('',#1615,#2746);
#2746 = DEFINITIONAL_REPRESENTATION('',(#2747),#2768);
#2747 = B_SPLINE_CURVE_WITH_KNOTS('',10,(#2748,#2749,#2750,#2751,#2752,
    #2753,#2754,#2755,#2756,#2757,#2758,#2759,#2760,#2761,#2762,#2763,
    #2764,#2765,#2766,#2767),.UNSPECIFIED.,.F.,.F.,(11,9,11),(0.,
    5.235987755983E-02,0.10471975512),.UNSPECIFIED.);
#2748 = CARTESIAN_POINT('',(7.032331762532E-02,4.905248836783E-03));
#2749 = CARTESIAN_POINT('',(7.036203805824E-02,4.383162923463E-03));
#2750 = CARTESIAN_POINT('',(7.03986186417E-02,3.860735352219E-03));
#2751 = CARTESIAN_POINT('',(7.043303962069E-02,3.338287548212E-03));
#2752 = CARTESIAN_POINT('',(7.046529621207E-02,2.81592055604E-03));
#2753 = CARTESIAN_POINT('',(7.049539363422E-02,2.293584277659E-03));
#2754 = CARTESIAN_POINT('',(7.052334213605E-02,1.771146710253E-03));
#2755 = CARTESIAN_POINT('',(7.054915202678E-02,1.248463184172E-03));
#2756 = CARTESIAN_POINT('',(7.0572828705E-02,7.25445600798E-04));
#2757 = CARTESIAN_POINT('',(7.059436768821E-02,2.021316704759E-04));
#2758 = CARTESIAN_POINT('',(7.063313159614E-02,-8.446233696889E-04));
#2759 = CARTESIAN_POINT('',(7.065036874286E-02,-1.365288097844E-03));
#2760 = CARTESIAN_POINT('',(7.066534929798E-02,-1.903797436002E-03));
#2761 = CARTESIAN_POINT('',(7.067854623001E-02,-2.383876299173E-03));
#2762 = CARTESIAN_POINT('',(7.068887151262E-02,-2.984714248007E-03));
#2763 = CARTESIAN_POINT('',(7.069792481298E-02,-3.41418870262E-03));
#2764 = CARTESIAN_POINT('',(7.070412552299E-02,-4.014422112833E-03));
#2765 = CARTESIAN_POINT('',(7.07085249207E-02,-4.496305294086E-03));
#2766 = CARTESIAN_POINT('',(7.071067811864E-02,-5.031651675778E-03));
#2767 = CARTESIAN_POINT('',(7.071067811864E-02,-5.554770144436E-03));
#2768 = ( GEOMETRIC_REPRESENTATION_CONTEXT(2) 
PARAMETRIC_REPRESENTATION_CONTEXT() REPRESENTATION_CONTEXT('2D SPACE',''
  ) );
#2769 = PCURVE('',#2770,#2775);
#2770 = CYLINDRICAL_SURFACE('',#2771,0.1);
#2771 = AXIS2_PLACEMENT_3D('',#2772,#2773,#2774);
#2772 = CARTESIAN_POINT('',(10.2,0.,0.580240777928));
#2773 = DIRECTION('',(-0.,1.,0.));
#2774 = DIRECTION('',(0.994521895368,0.,-0.104528463268));
#2775 = DEFINITIONAL_REPRESENTATION('',(#2776),#2779);
#2776 = B_SPLINE_CURVE_WITH_KNOTS('',1,(#2777,#2778),.UNSPECIFIED.,.F.,
  .F.,(2,2),(0.,0.10471975512),.PIECEWISE_BEZIER_KNOTS.);
#2777 = CARTESIAN_POINT('',(0.,22.3));
#2778 = CARTESIAN_POINT('',(-0.10471975512,22.3));
#2779 = ( GEOMETRIC_REPRESENTATION_CONTEXT(2) 
PARAMETRIC_REPRESENTATION_CONTEXT() REPRESENTATION_CONTEXT('2D SPACE',''
  ) );
#2780 = ADVANCED_FACE('',(#2781),#1766,.T.);
#2781 = FACE_BOUND('',#2782,.T.);
#2782 = EDGE_LOOP('',(#2783,#2784,#2832,#2873));
#2783 = ORIENTED_EDGE('',*,*,#2391,.T.);
#2784 = ORIENTED_EDGE('',*,*,#2785,.T.);
#2785 = EDGE_CURVE('',#2364,#2786,#2788,.T.);
#2786 = VERTEX_POINT('',#2787);
#2787 = CARTESIAN_POINT('',(0.1,22.399452189537,0.680212068398));
#2788 = SURFACE_CURVE('',#2789,(#2797,#2821),.PCURVE_S1.);
#2789 = ( BOUNDED_CURVE() B_SPLINE_CURVE(6,(#2790,#2791,#2792,#2793,
#2794,#2795,#2796),.UNSPECIFIED.,.F.,.F.) B_SPLINE_CURVE_WITH_KNOTS((7,7
),(0.,1.559869909752),.PIECEWISE_BEZIER_KNOTS.) CURVE() 
GEOMETRIC_REPRESENTATION_ITEM() RATIONAL_B_SPLINE_CURVE((1.030950613501,
    1.009890100201,0.997953445068,0.994040710927,0.997953445068,
1.009890100201,1.030950613501)) REPRESENTATION_ITEM('') );
#2790 = CARTESIAN_POINT('',(5.478104631728E-04,22.3,0.680212068398));
#2791 = CARTESIAN_POINT('',(8.362191750263E-04,22.326396068307,
    0.682956093995));
#2792 = CARTESIAN_POINT('',(9.450074782515E-03,22.352114481755,
    0.684753855466));
#2793 = CARTESIAN_POINT('',(2.568827830487E-02,22.374311721695,
    0.685380175432));
#2794 = CARTESIAN_POINT('',(4.788551824518E-02,22.390549925217,
    0.684753855466));
#2795 = CARTESIAN_POINT('',(7.360393169276E-02,22.399163780825,
    0.682956093995));
#2796 = CARTESIAN_POINT('',(0.1,22.399452189537,0.680212068398));
#2797 = PCURVE('',#1766,#2798);
#2798 = DEFINITIONAL_REPRESENTATION('',(#2799),#2820);
#2799 = B_SPLINE_CURVE_WITH_KNOTS('',10,(#2800,#2801,#2802,#2803,#2804,
    #2805,#2806,#2807,#2808,#2809,#2810,#2811,#2812,#2813,#2814,#2815,
    #2816,#2817,#2818,#2819),.UNSPECIFIED.,.F.,.F.,(11,9,11),(0.,
    0.779934954876,1.559869909752),.UNSPECIFIED.);
#2800 = CARTESIAN_POINT('',(-7.032331762534E-02,-4.905248836784E-03));
#2801 = CARTESIAN_POINT('',(-6.476262599345E-02,-5.508294783568E-03));
#2802 = CARTESIAN_POINT('',(-5.87365718838E-02,-6.057003397384E-03));
#2803 = CARTESIAN_POINT('',(-5.248322135295E-02,-6.530329093143E-03));
#2804 = CARTESIAN_POINT('',(-4.520567606895E-02,-7.005227063518E-03));
#2805 = CARTESIAN_POINT('',(-3.857141001237E-02,-7.308626372052E-03));
#2806 = CARTESIAN_POINT('',(-3.077971696718E-02,-7.64963300153E-03));
#2807 = CARTESIAN_POINT('',(-2.339490280445E-02,-7.844273664318E-03));
#2808 = CARTESIAN_POINT('',(-1.558534150618E-02,-8.001448212694E-03));
#2809 = CARTESIAN_POINT('',(-7.800522236548E-03,-8.073972125235E-03));
#2810 = CARTESIAN_POINT('',(7.800522236564E-03,-8.073972125234E-03));
#2811 = CARTESIAN_POINT('',(1.558534150617E-02,-8.001448212699E-03));
#2812 = CARTESIAN_POINT('',(2.339490280476E-02,-7.84427366427E-03));
#2813 = CARTESIAN_POINT('',(3.077971696638E-02,-7.649633001632E-03));
#2814 = CARTESIAN_POINT('',(3.85714100137E-02,-7.308626371882E-03));
#2815 = CARTESIAN_POINT('',(4.520567606768E-02,-7.005227063671E-03));
#2816 = CARTESIAN_POINT('',(5.248322135394E-02,-6.530329093023E-03));
#2817 = CARTESIAN_POINT('',(5.873657188352E-02,-6.057003397407E-03));
#2818 = CARTESIAN_POINT('',(6.47626259935E-02,-5.508294783552E-03));
#2819 = CARTESIAN_POINT('',(7.032331762534E-02,-4.905248836772E-03));
#2820 = ( GEOMETRIC_REPRESENTATION_CONTEXT(2) 
PARAMETRIC_REPRESENTATION_CONTEXT() REPRESENTATION_CONTEXT('2D SPACE',''
  ) );
#2821 = PCURVE('',#2822,#2827);
#2822 = CYLINDRICAL_SURFACE('',#2823,0.1);
#2823 = AXIS2_PLACEMENT_3D('',#2824,#2825,#2826);
#2824 = CARTESIAN_POINT('',(9.837729952288E-02,22.301622700477,
    0.654320258332));
#2825 = DIRECTION('',(0.103962051184,-0.103962051184,0.989132844378));
#2826 = DIRECTION('',(-0.994521895368,1.734723475977E-18,0.104528463268)
  );
#2827 = DEFINITIONAL_REPRESENTATION('',(#2828),#2831);
#2828 = B_SPLINE_CURVE_WITH_KNOTS('',1,(#2829,#2830),.UNSPECIFIED.,.F.,
  .F.,(2,2),(0.,1.559869909752),.PIECEWISE_BEZIER_KNOTS.);
#2829 = CARTESIAN_POINT('',(0.,1.560858465792E-02));
#2830 = CARTESIAN_POINT('',(-1.559869909752,1.560858465794E-02));
#2831 = ( GEOMETRIC_REPRESENTATION_CONTEXT(2) 
PARAMETRIC_REPRESENTATION_CONTEXT() REPRESENTATION_CONTEXT('2D SPACE',''
  ) );
#2832 = ORIENTED_EDGE('',*,*,#2833,.T.);
#2833 = EDGE_CURVE('',#2786,#1727,#2834,.T.);
#2834 = SURFACE_CURVE('',#2835,(#2843,#2867),.PCURVE_S1.);
#2835 = ( BOUNDED_CURVE() B_SPLINE_CURVE(6,(#2836,#2837,#2838,#2839,
#2840,#2841,#2842),.UNSPECIFIED.,.F.,.F.) B_SPLINE_CURVE_WITH_KNOTS((7,7
),(0.,0.10471975512),.PIECEWISE_BEZIER_KNOTS.) CURVE() 
GEOMETRIC_REPRESENTATION_ITEM() RATIONAL_B_SPLINE_CURVE((1.000137088577,
    1.00004568784,0.999990860763,0.999972587294,0.999990860763,
1.00004568784,1.000137088577)) REPRESENTATION_ITEM('') );
#2836 = CARTESIAN_POINT('',(0.1,22.399452189537,0.680212068398));
#2837 = CARTESIAN_POINT('',(0.1,22.399634642796,0.678476141599));
#2838 = CARTESIAN_POINT('',(0.1,22.399780716882,0.67673658371));
#2839 = CARTESIAN_POINT('',(0.1,22.399890334724,0.674994252686));
#2840 = CARTESIAN_POINT('',(0.1,22.399963440564,0.67325000815));
#2841 = CARTESIAN_POINT('',(0.1,22.4,0.671504710841));
#2842 = CARTESIAN_POINT('',(0.1,22.4,0.669759222072));
#2843 = PCURVE('',#1766,#2844);
#2844 = DEFINITIONAL_REPRESENTATION('',(#2845),#2866);
#2845 = B_SPLINE_CURVE_WITH_KNOTS('',10,(#2846,#2847,#2848,#2849,#2850,
    #2851,#2852,#2853,#2854,#2855,#2856,#2857,#2858,#2859,#2860,#2861,
    #2862,#2863,#2864,#2865),.UNSPECIFIED.,.F.,.F.,(11,9,11),(0.,
    5.235987755983E-02,0.10471975512),.UNSPECIFIED.);
#2846 = CARTESIAN_POINT('',(7.032331762534E-02,-4.905248836784E-03));
#2847 = CARTESIAN_POINT('',(7.036203805825E-02,-4.383162923466E-03));
#2848 = CARTESIAN_POINT('',(7.039861864171E-02,-3.86073535221E-03));
#2849 = CARTESIAN_POINT('',(7.043303962072E-02,-3.338287548194E-03));
#2850 = CARTESIAN_POINT('',(7.046529621206E-02,-2.815920556022E-03));
#2851 = CARTESIAN_POINT('',(7.049539363426E-02,-2.293584277648E-03));
#2852 = CARTESIAN_POINT('',(7.052334213604E-02,-1.771146710252E-03));
#2853 = CARTESIAN_POINT('',(7.054915202681E-02,-1.248463184178E-03));
#2854 = CARTESIAN_POINT('',(7.0572828705E-02,-7.254456008063E-04));
#2855 = CARTESIAN_POINT('',(7.059436768823E-02,-2.021316704798E-04));
#2856 = CARTESIAN_POINT('',(7.063313159615E-02,8.446233696857E-04));
#2857 = CARTESIAN_POINT('',(7.065036874288E-02,1.365288097829E-03));
#2858 = CARTESIAN_POINT('',(7.066534929798E-02,1.903797436059E-03));
#2859 = CARTESIAN_POINT('',(7.067854623005E-02,2.383876299025E-03));
#2860 = CARTESIAN_POINT('',(7.06888715126E-02,2.984714248228E-03));
#2861 = CARTESIAN_POINT('',(7.069792481302E-02,3.4141887024E-03));
#2862 = CARTESIAN_POINT('',(7.070412552299E-02,4.01442211297E-03));
#2863 = CARTESIAN_POINT('',(7.070852492072E-02,4.496305294032E-03));
#2864 = CARTESIAN_POINT('',(7.071067811865E-02,5.031651675779E-03));
#2865 = CARTESIAN_POINT('',(7.071067811865E-02,5.554770144435E-03));
#2866 = ( GEOMETRIC_REPRESENTATION_CONTEXT(2) 
PARAMETRIC_REPRESENTATION_CONTEXT() REPRESENTATION_CONTEXT('2D SPACE',''
  ) );
#2867 = PCURVE('',#2647,#2868);
#2868 = DEFINITIONAL_REPRESENTATION('',(#2869),#2872);
#2869 = B_SPLINE_CURVE_WITH_KNOTS('',1,(#2870,#2871),.UNSPECIFIED.,.F.,
  .F.,(2,2),(0.,0.10471975512),.PIECEWISE_BEZIER_KNOTS.);
#2870 = CARTESIAN_POINT('',(0.10471975512,0.1));
#2871 = CARTESIAN_POINT('',(0.,1.E-01));
#2872 = ( GEOMETRIC_REPRESENTATION_CONTEXT(2) 
PARAMETRIC_REPRESENTATION_CONTEXT() REPRESENTATION_CONTEXT('2D SPACE',''
  ) );
#2873 = ORIENTED_EDGE('',*,*,#1749,.T.);
#2874 = ADVANCED_FACE('',(#2875),#1894,.T.);
#2875 = FACE_BOUND('',#2876,.F.);
#2876 = EDGE_LOOP('',(#2877,#2878,#2879));
#2877 = ORIENTED_EDGE('',*,*,#1880,.F.);
#2878 = ORIENTED_EDGE('',*,*,#2510,.T.);
#2879 = ORIENTED_EDGE('',*,*,#1980,.F.);
#2880 = ADVANCED_FACE('',(#2881),#1968,.T.);
#2881 = FACE_BOUND('',#2882,.T.);
#2882 = EDGE_LOOP('',(#2883,#2884,#2905,#2906));
#2883 = ORIENTED_EDGE('',*,*,#1952,.F.);
#2884 = ORIENTED_EDGE('',*,*,#2885,.F.);
#2885 = EDGE_CURVE('',#2535,#1910,#2886,.T.);
#2886 = SURFACE_CURVE('',#2887,(#2891,#2898),.PCURVE_S1.);
#2887 = LINE('',#2888,#2889);
#2888 = CARTESIAN_POINT('',(10.299452189537,0.,0.569787931602));
#2889 = VECTOR('',#2890,1.);
#2890 = DIRECTION('',(-0.,1.,0.));
#2891 = PCURVE('',#1968,#2892);
#2892 = DEFINITIONAL_REPRESENTATION('',(#2893),#2897);
#2893 = LINE('',#2894,#2895);
#2894 = CARTESIAN_POINT('',(0.,-5.240777928304E-03));
#2895 = VECTOR('',#2896,1.);
#2896 = DIRECTION('',(1.,0.));
#2897 = ( GEOMETRIC_REPRESENTATION_CONTEXT(2) 
PARAMETRIC_REPRESENTATION_CONTEXT() REPRESENTATION_CONTEXT('2D SPACE',''
  ) );
#2898 = PCURVE('',#2770,#2899);
#2899 = DEFINITIONAL_REPRESENTATION('',(#2900),#2904);
#2900 = LINE('',#2901,#2902);
#2901 = CARTESIAN_POINT('',(-0.,0.));
#2902 = VECTOR('',#2903,1.);
#2903 = DIRECTION('',(-0.,1.));
#2904 = ( GEOMETRIC_REPRESENTATION_CONTEXT(2) 
PARAMETRIC_REPRESENTATION_CONTEXT() REPRESENTATION_CONTEXT('2D SPACE',''
  ) );
#2905 = ORIENTED_EDGE('',*,*,#2577,.T.);
#2906 = ORIENTED_EDGE('',*,*,#2489,.T.);
#2907 = ADVANCED_FACE('',(#2908),#2028,.F.);
#2908 = FACE_BOUND('',#2909,.F.);
#2909 = EDGE_LOOP('',(#2910,#2911,#2912,#2940));
#2910 = ORIENTED_EDGE('',*,*,#2012,.F.);
#2911 = ORIENTED_EDGE('',*,*,#2168,.T.);
#2912 = ORIENTED_EDGE('',*,*,#2913,.T.);
#2913 = EDGE_CURVE('',#2169,#2914,#2916,.T.);
#2914 = VERTEX_POINT('',#2915);
#2915 = CARTESIAN_POINT('',(10.2,-1.387778780781E-17,0.669759222072));
#2916 = SURFACE_CURVE('',#2917,(#2921,#2928),.PCURVE_S1.);
#2917 = LINE('',#2918,#2919);
#2918 = CARTESIAN_POINT('',(0.,1.387778780781E-17,0.669759222072));
#2919 = VECTOR('',#2920,1.);
#2920 = DIRECTION('',(1.,-0.,0.));
#2921 = PCURVE('',#2028,#2922);
#2922 = DEFINITIONAL_REPRESENTATION('',(#2923),#2927);
#2923 = LINE('',#2924,#2925);
#2924 = CARTESIAN_POINT('',(9.47592220717E-02,0.));
#2925 = VECTOR('',#2926,1.);
#2926 = DIRECTION('',(0.,1.));
#2927 = ( GEOMETRIC_REPRESENTATION_CONTEXT(2) 
PARAMETRIC_REPRESENTATION_CONTEXT() REPRESENTATION_CONTEXT('2D SPACE',''
  ) );
#2928 = PCURVE('',#2929,#2934);
#2929 = CYLINDRICAL_SURFACE('',#2930,0.1);
#2930 = AXIS2_PLACEMENT_3D('',#2931,#2932,#2933);
#2931 = CARTESIAN_POINT('',(0.,0.1,0.669759222072));
#2932 = DIRECTION('',(1.,-0.,0.));
#2933 = DIRECTION('',(0.,-1.,-0.));
#2934 = DEFINITIONAL_REPRESENTATION('',(#2935),#2939);
#2935 = LINE('',#2936,#2937);
#2936 = CARTESIAN_POINT('',(-0.,0.));
#2937 = VECTOR('',#2938,1.);
#2938 = DIRECTION('',(-0.,1.));
#2939 = ( GEOMETRIC_REPRESENTATION_CONTEXT(2) 
PARAMETRIC_REPRESENTATION_CONTEXT() REPRESENTATION_CONTEXT('2D SPACE',''
  ) );
#2940 = ORIENTED_EDGE('',*,*,#2941,.F.);
#2941 = EDGE_CURVE('',#2013,#2914,#2942,.T.);
#2942 = SURFACE_CURVE('',#2943,(#2947,#2954),.PCURVE_S1.);
#2943 = LINE('',#2944,#2945);
#2944 = CARTESIAN_POINT('',(10.2,-1.387778780781E-17,0.575));
#2945 = VECTOR('',#2946,1.);
#2946 = DIRECTION('',(0.,0.,1.));
#2947 = PCURVE('',#2028,#2948);
#2948 = DEFINITIONAL_REPRESENTATION('',(#2949),#2953);
#2949 = LINE('',#2950,#2951);
#2950 = CARTESIAN_POINT('',(0.,10.2));
#2951 = VECTOR('',#2952,1.);
#2952 = DIRECTION('',(1.,0.));
#2953 = ( GEOMETRIC_REPRESENTATION_CONTEXT(2) 
PARAMETRIC_REPRESENTATION_CONTEXT() REPRESENTATION_CONTEXT('2D SPACE',''
  ) );
#2954 = PCURVE('',#2955,#2960);
#2955 = CYLINDRICAL_SURFACE('',#2956,0.1);
#2956 = AXIS2_PLACEMENT_3D('',#2957,#2958,#2959);
#2957 = CARTESIAN_POINT('',(10.2,1.E-01,0.575));
#2958 = DIRECTION('',(0.,0.,1.));
#2959 = DIRECTION('',(0.,-1.,0.));
#2960 = DEFINITIONAL_REPRESENTATION('',(#2961),#2965);
#2961 = LINE('',#2962,#2963);
#2962 = CARTESIAN_POINT('',(0.,0.));
#2963 = VECTOR('',#2964,1.);
#2964 = DIRECTION('',(0.,1.));
#2965 = ( GEOMETRIC_REPRESENTATION_CONTEXT(2) 
PARAMETRIC_REPRESENTATION_CONTEXT() REPRESENTATION_CONTEXT('2D SPACE',''
  ) );
#2966 = ADVANCED_FACE('',(#2967),#2057,.F.);
#2967 = FACE_BOUND('',#2968,.F.);
#2968 = EDGE_LOOP('',(#2969,#2970,#2971,#3016));
#2969 = ORIENTED_EDGE('',*,*,#2534,.F.);
#2970 = ORIENTED_EDGE('',*,*,#2040,.F.);
#2971 = ORIENTED_EDGE('',*,*,#2972,.F.);
#2972 = EDGE_CURVE('',#2973,#2013,#2975,.T.);
#2973 = VERTEX_POINT('',#2974);
#2974 = CARTESIAN_POINT('',(10.3,0.1,0.580240777928));
#2975 = SURFACE_CURVE('',#2976,(#2984,#3010),.PCURVE_S1.);
#2976 = ( BOUNDED_CURVE() B_SPLINE_CURVE(6,(#2977,#2978,#2979,#2980,
#2981,#2982,#2983),.UNSPECIFIED.,.F.,.F.) B_SPLINE_CURVE_WITH_KNOTS((7,7
),(0.,1.570796326795),.PIECEWISE_BEZIER_KNOTS.) CURVE() 
GEOMETRIC_REPRESENTATION_ITEM() RATIONAL_B_SPLINE_CURVE((1.031393471788,
    1.010025407661,0.997924642725,0.993958444137,0.997924642725,
1.010025407661,1.031393471788)) REPRESENTATION_ITEM('') );
#2977 = CARTESIAN_POINT('',(10.3,1.E-01,0.580240777928));
#2978 = CARTESIAN_POINT('',(10.3,7.326632168471E-02,0.580240777928));
#2979 = CARTESIAN_POINT('',(10.291499564937,4.722914274178E-02,
    0.580240777928));
#2980 = CARTESIAN_POINT('',(10.27519195132,2.480804867977E-02,
    0.580240777928));
#2981 = CARTESIAN_POINT('',(10.252770857258,8.500435063369E-03,
    0.580240777928));
#2982 = CARTESIAN_POINT('',(10.226733678315,1.249000902703E-16,
    0.580240777928));
#2983 = CARTESIAN_POINT('',(10.2,-1.387778780781E-17,0.580240777928));
#2984 = PCURVE('',#2057,#2985);
#2985 = DEFINITIONAL_REPRESENTATION('',(#2986),#3009);
#2986 = B_SPLINE_CURVE_WITH_KNOTS('',11,(#2987,#2988,#2989,#2990,#2991,
    #2992,#2993,#2994,#2995,#2996,#2997,#2998,#2999,#3000,#3001,#3002,
    #3003,#3004,#3005,#3006,#3007,#3008),.UNSPECIFIED.,.F.,.F.,(12,10,12
    ),(0.,0.785398163397,1.570796326795),.UNSPECIFIED.);
#2987 = CARTESIAN_POINT('',(7.071067811864E-02,-5.554770144435E-03));
#2988 = CARTESIAN_POINT('',(6.564243132352E-02,-5.745793291959E-03));
#2989 = CARTESIAN_POINT('',(6.004346671294E-02,-5.926660201582E-03));
#2990 = CARTESIAN_POINT('',(5.501196532479E-02,-6.056370894346E-03));
#2991 = CARTESIAN_POINT('',(4.731082729054E-02,-6.2617742776E-03));
#2992 = CARTESIAN_POINT('',(4.306878826021E-02,-6.294697516863E-03));
#2993 = CARTESIAN_POINT('',(3.418340898538E-02,-6.490957836965E-03));
#2994 = CARTESIAN_POINT('',(2.893340430503E-02,-6.507897667199E-03));
#2995 = CARTESIAN_POINT('',(2.115870504903E-02,-6.603866867468E-03));
#2996 = CARTESIAN_POINT('',(1.432493893825E-02,-6.635940474701E-03));
#2997 = CARTESIAN_POINT('',(7.138476761848E-03,-6.658581054219E-03));
#2998 = CARTESIAN_POINT('',(-7.138476761869E-03,-6.658581054219E-03));
#2999 = CARTESIAN_POINT('',(-1.432493893827E-02,-6.635940474696E-03));
#3000 = CARTESIAN_POINT('',(-2.115870504875E-02,-6.603866867494E-03));
#3001 = CARTESIAN_POINT('',(-2.893340430642E-02,-6.507897667129E-03));
#3002 = CARTESIAN_POINT('',(-3.418340898258E-02,-6.490957837083E-03));
#3003 = CARTESIAN_POINT('',(-4.306878826391E-02,-6.294697516726E-03));
#3004 = CARTESIAN_POINT('',(-4.731082728712E-02,-6.261774277711E-03));
#3005 = CARTESIAN_POINT('',(-5.501196532656E-02,-6.056370894295E-03));
#3006 = CARTESIAN_POINT('',(-6.004346671238E-02,-5.926660201598E-03));
#3007 = CARTESIAN_POINT('',(-6.564243132368E-02,-5.745793291955E-03));
#3008 = CARTESIAN_POINT('',(-7.071067811866E-02,-5.554770144435E-03));
#3009 = ( GEOMETRIC_REPRESENTATION_CONTEXT(2) 
PARAMETRIC_REPRESENTATION_CONTEXT() REPRESENTATION_CONTEXT('2D SPACE',''
  ) );
#3010 = PCURVE('',#2955,#3011);
#3011 = DEFINITIONAL_REPRESENTATION('',(#3012),#3015);
#3012 = B_SPLINE_CURVE_WITH_KNOTS('',1,(#3013,#3014),.UNSPECIFIED.,.F.,
  .F.,(2,2),(0.,1.570796326795),.PIECEWISE_BEZIER_KNOTS.);
#3013 = CARTESIAN_POINT('',(1.570796326795,5.240777928304E-03));
#3014 = CARTESIAN_POINT('',(0.,5.240777928304E-03));
#3015 = ( GEOMETRIC_REPRESENTATION_CONTEXT(2) 
PARAMETRIC_REPRESENTATION_CONTEXT() REPRESENTATION_CONTEXT('2D SPACE',''
  ) );
#3016 = ORIENTED_EDGE('',*,*,#3017,.F.);
#3017 = EDGE_CURVE('',#2535,#2973,#3018,.T.);
#3018 = SURFACE_CURVE('',#3019,(#3027,#3051),.PCURVE_S1.);
#3019 = ( BOUNDED_CURVE() B_SPLINE_CURVE(6,(#3020,#3021,#3022,#3023,
#3024,#3025,#3026),.UNSPECIFIED.,.F.,.F.) B_SPLINE_CURVE_WITH_KNOTS((7,7
),(0.,0.10471975512),.PIECEWISE_BEZIER_KNOTS.) CURVE() 
GEOMETRIC_REPRESENTATION_ITEM() RATIONAL_B_SPLINE_CURVE((1.000137088577,
    1.00004568784,0.999990860763,0.999972587294,0.999990860763,
1.00004568784,1.000137088577)) REPRESENTATION_ITEM('') );
#3020 = CARTESIAN_POINT('',(10.299452189537,0.1,0.569787931602));
#3021 = CARTESIAN_POINT('',(10.299634642796,0.1,0.571523858401));
#3022 = CARTESIAN_POINT('',(10.299780716882,0.1,0.57326341629));
#3023 = CARTESIAN_POINT('',(10.299890334724,0.1,0.575005747314));
#3024 = CARTESIAN_POINT('',(10.299963440564,0.1,0.57674999185));
#3025 = CARTESIAN_POINT('',(10.3,0.1,0.578495289159));
#3026 = CARTESIAN_POINT('',(10.3,0.1,0.580240777928));
#3027 = PCURVE('',#2057,#3028);
#3028 = DEFINITIONAL_REPRESENTATION('',(#3029),#3050);
#3029 = B_SPLINE_CURVE_WITH_KNOTS('',10,(#3030,#3031,#3032,#3033,#3034,
    #3035,#3036,#3037,#3038,#3039,#3040,#3041,#3042,#3043,#3044,#3045,
    #3046,#3047,#3048,#3049),.UNSPECIFIED.,.F.,.F.,(11,9,11),(0.,
    5.235987755983E-02,0.10471975512),.UNSPECIFIED.);
#3030 = CARTESIAN_POINT('',(7.032331762533E-02,4.905248836783E-03));
#3031 = CARTESIAN_POINT('',(7.036203805825E-02,4.383162923464E-03));
#3032 = CARTESIAN_POINT('',(7.039861864171E-02,3.860735352222E-03));
#3033 = CARTESIAN_POINT('',(7.043303962071E-02,3.338287548216E-03));
#3034 = CARTESIAN_POINT('',(7.046529621207E-02,2.815920556044E-03));
#3035 = CARTESIAN_POINT('',(7.049539363424E-02,2.293584277662E-03));
#3036 = CARTESIAN_POINT('',(7.052334213605E-02,1.771146710256E-03));
#3037 = CARTESIAN_POINT('',(7.054915202679E-02,1.248463184174E-03));
#3038 = CARTESIAN_POINT('',(7.057282870501E-02,7.254456008007E-04));
#3039 = CARTESIAN_POINT('',(7.059436768822E-02,2.021316704789E-04));
#3040 = CARTESIAN_POINT('',(7.063313159615E-02,-8.446233696871E-04));
#3041 = CARTESIAN_POINT('',(7.065036874287E-02,-1.365288097833E-03));
#3042 = CARTESIAN_POINT('',(7.066534929798E-02,-1.903797436046E-03));
#3043 = CARTESIAN_POINT('',(7.067854623004E-02,-2.383876299062E-03));
#3044 = CARTESIAN_POINT('',(7.06888715126E-02,-2.984714248168E-03));
#3045 = CARTESIAN_POINT('',(7.069792481301E-02,-3.41418870246E-03));
#3046 = CARTESIAN_POINT('',(7.070412552299E-02,-4.014422112931E-03));
#3047 = CARTESIAN_POINT('',(7.070852492072E-02,-4.496305294047E-03));
#3048 = CARTESIAN_POINT('',(7.071067811865E-02,-5.031651675778E-03));
#3049 = CARTESIAN_POINT('',(7.071067811865E-02,-5.554770144435E-03));
#3050 = ( GEOMETRIC_REPRESENTATION_CONTEXT(2) 
PARAMETRIC_REPRESENTATION_CONTEXT() REPRESENTATION_CONTEXT('2D SPACE',''
  ) );
#3051 = PCURVE('',#2770,#3052);
#3052 = DEFINITIONAL_REPRESENTATION('',(#3053),#3056);
#3053 = B_SPLINE_CURVE_WITH_KNOTS('',1,(#3054,#3055),.UNSPECIFIED.,.F.,
  .F.,(2,2),(0.,0.10471975512),.PIECEWISE_BEZIER_KNOTS.);
#3054 = CARTESIAN_POINT('',(0.,0.1));
#3055 = CARTESIAN_POINT('',(-0.10471975512,1.E-01));
#3056 = ( GEOMETRIC_REPRESENTATION_CONTEXT(2) 
PARAMETRIC_REPRESENTATION_CONTEXT() REPRESENTATION_CONTEXT('2D SPACE',''
  ) );
#3057 = ADVANCED_FACE('',(#3058),#2208,.T.);
#3058 = FACE_BOUND('',#3059,.T.);
#3059 = EDGE_LOOP('',(#3060,#3061,#3104,#3150));
#3060 = ORIENTED_EDGE('',*,*,#2191,.T.);
#3061 = ORIENTED_EDGE('',*,*,#3062,.T.);
#3062 = EDGE_CURVE('',#2169,#3063,#3065,.T.);
#3063 = VERTEX_POINT('',#3064);
#3064 = CARTESIAN_POINT('',(1.E-01,5.478104631727E-04,0.680212068398));
#3065 = SURFACE_CURVE('',#3066,(#3074,#3098),.PCURVE_S1.);
#3066 = ( BOUNDED_CURVE() B_SPLINE_CURVE(6,(#3067,#3068,#3069,#3070,
#3071,#3072,#3073),.UNSPECIFIED.,.F.,.F.) B_SPLINE_CURVE_WITH_KNOTS((7,7
),(0.,0.10471975512),.PIECEWISE_BEZIER_KNOTS.) CURVE() 
GEOMETRIC_REPRESENTATION_ITEM() RATIONAL_B_SPLINE_CURVE((1.000137088577,
    1.00004568784,0.999990860763,0.999972587294,0.999990860763,
1.00004568784,1.000137088577)) REPRESENTATION_ITEM('') );
#3067 = CARTESIAN_POINT('',(1.E-01,1.387778780781E-17,0.669759222072));
#3068 = CARTESIAN_POINT('',(1.E-01,1.387778780781E-16,0.671504710841));
#3069 = CARTESIAN_POINT('',(1.E-01,3.655943564763E-05,0.67325000815));
#3070 = CARTESIAN_POINT('',(1.E-01,1.096652759717E-04,0.674994252686));
#3071 = CARTESIAN_POINT('',(1.E-01,2.192831180767E-04,0.67673658371));
#3072 = CARTESIAN_POINT('',(1.E-01,3.653572044893E-04,0.678476141599));
#3073 = CARTESIAN_POINT('',(1.E-01,5.478104631727E-04,0.680212068398));
#3074 = PCURVE('',#2208,#3075);
#3075 = DEFINITIONAL_REPRESENTATION('',(#3076),#3097);
#3076 = B_SPLINE_CURVE_WITH_KNOTS('',10,(#3077,#3078,#3079,#3080,#3081,
    #3082,#3083,#3084,#3085,#3086,#3087,#3088,#3089,#3090,#3091,#3092,
    #3093,#3094,#3095,#3096),.UNSPECIFIED.,.F.,.F.,(11,9,11),(0.,
    5.235987755983E-02,0.10471975512),.UNSPECIFIED.);
#3077 = CARTESIAN_POINT('',(7.071067811865E-02,-5.554770144435E-03));
#3078 = CARTESIAN_POINT('',(7.071067811866E-02,-5.031651675779E-03));
#3079 = CARTESIAN_POINT('',(7.070852492072E-02,-4.496305294062E-03));
#3080 = CARTESIAN_POINT('',(7.070412552301E-02,-4.014422112892E-03));
#3081 = CARTESIAN_POINT('',(7.069792481302E-02,-3.414188702519E-03));
#3082 = CARTESIAN_POINT('',(7.06888715126E-02,-2.984714248109E-03));
#3083 = CARTESIAN_POINT('',(7.067854623007E-02,-2.383876299101E-03));
#3084 = CARTESIAN_POINT('',(7.066534929796E-02,-1.903797436029E-03));
#3085 = CARTESIAN_POINT('',(7.06503687429E-02,-1.365288097837E-03));
#3086 = CARTESIAN_POINT('',(7.063313159615E-02,-8.446233696864E-04));
#3087 = CARTESIAN_POINT('',(7.059436768824E-02,2.021316704795E-04));
#3088 = CARTESIAN_POINT('',(7.057282870501E-02,7.254456008025E-04));
#3089 = CARTESIAN_POINT('',(7.054915202681E-02,1.248463184175E-03));
#3090 = CARTESIAN_POINT('',(7.052334213606E-02,1.771146710257E-03));
#3091 = CARTESIAN_POINT('',(7.049539363423E-02,2.29358427766E-03));
#3092 = CARTESIAN_POINT('',(7.04652962121E-02,2.815920556041E-03));
#3093 = CARTESIAN_POINT('',(7.04330396207E-02,3.338287548211E-03));
#3094 = CARTESIAN_POINT('',(7.039861864172E-02,3.860735352219E-03));
#3095 = CARTESIAN_POINT('',(7.036203805825E-02,4.383162923464E-03));
#3096 = CARTESIAN_POINT('',(7.032331762534E-02,4.905248836783E-03));
#3097 = ( GEOMETRIC_REPRESENTATION_CONTEXT(2) 
PARAMETRIC_REPRESENTATION_CONTEXT() REPRESENTATION_CONTEXT('2D SPACE',''
  ) );
#3098 = PCURVE('',#2929,#3099);
#3099 = DEFINITIONAL_REPRESENTATION('',(#3100),#3103);
#3100 = B_SPLINE_CURVE_WITH_KNOTS('',1,(#3101,#3102),.UNSPECIFIED.,.F.,
  .F.,(2,2),(0.,0.10471975512),.PIECEWISE_BEZIER_KNOTS.);
#3101 = CARTESIAN_POINT('',(0.,1.E-01));
#3102 = CARTESIAN_POINT('',(-0.10471975512,0.1));
#3103 = ( GEOMETRIC_REPRESENTATION_CONTEXT(2) 
PARAMETRIC_REPRESENTATION_CONTEXT() REPRESENTATION_CONTEXT('2D SPACE',''
  ) );
#3104 = ORIENTED_EDGE('',*,*,#3105,.T.);
#3105 = EDGE_CURVE('',#3063,#2321,#3106,.T.);
#3106 = SURFACE_CURVE('',#3107,(#3115,#3139),.PCURVE_S1.);
#3107 = ( BOUNDED_CURVE() B_SPLINE_CURVE(6,(#3108,#3109,#3110,#3111,
#3112,#3113,#3114),.UNSPECIFIED.,.F.,.F.) B_SPLINE_CURVE_WITH_KNOTS((7,7
),(0.,1.559869909752),.PIECEWISE_BEZIER_KNOTS.) CURVE() 
GEOMETRIC_REPRESENTATION_ITEM() RATIONAL_B_SPLINE_CURVE((1.030950613501,
    1.009890100201,0.997953445068,0.994040710927,0.997953445068,
1.009890100201,1.030950613501)) REPRESENTATION_ITEM('') );
#3108 = CARTESIAN_POINT('',(0.1,5.478104631727E-04,0.680212068398));
#3109 = CARTESIAN_POINT('',(7.360393169276E-02,8.362191750265E-04,
    0.682956093995));
#3110 = CARTESIAN_POINT('',(4.788551824518E-02,9.450074782514E-03,
    0.684753855466));
#3111 = CARTESIAN_POINT('',(2.568827830487E-02,2.568827830487E-02,
    0.685380175432));
#3112 = CARTESIAN_POINT('',(9.450074782514E-03,4.788551824518E-02,
    0.684753855466));
#3113 = CARTESIAN_POINT('',(8.362191750263E-04,7.360393169277E-02,
    0.682956093995));
#3114 = CARTESIAN_POINT('',(5.478104631727E-04,0.1,0.680212068398));
#3115 = PCURVE('',#2208,#3116);
#3116 = DEFINITIONAL_REPRESENTATION('',(#3117),#3138);
#3117 = B_SPLINE_CURVE_WITH_KNOTS('',10,(#3118,#3119,#3120,#3121,#3122,
    #3123,#3124,#3125,#3126,#3127,#3128,#3129,#3130,#3131,#3132,#3133,
    #3134,#3135,#3136,#3137),.UNSPECIFIED.,.F.,.F.,(11,9,11),(0.,
    0.779934954876,1.559869909752),.UNSPECIFIED.);
#3118 = CARTESIAN_POINT('',(7.032331762534E-02,4.905248836783E-03));
#3119 = CARTESIAN_POINT('',(6.476262599352E-02,5.508294783561E-03));
#3120 = CARTESIAN_POINT('',(5.873657188359E-02,6.057003397408E-03));
#3121 = CARTESIAN_POINT('',(5.248322135377E-02,6.530329093058E-03));
#3122 = CARTESIAN_POINT('',(4.520567606789E-02,7.005227063642E-03));
#3123 = CARTESIAN_POINT('',(3.857141001365E-02,7.308626371917E-03));
#3124 = CARTESIAN_POINT('',(3.077971696649E-02,7.64963300162E-03));
#3125 = CARTESIAN_POINT('',(2.339490280478E-02,7.844273664284E-03));
#3126 = CARTESIAN_POINT('',(1.558534150615E-02,8.001448212704E-03));
#3127 = CARTESIAN_POINT('',(7.800522236553E-03,8.07397212524E-03));
#3128 = CARTESIAN_POINT('',(-7.800522236552E-03,8.07397212524E-03));
#3129 = CARTESIAN_POINT('',(-1.558534150616E-02,8.001448212702E-03));
#3130 = CARTESIAN_POINT('',(-2.339490280464E-02,7.844273664296E-03));
#3131 = CARTESIAN_POINT('',(-3.077971696666E-02,7.649633001594E-03));
#3132 = CARTESIAN_POINT('',(-3.85714100132E-02,7.308626371962E-03));
#3133 = CARTESIAN_POINT('',(-4.520567606828E-02,7.005227063604E-03));
#3134 = CARTESIAN_POINT('',(-5.24832213535E-02,6.530329093081E-03));
#3135 = CARTESIAN_POINT('',(-5.873657188364E-02,6.057003397404E-03));
#3136 = CARTESIAN_POINT('',(-6.476262599349E-02,5.508294783563E-03));
#3137 = CARTESIAN_POINT('',(-7.032331762534E-02,4.905248836783E-03));
#3138 = ( GEOMETRIC_REPRESENTATION_CONTEXT(2) 
PARAMETRIC_REPRESENTATION_CONTEXT() REPRESENTATION_CONTEXT('2D SPACE',''
  ) );
#3139 = PCURVE('',#3140,#3145);
#3140 = CYLINDRICAL_SURFACE('',#3141,0.1);
#3141 = AXIS2_PLACEMENT_3D('',#3142,#3143,#3144);
#3142 = CARTESIAN_POINT('',(9.837729952288E-02,9.837729952288E-02,
    0.654320258332));
#3143 = DIRECTION('',(0.103962051184,0.103962051184,0.989132844378));
#3144 = DIRECTION('',(-0.994521895368,-1.734723475977E-18,0.104528463268
    ));
#3145 = DEFINITIONAL_REPRESENTATION('',(#3146),#3149);
#3146 = B_SPLINE_CURVE_WITH_KNOTS('',1,(#3147,#3148),.UNSPECIFIED.,.F.,
  .F.,(2,2),(0.,1.559869909752),.PIECEWISE_BEZIER_KNOTS.);
#3147 = CARTESIAN_POINT('',(1.559869909752,1.560858465792E-02));
#3148 = CARTESIAN_POINT('',(0.,1.560858465792E-02));
#3149 = ( GEOMETRIC_REPRESENTATION_CONTEXT(2) 
PARAMETRIC_REPRESENTATION_CONTEXT() REPRESENTATION_CONTEXT('2D SPACE',''
  ) );
#3150 = ORIENTED_EDGE('',*,*,#2320,.T.);
#3151 = ADVANCED_FACE('',(#3152),#2379,.T.);
#3152 = FACE_BOUND('',#3153,.T.);
#3153 = EDGE_LOOP('',(#3154,#3155,#3178,#3206));
#3154 = ORIENTED_EDGE('',*,*,#2363,.F.);
#3155 = ORIENTED_EDGE('',*,*,#3156,.T.);
#3156 = EDGE_CURVE('',#2321,#3157,#3159,.T.);
#3157 = VERTEX_POINT('',#3158);
#3158 = CARTESIAN_POINT('',(2.272438309008E-02,0.122176572627,
    0.891208062716));
#3159 = SURFACE_CURVE('',#3160,(#3164,#3171),.PCURVE_S1.);
#3160 = LINE('',#3161,#3162);
#3161 = CARTESIAN_POINT('',(-1.074890013952E-03,9.837729952288E-02,
    0.664773104659));
#3162 = VECTOR('',#3163,1.);
#3163 = DIRECTION('',(0.103962051184,0.103962051184,0.989132844378));
#3164 = PCURVE('',#2379,#3165);
#3165 = DEFINITIONAL_REPRESENTATION('',(#3166),#3170);
#3166 = LINE('',#3167,#3168);
#3167 = CARTESIAN_POINT('',(9.837729952288E-02,1.028322793955E-02));
#3168 = VECTOR('',#3169,1.);
#3169 = DIRECTION('',(0.103962051184,-0.99458126461));
#3170 = ( GEOMETRIC_REPRESENTATION_CONTEXT(2) 
PARAMETRIC_REPRESENTATION_CONTEXT() REPRESENTATION_CONTEXT('2D SPACE',''
  ) );
#3171 = PCURVE('',#3140,#3172);
#3172 = DEFINITIONAL_REPRESENTATION('',(#3173),#3177);
#3173 = LINE('',#3174,#3175);
#3174 = CARTESIAN_POINT('',(0.,0.));
#3175 = VECTOR('',#3176,1.);
#3176 = DIRECTION('',(0.,1.));
#3177 = ( GEOMETRIC_REPRESENTATION_CONTEXT(2) 
PARAMETRIC_REPRESENTATION_CONTEXT() REPRESENTATION_CONTEXT('2D SPACE',''
  ) );
#3178 = ORIENTED_EDGE('',*,*,#3179,.T.);
#3179 = EDGE_CURVE('',#3157,#3180,#3182,.T.);
#3180 = VERTEX_POINT('',#3181);
#3181 = CARTESIAN_POINT('',(2.272438309008E-02,22.277823427373,
    0.891208062716));
#3182 = SURFACE_CURVE('',#3183,(#3187,#3194),.PCURVE_S1.);
#3183 = LINE('',#3184,#3185);
#3184 = CARTESIAN_POINT('',(2.272438309008E-02,2.642593011019E-02,
    0.891208062716));
#3185 = VECTOR('',#3186,1.);
#3186 = DIRECTION('',(0.,1.,0.));
#3187 = PCURVE('',#2379,#3188);
#3188 = DEFINITIONAL_REPRESENTATION('',(#3189),#3193);
#3189 = LINE('',#3190,#3191);
#3190 = CARTESIAN_POINT('',(2.642593011019E-02,-0.21739899717));
#3191 = VECTOR('',#3192,1.);
#3192 = DIRECTION('',(1.,0.));
#3193 = ( GEOMETRIC_REPRESENTATION_CONTEXT(2) 
PARAMETRIC_REPRESENTATION_CONTEXT() REPRESENTATION_CONTEXT('2D SPACE',''
  ) );
#3194 = PCURVE('',#3195,#3200);
#3195 = CYLINDRICAL_SURFACE('',#3196,0.1);
#3196 = AXIS2_PLACEMENT_3D('',#3197,#3198,#3199);
#3197 = CARTESIAN_POINT('',(0.122176572627,2.642593011019E-02,
    0.88075521639));
#3198 = DIRECTION('',(0.,1.,0.));
#3199 = DIRECTION('',(-0.994521895368,0.,0.104528463268));
#3200 = DEFINITIONAL_REPRESENTATION('',(#3201),#3205);
#3201 = LINE('',#3202,#3203);
#3202 = CARTESIAN_POINT('',(0.,0.));
#3203 = VECTOR('',#3204,1.);
#3204 = DIRECTION('',(0.,1.));
#3205 = ( GEOMETRIC_REPRESENTATION_CONTEXT(2) 
PARAMETRIC_REPRESENTATION_CONTEXT() REPRESENTATION_CONTEXT('2D SPACE',''
  ) );
#3206 = ORIENTED_EDGE('',*,*,#3207,.F.);
#3207 = EDGE_CURVE('',#2364,#3180,#3208,.T.);
#3208 = SURFACE_CURVE('',#3209,(#3213,#3220),.PCURVE_S1.);
#3209 = LINE('',#3210,#3211);
#3210 = CARTESIAN_POINT('',(-1.074890013952E-03,22.301622700477,
    0.664773104659));
#3211 = VECTOR('',#3212,1.);
#3212 = DIRECTION('',(0.103962051184,-0.103962051184,0.989132844378));
#3213 = PCURVE('',#2379,#3214);
#3214 = DEFINITIONAL_REPRESENTATION('',(#3215),#3219);
#3215 = LINE('',#3216,#3217);
#3216 = CARTESIAN_POINT('',(22.301622700477,1.028322793955E-02));
#3217 = VECTOR('',#3218,1.);
#3218 = DIRECTION('',(-0.103962051184,-0.99458126461));
#3219 = ( GEOMETRIC_REPRESENTATION_CONTEXT(2) 
PARAMETRIC_REPRESENTATION_CONTEXT() REPRESENTATION_CONTEXT('2D SPACE',''
  ) );
#3220 = PCURVE('',#2822,#3221);
#3221 = DEFINITIONAL_REPRESENTATION('',(#3222),#3226);
#3222 = LINE('',#3223,#3224);
#3223 = CARTESIAN_POINT('',(-0.,0.));
#3224 = VECTOR('',#3225,1.);
#3225 = DIRECTION('',(-0.,1.));
#3226 = ( GEOMETRIC_REPRESENTATION_CONTEXT(2) 
PARAMETRIC_REPRESENTATION_CONTEXT() REPRESENTATION_CONTEXT('2D SPACE',''
  ) );
#3227 = ADVANCED_FACE('',(#3228),#2452,.T.);
#3228 = FACE_BOUND('',#3229,.T.);
#3229 = EDGE_LOOP('',(#3230,#3231,#3232));
#3230 = ORIENTED_EDGE('',*,*,#2438,.F.);
#3231 = ORIENTED_EDGE('',*,*,#2467,.T.);
#3232 = ORIENTED_EDGE('',*,*,#2598,.F.);
#3233 = ADVANCED_FACE('',(#3234),#2673,.T.);
#3234 = FACE_BOUND('',#3235,.F.);
#3235 = EDGE_LOOP('',(#3236,#3237,#3265,#3390));
#3236 = ORIENTED_EDGE('',*,*,#2690,.F.);
#3237 = ORIENTED_EDGE('',*,*,#3238,.T.);
#3238 = EDGE_CURVE('',#2691,#3239,#3241,.T.);
#3239 = VERTEX_POINT('',#3240);
#3240 = CARTESIAN_POINT('',(10.3,22.3,0.669759222072));
#3241 = SURFACE_CURVE('',#3242,(#3246,#3253),.PCURVE_S1.);
#3242 = LINE('',#3243,#3244);
#3243 = CARTESIAN_POINT('',(10.3,22.3,0.575));
#3244 = VECTOR('',#3245,1.);
#3245 = DIRECTION('',(0.,0.,1.));
#3246 = PCURVE('',#2673,#3247);
#3247 = DEFINITIONAL_REPRESENTATION('',(#3248),#3252);
#3248 = LINE('',#3249,#3250);
#3249 = CARTESIAN_POINT('',(-1.570796326795,0.));
#3250 = VECTOR('',#3251,1.);
#3251 = DIRECTION('',(-0.,1.));
#3252 = ( GEOMETRIC_REPRESENTATION_CONTEXT(2) 
PARAMETRIC_REPRESENTATION_CONTEXT() REPRESENTATION_CONTEXT('2D SPACE',''
  ) );
#3253 = PCURVE('',#3254,#3259);
#3254 = PLANE('',#3255);
#3255 = AXIS2_PLACEMENT_3D('',#3256,#3257,#3258);
#3256 = CARTESIAN_POINT('',(10.3,0.,0.575));
#3257 = DIRECTION('',(1.,0.,-0.));
#3258 = DIRECTION('',(0.,0.,1.));
#3259 = DEFINITIONAL_REPRESENTATION('',(#3260),#3264);
#3260 = LINE('',#3261,#3262);
#3261 = CARTESIAN_POINT('',(0.,-22.3));
#3262 = VECTOR('',#3263,1.);
#3263 = DIRECTION('',(1.,0.));
#3264 = ( GEOMETRIC_REPRESENTATION_CONTEXT(2) 
PARAMETRIC_REPRESENTATION_CONTEXT() REPRESENTATION_CONTEXT('2D SPACE',''
  ) );
#3265 = ORIENTED_EDGE('',*,*,#3266,.F.);
#3266 = EDGE_CURVE('',#2632,#3239,#3267,.T.);
#3267 = SURFACE_CURVE('',#3268,(#3276,#3282),.PCURVE_S1.);
#3268 = ( BOUNDED_CURVE() B_SPLINE_CURVE(6,(#3269,#3270,#3271,#3272,
#3273,#3274,#3275),.UNSPECIFIED.,.F.,.F.) B_SPLINE_CURVE_WITH_KNOTS((7,7
),(0.,1.570796326795),.PIECEWISE_BEZIER_KNOTS.) CURVE() 
GEOMETRIC_REPRESENTATION_ITEM() RATIONAL_B_SPLINE_CURVE((1.031393471788,
    1.010025407661,0.997924642725,0.993958444137,0.997924642725,
1.010025407661,1.031393471788)) REPRESENTATION_ITEM('') );
#3269 = CARTESIAN_POINT('',(10.2,22.4,0.669759222072));
#3270 = CARTESIAN_POINT('',(10.226733678315,22.4,0.669759222072));
#3271 = CARTESIAN_POINT('',(10.252770857258,22.391499564937,
    0.669759222072));
#3272 = CARTESIAN_POINT('',(10.27519195132,22.37519195132,0.669759222072
    ));
#3273 = CARTESIAN_POINT('',(10.291499564937,22.352770857258,
    0.669759222072));
#3274 = CARTESIAN_POINT('',(10.3,22.326733678315,0.669759222072));
#3275 = CARTESIAN_POINT('',(10.3,22.3,0.669759222072));
#3276 = PCURVE('',#2673,#3277);
#3277 = DEFINITIONAL_REPRESENTATION('',(#3278),#3281);
#3278 = B_SPLINE_CURVE_WITH_KNOTS('',1,(#3279,#3280),.UNSPECIFIED.,.F.,
  .F.,(2,2),(0.,1.570796326795),.PIECEWISE_BEZIER_KNOTS.);
#3279 = CARTESIAN_POINT('',(0.,9.475922207171E-02));
#3280 = CARTESIAN_POINT('',(-1.570796326795,9.47592220717E-02));
#3281 = ( GEOMETRIC_REPRESENTATION_CONTEXT(2) 
PARAMETRIC_REPRESENTATION_CONTEXT() REPRESENTATION_CONTEXT('2D SPACE',''
  ) );
#3282 = PCURVE('',#3283,#3365);
#3283 = B_SPLINE_SURFACE_WITH_KNOTS('',8,8,(
    (#3284,#3285,#3286,#3287,#3288,#3289,#3290,#3291,#3292)
    ,(#3293,#3294,#3295,#3296,#3297,#3298,#3299,#3300,#3301)
    ,(#3302,#3303,#3304,#3305,#3306,#3307,#3308,#3309,#3310)
    ,(#3311,#3312,#3313,#3314,#3315,#3316,#3317,#3318,#3319)
    ,(#3320,#3321,#3322,#3323,#3324,#3325,#3326,#3327,#3328)
    ,(#3329,#3330,#3331,#3332,#3333,#3334,#3335,#3336,#3337)
    ,(#3338,#3339,#3340,#3341,#3342,#3343,#3344,#3345,#3346)
    ,(#3347,#3348,#3349,#3350,#3351,#3352,#3353,#3354,#3355)
    ,(#3356,#3357,#3358,#3359,#3360,#3361,#3362,#3363,#3364
  )),.UNSPECIFIED.,.F.,.F.,.F.,(9,9),(9,9),(-7.778174593054E-02,
    7.77817459305E-02),(-7.315613219609E-03,8.855910256718E-03),
  .PIECEWISE_BEZIER_KNOTS.);
#3284 = CARTESIAN_POINT('',(10.189568739838,22.399568571388,
    0.667707465772));
#3285 = CARTESIAN_POINT('',(10.189640569674,22.399640538362,
    0.669734143219));
#3286 = CARTESIAN_POINT('',(10.189606889244,22.399606626083,
    0.671755314877));
#3287 = CARTESIAN_POINT('',(10.18918568087,22.399186076664,
    0.673755394657));
#3288 = CARTESIAN_POINT('',(10.190530258418,22.400530016278,
    0.675850585718));
#3289 = CARTESIAN_POINT('',(10.188325137493,22.398325129418,
    0.677755054073));
#3290 = CARTESIAN_POINT('',(10.189326333311,22.399326453463,
    0.679832066195));
#3291 = CARTESIAN_POINT('',(10.189039750287,22.399039561287,
    0.681839174569));
#3292 = CARTESIAN_POINT('',(10.18858131858,22.39858105857,0.683837472209
    ));
#3293 = CARTESIAN_POINT('',(10.219199273851,22.401699464168,
    0.668554456917));
#3294 = CARTESIAN_POINT('',(10.219468581045,22.401968997511,
    0.670591618817));
#3295 = CARTESIAN_POINT('',(10.219564323751,22.40206538989,
    0.672619123702));
#3296 = CARTESIAN_POINT('',(10.218452034152,22.400950814676,
    0.674584783755));
#3297 = CARTESIAN_POINT('',(10.219444967742,22.401945785484,
    0.676657099417));
#3298 = CARTESIAN_POINT('',(10.218498783276,22.400999028476,
    0.678632939803));
#3299 = CARTESIAN_POINT('',(10.219247720677,22.401747898188,
    0.680694371776));
#3300 = CARTESIAN_POINT('',(10.218459242046,22.400959093148,
    0.68267491177));
#3301 = CARTESIAN_POINT('',(10.217866154415,22.400366033378,
    0.684666100861));
#3302 = CARTESIAN_POINT('',(10.241918305946,22.39691653325,
    0.669033264294));
#3303 = CARTESIAN_POINT('',(10.241491039173,22.3964877639,0.6710337724)
  );
#3304 = CARTESIAN_POINT('',(10.240168349526,22.395163074854,
    0.672983918367));
#3305 = CARTESIAN_POINT('',(10.248367230195,22.403379324333,
    0.675450536405));
#3306 = CARTESIAN_POINT('',(10.234343121224,22.389327474287,
    0.676709845507));
#3307 = CARTESIAN_POINT('',(10.248195566957,22.403208085948,
    0.679493303192));
#3308 = CARTESIAN_POINT('',(10.239055600269,22.394048404677,
    0.681012356789));
#3309 = CARTESIAN_POINT('',(10.241367891176,22.39636675804,
    0.683163301614));
#3310 = CARTESIAN_POINT('',(10.240912381733,22.395911804604,
    0.685161928533));
#3311 = CARTESIAN_POINT('',(10.255680313926,22.383183033388,
    0.669033877457));
#3312 = CARTESIAN_POINT('',(10.254601792297,22.382106350534,
    0.670998789585));
#3313 = CARTESIAN_POINT('',(10.259013102762,22.386519980032,
    0.673263762975));
#3314 = CARTESIAN_POINT('',(10.25012792877,22.377607874214,
    0.674788114098));
#3315 = CARTESIAN_POINT('',(10.277228958307,22.404754790611,
    0.678304600779));
#3316 = CARTESIAN_POINT('',(10.244977414473,22.372454409805,
    0.678549695971));
#3317 = CARTESIAN_POINT('',(10.25637408162,22.383884520477,
    0.681212907352));
#3318 = CARTESIAN_POINT('',(10.254328120848,22.381830366858,
    0.683118794541));
#3319 = CARTESIAN_POINT('',(10.256054562143,22.383556010335,
    0.685235307426));
#3320 = CARTESIAN_POINT('',(10.277018063777,22.377018063778,
    0.669437138377));
#3321 = CARTESIAN_POINT('',(10.278357603938,22.378357603939,
    0.671531873209));
#3322 = CARTESIAN_POINT('',(10.274547374629,22.374547374622,
    0.673342633301));
#3323 = CARTESIAN_POINT('',(10.283485737497,22.383485737518,
    0.675875330197));
#3324 = CARTESIAN_POINT('',(10.254557696902,22.354557696859,
    0.676293424064));
#3325 = CARTESIAN_POINT('',(10.287799357266,22.387799357317,
    0.680158730134));
#3326 = CARTESIAN_POINT('',(10.277860188331,22.3778601883,0.681617427176
    ));
#3327 = CARTESIAN_POINT('',(10.276920204784,22.376920204795,
    0.683599336437));
#3328 = CARTESIAN_POINT('',(10.27440438705,22.37440438705,0.685485189777
    ));
#3329 = CARTESIAN_POINT('',(10.283183033388,22.355680313926,
    0.669033877457));
#3330 = CARTESIAN_POINT('',(10.282106350532,22.354601792295,
    0.670998789586));
#3331 = CARTESIAN_POINT('',(10.286519980021,22.359013102757,
    0.673263762975));
#3332 = CARTESIAN_POINT('',(10.277607874239,22.350127928767,
    0.674788114097));
#3333 = CARTESIAN_POINT('',(10.30475479057,22.377228958331,
    0.678304600777));
#3334 = CARTESIAN_POINT('',(10.272454409847,22.344977414437,
    0.678549695973));
#3335 = CARTESIAN_POINT('',(10.283884520454,22.356374081644,
    0.681212907351));
#3336 = CARTESIAN_POINT('',(10.281830366866,22.35432812084,
    0.683118794541));
#3337 = CARTESIAN_POINT('',(10.283556010335,22.356054562143,
    0.685235307426));
#3338 = CARTESIAN_POINT('',(10.296916533251,22.341918305947,
    0.669033264294));
#3339 = CARTESIAN_POINT('',(10.296487763903,22.341491039175,
    0.671033772399));
#3340 = CARTESIAN_POINT('',(10.29516307486,22.340168349533,
    0.672983918366));
#3341 = CARTESIAN_POINT('',(10.303379324321,22.348367230193,
    0.675450536405));
#3342 = CARTESIAN_POINT('',(10.289327474309,22.334343121216,
    0.676709845509));
#3343 = CARTESIAN_POINT('',(10.303208085922,22.348195566968,
    0.679493303189));
#3344 = CARTESIAN_POINT('',(10.294048404688,22.339055600257,
    0.68101235679));
#3345 = CARTESIAN_POINT('',(10.296366758037,22.341367891179,
    0.683163301614));
#3346 = CARTESIAN_POINT('',(10.295911804603,22.340912381733,
    0.685161928533));
#3347 = CARTESIAN_POINT('',(10.301699464168,22.319199273851,
    0.668554456918));
#3348 = CARTESIAN_POINT('',(10.301968997509,22.319468581044,
    0.670591618817));
#3349 = CARTESIAN_POINT('',(10.302065389888,22.319564323748,
    0.672619123703));
#3350 = CARTESIAN_POINT('',(10.300950814684,22.318452034157,
    0.674584783754));
#3351 = CARTESIAN_POINT('',(10.301945785473,22.319444967739,
    0.676657099417));
#3352 = CARTESIAN_POINT('',(10.300999028486,22.318498783275,
    0.678632939803));
#3353 = CARTESIAN_POINT('',(10.301747898185,22.319247720681,
    0.680694371777));
#3354 = CARTESIAN_POINT('',(10.300959093149,22.318459242046,
    0.682674911771));
#3355 = CARTESIAN_POINT('',(10.300366033378,22.317866154415,
    0.684666100861));
#3356 = CARTESIAN_POINT('',(10.299568571388,22.289568739839,
    0.667707465772));
#3357 = CARTESIAN_POINT('',(10.299640538362,22.289640569674,
    0.669734143219));
#3358 = CARTESIAN_POINT('',(10.299606626085,22.289606889245,
    0.671755314877));
#3359 = CARTESIAN_POINT('',(10.299186076659,22.289185680867,
    0.673755394657));
#3360 = CARTESIAN_POINT('',(10.300530016286,22.290530258422,
    0.675850585719));
#3361 = CARTESIAN_POINT('',(10.298325129412,22.28832513749,
    0.677755054073));
#3362 = CARTESIAN_POINT('',(10.299326453465,22.289326333311,
    0.679832066195));
#3363 = CARTESIAN_POINT('',(10.299039561287,22.289039750287,
    0.681839174569));
#3364 = CARTESIAN_POINT('',(10.29858105857,22.288581318579,
    0.683837472208));
#3365 = DEFINITIONAL_REPRESENTATION('',(#3366),#3389);
#3366 = B_SPLINE_CURVE_WITH_KNOTS('',11,(#3367,#3368,#3369,#3370,#3371,
    #3372,#3373,#3374,#3375,#3376,#3377,#3378,#3379,#3380,#3381,#3382,
    #3383,#3384,#3385,#3386,#3387,#3388),.UNSPECIFIED.,.F.,.F.,(12,10,12
    ),(0.,0.785398163397,1.570796326795),.UNSPECIFIED.);
#3367 = CARTESIAN_POINT('',(-7.071067811867E-02,-5.554770144436E-03));
#3368 = CARTESIAN_POINT('',(-6.56424313236E-02,-5.745793291957E-03));
#3369 = CARTESIAN_POINT('',(-6.004346671309E-02,-5.926660201576E-03));
#3370 = CARTESIAN_POINT('',(-5.501196532454E-02,-6.056370894365E-03));
#3371 = CARTESIAN_POINT('',(-4.731082729091E-02,-6.261774277562E-03));
#3372 = CARTESIAN_POINT('',(-4.306878825982E-02,-6.294697516914E-03));
#3373 = CARTESIAN_POINT('',(-3.418340898557E-02,-6.490957836911E-03));
#3374 = CARTESIAN_POINT('',(-2.893340430519E-02,-6.50789766723E-03));
#3375 = CARTESIAN_POINT('',(-2.115870504889E-02,-6.603866867451E-03));
#3376 = CARTESIAN_POINT('',(-1.432493893835E-02,-6.635940474702E-03));
#3377 = CARTESIAN_POINT('',(-7.13847676184E-03,-6.658581054215E-03));
#3378 = CARTESIAN_POINT('',(7.138476761876E-03,-6.658581054215E-03));
#3379 = CARTESIAN_POINT('',(1.432493893797E-02,-6.635940474699E-03));
#3380 = CARTESIAN_POINT('',(2.11587050501E-02,-6.603866867442E-03));
#3381 = CARTESIAN_POINT('',(2.893340430264E-02,-6.507897667255E-03));
#3382 = CARTESIAN_POINT('',(3.418340898904E-02,-6.490957836846E-03));
#3383 = CARTESIAN_POINT('',(4.306878825613E-02,-6.294697516995E-03));
#3384 = CARTESIAN_POINT('',(4.731082729367E-02,-6.261774277476E-03));
#3385 = CARTESIAN_POINT('',(5.50119653231E-02,-6.056370894406E-03));
#3386 = CARTESIAN_POINT('',(6.004346671348E-02,-5.926660201551E-03));
#3387 = CARTESIAN_POINT('',(6.564243132351E-02,-5.745793291952E-03));
#3388 = CARTESIAN_POINT('',(7.071067811864E-02,-5.554770144427E-03));
#3389 = ( GEOMETRIC_REPRESENTATION_CONTEXT(2) 
PARAMETRIC_REPRESENTATION_CONTEXT() REPRESENTATION_CONTEXT('2D SPACE',''
  ) );
#3390 = ORIENTED_EDGE('',*,*,#2659,.F.);
#3391 = ADVANCED_FACE('',(#3392),#2647,.T.);
#3392 = FACE_BOUND('',#3393,.T.);
#3393 = EDGE_LOOP('',(#3394,#3395,#3423,#3464));
#3394 = ORIENTED_EDGE('',*,*,#2833,.F.);
#3395 = ORIENTED_EDGE('',*,*,#3396,.T.);
#3396 = EDGE_CURVE('',#2786,#3397,#3399,.T.);
#3397 = VERTEX_POINT('',#3398);
#3398 = CARTESIAN_POINT('',(10.2,22.399452189537,0.680212068398));
#3399 = SURFACE_CURVE('',#3400,(#3404,#3411),.PCURVE_S1.);
#3400 = LINE('',#3401,#3402);
#3401 = CARTESIAN_POINT('',(1.387778780781E-17,22.399452189537,
    0.680212068398));
#3402 = VECTOR('',#3403,1.);
#3403 = DIRECTION('',(1.,0.,0.));
#3404 = PCURVE('',#2647,#3405);
#3405 = DEFINITIONAL_REPRESENTATION('',(#3406),#3410);
#3406 = LINE('',#3407,#3408);
#3407 = CARTESIAN_POINT('',(0.10471975512,0.));
#3408 = VECTOR('',#3409,1.);
#3409 = DIRECTION('',(0.,1.));
#3410 = ( GEOMETRIC_REPRESENTATION_CONTEXT(2) 
PARAMETRIC_REPRESENTATION_CONTEXT() REPRESENTATION_CONTEXT('2D SPACE',''
  ) );
#3411 = PCURVE('',#3412,#3417);
#3412 = PLANE('',#3413);
#3413 = AXIS2_PLACEMENT_3D('',#3414,#3415,#3416);
#3414 = CARTESIAN_POINT('',(0.,22.4,0.675));
#3415 = DIRECTION('',(0.,0.994521895368,0.104528463268));
#3416 = DIRECTION('',(1.,0.,0.));
#3417 = DEFINITIONAL_REPRESENTATION('',(#3418),#3422);
#3418 = LINE('',#3419,#3420);
#3419 = CARTESIAN_POINT('',(1.387778780781E-17,-5.240777928316E-03));
#3420 = VECTOR('',#3421,1.);
#3421 = DIRECTION('',(1.,0.));
#3422 = ( GEOMETRIC_REPRESENTATION_CONTEXT(2) 
PARAMETRIC_REPRESENTATION_CONTEXT() REPRESENTATION_CONTEXT('2D SPACE',''
  ) );
#3423 = ORIENTED_EDGE('',*,*,#3424,.T.);
#3424 = EDGE_CURVE('',#3397,#2632,#3425,.T.);
#3425 = SURFACE_CURVE('',#3426,(#3434,#3440),.PCURVE_S1.);
#3426 = ( BOUNDED_CURVE() B_SPLINE_CURVE(6,(#3427,#3428,#3429,#3430,
#3431,#3432,#3433),.UNSPECIFIED.,.F.,.F.) B_SPLINE_CURVE_WITH_KNOTS((7,7
),(0.,0.10471975512),.PIECEWISE_BEZIER_KNOTS.) CURVE() 
GEOMETRIC_REPRESENTATION_ITEM() RATIONAL_B_SPLINE_CURVE((1.000137088577,
    1.00004568784,0.999990860763,0.999972587294,0.999990860763,
1.00004568784,1.000137088577)) REPRESENTATION_ITEM('') );
#3427 = CARTESIAN_POINT('',(10.2,22.399452189537,0.680212068398));
#3428 = CARTESIAN_POINT('',(10.2,22.399634642796,0.678476141599));
#3429 = CARTESIAN_POINT('',(10.2,22.399780716882,0.67673658371));
#3430 = CARTESIAN_POINT('',(10.2,22.399890334724,0.674994252686));
#3431 = CARTESIAN_POINT('',(10.2,22.399963440564,0.67325000815));
#3432 = CARTESIAN_POINT('',(10.2,22.4,0.671504710841));
#3433 = CARTESIAN_POINT('',(10.2,22.4,0.669759222072));
#3434 = PCURVE('',#2647,#3435);
#3435 = DEFINITIONAL_REPRESENTATION('',(#3436),#3439);
#3436 = B_SPLINE_CURVE_WITH_KNOTS('',1,(#3437,#3438),.UNSPECIFIED.,.F.,
  .F.,(2,2),(0.,0.10471975512),.PIECEWISE_BEZIER_KNOTS.);
#3437 = CARTESIAN_POINT('',(0.10471975512,10.2));
#3438 = CARTESIAN_POINT('',(0.,10.2));
#3439 = ( GEOMETRIC_REPRESENTATION_CONTEXT(2) 
PARAMETRIC_REPRESENTATION_CONTEXT() REPRESENTATION_CONTEXT('2D SPACE',''
  ) );
#3440 = PCURVE('',#3283,#3441);
#3441 = DEFINITIONAL_REPRESENTATION('',(#3442),#3463);
#3442 = B_SPLINE_CURVE_WITH_KNOTS('',10,(#3443,#3444,#3445,#3446,#3447,
    #3448,#3449,#3450,#3451,#3452,#3453,#3454,#3455,#3456,#3457,#3458,
    #3459,#3460,#3461,#3462),.UNSPECIFIED.,.F.,.F.,(11,9,11),(0.,
    5.235987755983E-02,0.10471975512),.UNSPECIFIED.);
#3443 = CARTESIAN_POINT('',(-7.032331762536E-02,4.905248836783E-03));
#3444 = CARTESIAN_POINT('',(-7.036203805828E-02,4.383162923465E-03));
#3445 = CARTESIAN_POINT('',(-7.039861864173E-02,3.860735352215E-03));
#3446 = CARTESIAN_POINT('',(-7.043303962074E-02,3.338287548204E-03));
#3447 = CARTESIAN_POINT('',(-7.046529621208E-02,2.815920556031E-03));
#3448 = CARTESIAN_POINT('',(-7.049539363428E-02,2.293584277654E-03));
#3449 = CARTESIAN_POINT('',(-7.052334213606E-02,1.771146710252E-03));
#3450 = CARTESIAN_POINT('',(-7.054915202684E-02,1.248463184175E-03));
#3451 = CARTESIAN_POINT('',(-7.057282870503E-02,7.254456008033E-04));
#3452 = CARTESIAN_POINT('',(-7.059436768825E-02,2.021316704803E-04));
#3453 = CARTESIAN_POINT('',(-7.063313159618E-02,-8.446233696858E-04));
#3454 = CARTESIAN_POINT('',(-7.065036874291E-02,-1.365288097823E-03));
#3455 = CARTESIAN_POINT('',(-7.066534929799E-02,-1.903797436092E-03));
#3456 = CARTESIAN_POINT('',(-7.067854623009E-02,-2.383876298941E-03));
#3457 = CARTESIAN_POINT('',(-7.06888715126E-02,-2.984714248363E-03));
#3458 = CARTESIAN_POINT('',(-7.069792481307E-02,-3.414188702264E-03));
#3459 = CARTESIAN_POINT('',(-7.0704125523E-02,-4.014422113061E-03));
#3460 = CARTESIAN_POINT('',(-7.070852492075E-02,-4.496305293998E-03));
#3461 = CARTESIAN_POINT('',(-7.071067811867E-02,-5.031651675781E-03));
#3462 = CARTESIAN_POINT('',(-7.071067811867E-02,-5.554770144435E-03));
#3463 = ( GEOMETRIC_REPRESENTATION_CONTEXT(2) 
PARAMETRIC_REPRESENTATION_CONTEXT() REPRESENTATION_CONTEXT('2D SPACE',''
  ) );
#3464 = ORIENTED_EDGE('',*,*,#2631,.F.);
#3465 = ADVANCED_FACE('',(#3466),#2770,.T.);
#3466 = FACE_BOUND('',#3467,.F.);
#3467 = EDGE_LOOP('',(#3468,#3469,#3490,#3491));
#3468 = ORIENTED_EDGE('',*,*,#3017,.T.);
#3469 = ORIENTED_EDGE('',*,*,#3470,.T.);
#3470 = EDGE_CURVE('',#2973,#2691,#3471,.T.);
#3471 = SURFACE_CURVE('',#3472,(#3476,#3483),.PCURVE_S1.);
#3472 = LINE('',#3473,#3474);
#3473 = CARTESIAN_POINT('',(10.3,0.,0.580240777928));
#3474 = VECTOR('',#3475,1.);
#3475 = DIRECTION('',(-0.,1.,0.));
#3476 = PCURVE('',#2770,#3477);
#3477 = DEFINITIONAL_REPRESENTATION('',(#3478),#3482);
#3478 = LINE('',#3479,#3480);
#3479 = CARTESIAN_POINT('',(-0.10471975512,0.));
#3480 = VECTOR('',#3481,1.);
#3481 = DIRECTION('',(-0.,1.));
#3482 = ( GEOMETRIC_REPRESENTATION_CONTEXT(2) 
PARAMETRIC_REPRESENTATION_CONTEXT() REPRESENTATION_CONTEXT('2D SPACE',''
  ) );
#3483 = PCURVE('',#3254,#3484);
#3484 = DEFINITIONAL_REPRESENTATION('',(#3485),#3489);
#3485 = LINE('',#3486,#3487);
#3486 = CARTESIAN_POINT('',(5.240777928304E-03,0.));
#3487 = VECTOR('',#3488,1.);
#3488 = DIRECTION('',(0.,-1.));
#3489 = ( GEOMETRIC_REPRESENTATION_CONTEXT(2) 
PARAMETRIC_REPRESENTATION_CONTEXT() REPRESENTATION_CONTEXT('2D SPACE',''
  ) );
#3490 = ORIENTED_EDGE('',*,*,#2735,.F.);
#3491 = ORIENTED_EDGE('',*,*,#2885,.F.);
#3492 = ADVANCED_FACE('',(#3493),#2822,.T.);
#3493 = FACE_BOUND('',#3494,.F.);
#3494 = EDGE_LOOP('',(#3495,#3496,#3519,#3560));
#3495 = ORIENTED_EDGE('',*,*,#2785,.T.);
#3496 = ORIENTED_EDGE('',*,*,#3497,.T.);
#3497 = EDGE_CURVE('',#2786,#3498,#3500,.T.);
#3498 = VERTEX_POINT('',#3499);
#3499 = CARTESIAN_POINT('',(0.122176572627,22.37727561691,0.891208062716
    ));
#3500 = SURFACE_CURVE('',#3501,(#3505,#3512),.PCURVE_S1.);
#3501 = LINE('',#3502,#3503);
#3502 = CARTESIAN_POINT('',(9.837729952288E-02,22.401074890014,
    0.664773104659));
#3503 = VECTOR('',#3504,1.);
#3504 = DIRECTION('',(0.103962051184,-0.103962051184,0.989132844378));
#3505 = PCURVE('',#2822,#3506);
#3506 = DEFINITIONAL_REPRESENTATION('',(#3507),#3511);
#3507 = LINE('',#3508,#3509);
#3508 = CARTESIAN_POINT('',(-1.559869909752,0.));
#3509 = VECTOR('',#3510,1.);
#3510 = DIRECTION('',(-0.,1.));
#3511 = ( GEOMETRIC_REPRESENTATION_CONTEXT(2) 
PARAMETRIC_REPRESENTATION_CONTEXT() REPRESENTATION_CONTEXT('2D SPACE',''
  ) );
#3512 = PCURVE('',#3412,#3513);
#3513 = DEFINITIONAL_REPRESENTATION('',(#3514),#3518);
#3514 = LINE('',#3515,#3516);
#3515 = CARTESIAN_POINT('',(9.837729952288E-02,1.028322793955E-02));
#3516 = VECTOR('',#3517,1.);
#3517 = DIRECTION('',(0.103962051184,-0.99458126461));
#3518 = ( GEOMETRIC_REPRESENTATION_CONTEXT(2) 
PARAMETRIC_REPRESENTATION_CONTEXT() REPRESENTATION_CONTEXT('2D SPACE',''
  ) );
#3519 = ORIENTED_EDGE('',*,*,#3520,.F.);
#3520 = EDGE_CURVE('',#3180,#3498,#3521,.T.);
#3521 = SURFACE_CURVE('',#3522,(#3527,#3534),.PCURVE_S1.);
#3522 = CIRCLE('',#3523,0.1);
#3523 = AXIS2_PLACEMENT_3D('',#3524,#3525,#3526);
#3524 = CARTESIAN_POINT('',(0.122176572627,22.277823427373,0.88075521639
    ));
#3525 = DIRECTION('',(-0.103962051184,0.103962051184,-0.989132844378));
#3526 = DIRECTION('',(-0.994521895368,1.734723475977E-18,0.104528463268)
  );
#3527 = PCURVE('',#2822,#3528);
#3528 = DEFINITIONAL_REPRESENTATION('',(#3529),#3533);
#3529 = LINE('',#3530,#3531);
#3530 = CARTESIAN_POINT('',(-0.,0.228922696627));
#3531 = VECTOR('',#3532,1.);
#3532 = DIRECTION('',(-1.,5.338055842114E-17));
#3533 = ( GEOMETRIC_REPRESENTATION_CONTEXT(2) 
PARAMETRIC_REPRESENTATION_CONTEXT() REPRESENTATION_CONTEXT('2D SPACE',''
  ) );
#3534 = PCURVE('',#3535,#3540);
#3535 = SPHERICAL_SURFACE('',#3536,0.1);
#3536 = AXIS2_PLACEMENT_3D('',#3537,#3538,#3539);
#3537 = CARTESIAN_POINT('',(0.122176572627,22.277823427373,0.88075521639
    ));
#3538 = DIRECTION('',(0.707106781187,0.,-0.707106781187));
#3539 = DIRECTION('',(-0.707106781187,0.,-0.707106781187));
#3540 = DEFINITIONAL_REPRESENTATION('',(#3541),#3559);
#3541 = B_SPLINE_CURVE_WITH_KNOTS('',6,(#3542,#3543,#3544,#3545,#3546,
    #3547,#3548,#3549,#3550,#3551,#3552,#3553,#3554,#3555,#3556,#3557,
    #3558),.UNSPECIFIED.,.F.,.F.,(7,5,5,7),(0.,0.389967477438,
    0.974918693595,1.559869909752),.UNSPECIFIED.);
#3542 = CARTESIAN_POINT('',(0.,-0.890117918517));
#3543 = CARTESIAN_POINT('',(0.102717776293,-0.896874888325));
#3544 = CARTESIAN_POINT('',(0.207487252478,-0.897440961668));
#3545 = CARTESIAN_POINT('',(0.312087965316,-0.891523699657));
#3546 = CARTESIAN_POINT('',(0.413521691885,-0.879278429666));
#3547 = CARTESIAN_POINT('',(0.510086221596,-0.861383616745));
#3548 = CARTESIAN_POINT('',(0.737631014478,-0.80428633262));
#3549 = CARTESIAN_POINT('',(0.861680051498,-0.758900978543));
#3550 = CARTESIAN_POINT('',(0.970818922511,-0.704855126068));
#3551 = CARTESIAN_POINT('',(1.068026005175,-0.644828734663));
#3552 = CARTESIAN_POINT('',(1.155718091966,-0.580289653851));
#3553 = CARTESIAN_POINT('',(1.316385806819,-0.444604735925));
#3554 = CARTESIAN_POINT('',(1.389354780316,-0.373455659705));
#3555 = CARTESIAN_POINT('',(1.457141368611,-0.300153477809));
#3556 = CARTESIAN_POINT('',(1.521435314599,-0.225447329956));
#3557 = CARTESIAN_POINT('',(1.58362350364,-0.149879053016));
#3558 = CARTESIAN_POINT('',(1.64497986186,-7.398025001121E-02));
#3559 = ( GEOMETRIC_REPRESENTATION_CONTEXT(2) 
PARAMETRIC_REPRESENTATION_CONTEXT() REPRESENTATION_CONTEXT('2D SPACE',''
  ) );
#3560 = ORIENTED_EDGE('',*,*,#3207,.F.);
#3561 = ADVANCED_FACE('',(#3562),#2955,.T.);
#3562 = FACE_BOUND('',#3563,.T.);
#3563 = EDGE_LOOP('',(#3564,#3565,#3588,#3713));
#3564 = ORIENTED_EDGE('',*,*,#2972,.F.);
#3565 = ORIENTED_EDGE('',*,*,#3566,.T.);
#3566 = EDGE_CURVE('',#2973,#3567,#3569,.T.);
#3567 = VERTEX_POINT('',#3568);
#3568 = CARTESIAN_POINT('',(10.3,1.E-01,0.669759222072));
#3569 = SURFACE_CURVE('',#3570,(#3574,#3581),.PCURVE_S1.);
#3570 = LINE('',#3571,#3572);
#3571 = CARTESIAN_POINT('',(10.3,1.E-01,0.575));
#3572 = VECTOR('',#3573,1.);
#3573 = DIRECTION('',(0.,0.,1.));
#3574 = PCURVE('',#2955,#3575);
#3575 = DEFINITIONAL_REPRESENTATION('',(#3576),#3580);
#3576 = LINE('',#3577,#3578);
#3577 = CARTESIAN_POINT('',(1.570796326795,0.));
#3578 = VECTOR('',#3579,1.);
#3579 = DIRECTION('',(0.,1.));
#3580 = ( GEOMETRIC_REPRESENTATION_CONTEXT(2) 
PARAMETRIC_REPRESENTATION_CONTEXT() REPRESENTATION_CONTEXT('2D SPACE',''
  ) );
#3581 = PCURVE('',#3254,#3582);
#3582 = DEFINITIONAL_REPRESENTATION('',(#3583),#3587);
#3583 = LINE('',#3584,#3585);
#3584 = CARTESIAN_POINT('',(0.,-1.E-01));
#3585 = VECTOR('',#3586,1.);
#3586 = DIRECTION('',(1.,0.));
#3587 = ( GEOMETRIC_REPRESENTATION_CONTEXT(2) 
PARAMETRIC_REPRESENTATION_CONTEXT() REPRESENTATION_CONTEXT('2D SPACE',''
  ) );
#3588 = ORIENTED_EDGE('',*,*,#3589,.F.);
#3589 = EDGE_CURVE('',#2914,#3567,#3590,.T.);
#3590 = SURFACE_CURVE('',#3591,(#3599,#3605),.PCURVE_S1.);
#3591 = ( BOUNDED_CURVE() B_SPLINE_CURVE(6,(#3592,#3593,#3594,#3595,
#3596,#3597,#3598),.UNSPECIFIED.,.F.,.F.) B_SPLINE_CURVE_WITH_KNOTS((7,7
),(0.,1.570796326795),.PIECEWISE_BEZIER_KNOTS.) CURVE() 
GEOMETRIC_REPRESENTATION_ITEM() RATIONAL_B_SPLINE_CURVE((1.031393471788,
    1.010025407661,0.997924642725,0.993958444137,0.997924642725,
1.010025407661,1.031393471788)) REPRESENTATION_ITEM('') );
#3592 = CARTESIAN_POINT('',(10.2,-1.387778780781E-17,0.669759222072));
#3593 = CARTESIAN_POINT('',(10.226733678315,1.249000902703E-16,
    0.669759222072));
#3594 = CARTESIAN_POINT('',(10.252770857258,8.500435063369E-03,
    0.669759222072));
#3595 = CARTESIAN_POINT('',(10.27519195132,2.480804867977E-02,
    0.669759222072));
#3596 = CARTESIAN_POINT('',(10.291499564937,4.722914274178E-02,
    0.669759222072));
#3597 = CARTESIAN_POINT('',(10.3,7.326632168471E-02,0.669759222072));
#3598 = CARTESIAN_POINT('',(10.3,1.E-01,0.669759222072));
#3599 = PCURVE('',#2955,#3600);
#3600 = DEFINITIONAL_REPRESENTATION('',(#3601),#3604);
#3601 = B_SPLINE_CURVE_WITH_KNOTS('',1,(#3602,#3603),.UNSPECIFIED.,.F.,
  .F.,(2,2),(0.,1.570796326795),.PIECEWISE_BEZIER_KNOTS.);
#3602 = CARTESIAN_POINT('',(0.,9.47592220717E-02));
#3603 = CARTESIAN_POINT('',(1.570796326795,9.47592220717E-02));
#3604 = ( GEOMETRIC_REPRESENTATION_CONTEXT(2) 
PARAMETRIC_REPRESENTATION_CONTEXT() REPRESENTATION_CONTEXT('2D SPACE',''
  ) );
#3605 = PCURVE('',#3606,#3688);
#3606 = B_SPLINE_SURFACE_WITH_KNOTS('',8,8,(
    (#3607,#3608,#3609,#3610,#3611,#3612,#3613,#3614,#3615)
    ,(#3616,#3617,#3618,#3619,#3620,#3621,#3622,#3623,#3624)
    ,(#3625,#3626,#3627,#3628,#3629,#3630,#3631,#3632,#3633)
    ,(#3634,#3635,#3636,#3637,#3638,#3639,#3640,#3641,#3642)
    ,(#3643,#3644,#3645,#3646,#3647,#3648,#3649,#3650,#3651)
    ,(#3652,#3653,#3654,#3655,#3656,#3657,#3658,#3659,#3660)
    ,(#3661,#3662,#3663,#3664,#3665,#3666,#3667,#3668,#3669)
    ,(#3670,#3671,#3672,#3673,#3674,#3675,#3676,#3677,#3678)
    ,(#3679,#3680,#3681,#3682,#3683,#3684,#3685,#3686,#3687
  )),.UNSPECIFIED.,.F.,.F.,.F.,(9,9),(9,9),(-7.778174593053E-02,
    7.778174593051E-02),(-7.315613219615E-03,8.855910256724E-03),
  .PIECEWISE_BEZIER_KNOTS.);
#3607 = CARTESIAN_POINT('',(10.189568739838,4.314286122503E-04,
    0.667707465772));
#3608 = CARTESIAN_POINT('',(10.189640569674,3.594616380626E-04,
    0.669734143219));
#3609 = CARTESIAN_POINT('',(10.189606889245,3.93373916096E-04,
    0.671755314877));
#3610 = CARTESIAN_POINT('',(10.189185680869,8.139233377658E-04,
    0.673755394657));
#3611 = CARTESIAN_POINT('',(10.190530258419,-5.300162804588E-04,
    0.675850585719));
#3612 = CARTESIAN_POINT('',(10.188325137492,1.674870583997E-03,
    0.677755054073));
#3613 = CARTESIAN_POINT('',(10.189326333311,6.735465358862E-04,
    0.679832066195));
#3614 = CARTESIAN_POINT('',(10.189039750287,9.604387128318E-04,
    0.681839174569));
#3615 = CARTESIAN_POINT('',(10.18858131858,1.418941429697E-03,
    0.683837472209));
#3616 = CARTESIAN_POINT('',(10.219199273851,-1.699464168002E-03,
    0.668554456917));
#3617 = CARTESIAN_POINT('',(10.219468581045,-1.968997509244E-03,
    0.670591618817));
#3618 = CARTESIAN_POINT('',(10.219564323748,-2.065389891431E-03,
    0.672619123702));
#3619 = CARTESIAN_POINT('',(10.218452034157,-9.508146752689E-04,
    0.674584783756));
#3620 = CARTESIAN_POINT('',(10.219444967738,-1.945785482678E-03,
    0.676657099415));
#3621 = CARTESIAN_POINT('',(10.218498783277,-9.990284792115E-04,
    0.678632939804));
#3622 = CARTESIAN_POINT('',(10.219247720677,-1.747898186462E-03,
    0.680694371776));
#3623 = CARTESIAN_POINT('',(10.218459242046,-9.590931483188E-04,
    0.682674911771));
#3624 = CARTESIAN_POINT('',(10.217866154415,-3.660333777329E-04,
    0.684666100861));
#3625 = CARTESIAN_POINT('',(10.241918305947,3.08346674907E-03,
    0.669033264294));
#3626 = CARTESIAN_POINT('',(10.241491039173,3.512236096871E-03,
    0.6710337724));
#3627 = CARTESIAN_POINT('',(10.240168349535,4.836925147764E-03,
    0.672983918368));
#3628 = CARTESIAN_POINT('',(10.248367230187,-3.379324335957E-03,
    0.675450536402));
#3629 = CARTESIAN_POINT('',(10.234343121228,1.067252570721E-02,
    0.676709845511));
#3630 = CARTESIAN_POINT('',(10.248195566961,-3.208085936262E-03,
    0.679493303189));
#3631 = CARTESIAN_POINT('',(10.239055600265,5.951595313918E-03,
    0.68101235679));
#3632 = CARTESIAN_POINT('',(10.241367891176,3.633241962413E-03,
    0.683163301614));
#3633 = CARTESIAN_POINT('',(10.240912381733,4.088195396757E-03,
    0.685161928533));
#3634 = CARTESIAN_POINT('',(10.255680313925,1.681696661184E-02,
    0.669033877457));
#3635 = CARTESIAN_POINT('',(10.254601792296,1.789364946976E-02,
    0.670998789585));
#3636 = CARTESIAN_POINT('',(10.259013102753,1.34800199661E-02,
    0.673263762971));
#3637 = CARTESIAN_POINT('',(10.250127928779,2.239212579129E-02,
    0.674788114105));
#3638 = CARTESIAN_POINT('',(10.277228958304,-4.754790600488E-03,
    0.678304600772));
#3639 = CARTESIAN_POINT('',(10.244977414463,2.754559017321E-02,
    0.678549695974));
#3640 = CARTESIAN_POINT('',(10.256374081629,1.611547954129E-02,
    0.68121290735));
#3641 = CARTESIAN_POINT('',(10.254328120846,1.816963313479E-02,
    0.683118794541));
#3642 = CARTESIAN_POINT('',(10.256054562143,1.644398966437E-02,
    0.685235307426));
#3643 = CARTESIAN_POINT('',(10.277018063778,2.298193622253E-02,
    0.669437138377));
#3644 = CARTESIAN_POINT('',(10.278357603939,2.164239605957E-02,
    0.67153187321));
#3645 = CARTESIAN_POINT('',(10.274547374631,2.545262538239E-02,
    0.673342633307));
#3646 = CARTESIAN_POINT('',(10.283485737493,1.651426247316E-02,
    0.675875330187));
#3647 = CARTESIAN_POINT('',(10.254557696909,4.544230312834E-02,
    0.676293424071));
#3648 = CARTESIAN_POINT('',(10.287799357271,1.220064271287E-02,
    0.680158730131));
#3649 = CARTESIAN_POINT('',(10.277860188321,2.213981167621E-02,
    0.681617427177));
#3650 = CARTESIAN_POINT('',(10.276920204787,2.307979521546E-02,
    0.683599336437));
#3651 = CARTESIAN_POINT('',(10.274404387048,2.559561295139E-02,
    0.685485189777));
#3652 = CARTESIAN_POINT('',(10.283183033388,4.431968607395E-02,
    0.669033877457));
#3653 = CARTESIAN_POINT('',(10.28210635053,4.539820770648E-02,
    0.670998789585));
#3654 = CARTESIAN_POINT('',(10.286519980026,4.098689723272E-02,
    0.67326376297));
#3655 = CARTESIAN_POINT('',(10.277607874232,4.987207125085E-02,
    0.674788114106));
#3656 = CARTESIAN_POINT('',(10.304754790561,2.277104167814E-02,
    0.678304600771));
#3657 = CARTESIAN_POINT('',(10.272454409844,5.502258554342E-02,
    0.678549695975));
#3658 = CARTESIAN_POINT('',(10.283884520462,4.362591837157E-02,
    0.68121290735));
#3659 = CARTESIAN_POINT('',(10.281830366862,4.567187915325E-02,
    0.683118794541));
#3660 = CARTESIAN_POINT('',(10.283556010336,4.394543785689E-02,
    0.685235307426));
#3661 = CARTESIAN_POINT('',(10.296916533251,5.808169405333E-02,
    0.669033264294));
#3662 = CARTESIAN_POINT('',(10.296487763904,5.850896082483E-02,
    0.6710337724));
#3663 = CARTESIAN_POINT('',(10.295163074853,5.983165047481E-02,
    0.672983918369));
#3664 = CARTESIAN_POINT('',(10.303379324327,5.163276979944E-02,
    0.675450536401));
#3665 = CARTESIAN_POINT('',(10.289327474312,6.565687877709E-02,
    0.676709845512));
#3666 = CARTESIAN_POINT('',(10.303208085915,5.180443305182E-02,
    0.679493303188));
#3667 = CARTESIAN_POINT('',(10.294048404684,6.094439973433E-02,
    0.68101235679));
#3668 = CARTESIAN_POINT('',(10.296366758039,5.863210882352E-02,
    0.683163301614));
#3669 = CARTESIAN_POINT('',(10.295911804603,5.908761826672E-02,
    0.685161928533));
#3670 = CARTESIAN_POINT('',(10.301699464168,8.080072614891E-02,
    0.668554456917));
#3671 = CARTESIAN_POINT('',(10.301968997509,8.053141895584E-02,
    0.670591618817));
#3672 = CARTESIAN_POINT('',(10.302065389891,8.043567624947E-02,
    0.672619123702));
#3673 = CARTESIAN_POINT('',(10.300950814678,8.154796584637E-02,
    0.674584783756));
#3674 = CARTESIAN_POINT('',(10.30194578548,8.055503225891E-02,
    0.676657099414));
#3675 = CARTESIAN_POINT('',(10.30099902848,8.150121672446E-02,
    0.678632939804));
#3676 = CARTESIAN_POINT('',(10.30174789819,8.075227931873E-02,
    0.680694371776));
#3677 = CARTESIAN_POINT('',(10.300959093149,8.154075795286E-02,
    0.682674911771));
#3678 = CARTESIAN_POINT('',(10.300366033378,8.213384558479E-02,
    0.684666100861));
#3679 = CARTESIAN_POINT('',(10.299568571388,0.110431260162,
    0.667707465772));
#3680 = CARTESIAN_POINT('',(10.299640538362,0.110359430326,
    0.669734143219));
#3681 = CARTESIAN_POINT('',(10.299606626085,0.110393110754,
    0.671755314877));
#3682 = CARTESIAN_POINT('',(10.299186076659,0.110814319135,
    0.673755394656));
#3683 = CARTESIAN_POINT('',(10.300530016285,0.109469741574,
    0.675850585719));
#3684 = CARTESIAN_POINT('',(10.298325129412,0.111674862514,
    0.677755054072));
#3685 = CARTESIAN_POINT('',(10.299326453465,0.110673666687,
    0.679832066195));
#3686 = CARTESIAN_POINT('',(10.299039561287,0.110960249713,
    0.681839174569));
#3687 = CARTESIAN_POINT('',(10.298581058568,0.111418681422,
    0.683837472208));
#3688 = DEFINITIONAL_REPRESENTATION('',(#3689),#3712);
#3689 = B_SPLINE_CURVE_WITH_KNOTS('',11,(#3690,#3691,#3692,#3693,#3694,
    #3695,#3696,#3697,#3698,#3699,#3700,#3701,#3702,#3703,#3704,#3705,
    #3706,#3707,#3708,#3709,#3710,#3711),.UNSPECIFIED.,.F.,.F.,(12,10,12
    ),(0.,0.785398163397,1.570796326795),.UNSPECIFIED.);
#3690 = CARTESIAN_POINT('',(-7.071067811866E-02,-5.554770144435E-03));
#3691 = CARTESIAN_POINT('',(-6.564243132357E-02,-5.745793291958E-03));
#3692 = CARTESIAN_POINT('',(-6.004346671302E-02,-5.92666020158E-03));
#3693 = CARTESIAN_POINT('',(-5.501196532466E-02,-6.056370894347E-03));
#3694 = CARTESIAN_POINT('',(-4.7310827291E-02,-6.261774277604E-03));
#3695 = CARTESIAN_POINT('',(-4.306878825932E-02,-6.294697516857E-03));
#3696 = CARTESIAN_POINT('',(-3.418340898653E-02,-6.490957836975E-03));
#3697 = CARTESIAN_POINT('',(-2.893340430411E-02,-6.507897667191E-03));
#3698 = CARTESIAN_POINT('',(-2.11587050496E-02,-6.603866867474E-03));
#3699 = CARTESIAN_POINT('',(-1.432493893809E-02,-6.635940474701E-03));
#3700 = CARTESIAN_POINT('',(-7.138476761894E-03,-6.65858105422E-03));
#3701 = CARTESIAN_POINT('',(7.138476761867E-03,-6.658581054221E-03));
#3702 = CARTESIAN_POINT('',(1.432493893804E-02,-6.635940474705E-03));
#3703 = CARTESIAN_POINT('',(2.115870504972E-02,-6.60386686746E-03));
#3704 = CARTESIAN_POINT('',(2.893340430369E-02,-6.507897667229E-03));
#3705 = CARTESIAN_POINT('',(3.418340898727E-02,-6.490957836917E-03));
#3706 = CARTESIAN_POINT('',(4.306878825831E-02,-6.294697516925E-03));
#3707 = CARTESIAN_POINT('',(4.731082729183E-02,-6.261774277553E-03));
#3708 = CARTESIAN_POINT('',(5.501196532411E-02,-6.056370894378E-03));
#3709 = CARTESIAN_POINT('',(6.004346671315E-02,-5.926660201574E-03));
#3710 = CARTESIAN_POINT('',(6.564243132354E-02,-5.745793291962E-03));
#3711 = CARTESIAN_POINT('',(7.071067811865E-02,-5.554770144438E-03));
#3712 = ( GEOMETRIC_REPRESENTATION_CONTEXT(2) 
PARAMETRIC_REPRESENTATION_CONTEXT() REPRESENTATION_CONTEXT('2D SPACE',''
  ) );
#3713 = ORIENTED_EDGE('',*,*,#2941,.F.);
#3714 = ADVANCED_FACE('',(#3715),#2929,.T.);
#3715 = FACE_BOUND('',#3716,.F.);
#3716 = EDGE_LOOP('',(#3717,#3718,#3746,#3787));
#3717 = ORIENTED_EDGE('',*,*,#3062,.T.);
#3718 = ORIENTED_EDGE('',*,*,#3719,.T.);
#3719 = EDGE_CURVE('',#3063,#3720,#3722,.T.);
#3720 = VERTEX_POINT('',#3721);
#3721 = CARTESIAN_POINT('',(10.2,5.478104631741E-04,0.680212068398));
#3722 = SURFACE_CURVE('',#3723,(#3727,#3734),.PCURVE_S1.);
#3723 = LINE('',#3724,#3725);
#3724 = CARTESIAN_POINT('',(0.,5.478104631727E-04,0.680212068398));
#3725 = VECTOR('',#3726,1.);
#3726 = DIRECTION('',(1.,-0.,0.));
#3727 = PCURVE('',#2929,#3728);
#3728 = DEFINITIONAL_REPRESENTATION('',(#3729),#3733);
#3729 = LINE('',#3730,#3731);
#3730 = CARTESIAN_POINT('',(-0.10471975512,0.));
#3731 = VECTOR('',#3732,1.);
#3732 = DIRECTION('',(-0.,1.));
#3733 = ( GEOMETRIC_REPRESENTATION_CONTEXT(2) 
PARAMETRIC_REPRESENTATION_CONTEXT() REPRESENTATION_CONTEXT('2D SPACE',''
  ) );
#3734 = PCURVE('',#3735,#3740);
#3735 = PLANE('',#3736);
#3736 = AXIS2_PLACEMENT_3D('',#3737,#3738,#3739);
#3737 = CARTESIAN_POINT('',(0.,0.,0.675));
#3738 = DIRECTION('',(0.,0.994521895368,-0.104528463268));
#3739 = DIRECTION('',(1.,0.,0.));
#3740 = DEFINITIONAL_REPRESENTATION('',(#3741),#3745);
#3741 = LINE('',#3742,#3743);
#3742 = CARTESIAN_POINT('',(0.,-5.240777928305E-03));
#3743 = VECTOR('',#3744,1.);
#3744 = DIRECTION('',(1.,0.));
#3745 = ( GEOMETRIC_REPRESENTATION_CONTEXT(2) 
PARAMETRIC_REPRESENTATION_CONTEXT() REPRESENTATION_CONTEXT('2D SPACE',''
  ) );
#3746 = ORIENTED_EDGE('',*,*,#3747,.T.);
#3747 = EDGE_CURVE('',#3720,#2914,#3748,.T.);
#3748 = SURFACE_CURVE('',#3749,(#3757,#3763),.PCURVE_S1.);
#3749 = ( BOUNDED_CURVE() B_SPLINE_CURVE(6,(#3750,#3751,#3752,#3753,
#3754,#3755,#3756),.UNSPECIFIED.,.F.,.F.) B_SPLINE_CURVE_WITH_KNOTS((7,7
),(0.,0.10471975512),.PIECEWISE_BEZIER_KNOTS.) CURVE() 
GEOMETRIC_REPRESENTATION_ITEM() RATIONAL_B_SPLINE_CURVE((1.000137088577,
    1.00004568784,0.999990860763,0.999972587294,0.999990860763,
1.00004568784,1.000137088577)) REPRESENTATION_ITEM('') );
#3750 = CARTESIAN_POINT('',(10.2,5.478104631727E-04,0.680212068398));
#3751 = CARTESIAN_POINT('',(10.2,3.653572044893E-04,0.678476141599));
#3752 = CARTESIAN_POINT('',(10.2,2.192831180767E-04,0.67673658371));
#3753 = CARTESIAN_POINT('',(10.2,1.096652759717E-04,0.674994252686));
#3754 = CARTESIAN_POINT('',(10.2,3.655943564763E-05,0.67325000815));
#3755 = CARTESIAN_POINT('',(10.2,1.387778780781E-16,0.671504710841));
#3756 = CARTESIAN_POINT('',(10.2,1.387778780781E-17,0.669759222072));
#3757 = PCURVE('',#2929,#3758);
#3758 = DEFINITIONAL_REPRESENTATION('',(#3759),#3762);
#3759 = B_SPLINE_CURVE_WITH_KNOTS('',1,(#3760,#3761),.UNSPECIFIED.,.F.,
  .F.,(2,2),(0.,0.10471975512),.PIECEWISE_BEZIER_KNOTS.);
#3760 = CARTESIAN_POINT('',(-0.10471975512,10.2));
#3761 = CARTESIAN_POINT('',(0.,10.2));
#3762 = ( GEOMETRIC_REPRESENTATION_CONTEXT(2) 
PARAMETRIC_REPRESENTATION_CONTEXT() REPRESENTATION_CONTEXT('2D SPACE',''
  ) );
#3763 = PCURVE('',#3606,#3764);
#3764 = DEFINITIONAL_REPRESENTATION('',(#3765),#3786);
#3765 = B_SPLINE_CURVE_WITH_KNOTS('',10,(#3766,#3767,#3768,#3769,#3770,
    #3771,#3772,#3773,#3774,#3775,#3776,#3777,#3778,#3779,#3780,#3781,
    #3782,#3783,#3784,#3785),.UNSPECIFIED.,.F.,.F.,(11,9,11),(0.,
    5.235987755983E-02,0.10471975512),.UNSPECIFIED.);
#3766 = CARTESIAN_POINT('',(-7.032331762535E-02,4.905248836783E-03));
#3767 = CARTESIAN_POINT('',(-7.036203805826E-02,4.383162923464E-03));
#3768 = CARTESIAN_POINT('',(-7.039861864173E-02,3.860735352226E-03));
#3769 = CARTESIAN_POINT('',(-7.043303962072E-02,3.338287548223E-03));
#3770 = CARTESIAN_POINT('',(-7.04652962121E-02,2.815920556051E-03));
#3771 = CARTESIAN_POINT('',(-7.049539363424E-02,2.293584277667E-03));
#3772 = CARTESIAN_POINT('',(-7.052334213608E-02,1.771146710256E-03));
#3773 = CARTESIAN_POINT('',(-7.054915202681E-02,1.248463184172E-03));
#3774 = CARTESIAN_POINT('',(-7.057282870503E-02,7.254456007996E-04));
#3775 = CARTESIAN_POINT('',(-7.059436768824E-02,2.021316704798E-04));
#3776 = CARTESIAN_POINT('',(-7.063313159617E-02,-8.44623369687E-04));
#3777 = CARTESIAN_POINT('',(-7.065036874289E-02,-1.365288097837E-03));
#3778 = CARTESIAN_POINT('',(-7.066534929801E-02,-1.903797436032E-03));
#3779 = CARTESIAN_POINT('',(-7.067854623005E-02,-2.383876299092E-03));
#3780 = CARTESIAN_POINT('',(-7.068887151263E-02,-2.984714248128E-03));
#3781 = CARTESIAN_POINT('',(-7.069792481302E-02,-3.414188702501E-03));
#3782 = CARTESIAN_POINT('',(-7.070412552301E-02,-4.014422112904E-03));
#3783 = CARTESIAN_POINT('',(-7.070852492073E-02,-4.496305294058E-03));
#3784 = CARTESIAN_POINT('',(-7.071067811866E-02,-5.031651675778E-03));
#3785 = CARTESIAN_POINT('',(-7.071067811866E-02,-5.554770144435E-03));
#3786 = ( GEOMETRIC_REPRESENTATION_CONTEXT(2) 
PARAMETRIC_REPRESENTATION_CONTEXT() REPRESENTATION_CONTEXT('2D SPACE',''
  ) );
#3787 = ORIENTED_EDGE('',*,*,#2913,.F.);
#3788 = ADVANCED_FACE('',(#3789),#3140,.T.);
#3789 = FACE_BOUND('',#3790,.T.);
#3790 = EDGE_LOOP('',(#3791,#3792,#3815,#3840));
#3791 = ORIENTED_EDGE('',*,*,#3105,.F.);
#3792 = ORIENTED_EDGE('',*,*,#3793,.T.);
#3793 = EDGE_CURVE('',#3063,#3794,#3796,.T.);
#3794 = VERTEX_POINT('',#3795);
#3795 = CARTESIAN_POINT('',(0.122176572627,2.272438309008E-02,
    0.891208062716));
#3796 = SURFACE_CURVE('',#3797,(#3801,#3808),.PCURVE_S1.);
#3797 = LINE('',#3798,#3799);
#3798 = CARTESIAN_POINT('',(9.837729952288E-02,-1.074890013952E-03,
    0.664773104659));
#3799 = VECTOR('',#3800,1.);
#3800 = DIRECTION('',(0.103962051184,0.103962051184,0.989132844378));
#3801 = PCURVE('',#3140,#3802);
#3802 = DEFINITIONAL_REPRESENTATION('',(#3803),#3807);
#3803 = LINE('',#3804,#3805);
#3804 = CARTESIAN_POINT('',(1.559869909752,0.));
#3805 = VECTOR('',#3806,1.);
#3806 = DIRECTION('',(0.,1.));
#3807 = ( GEOMETRIC_REPRESENTATION_CONTEXT(2) 
PARAMETRIC_REPRESENTATION_CONTEXT() REPRESENTATION_CONTEXT('2D SPACE',''
  ) );
#3808 = PCURVE('',#3735,#3809);
#3809 = DEFINITIONAL_REPRESENTATION('',(#3810),#3814);
#3810 = LINE('',#3811,#3812);
#3811 = CARTESIAN_POINT('',(9.837729952288E-02,1.028322793955E-02));
#3812 = VECTOR('',#3813,1.);
#3813 = DIRECTION('',(0.103962051184,-0.99458126461));
#3814 = ( GEOMETRIC_REPRESENTATION_CONTEXT(2) 
PARAMETRIC_REPRESENTATION_CONTEXT() REPRESENTATION_CONTEXT('2D SPACE',''
  ) );
#3815 = ORIENTED_EDGE('',*,*,#3816,.T.);
#3816 = EDGE_CURVE('',#3794,#3157,#3817,.T.);
#3817 = SURFACE_CURVE('',#3818,(#3823,#3829),.PCURVE_S1.);
#3818 = CIRCLE('',#3819,0.1);
#3819 = AXIS2_PLACEMENT_3D('',#3820,#3821,#3822);
#3820 = CARTESIAN_POINT('',(0.122176572627,0.122176572627,0.88075521639)
  );
#3821 = DIRECTION('',(-0.103962051184,-0.103962051184,-0.989132844378));
#3822 = DIRECTION('',(-0.99458126461,1.086699344847E-02,0.10339253619));
#3823 = PCURVE('',#3140,#3824);
#3824 = DEFINITIONAL_REPRESENTATION('',(#3825),#3828);
#3825 = B_SPLINE_CURVE_WITH_KNOTS('',1,(#3826,#3827),.UNSPECIFIED.,.F.,
  .F.,(2,2),(4.712388980385,6.272258890137),.PIECEWISE_BEZIER_KNOTS.);
#3826 = CARTESIAN_POINT('',(1.559869909752,0.228922696627));
#3827 = CARTESIAN_POINT('',(0.,0.228922696627));
#3828 = ( GEOMETRIC_REPRESENTATION_CONTEXT(2) 
PARAMETRIC_REPRESENTATION_CONTEXT() REPRESENTATION_CONTEXT('2D SPACE',''
  ) );
#3829 = PCURVE('',#3830,#3835);
#3830 = SPHERICAL_SURFACE('',#3831,0.1);
#3831 = AXIS2_PLACEMENT_3D('',#3832,#3833,#3834);
#3832 = CARTESIAN_POINT('',(0.122176572627,0.122176572627,0.88075521639)
  );
#3833 = DIRECTION('',(-6.938893903907E-16,0.994521895368,-0.104528463268
    ));
#3834 = DIRECTION('',(-0.99458126461,1.086699344847E-02,0.10339253619));
#3835 = DEFINITIONAL_REPRESENTATION('',(#3836),#3839);
#3836 = B_SPLINE_CURVE_WITH_KNOTS('',1,(#3837,#3838),.UNSPECIFIED.,.F.,
  .F.,(2,2),(4.712388980385,6.272258890137),.PIECEWISE_BEZIER_KNOTS.);
#3837 = CARTESIAN_POINT('',(0.,-1.570796326795));
#3838 = CARTESIAN_POINT('',(0.,-1.092641704308E-02));
#3839 = ( GEOMETRIC_REPRESENTATION_CONTEXT(2) 
PARAMETRIC_REPRESENTATION_CONTEXT() REPRESENTATION_CONTEXT('2D SPACE',''
  ) );
#3840 = ORIENTED_EDGE('',*,*,#3156,.F.);
#3841 = ADVANCED_FACE('',(#3842),#3195,.T.);
#3842 = FACE_BOUND('',#3843,.T.);
#3843 = EDGE_LOOP('',(#3844,#3845,#3872,#3900));
#3844 = ORIENTED_EDGE('',*,*,#3179,.F.);
#3845 = ORIENTED_EDGE('',*,*,#3846,.T.);
#3846 = EDGE_CURVE('',#3157,#3847,#3849,.T.);
#3847 = VERTEX_POINT('',#3848);
#3848 = CARTESIAN_POINT('',(5.146589450825E-02,0.122176572627,
    0.951465894508));
#3849 = SURFACE_CURVE('',#3850,(#3855,#3862),.PCURVE_S1.);
#3850 = CIRCLE('',#3851,0.1);
#3851 = AXIS2_PLACEMENT_3D('',#3852,#3853,#3854);
#3852 = CARTESIAN_POINT('',(0.122176572627,0.122176572627,0.88075521639)
  );
#3853 = DIRECTION('',(-1.789819916861E-16,1.,-3.752435490216E-16));
#3854 = DIRECTION('',(-0.994521895368,-1.387778780781E-16,0.104528463268
    ));
#3855 = PCURVE('',#3195,#3856);
#3856 = DEFINITIONAL_REPRESENTATION('',(#3857),#3861);
#3857 = LINE('',#3858,#3859);
#3858 = CARTESIAN_POINT('',(0.,9.575064251671E-02));
#3859 = VECTOR('',#3860,1.);
#3860 = DIRECTION('',(1.,4.077634207005E-17));
#3861 = ( GEOMETRIC_REPRESENTATION_CONTEXT(2) 
PARAMETRIC_REPRESENTATION_CONTEXT() REPRESENTATION_CONTEXT('2D SPACE',''
  ) );
#3862 = PCURVE('',#3830,#3863);
#3863 = DEFINITIONAL_REPRESENTATION('',(#3864),#3871);
#3864 = B_SPLINE_CURVE_WITH_KNOTS('',5,(#3865,#3866,#3867,#3868,#3869,
    #3870),.UNSPECIFIED.,.F.,.F.,(6,6),(0.,0.680678408278),
  .PIECEWISE_BEZIER_KNOTS.);
#3865 = CARTESIAN_POINT('',(1.110289300792E-15,-1.092641704308E-02));
#3866 = CARTESIAN_POINT('',(0.135406081174,-2.507936174739E-02));
#3867 = CARTESIAN_POINT('',(0.270864177256,-3.898194172758E-02));
#3868 = CARTESIAN_POINT('',(0.406488215944,-5.20932267286E-02));
#3869 = CARTESIAN_POINT('',(0.542367727136,-6.389048417062E-02));
#3870 = CARTESIAN_POINT('',(0.67850135488,-7.398025001121E-02));
#3871 = ( GEOMETRIC_REPRESENTATION_CONTEXT(2) 
PARAMETRIC_REPRESENTATION_CONTEXT() REPRESENTATION_CONTEXT('2D SPACE',''
  ) );
#3872 = ORIENTED_EDGE('',*,*,#3873,.T.);
#3873 = EDGE_CURVE('',#3847,#3874,#3876,.T.);
#3874 = VERTEX_POINT('',#3875);
#3875 = CARTESIAN_POINT('',(5.146589450825E-02,22.277823427373,
    0.951465894508));
#3876 = SURFACE_CURVE('',#3877,(#3881,#3888),.PCURVE_S1.);
#3877 = LINE('',#3878,#3879);
#3878 = CARTESIAN_POINT('',(5.146589450825E-02,2.642593011019E-02,
    0.951465894508));
#3879 = VECTOR('',#3880,1.);
#3880 = DIRECTION('',(0.,1.,0.));
#3881 = PCURVE('',#3195,#3882);
#3882 = DEFINITIONAL_REPRESENTATION('',(#3883),#3887);
#3883 = LINE('',#3884,#3885);
#3884 = CARTESIAN_POINT('',(0.680678408278,0.));
#3885 = VECTOR('',#3886,1.);
#3886 = DIRECTION('',(0.,1.));
#3887 = ( GEOMETRIC_REPRESENTATION_CONTEXT(2) 
PARAMETRIC_REPRESENTATION_CONTEXT() REPRESENTATION_CONTEXT('2D SPACE',''
  ) );
#3888 = PCURVE('',#3889,#3894);
#3889 = PLANE('',#3890);
#3890 = AXIS2_PLACEMENT_3D('',#3891,#3892,#3893);
#3891 = CARTESIAN_POINT('',(0.3,0.,1.2));
#3892 = DIRECTION('',(-0.707106781187,0.,0.707106781187));
#3893 = DIRECTION('',(-0.707106781187,0.,-0.707106781187));
#3894 = DEFINITIONAL_REPRESENTATION('',(#3895),#3899);
#3895 = LINE('',#3896,#3897);
#3896 = CARTESIAN_POINT('',(0.351480302699,-2.642593011019E-02));
#3897 = VECTOR('',#3898,1.);
#3898 = DIRECTION('',(0.,-1.));
#3899 = ( GEOMETRIC_REPRESENTATION_CONTEXT(2) 
PARAMETRIC_REPRESENTATION_CONTEXT() REPRESENTATION_CONTEXT('2D SPACE',''
  ) );
#3900 = ORIENTED_EDGE('',*,*,#3901,.T.);
#3901 = EDGE_CURVE('',#3874,#3180,#3902,.T.);
#3902 = SURFACE_CURVE('',#3903,(#3908,#3914),.PCURVE_S1.);
#3903 = CIRCLE('',#3904,0.1);
#3904 = AXIS2_PLACEMENT_3D('',#3905,#3906,#3907);
#3905 = CARTESIAN_POINT('',(0.122176572627,22.277823427373,0.88075521639
    ));
#3906 = DIRECTION('',(0.,-1.,-0.));
#3907 = DIRECTION('',(-0.707106781187,0.,-0.707106781187));
#3908 = PCURVE('',#3195,#3909);
#3909 = DEFINITIONAL_REPRESENTATION('',(#3910),#3913);
#3910 = B_SPLINE_CURVE_WITH_KNOTS('',1,(#3911,#3912),.UNSPECIFIED.,.F.,
  .F.,(2,2),(4.712388980385,5.393067388662),.PIECEWISE_BEZIER_KNOTS.);
#3911 = CARTESIAN_POINT('',(0.680678408278,22.251397497263));
#3912 = CARTESIAN_POINT('',(8.881784197001E-16,22.251397497263));
#3913 = ( GEOMETRIC_REPRESENTATION_CONTEXT(2) 
PARAMETRIC_REPRESENTATION_CONTEXT() REPRESENTATION_CONTEXT('2D SPACE',''
  ) );
#3914 = PCURVE('',#3535,#3915);
#3915 = DEFINITIONAL_REPRESENTATION('',(#3916),#3919);
#3916 = B_SPLINE_CURVE_WITH_KNOTS('',1,(#3917,#3918),.UNSPECIFIED.,.F.,
  .F.,(2,2),(4.712388980385,5.393067388662),.PIECEWISE_BEZIER_KNOTS.);
#3917 = CARTESIAN_POINT('',(0.,-1.570796326795));
#3918 = CARTESIAN_POINT('',(0.,-0.890117918517));
#3919 = ( GEOMETRIC_REPRESENTATION_CONTEXT(2) 
PARAMETRIC_REPRESENTATION_CONTEXT() REPRESENTATION_CONTEXT('2D SPACE',''
  ) );
#3920 = ADVANCED_FACE('',(#3921),#3254,.T.);
#3921 = FACE_BOUND('',#3922,.T.);
#3922 = EDGE_LOOP('',(#3923,#3924,#3925,#3951));
#3923 = ORIENTED_EDGE('',*,*,#3470,.T.);
#3924 = ORIENTED_EDGE('',*,*,#3238,.T.);
#3925 = ORIENTED_EDGE('',*,*,#3926,.F.);
#3926 = EDGE_CURVE('',#3567,#3239,#3927,.T.);
#3927 = SURFACE_CURVE('',#3928,(#3932,#3939),.PCURVE_S1.);
#3928 = LINE('',#3929,#3930);
#3929 = CARTESIAN_POINT('',(10.3,1.387778780781E-17,0.669759222072));
#3930 = VECTOR('',#3931,1.);
#3931 = DIRECTION('',(0.,1.,-0.));
#3932 = PCURVE('',#3254,#3933);
#3933 = DEFINITIONAL_REPRESENTATION('',(#3934),#3938);
#3934 = LINE('',#3935,#3936);
#3935 = CARTESIAN_POINT('',(9.47592220717E-02,-1.387778780781E-17));
#3936 = VECTOR('',#3937,1.);
#3937 = DIRECTION('',(0.,-1.));
#3938 = ( GEOMETRIC_REPRESENTATION_CONTEXT(2) 
PARAMETRIC_REPRESENTATION_CONTEXT() REPRESENTATION_CONTEXT('2D SPACE',''
  ) );
#3939 = PCURVE('',#3940,#3945);
#3940 = CYLINDRICAL_SURFACE('',#3941,0.1);
#3941 = AXIS2_PLACEMENT_3D('',#3942,#3943,#3944);
#3942 = CARTESIAN_POINT('',(10.2,1.387778780781E-17,0.669759222072));
#3943 = DIRECTION('',(0.,1.,-0.));
#3944 = DIRECTION('',(1.,-0.,0.));
#3945 = DEFINITIONAL_REPRESENTATION('',(#3946),#3950);
#3946 = LINE('',#3947,#3948);
#3947 = CARTESIAN_POINT('',(-0.,0.));
#3948 = VECTOR('',#3949,1.);
#3949 = DIRECTION('',(-0.,1.));
#3950 = ( GEOMETRIC_REPRESENTATION_CONTEXT(2) 
PARAMETRIC_REPRESENTATION_CONTEXT() REPRESENTATION_CONTEXT('2D SPACE',''
  ) );
#3951 = ORIENTED_EDGE('',*,*,#3566,.F.);
#3952 = ADVANCED_FACE('',(#3953),#3283,.F.);
#3953 = FACE_BOUND('',#3954,.F.);
#3954 = EDGE_LOOP('',(#3955,#3956,#3999,#4045));
#3955 = ORIENTED_EDGE('',*,*,#3266,.T.);
#3956 = ORIENTED_EDGE('',*,*,#3957,.T.);
#3957 = EDGE_CURVE('',#3239,#3958,#3960,.T.);
#3958 = VERTEX_POINT('',#3959);
#3959 = CARTESIAN_POINT('',(10.299452189537,22.3,0.680212068398));
#3960 = SURFACE_CURVE('',#3961,(#3969,#3993),.PCURVE_S1.);
#3961 = ( BOUNDED_CURVE() B_SPLINE_CURVE(6,(#3962,#3963,#3964,#3965,
#3966,#3967,#3968),.UNSPECIFIED.,.F.,.F.) B_SPLINE_CURVE_WITH_KNOTS((7,7
),(0.,0.10471975512),.PIECEWISE_BEZIER_KNOTS.) CURVE() 
GEOMETRIC_REPRESENTATION_ITEM() RATIONAL_B_SPLINE_CURVE((1.000137088577,
    1.00004568784,0.999990860763,0.999972587294,0.999990860763,
1.00004568784,1.000137088577)) REPRESENTATION_ITEM('') );
#3962 = CARTESIAN_POINT('',(10.3,22.3,0.669759222072));
#3963 = CARTESIAN_POINT('',(10.3,22.3,0.671504710841));
#3964 = CARTESIAN_POINT('',(10.299963440564,22.3,0.67325000815));
#3965 = CARTESIAN_POINT('',(10.299890334724,22.3,0.674994252686));
#3966 = CARTESIAN_POINT('',(10.299780716882,22.3,0.67673658371));
#3967 = CARTESIAN_POINT('',(10.299634642796,22.3,0.678476141599));
#3968 = CARTESIAN_POINT('',(10.299452189537,22.3,0.680212068398));
#3969 = PCURVE('',#3283,#3970);
#3970 = DEFINITIONAL_REPRESENTATION('',(#3971),#3992);
#3971 = B_SPLINE_CURVE_WITH_KNOTS('',10,(#3972,#3973,#3974,#3975,#3976,
    #3977,#3978,#3979,#3980,#3981,#3982,#3983,#3984,#3985,#3986,#3987,
    #3988,#3989,#3990,#3991),.UNSPECIFIED.,.F.,.F.,(11,9,11),(0.,
    5.235987755983E-02,0.10471975512),.UNSPECIFIED.);
#3972 = CARTESIAN_POINT('',(7.071067811864E-02,-5.554770144435E-03));
#3973 = CARTESIAN_POINT('',(7.071067811864E-02,-5.031651675784E-03));
#3974 = CARTESIAN_POINT('',(7.070852492069E-02,-4.496305293953E-03));
#3975 = CARTESIAN_POINT('',(7.070412552301E-02,-4.014422113176E-03));
#3976 = CARTESIAN_POINT('',(7.069792481297E-02,-3.414188702069E-03));
#3977 = CARTESIAN_POINT('',(7.068887151262E-02,-2.984714248554E-03));
#3978 = CARTESIAN_POINT('',(7.067854623002E-02,-2.383876298798E-03));
#3979 = CARTESIAN_POINT('',(7.066534929797E-02,-1.903797436148E-03));
#3980 = CARTESIAN_POINT('',(7.065036874287E-02,-1.365288097805E-03));
#3981 = CARTESIAN_POINT('',(7.063313159614E-02,-8.446233696848E-04));
#3982 = CARTESIAN_POINT('',(7.059436768822E-02,2.021316704811E-04));
#3983 = CARTESIAN_POINT('',(7.057282870499E-02,7.254456008012E-04));
#3984 = CARTESIAN_POINT('',(7.054915202679E-02,1.248463184172E-03));
#3985 = CARTESIAN_POINT('',(7.052334213604E-02,1.771146710254E-03));
#3986 = CARTESIAN_POINT('',(7.049539363422E-02,2.29358427766E-03));
#3987 = CARTESIAN_POINT('',(7.046529621208E-02,2.815920556044E-03));
#3988 = CARTESIAN_POINT('',(7.043303962069E-02,3.338287548214E-03));
#3989 = CARTESIAN_POINT('',(7.03986186417E-02,3.860735352221E-03));
#3990 = CARTESIAN_POINT('',(7.036203805823E-02,4.383162923463E-03));
#3991 = CARTESIAN_POINT('',(7.032331762532E-02,4.905248836783E-03));
#3992 = ( GEOMETRIC_REPRESENTATION_CONTEXT(2) 
PARAMETRIC_REPRESENTATION_CONTEXT() REPRESENTATION_CONTEXT('2D SPACE',''
  ) );
#3993 = PCURVE('',#3940,#3994);
#3994 = DEFINITIONAL_REPRESENTATION('',(#3995),#3998);
#3995 = B_SPLINE_CURVE_WITH_KNOTS('',1,(#3996,#3997),.UNSPECIFIED.,.F.,
  .F.,(2,2),(0.,0.10471975512),.PIECEWISE_BEZIER_KNOTS.);
#3996 = CARTESIAN_POINT('',(0.,22.3));
#3997 = CARTESIAN_POINT('',(-0.10471975512,22.3));
#3998 = ( GEOMETRIC_REPRESENTATION_CONTEXT(2) 
PARAMETRIC_REPRESENTATION_CONTEXT() REPRESENTATION_CONTEXT('2D SPACE',''
  ) );
#3999 = ORIENTED_EDGE('',*,*,#4000,.T.);
#4000 = EDGE_CURVE('',#3958,#3397,#4001,.T.);
#4001 = SURFACE_CURVE('',#4002,(#4010,#4034),.PCURVE_S1.);
#4002 = ( BOUNDED_CURVE() B_SPLINE_CURVE(6,(#4003,#4004,#4005,#4006,
#4007,#4008,#4009),.UNSPECIFIED.,.F.,.F.) B_SPLINE_CURVE_WITH_KNOTS((7,7
),(0.,1.559869909752),.PIECEWISE_BEZIER_KNOTS.) CURVE() 
GEOMETRIC_REPRESENTATION_ITEM() RATIONAL_B_SPLINE_CURVE((1.030950613501,
    1.009890100201,0.997953445068,0.994040710927,0.997953445068,
1.009890100201,1.030950613501)) REPRESENTATION_ITEM('') );
#4003 = CARTESIAN_POINT('',(10.299452189537,22.3,0.680212068398));
#4004 = CARTESIAN_POINT('',(10.299163780825,22.326396068307,
    0.682956093995));
#4005 = CARTESIAN_POINT('',(10.290549925217,22.352114481755,
    0.684753855466));
#4006 = CARTESIAN_POINT('',(10.274311721695,22.374311721695,
    0.685380175432));
#4007 = CARTESIAN_POINT('',(10.252114481755,22.390549925217,
    0.684753855466));
#4008 = CARTESIAN_POINT('',(10.226396068307,22.399163780825,
    0.682956093995));
#4009 = CARTESIAN_POINT('',(10.2,22.399452189537,0.680212068398));
#4010 = PCURVE('',#3283,#4011);
#4011 = DEFINITIONAL_REPRESENTATION('',(#4012),#4033);
#4012 = B_SPLINE_CURVE_WITH_KNOTS('',10,(#4013,#4014,#4015,#4016,#4017,
    #4018,#4019,#4020,#4021,#4022,#4023,#4024,#4025,#4026,#4027,#4028,
    #4029,#4030,#4031,#4032),.UNSPECIFIED.,.F.,.F.,(11,9,11),(0.,
    0.779934954876,1.559869909752),.UNSPECIFIED.);
#4013 = CARTESIAN_POINT('',(7.032331762532E-02,4.905248836783E-03));
#4014 = CARTESIAN_POINT('',(6.476262599347E-02,5.508294783564E-03));
#4015 = CARTESIAN_POINT('',(5.873657188355E-02,6.057003397409E-03));
#4016 = CARTESIAN_POINT('',(5.248322135367E-02,6.530329093063E-03));
#4017 = CARTESIAN_POINT('',(4.520567606791E-02,7.005227063636E-03));
#4018 = CARTESIAN_POINT('',(3.857141001347E-02,7.308626371928E-03));
#4019 = CARTESIAN_POINT('',(3.077971696645E-02,7.649633001614E-03));
#4020 = CARTESIAN_POINT('',(2.339490280469E-02,7.844273664282E-03));
#4021 = CARTESIAN_POINT('',(1.558534150618E-02,8.0014482127E-03));
#4022 = CARTESIAN_POINT('',(7.800522236554E-03,8.073972125235E-03));
#4023 = CARTESIAN_POINT('',(-7.800522236562E-03,8.073972125235E-03));
#4024 = CARTESIAN_POINT('',(-1.558534150631E-02,8.00144821268E-03));
#4025 = CARTESIAN_POINT('',(-2.339490280409E-02,7.844273664373E-03));
#4026 = CARTESIAN_POINT('',(-3.077971696824E-02,7.649633001383E-03));
#4027 = CARTESIAN_POINT('',(-3.857141001081E-02,7.308626372257E-03));
#4028 = CARTESIAN_POINT('',(-4.520567607065E-02,7.00522706331E-03));
#4029 = CARTESIAN_POINT('',(-5.248322135199E-02,6.530329093252E-03));
#4030 = CARTESIAN_POINT('',(-5.873657188423E-02,6.057003397332E-03));
#4031 = CARTESIAN_POINT('',(-6.476262599344E-02,5.508294783561E-03));
#4032 = CARTESIAN_POINT('',(-7.032331762536E-02,4.905248836774E-03));
#4033 = ( GEOMETRIC_REPRESENTATION_CONTEXT(2) 
PARAMETRIC_REPRESENTATION_CONTEXT() REPRESENTATION_CONTEXT('2D SPACE',''
  ) );
#4034 = PCURVE('',#4035,#4040);
#4035 = CYLINDRICAL_SURFACE('',#4036,0.1);
#4036 = AXIS2_PLACEMENT_3D('',#4037,#4038,#4039);
#4037 = CARTESIAN_POINT('',(10.201622700477,22.301622700477,
    0.654320258332));
#4038 = DIRECTION('',(-0.103962051184,-0.103962051184,0.989132844378));
#4039 = DIRECTION('',(1.734723475977E-18,0.994521895368,0.104528463268)
  );
#4040 = DEFINITIONAL_REPRESENTATION('',(#4041),#4044);
#4041 = B_SPLINE_CURVE_WITH_KNOTS('',1,(#4042,#4043),.UNSPECIFIED.,.F.,
  .F.,(2,2),(0.,1.559869909752),.PIECEWISE_BEZIER_KNOTS.);
#4042 = CARTESIAN_POINT('',(-1.559869909752,1.560858465793E-02));
#4043 = CARTESIAN_POINT('',(0.,1.560858465794E-02));
#4044 = ( GEOMETRIC_REPRESENTATION_CONTEXT(2) 
PARAMETRIC_REPRESENTATION_CONTEXT() REPRESENTATION_CONTEXT('2D SPACE',''
  ) );
#4045 = ORIENTED_EDGE('',*,*,#3424,.T.);
#4046 = ADVANCED_FACE('',(#4047),#3412,.T.);
#4047 = FACE_BOUND('',#4048,.T.);
#4048 = EDGE_LOOP('',(#4049,#4050,#4051,#4079,#4107));
#4049 = ORIENTED_EDGE('',*,*,#3396,.F.);
#4050 = ORIENTED_EDGE('',*,*,#3497,.T.);
#4051 = ORIENTED_EDGE('',*,*,#4052,.T.);
#4052 = EDGE_CURVE('',#3498,#4053,#4055,.T.);
#4053 = VERTEX_POINT('',#4054);
#4054 = CARTESIAN_POINT('',(0.341421356237,22.354232061593,
    1.110452846327));
#4055 = SURFACE_CURVE('',#4056,(#4060,#4067),.PCURVE_S1.);
#4056 = LINE('',#4057,#4058);
#4057 = CARTESIAN_POINT('',(9.226989723016E-02,22.380418935157,
    0.86130138732));
#4058 = VECTOR('',#4059,1.);
#4059 = DIRECTION('',(0.705161999394,-7.411551268475E-02,0.705161999394)
  );
#4060 = PCURVE('',#3412,#4061);
#4061 = DEFINITIONAL_REPRESENTATION('',(#4062),#4066);
#4062 = LINE('',#4063,#4064);
#4063 = CARTESIAN_POINT('',(9.226989723016E-02,-0.187327587444));
#4064 = VECTOR('',#4065,1.);
#4065 = DIRECTION('',(0.705161999394,-0.709046228825));
#4066 = ( GEOMETRIC_REPRESENTATION_CONTEXT(2) 
PARAMETRIC_REPRESENTATION_CONTEXT() REPRESENTATION_CONTEXT('2D SPACE',''
  ) );
#4067 = PCURVE('',#4068,#4073);
#4068 = CYLINDRICAL_SURFACE('',#4069,0.1);
#4069 = AXIS2_PLACEMENT_3D('',#4070,#4071,#4072);
#4070 = CARTESIAN_POINT('',(9.226989723016E-02,22.28096674562,
    0.850848540993));
#4071 = DIRECTION('',(0.705161999394,-7.411551268475E-02,0.705161999394)
  );
#4072 = DIRECTION('',(0.,0.994521895368,0.104528463268));
#4073 = DEFINITIONAL_REPRESENTATION('',(#4074),#4078);
#4074 = LINE('',#4075,#4076);
#4075 = CARTESIAN_POINT('',(0.,0.));
#4076 = VECTOR('',#4077,1.);
#4077 = DIRECTION('',(0.,1.));
#4078 = ( GEOMETRIC_REPRESENTATION_CONTEXT(2) 
PARAMETRIC_REPRESENTATION_CONTEXT() REPRESENTATION_CONTEXT('2D SPACE',''
  ) );
#4079 = ORIENTED_EDGE('',*,*,#4080,.T.);
#4080 = EDGE_CURVE('',#4053,#4081,#4083,.T.);
#4081 = VERTEX_POINT('',#4082);
#4082 = CARTESIAN_POINT('',(10.154779872056,22.354232061593,
    1.110452846327));
#4083 = SURFACE_CURVE('',#4084,(#4088,#4095),.PCURVE_S1.);
#4084 = LINE('',#4085,#4086);
#4085 = CARTESIAN_POINT('',(0.3,22.354232061593,1.110452846327));
#4086 = VECTOR('',#4087,1.);
#4087 = DIRECTION('',(1.,0.,0.));
#4088 = PCURVE('',#3412,#4089);
#4089 = DEFINITIONAL_REPRESENTATION('',(#4090),#4094);
#4090 = LINE('',#4091,#4092);
#4091 = CARTESIAN_POINT('',(0.3,-0.437851442341));
#4092 = VECTOR('',#4093,1.);
#4093 = DIRECTION('',(1.,0.));
#4094 = ( GEOMETRIC_REPRESENTATION_CONTEXT(2) 
PARAMETRIC_REPRESENTATION_CONTEXT() REPRESENTATION_CONTEXT('2D SPACE',''
  ) );
#4095 = PCURVE('',#4096,#4101);
#4096 = CYLINDRICAL_SURFACE('',#4097,0.1);
#4097 = AXIS2_PLACEMENT_3D('',#4098,#4099,#4100);
#4098 = CARTESIAN_POINT('',(0.3,22.254779872056,1.1));
#4099 = DIRECTION('',(1.,0.,0.));
#4100 = DIRECTION('',(-0.,0.994521895368,0.104528463268));
#4101 = DEFINITIONAL_REPRESENTATION('',(#4102),#4106);
#4102 = LINE('',#4103,#4104);
#4103 = CARTESIAN_POINT('',(0.,0.));
#4104 = VECTOR('',#4105,1.);
#4105 = DIRECTION('',(0.,1.));
#4106 = ( GEOMETRIC_REPRESENTATION_CONTEXT(2) 
PARAMETRIC_REPRESENTATION_CONTEXT() REPRESENTATION_CONTEXT('2D SPACE',''
  ) );
#4107 = ORIENTED_EDGE('',*,*,#4108,.F.);
#4108 = EDGE_CURVE('',#3397,#4081,#4109,.T.);
#4109 = SURFACE_CURVE('',#4110,(#4114,#4121),.PCURVE_S1.);
#4110 = LINE('',#4111,#4112);
#4111 = CARTESIAN_POINT('',(10.201622700477,22.401074890014,
    0.664773104659));
#4112 = VECTOR('',#4113,1.);
#4113 = DIRECTION('',(-0.103962051184,-0.103962051184,0.989132844378));
#4114 = PCURVE('',#3412,#4115);
#4115 = DEFINITIONAL_REPRESENTATION('',(#4116),#4120);
#4116 = LINE('',#4117,#4118);
#4117 = CARTESIAN_POINT('',(10.201622700477,1.028322793955E-02));
#4118 = VECTOR('',#4119,1.);
#4119 = DIRECTION('',(-0.103962051184,-0.99458126461));
#4120 = ( GEOMETRIC_REPRESENTATION_CONTEXT(2) 
PARAMETRIC_REPRESENTATION_CONTEXT() REPRESENTATION_CONTEXT('2D SPACE',''
  ) );
#4121 = PCURVE('',#4035,#4122);
#4122 = DEFINITIONAL_REPRESENTATION('',(#4123),#4127);
#4123 = LINE('',#4124,#4125);
#4124 = CARTESIAN_POINT('',(-0.,0.));
#4125 = VECTOR('',#4126,1.);
#4126 = DIRECTION('',(-0.,1.));
#4127 = ( GEOMETRIC_REPRESENTATION_CONTEXT(2) 
PARAMETRIC_REPRESENTATION_CONTEXT() REPRESENTATION_CONTEXT('2D SPACE',''
  ) );
#4128 = ADVANCED_FACE('',(#4129),#3535,.T.);
#4129 = FACE_BOUND('',#4130,.T.);
#4130 = EDGE_LOOP('',(#4131,#4132,#4152));
#4131 = ORIENTED_EDGE('',*,*,#3901,.F.);
#4132 = ORIENTED_EDGE('',*,*,#4133,.T.);
#4133 = EDGE_CURVE('',#3874,#3498,#4134,.T.);
#4134 = SURFACE_CURVE('',#4135,(#4140,#4146),.PCURVE_S1.);
#4135 = CIRCLE('',#4136,0.1);
#4136 = AXIS2_PLACEMENT_3D('',#4137,#4138,#4139);
#4137 = CARTESIAN_POINT('',(0.122176572627,22.277823427373,0.88075521639
    ));
#4138 = DIRECTION('',(-0.705161999394,7.411551268475E-02,-0.705161999394
    ));
#4139 = DIRECTION('',(5.240758161051E-02,0.997249663214,
    5.240758161051E-02));
#4140 = PCURVE('',#3535,#4141);
#4141 = DEFINITIONAL_REPRESENTATION('',(#4142),#4145);
#4142 = B_SPLINE_CURVE_WITH_KNOTS('',1,(#4143,#4144),.UNSPECIFIED.,.F.,
  .F.,(2,2),(4.712388980385,6.209205057168),.PIECEWISE_BEZIER_KNOTS.);
#4143 = CARTESIAN_POINT('',(1.64497986186,-1.570796326795));
#4144 = CARTESIAN_POINT('',(1.64497986186,-7.398025001121E-02));
#4145 = ( GEOMETRIC_REPRESENTATION_CONTEXT(2) 
PARAMETRIC_REPRESENTATION_CONTEXT() REPRESENTATION_CONTEXT('2D SPACE',''
  ) );
#4146 = PCURVE('',#4068,#4147);
#4147 = DEFINITIONAL_REPRESENTATION('',(#4148),#4151);
#4148 = B_SPLINE_CURVE_WITH_KNOTS('',1,(#4149,#4150),.UNSPECIFIED.,.F.,
  .F.,(2,2),(4.712388980385,6.209205057168),.PIECEWISE_BEZIER_KNOTS.);
#4149 = CARTESIAN_POINT('',(1.496816076784,4.241107067941E-02));
#4150 = CARTESIAN_POINT('',(1.7763568394E-15,4.241107067941E-02));
#4151 = ( GEOMETRIC_REPRESENTATION_CONTEXT(2) 
PARAMETRIC_REPRESENTATION_CONTEXT() REPRESENTATION_CONTEXT('2D SPACE',''
  ) );
#4152 = ORIENTED_EDGE('',*,*,#3520,.F.);
#4153 = ADVANCED_FACE('',(#4154),#3606,.T.);
#4154 = FACE_BOUND('',#4155,.T.);
#4155 = EDGE_LOOP('',(#4156,#4157,#4200,#4246));
#4156 = ORIENTED_EDGE('',*,*,#3589,.T.);
#4157 = ORIENTED_EDGE('',*,*,#4158,.T.);
#4158 = EDGE_CURVE('',#3567,#4159,#4161,.T.);
#4159 = VERTEX_POINT('',#4160);
#4160 = CARTESIAN_POINT('',(10.299452189537,1.E-01,0.680212068398));
#4161 = SURFACE_CURVE('',#4162,(#4170,#4194),.PCURVE_S1.);
#4162 = ( BOUNDED_CURVE() B_SPLINE_CURVE(6,(#4163,#4164,#4165,#4166,
#4167,#4168,#4169),.UNSPECIFIED.,.F.,.F.) B_SPLINE_CURVE_WITH_KNOTS((7,7
),(0.,0.10471975512),.PIECEWISE_BEZIER_KNOTS.) CURVE() 
GEOMETRIC_REPRESENTATION_ITEM() RATIONAL_B_SPLINE_CURVE((1.000137088577,
    1.00004568784,0.999990860763,0.999972587294,0.999990860763,
1.00004568784,1.000137088577)) REPRESENTATION_ITEM('') );
#4163 = CARTESIAN_POINT('',(10.3,1.E-01,0.669759222072));
#4164 = CARTESIAN_POINT('',(10.3,1.E-01,0.671504710841));
#4165 = CARTESIAN_POINT('',(10.299963440564,1.E-01,0.67325000815));
#4166 = CARTESIAN_POINT('',(10.299890334724,1.E-01,0.674994252686));
#4167 = CARTESIAN_POINT('',(10.299780716882,1.E-01,0.67673658371));
#4168 = CARTESIAN_POINT('',(10.299634642796,1.E-01,0.678476141599));
#4169 = CARTESIAN_POINT('',(10.299452189537,1.E-01,0.680212068398));
#4170 = PCURVE('',#3606,#4171);
#4171 = DEFINITIONAL_REPRESENTATION('',(#4172),#4193);
#4172 = B_SPLINE_CURVE_WITH_KNOTS('',10,(#4173,#4174,#4175,#4176,#4177,
    #4178,#4179,#4180,#4181,#4182,#4183,#4184,#4185,#4186,#4187,#4188,
    #4189,#4190,#4191,#4192),.UNSPECIFIED.,.F.,.F.,(11,9,11),(0.,
    5.235987755983E-02,0.10471975512),.UNSPECIFIED.);
#4173 = CARTESIAN_POINT('',(7.071067811865E-02,-5.554770144435E-03));
#4174 = CARTESIAN_POINT('',(7.071067811865E-02,-5.031651675777E-03));
#4175 = CARTESIAN_POINT('',(7.07085249207E-02,-4.496305294097E-03));
#4176 = CARTESIAN_POINT('',(7.070412552301E-02,-4.014422112798E-03));
#4177 = CARTESIAN_POINT('',(7.069792481299E-02,-3.414188702668E-03));
#4178 = CARTESIAN_POINT('',(7.068887151262E-02,-2.984714247959E-03));
#4179 = CARTESIAN_POINT('',(7.067854623004E-02,-2.383876299204E-03));
#4180 = CARTESIAN_POINT('',(7.066534929797E-02,-1.903797435988E-03));
#4181 = CARTESIAN_POINT('',(7.065036874288E-02,-1.365288097845E-03));
#4182 = CARTESIAN_POINT('',(7.063313159615E-02,-8.446233696871E-04));
#4183 = CARTESIAN_POINT('',(7.059436768823E-02,2.02131670479E-04));
#4184 = CARTESIAN_POINT('',(7.0572828705E-02,7.254456008011E-04));
#4185 = CARTESIAN_POINT('',(7.05491520268E-02,1.248463184174E-03));
#4186 = CARTESIAN_POINT('',(7.052334213605E-02,1.771146710257E-03));
#4187 = CARTESIAN_POINT('',(7.049539363423E-02,2.293584277662E-03));
#4188 = CARTESIAN_POINT('',(7.046529621208E-02,2.815920556045E-03));
#4189 = CARTESIAN_POINT('',(7.04330396207E-02,3.338287548215E-03));
#4190 = CARTESIAN_POINT('',(7.039861864171E-02,3.860735352222E-03));
#4191 = CARTESIAN_POINT('',(7.036203805825E-02,4.383162923464E-03));
#4192 = CARTESIAN_POINT('',(7.032331762533E-02,4.905248836783E-03));
#4193 = ( GEOMETRIC_REPRESENTATION_CONTEXT(2) 
PARAMETRIC_REPRESENTATION_CONTEXT() REPRESENTATION_CONTEXT('2D SPACE',''
  ) );
#4194 = PCURVE('',#3940,#4195);
#4195 = DEFINITIONAL_REPRESENTATION('',(#4196),#4199);
#4196 = B_SPLINE_CURVE_WITH_KNOTS('',1,(#4197,#4198),.UNSPECIFIED.,.F.,
  .F.,(2,2),(0.,0.10471975512),.PIECEWISE_BEZIER_KNOTS.);
#4197 = CARTESIAN_POINT('',(0.,1.E-01));
#4198 = CARTESIAN_POINT('',(-0.10471975512,0.1));
#4199 = ( GEOMETRIC_REPRESENTATION_CONTEXT(2) 
PARAMETRIC_REPRESENTATION_CONTEXT() REPRESENTATION_CONTEXT('2D SPACE',''
  ) );
#4200 = ORIENTED_EDGE('',*,*,#4201,.T.);
#4201 = EDGE_CURVE('',#4159,#3720,#4202,.T.);
#4202 = SURFACE_CURVE('',#4203,(#4211,#4235),.PCURVE_S1.);
#4203 = ( BOUNDED_CURVE() B_SPLINE_CURVE(6,(#4204,#4205,#4206,#4207,
#4208,#4209,#4210),.UNSPECIFIED.,.F.,.F.) B_SPLINE_CURVE_WITH_KNOTS((7,7
),(0.,1.559869909752),.PIECEWISE_BEZIER_KNOTS.) CURVE() 
GEOMETRIC_REPRESENTATION_ITEM() RATIONAL_B_SPLINE_CURVE((1.030950613501,
    1.009890100201,0.997953445068,0.994040710927,0.997953445068,
1.009890100201,1.030950613501)) REPRESENTATION_ITEM('') );
#4204 = CARTESIAN_POINT('',(10.299452189537,0.1,0.680212068398));
#4205 = CARTESIAN_POINT('',(10.299163780825,7.360393169277E-02,
    0.682956093995));
#4206 = CARTESIAN_POINT('',(10.290549925217,4.788551824519E-02,
    0.684753855466));
#4207 = CARTESIAN_POINT('',(10.274311721695,2.568827830487E-02,
    0.685380175432));
#4208 = CARTESIAN_POINT('',(10.252114481755,9.450074782515E-03,
    0.684753855466));
#4209 = CARTESIAN_POINT('',(10.226396068307,8.362191750266E-04,
    0.682956093995));
#4210 = CARTESIAN_POINT('',(10.2,5.47810463173E-04,0.680212068398));
#4211 = PCURVE('',#3606,#4212);
#4212 = DEFINITIONAL_REPRESENTATION('',(#4213),#4234);
#4213 = B_SPLINE_CURVE_WITH_KNOTS('',10,(#4214,#4215,#4216,#4217,#4218,
    #4219,#4220,#4221,#4222,#4223,#4224,#4225,#4226,#4227,#4228,#4229,
    #4230,#4231,#4232,#4233),.UNSPECIFIED.,.F.,.F.,(11,9,11),(0.,
    0.779934954876,1.559869909752),.UNSPECIFIED.);
#4214 = CARTESIAN_POINT('',(7.032331762533E-02,4.905248836783E-03));
#4215 = CARTESIAN_POINT('',(6.476262599352E-02,5.508294783559E-03));
#4216 = CARTESIAN_POINT('',(5.873657188322E-02,6.057003397447E-03));
#4217 = CARTESIAN_POINT('',(5.248322135457E-02,6.530329092958E-03));
#4218 = CARTESIAN_POINT('',(4.520567606662E-02,7.005227063801E-03));
#4219 = CARTESIAN_POINT('',(3.857141001483E-02,7.308626371759E-03));
#4220 = CARTESIAN_POINT('',(3.07797169656E-02,7.64963300173E-03));
#4221 = CARTESIAN_POINT('',(2.339490280504E-02,7.844273664241E-03));
#4222 = CARTESIAN_POINT('',(1.558534150607E-02,8.001448212714E-03));
#4223 = CARTESIAN_POINT('',(7.800522236534E-03,8.07397212524E-03));
#4224 = CARTESIAN_POINT('',(-7.80052223657E-03,8.073972125241E-03));
#4225 = CARTESIAN_POINT('',(-1.558534150631E-02,8.001448212686E-03));
#4226 = CARTESIAN_POINT('',(-2.339490280403E-02,7.844273664379E-03));
#4227 = CARTESIAN_POINT('',(-3.077971696827E-02,7.649633001394E-03));
#4228 = CARTESIAN_POINT('',(-3.857141001081E-02,7.308626372261E-03));
#4229 = CARTESIAN_POINT('',(-4.520567607065E-02,7.005227063319E-03));
#4230 = CARTESIAN_POINT('',(-5.248322135198E-02,6.530329093262E-03));
#4231 = CARTESIAN_POINT('',(-5.873657188422E-02,6.057003397342E-03));
#4232 = CARTESIAN_POINT('',(-6.476262599344E-02,5.508294783571E-03));
#4233 = CARTESIAN_POINT('',(-7.032331762535E-02,4.905248836785E-03));
#4234 = ( GEOMETRIC_REPRESENTATION_CONTEXT(2) 
PARAMETRIC_REPRESENTATION_CONTEXT() REPRESENTATION_CONTEXT('2D SPACE',''
  ) );
#4235 = PCURVE('',#4236,#4241);
#4236 = CYLINDRICAL_SURFACE('',#4237,0.1);
#4237 = AXIS2_PLACEMENT_3D('',#4238,#4239,#4240);
#4238 = CARTESIAN_POINT('',(10.201622700477,9.837729952288E-02,
    0.654320258332));
#4239 = DIRECTION('',(-0.103962051184,0.103962051184,0.989132844378));
#4240 = DIRECTION('',(1.734723475977E-18,-0.994521895368,0.104528463268)
  );
#4241 = DEFINITIONAL_REPRESENTATION('',(#4242),#4245);
#4242 = B_SPLINE_CURVE_WITH_KNOTS('',1,(#4243,#4244),.UNSPECIFIED.,.F.,
  .F.,(2,2),(0.,1.559869909752),.PIECEWISE_BEZIER_KNOTS.);
#4243 = CARTESIAN_POINT('',(1.559869909752,1.560858465793E-02));
#4244 = CARTESIAN_POINT('',(0.,1.560858465792E-02));
#4245 = ( GEOMETRIC_REPRESENTATION_CONTEXT(2) 
PARAMETRIC_REPRESENTATION_CONTEXT() REPRESENTATION_CONTEXT('2D SPACE',''
  ) );
#4246 = ORIENTED_EDGE('',*,*,#3747,.T.);
#4247 = ADVANCED_FACE('',(#4248),#3735,.F.);
#4248 = FACE_BOUND('',#4249,.F.);
#4249 = EDGE_LOOP('',(#4250,#4251,#4252,#4280,#4308));
#4250 = ORIENTED_EDGE('',*,*,#3719,.F.);
#4251 = ORIENTED_EDGE('',*,*,#3793,.T.);
#4252 = ORIENTED_EDGE('',*,*,#4253,.T.);
#4253 = EDGE_CURVE('',#3794,#4254,#4256,.T.);
#4254 = VERTEX_POINT('',#4255);
#4255 = CARTESIAN_POINT('',(0.341421356237,4.576793840744E-02,
    1.110452846327));
#4256 = SURFACE_CURVE('',#4257,(#4261,#4268),.PCURVE_S1.);
#4257 = LINE('',#4258,#4259);
#4258 = CARTESIAN_POINT('',(9.226989723016E-02,1.958106484316E-02,
    0.86130138732));
#4259 = VECTOR('',#4260,1.);
#4260 = DIRECTION('',(0.705161999394,7.411551268475E-02,0.705161999394)
  );
#4261 = PCURVE('',#3735,#4262);
#4262 = DEFINITIONAL_REPRESENTATION('',(#4263),#4267);
#4263 = LINE('',#4264,#4265);
#4264 = CARTESIAN_POINT('',(9.226989723016E-02,-0.187327587444));
#4265 = VECTOR('',#4266,1.);
#4266 = DIRECTION('',(0.705161999394,-0.709046228825));
#4267 = ( GEOMETRIC_REPRESENTATION_CONTEXT(2) 
PARAMETRIC_REPRESENTATION_CONTEXT() REPRESENTATION_CONTEXT('2D SPACE',''
  ) );
#4268 = PCURVE('',#4269,#4274);
#4269 = CYLINDRICAL_SURFACE('',#4270,0.1);
#4270 = AXIS2_PLACEMENT_3D('',#4271,#4272,#4273);
#4271 = CARTESIAN_POINT('',(9.226989723016E-02,0.11903325438,
    0.850848540993));
#4272 = DIRECTION('',(0.705161999394,7.411551268475E-02,0.705161999394)
  );
#4273 = DIRECTION('',(0.,-0.994521895368,0.104528463268));
#4274 = DEFINITIONAL_REPRESENTATION('',(#4275),#4279);
#4275 = LINE('',#4276,#4277);
#4276 = CARTESIAN_POINT('',(-0.,0.));
#4277 = VECTOR('',#4278,1.);
#4278 = DIRECTION('',(-0.,1.));
#4279 = ( GEOMETRIC_REPRESENTATION_CONTEXT(2) 
PARAMETRIC_REPRESENTATION_CONTEXT() REPRESENTATION_CONTEXT('2D SPACE',''
  ) );
#4280 = ORIENTED_EDGE('',*,*,#4281,.T.);
#4281 = EDGE_CURVE('',#4254,#4282,#4284,.T.);
#4282 = VERTEX_POINT('',#4283);
#4283 = CARTESIAN_POINT('',(10.154779872056,4.576793840744E-02,
    1.110452846327));
#4284 = SURFACE_CURVE('',#4285,(#4289,#4296),.PCURVE_S1.);
#4285 = LINE('',#4286,#4287);
#4286 = CARTESIAN_POINT('',(0.3,4.576793840744E-02,1.110452846327));
#4287 = VECTOR('',#4288,1.);
#4288 = DIRECTION('',(1.,-0.,0.));
#4289 = PCURVE('',#3735,#4290);
#4290 = DEFINITIONAL_REPRESENTATION('',(#4291),#4295);
#4291 = LINE('',#4292,#4293);
#4292 = CARTESIAN_POINT('',(0.3,-0.437851442341));
#4293 = VECTOR('',#4294,1.);
#4294 = DIRECTION('',(1.,0.));
#4295 = ( GEOMETRIC_REPRESENTATION_CONTEXT(2) 
PARAMETRIC_REPRESENTATION_CONTEXT() REPRESENTATION_CONTEXT('2D SPACE',''
  ) );
#4296 = PCURVE('',#4297,#4302);
#4297 = CYLINDRICAL_SURFACE('',#4298,0.1);
#4298 = AXIS2_PLACEMENT_3D('',#4299,#4300,#4301);
#4299 = CARTESIAN_POINT('',(0.3,0.145220127944,1.1));
#4300 = DIRECTION('',(1.,-0.,0.));
#4301 = DIRECTION('',(-0.,-0.994521895368,0.104528463268));
#4302 = DEFINITIONAL_REPRESENTATION('',(#4303),#4307);
#4303 = LINE('',#4304,#4305);
#4304 = CARTESIAN_POINT('',(-0.,0.));
#4305 = VECTOR('',#4306,1.);
#4306 = DIRECTION('',(-0.,1.));
#4307 = ( GEOMETRIC_REPRESENTATION_CONTEXT(2) 
PARAMETRIC_REPRESENTATION_CONTEXT() REPRESENTATION_CONTEXT('2D SPACE',''
  ) );
#4308 = ORIENTED_EDGE('',*,*,#4309,.F.);
#4309 = EDGE_CURVE('',#3720,#4282,#4310,.T.);
#4310 = SURFACE_CURVE('',#4311,(#4315,#4322),.PCURVE_S1.);
#4311 = LINE('',#4312,#4313);
#4312 = CARTESIAN_POINT('',(10.201622700477,-1.074890013952E-03,
    0.664773104659));
#4313 = VECTOR('',#4314,1.);
#4314 = DIRECTION('',(-0.103962051184,0.103962051184,0.989132844378));
#4315 = PCURVE('',#3735,#4316);
#4316 = DEFINITIONAL_REPRESENTATION('',(#4317),#4321);
#4317 = LINE('',#4318,#4319);
#4318 = CARTESIAN_POINT('',(10.201622700477,1.028322793955E-02));
#4319 = VECTOR('',#4320,1.);
#4320 = DIRECTION('',(-0.103962051184,-0.99458126461));
#4321 = ( GEOMETRIC_REPRESENTATION_CONTEXT(2) 
PARAMETRIC_REPRESENTATION_CONTEXT() REPRESENTATION_CONTEXT('2D SPACE',''
  ) );
#4322 = PCURVE('',#4236,#4323);
#4323 = DEFINITIONAL_REPRESENTATION('',(#4324),#4328);
#4324 = LINE('',#4325,#4326);
#4325 = CARTESIAN_POINT('',(0.,0.));
#4326 = VECTOR('',#4327,1.);
#4327 = DIRECTION('',(0.,1.));
#4328 = ( GEOMETRIC_REPRESENTATION_CONTEXT(2) 
PARAMETRIC_REPRESENTATION_CONTEXT() REPRESENTATION_CONTEXT('2D SPACE',''
  ) );
#4329 = ADVANCED_FACE('',(#4330),#3830,.T.);
#4330 = FACE_BOUND('',#4331,.T.);
#4331 = EDGE_LOOP('',(#4332,#4333,#4353));
#4332 = ORIENTED_EDGE('',*,*,#3816,.F.);
#4333 = ORIENTED_EDGE('',*,*,#4334,.T.);
#4334 = EDGE_CURVE('',#3794,#3847,#4335,.T.);
#4335 = SURFACE_CURVE('',#4336,(#4341,#4347),.PCURVE_S1.);
#4336 = CIRCLE('',#4337,0.1);
#4337 = AXIS2_PLACEMENT_3D('',#4338,#4339,#4340);
#4338 = CARTESIAN_POINT('',(0.122176572627,0.122176572627,0.88075521639)
  );
#4339 = DIRECTION('',(-0.705161999394,-7.411551268475E-02,
    -0.705161999394));
#4340 = DIRECTION('',(-0.709046228825,7.370950015143E-02,0.701299048179)
  );
#4341 = PCURVE('',#3830,#4342);
#4342 = DEFINITIONAL_REPRESENTATION('',(#4343),#4346);
#4343 = B_SPLINE_CURVE_WITH_KNOTS('',1,(#4344,#4345),.UNSPECIFIED.,.F.,
  .F.,(2,2),(4.712388980385,6.209205057168),.PIECEWISE_BEZIER_KNOTS.);
#4344 = CARTESIAN_POINT('',(0.67850135488,-1.570796326795));
#4345 = CARTESIAN_POINT('',(0.67850135488,-7.398025001121E-02));
#4346 = ( GEOMETRIC_REPRESENTATION_CONTEXT(2) 
PARAMETRIC_REPRESENTATION_CONTEXT() REPRESENTATION_CONTEXT('2D SPACE',''
  ) );
#4347 = PCURVE('',#4269,#4348);
#4348 = DEFINITIONAL_REPRESENTATION('',(#4349),#4352);
#4349 = B_SPLINE_CURVE_WITH_KNOTS('',1,(#4350,#4351),.UNSPECIFIED.,.F.,
  .F.,(2,2),(4.712388980385,6.209205057168),.PIECEWISE_BEZIER_KNOTS.);
#4350 = CARTESIAN_POINT('',(0.,4.241107067941E-02));
#4351 = CARTESIAN_POINT('',(-1.496816076784,4.241107067941E-02));
#4352 = ( GEOMETRIC_REPRESENTATION_CONTEXT(2) 
PARAMETRIC_REPRESENTATION_CONTEXT() REPRESENTATION_CONTEXT('2D SPACE',''
  ) );
#4353 = ORIENTED_EDGE('',*,*,#3846,.F.);
#4354 = ADVANCED_FACE('',(#4355),#3889,.T.);
#4355 = FACE_BOUND('',#4356,.T.);
#4356 = EDGE_LOOP('',(#4357,#4358,#4381,#4409));
#4357 = ORIENTED_EDGE('',*,*,#3873,.F.);
#4358 = ORIENTED_EDGE('',*,*,#4359,.T.);
#4359 = EDGE_CURVE('',#3847,#4360,#4362,.T.);
#4360 = VERTEX_POINT('',#4361);
#4361 = CARTESIAN_POINT('',(0.270710678119,0.145220127944,1.170710678119
    ));
#4362 = SURFACE_CURVE('',#4363,(#4367,#4374),.PCURVE_S1.);
#4363 = LINE('',#4364,#4365);
#4364 = CARTESIAN_POINT('',(2.15592191115E-02,0.11903325438,
    0.921559219112));
#4365 = VECTOR('',#4366,1.);
#4366 = DIRECTION('',(0.705161999394,7.411551268475E-02,0.705161999394)
  );
#4367 = PCURVE('',#3889,#4368);
#4368 = DEFINITIONAL_REPRESENTATION('',(#4369),#4373);
#4369 = LINE('',#4370,#4371);
#4370 = CARTESIAN_POINT('',(0.39377472865,-0.11903325438));
#4371 = VECTOR('',#4372,1.);
#4372 = DIRECTION('',(-0.997249663214,-7.411551268475E-02));
#4373 = ( GEOMETRIC_REPRESENTATION_CONTEXT(2) 
PARAMETRIC_REPRESENTATION_CONTEXT() REPRESENTATION_CONTEXT('2D SPACE',''
  ) );
#4374 = PCURVE('',#4269,#4375);
#4375 = DEFINITIONAL_REPRESENTATION('',(#4376),#4380);
#4376 = LINE('',#4377,#4378);
#4377 = CARTESIAN_POINT('',(-1.496816076784,0.));
#4378 = VECTOR('',#4379,1.);
#4379 = DIRECTION('',(-0.,1.));
#4380 = ( GEOMETRIC_REPRESENTATION_CONTEXT(2) 
PARAMETRIC_REPRESENTATION_CONTEXT() REPRESENTATION_CONTEXT('2D SPACE',''
  ) );
#4381 = ORIENTED_EDGE('',*,*,#4382,.T.);
#4382 = EDGE_CURVE('',#4360,#4383,#4385,.T.);
#4383 = VERTEX_POINT('',#4384);
#4384 = CARTESIAN_POINT('',(0.270710678119,22.254779872056,
    1.170710678119));
#4385 = SURFACE_CURVE('',#4386,(#4390,#4397),.PCURVE_S1.);
#4386 = LINE('',#4387,#4388);
#4387 = CARTESIAN_POINT('',(0.270710678119,5.517972351448E-02,
    1.170710678119));
#4388 = VECTOR('',#4389,1.);
#4389 = DIRECTION('',(0.,1.,0.));
#4390 = PCURVE('',#3889,#4391);
#4391 = DEFINITIONAL_REPRESENTATION('',(#4392),#4396);
#4392 = LINE('',#4393,#4394);
#4393 = CARTESIAN_POINT('',(4.142135623731E-02,-5.517972351448E-02));
#4394 = VECTOR('',#4395,1.);
#4395 = DIRECTION('',(0.,-1.));
#4396 = ( GEOMETRIC_REPRESENTATION_CONTEXT(2) 
PARAMETRIC_REPRESENTATION_CONTEXT() REPRESENTATION_CONTEXT('2D SPACE',''
  ) );
#4397 = PCURVE('',#4398,#4403);
#4398 = CYLINDRICAL_SURFACE('',#4399,0.1);
#4399 = AXIS2_PLACEMENT_3D('',#4400,#4401,#4402);
#4400 = CARTESIAN_POINT('',(0.341421356237,5.517972351448E-02,1.1));
#4401 = DIRECTION('',(0.,1.,0.));
#4402 = DIRECTION('',(-0.707106781187,0.,0.707106781187));
#4403 = DEFINITIONAL_REPRESENTATION('',(#4404),#4408);
#4404 = LINE('',#4405,#4406);
#4405 = CARTESIAN_POINT('',(0.,0.));
#4406 = VECTOR('',#4407,1.);
#4407 = DIRECTION('',(0.,1.));
#4408 = ( GEOMETRIC_REPRESENTATION_CONTEXT(2) 
PARAMETRIC_REPRESENTATION_CONTEXT() REPRESENTATION_CONTEXT('2D SPACE',''
  ) );
#4409 = ORIENTED_EDGE('',*,*,#4410,.F.);
#4410 = EDGE_CURVE('',#3874,#4383,#4411,.T.);
#4411 = SURFACE_CURVE('',#4412,(#4416,#4423),.PCURVE_S1.);
#4412 = LINE('',#4413,#4414);
#4413 = CARTESIAN_POINT('',(2.155921911151E-02,22.28096674562,
    0.921559219112));
#4414 = VECTOR('',#4415,1.);
#4415 = DIRECTION('',(0.705161999394,-7.411551268475E-02,0.705161999394)
  );
#4416 = PCURVE('',#3889,#4417);
#4417 = DEFINITIONAL_REPRESENTATION('',(#4418),#4422);
#4418 = LINE('',#4419,#4420);
#4419 = CARTESIAN_POINT('',(0.39377472865,-22.28096674562));
#4420 = VECTOR('',#4421,1.);
#4421 = DIRECTION('',(-0.997249663214,7.411551268475E-02));
#4422 = ( GEOMETRIC_REPRESENTATION_CONTEXT(2) 
PARAMETRIC_REPRESENTATION_CONTEXT() REPRESENTATION_CONTEXT('2D SPACE',''
  ) );
#4423 = PCURVE('',#4068,#4424);
#4424 = DEFINITIONAL_REPRESENTATION('',(#4425),#4429);
#4425 = LINE('',#4426,#4427);
#4426 = CARTESIAN_POINT('',(1.496816076784,0.));
#4427 = VECTOR('',#4428,1.);
#4428 = DIRECTION('',(0.,1.));
#4429 = ( GEOMETRIC_REPRESENTATION_CONTEXT(2) 
PARAMETRIC_REPRESENTATION_CONTEXT() REPRESENTATION_CONTEXT('2D SPACE',''
  ) );
#4430 = ADVANCED_FACE('',(#4431),#3940,.T.);
#4431 = FACE_BOUND('',#4432,.F.);
#4432 = EDGE_LOOP('',(#4433,#4434,#4460,#4461));
#4433 = ORIENTED_EDGE('',*,*,#4158,.T.);
#4434 = ORIENTED_EDGE('',*,*,#4435,.T.);
#4435 = EDGE_CURVE('',#4159,#3958,#4436,.T.);
#4436 = SURFACE_CURVE('',#4437,(#4441,#4448),.PCURVE_S1.);
#4437 = LINE('',#4438,#4439);
#4438 = CARTESIAN_POINT('',(10.299452189537,1.387778780781E-17,
    0.680212068398));
#4439 = VECTOR('',#4440,1.);
#4440 = DIRECTION('',(0.,1.,-0.));
#4441 = PCURVE('',#3940,#4442);
#4442 = DEFINITIONAL_REPRESENTATION('',(#4443),#4447);
#4443 = LINE('',#4444,#4445);
#4444 = CARTESIAN_POINT('',(-0.10471975512,0.));
#4445 = VECTOR('',#4446,1.);
#4446 = DIRECTION('',(-0.,1.));
#4447 = ( GEOMETRIC_REPRESENTATION_CONTEXT(2) 
PARAMETRIC_REPRESENTATION_CONTEXT() REPRESENTATION_CONTEXT('2D SPACE',''
  ) );
#4448 = PCURVE('',#4449,#4454);
#4449 = PLANE('',#4450);
#4450 = AXIS2_PLACEMENT_3D('',#4451,#4452,#4453);
#4451 = CARTESIAN_POINT('',(10.3,0.,0.675));
#4452 = DIRECTION('',(-0.994521895368,0.,-0.104528463268));
#4453 = DIRECTION('',(0.,1.,0.));
#4454 = DEFINITIONAL_REPRESENTATION('',(#4455),#4459);
#4455 = LINE('',#4456,#4457);
#4456 = CARTESIAN_POINT('',(1.387778780781E-17,-5.240777928307E-03));
#4457 = VECTOR('',#4458,1.);
#4458 = DIRECTION('',(1.,0.));
#4459 = ( GEOMETRIC_REPRESENTATION_CONTEXT(2) 
PARAMETRIC_REPRESENTATION_CONTEXT() REPRESENTATION_CONTEXT('2D SPACE',''
  ) );
#4460 = ORIENTED_EDGE('',*,*,#3957,.F.);
#4461 = ORIENTED_EDGE('',*,*,#3926,.F.);
#4462 = ADVANCED_FACE('',(#4463),#4035,.T.);
#4463 = FACE_BOUND('',#4464,.F.);
#4464 = EDGE_LOOP('',(#4465,#4466,#4489,#4521));
#4465 = ORIENTED_EDGE('',*,*,#4000,.F.);
#4466 = ORIENTED_EDGE('',*,*,#4467,.T.);
#4467 = EDGE_CURVE('',#3958,#4468,#4470,.T.);
#4468 = VERTEX_POINT('',#4469);
#4469 = CARTESIAN_POINT('',(10.254232061593,22.254779872056,
    1.110452846327));
#4470 = SURFACE_CURVE('',#4471,(#4475,#4482),.PCURVE_S1.);
#4471 = LINE('',#4472,#4473);
#4472 = CARTESIAN_POINT('',(10.301074890014,22.301622700477,
    0.664773104659));
#4473 = VECTOR('',#4474,1.);
#4474 = DIRECTION('',(-0.103962051184,-0.103962051184,0.989132844378));
#4475 = PCURVE('',#4035,#4476);
#4476 = DEFINITIONAL_REPRESENTATION('',(#4477),#4481);
#4477 = LINE('',#4478,#4479);
#4478 = CARTESIAN_POINT('',(-1.559869909752,0.));
#4479 = VECTOR('',#4480,1.);
#4480 = DIRECTION('',(-0.,1.));
#4481 = ( GEOMETRIC_REPRESENTATION_CONTEXT(2) 
PARAMETRIC_REPRESENTATION_CONTEXT() REPRESENTATION_CONTEXT('2D SPACE',''
  ) );
#4482 = PCURVE('',#4449,#4483);
#4483 = DEFINITIONAL_REPRESENTATION('',(#4484),#4488);
#4484 = LINE('',#4485,#4486);
#4485 = CARTESIAN_POINT('',(22.301622700477,1.028322793955E-02));
#4486 = VECTOR('',#4487,1.);
#4487 = DIRECTION('',(-0.103962051184,-0.99458126461));
#4488 = ( GEOMETRIC_REPRESENTATION_CONTEXT(2) 
PARAMETRIC_REPRESENTATION_CONTEXT() REPRESENTATION_CONTEXT('2D SPACE',''
  ) );
#4489 = ORIENTED_EDGE('',*,*,#4490,.F.);
#4490 = EDGE_CURVE('',#4081,#4468,#4491,.T.);
#4491 = SURFACE_CURVE('',#4492,(#4497,#4504),.PCURVE_S1.);
#4492 = CIRCLE('',#4493,0.1);
#4493 = AXIS2_PLACEMENT_3D('',#4494,#4495,#4496);
#4494 = CARTESIAN_POINT('',(10.154779872056,22.254779872056,1.1));
#4495 = DIRECTION('',(0.103962051185,0.103962051185,-0.989132844378));
#4496 = DIRECTION('',(1.734723475977E-18,0.994521895368,0.104528463268)
  );
#4497 = PCURVE('',#4035,#4498);
#4498 = DEFINITIONAL_REPRESENTATION('',(#4499),#4503);
#4499 = LINE('',#4500,#4501);
#4500 = CARTESIAN_POINT('',(-0.,0.450576223609));
#4501 = VECTOR('',#4502,1.);
#4502 = DIRECTION('',(-1.,-7.117407789485E-17));
#4503 = ( GEOMETRIC_REPRESENTATION_CONTEXT(2) 
PARAMETRIC_REPRESENTATION_CONTEXT() REPRESENTATION_CONTEXT('2D SPACE',''
  ) );
#4504 = PCURVE('',#4505,#4510);
#4505 = SPHERICAL_SURFACE('',#4506,0.1);
#4506 = AXIS2_PLACEMENT_3D('',#4507,#4508,#4509);
#4507 = CARTESIAN_POINT('',(10.154779872056,22.254779872056,1.1));
#4508 = DIRECTION('',(1.7763568394E-14,3.5527136788E-14,-1.));
#4509 = DIRECTION('',(1.867026271641E-15,1.,3.5527136788E-14));
#4510 = DEFINITIONAL_REPRESENTATION('',(#4511),#4520);
#4511 = B_SPLINE_CURVE_WITH_KNOTS('',7,(#4512,#4513,#4514,#4515,#4516,
    #4517,#4518,#4519),.UNSPECIFIED.,.F.,.F.,(8,8),(0.,1.559869909752),
  .PIECEWISE_BEZIER_KNOTS.);
#4512 = CARTESIAN_POINT('',(0.,-0.10471975512));
#4513 = CARTESIAN_POINT('',(0.222851861165,-0.127886508748));
#4514 = CARTESIAN_POINT('',(0.446970298262,-0.145028818012));
#4515 = CARTESIAN_POINT('',(0.672359144982,-0.154236246574));
#4516 = CARTESIAN_POINT('',(0.898437181813,-0.154236246574));
#4517 = CARTESIAN_POINT('',(1.123826028533,-0.145028818012));
#4518 = CARTESIAN_POINT('',(1.347944465629,-0.127886508748));
#4519 = CARTESIAN_POINT('',(1.570796326795,-0.10471975512));
#4520 = ( GEOMETRIC_REPRESENTATION_CONTEXT(2) 
PARAMETRIC_REPRESENTATION_CONTEXT() REPRESENTATION_CONTEXT('2D SPACE',''
  ) );
#4521 = ORIENTED_EDGE('',*,*,#4108,.F.);
#4522 = ADVANCED_FACE('',(#4523),#4068,.T.);
#4523 = FACE_BOUND('',#4524,.T.);
#4524 = EDGE_LOOP('',(#4525,#4526,#4527,#4552));
#4525 = ORIENTED_EDGE('',*,*,#4133,.F.);
#4526 = ORIENTED_EDGE('',*,*,#4410,.T.);
#4527 = ORIENTED_EDGE('',*,*,#4528,.T.);
#4528 = EDGE_CURVE('',#4383,#4053,#4529,.T.);
#4529 = SURFACE_CURVE('',#4530,(#4535,#4541),.PCURVE_S1.);
#4530 = CIRCLE('',#4531,0.1);
#4531 = AXIS2_PLACEMENT_3D('',#4532,#4533,#4534);
#4532 = CARTESIAN_POINT('',(0.341421356237,22.254779872056,1.1));
#4533 = DIRECTION('',(-0.705161999394,7.411551268473E-02,-0.705161999394
    ));
#4534 = DIRECTION('',(5.240758161051E-02,0.997249663214,
    5.240758161047E-02));
#4535 = PCURVE('',#4068,#4536);
#4536 = DEFINITIONAL_REPRESENTATION('',(#4537),#4540);
#4537 = B_SPLINE_CURVE_WITH_KNOTS('',1,(#4538,#4539),.UNSPECIFIED.,.F.,
  .F.,(2,2),(4.712388980385,6.209205057168),.PIECEWISE_BEZIER_KNOTS.);
#4538 = CARTESIAN_POINT('',(1.496816076784,0.353325135531));
#4539 = CARTESIAN_POINT('',(4.352074256531E-14,0.353325135531));
#4540 = ( GEOMETRIC_REPRESENTATION_CONTEXT(2) 
PARAMETRIC_REPRESENTATION_CONTEXT() REPRESENTATION_CONTEXT('2D SPACE',''
  ) );
#4541 = PCURVE('',#4542,#4547);
#4542 = SPHERICAL_SURFACE('',#4543,0.1);
#4543 = AXIS2_PLACEMENT_3D('',#4544,#4545,#4546);
#4544 = CARTESIAN_POINT('',(0.341421356237,22.254779872056,1.1));
#4545 = DIRECTION('',(0.707106781187,-3.5527136788E-14,-0.707106781187)
  );
#4546 = DIRECTION('',(5.240758161051E-02,0.997249663214,
    5.240758161047E-02));
#4547 = DEFINITIONAL_REPRESENTATION('',(#4548),#4551);
#4548 = B_SPLINE_CURVE_WITH_KNOTS('',1,(#4549,#4550),.UNSPECIFIED.,.F.,
  .F.,(2,2),(4.712388980385,6.209205057168),.PIECEWISE_BEZIER_KNOTS.);
#4549 = CARTESIAN_POINT('',(0.,-1.570796326795));
#4550 = CARTESIAN_POINT('',(0.,-7.398025001125E-02));
#4551 = ( GEOMETRIC_REPRESENTATION_CONTEXT(2) 
PARAMETRIC_REPRESENTATION_CONTEXT() REPRESENTATION_CONTEXT('2D SPACE',''
  ) );
#4552 = ORIENTED_EDGE('',*,*,#4052,.F.);
#4553 = ADVANCED_FACE('',(#4554),#4096,.T.);
#4554 = FACE_BOUND('',#4555,.T.);
#4555 = EDGE_LOOP('',(#4556,#4557,#4592,#4620));
#4556 = ORIENTED_EDGE('',*,*,#4080,.F.);
#4557 = ORIENTED_EDGE('',*,*,#4558,.T.);
#4558 = EDGE_CURVE('',#4053,#4559,#4561,.T.);
#4559 = VERTEX_POINT('',#4560);
#4560 = CARTESIAN_POINT('',(0.341421356237,22.254779872056,1.2));
#4561 = SURFACE_CURVE('',#4562,(#4567,#4574),.PCURVE_S1.);
#4562 = CIRCLE('',#4563,0.1);
#4563 = AXIS2_PLACEMENT_3D('',#4564,#4565,#4566);
#4564 = CARTESIAN_POINT('',(0.341421356237,22.254779872056,1.1));
#4565 = DIRECTION('',(1.,1.749386277529E-14,1.942890293094E-14));
#4566 = DIRECTION('',(-1.942890293094E-14,0.994521895368,0.104528463268)
  );
#4567 = PCURVE('',#4096,#4568);
#4568 = DEFINITIONAL_REPRESENTATION('',(#4569),#4573);
#4569 = LINE('',#4570,#4571);
#4570 = CARTESIAN_POINT('',(0.,4.142135623731E-02));
#4571 = VECTOR('',#4572,1.);
#4572 = DIRECTION('',(1.,-9.465936551975E-18));
#4573 = ( GEOMETRIC_REPRESENTATION_CONTEXT(2) 
PARAMETRIC_REPRESENTATION_CONTEXT() REPRESENTATION_CONTEXT('2D SPACE',''
  ) );
#4574 = PCURVE('',#4542,#4575);
#4575 = DEFINITIONAL_REPRESENTATION('',(#4576),#4591);
#4576 = B_SPLINE_CURVE_WITH_KNOTS('',7,(#4577,#4578,#4579,#4580,#4581,
    #4582,#4583,#4584,#4585,#4586,#4587,#4588,#4589,#4590),
  .UNSPECIFIED.,.F.,.F.,(8,6,8),(0.,0.733038285838,1.466076571675),
  .UNSPECIFIED.);
#4577 = CARTESIAN_POINT('',(1.113268136736E-15,-7.398025001125E-02));
#4578 = CARTESIAN_POINT('',(7.445480298986E-02,-0.147824641908));
#4579 = CARTESIAN_POINT('',(0.149854963332,-0.221193245671));
#4580 = CARTESIAN_POINT('',(0.227571694946,-0.293405265861));
#4581 = CARTESIAN_POINT('',(0.308928321343,-0.363749286506));
#4582 = CARTESIAN_POINT('',(0.395544999952,-0.431349809293));
#4583 = CARTESIAN_POINT('',(0.489247907272,-0.495045967085));
#4584 = CARTESIAN_POINT('',(0.693837862393,-0.611518858431));
#4585 = CARTESIAN_POINT('',(0.804718511865,-0.664301443661));
#4586 = CARTESIAN_POINT('',(0.92565435133,-0.710051126994));
#4587 = CARTESIAN_POINT('',(1.057574806254,-0.746996545459));
#4588 = CARTESIAN_POINT('',(1.200428846244,-0.772608367377));
#4589 = CARTESIAN_POINT('',(1.348516693792,-0.785398163397));
#4590 = CARTESIAN_POINT('',(1.49661279173,-0.785398163397));
#4591 = ( GEOMETRIC_REPRESENTATION_CONTEXT(2) 
PARAMETRIC_REPRESENTATION_CONTEXT() REPRESENTATION_CONTEXT('2D SPACE',''
  ) );
#4592 = ORIENTED_EDGE('',*,*,#4593,.T.);
#4593 = EDGE_CURVE('',#4559,#4594,#4596,.T.);
#4594 = VERTEX_POINT('',#4595);
#4595 = CARTESIAN_POINT('',(10.154779872056,22.254779872056,1.2));
#4596 = SURFACE_CURVE('',#4597,(#4601,#4608),.PCURVE_S1.);
#4597 = LINE('',#4598,#4599);
#4598 = CARTESIAN_POINT('',(0.3,22.254779872056,1.2));
#4599 = VECTOR('',#4600,1.);
#4600 = DIRECTION('',(1.,0.,0.));
#4601 = PCURVE('',#4096,#4602);
#4602 = DEFINITIONAL_REPRESENTATION('',(#4603),#4607);
#4603 = LINE('',#4604,#4605);
#4604 = CARTESIAN_POINT('',(1.466076571675,0.));
#4605 = VECTOR('',#4606,1.);
#4606 = DIRECTION('',(0.,1.));
#4607 = ( GEOMETRIC_REPRESENTATION_CONTEXT(2) 
PARAMETRIC_REPRESENTATION_CONTEXT() REPRESENTATION_CONTEXT('2D SPACE',''
  ) );
#4608 = PCURVE('',#4609,#4614);
#4609 = PLANE('',#4610);
#4610 = AXIS2_PLACEMENT_3D('',#4611,#4612,#4613);
#4611 = CARTESIAN_POINT('',(0.,0.,1.2));
#4612 = DIRECTION('',(0.,0.,1.));
#4613 = DIRECTION('',(1.,0.,-0.));
#4614 = DEFINITIONAL_REPRESENTATION('',(#4615),#4619);
#4615 = LINE('',#4616,#4617);
#4616 = CARTESIAN_POINT('',(0.3,22.254779872056));
#4617 = VECTOR('',#4618,1.);
#4618 = DIRECTION('',(1.,0.));
#4619 = ( GEOMETRIC_REPRESENTATION_CONTEXT(2) 
PARAMETRIC_REPRESENTATION_CONTEXT() REPRESENTATION_CONTEXT('2D SPACE',''
  ) );
#4620 = ORIENTED_EDGE('',*,*,#4621,.T.);
#4621 = EDGE_CURVE('',#4594,#4081,#4622,.T.);
#4622 = SURFACE_CURVE('',#4623,(#4628,#4634),.PCURVE_S1.);
#4623 = CIRCLE('',#4624,0.1);
#4624 = AXIS2_PLACEMENT_3D('',#4625,#4626,#4627);
#4625 = CARTESIAN_POINT('',(10.154779872056,22.254779872056,1.1));
#4626 = DIRECTION('',(-1.,1.867026271641E-15,-1.7763568394E-14));
#4627 = DIRECTION('',(1.867026271641E-15,1.,3.5527136788E-14));
#4628 = PCURVE('',#4096,#4629);
#4629 = DEFINITIONAL_REPRESENTATION('',(#4630),#4633);
#4630 = B_SPLINE_CURVE_WITH_KNOTS('',1,(#4631,#4632),.UNSPECIFIED.,.F.,
  .F.,(2,2),(4.712388980385,6.17846555206),.PIECEWISE_BEZIER_KNOTS.);
#4631 = CARTESIAN_POINT('',(1.466076571675,9.854779872056));
#4632 = CARTESIAN_POINT('',(-3.10862446895E-14,9.854779872056));
#4633 = ( GEOMETRIC_REPRESENTATION_CONTEXT(2) 
PARAMETRIC_REPRESENTATION_CONTEXT() REPRESENTATION_CONTEXT('2D SPACE',''
  ) );
#4634 = PCURVE('',#4505,#4635);
#4635 = DEFINITIONAL_REPRESENTATION('',(#4636),#4639);
#4636 = B_SPLINE_CURVE_WITH_KNOTS('',1,(#4637,#4638),.UNSPECIFIED.,.F.,
  .F.,(2,2),(4.712388980385,6.17846555206),.PIECEWISE_BEZIER_KNOTS.);
#4637 = CARTESIAN_POINT('',(0.,-1.570796326795));
#4638 = CARTESIAN_POINT('',(0.,-0.10471975512));
#4639 = ( GEOMETRIC_REPRESENTATION_CONTEXT(2) 
PARAMETRIC_REPRESENTATION_CONTEXT() REPRESENTATION_CONTEXT('2D SPACE',''
  ) );
#4640 = ADVANCED_FACE('',(#4641),#4236,.T.);
#4641 = FACE_BOUND('',#4642,.T.);
#4642 = EDGE_LOOP('',(#4643,#4644,#4667,#4699));
#4643 = ORIENTED_EDGE('',*,*,#4201,.F.);
#4644 = ORIENTED_EDGE('',*,*,#4645,.T.);
#4645 = EDGE_CURVE('',#4159,#4646,#4648,.T.);
#4646 = VERTEX_POINT('',#4647);
#4647 = CARTESIAN_POINT('',(10.254232061593,0.145220127944,
    1.110452846327));
#4648 = SURFACE_CURVE('',#4649,(#4653,#4660),.PCURVE_S1.);
#4649 = LINE('',#4650,#4651);
#4650 = CARTESIAN_POINT('',(10.301074890014,9.837729952288E-02,
    0.664773104659));
#4651 = VECTOR('',#4652,1.);
#4652 = DIRECTION('',(-0.103962051184,0.103962051184,0.989132844378));
#4653 = PCURVE('',#4236,#4654);
#4654 = DEFINITIONAL_REPRESENTATION('',(#4655),#4659);
#4655 = LINE('',#4656,#4657);
#4656 = CARTESIAN_POINT('',(1.559869909752,0.));
#4657 = VECTOR('',#4658,1.);
#4658 = DIRECTION('',(0.,1.));
#4659 = ( GEOMETRIC_REPRESENTATION_CONTEXT(2) 
PARAMETRIC_REPRESENTATION_CONTEXT() REPRESENTATION_CONTEXT('2D SPACE',''
  ) );
#4660 = PCURVE('',#4449,#4661);
#4661 = DEFINITIONAL_REPRESENTATION('',(#4662),#4666);
#4662 = LINE('',#4663,#4664);
#4663 = CARTESIAN_POINT('',(9.837729952288E-02,1.028322793955E-02));
#4664 = VECTOR('',#4665,1.);
#4665 = DIRECTION('',(0.103962051184,-0.99458126461));
#4666 = ( GEOMETRIC_REPRESENTATION_CONTEXT(2) 
PARAMETRIC_REPRESENTATION_CONTEXT() REPRESENTATION_CONTEXT('2D SPACE',''
  ) );
#4667 = ORIENTED_EDGE('',*,*,#4668,.F.);
#4668 = EDGE_CURVE('',#4282,#4646,#4669,.T.);
#4669 = SURFACE_CURVE('',#4670,(#4675,#4682),.PCURVE_S1.);
#4670 = CIRCLE('',#4671,0.1);
#4671 = AXIS2_PLACEMENT_3D('',#4672,#4673,#4674);
#4672 = CARTESIAN_POINT('',(10.154779872056,0.145220127944,1.1));
#4673 = DIRECTION('',(-0.103962051184,0.103962051184,0.989132844378));
#4674 = DIRECTION('',(-1.734723475977E-18,-0.994521895368,0.104528463268
    ));
#4675 = PCURVE('',#4236,#4676);
#4676 = DEFINITIONAL_REPRESENTATION('',(#4677),#4681);
#4677 = LINE('',#4678,#4679);
#4678 = CARTESIAN_POINT('',(0.,0.450576223609));
#4679 = VECTOR('',#4680,1.);
#4680 = DIRECTION('',(1.,-1.423481557897E-16));
#4681 = ( GEOMETRIC_REPRESENTATION_CONTEXT(2) 
PARAMETRIC_REPRESENTATION_CONTEXT() REPRESENTATION_CONTEXT('2D SPACE',''
  ) );
#4682 = PCURVE('',#4683,#4688);
#4683 = SPHERICAL_SURFACE('',#4684,0.1);
#4684 = AXIS2_PLACEMENT_3D('',#4685,#4686,#4687);
#4685 = CARTESIAN_POINT('',(10.154779872056,0.145220127944,1.1));
#4686 = DIRECTION('',(1.7763568394E-14,-1.665334536938E-15,-1.));
#4687 = DIRECTION('',(1.867026271641E-15,-1.,1.665334536938E-15));
#4688 = DEFINITIONAL_REPRESENTATION('',(#4689),#4698);
#4689 = B_SPLINE_CURVE_WITH_KNOTS('',7,(#4690,#4691,#4692,#4693,#4694,
    #4695,#4696,#4697),.UNSPECIFIED.,.F.,.F.,(8,8),(0.,1.559869909752),
  .PIECEWISE_BEZIER_KNOTS.);
#4690 = CARTESIAN_POINT('',(0.,-0.10471975512));
#4691 = CARTESIAN_POINT('',(-0.222851861165,-0.127886508748));
#4692 = CARTESIAN_POINT('',(-0.446970298262,-0.145028818012));
#4693 = CARTESIAN_POINT('',(-0.672359144983,-0.154236246574));
#4694 = CARTESIAN_POINT('',(-0.898437181812,-0.154236246574));
#4695 = CARTESIAN_POINT('',(-1.123826028533,-0.145028818012));
#4696 = CARTESIAN_POINT('',(-1.347944465629,-0.127886508748));
#4697 = CARTESIAN_POINT('',(-1.570796326795,-0.10471975512));
#4698 = ( GEOMETRIC_REPRESENTATION_CONTEXT(2) 
PARAMETRIC_REPRESENTATION_CONTEXT() REPRESENTATION_CONTEXT('2D SPACE',''
  ) );
#4699 = ORIENTED_EDGE('',*,*,#4309,.F.);
#4700 = ADVANCED_FACE('',(#4701),#4269,.T.);
#4701 = FACE_BOUND('',#4702,.F.);
#4702 = EDGE_LOOP('',(#4703,#4704,#4705,#4730));
#4703 = ORIENTED_EDGE('',*,*,#4334,.T.);
#4704 = ORIENTED_EDGE('',*,*,#4359,.T.);
#4705 = ORIENTED_EDGE('',*,*,#4706,.T.);
#4706 = EDGE_CURVE('',#4360,#4254,#4707,.T.);
#4707 = SURFACE_CURVE('',#4708,(#4713,#4719),.PCURVE_S1.);
#4708 = CIRCLE('',#4709,0.1);
#4709 = AXIS2_PLACEMENT_3D('',#4710,#4711,#4712);
#4710 = CARTESIAN_POINT('',(0.341421356237,0.145220127944,1.1));
#4711 = DIRECTION('',(0.705161999394,7.411551268475E-02,0.705161999394)
  );
#4712 = DIRECTION('',(5.24075816105E-02,-0.997249663214,
    5.24075816105E-02));
#4713 = PCURVE('',#4269,#4714);
#4714 = DEFINITIONAL_REPRESENTATION('',(#4715),#4718);
#4715 = B_SPLINE_CURVE_WITH_KNOTS('',1,(#4716,#4717),.UNSPECIFIED.,.F.,
  .F.,(2,2),(4.712388980385,6.209205057168),.PIECEWISE_BEZIER_KNOTS.);
#4716 = CARTESIAN_POINT('',(-1.496816076784,0.353325135531));
#4717 = CARTESIAN_POINT('',(-8.881784197001E-16,0.353325135531));
#4718 = ( GEOMETRIC_REPRESENTATION_CONTEXT(2) 
PARAMETRIC_REPRESENTATION_CONTEXT() REPRESENTATION_CONTEXT('2D SPACE',''
  ) );
#4719 = PCURVE('',#4720,#4725);
#4720 = SPHERICAL_SURFACE('',#4721,0.1);
#4721 = AXIS2_PLACEMENT_3D('',#4722,#4723,#4724);
#4722 = CARTESIAN_POINT('',(0.341421356237,0.145220127944,1.1));
#4723 = DIRECTION('',(0.707106781187,8.326672684689E-16,-0.707106781187)
  );
#4724 = DIRECTION('',(5.24075816105E-02,-0.997249663214,
    5.24075816105E-02));
#4725 = DEFINITIONAL_REPRESENTATION('',(#4726),#4729);
#4726 = B_SPLINE_CURVE_WITH_KNOTS('',1,(#4727,#4728),.UNSPECIFIED.,.F.,
  .F.,(2,2),(4.712388980385,6.209205057168),.PIECEWISE_BEZIER_KNOTS.);
#4727 = CARTESIAN_POINT('',(0.,-1.570796326795));
#4728 = CARTESIAN_POINT('',(0.,-7.398025001121E-02));
#4729 = ( GEOMETRIC_REPRESENTATION_CONTEXT(2) 
PARAMETRIC_REPRESENTATION_CONTEXT() REPRESENTATION_CONTEXT('2D SPACE',''
  ) );
#4730 = ORIENTED_EDGE('',*,*,#4253,.F.);
#4731 = ADVANCED_FACE('',(#4732),#4297,.T.);
#4732 = FACE_BOUND('',#4733,.F.);
#4733 = EDGE_LOOP('',(#4734,#4735,#4770,#4793));
#4734 = ORIENTED_EDGE('',*,*,#4281,.F.);
#4735 = ORIENTED_EDGE('',*,*,#4736,.T.);
#4736 = EDGE_CURVE('',#4254,#4737,#4739,.T.);
#4737 = VERTEX_POINT('',#4738);
#4738 = CARTESIAN_POINT('',(0.341421356237,0.145220127944,1.2));
#4739 = SURFACE_CURVE('',#4740,(#4745,#4752),.PCURVE_S1.);
#4740 = CIRCLE('',#4741,0.1);
#4741 = AXIS2_PLACEMENT_3D('',#4742,#4743,#4744);
#4742 = CARTESIAN_POINT('',(0.341421356237,0.145220127944,1.1));
#4743 = DIRECTION('',(-1.,2.790846108557E-15,1.528418003866E-30));
#4744 = DIRECTION('',(-2.775557561563E-15,-0.994521895368,0.104528463268
    ));
#4745 = PCURVE('',#4297,#4746);
#4746 = DEFINITIONAL_REPRESENTATION('',(#4747),#4751);
#4747 = LINE('',#4748,#4749);
#4748 = CARTESIAN_POINT('',(-0.,4.142135623731E-02));
#4749 = VECTOR('',#4750,1.);
#4750 = DIRECTION('',(-1.,1.751198262115E-16));
#4751 = ( GEOMETRIC_REPRESENTATION_CONTEXT(2) 
PARAMETRIC_REPRESENTATION_CONTEXT() REPRESENTATION_CONTEXT('2D SPACE',''
  ) );
#4752 = PCURVE('',#4720,#4753);
#4753 = DEFINITIONAL_REPRESENTATION('',(#4754),#4769);
#4754 = B_SPLINE_CURVE_WITH_KNOTS('',7,(#4755,#4756,#4757,#4758,#4759,
    #4760,#4761,#4762,#4763,#4764,#4765,#4766,#4767,#4768),
  .UNSPECIFIED.,.F.,.F.,(8,6,8),(0.,0.733038285838,1.466076571675),
  .UNSPECIFIED.);
#4755 = CARTESIAN_POINT('',(-2.226536273471E-15,-7.398025001121E-02));
#4756 = CARTESIAN_POINT('',(-7.445480298986E-02,-0.147824641907));
#4757 = CARTESIAN_POINT('',(-0.149854963332,-0.221193245671));
#4758 = CARTESIAN_POINT('',(-0.227571694946,-0.293405265861));
#4759 = CARTESIAN_POINT('',(-0.308928321343,-0.363749286506));
#4760 = CARTESIAN_POINT('',(-0.395544999952,-0.431349809293));
#4761 = CARTESIAN_POINT('',(-0.489247907272,-0.495045967085));
#4762 = CARTESIAN_POINT('',(-0.693837862393,-0.611518858431));
#4763 = CARTESIAN_POINT('',(-0.804718511864,-0.664301443661));
#4764 = CARTESIAN_POINT('',(-0.92565435133,-0.710051126994));
#4765 = CARTESIAN_POINT('',(-1.057574806255,-0.746996545459));
#4766 = CARTESIAN_POINT('',(-1.200428846243,-0.772608367376));
#4767 = CARTESIAN_POINT('',(-1.348516693792,-0.785398163397));
#4768 = CARTESIAN_POINT('',(-1.49661279173,-0.785398163397));
#4769 = ( GEOMETRIC_REPRESENTATION_CONTEXT(2) 
PARAMETRIC_REPRESENTATION_CONTEXT() REPRESENTATION_CONTEXT('2D SPACE',''
  ) );
#4770 = ORIENTED_EDGE('',*,*,#4771,.T.);
#4771 = EDGE_CURVE('',#4737,#4772,#4774,.T.);
#4772 = VERTEX_POINT('',#4773);
#4773 = CARTESIAN_POINT('',(10.154779872056,0.145220127944,1.2));
#4774 = SURFACE_CURVE('',#4775,(#4779,#4786),.PCURVE_S1.);
#4775 = LINE('',#4776,#4777);
#4776 = CARTESIAN_POINT('',(0.3,0.145220127944,1.2));
#4777 = VECTOR('',#4778,1.);
#4778 = DIRECTION('',(1.,-0.,0.));
#4779 = PCURVE('',#4297,#4780);
#4780 = DEFINITIONAL_REPRESENTATION('',(#4781),#4785);
#4781 = LINE('',#4782,#4783);
#4782 = CARTESIAN_POINT('',(-1.466076571675,0.));
#4783 = VECTOR('',#4784,1.);
#4784 = DIRECTION('',(-0.,1.));
#4785 = ( GEOMETRIC_REPRESENTATION_CONTEXT(2) 
PARAMETRIC_REPRESENTATION_CONTEXT() REPRESENTATION_CONTEXT('2D SPACE',''
  ) );
#4786 = PCURVE('',#4609,#4787);
#4787 = DEFINITIONAL_REPRESENTATION('',(#4788),#4792);
#4788 = LINE('',#4789,#4790);
#4789 = CARTESIAN_POINT('',(0.3,0.145220127944));
#4790 = VECTOR('',#4791,1.);
#4791 = DIRECTION('',(1.,0.));
#4792 = ( GEOMETRIC_REPRESENTATION_CONTEXT(2) 
PARAMETRIC_REPRESENTATION_CONTEXT() REPRESENTATION_CONTEXT('2D SPACE',''
  ) );
#4793 = ORIENTED_EDGE('',*,*,#4794,.T.);
#4794 = EDGE_CURVE('',#4772,#4282,#4795,.T.);
#4795 = SURFACE_CURVE('',#4796,(#4801,#4807),.PCURVE_S1.);
#4796 = CIRCLE('',#4797,0.1);
#4797 = AXIS2_PLACEMENT_3D('',#4798,#4799,#4800);
#4798 = CARTESIAN_POINT('',(10.154779872056,0.145220127944,1.1));
#4799 = DIRECTION('',(1.,1.867026271641E-15,1.7763568394E-14));
#4800 = DIRECTION('',(1.867026271641E-15,-1.,1.665334536938E-15));
#4801 = PCURVE('',#4297,#4802);
#4802 = DEFINITIONAL_REPRESENTATION('',(#4803),#4806);
#4803 = B_SPLINE_CURVE_WITH_KNOTS('',1,(#4804,#4805),.UNSPECIFIED.,.F.,
  .F.,(2,2),(4.712388980385,6.17846555206),.PIECEWISE_BEZIER_KNOTS.);
#4804 = CARTESIAN_POINT('',(-1.466076571675,9.854779872056));
#4805 = CARTESIAN_POINT('',(2.6645352591E-15,9.854779872056));
#4806 = ( GEOMETRIC_REPRESENTATION_CONTEXT(2) 
PARAMETRIC_REPRESENTATION_CONTEXT() REPRESENTATION_CONTEXT('2D SPACE',''
  ) );
#4807 = PCURVE('',#4683,#4808);
#4808 = DEFINITIONAL_REPRESENTATION('',(#4809),#4812);
#4809 = B_SPLINE_CURVE_WITH_KNOTS('',1,(#4810,#4811),.UNSPECIFIED.,.F.,
  .F.,(2,2),(4.712388980385,6.17846555206),.PIECEWISE_BEZIER_KNOTS.);
#4810 = CARTESIAN_POINT('',(0.,-1.570796326795));
#4811 = CARTESIAN_POINT('',(0.,-0.10471975512));
#4812 = ( GEOMETRIC_REPRESENTATION_CONTEXT(2) 
PARAMETRIC_REPRESENTATION_CONTEXT() REPRESENTATION_CONTEXT('2D SPACE',''
  ) );
#4813 = ADVANCED_FACE('',(#4814),#4398,.T.);
#4814 = FACE_BOUND('',#4815,.T.);
#4815 = EDGE_LOOP('',(#4816,#4836,#4857,#4877));
#4816 = ORIENTED_EDGE('',*,*,#4817,.T.);
#4817 = EDGE_CURVE('',#4360,#4737,#4818,.T.);
#4818 = SURFACE_CURVE('',#4819,(#4824,#4830),.PCURVE_S1.);
#4819 = CIRCLE('',#4820,0.1);
#4820 = AXIS2_PLACEMENT_3D('',#4821,#4822,#4823);
#4821 = CARTESIAN_POINT('',(0.341421356237,0.145220127944,1.1));
#4822 = DIRECTION('',(-8.046723850754E-16,1.,3.728969589374E-16));
#4823 = DIRECTION('',(0.707106781187,3.053113317719E-16,0.707106781187)
  );
#4824 = PCURVE('',#4398,#4825);
#4825 = DEFINITIONAL_REPRESENTATION('',(#4826),#4829);
#4826 = B_SPLINE_CURVE_WITH_KNOTS('',1,(#4827,#4828),.UNSPECIFIED.,.F.,
  .F.,(2,2),(4.712388980385,5.497787143782),.PIECEWISE_BEZIER_KNOTS.);
#4827 = CARTESIAN_POINT('',(0.,9.004040442978E-02));
#4828 = CARTESIAN_POINT('',(0.785398163397,9.004040442978E-02));
#4829 = ( GEOMETRIC_REPRESENTATION_CONTEXT(2) 
PARAMETRIC_REPRESENTATION_CONTEXT() REPRESENTATION_CONTEXT('2D SPACE',''
  ) );
#4830 = PCURVE('',#4720,#4831);
#4831 = DEFINITIONAL_REPRESENTATION('',(#4832),#4835);
#4832 = B_SPLINE_CURVE_WITH_KNOTS('',1,(#4833,#4834),.UNSPECIFIED.,.F.,
  .F.,(2,2),(4.712388980385,5.497787143782),.PIECEWISE_BEZIER_KNOTS.);
#4833 = CARTESIAN_POINT('',(-1.49661279173,-1.570796326795));
#4834 = CARTESIAN_POINT('',(-1.49661279173,-0.785398163397));
#4835 = ( GEOMETRIC_REPRESENTATION_CONTEXT(2) 
PARAMETRIC_REPRESENTATION_CONTEXT() REPRESENTATION_CONTEXT('2D SPACE',''
  ) );
#4836 = ORIENTED_EDGE('',*,*,#4837,.T.);
#4837 = EDGE_CURVE('',#4737,#4559,#4838,.T.);
#4838 = SURFACE_CURVE('',#4839,(#4843,#4850),.PCURVE_S1.);
#4839 = LINE('',#4840,#4841);
#4840 = CARTESIAN_POINT('',(0.341421356237,5.517972351448E-02,1.2));
#4841 = VECTOR('',#4842,1.);
#4842 = DIRECTION('',(0.,1.,0.));
#4843 = PCURVE('',#4398,#4844);
#4844 = DEFINITIONAL_REPRESENTATION('',(#4845),#4849);
#4845 = LINE('',#4846,#4847);
#4846 = CARTESIAN_POINT('',(0.785398163397,0.));
#4847 = VECTOR('',#4848,1.);
#4848 = DIRECTION('',(0.,1.));
#4849 = ( GEOMETRIC_REPRESENTATION_CONTEXT(2) 
PARAMETRIC_REPRESENTATION_CONTEXT() REPRESENTATION_CONTEXT('2D SPACE',''
  ) );
#4850 = PCURVE('',#4609,#4851);
#4851 = DEFINITIONAL_REPRESENTATION('',(#4852),#4856);
#4852 = LINE('',#4853,#4854);
#4853 = CARTESIAN_POINT('',(0.341421356237,5.517972351448E-02));
#4854 = VECTOR('',#4855,1.);
#4855 = DIRECTION('',(0.,1.));
#4856 = ( GEOMETRIC_REPRESENTATION_CONTEXT(2) 
PARAMETRIC_REPRESENTATION_CONTEXT() REPRESENTATION_CONTEXT('2D SPACE',''
  ) );
#4857 = ORIENTED_EDGE('',*,*,#4858,.F.);
#4858 = EDGE_CURVE('',#4383,#4559,#4859,.T.);
#4859 = SURFACE_CURVE('',#4860,(#4865,#4871),.PCURVE_S1.);
#4860 = CIRCLE('',#4861,0.1);
#4861 = AXIS2_PLACEMENT_3D('',#4862,#4863,#4864);
#4862 = CARTESIAN_POINT('',(0.341421356237,22.254779872056,1.1));
#4863 = DIRECTION('',(4.146025398712E-14,1.,-8.782704690761E-15));
#4864 = DIRECTION('',(0.707106781187,-2.310651670001E-14,0.707106781187)
  );
#4865 = PCURVE('',#4398,#4866);
#4866 = DEFINITIONAL_REPRESENTATION('',(#4867),#4870);
#4867 = B_SPLINE_CURVE_WITH_KNOTS('',1,(#4868,#4869),.UNSPECIFIED.,.F.,
  .F.,(2,2),(4.712388980385,5.497787143782),.PIECEWISE_BEZIER_KNOTS.);
#4868 = CARTESIAN_POINT('',(0.,22.199600148541));
#4869 = CARTESIAN_POINT('',(0.785398163397,22.199600148541));
#4870 = ( GEOMETRIC_REPRESENTATION_CONTEXT(2) 
PARAMETRIC_REPRESENTATION_CONTEXT() REPRESENTATION_CONTEXT('2D SPACE',''
  ) );
#4871 = PCURVE('',#4542,#4872);
#4872 = DEFINITIONAL_REPRESENTATION('',(#4873),#4876);
#4873 = B_SPLINE_CURVE_WITH_KNOTS('',1,(#4874,#4875),.UNSPECIFIED.,.F.,
  .F.,(2,2),(4.712388980385,5.497787143782),.PIECEWISE_BEZIER_KNOTS.);
#4874 = CARTESIAN_POINT('',(1.49661279173,-1.570796326795));
#4875 = CARTESIAN_POINT('',(1.49661279173,-0.785398163397));
#4876 = ( GEOMETRIC_REPRESENTATION_CONTEXT(2) 
PARAMETRIC_REPRESENTATION_CONTEXT() REPRESENTATION_CONTEXT('2D SPACE',''
  ) );
#4877 = ORIENTED_EDGE('',*,*,#4382,.F.);
#4878 = ADVANCED_FACE('',(#4879),#4449,.F.);
#4879 = FACE_BOUND('',#4880,.F.);
#4880 = EDGE_LOOP('',(#4881,#4882,#4883,#4909));
#4881 = ORIENTED_EDGE('',*,*,#4435,.F.);
#4882 = ORIENTED_EDGE('',*,*,#4645,.T.);
#4883 = ORIENTED_EDGE('',*,*,#4884,.T.);
#4884 = EDGE_CURVE('',#4646,#4468,#4885,.T.);
#4885 = SURFACE_CURVE('',#4886,(#4890,#4897),.PCURVE_S1.);
#4886 = LINE('',#4887,#4888);
#4887 = CARTESIAN_POINT('',(10.254232061593,5.517972351448E-02,
    1.110452846327));
#4888 = VECTOR('',#4889,1.);
#4889 = DIRECTION('',(0.,1.,-0.));
#4890 = PCURVE('',#4449,#4891);
#4891 = DEFINITIONAL_REPRESENTATION('',(#4892),#4896);
#4892 = LINE('',#4893,#4894);
#4893 = CARTESIAN_POINT('',(5.517972351448E-02,-0.437851442341));
#4894 = VECTOR('',#4895,1.);
#4895 = DIRECTION('',(1.,0.));
#4896 = ( GEOMETRIC_REPRESENTATION_CONTEXT(2) 
PARAMETRIC_REPRESENTATION_CONTEXT() REPRESENTATION_CONTEXT('2D SPACE',''
  ) );
#4897 = PCURVE('',#4898,#4903);
#4898 = CYLINDRICAL_SURFACE('',#4899,0.1);
#4899 = AXIS2_PLACEMENT_3D('',#4900,#4901,#4902);
#4900 = CARTESIAN_POINT('',(10.154779872056,5.517972351448E-02,1.1));
#4901 = DIRECTION('',(0.,1.,-0.));
#4902 = DIRECTION('',(0.994521895368,0.,0.104528463268));
#4903 = DEFINITIONAL_REPRESENTATION('',(#4904),#4908);
#4904 = LINE('',#4905,#4906);
#4905 = CARTESIAN_POINT('',(-0.,0.));
#4906 = VECTOR('',#4907,1.);
#4907 = DIRECTION('',(-0.,1.));
#4908 = ( GEOMETRIC_REPRESENTATION_CONTEXT(2) 
PARAMETRIC_REPRESENTATION_CONTEXT() REPRESENTATION_CONTEXT('2D SPACE',''
  ) );
#4909 = ORIENTED_EDGE('',*,*,#4467,.F.);
#4910 = ADVANCED_FACE('',(#4911),#4505,.T.);
#4911 = FACE_BOUND('',#4912,.T.);
#4912 = EDGE_LOOP('',(#4913,#4914,#4934));
#4913 = ORIENTED_EDGE('',*,*,#4621,.F.);
#4914 = ORIENTED_EDGE('',*,*,#4915,.T.);
#4915 = EDGE_CURVE('',#4594,#4468,#4916,.T.);
#4916 = SURFACE_CURVE('',#4917,(#4922,#4928),.PCURVE_S1.);
#4917 = CIRCLE('',#4918,0.1);
#4918 = AXIS2_PLACEMENT_3D('',#4919,#4920,#4921);
#4919 = CARTESIAN_POINT('',(10.154779872056,22.254779872056,1.1));
#4920 = DIRECTION('',(3.755497532461E-14,1.,3.552713678801E-14));
#4921 = DIRECTION('',(1.,-3.755497532461E-14,1.7763568394E-14));
#4922 = PCURVE('',#4505,#4923);
#4923 = DEFINITIONAL_REPRESENTATION('',(#4924),#4927);
#4924 = B_SPLINE_CURVE_WITH_KNOTS('',1,(#4925,#4926),.UNSPECIFIED.,.F.,
  .F.,(2,2),(4.712388980385,6.17846555206),.PIECEWISE_BEZIER_KNOTS.);
#4925 = CARTESIAN_POINT('',(1.570796326795,-1.570796326795));
#4926 = CARTESIAN_POINT('',(1.570796326795,-0.10471975512));
#4927 = ( GEOMETRIC_REPRESENTATION_CONTEXT(2) 
PARAMETRIC_REPRESENTATION_CONTEXT() REPRESENTATION_CONTEXT('2D SPACE',''
  ) );
#4928 = PCURVE('',#4898,#4929);
#4929 = DEFINITIONAL_REPRESENTATION('',(#4930),#4933);
#4930 = B_SPLINE_CURVE_WITH_KNOTS('',1,(#4931,#4932),.UNSPECIFIED.,.F.,
  .F.,(2,2),(4.712388980385,6.17846555206),.PIECEWISE_BEZIER_KNOTS.);
#4931 = CARTESIAN_POINT('',(-1.466076571675,22.199600148541));
#4932 = CARTESIAN_POINT('',(1.33226762955E-14,22.199600148541));
#4933 = ( GEOMETRIC_REPRESENTATION_CONTEXT(2) 
PARAMETRIC_REPRESENTATION_CONTEXT() REPRESENTATION_CONTEXT('2D SPACE',''
  ) );
#4934 = ORIENTED_EDGE('',*,*,#4490,.F.);
#4935 = ADVANCED_FACE('',(#4936),#4542,.T.);
#4936 = FACE_BOUND('',#4937,.T.);
#4937 = EDGE_LOOP('',(#4938,#4939,#4940));
#4938 = ORIENTED_EDGE('',*,*,#4528,.F.);
#4939 = ORIENTED_EDGE('',*,*,#4858,.T.);
#4940 = ORIENTED_EDGE('',*,*,#4558,.F.);
#4941 = ADVANCED_FACE('',(#4942,#4968),#4609,.T.);
#4942 = FACE_BOUND('',#4943,.T.);
#4943 = EDGE_LOOP('',(#4944,#4945,#4946,#4947));
#4944 = ORIENTED_EDGE('',*,*,#4593,.F.);
#4945 = ORIENTED_EDGE('',*,*,#4837,.F.);
#4946 = ORIENTED_EDGE('',*,*,#4771,.T.);
#4947 = ORIENTED_EDGE('',*,*,#4948,.T.);
#4948 = EDGE_CURVE('',#4772,#4594,#4949,.T.);
#4949 = SURFACE_CURVE('',#4950,(#4954,#4961),.PCURVE_S1.);
#4950 = LINE('',#4951,#4952);
#4951 = CARTESIAN_POINT('',(10.154779872056,5.517972351448E-02,1.2));
#4952 = VECTOR('',#4953,1.);
#4953 = DIRECTION('',(0.,1.,-0.));
#4954 = PCURVE('',#4609,#4955);
#4955 = DEFINITIONAL_REPRESENTATION('',(#4956),#4960);
#4956 = LINE('',#4957,#4958);
#4957 = CARTESIAN_POINT('',(10.154779872056,5.517972351448E-02));
#4958 = VECTOR('',#4959,1.);
#4959 = DIRECTION('',(0.,1.));
#4960 = ( GEOMETRIC_REPRESENTATION_CONTEXT(2) 
PARAMETRIC_REPRESENTATION_CONTEXT() REPRESENTATION_CONTEXT('2D SPACE',''
  ) );
#4961 = PCURVE('',#4898,#4962);
#4962 = DEFINITIONAL_REPRESENTATION('',(#4963),#4967);
#4963 = LINE('',#4964,#4965);
#4964 = CARTESIAN_POINT('',(-1.466076571675,0.));
#4965 = VECTOR('',#4966,1.);
#4966 = DIRECTION('',(-0.,1.));
#4967 = ( GEOMETRIC_REPRESENTATION_CONTEXT(2) 
PARAMETRIC_REPRESENTATION_CONTEXT() REPRESENTATION_CONTEXT('2D SPACE',''
  ) );
#4968 = FACE_BOUND('',#4969,.T.);
#4969 = EDGE_LOOP('',(#4970));
#4970 = ORIENTED_EDGE('',*,*,#4971,.F.);
#4971 = EDGE_CURVE('',#4972,#4972,#4974,.T.);
#4972 = VERTEX_POINT('',#4973);
#4973 = CARTESIAN_POINT('',(2.360416666667,20.683333333333,1.2));
#4974 = SURFACE_CURVE('',#4975,(#4980,#4987),.PCURVE_S1.);
#4975 = CIRCLE('',#4976,0.64375);
#4976 = AXIS2_PLACEMENT_3D('',#4977,#4978,#4979);
#4977 = CARTESIAN_POINT('',(1.716666666667,20.683333333333,1.2));
#4978 = DIRECTION('',(0.,0.,1.));
#4979 = DIRECTION('',(1.,0.,-0.));
#4980 = PCURVE('',#4609,#4981);
#4981 = DEFINITIONAL_REPRESENTATION('',(#4982),#4986);
#4982 = CIRCLE('',#4983,0.64375);
#4983 = AXIS2_PLACEMENT_2D('',#4984,#4985);
#4984 = CARTESIAN_POINT('',(1.716666666667,20.683333333333));
#4985 = DIRECTION('',(1.,0.));
#4986 = ( GEOMETRIC_REPRESENTATION_CONTEXT(2) 
PARAMETRIC_REPRESENTATION_CONTEXT() REPRESENTATION_CONTEXT('2D SPACE',''
  ) );
#4987 = PCURVE('',#4988,#4993);
#4988 = CYLINDRICAL_SURFACE('',#4989,0.64375);
#4989 = AXIS2_PLACEMENT_3D('',#4990,#4991,#4992);
#4990 = CARTESIAN_POINT('',(1.716666666667,20.683333333333,1.1));
#4991 = DIRECTION('',(0.,0.,1.));
#4992 = DIRECTION('',(1.,0.,-0.));
#4993 = DEFINITIONAL_REPRESENTATION('',(#4994),#4998);
#4994 = LINE('',#4995,#4996);
#4995 = CARTESIAN_POINT('',(0.,0.1));
#4996 = VECTOR('',#4997,1.);
#4997 = DIRECTION('',(1.,0.));
#4998 = ( GEOMETRIC_REPRESENTATION_CONTEXT(2) 
PARAMETRIC_REPRESENTATION_CONTEXT() REPRESENTATION_CONTEXT('2D SPACE',''
  ) );
#4999 = ADVANCED_FACE('',(#5000),#4683,.T.);
#5000 = FACE_BOUND('',#5001,.F.);
#5001 = EDGE_LOOP('',(#5002,#5003,#5023));
#5002 = ORIENTED_EDGE('',*,*,#4794,.F.);
#5003 = ORIENTED_EDGE('',*,*,#5004,.T.);
#5004 = EDGE_CURVE('',#4772,#4646,#5005,.T.);
#5005 = SURFACE_CURVE('',#5006,(#5011,#5017),.PCURVE_S1.);
#5006 = CIRCLE('',#5007,0.1);
#5007 = AXIS2_PLACEMENT_3D('',#5008,#5009,#5010);
#5008 = CARTESIAN_POINT('',(10.154779872056,0.145220127944,1.1));
#5009 = DIRECTION('',(-1.139660116909E-15,1.,-1.665334536938E-15));
#5010 = DIRECTION('',(1.,1.139660116909E-15,1.7763568394E-14));
#5011 = PCURVE('',#4683,#5012);
#5012 = DEFINITIONAL_REPRESENTATION('',(#5013),#5016);
#5013 = B_SPLINE_CURVE_WITH_KNOTS('',1,(#5014,#5015),.UNSPECIFIED.,.F.,
  .F.,(2,2),(4.712388980385,6.17846555206),.PIECEWISE_BEZIER_KNOTS.);
#5014 = CARTESIAN_POINT('',(-1.570796326795,-1.570796326795));
#5015 = CARTESIAN_POINT('',(-1.570796326795,-0.10471975512));
#5016 = ( GEOMETRIC_REPRESENTATION_CONTEXT(2) 
PARAMETRIC_REPRESENTATION_CONTEXT() REPRESENTATION_CONTEXT('2D SPACE',''
  ) );
#5017 = PCURVE('',#4898,#5018);
#5018 = DEFINITIONAL_REPRESENTATION('',(#5019),#5022);
#5019 = B_SPLINE_CURVE_WITH_KNOTS('',1,(#5020,#5021),.UNSPECIFIED.,.F.,
  .F.,(2,2),(4.712388980385,6.17846555206),.PIECEWISE_BEZIER_KNOTS.);
#5020 = CARTESIAN_POINT('',(-1.466076571675,9.004040442978E-02));
#5021 = CARTESIAN_POINT('',(2.22044604925E-14,9.004040442978E-02));
#5022 = ( GEOMETRIC_REPRESENTATION_CONTEXT(2) 
PARAMETRIC_REPRESENTATION_CONTEXT() REPRESENTATION_CONTEXT('2D SPACE',''
  ) );
#5023 = ORIENTED_EDGE('',*,*,#4668,.F.);
#5024 = ADVANCED_FACE('',(#5025),#4720,.T.);
#5025 = FACE_BOUND('',#5026,.F.);
#5026 = EDGE_LOOP('',(#5027,#5028,#5029));
#5027 = ORIENTED_EDGE('',*,*,#4706,.F.);
#5028 = ORIENTED_EDGE('',*,*,#4817,.T.);
#5029 = ORIENTED_EDGE('',*,*,#4736,.F.);
#5030 = ADVANCED_FACE('',(#5031),#4898,.T.);
#5031 = FACE_BOUND('',#5032,.F.);
#5032 = EDGE_LOOP('',(#5033,#5034,#5035,#5036));
#5033 = ORIENTED_EDGE('',*,*,#5004,.F.);
#5034 = ORIENTED_EDGE('',*,*,#4948,.T.);
#5035 = ORIENTED_EDGE('',*,*,#4915,.T.);
#5036 = ORIENTED_EDGE('',*,*,#4884,.F.);
#5037 = ADVANCED_FACE('',(#5038),#4988,.F.);
#5038 = FACE_BOUND('',#5039,.F.);
#5039 = EDGE_LOOP('',(#5040,#5041,#5064,#5091));
#5040 = ORIENTED_EDGE('',*,*,#4971,.F.);
#5041 = ORIENTED_EDGE('',*,*,#5042,.F.);
#5042 = EDGE_CURVE('',#5043,#4972,#5045,.T.);
#5043 = VERTEX_POINT('',#5044);
#5044 = CARTESIAN_POINT('',(2.360416666667,20.683333333333,1.1));
#5045 = SEAM_CURVE('',#5046,(#5050,#5057),.PCURVE_S1.);
#5046 = LINE('',#5047,#5048);
#5047 = CARTESIAN_POINT('',(2.360416666667,20.683333333333,1.1));
#5048 = VECTOR('',#5049,1.);
#5049 = DIRECTION('',(0.,0.,1.));
#5050 = PCURVE('',#4988,#5051);
#5051 = DEFINITIONAL_REPRESENTATION('',(#5052),#5056);
#5052 = LINE('',#5053,#5054);
#5053 = CARTESIAN_POINT('',(6.28318530718,-0.));
#5054 = VECTOR('',#5055,1.);
#5055 = DIRECTION('',(0.,1.));
#5056 = ( GEOMETRIC_REPRESENTATION_CONTEXT(2) 
PARAMETRIC_REPRESENTATION_CONTEXT() REPRESENTATION_CONTEXT('2D SPACE',''
  ) );
#5057 = PCURVE('',#4988,#5058);
#5058 = DEFINITIONAL_REPRESENTATION('',(#5059),#5063);
#5059 = LINE('',#5060,#5061);
#5060 = CARTESIAN_POINT('',(0.,-0.));
#5061 = VECTOR('',#5062,1.);
#5062 = DIRECTION('',(0.,1.));
#5063 = ( GEOMETRIC_REPRESENTATION_CONTEXT(2) 
PARAMETRIC_REPRESENTATION_CONTEXT() REPRESENTATION_CONTEXT('2D SPACE',''
  ) );
#5064 = ORIENTED_EDGE('',*,*,#5065,.T.);
#5065 = EDGE_CURVE('',#5043,#5043,#5066,.T.);
#5066 = SURFACE_CURVE('',#5067,(#5072,#5079),.PCURVE_S1.);
#5067 = CIRCLE('',#5068,0.64375);
#5068 = AXIS2_PLACEMENT_3D('',#5069,#5070,#5071);
#5069 = CARTESIAN_POINT('',(1.716666666667,20.683333333333,1.1));
#5070 = DIRECTION('',(0.,0.,1.));
#5071 = DIRECTION('',(1.,0.,-0.));
#5072 = PCURVE('',#4988,#5073);
#5073 = DEFINITIONAL_REPRESENTATION('',(#5074),#5078);
#5074 = LINE('',#5075,#5076);
#5075 = CARTESIAN_POINT('',(0.,0.));
#5076 = VECTOR('',#5077,1.);
#5077 = DIRECTION('',(1.,0.));
#5078 = ( GEOMETRIC_REPRESENTATION_CONTEXT(2) 
PARAMETRIC_REPRESENTATION_CONTEXT() REPRESENTATION_CONTEXT('2D SPACE',''
  ) );
#5079 = PCURVE('',#5080,#5085);
#5080 = PLANE('',#5081);
#5081 = AXIS2_PLACEMENT_3D('',#5082,#5083,#5084);
#5082 = CARTESIAN_POINT('',(1.716666666667,20.683333333333,1.1));
#5083 = DIRECTION('',(0.,0.,1.));
#5084 = DIRECTION('',(1.,0.,-0.));
#5085 = DEFINITIONAL_REPRESENTATION('',(#5086),#5090);
#5086 = CIRCLE('',#5087,0.64375);
#5087 = AXIS2_PLACEMENT_2D('',#5088,#5089);
#5088 = CARTESIAN_POINT('',(0.,0.));
#5089 = DIRECTION('',(1.,0.));
#5090 = ( GEOMETRIC_REPRESENTATION_CONTEXT(2) 
PARAMETRIC_REPRESENTATION_CONTEXT() REPRESENTATION_CONTEXT('2D SPACE',''
  ) );
#5091 = ORIENTED_EDGE('',*,*,#5042,.T.);
#5092 = ADVANCED_FACE('',(#5093),#5080,.T.);
#5093 = FACE_BOUND('',#5094,.F.);
#5094 = EDGE_LOOP('',(#5095));
#5095 = ORIENTED_EDGE('',*,*,#5065,.F.);
#5096 = ( GEOMETRIC_REPRESENTATION_CONTEXT(3) 
GLOBAL_UNCERTAINTY_ASSIGNED_CONTEXT((#5100)) 
GLOBAL_UNIT_ASSIGNED_CONTEXT((#5097,#5098,#5099)) REPRESENTATION_CONTEXT
('Context #1','3D Context with UNIT and UNCERTAINTY') );
#5097 = ( LENGTH_UNIT() NAMED_UNIT(*) SI_UNIT(.MILLI.,.METRE.) );
#5098 = ( NAMED_UNIT(*) PLANE_ANGLE_UNIT() SI_UNIT($,.RADIAN.) );
#5099 = ( NAMED_UNIT(*) SI_UNIT($,.STERADIAN.) SOLID_ANGLE_UNIT() );
#5100 = UNCERTAINTY_MEASURE_WITH_UNIT(LENGTH_MEASURE(1.E-04),#5097,
  'distance_accuracy_value','confusion accuracy');
#5101 = SHAPE_DEFINITION_REPRESENTATION(#5102,#308);
#5102 = PRODUCT_DEFINITION_SHAPE('','',#5103);
#5103 = PRODUCT_DEFINITION('design','',#5104,#5107);
#5104 = PRODUCT_DEFINITION_FORMATION('','',#5105);
#5105 = PRODUCT('Open CASCADE STEP translator 7.5 2.2.1',
  'Open CASCADE STEP translator 7.5 2.2.1','',(#5106));
#5106 = PRODUCT_CONTEXT('',#2,'mechanical');
#5107 = PRODUCT_DEFINITION_CONTEXT('part definition',#2,'design');
#5108 = CONTEXT_DEPENDENT_SHAPE_REPRESENTATION(#5109,#5111);
#5109 = ( REPRESENTATION_RELATIONSHIP('','',#308,#298) 
REPRESENTATION_RELATIONSHIP_WITH_TRANSFORMATION(#5110) 
SHAPE_REPRESENTATION_RELATIONSHIP() );
#5110 = ITEM_DEFINED_TRANSFORMATION('','',#11,#299);
#5111 = PRODUCT_DEFINITION_SHAPE('Placement','Placement of an item',
  #5112);
#5112 = NEXT_ASSEMBLY_USAGE_OCCURRENCE('59','','',#293,#5103,$);
#5113 = PRODUCT_RELATED_PRODUCT_CATEGORY('part',$,(#5105));
#5114 = CONTEXT_DEPENDENT_SHAPE_REPRESENTATION(#5115,#5117);
#5115 = ( REPRESENTATION_RELATIONSHIP('','',#298,#10) 
REPRESENTATION_RELATIONSHIP_WITH_TRANSFORMATION(#5116) 
SHAPE_REPRESENTATION_RELATIONSHIP() );
#5116 = ITEM_DEFINED_TRANSFORMATION('','',#11,#19);
#5117 = PRODUCT_DEFINITION_SHAPE('Placement','Placement of an item',
  #5118);
#5118 = NEXT_ASSEMBLY_USAGE_OCCURRENCE('60','','',#5,#293,$);
#5119 = PRODUCT_RELATED_PRODUCT_CATEGORY('part',$,(#295));
#5120 = ADVANCED_BREP_SHAPE_REPRESENTATION('',(#11,#5121),#6333);
#5121 = MANIFOLD_SOLID_BREP('',#5122);
#5122 = CLOSED_SHELL('',(#5123,#5243,#5318,#5410,#5495,#5587,#5673,#5722
    ,#5780,#5834,#5888,#5942,#5990,#6040,#6088,#6142,#6191,#6218,#6245,
    #6272,#6299,#6326));
#5123 = ADVANCED_FACE('',(#5124),#5138,.F.);
#5124 = FACE_BOUND('',#5125,.F.);
#5125 = EDGE_LOOP('',(#5126,#5161,#5189,#5217));
#5126 = ORIENTED_EDGE('',*,*,#5127,.T.);
#5127 = EDGE_CURVE('',#5128,#5130,#5132,.T.);
#5128 = VERTEX_POINT('',#5129);
#5129 = CARTESIAN_POINT('',(0.,-0.175,0.575));
#5130 = VERTEX_POINT('',#5131);
#5131 = CARTESIAN_POINT('',(0.,0.175,0.575));
#5132 = SURFACE_CURVE('',#5133,(#5137,#5149),.PCURVE_S1.);
#5133 = LINE('',#5134,#5135);
#5134 = CARTESIAN_POINT('',(0.,-0.175,0.575));
#5135 = VECTOR('',#5136,1.);
#5136 = DIRECTION('',(0.,1.,0.));
#5137 = PCURVE('',#5138,#5143);
#5138 = PLANE('',#5139);
#5139 = AXIS2_PLACEMENT_3D('',#5140,#5141,#5142);
#5140 = CARTESIAN_POINT('',(0.,-3.854941057726E-18,0.625));
#5141 = DIRECTION('',(1.,0.,0.));
#5142 = DIRECTION('',(0.,0.,1.));
#5143 = DEFINITIONAL_REPRESENTATION('',(#5144),#5148);
#5144 = LINE('',#5145,#5146);
#5145 = CARTESIAN_POINT('',(-5.E-02,0.175));
#5146 = VECTOR('',#5147,1.);
#5147 = DIRECTION('',(0.,-1.));
#5148 = ( GEOMETRIC_REPRESENTATION_CONTEXT(2) 
PARAMETRIC_REPRESENTATION_CONTEXT() REPRESENTATION_CONTEXT('2D SPACE',''
  ) );
#5149 = PCURVE('',#5150,#5155);
#5150 = PLANE('',#5151);
#5151 = AXIS2_PLACEMENT_3D('',#5152,#5153,#5154);
#5152 = CARTESIAN_POINT('',(0.,-0.175,0.575));
#5153 = DIRECTION('',(0.,0.,-1.));
#5154 = DIRECTION('',(0.,1.,0.));
#5155 = DEFINITIONAL_REPRESENTATION('',(#5156),#5160);
#5156 = LINE('',#5157,#5158);
#5157 = CARTESIAN_POINT('',(0.,0.));
#5158 = VECTOR('',#5159,1.);
#5159 = DIRECTION('',(1.,0.));
#5160 = ( GEOMETRIC_REPRESENTATION_CONTEXT(2) 
PARAMETRIC_REPRESENTATION_CONTEXT() REPRESENTATION_CONTEXT('2D SPACE',''
  ) );
#5161 = ORIENTED_EDGE('',*,*,#5162,.T.);
#5162 = EDGE_CURVE('',#5130,#5163,#5165,.T.);
#5163 = VERTEX_POINT('',#5164);
#5164 = CARTESIAN_POINT('',(0.,0.175,0.675));
#5165 = SURFACE_CURVE('',#5166,(#5170,#5177),.PCURVE_S1.);
#5166 = LINE('',#5167,#5168);
#5167 = CARTESIAN_POINT('',(0.,0.175,0.575));
#5168 = VECTOR('',#5169,1.);
#5169 = DIRECTION('',(0.,-0.,1.));
#5170 = PCURVE('',#5138,#5171);
#5171 = DEFINITIONAL_REPRESENTATION('',(#5172),#5176);
#5172 = LINE('',#5173,#5174);
#5173 = CARTESIAN_POINT('',(-5.E-02,-0.175));
#5174 = VECTOR('',#5175,1.);
#5175 = DIRECTION('',(1.,0.));
#5176 = ( GEOMETRIC_REPRESENTATION_CONTEXT(2) 
PARAMETRIC_REPRESENTATION_CONTEXT() REPRESENTATION_CONTEXT('2D SPACE',''
  ) );
#5177 = PCURVE('',#5178,#5183);
#5178 = PLANE('',#5179);
#5179 = AXIS2_PLACEMENT_3D('',#5180,#5181,#5182);
#5180 = CARTESIAN_POINT('',(0.,0.175,0.575));
#5181 = DIRECTION('',(0.,1.,0.));
#5182 = DIRECTION('',(0.,-0.,1.));
#5183 = DEFINITIONAL_REPRESENTATION('',(#5184),#5188);
#5184 = LINE('',#5185,#5186);
#5185 = CARTESIAN_POINT('',(0.,0.));
#5186 = VECTOR('',#5187,1.);
#5187 = DIRECTION('',(1.,0.));
#5188 = ( GEOMETRIC_REPRESENTATION_CONTEXT(2) 
PARAMETRIC_REPRESENTATION_CONTEXT() REPRESENTATION_CONTEXT('2D SPACE',''
  ) );
#5189 = ORIENTED_EDGE('',*,*,#5190,.T.);
#5190 = EDGE_CURVE('',#5163,#5191,#5193,.T.);
#5191 = VERTEX_POINT('',#5192);
#5192 = CARTESIAN_POINT('',(0.,-0.175,0.675));
#5193 = SURFACE_CURVE('',#5194,(#5198,#5205),.PCURVE_S1.);
#5194 = LINE('',#5195,#5196);
#5195 = CARTESIAN_POINT('',(0.,0.175,0.675));
#5196 = VECTOR('',#5197,1.);
#5197 = DIRECTION('',(0.,-1.,0.));
#5198 = PCURVE('',#5138,#5199);
#5199 = DEFINITIONAL_REPRESENTATION('',(#5200),#5204);
#5200 = LINE('',#5201,#5202);
#5201 = CARTESIAN_POINT('',(5.E-02,-0.175));
#5202 = VECTOR('',#5203,1.);
#5203 = DIRECTION('',(0.,1.));
#5204 = ( GEOMETRIC_REPRESENTATION_CONTEXT(2) 
PARAMETRIC_REPRESENTATION_CONTEXT() REPRESENTATION_CONTEXT('2D SPACE',''
  ) );
#5205 = PCURVE('',#5206,#5211);
#5206 = PLANE('',#5207);
#5207 = AXIS2_PLACEMENT_3D('',#5208,#5209,#5210);
#5208 = CARTESIAN_POINT('',(0.,0.175,0.675));
#5209 = DIRECTION('',(-0.,0.,1.));
#5210 = DIRECTION('',(0.,-1.,0.));
#5211 = DEFINITIONAL_REPRESENTATION('',(#5212),#5216);
#5212 = LINE('',#5213,#5214);
#5213 = CARTESIAN_POINT('',(0.,0.));
#5214 = VECTOR('',#5215,1.);
#5215 = DIRECTION('',(1.,0.));
#5216 = ( GEOMETRIC_REPRESENTATION_CONTEXT(2) 
PARAMETRIC_REPRESENTATION_CONTEXT() REPRESENTATION_CONTEXT('2D SPACE',''
  ) );
#5217 = ORIENTED_EDGE('',*,*,#5218,.T.);
#5218 = EDGE_CURVE('',#5191,#5128,#5219,.T.);
#5219 = SURFACE_CURVE('',#5220,(#5224,#5231),.PCURVE_S1.);
#5220 = LINE('',#5221,#5222);
#5221 = CARTESIAN_POINT('',(0.,-0.175,0.675));
#5222 = VECTOR('',#5223,1.);
#5223 = DIRECTION('',(0.,0.,-1.));
#5224 = PCURVE('',#5138,#5225);
#5225 = DEFINITIONAL_REPRESENTATION('',(#5226),#5230);
#5226 = LINE('',#5227,#5228);
#5227 = CARTESIAN_POINT('',(5.E-02,0.175));
#5228 = VECTOR('',#5229,1.);
#5229 = DIRECTION('',(-1.,0.));
#5230 = ( GEOMETRIC_REPRESENTATION_CONTEXT(2) 
PARAMETRIC_REPRESENTATION_CONTEXT() REPRESENTATION_CONTEXT('2D SPACE',''
  ) );
#5231 = PCURVE('',#5232,#5237);
#5232 = PLANE('',#5233);
#5233 = AXIS2_PLACEMENT_3D('',#5234,#5235,#5236);
#5234 = CARTESIAN_POINT('',(0.,-0.175,0.675));
#5235 = DIRECTION('',(0.,-1.,0.));
#5236 = DIRECTION('',(0.,0.,-1.));
#5237 = DEFINITIONAL_REPRESENTATION('',(#5238),#5242);
#5238 = LINE('',#5239,#5240);
#5239 = CARTESIAN_POINT('',(0.,0.));
#5240 = VECTOR('',#5241,1.);
#5241 = DIRECTION('',(1.,0.));
#5242 = ( GEOMETRIC_REPRESENTATION_CONTEXT(2) 
PARAMETRIC_REPRESENTATION_CONTEXT() REPRESENTATION_CONTEXT('2D SPACE',''
  ) );
#5243 = ADVANCED_FACE('',(#5244),#5150,.T.);
#5244 = FACE_BOUND('',#5245,.T.);
#5245 = EDGE_LOOP('',(#5246,#5269,#5270,#5293));
#5246 = ORIENTED_EDGE('',*,*,#5247,.F.);
#5247 = EDGE_CURVE('',#5128,#5248,#5250,.T.);
#5248 = VERTEX_POINT('',#5249);
#5249 = CARTESIAN_POINT('',(0.13,-0.175,0.575));
#5250 = SURFACE_CURVE('',#5251,(#5255,#5262),.PCURVE_S1.);
#5251 = LINE('',#5252,#5253);
#5252 = CARTESIAN_POINT('',(0.,-0.175,0.575));
#5253 = VECTOR('',#5254,1.);
#5254 = DIRECTION('',(1.,-0.,0.));
#5255 = PCURVE('',#5150,#5256);
#5256 = DEFINITIONAL_REPRESENTATION('',(#5257),#5261);
#5257 = LINE('',#5258,#5259);
#5258 = CARTESIAN_POINT('',(0.,0.));
#5259 = VECTOR('',#5260,1.);
#5260 = DIRECTION('',(0.,1.));
#5261 = ( GEOMETRIC_REPRESENTATION_CONTEXT(2) 
PARAMETRIC_REPRESENTATION_CONTEXT() REPRESENTATION_CONTEXT('2D SPACE',''
  ) );
#5262 = PCURVE('',#5232,#5263);
#5263 = DEFINITIONAL_REPRESENTATION('',(#5264),#5268);
#5264 = LINE('',#5265,#5266);
#5265 = CARTESIAN_POINT('',(1.E-01,0.));
#5266 = VECTOR('',#5267,1.);
#5267 = DIRECTION('',(0.,1.));
#5268 = ( GEOMETRIC_REPRESENTATION_CONTEXT(2) 
PARAMETRIC_REPRESENTATION_CONTEXT() REPRESENTATION_CONTEXT('2D SPACE',''
  ) );
#5269 = ORIENTED_EDGE('',*,*,#5127,.T.);
#5270 = ORIENTED_EDGE('',*,*,#5271,.T.);
#5271 = EDGE_CURVE('',#5130,#5272,#5274,.T.);
#5272 = VERTEX_POINT('',#5273);
#5273 = CARTESIAN_POINT('',(0.13,0.175,0.575));
#5274 = SURFACE_CURVE('',#5275,(#5279,#5286),.PCURVE_S1.);
#5275 = LINE('',#5276,#5277);
#5276 = CARTESIAN_POINT('',(0.,0.175,0.575));
#5277 = VECTOR('',#5278,1.);
#5278 = DIRECTION('',(1.,-0.,0.));
#5279 = PCURVE('',#5150,#5280);
#5280 = DEFINITIONAL_REPRESENTATION('',(#5281),#5285);
#5281 = LINE('',#5282,#5283);
#5282 = CARTESIAN_POINT('',(0.35,0.));
#5283 = VECTOR('',#5284,1.);
#5284 = DIRECTION('',(0.,1.));
#5285 = ( GEOMETRIC_REPRESENTATION_CONTEXT(2) 
PARAMETRIC_REPRESENTATION_CONTEXT() REPRESENTATION_CONTEXT('2D SPACE',''
  ) );
#5286 = PCURVE('',#5178,#5287);
#5287 = DEFINITIONAL_REPRESENTATION('',(#5288),#5292);
#5288 = LINE('',#5289,#5290);
#5289 = CARTESIAN_POINT('',(0.,0.));
#5290 = VECTOR('',#5291,1.);
#5291 = DIRECTION('',(0.,1.));
#5292 = ( GEOMETRIC_REPRESENTATION_CONTEXT(2) 
PARAMETRIC_REPRESENTATION_CONTEXT() REPRESENTATION_CONTEXT('2D SPACE',''
  ) );
#5293 = ORIENTED_EDGE('',*,*,#5294,.F.);
#5294 = EDGE_CURVE('',#5248,#5272,#5295,.T.);
#5295 = SURFACE_CURVE('',#5296,(#5300,#5307),.PCURVE_S1.);
#5296 = LINE('',#5297,#5298);
#5297 = CARTESIAN_POINT('',(0.13,-0.175,0.575));
#5298 = VECTOR('',#5299,1.);
#5299 = DIRECTION('',(0.,1.,0.));
#5300 = PCURVE('',#5150,#5301);
#5301 = DEFINITIONAL_REPRESENTATION('',(#5302),#5306);
#5302 = LINE('',#5303,#5304);
#5303 = CARTESIAN_POINT('',(0.,0.13));
#5304 = VECTOR('',#5305,1.);
#5305 = DIRECTION('',(1.,0.));
#5306 = ( GEOMETRIC_REPRESENTATION_CONTEXT(2) 
PARAMETRIC_REPRESENTATION_CONTEXT() REPRESENTATION_CONTEXT('2D SPACE',''
  ) );
#5307 = PCURVE('',#5308,#5313);
#5308 = CYLINDRICAL_SURFACE('',#5309,1.E-01);
#5309 = AXIS2_PLACEMENT_3D('',#5310,#5311,#5312);
#5310 = CARTESIAN_POINT('',(0.13,-0.175,0.475));
#5311 = DIRECTION('',(0.,1.,0.));
#5312 = DIRECTION('',(0.,0.,-1.));
#5313 = DEFINITIONAL_REPRESENTATION('',(#5314),#5317);
#5314 = B_SPLINE_CURVE_WITH_KNOTS('',1,(#5315,#5316),.UNSPECIFIED.,.F.,
  .F.,(2,2),(0.,0.35),.PIECEWISE_BEZIER_KNOTS.);
#5315 = CARTESIAN_POINT('',(3.14159265359,0.));
#5316 = CARTESIAN_POINT('',(3.14159265359,0.35));
#5317 = ( GEOMETRIC_REPRESENTATION_CONTEXT(2) 
PARAMETRIC_REPRESENTATION_CONTEXT() REPRESENTATION_CONTEXT('2D SPACE',''
  ) );
#5318 = ADVANCED_FACE('',(#5319),#5308,.F.);
#5319 = FACE_BOUND('',#5320,.F.);
#5320 = EDGE_LOOP('',(#5321,#5350,#5378,#5409));
#5321 = ORIENTED_EDGE('',*,*,#5322,.T.);
#5322 = EDGE_CURVE('',#5248,#5323,#5325,.T.);
#5323 = VERTEX_POINT('',#5324);
#5324 = CARTESIAN_POINT('',(0.23,-0.175,0.475));
#5325 = SURFACE_CURVE('',#5326,(#5331,#5338),.PCURVE_S1.);
#5326 = CIRCLE('',#5327,1.E-01);
#5327 = AXIS2_PLACEMENT_3D('',#5328,#5329,#5330);
#5328 = CARTESIAN_POINT('',(0.13,-0.175,0.475));
#5329 = DIRECTION('',(0.,1.,0.));
#5330 = DIRECTION('',(0.,0.,-1.));
#5331 = PCURVE('',#5308,#5332);
#5332 = DEFINITIONAL_REPRESENTATION('',(#5333),#5337);
#5333 = LINE('',#5334,#5335);
#5334 = CARTESIAN_POINT('',(0.,0.));
#5335 = VECTOR('',#5336,1.);
#5336 = DIRECTION('',(1.,0.));
#5337 = ( GEOMETRIC_REPRESENTATION_CONTEXT(2) 
PARAMETRIC_REPRESENTATION_CONTEXT() REPRESENTATION_CONTEXT('2D SPACE',''
  ) );
#5338 = PCURVE('',#5339,#5344);
#5339 = PLANE('',#5340);
#5340 = AXIS2_PLACEMENT_3D('',#5341,#5342,#5343);
#5341 = CARTESIAN_POINT('',(0.236066017178,-0.175,0.581066017178));
#5342 = DIRECTION('',(0.,1.,0.));
#5343 = DIRECTION('',(0.707106781187,0.,-0.707106781187));
#5344 = DEFINITIONAL_REPRESENTATION('',(#5345),#5349);
#5345 = CIRCLE('',#5346,1.E-01);
#5346 = AXIS2_PLACEMENT_2D('',#5347,#5348);
#5347 = CARTESIAN_POINT('',(-1.387778780781E-17,0.15));
#5348 = DIRECTION('',(0.707106781187,0.707106781187));
#5349 = ( GEOMETRIC_REPRESENTATION_CONTEXT(2) 
PARAMETRIC_REPRESENTATION_CONTEXT() REPRESENTATION_CONTEXT('2D SPACE',''
  ) );
#5350 = ORIENTED_EDGE('',*,*,#5351,.T.);
#5351 = EDGE_CURVE('',#5323,#5352,#5354,.T.);
#5352 = VERTEX_POINT('',#5353);
#5353 = CARTESIAN_POINT('',(0.23,0.175,0.475));
#5354 = SURFACE_CURVE('',#5355,(#5359,#5366),.PCURVE_S1.);
#5355 = LINE('',#5356,#5357);
#5356 = CARTESIAN_POINT('',(0.23,-0.175,0.475));
#5357 = VECTOR('',#5358,1.);
#5358 = DIRECTION('',(0.,1.,0.));
#5359 = PCURVE('',#5308,#5360);
#5360 = DEFINITIONAL_REPRESENTATION('',(#5361),#5365);
#5361 = LINE('',#5362,#5363);
#5362 = CARTESIAN_POINT('',(4.712388980385,0.));
#5363 = VECTOR('',#5364,1.);
#5364 = DIRECTION('',(0.,1.));
#5365 = ( GEOMETRIC_REPRESENTATION_CONTEXT(2) 
PARAMETRIC_REPRESENTATION_CONTEXT() REPRESENTATION_CONTEXT('2D SPACE',''
  ) );
#5366 = PCURVE('',#5367,#5372);
#5367 = PLANE('',#5368);
#5368 = AXIS2_PLACEMENT_3D('',#5369,#5370,#5371);
#5369 = CARTESIAN_POINT('',(0.23,-0.175,0.475));
#5370 = DIRECTION('',(-1.,0.,0.));
#5371 = DIRECTION('',(0.,1.,0.));
#5372 = DEFINITIONAL_REPRESENTATION('',(#5373),#5377);
#5373 = LINE('',#5374,#5375);
#5374 = CARTESIAN_POINT('',(0.,0.));
#5375 = VECTOR('',#5376,1.);
#5376 = DIRECTION('',(1.,0.));
#5377 = ( GEOMETRIC_REPRESENTATION_CONTEXT(2) 
PARAMETRIC_REPRESENTATION_CONTEXT() REPRESENTATION_CONTEXT('2D SPACE',''
  ) );
#5378 = ORIENTED_EDGE('',*,*,#5379,.F.);
#5379 = EDGE_CURVE('',#5272,#5352,#5380,.T.);
#5380 = SURFACE_CURVE('',#5381,(#5386,#5393),.PCURVE_S1.);
#5381 = CIRCLE('',#5382,1.E-01);
#5382 = AXIS2_PLACEMENT_3D('',#5383,#5384,#5385);
#5383 = CARTESIAN_POINT('',(0.13,0.175,0.475));
#5384 = DIRECTION('',(0.,1.,0.));
#5385 = DIRECTION('',(0.,0.,-1.));
#5386 = PCURVE('',#5308,#5387);
#5387 = DEFINITIONAL_REPRESENTATION('',(#5388),#5392);
#5388 = LINE('',#5389,#5390);
#5389 = CARTESIAN_POINT('',(0.,0.35));
#5390 = VECTOR('',#5391,1.);
#5391 = DIRECTION('',(1.,0.));
#5392 = ( GEOMETRIC_REPRESENTATION_CONTEXT(2) 
PARAMETRIC_REPRESENTATION_CONTEXT() REPRESENTATION_CONTEXT('2D SPACE',''
  ) );
#5393 = PCURVE('',#5394,#5399);
#5394 = PLANE('',#5395);
#5395 = AXIS2_PLACEMENT_3D('',#5396,#5397,#5398);
#5396 = CARTESIAN_POINT('',(0.236066017178,0.175,0.581066017178));
#5397 = DIRECTION('',(-0.,-1.,-0.));
#5398 = DIRECTION('',(0.707106781187,0.,-0.707106781187));
#5399 = DEFINITIONAL_REPRESENTATION('',(#5400),#5408);
#5400 = ( BOUNDED_CURVE() B_SPLINE_CURVE(2,(#5401,#5402,#5403,#5404,
#5405,#5406,#5407),.UNSPECIFIED.,.T.,.F.) B_SPLINE_CURVE_WITH_KNOTS((1,2
    ,2,2,2,1),(-2.094395102393,0.,2.094395102393,4.188790204786,
6.28318530718,8.377580409573),.UNSPECIFIED.) CURVE() 
GEOMETRIC_REPRESENTATION_ITEM() RATIONAL_B_SPLINE_CURVE((1.,0.5,1.,0.5,
1.,0.5,1.)) REPRESENTATION_ITEM('') );
#5401 = CARTESIAN_POINT('',(7.071067811865E-02,-0.220710678119));
#5402 = CARTESIAN_POINT('',(-5.17638090205E-02,-0.343185165258));
#5403 = CARTESIAN_POINT('',(-9.659258262891E-02,-0.17588190451));
#5404 = CARTESIAN_POINT('',(-0.141421356237,-8.578643762691E-03));
#5405 = CARTESIAN_POINT('',(2.588190451025E-02,-5.340741737109E-02));
#5406 = CARTESIAN_POINT('',(0.193185165258,-9.82361909795E-02));
#5407 = CARTESIAN_POINT('',(7.071067811865E-02,-0.220710678119));
#5408 = ( GEOMETRIC_REPRESENTATION_CONTEXT(2) 
PARAMETRIC_REPRESENTATION_CONTEXT() REPRESENTATION_CONTEXT('2D SPACE',''
  ) );
#5409 = ORIENTED_EDGE('',*,*,#5294,.F.);
#5410 = ADVANCED_FACE('',(#5411),#5367,.T.);
#5411 = FACE_BOUND('',#5412,.T.);
#5412 = EDGE_LOOP('',(#5413,#5441,#5442,#5470));
#5413 = ORIENTED_EDGE('',*,*,#5414,.F.);
#5414 = EDGE_CURVE('',#5323,#5415,#5417,.T.);
#5415 = VERTEX_POINT('',#5416);
#5416 = CARTESIAN_POINT('',(0.23,-0.175,0.2));
#5417 = SURFACE_CURVE('',#5418,(#5422,#5429),.PCURVE_S1.);
#5418 = LINE('',#5419,#5420);
#5419 = CARTESIAN_POINT('',(0.23,-0.175,0.475));
#5420 = VECTOR('',#5421,1.);
#5421 = DIRECTION('',(0.,0.,-1.));
#5422 = PCURVE('',#5367,#5423);
#5423 = DEFINITIONAL_REPRESENTATION('',(#5424),#5428);
#5424 = LINE('',#5425,#5426);
#5425 = CARTESIAN_POINT('',(0.,0.));
#5426 = VECTOR('',#5427,1.);
#5427 = DIRECTION('',(0.,1.));
#5428 = ( GEOMETRIC_REPRESENTATION_CONTEXT(2) 
PARAMETRIC_REPRESENTATION_CONTEXT() REPRESENTATION_CONTEXT('2D SPACE',''
  ) );
#5429 = PCURVE('',#5430,#5435);
#5430 = PLANE('',#5431);
#5431 = AXIS2_PLACEMENT_3D('',#5432,#5433,#5434);
#5432 = CARTESIAN_POINT('',(0.33,-0.175,0.475));
#5433 = DIRECTION('',(0.,-1.,-0.));
#5434 = DIRECTION('',(-1.,0.,-6.123233995737E-17));
#5435 = DEFINITIONAL_REPRESENTATION('',(#5436),#5440);
#5436 = LINE('',#5437,#5438);
#5437 = CARTESIAN_POINT('',(1.E-01,-6.123233995737E-18));
#5438 = VECTOR('',#5439,1.);
#5439 = DIRECTION('',(6.123233995737E-17,1.));
#5440 = ( GEOMETRIC_REPRESENTATION_CONTEXT(2) 
PARAMETRIC_REPRESENTATION_CONTEXT() REPRESENTATION_CONTEXT('2D SPACE',''
  ) );
#5441 = ORIENTED_EDGE('',*,*,#5351,.T.);
#5442 = ORIENTED_EDGE('',*,*,#5443,.T.);
#5443 = EDGE_CURVE('',#5352,#5444,#5446,.T.);
#5444 = VERTEX_POINT('',#5445);
#5445 = CARTESIAN_POINT('',(0.23,0.175,0.2));
#5446 = SURFACE_CURVE('',#5447,(#5451,#5458),.PCURVE_S1.);
#5447 = LINE('',#5448,#5449);
#5448 = CARTESIAN_POINT('',(0.23,0.175,0.475));
#5449 = VECTOR('',#5450,1.);
#5450 = DIRECTION('',(0.,0.,-1.));
#5451 = PCURVE('',#5367,#5452);
#5452 = DEFINITIONAL_REPRESENTATION('',(#5453),#5457);
#5453 = LINE('',#5454,#5455);
#5454 = CARTESIAN_POINT('',(0.35,0.));
#5455 = VECTOR('',#5456,1.);
#5456 = DIRECTION('',(0.,1.));
#5457 = ( GEOMETRIC_REPRESENTATION_CONTEXT(2) 
PARAMETRIC_REPRESENTATION_CONTEXT() REPRESENTATION_CONTEXT('2D SPACE',''
  ) );
#5458 = PCURVE('',#5459,#5464);
#5459 = PLANE('',#5460);
#5460 = AXIS2_PLACEMENT_3D('',#5461,#5462,#5463);
#5461 = CARTESIAN_POINT('',(0.23,0.175,0.475));
#5462 = DIRECTION('',(-0.,1.,0.));
#5463 = DIRECTION('',(1.,0.,6.123233995737E-17));
#5464 = DEFINITIONAL_REPRESENTATION('',(#5465),#5469);
#5465 = LINE('',#5466,#5467);
#5466 = CARTESIAN_POINT('',(0.,0.));
#5467 = VECTOR('',#5468,1.);
#5468 = DIRECTION('',(-6.123233995737E-17,1.));
#5469 = ( GEOMETRIC_REPRESENTATION_CONTEXT(2) 
PARAMETRIC_REPRESENTATION_CONTEXT() REPRESENTATION_CONTEXT('2D SPACE',''
  ) );
#5470 = ORIENTED_EDGE('',*,*,#5471,.F.);
#5471 = EDGE_CURVE('',#5415,#5444,#5472,.T.);
#5472 = SURFACE_CURVE('',#5473,(#5477,#5484),.PCURVE_S1.);
#5473 = LINE('',#5474,#5475);
#5474 = CARTESIAN_POINT('',(0.23,-0.175,0.2));
#5475 = VECTOR('',#5476,1.);
#5476 = DIRECTION('',(0.,1.,0.));
#5477 = PCURVE('',#5367,#5478);
#5478 = DEFINITIONAL_REPRESENTATION('',(#5479),#5483);
#5479 = LINE('',#5480,#5481);
#5480 = CARTESIAN_POINT('',(0.,0.275));
#5481 = VECTOR('',#5482,1.);
#5482 = DIRECTION('',(1.,0.));
#5483 = ( GEOMETRIC_REPRESENTATION_CONTEXT(2) 
PARAMETRIC_REPRESENTATION_CONTEXT() REPRESENTATION_CONTEXT('2D SPACE',''
  ) );
#5484 = PCURVE('',#5485,#5490);
#5485 = CYLINDRICAL_SURFACE('',#5486,0.2);
#5486 = AXIS2_PLACEMENT_3D('',#5487,#5488,#5489);
#5487 = CARTESIAN_POINT('',(0.43,-0.175,0.2));
#5488 = DIRECTION('',(0.,-1.,0.));
#5489 = DIRECTION('',(0.,0.,-1.));
#5490 = DEFINITIONAL_REPRESENTATION('',(#5491),#5494);
#5491 = B_SPLINE_CURVE_WITH_KNOTS('',1,(#5492,#5493),.UNSPECIFIED.,.F.,
  .F.,(2,2),(0.,0.35),.PIECEWISE_BEZIER_KNOTS.);
#5492 = CARTESIAN_POINT('',(4.712388980385,0.));
#5493 = CARTESIAN_POINT('',(4.712388980385,-0.35));
#5494 = ( GEOMETRIC_REPRESENTATION_CONTEXT(2) 
PARAMETRIC_REPRESENTATION_CONTEXT() REPRESENTATION_CONTEXT('2D SPACE',''
  ) );
#5495 = ADVANCED_FACE('',(#5496),#5485,.T.);
#5496 = FACE_BOUND('',#5497,.T.);
#5497 = EDGE_LOOP('',(#5498,#5531,#5532,#5561));
#5498 = ORIENTED_EDGE('',*,*,#5499,.F.);
#5499 = EDGE_CURVE('',#5415,#5500,#5502,.T.);
#5500 = VERTEX_POINT('',#5501);
#5501 = CARTESIAN_POINT('',(0.43,-0.175,0.));
#5502 = SURFACE_CURVE('',#5503,(#5508,#5515),.PCURVE_S1.);
#5503 = CIRCLE('',#5504,0.2);
#5504 = AXIS2_PLACEMENT_3D('',#5505,#5506,#5507);
#5505 = CARTESIAN_POINT('',(0.43,-0.175,0.2));
#5506 = DIRECTION('',(0.,-1.,0.));
#5507 = DIRECTION('',(0.,0.,-1.));
#5508 = PCURVE('',#5485,#5509);
#5509 = DEFINITIONAL_REPRESENTATION('',(#5510),#5514);
#5510 = LINE('',#5511,#5512);
#5511 = CARTESIAN_POINT('',(0.,-0.));
#5512 = VECTOR('',#5513,1.);
#5513 = DIRECTION('',(1.,0.));
#5514 = ( GEOMETRIC_REPRESENTATION_CONTEXT(2) 
PARAMETRIC_REPRESENTATION_CONTEXT() REPRESENTATION_CONTEXT('2D SPACE',''
  ) );
#5515 = PCURVE('',#5516,#5521);
#5516 = PLANE('',#5517);
#5517 = AXIS2_PLACEMENT_3D('',#5518,#5519,#5520);
#5518 = CARTESIAN_POINT('',(0.323933982822,-0.175,9.393398282202E-02));
#5519 = DIRECTION('',(-0.,1.,-0.));
#5520 = DIRECTION('',(0.707106781187,0.,-0.707106781187));
#5521 = DEFINITIONAL_REPRESENTATION('',(#5522),#5530);
#5522 = ( BOUNDED_CURVE() B_SPLINE_CURVE(2,(#5523,#5524,#5525,#5526,
#5527,#5528,#5529),.UNSPECIFIED.,.T.,.F.) B_SPLINE_CURVE_WITH_KNOTS((1,2
    ,2,2,2,1),(-2.094395102393,0.,2.094395102393,4.188790204786,
6.28318530718,8.377580409573),.UNSPECIFIED.) CURVE() 
GEOMETRIC_REPRESENTATION_ITEM() RATIONAL_B_SPLINE_CURVE((1.,0.5,1.,0.5,
1.,0.5,1.)) REPRESENTATION_ITEM('') );
#5523 = CARTESIAN_POINT('',(0.141421356237,-8.578643762691E-03));
#5524 = CARTESIAN_POINT('',(0.386370330516,-0.253527618041));
#5525 = CARTESIAN_POINT('',(5.17638090205E-02,-0.343185165258));
#5526 = CARTESIAN_POINT('',(-0.282842712475,-0.432842712475));
#5527 = CARTESIAN_POINT('',(-0.193185165258,-9.82361909795E-02));
#5528 = CARTESIAN_POINT('',(-0.103527618041,0.236370330516));
#5529 = CARTESIAN_POINT('',(0.141421356237,-8.578643762691E-03));
#5530 = ( GEOMETRIC_REPRESENTATION_CONTEXT(2) 
PARAMETRIC_REPRESENTATION_CONTEXT() REPRESENTATION_CONTEXT('2D SPACE',''
  ) );
#5531 = ORIENTED_EDGE('',*,*,#5471,.T.);
#5532 = ORIENTED_EDGE('',*,*,#5533,.T.);
#5533 = EDGE_CURVE('',#5444,#5534,#5536,.T.);
#5534 = VERTEX_POINT('',#5535);
#5535 = CARTESIAN_POINT('',(0.43,0.175,0.));
#5536 = SURFACE_CURVE('',#5537,(#5542,#5549),.PCURVE_S1.);
#5537 = CIRCLE('',#5538,0.2);
#5538 = AXIS2_PLACEMENT_3D('',#5539,#5540,#5541);
#5539 = CARTESIAN_POINT('',(0.43,0.175,0.2));
#5540 = DIRECTION('',(0.,-1.,0.));
#5541 = DIRECTION('',(0.,0.,-1.));
#5542 = PCURVE('',#5485,#5543);
#5543 = DEFINITIONAL_REPRESENTATION('',(#5544),#5548);
#5544 = LINE('',#5545,#5546);
#5545 = CARTESIAN_POINT('',(0.,-0.35));
#5546 = VECTOR('',#5547,1.);
#5547 = DIRECTION('',(1.,0.));
#5548 = ( GEOMETRIC_REPRESENTATION_CONTEXT(2) 
PARAMETRIC_REPRESENTATION_CONTEXT() REPRESENTATION_CONTEXT('2D SPACE',''
  ) );
#5549 = PCURVE('',#5550,#5555);
#5550 = PLANE('',#5551);
#5551 = AXIS2_PLACEMENT_3D('',#5552,#5553,#5554);
#5552 = CARTESIAN_POINT('',(0.323933982822,0.175,9.393398282202E-02));
#5553 = DIRECTION('',(0.,-1.,0.));
#5554 = DIRECTION('',(0.707106781187,0.,-0.707106781187));
#5555 = DEFINITIONAL_REPRESENTATION('',(#5556),#5560);
#5556 = CIRCLE('',#5557,0.2);
#5557 = AXIS2_PLACEMENT_2D('',#5558,#5559);
#5558 = CARTESIAN_POINT('',(-2.775557561563E-17,0.15));
#5559 = DIRECTION('',(0.707106781187,-0.707106781187));
#5560 = ( GEOMETRIC_REPRESENTATION_CONTEXT(2) 
PARAMETRIC_REPRESENTATION_CONTEXT() REPRESENTATION_CONTEXT('2D SPACE',''
  ) );
#5561 = ORIENTED_EDGE('',*,*,#5562,.T.);
#5562 = EDGE_CURVE('',#5534,#5500,#5563,.T.);
#5563 = SURFACE_CURVE('',#5564,(#5568,#5575),.PCURVE_S1.);
#5564 = LINE('',#5565,#5566);
#5565 = CARTESIAN_POINT('',(0.43,-0.175,0.));
#5566 = VECTOR('',#5567,1.);
#5567 = DIRECTION('',(0.,-1.,0.));
#5568 = PCURVE('',#5485,#5569);
#5569 = DEFINITIONAL_REPRESENTATION('',(#5570),#5574);
#5570 = LINE('',#5571,#5572);
#5571 = CARTESIAN_POINT('',(6.28318530718,0.));
#5572 = VECTOR('',#5573,1.);
#5573 = DIRECTION('',(0.,1.));
#5574 = ( GEOMETRIC_REPRESENTATION_CONTEXT(2) 
PARAMETRIC_REPRESENTATION_CONTEXT() REPRESENTATION_CONTEXT('2D SPACE',''
  ) );
#5575 = PCURVE('',#5576,#5581);
#5576 = PLANE('',#5577);
#5577 = AXIS2_PLACEMENT_3D('',#5578,#5579,#5580);
#5578 = CARTESIAN_POINT('',(0.43,-0.175,0.));
#5579 = DIRECTION('',(0.,0.,-1.));
#5580 = DIRECTION('',(0.,1.,0.));
#5581 = DEFINITIONAL_REPRESENTATION('',(#5582),#5586);
#5582 = LINE('',#5583,#5584);
#5583 = CARTESIAN_POINT('',(0.,-5.551115123126E-17));
#5584 = VECTOR('',#5585,1.);
#5585 = DIRECTION('',(-1.,0.));
#5586 = ( GEOMETRIC_REPRESENTATION_CONTEXT(2) 
PARAMETRIC_REPRESENTATION_CONTEXT() REPRESENTATION_CONTEXT('2D SPACE',''
  ) );
#5587 = ADVANCED_FACE('',(#5588),#5576,.T.);
#5588 = FACE_BOUND('',#5589,.T.);
#5589 = EDGE_LOOP('',(#5590,#5618,#5619,#5647));
#5590 = ORIENTED_EDGE('',*,*,#5591,.F.);
#5591 = EDGE_CURVE('',#5500,#5592,#5594,.T.);
#5592 = VERTEX_POINT('',#5593);
#5593 = CARTESIAN_POINT('',(0.73,-0.175,0.));
#5594 = SURFACE_CURVE('',#5595,(#5599,#5606),.PCURVE_S1.);
#5595 = LINE('',#5596,#5597);
#5596 = CARTESIAN_POINT('',(0.43,-0.175,0.));
#5597 = VECTOR('',#5598,1.);
#5598 = DIRECTION('',(1.,-0.,0.));
#5599 = PCURVE('',#5576,#5600);
#5600 = DEFINITIONAL_REPRESENTATION('',(#5601),#5605);
#5601 = LINE('',#5602,#5603);
#5602 = CARTESIAN_POINT('',(0.,0.));
#5603 = VECTOR('',#5604,1.);
#5604 = DIRECTION('',(0.,1.));
#5605 = ( GEOMETRIC_REPRESENTATION_CONTEXT(2) 
PARAMETRIC_REPRESENTATION_CONTEXT() REPRESENTATION_CONTEXT('2D SPACE',''
  ) );
#5606 = PCURVE('',#5607,#5612);
#5607 = PLANE('',#5608);
#5608 = AXIS2_PLACEMENT_3D('',#5609,#5610,#5611);
#5609 = CARTESIAN_POINT('',(0.43,-0.175,1.E-01));
#5610 = DIRECTION('',(0.,-1.,0.));
#5611 = DIRECTION('',(0.,0.,-1.));
#5612 = DEFINITIONAL_REPRESENTATION('',(#5613),#5617);
#5613 = LINE('',#5614,#5615);
#5614 = CARTESIAN_POINT('',(1.E-01,0.));
#5615 = VECTOR('',#5616,1.);
#5616 = DIRECTION('',(0.,1.));
#5617 = ( GEOMETRIC_REPRESENTATION_CONTEXT(2) 
PARAMETRIC_REPRESENTATION_CONTEXT() REPRESENTATION_CONTEXT('2D SPACE',''
  ) );
#5618 = ORIENTED_EDGE('',*,*,#5562,.F.);
#5619 = ORIENTED_EDGE('',*,*,#5620,.T.);
#5620 = EDGE_CURVE('',#5534,#5621,#5623,.T.);
#5621 = VERTEX_POINT('',#5622);
#5622 = CARTESIAN_POINT('',(0.73,0.175,0.));
#5623 = SURFACE_CURVE('',#5624,(#5628,#5635),.PCURVE_S1.);
#5624 = LINE('',#5625,#5626);
#5625 = CARTESIAN_POINT('',(0.43,0.175,0.));
#5626 = VECTOR('',#5627,1.);
#5627 = DIRECTION('',(1.,-0.,0.));
#5628 = PCURVE('',#5576,#5629);
#5629 = DEFINITIONAL_REPRESENTATION('',(#5630),#5634);
#5630 = LINE('',#5631,#5632);
#5631 = CARTESIAN_POINT('',(0.35,0.));
#5632 = VECTOR('',#5633,1.);
#5633 = DIRECTION('',(0.,1.));
#5634 = ( GEOMETRIC_REPRESENTATION_CONTEXT(2) 
PARAMETRIC_REPRESENTATION_CONTEXT() REPRESENTATION_CONTEXT('2D SPACE',''
  ) );
#5635 = PCURVE('',#5636,#5641);
#5636 = PLANE('',#5637);
#5637 = AXIS2_PLACEMENT_3D('',#5638,#5639,#5640);
#5638 = CARTESIAN_POINT('',(0.43,0.175,0.));
#5639 = DIRECTION('',(0.,1.,0.));
#5640 = DIRECTION('',(0.,-0.,1.));
#5641 = DEFINITIONAL_REPRESENTATION('',(#5642),#5646);
#5642 = LINE('',#5643,#5644);
#5643 = CARTESIAN_POINT('',(0.,0.));
#5644 = VECTOR('',#5645,1.);
#5645 = DIRECTION('',(0.,1.));
#5646 = ( GEOMETRIC_REPRESENTATION_CONTEXT(2) 
PARAMETRIC_REPRESENTATION_CONTEXT() REPRESENTATION_CONTEXT('2D SPACE',''
  ) );
#5647 = ORIENTED_EDGE('',*,*,#5648,.F.);
#5648 = EDGE_CURVE('',#5592,#5621,#5649,.T.);
#5649 = SURFACE_CURVE('',#5650,(#5654,#5661),.PCURVE_S1.);
#5650 = LINE('',#5651,#5652);
#5651 = CARTESIAN_POINT('',(0.73,-0.175,0.));
#5652 = VECTOR('',#5653,1.);
#5653 = DIRECTION('',(0.,1.,0.));
#5654 = PCURVE('',#5576,#5655);
#5655 = DEFINITIONAL_REPRESENTATION('',(#5656),#5660);
#5656 = LINE('',#5657,#5658);
#5657 = CARTESIAN_POINT('',(0.,0.3));
#5658 = VECTOR('',#5659,1.);
#5659 = DIRECTION('',(1.,0.));
#5660 = ( GEOMETRIC_REPRESENTATION_CONTEXT(2) 
PARAMETRIC_REPRESENTATION_CONTEXT() REPRESENTATION_CONTEXT('2D SPACE',''
  ) );
#5661 = PCURVE('',#5662,#5667);
#5662 = PLANE('',#5663);
#5663 = AXIS2_PLACEMENT_3D('',#5664,#5665,#5666);
#5664 = CARTESIAN_POINT('',(0.73,-3.854941057726E-18,5.E-02));
#5665 = DIRECTION('',(1.,0.,0.));
#5666 = DIRECTION('',(0.,0.,1.));
#5667 = DEFINITIONAL_REPRESENTATION('',(#5668),#5672);
#5668 = LINE('',#5669,#5670);
#5669 = CARTESIAN_POINT('',(-5.E-02,0.175));
#5670 = VECTOR('',#5671,1.);
#5671 = DIRECTION('',(0.,-1.));
#5672 = ( GEOMETRIC_REPRESENTATION_CONTEXT(2) 
PARAMETRIC_REPRESENTATION_CONTEXT() REPRESENTATION_CONTEXT('2D SPACE',''
  ) );
#5673 = ADVANCED_FACE('',(#5674),#5178,.T.);
#5674 = FACE_BOUND('',#5675,.T.);
#5675 = EDGE_LOOP('',(#5676,#5677,#5678,#5701));
#5676 = ORIENTED_EDGE('',*,*,#5271,.F.);
#5677 = ORIENTED_EDGE('',*,*,#5162,.T.);
#5678 = ORIENTED_EDGE('',*,*,#5679,.T.);
#5679 = EDGE_CURVE('',#5163,#5680,#5682,.T.);
#5680 = VERTEX_POINT('',#5681);
#5681 = CARTESIAN_POINT('',(0.13,0.175,0.675));
#5682 = SURFACE_CURVE('',#5683,(#5687,#5694),.PCURVE_S1.);
#5683 = LINE('',#5684,#5685);
#5684 = CARTESIAN_POINT('',(0.,0.175,0.675));
#5685 = VECTOR('',#5686,1.);
#5686 = DIRECTION('',(1.,0.,-0.));
#5687 = PCURVE('',#5178,#5688);
#5688 = DEFINITIONAL_REPRESENTATION('',(#5689),#5693);
#5689 = LINE('',#5690,#5691);
#5690 = CARTESIAN_POINT('',(1.E-01,0.));
#5691 = VECTOR('',#5692,1.);
#5692 = DIRECTION('',(0.,1.));
#5693 = ( GEOMETRIC_REPRESENTATION_CONTEXT(2) 
PARAMETRIC_REPRESENTATION_CONTEXT() REPRESENTATION_CONTEXT('2D SPACE',''
  ) );
#5694 = PCURVE('',#5206,#5695);
#5695 = DEFINITIONAL_REPRESENTATION('',(#5696),#5700);
#5696 = LINE('',#5697,#5698);
#5697 = CARTESIAN_POINT('',(0.,0.));
#5698 = VECTOR('',#5699,1.);
#5699 = DIRECTION('',(0.,1.));
#5700 = ( GEOMETRIC_REPRESENTATION_CONTEXT(2) 
PARAMETRIC_REPRESENTATION_CONTEXT() REPRESENTATION_CONTEXT('2D SPACE',''
  ) );
#5701 = ORIENTED_EDGE('',*,*,#5702,.F.);
#5702 = EDGE_CURVE('',#5272,#5680,#5703,.T.);
#5703 = SURFACE_CURVE('',#5704,(#5708,#5715),.PCURVE_S1.);
#5704 = LINE('',#5705,#5706);
#5705 = CARTESIAN_POINT('',(0.13,0.175,0.575));
#5706 = VECTOR('',#5707,1.);
#5707 = DIRECTION('',(0.,-0.,1.));
#5708 = PCURVE('',#5178,#5709);
#5709 = DEFINITIONAL_REPRESENTATION('',(#5710),#5714);
#5710 = LINE('',#5711,#5712);
#5711 = CARTESIAN_POINT('',(0.,0.13));
#5712 = VECTOR('',#5713,1.);
#5713 = DIRECTION('',(1.,0.));
#5714 = ( GEOMETRIC_REPRESENTATION_CONTEXT(2) 
PARAMETRIC_REPRESENTATION_CONTEXT() REPRESENTATION_CONTEXT('2D SPACE',''
  ) );
#5715 = PCURVE('',#5394,#5716);
#5716 = DEFINITIONAL_REPRESENTATION('',(#5717),#5721);
#5717 = LINE('',#5718,#5719);
#5718 = CARTESIAN_POINT('',(-7.071067811865E-02,-7.928932188135E-02));
#5719 = VECTOR('',#5720,1.);
#5720 = DIRECTION('',(-0.707106781187,0.707106781187));
#5721 = ( GEOMETRIC_REPRESENTATION_CONTEXT(2) 
PARAMETRIC_REPRESENTATION_CONTEXT() REPRESENTATION_CONTEXT('2D SPACE',''
  ) );
#5722 = ADVANCED_FACE('',(#5723),#5394,.F.);
#5723 = FACE_BOUND('',#5724,.F.);
#5724 = EDGE_LOOP('',(#5725,#5726,#5749,#5779));
#5725 = ORIENTED_EDGE('',*,*,#5379,.T.);
#5726 = ORIENTED_EDGE('',*,*,#5727,.T.);
#5727 = EDGE_CURVE('',#5352,#5728,#5730,.T.);
#5728 = VERTEX_POINT('',#5729);
#5729 = CARTESIAN_POINT('',(0.33,0.175,0.475));
#5730 = SURFACE_CURVE('',#5731,(#5735,#5742),.PCURVE_S1.);
#5731 = LINE('',#5732,#5733);
#5732 = CARTESIAN_POINT('',(0.23,0.175,0.475));
#5733 = VECTOR('',#5734,1.);
#5734 = DIRECTION('',(1.,0.,9.95799250103E-17));
#5735 = PCURVE('',#5394,#5736);
#5736 = DEFINITIONAL_REPRESENTATION('',(#5737),#5741);
#5737 = LINE('',#5738,#5739);
#5738 = CARTESIAN_POINT('',(7.071067811865E-02,-7.928932188135E-02));
#5739 = VECTOR('',#5740,1.);
#5740 = DIRECTION('',(0.707106781187,0.707106781187));
#5741 = ( GEOMETRIC_REPRESENTATION_CONTEXT(2) 
PARAMETRIC_REPRESENTATION_CONTEXT() REPRESENTATION_CONTEXT('2D SPACE',''
  ) );
#5742 = PCURVE('',#5459,#5743);
#5743 = DEFINITIONAL_REPRESENTATION('',(#5744),#5748);
#5744 = LINE('',#5745,#5746);
#5745 = CARTESIAN_POINT('',(-5.551115123126E-17,-3.399077683617E-33));
#5746 = VECTOR('',#5747,1.);
#5747 = DIRECTION('',(1.,-3.834758505293E-17));
#5748 = ( GEOMETRIC_REPRESENTATION_CONTEXT(2) 
PARAMETRIC_REPRESENTATION_CONTEXT() REPRESENTATION_CONTEXT('2D SPACE',''
  ) );
#5749 = ORIENTED_EDGE('',*,*,#5750,.F.);
#5750 = EDGE_CURVE('',#5680,#5728,#5751,.T.);
#5751 = SURFACE_CURVE('',#5752,(#5757,#5768),.PCURVE_S1.);
#5752 = CIRCLE('',#5753,0.2);
#5753 = AXIS2_PLACEMENT_3D('',#5754,#5755,#5756);
#5754 = CARTESIAN_POINT('',(0.13,0.175,0.475));
#5755 = DIRECTION('',(0.,1.,0.));
#5756 = DIRECTION('',(0.,0.,-1.));
#5757 = PCURVE('',#5394,#5758);
#5758 = DEFINITIONAL_REPRESENTATION('',(#5759),#5767);
#5759 = ( BOUNDED_CURVE() B_SPLINE_CURVE(2,(#5760,#5761,#5762,#5763,
#5764,#5765,#5766),.UNSPECIFIED.,.T.,.F.) B_SPLINE_CURVE_WITH_KNOTS((1,2
    ,2,2,2,1),(-2.094395102393,0.,2.094395102393,4.188790204786,
6.28318530718,8.377580409573),.UNSPECIFIED.) CURVE() 
GEOMETRIC_REPRESENTATION_ITEM() RATIONAL_B_SPLINE_CURVE((1.,0.5,1.,0.5,
1.,0.5,1.)) REPRESENTATION_ITEM('') );
#5760 = CARTESIAN_POINT('',(0.141421356237,-0.291421356237));
#5761 = CARTESIAN_POINT('',(-0.103527618041,-0.536370330516));
#5762 = CARTESIAN_POINT('',(-0.193185165258,-0.201763809021));
#5763 = CARTESIAN_POINT('',(-0.282842712475,0.132842712475));
#5764 = CARTESIAN_POINT('',(5.17638090205E-02,4.318516525781E-02));
#5765 = CARTESIAN_POINT('',(0.386370330516,-4.647238195899E-02));
#5766 = CARTESIAN_POINT('',(0.141421356237,-0.291421356237));
#5767 = ( GEOMETRIC_REPRESENTATION_CONTEXT(2) 
PARAMETRIC_REPRESENTATION_CONTEXT() REPRESENTATION_CONTEXT('2D SPACE',''
  ) );
#5768 = PCURVE('',#5769,#5774);
#5769 = CYLINDRICAL_SURFACE('',#5770,0.2);
#5770 = AXIS2_PLACEMENT_3D('',#5771,#5772,#5773);
#5771 = CARTESIAN_POINT('',(0.13,0.175,0.475));
#5772 = DIRECTION('',(0.,1.,0.));
#5773 = DIRECTION('',(0.,0.,-1.));
#5774 = DEFINITIONAL_REPRESENTATION('',(#5775),#5778);
#5775 = B_SPLINE_CURVE_WITH_KNOTS('',1,(#5776,#5777),.UNSPECIFIED.,.F.,
  .F.,(2,2),(3.14159265359,4.712388980385),.PIECEWISE_BEZIER_KNOTS.);
#5776 = CARTESIAN_POINT('',(3.14159265359,0.));
#5777 = CARTESIAN_POINT('',(4.712388980385,0.));
#5778 = ( GEOMETRIC_REPRESENTATION_CONTEXT(2) 
PARAMETRIC_REPRESENTATION_CONTEXT() REPRESENTATION_CONTEXT('2D SPACE',''
  ) );
#5779 = ORIENTED_EDGE('',*,*,#5702,.F.);
#5780 = ADVANCED_FACE('',(#5781),#5459,.T.);
#5781 = FACE_BOUND('',#5782,.T.);
#5782 = EDGE_LOOP('',(#5783,#5784,#5785,#5813));
#5783 = ORIENTED_EDGE('',*,*,#5443,.F.);
#5784 = ORIENTED_EDGE('',*,*,#5727,.T.);
#5785 = ORIENTED_EDGE('',*,*,#5786,.T.);
#5786 = EDGE_CURVE('',#5728,#5787,#5789,.T.);
#5787 = VERTEX_POINT('',#5788);
#5788 = CARTESIAN_POINT('',(0.33,0.175,0.2));
#5789 = SURFACE_CURVE('',#5790,(#5794,#5801),.PCURVE_S1.);
#5790 = LINE('',#5791,#5792);
#5791 = CARTESIAN_POINT('',(0.33,0.175,0.475));
#5792 = VECTOR('',#5793,1.);
#5793 = DIRECTION('',(6.123233995737E-17,0.,-1.));
#5794 = PCURVE('',#5459,#5795);
#5795 = DEFINITIONAL_REPRESENTATION('',(#5796),#5800);
#5796 = LINE('',#5797,#5798);
#5797 = CARTESIAN_POINT('',(1.E-01,6.123233995737E-18));
#5798 = VECTOR('',#5799,1.);
#5799 = DIRECTION('',(0.,1.));
#5800 = ( GEOMETRIC_REPRESENTATION_CONTEXT(2) 
PARAMETRIC_REPRESENTATION_CONTEXT() REPRESENTATION_CONTEXT('2D SPACE',''
  ) );
#5801 = PCURVE('',#5802,#5807);
#5802 = PLANE('',#5803);
#5803 = AXIS2_PLACEMENT_3D('',#5804,#5805,#5806);
#5804 = CARTESIAN_POINT('',(0.33,0.175,0.475));
#5805 = DIRECTION('',(1.,0.,0.));
#5806 = DIRECTION('',(0.,-1.,0.));
#5807 = DEFINITIONAL_REPRESENTATION('',(#5808),#5812);
#5808 = LINE('',#5809,#5810);
#5809 = CARTESIAN_POINT('',(0.,0.));
#5810 = VECTOR('',#5811,1.);
#5811 = DIRECTION('',(0.,1.));
#5812 = ( GEOMETRIC_REPRESENTATION_CONTEXT(2) 
PARAMETRIC_REPRESENTATION_CONTEXT() REPRESENTATION_CONTEXT('2D SPACE',''
  ) );
#5813 = ORIENTED_EDGE('',*,*,#5814,.F.);
#5814 = EDGE_CURVE('',#5444,#5787,#5815,.T.);
#5815 = SURFACE_CURVE('',#5816,(#5820,#5827),.PCURVE_S1.);
#5816 = LINE('',#5817,#5818);
#5817 = CARTESIAN_POINT('',(0.23,0.175,0.2));
#5818 = VECTOR('',#5819,1.);
#5819 = DIRECTION('',(1.,0.,6.123233995737E-17));
#5820 = PCURVE('',#5459,#5821);
#5821 = DEFINITIONAL_REPRESENTATION('',(#5822),#5826);
#5822 = LINE('',#5823,#5824);
#5823 = CARTESIAN_POINT('',(1.091668212735E-17,0.275));
#5824 = VECTOR('',#5825,1.);
#5825 = DIRECTION('',(1.,0.));
#5826 = ( GEOMETRIC_REPRESENTATION_CONTEXT(2) 
PARAMETRIC_REPRESENTATION_CONTEXT() REPRESENTATION_CONTEXT('2D SPACE',''
  ) );
#5827 = PCURVE('',#5550,#5828);
#5828 = DEFINITIONAL_REPRESENTATION('',(#5829),#5833);
#5829 = LINE('',#5830,#5831);
#5830 = CARTESIAN_POINT('',(-0.141421356237,8.578643762691E-03));
#5831 = VECTOR('',#5832,1.);
#5832 = DIRECTION('',(0.707106781187,0.707106781187));
#5833 = ( GEOMETRIC_REPRESENTATION_CONTEXT(2) 
PARAMETRIC_REPRESENTATION_CONTEXT() REPRESENTATION_CONTEXT('2D SPACE',''
  ) );
#5834 = ADVANCED_FACE('',(#5835),#5550,.F.);
#5835 = FACE_BOUND('',#5836,.F.);
#5836 = EDGE_LOOP('',(#5837,#5838,#5861,#5887));
#5837 = ORIENTED_EDGE('',*,*,#5533,.T.);
#5838 = ORIENTED_EDGE('',*,*,#5839,.T.);
#5839 = EDGE_CURVE('',#5534,#5840,#5842,.T.);
#5840 = VERTEX_POINT('',#5841);
#5841 = CARTESIAN_POINT('',(0.43,0.175,1.E-01));
#5842 = SURFACE_CURVE('',#5843,(#5847,#5854),.PCURVE_S1.);
#5843 = LINE('',#5844,#5845);
#5844 = CARTESIAN_POINT('',(0.43,0.175,5.702677735843E-18));
#5845 = VECTOR('',#5846,1.);
#5846 = DIRECTION('',(2.449293598295E-16,0.,1.));
#5847 = PCURVE('',#5550,#5848);
#5848 = DEFINITIONAL_REPRESENTATION('',(#5849),#5853);
#5849 = LINE('',#5850,#5851);
#5850 = CARTESIAN_POINT('',(0.141421356237,8.57864376269E-03));
#5851 = VECTOR('',#5852,1.);
#5852 = DIRECTION('',(-0.707106781187,0.707106781187));
#5853 = ( GEOMETRIC_REPRESENTATION_CONTEXT(2) 
PARAMETRIC_REPRESENTATION_CONTEXT() REPRESENTATION_CONTEXT('2D SPACE',''
  ) );
#5854 = PCURVE('',#5636,#5855);
#5855 = DEFINITIONAL_REPRESENTATION('',(#5856),#5860);
#5856 = LINE('',#5857,#5858);
#5857 = CARTESIAN_POINT('',(5.702677735843E-18,-5.551115123126E-17));
#5858 = VECTOR('',#5859,1.);
#5859 = DIRECTION('',(1.,2.449293598295E-16));
#5860 = ( GEOMETRIC_REPRESENTATION_CONTEXT(2) 
PARAMETRIC_REPRESENTATION_CONTEXT() REPRESENTATION_CONTEXT('2D SPACE',''
  ) );
#5861 = ORIENTED_EDGE('',*,*,#5862,.F.);
#5862 = EDGE_CURVE('',#5787,#5840,#5863,.T.);
#5863 = SURFACE_CURVE('',#5864,(#5869,#5876),.PCURVE_S1.);
#5864 = CIRCLE('',#5865,0.1);
#5865 = AXIS2_PLACEMENT_3D('',#5866,#5867,#5868);
#5866 = CARTESIAN_POINT('',(0.43,0.175,0.2));
#5867 = DIRECTION('',(0.,-1.,0.));
#5868 = DIRECTION('',(0.,0.,-1.));
#5869 = PCURVE('',#5550,#5870);
#5870 = DEFINITIONAL_REPRESENTATION('',(#5871),#5875);
#5871 = CIRCLE('',#5872,0.1);
#5872 = AXIS2_PLACEMENT_2D('',#5873,#5874);
#5873 = CARTESIAN_POINT('',(-2.775557561563E-17,0.15));
#5874 = DIRECTION('',(0.707106781187,-0.707106781187));
#5875 = ( GEOMETRIC_REPRESENTATION_CONTEXT(2) 
PARAMETRIC_REPRESENTATION_CONTEXT() REPRESENTATION_CONTEXT('2D SPACE',''
  ) );
#5876 = PCURVE('',#5877,#5882);
#5877 = CYLINDRICAL_SURFACE('',#5878,0.1);
#5878 = AXIS2_PLACEMENT_3D('',#5879,#5880,#5881);
#5879 = CARTESIAN_POINT('',(0.43,0.175,0.2));
#5880 = DIRECTION('',(0.,-1.,0.));
#5881 = DIRECTION('',(0.,0.,-1.));
#5882 = DEFINITIONAL_REPRESENTATION('',(#5883),#5886);
#5883 = B_SPLINE_CURVE_WITH_KNOTS('',1,(#5884,#5885),.UNSPECIFIED.,.F.,
  .F.,(2,2),(4.712388980385,6.28318530718),.PIECEWISE_BEZIER_KNOTS.);
#5884 = CARTESIAN_POINT('',(4.712388980385,0.));
#5885 = CARTESIAN_POINT('',(6.28318530718,0.));
#5886 = ( GEOMETRIC_REPRESENTATION_CONTEXT(2) 
PARAMETRIC_REPRESENTATION_CONTEXT() REPRESENTATION_CONTEXT('2D SPACE',''
  ) );
#5887 = ORIENTED_EDGE('',*,*,#5814,.F.);
#5888 = ADVANCED_FACE('',(#5889),#5636,.T.);
#5889 = FACE_BOUND('',#5890,.T.);
#5890 = EDGE_LOOP('',(#5891,#5892,#5893,#5921));
#5891 = ORIENTED_EDGE('',*,*,#5620,.F.);
#5892 = ORIENTED_EDGE('',*,*,#5839,.T.);
#5893 = ORIENTED_EDGE('',*,*,#5894,.T.);
#5894 = EDGE_CURVE('',#5840,#5895,#5897,.T.);
#5895 = VERTEX_POINT('',#5896);
#5896 = CARTESIAN_POINT('',(0.73,0.175,1.E-01));
#5897 = SURFACE_CURVE('',#5898,(#5902,#5909),.PCURVE_S1.);
#5898 = LINE('',#5899,#5900);
#5899 = CARTESIAN_POINT('',(0.43,0.175,1.E-01));
#5900 = VECTOR('',#5901,1.);
#5901 = DIRECTION('',(1.,0.,-0.));
#5902 = PCURVE('',#5636,#5903);
#5903 = DEFINITIONAL_REPRESENTATION('',(#5904),#5908);
#5904 = LINE('',#5905,#5906);
#5905 = CARTESIAN_POINT('',(1.E-01,0.));
#5906 = VECTOR('',#5907,1.);
#5907 = DIRECTION('',(0.,1.));
#5908 = ( GEOMETRIC_REPRESENTATION_CONTEXT(2) 
PARAMETRIC_REPRESENTATION_CONTEXT() REPRESENTATION_CONTEXT('2D SPACE',''
  ) );
#5909 = PCURVE('',#5910,#5915);
#5910 = PLANE('',#5911);
#5911 = AXIS2_PLACEMENT_3D('',#5912,#5913,#5914);
#5912 = CARTESIAN_POINT('',(0.43,0.175,1.E-01));
#5913 = DIRECTION('',(-0.,0.,1.));
#5914 = DIRECTION('',(0.,-1.,0.));
#5915 = DEFINITIONAL_REPRESENTATION('',(#5916),#5920);
#5916 = LINE('',#5917,#5918);
#5917 = CARTESIAN_POINT('',(0.,0.));
#5918 = VECTOR('',#5919,1.);
#5919 = DIRECTION('',(0.,1.));
#5920 = ( GEOMETRIC_REPRESENTATION_CONTEXT(2) 
PARAMETRIC_REPRESENTATION_CONTEXT() REPRESENTATION_CONTEXT('2D SPACE',''
  ) );
#5921 = ORIENTED_EDGE('',*,*,#5922,.F.);
#5922 = EDGE_CURVE('',#5621,#5895,#5923,.T.);
#5923 = SURFACE_CURVE('',#5924,(#5928,#5935),.PCURVE_S1.);
#5924 = LINE('',#5925,#5926);
#5925 = CARTESIAN_POINT('',(0.73,0.175,0.));
#5926 = VECTOR('',#5927,1.);
#5927 = DIRECTION('',(0.,-0.,1.));
#5928 = PCURVE('',#5636,#5929);
#5929 = DEFINITIONAL_REPRESENTATION('',(#5930),#5934);
#5930 = LINE('',#5931,#5932);
#5931 = CARTESIAN_POINT('',(0.,0.3));
#5932 = VECTOR('',#5933,1.);
#5933 = DIRECTION('',(1.,0.));
#5934 = ( GEOMETRIC_REPRESENTATION_CONTEXT(2) 
PARAMETRIC_REPRESENTATION_CONTEXT() REPRESENTATION_CONTEXT('2D SPACE',''
  ) );
#5935 = PCURVE('',#5662,#5936);
#5936 = DEFINITIONAL_REPRESENTATION('',(#5937),#5941);
#5937 = LINE('',#5938,#5939);
#5938 = CARTESIAN_POINT('',(-5.E-02,-0.175));
#5939 = VECTOR('',#5940,1.);
#5940 = DIRECTION('',(1.,0.));
#5941 = ( GEOMETRIC_REPRESENTATION_CONTEXT(2) 
PARAMETRIC_REPRESENTATION_CONTEXT() REPRESENTATION_CONTEXT('2D SPACE',''
  ) );
#5942 = ADVANCED_FACE('',(#5943),#5206,.T.);
#5943 = FACE_BOUND('',#5944,.T.);
#5944 = EDGE_LOOP('',(#5945,#5946,#5947,#5970));
#5945 = ORIENTED_EDGE('',*,*,#5679,.F.);
#5946 = ORIENTED_EDGE('',*,*,#5190,.T.);
#5947 = ORIENTED_EDGE('',*,*,#5948,.T.);
#5948 = EDGE_CURVE('',#5191,#5949,#5951,.T.);
#5949 = VERTEX_POINT('',#5950);
#5950 = CARTESIAN_POINT('',(0.13,-0.175,0.675));
#5951 = SURFACE_CURVE('',#5952,(#5956,#5963),.PCURVE_S1.);
#5952 = LINE('',#5953,#5954);
#5953 = CARTESIAN_POINT('',(0.,-0.175,0.675));
#5954 = VECTOR('',#5955,1.);
#5955 = DIRECTION('',(1.,0.,0.));
#5956 = PCURVE('',#5206,#5957);
#5957 = DEFINITIONAL_REPRESENTATION('',(#5958),#5962);
#5958 = LINE('',#5959,#5960);
#5959 = CARTESIAN_POINT('',(0.35,0.));
#5960 = VECTOR('',#5961,1.);
#5961 = DIRECTION('',(0.,1.));
#5962 = ( GEOMETRIC_REPRESENTATION_CONTEXT(2) 
PARAMETRIC_REPRESENTATION_CONTEXT() REPRESENTATION_CONTEXT('2D SPACE',''
  ) );
#5963 = PCURVE('',#5232,#5964);
#5964 = DEFINITIONAL_REPRESENTATION('',(#5965),#5969);
#5965 = LINE('',#5966,#5967);
#5966 = CARTESIAN_POINT('',(0.,0.));
#5967 = VECTOR('',#5968,1.);
#5968 = DIRECTION('',(0.,1.));
#5969 = ( GEOMETRIC_REPRESENTATION_CONTEXT(2) 
PARAMETRIC_REPRESENTATION_CONTEXT() REPRESENTATION_CONTEXT('2D SPACE',''
  ) );
#5970 = ORIENTED_EDGE('',*,*,#5971,.F.);
#5971 = EDGE_CURVE('',#5680,#5949,#5972,.T.);
#5972 = SURFACE_CURVE('',#5973,(#5977,#5984),.PCURVE_S1.);
#5973 = LINE('',#5974,#5975);
#5974 = CARTESIAN_POINT('',(0.13,0.175,0.675));
#5975 = VECTOR('',#5976,1.);
#5976 = DIRECTION('',(0.,-1.,0.));
#5977 = PCURVE('',#5206,#5978);
#5978 = DEFINITIONAL_REPRESENTATION('',(#5979),#5983);
#5979 = LINE('',#5980,#5981);
#5980 = CARTESIAN_POINT('',(0.,0.13));
#5981 = VECTOR('',#5982,1.);
#5982 = DIRECTION('',(1.,0.));
#5983 = ( GEOMETRIC_REPRESENTATION_CONTEXT(2) 
PARAMETRIC_REPRESENTATION_CONTEXT() REPRESENTATION_CONTEXT('2D SPACE',''
  ) );
#5984 = PCURVE('',#5769,#5985);
#5985 = DEFINITIONAL_REPRESENTATION('',(#5986),#5989);
#5986 = B_SPLINE_CURVE_WITH_KNOTS('',1,(#5987,#5988),.UNSPECIFIED.,.F.,
  .F.,(2,2),(0.,0.35),.PIECEWISE_BEZIER_KNOTS.);
#5987 = CARTESIAN_POINT('',(3.14159265359,0.));
#5988 = CARTESIAN_POINT('',(3.14159265359,-0.35));
#5989 = ( GEOMETRIC_REPRESENTATION_CONTEXT(2) 
PARAMETRIC_REPRESENTATION_CONTEXT() REPRESENTATION_CONTEXT('2D SPACE',''
  ) );
#5990 = ADVANCED_FACE('',(#5991),#5769,.T.);
#5991 = FACE_BOUND('',#5992,.T.);
#5992 = EDGE_LOOP('',(#5993,#5994,#5995,#6019));
#5993 = ORIENTED_EDGE('',*,*,#5750,.F.);
#5994 = ORIENTED_EDGE('',*,*,#5971,.T.);
#5995 = ORIENTED_EDGE('',*,*,#5996,.T.);
#5996 = EDGE_CURVE('',#5949,#5997,#5999,.T.);
#5997 = VERTEX_POINT('',#5998);
#5998 = CARTESIAN_POINT('',(0.33,-0.175,0.475));
#5999 = SURFACE_CURVE('',#6000,(#6005,#6012),.PCURVE_S1.);
#6000 = CIRCLE('',#6001,0.2);
#6001 = AXIS2_PLACEMENT_3D('',#6002,#6003,#6004);
#6002 = CARTESIAN_POINT('',(0.13,-0.175,0.475));
#6003 = DIRECTION('',(0.,1.,0.));
#6004 = DIRECTION('',(0.,0.,-1.));
#6005 = PCURVE('',#5769,#6006);
#6006 = DEFINITIONAL_REPRESENTATION('',(#6007),#6011);
#6007 = LINE('',#6008,#6009);
#6008 = CARTESIAN_POINT('',(0.,-0.35));
#6009 = VECTOR('',#6010,1.);
#6010 = DIRECTION('',(1.,0.));
#6011 = ( GEOMETRIC_REPRESENTATION_CONTEXT(2) 
PARAMETRIC_REPRESENTATION_CONTEXT() REPRESENTATION_CONTEXT('2D SPACE',''
  ) );
#6012 = PCURVE('',#5339,#6013);
#6013 = DEFINITIONAL_REPRESENTATION('',(#6014),#6018);
#6014 = CIRCLE('',#6015,0.2);
#6015 = AXIS2_PLACEMENT_2D('',#6016,#6017);
#6016 = CARTESIAN_POINT('',(-1.387778780781E-17,0.15));
#6017 = DIRECTION('',(0.707106781187,0.707106781187));
#6018 = ( GEOMETRIC_REPRESENTATION_CONTEXT(2) 
PARAMETRIC_REPRESENTATION_CONTEXT() REPRESENTATION_CONTEXT('2D SPACE',''
  ) );
#6019 = ORIENTED_EDGE('',*,*,#6020,.T.);
#6020 = EDGE_CURVE('',#5997,#5728,#6021,.T.);
#6021 = SURFACE_CURVE('',#6022,(#6026,#6033),.PCURVE_S1.);
#6022 = LINE('',#6023,#6024);
#6023 = CARTESIAN_POINT('',(0.33,0.175,0.475));
#6024 = VECTOR('',#6025,1.);
#6025 = DIRECTION('',(0.,1.,0.));
#6026 = PCURVE('',#5769,#6027);
#6027 = DEFINITIONAL_REPRESENTATION('',(#6028),#6032);
#6028 = LINE('',#6029,#6030);
#6029 = CARTESIAN_POINT('',(4.712388980385,0.));
#6030 = VECTOR('',#6031,1.);
#6031 = DIRECTION('',(0.,1.));
#6032 = ( GEOMETRIC_REPRESENTATION_CONTEXT(2) 
PARAMETRIC_REPRESENTATION_CONTEXT() REPRESENTATION_CONTEXT('2D SPACE',''
  ) );
#6033 = PCURVE('',#5802,#6034);
#6034 = DEFINITIONAL_REPRESENTATION('',(#6035),#6039);
#6035 = LINE('',#6036,#6037);
#6036 = CARTESIAN_POINT('',(0.,-5.551115123126E-17));
#6037 = VECTOR('',#6038,1.);
#6038 = DIRECTION('',(-1.,0.));
#6039 = ( GEOMETRIC_REPRESENTATION_CONTEXT(2) 
PARAMETRIC_REPRESENTATION_CONTEXT() REPRESENTATION_CONTEXT('2D SPACE',''
  ) );
#6040 = ADVANCED_FACE('',(#6041),#5802,.T.);
#6041 = FACE_BOUND('',#6042,.T.);
#6042 = EDGE_LOOP('',(#6043,#6044,#6045,#6068));
#6043 = ORIENTED_EDGE('',*,*,#5786,.F.);
#6044 = ORIENTED_EDGE('',*,*,#6020,.F.);
#6045 = ORIENTED_EDGE('',*,*,#6046,.T.);
#6046 = EDGE_CURVE('',#5997,#6047,#6049,.T.);
#6047 = VERTEX_POINT('',#6048);
#6048 = CARTESIAN_POINT('',(0.33,-0.175,0.2));
#6049 = SURFACE_CURVE('',#6050,(#6054,#6061),.PCURVE_S1.);
#6050 = LINE('',#6051,#6052);
#6051 = CARTESIAN_POINT('',(0.33,-0.175,0.475));
#6052 = VECTOR('',#6053,1.);
#6053 = DIRECTION('',(0.,0.,-1.));
#6054 = PCURVE('',#5802,#6055);
#6055 = DEFINITIONAL_REPRESENTATION('',(#6056),#6060);
#6056 = LINE('',#6057,#6058);
#6057 = CARTESIAN_POINT('',(0.35,0.));
#6058 = VECTOR('',#6059,1.);
#6059 = DIRECTION('',(0.,1.));
#6060 = ( GEOMETRIC_REPRESENTATION_CONTEXT(2) 
PARAMETRIC_REPRESENTATION_CONTEXT() REPRESENTATION_CONTEXT('2D SPACE',''
  ) );
#6061 = PCURVE('',#5430,#6062);
#6062 = DEFINITIONAL_REPRESENTATION('',(#6063),#6067);
#6063 = LINE('',#6064,#6065);
#6064 = CARTESIAN_POINT('',(0.,0.));
#6065 = VECTOR('',#6066,1.);
#6066 = DIRECTION('',(6.123233995737E-17,1.));
#6067 = ( GEOMETRIC_REPRESENTATION_CONTEXT(2) 
PARAMETRIC_REPRESENTATION_CONTEXT() REPRESENTATION_CONTEXT('2D SPACE',''
  ) );
#6068 = ORIENTED_EDGE('',*,*,#6069,.F.);
#6069 = EDGE_CURVE('',#5787,#6047,#6070,.T.);
#6070 = SURFACE_CURVE('',#6071,(#6075,#6082),.PCURVE_S1.);
#6071 = LINE('',#6072,#6073);
#6072 = CARTESIAN_POINT('',(0.33,0.175,0.2));
#6073 = VECTOR('',#6074,1.);
#6074 = DIRECTION('',(0.,-1.,0.));
#6075 = PCURVE('',#5802,#6076);
#6076 = DEFINITIONAL_REPRESENTATION('',(#6077),#6081);
#6077 = LINE('',#6078,#6079);
#6078 = CARTESIAN_POINT('',(0.,0.275));
#6079 = VECTOR('',#6080,1.);
#6080 = DIRECTION('',(1.,0.));
#6081 = ( GEOMETRIC_REPRESENTATION_CONTEXT(2) 
PARAMETRIC_REPRESENTATION_CONTEXT() REPRESENTATION_CONTEXT('2D SPACE',''
  ) );
#6082 = PCURVE('',#5877,#6083);
#6083 = DEFINITIONAL_REPRESENTATION('',(#6084),#6087);
#6084 = B_SPLINE_CURVE_WITH_KNOTS('',1,(#6085,#6086),.UNSPECIFIED.,.F.,
  .F.,(2,2),(0.,0.35),.PIECEWISE_BEZIER_KNOTS.);
#6085 = CARTESIAN_POINT('',(4.712388980385,0.));
#6086 = CARTESIAN_POINT('',(4.712388980385,0.35));
#6087 = ( GEOMETRIC_REPRESENTATION_CONTEXT(2) 
PARAMETRIC_REPRESENTATION_CONTEXT() REPRESENTATION_CONTEXT('2D SPACE',''
  ) );
#6088 = ADVANCED_FACE('',(#6089),#5877,.F.);
#6089 = FACE_BOUND('',#6090,.F.);
#6090 = EDGE_LOOP('',(#6091,#6092,#6115,#6141));
#6091 = ORIENTED_EDGE('',*,*,#5862,.T.);
#6092 = ORIENTED_EDGE('',*,*,#6093,.T.);
#6093 = EDGE_CURVE('',#5840,#6094,#6096,.T.);
#6094 = VERTEX_POINT('',#6095);
#6095 = CARTESIAN_POINT('',(0.43,-0.175,1.E-01));
#6096 = SURFACE_CURVE('',#6097,(#6101,#6108),.PCURVE_S1.);
#6097 = LINE('',#6098,#6099);
#6098 = CARTESIAN_POINT('',(0.43,0.175,1.E-01));
#6099 = VECTOR('',#6100,1.);
#6100 = DIRECTION('',(0.,-1.,0.));
#6101 = PCURVE('',#5877,#6102);
#6102 = DEFINITIONAL_REPRESENTATION('',(#6103),#6107);
#6103 = LINE('',#6104,#6105);
#6104 = CARTESIAN_POINT('',(6.28318530718,0.));
#6105 = VECTOR('',#6106,1.);
#6106 = DIRECTION('',(0.,1.));
#6107 = ( GEOMETRIC_REPRESENTATION_CONTEXT(2) 
PARAMETRIC_REPRESENTATION_CONTEXT() REPRESENTATION_CONTEXT('2D SPACE',''
  ) );
#6108 = PCURVE('',#5910,#6109);
#6109 = DEFINITIONAL_REPRESENTATION('',(#6110),#6114);
#6110 = LINE('',#6111,#6112);
#6111 = CARTESIAN_POINT('',(0.,0.));
#6112 = VECTOR('',#6113,1.);
#6113 = DIRECTION('',(1.,0.));
#6114 = ( GEOMETRIC_REPRESENTATION_CONTEXT(2) 
PARAMETRIC_REPRESENTATION_CONTEXT() REPRESENTATION_CONTEXT('2D SPACE',''
  ) );
#6115 = ORIENTED_EDGE('',*,*,#6116,.F.);
#6116 = EDGE_CURVE('',#6047,#6094,#6117,.T.);
#6117 = SURFACE_CURVE('',#6118,(#6123,#6130),.PCURVE_S1.);
#6118 = CIRCLE('',#6119,0.1);
#6119 = AXIS2_PLACEMENT_3D('',#6120,#6121,#6122);
#6120 = CARTESIAN_POINT('',(0.43,-0.175,0.2));
#6121 = DIRECTION('',(0.,-1.,0.));
#6122 = DIRECTION('',(0.,0.,-1.));
#6123 = PCURVE('',#5877,#6124);
#6124 = DEFINITIONAL_REPRESENTATION('',(#6125),#6129);
#6125 = LINE('',#6126,#6127);
#6126 = CARTESIAN_POINT('',(0.,0.35));
#6127 = VECTOR('',#6128,1.);
#6128 = DIRECTION('',(1.,0.));
#6129 = ( GEOMETRIC_REPRESENTATION_CONTEXT(2) 
PARAMETRIC_REPRESENTATION_CONTEXT() REPRESENTATION_CONTEXT('2D SPACE',''
  ) );
#6130 = PCURVE('',#5516,#6131);
#6131 = DEFINITIONAL_REPRESENTATION('',(#6132),#6140);
#6132 = ( BOUNDED_CURVE() B_SPLINE_CURVE(2,(#6133,#6134,#6135,#6136,
#6137,#6138,#6139),.UNSPECIFIED.,.T.,.F.) B_SPLINE_CURVE_WITH_KNOTS((1,2
    ,2,2,2,1),(-2.094395102393,0.,2.094395102393,4.188790204786,
6.28318530718,8.377580409573),.UNSPECIFIED.) CURVE() 
GEOMETRIC_REPRESENTATION_ITEM() RATIONAL_B_SPLINE_CURVE((1.,0.5,1.,0.5,
1.,0.5,1.)) REPRESENTATION_ITEM('') );
#6133 = CARTESIAN_POINT('',(7.071067811865E-02,-7.928932188135E-02));
#6134 = CARTESIAN_POINT('',(0.193185165258,-0.201763809021));
#6135 = CARTESIAN_POINT('',(2.588190451025E-02,-0.246592582629));
#6136 = CARTESIAN_POINT('',(-0.141421356237,-0.291421356237));
#6137 = CARTESIAN_POINT('',(-9.659258262891E-02,-0.12411809549));
#6138 = CARTESIAN_POINT('',(-5.17638090205E-02,4.318516525781E-02));
#6139 = CARTESIAN_POINT('',(7.071067811865E-02,-7.928932188135E-02));
#6140 = ( GEOMETRIC_REPRESENTATION_CONTEXT(2) 
PARAMETRIC_REPRESENTATION_CONTEXT() REPRESENTATION_CONTEXT('2D SPACE',''
  ) );
#6141 = ORIENTED_EDGE('',*,*,#6069,.F.);
#6142 = ADVANCED_FACE('',(#6143),#5910,.T.);
#6143 = FACE_BOUND('',#6144,.T.);
#6144 = EDGE_LOOP('',(#6145,#6146,#6147,#6170));
#6145 = ORIENTED_EDGE('',*,*,#5894,.F.);
#6146 = ORIENTED_EDGE('',*,*,#6093,.T.);
#6147 = ORIENTED_EDGE('',*,*,#6148,.T.);
#6148 = EDGE_CURVE('',#6094,#6149,#6151,.T.);
#6149 = VERTEX_POINT('',#6150);
#6150 = CARTESIAN_POINT('',(0.73,-0.175,1.E-01));
#6151 = SURFACE_CURVE('',#6152,(#6156,#6163),.PCURVE_S1.);
#6152 = LINE('',#6153,#6154);
#6153 = CARTESIAN_POINT('',(0.43,-0.175,1.E-01));
#6154 = VECTOR('',#6155,1.);
#6155 = DIRECTION('',(1.,0.,0.));
#6156 = PCURVE('',#5910,#6157);
#6157 = DEFINITIONAL_REPRESENTATION('',(#6158),#6162);
#6158 = LINE('',#6159,#6160);
#6159 = CARTESIAN_POINT('',(0.35,0.));
#6160 = VECTOR('',#6161,1.);
#6161 = DIRECTION('',(0.,1.));
#6162 = ( GEOMETRIC_REPRESENTATION_CONTEXT(2) 
PARAMETRIC_REPRESENTATION_CONTEXT() REPRESENTATION_CONTEXT('2D SPACE',''
  ) );
#6163 = PCURVE('',#5607,#6164);
#6164 = DEFINITIONAL_REPRESENTATION('',(#6165),#6169);
#6165 = LINE('',#6166,#6167);
#6166 = CARTESIAN_POINT('',(0.,0.));
#6167 = VECTOR('',#6168,1.);
#6168 = DIRECTION('',(0.,1.));
#6169 = ( GEOMETRIC_REPRESENTATION_CONTEXT(2) 
PARAMETRIC_REPRESENTATION_CONTEXT() REPRESENTATION_CONTEXT('2D SPACE',''
  ) );
#6170 = ORIENTED_EDGE('',*,*,#6171,.F.);
#6171 = EDGE_CURVE('',#5895,#6149,#6172,.T.);
#6172 = SURFACE_CURVE('',#6173,(#6177,#6184),.PCURVE_S1.);
#6173 = LINE('',#6174,#6175);
#6174 = CARTESIAN_POINT('',(0.73,0.175,1.E-01));
#6175 = VECTOR('',#6176,1.);
#6176 = DIRECTION('',(0.,-1.,0.));
#6177 = PCURVE('',#5910,#6178);
#6178 = DEFINITIONAL_REPRESENTATION('',(#6179),#6183);
#6179 = LINE('',#6180,#6181);
#6180 = CARTESIAN_POINT('',(0.,0.3));
#6181 = VECTOR('',#6182,1.);
#6182 = DIRECTION('',(1.,0.));
#6183 = ( GEOMETRIC_REPRESENTATION_CONTEXT(2) 
PARAMETRIC_REPRESENTATION_CONTEXT() REPRESENTATION_CONTEXT('2D SPACE',''
  ) );
#6184 = PCURVE('',#5662,#6185);
#6185 = DEFINITIONAL_REPRESENTATION('',(#6186),#6190);
#6186 = LINE('',#6187,#6188);
#6187 = CARTESIAN_POINT('',(5.E-02,-0.175));
#6188 = VECTOR('',#6189,1.);
#6189 = DIRECTION('',(0.,1.));
#6190 = ( GEOMETRIC_REPRESENTATION_CONTEXT(2) 
PARAMETRIC_REPRESENTATION_CONTEXT() REPRESENTATION_CONTEXT('2D SPACE',''
  ) );
#6191 = ADVANCED_FACE('',(#6192),#5232,.T.);
#6192 = FACE_BOUND('',#6193,.T.);
#6193 = EDGE_LOOP('',(#6194,#6195,#6196,#6197));
#6194 = ORIENTED_EDGE('',*,*,#5948,.F.);
#6195 = ORIENTED_EDGE('',*,*,#5218,.T.);
#6196 = ORIENTED_EDGE('',*,*,#5247,.T.);
#6197 = ORIENTED_EDGE('',*,*,#6198,.F.);
#6198 = EDGE_CURVE('',#5949,#5248,#6199,.T.);
#6199 = SURFACE_CURVE('',#6200,(#6204,#6211),.PCURVE_S1.);
#6200 = LINE('',#6201,#6202);
#6201 = CARTESIAN_POINT('',(0.13,-0.175,0.675));
#6202 = VECTOR('',#6203,1.);
#6203 = DIRECTION('',(0.,0.,-1.));
#6204 = PCURVE('',#5232,#6205);
#6205 = DEFINITIONAL_REPRESENTATION('',(#6206),#6210);
#6206 = LINE('',#6207,#6208);
#6207 = CARTESIAN_POINT('',(0.,0.13));
#6208 = VECTOR('',#6209,1.);
#6209 = DIRECTION('',(1.,0.));
#6210 = ( GEOMETRIC_REPRESENTATION_CONTEXT(2) 
PARAMETRIC_REPRESENTATION_CONTEXT() REPRESENTATION_CONTEXT('2D SPACE',''
  ) );
#6211 = PCURVE('',#5339,#6212);
#6212 = DEFINITIONAL_REPRESENTATION('',(#6213),#6217);
#6213 = LINE('',#6214,#6215);
#6214 = CARTESIAN_POINT('',(-0.141421356237,8.578643762691E-03));
#6215 = VECTOR('',#6216,1.);
#6216 = DIRECTION('',(0.707106781187,0.707106781187));
#6217 = ( GEOMETRIC_REPRESENTATION_CONTEXT(2) 
PARAMETRIC_REPRESENTATION_CONTEXT() REPRESENTATION_CONTEXT('2D SPACE',''
  ) );
#6218 = ADVANCED_FACE('',(#6219),#5339,.F.);
#6219 = FACE_BOUND('',#6220,.F.);
#6220 = EDGE_LOOP('',(#6221,#6222,#6243,#6244));
#6221 = ORIENTED_EDGE('',*,*,#5996,.T.);
#6222 = ORIENTED_EDGE('',*,*,#6223,.T.);
#6223 = EDGE_CURVE('',#5997,#5323,#6224,.T.);
#6224 = SURFACE_CURVE('',#6225,(#6229,#6236),.PCURVE_S1.);
#6225 = LINE('',#6226,#6227);
#6226 = CARTESIAN_POINT('',(0.33,-0.175,0.475));
#6227 = VECTOR('',#6228,1.);
#6228 = DIRECTION('',(-1.,0.,-9.95799250103E-17));
#6229 = PCURVE('',#5339,#6230);
#6230 = DEFINITIONAL_REPRESENTATION('',(#6231),#6235);
#6231 = LINE('',#6232,#6233);
#6232 = CARTESIAN_POINT('',(0.141421356237,8.578643762691E-03));
#6233 = VECTOR('',#6234,1.);
#6234 = DIRECTION('',(-0.707106781187,0.707106781187));
#6235 = ( GEOMETRIC_REPRESENTATION_CONTEXT(2) 
PARAMETRIC_REPRESENTATION_CONTEXT() REPRESENTATION_CONTEXT('2D SPACE',''
  ) );
#6236 = PCURVE('',#5430,#6237);
#6237 = DEFINITIONAL_REPRESENTATION('',(#6238),#6242);
#6238 = LINE('',#6239,#6240);
#6239 = CARTESIAN_POINT('',(5.551115123126E-17,-3.399077683617E-33));
#6240 = VECTOR('',#6241,1.);
#6241 = DIRECTION('',(1.,3.834758505293E-17));
#6242 = ( GEOMETRIC_REPRESENTATION_CONTEXT(2) 
PARAMETRIC_REPRESENTATION_CONTEXT() REPRESENTATION_CONTEXT('2D SPACE',''
  ) );
#6243 = ORIENTED_EDGE('',*,*,#5322,.F.);
#6244 = ORIENTED_EDGE('',*,*,#6198,.F.);
#6245 = ADVANCED_FACE('',(#6246),#5430,.T.);
#6246 = FACE_BOUND('',#6247,.T.);
#6247 = EDGE_LOOP('',(#6248,#6249,#6250,#6251));
#6248 = ORIENTED_EDGE('',*,*,#6046,.F.);
#6249 = ORIENTED_EDGE('',*,*,#6223,.T.);
#6250 = ORIENTED_EDGE('',*,*,#5414,.T.);
#6251 = ORIENTED_EDGE('',*,*,#6252,.F.);
#6252 = EDGE_CURVE('',#6047,#5415,#6253,.T.);
#6253 = SURFACE_CURVE('',#6254,(#6258,#6265),.PCURVE_S1.);
#6254 = LINE('',#6255,#6256);
#6255 = CARTESIAN_POINT('',(0.33,-0.175,0.2));
#6256 = VECTOR('',#6257,1.);
#6257 = DIRECTION('',(-1.,0.,-6.123233995737E-17));
#6258 = PCURVE('',#5430,#6259);
#6259 = DEFINITIONAL_REPRESENTATION('',(#6260),#6264);
#6260 = LINE('',#6261,#6262);
#6261 = CARTESIAN_POINT('',(1.683889348828E-17,0.275));
#6262 = VECTOR('',#6263,1.);
#6263 = DIRECTION('',(1.,0.));
#6264 = ( GEOMETRIC_REPRESENTATION_CONTEXT(2) 
PARAMETRIC_REPRESENTATION_CONTEXT() REPRESENTATION_CONTEXT('2D SPACE',''
  ) );
#6265 = PCURVE('',#5516,#6266);
#6266 = DEFINITIONAL_REPRESENTATION('',(#6267),#6271);
#6267 = LINE('',#6268,#6269);
#6268 = CARTESIAN_POINT('',(-7.071067811865E-02,-7.928932188135E-02));
#6269 = VECTOR('',#6270,1.);
#6270 = DIRECTION('',(-0.707106781187,0.707106781187));
#6271 = ( GEOMETRIC_REPRESENTATION_CONTEXT(2) 
PARAMETRIC_REPRESENTATION_CONTEXT() REPRESENTATION_CONTEXT('2D SPACE',''
  ) );
#6272 = ADVANCED_FACE('',(#6273),#5516,.F.);
#6273 = FACE_BOUND('',#6274,.F.);
#6274 = EDGE_LOOP('',(#6275,#6276,#6297,#6298));
#6275 = ORIENTED_EDGE('',*,*,#6116,.T.);
#6276 = ORIENTED_EDGE('',*,*,#6277,.T.);
#6277 = EDGE_CURVE('',#6094,#5500,#6278,.T.);
#6278 = SURFACE_CURVE('',#6279,(#6283,#6290),.PCURVE_S1.);
#6279 = LINE('',#6280,#6281);
#6280 = CARTESIAN_POINT('',(0.43,-0.175,1.E-01));
#6281 = VECTOR('',#6282,1.);
#6282 = DIRECTION('',(-2.449293598295E-16,0.,-1.));
#6283 = PCURVE('',#5516,#6284);
#6284 = DEFINITIONAL_REPRESENTATION('',(#6285),#6289);
#6285 = LINE('',#6286,#6287);
#6286 = CARTESIAN_POINT('',(7.071067811865E-02,-7.928932188135E-02));
#6287 = VECTOR('',#6288,1.);
#6288 = DIRECTION('',(0.707106781187,0.707106781187));
#6289 = ( GEOMETRIC_REPRESENTATION_CONTEXT(2) 
PARAMETRIC_REPRESENTATION_CONTEXT() REPRESENTATION_CONTEXT('2D SPACE',''
  ) );
#6290 = PCURVE('',#5607,#6291);
#6291 = DEFINITIONAL_REPRESENTATION('',(#6292),#6296);
#6292 = LINE('',#6293,#6294);
#6293 = CARTESIAN_POINT('',(0.,-5.551115123126E-17));
#6294 = VECTOR('',#6295,1.);
#6295 = DIRECTION('',(1.,-2.449293598295E-16));
#6296 = ( GEOMETRIC_REPRESENTATION_CONTEXT(2) 
PARAMETRIC_REPRESENTATION_CONTEXT() REPRESENTATION_CONTEXT('2D SPACE',''
  ) );
#6297 = ORIENTED_EDGE('',*,*,#5499,.F.);
#6298 = ORIENTED_EDGE('',*,*,#6252,.F.);
#6299 = ADVANCED_FACE('',(#6300),#5607,.T.);
#6300 = FACE_BOUND('',#6301,.T.);
#6301 = EDGE_LOOP('',(#6302,#6303,#6304,#6305));
#6302 = ORIENTED_EDGE('',*,*,#6148,.F.);
#6303 = ORIENTED_EDGE('',*,*,#6277,.T.);
#6304 = ORIENTED_EDGE('',*,*,#5591,.T.);
#6305 = ORIENTED_EDGE('',*,*,#6306,.F.);
#6306 = EDGE_CURVE('',#6149,#5592,#6307,.T.);
#6307 = SURFACE_CURVE('',#6308,(#6312,#6319),.PCURVE_S1.);
#6308 = LINE('',#6309,#6310);
#6309 = CARTESIAN_POINT('',(0.73,-0.175,1.E-01));
#6310 = VECTOR('',#6311,1.);
#6311 = DIRECTION('',(0.,0.,-1.));
#6312 = PCURVE('',#5607,#6313);
#6313 = DEFINITIONAL_REPRESENTATION('',(#6314),#6318);
#6314 = LINE('',#6315,#6316);
#6315 = CARTESIAN_POINT('',(0.,0.3));
#6316 = VECTOR('',#6317,1.);
#6317 = DIRECTION('',(1.,0.));
#6318 = ( GEOMETRIC_REPRESENTATION_CONTEXT(2) 
PARAMETRIC_REPRESENTATION_CONTEXT() REPRESENTATION_CONTEXT('2D SPACE',''
  ) );
#6319 = PCURVE('',#5662,#6320);
#6320 = DEFINITIONAL_REPRESENTATION('',(#6321),#6325);
#6321 = LINE('',#6322,#6323);
#6322 = CARTESIAN_POINT('',(5.E-02,0.175));
#6323 = VECTOR('',#6324,1.);
#6324 = DIRECTION('',(-1.,0.));
#6325 = ( GEOMETRIC_REPRESENTATION_CONTEXT(2) 
PARAMETRIC_REPRESENTATION_CONTEXT() REPRESENTATION_CONTEXT('2D SPACE',''
  ) );
#6326 = ADVANCED_FACE('',(#6327),#5662,.T.);
#6327 = FACE_BOUND('',#6328,.T.);
#6328 = EDGE_LOOP('',(#6329,#6330,#6331,#6332));
#6329 = ORIENTED_EDGE('',*,*,#5648,.T.);
#6330 = ORIENTED_EDGE('',*,*,#5922,.T.);
#6331 = ORIENTED_EDGE('',*,*,#6171,.T.);
#6332 = ORIENTED_EDGE('',*,*,#6306,.T.);
#6333 = ( GEOMETRIC_REPRESENTATION_CONTEXT(3) 
GLOBAL_UNCERTAINTY_ASSIGNED_CONTEXT((#6337)) 
GLOBAL_UNIT_ASSIGNED_CONTEXT((#6334,#6335,#6336)) REPRESENTATION_CONTEXT
('Context #1','3D Context with UNIT and UNCERTAINTY') );
#6334 = ( LENGTH_UNIT() NAMED_UNIT(*) SI_UNIT(.MILLI.,.METRE.) );
#6335 = ( NAMED_UNIT(*) PLANE_ANGLE_UNIT() SI_UNIT($,.RADIAN.) );
#6336 = ( NAMED_UNIT(*) SI_UNIT($,.STERADIAN.) SOLID_ANGLE_UNIT() );
#6337 = UNCERTAINTY_MEASURE_WITH_UNIT(LENGTH_MEASURE(1.E-07),#6334,
  'distance_accuracy_value','confusion accuracy');
#6338 = SHAPE_DEFINITION_REPRESENTATION(#6339,#5120);
#6339 = PRODUCT_DEFINITION_SHAPE('','',#6340);
#6340 = PRODUCT_DEFINITION('design','',#6341,#6344);
#6341 = PRODUCT_DEFINITION_FORMATION('','',#6342);
#6342 = PRODUCT('Leader','Leader','',(#6343));
#6343 = PRODUCT_CONTEXT('',#2,'mechanical');
#6344 = PRODUCT_DEFINITION_CONTEXT('part definition',#2,'design');
#6345 = CONTEXT_DEPENDENT_SHAPE_REPRESENTATION(#6346,#6348);
#6346 = ( REPRESENTATION_RELATIONSHIP('','',#5120,#10) 
REPRESENTATION_RELATIONSHIP_WITH_TRANSFORMATION(#6347) 
SHAPE_REPRESENTATION_RELATIONSHIP() );
#6347 = ITEM_DEFINED_TRANSFORMATION('','',#11,#23);
#6348 = PRODUCT_DEFINITION_SHAPE('Placement','Placement of an item',
  #6349);
#6349 = NEXT_ASSEMBLY_USAGE_OCCURRENCE('61','','',#5,#6340,$);
#6350 = PRODUCT_RELATED_PRODUCT_CATEGORY('part',$,(#6342));
#6351 = CONTEXT_DEPENDENT_SHAPE_REPRESENTATION(#6352,#6354);
#6352 = ( REPRESENTATION_RELATIONSHIP('','',#5120,#10) 
REPRESENTATION_RELATIONSHIP_WITH_TRANSFORMATION(#6353) 
SHAPE_REPRESENTATION_RELATIONSHIP() );
#6353 = ITEM_DEFINED_TRANSFORMATION('','',#11,#27);
#6354 = PRODUCT_DEFINITION_SHAPE('Placement','Placement of an item',
  #6355);
#6355 = NEXT_ASSEMBLY_USAGE_OCCURRENCE('62','','',#5,#6340,$);
#6356 = CONTEXT_DEPENDENT_SHAPE_REPRESENTATION(#6357,#6359);
#6357 = ( REPRESENTATION_RELATIONSHIP('','',#5120,#10) 
REPRESENTATION_RELATIONSHIP_WITH_TRANSFORMATION(#6358) 
SHAPE_REPRESENTATION_RELATIONSHIP() );
#6358 = ITEM_DEFINED_TRANSFORMATION('','',#11,#31);
#6359 = PRODUCT_DEFINITION_SHAPE('Placement','Placement of an item',
  #6360);
#6360 = NEXT_ASSEMBLY_USAGE_OCCURRENCE('63','','',#5,#6340,$);
#6361 = CONTEXT_DEPENDENT_SHAPE_REPRESENTATION(#6362,#6364);
#6362 = ( REPRESENTATION_RELATIONSHIP('','',#5120,#10) 
REPRESENTATION_RELATIONSHIP_WITH_TRANSFORMATION(#6363) 
SHAPE_REPRESENTATION_RELATIONSHIP() );
#6363 = ITEM_DEFINED_TRANSFORMATION('','',#11,#35);
#6364 = PRODUCT_DEFINITION_SHAPE('Placement','Placement of an item',
  #6365);
#6365 = NEXT_ASSEMBLY_USAGE_OCCURRENCE('64','','',#5,#6340,$);
#6366 = CONTEXT_DEPENDENT_SHAPE_REPRESENTATION(#6367,#6369);
#6367 = ( REPRESENTATION_RELATIONSHIP('','',#5120,#10) 
REPRESENTATION_RELATIONSHIP_WITH_TRANSFORMATION(#6368) 
SHAPE_REPRESENTATION_RELATIONSHIP() );
#6368 = ITEM_DEFINED_TRANSFORMATION('','',#11,#39);
#6369 = PRODUCT_DEFINITION_SHAPE('Placement','Placement of an item',
  #6370);
#6370 = NEXT_ASSEMBLY_USAGE_OCCURRENCE('65','','',#5,#6340,$);
#6371 = CONTEXT_DEPENDENT_SHAPE_REPRESENTATION(#6372,#6374);
#6372 = ( REPRESENTATION_RELATIONSHIP('','',#5120,#10) 
REPRESENTATION_RELATIONSHIP_WITH_TRANSFORMATION(#6373) 
SHAPE_REPRESENTATION_RELATIONSHIP() );
#6373 = ITEM_DEFINED_TRANSFORMATION('','',#11,#43);
#6374 = PRODUCT_DEFINITION_SHAPE('Placement','Placement of an item',
  #6375);
#6375 = NEXT_ASSEMBLY_USAGE_OCCURRENCE('66','','',#5,#6340,$);
#6376 = CONTEXT_DEPENDENT_SHAPE_REPRESENTATION(#6377,#6379);
#6377 = ( REPRESENTATION_RELATIONSHIP('','',#5120,#10) 
REPRESENTATION_RELATIONSHIP_WITH_TRANSFORMATION(#6378) 
SHAPE_REPRESENTATION_RELATIONSHIP() );
#6378 = ITEM_DEFINED_TRANSFORMATION('','',#11,#47);
#6379 = PRODUCT_DEFINITION_SHAPE('Placement','Placement of an item',
  #6380);
#6380 = NEXT_ASSEMBLY_USAGE_OCCURRENCE('67','','',#5,#6340,$);
#6381 = CONTEXT_DEPENDENT_SHAPE_REPRESENTATION(#6382,#6384);
#6382 = ( REPRESENTATION_RELATIONSHIP('','',#5120,#10) 
REPRESENTATION_RELATIONSHIP_WITH_TRANSFORMATION(#6383) 
SHAPE_REPRESENTATION_RELATIONSHIP() );
#6383 = ITEM_DEFINED_TRANSFORMATION('','',#11,#51);
#6384 = PRODUCT_DEFINITION_SHAPE('Placement','Placement of an item',
  #6385);
#6385 = NEXT_ASSEMBLY_USAGE_OCCURRENCE('68','','',#5,#6340,$);
#6386 = CONTEXT_DEPENDENT_SHAPE_REPRESENTATION(#6387,#6389);
#6387 = ( REPRESENTATION_RELATIONSHIP('','',#5120,#10) 
REPRESENTATION_RELATIONSHIP_WITH_TRANSFORMATION(#6388) 
SHAPE_REPRESENTATION_RELATIONSHIP() );
#6388 = ITEM_DEFINED_TRANSFORMATION('','',#11,#55);
#6389 = PRODUCT_DEFINITION_SHAPE('Placement','Placement of an item',
  #6390);
#6390 = NEXT_ASSEMBLY_USAGE_OCCURRENCE('69','','',#5,#6340,$);
#6391 = CONTEXT_DEPENDENT_SHAPE_REPRESENTATION(#6392,#6394);
#6392 = ( REPRESENTATION_RELATIONSHIP('','',#5120,#10) 
REPRESENTATION_RELATIONSHIP_WITH_TRANSFORMATION(#6393) 
SHAPE_REPRESENTATION_RELATIONSHIP() );
#6393 = ITEM_DEFINED_TRANSFORMATION('','',#11,#59);
#6394 = PRODUCT_DEFINITION_SHAPE('Placement','Placement of an item',
  #6395);
#6395 = NEXT_ASSEMBLY_USAGE_OCCURRENCE('70','','',#5,#6340,$);
#6396 = CONTEXT_DEPENDENT_SHAPE_REPRESENTATION(#6397,#6399);
#6397 = ( REPRESENTATION_RELATIONSHIP('','',#5120,#10) 
REPRESENTATION_RELATIONSHIP_WITH_TRANSFORMATION(#6398) 
SHAPE_REPRESENTATION_RELATIONSHIP() );
#6398 = ITEM_DEFINED_TRANSFORMATION('','',#11,#63);
#6399 = PRODUCT_DEFINITION_SHAPE('Placement','Placement of an item',
  #6400);
#6400 = NEXT_ASSEMBLY_USAGE_OCCURRENCE('71','','',#5,#6340,$);
#6401 = CONTEXT_DEPENDENT_SHAPE_REPRESENTATION(#6402,#6404);
#6402 = ( REPRESENTATION_RELATIONSHIP('','',#5120,#10) 
REPRESENTATION_RELATIONSHIP_WITH_TRANSFORMATION(#6403) 
SHAPE_REPRESENTATION_RELATIONSHIP() );
#6403 = ITEM_DEFINED_TRANSFORMATION('','',#11,#67);
#6404 = PRODUCT_DEFINITION_SHAPE('Placement','Placement of an item',
  #6405);
#6405 = NEXT_ASSEMBLY_USAGE_OCCURRENCE('72','','',#5,#6340,$);
#6406 = CONTEXT_DEPENDENT_SHAPE_REPRESENTATION(#6407,#6409);
#6407 = ( REPRESENTATION_RELATIONSHIP('','',#5120,#10) 
REPRESENTATION_RELATIONSHIP_WITH_TRANSFORMATION(#6408) 
SHAPE_REPRESENTATION_RELATIONSHIP() );
#6408 = ITEM_DEFINED_TRANSFORMATION('','',#11,#71);
#6409 = PRODUCT_DEFINITION_SHAPE('Placement','Placement of an item',
  #6410);
#6410 = NEXT_ASSEMBLY_USAGE_OCCURRENCE('73','','',#5,#6340,$);
#6411 = CONTEXT_DEPENDENT_SHAPE_REPRESENTATION(#6412,#6414);
#6412 = ( REPRESENTATION_RELATIONSHIP('','',#5120,#10) 
REPRESENTATION_RELATIONSHIP_WITH_TRANSFORMATION(#6413) 
SHAPE_REPRESENTATION_RELATIONSHIP() );
#6413 = ITEM_DEFINED_TRANSFORMATION('','',#11,#75);
#6414 = PRODUCT_DEFINITION_SHAPE('Placement','Placement of an item',
  #6415);
#6415 = NEXT_ASSEMBLY_USAGE_OCCURRENCE('74','','',#5,#6340,$);
#6416 = CONTEXT_DEPENDENT_SHAPE_REPRESENTATION(#6417,#6419);
#6417 = ( REPRESENTATION_RELATIONSHIP('','',#5120,#10) 
REPRESENTATION_RELATIONSHIP_WITH_TRANSFORMATION(#6418) 
SHAPE_REPRESENTATION_RELATIONSHIP() );
#6418 = ITEM_DEFINED_TRANSFORMATION('','',#11,#79);
#6419 = PRODUCT_DEFINITION_SHAPE('Placement','Placement of an item',
  #6420);
#6420 = NEXT_ASSEMBLY_USAGE_OCCURRENCE('75','','',#5,#6340,$);
#6421 = CONTEXT_DEPENDENT_SHAPE_REPRESENTATION(#6422,#6424);
#6422 = ( REPRESENTATION_RELATIONSHIP('','',#5120,#10) 
REPRESENTATION_RELATIONSHIP_WITH_TRANSFORMATION(#6423) 
SHAPE_REPRESENTATION_RELATIONSHIP() );
#6423 = ITEM_DEFINED_TRANSFORMATION('','',#11,#83);
#6424 = PRODUCT_DEFINITION_SHAPE('Placement','Placement of an item',
  #6425);
#6425 = NEXT_ASSEMBLY_USAGE_OCCURRENCE('76','','',#5,#6340,$);
#6426 = CONTEXT_DEPENDENT_SHAPE_REPRESENTATION(#6427,#6429);
#6427 = ( REPRESENTATION_RELATIONSHIP('','',#5120,#10) 
REPRESENTATION_RELATIONSHIP_WITH_TRANSFORMATION(#6428) 
SHAPE_REPRESENTATION_RELATIONSHIP() );
#6428 = ITEM_DEFINED_TRANSFORMATION('','',#11,#87);
#6429 = PRODUCT_DEFINITION_SHAPE('Placement','Placement of an item',
  #6430);
#6430 = NEXT_ASSEMBLY_USAGE_OCCURRENCE('77','','',#5,#6340,$);
#6431 = CONTEXT_DEPENDENT_SHAPE_REPRESENTATION(#6432,#6434);
#6432 = ( REPRESENTATION_RELATIONSHIP('','',#5120,#10) 
REPRESENTATION_RELATIONSHIP_WITH_TRANSFORMATION(#6433) 
SHAPE_REPRESENTATION_RELATIONSHIP() );
#6433 = ITEM_DEFINED_TRANSFORMATION('','',#11,#91);
#6434 = PRODUCT_DEFINITION_SHAPE('Placement','Placement of an item',
  #6435);
#6435 = NEXT_ASSEMBLY_USAGE_OCCURRENCE('78','','',#5,#6340,$);
#6436 = CONTEXT_DEPENDENT_SHAPE_REPRESENTATION(#6437,#6439);
#6437 = ( REPRESENTATION_RELATIONSHIP('','',#5120,#10) 
REPRESENTATION_RELATIONSHIP_WITH_TRANSFORMATION(#6438) 
SHAPE_REPRESENTATION_RELATIONSHIP() );
#6438 = ITEM_DEFINED_TRANSFORMATION('','',#11,#95);
#6439 = PRODUCT_DEFINITION_SHAPE('Placement','Placement of an item',
  #6440);
#6440 = NEXT_ASSEMBLY_USAGE_OCCURRENCE('79','','',#5,#6340,$);
#6441 = CONTEXT_DEPENDENT_SHAPE_REPRESENTATION(#6442,#6444);
#6442 = ( REPRESENTATION_RELATIONSHIP('','',#5120,#10) 
REPRESENTATION_RELATIONSHIP_WITH_TRANSFORMATION(#6443) 
SHAPE_REPRESENTATION_RELATIONSHIP() );
#6443 = ITEM_DEFINED_TRANSFORMATION('','',#11,#99);
#6444 = PRODUCT_DEFINITION_SHAPE('Placement','Placement of an item',
  #6445);
#6445 = NEXT_ASSEMBLY_USAGE_OCCURRENCE('80','','',#5,#6340,$);
#6446 = CONTEXT_DEPENDENT_SHAPE_REPRESENTATION(#6447,#6449);
#6447 = ( REPRESENTATION_RELATIONSHIP('','',#5120,#10) 
REPRESENTATION_RELATIONSHIP_WITH_TRANSFORMATION(#6448) 
SHAPE_REPRESENTATION_RELATIONSHIP() );
#6448 = ITEM_DEFINED_TRANSFORMATION('','',#11,#103);
#6449 = PRODUCT_DEFINITION_SHAPE('Placement','Placement of an item',
  #6450);
#6450 = NEXT_ASSEMBLY_USAGE_OCCURRENCE('81','','',#5,#6340,$);
#6451 = CONTEXT_DEPENDENT_SHAPE_REPRESENTATION(#6452,#6454);
#6452 = ( REPRESENTATION_RELATIONSHIP('','',#5120,#10) 
REPRESENTATION_RELATIONSHIP_WITH_TRANSFORMATION(#6453) 
SHAPE_REPRESENTATION_RELATIONSHIP() );
#6453 = ITEM_DEFINED_TRANSFORMATION('','',#11,#107);
#6454 = PRODUCT_DEFINITION_SHAPE('Placement','Placement of an item',
  #6455);
#6455 = NEXT_ASSEMBLY_USAGE_OCCURRENCE('82','','',#5,#6340,$);
#6456 = CONTEXT_DEPENDENT_SHAPE_REPRESENTATION(#6457,#6459);
#6457 = ( REPRESENTATION_RELATIONSHIP('','',#5120,#10) 
REPRESENTATION_RELATIONSHIP_WITH_TRANSFORMATION(#6458) 
SHAPE_REPRESENTATION_RELATIONSHIP() );
#6458 = ITEM_DEFINED_TRANSFORMATION('','',#11,#111);
#6459 = PRODUCT_DEFINITION_SHAPE('Placement','Placement of an item',
  #6460);
#6460 = NEXT_ASSEMBLY_USAGE_OCCURRENCE('83','','',#5,#6340,$);
#6461 = CONTEXT_DEPENDENT_SHAPE_REPRESENTATION(#6462,#6464);
#6462 = ( REPRESENTATION_RELATIONSHIP('','',#5120,#10) 
REPRESENTATION_RELATIONSHIP_WITH_TRANSFORMATION(#6463) 
SHAPE_REPRESENTATION_RELATIONSHIP() );
#6463 = ITEM_DEFINED_TRANSFORMATION('','',#11,#115);
#6464 = PRODUCT_DEFINITION_SHAPE('Placement','Placement of an item',
  #6465);
#6465 = NEXT_ASSEMBLY_USAGE_OCCURRENCE('84','','',#5,#6340,$);
#6466 = CONTEXT_DEPENDENT_SHAPE_REPRESENTATION(#6467,#6469);
#6467 = ( REPRESENTATION_RELATIONSHIP('','',#5120,#10) 
REPRESENTATION_RELATIONSHIP_WITH_TRANSFORMATION(#6468) 
SHAPE_REPRESENTATION_RELATIONSHIP() );
#6468 = ITEM_DEFINED_TRANSFORMATION('','',#11,#119);
#6469 = PRODUCT_DEFINITION_SHAPE('Placement','Placement of an item',
  #6470);
#6470 = NEXT_ASSEMBLY_USAGE_OCCURRENCE('85','','',#5,#6340,$);
#6471 = CONTEXT_DEPENDENT_SHAPE_REPRESENTATION(#6472,#6474);
#6472 = ( REPRESENTATION_RELATIONSHIP('','',#5120,#10) 
REPRESENTATION_RELATIONSHIP_WITH_TRANSFORMATION(#6473) 
SHAPE_REPRESENTATION_RELATIONSHIP() );
#6473 = ITEM_DEFINED_TRANSFORMATION('','',#11,#123);
#6474 = PRODUCT_DEFINITION_SHAPE('Placement','Placement of an item',
  #6475);
#6475 = NEXT_ASSEMBLY_USAGE_OCCURRENCE('86','','',#5,#6340,$);
#6476 = CONTEXT_DEPENDENT_SHAPE_REPRESENTATION(#6477,#6479);
#6477 = ( REPRESENTATION_RELATIONSHIP('','',#5120,#10) 
REPRESENTATION_RELATIONSHIP_WITH_TRANSFORMATION(#6478) 
SHAPE_REPRESENTATION_RELATIONSHIP() );
#6478 = ITEM_DEFINED_TRANSFORMATION('','',#11,#127);
#6479 = PRODUCT_DEFINITION_SHAPE('Placement','Placement of an item',
  #6480);
#6480 = NEXT_ASSEMBLY_USAGE_OCCURRENCE('87','','',#5,#6340,$);
#6481 = CONTEXT_DEPENDENT_SHAPE_REPRESENTATION(#6482,#6484);
#6482 = ( REPRESENTATION_RELATIONSHIP('','',#5120,#10) 
REPRESENTATION_RELATIONSHIP_WITH_TRANSFORMATION(#6483) 
SHAPE_REPRESENTATION_RELATIONSHIP() );
#6483 = ITEM_DEFINED_TRANSFORMATION('','',#11,#131);
#6484 = PRODUCT_DEFINITION_SHAPE('Placement','Placement of an item',
  #6485);
#6485 = NEXT_ASSEMBLY_USAGE_OCCURRENCE('88','','',#5,#6340,$);
#6486 = CONTEXT_DEPENDENT_SHAPE_REPRESENTATION(#6487,#6489);
#6487 = ( REPRESENTATION_RELATIONSHIP('','',#5120,#10) 
REPRESENTATION_RELATIONSHIP_WITH_TRANSFORMATION(#6488) 
SHAPE_REPRESENTATION_RELATIONSHIP() );
#6488 = ITEM_DEFINED_TRANSFORMATION('','',#11,#135);
#6489 = PRODUCT_DEFINITION_SHAPE('Placement','Placement of an item',
  #6490);
#6490 = NEXT_ASSEMBLY_USAGE_OCCURRENCE('89','','',#5,#6340,$);
#6491 = CONTEXT_DEPENDENT_SHAPE_REPRESENTATION(#6492,#6494);
#6492 = ( REPRESENTATION_RELATIONSHIP('','',#5120,#10) 
REPRESENTATION_RELATIONSHIP_WITH_TRANSFORMATION(#6493) 
SHAPE_REPRESENTATION_RELATIONSHIP() );
#6493 = ITEM_DEFINED_TRANSFORMATION('','',#11,#139);
#6494 = PRODUCT_DEFINITION_SHAPE('Placement','Placement of an item',
  #6495);
#6495 = NEXT_ASSEMBLY_USAGE_OCCURRENCE('90','','',#5,#6340,$);
#6496 = CONTEXT_DEPENDENT_SHAPE_REPRESENTATION(#6497,#6499);
#6497 = ( REPRESENTATION_RELATIONSHIP('','',#5120,#10) 
REPRESENTATION_RELATIONSHIP_WITH_TRANSFORMATION(#6498) 
SHAPE_REPRESENTATION_RELATIONSHIP() );
#6498 = ITEM_DEFINED_TRANSFORMATION('','',#11,#143);
#6499 = PRODUCT_DEFINITION_SHAPE('Placement','Placement of an item',
  #6500);
#6500 = NEXT_ASSEMBLY_USAGE_OCCURRENCE('91','','',#5,#6340,$);
#6501 = CONTEXT_DEPENDENT_SHAPE_REPRESENTATION(#6502,#6504);
#6502 = ( REPRESENTATION_RELATIONSHIP('','',#5120,#10) 
REPRESENTATION_RELATIONSHIP_WITH_TRANSFORMATION(#6503) 
SHAPE_REPRESENTATION_RELATIONSHIP() );
#6503 = ITEM_DEFINED_TRANSFORMATION('','',#11,#147);
#6504 = PRODUCT_DEFINITION_SHAPE('Placement','Placement of an item',
  #6505);
#6505 = NEXT_ASSEMBLY_USAGE_OCCURRENCE('92','','',#5,#6340,$);
#6506 = CONTEXT_DEPENDENT_SHAPE_REPRESENTATION(#6507,#6509);
#6507 = ( REPRESENTATION_RELATIONSHIP('','',#5120,#10) 
REPRESENTATION_RELATIONSHIP_WITH_TRANSFORMATION(#6508) 
SHAPE_REPRESENTATION_RELATIONSHIP() );
#6508 = ITEM_DEFINED_TRANSFORMATION('','',#11,#151);
#6509 = PRODUCT_DEFINITION_SHAPE('Placement','Placement of an item',
  #6510);
#6510 = NEXT_ASSEMBLY_USAGE_OCCURRENCE('93','','',#5,#6340,$);
#6511 = CONTEXT_DEPENDENT_SHAPE_REPRESENTATION(#6512,#6514);
#6512 = ( REPRESENTATION_RELATIONSHIP('','',#5120,#10) 
REPRESENTATION_RELATIONSHIP_WITH_TRANSFORMATION(#6513) 
SHAPE_REPRESENTATION_RELATIONSHIP() );
#6513 = ITEM_DEFINED_TRANSFORMATION('','',#11,#155);
#6514 = PRODUCT_DEFINITION_SHAPE('Placement','Placement of an item',
  #6515);
#6515 = NEXT_ASSEMBLY_USAGE_OCCURRENCE('94','','',#5,#6340,$);
#6516 = CONTEXT_DEPENDENT_SHAPE_REPRESENTATION(#6517,#6519);
#6517 = ( REPRESENTATION_RELATIONSHIP('','',#5120,#10) 
REPRESENTATION_RELATIONSHIP_WITH_TRANSFORMATION(#6518) 
SHAPE_REPRESENTATION_RELATIONSHIP() );
#6518 = ITEM_DEFINED_TRANSFORMATION('','',#11,#159);
#6519 = PRODUCT_DEFINITION_SHAPE('Placement','Placement of an item',
  #6520);
#6520 = NEXT_ASSEMBLY_USAGE_OCCURRENCE('95','','',#5,#6340,$);
#6521 = CONTEXT_DEPENDENT_SHAPE_REPRESENTATION(#6522,#6524);
#6522 = ( REPRESENTATION_RELATIONSHIP('','',#5120,#10) 
REPRESENTATION_RELATIONSHIP_WITH_TRANSFORMATION(#6523) 
SHAPE_REPRESENTATION_RELATIONSHIP() );
#6523 = ITEM_DEFINED_TRANSFORMATION('','',#11,#163);
#6524 = PRODUCT_DEFINITION_SHAPE('Placement','Placement of an item',
  #6525);
#6525 = NEXT_ASSEMBLY_USAGE_OCCURRENCE('96','','',#5,#6340,$);
#6526 = CONTEXT_DEPENDENT_SHAPE_REPRESENTATION(#6527,#6529);
#6527 = ( REPRESENTATION_RELATIONSHIP('','',#5120,#10) 
REPRESENTATION_RELATIONSHIP_WITH_TRANSFORMATION(#6528) 
SHAPE_REPRESENTATION_RELATIONSHIP() );
#6528 = ITEM_DEFINED_TRANSFORMATION('','',#11,#167);
#6529 = PRODUCT_DEFINITION_SHAPE('Placement','Placement of an item',
  #6530);
#6530 = NEXT_ASSEMBLY_USAGE_OCCURRENCE('97','','',#5,#6340,$);
#6531 = CONTEXT_DEPENDENT_SHAPE_REPRESENTATION(#6532,#6534);
#6532 = ( REPRESENTATION_RELATIONSHIP('','',#5120,#10) 
REPRESENTATION_RELATIONSHIP_WITH_TRANSFORMATION(#6533) 
SHAPE_REPRESENTATION_RELATIONSHIP() );
#6533 = ITEM_DEFINED_TRANSFORMATION('','',#11,#171);
#6534 = PRODUCT_DEFINITION_SHAPE('Placement','Placement of an item',
  #6535);
#6535 = NEXT_ASSEMBLY_USAGE_OCCURRENCE('98','','',#5,#6340,$);
#6536 = CONTEXT_DEPENDENT_SHAPE_REPRESENTATION(#6537,#6539);
#6537 = ( REPRESENTATION_RELATIONSHIP('','',#5120,#10) 
REPRESENTATION_RELATIONSHIP_WITH_TRANSFORMATION(#6538) 
SHAPE_REPRESENTATION_RELATIONSHIP() );
#6538 = ITEM_DEFINED_TRANSFORMATION('','',#11,#175);
#6539 = PRODUCT_DEFINITION_SHAPE('Placement','Placement of an item',
  #6540);
#6540 = NEXT_ASSEMBLY_USAGE_OCCURRENCE('99','','',#5,#6340,$);
#6541 = CONTEXT_DEPENDENT_SHAPE_REPRESENTATION(#6542,#6544);
#6542 = ( REPRESENTATION_RELATIONSHIP('','',#5120,#10) 
REPRESENTATION_RELATIONSHIP_WITH_TRANSFORMATION(#6543) 
SHAPE_REPRESENTATION_RELATIONSHIP() );
#6543 = ITEM_DEFINED_TRANSFORMATION('','',#11,#179);
#6544 = PRODUCT_DEFINITION_SHAPE('Placement','Placement of an item',
  #6545);
#6545 = NEXT_ASSEMBLY_USAGE_OCCURRENCE('100','','',#5,#6340,$);
#6546 = CONTEXT_DEPENDENT_SHAPE_REPRESENTATION(#6547,#6549);
#6547 = ( REPRESENTATION_RELATIONSHIP('','',#5120,#10) 
REPRESENTATION_RELATIONSHIP_WITH_TRANSFORMATION(#6548) 
SHAPE_REPRESENTATION_RELATIONSHIP() );
#6548 = ITEM_DEFINED_TRANSFORMATION('','',#11,#183);
#6549 = PRODUCT_DEFINITION_SHAPE('Placement','Placement of an item',
  #6550);
#6550 = NEXT_ASSEMBLY_USAGE_OCCURRENCE('101','','',#5,#6340,$);
#6551 = CONTEXT_DEPENDENT_SHAPE_REPRESENTATION(#6552,#6554);
#6552 = ( REPRESENTATION_RELATIONSHIP('','',#5120,#10) 
REPRESENTATION_RELATIONSHIP_WITH_TRANSFORMATION(#6553) 
SHAPE_REPRESENTATION_RELATIONSHIP() );
#6553 = ITEM_DEFINED_TRANSFORMATION('','',#11,#187);
#6554 = PRODUCT_DEFINITION_SHAPE('Placement','Placement of an item',
  #6555);
#6555 = NEXT_ASSEMBLY_USAGE_OCCURRENCE('102','','',#5,#6340,$);
#6556 = CONTEXT_DEPENDENT_SHAPE_REPRESENTATION(#6557,#6559);
#6557 = ( REPRESENTATION_RELATIONSHIP('','',#5120,#10) 
REPRESENTATION_RELATIONSHIP_WITH_TRANSFORMATION(#6558) 
SHAPE_REPRESENTATION_RELATIONSHIP() );
#6558 = ITEM_DEFINED_TRANSFORMATION('','',#11,#191);
#6559 = PRODUCT_DEFINITION_SHAPE('Placement','Placement of an item',
  #6560);
#6560 = NEXT_ASSEMBLY_USAGE_OCCURRENCE('103','','',#5,#6340,$);
#6561 = CONTEXT_DEPENDENT_SHAPE_REPRESENTATION(#6562,#6564);
#6562 = ( REPRESENTATION_RELATIONSHIP('','',#5120,#10) 
REPRESENTATION_RELATIONSHIP_WITH_TRANSFORMATION(#6563) 
SHAPE_REPRESENTATION_RELATIONSHIP() );
#6563 = ITEM_DEFINED_TRANSFORMATION('','',#11,#195);
#6564 = PRODUCT_DEFINITION_SHAPE('Placement','Placement of an item',
  #6565);
#6565 = NEXT_ASSEMBLY_USAGE_OCCURRENCE('104','','',#5,#6340,$);
#6566 = CONTEXT_DEPENDENT_SHAPE_REPRESENTATION(#6567,#6569);
#6567 = ( REPRESENTATION_RELATIONSHIP('','',#5120,#10) 
REPRESENTATION_RELATIONSHIP_WITH_TRANSFORMATION(#6568) 
SHAPE_REPRESENTATION_RELATIONSHIP() );
#6568 = ITEM_DEFINED_TRANSFORMATION('','',#11,#199);
#6569 = PRODUCT_DEFINITION_SHAPE('Placement','Placement of an item',
  #6570);
#6570 = NEXT_ASSEMBLY_USAGE_OCCURRENCE('105','','',#5,#6340,$);
#6571 = CONTEXT_DEPENDENT_SHAPE_REPRESENTATION(#6572,#6574);
#6572 = ( REPRESENTATION_RELATIONSHIP('','',#5120,#10) 
REPRESENTATION_RELATIONSHIP_WITH_TRANSFORMATION(#6573) 
SHAPE_REPRESENTATION_RELATIONSHIP() );
#6573 = ITEM_DEFINED_TRANSFORMATION('','',#11,#203);
#6574 = PRODUCT_DEFINITION_SHAPE('Placement','Placement of an item',
  #6575);
#6575 = NEXT_ASSEMBLY_USAGE_OCCURRENCE('106','','',#5,#6340,$);
#6576 = CONTEXT_DEPENDENT_SHAPE_REPRESENTATION(#6577,#6579);
#6577 = ( REPRESENTATION_RELATIONSHIP('','',#5120,#10) 
REPRESENTATION_RELATIONSHIP_WITH_TRANSFORMATION(#6578) 
SHAPE_REPRESENTATION_RELATIONSHIP() );
#6578 = ITEM_DEFINED_TRANSFORMATION('','',#11,#207);
#6579 = PRODUCT_DEFINITION_SHAPE('Placement','Placement of an item',
  #6580);
#6580 = NEXT_ASSEMBLY_USAGE_OCCURRENCE('107','','',#5,#6340,$);
#6581 = CONTEXT_DEPENDENT_SHAPE_REPRESENTATION(#6582,#6584);
#6582 = ( REPRESENTATION_RELATIONSHIP('','',#5120,#10) 
REPRESENTATION_RELATIONSHIP_WITH_TRANSFORMATION(#6583) 
SHAPE_REPRESENTATION_RELATIONSHIP() );
#6583 = ITEM_DEFINED_TRANSFORMATION('','',#11,#211);
#6584 = PRODUCT_DEFINITION_SHAPE('Placement','Placement of an item',
  #6585);
#6585 = NEXT_ASSEMBLY_USAGE_OCCURRENCE('108','','',#5,#6340,$);
#6586 = CONTEXT_DEPENDENT_SHAPE_REPRESENTATION(#6587,#6589);
#6587 = ( REPRESENTATION_RELATIONSHIP('','',#5120,#10) 
REPRESENTATION_RELATIONSHIP_WITH_TRANSFORMATION(#6588) 
SHAPE_REPRESENTATION_RELATIONSHIP() );
#6588 = ITEM_DEFINED_TRANSFORMATION('','',#11,#215);
#6589 = PRODUCT_DEFINITION_SHAPE('Placement','Placement of an item',
  #6590);
#6590 = NEXT_ASSEMBLY_USAGE_OCCURRENCE('109','','',#5,#6340,$);
#6591 = CONTEXT_DEPENDENT_SHAPE_REPRESENTATION(#6592,#6594);
#6592 = ( REPRESENTATION_RELATIONSHIP('','',#5120,#10) 
REPRESENTATION_RELATIONSHIP_WITH_TRANSFORMATION(#6593) 
SHAPE_REPRESENTATION_RELATIONSHIP() );
#6593 = ITEM_DEFINED_TRANSFORMATION('','',#11,#219);
#6594 = PRODUCT_DEFINITION_SHAPE('Placement','Placement of an item',
  #6595);
#6595 = NEXT_ASSEMBLY_USAGE_OCCURRENCE('110','','',#5,#6340,$);
#6596 = CONTEXT_DEPENDENT_SHAPE_REPRESENTATION(#6597,#6599);
#6597 = ( REPRESENTATION_RELATIONSHIP('','',#5120,#10) 
REPRESENTATION_RELATIONSHIP_WITH_TRANSFORMATION(#6598) 
SHAPE_REPRESENTATION_RELATIONSHIP() );
#6598 = ITEM_DEFINED_TRANSFORMATION('','',#11,#223);
#6599 = PRODUCT_DEFINITION_SHAPE('Placement','Placement of an item',
  #6600);
#6600 = NEXT_ASSEMBLY_USAGE_OCCURRENCE('111','','',#5,#6340,$);
#6601 = CONTEXT_DEPENDENT_SHAPE_REPRESENTATION(#6602,#6604);
#6602 = ( REPRESENTATION_RELATIONSHIP('','',#5120,#10) 
REPRESENTATION_RELATIONSHIP_WITH_TRANSFORMATION(#6603) 
SHAPE_REPRESENTATION_RELATIONSHIP() );
#6603 = ITEM_DEFINED_TRANSFORMATION('','',#11,#227);
#6604 = PRODUCT_DEFINITION_SHAPE('Placement','Placement of an item',
  #6605);
#6605 = NEXT_ASSEMBLY_USAGE_OCCURRENCE('112','','',#5,#6340,$);
#6606 = CONTEXT_DEPENDENT_SHAPE_REPRESENTATION(#6607,#6609);
#6607 = ( REPRESENTATION_RELATIONSHIP('','',#5120,#10) 
REPRESENTATION_RELATIONSHIP_WITH_TRANSFORMATION(#6608) 
SHAPE_REPRESENTATION_RELATIONSHIP() );
#6608 = ITEM_DEFINED_TRANSFORMATION('','',#11,#231);
#6609 = PRODUCT_DEFINITION_SHAPE('Placement','Placement of an item',
  #6610);
#6610 = NEXT_ASSEMBLY_USAGE_OCCURRENCE('113','','',#5,#6340,$);
#6611 = CONTEXT_DEPENDENT_SHAPE_REPRESENTATION(#6612,#6614);
#6612 = ( REPRESENTATION_RELATIONSHIP('','',#5120,#10) 
REPRESENTATION_RELATIONSHIP_WITH_TRANSFORMATION(#6613) 
SHAPE_REPRESENTATION_RELATIONSHIP() );
#6613 = ITEM_DEFINED_TRANSFORMATION('','',#11,#235);
#6614 = PRODUCT_DEFINITION_SHAPE('Placement','Placement of an item',
  #6615);
#6615 = NEXT_ASSEMBLY_USAGE_OCCURRENCE('114','','',#5,#6340,$);
#6616 = MECHANICAL_DESIGN_GEOMETRIC_PRESENTATION_REPRESENTATION('',(
    #6617),#5096);
#6617 = STYLED_ITEM('color',(#6618),#309);
#6618 = PRESENTATION_STYLE_ASSIGNMENT((#6619,#6625));
#6619 = SURFACE_STYLE_USAGE(.BOTH.,#6620);
#6620 = SURFACE_SIDE_STYLE('',(#6621));
#6621 = SURFACE_STYLE_FILL_AREA(#6622);
#6622 = FILL_AREA_STYLE('',(#6623));
#6623 = FILL_AREA_STYLE_COLOUR('',#6624);
#6624 = COLOUR_RGB('',0.199999998682,0.199999998682,0.199999998682);
#6625 = CURVE_STYLE('',#6626,POSITIVE_LENGTH_MEASURE(0.1),#6624);
#6626 = DRAUGHTING_PRE_DEFINED_CURVE_FONT('continuous');
#6627 = MECHANICAL_DESIGN_GEOMETRIC_PRESENTATION_REPRESENTATION('',(
    #6628),#273);
#6628 = STYLED_ITEM('color',(#6629),#248);
#6629 = PRESENTATION_STYLE_ASSIGNMENT((#6630,#6636));
#6630 = SURFACE_STYLE_USAGE(.BOTH.,#6631);
#6631 = SURFACE_SIDE_STYLE('',(#6632));
#6632 = SURFACE_STYLE_FILL_AREA(#6633);
#6633 = FILL_AREA_STYLE('',(#6634));
#6634 = FILL_AREA_STYLE_COLOUR('',#6635);
#6635 = DRAUGHTING_PRE_DEFINED_COLOUR('white');
#6636 = CURVE_STYLE('',#6637,POSITIVE_LENGTH_MEASURE(0.1),#6635);
#6637 = DRAUGHTING_PRE_DEFINED_CURVE_FONT('continuous');
#6638 = MECHANICAL_DESIGN_GEOMETRIC_PRESENTATION_REPRESENTATION('',(
    #6639),#6333);
#6639 = STYLED_ITEM('color',(#6640),#5121);
#6640 = PRESENTATION_STYLE_ASSIGNMENT((#6641,#6647));
#6641 = SURFACE_STYLE_USAGE(.BOTH.,#6642);
#6642 = SURFACE_SIDE_STYLE('',(#6643));
#6643 = SURFACE_STYLE_FILL_AREA(#6644);
#6644 = FILL_AREA_STYLE('',(#6645));
#6645 = FILL_AREA_STYLE_COLOUR('',#6646);
#6646 = COLOUR_RGB('',0.800000010877,0.800000010877,0.800000010877);
#6647 = CURVE_STYLE('',#6648,POSITIVE_LENGTH_MEASURE(0.1),#6646);
#6648 = DRAUGHTING_PRE_DEFINED_CURVE_FONT('continuous');
ENDSEC;
END-ISO-10303-21;
