ISO-10303-21;
HEADER;
FILE_DESCRIPTION (( 'STEP AP214' ),
    '1' );
FILE_NAME ('FTC121065S.step',
    '2026-10-09T15:21:36',
    ( '' ),
    ( '' ),
    'SwSTEP 2.0',
    'SolidWorks 2025',
    '' );
FILE_SCHEMA (( 'AUTOMOTIVE_DESIGN' ));
ENDSEC;

DATA;
#1 = VERTEX_POINT ( 'NONE', #1750 ) ;
#2 = CARTESIAN_POINT ( 'NONE',  ( 1.090031216423598296E-16, 0.4674999999999998601, -0.03250000000000000111 ) ) ;
#3 = LINE ( 'NONE', #809, #2077 ) ;
#4 = ORIENTED_EDGE ( 'NONE', *, *, #345, .F. ) ;
#5 = EDGE_CURVE ( 'NONE', #1366, #528, #1282, .T. ) ;
#6 = CARTESIAN_POINT ( 'NONE',  ( 0.5799999999999997380, 0.4333333333333332926, 0.6175000000000000488 ) ) ;
#7 = FACE_OUTER_BOUND ( 'NONE', #307, .T. ) ;
#8 = DIRECTION ( 'NONE',  ( 0.000000000000000000, 0.7071067811865502373, -0.7071067811865449082 ) ) ;
#9 = CARTESIAN_POINT ( 'NONE',  ( -0.1658333333333333881, 0.4675000000000000266, 0.03250000000000000111 ) ) ;
#10 = ORIENTED_EDGE ( 'NONE', *, *, #1015, .T. ) ;
#11 = LINE ( 'NONE', #1729, #90 ) ;
#12 = EDGE_CURVE ( 'NONE', #987, #1000, #1760, .T. ) ;
#13 = CARTESIAN_POINT ( 'NONE',  ( 0.6000000000000000888, -0.4333333333333334036, 2.168404344971008868E-16 ) ) ;
#14 = ORIENTED_EDGE ( 'NONE', *, *, #1924, .T. ) ;
#15 = PLANE ( 'NONE',  #1475 ) ;
#16 = CARTESIAN_POINT ( 'NONE',  ( -0.5333333333333333259, -0.4333333333333335147, -0.03250000000000000111 ) ) ;
#17 = CONTEXT_DEPENDENT_SHAPE_REPRESENTATION ( #1150, #79 ) ;
#18 = DIRECTION ( 'NONE',  ( 0.7071067811865499042, -7.666467083416895342E-17, -0.7071067811865451302 ) ) ;
#19 = CARTESIAN_POINT ( 'NONE',  ( -0.2016666666666668273, -0.5000000000000001110, -2.168404344971006896E-16 ) ) ;
#20 = ORIENTED_EDGE ( 'NONE', *, *, #890, .T. ) ;
#21 = VECTOR ( 'NONE', #1658, 1000.000000000000000 ) ;
#22 =( NAMED_UNIT ( * ) SI_UNIT ( $, .STERADIAN. ) SOLID_ANGLE_UNIT ( ) );
#23 = LINE ( 'NONE', #1761, #562 ) ;
#24 = VECTOR ( 'NONE', #1175, 1000.000000000000114 ) ;
#25 = DIRECTION ( 'NONE',  ( -1.084202172485504311E-16, -1.000000000000000000, 0.000000000000000000 ) ) ;
#26 = CARTESIAN_POINT ( 'NONE',  ( -0.5333333333333333259, 0.5000000000000000000, -2.168404344971006896E-16 ) ) ;
#27 = ADVANCED_FACE ( 'NONE', ( #1814 ), #862, .F. ) ;
#28 = AXIS2_PLACEMENT_3D ( 'NONE', #1422, #780, #2072 ) ;
#29 = DIRECTION ( 'NONE',  ( -0.000000000000000000, -0.000000000000000000, 1.000000000000000000 ) ) ;
#30 = AXIS2_PLACEMENT_3D ( 'NONE', #303, #2073, #943 ) ;
#31 = UNCERTAINTY_MEASURE_WITH_UNIT (LENGTH_MEASURE( 1.000000000000000082E-05 ), #1056, 'distance_accuracy_value', 'NONE');
#32 = VECTOR ( 'NONE', #343, 1000.000000000000000 ) ;
#33 = DIRECTION ( 'NONE',  ( -0.000000000000000000, 0.000000000000000000, -1.000000000000000000 ) ) ;
#34 = DIRECTION ( 'NONE',  ( 1.000000000000000000, -1.084202172485504434E-16, 0.000000000000000000 ) ) ;
#35 = ORIENTED_EDGE ( 'NONE', *, *, #279, .T. ) ;
#36 = LINE ( 'NONE', #1156, #701 ) ;
#37 = ORIENTED_EDGE ( 'NONE', *, *, #475, .F. ) ;
#38 = DIRECTION ( 'NONE',  ( 0.000000000000000000, -0.000000000000000000, 1.000000000000000000 ) ) ;
#39 = CIRCLE ( 'NONE', #1444, 0.08012860744379253497 ) ;
#40 = DIRECTION ( 'NONE',  ( -0.000000000000000000, -0.000000000000000000, 1.000000000000000000 ) ) ;
#41 = VECTOR ( 'NONE', #340, 1000.000000000000000 ) ;
#42 = EDGE_CURVE ( 'NONE', #471, #120, #1325, .T. ) ;
#43 = DIRECTION ( 'NONE',  ( -2.168404344971008868E-16, 1.000000000000000000, 0.000000000000000000 ) ) ;
#44 = EDGE_CURVE ( 'NONE', #528, #1909, #1256, .T. ) ;
#45 = CARTESIAN_POINT ( 'NONE',  ( 0.2026820271788142003, -0.4909315542392879150, -0.009068445760712050274 ) ) ;
#46 = ORIENTED_EDGE ( 'NONE', *, *, #1914, .T. ) ;
#47 = CARTESIAN_POINT ( 'NONE',  ( -0.5675000000000005596, 0.4333333333333332926, -0.03250000000000000111 ) ) ;
#48 = VERTEX_POINT ( 'NONE', #1620 ) ;
#49 = DIRECTION ( 'NONE',  ( -1.000000000000000000, -0.000000000000000000, -0.000000000000000000 ) ) ;
#50 = CARTESIAN_POINT ( 'NONE',  ( 0.5333333333333333259, -0.4800000000000000933, 0.6175000000000000488 ) ) ;
#51 = CARTESIAN_POINT ( 'NONE',  ( 0.1658333333333332771, 0.4675000000000000266, 0.03250000000000000111 ) ) ;
#52 = ADVANCED_FACE ( 'NONE', ( #691 ), #853, .F. ) ;
#53 = LINE ( 'NONE', #695, #21 ) ;
#54 = ORIENTED_EDGE ( 'NONE', *, *, #1653, .F. ) ;
#55 = FACE_OUTER_BOUND ( 'NONE', #1933, .T. ) ;
#56 = CARTESIAN_POINT ( 'NONE',  ( 0.2016666666666664942, 0.4333333333333333481, -0.03250000000000000111 ) ) ;
#57 = DIRECTION ( 'NONE',  ( -0.000000000000000000, -0.000000000000000000, 1.000000000000000000 ) ) ;
#58 = EDGE_CURVE ( 'NONE', #1414, #284, #1948, .T. ) ;
#59 = VECTOR ( 'NONE', #795, 1000.000000000000000 ) ;
#60 = DIRECTION ( 'NONE',  ( 1.000000000000000000, 0.000000000000000000, 0.000000000000000000 ) ) ;
#61 = EDGE_CURVE ( 'NONE', #394, #676, #662, .T. ) ;
#62 = CIRCLE ( 'NONE', #1668, 0.06666666666666669350 ) ;
#63 = CARTESIAN_POINT ( 'NONE',  ( 0.1596451302535410177, 0.5000000000000000000, 2.494530238993015277E-18 ) ) ;
#64 = ORIENTED_EDGE ( 'NONE', *, *, #1553, .T. ) ;
#65 = VECTOR ( 'NONE', #1916, 1000.000000000000000 ) ;
#66 = ORIENTED_EDGE ( 'NONE', *, *, #1576, .F. ) ;
#67 = CARTESIAN_POINT ( 'NONE',  ( -0.5333333333333331039, -0.5000000000000001110, 0.5974999999999998090 ) ) ;
#68 = CARTESIAN_POINT ( 'NONE',  ( -0.2016666666666668273, -0.5000000000000001110, -2.168404344971006896E-16 ) ) ;
#69 = AXIS2_PLACEMENT_3D ( 'NONE', #446, #1367, #723 ) ;
#70 = EDGE_CURVE ( 'NONE', #1510, #699, #1186, .T. ) ;
#71 = DIRECTION ( 'NONE',  ( 0.000000000000000000, -0.000000000000000000, -1.000000000000000000 ) ) ;
#72 = ORIENTED_EDGE ( 'NONE', *, *, #127, .F. ) ;
#73 = DIRECTION ( 'NONE',  ( -0.7071067811865452413, 0.000000000000000000, 0.7071067811865499042 ) ) ;
#74 = CARTESIAN_POINT ( 'NONE',  ( 0.5999999999999997558, -0.4675000000000001377, -0.03250000000000000111 ) ) ;
#75 = ORIENTED_EDGE ( 'NONE', *, *, #1515, .F. ) ;
#76 = EDGE_CURVE ( 'NONE', #685, #1010, #1336, .T. ) ;
#77 = CARTESIAN_POINT ( 'NONE',  ( -0.2461205673553235329, -0.5000000000000001110, -2.168404344971006896E-16 ) ) ;
#78 = CARTESIAN_POINT ( 'NONE',  ( -0.5333333333333333259, 0.4333333333333332926, 0.000000000000000000 ) ) ;
#79 = PRODUCT_DEFINITION_SHAPE ( 'NONE', 'NONE',  #2085 ) ;
#80 = FILL_AREA_STYLE_COLOUR ( '', #330 ) ;
#81 = VERTEX_POINT ( 'NONE', #991 ) ;
#82 = FACE_OUTER_BOUND ( 'NONE', #639, .T. ) ;
#83 = CARTESIAN_POINT ( 'NONE',  ( -0.5675000000000001155, -0.4333333333333335147, -0.03250000000000000111 ) ) ;
#84 = ADVANCED_FACE ( 'NONE', ( #1981 ), #543, .T. ) ;
#85 = ORIENTED_EDGE ( 'NONE', *, *, #231, .F. ) ;
#86 = DIRECTION ( 'NONE',  ( 0.000000000000000000, -0.000000000000000000, -1.000000000000000000 ) ) ;
#87 = CLOSED_SHELL ( 'NONE', ( #648, #1280, #641, #855, #1843, #1189, #734, #432, #84, #477, #1296, #1369, #2029, #580, #27, #52, #454, #1416, #1715, #1485, #864, #643, #385, #608, #1806, #104, #1213, #1498, #1368, #377, #870, #1111, #282, #797, #2015, #150, #1317, #1935, #134, #911, #1961, #1689, #1205, #1822, #1406, #1177, #141, #777, #743, #1327, #1082, #1997, #277, #1637, #710, #1050, #999, #1003 ) ) ;
#88 = VERTEX_POINT ( 'NONE', #1014 ) ;
#89 = DIRECTION ( 'NONE',  ( -2.168404344971008868E-16, 1.000000000000000000, 0.000000000000000000 ) ) ;
#90 = VECTOR ( 'NONE', #945, 1000.000000000000000 ) ;
#91 = APPLICATION_PROTOCOL_DEFINITION ( 'draft international standard', 'automotive_design', 1998, #1360 ) ;
#92 = CONICAL_SURFACE ( 'NONE', #1031, 0.04666666666666664798, 0.7853981633974422838 ) ;
#93 = EDGE_LOOP ( 'NONE', ( #524, #722, #547, #858 ) ) ;
#94 = LINE ( 'NONE', #346, #461 ) ;
#95 = EDGE_CURVE ( 'NONE', #2047, #1010, #549, .T. ) ;
#96 = DIRECTION ( 'NONE',  ( 0.000000000000000000, -0.000000000000000000, -1.000000000000000000 ) ) ;
#97 = CARTESIAN_POINT ( 'NONE',  ( 0.5333333333333333259, -0.4333333333333334036, 2.168404344971008868E-16 ) ) ;
#98 = ORIENTED_EDGE ( 'NONE', *, *, #1425, .T. ) ;
#99 = DIRECTION ( 'NONE',  ( 1.000000000000000000, 0.000000000000000000, 0.000000000000000000 ) ) ;
#100 = VECTOR ( 'NONE', #2059, 1000.000000000000000 ) ;
#101 = PRODUCT_DEFINITION_SHAPE ( 'NONE', 'NONE',  #895 ) ;
#102 = ORIENTED_EDGE ( 'NONE', *, *, #1196, .F. ) ;
#103 = DIRECTION ( 'NONE',  ( 1.000000000000000000, 0.000000000000000000, 0.000000000000000000 ) ) ;
#104 = ADVANCED_FACE ( 'NONE', ( #1663 ), #186, .F. ) ;
#105 = EDGE_CURVE ( 'NONE', #987, #1069, #256, .T. ) ;
#106 = CARTESIAN_POINT ( 'NONE',  ( 2.068204373490843724E-17, 5.421010862427522170E-17, 0.03250000000000000111 ) ) ;
#107 = ORIENTED_EDGE ( 'NONE', *, *, #1064, .F. ) ;
#108 = CARTESIAN_POINT ( 'NONE',  ( 0.2021758347479037654, 0.4907045501057915593, -0.009295449894208324473 ) ) ;
#109 = DIRECTION ( 'NONE',  ( 0.000000000000000000, 1.000000000000000000, 0.000000000000000000 ) ) ;
#110 = ORIENTED_EDGE ( 'NONE', *, *, #76, .F. ) ;
#111 = PLANE ( 'NONE',  #490 ) ;
#112 = ORIENTED_EDGE ( 'NONE', *, *, #42, .T. ) ;
#113 = DIRECTION ( 'NONE',  ( -1.000000000000000000, 0.000000000000000000, -0.000000000000000000 ) ) ;
#114 = DIRECTION ( 'NONE',  ( 0.000000000000000000, 0.000000000000000000, 1.000000000000000000 ) ) ;
#115 = VERTEX_POINT ( 'NONE', #1346 ) ;
#116 = CARTESIAN_POINT ( 'NONE',  ( -0.5799999999999998490, -1.257674520083184897E-16, 0.6175000000000000488 ) ) ;
#117 = ORIENTED_EDGE ( 'NONE', *, *, #682, .F. ) ;
#118 = APPLICATION_CONTEXT ( 'automotive_design' ) ;
#119 = CARTESIAN_POINT ( 'NONE',  ( -0.1658333333333333881, 0.4333333333333333481, 0.03250000000000000111 ) ) ;
#120 = VERTEX_POINT ( 'NONE', #530 ) ;
#121 = DIRECTION ( 'NONE',  ( -0.000000000000000000, 0.000000000000000000, 1.000000000000000000 ) ) ;
#122 = VECTOR ( 'NONE', #838, 1000.000000000000000 ) ;
#123 = EDGE_CURVE ( 'NONE', #1721, #115, #831, .T. ) ;
#124 = EDGE_LOOP ( 'NONE', ( #1774, #1837, #437, #1233 ) ) ;
#125 = CARTESIAN_POINT ( 'NONE',  ( 0.5333333333333331039, 0.4333333333333333481, -0.03250000000000000111 ) ) ;
#126 = ORIENTED_EDGE ( 'NONE', *, *, #231, .T. ) ;
#127 = EDGE_CURVE ( 'NONE', #1944, #938, #1149, .T. ) ;
#128 = AXIS2_PLACEMENT_3D ( 'NONE', #336, #18, #1457 ) ;
#129 = CARTESIAN_POINT ( 'NONE',  ( 0.1445190296114372552, 0.4333333333333332926, -0.009519029611437324415 ) ) ;
#130 = AXIS2_PLACEMENT_3D ( 'NONE', #1123, #1244, #312 ) ;
#131 = CONICAL_SURFACE ( 'NONE', #395, 0.03416666666666672014, 0.7853981633974445042 ) ;
#132 = ORIENTED_EDGE ( 'NONE', *, *, #105, .F. ) ;
#133 = FACE_OUTER_BOUND ( 'NONE', #1214, .T. ) ;
#134 = ADVANCED_FACE ( 'NONE', ( #1170 ), #525, .T. ) ;
#135 = AXIS2_PLACEMENT_3D ( 'NONE', #544, #878, #1326 ) ;
#136 = ORIENTED_EDGE ( 'NONE', *, *, #161, .T. ) ;
#137 = DIRECTION ( 'NONE',  ( -0.000000000000000000, -0.000000000000000000, 1.000000000000000000 ) ) ;
#138 = ORIENTED_EDGE ( 'NONE', *, *, #215, .F. ) ;
#139 = CARTESIAN_POINT ( 'NONE',  ( -0.5675000000000001155, 0.000000000000000000, -0.03250000000000000111 ) ) ;
#140 = CARTESIAN_POINT ( 'NONE',  ( 0.2016666666666665220, 0.4675000000000000266, -0.03250000000000000111 ) ) ;
#141 = ADVANCED_FACE ( 'NONE', ( #216 ), #556, .T. ) ;
#142 = ORIENTED_EDGE ( 'NONE', *, *, #1152, .T. ) ;
#143 = DIRECTION ( 'NONE',  ( 0.000000000000000000, 0.000000000000000000, -1.000000000000000000 ) ) ;
#144 = PLANE ( 'NONE',  #2053 ) ;
#145 = VERTEX_POINT ( 'NONE', #1644 ) ;
#146 = DIRECTION ( 'NONE',  ( 0.000000000000000000, -0.7071067811865435759, 0.7071067811865513475 ) ) ;
#147 = CARTESIAN_POINT ( 'NONE',  ( -0.2000000000000000666, 0.4333333333333333481, 0.03250000000000000111 ) ) ;
#148 = ORIENTED_EDGE ( 'NONE', *, *, #817, .T. ) ;
#149 = CARTESIAN_POINT ( 'NONE',  ( -0.2016666666666666885, 0.4333333333333332371, -0.03250000000000000111 ) ) ;
#150 = ADVANCED_FACE ( 'NONE', ( #711 ), #111, .T. ) ;
#151 = DIRECTION ( 'NONE',  ( -0.000000000000000000, 0.000000000000000000, 1.000000000000000000 ) ) ;
#152 = EDGE_LOOP ( 'NONE', ( #1057, #381, #2062, #1400 ) ) ;
#153 = CARTESIAN_POINT ( 'NONE',  ( -0.1675000000000001488, -0.4333333333333335702, 0.000000000000000000 ) ) ;
#154 = PRODUCT_RELATED_PRODUCT_CATEGORY ( 'part', '', ( #218 ) ) ;
#155 = DIRECTION ( 'NONE',  ( -1.000000000000000000, 0.000000000000000000, 0.000000000000000000 ) ) ;
#156 = ORIENTED_EDGE ( 'NONE', *, *, #2045, .F. ) ;
#157 = DIRECTION ( 'NONE',  ( 0.000000000000000000, -0.000000000000000000, -1.000000000000000000 ) ) ;
#158 = DIRECTION ( 'NONE',  ( -1.000000000000000000, 0.000000000000000000, 0.000000000000000000 ) ) ;
#159 = ORIENTED_EDGE ( 'NONE', *, *, #1066, .T. ) ;
#160 = AXIS2_PLACEMENT_3D ( 'NONE', #1030, #1539, #1681 ) ;
#161 = EDGE_CURVE ( 'NONE', #493, #650, #254, .T. ) ;
#162 = CARTESIAN_POINT ( 'NONE',  ( -0.5333333333333333259, 0.4674999999999999711, -0.03250000000000000111 ) ) ;
#163 = AXIS2_PLACEMENT_3D ( 'NONE', #177, #1148, #315 ) ;
#164 = CARTESIAN_POINT ( 'NONE',  ( -0.5333333333333333259, -0.4675000000000001932, 0.000000000000000000 ) ) ;
#165 = CIRCLE ( 'NONE', #865, 0.03416666666666666463 ) ;
#166 = VERTEX_POINT ( 'NONE', #742 ) ;
#167 = CARTESIAN_POINT ( 'NONE',  ( -0.1999999999999999556, -0.4675000000000000266, 0.03250000000000000111 ) ) ;
#168 = VECTOR ( 'NONE', #291, 1000.000000000000114 ) ;
#169 = LINE ( 'NONE', #1937, #238 ) ;
#170 = EDGE_CURVE ( 'NONE', #293, #1243, #787, .T. ) ;
#171 = LINE ( 'NONE', #1624, #591 ) ;
#172 = AXIS2_PLACEMENT_3D ( 'NONE', #1354, #406, #60 ) ;
#173 = CARTESIAN_POINT ( 'NONE',  ( -0.2016666666666667995, -0.4675000000000002487, -0.03250000000000000111 ) ) ;
#174 = ORIENTED_EDGE ( 'NONE', *, *, #1887, .T. ) ;
#175 = VECTOR ( 'NONE', #840, 1000.000000000000000 ) ;
#176 = DIRECTION ( 'NONE',  ( 0.000000000000000000, 0.000000000000000000, 1.000000000000000000 ) ) ;
#177 = CARTESIAN_POINT ( 'NONE',  ( 0.1658333333333333881, -0.4333333333333332926, 0.03250000000000000111 ) ) ;
#178 = ORIENTED_EDGE ( 'NONE', *, *, #2004, .F. ) ;
#179 = LINE ( 'NONE', #26, #834 ) ;
#180 = CARTESIAN_POINT ( 'NONE',  ( -0.5333333333333333259, 0.4799999999999999822, 0.6175000000000000488 ) ) ;
#181 = CARTESIAN_POINT ( 'NONE',  ( 0.5999999999999998668, 0.4333333333333332926, 0.5974999999999998090 ) ) ;
#182 = CARTESIAN_POINT ( 'NONE',  ( 0.2086545550631699053, -0.4934989656764336430, -0.006501034323566347480 ) ) ;
#183 = ORIENTED_EDGE ( 'NONE', *, *, #956, .T. ) ;
#184 = CYLINDRICAL_SURFACE ( 'NONE', #1239, 0.06666666666666669350 ) ;
#185 = LINE ( 'NONE', #796, #294 ) ;
#186 = CYLINDRICAL_SURFACE ( 'NONE', #358, 0.03416666666666666463 ) ;
#187 = DIRECTION ( 'NONE',  ( 1.000000000000000000, 0.000000000000000000, 0.000000000000000000 ) ) ;
#188 = CARTESIAN_POINT ( 'NONE',  ( -0.5675000000000001155, 0.000000000000000000, -0.03250000000000000111 ) ) ;
#189 = FACE_OUTER_BOUND ( 'NONE', #1200, .T. ) ;
#190 = LINE ( 'NONE', #212, #1159 ) ;
#191 = ORIENTED_EDGE ( 'NONE', *, *, #1337, .T. ) ;
#192 = CARTESIAN_POINT ( 'NONE',  ( -0.5799999999999999600, 0.4333333333333332926, 0.6175000000000000488 ) ) ;
#193 = ADVANCED_FACE ( 'NONE', ( #1204 ), #1385, .F. ) ;
#194 = ORIENTED_EDGE ( 'NONE', *, *, #1586, .F. ) ;
#195 = PLANE ( 'NONE',  #928 ) ;
#196 = DIRECTION ( 'NONE',  ( 0.000000000000000000, 0.000000000000000000, -1.000000000000000000 ) ) ;
#197 = CARTESIAN_POINT ( 'NONE',  ( 0.1658333333333333881, -0.4675000000000000266, 0.000000000000000000 ) ) ;
#198 = VECTOR ( 'NONE', #49, 1000.000000000000000 ) ;
#199 = DIRECTION ( 'NONE',  ( 0.000000000000000000, -0.000000000000000000, -1.000000000000000000 ) ) ;
#200 = AXIS2_PLACEMENT_3D ( 'NONE', #1851, #1525, #590 ) ;
#201 = CIRCLE ( 'NONE', #130, 0.03416666666666672014 ) ;
#202 = SURFACE_STYLE_FILL_AREA ( #1817 ) ;
#203 = CARTESIAN_POINT ( 'NONE',  ( -0.1862599737268832989, -0.5000000000000001110, -0.001471986861916739150 ) ) ;
#204 = EDGE_LOOP ( 'NONE', ( #516, #592, #1114, #798, #2069, #326, #1628, #441 ) ) ;
#205 = PLANE ( 'NONE',  #804 ) ;
#206 = ORIENTED_EDGE ( 'NONE', *, *, #335, .F. ) ;
#207 = CIRCLE ( 'NONE', #1808, 0.03416666666666666463 ) ;
#208 = DIRECTION ( 'NONE',  ( 0.000000000000000000, -0.000000000000000000, -1.000000000000000000 ) ) ;
#209 = EDGE_CURVE ( 'NONE', #611, #1888, #1665, .T. ) ;
#210 = FACE_OUTER_BOUND ( 'NONE', #124, .T. ) ;
#211 = DIRECTION ( 'NONE',  ( 0.000000000000000000, 1.000000000000000000, 0.000000000000000000 ) ) ;
#212 = CARTESIAN_POINT ( 'NONE',  ( -0.5333333333333331039, -0.4675000000000005818, -0.03250000000000000111 ) ) ;
#213 = ORIENTED_EDGE ( 'NONE', *, *, #846, .F. ) ;
#214 = CARTESIAN_POINT ( 'NONE',  ( -0.2000000000000000666, 0.4675000000000000266, 0.000000000000000000 ) ) ;
#215 = EDGE_CURVE ( 'NONE', #636, #1224, #1355, .T. ) ;
#216 = FACE_OUTER_BOUND ( 'NONE', #1683, .T. ) ;
#217 = LINE ( 'NONE', #1994, #626 ) ;
#218 = PRODUCT ( 'FTC121065S', 'FTC121065S', '', ( #1242 ) ) ;
#219 = FACE_OUTER_BOUND ( 'NONE', #582, .T. ) ;
#220 =( LENGTH_UNIT ( ) NAMED_UNIT ( * ) SI_UNIT ( .MILLI., .METRE. ) );
#221 = CARTESIAN_POINT ( 'NONE',  ( -0.2016666666666666885, 0.4333333333333332371, -0.03250000000000000111 ) ) ;
#222 = VERTEX_POINT ( 'NONE', #1690 ) ;
#223 = FACE_OUTER_BOUND ( 'NONE', #241, .T. ) ;
#224 = ORIENTED_EDGE ( 'NONE', *, *, #1609, .F. ) ;
#225 = CARTESIAN_POINT ( 'NONE',  ( 0.5333333333333329929, -0.4333333333333335147, -0.03250000000000000111 ) ) ;
#226 = CARTESIAN_POINT ( 'NONE',  ( -0.1999999999999999556, -0.4333333333333332926, 0.03250000000000000111 ) ) ;
#227 = DIRECTION ( 'NONE',  ( -0.7071067811865435759, 0.000000000000000000, -0.7071067811865513475 ) ) ;
#228 = AXIS2_PLACEMENT_3D ( 'NONE', #1755, #805, #324 ) ;
#229 = SURFACE_STYLE_USAGE ( .BOTH. , #868 ) ;
#230 = EDGE_LOOP ( 'NONE', ( #1320, #1649, #499, #2026 ) ) ;
#231 = EDGE_CURVE ( 'NONE', #293, #987, #1531, .T. ) ;
#232 = AXIS2_PLACEMENT_3D ( 'NONE', #799, #1465, #1118 ) ;
#233 = LINE ( 'NONE', #2030, #876 ) ;
#234 = FACE_OUTER_BOUND ( 'NONE', #1048, .T. ) ;
#235 = VERTEX_POINT ( 'NONE', #1868 ) ;
#236 = CARTESIAN_POINT ( 'NONE',  ( -0.2086545550645893810, -0.4934989656770435440, -0.006501034322956828100 ) ) ;
#237 = DIRECTION ( 'NONE',  ( -0.000000000000000000, -0.000000000000000000, 1.000000000000000000 ) ) ;
#238 = VECTOR ( 'NONE', #1143, 1000.000000000000000 ) ;
#239 = AXIS2_PLACEMENT_3D ( 'NONE', #1989, #1059, #2009 ) ;
#240 = FACE_OUTER_BOUND ( 'NONE', #1757, .T. ) ;
#241 = EDGE_LOOP ( 'NONE', ( #460, #1028, #1264, #1344 ) ) ;
#242 = CARTESIAN_POINT ( 'NONE',  ( -0.2016666666666666885, 0.4674999999999999156, -0.03250000000000000111 ) ) ;
#243 = CARTESIAN_POINT ( 'NONE',  ( 0.000000000000000000, -0.4675000000000005818, -0.03250000000000000111 ) ) ;
#244 = ORIENTED_EDGE ( 'NONE', *, *, #1240, .F. ) ;
#245 = DIRECTION ( 'NONE',  ( 1.000000000000000000, 0.000000000000000000, 0.000000000000000000 ) ) ;
#246 = ORIENTED_EDGE ( 'NONE', *, *, #2032, .F. ) ;
#247 = LINE ( 'NONE', #600, #1306 ) ;
#248 = EDGE_CURVE ( 'NONE', #585, #1451, #1062, .T. ) ;
#249 = VERTEX_POINT ( 'NONE', #577 ) ;
#250 = CARTESIAN_POINT ( 'NONE',  ( 0.2170733596064506055, -0.5000000000000001110, -0.001471986861916419528 ) ) ;
#251 = DIRECTION ( 'NONE',  ( -1.000000000000000000, 1.084202172485504311E-16, 0.000000000000000000 ) ) ;
#252 = VERTEX_POINT ( 'NONE', #414 ) ;
#253 = EDGE_CURVE ( 'NONE', #924, #750, #1522, .T. ) ;
#254 = LINE ( 'NONE', #1043, #1693 ) ;
#255 = EDGE_CURVE ( 'NONE', #1402, #1000, #558, .T. ) ;
#256 = CIRCLE ( 'NONE', #859, 0.03250000000000000111 ) ;
#257 = ORIENTED_EDGE ( 'NONE', *, *, #105, .T. ) ;
#258 = CARTESIAN_POINT ( 'NONE',  ( -0.1215380592228741535, 0.4333333333333332926, 0.000000000000000000 ) ) ;
#259 = ITEM_DEFINED_TRANSFORMATION ( 'NONE', 'NONE', #1732,  #1797 ) ;
#260 = AXIS2_PLACEMENT_3D ( 'NONE', #329, #937, #1607 ) ;
#261 = ORIENTED_EDGE ( 'NONE', *, *, #1521, .F. ) ;
#262 = UNCERTAINTY_MEASURE_WITH_UNIT (LENGTH_MEASURE( 1.000000000000000082E-05 ), #737, 'distance_accuracy_value', 'NONE');
#263 = AXIS2_PLACEMENT_3D ( 'NONE', #1962, #1996, #386 ) ;
#264 = CARTESIAN_POINT ( 'NONE',  ( -0.5799999999999997380, -0.4333333333333334036, 0.6175000000000000488 ) ) ;
#265 = CARTESIAN_POINT ( 'NONE',  ( 0.2016666666666665220, 0.4333333333333332926, -0.03249999999999997335 ) ) ;
#266 = EDGE_LOOP ( 'NONE', ( #1241, #66, #1247, #917, #1061 ) ) ;
#267 = VECTOR ( 'NONE', #717, 1000.000000000000000 ) ;
#268 = DIRECTION ( 'NONE',  ( -1.000000000000000000, -0.000000000000000000, -0.000000000000000000 ) ) ;
#269 = ORIENTED_EDGE ( 'NONE', *, *, #1493, .T. ) ;
#270 = CIRCLE ( 'NONE', #402, 0.03416666666666672014 ) ;
#271 = LINE ( 'NONE', #589, #761 ) ;
#272 = AXIS2_PLACEMENT_3D ( 'NONE', #778, #2068, #334 ) ;
#273 = ORIENTED_EDGE ( 'NONE', *, *, #1066, .F. ) ;
#274 = CARTESIAN_POINT ( 'NONE',  ( 0.1951532948619234265, -0.5000000000000001110, -0.003008168962808777450 ) ) ;
#275 = CARTESIAN_POINT ( 'NONE',  ( 0.5999999999999997558, -0.4675000000000001377, -0.03250000000000000111 ) ) ;
#276 = ORIENTED_EDGE ( 'NONE', *, *, #1249, .F. ) ;
#277 = ADVANCED_FACE ( 'NONE', ( #2034 ), #960, .F. ) ;
#278 = CARTESIAN_POINT ( 'NONE',  ( -0.2021758347479041262, -0.4907045501057920034, -0.009295449894208399066 ) ) ;
#279 = EDGE_CURVE ( 'NONE', #88, #1744, #1258, .T. ) ;
#280 = ORIENTED_EDGE ( 'NONE', *, *, #1957, .F. ) ;
#281 = CYLINDRICAL_SURFACE ( 'NONE', #1237, 0.03250000000000000111 ) ;
#282 = ADVANCED_FACE ( 'NONE', ( #2025 ), #586, .T. ) ;
#283 = CARTESIAN_POINT ( 'NONE',  ( -0.3675000000000001599, 0.000000000000000000, -3.388131789017201356E-18 ) ) ;
#284 = VERTEX_POINT ( 'NONE', #1877 ) ;
#285 = CARTESIAN_POINT ( 'NONE',  ( -0.1675000000000001488, -0.4333333333333335702, 0.000000000000000000 ) ) ;
#286 = EDGE_LOOP ( 'NONE', ( #670, #467, #1075, #1711 ) ) ;
#287 = DIRECTION ( 'NONE',  ( 0.000000000000000000, -0.000000000000000000, 1.000000000000000000 ) ) ;
#288 = EDGE_LOOP ( 'NONE', ( #2021, #35, #448, #1353, #922, #1193, #1964, #14 ) ) ;
#289 = LINE ( 'NONE', #736, #299 ) ;
#290 = VERTEX_POINT ( 'NONE', #1215 ) ;
#291 = DIRECTION ( 'NONE',  ( 0.7071067811865435759, 0.000000000000000000, 0.7071067811865513475 ) ) ;
#292 = EDGE_CURVE ( 'NONE', #1569, #284, #1550, .T. ) ;
#293 = VERTEX_POINT ( 'NONE', #808 ) ;
#294 = VECTOR ( 'NONE', #306, 1000.000000000000114 ) ;
#295 = FACE_OUTER_BOUND ( 'NONE', #790, .T. ) ;
#296 = STYLED_ITEM ( 'NONE', ( #2006 ), #1640 ) ;
#297 = AXIS2_PLACEMENT_3D ( 'NONE', #1519, #740, #567 ) ;
#298 = DIRECTION ( 'NONE',  ( 0.000000000000000000, 0.000000000000000000, -1.000000000000000000 ) ) ;
#299 = VECTOR ( 'NONE', #1068, 1000.000000000000000 ) ;
#300 = ORIENTED_EDGE ( 'NONE', *, *, #1182, .T. ) ;
#301 = CARTESIAN_POINT ( 'NONE',  ( 0.1215380592228744033, 0.4333333333333332926, 0.000000000000000000 ) ) ;
#302 = EDGE_CURVE ( 'NONE', #1944, #1380, #1595, .T. ) ;
#303 = CARTESIAN_POINT ( 'NONE',  ( -0.5333333333333331039, -0.4333333333333334036, 0.6175000000000000488 ) ) ;
#304 = ORIENTED_EDGE ( 'NONE', *, *, #1438, .T. ) ;
#305 = SURFACE_STYLE_USAGE ( .BOTH. , #1738 ) ;
#306 = DIRECTION ( 'NONE',  ( -0.7071067811865451302, 0.000000000000000000, -0.7071067811865499042 ) ) ;
#307 = EDGE_LOOP ( 'NONE', ( #257, #1713, #1203, #418, #897 ) ) ;
#308 = CARTESIAN_POINT ( 'NONE',  ( 0.1215380592228742507, -0.4333333333333334036, 0.000000000000000000 ) ) ;
#309 = CARTESIAN_POINT ( 'NONE',  ( 0.5333333333333331039, 0.4333333333333332926, 0.5974999999999998090 ) ) ;
#310 = ORIENTED_EDGE ( 'NONE', *, *, #846, .T. ) ;
#311 = CARTESIAN_POINT ( 'NONE',  ( -0.1658333333333332771, -0.4675000000000000266, 0.03250000000000000111 ) ) ;
#312 = DIRECTION ( 'NONE',  ( -1.000000000000000000, 0.000000000000000000, 0.000000000000000000 ) ) ;
#313 = ORIENTED_EDGE ( 'NONE', *, *, #1583, .T. ) ;
#314 = DIRECTION ( 'NONE',  ( 0.000000000000000000, 0.000000000000000000, -1.000000000000000000 ) ) ;
#315 = DIRECTION ( 'NONE',  ( -1.000000000000000000, 0.000000000000000000, 0.000000000000000000 ) ) ;
#316 = EDGE_CURVE ( 'NONE', #1846, #1833, #2005, .T. ) ;
#317 = CARTESIAN_POINT ( 'NONE',  ( 0.1674999999999998157, 0.4333333333333333481, 0.000000000000000000 ) ) ;
#318 = DIRECTION ( 'NONE',  ( -1.000000000000000000, 0.000000000000000000, -0.000000000000000000 ) ) ;
#319 = EDGE_CURVE ( 'NONE', #685, #1052, #1885, .T. ) ;
#320 = DIRECTION ( 'NONE',  ( 0.000000000000000000, 0.000000000000000000, -1.000000000000000000 ) ) ;
#321 = CONTEXT_DEPENDENT_SHAPE_REPRESENTATION ( #1858, #1216 ) ;
#322 = ORIENTED_EDGE ( 'NONE', *, *, #1305, .T. ) ;
#323 = PRODUCT_DEFINITION_CONTEXT ( 'detailed design', #118, 'design' ) ;
#324 = DIRECTION ( 'NONE',  ( 1.000000000000000000, 0.000000000000000000, 0.000000000000000000 ) ) ;
#325 = CARTESIAN_POINT ( 'NONE',  ( -0.2461205673508208569, 0.5000000000000000000, -2.168404344971006896E-16 ) ) ;
#326 = ORIENTED_EDGE ( 'NONE', *, *, #248, .T. ) ;
#327 = CARTESIAN_POINT ( 'NONE',  ( -0.5333333333333333259, 0.4333333333333332926, -2.168404344971008868E-16 ) ) ;
#328 = CONICAL_SURFACE ( 'NONE', #1195, 0.03416666666666715035, 0.7853981633974445042 ) ;
#329 = CARTESIAN_POINT ( 'NONE',  ( -0.5333333333333333259, 0.4333333333333332926, -0.03249999999999997335 ) ) ;
#330 = COLOUR_RGB ( '',0.2509803921568627416, 0.2509803921568627416, 0.2509803921568627416 ) ;
#331 = ORIENTED_EDGE ( 'NONE', *, *, #947, .T. ) ;
#332 = VECTOR ( 'NONE', #712, 1000.000000000000000 ) ;
#333 = LINE ( 'NONE', #1751, #1035 ) ;
#334 = DIRECTION ( 'NONE',  ( -2.168404344971008868E-16, 1.000000000000000000, 0.000000000000000000 ) ) ;
#335 = EDGE_CURVE ( 'NONE', #1010, #1871, #1720, .T. ) ;
#336 = CARTESIAN_POINT ( 'NONE',  ( -0.1674999999999996214, 1.816038638913215613E-17, -0.03250000000000000111 ) ) ;
#337 = AXIS2_PLACEMENT_3D ( 'NONE', #1923, #1131, #1766 ) ;
#338 = LINE ( 'NONE', #19, #24 ) ;
#339 = VERTEX_POINT ( 'NONE', #1748 ) ;
#340 = DIRECTION ( 'NONE',  ( 1.000000000000000000, 0.000000000000000000, 0.000000000000000000 ) ) ;
#341 = SURFACE_STYLE_USAGE ( .BOTH. , #1772 ) ;
#342 = ORIENTED_EDGE ( 'NONE', *, *, #123, .T. ) ;
#343 = DIRECTION ( 'NONE',  ( 1.000000000000000000, 0.000000000000000000, 0.000000000000000000 ) ) ;
#344 = FACE_OUTER_BOUND ( 'NONE', #1019, .T. ) ;
#345 = EDGE_CURVE ( 'NONE', #120, #611, #605, .T. ) ;
#346 = CARTESIAN_POINT ( 'NONE',  ( 0.5333333333333331039, 0.5000000000000000000, 0.6175000000000000488 ) ) ;
#347 = CARTESIAN_POINT ( 'NONE',  ( 0.2287207313045350465, -0.4989093336954410485, -0.001090666304558947841 ) ) ;
#348 = ORIENTED_EDGE ( 'NONE', *, *, #351, .F. ) ;
#349 = DIRECTION ( 'NONE',  ( 0.000000000000000000, 1.000000000000000000, 0.000000000000000000 ) ) ;
#350 = DIRECTION ( 'NONE',  ( -1.084202172485504311E-16, -1.000000000000000000, 0.000000000000000000 ) ) ;
#351 = EDGE_CURVE ( 'NONE', #1377, #1010, #995, .T. ) ;
#352 = VECTOR ( 'NONE', #1269, 1000.000000000000000 ) ;
#353 = CARTESIAN_POINT ( 'NONE',  ( -0.1658333333333333881, 0.4675000000000000266, 0.000000000000000000 ) ) ;
#354 = VECTOR ( 'NONE', #1105, 1000.000000000000000 ) ;
#355 = FACE_OUTER_BOUND ( 'NONE', #775, .T. ) ;
#356 = CARTESIAN_POINT ( 'NONE',  ( 0.6000000000000000888, -0.4333333333333334036, 0.6175000000000000488 ) ) ;
#357 = VERTEX_POINT ( 'NONE', #476 ) ;
#358 = AXIS2_PLACEMENT_3D ( 'NONE', #1970, #196, #819 ) ;
#359 = LINE ( 'NONE', #517, #404 ) ;
#360 = ADVANCED_FACE ( 'NONE', ( #1452 ), #1592, .F. ) ;
#361 = VERTEX_POINT ( 'NONE', #1092 ) ;
#362 = CARTESIAN_POINT ( 'NONE',  ( 0.1999999999999999556, 0.4675000000000000266, 0.03250000000000000111 ) ) ;
#363 = APPLICATION_CONTEXT ( 'automotive_design' ) ;
#364 = DIRECTION ( 'NONE',  ( 0.000000000000000000, 0.000000000000000000, 1.000000000000000000 ) ) ;
#365 = DIRECTION ( 'NONE',  ( 1.000000000000000000, 0.000000000000000000, 0.000000000000000000 ) ) ;
#366 = CARTESIAN_POINT ( 'NONE',  ( -0.1658333333333332771, -0.4333333333333333481, 0.03250000000000000111 ) ) ;
#367 = DIRECTION ( 'NONE',  ( 1.000000000000000000, 0.000000000000000000, 0.000000000000000000 ) ) ;
#368 = DIRECTION ( 'NONE',  ( -0.000000000000000000, -0.000000000000000000, 1.000000000000000000 ) ) ;
#369 = EDGE_LOOP ( 'NONE', ( #126, #1913, #1497, #829, #1436, #540, #1396, #815 ) ) ;
#370 = EDGE_CURVE ( 'NONE', #1532, #394, #11, .T. ) ;
#371 = CARTESIAN_POINT ( 'NONE',  ( -0.1675000000000000377, 0.4333333333333332371, 0.000000000000000000 ) ) ;
#372 = ORIENTED_EDGE ( 'NONE', *, *, #302, .F. ) ;
#373 = CARTESIAN_POINT ( 'NONE',  ( 0.5674999999999998934, 0.4333333333333333481, -0.03250000000000000111 ) ) ;
#374 = AXIS2_PLACEMENT_3D ( 'NONE', #416, #1714, #1524 ) ;
#375 = CARTESIAN_POINT ( 'NONE',  ( 1.090031216423598296E-16, 0.4674999999999998601, -0.03250000000000000111 ) ) ;
#376 = DIRECTION ( 'NONE',  ( -0.000000000000000000, 0.000000000000000000, 1.000000000000000000 ) ) ;
#377 = ADVANCED_FACE ( 'NONE', ( #295 ), #1063, .T. ) ;
#378 = CARTESIAN_POINT ( 'NONE',  ( -0.1645064358329163534, -0.5000000000000001110, -0.0002234810227804423380 ) ) ;
#379 = ORIENTED_EDGE ( 'NONE', *, *, #1602, .T. ) ;
#380 = DIRECTION ( 'NONE',  ( -0.7071067811865449082, 0.000000000000000000, 0.7071067811865502373 ) ) ;
#381 = ORIENTED_EDGE ( 'NONE', *, *, #976, .T. ) ;
#382 = DIRECTION ( 'NONE',  ( 1.000000000000000000, 0.000000000000000000, 0.000000000000000000 ) ) ;
#383 = PRODUCT ( 'body_\X2\9ed88ba4\X0\', 'body_\X2\9ed88ba4\X0\', '', ( #725 ) ) ;
#384 = CYLINDRICAL_SURFACE ( 'NONE', #668, 0.03416666666666672014 ) ;
#385 = ADVANCED_FACE ( 'NONE', ( #1279 ), #923, .F. ) ;
#386 = DIRECTION ( 'NONE',  ( 1.000000000000000000, 0.000000000000000000, 0.000000000000000000 ) ) ;
#387 = VERTEX_POINT ( 'NONE', #129 ) ;
#388 = CARTESIAN_POINT ( 'NONE',  ( 0.2287207313092835814, 0.4989093336962054925, -0.001090666303794379528 ) ) ;
#389 = ORIENTED_EDGE ( 'NONE', *, *, #1752, .F. ) ;
#390 = VECTOR ( 'NONE', #519, 1000.000000000000000 ) ;
#391 = CARTESIAN_POINT ( 'NONE',  ( 0.1999999999999999556, 0.4675000000000000266, 0.000000000000000000 ) ) ;
#392 = CARTESIAN_POINT ( 'NONE',  ( -0.2461205673508208569, 0.5000000000000000000, -2.168404344971006896E-16 ) ) ;
#393 = CIRCLE ( 'NONE', #463, 0.03250000000000000111 ) ;
#394 = VERTEX_POINT ( 'NONE', #162 ) ;
#395 = AXIS2_PLACEMENT_3D ( 'NONE', #949, #1095, #1731 ) ;
#396 = DIRECTION ( 'NONE',  ( 0.000000000000000000, -0.000000000000000000, -1.000000000000000000 ) ) ;
#397 = APPLICATION_CONTEXT ( 'automotive_design' ) ;
#398 = PRODUCT_DEFINITION_SHAPE ( 'NONE', 'NONE',  #2084 ) ;
#399 = CARTESIAN_POINT ( 'NONE',  ( 0.5333333333333333259, -0.4800000000000000933, 0.6175000000000000488 ) ) ;
#400 = EDGE_LOOP ( 'NONE', ( #1852, #1901, #1072, #2058, #2038 ) ) ;
#401 = DIRECTION ( 'NONE',  ( 1.084202172485504311E-16, 1.000000000000000000, -0.000000000000000000 ) ) ;
#402 = AXIS2_PLACEMENT_3D ( 'NONE', #16, #29, #155 ) ;
#403 = EDGE_CURVE ( 'NONE', #235, #2060, #1288, .T. ) ;
#404 = VECTOR ( 'NONE', #1782, 1000.000000000000000 ) ;
#405 = ORIENTED_EDGE ( 'NONE', *, *, #1677, .F. ) ;
#406 = DIRECTION ( 'NONE',  ( -0.000000000000000000, 0.000000000000000000, 1.000000000000000000 ) ) ;
#407 = DIRECTION ( 'NONE',  ( 0.000000000000000000, 0.000000000000000000, 1.000000000000000000 ) ) ;
#408 = ORIENTED_EDGE ( 'NONE', *, *, #1425, .F. ) ;
#409 = EDGE_CURVE ( 'NONE', #235, #1730, #783, .T. ) ;
#410 = DIRECTION ( 'NONE',  ( 0.000000000000000000, -1.000000000000000000, 0.000000000000000000 ) ) ;
#411 = DIRECTION ( 'NONE',  ( -1.084202172485504311E-16, -1.000000000000000000, 0.000000000000000000 ) ) ;
#412 = EDGE_CURVE ( 'NONE', #568, #1871, #1426, .T. ) ;
#413 = ORIENTED_EDGE ( 'NONE', *, *, #1627, .T. ) ;
#414 = CARTESIAN_POINT ( 'NONE',  ( 0.1674999999999997047, -0.4333333333333335147, -0.03250000000000000111 ) ) ;
#415 = EDGE_LOOP ( 'NONE', ( #1411, #206, #1670, #1688 ) ) ;
#416 = CARTESIAN_POINT ( 'NONE',  ( -0.2016666666666668273, -0.4333333333333334036, -0.009519029611437286251 ) ) ;
#417 = SHAPE_DEFINITION_REPRESENTATION ( #101, #553 ) ;
#418 = ORIENTED_EDGE ( 'NONE', *, *, #749, .F. ) ;
#419 = CYLINDRICAL_SURFACE ( 'NONE', #767, 0.03416666666666666463 ) ;
#420 = DIRECTION ( 'NONE',  ( -0.7071067811865513475, -1.533293416683382273E-16, 0.7071067811865436870 ) ) ;
#421 = VERTEX_POINT ( 'NONE', #2063 ) ;
#422 = DIRECTION ( 'NONE',  ( 2.168404344971008868E-16, -1.000000000000000000, 0.000000000000000000 ) ) ;
#423 = ORIENTED_EDGE ( 'NONE', *, *, #817, .F. ) ;
#424 = DIRECTION ( 'NONE',  ( 0.000000000000000000, 0.000000000000000000, -1.000000000000000000 ) ) ;
#425 = VECTOR ( 'NONE', #772, 1000.000000000000114 ) ;
#426 = SURFACE_SIDE_STYLE ('',( #899 ) ) ;
#427 = VECTOR ( 'NONE', #510, 1000.000000000000000 ) ;
#428 = ORIENTED_EDGE ( 'NONE', *, *, #1461, .F. ) ;
#429 = UNCERTAINTY_MEASURE_WITH_UNIT (LENGTH_MEASURE( 1.000000000000000082E-05 ), #1985, 'distance_accuracy_value', 'NONE');
#430 = CARTESIAN_POINT ( 'NONE',  ( 0.1999999999999999556, 0.4333333333333333481, 0.03250000000000000111 ) ) ;
#431 = CARTESIAN_POINT ( 'NONE',  ( 0.1572127659780105102, 0.5000000000000000000, 0.000000000000000000 ) ) ;
#432 = ADVANCED_FACE ( 'NONE', ( #444 ), #2056, .T. ) ;
#433 = EDGE_LOOP ( 'NONE', ( #1356, #46, #1430, #1727 ) ) ;
#434 = CIRCLE ( 'NONE', #1504, 0.03250000000000000111 ) ;
#435 = DIRECTION ( 'NONE',  ( -0.000000000000000000, 0.000000000000000000, 1.000000000000000000 ) ) ;
#436 = MANIFOLD_SOLID_BREP ( '\X2\570689d2\X0\1', #2071 ) ;
#437 = ORIENTED_EDGE ( 'NONE', *, *, #550, .F. ) ;
#438 = FACE_OUTER_BOUND ( 'NONE', #443, .T. ) ;
#439 = AXIS2_PLACEMENT_3D ( 'NONE', #2022, #410, #1373 ) ;
#440 = SHAPE_REPRESENTATION_RELATIONSHIP ( 'NONE' , 'NONE' ,  #1839, #1556 ) ;
#441 = ORIENTED_EDGE ( 'NONE', *, *, #803, .T. ) ;
#442 = FACE_OUTER_BOUND ( 'NONE', #1045, .T. ) ;
#443 = EDGE_LOOP ( 'NONE', ( #875, #614, #1470, #735 ) ) ;
#444 = FACE_OUTER_BOUND ( 'NONE', #1110, .T. ) ;
#445 = EDGE_LOOP ( 'NONE', ( #810, #1323, #1719, #1534 ) ) ;
#446 = CARTESIAN_POINT ( 'NONE',  ( 0.2016666666666663832, -0.4333333333333334036, -0.03250000000000000111 ) ) ;
#447 = EDGE_CURVE ( 'NONE', #747, #1721, #612, .T. ) ;
#448 = ORIENTED_EDGE ( 'NONE', *, *, #1666, .T. ) ;
#449 = CYLINDRICAL_SURFACE ( 'NONE', #535, 0.06666666666666669350 ) ;
#450 = ORIENTED_EDGE ( 'NONE', *, *, #621, .F. ) ;
#451 = CARTESIAN_POINT ( 'NONE',  ( 0.000000000000000000, 0.000000000000000000, 0.000000000000000000 ) ) ;
#452 = ORIENTED_EDGE ( 'NONE', *, *, #495, .T. ) ;
#453 = CARTESIAN_POINT ( 'NONE',  ( -0.1445190296114370054, 0.4333333333333332926, -0.009519029611437281047 ) ) ;
#454 = ADVANCED_FACE ( 'NONE', ( #55 ), #184, .T. ) ;
#455 = AXIS2_PLACEMENT_3D ( 'NONE', #488, #1127, #1762 ) ;
#456 = AXIS2_PLACEMENT_3D ( 'NONE', #569, #1053, #1712 ) ;
#457 = EDGE_LOOP ( 'NONE', ( #408, #1155, #718, #882 ) ) ;
#458 = VECTOR ( 'NONE', #985, 1000.000000000000000 ) ;
#459 = DIRECTION ( 'NONE',  ( -1.000000000000000000, 2.331617575237644400E-16, 0.000000000000000000 ) ) ;
#460 = ORIENTED_EDGE ( 'NONE', *, *, #1870, .F. ) ;
#461 = VECTOR ( 'NONE', #472, 1000.000000000000000 ) ;
#462 = CARTESIAN_POINT ( 'NONE',  ( -0.5675000000000003375, -0.4333333333333334036, -0.03250000000000000111 ) ) ;
#463 = AXIS2_PLACEMENT_3D ( 'NONE', #705, #211, #1516 ) ;
#464 = VECTOR ( 'NONE', #137, 1000.000000000000000 ) ;
#465 = LINE ( 'NONE', #1428, #354 ) ;
#466 = CIRCLE ( 'NONE', #232, 0.04666666666666664798 ) ;
#467 = ORIENTED_EDGE ( 'NONE', *, *, #1478, .T. ) ;
#468 = EDGE_CURVE ( 'NONE', #938, #760, #860, .T. ) ;
#469 = DIRECTION ( 'NONE',  ( 0.000000000000000000, -0.000000000000000000, -1.000000000000000000 ) ) ;
#470 = DIRECTION ( 'NONE',  ( -0.000000000000000000, 0.000000000000000000, 1.000000000000000000 ) ) ;
#471 = VERTEX_POINT ( 'NONE', #1300 ) ;
#472 = DIRECTION ( 'NONE',  ( 0.000000000000000000, 0.000000000000000000, -1.000000000000000000 ) ) ;
#473 = CYLINDRICAL_SURFACE ( 'NONE', #30, 0.06666666666666669350 ) ;
#474 = ORIENTED_EDGE ( 'NONE', *, *, #724, .T. ) ;
#475 = EDGE_CURVE ( 'NONE', #887, #636, #359, .T. ) ;
#476 = CARTESIAN_POINT ( 'NONE',  ( 0.5799999999999997380, 0.4333333333333332926, 0.6175000000000000488 ) ) ;
#477 = ADVANCED_FACE ( 'NONE', ( #1929 ), #205, .T. ) ;
#478 = LINE ( 'NONE', #773, #427 ) ;
#479 = EDGE_LOOP ( 'NONE', ( #962, #578, #132, #85 ) ) ;
#480 = DIRECTION ( 'NONE',  ( 0.000000000000000000, 0.000000000000000000, 1.000000000000000000 ) ) ;
#481 = PLANE ( 'NONE',  #908 ) ;
#482 = ORIENTED_EDGE ( 'NONE', *, *, #1553, .F. ) ;
#483 = CARTESIAN_POINT ( 'NONE',  ( -0.2016666666666667995, -0.4333333333333335702, 0.000000000000000000 ) ) ;
#484 = LINE ( 'NONE', #921, #464 ) ;
#485 = EDGE_LOOP ( 'NONE', ( #1543, #1588, #174, #1596 ) ) ;
#486 = CARTESIAN_POINT ( 'NONE',  ( 0.5333333333333333259, -0.4333333333333334036, 0.5974999999999998090 ) ) ;
#487 = DIRECTION ( 'NONE',  ( -0.000000000000000000, 0.000000000000000000, 1.000000000000000000 ) ) ;
#488 = CARTESIAN_POINT ( 'NONE',  ( -0.2016666666666666885, 0.4333333333333332926, 0.000000000000000000 ) ) ;
#489 = DIRECTION ( 'NONE',  ( -1.000000000000000000, 0.000000000000000000, 0.000000000000000000 ) ) ;
#490 = AXIS2_PLACEMENT_3D ( 'NONE', #1835, #2001, #422 ) ;
#491 = LINE ( 'NONE', #181, #1499 ) ;
#492 = LINE ( 'NONE', #9, #1365 ) ;
#493 = VERTEX_POINT ( 'NONE', #192 ) ;
#494 = CARTESIAN_POINT ( 'NONE',  ( 0.5333333333333329929, -0.4333333333333335147, -0.03250000000000000111 ) ) ;
#495 = EDGE_CURVE ( 'NONE', #1052, #120, #1509, .T. ) ;
#496 = AXIS2_PLACEMENT_3D ( 'NONE', #1257, #487, #1894 ) ;
#497 = CARTESIAN_POINT ( 'NONE',  ( -0.5675000000000001155, 0.000000000000000000, 0.000000000000000000 ) ) ;
#498 = MECHANICAL_DESIGN_GEOMETRIC_PRESENTATION_REPRESENTATION (  '', ( #296 ), #1334 ) ;
#499 = ORIENTED_EDGE ( 'NONE', *, *, #844, .F. ) ;
#500 = CONICAL_SURFACE ( 'NONE', #1033, 0.03416666666666669239, 0.7853981633974450594 ) ;
#501 = CARTESIAN_POINT ( 'NONE',  ( -0.5999999999999998668, -0.4333333333333334036, -2.168404344971006896E-16 ) ) ;
#502 = ADVANCED_FACE ( 'NONE', ( #223 ), #509, .F. ) ;
#503 = AXIS2_PLACEMENT_3D ( 'NONE', #579, #1860, #103 ) ;
#504 = DIRECTION ( 'NONE',  ( -0.000000000000000000, 0.000000000000000000, 1.000000000000000000 ) ) ;
#505 = DIRECTION ( 'NONE',  ( 0.000000000000000000, 0.000000000000000000, 1.000000000000000000 ) ) ;
#506 = AXIS2_PLACEMENT_3D ( 'NONE', #366, #376, #1507 ) ;
#507 = CARTESIAN_POINT ( 'NONE',  ( 0.1645064358329153265, 0.5000000000000000000, -0.0002234810227803445972 ) ) ;
#508 = ORIENTED_EDGE ( 'NONE', *, *, #561, .T. ) ;
#509 = PLANE ( 'NONE',  #1074 ) ;
#510 = DIRECTION ( 'NONE',  ( -1.084202172485504311E-16, -1.000000000000000000, -0.000000000000000000 ) ) ;
#511 = CARTESIAN_POINT ( 'NONE',  ( -0.1215380592228741535, 0.4333333333333332926, -0.03250000000000000111 ) ) ;
#512 = CARTESIAN_POINT ( 'NONE',  ( -0.5333333333333331039, -0.4333333333333334036, -2.168404344971008868E-16 ) ) ;
#513 = EDGE_CURVE ( 'NONE', #1451, #115, #1500, .T. ) ;
#514 = CARTESIAN_POINT ( 'NONE',  ( 0.5333333333333331039, 0.4333333333333332926, 0.6175000000000000488 ) ) ;
#515 = CARTESIAN_POINT ( 'NONE',  ( 0.2021758347479036821, -0.4907045501057915593, -0.009295449894208423353 ) ) ;
#516 = ORIENTED_EDGE ( 'NONE', *, *, #534, .T. ) ;
#517 = CARTESIAN_POINT ( 'NONE',  ( 0.2016666666666664109, -0.4675000000000001377, 0.000000000000000000 ) ) ;
#518 = LINE ( 'NONE', #1476, #659 ) ;
#519 = DIRECTION ( 'NONE',  ( 1.000000000000000000, 0.000000000000000000, 0.000000000000000000 ) ) ;
#520 = CARTESIAN_POINT ( 'NONE',  ( 0.5674999999999998934, 0.5000000000000000000, 0.000000000000000000 ) ) ;
#521 = EDGE_CURVE ( 'NONE', #1424, #885, #1708, .T. ) ;
#522 = DIRECTION ( 'NONE',  ( 0.000000000000000000, -0.7071067811865449082, 0.7071067811865502373 ) ) ;
#523 = PRODUCT_RELATED_PRODUCT_CATEGORY ( 'part', '', ( #383 ) ) ;
#524 = ORIENTED_EDGE ( 'NONE', *, *, #1911, .T. ) ;
#525 = CONICAL_SURFACE ( 'NONE', #1393, 0.03416666666666712954, 0.7853981633974449483 ) ;
#526 = CARTESIAN_POINT ( 'NONE',  ( -0.1999999999999999556, -0.4675000000000000266, 0.03250000000000000111 ) ) ;
#527 = VECTOR ( 'NONE', #1907, 1000.000000000000114 ) ;
#528 = VERTEX_POINT ( 'NONE', #1312 ) ;
#529 = DIRECTION ( 'NONE',  ( -1.000000000000000000, 0.000000000000000000, 0.000000000000000000 ) ) ;
#530 = CARTESIAN_POINT ( 'NONE',  ( 0.5674999999999997824, -0.4333333333333335147, -0.03250000000000000111 ) ) ;
#531 = CARTESIAN_POINT ( 'NONE',  ( 0.1658333333333332771, 0.4333333333333333481, 0.03250000000000000111 ) ) ;
#532 =( GEOMETRIC_REPRESENTATION_CONTEXT ( 3 ) GLOBAL_UNCERTAINTY_ASSIGNED_CONTEXT ( ( #1623 ) ) GLOBAL_UNIT_ASSIGNED_CONTEXT ( ( #1484, #1980, #1956 ) ) REPRESENTATION_CONTEXT ( 'NONE', 'WORKASPACE' ) );
#533 = ORIENTED_EDGE ( 'NONE', *, *, #255, .T. ) ;
#534 = EDGE_CURVE ( 'NONE', #222, #1846, #828, .T. ) ;
#535 = AXIS2_PLACEMENT_3D ( 'NONE', #603, #1746, #635 ) ;
#536 = CARTESIAN_POINT ( 'NONE',  ( 0.2461205673553224504, 0.5000000000000000000, 2.168404344971010840E-16 ) ) ;
#537 = VERTEX_POINT ( 'NONE', #698 ) ;
#538 = CIRCLE ( 'NONE', #506, 0.03416666666666666463 ) ;
#539 = DIRECTION ( 'NONE',  ( 0.000000000000000000, 0.000000000000000000, -1.000000000000000000 ) ) ;
#540 = ORIENTED_EDGE ( 'NONE', *, *, #2067, .T. ) ;
#541 = CARTESIAN_POINT ( 'NONE',  ( 0.5333333333333329929, -0.4675000000000001377, 0.000000000000000000 ) ) ;
#542 = EDGE_CURVE ( 'NONE', #48, #387, #36, .T. ) ;
#543 = PLANE ( 'NONE',  #1463 ) ;
#544 = CARTESIAN_POINT ( 'NONE',  ( -0.2016666666666666885, 0.4333333333333332926, -0.009519029611437293190 ) ) ;
#545 = VERTEX_POINT ( 'NONE', #1483 ) ;
#546 = CARTESIAN_POINT ( 'NONE',  ( 0.2144919317978433437, 0.4954637687146692948, -0.004536231285330515235 ) ) ;
#547 = ORIENTED_EDGE ( 'NONE', *, *, #534, .F. ) ;
#548 = DIRECTION ( 'NONE',  ( 0.000000000000000000, -0.7071067811865449082, 0.7071067811865502373 ) ) ;
#549 = LINE ( 'NONE', #50, #1593 ) ;
#550 = EDGE_CURVE ( 'NONE', #2060, #1380, #1812, .T. ) ;
#551 = DIRECTION ( 'NONE',  ( -0.7071067811865453523, 0.000000000000000000, -0.7071067811865496822 ) ) ;
#552 = ORIENTED_EDGE ( 'NONE', *, *, #302, .T. ) ;
#553 = SHAPE_REPRESENTATION ( 'body_\X2\9ed88ba4\X0\', ( #1797 ), #1938 ) ;
#554 = CARTESIAN_POINT ( 'NONE',  ( -0.2016666666666667995, -0.4333333333333335702, -0.03250000000000000111 ) ) ;
#555 = CARTESIAN_POINT ( 'NONE',  ( 0.6000000000000000888, -0.4333333333333334036, 0.5974999999999998090 ) ) ;
#556 = CONICAL_SURFACE ( 'NONE', #1725, 0.03416666666666672014, 0.7853981633974445042 ) ;
#557 = VECTOR ( 'NONE', #1918, 1000.000000000000000 ) ;
#558 = LINE ( 'NONE', #1376, #2075 ) ;
#559 = EDGE_LOOP ( 'NONE', ( #920, #909, #310, #413 ) ) ;
#560 = CARTESIAN_POINT ( 'NONE',  ( -0.1675000000000001488, -0.4333333333333335702, -0.03250000000000000111 ) ) ;
#561 = EDGE_CURVE ( 'NONE', #1800, #120, #677, .T. ) ;
#562 = VECTOR ( 'NONE', #298, 1000.000000000000000 ) ;
#563 = DIRECTION ( 'NONE',  ( 1.084202172485504311E-16, 1.000000000000000000, 0.000000000000000000 ) ) ;
#564 = VECTOR ( 'NONE', #1401, 1000.000000000000114 ) ;
#565 = ORIENTED_EDGE ( 'NONE', *, *, #1077, .T. ) ;
#566 = LINE ( 'NONE', #430, #1142 ) ;
#567 = DIRECTION ( 'NONE',  ( -1.000000000000000000, 0.000000000000000000, 0.000000000000000000 ) ) ;
#568 = VERTEX_POINT ( 'NONE', #1802 ) ;
#569 = CARTESIAN_POINT ( 'NONE',  ( 0.000000000000000000, 0.4799999999999999822, 0.6175000000000000488 ) ) ;
#570 = VERTEX_POINT ( 'NONE', #371 ) ;
#571 = DIRECTION ( 'NONE',  ( -1.000000000000000000, -1.586637325588543257E-15, 0.000000000000000000 ) ) ;
#572 = ORIENTED_EDGE ( 'NONE', *, *, #1699, .T. ) ;
#573 = EDGE_CURVE ( 'NONE', #339, #1380, #1011, .T. ) ;
#574 = CARTESIAN_POINT ( 'NONE',  ( 0.1674999999999997879, 0.4333333333333332926, -0.03250000000000000111 ) ) ;
#575 = DIRECTION ( 'NONE',  ( 0.000000000000000000, 0.000000000000000000, 1.000000000000000000 ) ) ;
#576 = ORIENTED_EDGE ( 'NONE', *, *, #1655, .T. ) ;
#577 = CARTESIAN_POINT ( 'NONE',  ( -0.5675000000000001155, 0.4333333333333332926, 0.000000000000000000 ) ) ;
#578 = ORIENTED_EDGE ( 'NONE', *, *, #1803, .F. ) ;
#579 = CARTESIAN_POINT ( 'NONE',  ( -0.5333333333333333259, 0.4333333333333332926, 0.5974999999999998090 ) ) ;
#580 = ADVANCED_FACE ( 'NONE', ( #739 ), #941, .T. ) ;
#581 = FILL_AREA_STYLE_COLOUR ( '', #1975 ) ;
#582 = EDGE_LOOP ( 'NONE', ( #2011, #932, #929, #2002 ) ) ;
#583 = CARTESIAN_POINT ( 'NONE',  ( 0.1734627659780103859, -0.5000000000000001110, -0.0009354570989096218109 ) ) ;
#584 = CARTESIAN_POINT ( 'NONE',  ( -0.5999999999999998668, -0.4333333333333334036, 0.6175000000000000488 ) ) ;
#585 = VERTEX_POINT ( 'NONE', #1359 ) ;
#586 = PLANE ( 'NONE',  #456 ) ;
#587 = VECTOR ( 'NONE', #1921, 1000.000000000000000 ) ;
#588 = ORIENTED_EDGE ( 'NONE', *, *, #1037, .T. ) ;
#589 = CARTESIAN_POINT ( 'NONE',  ( 0.5999999999999997558, -0.4675000000000001377, -0.000000000000000000 ) ) ;
#590 = DIRECTION ( 'NONE',  ( 1.000000000000000000, 0.000000000000000000, 0.000000000000000000 ) ) ;
#591 = VECTOR ( 'NONE', #1952, 1000.000000000000000 ) ;
#592 = ORIENTED_EDGE ( 'NONE', *, *, #316, .T. ) ;
#593 = AXIS2_PLACEMENT_3D ( 'NONE', #283, #1549, #601 ) ;
#594 = LINE ( 'NONE', #914, #1099 ) ;
#595 = EDGE_LOOP ( 'NONE', ( #979, #107, #1591, #1121 ) ) ;
#596 = DIRECTION ( 'NONE',  ( 1.000000000000000000, 0.000000000000000000, 0.000000000000000000 ) ) ;
#597 = EDGE_CURVE ( 'NONE', #545, #421, #1874, .T. ) ;
#598 = ORIENTED_EDGE ( 'NONE', *, *, #1232, .T. ) ;
#599 = AXIS2_PLACEMENT_3D ( 'NONE', #1518, #1222, #1575 ) ;
#600 = CARTESIAN_POINT ( 'NONE',  ( 0.5999999999999998668, 0.4333333333333332926, 2.168404344971010840E-16 ) ) ;
#601 = DIRECTION ( 'NONE',  ( 1.000000000000000000, 0.000000000000000000, 0.000000000000000000 ) ) ;
#602 = EDGE_LOOP ( 'NONE', ( #72, #552, #1848, #1081 ) ) ;
#603 = CARTESIAN_POINT ( 'NONE',  ( 0.5333333333333331039, 0.4333333333333332926, 0.6175000000000000488 ) ) ;
#604 = ORIENTED_EDGE ( 'NONE', *, *, #867, .T. ) ;
#605 = LINE ( 'NONE', #1606, #788 ) ;
#606 = ORIENTED_EDGE ( 'NONE', *, *, #1037, .F. ) ;
#607 = DIRECTION ( 'NONE',  ( 1.084202172485504311E-16, 1.000000000000000000, 0.000000000000000000 ) ) ;
#608 = ADVANCED_FACE ( 'NONE', ( #1350 ), #1381, .F. ) ;
#609 = ORIENTED_EDGE ( 'NONE', *, *, #1880, .T. ) ;
#610 = LINE ( 'NONE', #1266, #1897 ) ;
#611 = VERTEX_POINT ( 'NONE', #1710 ) ;
#612 = LINE ( 'NONE', #1955, #1093 ) ;
#613 = DIRECTION ( 'NONE',  ( 0.000000000000000000, 0.000000000000000000, -1.000000000000000000 ) ) ;
#614 = ORIENTED_EDGE ( 'NONE', *, *, #542, .F. ) ;
#615 = LINE ( 'NONE', #1959, #1138 ) ;
#616 = AXIS2_PLACEMENT_3D ( 'NONE', #843, #208, #382 ) ;
#617 = VECTOR ( 'NONE', #720, 1000.000000000000000 ) ;
#618 = EDGE_CURVE ( 'NONE', #1366, #387, #1678, .T. ) ;
#619 = DIRECTION ( 'NONE',  ( 1.000000000000000000, 0.000000000000000000, 0.000000000000000000 ) ) ;
#620 = EDGE_LOOP ( 'NONE', ( #213, #1362, #1287, #1565 ) ) ;
#621 = EDGE_CURVE ( 'NONE', #1253, #685, #233, .T. ) ;
#622 = CIRCLE ( 'NONE', #1262, 0.03416666666666666463 ) ;
#623 = LINE ( 'NONE', #1265, #998 ) ;
#624 = CARTESIAN_POINT ( 'NONE',  ( 0.5799999999999999600, -0.4333333333333334036, 0.6175000000000000488 ) ) ;
#625 = ORIENTED_EDGE ( 'NONE', *, *, #58, .F. ) ;
#626 = VECTOR ( 'NONE', #1187, 1000.000000000000000 ) ;
#627 = CYLINDRICAL_SURFACE ( 'NONE', #896, 0.06666666666666669350 ) ;
#628 = ORIENTED_EDGE ( 'NONE', *, *, #123, .F. ) ;
#629 = DIRECTION ( 'NONE',  ( 0.000000000000000000, 0.7071067811865454633, 0.7071067811865495711 ) ) ;
#630 = CARTESIAN_POINT ( 'NONE',  ( 0.2374707633642189897, 0.5000000000000000000, 2.150369467511918279E-16 ) ) ;
#631 = ITEM_DEFINED_TRANSFORMATION ( 'NONE', 'NONE', #1601,  #1797 ) ;
#632 = AXIS2_PLACEMENT_3D ( 'NONE', #1622, #470, #619 ) ;
#633 = EDGE_LOOP ( 'NONE', ( #1520, #331, #2016, #1445, #1771 ) ) ;
#634 = CARTESIAN_POINT ( 'NONE',  ( 0.5333333333333331039, 0.4333333333333332926, 2.168404344971008868E-16 ) ) ;
#635 = DIRECTION ( 'NONE',  ( -1.000000000000000000, 0.000000000000000000, 0.000000000000000000 ) ) ;
#636 = VERTEX_POINT ( 'NONE', #1029 ) ;
#637 = DIRECTION ( 'NONE',  ( -2.331617575237643907E-16, -1.000000000000000000, 0.000000000000000000 ) ) ;
#638 = DIRECTION ( 'NONE',  ( -1.084202172485504311E-16, -1.000000000000000000, 0.000000000000000000 ) ) ;
#639 = EDGE_LOOP ( 'NONE', ( #1804, #313, #533, #1741, #142, #1884, #2024, #1089 ) ) ;
#640 = DIRECTION ( 'NONE',  ( -2.168404344971008868E-16, 1.000000000000000000, 0.000000000000000000 ) ) ;
#641 = ADVANCED_FACE ( 'NONE', ( #82 ), #144, .F. ) ;
#642 = CARTESIAN_POINT ( 'NONE',  ( -0.1572127659780099274, 0.5000000000000000000, 0.000000000000000000 ) ) ;
#643 = ADVANCED_FACE ( 'NONE', ( #1999 ), #419, .F. ) ;
#644 = CARTESIAN_POINT ( 'NONE',  ( 0.2016666666666665220, 0.4675000000000000266, 0.000000000000000000 ) ) ;
#645 = DIRECTION ( 'NONE',  ( -0.000000000000000000, -0.000000000000000000, -1.000000000000000000 ) ) ;
#646 = EDGE_LOOP ( 'NONE', ( #1545, #1987, #1717, #1878 ) ) ;
#647 = DIRECTION ( 'NONE',  ( 1.000000000000000000, 0.000000000000000000, 0.000000000000000000 ) ) ;
#648 = ADVANCED_FACE ( 'NONE', ( #1070 ), #716, .F. ) ;
#649 = FACE_OUTER_BOUND ( 'NONE', #1474, .T. ) ;
#650 = VERTEX_POINT ( 'NONE', #264 ) ;
#651 = FACE_OUTER_BOUND ( 'NONE', #1704, .T. ) ;
#652 = DIRECTION ( 'NONE',  ( 0.000000000000000000, 0.000000000000000000, -1.000000000000000000 ) ) ;
#653 = EDGE_CURVE ( 'NONE', #1676, #570, #1949, .T. ) ;
#654 = CARTESIAN_POINT ( 'NONE',  ( -0.5333333333333333259, 0.5000000000000000000, -2.168404344971008868E-16 ) ) ;
#656 = AXIS2_PLACEMENT_3D ( 'NONE', #1648, #1977, #1496 ) ;
#655 = CARTESIAN_POINT ( 'NONE',  ( -0.2081800384714105334, -0.5000000000000001110, -0.003008168962808883701 ) ) ;
#657 = ORIENTED_EDGE ( 'NONE', *, *, #1101, .F. ) ;
#658 = DIRECTION ( 'NONE',  ( -1.000000000000000000, -1.159574516027277698E-16, 0.000000000000000000 ) ) ;
#659 = VECTOR ( 'NONE', #548, 1000.000000000000114 ) ;
#660 = FACE_OUTER_BOUND ( 'NONE', #602, .T. ) ;
#661 = PRODUCT_DEFINITION_FORMATION_WITH_SPECIFIED_SOURCE ( 'ANY', '', #218, .NOT_KNOWN. ) ;
#662 = LINE ( 'NONE', #375, #1162 ) ;
#663 = DIRECTION ( 'NONE',  ( 0.000000000000000000, 0.000000000000000000, 1.000000000000000000 ) ) ;
#664 = EDGE_CURVE ( 'NONE', #699, #290, #566, .T. ) ;
#665 = AXIS2_PLACEMENT_3D ( 'NONE', #1621, #1896, #2080 ) ;
#666 = FACE_OUTER_BOUND ( 'NONE', #1012, .T. ) ;
#667 = DIRECTION ( 'NONE',  ( 0.000000000000000000, 0.000000000000000000, -1.000000000000000000 ) ) ;
#668 = AXIS2_PLACEMENT_3D ( 'NONE', #1007, #1017, #1809 ) ;
#669 = DIRECTION ( 'NONE',  ( -1.084202172485504311E-16, -1.000000000000000000, 0.000000000000000000 ) ) ;
#670 = ORIENTED_EDGE ( 'NONE', *, *, #1389, .T. ) ;
#671 = DIRECTION ( 'NONE',  ( 2.331617575237644400E-16, 1.000000000000000000, 0.000000000000000000 ) ) ;
#672 = EDGE_CURVE ( 'NONE', #166, #1253, #704, .T. ) ;
#673 = DIRECTION ( 'NONE',  ( 0.000000000000000000, 0.000000000000000000, 1.000000000000000000 ) ) ;
#674 = DIRECTION ( 'NONE',  ( -1.000000000000000000, 0.000000000000000000, 0.000000000000000000 ) ) ;
#675 = CARTESIAN_POINT ( 'NONE',  ( 0.2298705673553224638, 0.5000000000000000000, -0.0009354570989096135710 ) ) ;
#676 = VERTEX_POINT ( 'NONE', #242 ) ;
#677 = LINE ( 'NONE', #1021, #1405 ) ;
#678 = DIRECTION ( 'NONE',  ( -1.084202172485504311E-16, -1.000000000000000000, 4.357881996052579263E-33 ) ) ;
#679 = EDGE_CURVE ( 'NONE', #1441, #1, #1086, .T. ) ;
#680 = DIRECTION ( 'NONE',  ( -1.159574516027277451E-16, 1.000000000000000000, -0.000000000000000000 ) ) ;
#681 = PLANE ( 'NONE',  #1608 ) ;
#682 = EDGE_CURVE ( 'NONE', #1730, #1414, #1946, .T. ) ;
#683 =( NAMED_UNIT ( * ) PLANE_ANGLE_UNIT ( ) SI_UNIT ( $, .RADIAN. ) );
#684 = PLANE ( 'NONE',  #2018 ) ;
#685 = VERTEX_POINT ( 'NONE', #1912 ) ;
#686 = EDGE_CURVE ( 'NONE', #696, #545, #169, .T. ) ;
#687 = CARTESIAN_POINT ( 'NONE',  ( -0.2000000000000000666, 0.4675000000000000266, 0.03250000000000000111 ) ) ;
#688 = VECTOR ( 'NONE', #1415, 1000.000000000000114 ) ;
#689 = ORIENTED_EDGE ( 'NONE', *, *, #447, .T. ) ;
#690 = CARTESIAN_POINT ( 'NONE',  ( 0.5999999999999998668, 0.4675000000000000266, -0.03250000000000000111 ) ) ;
#691 = FACE_OUTER_BOUND ( 'NONE', #1084, .T. ) ;
#692 = MECHANICAL_DESIGN_GEOMETRIC_PRESENTATION_REPRESENTATION (  '', ( #721 ), #532 ) ;
#693 = PRODUCT_DEFINITION_FORMATION_WITH_SPECIFIED_SOURCE ( 'ANY', '', #1199, .NOT_KNOWN. ) ;
#694 = CARTESIAN_POINT ( 'NONE',  ( 0.1658333333333332771, 0.4333333333333333481, 0.03250000000000000111 ) ) ;
#695 = CARTESIAN_POINT ( 'NONE',  ( -1.090031216423599529E-16, -0.4675000000000003042, 0.000000000000000000 ) ) ;
#696 = VERTEX_POINT ( 'NONE', #802 ) ;
#697 = CIRCLE ( 'NONE', #135, 0.05714763705522968307 ) ;
#698 = CARTESIAN_POINT ( 'NONE',  ( -0.2016666666666667163, 0.4904809703885629757, -0.009519029611437322680 ) ) ;
#699 = VERTEX_POINT ( 'NONE', #1466 ) ;
#700 = DIRECTION ( 'NONE',  ( -1.000000000000000000, 0.000000000000000000, 0.000000000000000000 ) ) ;
#701 = VECTOR ( 'NONE', #1789, 1000.000000000000000 ) ;
#702 = EDGE_CURVE ( 'NONE', #1224, #252, #1600, .T. ) ;
#703 = DIRECTION ( 'NONE',  ( 0.000000000000000000, -0.000000000000000000, 1.000000000000000000 ) ) ;
#704 = B_SPLINE_CURVE_WITH_KNOTS ( 'NONE', 3,
 ( #1844, #1669, #1686, #583, #274, #250, #888, #1831, #1528, #1039 ),
 .UNSPECIFIED., .F., .F.,
 ( 4, 3, 3, 4 ),
 ( 0.000000000000000000, 1.627690326763355953E-05, 8.196813025868239250E-05, 8.929601031303877360E-05 ),
 .UNSPECIFIED. ) ;
#705 = CARTESIAN_POINT ( 'NONE',  ( 0.1215380592228744033, 0.4333333333333332926, -0.03250000000000000111 ) ) ;
#706 = VERTEX_POINT ( 'NONE', #353 ) ;
#707 = CARTESIAN_POINT ( 'NONE',  ( -0.5333333333333333259, 0.4333333333333332926, -0.03250000000000000111 ) ) ;
#708 = FACE_OUTER_BOUND ( 'NONE', #954, .T. ) ;
#709 = ORIENTED_EDGE ( 'NONE', *, *, #1493, .F. ) ;
#710 = ADVANCED_FACE ( 'NONE', ( #7 ), #837, .F. ) ;
#711 = FACE_OUTER_BOUND ( 'NONE', #646, .T. ) ;
#712 = DIRECTION ( 'NONE',  ( -1.000000000000000000, 0.000000000000000000, 0.000000000000000000 ) ) ;
#713 = ORIENTED_EDGE ( 'NONE', *, *, #1358, .T. ) ;
#714 = FACE_OUTER_BOUND ( 'NONE', #958, .T. ) ;
#715 = ORIENTED_EDGE ( 'NONE', *, *, #316, .F. ) ;
#716 = PLANE ( 'NONE',  #239 ) ;
#717 = DIRECTION ( 'NONE',  ( 0.000000000000000000, -0.000000000000000000, -1.000000000000000000 ) ) ;
#718 = ORIENTED_EDGE ( 'NONE', *, *, #597, .F. ) ;
#719 = AXIS2_PLACEMENT_3D ( 'NONE', #119, #435, #596 ) ;
#720 = DIRECTION ( 'NONE',  ( 0.000000000000000000, 0.000000000000000000, -1.000000000000000000 ) ) ;
#721 = STYLED_ITEM ( 'NONE', ( #1013 ), #1801 ) ;
#722 = ORIENTED_EDGE ( 'NONE', *, *, #1540, .T. ) ;
#723 = DIRECTION ( 'NONE',  ( 1.000000000000000000, 0.000000000000000000, 0.000000000000000000 ) ) ;
#724 = EDGE_CURVE ( 'NONE', #235, #1788, #270, .T. ) ;
#725 = PRODUCT_CONTEXT ( 'NONE', #1360, 'mechanical' ) ;
#726 = AXIS2_PLACEMENT_3D ( 'NONE', #806, #1926, #1252 ) ;
#727 = ORIENTED_EDGE ( 'NONE', *, *, #993, .F. ) ;
#728 = AXIS2_PLACEMENT_3D ( 'NONE', #910, #121, #1879 ) ;
#729 = DIRECTION ( 'NONE',  ( 0.000000000000000000, 0.000000000000000000, -1.000000000000000000 ) ) ;
#730 = DIRECTION ( 'NONE',  ( -1.000000000000000000, 0.000000000000000000, 0.000000000000000000 ) ) ;
#731 = ORIENTED_EDGE ( 'NONE', *, *, #2032, .T. ) ;
#732 = CARTESIAN_POINT ( 'NONE',  ( 0.2016666666666664109, -0.4333333333333334592, 0.000000000000000000 ) ) ;
#733 = VECTOR ( 'NONE', #984, 1000.000000000000000 ) ;
#734 = ADVANCED_FACE ( 'NONE', ( #344 ), #481, .T. ) ;
#735 = ORIENTED_EDGE ( 'NONE', *, *, #1709, .F. ) ;
#736 = CARTESIAN_POINT ( 'NONE',  ( -0.6000000000000000888, 0.4333333333333332926, 0.5974999999999998090 ) ) ;
#737 =( LENGTH_UNIT ( ) NAMED_UNIT ( * ) SI_UNIT ( .MILLI., .METRE. ) );
#738 = ORIENTED_EDGE ( 'NONE', *, *, #2004, .T. ) ;
#739 = FACE_OUTER_BOUND ( 'NONE', #485, .T. ) ;
#740 = DIRECTION ( 'NONE',  ( -0.000000000000000000, 0.000000000000000000, -1.000000000000000000 ) ) ;
#741 = ORIENTED_EDGE ( 'NONE', *, *, #95, .T. ) ;
#742 = CARTESIAN_POINT ( 'NONE',  ( 0.1572127659780103992, -0.5000000000000001110, 0.000000000000000000 ) ) ;
#743 = ADVANCED_FACE ( 'NONE', ( #666 ), #789, .T. ) ;
#744 = ORIENTED_EDGE ( 'NONE', *, *, #883, .T. ) ;
#745 = LINE ( 'NONE', #2036, #1399 ) ;
#746 =( NAMED_UNIT ( * ) SI_UNIT ( $, .STERADIAN. ) SOLID_ANGLE_UNIT ( ) );
#747 = VERTEX_POINT ( 'NONE', #1119 ) ;
#748 = DIRECTION ( 'NONE',  ( -2.168404344971008868E-16, 1.000000000000000000, 0.000000000000000000 ) ) ;
#749 = EDGE_CURVE ( 'NONE', #1000, #1554, #1437, .T. ) ;
#750 = VERTEX_POINT ( 'NONE', #1284 ) ;
#751 = CARTESIAN_POINT ( 'NONE',  ( -0.2287207313092838867, -0.4989093336962060476, -0.001090666303794375624 ) ) ;
#752 = AXIS2_PLACEMENT_3D ( 'NONE', #894, #1395, #99 ) ;
#753 = ORIENTED_EDGE ( 'NONE', *, *, #803, .F. ) ;
#754 = CARTESIAN_POINT ( 'NONE',  ( 0.2016666666666664109, -0.4333333333333334592, -0.03250000000000000111 ) ) ;
#755 = APPLICATION_PROTOCOL_DEFINITION ( 'draft international standard', 'automotive_design', 1998, #363 ) ;
#756 = ORIENTED_EDGE ( 'NONE', *, *, #209, .T. ) ;
#757 = CIRCLE ( 'NONE', #263, 0.08012860744379213251 ) ;
#758 = AXIS2_PLACEMENT_3D ( 'NONE', #116, #420, #748 ) ;
#759 = CARTESIAN_POINT ( 'NONE',  ( 0.5799999999999999600, -0.4333333333333334036, 0.6175000000000000488 ) ) ;
#760 = VERTEX_POINT ( 'NONE', #1743 ) ;
#761 = VECTOR ( 'NONE', #1397, 1000.000000000000000 ) ;
#762 = CARTESIAN_POINT ( 'NONE',  ( -0.5333333333333331039, -0.5000000000000001110, 0.5974999999999998090 ) ) ;
#763 = ORIENTED_EDGE ( 'NONE', *, *, #1827, .F. ) ;
#764 = B_SPLINE_CURVE_WITH_KNOTS ( 'NONE', 3,
 ( #996, #1963, #347, #1616, #1953, #182, #986, #45, #515, #1625 ),
 .UNSPECIFIED., .F., .F.,
 ( 4, 3, 3, 4 ),
 ( 0.000000000000000000, 2.594941197381755304E-05, 4.498551375139174708E-05, 4.678358250251570742E-05 ),
 .UNSPECIFIED. ) ;
#765 = CIRCLE ( 'NONE', #172, 0.04666666666666664798 ) ;
#766 = CARTESIAN_POINT ( 'NONE',  ( -0.2016666666666667995, -0.4675000000000002487, -0.03250000000000000111 ) ) ;
#767 = AXIS2_PLACEMENT_3D ( 'NONE', #554, #1191, #1853 ) ;
#768 = SHAPE_DEFINITION_REPRESENTATION ( #1022, #1839 ) ;
#769 = VERTEX_POINT ( 'NONE', #1613 ) ;
#770 = LINE ( 'NONE', #1756, #1231 ) ;
#771 = ORIENTED_EDGE ( 'NONE', *, *, #161, .F. ) ;
#772 = DIRECTION ( 'NONE',  ( -0.7071067811865449082, 0.000000000000000000, 0.7071067811865502373 ) ) ;
#773 = CARTESIAN_POINT ( 'NONE',  ( 0.1215380592228742923, -1.317718278491121945E-17, 0.000000000000000000 ) ) ;
#774 = EDGE_CURVE ( 'NONE', #760, #1197, #1038, .T. ) ;
#775 = EDGE_LOOP ( 'NONE', ( #709, #1530, #1183, #1036 ) ) ;
#776 = DIRECTION ( 'NONE',  ( -1.000000000000000000, 0.000000000000000000, 0.000000000000000000 ) ) ;
#777 = ADVANCED_FACE ( 'NONE', ( #1435 ), #961, .T. ) ;
#778 = CARTESIAN_POINT ( 'NONE',  ( 0.5675000000000000044, 1.230569465771047533E-16, -0.03250000000000000111 ) ) ;
#779 = ORIENTED_EDGE ( 'NONE', *, *, #1614, .F. ) ;
#780 = DIRECTION ( 'NONE',  ( 1.000000000000000000, -1.084202172485504311E-16, 0.000000000000000000 ) ) ;
#781 = CYLINDRICAL_SURFACE ( 'NONE', #2044, 0.03416666666666672014 ) ;
#782 = ORIENTED_EDGE ( 'NONE', *, *, #1609, .T. ) ;
#783 = LINE ( 'NONE', #462, #425 ) ;
#784 = DIRECTION ( 'NONE',  ( 1.000000000000000000, 0.000000000000000000, 0.000000000000000000 ) ) ;
#785 = VERTEX_POINT ( 'NONE', #180 ) ;
#786 = LINE ( 'NONE', #6, #2046 ) ;
#787 = CIRCLE ( 'NONE', #1861, 0.03250000000000000111 ) ;
#788 = VECTOR ( 'NONE', #287, 1000.000000000000000 ) ;
#789 = PLANE ( 'NONE',  #272 ) ;
#790 = EDGE_LOOP ( 'NONE', ( #915, #178, #989, #389 ) ) ;
#791 = VECTOR ( 'NONE', #1791, 1000.000000000000000 ) ;
#792 = FACE_OUTER_BOUND ( 'NONE', #1967, .T. ) ;
#793 = CARTESIAN_POINT ( 'NONE',  ( 0.2016666666666664942, 0.4675000000000000266, -0.03250000000000000111 ) ) ;
#794 = EDGE_LOOP ( 'NONE', ( #715, #1580, #1079, #1117 ) ) ;
#795 = DIRECTION ( 'NONE',  ( 0.000000000000000000, 1.000000000000000000, 0.000000000000000000 ) ) ;
#796 = CARTESIAN_POINT ( 'NONE',  ( -0.1350000000000001754, -0.4333333333333334036, -2.148557128462018018E-16 ) ) ;
#797 = ADVANCED_FACE ( 'NONE', ( #812 ), #1773, .T. ) ;
#798 = ORIENTED_EDGE ( 'NONE', *, *, #1278, .T. ) ;
#799 = CARTESIAN_POINT ( 'NONE',  ( -0.5333333333333333259, 0.4333333333333332926, 0.6175000000000000488 ) ) ;
#800 = EDGE_CURVE ( 'NONE', #81, #293, #39, .T. ) ;
#801 = AXIS2_PLACEMENT_3D ( 'NONE', #78, #71, #1838 ) ;
#802 = CARTESIAN_POINT ( 'NONE',  ( 0.5333333333333331039, 0.4675000000000000266, -0.03250000000000000111 ) ) ;
#803 = EDGE_CURVE ( 'NONE', #115, #222, #538, .T. ) ;
#804 = AXIS2_PLACEMENT_3D ( 'NONE', #816, #671, #988 ) ;
#805 = DIRECTION ( 'NONE',  ( 0.000000000000000000, 0.000000000000000000, -1.000000000000000000 ) ) ;
#806 = CARTESIAN_POINT ( 'NONE',  ( -0.5333333333333333259, 0.4333333333333332926, -0.03250000000000000111 ) ) ;
#807 = ORIENTED_EDGE ( 'NONE', *, *, #2081, .F. ) ;
#808 = CARTESIAN_POINT ( 'NONE',  ( -0.1215380592228742507, -0.4333333333333334036, 0.000000000000000000 ) ) ;
#809 = CARTESIAN_POINT ( 'NONE',  ( -0.1675000000000000933, 1.816038638913220543E-17, 0.000000000000000000 ) ) ;
#810 = ORIENTED_EDGE ( 'NONE', *, *, #248, .F. ) ;
#811 = CARTESIAN_POINT ( 'NONE',  ( 0.2016666666666664942, 0.4333333333333333481, -0.03250000000000000111 ) ) ;
#812 = FACE_OUTER_BOUND ( 'NONE', #951, .T. ) ;
#813 = FACE_OUTER_BOUND ( 'NONE', #620, .T. ) ;
#814 = CARTESIAN_POINT ( 'NONE',  ( 0.1862599737268822719, 0.5000000000000000000, -0.001471986861916399795 ) ) ;
#815 = ORIENTED_EDGE ( 'NONE', *, *, #800, .T. ) ;
#816 = CARTESIAN_POINT ( 'NONE',  ( -1.090031216423599529E-16, -0.4675000000000003042, -0.03250000000000000111 ) ) ;
#817 = EDGE_CURVE ( 'NONE', #421, #611, #1664, .T. ) ;
#818 = CYLINDRICAL_SURFACE ( 'NONE', #163, 0.03416666666666666463 ) ;
#819 = DIRECTION ( 'NONE',  ( -1.000000000000000000, 0.000000000000000000, 0.000000000000000000 ) ) ;
#820 = CARTESIAN_POINT ( 'NONE',  ( 0.5333333333333331039, 0.4333333333333332926, -0.03249999999999997335 ) ) ;
#821 = CARTESIAN_POINT ( 'NONE',  ( 0.2461205673553224504, 0.5000000000000000000, 2.168404344971010840E-16 ) ) ;
#822 = AXIS2_PLACEMENT_3D ( 'NONE', #1194, #907, #2042 ) ;
#823 =( GEOMETRIC_REPRESENTATION_CONTEXT ( 3 ) GLOBAL_UNCERTAINTY_ASSIGNED_CONTEXT ( ( #2070 ) ) GLOBAL_UNIT_ASSIGNED_CONTEXT ( ( #1332, #1618, #22 ) ) REPRESENTATION_CONTEXT ( 'NONE', 'WORKASPACE' ) );
#824 = PLANE ( 'NONE',  #1467 ) ;
#825 = CARTESIAN_POINT ( 'NONE',  ( 0.2406949329327779386, 0.5000000000000000000, 2.157091874532482147E-16 ) ) ;
#826 = ORIENTED_EDGE ( 'NONE', *, *, #1647, .T. ) ;
#827 = EDGE_CURVE ( 'NONE', #650, #1523, #835, .T. ) ;
#828 = LINE ( 'NONE', #526, #975 ) ;
#829 = ORIENTED_EDGE ( 'NONE', *, *, #902, .T. ) ;
#830 = AXIS2_PLACEMENT_3D ( 'NONE', #2078, #1302, #1594 ) ;
#831 = LINE ( 'NONE', #226, #1826 ) ;
#832 = AXIS2_PLACEMENT_3D ( 'NONE', #531, #1172, #365 ) ;
#833 = CARTESIAN_POINT ( 'NONE',  ( -0.5333333333333333259, 0.4675000000000004707, -0.03250000000000000111 ) ) ;
#834 = VECTOR ( 'NONE', #489, 1000.000000000000000 ) ;
#835 = LINE ( 'NONE', #1673, #1706 ) ;
#836 =( NAMED_UNIT ( * ) PLANE_ANGLE_UNIT ( ) SI_UNIT ( $, .RADIAN. ) );
#837 = TOROIDAL_SURFACE ( 'NONE', #632, 0.08012860744379257660, 0.03250000000000000111 ) ;
#838 = DIRECTION ( 'NONE',  ( 0.000000000000000000, 0.000000000000000000, -1.000000000000000000 ) ) ;
#839 = ORIENTED_EDGE ( 'NONE', *, *, #618, .F. ) ;
#840 = DIRECTION ( 'NONE',  ( 1.159574516027277451E-16, -1.000000000000000000, 0.000000000000000000 ) ) ;
#841 = ORIENTED_EDGE ( 'NONE', *, *, #672, .T. ) ;
#842 = CARTESIAN_POINT ( 'NONE',  ( 0.1658333333333333881, -0.4675000000000000266, 0.03250000000000000111 ) ) ;
#843 = CARTESIAN_POINT ( 'NONE',  ( 0.2016666666666664942, 0.4333333333333333481, 0.000000000000000000 ) ) ;
#844 = EDGE_CURVE ( 'NONE', #249, #1532, #1271, .T. ) ;
#845 = DIRECTION ( 'NONE',  ( 2.168404344971008868E-16, -1.000000000000000000, 0.000000000000000000 ) ) ;
#846 = EDGE_CURVE ( 'NONE', #1069, #145, #1161, .T. ) ;
#847 =( NAMED_UNIT ( * ) SI_UNIT ( $, .STERADIAN. ) SOLID_ANGLE_UNIT ( ) );
#848 = DIRECTION ( 'NONE',  ( -1.000000000000000000, 0.000000000000000000, 0.000000000000000000 ) ) ;
#849 = ORIENTED_EDGE ( 'NONE', *, *, #44, .T. ) ;
#850 = DIRECTION ( 'NONE',  ( 1.159574516027277698E-16, -1.000000000000000000, 0.000000000000000000 ) ) ;
#851 = ORIENTED_EDGE ( 'NONE', *, *, #1827, .T. ) ;
#852 = LINE ( 'NONE', #362, #1364 ) ;
#853 = PLANE ( 'NONE',  #1292 ) ;
#854 = CARTESIAN_POINT ( 'NONE',  ( 0.2016666666666665220, 0.4333333333333332926, 0.000000000000000000 ) ) ;
#855 = ADVANCED_FACE ( 'NONE', ( #1480 ), #1795, .F. ) ;
#856 = SHAPE_REPRESENTATION_RELATIONSHIP ( 'NONE' , 'NONE' ,  #553, #1640 ) ;
#857 = CARTESIAN_POINT ( 'NONE',  ( 0.2352715983169522684, 0.5000000000000000000, -0.0004193433143462763578 ) ) ;
#858 = ORIENTED_EDGE ( 'NONE', *, *, #2045, .T. ) ;
#859 = AXIS2_PLACEMENT_3D ( 'NONE', #511, #1652, #1180 ) ;
#860 = LINE ( 'NONE', #1178, #41 ) ;
#861 = ORIENTED_EDGE ( 'NONE', *, *, #1854, .T. ) ;
#862 = PLANE ( 'NONE',  #892 ) ;
#863 = VECTOR ( 'NONE', #146, 1000.000000000000114 ) ;
#864 = ADVANCED_FACE ( 'NONE', ( #714 ), #384, .F. ) ;
#865 = AXIS2_PLACEMENT_3D ( 'NONE', #1798, #1348, #367 ) ;
#866 = CARTESIAN_POINT ( 'NONE',  ( -0.1658333333333333881, 0.4333333333333333481, 0.000000000000000000 ) ) ;
#867 = EDGE_CURVE ( 'NONE', #2047, #1517, #765, .T. ) ;
#868 = SURFACE_SIDE_STYLE ('',( #202 ) ) ;
#869 = ORIENTED_EDGE ( 'NONE', *, *, #1739, .T. ) ;
#870 = ADVANCED_FACE ( 'NONE', ( #240 ), #2019, .T. ) ;
#871 = B_SPLINE_CURVE_WITH_KNOTS ( 'NONE', 3,
 ( #536, #825, #857, #675, #1134, #814, #507, #1810, #63, #1458 ),
 .UNSPECIFIED., .F., .F.,
 ( 4, 3, 3, 4 ),
 ( 0.000000000000000000, 1.627690326763356969E-05, 8.196813025868241961E-05, 8.929601031756209217E-05 ),
 .UNSPECIFIED. ) ;
#872 = VECTOR ( 'NONE', #1198, 1000.000000000000114 ) ;
#873 = CARTESIAN_POINT ( 'NONE',  ( -0.6000000000000000888, 0.5000000000000000000, 0.6175000000000000488 ) ) ;
#874 = DIRECTION ( 'NONE',  ( 0.000000000000000000, 0.000000000000000000, 1.000000000000000000 ) ) ;
#875 = ORIENTED_EDGE ( 'NONE', *, *, #2051, .T. ) ;
#876 = VECTOR ( 'NONE', #1211, 1000.000000000000000 ) ;
#877 = CARTESIAN_POINT ( 'NONE',  ( -0.2374707633642197113, -0.5000000000000001110, -2.186439222430100690E-16 ) ) ;
#878 = DIRECTION ( 'NONE',  ( 0.000000000000000000, -0.000000000000000000, -1.000000000000000000 ) ) ;
#879 = ORIENTED_EDGE ( 'NONE', *, *, #1387, .F. ) ;
#880 = CARTESIAN_POINT ( 'NONE',  ( 0.2031941709103782523, 0.4911517095402494482, -0.008848290459750393980 ) ) ;
#881 = CYLINDRICAL_SURFACE ( 'NONE', #297, 0.03416666666666666463 ) ;
#882 = ORIENTED_EDGE ( 'NONE', *, *, #686, .F. ) ;
#883 = EDGE_CURVE ( 'NONE', #769, #696, #1654, .T. ) ;
#884 = DIRECTION ( 'NONE',  ( 0.000000000000000000, 0.000000000000000000, -1.000000000000000000 ) ) ;
#885 = VERTEX_POINT ( 'NONE', #560 ) ;
#886 = CARTESIAN_POINT ( 'NONE',  ( -0.2021758347479040707, 0.4907045501057917813, -0.009295449894208489272 ) ) ;
#887 = VERTEX_POINT ( 'NONE', #1046 ) ;
#888 = CARTESIAN_POINT ( 'NONE',  ( 0.2388268975004175509, -0.5000000000000001110, -0.0002234810227803548700 ) ) ;
#889 = DIRECTION ( 'NONE',  ( 1.000000000000000000, 0.000000000000000000, 0.000000000000000000 ) ) ;
#890 = EDGE_CURVE ( 'NONE', #747, #706, #207, .T. ) ;
#891 = ORIENTED_EDGE ( 'NONE', *, *, #1235, .T. ) ;
#892 = AXIS2_PLACEMENT_3D ( 'NONE', #1792, #1505, #1823 ) ;
#893 = MECHANICAL_DESIGN_GEOMETRIC_PRESENTATION_REPRESENTATION (  '', ( #1794 ), #823 ) ;
#894 = CARTESIAN_POINT ( 'NONE',  ( 0.5333333333333329929, -0.4333333333333335147, 0.000000000000000000 ) ) ;
#895 = PRODUCT_DEFINITION ( 'UNKNOWN', '', #1561, #323 ) ;
#896 = AXIS2_PLACEMENT_3D ( 'NONE', #946, #613, #1749 ) ;
#897 = ORIENTED_EDGE ( 'NONE', *, *, #12, .F. ) ;
#898 = DIRECTION ( 'NONE',  ( 0.000000000000000000, -0.000000000000000000, 1.000000000000000000 ) ) ;
#899 = SURFACE_STYLE_FILL_AREA ( #1862 ) ;
#900 = AXIS2_PLACEMENT_3D ( 'NONE', #1051, #2023, #1679 ) ;
#901 = ORIENTED_EDGE ( 'NONE', *, *, #1739, .F. ) ;
#902 = EDGE_CURVE ( 'NONE', #1402, #1185, #1339, .T. ) ;
#903 = DIRECTION ( 'NONE',  ( -0.000000000000000000, -0.000000000000000000, 1.000000000000000000 ) ) ;
#904 = PRODUCT_DEFINITION_SHAPE ( 'NONE', 'NONE',  #1450 ) ;
#905 = FACE_OUTER_BOUND ( 'NONE', #1700, .T. ) ;
#906 = ORIENTED_EDGE ( 'NONE', *, *, #1394, .T. ) ;
#907 = DIRECTION ( 'NONE',  ( 1.000000000000000000, 1.159574516027277698E-16, -0.000000000000000000 ) ) ;
#908 = AXIS2_PLACEMENT_3D ( 'NONE', #188, #1420, #950 ) ;
#909 = ORIENTED_EDGE ( 'NONE', *, *, #925, .T. ) ;
#910 = CARTESIAN_POINT ( 'NONE',  ( 0.2016666666666665220, 0.4333333333333332926, -0.03250000000000000111 ) ) ;
#911 = ADVANCED_FACE ( 'NONE', ( #210 ), #681, .T. ) ;
#912 = CARTESIAN_POINT ( 'NONE',  ( 0.3674999999999998823, 5.421010862427522170E-17, 0.000000000000000000 ) ) ;
#913 = ORIENTED_EDGE ( 'NONE', *, *, #1965, .T. ) ;
#914 = CARTESIAN_POINT ( 'NONE',  ( 0.5999999999999998668, 0.4675000000000000266, 0.000000000000000000 ) ) ;
#915 = ORIENTED_EDGE ( 'NONE', *, *, #827, .T. ) ;
#916 = CARTESIAN_POINT ( 'NONE',  ( -0.2144919317978434270, -0.4954637687146697389, -0.004536231285330614114 ) ) ;
#917 = ORIENTED_EDGE ( 'NONE', *, *, #902, .F. ) ;
#918 = CARTESIAN_POINT ( 'NONE',  ( -0.2287207313045354351, 0.4989093336954413815, -0.001090666304558909677 ) ) ;
#919 = PRESENTATION_STYLE_ASSIGNMENT (( #1716 ) ) ;
#920 = ORIENTED_EDGE ( 'NONE', *, *, #1433, .F. ) ;
#921 = CARTESIAN_POINT ( 'NONE',  ( 0.1658333333333333881, -0.4675000000000000266, 0.03250000000000000111 ) ) ;
#922 = ORIENTED_EDGE ( 'NONE', *, *, #1240, .T. ) ;
#923 = CYLINDRICAL_SURFACE ( 'NONE', #1357, 0.03416666666666666463 ) ;
#924 = VERTEX_POINT ( 'NONE', #51 ) ;
#925 = EDGE_CURVE ( 'NONE', #537, #1069, #697, .T. ) ;
#926 = CARTESIAN_POINT ( 'NONE',  ( -0.2000000000000000666, 0.4675000000000000266, 0.03250000000000000111 ) ) ;
#927 = PRODUCT_CONTEXT ( 'NONE', #935, 'mechanical' ) ;
#928 = AXIS2_PLACEMENT_3D ( 'NONE', #1643, #349, #38 ) ;
#929 = ORIENTED_EDGE ( 'NONE', *, *, #1992, .F. ) ;
#930 = VECTOR ( 'NONE', #411, 1000.000000000000000 ) ;
#931 = LINE ( 'NONE', #285, #1299 ) ;
#932 = ORIENTED_EDGE ( 'NONE', *, *, #664, .F. ) ;
#933 = ADVANCED_FACE ( 'NONE', ( #219 ), #1495, .T. ) ;
#934 = VECTOR ( 'NONE', #113, 1000.000000000000000 ) ;
#935 = APPLICATION_CONTEXT ( 'automotive_design' ) ;
#936 = DIRECTION ( 'NONE',  ( -0.000000000000000000, 0.000000000000000000, 1.000000000000000000 ) ) ;
#937 = DIRECTION ( 'NONE',  ( 0.000000000000000000, 0.000000000000000000, 1.000000000000000000 ) ) ;
#938 = VERTEX_POINT ( 'NONE', #1995 ) ;
#939 = CIRCLE ( 'NONE', #1372, 0.03416666666666666463 ) ;
#940 = LINE ( 'NONE', #1763, #32 ) ;
#941 = PLANE ( 'NONE',  #439 ) ;
#942 = ORIENTED_EDGE ( 'NONE', *, *, #409, .F. ) ;
#943 = DIRECTION ( 'NONE',  ( -1.000000000000000000, 0.000000000000000000, 0.000000000000000000 ) ) ;
#944 = ORIENTED_EDGE ( 'NONE', *, *, #1988, .T. ) ;
#945 = DIRECTION ( 'NONE',  ( -0.000000000000000000, -0.000000000000000000, -1.000000000000000000 ) ) ;
#946 = CARTESIAN_POINT ( 'NONE',  ( -0.5333333333333333259, 0.4333333333333332926, 0.6175000000000000488 ) ) ;
#947 = EDGE_CURVE ( 'NONE', #1554, #537, #1889, .T. ) ;
#948 = ORIENTED_EDGE ( 'NONE', *, *, #2057, .F. ) ;
#949 = CARTESIAN_POINT ( 'NONE',  ( 0.2016666666666663832, -0.4333333333333334036, -0.03250000000000000111 ) ) ;
#950 = DIRECTION ( 'NONE',  ( 0.000000000000000000, 0.000000000000000000, -1.000000000000000000 ) ) ;
#951 = EDGE_LOOP ( 'NONE', ( #741, #348, #261, #1736 ) ) ;
#952 = CARTESIAN_POINT ( 'NONE',  ( 0.1658333333333332771, 0.4333333333333333481, 0.000000000000000000 ) ) ;
#953 = DIRECTION ( 'NONE',  ( 0.000000000000000000, 0.000000000000000000, -1.000000000000000000 ) ) ;
#954 = EDGE_LOOP ( 'NONE', ( #1390, #183, #891, #2007 ) ) ;
#955 = CARTESIAN_POINT ( 'NONE',  ( 0.5333333333333333259, -0.5000000000000001110, 2.168404344971010840E-16 ) ) ;
#956 = EDGE_CURVE ( 'NONE', #1800, #1577, #247, .T. ) ;
#957 = CARTESIAN_POINT ( 'NONE',  ( -0.1675000000000000377, 0.4333333333333332371, -0.03250000000000000111 ) ) ;
#958 = EDGE_LOOP ( 'NONE', ( #1998, #879, #1228, #405 ) ) ;
#959 = LINE ( 'NONE', #1446, #1900 ) ;
#960 = TOROIDAL_SURFACE ( 'NONE', #160, 0.08012860744379253497, 0.03250000000000000111 ) ;
#961 = PLANE ( 'NONE',  #337 ) ;
#962 = ORIENTED_EDGE ( 'NONE', *, *, #170, .T. ) ;
#963 = VECTOR ( 'NONE', #1779, 1000.000000000000000 ) ;
#964 = LINE ( 'NONE', #1942, #863 ) ;
#965 = DIRECTION ( 'NONE',  ( 0.000000000000000000, -0.7071067811865502373, -0.7071067811865449082 ) ) ;
#966 = ORIENTED_EDGE ( 'NONE', *, *, #1627, .F. ) ;
#967 = STYLED_ITEM ( 'NONE', ( #919 ), #1556 ) ;
#968 = DIRECTION ( 'NONE',  ( 1.000000000000000000, 0.000000000000000000, 0.000000000000000000 ) ) ;
#969 = VECTOR ( 'NONE', #1971, 1000.000000000000114 ) ;
#970 = LINE ( 'NONE', #497, #1568 ) ;
#971 = EDGE_LOOP ( 'NONE', ( #782, #1829, #839, #948 ) ) ;
#972 = FACE_OUTER_BOUND ( 'NONE', #1375, .T. ) ;
#973 = AXIS2_PLACEMENT_3D ( 'NONE', #694, #1181, #1816 ) ;
#974 = CARTESIAN_POINT ( 'NONE',  ( -0.1951532948619229269, 0.5000000000000000000, -0.003008168962808892809 ) ) ;
#975 = VECTOR ( 'NONE', #1473, 1000.000000000000000 ) ;
#976 = EDGE_CURVE ( 'NONE', #1243, #1569, #1479, .T. ) ;
#977 = LINE ( 'NONE', #1769, #963 ) ;
#978 = CARTESIAN_POINT ( 'NONE',  ( -0.1215380592228741952, 1.317718278491120713E-17, -0.03250000000000000111 ) ) ;
#979 = ORIENTED_EDGE ( 'NONE', *, *, #521, .F. ) ;
#980 = DIRECTION ( 'NONE',  ( -0.000000000000000000, -0.000000000000000000, 1.000000000000000000 ) ) ;
#981 = DIRECTION ( 'NONE',  ( 0.000000000000000000, -0.000000000000000000, -1.000000000000000000 ) ) ;
#982 = ORIENTED_EDGE ( 'NONE', *, *, #1064, .T. ) ;
#983 = CARTESIAN_POINT ( 'NONE',  ( 0.1674999999999997047, -0.4333333333333335147, 0.000000000000000000 ) ) ;
#984 = DIRECTION ( 'NONE',  ( -0.000000000000000000, -0.000000000000000000, -1.000000000000000000 ) ) ;
#985 = DIRECTION ( 'NONE',  ( -0.000000000000000000, 0.000000000000000000, 1.000000000000000000 ) ) ;
#986 = CARTESIAN_POINT ( 'NONE',  ( 0.2031941709103783078, -0.4911517095402492816, -0.008848290459750730516 ) ) ;
#987 = VERTEX_POINT ( 'NONE', #258 ) ;
#988 = DIRECTION ( 'NONE',  ( -1.000000000000000000, 2.331617575237644400E-16, 0.000000000000000000 ) ) ;
#989 = ORIENTED_EDGE ( 'NONE', *, *, #412, .F. ) ;
#990 = CARTESIAN_POINT ( 'NONE',  ( 0.2000000000000000666, -0.4333333333333332926, 0.03250000000000000111 ) ) ;
#991 = CARTESIAN_POINT ( 'NONE',  ( -0.1572127659780100661, -0.5000000000000001110, 0.000000000000000000 ) ) ;
#992 = CIRCLE ( 'NONE', #1254, 0.05714763705522924592 ) ;
#993 = EDGE_CURVE ( 'NONE', #924, #585, #1378, .T. ) ;
#994 = DIRECTION ( 'NONE',  ( -1.000000000000000000, 0.000000000000000000, 0.000000000000000000 ) ) ;
#995 = CIRCLE ( 'NONE', #1972, 0.06666666666666669350 ) ;
#996 = CARTESIAN_POINT ( 'NONE',  ( 0.2461205673508196634, -0.5000000000000001110, 2.168404344971010840E-16 ) ) ;
#997 = ORIENTED_EDGE ( 'NONE', *, *, #76, .T. ) ;
#998 = VECTOR ( 'NONE', #1112, 1000.000000000000114 ) ;
#999 = ADVANCED_FACE ( 'NONE', ( #438 ), #281, .F. ) ;
#1000 = VERTEX_POINT ( 'NONE', #2017 ) ;
#1001 = PRESENTATION_LAYER_ASSIGNMENT (  '', '', ( #967 ) ) ;
#1002 = DIRECTION ( 'NONE',  ( -1.159574516027277451E-16, 1.000000000000000000, -0.000000000000000000 ) ) ;
#1003 = ADVANCED_FACE ( 'NONE', ( #133 ), #1107, .F. ) ;
#1004 = DIRECTION ( 'NONE',  ( 1.000000000000000000, 0.000000000000000000, 0.000000000000000000 ) ) ;
#1005 = CIRCLE ( 'NONE', #1136, 0.06666666666666669350 ) ;
#1006 = CONICAL_SURFACE ( 'NONE', #1642, 0.03416666666666715035, 0.7853981633974445042 ) ;
#1007 = CARTESIAN_POINT ( 'NONE',  ( -0.5333333333333333259, -0.4333333333333335147, -0.03250000000000000111 ) ) ;
#1008 = AXIS2_PLACEMENT_3D ( 'NONE', #854, #1960, #1347 ) ;
#1009 = CARTESIAN_POINT ( 'NONE',  ( -0.1572127659780100661, -0.5000000000000001110, 0.000000000000000000 ) ) ;
#1010 = VERTEX_POINT ( 'NONE', #2027 ) ;
#1011 = LINE ( 'NONE', #1650, #1841 ) ;
#1012 = EDGE_LOOP ( 'NONE', ( #508, #1818, #606, #2028 ) ) ;
#1013 = PRESENTATION_STYLE_ASSIGNMENT (( #341 ) ) ;
#1014 = CARTESIAN_POINT ( 'NONE',  ( -0.5333333333333333259, -0.4675000000000001932, 0.000000000000000000 ) ) ;
#1015 = EDGE_CURVE ( 'NONE', #252, #887, #939, .T. ) ;
#1016 = PRODUCT_DEFINITION ( 'UNKNOWN', '', #693, #1412 ) ;
#1017 = DIRECTION ( 'NONE',  ( 0.000000000000000000, 0.000000000000000000, -1.000000000000000000 ) ) ;
#1018 = DIRECTION ( 'NONE',  ( -0.7071067811865449082, 0.000000000000000000, 0.7071067811865502373 ) ) ;
#1019 = EDGE_LOOP ( 'NONE', ( #1856, #1617, #1584, #1886 ) ) ;
#1020 = ADVANCED_FACE ( 'NONE', ( #1207 ), #1408, .T. ) ;
#1021 = CARTESIAN_POINT ( 'NONE',  ( 0.6000000000000000888, -0.4333333333333334036, 2.168404344971010840E-16 ) ) ;
#1022 = PRODUCT_DEFINITION_SHAPE ( 'NONE', 'NONE',  #1016 ) ;
#1023 = EDGE_CURVE ( 'NONE', #339, #938, #1645, .T. ) ;
#1024 = CARTESIAN_POINT ( 'NONE',  ( 0.000000000000000000, 0.000000000000000000, 0.000000000000000000 ) ) ;
#1025 = DIRECTION ( 'NONE',  ( 1.000000000000000000, 0.000000000000000000, 0.000000000000000000 ) ) ;
#1026 = EDGE_CURVE ( 'NONE', #1523, #339, #289, .T. ) ;
#1027 = CARTESIAN_POINT ( 'NONE',  ( -0.5675000000000001155, 0.4333333333333332926, -0.03250000000000000111 ) ) ;
#1028 = ORIENTED_EDGE ( 'NONE', *, *, #1120, .T. ) ;
#1029 = CARTESIAN_POINT ( 'NONE',  ( 0.2016666666666664109, -0.4675000000000001377, 0.000000000000000000 ) ) ;
#1030 = CARTESIAN_POINT ( 'NONE',  ( -0.2016666666666668273, -0.4333333333333334036, -0.03250000000000000111 ) ) ;
#1031 = AXIS2_PLACEMENT_3D ( 'NONE', #514, #667, #1786 ) ;
#1032 =( GEOMETRIC_REPRESENTATION_CONTEXT ( 3 ) GLOBAL_UNCERTAINTY_ASSIGNED_CONTEXT ( ( #1058 ) ) GLOBAL_UNIT_ASSIGNED_CONTEXT ( ( #220, #1828, #847 ) ) REPRESENTATION_CONTEXT ( 'NONE', 'WORKASPACE' ) );
#1033 = AXIS2_PLACEMENT_3D ( 'NONE', #265, #874, #1537 ) ;
#1034 = CARTESIAN_POINT ( 'NONE',  ( -0.2374707633595480039, 0.4999999999996311839, -3.690571368199416263E-13 ) ) ;
#1035 = VECTOR ( 'NONE', #1742, 1000.000000000000000 ) ;
#1036 = ORIENTED_EDGE ( 'NONE', *, *, #5, .T. ) ;
#1037 = EDGE_CURVE ( 'NONE', #1577, #471, #745, .T. ) ;
#1038 = CIRCLE ( 'NONE', #1073, 0.06666666666666669350 ) ;
#1039 = CARTESIAN_POINT ( 'NONE',  ( 0.2461205673508196634, -0.5000000000000001110, 2.168404344971010840E-16 ) ) ;
#1040 = DIRECTION ( 'NONE',  ( 0.000000000000000000, 1.000000000000000000, 0.000000000000000000 ) ) ;
#1041 = ORIENTED_EDGE ( 'NONE', *, *, #1647, .F. ) ;
#1042 = AXIS2_PLACEMENT_3D ( 'NONE', #1147, #980, #1167 ) ;
#1043 = CARTESIAN_POINT ( 'NONE',  ( -0.5799999999999997380, -0.4333333333333334036, 0.6175000000000000488 ) ) ;
#1044 =( REPRESENTATION_RELATIONSHIP ('NONE','NONE', #1409, #1839 ) REPRESENTATION_RELATIONSHIP_WITH_TRANSFORMATION ( #631 )SHAPE_REPRESENTATION_RELATIONSHIP( ) );
#1045 = EDGE_LOOP ( 'NONE', ( #194, #1054, #625, #54, #482 ) ) ;
#1046 = CARTESIAN_POINT ( 'NONE',  ( 0.2016666666666664109, -0.4675000000000001377, -0.03250000000000000111 ) ) ;
#1047 = EDGE_CURVE ( 'NONE', #1888, #636, #271, .T. ) ;
#1048 = EDGE_LOOP ( 'NONE', ( #428, #1421, #1206, #771 ) ) ;
#1049 = CARTESIAN_POINT ( 'NONE',  ( 0.5333333333333331039, 0.4333333333333333481, 0.000000000000000000 ) ) ;
#1050 = ADVANCED_FACE ( 'NONE', ( #1548 ), #1564, .F. ) ;
#1051 = CARTESIAN_POINT ( 'NONE',  ( 0.5999999999999998668, 0.5000000000000000000, 0.6175000000000000488 ) ) ;
#1052 = VERTEX_POINT ( 'NONE', #1229 ) ;
#1053 = DIRECTION ( 'NONE',  ( -0.000000000000000000, 0.7071067811865513475, 0.7071067811865436870 ) ) ;
#1054 = ORIENTED_EDGE ( 'NONE', *, *, #292, .T. ) ;
#1055 = CARTESIAN_POINT ( 'NONE',  ( -0.2144919317947963366, 0.4954637687136471125, -0.004536231286353132122 ) ) ;
#1056 =( LENGTH_UNIT ( ) NAMED_UNIT ( * ) SI_UNIT ( .MILLI., .METRE. ) );
#1057 = ORIENTED_EDGE ( 'NONE', *, *, #1702, .F. ) ;
#1058 = UNCERTAINTY_MEASURE_WITH_UNIT (LENGTH_MEASURE( 1.000000000000000082E-05 ), #220, 'distance_accuracy_value', 'NONE');
#1059 = DIRECTION ( 'NONE',  ( -0.000000000000000000, 0.000000000000000000, 1.000000000000000000 ) ) ;
#1060 = CARTESIAN_POINT ( 'NONE',  ( -0.6000000000000000888, 0.4333333333333332926, -2.168404344971008868E-16 ) ) ;
#1061 = ORIENTED_EDGE ( 'NONE', *, *, #1583, .F. ) ;
#1062 = CIRCLE ( 'NONE', #719, 0.03416666666666666463 ) ;
#1063 = CONICAL_SURFACE ( 'NONE', #1527, 0.04666666666666664798, 0.7853981633974422838 ) ;
#1064 = EDGE_CURVE ( 'NONE', #1559, #1424, #1085, .T. ) ;
#1065 = DIRECTION ( 'NONE',  ( 0.000000000000000000, -1.000000000000000000, 0.000000000000000000 ) ) ;
#1066 = EDGE_CURVE ( 'NONE', #361, #785, #1542, .T. ) ;
#1067 = ORIENTED_EDGE ( 'NONE', *, *, #468, .F. ) ;
#1068 = DIRECTION ( 'NONE',  ( -2.168404344971008868E-16, 1.000000000000000000, 0.000000000000000000 ) ) ;
#1069 = VERTEX_POINT ( 'NONE', #453 ) ;
#1070 = FACE_OUTER_BOUND ( 'NONE', #369, .T. ) ;
#1071 = FACE_OUTER_BOUND ( 'NONE', #1747, .T. ) ;
#1072 = ORIENTED_EDGE ( 'NONE', *, *, #170, .F. ) ;
#1073 = AXIS2_PLACEMENT_3D ( 'NONE', #309, #320, #1587 ) ;
#1074 = AXIS2_PLACEMENT_3D ( 'NONE', #1966, #658, #850 ) ;
#1075 = ORIENTED_EDGE ( 'NONE', *, *, #1778, .F. ) ;
#1076 = DIRECTION ( 'NONE',  ( -1.000000000000000000, 0.000000000000000000, 0.000000000000000000 ) ) ;
#1077 = EDGE_CURVE ( 'NONE', #1510, #1259, #1301, .T. ) ;
#1078 = DIRECTION ( 'NONE',  ( 0.000000000000000000, 0.000000000000000000, 1.000000000000000000 ) ) ;
#1079 = ORIENTED_EDGE ( 'NONE', *, *, #1077, .F. ) ;
#1080 = DIRECTION ( 'NONE',  ( 0.000000000000000000, 0.000000000000000000, 1.000000000000000000 ) ) ;
#1081 = ORIENTED_EDGE ( 'NONE', *, *, #1023, .T. ) ;
#1082 = ADVANCED_FACE ( 'NONE', ( #1597 ), #1672, .T. ) ;
#1083 = DIRECTION ( 'NONE',  ( 1.000000000000000000, -2.331617575237643907E-16, 0.000000000000000000 ) ) ;
#1084 = EDGE_LOOP ( 'NONE', ( #148, #756, #1842, #1867, #269, #849, #322, #1140 ) ) ;
#1085 = LINE ( 'NONE', #766, #100 ) ;
#1086 = B_SPLINE_CURVE_WITH_KNOTS ( 'NONE', 3,
 ( #1536, #108, #1865, #880, #1343, #546, #1184, #388, #630, #821 ),
 .UNSPECIFIED., .F., .F.,
 ( 4, 3, 3, 4 ),
 ( -1.798068751124050757E-06, 0.000000000000000000, 1.917068493024962682E-05, 4.530355639454908257E-05 ),
 .UNSPECIFIED. ) ;
#1087 = ADVANCED_FACE ( 'NONE', ( #1419 ), #15, .F. ) ;
#1088 =( NAMED_UNIT ( * ) SI_UNIT ( $, .STERADIAN. ) SOLID_ANGLE_UNIT ( ) );
#1089 = ORIENTED_EDGE ( 'NONE', *, *, #1904, .T. ) ;
#1090 = DIRECTION ( 'NONE',  ( 0.000000000000000000, -0.7071067811865451302, -0.7071067811865499042 ) ) ;
#1091 = ORIENTED_EDGE ( 'NONE', *, *, #447, .F. ) ;
#1092 = CARTESIAN_POINT ( 'NONE',  ( 0.5333333333333331039, 0.4799999999999999822, 0.6175000000000000488 ) ) ;
#1093 = VECTOR ( 'NONE', #1491, 1000.000000000000000 ) ;
#1094 = ORIENTED_EDGE ( 'NONE', *, *, #618, .T. ) ;
#1095 = DIRECTION ( 'NONE',  ( 0.000000000000000000, 0.000000000000000000, 1.000000000000000000 ) ) ;
#1096 = ORIENTED_EDGE ( 'NONE', *, *, #2081, .T. ) ;
#1097 = UNCERTAINTY_MEASURE_WITH_UNIT (LENGTH_MEASURE( 1.000000000000000082E-05 ), #1508, 'distance_accuracy_value', 'NONE');
#1098 = VECTOR ( 'NONE', #563, 1000.000000000000000 ) ;
#1099 = VECTOR ( 'NONE', #889, 1000.000000000000000 ) ;
#1100 = DIRECTION ( 'NONE',  ( -0.000000000000000000, -0.000000000000000000, 1.000000000000000000 ) ) ;
#1101 = EDGE_CURVE ( 'NONE', #785, #493, #466, .T. ) ;
#1102 = ORIENTED_EDGE ( 'NONE', *, *, #1850, .T. ) ;
#1103 = VECTOR ( 'NONE', #2066, 1000.000000000000000 ) ;
#1104 = SURFACE_STYLE_FILL_AREA ( #1893 ) ;
#1105 = DIRECTION ( 'NONE',  ( 2.168404344971008868E-16, -1.000000000000000000, 0.000000000000000000 ) ) ;
#1106 = ORIENTED_EDGE ( 'NONE', *, *, #1887, .F. ) ;
#1107 = TOROIDAL_SURFACE ( 'NONE', #69, 0.08012860744379213251, 0.03250000000000000111 ) ;
#1108 = DIRECTION ( 'NONE',  ( 1.000000000000000000, 0.000000000000000000, 0.000000000000000000 ) ) ;
#1109 = CARTESIAN_POINT ( 'NONE',  ( -0.2388268975004170791, 0.5000000000000000000, -0.0002234810227804482740 ) ) ;
#1110 = EDGE_LOOP ( 'NONE', ( #2079, #2055, #244, #1610 ) ) ;
#1111 = ADVANCED_FACE ( 'NONE', ( #1304 ), #1455, .T. ) ;
#1112 = DIRECTION ( 'NONE',  ( 0.000000000000000000, -0.7071067811865435759, 0.7071067811865513475 ) ) ;
#1113 = PLANE ( 'NONE',  #1939 ) ;
#1114 = ORIENTED_EDGE ( 'NONE', *, *, #1870, .T. ) ;
#1115 = DIRECTION ( 'NONE',  ( 1.000000000000000000, 0.000000000000000000, 0.000000000000000000 ) ) ;
#1116 = CARTESIAN_POINT ( 'NONE',  ( -0.5999999999999998668, -0.4333333333333334036, -2.168404344971008868E-16 ) ) ;
#1117 = ORIENTED_EDGE ( 'NONE', *, *, #1120, .F. ) ;
#1118 = DIRECTION ( 'NONE',  ( 1.000000000000000000, 0.000000000000000000, 0.000000000000000000 ) ) ;
#1119 = CARTESIAN_POINT ( 'NONE',  ( -0.2000000000000000666, 0.4333333333333333481, 0.000000000000000000 ) ) ;
#1120 = EDGE_CURVE ( 'NONE', #1833, #1510, #333, .T. ) ;
#1121 = ORIENTED_EDGE ( 'NONE', *, *, #1478, .F. ) ;
#1122 = FACE_OUTER_BOUND ( 'NONE', #1526, .T. ) ;
#1123 = CARTESIAN_POINT ( 'NONE',  ( 0.5333333333333331039, 0.4333333333333333481, -0.03250000000000000111 ) ) ;
#1124 = ORIENTED_EDGE ( 'NONE', *, *, #1752, .T. ) ;
#1125 = DIRECTION ( 'NONE',  ( 0.000000000000000000, 0.000000000000000000, -1.000000000000000000 ) ) ;
#1126 = CARTESIAN_POINT ( 'NONE',  ( -0.5333333333333333259, -0.4675000000000001932, -0.03250000000000000111 ) ) ;
#1127 = DIRECTION ( 'NONE',  ( -0.000000000000000000, 0.000000000000000000, 1.000000000000000000 ) ) ;
#1128 = DIRECTION ( 'NONE',  ( 1.000000000000000000, 0.000000000000000000, 0.000000000000000000 ) ) ;
#1129 = EDGE_CURVE ( 'NONE', #1680, #1441, #959, .T. ) ;
#1130 = VECTOR ( 'NONE', #25, 1000.000000000000000 ) ;
#1131 = DIRECTION ( 'NONE',  ( -0.7071067811865499042, 7.666467083416895342E-17, -0.7071067811865452413 ) ) ;
#1132 = CIRCLE ( 'NONE', #228, 0.06666666666666669350 ) ;
#1133 = PLANE ( 'NONE',  #128 ) ;
#1134 = CARTESIAN_POINT ( 'NONE',  ( 0.2081800384714094510, 0.5000000000000000000, -0.003008168962808763572 ) ) ;
#1135 = ORIENTED_EDGE ( 'NONE', *, *, #573, .T. ) ;
#1136 = AXIS2_PLACEMENT_3D ( 'NONE', #97, #575, #730 ) ;
#1137 = DIRECTION ( 'NONE',  ( -1.000000000000000000, 0.000000000000000000, 0.000000000000000000 ) ) ;
#1138 = VECTOR ( 'NONE', #237, 1000.000000000000000 ) ;
#1139 = SURFACE_STYLE_FILL_AREA ( #1931 ) ;
#1140 = ORIENTED_EDGE ( 'NONE', *, *, #597, .T. ) ;
#1141 = LINE ( 'NONE', #1260, #1734 ) ;
#1142 = VECTOR ( 'NONE', #903, 1000.000000000000000 ) ;
#1143 = DIRECTION ( 'NONE',  ( 0.000000000000000000, 0.000000000000000000, 1.000000000000000000 ) ) ;
#1144 = CARTESIAN_POINT ( 'NONE',  ( 0.000000000000000000, 0.4675000000000000266, -0.03250000000000000111 ) ) ;
#1145 = LINE ( 'NONE', #356, #122 ) ;
#1146 = VERTEX_POINT ( 'NONE', #308 ) ;
#1147 = CARTESIAN_POINT ( 'NONE',  ( -0.2016666666666667995, -0.4333333333333335702, -0.03250000000000000111 ) ) ;
#1148 = DIRECTION ( 'NONE',  ( 0.000000000000000000, 0.000000000000000000, -1.000000000000000000 ) ) ;
#1149 = LINE ( 'NONE', #1477, #2037 ) ;
#1150 =( REPRESENTATION_RELATIONSHIP ('NONE','NONE', #1409, #1839 ) REPRESENTATION_RELATIONSHIP_WITH_TRANSFORMATION ( #1733 )SHAPE_REPRESENTATION_RELATIONSHIP( ) );
#1151 = CARTESIAN_POINT ( 'NONE',  ( -0.1734627659780099140, 0.5000000000000000000, -0.0009354570989096469644 ) ) ;
#1152 = EDGE_CURVE ( 'NONE', #1554, #1944, #179, .T. ) ;
#1153 = DIRECTION ( 'NONE',  ( 1.000000000000000000, 0.000000000000000000, 0.000000000000000000 ) ) ;
#1154 = CARTESIAN_POINT ( 'NONE',  ( -0.2298705673553235462, -0.5000000000000001110, -0.0009354570989096517349 ) ) ;
#1155 = ORIENTED_EDGE ( 'NONE', *, *, #1850, .F. ) ;
#1156 = CARTESIAN_POINT ( 'NONE',  ( 0.1445190296114371442, -1.566878458702170859E-17, -0.009519029611437275842 ) ) ;
#1157 = FACE_OUTER_BOUND ( 'NONE', #1168, .T. ) ;
#1158 = CARTESIAN_POINT ( 'NONE',  ( -0.2016666666666668273, -0.4333333333333334036, -0.03249999999999997335 ) ) ;
#1159 = VECTOR ( 'NONE', #522, 1000.000000000000114 ) ;
#1160 = LINE ( 'NONE', #1793, #332 ) ;
#1161 = LINE ( 'NONE', #1338, #1906 ) ;
#1162 = VECTOR ( 'NONE', #1630, 1000.000000000000000 ) ;
#1163 = LINE ( 'NONE', #1488, #1098 ) ;
#1164 = CARTESIAN_POINT ( 'NONE',  ( 0.5999999999999998668, 0.4333333333333332926, 2.168404344971008868E-16 ) ) ;
#1165 = ORIENTED_EDGE ( 'NONE', *, *, #1015, .F. ) ;
#1166 = PRESENTATION_LAYER_ASSIGNMENT (  '', '', ( #721 ) ) ;
#1167 = DIRECTION ( 'NONE',  ( -1.000000000000000000, 0.000000000000000000, 0.000000000000000000 ) ) ;
#1168 = EDGE_LOOP ( 'NONE', ( #913, #2065, #379, #1659, #841, #1882, #997, #1407 ) ) ;
#1169 = LINE ( 'NONE', #214, #198 ) ;
#1170 = FACE_OUTER_BOUND ( 'NONE', #152, .T. ) ;
#1171 = VECTOR ( 'NONE', #1351, 1000.000000000000000 ) ;
#1172 = DIRECTION ( 'NONE',  ( -0.000000000000000000, 0.000000000000000000, 1.000000000000000000 ) ) ;
#1173 = VECTOR ( 'NONE', #1514, 1000.000000000000000 ) ;
#1174 = DIRECTION ( 'NONE',  ( 0.000000000000000000, 0.000000000000000000, 1.000000000000000000 ) ) ;
#1175 = DIRECTION ( 'NONE',  ( 0.000000000000000000, 0.7071067811865449082, -0.7071067811865502373 ) ) ;
#1176 = VERTEX_POINT ( 'NONE', #153 ) ;
#1177 = ADVANCED_FACE ( 'NONE', ( #651 ), #131, .T. ) ;
#1178 = CARTESIAN_POINT ( 'NONE',  ( 0.5333333333333331039, 0.5000000000000000000, 0.5974999999999998090 ) ) ;
#1179 = CARTESIAN_POINT ( 'NONE',  ( -0.1658333333333332771, -0.4675000000000000266, 0.000000000000000000 ) ) ;
#1180 = DIRECTION ( 'NONE',  ( 0.000000000000000000, 0.000000000000000000, -1.000000000000000000 ) ) ;
#1181 = DIRECTION ( 'NONE',  ( 0.000000000000000000, 0.000000000000000000, -1.000000000000000000 ) ) ;
#1182 = EDGE_CURVE ( 'NONE', #1517, #357, #786, .T. ) ;
#1183 = ORIENTED_EDGE ( 'NONE', *, *, #2057, .T. ) ;
#1184 = CARTESIAN_POINT ( 'NONE',  ( 0.2205374824745748863, 0.4969277248052095253, -0.003072275194790316868 ) ) ;
#1185 = VERTEX_POINT ( 'NONE', #301 ) ;
#1186 = LINE ( 'NONE', #391, #1427 ) ;
#1187 = DIRECTION ( 'NONE',  ( 1.000000000000000000, -2.331617575237643907E-16, -0.000000000000000000 ) ) ;
#1188 = CARTESIAN_POINT ( 'NONE',  ( -0.5675000000000004485, -1.230569465771048519E-16, -0.03250000000000000111 ) ) ;
#1189 = ADVANCED_FACE ( 'NONE', ( #1283 ), #1431, .T. ) ;
#1190 = ORIENTED_EDGE ( 'NONE', *, *, #1129, .F. ) ;
#1191 = DIRECTION ( 'NONE',  ( 0.000000000000000000, 0.000000000000000000, -1.000000000000000000 ) ) ;
#1192 = FACE_OUTER_BOUND ( 'NONE', #1820, .T. ) ;
#1193 = ORIENTED_EDGE ( 'NONE', *, *, #653, .T. ) ;
#1194 = CARTESIAN_POINT ( 'NONE',  ( -0.2000000000000000666, 0.4675000000000000266, 0.03250000000000000111 ) ) ;
#1195 = AXIS2_PLACEMENT_3D ( 'NONE', #1915, #1309, #1153 ) ;
#1196 = EDGE_CURVE ( 'NONE', #1888, #1052, #1141, .T. ) ;
#1197 = VERTEX_POINT ( 'NONE', #1910 ) ;
#1198 = DIRECTION ( 'NONE',  ( 0.000000000000000000, -0.7071067811865449082, -0.7071067811865502373 ) ) ;
#1199 = PRODUCT ( 'pin_\X2\9ed88ba4\X0\', 'pin_\X2\9ed88ba4\X0\', '', ( #927 ) ) ;
#1200 = EDGE_LOOP ( 'NONE', ( #1685, #117, #942, #474 ) ) ;
#1201 = DIRECTION ( 'NONE',  ( 0.000000000000000000, -1.000000000000000000, 0.000000000000000000 ) ) ;
#1202 = LINE ( 'NONE', #275, #1834 ) ;
#1203 = ORIENTED_EDGE ( 'NONE', *, *, #947, .F. ) ;
#1204 = FACE_OUTER_BOUND ( 'NONE', #1927, .T. ) ;
#1205 = ADVANCED_FACE ( 'NONE', ( #1291 ), #1006, .T. ) ;
#1206 = ORIENTED_EDGE ( 'NONE', *, *, #827, .F. ) ;
#1207 = FACE_OUTER_BOUND ( 'NONE', #445, .T. ) ;
#1208 = APPLICATION_PROTOCOL_DEFINITION ( 'draft international standard', 'automotive_design', 1998, #118 ) ;
#1209 = ORIENTED_EDGE ( 'NONE', *, *, #1345, .T. ) ;
#1210 = EDGE_CURVE ( 'NONE', #81, #166, #940, .T. ) ;
#1211 = DIRECTION ( 'NONE',  ( 1.000000000000000000, 0.000000000000000000, 0.000000000000000000 ) ) ;
#1212 = LINE ( 'NONE', #399, #1171 ) ;
#1213 = ADVANCED_FACE ( 'NONE', ( #972 ), #1611, .F. ) ;
#1214 = EDGE_LOOP ( 'NONE', ( #191, #1790, #1041, #1459, #1863 ) ) ;
#1215 = CARTESIAN_POINT ( 'NONE',  ( 0.1999999999999999556, 0.4333333333333333481, 0.03250000000000000111 ) ) ;
#1216 = PRODUCT_DEFINITION_SHAPE ( 'NONE', 'NONE',  #2083 ) ;
#1217 = ORIENTED_EDGE ( 'NONE', *, *, #1914, .F. ) ;
#1218 = DIRECTION ( 'NONE',  ( -1.000000000000000000, 1.084202172485504434E-16, 0.000000000000000000 ) ) ;
#1219 = DIRECTION ( 'NONE',  ( 1.000000000000000000, 0.000000000000000000, 0.000000000000000000 ) ) ;
#1220 = AXIS2_PLACEMENT_3D ( 'NONE', #978, #669, #34 ) ;
#1221 = ORIENTED_EDGE ( 'NONE', *, *, #1261, .F. ) ;
#1222 = DIRECTION ( 'NONE',  ( 0.000000000000000000, -0.000000000000000000, -1.000000000000000000 ) ) ;
#1223 = DIRECTION ( 'NONE',  ( 0.000000000000000000, -0.000000000000000000, 1.000000000000000000 ) ) ;
#1224 = VERTEX_POINT ( 'NONE', #983 ) ;
#1225 = COLOUR_RGB ( '',0.8980392156862745390, 0.9215686274509803377, 0.9294117647058823817 ) ;
#1226 = DIRECTION ( 'NONE',  ( 2.168404344971008868E-16, -1.000000000000000000, 0.000000000000000000 ) ) ;
#1227 = AXIS2_PLACEMENT_3D ( 'NONE', #483, #1603, #1275 ) ;
#1228 = ORIENTED_EDGE ( 'NONE', *, *, #279, .F. ) ;
#1229 = CARTESIAN_POINT ( 'NONE',  ( 0.5333333333333329929, -0.4675000000000001377, -0.03250000000000000111 ) ) ;
#1230 = PRESENTATION_LAYER_ASSIGNMENT (  '', '', ( #296 ) ) ;
#1231 = VECTOR ( 'NONE', #459, 1000.000000000000000 ) ;
#1232 = EDGE_CURVE ( 'NONE', #1380, #1730, #1934, .T. ) ;
#1233 = ORIENTED_EDGE ( 'NONE', *, *, #403, .F. ) ;
#1234 = DIRECTION ( 'NONE',  ( -1.084202172485504311E-16, -1.000000000000000000, 0.000000000000000000 ) ) ;
#1235 = EDGE_CURVE ( 'NONE', #1577, #1197, #615, .T. ) ;
#1236 = ORIENTED_EDGE ( 'NONE', *, *, #1023, .F. ) ;
#1237 = AXIS2_PLACEMENT_3D ( 'NONE', #1560, #607, #1218 ) ;
#1238 = CARTESIAN_POINT ( 'NONE',  ( 0.1658333333333332771, 0.4675000000000000266, 0.03250000000000000111 ) ) ;
#1239 = AXIS2_PLACEMENT_3D ( 'NONE', #1639, #539, #1660 ) ;
#1240 = EDGE_CURVE ( 'NONE', #1532, #1676, #217, .T. ) ;
#1241 = ORIENTED_EDGE ( 'NONE', *, *, #679, .F. ) ;
#1242 = PRODUCT_CONTEXT ( 'NONE', #363, 'mechanical' ) ;
#1243 = VERTEX_POINT ( 'NONE', #1824 ) ;
#1244 = DIRECTION ( 'NONE',  ( 0.000000000000000000, -0.000000000000000000, 1.000000000000000000 ) ) ;
#1245 = EDGE_LOOP ( 'NONE', ( #966, #1735, #1954, #1859 ) ) ;
#1246 = DIRECTION ( 'NONE',  ( -1.000000000000000000, 0.000000000000000000, 0.000000000000000000 ) ) ;
#1247 = ORIENTED_EDGE ( 'NONE', *, *, #2051, .F. ) ;
#1248 = CARTESIAN_POINT ( 'NONE',  ( -0.5333333333333333259, 0.4799999999999999822, 0.6175000000000000488 ) ) ;
#1249 = EDGE_CURVE ( 'NONE', #769, #1, #1160, .T. ) ;
#1250 =( NAMED_UNIT ( * ) PLANE_ANGLE_UNIT ( ) SI_UNIT ( $, .RADIAN. ) );
#1251 = ORIENTED_EDGE ( 'NONE', *, *, #1358, .F. ) ;
#1252 = DIRECTION ( 'NONE',  ( -1.000000000000000000, 0.000000000000000000, 0.000000000000000000 ) ) ;
#1253 = VERTEX_POINT ( 'NONE', #1815 ) ;
#1254 = AXIS2_PLACEMENT_3D ( 'NONE', #1319, #1787, #848 ) ;
#1255 = CARTESIAN_POINT ( 'NONE',  ( 0.1658333333333333881, -0.4333333333333332926, 0.03250000000000000111 ) ) ;
#1256 = CIRCLE ( 'NONE', #616, 0.03416666666666666463 ) ;
#1257 = CARTESIAN_POINT ( 'NONE',  ( 0.000000000000000000, 0.000000000000000000, 0.03250000000000000111 ) ) ;
#1258 = CIRCLE ( 'NONE', #1631, 0.03416666666666672014 ) ;
#1259 = VERTEX_POINT ( 'NONE', #197 ) ;
#1260 = CARTESIAN_POINT ( 'NONE',  ( 0.5333333333333329929, -0.4675000000000001377, -0.03250000000000000111 ) ) ;
#1261 = EDGE_CURVE ( 'NONE', #394, #1944, #1315, .T. ) ;
#1262 = AXIS2_PLACEMENT_3D ( 'NONE', #56, #1968, #700 ) ;
#1263 = CARTESIAN_POINT ( 'NONE',  ( -0.2170733596064501336, 0.5000000000000000000, -0.001471986861916767990 ) ) ;
#1264 = ORIENTED_EDGE ( 'NONE', *, *, #70, .T. ) ;
#1265 = CARTESIAN_POINT ( 'NONE',  ( -0.5333333333333333259, 0.5000000000000000000, 0.5974999999999998090 ) ) ;
#1266 = CARTESIAN_POINT ( 'NONE',  ( -0.2016666666666667163, 0.5000000000000000000, -2.439454888092384977E-16 ) ) ;
#1267 = ORIENTED_EDGE ( 'NONE', *, *, #5, .F. ) ;
#1268 = FILL_AREA_STYLE_COLOUR ( '', #1225 ) ;
#1269 = DIRECTION ( 'NONE',  ( -0.000000000000000000, 0.000000000000000000, 1.000000000000000000 ) ) ;
#1270 = ORIENTED_EDGE ( 'NONE', *, *, #1129, .T. ) ;
#1271 = CIRCLE ( 'NONE', #801, 0.03416666666666672014 ) ;
#1272 = DIRECTION ( 'NONE',  ( 0.000000000000000000, -0.000000000000000000, -1.000000000000000000 ) ) ;
#1273 = DIRECTION ( 'NONE',  ( 0.000000000000000000, 0.000000000000000000, 1.000000000000000000 ) ) ;
#1274 = ORIENTED_EDGE ( 'NONE', *, *, #495, .F. ) ;
#1275 = DIRECTION ( 'NONE',  ( 1.000000000000000000, 0.000000000000000000, 0.000000000000000000 ) ) ;
#1276 = CARTESIAN_POINT ( 'NONE',  ( 0.2016666666666665220, 0.4904809703885625316, -0.009519029611437303598 ) ) ;
#1277 = ORIENTED_EDGE ( 'NONE', *, *, #319, .T. ) ;
#1278 = EDGE_CURVE ( 'NONE', #290, #924, #1398, .T. ) ;
#1279 = FACE_OUTER_BOUND ( 'NONE', #1245, .T. ) ;
#1280 = ADVANCED_FACE ( 'NONE', ( #708 ), #1875, .F. ) ;
#1281 = FACE_OUTER_BOUND ( 'NONE', #204, .T. ) ;
#1282 = LINE ( 'NONE', #317, #587 ) ;
#1283 = FACE_OUTER_BOUND ( 'NONE', #1626, .T. ) ;
#1284 = CARTESIAN_POINT ( 'NONE',  ( 0.1658333333333332771, 0.4675000000000000266, 0.000000000000000000 ) ) ;
#1285 = DIRECTION ( 'NONE',  ( -1.000000000000000000, 0.000000000000000000, 0.000000000000000000 ) ) ;
#1286 = DIRECTION ( 'NONE',  ( 0.000000000000000000, -0.000000000000000000, 1.000000000000000000 ) ) ;
#1287 = ORIENTED_EDGE ( 'NONE', *, *, #1702, .T. ) ;
#1288 = LINE ( 'NONE', #139, #59 ) ;
#1289 = FILL_AREA_STYLE_COLOUR ( '', #2008 ) ;
#1290 = ORIENTED_EDGE ( 'NONE', *, *, #1880, .F. ) ;
#1291 = FACE_OUTER_BOUND ( 'NONE', #559, .T. ) ;
#1292 = AXIS2_PLACEMENT_3D ( 'NONE', #1024, #1494, #1486 ) ;
#1293 = DIRECTION ( 'NONE',  ( -1.000000000000000000, 0.000000000000000000, 0.000000000000000000 ) ) ;
#1294 = VECTOR ( 'NONE', #1439, 1000.000000000000000 ) ;
#1295 = LINE ( 'NONE', #1448, #1632 ) ;
#1296 = ADVANCED_FACE ( 'NONE', ( #2039 ), #1832, .T. ) ;
#1297 = CARTESIAN_POINT ( 'NONE',  ( -0.1620780677708282824, -0.5000000000000001110, -8.410913210835437059E-05 ) ) ;
#1298 = EDGE_LOOP ( 'NONE', ( #1311, #1547, #1905, #738 ) ) ;
#1299 = VECTOR ( 'NONE', #1286, 1000.000000000000000 ) ;
#1300 = CARTESIAN_POINT ( 'NONE',  ( 0.5674999999999998934, 0.4333333333333333481, -0.03250000000000000111 ) ) ;
#1301 = CIRCLE ( 'NONE', #1836, 0.03416666666666666463 ) ;
#1302 = DIRECTION ( 'NONE',  ( -0.000000000000000000, 0.000000000000000000, 1.000000000000000000 ) ) ;
#1303 = CARTESIAN_POINT ( 'NONE',  ( 0.5333333333333333259, -0.5000000000000001110, 0.6175000000000000488 ) ) ;
#1304 = FACE_OUTER_BOUND ( 'NONE', #415, .T. ) ;
#1305 = EDGE_CURVE ( 'NONE', #1909, #545, #594, .T. ) ;
#1306 = VECTOR ( 'NONE', #89, 1000.000000000000000 ) ;
#1307 = CARTESIAN_POINT ( 'NONE',  ( -0.1626384004005544115, 0.5000000000000000000, -2.262494087705731800E-18 ) ) ;
#1308 = AXIS2_PLACEMENT_3D ( 'NONE', #1049, #396, #1819 ) ;
#1309 = DIRECTION ( 'NONE',  ( 0.000000000000000000, 0.000000000000000000, 1.000000000000000000 ) ) ;
#1310 = CARTESIAN_POINT ( 'NONE',  ( -0.2352715983169533231, -0.5000000000000001110, -0.0004193433143462952772 ) ) ;
#1311 = ORIENTED_EDGE ( 'NONE', *, *, #1394, .F. ) ;
#1312 = CARTESIAN_POINT ( 'NONE',  ( 0.1674999999999998157, 0.4333333333333333481, 0.000000000000000000 ) ) ;
#1313 = FACE_OUTER_BOUND ( 'NONE', #633, .T. ) ;
#1314 = CARTESIAN_POINT ( 'NONE',  ( 0.5333333333333333259, -0.4333333333333334036, -0.03249999999999997335 ) ) ;
#1315 = LINE ( 'NONE', #833, #969 ) ;
#1316 = DIRECTION ( 'NONE',  ( 1.000000000000000000, 0.000000000000000000, 0.000000000000000000 ) ) ;
#1317 = ADVANCED_FACE ( 'NONE', ( #442 ), #1529, .T. ) ;
#1318 =( NAMED_UNIT ( * ) SI_UNIT ( $, .STERADIAN. ) SOLID_ANGLE_UNIT ( ) );
#1319 = CARTESIAN_POINT ( 'NONE',  ( 0.2016666666666663832, -0.4333333333333334036, -0.009519029611437293190 ) ) ;
#1320 = ORIENTED_EDGE ( 'NONE', *, *, #1566, .F. ) ;
#1321 = EDGE_CURVE ( 'NONE', #685, #1800, #1005, .T. ) ;
#1322 = DIRECTION ( 'NONE',  ( -0.7071067811865449082, 0.000000000000000000, -0.7071067811865502373 ) ) ;
#1323 = ORIENTED_EDGE ( 'NONE', *, *, #1438, .F. ) ;
#1324 = DIRECTION ( 'NONE',  ( -1.000000000000000000, 0.000000000000000000, 0.000000000000000000 ) ) ;
#1325 = LINE ( 'NONE', #1784, #1130 ) ;
#1326 = DIRECTION ( 'NONE',  ( -1.000000000000000000, 0.000000000000000000, 0.000000000000000000 ) ) ;
#1327 = ADVANCED_FACE ( 'NONE', ( #905 ), #500, .T. ) ;
#1328 = CARTESIAN_POINT ( 'NONE',  ( 0.000000000000000000, 0.000000000000000000, 0.000000000000000000 ) ) ;
#1329 = CARTESIAN_POINT ( 'NONE',  ( -0.2000000000000000666, 0.4675000000000000266, 0.03250000000000000111 ) ) ;
#1330 = EDGE_LOOP ( 'NONE', ( #112, #1691, #423, #1102 ) ) ;
#1331 = VECTOR ( 'NONE', #678, 1000.000000000000000 ) ;
#1332 =( LENGTH_UNIT ( ) NAMED_UNIT ( * ) SI_UNIT ( .MILLI., .METRE. ) );
#1333 = ORIENTED_EDGE ( 'NONE', *, *, #1196, .T. ) ;
#1334 =( GEOMETRIC_REPRESENTATION_CONTEXT ( 3 ) GLOBAL_UNCERTAINTY_ASSIGNED_CONTEXT ( ( #1097 ) ) GLOBAL_UNIT_ASSIGNED_CONTEXT ( ( #1508, #836, #1656 ) ) REPRESENTATION_CONTEXT ( 'NONE', 'WORKASPACE' ) );
#1335 = DIRECTION ( 'NONE',  ( 0.000000000000000000, 0.7071067811865502373, -0.7071067811865449082 ) ) ;
#1336 = LINE ( 'NONE', #1303, #1930 ) ;
#1337 = EDGE_CURVE ( 'NONE', #1146, #48, #434, .T. ) ;
#1338 = CARTESIAN_POINT ( 'NONE',  ( -0.1350000000000000366, 0.4333333333333332926, -2.371692252312040456E-16 ) ) ;
#1339 = CIRCLE ( 'NONE', #1008, 0.08012860744379210476 ) ;
#1340 = VECTOR ( 'NONE', #380, 1000.000000000000114 ) ;
#1341 = DIRECTION ( 'NONE',  ( -1.000000000000000000, 0.000000000000000000, 0.000000000000000000 ) ) ;
#1342 = ORIENTED_EDGE ( 'NONE', *, *, #1911, .F. ) ;
#1343 = CARTESIAN_POINT ( 'NONE',  ( 0.2086545550645896308, 0.4934989656770426558, -0.006501034322957214943 ) ) ;
#1344 = ORIENTED_EDGE ( 'NONE', *, *, #664, .T. ) ;
#1345 = EDGE_CURVE ( 'NONE', #568, #2047, #1212, .T. ) ;
#1346 = CARTESIAN_POINT ( 'NONE',  ( -0.1999999999999999556, -0.4333333333333332926, 0.03250000000000000111 ) ) ;
#1347 = DIRECTION ( 'NONE',  ( 1.000000000000000000, 0.000000000000000000, 0.000000000000000000 ) ) ;
#1348 = DIRECTION ( 'NONE',  ( 0.000000000000000000, -0.000000000000000000, -1.000000000000000000 ) ) ;
#1349 = ORIENTED_EDGE ( 'NONE', *, *, #513, .F. ) ;
#1350 = FACE_OUTER_BOUND ( 'NONE', #230, .T. ) ;
#1351 = DIRECTION ( 'NONE',  ( 1.000000000000000000, 0.000000000000000000, 0.000000000000000000 ) ) ;
#1352 = CARTESIAN_POINT ( 'NONE',  ( -0.1215380592228741952, 1.317718278491120867E-17, 0.000000000000000000 ) ) ;
#1353 = ORIENTED_EDGE ( 'NONE', *, *, #844, .T. ) ;
#1354 = CARTESIAN_POINT ( 'NONE',  ( 0.5333333333333333259, -0.4333333333333334036, 0.6175000000000000488 ) ) ;
#1355 = CIRCLE ( 'NONE', #1969, 0.03416666666666666463 ) ;
#1356 = ORIENTED_EDGE ( 'NONE', *, *, #1235, .F. ) ;
#1357 = AXIS2_PLACEMENT_3D ( 'NONE', #149, #1758, #1557 ) ;
#1358 = EDGE_CURVE ( 'NONE', #1052, #887, #1202, .T. ) ;
#1359 = CARTESIAN_POINT ( 'NONE',  ( -0.1658333333333333881, 0.4675000000000000266, 0.03250000000000000111 ) ) ;
#1360 = APPLICATION_CONTEXT ( 'automotive_design' ) ;
#1361 = LINE ( 'NONE', #1845, #930 ) ;
#1362 = ORIENTED_EDGE ( 'NONE', *, *, #1803, .T. ) ;
#1363 = CARTESIAN_POINT ( 'NONE',  ( -0.5333333333333333259, -0.4333333333333335147, 0.000000000000000000 ) ) ;
#1364 = VECTOR ( 'NONE', #1002, 1000.000000000000000 ) ;
#1365 = VECTOR ( 'NONE', #1100, 1000.000000000000000 ) ;
#1366 = VERTEX_POINT ( 'NONE', #2010 ) ;
#1367 = DIRECTION ( 'NONE',  ( -0.000000000000000000, 0.000000000000000000, 1.000000000000000000 ) ) ;
#1368 = ADVANCED_FACE ( 'NONE', ( #234 ), #2000, .T. ) ;
#1369 = ADVANCED_FACE ( 'NONE', ( #1192 ), #1391, .T. ) ;
#1370 = DIRECTION ( 'NONE',  ( 1.000000000000000000, 0.000000000000000000, 0.000000000000000000 ) ) ;
#1371 = EDGE_LOOP ( 'NONE', ( #1165, #1661, #138, #37 ) ) ;
#1372 = AXIS2_PLACEMENT_3D ( 'NONE', #754, #898, #571 ) ;
#1373 = DIRECTION ( 'NONE',  ( 0.000000000000000000, -0.000000000000000000, -1.000000000000000000 ) ) ;
#1374 = DIRECTION ( 'NONE',  ( 1.000000000000000000, -0.000000000000000000, 0.000000000000000000 ) ) ;
#1375 = EDGE_LOOP ( 'NONE', ( #1290, #75, #1573, #1267 ) ) ;
#1376 = CARTESIAN_POINT ( 'NONE',  ( -0.6000000000000000888, 0.5000000000000000000, 0.000000000000000000 ) ) ;
#1377 = VERTEX_POINT ( 'NONE', #555 ) ;
#1378 = LINE ( 'NONE', #926, #1840 ) ;
#1379 =( NAMED_UNIT ( * ) PLANE_ANGLE_UNIT ( ) SI_UNIT ( $, .RADIAN. ) );
#1380 = VERTEX_POINT ( 'NONE', #1060 ) ;
#1381 = CYLINDRICAL_SURFACE ( 'NONE', #1571, 0.03416666666666672014 ) ;
#1382 = LINE ( 'NONE', #83, #267 ) ;
#1383 = ORIENTED_EDGE ( 'NONE', *, *, #679, .T. ) ;
#1384 = ADVANCED_FACE ( 'NONE', ( #1698 ), #881, .T. ) ;
#1385 = PLANE ( 'NONE',  #822 ) ;
#1386 = ORIENTED_EDGE ( 'NONE', *, *, #1854, .F. ) ;
#1387 = EDGE_CURVE ( 'NONE', #1744, #235, #1382, .T. ) ;
#1388 = CARTESIAN_POINT ( 'NONE',  ( -0.2016666666666667163, 0.4904809703885629757, -0.009519029611437322680 ) ) ;
#1389 = EDGE_CURVE ( 'NONE', #145, #885, #1361, .T. ) ;
#1390 = ORIENTED_EDGE ( 'NONE', *, *, #1614, .T. ) ;
#1391 = PLANE ( 'NONE',  #1979 ) ;
#1392 = ORIENTED_EDGE ( 'NONE', *, *, #1321, .F. ) ;
#1393 = AXIS2_PLACEMENT_3D ( 'NONE', #1158, #673, #1807 ) ;
#1394 = EDGE_CURVE ( 'NONE', #1730, #1523, #2031, .T. ) ;
#1395 = DIRECTION ( 'NONE',  ( 0.000000000000000000, -0.000000000000000000, -1.000000000000000000 ) ) ;
#1396 = ORIENTED_EDGE ( 'NONE', *, *, #1210, .F. ) ;
#1397 = DIRECTION ( 'NONE',  ( -1.000000000000000000, 0.000000000000000000, 0.000000000000000000 ) ) ;
#1398 = CIRCLE ( 'NONE', #832, 0.03416666666666666463 ) ;
#1399 = VECTOR ( 'NONE', #1705, 1000.000000000000114 ) ;
#1400 = ORIENTED_EDGE ( 'NONE', *, *, #521, .T. ) ;
#1401 = DIRECTION ( 'NONE',  ( 0.7071067811865435759, 0.000000000000000000, -0.7071067811865513475 ) ) ;
#1402 = VERTEX_POINT ( 'NONE', #431 ) ;
#1403 = AXIS2_PLACEMENT_3D ( 'NONE', #1456, #652, #1293 ) ;
#1404 = DIRECTION ( 'NONE',  ( -0.000000000000000000, 0.000000000000000000, 1.000000000000000000 ) ) ;
#1405 = VECTOR ( 'NONE', #1322, 1000.000000000000114 ) ;
#1406 = ADVANCED_FACE ( 'NONE', ( #1071 ), #1113, .T. ) ;
#1407 = ORIENTED_EDGE ( 'NONE', *, *, #335, .T. ) ;
#1408 = CYLINDRICAL_SURFACE ( 'NONE', #1535, 0.03416666666666666463 ) ;
#1409 = SHAPE_REPRESENTATION ( 'FTC121065S', ( #200, #1732, #1601, #593 ), #1471 ) ;
#1410 = DIRECTION ( 'NONE',  ( 1.000000000000000000, 0.000000000000000000, 0.000000000000000000 ) ) ;
#1411 = ORIENTED_EDGE ( 'NONE', *, *, #412, .T. ) ;
#1412 = PRODUCT_DEFINITION_CONTEXT ( 'detailed design', #397, 'design' ) ;
#1413 = FACE_OUTER_BOUND ( 'NONE', #457, .T. ) ;
#1414 = VERTEX_POINT ( 'NONE', #1726 ) ;
#1415 = DIRECTION ( 'NONE',  ( 0.000000000000000000, -0.7071067811865435759, -0.7071067811865513475 ) ) ;
#1416 = ADVANCED_FACE ( 'NONE', ( #1552 ), #449, .T. ) ;
#1417 = CARTESIAN_POINT ( 'NONE',  ( -0.5333333333333331039, -0.4333333333333334036, 0.6175000000000000488 ) ) ;
#1418 = EDGE_LOOP ( 'NONE', ( #2040, #565, #1342, #1096, #1091, #20, #1386, #1873 ) ) ;
#1419 = FACE_OUTER_BOUND ( 'NONE', #93, .T. ) ;
#1420 = DIRECTION ( 'NONE',  ( 1.000000000000000000, -0.000000000000000000, 0.000000000000000000 ) ) ;
#1421 = ORIENTED_EDGE ( 'NONE', *, *, #1026, .F. ) ;
#1422 = CARTESIAN_POINT ( 'NONE',  ( 0.1674999999999998157, 0.5000000000000000000, -0.03250000000000000111 ) ) ;
#1423 = CARTESIAN_POINT ( 'NONE',  ( -0.5333333333333333259, 0.4674999999999999711, 0.000000000000000000 ) ) ;
#1424 = VERTEX_POINT ( 'NONE', #173 ) ;
#1425 = EDGE_CURVE ( 'NONE', #471, #696, #201, .T. ) ;
#1426 = LINE ( 'NONE', #1442, #688 ) ;
#1427 = VECTOR ( 'NONE', #680, 1000.000000000000000 ) ;
#1428 = CARTESIAN_POINT ( 'NONE',  ( 0.6000000000000000888, -0.4333333333333334036, 0.5974999999999998090 ) ) ;
#1429 = AXIS2_PLACEMENT_3D ( 'NONE', #451, #1404, #1115 ) ;
#1430 = ORIENTED_EDGE ( 'NONE', *, *, #1904, .F. ) ;
#1431 = PLANE ( 'NONE',  #665 ) ;
#1432 = CIRCLE ( 'NONE', #1974, 0.04666666666666664798 ) ;
#1433 = EDGE_CURVE ( 'NONE', #537, #676, #610, .T. ) ;
#1434 = CARTESIAN_POINT ( 'NONE',  ( -0.2412552655610075147, 0.5000000000000000000, -8.410913219431361866E-05 ) ) ;
#1435 = FACE_OUTER_BOUND ( 'NONE', #971, .T. ) ;
#1436 = ORIENTED_EDGE ( 'NONE', *, *, #1709, .T. ) ;
#1437 = B_SPLINE_CURVE_WITH_KNOTS ( 'NONE', 3,
 ( #642, #1307, #1753, #1151, #974, #1263, #1109, #1434, #1951, #1898 ),
 .UNSPECIFIED., .F., .F.,
 ( 4, 3, 3, 4 ),
 ( 0.000000000000000000, 1.627690326763355953E-05, 8.196813025868244671E-05, 8.929601031304048122E-05 ),
 .UNSPECIFIED. ) ;
#1438 = EDGE_CURVE ( 'NONE', #706, #585, #492, .T. ) ;
#1439 = DIRECTION ( 'NONE',  ( -0.000000000000000000, 0.000000000000000000, -1.000000000000000000 ) ) ;
#1440 = LINE ( 'NONE', #624, #564 ) ;
#1441 = VERTEX_POINT ( 'NONE', #1276 ) ;
#1442 = CARTESIAN_POINT ( 'NONE',  ( -0.5333333333333331039, -0.4800000000000000933, 0.6175000000000000488 ) ) ;
#1443 = FACE_OUTER_BOUND ( 'NONE', #794, .T. ) ;
#1444 = AXIS2_PLACEMENT_3D ( 'NONE', #1777, #504, #1025 ) ;
#1445 = ORIENTED_EDGE ( 'NONE', *, *, #61, .F. ) ;
#1446 = CARTESIAN_POINT ( 'NONE',  ( 0.2016666666666665220, 0.4674999999999999711, -0.03250000000000000111 ) ) ;
#1447 = CARTESIAN_POINT ( 'NONE',  ( 0.1674999999999997047, -0.4333333333333334592, -0.03250000000000000111 ) ) ;
#1448 = CARTESIAN_POINT ( 'NONE',  ( -0.5333333333333331039, -0.5000000000000001110, 0.6175000000000000488 ) ) ;
#1449 = CARTESIAN_POINT ( 'NONE',  ( 0.2000000000000000666, -0.4333333333333332926, 0.000000000000000000 ) ) ;
#1450 = PRODUCT_DEFINITION ( 'UNKNOWN', '', #661, #1940 ) ;
#1451 = VERTEX_POINT ( 'NONE', #147 ) ;
#1452 = FACE_OUTER_BOUND ( 'NONE', #1418, .T. ) ;
#1453 = PLANE ( 'NONE',  #496 ) ;
#1454 = EDGE_LOOP ( 'NONE', ( #753, #628, #807, #156 ) ) ;
#1455 = PLANE ( 'NONE',  #1768 ) ;
#1456 = CARTESIAN_POINT ( 'NONE',  ( 0.5333333333333333259, -0.4333333333333334036, 0.6175000000000000488 ) ) ;
#1457 = DIRECTION ( 'NONE',  ( 1.084202172485504311E-16, 1.000000000000000000, 0.000000000000000000 ) ) ;
#1458 = CARTESIAN_POINT ( 'NONE',  ( 0.1572127659780105102, 0.5000000000000000000, 0.000000000000000000 ) ) ;
#1459 = ORIENTED_EDGE ( 'NONE', *, *, #672, .F. ) ;
#1460 = DIRECTION ( 'NONE',  ( 0.000000000000000000, -0.000000000000000000, 1.000000000000000000 ) ) ;
#1461 = EDGE_CURVE ( 'NONE', #339, #493, #1718, .T. ) ;
#1462 = FACE_OUTER_BOUND ( 'NONE', #2052, .T. ) ;
#1463 = AXIS2_PLACEMENT_3D ( 'NONE', #1958, #1993, #350 ) ;
#1464 = DIRECTION ( 'NONE',  ( 0.000000000000000000, -0.7071067811865435759, -0.7071067811865513475 ) ) ;
#1465 = DIRECTION ( 'NONE',  ( -0.000000000000000000, 0.000000000000000000, 1.000000000000000000 ) ) ;
#1466 = CARTESIAN_POINT ( 'NONE',  ( 0.1999999999999999556, 0.4333333333333333481, 0.000000000000000000 ) ) ;
#1467 = AXIS2_PLACEMENT_3D ( 'NONE', #1144, #8, #1468 ) ;
#1468 = DIRECTION ( 'NONE',  ( -1.000000000000000000, 0.000000000000000000, 0.000000000000000000 ) ) ;
#1469 = CARTESIAN_POINT ( 'NONE',  ( -0.2461205673553235329, -0.5000000000000001110, -2.168404344971006896E-16 ) ) ;
#1470 = ORIENTED_EDGE ( 'NONE', *, *, #1337, .F. ) ;
#1471 =( GEOMETRIC_REPRESENTATION_CONTEXT ( 3 ) GLOBAL_UNCERTAINTY_ASSIGNED_CONTEXT ( ( #262 ) ) GLOBAL_UNIT_ASSIGNED_CONTEXT ( ( #737, #1379, #746 ) ) REPRESENTATION_CONTEXT ( 'NONE', 'WORKASPACE' ) );
#1472 = VECTOR ( 'NONE', #645, 1000.000000000000000 ) ;
#1473 = DIRECTION ( 'NONE',  ( 1.000000000000000000, 0.000000000000000000, 0.000000000000000000 ) ) ;
#1474 = EDGE_LOOP ( 'NONE', ( #1274, #102, #1490, #4 ) ) ;
#1475 = AXIS2_PLACEMENT_3D ( 'NONE', #167, #1950, #1776 ) ;
#1476 = CARTESIAN_POINT ( 'NONE',  ( 0.2016666666666663832, -0.4675000000000001377, -0.03250000000000000111 ) ) ;
#1477 = CARTESIAN_POINT ( 'NONE',  ( -0.5333333333333333259, 0.5000000000000000000, 0.6175000000000000488 ) ) ;
#1478 = EDGE_CURVE ( 'NONE', #885, #1176, #931, .T. ) ;
#1479 = CIRCLE ( 'NONE', #374, 0.05714763705522965531 ) ;
#1480 = FACE_OUTER_BOUND ( 'NONE', #1978, .T. ) ;
#1481 = CARTESIAN_POINT ( 'NONE',  ( 0.2016666666666663832, -0.4904809703885626426, -0.009519029611437317476 ) ) ;
#1482 = EDGE_LOOP ( 'NONE', ( #861, #304, #727, #1891 ) ) ;
#1483 = CARTESIAN_POINT ( 'NONE',  ( 0.5333333333333331039, 0.4675000000000000266, 0.000000000000000000 ) ) ;
#1484 =( LENGTH_UNIT ( ) NAMED_UNIT ( * ) SI_UNIT ( .MILLI., .METRE. ) );
#1485 = ADVANCED_FACE ( 'NONE', ( #1903 ), #473, .T. ) ;
#1486 = DIRECTION ( 'NONE',  ( 1.000000000000000000, 0.000000000000000000, 0.000000000000000000 ) ) ;
#1487 = CARTESIAN_POINT ( 'NONE',  ( -0.5333333333333333259, 0.4333333333333332926, 0.6175000000000000488 ) ) ;
#1488 = CARTESIAN_POINT ( 'NONE',  ( 0.1674999999999998157, 0.5000000000000000000, -0.03250000000000000111 ) ) ;
#1489 = FACE_OUTER_BOUND ( 'NONE', #1482, .T. ) ;
#1490 = ORIENTED_EDGE ( 'NONE', *, *, #209, .F. ) ;
#1491 = DIRECTION ( 'NONE',  ( 1.159574516027277451E-16, -1.000000000000000000, 0.000000000000000000 ) ) ;
#1492 = ORIENTED_EDGE ( 'NONE', *, *, #1612, .F. ) ;
#1493 = EDGE_CURVE ( 'NONE', #1224, #528, #1883, .T. ) ;
#1494 = DIRECTION ( 'NONE',  ( -0.000000000000000000, 0.000000000000000000, 1.000000000000000000 ) ) ;
#1495 = CYLINDRICAL_SURFACE ( 'NONE', #973, 0.03416666666666666463 ) ;
#1496 = DIRECTION ( 'NONE',  ( -1.000000000000000000, 0.000000000000000000, 0.000000000000000000 ) ) ;
#1497 = ORIENTED_EDGE ( 'NONE', *, *, #255, .F. ) ;
#1498 = ADVANCED_FACE ( 'NONE', ( #1413 ), #781, .F. ) ;
#1499 = VECTOR ( 'NONE', #1589, 1000.000000000000114 ) ;
#1500 = LINE ( 'NONE', #687, #175 ) ;
#1501 = ORIENTED_EDGE ( 'NONE', *, *, #1047, .F. ) ;
#1502 = MECHANICAL_DESIGN_GEOMETRIC_PRESENTATION_REPRESENTATION (  '', ( #967 ), #1869 ) ;
#1503 = CYLINDRICAL_SURFACE ( 'NONE', #1830, 0.03416666666666660912 ) ;
#1504 = AXIS2_PLACEMENT_3D ( 'NONE', #1544, #109, #1080 ) ;
#1505 = DIRECTION ( 'NONE',  ( -0.000000000000000000, 0.000000000000000000, 1.000000000000000000 ) ) ;
#1506 = AXIS2_PLACEMENT_3D ( 'NONE', #811, #143, #776 ) ;
#1507 = DIRECTION ( 'NONE',  ( 1.000000000000000000, 0.000000000000000000, 0.000000000000000000 ) ) ;
#1508 =( LENGTH_UNIT ( ) NAMED_UNIT ( * ) SI_UNIT ( .MILLI., .METRE. ) );
#1509 = CIRCLE ( 'NONE', #1675, 0.03416666666666660912 ) ;
#1510 = VERTEX_POINT ( 'NONE', #1449 ) ;
#1511 = DIRECTION ( 'NONE',  ( -1.000000000000000000, 0.000000000000000000, 0.000000000000000000 ) ) ;
#1512 = DIRECTION ( 'NONE',  ( 0.000000000000000000, -0.7071067811865502373, -0.7071067811865449082 ) ) ;
#1513 = DIRECTION ( 'NONE',  ( 1.000000000000000000, 0.000000000000000000, 0.000000000000000000 ) ) ;
#1514 = DIRECTION ( 'NONE',  ( -1.084202172485504311E-16, -1.000000000000000000, 0.000000000000000000 ) ) ;
#1515 = EDGE_CURVE ( 'NONE', #1909, #1680, #2082, .T. ) ;
#1516 = DIRECTION ( 'NONE',  ( 0.000000000000000000, 0.000000000000000000, 1.000000000000000000 ) ) ;
#1517 = VERTEX_POINT ( 'NONE', #759 ) ;
#1518 = CARTESIAN_POINT ( 'NONE',  ( -0.2016666666666666885, 0.4333333333333332371, 0.000000000000000000 ) ) ;
#1519 = CARTESIAN_POINT ( 'NONE',  ( -0.1658333333333332771, -0.4333333333333333481, 0.03250000000000000111 ) ) ;
#1520 = ORIENTED_EDGE ( 'NONE', *, *, #1152, .F. ) ;
#1521 = EDGE_CURVE ( 'NONE', #1517, #1377, #1440, .T. ) ;
#1522 = LINE ( 'NONE', #1238, #617 ) ;
#1523 = VERTEX_POINT ( 'NONE', #1567 ) ;
#1524 = DIRECTION ( 'NONE',  ( -1.000000000000000000, 0.000000000000000000, 0.000000000000000000 ) ) ;
#1525 = DIRECTION ( 'NONE',  ( 0.000000000000000000, 0.000000000000000000, 1.000000000000000000 ) ) ;
#1526 = EDGE_LOOP ( 'NONE', ( #1270, #1383, #276, #744, #1106 ) ) ;
#1527 = AXIS2_PLACEMENT_3D ( 'NONE', #1581, #314, #1570 ) ;
#1528 = CARTESIAN_POINT ( 'NONE',  ( 0.2436882030767894558, -0.5000000000000001110, -1.037182355466489214E-13 ) ) ;
#1529 = PLANE ( 'NONE',  #1562 ) ;
#1530 = ORIENTED_EDGE ( 'NONE', *, *, #702, .T. ) ;
#1531 = LINE ( 'NONE', #1352, #1555 ) ;
#1532 = VERTEX_POINT ( 'NONE', #1423 ) ;
#1533 = CARTESIAN_POINT ( 'NONE',  ( -0.1658333333333333881, 0.4333333333333333481, 0.03250000000000000111 ) ) ;
#1534 = ORIENTED_EDGE ( 'NONE', *, *, #1699, .F. ) ;
#1535 = AXIS2_PLACEMENT_3D ( 'NONE', #1533, #424, #1076 ) ;
#1536 = CARTESIAN_POINT ( 'NONE',  ( 0.2016666666666665220, 0.4904809703885625316, -0.009519029611437303598 ) ) ;
#1537 = DIRECTION ( 'NONE',  ( 1.000000000000000000, 0.000000000000000000, 0.000000000000000000 ) ) ;
#1538 = ORIENTED_EDGE ( 'NONE', *, *, #1566, .T. ) ;
#1539 = DIRECTION ( 'NONE',  ( -0.000000000000000000, 0.000000000000000000, 1.000000000000000000 ) ) ;
#1540 = EDGE_CURVE ( 'NONE', #1259, #1846, #484, .T. ) ;
#1541 = EDGE_LOOP ( 'NONE', ( #731, #273, #2074, #1067 ) ) ;
#1542 = LINE ( 'NONE', #1248, #934 ) ;
#1543 = ORIENTED_EDGE ( 'NONE', *, *, #1305, .F. ) ;
#1544 = CARTESIAN_POINT ( 'NONE',  ( 0.1215380592228742507, -0.4333333333333334036, -0.03250000000000000111 ) ) ;
#1545 = ORIENTED_EDGE ( 'NONE', *, *, #1521, .T. ) ;
#1546 = CARTESIAN_POINT ( 'NONE',  ( -0.2205374824745748585, -0.4969277248052099694, -0.003072275194790419217 ) ) ;
#1547 = ORIENTED_EDGE ( 'NONE', *, *, #682, .T. ) ;
#1548 = FACE_OUTER_BOUND ( 'NONE', #266, .T. ) ;
#1549 = DIRECTION ( 'NONE',  ( 0.000000000000000000, 0.000000000000000000, 1.000000000000000000 ) ) ;
#1550 = B_SPLINE_CURVE_WITH_KNOTS ( 'NONE', 3,
 ( #1857, #278, #1703, #1671, #236, #916, #1546, #751, #877, #77 ),
 .UNSPECIFIED., .F., .F.,
 ( 4, 3, 3, 4 ),
 ( -1.798068751123954195E-06, 0.000000000000000000, 1.917068493024930495E-05, 4.530355639454988217E-05 ),
 .UNSPECIFIED. ) ;
#1551 = ORIENTED_EDGE ( 'NONE', *, *, #319, .F. ) ;
#1552 = FACE_OUTER_BOUND ( 'NONE', #433, .T. ) ;
#1553 = EDGE_CURVE ( 'NONE', #1424, #1788, #770, .T. ) ;
#1554 = VERTEX_POINT ( 'NONE', #325 ) ;
#1555 = VECTOR ( 'NONE', #401, 1000.000000000000000 ) ;
#1556 = ADVANCED_BREP_SHAPE_REPRESENTATION ( '', ( #436, #1797 ), #1032 ) ;
#1557 = DIRECTION ( 'NONE',  ( -1.000000000000000000, 0.000000000000000000, 0.000000000000000000 ) ) ;
#1558 = CIRCLE ( 'NONE', #830, 0.04666666666666664798 ) ;
#1559 = VERTEX_POINT ( 'NONE', #2061 ) ;
#1560 = CARTESIAN_POINT ( 'NONE',  ( 0.1215380592228742923, -1.317718278491121945E-17, -0.03250000000000000111 ) ) ;
#1561 = PRODUCT_DEFINITION_FORMATION_WITH_SPECIFIED_SOURCE ( 'ANY', '', #383, .NOT_KNOWN. ) ;
#1562 = AXIS2_PLACEMENT_3D ( 'NONE', #243, #1512, #1374 ) ;
#1563 = APPLICATION_PROTOCOL_DEFINITION ( 'draft international standard', 'automotive_design', 1998, #397 ) ;
#1564 = TOROIDAL_SURFACE ( 'NONE', #728, 0.08012860744379210476, 0.03250000000000000111 ) ;
#1565 = ORIENTED_EDGE ( 'NONE', *, *, #1389, .F. ) ;
#1566 = EDGE_CURVE ( 'NONE', #394, #2060, #1638, .T. ) ;
#1567 = CARTESIAN_POINT ( 'NONE',  ( -0.5999999999999998668, -0.4333333333333334036, 0.5974999999999998090 ) ) ;
#1568 = VECTOR ( 'NONE', #1919, 1000.000000000000000 ) ;
#1569 = VERTEX_POINT ( 'NONE', #1890 ) ;
#1570 = DIRECTION ( 'NONE',  ( -1.000000000000000000, 0.000000000000000000, 0.000000000000000000 ) ) ;
#1571 = AXIS2_PLACEMENT_3D ( 'NONE', #707, #1697, #1511 ) ;
#1572 = CARTESIAN_POINT ( 'NONE',  ( -0.2016666666666666885, 0.4674999999999999156, 0.000000000000000000 ) ) ;
#1573 = ORIENTED_EDGE ( 'NONE', *, *, #44, .F. ) ;
#1574 = CARTESIAN_POINT ( 'NONE',  ( -0.2016666666666666885, 0.4333333333333332926, -0.03250000000000000111 ) ) ;
#1575 = DIRECTION ( 'NONE',  ( 1.000000000000000000, 0.000000000000000000, 0.000000000000000000 ) ) ;
#1576 = EDGE_CURVE ( 'NONE', #387, #1441, #1932, .T. ) ;
#1577 = VERTEX_POINT ( 'NONE', #1164 ) ;
#1578 = PLANE ( 'NONE',  #28 ) ;
#1579 = CARTESIAN_POINT ( 'NONE',  ( 0.1674999999999998157, 0.5000000000000000000, 0.000000000000000000 ) ) ;
#1580 = ORIENTED_EDGE ( 'NONE', *, *, #1540, .F. ) ;
#1581 = CARTESIAN_POINT ( 'NONE',  ( -0.5333333333333331039, -0.4333333333333334036, 0.6175000000000000488 ) ) ;
#1582 = CARTESIAN_POINT ( 'NONE',  ( -0.5675000000000001155, -0.4333333333333335147, 0.000000000000000000 ) ) ;
#1583 = EDGE_CURVE ( 'NONE', #1, #1402, #871, .T. ) ;
#1584 = ORIENTED_EDGE ( 'NONE', *, *, #403, .T. ) ;
#1585 = DIRECTION ( 'NONE',  ( -0.000000000000000000, -0.7071067811865513475, 0.7071067811865436870 ) ) ;
#1586 = EDGE_CURVE ( 'NONE', #1569, #1424, #338, .T. ) ;
#1587 = DIRECTION ( 'NONE',  ( 1.000000000000000000, 0.000000000000000000, 0.000000000000000000 ) ) ;
#1588 = ORIENTED_EDGE ( 'NONE', *, *, #1515, .T. ) ;
#1589 = DIRECTION ( 'NONE',  ( -0.7071067811865435759, 0.000000000000000000, 0.7071067811865513475 ) ) ;
#1590 = DIRECTION ( 'NONE',  ( 1.000000000000000000, 0.000000000000000000, 0.000000000000000000 ) ) ;
#1591 = ORIENTED_EDGE ( 'NONE', *, *, #1924, .F. ) ;
#1592 = PLANE ( 'NONE',  #1429 ) ;
#1593 = VECTOR ( 'NONE', #1464, 1000.000000000000114 ) ;
#1594 = DIRECTION ( 'NONE',  ( 1.000000000000000000, 0.000000000000000000, 0.000000000000000000 ) ) ;
#1595 = CIRCLE ( 'NONE', #1696, 0.06666666666666669350 ) ;
#1596 = ORIENTED_EDGE ( 'NONE', *, *, #686, .T. ) ;
#1597 = FACE_OUTER_BOUND ( 'NONE', #1724, .T. ) ;
#1598 = CIRCLE ( 'NONE', #1764, 0.03416666666666666463 ) ;
#1599 = VECTOR ( 'NONE', #1783, 1000.000000000000000 ) ;
#1600 = LINE ( 'NONE', #1447, #733 ) ;
#1601 = AXIS2_PLACEMENT_3D ( 'NONE', #912, #114, #1410 ) ;
#1602 = EDGE_CURVE ( 'NONE', #284, #81, #1920, .T. ) ;
#1603 = DIRECTION ( 'NONE',  ( 0.000000000000000000, -0.000000000000000000, -1.000000000000000000 ) ) ;
#1604 = CARTESIAN_POINT ( 'NONE',  ( 0.000000000000000000, -0.4675000000000001377, -0.03250000000000000111 ) ) ;
#1605 = ORIENTED_EDGE ( 'NONE', *, *, #550, .T. ) ;
#1606 = CARTESIAN_POINT ( 'NONE',  ( 0.5674999999999997824, -0.4333333333333335147, 0.000000000000000000 ) ) ;
#1607 = DIRECTION ( 'NONE',  ( 1.000000000000000000, 0.000000000000000000, 0.000000000000000000 ) ) ;
#1608 = AXIS2_PLACEMENT_3D ( 'NONE', #1188, #1983, #845 ) ;
#1609 = EDGE_CURVE ( 'NONE', #252, #48, #1943, .T. ) ;
#1610 = ORIENTED_EDGE ( 'NONE', *, *, #370, .T. ) ;
#1611 = CYLINDRICAL_SURFACE ( 'NONE', #1506, 0.03416666666666666463 ) ;
#1612 = EDGE_CURVE ( 'NONE', #1559, #88, #53, .T. ) ;
#1613 = CARTESIAN_POINT ( 'NONE',  ( 0.5333333333333331039, 0.5000000000000000000, 2.168404344971008868E-16 ) ) ;
#1614 = EDGE_CURVE ( 'NONE', #1377, #1800, #1145, .T. ) ;
#1615 = LINE ( 'NONE', #1925, #458 ) ;
#1616 = CARTESIAN_POINT ( 'NONE',  ( 0.2205374824698334291, -0.4969277248040614992, -0.003072275195938476561 ) ) ;
#1617 = ORIENTED_EDGE ( 'NONE', *, *, #1387, .T. ) ;
#1618 =( NAMED_UNIT ( * ) PLANE_ANGLE_UNIT ( ) SI_UNIT ( $, .RADIAN. ) );
#1619 = CARTESIAN_POINT ( 'NONE',  ( -0.1999999999999999556, -0.4333333333333332926, 0.000000000000000000 ) ) ;
#1620 = CARTESIAN_POINT ( 'NONE',  ( 0.1445190296114370887, -0.4333333333333334036, -0.009519029611437275842 ) ) ;
#1621 = CARTESIAN_POINT ( 'NONE',  ( 0.000000000000000000, 0.000000000000000000, 0.6175000000000000488 ) ) ;
#1622 = CARTESIAN_POINT ( 'NONE',  ( -0.2016666666666666885, 0.4333333333333332926, -0.03250000000000000111 ) ) ;
#1623 = UNCERTAINTY_MEASURE_WITH_UNIT (LENGTH_MEASURE( 1.000000000000000082E-05 ), #1484, 'distance_accuracy_value', 'NONE');
#1624 = CARTESIAN_POINT ( 'NONE',  ( -0.2016666666666666885, 0.4674999999999999156, 0.000000000000000000 ) ) ;
#1625 = CARTESIAN_POINT ( 'NONE',  ( 0.2016666666666663832, -0.4904809703885626426, -0.009519029611437317476 ) ) ;
#1626 = EDGE_LOOP ( 'NONE', ( #604, #300, #869, #159, #2035, #136, #1124, #1209 ) ) ;
#1627 = EDGE_CURVE ( 'NONE', #145, #676, #1598, .T. ) ;
#1628 = ORIENTED_EDGE ( 'NONE', *, *, #513, .T. ) ;
#1629 = PLANE ( 'NONE',  #1633 ) ;
#1630 = DIRECTION ( 'NONE',  ( 1.000000000000000000, -2.331617575237643907E-16, -0.000000000000000000 ) ) ;
#1631 = AXIS2_PLACEMENT_3D ( 'NONE', #1363, #2013, #245 ) ;
#1632 = VECTOR ( 'NONE', #33, 1000.000000000000000 ) ;
#1633 = AXIS2_PLACEMENT_3D ( 'NONE', #1662, #1335, #529 ) ;
#1634 = DIRECTION ( 'NONE',  ( 1.000000000000000000, 0.000000000000000000, 0.000000000000000000 ) ) ;
#1635 = CARTESIAN_POINT ( 'NONE',  ( 0.1674999999999996492, -0.4333333333333334036, -0.03250000000000000111 ) ) ;
#1636 = ORIENTED_EDGE ( 'NONE', *, *, #883, .F. ) ;
#1637 = ADVANCED_FACE ( 'NONE', ( #1780 ), #1986, .F. ) ;
#1638 = CIRCLE ( 'NONE', #726, 0.03416666666666672014 ) ;
#1639 = CARTESIAN_POINT ( 'NONE',  ( 0.5333333333333333259, -0.4333333333333334036, 0.6175000000000000488 ) ) ;
#1640 = ADVANCED_BREP_SHAPE_REPRESENTATION ( '', ( #1801, #1797 ), #1938 ) ;
#1641 = VERTEX_POINT ( 'NONE', #1481 ) ;
#1642 = AXIS2_PLACEMENT_3D ( 'NONE', #1574, #480, #1128 ) ;
#1643 = CARTESIAN_POINT ( 'NONE',  ( -0.5999999999999998668, -0.5000000000000001110, 0.6175000000000000488 ) ) ;
#1644 = CARTESIAN_POINT ( 'NONE',  ( -0.1675000000000000377, 0.4333333333333332371, -0.03250000000000000111 ) ) ;
#1645 = CIRCLE ( 'NONE', #503, 0.06666666666666669350 ) ;
#1646 = CARTESIAN_POINT ( 'NONE',  ( 0.5333333333333331039, 0.5000000000000000000, 2.168404344971010840E-16 ) ) ;
#1647 = EDGE_CURVE ( 'NONE', #1253, #1641, #764, .T. ) ;
#1648 = CARTESIAN_POINT ( 'NONE',  ( 0.2016666666666665220, 0.4333333333333332926, -0.009519029611437279312 ) ) ;
#1649 = ORIENTED_EDGE ( 'NONE', *, *, #370, .F. ) ;
#1650 = CARTESIAN_POINT ( 'NONE',  ( -0.6000000000000000888, 0.4333333333333332926, 0.6175000000000000488 ) ) ;
#1651 = LINE ( 'NONE', #1813, #1331 ) ;
#1652 = DIRECTION ( 'NONE',  ( 0.000000000000000000, -1.000000000000000000, 0.000000000000000000 ) ) ;
#1653 = EDGE_CURVE ( 'NONE', #1788, #1414, #190, .T. ) ;
#1654 = LINE ( 'NONE', #1646, #872 ) ;
#1655 = EDGE_CURVE ( 'NONE', #1641, #48, #992, .T. ) ;
#1656 =( NAMED_UNIT ( * ) SI_UNIT ( $, .STERADIAN. ) SOLID_ANGLE_UNIT ( ) );
#1657 = ADVANCED_FACE ( 'NONE', ( #1489 ), #684, .F. ) ;
#1658 = DIRECTION ( 'NONE',  ( -1.000000000000000000, 2.331617575237644400E-16, 0.000000000000000000 ) ) ;
#1659 = ORIENTED_EDGE ( 'NONE', *, *, #1210, .T. ) ;
#1660 = DIRECTION ( 'NONE',  ( -1.000000000000000000, 0.000000000000000000, 0.000000000000000000 ) ) ;
#1661 = ORIENTED_EDGE ( 'NONE', *, *, #702, .F. ) ;
#1662 = CARTESIAN_POINT ( 'NONE',  ( 0.000000000000000000, 0.4675000000000004707, -0.03250000000000000111 ) ) ;
#1663 = FACE_OUTER_BOUND ( 'NONE', #1371, .T. ) ;
#1664 = LINE ( 'NONE', #520, #1173 ) ;
#1665 = CIRCLE ( 'NONE', #752, 0.03416666666666660912 ) ;
#1666 = EDGE_CURVE ( 'NONE', #1744, #249, #970, .T. ) ;
#1667 = ORIENTED_EDGE ( 'NONE', *, *, #561, .F. ) ;
#1668 = AXIS2_PLACEMENT_3D ( 'NONE', #634, #505, #1285 ) ;
#1669 = CARTESIAN_POINT ( 'NONE',  ( 0.1626384004005549111, -0.5000000000000001110, -1.131247043852865900E-18 ) ) ;
#1670 = ORIENTED_EDGE ( 'NONE', *, *, #95, .F. ) ;
#1671 = CARTESIAN_POINT ( 'NONE',  ( -0.2031941709103786686, -0.4911517095402497812, -0.008848290459750621229 ) ) ;
#1672 = CONICAL_SURFACE ( 'NONE', #1941, 0.03416666666666672014, 0.7853981633974445042 ) ;
#1673 = CARTESIAN_POINT ( 'NONE',  ( -0.5799999999999997380, -0.4333333333333334036, 0.6175000000000000488 ) ) ;
#1674 = AXIS2_PLACEMENT_3D ( 'NONE', #1973, #1825, #43 ) ;
#1675 = AXIS2_PLACEMENT_3D ( 'NONE', #494, #1460, #1137 ) ;
#1676 = VERTEX_POINT ( 'NONE', #1572 ) ;
#1677 = EDGE_CURVE ( 'NONE', #1788, #88, #1945, .T. ) ;
#1678 = LINE ( 'NONE', #574, #1775 ) ;
#1679 = DIRECTION ( 'NONE',  ( 2.168404344971008868E-16, -1.000000000000000000, 0.000000000000000000 ) ) ;
#1680 = VERTEX_POINT ( 'NONE', #140 ) ;
#1681 = DIRECTION ( 'NONE',  ( 1.000000000000000000, 0.000000000000000000, 0.000000000000000000 ) ) ;
#1682 = EDGE_CURVE ( 'NONE', #1197, #1377, #465, .T. ) ;
#1683 = EDGE_LOOP ( 'NONE', ( #1277, #452, #1667, #1392 ) ) ;
#1684 = DIRECTION ( 'NONE',  ( -1.000000000000000000, -0.000000000000000000, -0.000000000000000000 ) ) ;
#1685 = ORIENTED_EDGE ( 'NONE', *, *, #1653, .T. ) ;
#1686 = CARTESIAN_POINT ( 'NONE',  ( 0.1680617350163805812, -0.5000000000000001110, -0.0004193433143462836220 ) ) ;
#1687 = CARTESIAN_POINT ( 'NONE',  ( 0.5674999999999998934, 0.5000000000000000000, -0.03250000000000000111 ) ) ;
#1688 = ORIENTED_EDGE ( 'NONE', *, *, #1345, .F. ) ;
#1689 = ADVANCED_FACE ( 'NONE', ( #1462 ), #1796, .T. ) ;
#1690 = CARTESIAN_POINT ( 'NONE',  ( -0.1658333333333332771, -0.4675000000000000266, 0.03250000000000000111 ) ) ;
#1691 = ORIENTED_EDGE ( 'NONE', *, *, #345, .T. ) ;
#1692 = CARTESIAN_POINT ( 'NONE',  ( -0.2026820271788147554, 0.4909315542392879150, -0.009068445760712346912 ) ) ;
#1693 = VECTOR ( 'NONE', #1226, 1000.000000000000000 ) ;
#1694 = CARTESIAN_POINT ( 'NONE',  ( 0.000000000000000000, 0.000000000000000000, 0.000000000000000000 ) ) ;
#1695 = ORIENTED_EDGE ( 'NONE', *, *, #475, .T. ) ;
#1696 = AXIS2_PLACEMENT_3D ( 'NONE', #327, #176, #1246 ) ;
#1697 = DIRECTION ( 'NONE',  ( 0.000000000000000000, 0.000000000000000000, -1.000000000000000000 ) ) ;
#1698 = FACE_OUTER_BOUND ( 'NONE', #1454, .T. ) ;
#1699 = EDGE_CURVE ( 'NONE', #1451, #747, #23, .T. ) ;
#1700 = EDGE_LOOP ( 'NONE', ( #1094, #1876, #1190, #609 ) ) ;
#1701 = VECTOR ( 'NONE', #2064, 1000.000000000000000 ) ;
#1702 = EDGE_CURVE ( 'NONE', #1243, #885, #185, .T. ) ;
#1703 = CARTESIAN_POINT ( 'NONE',  ( -0.2026820271788145056, -0.4909315542392884701, -0.009068445760711897619 ) ) ;
#1704 = EDGE_LOOP ( 'NONE', ( #851, #576, #224, #10 ) ) ;
#1705 = DIRECTION ( 'NONE',  ( -0.7071067811865449082, 0.000000000000000000, -0.7071067811865502373 ) ) ;
#1706 = VECTOR ( 'NONE', #227, 1000.000000000000114 ) ;
#1707 = ORIENTED_EDGE ( 'NONE', *, *, #1677, .T. ) ;
#1708 = CIRCLE ( 'NONE', #1042, 0.03416666666666666463 ) ;
#1709 = EDGE_CURVE ( 'NONE', #1185, #1146, #478, .T. ) ;
#1710 = CARTESIAN_POINT ( 'NONE',  ( 0.5674999999999997824, -0.4333333333333335147, 0.000000000000000000 ) ) ;
#1711 = ORIENTED_EDGE ( 'NONE', *, *, #1759, .T. ) ;
#1712 = DIRECTION ( 'NONE',  ( 1.000000000000000000, 0.000000000000000000, 0.000000000000000000 ) ) ;
#1713 = ORIENTED_EDGE ( 'NONE', *, *, #925, .F. ) ;
#1714 = DIRECTION ( 'NONE',  ( 0.000000000000000000, -0.000000000000000000, -1.000000000000000000 ) ) ;
#1715 = ADVANCED_FACE ( 'NONE', ( #660 ), #627, .T. ) ;
#1716 = SURFACE_STYLE_USAGE ( .BOTH. , #426 ) ;
#1717 = ORIENTED_EDGE ( 'NONE', *, *, #1957, .T. ) ;
#1718 = LINE ( 'NONE', #2054, #168 ) ;
#1719 = ORIENTED_EDGE ( 'NONE', *, *, #890, .F. ) ;
#1720 = LINE ( 'NONE', #762, #557 ) ;
#1721 = VERTEX_POINT ( 'NONE', #1619 ) ;
#1722 = CARTESIAN_POINT ( 'NONE',  ( -0.2205374824698335401, 0.4969277248040616657, -0.003072275195938545516 ) ) ;
#1723 = APPLICATION_PROTOCOL_DEFINITION ( 'draft international standard', 'automotive_design', 1998, #935 ) ;
#1724 = EDGE_LOOP ( 'NONE', ( #588, #98, #1636, #1217 ) ) ;
#1725 = AXIS2_PLACEMENT_3D ( 'NONE', #1314, #364, #1004 ) ;
#1726 = CARTESIAN_POINT ( 'NONE',  ( -0.5333333333333331039, -0.5000000000000001110, -2.168404344971008868E-16 ) ) ;
#1727 = ORIENTED_EDGE ( 'NONE', *, *, #774, .T. ) ;
#1728 = PRESENTATION_LAYER_ASSIGNMENT (  '', '', ( #1794 ) ) ;
#1729 = CARTESIAN_POINT ( 'NONE',  ( -0.5333333333333333259, 0.4674999999999999711, -0.03250000000000000111 ) ) ;
#1730 = VERTEX_POINT ( 'NONE', #1116 ) ;
#1731 = DIRECTION ( 'NONE',  ( 1.000000000000000000, 0.000000000000000000, 0.000000000000000000 ) ) ;
#1732 = AXIS2_PLACEMENT_3D ( 'NONE', #106, #407, #1219 ) ;
#1733 = ITEM_DEFINED_TRANSFORMATION ( 'NONE', 'NONE', #593,  #1797 ) ;
#1734 = VECTOR ( 'NONE', #1272, 1000.000000000000000 ) ;
#1735 = ORIENTED_EDGE ( 'NONE', *, *, #1759, .F. ) ;
#1736 = ORIENTED_EDGE ( 'NONE', *, *, #867, .F. ) ;
#1737 = ADVANCED_FACE ( 'NONE', ( #1443 ), #818, .T. ) ;
#1738 = SURFACE_SIDE_STYLE ('',( #1104 ) ) ;
#1739 = EDGE_CURVE ( 'NONE', #357, #361, #1558, .T. ) ;
#1740 = DIRECTION ( 'NONE',  ( 0.000000000000000000, -1.000000000000000000, 0.000000000000000000 ) ) ;
#1741 = ORIENTED_EDGE ( 'NONE', *, *, #749, .T. ) ;
#1742 = DIRECTION ( 'NONE',  ( 0.000000000000000000, 0.000000000000000000, -1.000000000000000000 ) ) ;
#1743 = CARTESIAN_POINT ( 'NONE',  ( 0.5333333333333331039, 0.5000000000000000000, 0.5974999999999998090 ) ) ;
#1744 = VERTEX_POINT ( 'NONE', #1582 ) ;
#1745 = LINE ( 'NONE', #311, #1294 ) ;
#1746 = DIRECTION ( 'NONE',  ( 0.000000000000000000, 0.000000000000000000, -1.000000000000000000 ) ) ;
#1747 = EDGE_LOOP ( 'NONE', ( #450, #826, #763, #1251, #1551 ) ) ;
#1748 = CARTESIAN_POINT ( 'NONE',  ( -0.6000000000000000888, 0.4333333333333332926, 0.5974999999999998090 ) ) ;
#1749 = DIRECTION ( 'NONE',  ( -1.000000000000000000, 0.000000000000000000, 0.000000000000000000 ) ) ;
#1750 = CARTESIAN_POINT ( 'NONE',  ( 0.2461205673553224504, 0.5000000000000000000, 2.168404344971010840E-16 ) ) ;
#1751 = CARTESIAN_POINT ( 'NONE',  ( 0.2000000000000000666, -0.4333333333333332926, 0.03250000000000000111 ) ) ;
#1752 = EDGE_CURVE ( 'NONE', #650, #568, #1432, .T. ) ;
#1753 = CARTESIAN_POINT ( 'NONE',  ( -0.1680617350163801094, 0.5000000000000000000, -0.0004193433143462868204 ) ) ;
#1754 = ORIENTED_EDGE ( 'NONE', *, *, #1461, .T. ) ;
#1755 = CARTESIAN_POINT ( 'NONE',  ( -0.5333333333333331039, -0.4333333333333334036, 0.5974999999999998090 ) ) ;
#1756 = CARTESIAN_POINT ( 'NONE',  ( -1.090031216423599529E-16, -0.4675000000000003042, -0.03250000000000000111 ) ) ;
#1757 = EDGE_LOOP ( 'NONE', ( #1754, #657, #246, #1236 ) ) ;
#1758 = DIRECTION ( 'NONE',  ( 0.000000000000000000, 0.000000000000000000, -1.000000000000000000 ) ) ;
#1759 = EDGE_CURVE ( 'NONE', #570, #145, #1908, .T. ) ;
#1760 = CIRCLE ( 'NONE', #455, 0.08012860744379257660 ) ;
#1761 = CARTESIAN_POINT ( 'NONE',  ( -0.2000000000000000666, 0.4333333333333333481, 0.03250000000000000111 ) ) ;
#1762 = DIRECTION ( 'NONE',  ( 1.000000000000000000, 0.000000000000000000, 0.000000000000000000 ) ) ;
#1763 = CARTESIAN_POINT ( 'NONE',  ( -0.5999999999999998668, -0.5000000000000001110, 0.000000000000000000 ) ) ;
#1764 = AXIS2_PLACEMENT_3D ( 'NONE', #221, #368, #1341 ) ;
#1765 = CIRCLE ( 'NONE', #1227, 0.03416666666666666463 ) ;
#1766 = DIRECTION ( 'NONE',  ( -1.084202172485504311E-16, -1.000000000000000000, 0.000000000000000000 ) ) ;
#1767 = VECTOR ( 'NONE', #1223, 1000.000000000000000 ) ;
#1768 = AXIS2_PLACEMENT_3D ( 'NONE', #1922, #1585, #318 ) ;
#1769 = CARTESIAN_POINT ( 'NONE',  ( -0.1999999999999999556, -0.4675000000000000266, 0.000000000000000000 ) ) ;
#1770 = CARTESIAN_POINT ( 'NONE',  ( -0.2406949329327790210, -0.5000000000000001110, -2.179716815409535590E-16 ) ) ;
#1771 = ORIENTED_EDGE ( 'NONE', *, *, #1261, .T. ) ;
#1772 = SURFACE_SIDE_STYLE ('',( #1139 ) ) ;
#1773 = CONICAL_SURFACE ( 'NONE', #1403, 0.04666666666666664798, 0.7853981633974422838 ) ;
#1774 = ORIENTED_EDGE ( 'NONE', *, *, #409, .T. ) ;
#1775 = VECTOR ( 'NONE', #73, 1000.000000000000114 ) ;
#1776 = DIRECTION ( 'NONE',  ( 0.000000000000000000, -0.000000000000000000, 1.000000000000000000 ) ) ;
#1777 = CARTESIAN_POINT ( 'NONE',  ( -0.2016666666666668273, -0.4333333333333334036, 0.000000000000000000 ) ) ;
#1778 = EDGE_CURVE ( 'NONE', #570, #1176, #3, .T. ) ;
#1779 = DIRECTION ( 'NONE',  ( 1.000000000000000000, 0.000000000000000000, 0.000000000000000000 ) ) ;
#1780 = FACE_OUTER_BOUND ( 'NONE', #479, .T. ) ;
#1781 = ORIENTED_EDGE ( 'NONE', *, *, #351, .T. ) ;
#1782 = DIRECTION ( 'NONE',  ( -0.000000000000000000, 0.000000000000000000, 1.000000000000000000 ) ) ;
#1783 = DIRECTION ( 'NONE',  ( 1.000000000000000000, 0.000000000000000000, 0.000000000000000000 ) ) ;
#1784 = CARTESIAN_POINT ( 'NONE',  ( 0.5674999999999998934, 0.5000000000000000000, -0.03250000000000000111 ) ) ;
#1785 = ADVANCED_FACE ( 'NONE', ( #1281 ), #1453, .T. ) ;
#1786 = DIRECTION ( 'NONE',  ( -1.000000000000000000, 0.000000000000000000, 0.000000000000000000 ) ) ;
#1787 = DIRECTION ( 'NONE',  ( 0.000000000000000000, -0.000000000000000000, -1.000000000000000000 ) ) ;
#1788 = VERTEX_POINT ( 'NONE', #1126 ) ;
#1789 = DIRECTION ( 'NONE',  ( 1.084202172485504311E-16, 1.000000000000000000, 0.000000000000000000 ) ) ;
#1790 = ORIENTED_EDGE ( 'NONE', *, *, #1655, .F. ) ;
#1791 = DIRECTION ( 'NONE',  ( -0.000000000000000000, 0.000000000000000000, -1.000000000000000000 ) ) ;
#1792 = CARTESIAN_POINT ( 'NONE',  ( 0.000000000000000000, 0.000000000000000000, 0.000000000000000000 ) ) ;
#1793 = CARTESIAN_POINT ( 'NONE',  ( 0.2016666666666665220, 0.5000000000000000000, 2.168404344971010840E-16 ) ) ;
#1794 = STYLED_ITEM ( 'NONE', ( #2076 ), #436 ) ;
#1795 = PLANE ( 'NONE',  #1674 ) ;
#1796 = CONICAL_SURFACE ( 'NONE', #260, 0.03416666666666715035, 0.7853981633974445042 ) ;
#1797 = AXIS2_PLACEMENT_3D ( 'NONE', #1328, #1174, #1634 ) ;
#1798 = CARTESIAN_POINT ( 'NONE',  ( -0.1658333333333332771, -0.4333333333333333481, 0.000000000000000000 ) ) ;
#1799 = CARTESIAN_POINT ( 'NONE',  ( -0.1596451302535410177, -0.5000000000000001110, -1.736411342055689382E-18 ) ) ;
#1800 = VERTEX_POINT ( 'NONE', #13 ) ;
#1801 = MANIFOLD_SOLID_BREP ( '\X2\570689d2\X0\4', #87 ) ;
#1802 = CARTESIAN_POINT ( 'NONE',  ( -0.5333333333333331039, -0.4800000000000000933, 0.6175000000000000488 ) ) ;
#1803 = EDGE_CURVE ( 'NONE', #1069, #1243, #1651, .T. ) ;
#1804 = ORIENTED_EDGE ( 'NONE', *, *, #1249, .T. ) ;
#1805 = LINE ( 'NONE', #373, #791 ) ;
#1806 = ADVANCED_FACE ( 'NONE', ( #649 ), #1503, .F. ) ;
#1807 = DIRECTION ( 'NONE',  ( 1.000000000000000000, 0.000000000000000000, 0.000000000000000000 ) ) ;
#1808 = AXIS2_PLACEMENT_3D ( 'NONE', #866, #199, #1316 ) ;
#1809 = DIRECTION ( 'NONE',  ( -1.000000000000000000, 0.000000000000000000, 0.000000000000000000 ) ) ;
#1810 = CARTESIAN_POINT ( 'NONE',  ( 0.1620780677708277273, 0.5000000000000000000, -8.410913210831254749E-05 ) ) ;
#1811 = ORIENTED_EDGE ( 'NONE', *, *, #1026, .T. ) ;
#1812 = LINE ( 'NONE', #47, #1340 ) ;
#1813 = CARTESIAN_POINT ( 'NONE',  ( -0.1445190296114370609, 1.566878458702169627E-17, -0.009519029611437282781 ) ) ;
#1814 = FACE_OUTER_BOUND ( 'NONE', #288, .T. ) ;
#1815 = CARTESIAN_POINT ( 'NONE',  ( 0.2461205673508196634, -0.5000000000000001110, 2.168404344971010840E-16 ) ) ;
#1816 = DIRECTION ( 'NONE',  ( -1.000000000000000000, 0.000000000000000000, 0.000000000000000000 ) ) ;
#1817 = FILL_AREA_STYLE ('',( #80 ) ) ;
#1818 = ORIENTED_EDGE ( 'NONE', *, *, #42, .F. ) ;
#1819 = DIRECTION ( 'NONE',  ( 1.000000000000000000, 0.000000000000000000, 0.000000000000000000 ) ) ;
#1820 = EDGE_LOOP ( 'NONE', ( #1501, #1333, #713, #1695 ) ) ;
#1821 = LINE ( 'NONE', #690, #1599 ) ;
#1822 = ADVANCED_FACE ( 'NONE', ( #1313 ), #1629, .T. ) ;
#1823 = DIRECTION ( 'NONE',  ( 1.000000000000000000, 0.000000000000000000, 0.000000000000000000 ) ) ;
#1824 = CARTESIAN_POINT ( 'NONE',  ( -0.1445190296114371165, -0.4333333333333334036, -0.009519029611437246352 ) ) ;
#1825 = DIRECTION ( 'NONE',  ( 1.000000000000000000, 2.168404344971008868E-16, -0.000000000000000000 ) ) ;
#1826 = VECTOR ( 'NONE', #703, 1000.000000000000000 ) ;
#1827 = EDGE_CURVE ( 'NONE', #887, #1641, #518, .T. ) ;
#1828 =( NAMED_UNIT ( * ) PLANE_ANGLE_UNIT ( ) SI_UNIT ( $, .RADIAN. ) );
#1829 = ORIENTED_EDGE ( 'NONE', *, *, #542, .T. ) ;
#1830 = AXIS2_PLACEMENT_3D ( 'NONE', #225, #1991, #1324 ) ;
#1831 = CARTESIAN_POINT ( 'NONE',  ( 0.2412552655610074592, -0.5000000000000001110, -8.410913219427914103E-05 ) ) ;
#1832 = PLANE ( 'NONE',  #2012 ) ;
#1833 = VERTEX_POINT ( 'NONE', #990 ) ;
#1834 = VECTOR ( 'NONE', #1866, 1000.000000000000000 ) ;
#1835 = CARTESIAN_POINT ( 'NONE',  ( 0.5799999999999998490, 1.257674520083184897E-16, 0.6175000000000000488 ) ) ;
#1836 = AXIS2_PLACEMENT_3D ( 'NONE', #1872, #469, #1108 ) ;
#1837 = ORIENTED_EDGE ( 'NONE', *, *, #1232, .F. ) ;
#1838 = DIRECTION ( 'NONE',  ( 1.000000000000000000, 0.000000000000000000, 0.000000000000000000 ) ) ;
#1839 = SHAPE_REPRESENTATION ( 'pin_\X2\9ed88ba4\X0\', ( #1797 ), #1032 ) ;
#1840 = VECTOR ( 'NONE', #1684, 1000.000000000000000 ) ;
#1841 = VECTOR ( 'NONE', #729, 1000.000000000000000 ) ;
#1842 = ORIENTED_EDGE ( 'NONE', *, *, #1047, .T. ) ;
#1843 = ADVANCED_FACE ( 'NONE', ( #1157 ), #195, .F. ) ;
#1844 = CARTESIAN_POINT ( 'NONE',  ( 0.1572127659780103992, -0.5000000000000001110, 0.000000000000000000 ) ) ;
#1845 = CARTESIAN_POINT ( 'NONE',  ( -0.1675000000000000933, 1.816038638913220543E-17, -0.03250000000000000111 ) ) ;
#1846 = VERTEX_POINT ( 'NONE', #842 ) ;
#1847 = CARTESIAN_POINT ( 'NONE',  ( -0.1215380592228743062, -0.4333333333333334036, -0.03250000000000000111 ) ) ;
#1848 = ORIENTED_EDGE ( 'NONE', *, *, #573, .F. ) ;
#1849 = CARTESIAN_POINT ( 'NONE',  ( -0.2031941709103788352, 0.4911517095402493371, -0.008848290459750956030 ) ) ;
#1850 = EDGE_CURVE ( 'NONE', #421, #471, #1805, .T. ) ;
#1851 = CARTESIAN_POINT ( 'NONE',  ( 0.000000000000000000, 0.000000000000000000, 0.000000000000000000 ) ) ;
#1852 = ORIENTED_EDGE ( 'NONE', *, *, #292, .F. ) ;
#1853 = DIRECTION ( 'NONE',  ( -1.000000000000000000, 0.000000000000000000, 0.000000000000000000 ) ) ;
#1854 = EDGE_CURVE ( 'NONE', #750, #706, #1169, .T. ) ;
#1855 = DIRECTION ( 'NONE',  ( 0.000000000000000000, -0.000000000000000000, 1.000000000000000000 ) ) ;
#1856 = ORIENTED_EDGE ( 'NONE', *, *, #1666, .F. ) ;
#1857 = CARTESIAN_POINT ( 'NONE',  ( -0.2016666666666668273, -0.4904809703885630867, -0.009519029611437308802 ) ) ;
#1858 =( REPRESENTATION_RELATIONSHIP ('NONE','NONE', #1409, #553 ) REPRESENTATION_RELATIONSHIP_WITH_TRANSFORMATION ( #259 )SHAPE_REPRESENTATION_RELATIONSHIP( ) );
#1859 = ORIENTED_EDGE ( 'NONE', *, *, #1984, .F. ) ;
#1860 = DIRECTION ( 'NONE',  ( 0.000000000000000000, 0.000000000000000000, -1.000000000000000000 ) ) ;
#1861 = AXIS2_PLACEMENT_3D ( 'NONE', #1847, #1065, #884 ) ;
#1862 = FILL_AREA_STYLE ('',( #581 ) ) ;
#1863 = ORIENTED_EDGE ( 'NONE', *, *, #2067, .F. ) ;
#1864 = AXIS2_PLACEMENT_3D ( 'NONE', #2, #637, #1083 ) ;
#1865 = CARTESIAN_POINT ( 'NONE',  ( 0.2026820271788140337, 0.4909315542392882481, -0.009068445760711621798 ) ) ;
#1866 = DIRECTION ( 'NONE',  ( -1.000000000000000000, 0.000000000000000000, 0.000000000000000000 ) ) ;
#1867 = ORIENTED_EDGE ( 'NONE', *, *, #215, .T. ) ;
#1868 = CARTESIAN_POINT ( 'NONE',  ( -0.5675000000000001155, -0.4333333333333335147, -0.03250000000000000111 ) ) ;
#1869 =( GEOMETRIC_REPRESENTATION_CONTEXT ( 3 ) GLOBAL_UNCERTAINTY_ASSIGNED_CONTEXT ( ( #31 ) ) GLOBAL_UNIT_ASSIGNED_CONTEXT ( ( #1056, #1250, #1088 ) ) REPRESENTATION_CONTEXT ( 'NONE', 'WORKASPACE' ) );
#1870 = EDGE_CURVE ( 'NONE', #1833, #290, #852, .T. ) ;
#1871 = VERTEX_POINT ( 'NONE', #67 ) ;
#1872 = CARTESIAN_POINT ( 'NONE',  ( 0.1658333333333333881, -0.4333333333333332926, 0.000000000000000000 ) ) ;
#1873 = ORIENTED_EDGE ( 'NONE', *, *, #1992, .T. ) ;
#1874 = CIRCLE ( 'NONE', #1308, 0.03416666666666672014 ) ;
#1875 = PLANE ( 'NONE',  #900 ) ;
#1876 = ORIENTED_EDGE ( 'NONE', *, *, #1576, .T. ) ;
#1877 = CARTESIAN_POINT ( 'NONE',  ( -0.2461205673553235329, -0.5000000000000001110, -2.168404344971006896E-16 ) ) ;
#1878 = ORIENTED_EDGE ( 'NONE', *, *, #1182, .F. ) ;
#1879 = DIRECTION ( 'NONE',  ( 1.000000000000000000, 0.000000000000000000, 0.000000000000000000 ) ) ;
#1880 = EDGE_CURVE ( 'NONE', #1680, #1366, #622, .T. ) ;
#1881 = SHAPE_DEFINITION_REPRESENTATION ( #904, #1409 ) ;
#1882 = ORIENTED_EDGE ( 'NONE', *, *, #621, .T. ) ;
#1883 = LINE ( 'NONE', #1579, #65 ) ;
#1884 = ORIENTED_EDGE ( 'NONE', *, *, #127, .T. ) ;
#1885 = LINE ( 'NONE', #955, #527 ) ;
#1886 = ORIENTED_EDGE ( 'NONE', *, *, #1947, .T. ) ;
#1887 = EDGE_CURVE ( 'NONE', #1680, #696, #1821, .T. ) ;
#1888 = VERTEX_POINT ( 'NONE', #541 ) ;
#1889 = B_SPLINE_CURVE_WITH_KNOTS ( 'NONE', 3,
 ( #392, #1034, #918, #1722, #1055, #2048, #1849, #1692, #886, #1388 ),
 .UNSPECIFIED., .F., .F.,
 ( 4, 3, 3, 4 ),
 ( 0.000000000000000000, 2.594941197381853899E-05, 4.498551375139237728E-05, 4.678358250251633084E-05 ),
 .UNSPECIFIED. ) ;
#1890 = CARTESIAN_POINT ( 'NONE',  ( -0.2016666666666668273, -0.4904809703885630867, -0.009519029611437308802 ) ) ;
#1891 = ORIENTED_EDGE ( 'NONE', *, *, #253, .T. ) ;
#1892 = AXIS2_PLACEMENT_3D ( 'NONE', #1255, #936, #647 ) ;
#1893 = FILL_AREA_STYLE ('',( #1268 ) ) ;
#1894 = DIRECTION ( 'NONE',  ( 1.000000000000000000, 0.000000000000000000, 0.000000000000000000 ) ) ;
#1895 = VERTEX_POINT ( 'NONE', #1179 ) ;
#1896 = DIRECTION ( 'NONE',  ( -0.000000000000000000, 0.000000000000000000, 1.000000000000000000 ) ) ;
#1897 = VECTOR ( 'NONE', #1090, 1000.000000000000114 ) ;
#1898 = CARTESIAN_POINT ( 'NONE',  ( -0.2461205673508208569, 0.5000000000000000000, -2.168404344971006896E-16 ) ) ;
#1899 = CONTEXT_DEPENDENT_SHAPE_REPRESENTATION ( #1044, #398 ) ;
#1900 = VECTOR ( 'NONE', #629, 1000.000000000000000 ) ;
#1901 = ORIENTED_EDGE ( 'NONE', *, *, #976, .F. ) ;
#1902 = DIRECTION ( 'NONE',  ( 1.000000000000000000, 0.000000000000000000, 0.000000000000000000 ) ) ;
#1903 = FACE_OUTER_BOUND ( 'NONE', #1298, .T. ) ;
#1904 = EDGE_CURVE ( 'NONE', #760, #769, #94, .T. ) ;
#1905 = ORIENTED_EDGE ( 'NONE', *, *, #1965, .F. ) ;
#1906 = VECTOR ( 'NONE', #551, 1000.000000000000000 ) ;
#1907 = DIRECTION ( 'NONE',  ( 0.000000000000000000, 0.7071067811865449082, -0.7071067811865502373 ) ) ;
#1908 = LINE ( 'NONE', #957, #1701 ) ;
#1909 = VERTEX_POINT ( 'NONE', #644 ) ;
#1910 = CARTESIAN_POINT ( 'NONE',  ( 0.5999999999999998668, 0.4333333333333332926, 0.5974999999999998090 ) ) ;
#1911 = EDGE_CURVE ( 'NONE', #1895, #1259, #977, .T. ) ;
#1912 = CARTESIAN_POINT ( 'NONE',  ( 0.5333333333333333259, -0.5000000000000001110, 2.168404344971008868E-16 ) ) ;
#1913 = ORIENTED_EDGE ( 'NONE', *, *, #12, .T. ) ;
#1914 = EDGE_CURVE ( 'NONE', #1577, #769, #62, .T. ) ;
#1915 = CARTESIAN_POINT ( 'NONE',  ( -0.5333333333333331039, -0.4333333333333334036, -0.03249999999999997335 ) ) ;
#1916 = DIRECTION ( 'NONE',  ( 1.084202172485504311E-16, 1.000000000000000000, 0.000000000000000000 ) ) ;
#1917 = ORIENTED_EDGE ( 'NONE', *, *, #774, .F. ) ;
#1918 = DIRECTION ( 'NONE',  ( -1.000000000000000000, 0.000000000000000000, 0.000000000000000000 ) ) ;
#1919 = DIRECTION ( 'NONE',  ( 0.000000000000000000, 1.000000000000000000, 0.000000000000000000 ) ) ;
#1920 = B_SPLINE_CURVE_WITH_KNOTS ( 'NONE', 3,
 ( #1469, #1770, #1310, #1154, #655, #203, #378, #1297, #1799, #1009 ),
 .UNSPECIFIED., .F., .F.,
 ( 4, 3, 3, 4 ),
 ( 0.000000000000000000, 1.627690326763354936E-05, 8.196813025868239250E-05, 8.929601031756352874E-05 ),
 .UNSPECIFIED. ) ;
#1921 = DIRECTION ( 'NONE',  ( 0.000000000000000000, 0.000000000000000000, 1.000000000000000000 ) ) ;
#1922 = CARTESIAN_POINT ( 'NONE',  ( 0.000000000000000000, -0.4800000000000000933, 0.6175000000000000488 ) ) ;
#1923 = CARTESIAN_POINT ( 'NONE',  ( 0.1674999999999997324, -1.816038638913216845E-17, -0.03250000000000000111 ) ) ;
#1924 = EDGE_CURVE ( 'NONE', #1176, #1559, #1765, .T. ) ;
#1925 = CARTESIAN_POINT ( 'NONE',  ( -0.5675000000000001155, 0.4333333333333332926, 0.000000000000000000 ) ) ;
#1926 = DIRECTION ( 'NONE',  ( -0.000000000000000000, -0.000000000000000000, 1.000000000000000000 ) ) ;
#1927 = EDGE_LOOP ( 'NONE', ( #689, #342, #1349, #572 ) ) ;
#1928 = VECTOR ( 'NONE', #1018, 1000.000000000000114 ) ;
#1929 = FACE_OUTER_BOUND ( 'NONE', #2033, .T. ) ;
#1930 = VECTOR ( 'NONE', #57, 1000.000000000000000 ) ;
#1931 = FILL_AREA_STYLE ('',( #1289 ) ) ;
#1932 = CIRCLE ( 'NONE', #656, 0.05714763705522921816 ) ;
#1933 = EDGE_LOOP ( 'NONE', ( #110, #1990, #779, #1781 ) ) ;
#1934 = LINE ( 'NONE', #501, #1103 ) ;
#1935 = ADVANCED_FACE ( 'NONE', ( #189 ), #328, .T. ) ;
#1936 = AXIS2_PLACEMENT_3D ( 'NONE', #952, #157, #1902 ) ;
#1937 = CARTESIAN_POINT ( 'NONE',  ( 0.5333333333333331039, 0.4675000000000000266, 0.000000000000000000 ) ) ;
#1938 =( GEOMETRIC_REPRESENTATION_CONTEXT ( 3 ) GLOBAL_UNCERTAINTY_ASSIGNED_CONTEXT ( ( #429 ) ) GLOBAL_UNIT_ASSIGNED_CONTEXT ( ( #1985, #683, #1318 ) ) REPRESENTATION_CONTEXT ( 'NONE', 'WORKASPACE' ) );
#1939 = AXIS2_PLACEMENT_3D ( 'NONE', #1604, #965, #1590 ) ;
#1940 = PRODUCT_DEFINITION_CONTEXT ( 'detailed design', #2014, 'design' ) ;
#1941 = AXIS2_PLACEMENT_3D ( 'NONE', #820, #663, #187 ) ;
#1942 = CARTESIAN_POINT ( 'NONE',  ( 0.5333333333333331039, 0.5000000000000000000, 0.5974999999999998090 ) ) ;
#1943 = LINE ( 'NONE', #1635, #1928 ) ;
#1944 = VERTEX_POINT ( 'NONE', #654 ) ;
#1945 = LINE ( 'NONE', #164, #352 ) ;
#1946 = CIRCLE ( 'NONE', #1982, 0.06666666666666669350 ) ;
#1947 = EDGE_CURVE ( 'NONE', #2060, #249, #1615, .T. ) ;
#1948 = LINE ( 'NONE', #68, #390 ) ;
#1949 = CIRCLE ( 'NONE', #599, 0.03416666666666666463 ) ;
#1950 = DIRECTION ( 'NONE',  ( 0.000000000000000000, 1.000000000000000000, 0.000000000000000000 ) ) ;
#1951 = CARTESIAN_POINT ( 'NONE',  ( -0.2436882030767900664, 0.5000000000000000000, -1.037213854504442804E-13 ) ) ;
#1952 = DIRECTION ( 'NONE',  ( 0.000000000000000000, 0.000000000000000000, 1.000000000000000000 ) ) ;
#1953 = CARTESIAN_POINT ( 'NONE',  ( 0.2144919317947961146, -0.4954637687136468904, -0.004536231286353060999 ) ) ;
#1954 = ORIENTED_EDGE ( 'NONE', *, *, #653, .F. ) ;
#1955 = CARTESIAN_POINT ( 'NONE',  ( -0.2000000000000000666, 0.4675000000000000266, 0.000000000000000000 ) ) ;
#1956 =( NAMED_UNIT ( * ) SI_UNIT ( $, .STERADIAN. ) SOLID_ANGLE_UNIT ( ) );
#1957 = EDGE_CURVE ( 'NONE', #1197, #357, #491, .T. ) ;
#1958 = CARTESIAN_POINT ( 'NONE',  ( -0.1675000000000000933, 1.816038638913220543E-17, -0.03250000000000000111 ) ) ;
#1959 = CARTESIAN_POINT ( 'NONE',  ( 0.5999999999999998668, 0.4333333333333332926, 0.6175000000000000488 ) ) ;
#1960 = DIRECTION ( 'NONE',  ( -0.000000000000000000, 0.000000000000000000, 1.000000000000000000 ) ) ;
#1961 = ADVANCED_FACE ( 'NONE', ( #813 ), #1133, .T. ) ;
#1962 = CARTESIAN_POINT ( 'NONE',  ( 0.2016666666666663832, -0.4333333333333334036, 0.000000000000000000 ) ) ;
#1963 = CARTESIAN_POINT ( 'NONE',  ( 0.2374707633595471434, -0.4999999999996312949, -3.686288664141670760E-13 ) ) ;
#1964 = ORIENTED_EDGE ( 'NONE', *, *, #1778, .T. ) ;
#1965 = EDGE_CURVE ( 'NONE', #1871, #1414, #1295, .T. ) ;
#1966 = CARTESIAN_POINT ( 'NONE',  ( 0.1999999999999999556, 0.4675000000000000266, 0.03250000000000000111 ) ) ;
#1967 = EDGE_LOOP ( 'NONE', ( #944, #901, #280, #1917 ) ) ;
#1968 = DIRECTION ( 'NONE',  ( 0.000000000000000000, -0.000000000000000000, 1.000000000000000000 ) ) ;
#1969 = AXIS2_PLACEMENT_3D ( 'NONE', #732, #86, #1513 ) ;
#1970 = CARTESIAN_POINT ( 'NONE',  ( 0.2016666666666664109, -0.4333333333333334592, -0.03250000000000000111 ) ) ;
#1971 = DIRECTION ( 'NONE',  ( 0.000000000000000000, 0.7071067811865449082, 0.7071067811865502373 ) ) ;
#1972 = AXIS2_PLACEMENT_3D ( 'NONE', #486, #1125, #968 ) ;
#1973 = CARTESIAN_POINT ( 'NONE',  ( -0.6000000000000000888, 0.5000000000000000000, 0.6175000000000000488 ) ) ;
#1974 = AXIS2_PLACEMENT_3D ( 'NONE', #1417, #151, #784 ) ;
#1975 = COLOUR_RGB ( '',0.8705882352941176627, 0.9098039215686274384, 1.000000000000000000 ) ;
#1976 = CARTESIAN_POINT ( 'NONE',  ( 0.5333333333333333259, -0.4800000000000000933, 0.6175000000000000488 ) ) ;
#1977 = DIRECTION ( 'NONE',  ( 0.000000000000000000, -0.000000000000000000, -1.000000000000000000 ) ) ;
#1978 = EDGE_LOOP ( 'NONE', ( #1135, #598, #906, #1811 ) ) ;
#1979 = AXIS2_PLACEMENT_3D ( 'NONE', #74, #1040, #1855 ) ;
#1980 =( NAMED_UNIT ( * ) PLANE_ANGLE_UNIT ( ) SI_UNIT ( $, .RADIAN. ) );
#1981 = FACE_OUTER_BOUND ( 'NONE', #286, .T. ) ;
#1982 = AXIS2_PLACEMENT_3D ( 'NONE', #512, #1273, #994 ) ;
#1983 = DIRECTION ( 'NONE',  ( -0.7071067811865502373, -1.533293416683380055E-16, -0.7071067811865449082 ) ) ;
#1984 = EDGE_CURVE ( 'NONE', #676, #1676, #171, .T. ) ;
#1985 =( LENGTH_UNIT ( ) NAMED_UNIT ( * ) SI_UNIT ( .MILLI., .METRE. ) );
#1986 = CYLINDRICAL_SURFACE ( 'NONE', #1220, 0.03250000000000000111 ) ;
#1987 = ORIENTED_EDGE ( 'NONE', *, *, #1682, .F. ) ;
#1988 = EDGE_CURVE ( 'NONE', #760, #361, #964, .T. ) ;
#1989 = CARTESIAN_POINT ( 'NONE',  ( 0.000000000000000000, 0.000000000000000000, 0.000000000000000000 ) ) ;
#1990 = ORIENTED_EDGE ( 'NONE', *, *, #1321, .T. ) ;
#1991 = DIRECTION ( 'NONE',  ( 0.000000000000000000, 0.000000000000000000, -1.000000000000000000 ) ) ;
#1992 = EDGE_CURVE ( 'NONE', #750, #699, #2041, .T. ) ;
#1993 = DIRECTION ( 'NONE',  ( -1.000000000000000000, 1.084202172485504311E-16, 0.000000000000000000 ) ) ;
#1994 = CARTESIAN_POINT ( 'NONE',  ( 1.090031216423598296E-16, 0.4674999999999998601, 0.000000000000000000 ) ) ;
#1995 = CARTESIAN_POINT ( 'NONE',  ( -0.5333333333333333259, 0.5000000000000000000, 0.5974999999999998090 ) ) ;
#1996 = DIRECTION ( 'NONE',  ( -0.000000000000000000, 0.000000000000000000, 1.000000000000000000 ) ) ;
#1997 = ADVANCED_FACE ( 'NONE', ( #1122 ), #824, .T. ) ;
#1998 = ORIENTED_EDGE ( 'NONE', *, *, #724, .F. ) ;
#1999 = FACE_OUTER_BOUND ( 'NONE', #595, .T. ) ;
#2000 = PLANE ( 'NONE',  #758 ) ;
#2001 = DIRECTION ( 'NONE',  ( 0.7071067811865513475, 1.533293416683382273E-16, 0.7071067811865436870 ) ) ;
#2002 = ORIENTED_EDGE ( 'NONE', *, *, #253, .F. ) ;
#2003 = DIRECTION ( 'NONE',  ( 0.000000000000000000, 0.000000000000000000, -1.000000000000000000 ) ) ;
#2004 = EDGE_CURVE ( 'NONE', #1871, #1523, #1132, .T. ) ;
#2005 = CIRCLE ( 'NONE', #1892, 0.03416666666666666463 ) ;
#2006 = PRESENTATION_STYLE_ASSIGNMENT (( #229 ) ) ;
#2007 = ORIENTED_EDGE ( 'NONE', *, *, #1682, .T. ) ;
#2008 = COLOUR_RGB ( '',0.2509803921568627416, 0.2509803921568627416, 0.2509803921568627416 ) ;
#2009 = DIRECTION ( 'NONE',  ( 1.000000000000000000, 0.000000000000000000, 0.000000000000000000 ) ) ;
#2010 = CARTESIAN_POINT ( 'NONE',  ( 0.1674999999999998157, 0.4333333333333333481, -0.03250000000000000111 ) ) ;
#2011 = ORIENTED_EDGE ( 'NONE', *, *, #1278, .F. ) ;
#2012 = AXIS2_PLACEMENT_3D ( 'NONE', #1687, #251, #1234 ) ;
#2013 = DIRECTION ( 'NONE',  ( 0.000000000000000000, -0.000000000000000000, -1.000000000000000000 ) ) ;
#2014 = APPLICATION_CONTEXT ( 'automotive_design' ) ;
#2015 = ADVANCED_FACE ( 'NONE', ( #792 ), #92, .T. ) ;
#2016 = ORIENTED_EDGE ( 'NONE', *, *, #1433, .T. ) ;
#2017 = CARTESIAN_POINT ( 'NONE',  ( -0.1572127659780099274, 0.5000000000000000000, 0.000000000000000000 ) ) ;
#2018 = AXIS2_PLACEMENT_3D ( 'NONE', #1329, #1740, #981 ) ;
#2019 = CONICAL_SURFACE ( 'NONE', #2050, 0.04666666666666664798, 0.7853981633974422838 ) ;
#2020 = PRODUCT_RELATED_PRODUCT_CATEGORY ( 'part', '', ( #1199 ) ) ;
#2021 = ORIENTED_EDGE ( 'NONE', *, *, #1612, .T. ) ;
#2022 = CARTESIAN_POINT ( 'NONE',  ( 0.5999999999999998668, 0.4675000000000000266, -0.03250000000000000111 ) ) ;
#2023 = DIRECTION ( 'NONE',  ( -1.000000000000000000, -2.168404344971008868E-16, 0.000000000000000000 ) ) ;
#2024 = ORIENTED_EDGE ( 'NONE', *, *, #468, .T. ) ;
#2025 = FACE_OUTER_BOUND ( 'NONE', #1541, .T. ) ;
#2026 = ORIENTED_EDGE ( 'NONE', *, *, #1947, .F. ) ;
#2027 = CARTESIAN_POINT ( 'NONE',  ( 0.5333333333333333259, -0.5000000000000001110, 0.5974999999999998090 ) ) ;
#2028 = ORIENTED_EDGE ( 'NONE', *, *, #956, .F. ) ;
#2029 = ADVANCED_FACE ( 'NONE', ( #355 ), #1578, .T. ) ;
#2030 = CARTESIAN_POINT ( 'NONE',  ( 0.5333333333333333259, -0.5000000000000001110, 2.168404344971010840E-16 ) ) ;
#2031 = LINE ( 'NONE', #584, #1767 ) ;
#2032 = EDGE_CURVE ( 'NONE', #938, #785, #623, .T. ) ;
#2033 = EDGE_LOOP ( 'NONE', ( #64, #1707, #1492, #982 ) ) ;
#2034 = FACE_OUTER_BOUND ( 'NONE', #400, .T. ) ;
#2035 = ORIENTED_EDGE ( 'NONE', *, *, #1101, .T. ) ;
#2036 = CARTESIAN_POINT ( 'NONE',  ( 0.5999999999999998668, 0.4333333333333332926, 2.168404344971010840E-16 ) ) ;
#2037 = VECTOR ( 'NONE', #40, 1000.000000000000000 ) ;
#2038 = ORIENTED_EDGE ( 'NONE', *, *, #1602, .F. ) ;
#2039 = FACE_OUTER_BOUND ( 'NONE', #1330, .T. ) ;
#2040 = ORIENTED_EDGE ( 'NONE', *, *, #70, .F. ) ;
#2041 = CIRCLE ( 'NONE', #1936, 0.03416666666666666463 ) ;
#2042 = DIRECTION ( 'NONE',  ( -1.159574516027277698E-16, 1.000000000000000000, 0.000000000000000000 ) ) ;
#2043 = AXIS2_PLACEMENT_3D ( 'NONE', #1694, #1078, #1370 ) ;
#2044 = AXIS2_PLACEMENT_3D ( 'NONE', #125, #953, #158 ) ;
#2045 = EDGE_CURVE ( 'NONE', #222, #1895, #1745, .T. ) ;
#2046 = VECTOR ( 'NONE', #640, 1000.000000000000000 ) ;
#2047 = VERTEX_POINT ( 'NONE', #1976 ) ;
#2048 = CARTESIAN_POINT ( 'NONE',  ( -0.2086545550631697110, 0.4934989656764344201, -0.006501034323565844410 ) ) ;
#2049 = APPLICATION_PROTOCOL_DEFINITION ( 'draft international standard', 'automotive_design', 1998, #2014 ) ;
#2050 = AXIS2_PLACEMENT_3D ( 'NONE', #1487, #2003, #674 ) ;
#2051 = EDGE_CURVE ( 'NONE', #1185, #387, #393, .T. ) ;
#2052 = EDGE_LOOP ( 'NONE', ( #1605, #372, #1221, #1538 ) ) ;
#2053 = AXIS2_PLACEMENT_3D ( 'NONE', #873, #1201, #96 ) ;
#2054 = CARTESIAN_POINT ( 'NONE',  ( -0.6000000000000000888, 0.4333333333333332926, 0.5974999999999998090 ) ) ;
#2055 = ORIENTED_EDGE ( 'NONE', *, *, #1984, .T. ) ;
#2056 = PLANE ( 'NONE',  #1864 ) ;
#2057 = EDGE_CURVE ( 'NONE', #252, #1366, #1163, .T. ) ;
#2058 = ORIENTED_EDGE ( 'NONE', *, *, #800, .F. ) ;
#2059 = DIRECTION ( 'NONE',  ( 0.000000000000000000, -0.000000000000000000, -1.000000000000000000 ) ) ;
#2060 = VERTEX_POINT ( 'NONE', #1027 ) ;
#2061 = CARTESIAN_POINT ( 'NONE',  ( -0.2016666666666667995, -0.4675000000000002487, 0.000000000000000000 ) ) ;
#2062 = ORIENTED_EDGE ( 'NONE', *, *, #1586, .T. ) ;
#2063 = CARTESIAN_POINT ( 'NONE',  ( 0.5674999999999998934, 0.4333333333333333481, 0.000000000000000000 ) ) ;
#2064 = DIRECTION ( 'NONE',  ( -0.000000000000000000, 0.000000000000000000, -1.000000000000000000 ) ) ;
#2065 = ORIENTED_EDGE ( 'NONE', *, *, #58, .T. ) ;
#2066 = DIRECTION ( 'NONE',  ( 2.168404344971008868E-16, -1.000000000000000000, 0.000000000000000000 ) ) ;
#2067 = EDGE_CURVE ( 'NONE', #1146, #166, #757, .T. ) ;
#2068 = DIRECTION ( 'NONE',  ( 0.7071067811865502373, 1.533293416683380055E-16, -0.7071067811865449082 ) ) ;
#2069 = ORIENTED_EDGE ( 'NONE', *, *, #993, .T. ) ;
#2070 = UNCERTAINTY_MEASURE_WITH_UNIT (LENGTH_MEASURE( 1.000000000000000082E-05 ), #1332, 'distance_accuracy_value', 'NONE');
#2071 = CLOSED_SHELL ( 'NONE', ( #502, #1657, #193, #1087, #1785, #360, #1737, #1384, #1020, #933 ) ) ;
#2072 = DIRECTION ( 'NONE',  ( 1.084202172485504311E-16, 1.000000000000000000, 0.000000000000000000 ) ) ;
#2073 = DIRECTION ( 'NONE',  ( -0.000000000000000000, 0.000000000000000000, -1.000000000000000000 ) ) ;
#2074 = ORIENTED_EDGE ( 'NONE', *, *, #1988, .F. ) ;
#2075 = VECTOR ( 'NONE', #268, 1000.000000000000000 ) ;
#2076 = PRESENTATION_STYLE_ASSIGNMENT (( #305 ) ) ;
#2077 = VECTOR ( 'NONE', #638, 1000.000000000000000 ) ;
#2078 = CARTESIAN_POINT ( 'NONE',  ( 0.5333333333333331039, 0.4333333333333332926, 0.6175000000000000488 ) ) ;
#2079 = ORIENTED_EDGE ( 'NONE', *, *, #61, .T. ) ;
#2080 = DIRECTION ( 'NONE',  ( 1.000000000000000000, 0.000000000000000000, 0.000000000000000000 ) ) ;
#2081 = EDGE_CURVE ( 'NONE', #1895, #1721, #165, .T. ) ;
#2082 = LINE ( 'NONE', #793, #1472 ) ;
#2083 = NEXT_ASSEMBLY_USAGE_OCCURRENCE ( 'NAUO1', ' ', ' ', #1450, #895, $ ) ;
#2084 = NEXT_ASSEMBLY_USAGE_OCCURRENCE ( 'NAUO2', ' ', ' ', #1450, #1016, $ ) ;
#2085 = NEXT_ASSEMBLY_USAGE_OCCURRENCE ( 'NAUO3', ' ', ' ', #1450, #1016, $ ) ;
ENDSEC;
END-ISO-10303-21;
