ISO-10303-21;
HEADER;
FILE_DESCRIPTION (( 'STEP AP214' ),
    '1' );
FILE_NAME ('FTC201608S.step',
    '2026-10-09T15:31:53',
    ( '' ),
    ( '' ),
    'SwSTEP 2.0',
    'SolidWorks 2025',
    '' );
FILE_SCHEMA (( 'AUTOMOTIVE_DESIGN' ));
ENDSEC;

DATA;
#1 = VERTEX_POINT ( 'NONE', #1409 ) ;
#2 = CARTESIAN_POINT ( 'NONE',  ( -0.3883848892538656061, 0.8000000000000002665, 5.488773498207867183E-16 ) ) ;
#3 = ORIENTED_EDGE ( 'NONE', *, *, #705, .T. ) ;
#4 = CARTESIAN_POINT ( 'NONE',  ( 1.000000000000000000, 0.6933333333333335791, 5.421010862427522170E-16 ) ) ;
#5 = ORIENTED_EDGE ( 'NONE', *, *, #336, .F. ) ;
#6 = DIRECTION ( 'NONE',  ( -1.000000000000000000, 0.000000000000000000, 0.000000000000000000 ) ) ;
#7 = CARTESIAN_POINT ( 'NONE',  ( 0.3499999999999997558, 0.7600000000000003419, 0.04000000000000000083 ) ) ;
#8 = EDGE_CURVE ( 'NONE', #538, #1114, #1569, .T. ) ;
#9 =( NAMED_UNIT ( * ) SI_UNIT ( $, .STERADIAN. ) SOLID_ANGLE_UNIT ( ) );
#10 = VERTEX_POINT ( 'NONE', #604 ) ;
#11 = CARTESIAN_POINT ( 'NONE',  ( -0.3266666666666670493, -0.6933333333333331350, -0.04000000000000000083 ) ) ;
#12 = EDGE_LOOP ( 'NONE', ( #527, #1157, #95, #591 ) ) ;
#13 = CARTESIAN_POINT ( 'NONE',  ( -0.9600000000000001865, -0.6933333333333331350, 0.000000000000000000 ) ) ;
#14 = EDGE_CURVE ( 'NONE', #318, #162, #141, .T. ) ;
#15 = EDGE_LOOP ( 'NONE', ( #1715, #644, #1930, #1841, #606, #1428, #1880, #949 ) ) ;
#16 = DIRECTION ( 'NONE',  ( 0.000000000000000000, 0.000000000000000000, -1.000000000000000000 ) ) ;
#17 = CIRCLE ( 'NONE', #1005, 0.07466666666666678387 ) ;
#18 = CARTESIAN_POINT ( 'NONE',  ( -0.3266666666666668273, 0.6933333333333335791, -0.04000000000000000083 ) ) ;
#19 = AXIS2_PLACEMENT_3D ( 'NONE', #158, #132, #1435 ) ;
#20 = PRODUCT_DEFINITION_FORMATION_WITH_SPECIFIED_SOURCE ( 'ANY', '', #986, .NOT_KNOWN. ) ;
#21 = LINE ( 'NONE', #1639, #1248 ) ;
#22 = ORIENTED_EDGE ( 'NONE', *, *, #2048, .T. ) ;
#23 = FACE_OUTER_BOUND ( 'NONE', #1723, .T. ) ;
#24 = VECTOR ( 'NONE', #1969, 1000.000000000000000 ) ;
#25 = ORIENTED_EDGE ( 'NONE', *, *, #1113, .T. ) ;
#26 = FACE_OUTER_BOUND ( 'NONE', #1573, .T. ) ;
#27 = CARTESIAN_POINT ( 'NONE',  ( 0.2317157287525386522, -3.140333706407054504E-17, -0.01171572875253816190 ) ) ;
#28 = AXIS2_PLACEMENT_3D ( 'NONE', #2056, #1288, #946 ) ;
#29 = UNCERTAINTY_MEASURE_WITH_UNIT (LENGTH_MEASURE( 1.000000000000000082E-05 ), #1359, 'distance_accuracy_value', 'NONE');
#30 = DIRECTION ( 'NONE',  ( 0.000000000000000000, 0.000000000000000000, -1.000000000000000000 ) ) ;
#31 = CARTESIAN_POINT ( 'NONE',  ( -0.3423808027845781643, 0.7936866794208708997, -0.006313320579128822024 ) ) ;
#32 = VERTEX_POINT ( 'NONE', #615 ) ;
#33 = FACE_OUTER_BOUND ( 'NONE', #1068, .T. ) ;
#34 = EDGE_LOOP ( 'NONE', ( #1524, #1276, #716, #198 ) ) ;
#35 = FACE_OUTER_BOUND ( 'NONE', #244, .T. ) ;
#36 = CARTESIAN_POINT ( 'NONE',  ( 0.2649484440794679374, 0.8000000000000002665, 0.000000000000000000 ) ) ;
#37 = LINE ( 'NONE', #1566, #302 ) ;
#38 = EDGE_CURVE ( 'NONE', #1390, #1738, #1263, .T. ) ;
#39 = EDGE_CURVE ( 'NONE', #477, #1343, #1767, .T. ) ;
#40 = CYLINDRICAL_SURFACE ( 'NONE', #1216, 0.06666666666666669350 ) ;
#41 = FACE_OUTER_BOUND ( 'NONE', #1456, .T. ) ;
#42 = EDGE_LOOP ( 'NONE', ( #445, #617, #668, #290 ) ) ;
#43 = VERTEX_POINT ( 'NONE', #1901 ) ;
#44 = AXIS2_PLACEMENT_3D ( 'NONE', #723, #137, #600 ) ;
#45 = CARTESIAN_POINT ( 'NONE',  ( 0.3617004121896438273, 0.8000000000000002665, 4.855899823105743522E-16 ) ) ;
#46 = CONICAL_SURFACE ( 'NONE', #2014, 0.06666666666666637431, 0.7853981633974453924 ) ;
#47 = VECTOR ( 'NONE', #588, 1000.000000000000000 ) ;
#48 = DIRECTION ( 'NONE',  ( 0.000000000000000000, 0.000000000000000000, 1.000000000000000000 ) ) ;
#49 = APPLICATION_CONTEXT ( 'automotive_design' ) ;
#50 = AXIS2_PLACEMENT_3D ( 'NONE', #931, #1580, #142 ) ;
#51 = CARTESIAN_POINT ( 'NONE',  ( 0.3423808027845784419, -0.7936866794208704556, -0.006313320579128849780 ) ) ;
#52 = LINE ( 'NONE', #1620, #1391 ) ;
#53 = ORIENTED_EDGE ( 'NONE', *, *, #1017, .F. ) ;
#54 = CARTESIAN_POINT ( 'NONE',  ( -0.8933333333333335347, -0.6933333333333331350, -0.04000000000000000083 ) ) ;
#55 = ORIENTED_EDGE ( 'NONE', *, *, #493, .T. ) ;
#56 = LINE ( 'NONE', #1506, #473 ) ;
#57 = VECTOR ( 'NONE', #1836, 1000.000000000000000 ) ;
#58 = CARTESIAN_POINT ( 'NONE',  ( 0.9999999999999997780, -0.7599999999999997868, -0.04000000000000000083 ) ) ;
#59 = AXIS2_PLACEMENT_3D ( 'NONE', #970, #1611, #1112 ) ;
#60 = ADVANCED_FACE ( 'NONE', ( #306 ), #785, .T. ) ;
#61 = FACE_OUTER_BOUND ( 'NONE', #1837, .T. ) ;
#62 = DIRECTION ( 'NONE',  ( 1.000000000000000000, 0.000000000000000000, 0.000000000000000000 ) ) ;
#63 = EDGE_LOOP ( 'NONE', ( #400, #544, #434, #778 ) ) ;
#64 = DIRECTION ( 'NONE',  ( -1.000000000000000000, 0.000000000000000000, 0.000000000000000000 ) ) ;
#65 = PLANE ( 'NONE',  #378 ) ;
#66 = EDGE_CURVE ( 'NONE', #861, #146, #819, .T. ) ;
#67 = DIRECTION ( 'NONE',  ( 0.000000000000000000, 0.000000000000000000, -1.000000000000000000 ) ) ;
#68 = CARTESIAN_POINT ( 'NONE',  ( 0.2600000000000001199, 0.8000000000000002665, 0.000000000000000000 ) ) ;
#69 = DIRECTION ( 'NONE',  ( 1.390002785237826867E-16, 1.000000000000000000, 0.000000000000000000 ) ) ;
#70 = VERTEX_POINT ( 'NONE', #1784 ) ;
#71 = CARTESIAN_POINT ( 'NONE',  ( -0.2600000000000002309, 3.523657060577893108E-17, -0.04000000000000000083 ) ) ;
#72 = CARTESIAN_POINT ( 'NONE',  ( 0.3266666666666669383, 0.7599999999999998979, -0.04000000000000000083 ) ) ;
#73 = DIRECTION ( 'NONE',  ( 1.355252715606881036E-16, 1.000000000000000000, 0.000000000000000000 ) ) ;
#74 = LINE ( 'NONE', #1358, #802 ) ;
#75 = SHAPE_REPRESENTATION_RELATIONSHIP ( 'NONE' , 'NONE' ,  #916, #1638 ) ;
#76 = AXIS2_PLACEMENT_3D ( 'NONE', #1131, #808, #1453 ) ;
#77 = EDGE_CURVE ( 'NONE', #1757, #120, #1796, .T. ) ;
#78 = EDGE_LOOP ( 'NONE', ( #354, #821, #1559, #125 ) ) ;
#79 = LINE ( 'NONE', #1219, #47 ) ;
#80 = DIRECTION ( 'NONE',  ( -1.355252715606880789E-16, -1.000000000000000000, 0.000000000000000000 ) ) ;
#81 = VERTEX_POINT ( 'NONE', #503 ) ;
#82 = FACE_OUTER_BOUND ( 'NONE', #625, .T. ) ;
#83 = AXIS2_PLACEMENT_3D ( 'NONE', #1309, #1947, #1495 ) ;
#84 = FACE_OUTER_BOUND ( 'NONE', #1164, .T. ) ;
#85 = DIRECTION ( 'NONE',  ( 0.000000000000000000, 1.000000000000000000, 0.000000000000000000 ) ) ;
#86 = ORIENTED_EDGE ( 'NONE', *, *, #1615, .T. ) ;
#87 = CARTESIAN_POINT ( 'NONE',  ( 0.3883848892538656061, 0.8000000000000002665, 5.488773498207867183E-16 ) ) ;
#88 = EDGE_LOOP ( 'NONE', ( #1244, #351, #1251, #55 ) ) ;
#89 = DIRECTION ( 'NONE',  ( -1.000000000000000000, 0.000000000000000000, 0.000000000000000000 ) ) ;
#90 = ORIENTED_EDGE ( 'NONE', *, *, #583, .T. ) ;
#91 = CARTESIAN_POINT ( 'NONE',  ( -0.8933333333333335347, -0.6933333333333331350, 0.000000000000000000 ) ) ;
#92 = EDGE_CURVE ( 'NONE', #1051, #1686, #975, .T. ) ;
#93 = CARTESIAN_POINT ( 'NONE',  ( 0.3353996597469391938, -0.7915474462211601336, -0.008452553778839086776 ) ) ;
#94 = EDGE_CURVE ( 'NONE', #1757, #1048, #653, .T. ) ;
#95 = ORIENTED_EDGE ( 'NONE', *, *, #965, .F. ) ;
#96 = DIRECTION ( 'NONE',  ( 1.000000000000000000, 0.000000000000000000, 0.000000000000000000 ) ) ;
#97 = ORIENTED_EDGE ( 'NONE', *, *, #1100, .T. ) ;
#98 = LINE ( 'NONE', #1381, #917 ) ;
#99 = ORIENTED_EDGE ( 'NONE', *, *, #2019, .F. ) ;
#100 = LINE ( 'NONE', #2038, #1780 ) ;
#101 = MANIFOLD_SOLID_BREP ( '\X2\570689d2\X0\1', #1967 ) ;
#102 = VECTOR ( 'NONE', #1884, 1000.000000000000000 ) ;
#103 = CIRCLE ( 'NONE', #1281, 0.07466666666666678387 ) ;
#104 = AXIS2_PLACEMENT_3D ( 'NONE', #519, #830, #989 ) ;
#105 = DIRECTION ( 'NONE',  ( 0.000000000000000000, -0.000000000000000000, -1.000000000000000000 ) ) ;
#106 = CARTESIAN_POINT ( 'NONE',  ( 0.000000000000000000, 0.000000000000000000, 0.000000000000000000 ) ) ;
#107 = ORIENTED_EDGE ( 'NONE', *, *, #1480, .F. ) ;
#108 = CIRCLE ( 'NONE', #149, 0.06666666666666669350 ) ;
#109 = DIRECTION ( 'NONE',  ( 0.000000000000000000, -0.000000000000000000, -1.000000000000000000 ) ) ;
#110 = EDGE_LOOP ( 'NONE', ( #559, #1960, #831, #131 ) ) ;
#111 = DIRECTION ( 'NONE',  ( 1.355252715606880789E-16, 1.000000000000000000, 0.000000000000000000 ) ) ;
#112 = VECTOR ( 'NONE', #564, 1000.000000000000000 ) ;
#113 = ORIENTED_EDGE ( 'NONE', *, *, #1866, .F. ) ;
#114 = LINE ( 'NONE', #1062, #1541 ) ;
#115 = MANIFOLD_SOLID_BREP ( '\X2\570689d2\X0\4', #1126 ) ;
#116 = ADVANCED_FACE ( 'NONE', ( #1739 ), #1431, .F. ) ;
#117 = PRESENTATION_LAYER_ASSIGNMENT (  '', '', ( #187 ) ) ;
#118 = LINE ( 'NONE', #1742, #934 ) ;
#119 = VECTOR ( 'NONE', #923, 1000.000000000000000 ) ;
#120 = VERTEX_POINT ( 'NONE', #449 ) ;
#121 = CARTESIAN_POINT ( 'NONE',  ( -0.2317157287525387910, 0.6933333333333335791, -0.01171572875253815670 ) ) ;
#122 = ORIENTED_EDGE ( 'NONE', *, *, #1072, .F. ) ;
#123 = CIRCLE ( 'NONE', #1565, 0.06666666666666669350 ) ;
#124 = DIRECTION ( 'NONE',  ( 0.000000000000000000, 0.000000000000000000, -1.000000000000000000 ) ) ;
#125 = ORIENTED_EDGE ( 'NONE', *, *, #1889, .T. ) ;
#126 = CARTESIAN_POINT ( 'NONE',  ( 0.9600000000000000755, 0.8000000000000002665, 0.000000000000000000 ) ) ;
#127 = ADVANCED_FACE ( 'NONE', ( #1447 ), #300, .T. ) ;
#128 = CIRCLE ( 'NONE', #1243, 0.1066666666666666874 ) ;
#129 = CYLINDRICAL_SURFACE ( 'NONE', #836, 0.06666666666666669350 ) ;
#130 =( LENGTH_UNIT ( ) NAMED_UNIT ( * ) SI_UNIT ( .MILLI., .METRE. ) );
#131 = ORIENTED_EDGE ( 'NONE', *, *, #679, .T. ) ;
#132 = DIRECTION ( 'NONE',  ( -0.000000000000000000, 0.000000000000000000, 1.000000000000000000 ) ) ;
#133 = ORIENTED_EDGE ( 'NONE', *, *, #39, .F. ) ;
#134 = LINE ( 'NONE', #458, #1326 ) ;
#135 = ORIENTED_EDGE ( 'NONE', *, *, #94, .F. ) ;
#136 = DIRECTION ( 'NONE',  ( -0.000000000000000000, -0.000000000000000000, -1.000000000000000000 ) ) ;
#137 = DIRECTION ( 'NONE',  ( 0.000000000000000000, -0.000000000000000000, 1.000000000000000000 ) ) ;
#138 = DIRECTION ( 'NONE',  ( 0.000000000000000000, 0.000000000000000000, -1.000000000000000000 ) ) ;
#139 = CARTESIAN_POINT ( 'NONE',  ( 0.000000000000000000, 0.000000000000000000, 0.000000000000000000 ) ) ;
#140 = AXIS2_PLACEMENT_3D ( 'NONE', #1633, #366, #1468 ) ;
#141 = LINE ( 'NONE', #1424, #855 ) ;
#142 = DIRECTION ( 'NONE',  ( -1.000000000000000000, 0.000000000000000000, 0.000000000000000000 ) ) ;
#143 = ORIENTED_EDGE ( 'NONE', *, *, #1737, .F. ) ;
#144 = DIRECTION ( 'NONE',  ( 0.000000000000000000, -0.7071067811865495711, -0.7071067811865455743 ) ) ;
#145 = ADVANCED_FACE ( 'NONE', ( #1918 ), #800, .F. ) ;
#146 = VERTEX_POINT ( 'NONE', #2058 ) ;
#147 = CYLINDRICAL_SURFACE ( 'NONE', #321, 0.06666666666666669350 ) ;
#148 = LINE ( 'NONE', #766, #304 ) ;
#149 = AXIS2_PLACEMENT_3D ( 'NONE', #1203, #1529, #857 ) ;
#150 = AXIS2_PLACEMENT_3D ( 'NONE', #350, #1339, #361 ) ;
#151 = EDGE_CURVE ( 'NONE', #690, #1691, #638, .T. ) ;
#152 =( GEOMETRIC_REPRESENTATION_CONTEXT ( 3 ) GLOBAL_UNCERTAINTY_ASSIGNED_CONTEXT ( ( #2060 ) ) GLOBAL_UNIT_ASSIGNED_CONTEXT ( ( #1483, #1660, #1651 ) ) REPRESENTATION_CONTEXT ( 'NONE', 'WORKASPACE' ) );
#153 = DIRECTION ( 'NONE',  ( -7.132909029509896943E-17, 1.000000000000000000, -0.000000000000000000 ) ) ;
#154 =( NAMED_UNIT ( * ) SI_UNIT ( $, .STERADIAN. ) SOLID_ANGLE_UNIT ( ) );
#155 = AXIS2_PLACEMENT_3D ( 'NONE', #793, #1765, #1398 ) ;
#156 = ADVANCED_FACE ( 'NONE', ( #26 ), #147, .F. ) ;
#157 = ORIENTED_EDGE ( 'NONE', *, *, #1486, .T. ) ;
#158 = CARTESIAN_POINT ( 'NONE',  ( -0.3266666666666670493, -0.6933333333333331350, 0.000000000000000000 ) ) ;
#159 = ORIENTED_EDGE ( 'NONE', *, *, #1698, .F. ) ;
#160 = VECTOR ( 'NONE', #2035, 1000.000000000000000 ) ;
#161 = LINE ( 'NONE', #488, #119 ) ;
#162 = VERTEX_POINT ( 'NONE', #1897 ) ;
#163 = DIRECTION ( 'NONE',  ( -1.000000000000000000, 0.000000000000000000, 0.000000000000000000 ) ) ;
#164 = DIRECTION ( 'NONE',  ( 0.000000000000000000, 0.7071067811865455743, -0.7071067811865495711 ) ) ;
#165 = ADVANCED_FACE ( 'NONE', ( #1290 ), #781, .T. ) ;
#166 = EDGE_CURVE ( 'NONE', #1499, #1990, #454, .T. ) ;
#167 = EDGE_LOOP ( 'NONE', ( #721, #718, #339, #1148 ) ) ;
#168 = DIRECTION ( 'NONE',  ( -0.7071067811865455743, 0.000000000000000000, -0.7071067811865495711 ) ) ;
#169 = VERTEX_POINT ( 'NONE', #1931 ) ;
#170 = LINE ( 'NONE', #298, #1018 ) ;
#171 = ORIENTED_EDGE ( 'NONE', *, *, #1302, .F. ) ;
#172 = FILL_AREA_STYLE_COLOUR ( '', #1260 ) ;
#173 = DIRECTION ( 'NONE',  ( -0.7071067811865459074, 0.000000000000000000, -0.7071067811865491270 ) ) ;
#174 = SHAPE_REPRESENTATION_RELATIONSHIP ( 'NONE' , 'NONE' ,  #1284, #414 ) ;
#175 = CARTESIAN_POINT ( 'NONE',  ( -0.8933333333333333126, 0.8000000000000002665, 0.7600000000000000089 ) ) ;
#176 = FACE_OUTER_BOUND ( 'NONE', #1563, .T. ) ;
#177 = ORIENTED_EDGE ( 'NONE', *, *, #425, .F. ) ;
#178 = CARTESIAN_POINT ( 'NONE',  ( 0.2600000000000001199, 0.6933333333333335791, -0.04000000000000000083 ) ) ;
#179 = VECTOR ( 'NONE', #533, 1000.000000000000000 ) ;
#180 = ORIENTED_EDGE ( 'NONE', *, *, #1235, .F. ) ;
#181 = CARTESIAN_POINT ( 'NONE',  ( -0.2600000000000001199, 0.6933333333333334680, -0.04000000000000000083 ) ) ;
#182 = AXIS2_PLACEMENT_3D ( 'NONE', #71, #509, #682 ) ;
#183 = DIRECTION ( 'NONE',  ( 0.000000000000000000, 0.000000000000000000, -1.000000000000000000 ) ) ;
#184 = EDGE_LOOP ( 'NONE', ( #2055, #1735, #1749, #961 ) ) ;
#185 = CARTESIAN_POINT ( 'NONE',  ( -0.2649484440794679374, -0.7999999999999998224, 0.000000000000000000 ) ) ;
#186 = PRODUCT_RELATED_PRODUCT_CATEGORY ( 'part', '', ( #835 ) ) ;
#187 = STYLED_ITEM ( 'NONE', ( #2051 ), #414 ) ;
#188 = ORIENTED_EDGE ( 'NONE', *, *, #856, .F. ) ;
#189 = LINE ( 'NONE', #344, #939 ) ;
#190 = CARTESIAN_POINT ( 'NONE',  ( -0.2649484440794677154, 0.8000000000000002665, 0.000000000000000000 ) ) ;
#191 = ADVANCED_FACE ( 'NONE', ( #649 ), #1129, .T. ) ;
#192 = EDGE_CURVE ( 'NONE', #1831, #690, #1728, .T. ) ;
#193 = CARTESIAN_POINT ( 'NONE',  ( -0.2600000000000001199, 0.6933333333333334680, -0.04000000000000000083 ) ) ;
#194 = EDGE_CURVE ( 'NONE', #1343, #1331, #1417, .T. ) ;
#195 = FILL_AREA_STYLE ('',( #1637 ) ) ;
#196 = CARTESIAN_POINT ( 'NONE',  ( -0.9600000000000001865, -0.6933333333333331350, -0.04000000000000000083 ) ) ;
#197 = CARTESIAN_POINT ( 'NONE',  ( -1.056402116780748163E-16, -0.7599999999999998979, -0.04000000000000000083 ) ) ;
#198 = ORIENTED_EDGE ( 'NONE', *, *, #2070, .T. ) ;
#199 = DIRECTION ( 'NONE',  ( 0.000000000000000000, -0.000000000000000000, 1.000000000000000000 ) ) ;
#200 = EDGE_LOOP ( 'NONE', ( #1123, #1273, #392, #1394 ) ) ;
#201 = CARTESIAN_POINT ( 'NONE',  ( 0.3183261803107557131, -0.7999999999999998224, -0.004745449178025506337 ) ) ;
#202 = CARTESIAN_POINT ( 'NONE',  ( -0.9999999999999995559, -0.6933333333333332460, 5.421010862427522170E-16 ) ) ;
#203 = B_SPLINE_CURVE_WITH_KNOTS ( 'NONE', 3,
 ( #1823, #684, #201, #1802, #1021, #1792, #1666 ),
 .UNSPECIFIED., .F., .F.,
 ( 4, 3, 4 ),
 ( 5.424621847467218449E-20, 8.005343119266544987E-05, 0.0001233492103211184865 ),
 .UNSPECIFIED. ) ;
#204 = SURFACE_SIDE_STYLE ('',( #837 ) ) ;
#205 = DIRECTION ( 'NONE',  ( -1.000000000000000000, 0.000000000000000000, 0.000000000000000000 ) ) ;
#206 = CARTESIAN_POINT ( 'NONE',  ( -0.8933333333333333126, 0.6933333333333335791, -0.03999999999999999389 ) ) ;
#207 = VERTEX_POINT ( 'NONE', #1622 ) ;
#208 = DIRECTION ( 'NONE',  ( 1.000000000000000000, 0.000000000000000000, 0.000000000000000000 ) ) ;
#209 = CIRCLE ( 'NONE', #767, 0.1066666666666666874 ) ;
#210 = DIRECTION ( 'NONE',  ( 0.000000000000000000, -1.000000000000000000, 0.000000000000000000 ) ) ;
#211 = EDGE_CURVE ( 'NONE', #797, #363, #123, .T. ) ;
#212 = AXIS2_PLACEMENT_3D ( 'NONE', #659, #395, #1334 ) ;
#213 = AXIS2_PLACEMENT_3D ( 'NONE', #910, #109, #1067 ) ;
#214 = FACE_OUTER_BOUND ( 'NONE', #1380, .T. ) ;
#215 = DIRECTION ( 'NONE',  ( -1.000000000000000000, 1.390002785237826867E-16, 0.000000000000000000 ) ) ;
#216 = ADVANCED_FACE ( 'NONE', ( #1007 ), #375, .F. ) ;
#217 = ORIENTED_EDGE ( 'NONE', *, *, #1107, .T. ) ;
#218 = CARTESIAN_POINT ( 'NONE',  ( 0.8933333333333332016, 0.6933333333333335791, 0.7279999999999996474 ) ) ;
#219 = ORIENTED_EDGE ( 'NONE', *, *, #314, .F. ) ;
#220 = CARTESIAN_POINT ( 'NONE',  ( 0.2794600356726555934, 0.8000000000000002665, -2.243283939192721282E-18 ) ) ;
#221 = EDGE_CURVE ( 'NONE', #690, #32, #1753, .T. ) ;
#222 = AXIS2_PLACEMENT_3D ( 'NONE', #197, #69, #215 ) ;
#223 = CARTESIAN_POINT ( 'NONE',  ( 0.2599999999999998979, -0.6933333333333331350, -0.04000000000000000083 ) ) ;
#224 = AXIS2_PLACEMENT_3D ( 'NONE', #626, #144, #2067 ) ;
#225 = AXIS2_PLACEMENT_3D ( 'NONE', #480, #1429, #1115 ) ;
#226 = STYLED_ITEM ( 'NONE', ( #227 ), #101 ) ;
#227 = PRESENTATION_STYLE_ASSIGNMENT (( #1816 ) ) ;
#228 = EDGE_CURVE ( 'NONE', #698, #1757, #1355, .T. ) ;
#229 = CARTESIAN_POINT ( 'NONE',  ( 0.3266666666666666052, -0.7882842712474612545, -0.01171572875253816190 ) ) ;
#230 = LINE ( 'NONE', #1174, #1760 ) ;
#231 = ORIENTED_EDGE ( 'NONE', *, *, #1459, .T. ) ;
#232 = DIRECTION ( 'NONE',  ( 0.000000000000000000, 0.000000000000000000, -1.000000000000000000 ) ) ;
#233 = DIRECTION ( 'NONE',  ( -1.000000000000000000, 1.390002785237826621E-16, 0.000000000000000000 ) ) ;
#234 = LINE ( 'NONE', #1346, #937 ) ;
#235 = DIRECTION ( 'NONE',  ( 1.000000000000000000, 2.710505431213761085E-16, -0.000000000000000000 ) ) ;
#236 = CARTESIAN_POINT ( 'NONE',  ( 0.8933333333333333126, 0.7600000000000002309, -0.04000000000000000083 ) ) ;
#237 = ORIENTED_EDGE ( 'NONE', *, *, #2048, .F. ) ;
#238 = FACE_OUTER_BOUND ( 'NONE', #1446, .T. ) ;
#239 = ORIENTED_EDGE ( 'NONE', *, *, #228, .T. ) ;
#240 = DIRECTION ( 'NONE',  ( -0.000000000000000000, -0.000000000000000000, 1.000000000000000000 ) ) ;
#241 = CARTESIAN_POINT ( 'NONE',  ( -0.8933333333333333126, 0.6933333333333334680, 0.000000000000000000 ) ) ;
#242 = VECTOR ( 'NONE', #673, 1000.000000000000114 ) ;
#243 = DIRECTION ( 'NONE',  ( -0.000000000000000000, 0.000000000000000000, 1.000000000000000000 ) ) ;
#244 = EDGE_LOOP ( 'NONE', ( #2041, #1980, #1643, #1111, #977 ) ) ;
#245 = CARTESIAN_POINT ( 'NONE',  ( -0.2317157287525390130, -0.6933333333333331350, -0.01171572875253815496 ) ) ;
#246 = VERTEX_POINT ( 'NONE', #355 ) ;
#247 = LINE ( 'NONE', #1694, #1120 ) ;
#248 = ORIENTED_EDGE ( 'NONE', *, *, #251, .T. ) ;
#249 = CARTESIAN_POINT ( 'NONE',  ( 0.2600000000000001199, 0.8000000000000002665, -0.04000000000000000083 ) ) ;
#250 = EDGE_CURVE ( 'NONE', #32, #288, #860, .T. ) ;
#251 = EDGE_CURVE ( 'NONE', #799, #1533, #542, .T. ) ;
#252 = COLOUR_RGB ( '',0.2509803921568627416, 0.2509803921568627416, 0.2509803921568627416 ) ;
#253 = AXIS2_PLACEMENT_3D ( 'NONE', #620, #1613, #6 ) ;
#254 = CARTESIAN_POINT ( 'NONE',  ( -0.3738732976606778946, 0.8000000000000002665, -2.766729183460370785E-17 ) ) ;
#255 = FILL_AREA_STYLE ('',( #738 ) ) ;
#256 =( GEOMETRIC_REPRESENTATION_CONTEXT ( 3 ) GLOBAL_UNCERTAINTY_ASSIGNED_CONTEXT ( ( #724 ) ) GLOBAL_UNIT_ASSIGNED_CONTEXT ( ( #1092, #491, #962 ) ) REPRESENTATION_CONTEXT ( 'NONE', 'WORKASPACE' ) );
#257 = ORIENTED_EDGE ( 'NONE', *, *, #334, .T. ) ;
#258 = CARTESIAN_POINT ( 'NONE',  ( 0.2600000000000001199, 0.6933333333333335791, 0.000000000000000000 ) ) ;
#259 = ORIENTED_EDGE ( 'NONE', *, *, #1327, .F. ) ;
#260 = CARTESIAN_POINT ( 'NONE',  ( 0.8933333333333332016, 0.8000000000000002665, 0.7600000000000000089 ) ) ;
#261 = ORIENTED_EDGE ( 'NONE', *, *, #151, .F. ) ;
#262 = CARTESIAN_POINT ( 'NONE',  ( 1.000000000000000000, 0.8000000000000002665, 0.7600000000000000089 ) ) ;
#263 = LINE ( 'NONE', #1688, #1685 ) ;
#264 = DIRECTION ( 'NONE',  ( 1.000000000000000000, 0.000000000000000000, 0.000000000000000000 ) ) ;
#265 = ORIENTED_EDGE ( 'NONE', *, *, #467, .F. ) ;
#266 = CARTESIAN_POINT ( 'NONE',  ( 0.3266666666666669383, 0.8000000000000002665, 5.488773498207867183E-16 ) ) ;
#267 = EDGE_LOOP ( 'NONE', ( #935, #1198, #1426, #1372, #1681, #1351, #22, #1522 ) ) ;
#268 = CARTESIAN_POINT ( 'NONE',  ( 0.2833333333333332704, -0.7599999999999996758, 0.000000000000000000 ) ) ;
#269 = ORIENTED_EDGE ( 'NONE', *, *, #1824, .F. ) ;
#270 = ADVANCED_FACE ( 'NONE', ( #1809 ), #813, .T. ) ;
#271 = DIRECTION ( 'NONE',  ( -0.000000000000000000, 0.000000000000000000, 1.000000000000000000 ) ) ;
#272 = AXIS2_PLACEMENT_3D ( 'NONE', #1564, #1384, #1073 ) ;
#273 = PRODUCT_DEFINITION ( 'UNKNOWN', '', #913, #747 ) ;
#274 = CIRCLE ( 'NONE', #1678, 0.09495093791412798079 ) ;
#275 = CIRCLE ( 'NONE', #667, 0.06666666666666669350 ) ;
#276 = DIRECTION ( 'NONE',  ( 1.000000000000000000, 0.000000000000000000, 0.000000000000000000 ) ) ;
#277 = ORIENTED_EDGE ( 'NONE', *, *, #1516, .F. ) ;
#278 = CARTESIAN_POINT ( 'NONE',  ( 0.8933333333333332016, 0.7680000000000003491, 0.7600000000000000089 ) ) ;
#279 = ORIENTED_EDGE ( 'NONE', *, *, #92, .F. ) ;
#280 = CARTESIAN_POINT ( 'NONE',  ( -0.9600000000000001865, 1.301042606982605814E-16, 0.000000000000000000 ) ) ;
#281 = ADVANCED_FACE ( 'NONE', ( #689 ), #499, .T. ) ;
#282 = ORIENTED_EDGE ( 'NONE', *, *, #679, .F. ) ;
#283 = FACE_OUTER_BOUND ( 'NONE', #110, .T. ) ;
#284 = DIRECTION ( 'NONE',  ( -1.000000000000000000, 0.000000000000000000, 0.000000000000000000 ) ) ;
#285 = VECTOR ( 'NONE', #80, 1000.000000000000000 ) ;
#286 = EDGE_LOOP ( 'NONE', ( #859, #1601, #180, #2043 ) ) ;
#287 = DIRECTION ( 'NONE',  ( 0.000000000000000000, -0.000000000000000000, -1.000000000000000000 ) ) ;
#288 = VERTEX_POINT ( 'NONE', #980 ) ;
#289 = FACE_OUTER_BOUND ( 'NONE', #688, .T. ) ;
#290 = ORIENTED_EDGE ( 'NONE', *, *, #705, .F. ) ;
#291 = DIRECTION ( 'NONE',  ( 0.000000000000000000, 0.000000000000000000, -1.000000000000000000 ) ) ;
#292 = DIRECTION ( 'NONE',  ( 1.000000000000000000, 0.000000000000000000, 0.000000000000000000 ) ) ;
#293 = EDGE_CURVE ( 'NONE', #2002, #1905, #658, .T. ) ;
#294 = PRODUCT_CONTEXT ( 'NONE', #1478, 'mechanical' ) ;
#295 = ORIENTED_EDGE ( 'NONE', *, *, #1141, .T. ) ;
#296 = CARTESIAN_POINT ( 'NONE',  ( -0.9600000000000000755, 0.6933333333333334680, 0.000000000000000000 ) ) ;
#297 = VERTEX_POINT ( 'NONE', #1655 ) ;
#298 = CARTESIAN_POINT ( 'NONE',  ( 0.8933333333333333126, 0.7600000000000002309, 0.000000000000000000 ) ) ;
#299 = ORIENTED_EDGE ( 'NONE', *, *, #1337, .T. ) ;
#300 = PLANE ( 'NONE',  #2068 ) ;
#301 = CARTESIAN_POINT ( 'NONE',  ( -0.9999999999999995559, -0.7999999999999998224, 0.000000000000000000 ) ) ;
#302 = VECTOR ( 'NONE', #1781, 1000.000000000000000 ) ;
#303 = DIRECTION ( 'NONE',  ( 0.000000000000000000, 0.000000000000000000, -1.000000000000000000 ) ) ;
#304 = VECTOR ( 'NONE', #1458, 1000.000000000000000 ) ;
#305 = AXIS2_PLACEMENT_3D ( 'NONE', #616, #753, #2054 ) ;
#306 = FACE_OUTER_BOUND ( 'NONE', #958, .T. ) ;
#307 = DIRECTION ( 'NONE',  ( -0.000000000000000000, 0.000000000000000000, 1.000000000000000000 ) ) ;
#308 = ORIENTED_EDGE ( 'NONE', *, *, #192, .T. ) ;
#309 = DIRECTION ( 'NONE',  ( 0.000000000000000000, -0.000000000000000000, -1.000000000000000000 ) ) ;
#310 = ORIENTED_EDGE ( 'NONE', *, *, #554, .F. ) ;
#311 = PRESENTATION_STYLE_ASSIGNMENT (( #1586 ) ) ;
#312 = LINE ( 'NONE', #791, #570 ) ;
#313 = ADVANCED_FACE ( 'NONE', ( #1020 ), #571, .T. ) ;
#314 = EDGE_CURVE ( 'NONE', #1310, #799, #997, .T. ) ;
#315 =( GEOMETRIC_REPRESENTATION_CONTEXT ( 3 ) GLOBAL_UNCERTAINTY_ASSIGNED_CONTEXT ( ( #622 ) ) GLOBAL_UNIT_ASSIGNED_CONTEXT ( ( #954, #1238, #154 ) ) REPRESENTATION_CONTEXT ( 'NONE', 'WORKASPACE' ) );
#316 = ORIENTED_EDGE ( 'NONE', *, *, #370, .F. ) ;
#317 = FACE_OUTER_BOUND ( 'NONE', #657, .T. ) ;
#318 = VERTEX_POINT ( 'NONE', #1665 ) ;
#319 = AXIS2_PLACEMENT_3D ( 'NONE', #1080, #1725, #1427 ) ;
#320 = DIRECTION ( 'NONE',  ( 1.355252715606880543E-16, 1.000000000000000000, -0.000000000000000000 ) ) ;
#321 = AXIS2_PLACEMENT_3D ( 'NONE', #1772, #16, #163 ) ;
#322 = ORIENTED_EDGE ( 'NONE', *, *, #221, .T. ) ;
#323 = DIRECTION ( 'NONE',  ( -1.355252715606880789E-16, -1.000000000000000000, 0.000000000000000000 ) ) ;
#324 = FACE_OUTER_BOUND ( 'NONE', #78, .T. ) ;
#325 = VECTOR ( 'NONE', #2053, 1000.000000000000000 ) ;
#326 = FILL_AREA_STYLE ('',( #612 ) ) ;
#327 = DIRECTION ( 'NONE',  ( -0.000000000000000000, 0.000000000000000000, 1.000000000000000000 ) ) ;
#328 = DIRECTION ( 'NONE',  ( 1.000000000000000000, 0.000000000000000000, 0.000000000000000000 ) ) ;
#329 = ORIENTED_EDGE ( 'NONE', *, *, #773, .F. ) ;
#330 = DIRECTION ( 'NONE',  ( -1.000000000000000000, 0.000000000000000000, 0.000000000000000000 ) ) ;
#331 = ORIENTED_EDGE ( 'NONE', *, *, #701, .F. ) ;
#332 = DIRECTION ( 'NONE',  ( 0.000000000000000000, -0.7071067811865426878, -0.7071067811865522357 ) ) ;
#333 = PRODUCT_DEFINITION_CONTEXT ( 'detailed design', #1730, 'design' ) ;
#334 = EDGE_CURVE ( 'NONE', #1224, #1691, #1282, .T. ) ;
#335 = PRODUCT_DEFINITION_SHAPE ( 'NONE', 'NONE',  #367 ) ;
#336 = EDGE_CURVE ( 'NONE', #1224, #477, #189, .T. ) ;
#337 = CARTESIAN_POINT ( 'NONE',  ( -0.2600000000000002309, 3.523657060577893108E-17, -0.04000000000000000083 ) ) ;
#338 = DIRECTION ( 'NONE',  ( 0.000000000000000000, -0.000000000000000000, 1.000000000000000000 ) ) ;
#339 = ORIENTED_EDGE ( 'NONE', *, *, #1855, .F. ) ;
#340 = PLANE ( 'NONE',  #222 ) ;
#341 = AXIS2_PLACEMENT_3D ( 'NONE', #262, #926, #895 ) ;
#342 = ADVANCED_FACE ( 'NONE', ( #1158 ), #1940, .F. ) ;
#343 = ORIENTED_EDGE ( 'NONE', *, *, #948, .F. ) ;
#344 = CARTESIAN_POINT ( 'NONE',  ( -0.8933333333333333126, 0.7599999999999998979, -0.04000000000000000083 ) ) ;
#345 = DIRECTION ( 'NONE',  ( -1.000000000000000000, 0.000000000000000000, 0.000000000000000000 ) ) ;
#346 = EDGE_CURVE ( 'NONE', #10, #2025, #1382, .T. ) ;
#347 = DIRECTION ( 'NONE',  ( -1.000000000000000000, 0.000000000000000000, 0.000000000000000000 ) ) ;
#348 = VECTOR ( 'NONE', #1162, 1000.000000000000114 ) ;
#349 = CARTESIAN_POINT ( 'NONE',  ( 0.9999999999999997780, 0.6933333333333335791, 0.7279999999999996474 ) ) ;
#350 = CARTESIAN_POINT ( 'NONE',  ( -0.8933333333333328685, -0.6933333333333331350, 5.421010862427522170E-16 ) ) ;
#351 = ORIENTED_EDGE ( 'NONE', *, *, #1117, .T. ) ;
#352 = FACE_OUTER_BOUND ( 'NONE', #42, .T. ) ;
#353 = CIRCLE ( 'NONE', #1360, 0.04000000000000000083 ) ;
#354 = ORIENTED_EDGE ( 'NONE', *, *, #1590, .F. ) ;
#355 = CARTESIAN_POINT ( 'NONE',  ( 0.9680000000000000826, -0.6933333333333332460, 0.7600000000000000089 ) ) ;
#356 = CARTESIAN_POINT ( 'NONE',  ( -0.2600000000000005640, 3.523657060577898039E-17, -0.04000000000000000083 ) ) ;
#357 = CARTESIAN_POINT ( 'NONE',  ( -0.8933333333333328685, -0.7679999999999999050, 0.7600000000000000089 ) ) ;
#358 = VECTOR ( 'NONE', #1140, 1000.000000000000114 ) ;
#359 = PRODUCT_CONTEXT ( 'NONE', #49, 'mechanical' ) ;
#360 = ADVANCED_FACE ( 'NONE', ( #35 ), #1547, .F. ) ;
#361 = DIRECTION ( 'NONE',  ( -1.000000000000000000, -1.016439536705160210E-15, 0.000000000000000000 ) ) ;
#362 = DIRECTION ( 'NONE',  ( -0.7071067811865454633, 0.000000000000000000, -0.7071067811865495711 ) ) ;
#363 = VERTEX_POINT ( 'NONE', #669 ) ;
#364 = CARTESIAN_POINT ( 'NONE',  ( 0.3266666666666666052, -0.6933333333333332460, -0.04000000000000000083 ) ) ;
#365 = EDGE_LOOP ( 'NONE', ( #576, #1610, #880, #1713 ) ) ;
#366 = DIRECTION ( 'NONE',  ( 0.000000000000000000, 0.000000000000000000, -1.000000000000000000 ) ) ;
#367 = PRODUCT_DEFINITION ( 'UNKNOWN', '', #482, #333 ) ;
#368 = DIRECTION ( 'NONE',  ( 0.000000000000000000, 0.000000000000000000, 1.000000000000000000 ) ) ;
#369 = CONTEXT_DEPENDENT_SHAPE_REPRESENTATION ( #1014, #1811 ) ;
#370 = EDGE_CURVE ( 'NONE', #698, #463, #881, .T. ) ;
#371 = EDGE_CURVE ( 'NONE', #1489, #597, #697, .T. ) ;
#372 = LINE ( 'NONE', #1317, #704 ) ;
#373 = DIRECTION ( 'NONE',  ( 0.000000000000000000, -0.000000000000000000, -1.000000000000000000 ) ) ;
#374 = ORIENTED_EDGE ( 'NONE', *, *, #471, .T. ) ;
#375 = PLANE ( 'NONE',  #1921 ) ;
#376 = VECTOR ( 'NONE', #431, 1000.000000000000000 ) ;
#377 = CARTESIAN_POINT ( 'NONE',  ( 0.8933333333333332016, -0.7999999999999998224, 0.7600000000000000089 ) ) ;
#378 = AXIS2_PLACEMENT_3D ( 'NONE', #356, #530, #1344 ) ;
#379 = VECTOR ( 'NONE', #2008, 1000.000000000000114 ) ;
#380 = FACE_OUTER_BOUND ( 'NONE', #184, .T. ) ;
#381 = EDGE_CURVE ( 'NONE', #1371, #2025, #1197, .T. ) ;
#382 = CIRCLE ( 'NONE', #19, 0.1232352091615899758 ) ;
#383 = FACE_OUTER_BOUND ( 'NONE', #1609, .T. ) ;
#384 = DIRECTION ( 'NONE',  ( 1.000000000000000000, 1.069936354426484665E-16, -0.000000000000000000 ) ) ;
#385 = ORIENTED_EDGE ( 'NONE', *, *, #1804, .T. ) ;
#386 = DIRECTION ( 'NONE',  ( 1.000000000000000000, 0.000000000000000000, 0.000000000000000000 ) ) ;
#387 = ORIENTED_EDGE ( 'NONE', *, *, #583, .F. ) ;
#388 = CARTESIAN_POINT ( 'NONE',  ( 0.3499999999999998668, -0.6933333333333328019, 0.04000000000000000083 ) ) ;
#389 = DIRECTION ( 'NONE',  ( -1.000000000000000000, 0.000000000000000000, 0.000000000000000000 ) ) ;
#390 = CIRCLE ( 'NONE', #1492, 0.06666666666666663799 ) ;
#391 = CARTESIAN_POINT ( 'NONE',  ( 0.2600000000000001199, 0.6933333333333335791, 0.000000000000000000 ) ) ;
#392 = ORIENTED_EDGE ( 'NONE', *, *, #1304, .F. ) ;
#393 = DIRECTION ( 'NONE',  ( -1.000000000000000000, 0.000000000000000000, 0.000000000000000000 ) ) ;
#394 = ORIENTED_EDGE ( 'NONE', *, *, #1550, .F. ) ;
#395 = DIRECTION ( 'NONE',  ( 0.000000000000000000, -1.000000000000000000, 0.000000000000000000 ) ) ;
#396 = CARTESIAN_POINT ( 'NONE',  ( -0.8933333333333328685, -0.6933333333333331350, 0.7600000000000000089 ) ) ;
#397 = FACE_OUTER_BOUND ( 'NONE', #1132, .T. ) ;
#398 = VECTOR ( 'NONE', #411, 1000.000000000000000 ) ;
#399 = ADVANCED_FACE ( 'NONE', ( #1832 ), #1532, .T. ) ;
#400 = ORIENTED_EDGE ( 'NONE', *, *, #1803, .T. ) ;
#401 = CARTESIAN_POINT ( 'NONE',  ( -0.3273475906106256272, -0.7885423228445658239, -0.01145767715543350405 ) ) ;
#402 = ORIENTED_EDGE ( 'NONE', *, *, #593, .F. ) ;
#403 = DIRECTION ( 'NONE',  ( -2.710505431213761085E-16, 1.000000000000000000, 0.000000000000000000 ) ) ;
#404 = EDGE_CURVE ( 'NONE', #246, #120, #1029, .T. ) ;
#405 = ORIENTED_EDGE ( 'NONE', *, *, #1432, .F. ) ;
#406 = VECTOR ( 'NONE', #1645, 1000.000000000000000 ) ;
#407 = EDGE_CURVE ( 'NONE', #1791, #979, #1870, .T. ) ;
#408 = CARTESIAN_POINT ( 'NONE',  ( -0.8933333333333333126, 0.7680000000000003491, 0.7600000000000000089 ) ) ;
#409 = VECTOR ( 'NONE', #671, 1000.000000000000114 ) ;
#410 = TOROIDAL_SURFACE ( 'NONE', #413, 0.1232352091615899758, 0.04000000000000000083 ) ;
#411 = DIRECTION ( 'NONE',  ( 1.000000000000000000, -1.390002785237826621E-16, -0.000000000000000000 ) ) ;
#412 = VECTOR ( 'NONE', #1055, 1000.000000000000000 ) ;
#413 = AXIS2_PLACEMENT_3D ( 'NONE', #11, #1097, #633 ) ;
#414 = ADVANCED_BREP_SHAPE_REPRESENTATION ( '', ( #101, #818 ), #1016 ) ;
#415 = VERTEX_POINT ( 'NONE', #1362 ) ;
#416 = CARTESIAN_POINT ( 'NONE',  ( -0.3495477111507336310, -0.7953874039371092719, -0.004612596062890010964 ) ) ;
#417 = VERTEX_POINT ( 'NONE', #245 ) ;
#418 = DIRECTION ( 'NONE',  ( 1.000000000000000000, 0.000000000000000000, 0.000000000000000000 ) ) ;
#419 = VERTEX_POINT ( 'NONE', #1838 ) ;
#420 = CARTESIAN_POINT ( 'NONE',  ( -0.8933333333333333126, 0.7600000000000002309, -0.04000000000000000083 ) ) ;
#421 = VECTOR ( 'NONE', #789, 1000.000000000000000 ) ;
#422 = LINE ( 'NONE', #68, #412 ) ;
#423 =( NAMED_UNIT ( * ) SI_UNIT ( $, .STERADIAN. ) SOLID_ANGLE_UNIT ( ) );
#424 = MECHANICAL_DESIGN_GEOMETRIC_PRESENTATION_REPRESENTATION (  '', ( #226 ), #152 ) ;
#425 = EDGE_CURVE ( 'NONE', #1371, #459, #1543, .T. ) ;
#426 = ORIENTED_EDGE ( 'NONE', *, *, #451, .F. ) ;
#427 = LINE ( 'NONE', #556, #1176 ) ;
#428 = ORIENTED_EDGE ( 'NONE', *, *, #293, .F. ) ;
#429 = CARTESIAN_POINT ( 'NONE',  ( -0.3500000000000001998, 0.7600000000000003419, 0.000000000000000000 ) ) ;
#430 = ORIENTED_EDGE ( 'NONE', *, *, #407, .F. ) ;
#431 = DIRECTION ( 'NONE',  ( -1.000000000000000000, 0.000000000000000000, -0.000000000000000000 ) ) ;
#432 = DIRECTION ( 'NONE',  ( -0.000000000000000000, 0.000000000000000000, 1.000000000000000000 ) ) ;
#433 = ADVANCED_FACE ( 'NONE', ( #238 ), #577, .F. ) ;
#434 = ORIENTED_EDGE ( 'NONE', *, *, #732, .F. ) ;
#435 = DIRECTION ( 'NONE',  ( 0.000000000000000000, 0.000000000000000000, -1.000000000000000000 ) ) ;
#436 = ORIENTED_EDGE ( 'NONE', *, *, #811, .F. ) ;
#437 = DIRECTION ( 'NONE',  ( -1.000000000000000000, -0.000000000000000000, -0.000000000000000000 ) ) ;
#438 = ORIENTED_EDGE ( 'NONE', *, *, #1889, .F. ) ;
#439 = CYLINDRICAL_SURFACE ( 'NONE', #272, 0.06666666666666669350 ) ;
#440 = AXIS2_PLACEMENT_3D ( 'NONE', #1555, #1063, #602 ) ;
#441 = EDGE_CURVE ( 'NONE', #892, #1443, #905, .T. ) ;
#442 = DIRECTION ( 'NONE',  ( -1.000000000000000000, 0.000000000000000000, 0.000000000000000000 ) ) ;
#443 = ORIENTED_EDGE ( 'NONE', *, *, #1985, .T. ) ;
#444 = DIRECTION ( 'NONE',  ( -1.000000000000000000, 0.000000000000000000, 0.000000000000000000 ) ) ;
#445 = ORIENTED_EDGE ( 'NONE', *, *, #675, .T. ) ;
#446 = CARTESIAN_POINT ( 'NONE',  ( 0.8933333333333333126, 0.6933333333333335791, -0.04000000000000000083 ) ) ;
#447 = AXIS2_PLACEMENT_3D ( 'NONE', #1745, #307, #786 ) ;
#448 = ORIENTED_EDGE ( 'NONE', *, *, #1895, .F. ) ;
#449 = CARTESIAN_POINT ( 'NONE',  ( 1.000000000000000000, -0.6933333333333332460, 0.7279999999999996474 ) ) ;
#450 = CARTESIAN_POINT ( 'NONE',  ( 0.2833333333333331039, 0.6933333333333336901, 0.04000000000000000083 ) ) ;
#451 = EDGE_CURVE ( 'NONE', #162, #246, #17, .T. ) ;
#452 = MECHANICAL_DESIGN_GEOMETRIC_PRESENTATION_REPRESENTATION (  '', ( #187 ), #1963 ) ;
#453 = DIRECTION ( 'NONE',  ( -1.000000000000000000, 0.000000000000000000, 0.000000000000000000 ) ) ;
#454 = CIRCLE ( 'NONE', #225, 0.06666666666666669350 ) ;
#455 = ORIENTED_EDGE ( 'NONE', *, *, #1886, .T. ) ;
#456 = LINE ( 'NONE', #1879, #1819 ) ;
#457 = ORIENTED_EDGE ( 'NONE', *, *, #228, .F. ) ;
#458 = CARTESIAN_POINT ( 'NONE',  ( 0.2600000000000002309, -0.6933333333333332460, -0.04000000000000000083 ) ) ;
#459 = VERTEX_POINT ( 'NONE', #87 ) ;
#460 = FILL_AREA_STYLE ('',( #172 ) ) ;
#461 = LINE ( 'NONE', #181, #1481 ) ;
#462 = DIRECTION ( 'NONE',  ( 1.000000000000000000, 0.000000000000000000, 0.000000000000000000 ) ) ;
#463 = VERTEX_POINT ( 'NONE', #278 ) ;
#464 = PLANE ( 'NONE',  #447 ) ;
#465 = ORIENTED_EDGE ( 'NONE', *, *, #1628, .F. ) ;
#466 = CARTESIAN_POINT ( 'NONE',  ( 0.3266666666666667718, 0.6933333333333335791, -0.04000000000000000083 ) ) ;
#467 = EDGE_CURVE ( 'NONE', #363, #10, #427, .T. ) ;
#468 = EDGE_LOOP ( 'NONE', ( #1040, #1287, #1704, #430 ) ) ;
#469 = DIRECTION ( 'NONE',  ( -0.000000000000000000, 0.000000000000000000, 1.000000000000000000 ) ) ;
#470 = DIRECTION ( 'NONE',  ( 0.000000000000000000, 0.000000000000000000, 1.000000000000000000 ) ) ;
#471 = EDGE_CURVE ( 'NONE', #608, #1670, #969, .T. ) ;
#472 = CIRCLE ( 'NONE', #805, 0.06666666666666669350 ) ;
#473 = VECTOR ( 'NONE', #233, 1000.000000000000000 ) ;
#474 = AXIS2_PLACEMENT_3D ( 'NONE', #824, #1632, #199 ) ;
#475 = EDGE_LOOP ( 'NONE', ( #1096, #1946, #1527, #1057 ) ) ;
#476 = CARTESIAN_POINT ( 'NONE',  ( -0.3500000000000000333, -0.6933333333333330240, 0.04000000000000000083 ) ) ;
#477 = VERTEX_POINT ( 'NONE', #1703 ) ;
#478 = CARTESIAN_POINT ( 'NONE',  ( -0.2794600356726557044, -0.7999999999999998224, -2.243283939192721282E-18 ) ) ;
#479 = VERTEX_POINT ( 'NONE', #1370 ) ;
#480 = CARTESIAN_POINT ( 'NONE',  ( 0.8933333333333330906, -0.6933333333333332460, 0.000000000000000000 ) ) ;
#481 = DIRECTION ( 'NONE',  ( 0.000000000000000000, -0.7071067811865455743, 0.7071067811865495711 ) ) ;
#482 = PRODUCT_DEFINITION_FORMATION_WITH_SPECIFIED_SOURCE ( 'ANY', '', #1477, .NOT_KNOWN. ) ;
#483 = DIRECTION ( 'NONE',  ( 0.000000000000000000, 0.000000000000000000, 1.000000000000000000 ) ) ;
#484 = ORIENTED_EDGE ( 'NONE', *, *, #2024, .T. ) ;
#485 = CARTESIAN_POINT ( 'NONE',  ( 1.000000000000000000, 0.6933333333333335791, 5.488773498207867183E-16 ) ) ;
#486 = ORIENTED_EDGE ( 'NONE', *, *, #370, .T. ) ;
#487 = VECTOR ( 'NONE', #89, 1000.000000000000000 ) ;
#488 = CARTESIAN_POINT ( 'NONE',  ( 1.056402116780748533E-16, 0.7600000000000001199, 0.000000000000000000 ) ) ;
#489 = EDGE_CURVE ( 'NONE', #1727, #1511, #275, .T. ) ;
#490 = VERTEX_POINT ( 'NONE', #1047 ) ;
#491 =( NAMED_UNIT ( * ) PLANE_ANGLE_UNIT ( ) SI_UNIT ( $, .RADIAN. ) );
#492 = DIRECTION ( 'NONE',  ( 7.132909029509896943E-17, -1.000000000000000000, 0.000000000000000000 ) ) ;
#493 = EDGE_CURVE ( 'NONE', #1869, #892, #1692, .T. ) ;
#494 = EDGE_CURVE ( 'NONE', #70, #1597, #79, .T. ) ;
#495 = LINE ( 'NONE', #1976, #348 ) ;
#496 = ORIENTED_EDGE ( 'NONE', *, *, #404, .T. ) ;
#497 = DIRECTION ( 'NONE',  ( -0.000000000000000000, 0.7071067811865523467, 0.7071067811865426878 ) ) ;
#498 = VERTEX_POINT ( 'NONE', #121 ) ;
#499 = PLANE ( 'NONE',  #182 ) ;
#500 = CARTESIAN_POINT ( 'NONE',  ( 0.3423808027845781643, 0.7936866794208708997, -0.006313320579128813351 ) ) ;
#501 = LINE ( 'NONE', #1624, #1813 ) ;
#502 = VECTOR ( 'NONE', #1657, 1000.000000000000000 ) ;
#503 = CARTESIAN_POINT ( 'NONE',  ( -0.8933333333333328685, -0.7999999999999998224, 0.7279999999999996474 ) ) ;
#504 = CARTESIAN_POINT ( 'NONE',  ( -0.3280257429888889242, 0.7888040649557929163, -0.01119593504420683498 ) ) ;
#505 = VERTEX_POINT ( 'NONE', #476 ) ;
#506 = FACE_OUTER_BOUND ( 'NONE', #1605, .T. ) ;
#507 = CONICAL_SURFACE ( 'NONE', #1677, 0.06666666666666637431, 0.7853981633974453924 ) ;
#508 = ORIENTED_EDGE ( 'NONE', *, *, #151, .T. ) ;
#509 = DIRECTION ( 'NONE',  ( -1.000000000000000000, 1.355252715606881036E-16, 0.000000000000000000 ) ) ;
#510 = DIRECTION ( 'NONE',  ( -1.000000000000000000, 1.626303258728257440E-15, 0.000000000000000000 ) ) ;
#511 = LINE ( 'NONE', #223, #2013 ) ;
#512 = CONICAL_SURFACE ( 'NONE', #1043, 0.07466666666666678387, 0.7853981633974412846 ) ;
#513 = ADVANCED_FACE ( 'NONE', ( #1124 ), #1768, .F. ) ;
#514 = ADVANCED_FACE ( 'NONE', ( #796 ), #957, .T. ) ;
#515 = CARTESIAN_POINT ( 'NONE',  ( 0.8933333333333333126, -0.6933333333333332460, 0.7600000000000000089 ) ) ;
#516 = CARTESIAN_POINT ( 'NONE',  ( -0.9679999999999999716, 0.6933333333333335791, 0.7600000000000000089 ) ) ;
#517 = CONICAL_SURFACE ( 'NONE', #1257, 0.06666666666666637431, 0.7853981633974453924 ) ;
#518 = VERTEX_POINT ( 'NONE', #1602 ) ;
#519 = CARTESIAN_POINT ( 'NONE',  ( -0.8933333333333333126, 0.6933333333333334680, -0.04000000000000000083 ) ) ;
#520 = CARTESIAN_POINT ( 'NONE',  ( 0.3883848892538656061, 0.8000000000000002665, 5.488773498207867183E-16 ) ) ;
#521 = PRODUCT_DEFINITION_SHAPE ( 'NONE', 'NONE',  #2072 ) ;
#522 = EDGE_CURVE ( 'NONE', #775, #1489, #1649, .T. ) ;
#523 = CARTESIAN_POINT ( 'NONE',  ( 0.8933333333333332016, 0.8000000000000002665, 0.7279999999999996474 ) ) ;
#524 = AXIS2_PLACEMENT_3D ( 'NONE', #1457, #469, #765 ) ;
#525 = DIRECTION ( 'NONE',  ( 0.000000000000000000, 0.000000000000000000, -1.000000000000000000 ) ) ;
#526 = PLANE ( 'NONE',  #1560 ) ;
#527 = ORIENTED_EDGE ( 'NONE', *, *, #863, .T. ) ;
#528 = CARTESIAN_POINT ( 'NONE',  ( 0.8933333333333333126, 0.6933333333333335791, 0.000000000000000000 ) ) ;
#529 = ORIENTED_EDGE ( 'NONE', *, *, #1830, .F. ) ;
#530 = DIRECTION ( 'NONE',  ( 0.7071067811865494601, -9.583083854271116097E-17, -0.7071067811865456854 ) ) ;
#531 = EDGE_CURVE ( 'NONE', #1786, #10, #1410, .T. ) ;
#532 = EDGE_CURVE ( 'NONE', #207, #1670, #1911, .T. ) ;
#533 = DIRECTION ( 'NONE',  ( 1.000000000000000000, 0.000000000000000000, 0.000000000000000000 ) ) ;
#534 = CARTESIAN_POINT ( 'NONE',  ( -0.3266666666666667163, 0.6933333333333334680, -0.04000000000000000083 ) ) ;
#535 = CARTESIAN_POINT ( 'NONE',  ( -0.3500000000000001998, 0.7600000000000003419, 0.04000000000000000083 ) ) ;
#536 = ORIENTED_EDGE ( 'NONE', *, *, #441, .F. ) ;
#537 = DIRECTION ( 'NONE',  ( 0.000000000000000000, 0.000000000000000000, 1.000000000000000000 ) ) ;
#538 = VERTEX_POINT ( 'NONE', #1756 ) ;
#539 = DIRECTION ( 'NONE',  ( 0.000000000000000000, -0.000000000000000000, 1.000000000000000000 ) ) ;
#540 = VECTOR ( 'NONE', #168, 1000.000000000000114 ) ;
#541 = LINE ( 'NONE', #1825, #406 ) ;
#542 = CIRCLE ( 'NONE', #1420, 0.09495093791412803630 ) ;
#543 = CARTESIAN_POINT ( 'NONE',  ( -0.3883848892538656061, 0.8000000000000002665, 5.488773498207867183E-16 ) ) ;
#544 = ORIENTED_EDGE ( 'NONE', *, *, #1462, .T. ) ;
#545 = CARTESIAN_POINT ( 'NONE',  ( 0.9680000000000000826, -0.6933333333333332460, 0.7600000000000000089 ) ) ;
#546 = DIRECTION ( 'NONE',  ( 0.000000000000000000, 0.7071067811865454633, 0.7071067811865495711 ) ) ;
#547 = AXIS2_PLACEMENT_3D ( 'NONE', #1318, #839, #1787 ) ;
#548 = DIRECTION ( 'NONE',  ( -0.000000000000000000, 0.000000000000000000, 1.000000000000000000 ) ) ;
#549 = AXIS2_PLACEMENT_3D ( 'NONE', #466, #1099, #330 ) ;
#550 = PRODUCT_RELATED_PRODUCT_CATEGORY ( 'part', '', ( #1477 ) ) ;
#551 = ADVANCED_FACE ( 'NONE', ( #777 ), #1110, .F. ) ;
#552 = DIRECTION ( 'NONE',  ( 1.000000000000000000, 0.000000000000000000, 0.000000000000000000 ) ) ;
#553 = ADVANCED_FACE ( 'NONE', ( #317 ), #410, .F. ) ;
#554 = EDGE_CURVE ( 'NONE', #1597, #1207, #816, .T. ) ;
#555 = VERTEX_POINT ( 'NONE', #1286 ) ;
#556 = CARTESIAN_POINT ( 'NONE',  ( 0.9600000000000000755, 0.6933333333333335791, -0.04000000000000000083 ) ) ;
#557 = ORIENTED_EDGE ( 'NONE', *, *, #1081, .F. ) ;
#558 = DIRECTION ( 'NONE',  ( 0.000000000000000000, -0.000000000000000000, -1.000000000000000000 ) ) ;
#559 = ORIENTED_EDGE ( 'NONE', *, *, #1554, .F. ) ;
#560 = CYLINDRICAL_SURFACE ( 'NONE', #1914, 0.06666666666666669350 ) ;
#561 = B_SPLINE_CURVE_WITH_KNOTS ( 'NONE', 3,
 ( #2, #624, #994, #976, #31, #1774, #1173, #504, #1328, #1936 ),
 .UNSPECIFIED., .F., .F.,
 ( 4, 3, 3, 4 ),
 ( 0.000000000000000000, 3.938119459708128866E-05, 6.185545989511233181E-05, 6.417311993034901466E-05 ),
 .UNSPECIFIED. ) ;
#562 = DIRECTION ( 'NONE',  ( 2.710505431213761085E-16, -1.000000000000000000, 0.000000000000000000 ) ) ;
#563 = ORIENTED_EDGE ( 'NONE', *, *, #66, .F. ) ;
#564 = DIRECTION ( 'NONE',  ( 0.000000000000000000, -0.7071067811865454633, -0.7071067811865495711 ) ) ;
#565 = ORIENTED_EDGE ( 'NONE', *, *, #1476, .F. ) ;
#566 = LINE ( 'NONE', #590, #487 ) ;
#567 = ORIENTED_EDGE ( 'NONE', *, *, #1459, .F. ) ;
#568 = VECTOR ( 'NONE', #1168, 1000.000000000000000 ) ;
#569 = DIRECTION ( 'NONE',  ( 0.000000000000000000, -1.000000000000000000, 0.000000000000000000 ) ) ;
#570 = VECTOR ( 'NONE', #173, 1000.000000000000114 ) ;
#571 = CONICAL_SURFACE ( 'NONE', #1587, 0.06666666666666637431, 0.7853981633974453924 ) ;
#572 = EDGE_CURVE ( 'NONE', #1436, #1786, #456, .T. ) ;
#573 = CARTESIAN_POINT ( 'NONE',  ( -0.9679999999999996385, -0.6933333333333332460, 0.7600000000000000089 ) ) ;
#574 = CARTESIAN_POINT ( 'NONE',  ( -0.2600000000000003419, -0.6933333333333331350, 0.000000000000000000 ) ) ;
#575 = VECTOR ( 'NONE', #1734, 1000.000000000000000 ) ;
#576 = ORIENTED_EDGE ( 'NONE', *, *, #2047, .T. ) ;
#577 = CYLINDRICAL_SURFACE ( 'NONE', #2015, 0.06666666666666669350 ) ;
#578 = ORIENTED_EDGE ( 'NONE', *, *, #771, .T. ) ;
#579 = LINE ( 'NONE', #260, #584 ) ;
#580 = ORIENTED_EDGE ( 'NONE', *, *, #2019, .T. ) ;
#581 = LINE ( 'NONE', #1528, #1508 ) ;
#582 = VECTOR ( 'NONE', #695, 1000.000000000000000 ) ;
#583 = EDGE_CURVE ( 'NONE', #1, #1686, #906, .T. ) ;
#584 = VECTOR ( 'NONE', #1199, 1000.000000000000000 ) ;
#585 = CARTESIAN_POINT ( 'NONE',  ( 0.8933333333333330906, -0.7599999999999997868, -0.04000000000000000083 ) ) ;
#586 = DIRECTION ( 'NONE',  ( -0.000000000000000000, 0.000000000000000000, 1.000000000000000000 ) ) ;
#587 = ORIENTED_EDGE ( 'NONE', *, *, #531, .F. ) ;
#588 = DIRECTION ( 'NONE',  ( 0.000000000000000000, 0.000000000000000000, 1.000000000000000000 ) ) ;
#589 = ORIENTED_EDGE ( 'NONE', *, *, #8, .F. ) ;
#590 = CARTESIAN_POINT ( 'NONE',  ( 0.9999999999999997780, -0.7599999999999997868, -0.000000000000000000 ) ) ;
#591 = ORIENTED_EDGE ( 'NONE', *, *, #407, .T. ) ;
#592 = DIRECTION ( 'NONE',  ( 0.000000000000000000, -0.000000000000000000, 1.000000000000000000 ) ) ;
#593 = EDGE_CURVE ( 'NONE', #1691, #683, #1425, .T. ) ;
#594 = CARTESIAN_POINT ( 'NONE',  ( 0.3266666666666666052, -0.6933333333333331350, 0.000000000000000000 ) ) ;
#595 = EDGE_LOOP ( 'NONE', ( #428, #99, #563, #436 ) ) ;
#596 = CARTESIAN_POINT ( 'NONE',  ( -0.3266666666666670493, -0.7999999999999998224, 5.488773498207867183E-16 ) ) ;
#597 = VERTEX_POINT ( 'NONE', #1078 ) ;
#598 = DIRECTION ( 'NONE',  ( -0.7071067811865523467, -1.916616770854230615E-16, 0.7071067811865426878 ) ) ;
#599 = EDGE_LOOP ( 'NONE', ( #1771, #578, #219, #122, #1557 ) ) ;
#600 = DIRECTION ( 'NONE',  ( -1.000000000000000000, -1.626303258728256059E-15, 0.000000000000000000 ) ) ;
#601 = AXIS2_PLACEMENT_3D ( 'NONE', #91, #1537, #1575 ) ;
#602 = DIRECTION ( 'NONE',  ( -1.000000000000000000, 0.000000000000000000, 0.000000000000000000 ) ) ;
#603 = CARTESIAN_POINT ( 'NONE',  ( 0.6100000000000002087, -2.710505431213761085E-16, 0.000000000000000000 ) ) ;
#604 = CARTESIAN_POINT ( 'NONE',  ( 0.9600000000000000755, 0.6933333333333335791, -0.04000000000000000083 ) ) ;
#605 = CARTESIAN_POINT ( 'NONE',  ( 0.2833333333333331039, 0.6933333333333336901, 0.000000000000000000 ) ) ;
#606 = ORIENTED_EDGE ( 'NONE', *, *, #803, .T. ) ;
#607 = LINE ( 'NONE', #1572, #421 ) ;
#608 = VERTEX_POINT ( 'NONE', #1570 ) ;
#609 = CARTESIAN_POINT ( 'NONE',  ( -0.8933333333333333126, 0.8000000000000002665, 0.7279999999999996474 ) ) ;
#610 = CARTESIAN_POINT ( 'NONE',  ( 0.3752578243881717901, 0.8000000000000002665, 5.177439917832235070E-16 ) ) ;
#611 = CYLINDRICAL_SURFACE ( 'NONE', #699, 0.03999999999999999389 ) ;
#612 = FILL_AREA_STYLE_COLOUR ( '', #1153 ) ;
#613 = EDGE_CURVE ( 'NONE', #1511, #932, #2065, .T. ) ;
#614 = EDGE_CURVE ( 'NONE', #1948, #43, #382, .T. ) ;
#615 = CARTESIAN_POINT ( 'NONE',  ( -0.8933333333333335347, -0.7599999999999997868, -0.04000000000000000083 ) ) ;
#616 = CARTESIAN_POINT ( 'NONE',  ( 0.000000000000000000, 0.000000000000000000, 0.000000000000000000 ) ) ;
#617 = ORIENTED_EDGE ( 'NONE', *, *, #856, .T. ) ;
#618 = CARTESIAN_POINT ( 'NONE',  ( -0.3350071530225772753, -0.7999999999999998224, -0.004745449178025424805 ) ) ;
#619 = ORIENTED_EDGE ( 'NONE', *, *, #77, .F. ) ;
#620 = CARTESIAN_POINT ( 'NONE',  ( -0.3266666666666669938, -0.6933333333333331350, -0.04000000000000000083 ) ) ;
#621 = DIRECTION ( 'NONE',  ( 0.000000000000000000, -0.000000000000000000, 1.000000000000000000 ) ) ;
#622 = UNCERTAINTY_MEASURE_WITH_UNIT (LENGTH_MEASURE( 1.000000000000000082E-05 ), #954, 'distance_accuracy_value', 'NONE');
#623 = CARTESIAN_POINT ( 'NONE',  ( -0.3500000000000000333, -0.7599999999999996758, 0.000000000000000000 ) ) ;
#624 = CARTESIAN_POINT ( 'NONE',  ( -0.3752578243881718456, 0.8000000000000002665, 5.221916143600182656E-16 ) ) ;
#625 = EDGE_LOOP ( 'NONE', ( #486, #762, #135, #457 ) ) ;
#626 = CARTESIAN_POINT ( 'NONE',  ( 0.000000000000000000, -0.7599999999999994538, -0.04000000000000000083 ) ) ;
#627 = ORIENTED_EDGE ( 'NONE', *, *, #1496, .T. ) ;
#628 = CARTESIAN_POINT ( 'NONE',  ( -0.3500000000000000333, -0.7599999999999996758, 0.04000000000000000083 ) ) ;
#629 = EDGE_CURVE ( 'NONE', #477, #538, #947, .T. ) ;
#630 = VECTOR ( 'NONE', #546, 1000.000000000000000 ) ;
#631 = AXIS2_PLACEMENT_3D ( 'NONE', #1230, #2021, #729 ) ;
#632 = EDGE_LOOP ( 'NONE', ( #25, #1903, #1087, #157, #909, #740, #1850, #1241 ) ) ;
#633 = DIRECTION ( 'NONE',  ( 1.000000000000000000, 0.000000000000000000, 0.000000000000000000 ) ) ;
#634 = ORIENTED_EDGE ( 'NONE', *, *, #1929, .F. ) ;
#635 = CARTESIAN_POINT ( 'NONE',  ( -0.3883848892538656061, 0.8000000000000002665, 5.488773498207867183E-16 ) ) ;
#636 = ADVANCED_FACE ( 'NONE', ( #1902 ), #464, .F. ) ;
#637 = ORIENTED_EDGE ( 'NONE', *, *, #1909, .F. ) ;
#638 = LINE ( 'NONE', #1598, #1156 ) ;
#639 = LINE ( 'NONE', #1093, #1315 ) ;
#640 = EDGE_CURVE ( 'NONE', #1839, #297, #561, .T. ) ;
#641 = ADVANCED_FACE ( 'NONE', ( #176 ), #40, .F. ) ;
#642 = ORIENTED_EDGE ( 'NONE', *, *, #522, .F. ) ;
#643 = CARTESIAN_POINT ( 'NONE',  ( 0.8933333333333332016, 0.8000000000000002665, 0.7279999999999996474 ) ) ;
#644 = ORIENTED_EDGE ( 'NONE', *, *, #955, .T. ) ;
#645 = AXIS2_PLACEMENT_3D ( 'NONE', #893, #1851, #418 ) ;
#646 = CARTESIAN_POINT ( 'NONE',  ( -0.3883848892538657172, -0.7999999999999998224, 5.488773498207867183E-16 ) ) ;
#647 = ADVANCED_FACE ( 'NONE', ( #984 ), #1142, .T. ) ;
#648 = ORIENTED_EDGE ( 'NONE', *, *, #38, .T. ) ;
#649 = FACE_OUTER_BOUND ( 'NONE', #63, .T. ) ;
#650 = DIRECTION ( 'NONE',  ( 0.000000000000000000, -0.000000000000000000, 1.000000000000000000 ) ) ;
#651 = CARTESIAN_POINT ( 'NONE',  ( 0.3266666666666669383, 0.6933333333333335791, 0.000000000000000000 ) ) ;
#652 = SHAPE_DEFINITION_REPRESENTATION ( #751, #916 ) ;
#653 = LINE ( 'NONE', #349, #713 ) ;
#654 = DIRECTION ( 'NONE',  ( -1.355252715606880543E-16, -1.000000000000000000, 4.357881996052587473E-33 ) ) ;
#655 = ORIENTED_EDGE ( 'NONE', *, *, #1081, .T. ) ;
#656 = DIRECTION ( 'NONE',  ( 0.000000000000000000, 0.000000000000000000, 1.000000000000000000 ) ) ;
#657 = EDGE_LOOP ( 'NONE', ( #971, #1544, #1061, #968, #269 ) ) ;
#658 = LINE ( 'NONE', #1505, #1247 ) ;
#659 = CARTESIAN_POINT ( 'NONE',  ( -0.3500000000000001998, 0.7600000000000003419, 0.04000000000000000083 ) ) ;
#660 = EDGE_CURVE ( 'NONE', #498, #417, #827, .T. ) ;
#661 = DIRECTION ( 'NONE',  ( 1.000000000000000000, 0.000000000000000000, 0.000000000000000000 ) ) ;
#662 = CONICAL_SURFACE ( 'NONE', #2052, 0.06666666666666637431, 0.7853981633974453924 ) ;
#663 = DIRECTION ( 'NONE',  ( -1.355252715606880789E-16, -1.000000000000000000, 0.000000000000000000 ) ) ;
#664 = DIRECTION ( 'NONE',  ( -1.000000000000000000, 0.000000000000000000, 0.000000000000000000 ) ) ;
#665 = LINE ( 'NONE', #1465, #24 ) ;
#666 = CIRCLE ( 'NONE', #1293, 0.06666666666666666574 ) ;
#667 = AXIS2_PLACEMENT_3D ( 'NONE', #717, #1512, #96 ) ;
#668 = ORIENTED_EDGE ( 'NONE', *, *, #1026, .F. ) ;
#669 = CARTESIAN_POINT ( 'NONE',  ( 0.9600000000000000755, 0.6933333333333335791, 0.000000000000000000 ) ) ;
#670 = ORIENTED_EDGE ( 'NONE', *, *, #1141, .F. ) ;
#671 = DIRECTION ( 'NONE',  ( 0.000000000000000000, -0.7071067811865455743, -0.7071067811865495711 ) ) ;
#672 = CIRCLE ( 'NONE', #1852, 0.04000000000000000083 ) ;
#673 = DIRECTION ( 'NONE',  ( 0.000000000000000000, -0.7071067811865426878, -0.7071067811865522357 ) ) ;
#674 = CONTEXT_DEPENDENT_SHAPE_REPRESENTATION ( #1347, #521 ) ;
#675 = EDGE_CURVE ( 'NONE', #1388, #479, #372, .T. ) ;
#676 = DIRECTION ( 'NONE',  ( 0.000000000000000000, 0.000000000000000000, -1.000000000000000000 ) ) ;
#677 = FACE_OUTER_BOUND ( 'NONE', #12, .T. ) ;
#678 = CIRCLE ( 'NONE', #1856, 0.04000000000000000083 ) ;
#679 = EDGE_CURVE ( 'NONE', #81, #146, #875, .T. ) ;
#680 = VECTOR ( 'NONE', #320, 1000.000000000000000 ) ;
#681 = ORIENTED_EDGE ( 'NONE', *, *, #1590, .T. ) ;
#682 = DIRECTION ( 'NONE',  ( -1.355252715606881036E-16, -1.000000000000000000, 0.000000000000000000 ) ) ;
#683 = VERTEX_POINT ( 'NONE', #1806 ) ;
#684 = CARTESIAN_POINT ( 'NONE',  ( 0.2916329211436890501, -0.7999999999999998224, 9.041052501459031819E-18 ) ) ;
#685 = DIRECTION ( 'NONE',  ( 0.000000000000000000, 1.000000000000000000, 0.000000000000000000 ) ) ;
#686 = DIRECTION ( 'NONE',  ( 1.000000000000000000, 0.000000000000000000, 0.000000000000000000 ) ) ;
#687 = CYLINDRICAL_SURFACE ( 'NONE', #83, 0.1066666666666666874 ) ;
#688 = EDGE_LOOP ( 'NONE', ( #1593, #1254, #642, #1019 ) ) ;
#689 = FACE_OUTER_BOUND ( 'NONE', #2069, .T. ) ;
#690 = VERTEX_POINT ( 'NONE', #196 ) ;
#691 = CARTESIAN_POINT ( 'NONE',  ( -0.9999999999999995559, -0.6933333333333332460, 0.7600000000000000089 ) ) ;
#692 = DIRECTION ( 'NONE',  ( 1.000000000000000000, -1.390002785237826867E-16, 0.000000000000000000 ) ) ;
#693 = ADVANCED_FACE ( 'NONE', ( #383 ), #1470, .T. ) ;
#694 = LINE ( 'NONE', #585, #1042 ) ;
#695 = DIRECTION ( 'NONE',  ( -7.132909029509896943E-17, 1.000000000000000000, -0.000000000000000000 ) ) ;
#696 = ORIENTED_EDGE ( 'NONE', *, *, #489, .F. ) ;
#697 = LINE ( 'NONE', #899, #1845 ) ;
#698 = VERTEX_POINT ( 'NONE', #643 ) ;
#699 = AXIS2_PLACEMENT_3D ( 'NONE', #1261, #1900, #1023 ) ;
#700 = FACE_OUTER_BOUND ( 'NONE', #1415, .T. ) ;
#701 = EDGE_CURVE ( 'NONE', #690, #1114, #1618, .T. ) ;
#702 = LINE ( 'NONE', #1953, #502 ) ;
#703 = B_SPLINE_CURVE_WITH_KNOTS ( 'NONE', 3,
 ( #646, #1747, #618, #1904, #1444, #478, #1266 ),
 .UNSPECIFIED., .F., .F.,
 ( 4, 3, 4 ),
 ( 0.000000000000000000, 8.005343119266546343E-05, 0.0001233492103211178089 ),
 .UNSPECIFIED. ) ;
#704 = VECTOR ( 'NONE', #1797, 1000.000000000000114 ) ;
#705 = EDGE_CURVE ( 'NONE', #1388, #1436, #982, .T. ) ;
#706 = DIRECTION ( 'NONE',  ( -1.355252715606880543E-16, -1.000000000000000000, -0.000000000000000000 ) ) ;
#707 = ORIENTED_EDGE ( 'NONE', *, *, #2018, .T. ) ;
#708 = CARTESIAN_POINT ( 'NONE',  ( -0.3619926639266130008, -0.7983406210298967798, -0.001659378970102452777 ) ) ;
#709 = CARTESIAN_POINT ( 'NONE',  ( -0.2600000000000003419, -0.6933333333333331350, -0.04000000000000000083 ) ) ;
#710 = CIRCLE ( 'NONE', #1893, 0.06666666666666669350 ) ;
#711 = ORIENTED_EDGE ( 'NONE', *, *, #722, .T. ) ;
#712 = DIRECTION ( 'NONE',  ( -1.000000000000000000, 0.000000000000000000, 0.000000000000000000 ) ) ;
#713 = VECTOR ( 'NONE', #1306, 1000.000000000000000 ) ;
#714 = CARTESIAN_POINT ( 'NONE',  ( 0.2833333333333331039, 0.7600000000000003419, 0.000000000000000000 ) ) ;
#715 =( NAMED_UNIT ( * ) PLANE_ANGLE_UNIT ( ) SI_UNIT ( $, .RADIAN. ) );
#716 = ORIENTED_EDGE ( 'NONE', *, *, #1451, .F. ) ;
#717 = CARTESIAN_POINT ( 'NONE',  ( 0.2833333333333332704, -0.6933333333333328019, 0.04000000000000000083 ) ) ;
#718 = ORIENTED_EDGE ( 'NONE', *, *, #494, .T. ) ;
#719 = FACE_OUTER_BOUND ( 'NONE', #599, .T. ) ;
#720 = AXIS2_PLACEMENT_3D ( 'NONE', #594, #1236, #1876 ) ;
#721 = ORIENTED_EDGE ( 'NONE', *, *, #886, .T. ) ;
#722 = EDGE_CURVE ( 'NONE', #1, #32, #1494, .T. ) ;
#723 = CARTESIAN_POINT ( 'NONE',  ( 0.3266666666666666052, -0.6933333333333331350, -0.04000000000000000083 ) ) ;
#724 = UNCERTAINTY_MEASURE_WITH_UNIT (LENGTH_MEASURE( 1.000000000000000082E-05 ), #1092, 'distance_accuracy_value', 'NONE');
#725 = EDGE_CURVE ( 'NONE', #900, #505, #21, .T. ) ;
#726 = CARTESIAN_POINT ( 'NONE',  ( 0.3266666666666666052, -0.7882842712474612545, -0.01171572875253816190 ) ) ;
#727 = SURFACE_STYLE_USAGE ( .BOTH. , #1997 ) ;
#728 = ORIENTED_EDGE ( 'NONE', *, *, #834, .T. ) ;
#729 = DIRECTION ( 'NONE',  ( -1.000000000000000000, 0.000000000000000000, -0.000000000000000000 ) ) ;
#730 = ORIENTED_EDGE ( 'NONE', *, *, #804, .F. ) ;
#731 = LINE ( 'NONE', #429, #1764 ) ;
#732 = EDGE_CURVE ( 'NONE', #1869, #1383, #495, .T. ) ;
#733 = ORIENTED_EDGE ( 'NONE', *, *, #1335, .T. ) ;
#734 = DIRECTION ( 'NONE',  ( -0.000000000000000000, 0.000000000000000000, -1.000000000000000000 ) ) ;
#735 = AXIS2_PLACEMENT_3D ( 'NONE', #1973, #1149, #1192 ) ;
#736 = VECTOR ( 'NONE', #435, 1000.000000000000000 ) ;
#737 = LINE ( 'NONE', #877, #1182 ) ;
#738 = FILL_AREA_STYLE_COLOUR ( '', #252 ) ;
#739 = ADVANCED_FACE ( 'NONE', ( #61 ), #512, .T. ) ;
#740 = ORIENTED_EDGE ( 'NONE', *, *, #927, .T. ) ;
#741 = CARTESIAN_POINT ( 'NONE',  ( -0.3883848892538657172, -0.7999999999999998224, 5.488773498207867183E-16 ) ) ;
#742 = EDGE_LOOP ( 'NONE', ( #2011, #567, #1452, #53 ) ) ;
#743 = CARTESIAN_POINT ( 'NONE',  ( -0.3266666666666669938, -0.7599999999999998979, -0.04000000000000000083 ) ) ;
#744 = ORIENTED_EDGE ( 'NONE', *, *, #1305, .T. ) ;
#745 = DIRECTION ( 'NONE',  ( -0.000000000000000000, -0.000000000000000000, -1.000000000000000000 ) ) ;
#746 =( GEOMETRIC_REPRESENTATION_CONTEXT ( 3 ) GLOBAL_UNCERTAINTY_ASSIGNED_CONTEXT ( ( #768 ) ) GLOBAL_UNIT_ASSIGNED_CONTEXT ( ( #1376, #1195, #1680 ) ) REPRESENTATION_CONTEXT ( 'NONE', 'WORKASPACE' ) );
#747 = PRODUCT_DEFINITION_CONTEXT ( 'detailed design', #2027, 'design' ) ;
#748 = AXIS2_PLACEMENT_3D ( 'NONE', #1705, #2023, #1684 ) ;
#749 = CARTESIAN_POINT ( 'NONE',  ( 0.8933333333333332016, 0.6933333333333335791, 0.7600000000000000089 ) ) ;
#750 = LINE ( 'NONE', #1988, #1724 ) ;
#751 = PRODUCT_DEFINITION_SHAPE ( 'NONE', 'NONE',  #273 ) ;
#752 = ORIENTED_EDGE ( 'NONE', *, *, #1167, .T. ) ;
#753 = DIRECTION ( 'NONE',  ( -0.000000000000000000, 0.000000000000000000, 1.000000000000000000 ) ) ;
#754 = ORIENTED_EDGE ( 'NONE', *, *, #1335, .F. ) ;
#755 = CARTESIAN_POINT ( 'NONE',  ( 0.9600000000000000755, 0.8000000000000002665, -0.04000000000000000083 ) ) ;
#756 = EDGE_LOOP ( 'NONE', ( #133, #1581, #637, #1864 ) ) ;
#757 = PLANE ( 'NONE',  #1416 ) ;
#758 = DIRECTION ( 'NONE',  ( 0.000000000000000000, -0.000000000000000000, -1.000000000000000000 ) ) ;
#759 = CARTESIAN_POINT ( 'NONE',  ( -1.148432278257798019E-16, -2.168404344971008868E-16, 0.04000000000000000083 ) ) ;
#760 = ORIENTED_EDGE ( 'NONE', *, *, #532, .F. ) ;
#761 = CARTESIAN_POINT ( 'NONE',  ( -1.000000000000000000, 0.8000000000000002665, 0.7600000000000000089 ) ) ;
#762 = ORIENTED_EDGE ( 'NONE', *, *, #928, .F. ) ;
#763 = CYLINDRICAL_SURFACE ( 'NONE', #28, 0.06666666666666666574 ) ;
#764 = ORIENTED_EDGE ( 'NONE', *, *, #1100, .F. ) ;
#765 = DIRECTION ( 'NONE',  ( 1.000000000000000000, 0.000000000000000000, 0.000000000000000000 ) ) ;
#766 = CARTESIAN_POINT ( 'NONE',  ( -0.3500000000000001998, 0.7600000000000003419, 0.04000000000000000083 ) ) ;
#767 = AXIS2_PLACEMENT_3D ( 'NONE', #1983, #368, #712 ) ;
#768 = UNCERTAINTY_MEASURE_WITH_UNIT (LENGTH_MEASURE( 1.000000000000000082E-05 ), #1376, 'distance_accuracy_value', 'NONE');
#769 = EDGE_CURVE ( 'NONE', #1114, #207, #1514, .T. ) ;
#770 = CIRCLE ( 'NONE', #1952, 0.06666666666666663799 ) ;
#771 = EDGE_CURVE ( 'NONE', #2057, #799, #1920, .T. ) ;
#772 = FACE_OUTER_BOUND ( 'NONE', #1411, .T. ) ;
#773 = EDGE_CURVE ( 'NONE', #1990, #479, #694, .T. ) ;
#774 = APPLICATION_PROTOCOL_DEFINITION ( 'draft international standard', 'automotive_design', 1998, #1875 ) ;
#775 = VERTEX_POINT ( 'NONE', #714 ) ;
#776 = AXIS2_PLACEMENT_3D ( 'NONE', #1987, #1227, #867 ) ;
#777 = FACE_OUTER_BOUND ( 'NONE', #1641, .T. ) ;
#778 = ORIENTED_EDGE ( 'NONE', *, *, #1741, .F. ) ;
#779 = PLANE ( 'NONE',  #849 ) ;
#780 = EDGE_LOOP ( 'NONE', ( #387, #465, #1970, #259 ) ) ;
#781 = PLANE ( 'NONE',  #1122 ) ;
#782 = LINE ( 'NONE', #963, #1984 ) ;
#783 = PRODUCT_CONTEXT ( 'NONE', #1986, 'mechanical' ) ;
#784 = VECTOR ( 'NONE', #1255, 1000.000000000000114 ) ;
#785 = PLANE ( 'NONE',  #1695 ) ;
#786 = DIRECTION ( 'NONE',  ( 1.000000000000000000, 0.000000000000000000, 0.000000000000000000 ) ) ;
#787 = ORIENTED_EDGE ( 'NONE', *, *, #531, .T. ) ;
#788 = STYLED_ITEM ( 'NONE', ( #311 ), #115 ) ;
#789 = DIRECTION ( 'NONE',  ( 1.000000000000000000, 0.000000000000000000, 0.000000000000000000 ) ) ;
#790 = ORIENTED_EDGE ( 'NONE', *, *, #1117, .F. ) ;
#791 = CARTESIAN_POINT ( 'NONE',  ( -0.2200000000000001676, 0.6933333333333335791, 5.372281411305498872E-16 ) ) ;
#792 = ADVANCED_FACE ( 'NONE', ( #397 ), #1617, .F. ) ;
#793 = CARTESIAN_POINT ( 'NONE',  ( -0.6099999999999998757, -2.710505431213761085E-16, 8.470329472543003391E-18 ) ) ;
#794 = ADVANCED_FACE ( 'NONE', ( #1217 ), #2005, .F. ) ;
#795 = ORIENTED_EDGE ( 'NONE', *, *, #1169, .F. ) ;
#796 = FACE_OUTER_BOUND ( 'NONE', #286, .T. ) ;
#797 = VERTEX_POINT ( 'NONE', #1679 ) ;
#798 = PLANE ( 'NONE',  #224 ) ;
#799 = VERTEX_POINT ( 'NONE', #726 ) ;
#800 = CYLINDRICAL_SURFACE ( 'NONE', #253, 0.06666666666666663799 ) ;
#801 = CARTESIAN_POINT ( 'NONE',  ( 0.3619926639266128898, 0.7983406210298972239, -0.001659378970102452777 ) ) ;
#802 = VECTOR ( 'NONE', #1996, 1000.000000000000000 ) ;
#803 = EDGE_CURVE ( 'NONE', #2020, #419, #737, .T. ) ;
#804 = EDGE_CURVE ( 'NONE', #246, #1048, #263, .T. ) ;
#805 = AXIS2_PLACEMENT_3D ( 'NONE', #241, #1324, #1000 ) ;
#806 = ITEM_DEFINED_TRANSFORMATION ( 'NONE', 'NONE', #155,  #818 ) ;
#807 = DIRECTION ( 'NONE',  ( 1.000000000000000000, 0.000000000000000000, 0.000000000000000000 ) ) ;
#808 = DIRECTION ( 'NONE',  ( 0.000000000000000000, 0.000000000000000000, 1.000000000000000000 ) ) ;
#809 = ORIENTED_EDGE ( 'NONE', *, *, #166, .F. ) ;
#810 = LINE ( 'NONE', #1758, #2031 ) ;
#811 = EDGE_CURVE ( 'NONE', #1905, #861, #1033, .T. ) ;
#812 = ORIENTED_EDGE ( 'NONE', *, *, #660, .F. ) ;
#813 = CONICAL_SURFACE ( 'NONE', #1989, 0.07466666666666678387, 0.7853981633974412846 ) ;
#814 = SURFACE_SIDE_STYLE ('',( #1906 ) ) ;
#815 = CARTESIAN_POINT ( 'NONE',  ( 0.9599999999999998535, -0.6933333333333332460, 0.000000000000000000 ) ) ;
#816 = CIRCLE ( 'NONE', #1591, 0.06666666666666669350 ) ;
#817 = CYLINDRICAL_SURFACE ( 'NONE', #876, 0.1066666666666666874 ) ;
#818 = AXIS2_PLACEMENT_3D ( 'NONE', #106, #1188, #1027 ) ;
#819 = LINE ( 'NONE', #1013, #358 ) ;
#820 = DIRECTION ( 'NONE',  ( -1.000000000000000000, 1.390002785237826621E-16, 0.000000000000000000 ) ) ;
#821 = ORIENTED_EDGE ( 'NONE', *, *, #948, .T. ) ;
#822 = CARTESIAN_POINT ( 'NONE',  ( 0.000000000000000000, 0.7680000000000003491, 0.7600000000000000089 ) ) ;
#823 = ORIENTED_EDGE ( 'NONE', *, *, #834, .F. ) ;
#824 = CARTESIAN_POINT ( 'NONE',  ( -0.9999999999999995559, -0.7999999999999998224, 0.7600000000000000089 ) ) ;
#825 = FACE_OUTER_BOUND ( 'NONE', #742, .T. ) ;
#826 = DIRECTION ( 'NONE',  ( 1.000000000000000000, 0.000000000000000000, 0.000000000000000000 ) ) ;
#827 = LINE ( 'NONE', #1785, #1553 ) ;
#828 = CARTESIAN_POINT ( 'NONE',  ( -0.2200000000000003619, -0.6933333333333331350, 5.525062687223611340E-16 ) ) ;
#829 = ORIENTED_EDGE ( 'NONE', *, *, #1628, .T. ) ;
#830 = DIRECTION ( 'NONE',  ( -0.000000000000000000, -0.000000000000000000, 1.000000000000000000 ) ) ;
#831 = ORIENTED_EDGE ( 'NONE', *, *, #1113, .F. ) ;
#832 = LINE ( 'NONE', #1475, #409 ) ;
#833 = FACE_OUTER_BOUND ( 'NONE', #894, .T. ) ;
#834 = EDGE_CURVE ( 'NONE', #1571, #1839, #1445, .T. ) ;
#835 = PRODUCT ( 'body_\X2\9ed88ba4\X0\', 'body_\X2\9ed88ba4\X0\', '', ( #359 ) ) ;
#836 = AXIS2_PLACEMENT_3D ( 'NONE', #2049, #138, #442 ) ;
#837 = SURFACE_STYLE_FILL_AREA ( #195 ) ;
#838 = CARTESIAN_POINT ( 'NONE',  ( 0.3619926639266130564, -0.7983406210298967798, -0.001659378970102401603 ) ) ;
#839 = DIRECTION ( 'NONE',  ( 0.7071067811865495711, 0.000000000000000000, -0.7071067811865455743 ) ) ;
#840 = VECTOR ( 'NONE', #1740, 1000.000000000000000 ) ;
#841 = VECTOR ( 'NONE', #1389, 1000.000000000000114 ) ;
#842 = EDGE_LOOP ( 'NONE', ( #1801, #1621, #1777, #1542 ) ) ;
#843 = DIRECTION ( 'NONE',  ( -1.000000000000000000, 0.000000000000000000, 0.000000000000000000 ) ) ;
#844 = DIRECTION ( 'NONE',  ( 0.000000000000000000, 0.000000000000000000, -1.000000000000000000 ) ) ;
#845 = DIRECTION ( 'NONE',  ( -1.390002785237826867E-16, -1.000000000000000000, 0.000000000000000000 ) ) ;
#846 = DIRECTION ( 'NONE',  ( -0.7071067811865454633, 0.000000000000000000, 0.7071067811865495711 ) ) ;
#847 = FACE_OUTER_BOUND ( 'NONE', #756, .T. ) ;
#848 = VECTOR ( 'NONE', #1056, 1000.000000000000000 ) ;
#849 = AXIS2_PLACEMENT_3D ( 'NONE', #1928, #1297, #1938 ) ;
#850 = ORIENTED_EDGE ( 'NONE', *, *, #769, .F. ) ;
#851 = DIRECTION ( 'NONE',  ( -0.000000000000000000, 0.000000000000000000, 1.000000000000000000 ) ) ;
#852 = ORIENTED_EDGE ( 'NONE', *, *, #1337, .F. ) ;
#853 = PLANE ( 'NONE',  #212 ) ;
#854 = LINE ( 'NONE', #1336, #568 ) ;
#855 = VECTOR ( 'NONE', #2064, 1000.000000000000000 ) ;
#856 = EDGE_CURVE ( 'NONE', #479, #1693, #108, .T. ) ;
#857 = DIRECTION ( 'NONE',  ( -1.000000000000000000, 0.000000000000000000, 0.000000000000000000 ) ) ;
#858 = DIRECTION ( 'NONE',  ( 0.000000000000000000, 0.000000000000000000, -1.000000000000000000 ) ) ;
#859 = ORIENTED_EDGE ( 'NONE', *, *, #1737, .T. ) ;
#860 = LINE ( 'NONE', #1147, #1552 ) ;
#861 = VERTEX_POINT ( 'NONE', #1661 ) ;
#862 = DIRECTION ( 'NONE',  ( 0.000000000000000000, -0.000000000000000000, 1.000000000000000000 ) ) ;
#863 = EDGE_CURVE ( 'NONE', #979, #900, #1386, .T. ) ;
#864 = EDGE_CURVE ( 'NONE', #1927, #892, #422, .T. ) ;
#865 = DIRECTION ( 'NONE',  ( 0.000000000000000000, 0.000000000000000000, 1.000000000000000000 ) ) ;
#866 = AXIS2_PLACEMENT_3D ( 'NONE', #897, #235, #1539 ) ;
#867 = DIRECTION ( 'NONE',  ( 1.000000000000000000, -1.355252715606880296E-16, 0.000000000000000000 ) ) ;
#868 = DIRECTION ( 'NONE',  ( 1.000000000000000000, 0.000000000000000000, 0.000000000000000000 ) ) ;
#869 = ORIENTED_EDGE ( 'NONE', *, *, #804, .T. ) ;
#870 = CARTESIAN_POINT ( 'NONE',  ( -0.3500000000000001998, 0.6933333333333336901, 0.04000000000000000083 ) ) ;
#871 = CIRCLE ( 'NONE', #1245, 0.06666666666666666574 ) ;
#872 = CARTESIAN_POINT ( 'NONE',  ( 0.2833333333333332704, -0.7599999999999996758, 0.04000000000000000083 ) ) ;
#873 = DIRECTION ( 'NONE',  ( 1.000000000000000000, 0.000000000000000000, 0.000000000000000000 ) ) ;
#874 = AXIS2_PLACEMENT_3D ( 'NONE', #54, #1165, #64 ) ;
#875 = CIRCLE ( 'NONE', #1183, 0.1066666666666666874 ) ;
#876 = AXIS2_PLACEMENT_3D ( 'NONE', #749, #303, #347 ) ;
#877 = CARTESIAN_POINT ( 'NONE',  ( 0.2034314575050766849, -2.757010352236208813E-17, 0.000000000000000000 ) ) ;
#878 = PRESENTATION_STYLE_ASSIGNMENT (( #727 ) ) ;
#879 = EDGE_CURVE ( 'NONE', #419, #1533, #672, .T. ) ;
#880 = ORIENTED_EDGE ( 'NONE', *, *, #879, .F. ) ;
#881 = LINE ( 'NONE', #891, #379 ) ;
#882 = ORIENTED_EDGE ( 'NONE', *, *, #701, .T. ) ;
#883 = DIRECTION ( 'NONE',  ( 0.000000000000000000, 0.000000000000000000, -1.000000000000000000 ) ) ;
#884 = ORIENTED_EDGE ( 'NONE', *, *, #1607, .T. ) ;
#885 = CARTESIAN_POINT ( 'NONE',  ( -0.8933333333333333126, 0.7600000000000002309, -0.04000000000000000083 ) ) ;
#886 = EDGE_CURVE ( 'NONE', #1224, #70, #1194, .T. ) ;
#887 = PRESENTATION_LAYER_ASSIGNMENT (  '', '', ( #226 ) ) ;
#888 = CARTESIAN_POINT ( 'NONE',  ( 0.3273475906106257383, -0.7885423228445651578, -0.01145767715543422050 ) ) ;
#889 = CARTESIAN_POINT ( 'NONE',  ( 0.2034314575050769625, 0.6933333333333335791, 0.000000000000000000 ) ) ;
#890 = EDGE_LOOP ( 'NONE', ( #1848, #985, #2000, #1322, #930 ) ) ;
#891 = CARTESIAN_POINT ( 'NONE',  ( 0.8933333333333332016, 0.8000000000000002665, 0.7279999999999996474 ) ) ;
#892 = VERTEX_POINT ( 'NONE', #391 ) ;
#893 = CARTESIAN_POINT ( 'NONE',  ( 0.000000000000000000, -0.7599999999999994538, -0.04000000000000000083 ) ) ;
#894 = EDGE_LOOP ( 'NONE', ( #1082, #308, #508, #1595 ) ) ;
#895 = DIRECTION ( 'NONE',  ( 0.000000000000000000, 0.000000000000000000, 1.000000000000000000 ) ) ;
#896 = ADVANCED_FACE ( 'NONE', ( #84 ), #1699, .F. ) ;
#897 = CARTESIAN_POINT ( 'NONE',  ( -1.000000000000000000, 0.8000000000000002665, 0.7600000000000000089 ) ) ;
#898 = ORIENTED_EDGE ( 'NONE', *, *, #1517, .T. ) ;
#899 = CARTESIAN_POINT ( 'NONE',  ( 0.3499999999999997558, 0.6933333333333336901, 0.04000000000000000083 ) ) ;
#900 = VERTEX_POINT ( 'NONE', #1509 ) ;
#901 = LINE ( 'NONE', #1546, #1393 ) ;
#902 = ORIENTED_EDGE ( 'NONE', *, *, #38, .F. ) ;
#903 = LINE ( 'NONE', #126, #1314 ) ;
#904 = VECTOR ( 'NONE', #1030, 1000.000000000000000 ) ;
#905 = CIRCLE ( 'NONE', #213, 0.06666666666666663799 ) ;
#906 = CIRCLE ( 'NONE', #1783, 0.06666666666666663799 ) ;
#907 = CARTESIAN_POINT ( 'NONE',  ( 0.2833333333333331039, 0.7600000000000003419, 0.04000000000000000083 ) ) ;
#908 = CARTESIAN_POINT ( 'NONE',  ( 0.2833333333333331039, 0.7600000000000003419, 0.04000000000000000083 ) ) ;
#909 = ORIENTED_EDGE ( 'NONE', *, *, #1536, .T. ) ;
#910 = CARTESIAN_POINT ( 'NONE',  ( 0.3266666666666667718, 0.6933333333333335791, 0.000000000000000000 ) ) ;
#911 = ORIENTED_EDGE ( 'NONE', *, *, #886, .F. ) ;
#912 = CARTESIAN_POINT ( 'NONE',  ( -0.9600000000000000755, 0.6933333333333334680, -0.04000000000000000083 ) ) ;
#913 = PRODUCT_DEFINITION_FORMATION_WITH_SPECIFIED_SOURCE ( 'ANY', '', #835, .NOT_KNOWN. ) ;
#914 = ORIENTED_EDGE ( 'NONE', *, *, #1396, .F. ) ;
#915 = CYLINDRICAL_SURFACE ( 'NONE', #1205, 0.1066666666666666874 ) ;
#916 = SHAPE_REPRESENTATION ( 'body_\X2\9ed88ba4\X0\', ( #818 ), #1520 ) ;
#917 = VECTOR ( 'NONE', #240, 1000.000000000000000 ) ;
#918 = CARTESIAN_POINT ( 'NONE',  ( -0.2833333333333335480, 0.7600000000000003419, 0.04000000000000000083 ) ) ;
#919 = PRODUCT_RELATED_PRODUCT_CATEGORY ( 'part', '', ( #986 ) ) ;
#920 = ORIENTED_EDGE ( 'NONE', *, *, #732, .T. ) ;
#921 = DIRECTION ( 'NONE',  ( 1.000000000000000000, 0.000000000000000000, 0.000000000000000000 ) ) ;
#922 = ORIENTED_EDGE ( 'NONE', *, *, #314, .T. ) ;
#923 = DIRECTION ( 'NONE',  ( 1.000000000000000000, -1.390002785237826621E-16, -0.000000000000000000 ) ) ;
#924 = ORIENTED_EDGE ( 'NONE', *, *, #425, .T. ) ;
#925 = DIRECTION ( 'NONE',  ( 2.710505431213761085E-16, -1.000000000000000000, 0.000000000000000000 ) ) ;
#926 = DIRECTION ( 'NONE',  ( -1.000000000000000000, 0.000000000000000000, 0.000000000000000000 ) ) ;
#927 = EDGE_CURVE ( 'NONE', #2057, #1388, #74, .T. ) ;
#928 = EDGE_CURVE ( 'NONE', #1048, #463, #1576, .T. ) ;
#929 = CYLINDRICAL_SURFACE ( 'NONE', #1001, 0.06666666666666669350 ) ;
#930 = ORIENTED_EDGE ( 'NONE', *, *, #1496, .F. ) ;
#931 = CARTESIAN_POINT ( 'NONE',  ( -0.8933333333333333126, 0.6933333333333335791, 5.421010862427522170E-16 ) ) ;
#932 = VERTEX_POINT ( 'NONE', #1469 ) ;
#933 = CARTESIAN_POINT ( 'NONE',  ( -0.2034314575050768237, 0.6933333333333335791, 0.000000000000000000 ) ) ;
#934 = VECTOR ( 'NONE', #153, 1000.000000000000000 ) ;
#935 = ORIENTED_EDGE ( 'NONE', *, *, #1235, .T. ) ;
#936 = CARTESIAN_POINT ( 'NONE',  ( 0.8933333333333332016, 0.8000000000000002665, 5.421010862427522170E-16 ) ) ;
#937 = VECTOR ( 'NONE', #1974, 1000.000000000000000 ) ;
#938 = VECTOR ( 'NONE', #1588, 1000.000000000000000 ) ;
#939 = VECTOR ( 'NONE', #1473, 1000.000000000000000 ) ;
#940 = DIRECTION ( 'NONE',  ( -1.000000000000000000, 0.000000000000000000, 0.000000000000000000 ) ) ;
#941 = APPLICATION_PROTOCOL_DEFINITION ( 'draft international standard', 'automotive_design', 1998, #1986 ) ;
#942 = CARTESIAN_POINT ( 'NONE',  ( -0.9999999999999995559, -0.6933333333333332460, 5.421010862427522170E-16 ) ) ;
#943 = DIRECTION ( 'NONE',  ( 0.000000000000000000, 1.000000000000000000, 0.000000000000000000 ) ) ;
#944 = ORIENTED_EDGE ( 'NONE', *, *, #1708, .F. ) ;
#945 = AXIS2_PLACEMENT_3D ( 'NONE', #218, #1790, #1342 ) ;
#946 = DIRECTION ( 'NONE',  ( -1.000000000000000000, 0.000000000000000000, 0.000000000000000000 ) ) ;
#947 = CIRCLE ( 'NONE', #50, 0.1066666666666666874 ) ;
#948 = EDGE_CURVE ( 'NONE', #297, #498, #1374, .T. ) ;
#949 = ORIENTED_EDGE ( 'NONE', *, *, #614, .T. ) ;
#950 = CARTESIAN_POINT ( 'NONE',  ( 0.000000000000000000, 0.7599999999999998979, -0.04000000000000000083 ) ) ;
#951 = PLANE ( 'NONE',  #1814 ) ;
#952 = EDGE_CURVE ( 'NONE', #932, #1489, #118, .T. ) ;
#953 = VECTOR ( 'NONE', #1513, 1000.000000000000000 ) ;
#954 =( LENGTH_UNIT ( ) NAMED_UNIT ( * ) SI_UNIT ( .MILLI., .METRE. ) );
#955 = EDGE_CURVE ( 'NONE', #1799, #1571, #1202, .T. ) ;
#956 = ORIENTED_EDGE ( 'NONE', *, *, #1167, .F. ) ;
#957 = PLANE ( 'NONE',  #1482 ) ;
#958 = EDGE_LOOP ( 'NONE', ( #2045, #869, #1871, #744, #231, #1873, #217, #1353 ) ) ;
#959 = MECHANICAL_DESIGN_GEOMETRIC_PRESENTATION_REPRESENTATION (  '', ( #788 ), #256 ) ;
#960 = CARTESIAN_POINT ( 'NONE',  ( -0.3266666666666667163, 0.6933333333333334680, -0.04000000000000000083 ) ) ;
#961 = ORIENTED_EDGE ( 'NONE', *, *, #1615, .F. ) ;
#962 =( NAMED_UNIT ( * ) SI_UNIT ( $, .STERADIAN. ) SOLID_ANGLE_UNIT ( ) );
#963 = CARTESIAN_POINT ( 'NONE',  ( -0.8933333333333328685, -0.7599999999999994538, -0.04000000000000000083 ) ) ;
#964 = SURFACE_SIDE_STYLE ('',( #1408 ) ) ;
#965 = EDGE_CURVE ( 'NONE', #1791, #505, #37, .T. ) ;
#966 = ORIENTED_EDGE ( 'NONE', *, *, #39, .T. ) ;
#967 = CARTESIAN_POINT ( 'NONE',  ( 0.9600000000000000755, 0.8000000000000002665, -0.04000000000000000083 ) ) ;
#968 = ORIENTED_EDGE ( 'NONE', *, *, #614, .F. ) ;
#969 = B_SPLINE_CURVE_WITH_KNOTS ( 'NONE', 3,
 ( #1558, #401, #1352, #1849, #1991, #1682, #416, #708, #1523, #741 ),
 .UNSPECIFIED., .F., .F.,
 ( 4, 3, 3, 4 ),
 ( -2.317660035236771792E-06, 0.000000000000000000, 2.267918714597705749E-05, 6.241946209848482944E-05 ),
 .UNSPECIFIED. ) ;
#970 = CARTESIAN_POINT ( 'NONE',  ( 0.9680000000000000826, 0.000000000000000000, 0.7600000000000000089 ) ) ;
#971 = ORIENTED_EDGE ( 'NONE', *, *, #471, .F. ) ;
#972 = DIRECTION ( 'NONE',  ( 1.000000000000000000, 0.000000000000000000, 0.000000000000000000 ) ) ;
#973 = AXIS2_PLACEMENT_3D ( 'NONE', #450, #271, #1084 ) ;
#974 = CONTEXT_DEPENDENT_SHAPE_REPRESENTATION ( #1152, #1662 ) ;
#975 = LINE ( 'NONE', #337, #1795 ) ;
#976 = CARTESIAN_POINT ( 'NONE',  ( -0.3495477111507335755, 0.7953874039371097160, -0.004612596062890002291 ) ) ;
#977 = ORIENTED_EDGE ( 'NONE', *, *, #1009, .F. ) ;
#978 = CARTESIAN_POINT ( 'NONE',  ( 0.2599999999999998979, -0.6933333333333332460, 0.000000000000000000 ) ) ;
#979 = VERTEX_POINT ( 'NONE', #1303 ) ;
#980 = CARTESIAN_POINT ( 'NONE',  ( -0.8933333333333335347, -0.7599999999999997868, 0.000000000000000000 ) ) ;
#981 = FACE_OUTER_BOUND ( 'NONE', #1333, .T. ) ;
#982 = CIRCLE ( 'NONE', #76, 0.1066666666666666874 ) ;
#983 = CARTESIAN_POINT ( 'NONE',  ( 0.9679999999999999716, 0.6933333333333335791, 0.7600000000000000089 ) ) ;
#984 = FACE_OUTER_BOUND ( 'NONE', #1037, .T. ) ;
#985 = ORIENTED_EDGE ( 'NONE', *, *, #1053, .F. ) ;
#986 = PRODUCT ( 'FTC201608S', 'FTC201608S', '', ( #294 ) ) ;
#987 = PLANE ( 'NONE',  #1189 ) ;
#988 = ORIENTED_EDGE ( 'NONE', *, *, #1325, .F. ) ;
#989 = DIRECTION ( 'NONE',  ( -1.000000000000000000, 0.000000000000000000, 0.000000000000000000 ) ) ;
#990 = LINE ( 'NONE', #72, #630 ) ;
#991 = EDGE_CURVE ( 'NONE', #1296, #1927, #1634, .T. ) ;
#992 = ADVANCED_FACE ( 'NONE', ( #772 ), #817, .T. ) ;
#993 = FACE_OUTER_BOUND ( 'NONE', #1549, .T. ) ;
#994 = CARTESIAN_POINT ( 'NONE',  ( -0.3619926639266128898, 0.7983406210298972239, -0.001659378970102440851 ) ) ;
#995 = DIRECTION ( 'NONE',  ( 0.000000000000000000, -1.000000000000000000, 0.000000000000000000 ) ) ;
#996 = VERTEX_POINT ( 'NONE', #918 ) ;
#997 = LINE ( 'NONE', #1778, #1106 ) ;
#998 = ORIENTED_EDGE ( 'NONE', *, *, #863, .F. ) ;
#999 = CARTESIAN_POINT ( 'NONE',  ( -0.3266666666666667163, 0.7600000000000001199, 0.000000000000000000 ) ) ;
#1000 = DIRECTION ( 'NONE',  ( 1.000000000000000000, 0.000000000000000000, 0.000000000000000000 ) ) ;
#1001 = AXIS2_PLACEMENT_3D ( 'NONE', #1422, #1249, #940 ) ;
#1002 = DIRECTION ( 'NONE',  ( 1.000000000000000000, 0.000000000000000000, 0.000000000000000000 ) ) ;
#1003 = DIRECTION ( 'NONE',  ( 1.000000000000000000, 0.000000000000000000, 0.000000000000000000 ) ) ;
#1004 = AXIS2_PLACEMENT_3D ( 'NONE', #18, #470, #1919 ) ;
#1005 = AXIS2_PLACEMENT_3D ( 'NONE', #1999, #1861, #1714 ) ;
#1006 = ORIENTED_EDGE ( 'NONE', *, *, #334, .F. ) ;
#1007 = FACE_OUTER_BOUND ( 'NONE', #2034, .T. ) ;
#1008 = CARTESIAN_POINT ( 'NONE',  ( 0.3499999999999997558, 0.6933333333333336901, 0.000000000000000000 ) ) ;
#1009 = EDGE_CURVE ( 'NONE', #419, #1177, #1788, .T. ) ;
#1010 = PLANE ( 'NONE',  #1616 ) ;
#1011 = AXIS2_PLACEMENT_3D ( 'NONE', #1321, #1961, #208 ) ;
#1012 = DIRECTION ( 'NONE',  ( -1.000000000000000000, -7.132909029509896943E-17, 0.000000000000000000 ) ) ;
#1013 = CARTESIAN_POINT ( 'NONE',  ( -0.9679999999999996385, -0.6933333333333332460, 0.7600000000000000089 ) ) ;
#1014 =( REPRESENTATION_RELATIONSHIP ('NONE','NONE', #1709, #916 ) REPRESENTATION_RELATIONSHIP_WITH_TRANSFORMATION ( #1954 )SHAPE_REPRESENTATION_RELATIONSHIP( ) );
#1015 = CARTESIAN_POINT ( 'NONE',  ( -0.2833333333333334370, -0.7599999999999996758, 0.04000000000000000083 ) ) ;
#1016 =( GEOMETRIC_REPRESENTATION_CONTEXT ( 3 ) GLOBAL_UNCERTAINTY_ASSIGNED_CONTEXT ( ( #2039 ) ) GLOBAL_UNIT_ASSIGNED_CONTEXT ( ( #1204, #1567, #9 ) ) REPRESENTATION_CONTEXT ( 'NONE', 'WORKASPACE' ) );
#1017 = EDGE_CURVE ( 'NONE', #2002, #1343, #128, .T. ) ;
#1018 = VECTOR ( 'NONE', #1582, 1000.000000000000000 ) ;
#1019 = ORIENTED_EDGE ( 'NONE', *, *, #2070, .F. ) ;
#1020 = FACE_OUTER_BOUND ( 'NONE', #1059, .T. ) ;
#1021 = CARTESIAN_POINT ( 'NONE',  ( 0.3594262027467207687, -0.7999999999999998224, -0.001934003181889889546 ) ) ;
#1022 = VECTOR ( 'NONE', #136, 1000.000000000000000 ) ;
#1023 = DIRECTION ( 'NONE',  ( -1.000000000000000000, 1.355252715606880296E-16, 0.000000000000000000 ) ) ;
#1024 = ADVANCED_FACE ( 'NONE', ( #1942 ), #129, .F. ) ;
#1025 = CARTESIAN_POINT ( 'NONE',  ( -0.2916329211436895497, 0.8000000000000002665, 0.000000000000000000 ) ) ;
#1026 = EDGE_CURVE ( 'NONE', #1436, #1693, #501, .T. ) ;
#1027 = DIRECTION ( 'NONE',  ( 1.000000000000000000, 0.000000000000000000, 0.000000000000000000 ) ) ;
#1028 = ORIENTED_EDGE ( 'NONE', *, *, #1072, .T. ) ;
#1029 = LINE ( 'NONE', #545, #841 ) ;
#1030 = DIRECTION ( 'NONE',  ( -0.000000000000000000, -0.000000000000000000, 1.000000000000000000 ) ) ;
#1031 = DIRECTION ( 'NONE',  ( -0.000000000000000000, 0.000000000000000000, 1.000000000000000000 ) ) ;
#1032 = EDGE_CURVE ( 'NONE', #169, #2020, #1348, .T. ) ;
#1033 = LINE ( 'NONE', #573, #1955 ) ;
#1034 = AXIS2_PLACEMENT_3D ( 'NONE', #651, #432, #1086 ) ;
#1035 = ORIENTED_EDGE ( 'NONE', *, *, #1053, .T. ) ;
#1036 = DIRECTION ( 'NONE',  ( -0.000000000000000000, -0.000000000000000000, 1.000000000000000000 ) ) ;
#1037 = EDGE_LOOP ( 'NONE', ( #394, #3, #1454, #1267 ) ) ;
#1038 = CIRCLE ( 'NONE', #1585, 0.04000000000000000083 ) ;
#1039 = CYLINDRICAL_SURFACE ( 'NONE', #748, 0.06666666666666666574 ) ;
#1040 = ORIENTED_EDGE ( 'NONE', *, *, #1095, .F. ) ;
#1041 = LINE ( 'NONE', #1234, #1170 ) ;
#1042 = VECTOR ( 'NONE', #105, 1000.000000000000000 ) ;
#1043 = AXIS2_PLACEMENT_3D ( 'NONE', #515, #676, #205 ) ;
#1044 = CARTESIAN_POINT ( 'NONE',  ( -0.2649484440794677154, 0.8000000000000002665, 0.000000000000000000 ) ) ;
#1045 = CARTESIAN_POINT ( 'NONE',  ( -0.2833333333333334370, -0.6933333333333330240, 0.04000000000000000083 ) ) ;
#1046 = ORIENTED_EDGE ( 'NONE', *, *, #1759, .T. ) ;
#1047 = CARTESIAN_POINT ( 'NONE',  ( 0.8933333333333332016, -0.7999999999999998224, 0.7279999999999996474 ) ) ;
#1048 = VERTEX_POINT ( 'NONE', #983 ) ;
#1049 = AXIS2_PLACEMENT_3D ( 'NONE', #759, #1423, #1270 ) ;
#1050 = DIRECTION ( 'NONE',  ( -1.000000000000000000, 0.000000000000000000, 0.000000000000000000 ) ) ;
#1051 = VERTEX_POINT ( 'NONE', #193 ) ;
#1052 = CARTESIAN_POINT ( 'NONE',  ( -0.2833333333333335480, 0.6933333333333336901, 0.04000000000000000083 ) ) ;
#1053 = EDGE_CURVE ( 'NONE', #1383, #518, #1413, .T. ) ;
#1054 = ADVANCED_FACE ( 'NONE', ( #1710 ), #929, .F. ) ;
#1055 = DIRECTION ( 'NONE',  ( 1.355252715606880789E-16, 1.000000000000000000, 0.000000000000000000 ) ) ;
#1056 = DIRECTION ( 'NONE',  ( -2.710505431213761085E-16, 1.000000000000000000, 0.000000000000000000 ) ) ;
#1057 = ORIENTED_EDGE ( 'NONE', *, *, #14, .F. ) ;
#1058 = DIRECTION ( 'NONE',  ( -0.000000000000000000, 0.000000000000000000, -1.000000000000000000 ) ) ;
#1059 = EDGE_LOOP ( 'NONE', ( #922, #248, #1474, #1853 ) ) ;
#1060 = PLANE ( 'NONE',  #1562 ) ;
#1061 = ORIENTED_EDGE ( 'NONE', *, *, #2003, .F. ) ;
#1062 = CARTESIAN_POINT ( 'NONE',  ( -0.2600000000000002309, 3.523657060577893108E-17, 0.000000000000000000 ) ) ;
#1063 = DIRECTION ( 'NONE',  ( 0.000000000000000000, -0.000000000000000000, -1.000000000000000000 ) ) ;
#1064 = DIRECTION ( 'NONE',  ( 0.000000000000000000, 0.000000000000000000, 1.000000000000000000 ) ) ;
#1065 = ADVANCED_FACE ( 'NONE', ( #2062 ), #662, .T. ) ;
#1066 = ORIENTED_EDGE ( 'NONE', *, *, #250, .T. ) ;
#1067 = DIRECTION ( 'NONE',  ( 1.000000000000000000, 0.000000000000000000, 0.000000000000000000 ) ) ;
#1068 = EDGE_LOOP ( 'NONE', ( #1992, #1775, #5, #257 ) ) ;
#1069 = LINE ( 'NONE', #755, #285 ) ;
#1070 = VERTEX_POINT ( 'NONE', #907 ) ;
#1071 = CIRCLE ( 'NONE', #44, 0.06666666666666669350 ) ;
#1072 = EDGE_CURVE ( 'NONE', #479, #1310, #2040, .T. ) ;
#1073 = DIRECTION ( 'NONE',  ( -1.000000000000000000, 0.000000000000000000, 0.000000000000000000 ) ) ;
#1074 = PRODUCT_DEFINITION_SHAPE ( 'NONE', 'NONE',  #1139 ) ;
#1075 = CARTESIAN_POINT ( 'NONE',  ( -0.8933333333333328685, -0.6933333333333331350, -0.03999999999999999389 ) ) ;
#1076 = ADVANCED_FACE ( 'NONE', ( #1577 ), #611, .F. ) ;
#1077 = ORIENTED_EDGE ( 'NONE', *, *, #554, .T. ) ;
#1078 = CARTESIAN_POINT ( 'NONE',  ( 0.3499999999999997558, 0.6933333333333336901, 0.04000000000000000083 ) ) ;
#1079 = ORIENTED_EDGE ( 'NONE', *, *, #1650, .F. ) ;
#1080 = CARTESIAN_POINT ( 'NONE',  ( 0.000000000000000000, 0.000000000000000000, 0.000000000000000000 ) ) ;
#1081 = EDGE_CURVE ( 'NONE', #1310, #1296, #702, .T. ) ;
#1082 = ORIENTED_EDGE ( 'NONE', *, *, #1759, .F. ) ;
#1083 = CARTESIAN_POINT ( 'NONE',  ( 0.2600000000000003419, -3.523657060577894957E-17, -0.04000000000000000083 ) ) ;
#1084 = DIRECTION ( 'NONE',  ( 1.000000000000000000, 0.000000000000000000, 0.000000000000000000 ) ) ;
#1085 = PRESENTATION_LAYER_ASSIGNMENT (  '', '', ( #1995 ) ) ;
#1086 = DIRECTION ( 'NONE',  ( 1.000000000000000000, 0.000000000000000000, 0.000000000000000000 ) ) ;
#1087 = ORIENTED_EDGE ( 'NONE', *, *, #1824, .T. ) ;
#1088 = DIRECTION ( 'NONE',  ( -0.000000000000000000, -0.000000000000000000, 1.000000000000000000 ) ) ;
#1089 = EDGE_LOOP ( 'NONE', ( #405, #1404, #443, #279 ) ) ;
#1090 = CARTESIAN_POINT ( 'NONE',  ( -0.3266666666666669938, -0.6933333333333331350, 0.000000000000000000 ) ) ;
#1091 = ORIENTED_EDGE ( 'NONE', *, *, #66, .T. ) ;
#1092 =( LENGTH_UNIT ( ) NAMED_UNIT ( * ) SI_UNIT ( .MILLI., .METRE. ) );
#1093 = CARTESIAN_POINT ( 'NONE',  ( 0.8933333333333332016, -0.7679999999999999050, 0.7600000000000000089 ) ) ;
#1094 = DIRECTION ( 'NONE',  ( -0.7071067811865454633, 0.000000000000000000, -0.7071067811865495711 ) ) ;
#1095 = EDGE_CURVE ( 'NONE', #996, #1791, #871, .T. ) ;
#1096 = ORIENTED_EDGE ( 'NONE', *, *, #1169, .T. ) ;
#1097 = DIRECTION ( 'NONE',  ( -0.000000000000000000, 0.000000000000000000, 1.000000000000000000 ) ) ;
#1098 = ORIENTED_EDGE ( 'NONE', *, *, #1859, .T. ) ;
#1099 = DIRECTION ( 'NONE',  ( 0.000000000000000000, 0.000000000000000000, -1.000000000000000000 ) ) ;
#1100 = EDGE_CURVE ( 'NONE', #1839, #477, #234, .T. ) ;
#1101 = ORIENTED_EDGE ( 'NONE', *, *, #965, .T. ) ;
#1102 = CARTESIAN_POINT ( 'NONE',  ( -0.9599999999999995204, -2.602085213965209163E-16, -0.04000000000000000083 ) ) ;
#1103 = DIRECTION ( 'NONE',  ( 0.000000000000000000, 1.000000000000000000, 0.000000000000000000 ) ) ;
#1104 = CONICAL_SURFACE ( 'NONE', #1748, 0.07466666666666678387, 0.7853981633974412846 ) ;
#1105 = CIRCLE ( 'NONE', #735, 0.06666666666666666574 ) ;
#1106 = VECTOR ( 'NONE', #1179, 1000.000000000000114 ) ;
#1107 = EDGE_CURVE ( 'NONE', #861, #318, #1449, .T. ) ;
#1108 = SURFACE_STYLE_USAGE ( .BOTH. , #964 ) ;
#1109 = ORIENTED_EDGE ( 'NONE', *, *, #1385, .T. ) ;
#1110 = PLANE ( 'NONE',  #1316 ) ;
#1111 = ORIENTED_EDGE ( 'NONE', *, *, #1536, .F. ) ;
#1112 = DIRECTION ( 'NONE',  ( 0.000000000000000000, -1.000000000000000000, 0.000000000000000000 ) ) ;
#1113 = EDGE_CURVE ( 'NONE', #81, #207, #854, .T. ) ;
#1114 = VERTEX_POINT ( 'NONE', #202 ) ;
#1115 = DIRECTION ( 'NONE',  ( 1.000000000000000000, 0.000000000000000000, 0.000000000000000000 ) ) ;
#1116 = CARTESIAN_POINT ( 'NONE',  ( 1.000000000000000000, -0.6933333333333332460, 5.421010862427522170E-16 ) ) ;
#1117 = EDGE_CURVE ( 'NONE', #1927, #1531, #511, .T. ) ;
#1118 = VECTOR ( 'NONE', #2006, 1000.000000000000000 ) ;
#1119 = ADVANCED_FACE ( 'NONE', ( #993 ), #507, .T. ) ;
#1120 = VECTOR ( 'NONE', #1222, 1000.000000000000000 ) ;
#1121 = DIRECTION ( 'NONE',  ( 1.000000000000000000, 0.000000000000000000, 0.000000000000000000 ) ) ;
#1122 = AXIS2_PLACEMENT_3D ( 'NONE', #1102, #1883, #925 ) ;
#1123 = ORIENTED_EDGE ( 'NONE', *, *, #221, .F. ) ;
#1124 = FACE_OUTER_BOUND ( 'NONE', #15, .T. ) ;
#1125 = ORIENTED_EDGE ( 'NONE', *, *, #1556, .T. ) ;
#1126 = CLOSED_SHELL ( 'NONE', ( #513, #1279, #551, #896, #342, #60, #1145, #1161, #281, #1922, #514, #1186, #1259, #1213, #1766, #636, #647, #992, #1956, #1237, #1024, #145, #641, #156, #433, #1054, #1829, #1690, #1668, #270, #1589, #399, #1890, #739, #1150, #1867, #1782, #1065, #1171, #165, #1548, #1915, #1399, #127, #1675, #313, #1975, #191, #1959, #1119, #1493, #1847, #553, #794, #792, #116, #1076, #360 ) ) ;
#1127 = CARTESIAN_POINT ( 'NONE',  ( -0.2034314575050769069, 2.757010352236211894E-17, 0.000000000000000000 ) ) ;
#1128 = ORIENTED_EDGE ( 'NONE', *, *, #1107, .F. ) ;
#1129 = PLANE ( 'NONE',  #1627 ) ;
#1130 = CARTESIAN_POINT ( 'NONE',  ( -0.2833333333333334370, -0.7599999999999996758, 0.000000000000000000 ) ) ;
#1131 = CARTESIAN_POINT ( 'NONE',  ( 0.8933333333333333126, -0.6933333333333332460, 5.421010862427522170E-16 ) ) ;
#1132 = EDGE_LOOP ( 'NONE', ( #884, #343, #1998, #823, #1862 ) ) ;
#1133 = DIRECTION ( 'NONE',  ( 1.000000000000000000, 0.000000000000000000, 0.000000000000000000 ) ) ;
#1134 = ORIENTED_EDGE ( 'NONE', *, *, #381, .F. ) ;
#1135 = CARTESIAN_POINT ( 'NONE',  ( 0.8933333333333333126, 0.6933333333333335791, -0.04000000000000000083 ) ) ;
#1136 = CARTESIAN_POINT ( 'NONE',  ( 0.3266666666666667163, 0.7600000000000002309, 0.000000000000000000 ) ) ;
#1137 = DIRECTION ( 'NONE',  ( -0.000000000000000000, 0.000000000000000000, 1.000000000000000000 ) ) ;
#1138 = AXIS2_PLACEMENT_3D ( 'NONE', #396, #1031, #1635 ) ;
#1139 = PRODUCT_DEFINITION ( 'UNKNOWN', '', #20, #1301 ) ;
#1140 = DIRECTION ( 'NONE',  ( -0.7071067811865426878, 0.000000000000000000, -0.7071067811865522357 ) ) ;
#1141 = EDGE_CURVE ( 'NONE', #1343, #698, #1507, .T. ) ;
#1142 = CYLINDRICAL_SURFACE ( 'NONE', #1754, 0.1066666666666666874 ) ;
#1143 = ORIENTED_EDGE ( 'NONE', *, *, #489, .T. ) ;
#1144 = PLANE ( 'NONE',  #547 ) ;
#1145 = ADVANCED_FACE ( 'NONE', ( #833 ), #1193, .T. ) ;
#1146 = EDGE_LOOP ( 'NONE', ( #1438, #790, #1878, #557 ) ) ;
#1147 = CARTESIAN_POINT ( 'NONE',  ( -0.8933333333333335347, -0.7599999999999997868, 0.000000000000000000 ) ) ;
#1148 = ORIENTED_EDGE ( 'NONE', *, *, #1275, .T. ) ;
#1149 = DIRECTION ( 'NONE',  ( 0.000000000000000000, -0.000000000000000000, -1.000000000000000000 ) ) ;
#1150 = ADVANCED_FACE ( 'NONE', ( #82 ), #1104, .T. ) ;
#1151 = FACE_OUTER_BOUND ( 'NONE', #167, .T. ) ;
#1152 =( REPRESENTATION_RELATIONSHIP ('NONE','NONE', #1709, #1284 ) REPRESENTATION_RELATIONSHIP_WITH_TRANSFORMATION ( #806 )SHAPE_REPRESENTATION_RELATIONSHIP( ) );
#1153 = COLOUR_RGB ( '',0.8705882352941176627, 0.9098039215686274384, 1.000000000000000000 ) ;
#1154 = DIRECTION ( 'NONE',  ( 0.000000000000000000, 0.000000000000000000, -1.000000000000000000 ) ) ;
#1155 = CARTESIAN_POINT ( 'NONE',  ( -0.2034314575050770735, -0.6933333333333331350, -0.04000000000000000083 ) ) ;
#1156 = VECTOR ( 'NONE', #1277, 1000.000000000000000 ) ;
#1157 = ORIENTED_EDGE ( 'NONE', *, *, #725, .T. ) ;
#1158 = FACE_OUTER_BOUND ( 'NONE', #632, .T. ) ;
#1159 = CARTESIAN_POINT ( 'NONE',  ( 0.3266666666666667718, 0.6933333333333335791, -0.04000000000000000083 ) ) ;
#1160 = DIRECTION ( 'NONE',  ( -0.000000000000000000, -0.000000000000000000, -1.000000000000000000 ) ) ;
#1161 = ADVANCED_FACE ( 'NONE', ( #1151 ), #1010, .T. ) ;
#1162 = DIRECTION ( 'NONE',  ( -0.7071067811865459074, 0.000000000000000000, 0.7071067811865491270 ) ) ;
#1163 = FACE_OUTER_BOUND ( 'NONE', #1702, .T. ) ;
#1164 = EDGE_LOOP ( 'NONE', ( #1744, #1402, #1400, #580 ) ) ;
#1165 = DIRECTION ( 'NONE',  ( -0.000000000000000000, -0.000000000000000000, 1.000000000000000000 ) ) ;
#1166 = CARTESIAN_POINT ( 'NONE',  ( 0.3083848892538656461, 0.8000000000000002665, -0.002924353897670646778 ) ) ;
#1167 = EDGE_CURVE ( 'NONE', #1786, #1371, #209, .T. ) ;
#1168 = DIRECTION ( 'NONE',  ( -0.000000000000000000, 0.000000000000000000, -1.000000000000000000 ) ) ;
#1169 = EDGE_CURVE ( 'NONE', #318, #81, #1994, .T. ) ;
#1170 = VECTOR ( 'NONE', #1874, 1000.000000000000000 ) ;
#1171 = ADVANCED_FACE ( 'NONE', ( #1184 ), #1843, .T. ) ;
#1172 = CARTESIAN_POINT ( 'NONE',  ( 1.000000000000000000, -0.6933333333333332460, 0.7279999999999996474 ) ) ;
#1173 = CARTESIAN_POINT ( 'NONE',  ( -0.3287094384985428941, 0.7890584260387750737, -0.01094157396122477297 ) ) ;
#1174 = CARTESIAN_POINT ( 'NONE',  ( -1.000000000000000000, 0.6933333333333335791, 0.7600000000000000089 ) ) ;
#1175 = CONICAL_SURFACE ( 'NONE', #140, 0.07466666666666678387, 0.7853981633974412846 ) ;
#1176 = VECTOR ( 'NONE', #1058, 1000.000000000000000 ) ;
#1177 = VERTEX_POINT ( 'NONE', #1676 ) ;
#1178 = EDGE_CURVE ( 'NONE', #683, #415, #472, .T. ) ;
#1179 = DIRECTION ( 'NONE',  ( 0.000000000000000000, -0.7071067811865455743, 0.7071067811865495711 ) ) ;
#1180 = ORIENTED_EDGE ( 'NONE', *, *, #1698, .T. ) ;
#1181 = CARTESIAN_POINT ( 'NONE',  ( 0.9599999999999998535, -0.6933333333333332460, 0.000000000000000000 ) ) ;
#1182 = VECTOR ( 'NONE', #706, 1000.000000000000000 ) ;
#1183 = AXIS2_PLACEMENT_3D ( 'NONE', #1957, #1154, #1002 ) ;
#1184 = FACE_OUTER_BOUND ( 'NONE', #1755, .T. ) ;
#1185 = EDGE_CURVE ( 'NONE', #490, #81, #541, .T. ) ;
#1186 = ADVANCED_FACE ( 'NONE', ( #214 ), #1491, .T. ) ;
#1187 = DIRECTION ( 'NONE',  ( 0.000000000000000000, 0.000000000000000000, 1.000000000000000000 ) ) ;
#1188 = DIRECTION ( 'NONE',  ( 0.000000000000000000, 0.000000000000000000, 1.000000000000000000 ) ) ;
#1189 = AXIS2_PLACEMENT_3D ( 'NONE', #535, #384, #1630 ) ;
#1190 = ORIENTED_EDGE ( 'NONE', *, *, #1275, .F. ) ;
#1191 = DIRECTION ( 'NONE',  ( 0.000000000000000000, 0.000000000000000000, -1.000000000000000000 ) ) ;
#1192 = DIRECTION ( 'NONE',  ( 1.000000000000000000, 0.000000000000000000, 0.000000000000000000 ) ) ;
#1193 = PLANE ( 'NONE',  #1950 ) ;
#1194 = LINE ( 'NONE', #1828, #398 ) ;
#1195 =( NAMED_UNIT ( * ) PLANE_ANGLE_UNIT ( ) SI_UNIT ( $, .RADIAN. ) );
#1196 = ORIENTED_EDGE ( 'NONE', *, *, #1095, .T. ) ;
#1197 = LINE ( 'NONE', #1671, #112 ) ;
#1198 = ORIENTED_EDGE ( 'NONE', *, *, #166, .T. ) ;
#1199 = DIRECTION ( 'NONE',  ( 0.000000000000000000, 0.000000000000000000, -1.000000000000000000 ) ) ;
#1200 = EDGE_LOOP ( 'NONE', ( #1664, #1631, #1046, #1218, #1231, #1077, #2009, #385 ) ) ;
#1201 = LINE ( 'NONE', #1551, #376 ) ;
#1202 = CIRCLE ( 'NONE', #1674, 0.1232352091615900036 ) ;
#1203 = CARTESIAN_POINT ( 'NONE',  ( 0.8933333333333330906, -0.6933333333333332460, -0.04000000000000000083 ) ) ;
#1204 =( LENGTH_UNIT ( ) NAMED_UNIT ( * ) SI_UNIT ( .MILLI., .METRE. ) );
#1205 = AXIS2_PLACEMENT_3D ( 'NONE', #2026, #734, #2004 ) ;
#1206 = ADVANCED_FACE ( 'NONE', ( #380 ), #439, .T. ) ;
#1207 = VERTEX_POINT ( 'NONE', #1225 ) ;
#1208 = DIRECTION ( 'NONE',  ( -1.000000000000000000, 0.000000000000000000, 0.000000000000000000 ) ) ;
#1209 = EDGE_LOOP ( 'NONE', ( #764, #1341, #681, #911, #1769 ) ) ;
#1210 = VECTOR ( 'NONE', #650, 1000.000000000000000 ) ;
#1211 = FACE_OUTER_BOUND ( 'NONE', #595, .T. ) ;
#1212 = VECTOR ( 'NONE', #1379, 1000.000000000000000 ) ;
#1213 = ADVANCED_FACE ( 'NONE', ( #1842 ), #1687, .T. ) ;
#1214 = ORIENTED_EDGE ( 'NONE', *, *, #1859, .F. ) ;
#1215 = FACE_OUTER_BOUND ( 'NONE', #842, .T. ) ;
#1216 = AXIS2_PLACEMENT_3D ( 'NONE', #534, #183, #1817 ) ;
#1217 = FACE_OUTER_BOUND ( 'NONE', #1603, .T. ) ;
#1218 = ORIENTED_EDGE ( 'NONE', *, *, #1178, .T. ) ;
#1219 = CARTESIAN_POINT ( 'NONE',  ( -0.3266666666666667163, 0.7600000000000001199, 0.000000000000000000 ) ) ;
#1220 = ORIENTED_EDGE ( 'NONE', *, *, #773, .T. ) ;
#1221 = AXIS2_PLACEMENT_3D ( 'NONE', #603, #1600, #1250 ) ;
#1222 = DIRECTION ( 'NONE',  ( 0.000000000000000000, 0.000000000000000000, -1.000000000000000000 ) ) ;
#1223 = AXIS2_PLACEMENT_3D ( 'NONE', #446, #883, #1050 ) ;
#1224 = VERTEX_POINT ( 'NONE', #420 ) ;
#1225 = CARTESIAN_POINT ( 'NONE',  ( -0.2600000000000001199, 0.6933333333333334680, 0.000000000000000000 ) ) ;
#1226 = VECTOR ( 'NONE', #807, 1000.000000000000000 ) ;
#1227 = DIRECTION ( 'NONE',  ( -1.355252715606880543E-16, -1.000000000000000000, 0.000000000000000000 ) ) ;
#1228 = EDGE_CURVE ( 'NONE', #597, #1070, #1646, .T. ) ;
#1229 = ORIENTED_EDGE ( 'NONE', *, *, #1636, .F. ) ;
#1230 = CARTESIAN_POINT ( 'NONE',  ( 0.000000000000000000, -0.7679999999999999050, 0.7600000000000000089 ) ) ;
#1231 = ORIENTED_EDGE ( 'NONE', *, *, #1855, .T. ) ;
#1232 = PLANE ( 'NONE',  #645 ) ;
#1233 = ORIENTED_EDGE ( 'NONE', *, *, #346, .T. ) ;
#1234 = CARTESIAN_POINT ( 'NONE',  ( -0.3500000000000000333, -0.7599999999999996758, 0.04000000000000000083 ) ) ;
#1235 = EDGE_CURVE ( 'NONE', #363, #1499, #903, .T. ) ;
#1236 = DIRECTION ( 'NONE',  ( 0.000000000000000000, -0.000000000000000000, -1.000000000000000000 ) ) ;
#1237 = ADVANCED_FACE ( 'NONE', ( #283 ), #915, .T. ) ;
#1238 =( NAMED_UNIT ( * ) PLANE_ANGLE_UNIT ( ) SI_UNIT ( $, .RADIAN. ) );
#1239 = ORIENTED_EDGE ( 'NONE', *, *, #722, .F. ) ;
#1240 = DIRECTION ( 'NONE',  ( 0.000000000000000000, -0.000000000000000000, -1.000000000000000000 ) ) ;
#1241 = ORIENTED_EDGE ( 'NONE', *, *, #1185, .T. ) ;
#1242 = CYLINDRICAL_SURFACE ( 'NONE', #1223, 0.06666666666666669350 ) ;
#1243 = AXIS2_PLACEMENT_3D ( 'NONE', #1460, #30, #826 ) ;
#1244 = ORIENTED_EDGE ( 'NONE', *, *, #864, .F. ) ;
#1245 = AXIS2_PLACEMENT_3D ( 'NONE', #1667, #548, #1515 ) ;
#1246 = DIRECTION ( 'NONE',  ( -1.000000000000000000, 0.000000000000000000, 0.000000000000000000 ) ) ;
#1247 = VECTOR ( 'NONE', #1979, 999.9999999999998863 ) ;
#1248 = VECTOR ( 'NONE', #338, 1000.000000000000000 ) ;
#1249 = DIRECTION ( 'NONE',  ( 0.000000000000000000, 0.000000000000000000, -1.000000000000000000 ) ) ;
#1250 = DIRECTION ( 'NONE',  ( 1.000000000000000000, 0.000000000000000000, 0.000000000000000000 ) ) ;
#1251 = ORIENTED_EDGE ( 'NONE', *, *, #1741, .T. ) ;
#1252 = EDGE_LOOP ( 'NONE', ( #496, #619, #1654, #730 ) ) ;
#1253 = PLANE ( 'NONE',  #59 ) ;
#1254 = ORIENTED_EDGE ( 'NONE', *, *, #371, .F. ) ;
#1255 = DIRECTION ( 'NONE',  ( 0.000000000000000000, -0.7071067811865426878, 0.7071067811865522357 ) ) ;
#1256 = CARTESIAN_POINT ( 'NONE',  ( -0.3266666666666670493, -0.6933333333333331350, -0.01171572875253819312 ) ) ;
#1257 = AXIS2_PLACEMENT_3D ( 'NONE', #1340, #1485, #62 ) ;
#1258 = UNCERTAINTY_MEASURE_WITH_UNIT (LENGTH_MEASURE( 1.000000000000000082E-05 ), #130, 'distance_accuracy_value', 'NONE');
#1259 = ADVANCED_FACE ( 'NONE', ( #1729 ), #757, .T. ) ;
#1260 = COLOUR_RGB ( '',0.2509803921568627416, 0.2509803921568627416, 0.2509803921568627416 ) ;
#1261 = CARTESIAN_POINT ( 'NONE',  ( 0.2034314575050766849, -2.757010352236210045E-17, -0.04000000000000000777 ) ) ;
#1262 = EDGE_CURVE ( 'NONE', #1531, #1310, #1071, .T. ) ;
#1263 = LINE ( 'NONE', #623, #1226 ) ;
#1264 = DIRECTION ( 'NONE',  ( 0.000000000000000000, -0.000000000000000000, -1.000000000000000000 ) ) ;
#1265 = ORIENTED_EDGE ( 'NONE', *, *, #1647, .F. ) ;
#1266 = CARTESIAN_POINT ( 'NONE',  ( -0.2649484440794679374, -0.7999999999999998224, 0.000000000000000000 ) ) ;
#1267 = ORIENTED_EDGE ( 'NONE', *, *, #1647, .T. ) ;
#1268 = CARTESIAN_POINT ( 'NONE',  ( 0.3280257429888885357, 0.7888040649557936934, -0.01119593504420607864 ) ) ;
#1269 = ADVANCED_FACE ( 'NONE', ( #2012 ), #560, .T. ) ;
#1270 = DIRECTION ( 'NONE',  ( 1.000000000000000000, 0.000000000000000000, 0.000000000000000000 ) ) ;
#1271 = CARTESIAN_POINT ( 'NONE',  ( 0.000000000000000000, 0.000000000000000000, 0.7600000000000000089 ) ) ;
#1272 = DIRECTION ( 'NONE',  ( 0.000000000000000000, -1.000000000000000000, 0.000000000000000000 ) ) ;
#1273 = ORIENTED_EDGE ( 'NONE', *, *, #192, .F. ) ;
#1274 = FACE_OUTER_BOUND ( 'NONE', #1361, .T. ) ;
#1275 = EDGE_CURVE ( 'NONE', #415, #1224, #1395, .T. ) ;
#1276 = ORIENTED_EDGE ( 'NONE', *, *, #2050, .T. ) ;
#1277 = DIRECTION ( 'NONE',  ( 1.355252715606880789E-16, 1.000000000000000000, 0.000000000000000000 ) ) ;
#1278 = CARTESIAN_POINT ( 'NONE',  ( 0.3266666666666669383, 0.7882842712474615876, -0.01171572875253821568 ) ) ;
#1279 = ADVANCED_FACE ( 'NONE', ( #1215 ), #1697, .F. ) ;
#1280 = CIRCLE ( 'NONE', #601, 0.06666666666666669350 ) ;
#1281 = AXIS2_PLACEMENT_3D ( 'NONE', #1763, #1291, #972 ) ;
#1282 = CIRCLE ( 'NONE', #104, 0.06666666666666669350 ) ;
#1283 = CARTESIAN_POINT ( 'NONE',  ( 0.000000000000000000, 0.000000000000000000, 0.000000000000000000 ) ) ;
#1284 = SHAPE_REPRESENTATION ( 'pin_\X2\9ed88ba4\X0\', ( #818 ), #1016 ) ;
#1285 = ORIENTED_EDGE ( 'NONE', *, *, #194, .T. ) ;
#1286 = CARTESIAN_POINT ( 'NONE',  ( -0.2833333333333335480, 0.7600000000000003419, 0.000000000000000000 ) ) ;
#1287 = ORIENTED_EDGE ( 'NONE', *, *, #2050, .F. ) ;
#1288 = DIRECTION ( 'NONE',  ( 0.000000000000000000, 0.000000000000000000, -1.000000000000000000 ) ) ;
#1289 = ORIENTED_EDGE ( 'NONE', *, *, #1476, .T. ) ;
#1290 = FACE_OUTER_BOUND ( 'NONE', #1298, .T. ) ;
#1291 = DIRECTION ( 'NONE',  ( -0.000000000000000000, 0.000000000000000000, 1.000000000000000000 ) ) ;
#1292 = AXIS2_PLACEMENT_3D ( 'NONE', #1283, #483, #1121 ) ;
#1293 = AXIS2_PLACEMENT_3D ( 'NONE', #1490, #1672, #2001 ) ;
#1294 = SHAPE_DEFINITION_REPRESENTATION ( #335, #1284 ) ;
#1295 = CARTESIAN_POINT ( 'NONE',  ( 0.3883848892538656061, -0.7999999999999998224, 5.488773498207867183E-16 ) ) ;
#1296 = VERTEX_POINT ( 'NONE', #1707 ) ;
#1297 = DIRECTION ( 'NONE',  ( 0.000000000000000000, 0.7071067811865495711, -0.7071067811865455743 ) ) ;
#1298 = EDGE_LOOP ( 'NONE', ( #882, #589, #1892, #261 ) ) ;
#1299 = DIRECTION ( 'NONE',  ( 1.000000000000000000, 0.000000000000000000, 0.000000000000000000 ) ) ;
#1300 = LINE ( 'NONE', #815, #1210 ) ;
#1301 = PRODUCT_DEFINITION_CONTEXT ( 'detailed design', #1875, 'design' ) ;
#1302 = EDGE_CURVE ( 'NONE', #1443, #1972, #581, .T. ) ;
#1303 = CARTESIAN_POINT ( 'NONE',  ( -0.3500000000000001998, 0.6933333333333336901, 0.000000000000000000 ) ) ;
#1304 = EDGE_CURVE ( 'NONE', #288, #1831, #1280, .T. ) ;
#1305 = EDGE_CURVE ( 'NONE', #463, #1331, #1201, .T. ) ;
#1306 = DIRECTION ( 'NONE',  ( -0.7071067811865415775, 0.000000000000000000, 0.7071067811865535679 ) ) ;
#1307 = DIRECTION ( 'NONE',  ( -0.000000000000000000, 0.000000000000000000, 1.000000000000000000 ) ) ;
#1308 = ORIENTED_EDGE ( 'NONE', *, *, #211, .F. ) ;
#1309 = CARTESIAN_POINT ( 'NONE',  ( -0.8933333333333333126, 0.6933333333333335791, 0.7600000000000000089 ) ) ;
#1310 = VERTEX_POINT ( 'NONE', #1373 ) ;
#1311 = DIRECTION ( 'NONE',  ( 1.000000000000000000, 0.000000000000000000, 0.000000000000000000 ) ) ;
#1312 = CARTESIAN_POINT ( 'NONE',  ( 0.2599999999999998979, -0.6933333333333332460, -0.04000000000000000083 ) ) ;
#1313 = CARTESIAN_POINT ( 'NONE',  ( -0.3266666666666668273, 0.6933333333333335791, 0.000000000000000000 ) ) ;
#1314 = VECTOR ( 'NONE', #1718, 1000.000000000000000 ) ;
#1315 = VECTOR ( 'NONE', #332, 1000.000000000000114 ) ;
#1316 = AXIS2_PLACEMENT_3D ( 'NONE', #761, #1272, #1240 ) ;
#1317 = CARTESIAN_POINT ( 'NONE',  ( 0.8933333333333332016, -0.7999999999999998224, 5.488773498207867183E-16 ) ) ;
#1318 = CARTESIAN_POINT ( 'NONE',  ( 0.9599999999999997424, 0.000000000000000000, -0.04000000000000000083 ) ) ;
#1319 = VECTOR ( 'NONE', #1502, 1000.000000000000000 ) ;
#1320 = ORIENTED_EDGE ( 'NONE', *, *, #1178, .F. ) ;
#1321 = CARTESIAN_POINT ( 'NONE',  ( 0.3266666666666666052, -0.6933333333333332460, -0.04000000000000000083 ) ) ;
#1322 = ORIENTED_EDGE ( 'NONE', *, *, #1032, .F. ) ;
#1323 = DIRECTION ( 'NONE',  ( 1.000000000000000000, 0.000000000000000000, 0.000000000000000000 ) ) ;
#1324 = DIRECTION ( 'NONE',  ( 0.000000000000000000, -0.000000000000000000, -1.000000000000000000 ) ) ;
#1325 = EDGE_CURVE ( 'NONE', #1207, #2066, #114, .T. ) ;
#1326 = VECTOR ( 'NONE', #1770, 1000.000000000000114 ) ;
#1327 = EDGE_CURVE ( 'NONE', #1686, #2066, #100, .T. ) ;
#1328 = CARTESIAN_POINT ( 'NONE',  ( -0.3273475906106255162, 0.7885423228445660460, -0.01145767715543368100 ) ) ;
#1329 = CARTESIAN_POINT ( 'NONE',  ( 0.8933333333333330906, -0.7599999999999997868, 0.000000000000000000 ) ) ;
#1330 = VECTOR ( 'NONE', #1441, 1000.000000000000000 ) ;
#1331 = VERTEX_POINT ( 'NONE', #408 ) ;
#1332 = DIRECTION ( 'NONE',  ( 0.000000000000000000, -0.000000000000000000, -1.000000000000000000 ) ) ;
#1333 = EDGE_LOOP ( 'NONE', ( #634, #1912, #1369, #1434 ) ) ;
#1334 = DIRECTION ( 'NONE',  ( 0.000000000000000000, -0.000000000000000000, -1.000000000000000000 ) ) ;
#1335 = EDGE_CURVE ( 'NONE', #1937, #1727, #1041, .T. ) ;
#1336 = CARTESIAN_POINT ( 'NONE',  ( -0.8933333333333328685, -0.7999999999999998224, 0.7600000000000000089 ) ) ;
#1337 = EDGE_CURVE ( 'NONE', #32, #207, #782, .T. ) ;
#1338 = DIRECTION ( 'NONE',  ( 1.000000000000000000, 0.000000000000000000, 0.000000000000000000 ) ) ;
#1339 = DIRECTION ( 'NONE',  ( 0.000000000000000000, 0.000000000000000000, 1.000000000000000000 ) ) ;
#1340 = CARTESIAN_POINT ( 'NONE',  ( 0.8933333333333333126, -0.6933333333333332460, -0.03999999999999999389 ) ) ;
#1341 = ORIENTED_EDGE ( 'NONE', *, *, #640, .T. ) ;
#1342 = DIRECTION ( 'NONE',  ( 1.000000000000000000, 0.000000000000000000, 0.000000000000000000 ) ) ;
#1343 = VERTEX_POINT ( 'NONE', #1440 ) ;
#1344 = DIRECTION ( 'NONE',  ( 1.355252715606880789E-16, 1.000000000000000000, 0.000000000000000000 ) ) ;
#1345 = ADVANCED_FACE ( 'NONE', ( #981 ), #1430, .F. ) ;
#1346 = CARTESIAN_POINT ( 'NONE',  ( -0.8933333333333333126, 0.8000000000000002665, 5.488773498207867183E-16 ) ) ;
#1347 =( REPRESENTATION_RELATIONSHIP ('NONE','NONE', #1709, #1284 ) REPRESENTATION_RELATIONSHIP_WITH_TRANSFORMATION ( #1794 )SHAPE_REPRESENTATION_RELATIONSHIP( ) );
#1348 = CIRCLE ( 'NONE', #1034, 0.1232352091615899758 ) ;
#1349 = DIRECTION ( 'NONE',  ( 0.000000000000000000, 1.000000000000000000, 0.000000000000000000 ) ) ;
#1350 = CARTESIAN_POINT ( 'NONE',  ( 0.3266666666666667163, 0.7600000000000002309, -0.04000000000000000083 ) ) ;
#1351 = ORIENTED_EDGE ( 'NONE', *, *, #441, .T. ) ;
#1352 = CARTESIAN_POINT ( 'NONE',  ( -0.3280257429888886467, -0.7888040649557932493, -0.01119593504420607864 ) ) ;
#1353 = ORIENTED_EDGE ( 'NONE', *, *, #14, .T. ) ;
#1354 = CARTESIAN_POINT ( 'NONE',  ( 0.3350071530225771643, 0.8000000000000002665, -0.004745449178025424805 ) ) ;
#1355 = CIRCLE ( 'NONE', #945, 0.1066666666666665902 ) ;
#1356 = VECTOR ( 'NONE', #1722, 1000.000000000000000 ) ;
#1357 = DIRECTION ( 'NONE',  ( 1.000000000000000000, -1.355252715606881036E-16, 0.000000000000000000 ) ) ;
#1358 = CARTESIAN_POINT ( 'NONE',  ( 0.8933333333333333126, -0.7999999999999998224, 5.488773498207867183E-16 ) ) ;
#1359 =( LENGTH_UNIT ( ) NAMED_UNIT ( * ) SI_UNIT ( .MILLI., .METRE. ) );
#1360 = AXIS2_PLACEMENT_3D ( 'NONE', #1155, #995, #858 ) ;
#1361 = EDGE_LOOP ( 'NONE', ( #277, #171, #536, #1696 ) ) ;
#1362 = CARTESIAN_POINT ( 'NONE',  ( -0.8933333333333333126, 0.7600000000000002309, 0.000000000000000000 ) ) ;
#1363 = ORIENTED_EDGE ( 'NONE', *, *, #522, .T. ) ;
#1364 = FACE_OUTER_BOUND ( 'NONE', #1820, .T. ) ;
#1365 = ORIENTED_EDGE ( 'NONE', *, *, #1396, .T. ) ;
#1366 = DIRECTION ( 'NONE',  ( -1.355252715606880789E-16, -1.000000000000000000, 0.000000000000000000 ) ) ;
#1367 = ADVANCED_FACE ( 'NONE', ( #1898 ), #951, .F. ) ;
#1368 = CARTESIAN_POINT ( 'NONE',  ( 0.3280257429888904785, -0.7888040649557903627, -0.01119593504420896002 ) ) ;
#1369 = ORIENTED_EDGE ( 'NONE', *, *, #952, .T. ) ;
#1370 = CARTESIAN_POINT ( 'NONE',  ( 0.8933333333333330906, -0.7599999999999997868, -0.04000000000000000083 ) ) ;
#1371 = VERTEX_POINT ( 'NONE', #936 ) ;
#1372 = ORIENTED_EDGE ( 'NONE', *, *, #991, .T. ) ;
#1373 = CARTESIAN_POINT ( 'NONE',  ( 0.3266666666666666052, -0.7599999999999997868, -0.04000000000000000083 ) ) ;
#1374 = CIRCLE ( 'NONE', #1406, 0.09495093791412803630 ) ;
#1375 = CARTESIAN_POINT ( 'NONE',  ( -0.3266666666666668273, 0.6933333333333335791, -0.04000000000000000083 ) ) ;
#1376 =( LENGTH_UNIT ( ) NAMED_UNIT ( * ) SI_UNIT ( .MILLI., .METRE. ) );
#1377 = AXIS2_PLACEMENT_3D ( 'NONE', #1479, #48, #1834 ) ;
#1378 = ORIENTED_EDGE ( 'NONE', *, *, #1985, .F. ) ;
#1379 = DIRECTION ( 'NONE',  ( 0.000000000000000000, 0.000000000000000000, 1.000000000000000000 ) ) ;
#1380 = EDGE_LOOP ( 'NONE', ( #1079, #1220, #1028, #655 ) ) ;
#1381 = CARTESIAN_POINT ( 'NONE',  ( 0.2833333333333332704, -0.7599999999999996758, 0.04000000000000000083 ) ) ;
#1382 = CIRCLE ( 'NONE', #1751, 0.06666666666666669350 ) ;
#1383 = VERTEX_POINT ( 'NONE', #1599 ) ;
#1384 = DIRECTION ( 'NONE',  ( -0.000000000000000000, 0.000000000000000000, -1.000000000000000000 ) ) ;
#1385 = EDGE_CURVE ( 'NONE', #518, #459, #1521, .T. ) ;
#1386 = LINE ( 'NONE', #1868, #1319 ) ;
#1387 = LINE ( 'NONE', #908, #1118 ) ;
#1388 = VERTEX_POINT ( 'NONE', #1448 ) ;
#1389 = DIRECTION ( 'NONE',  ( 0.7071067811865426878, 0.000000000000000000, -0.7071067811865522357 ) ) ;
#1390 = VERTEX_POINT ( 'NONE', #1130 ) ;
#1391 = VECTOR ( 'NONE', #1471, 1000.000000000000114 ) ;
#1392 = FACE_OUTER_BOUND ( 'NONE', #2037, .T. ) ;
#1393 = VECTOR ( 'NONE', #111, 1000.000000000000000 ) ;
#1394 = ORIENTED_EDGE ( 'NONE', *, *, #250, .F. ) ;
#1395 = LINE ( 'NONE', #885, #102 ) ;
#1396 = EDGE_CURVE ( 'NONE', #608, #1, #1606, .T. ) ;
#1397 = CARTESIAN_POINT ( 'NONE',  ( 0.3266666666666666052, -0.6933333333333332460, 0.000000000000000000 ) ) ;
#1398 = DIRECTION ( 'NONE',  ( 1.000000000000000000, 0.000000000000000000, 0.000000000000000000 ) ) ;
#1399 = ADVANCED_FACE ( 'NONE', ( #324 ), #1648, .T. ) ;
#1400 = ORIENTED_EDGE ( 'NONE', *, *, #1554, .T. ) ;
#1401 = DIRECTION ( 'NONE',  ( -1.000000000000000000, 1.355252715606881036E-16, 0.000000000000000000 ) ) ;
#1402 = ORIENTED_EDGE ( 'NONE', *, *, #8, .T. ) ;
#1403 = LINE ( 'NONE', #280, #953 ) ;
#1404 = ORIENTED_EDGE ( 'NONE', *, *, #660, .T. ) ;
#1405 = DIRECTION ( 'NONE',  ( 1.000000000000000000, -1.355252715606881036E-16, 0.000000000000000000 ) ) ;
#1406 = AXIS2_PLACEMENT_3D ( 'NONE', #1731, #758, #284 ) ;
#1407 = DIRECTION ( 'NONE',  ( -0.000000000000000000, 0.000000000000000000, 1.000000000000000000 ) ) ;
#1408 = SURFACE_STYLE_FILL_AREA ( #326 ) ;
#1409 = CARTESIAN_POINT ( 'NONE',  ( -0.3266666666666669938, -0.7599999999999998979, -0.04000000000000000083 ) ) ;
#1410 = LINE ( 'NONE', #485, #540 ) ;
#1411 = EDGE_LOOP ( 'NONE', ( #448, #752, #1229, #239 ) ) ;
#1412 = PLANE ( 'NONE',  #319 ) ;
#1413 = CIRCLE ( 'NONE', #440, 0.09495093791412798079 ) ;
#1414 = EDGE_CURVE ( 'NONE', #417, #608, #274, .T. ) ;
#1415 = EDGE_LOOP ( 'NONE', ( #787, #1233, #1134, #956 ) ) ;
#1416 = AXIS2_PLACEMENT_3D ( 'NONE', #249, #1405, #2046 ) ;
#1417 = LINE ( 'NONE', #609, #784 ) ;
#1418 = DIRECTION ( 'NONE',  ( -0.000000000000000000, 0.000000000000000000, -1.000000000000000000 ) ) ;
#1419 = AXIS2_PLACEMENT_3D ( 'NONE', #1375, #243, #552 ) ;
#1420 = AXIS2_PLACEMENT_3D ( 'NONE', #1498, #1488, #843 ) ;
#1421 = VECTOR ( 'NONE', #820, 1000.000000000000000 ) ;
#1422 = CARTESIAN_POINT ( 'NONE',  ( 0.3266666666666666052, -0.6933333333333331350, -0.04000000000000000083 ) ) ;
#1423 = DIRECTION ( 'NONE',  ( 0.000000000000000000, 0.000000000000000000, 1.000000000000000000 ) ) ;
#1424 = CARTESIAN_POINT ( 'NONE',  ( 0.8933333333333332016, -0.7679999999999999050, 0.7600000000000000089 ) ) ;
#1425 = LINE ( 'NONE', #296, #575 ) ;
#1426 = ORIENTED_EDGE ( 'NONE', *, *, #1650, .T. ) ;
#1427 = DIRECTION ( 'NONE',  ( 1.000000000000000000, 0.000000000000000000, 0.000000000000000000 ) ) ;
#1428 = ORIENTED_EDGE ( 'NONE', *, *, #1009, .T. ) ;
#1429 = DIRECTION ( 'NONE',  ( 0.000000000000000000, -0.000000000000000000, -1.000000000000000000 ) ) ;
#1430 = PLANE ( 'NONE',  #1917 ) ;
#1431 = TOROIDAL_SURFACE ( 'NONE', #524, 0.1232352091615899758, 0.04000000000000000083 ) ;
#1432 = EDGE_CURVE ( 'NONE', #498, #1051, #312, .T. ) ;
#1433 = EDGE_CURVE ( 'NONE', #162, #490, #639, .T. ) ;
#1434 = ORIENTED_EDGE ( 'NONE', *, *, #371, .T. ) ;
#1435 = DIRECTION ( 'NONE',  ( 1.000000000000000000, 0.000000000000000000, 0.000000000000000000 ) ) ;
#1436 = VERTEX_POINT ( 'NONE', #1116 ) ;
#1437 = FACE_OUTER_BOUND ( 'NONE', #1252, .T. ) ;
#1438 = ORIENTED_EDGE ( 'NONE', *, *, #1262, .F. ) ;
#1439 = DIRECTION ( 'NONE',  ( 0.000000000000000000, 0.7071067811865495711, -0.7071067811865455743 ) ) ;
#1440 = CARTESIAN_POINT ( 'NONE',  ( -0.8933333333333333126, 0.8000000000000002665, 0.7279999999999996474 ) ) ;
#1441 = DIRECTION ( 'NONE',  ( -0.000000000000000000, -0.000000000000000000, 1.000000000000000000 ) ) ;
#1442 = DIRECTION ( 'NONE',  ( 1.000000000000000000, 0.000000000000000000, 0.000000000000000000 ) ) ;
#1443 = VERTEX_POINT ( 'NONE', #1136 ) ;
#1444 = CARTESIAN_POINT ( 'NONE',  ( -0.2939071305866124417, -0.7999999999999998224, -0.001934003181889780258 ) ) ;
#1445 = B_SPLINE_CURVE_WITH_KNOTS ( 'NONE', 3,
 ( #1044, #1025, #1519, #1669, #1857, #254, #543 ),
 .UNSPECIFIED., .F., .F.,
 ( 4, 3, 4 ),
 ( 0.000000000000000000, 8.005343119266543632E-05, 0.0001233492103211179987 ),
 .UNSPECIFIED. ) ;
#1446 = EDGE_LOOP ( 'NONE', ( #188, #329, #809, #107 ) ) ;
#1447 = FACE_OUTER_BOUND ( 'NONE', #1209, .T. ) ;
#1448 = CARTESIAN_POINT ( 'NONE',  ( 0.8933333333333332016, -0.7999999999999998224, 5.421010862427522170E-16 ) ) ;
#1449 = CIRCLE ( 'NONE', #1138, 0.07466666666666678387 ) ;
#1450 = AXIS2_PLACEMENT_3D ( 'NONE', #605, #287, #328 ) ;
#1451 = EDGE_CURVE ( 'NONE', #1070, #996, #148, .T. ) ;
#1452 = ORIENTED_EDGE ( 'NONE', *, *, #194, .F. ) ;
#1453 = DIRECTION ( 'NONE',  ( -1.000000000000000000, 0.000000000000000000, 0.000000000000000000 ) ) ;
#1454 = ORIENTED_EDGE ( 'NONE', *, *, #1673, .F. ) ;
#1455 = CARTESIAN_POINT ( 'NONE',  ( -0.3500000000000001998, 0.6933333333333336901, 0.04000000000000000083 ) ) ;
#1456 = EDGE_LOOP ( 'NONE', ( #1285, #1472, #316, #670 ) ) ;
#1457 = CARTESIAN_POINT ( 'NONE',  ( 0.3266666666666669383, 0.6933333333333335791, -0.04000000000000000083 ) ) ;
#1458 = DIRECTION ( 'NONE',  ( -1.000000000000000000, -0.000000000000000000, -0.000000000000000000 ) ) ;
#1459 = EDGE_CURVE ( 'NONE', #1331, #1905, #103, .T. ) ;
#1460 = CARTESIAN_POINT ( 'NONE',  ( -0.8933333333333333126, 0.6933333333333335791, 0.7279999999999996474 ) ) ;
#1461 = AXIS2_PLACEMENT_3D ( 'NONE', #206, #656, #1503 ) ;
#1462 = EDGE_CURVE ( 'NONE', #1533, #1383, #1614, .T. ) ;
#1463 = CARTESIAN_POINT ( 'NONE',  ( 0.8933333333333333126, -0.6933333333333332460, 0.7600000000000000089 ) ) ;
#1464 = ORIENTED_EDGE ( 'NONE', *, *, #92, .T. ) ;
#1465 = CARTESIAN_POINT ( 'NONE',  ( 1.000000000000000000, 0.6933333333333335791, 0.7600000000000000089 ) ) ;
#1466 = ORIENTED_EDGE ( 'NONE', *, *, #2003, .T. ) ;
#1467 = DIRECTION ( 'NONE',  ( -1.000000000000000000, 0.000000000000000000, 0.000000000000000000 ) ) ;
#1468 = DIRECTION ( 'NONE',  ( -1.000000000000000000, 0.000000000000000000, 0.000000000000000000 ) ) ;
#1469 = CARTESIAN_POINT ( 'NONE',  ( 0.3499999999999998668, -0.6933333333333328019, 0.000000000000000000 ) ) ;
#1470 = PLANE ( 'NONE',  #2061 ) ;
#1471 = DIRECTION ( 'NONE',  ( -0.7071067811865455743, 0.000000000000000000, 0.7071067811865495711 ) ) ;
#1472 = ORIENTED_EDGE ( 'NONE', *, *, #1305, .F. ) ;
#1473 = DIRECTION ( 'NONE',  ( 0.000000000000000000, 0.7071067811865454633, 0.7071067811865495711 ) ) ;
#1474 = ORIENTED_EDGE ( 'NONE', *, *, #1803, .F. ) ;
#1475 = CARTESIAN_POINT ( 'NONE',  ( -0.3266666666666668273, 0.8000000000000002665, 5.457300051443267313E-16 ) ) ;
#1476 = EDGE_CURVE ( 'NONE', #1207, #1051, #461, .T. ) ;
#1477 = PRODUCT ( 'pin_\X2\9ed88ba4\X0\', 'pin_\X2\9ed88ba4\X0\', '', ( #783 ) ) ;
#1478 = APPLICATION_CONTEXT ( 'automotive_design' ) ;
#1479 = CARTESIAN_POINT ( 'NONE',  ( -0.3266666666666670493, -0.6933333333333331350, -0.03999999999999999389 ) ) ;
#1480 = EDGE_CURVE ( 'NONE', #1693, #1499, #1300, .T. ) ;
#1481 = VECTOR ( 'NONE', #1418, 1000.000000000000000 ) ;
#1482 = AXIS2_PLACEMENT_3D ( 'NONE', #967, #1401, #2042 ) ;
#1483 =( LENGTH_UNIT ( ) NAMED_UNIT ( * ) SI_UNIT ( .MILLI., .METRE. ) );
#1484 = CARTESIAN_POINT ( 'NONE',  ( 0.3495477111507338530, -0.7953874039371092719, -0.004612596062889994485 ) ) ;
#1485 = DIRECTION ( 'NONE',  ( 0.000000000000000000, 0.000000000000000000, 1.000000000000000000 ) ) ;
#1486 = EDGE_CURVE ( 'NONE', #1948, #1177, #2059, .T. ) ;
#1487 = ORIENTED_EDGE ( 'NONE', *, *, #572, .F. ) ;
#1488 = DIRECTION ( 'NONE',  ( 0.000000000000000000, -0.000000000000000000, -1.000000000000000000 ) ) ;
#1489 = VERTEX_POINT ( 'NONE', #1008 ) ;
#1490 = CARTESIAN_POINT ( 'NONE',  ( -0.2833333333333334370, -0.6933333333333330240, 0.000000000000000000 ) ) ;
#1491 = PLANE ( 'NONE',  #1712 ) ;
#1492 = AXIS2_PLACEMENT_3D ( 'NONE', #1090, #309, #1736 ) ;
#1493 = ADVANCED_FACE ( 'NONE', ( #700 ), #46, .T. ) ;
#1494 = LINE ( 'NONE', #1968, #1421 ) ;
#1495 = DIRECTION ( 'NONE',  ( -1.000000000000000000, 0.000000000000000000, 0.000000000000000000 ) ) ;
#1496 = EDGE_CURVE ( 'NONE', #459, #169, #1626, .T. ) ;
#1497 = ORIENTED_EDGE ( 'NONE', *, *, #1556, .F. ) ;
#1498 = CARTESIAN_POINT ( 'NONE',  ( 0.3266666666666666052, -0.6933333333333332460, -0.01171572875253819312 ) ) ;
#1499 = VERTEX_POINT ( 'NONE', #1181 ) ;
#1500 = FACE_OUTER_BOUND ( 'NONE', #1089, .T. ) ;
#1501 = CARTESIAN_POINT ( 'NONE',  ( -0.9600000000000001865, 1.301042606982605814E-16, -0.04000000000000000083 ) ) ;
#1502 = DIRECTION ( 'NONE',  ( 1.069936354426484418E-16, -1.000000000000000000, 0.000000000000000000 ) ) ;
#1503 = DIRECTION ( 'NONE',  ( 1.000000000000000000, 0.000000000000000000, 0.000000000000000000 ) ) ;
#1504 = ORIENTED_EDGE ( 'NONE', *, *, #1538, .F. ) ;
#1505 = CARTESIAN_POINT ( 'NONE',  ( -1.000000000000000000, 0.6933333333333335791, 0.7279999999999996474 ) ) ;
#1506 = CARTESIAN_POINT ( 'NONE',  ( -1.056402116780748163E-16, -0.7599999999999998979, 0.000000000000000000 ) ) ;
#1507 = LINE ( 'NONE', #523, #179 ) ;
#1508 = VECTOR ( 'NONE', #745, 1000.000000000000000 ) ;
#1509 = CARTESIAN_POINT ( 'NONE',  ( -0.3500000000000000333, -0.6933333333333330240, 0.000000000000000000 ) ) ;
#1510 = LINE ( 'NONE', #1711, #57 ) ;
#1511 = VERTEX_POINT ( 'NONE', #388 ) ;
#1512 = DIRECTION ( 'NONE',  ( -0.000000000000000000, 0.000000000000000000, 1.000000000000000000 ) ) ;
#1513 = DIRECTION ( 'NONE',  ( 1.355252715606880789E-16, 1.000000000000000000, 0.000000000000000000 ) ) ;
#1514 = CIRCLE ( 'NONE', #150, 0.1066666666666666874 ) ;
#1515 = DIRECTION ( 'NONE',  ( 1.000000000000000000, 0.000000000000000000, 0.000000000000000000 ) ) ;
#1516 = EDGE_CURVE ( 'NONE', #1972, #1869, #770, .T. ) ;
#1517 = EDGE_CURVE ( 'NONE', #979, #555, #1105, .T. ) ;
#1518 = ADVANCED_FACE ( 'NONE', ( #1833 ), #853, .F. ) ;
#1519 = CARTESIAN_POINT ( 'NONE',  ( -0.3183261803107562127, 0.8000000000000002665, -0.004745449178025443887 ) ) ;
#1520 =( GEOMETRIC_REPRESENTATION_CONTEXT ( 3 ) GLOBAL_UNCERTAINTY_ASSIGNED_CONTEXT ( ( #29 ) ) GLOBAL_UNIT_ASSIGNED_CONTEXT ( ( #1359, #715, #423 ) ) REPRESENTATION_CONTEXT ( 'NONE', 'WORKASPACE' ) );
#1521 = B_SPLINE_CURVE_WITH_KNOTS ( 'NONE', 3,
 ( #1278, #1779, #1268, #1907, #1752, #500, #1941, #801, #610, #1623 ),
 .UNSPECIFIED., .F., .F.,
 ( 4, 3, 3, 4 ),
 ( -2.317660035236771792E-06, 0.000000000000000000, 2.267918714597705749E-05, 6.241946209848482944E-05 ),
 .UNSPECIFIED. ) ;
#1522 = ORIENTED_EDGE ( 'NONE', *, *, #211, .T. ) ;
#1523 = CARTESIAN_POINT ( 'NONE',  ( -0.3752578243881719011, -0.7999999999999998224, 5.177439917832235070E-16 ) ) ;
#1524 = ORIENTED_EDGE ( 'NONE', *, *, #1708, .T. ) ;
#1525 = LINE ( 'NONE', #1872, #160 ) ;
#1526 = COLOUR_RGB ( '',0.8980392156862745390, 0.9215686274509803377, 0.9294117647058823817 ) ;
#1527 = ORIENTED_EDGE ( 'NONE', *, *, #1433, .F. ) ;
#1528 = CARTESIAN_POINT ( 'NONE',  ( 0.3266666666666667718, 0.7600000000000002309, -0.04000000000000000083 ) ) ;
#1529 = DIRECTION ( 'NONE',  ( 0.000000000000000000, -0.000000000000000000, 1.000000000000000000 ) ) ;
#1530 = CARTESIAN_POINT ( 'NONE',  ( 0.3883848892538656061, -0.7999999999999998224, 5.488773498207867183E-16 ) ) ;
#1531 = VERTEX_POINT ( 'NONE', #1312 ) ;
#1532 = PLANE ( 'NONE',  #631 ) ;
#1533 = VERTEX_POINT ( 'NONE', #1962 ) ;
#1534 = CARTESIAN_POINT ( 'NONE',  ( -0.3883848892538657172, -0.7999999999999998224, 5.488773498207867183E-16 ) ) ;
#1535 = ORIENTED_EDGE ( 'NONE', *, *, #1327, .T. ) ;
#1536 = EDGE_CURVE ( 'NONE', #1177, #2057, #203, .T. ) ;
#1537 = DIRECTION ( 'NONE',  ( 0.000000000000000000, -0.000000000000000000, -1.000000000000000000 ) ) ;
#1538 = EDGE_CURVE ( 'NONE', #2032, #288, #56, .T. ) ;
#1539 = DIRECTION ( 'NONE',  ( -2.710505431213761085E-16, 1.000000000000000000, 0.000000000000000000 ) ) ;
#1540 = CARTESIAN_POINT ( 'NONE',  ( -0.3266666666666669938, -0.7599999999999998979, 0.000000000000000000 ) ) ;
#1541 = VECTOR ( 'NONE', #1366, 1000.000000000000000 ) ;
#1542 = ORIENTED_EDGE ( 'NONE', *, *, #77, .T. ) ;
#1543 = LINE ( 'NONE', #266, #1815 ) ;
#1544 = ORIENTED_EDGE ( 'NONE', *, *, #1414, .F. ) ;
#1545 = VECTOR ( 'NONE', #862, 1000.000000000000000 ) ;
#1546 = CARTESIAN_POINT ( 'NONE',  ( 0.2600000000000001199, 0.8000000000000002665, -0.04000000000000000083 ) ) ;
#1547 = TOROIDAL_SURFACE ( 'NONE', #1011, 0.1232352091615900036, 0.04000000000000000083 ) ;
#1548 = ADVANCED_FACE ( 'NONE', ( #1500 ), #65, .T. ) ;
#1549 = EDGE_LOOP ( 'NONE', ( #920, #1035, #1497, #1579 ) ) ;
#1550 = EDGE_CURVE ( 'NONE', #1388, #490, #1951, .T. ) ;
#1551 = CARTESIAN_POINT ( 'NONE',  ( -0.8933333333333333126, 0.7680000000000003491, 0.7600000000000000089 ) ) ;
#1552 = VECTOR ( 'NONE', #851, 1000.000000000000000 ) ;
#1553 = VECTOR ( 'NONE', #654, 1000.000000000000000 ) ;
#1554 = EDGE_CURVE ( 'NONE', #1114, #146, #1656, .T. ) ;
#1555 = CARTESIAN_POINT ( 'NONE',  ( 0.3266666666666669383, 0.6933333333333335791, -0.01171572875253819312 ) ) ;
#1556 = EDGE_CURVE ( 'NONE', #1972, #518, #990, .T. ) ;
#1557 = ORIENTED_EDGE ( 'NONE', *, *, #675, .F. ) ;
#1558 = CARTESIAN_POINT ( 'NONE',  ( -0.3266666666666670493, -0.7882842712474611435, -0.01171572875253820874 ) ) ;
#1559 = ORIENTED_EDGE ( 'NONE', *, *, #1432, .T. ) ;
#1560 = AXIS2_PLACEMENT_3D ( 'NONE', #822, #497, #1133 ) ;
#1561 = FACE_OUTER_BOUND ( 'NONE', #1200, .T. ) ;
#1562 = AXIS2_PLACEMENT_3D ( 'NONE', #1881, #598, #403 ) ;
#1563 = EDGE_LOOP ( 'NONE', ( #438, #565, #310, #2007 ) ) ;
#1564 = CARTESIAN_POINT ( 'NONE',  ( -0.2833333333333334370, -0.6933333333333330240, 0.04000000000000000083 ) ) ;
#1565 = AXIS2_PLACEMENT_3D ( 'NONE', #528, #1332, #1311 ) ;
#1566 = CARTESIAN_POINT ( 'NONE',  ( -0.3500000000000001998, 0.7600000000000003419, 0.04000000000000000083 ) ) ;
#1567 =( NAMED_UNIT ( * ) PLANE_ANGLE_UNIT ( ) SI_UNIT ( $, .RADIAN. ) );
#1568 = AXIS2_PLACEMENT_3D ( 'NONE', #1397, #1407, #661 ) ;
#1569 = LINE ( 'NONE', #942, #325 ) ;
#1570 = CARTESIAN_POINT ( 'NONE',  ( -0.3266666666666670493, -0.7882842712474611435, -0.01171572875253820874 ) ) ;
#1571 = VERTEX_POINT ( 'NONE', #190 ) ;
#1572 = CARTESIAN_POINT ( 'NONE',  ( 1.000000000000000000, 0.7600000000000002309, -0.04000000000000000083 ) ) ;
#1573 = EDGE_LOOP ( 'NONE', ( #1006, #1190, #1320, #402 ) ) ;
#1574 = CARTESIAN_POINT ( 'NONE',  ( -0.9600000000000001865, -0.6933333333333331350, -0.04000000000000000083 ) ) ;
#1575 = DIRECTION ( 'NONE',  ( 1.000000000000000000, 0.000000000000000000, 0.000000000000000000 ) ) ;
#1576 = CIRCLE ( 'NONE', #1908, 0.07466666666666678387 ) ;
#1577 = FACE_OUTER_BOUND ( 'NONE', #365, .T. ) ;
#1578 =( NAMED_UNIT ( * ) SI_UNIT ( $, .STERADIAN. ) SOLID_ANGLE_UNIT ( ) );
#1579 = ORIENTED_EDGE ( 'NONE', *, *, #1516, .T. ) ;
#1580 = DIRECTION ( 'NONE',  ( 0.000000000000000000, 0.000000000000000000, 1.000000000000000000 ) ) ;
#1581 = ORIENTED_EDGE ( 'NONE', *, *, #629, .T. ) ;
#1582 = DIRECTION ( 'NONE',  ( 0.000000000000000000, 0.000000000000000000, 1.000000000000000000 ) ) ;
#1583 = VECTOR ( 'NONE', #453, 1000.000000000000000 ) ;
#1584 = ORIENTED_EDGE ( 'NONE', *, *, #952, .F. ) ;
#1585 = AXIS2_PLACEMENT_3D ( 'NONE', #1644, #210, #844 ) ;
#1586 = SURFACE_STYLE_USAGE ( .BOTH. , #814 ) ;
#1587 = AXIS2_PLACEMENT_3D ( 'NONE', #364, #537, #1299 ) ;
#1588 = DIRECTION ( 'NONE',  ( 1.000000000000000000, 0.000000000000000000, 0.000000000000000000 ) ) ;
#1589 = ADVANCED_FACE ( 'NONE', ( #825 ), #1175, .T. ) ;
#1590 = EDGE_CURVE ( 'NONE', #297, #70, #832, .T. ) ;
#1591 = AXIS2_PLACEMENT_3D ( 'NONE', #1891, #1264, #1442 ) ;
#1592 = DIRECTION ( 'NONE',  ( -0.000000000000000000, 0.000000000000000000, 1.000000000000000000 ) ) ;
#1593 = ORIENTED_EDGE ( 'NONE', *, *, #1228, .F. ) ;
#1594 = CARTESIAN_POINT ( 'NONE',  ( -0.3266666666666669938, -0.6933333333333331350, -0.04000000000000000083 ) ) ;
#1595 = ORIENTED_EDGE ( 'NONE', *, *, #593, .T. ) ;
#1596 = FACE_OUTER_BOUND ( 'NONE', #1706, .T. ) ;
#1597 = VERTEX_POINT ( 'NONE', #999 ) ;
#1598 = CARTESIAN_POINT ( 'NONE',  ( -0.9600000000000001865, 1.301042606982605814E-16, -0.04000000000000000083 ) ) ;
#1599 = CARTESIAN_POINT ( 'NONE',  ( 0.2317157287525388465, 0.6933333333333335791, -0.01171572875253826772 ) ) ;
#1600 = DIRECTION ( 'NONE',  ( 0.000000000000000000, 0.000000000000000000, 1.000000000000000000 ) ) ;
#1601 = ORIENTED_EDGE ( 'NONE', *, *, #1480, .T. ) ;
#1602 = CARTESIAN_POINT ( 'NONE',  ( 0.3266666666666669383, 0.7882842712474615876, -0.01171572875253821568 ) ) ;
#1603 = EDGE_LOOP ( 'NONE', ( #1466, #812, #1733, #113 ) ) ;
#1604 = CYLINDRICAL_SURFACE ( 'NONE', #549, 0.06666666666666663799 ) ;
#1605 = EDGE_LOOP ( 'NONE', ( #2022, #143, #587, #1487 ) ) ;
#1606 = LINE ( 'NONE', #1773, #1750 ) ;
#1607 = EDGE_CURVE ( 'NONE', #1799, #498, #1038, .T. ) ;
#1608 = EDGE_CURVE ( 'NONE', #1390, #900, #666, .T. ) ;
#1609 = EDGE_LOOP ( 'NONE', ( #733, #1143, #1717, #1721, #1619, #1196, #1101, #484 ) ) ;
#1610 = ORIENTED_EDGE ( 'NONE', *, *, #1462, .F. ) ;
#1611 = DIRECTION ( 'NONE',  ( 0.7071067811865523467, 0.000000000000000000, 0.7071067811865426878 ) ) ;
#1612 = ORIENTED_EDGE ( 'NONE', *, *, #381, .T. ) ;
#1613 = DIRECTION ( 'NONE',  ( 0.000000000000000000, 0.000000000000000000, -1.000000000000000000 ) ) ;
#1614 = LINE ( 'NONE', #27, #840 ) ;
#1615 = EDGE_CURVE ( 'NONE', #1937, #1390, #1525, .T. ) ;
#1616 = AXIS2_PLACEMENT_3D ( 'NONE', #1964, #845, #692 ) ;
#1617 = TOROIDAL_SURFACE ( 'NONE', #1419, 0.1232352091615900036, 0.04000000000000000083 ) ;
#1618 = LINE ( 'NONE', #1652, #1885 ) ;
#1619 = ORIENTED_EDGE ( 'NONE', *, *, #1451, .T. ) ;
#1620 = CARTESIAN_POINT ( 'NONE',  ( -0.9599999999999997424, 0.6933333333333335791, -0.04000000000000000083 ) ) ;
#1621 = ORIENTED_EDGE ( 'NONE', *, *, #572, .T. ) ;
#1622 = CARTESIAN_POINT ( 'NONE',  ( -0.8933333333333328685, -0.7999999999999998224, 5.421010862427522170E-16 ) ) ;
#1623 = CARTESIAN_POINT ( 'NONE',  ( 0.3883848892538656061, 0.8000000000000002665, 5.488773498207867183E-16 ) ) ;
#1624 = CARTESIAN_POINT ( 'NONE',  ( 1.000000000000000000, -0.6933333333333332460, 5.525062687223611340E-16 ) ) ;
#1625 = VECTOR ( 'NONE', #362, 1000.000000000000000 ) ;
#1626 = B_SPLINE_CURVE_WITH_KNOTS ( 'NONE', 3,
 ( #520, #45, #1354, #1166, #1993, #220, #36 ),
 .UNSPECIFIED., .F., .F.,
 ( 4, 3, 4 ),
 ( 0.000000000000000000, 8.005343119266546343E-05, 0.0001233492103211177005 ),
 .UNSPECIFIED. ) ;
#1627 = AXIS2_PLACEMENT_3D ( 'NONE', #1083, #1762, #323 ) ;
#1628 = EDGE_CURVE ( 'NONE', #2032, #1, #2010, .T. ) ;
#1629 = CARTESIAN_POINT ( 'NONE',  ( 0.3752578243881719011, -0.7999999999999998224, 5.177439917832238029E-16 ) ) ;
#1630 = DIRECTION ( 'NONE',  ( -1.069936354426484665E-16, 1.000000000000000000, 0.000000000000000000 ) ) ;
#1631 = ORIENTED_EDGE ( 'NONE', *, *, #1304, .T. ) ;
#1632 = DIRECTION ( 'NONE',  ( 0.000000000000000000, 1.000000000000000000, 0.000000000000000000 ) ) ;
#1633 = CARTESIAN_POINT ( 'NONE',  ( -0.8933333333333333126, 0.6933333333333335791, 0.7600000000000000089 ) ) ;
#1634 = CIRCLE ( 'NONE', #720, 0.06666666666666669350 ) ;
#1635 = DIRECTION ( 'NONE',  ( 1.000000000000000000, 0.000000000000000000, 0.000000000000000000 ) ) ;
#1636 = EDGE_CURVE ( 'NONE', #698, #1371, #579, .T. ) ;
#1637 = FILL_AREA_STYLE_COLOUR ( '', #1526 ) ;
#1638 = ADVANCED_BREP_SHAPE_REPRESENTATION ( '', ( #115, #818 ), #1520 ) ;
#1639 = CARTESIAN_POINT ( 'NONE',  ( -0.3500000000000000333, -0.6933333333333330240, 0.04000000000000000083 ) ) ;
#1640 = CARTESIAN_POINT ( 'NONE',  ( 0.2833333333333332704, -0.6933333333333328019, 0.000000000000000000 ) ) ;
#1641 = EDGE_LOOP ( 'NONE', ( #924, #627, #455, #728, #97, #966, #295, #1789 ) ) ;
#1642 = DIRECTION ( 'NONE',  ( 0.000000000000000000, -0.000000000000000000, 1.000000000000000000 ) ) ;
#1643 = ORIENTED_EDGE ( 'NONE', *, *, #771, .F. ) ;
#1644 = CARTESIAN_POINT ( 'NONE',  ( -0.2034314575050768237, 0.6933333333333335791, -0.04000000000000000083 ) ) ;
#1645 = DIRECTION ( 'NONE',  ( -1.000000000000000000, 0.000000000000000000, 0.000000000000000000 ) ) ;
#1646 = CIRCLE ( 'NONE', #973, 0.06666666666666663799 ) ;
#1647 = EDGE_CURVE ( 'NONE', #120, #490, #1858, .T. ) ;
#1648 = CONICAL_SURFACE ( 'NONE', #1004, 0.06666666666666637431, 0.7853981633974453924 ) ;
#1649 = CIRCLE ( 'NONE', #1450, 0.06666666666666663799 ) ;
#1650 = EDGE_CURVE ( 'NONE', #1990, #1296, #566, .T. ) ;
#1651 =( NAMED_UNIT ( * ) SI_UNIT ( $, .STERADIAN. ) SOLID_ANGLE_UNIT ( ) );
#1652 = CARTESIAN_POINT ( 'NONE',  ( -0.9599999999999992983, -0.6933333333333332460, -0.04000000000000000083 ) ) ;
#1653 = LINE ( 'NONE', #1798, #582 ) ;
#1654 = ORIENTED_EDGE ( 'NONE', *, *, #94, .T. ) ;
#1655 = CARTESIAN_POINT ( 'NONE',  ( -0.3266666666666668273, 0.7882842712474615876, -0.01171572875253820180 ) ) ;
#1656 = LINE ( 'NONE', #691, #1545 ) ;
#1657 = DIRECTION ( 'NONE',  ( -0.000000000000000000, 0.000000000000000000, 1.000000000000000000 ) ) ;
#1658 = CONICAL_SURFACE ( 'NONE', #1461, 0.06666666666666637431, 0.7853981633974453924 ) ;
#1659 = AXIS2_PLACEMENT_3D ( 'NONE', #960, #1776, #1977 ) ;
#1660 =( NAMED_UNIT ( * ) PLANE_ANGLE_UNIT ( ) SI_UNIT ( $, .RADIAN. ) );
#1661 = CARTESIAN_POINT ( 'NONE',  ( -0.9679999999999996385, -0.6933333333333332460, 0.7600000000000000089 ) ) ;
#1662 = PRODUCT_DEFINITION_SHAPE ( 'NONE', 'NONE',  #2073 ) ;
#1663 = LINE ( 'NONE', #2017, #848 ) ;
#1664 = ORIENTED_EDGE ( 'NONE', *, *, #1538, .T. ) ;
#1665 = CARTESIAN_POINT ( 'NONE',  ( -0.8933333333333328685, -0.7679999999999999050, 0.7600000000000000089 ) ) ;
#1666 = CARTESIAN_POINT ( 'NONE',  ( 0.3883848892538656061, -0.7999999999999998224, 5.488773498207867183E-16 ) ) ;
#1667 = CARTESIAN_POINT ( 'NONE',  ( -0.2833333333333335480, 0.6933333333333336901, 0.04000000000000000083 ) ) ;
#1668 = ADVANCED_FACE ( 'NONE', ( #1211 ), #1060, .T. ) ;
#1669 = CARTESIAN_POINT ( 'NONE',  ( -0.3449484440794677309, 0.8000000000000002665, -0.002924353897670692315 ) ) ;
#1670 = VERTEX_POINT ( 'NONE', #1534 ) ;
#1671 = CARTESIAN_POINT ( 'NONE',  ( 0.8933333333333332016, 0.8000000000000002665, 5.525062687223611340E-16 ) ) ;
#1672 = DIRECTION ( 'NONE',  ( 0.000000000000000000, -0.000000000000000000, -1.000000000000000000 ) ) ;
#1673 = EDGE_CURVE ( 'NONE', #120, #1436, #247, .T. ) ;
#1674 = AXIS2_PLACEMENT_3D ( 'NONE', #1313, #1137, #292 ) ;
#1675 = ADVANCED_FACE ( 'NONE', ( #719 ), #1232, .T. ) ;
#1676 = CARTESIAN_POINT ( 'NONE',  ( 0.2649484440794673268, -0.7999999999999998224, 0.000000000000000000 ) ) ;
#1677 = AXIS2_PLACEMENT_3D ( 'NONE', #1793, #865, #873 ) ;
#1678 = AXIS2_PLACEMENT_3D ( 'NONE', #1256, #1932, #345 ) ;
#1679 = CARTESIAN_POINT ( 'NONE',  ( 0.8933333333333333126, 0.7600000000000002309, 0.000000000000000000 ) ) ;
#1680 =( NAMED_UNIT ( * ) SI_UNIT ( $, .STERADIAN. ) SOLID_ANGLE_UNIT ( ) );
#1681 = ORIENTED_EDGE ( 'NONE', *, *, #864, .T. ) ;
#1682 = CARTESIAN_POINT ( 'NONE',  ( -0.3423808027845782753, -0.7936866794208705667, -0.006313320579128813351 ) ) ;
#1683 = ORIENTED_EDGE ( 'NONE', *, *, #613, .F. ) ;
#1684 = DIRECTION ( 'NONE',  ( -1.000000000000000000, 0.000000000000000000, 0.000000000000000000 ) ) ;
#1685 = VECTOR ( 'NONE', #2016, 1000.000000000000000 ) ;
#1686 = VERTEX_POINT ( 'NONE', #709 ) ;
#1687 = PLANE ( 'NONE',  #1877 ) ;
#1688 = CARTESIAN_POINT ( 'NONE',  ( 0.9680000000000000826, 0.6933333333333335791, 0.7600000000000000089 ) ) ;
#1689 = MECHANICAL_DESIGN_GEOMETRIC_PRESENTATION_REPRESENTATION (  '', ( #1995 ), #746 ) ;
#1690 = ADVANCED_FACE ( 'NONE', ( #1392 ), #1242, .F. ) ;
#1691 = VERTEX_POINT ( 'NONE', #912 ) ;
#1692 = LINE ( 'NONE', #258, #1212 ) ;
#1693 = VERTEX_POINT ( 'NONE', #1863 ) ;
#1694 = CARTESIAN_POINT ( 'NONE',  ( 1.000000000000000000, -0.6933333333333332460, 0.7600000000000000089 ) ) ;
#1695 = AXIS2_PLACEMENT_3D ( 'NONE', #1271, #327, #1338 ) ;
#1696 = ORIENTED_EDGE ( 'NONE', *, *, #493, .F. ) ;
#1697 = PLANE ( 'NONE',  #341 ) ;
#1698 = EDGE_CURVE ( 'NONE', #1738, #1727, #98, .T. ) ;
#1699 = PLANE ( 'NONE',  #866 ) ;
#1700 = ADVANCED_FACE ( 'NONE', ( #1364 ), #1039, .T. ) ;
#1701 = CARTESIAN_POINT ( 'NONE',  ( 0.2034314575050769625, 0.6933333333333335791, -0.04000000000000000083 ) ) ;
#1702 = EDGE_LOOP ( 'NONE', ( #711, #1066, #1504, #829 ) ) ;
#1703 = CARTESIAN_POINT ( 'NONE',  ( -0.8933333333333333126, 0.8000000000000002665, 5.421010862427522170E-16 ) ) ;
#1704 = ORIENTED_EDGE ( 'NONE', *, *, #1517, .F. ) ;
#1705 = CARTESIAN_POINT ( 'NONE',  ( 0.2833333333333332704, -0.6933333333333328019, 0.04000000000000000083 ) ) ;
#1706 = EDGE_LOOP ( 'NONE', ( #1125, #1109, #177, #1612, #1214 ) ) ;
#1707 = CARTESIAN_POINT ( 'NONE',  ( 0.3266666666666666052, -0.7599999999999997868, 0.000000000000000000 ) ) ;
#1708 = EDGE_CURVE ( 'NONE', #775, #555, #731, .T. ) ;
#1709 = SHAPE_REPRESENTATION ( 'FTC201608S', ( #1826, #1049, #1221, #155 ), #315 ) ;
#1710 = FACE_OUTER_BOUND ( 'NONE', #1146, .T. ) ;
#1711 = CARTESIAN_POINT ( 'NONE',  ( -0.2833333333333335480, 0.7600000000000003419, 0.04000000000000000083 ) ) ;
#1712 = AXIS2_PLACEMENT_3D ( 'NONE', #58, #685, #1812 ) ;
#1713 = ORIENTED_EDGE ( 'NONE', *, *, #803, .F. ) ;
#1714 = DIRECTION ( 'NONE',  ( 1.000000000000000000, 0.000000000000000000, 0.000000000000000000 ) ) ;
#1715 = ORIENTED_EDGE ( 'NONE', *, *, #1866, .T. ) ;
#1716 = CARTESIAN_POINT ( 'NONE',  ( 1.000000000000000000, 0.6933333333333335791, 0.7279999999999996474 ) ) ;
#1717 = ORIENTED_EDGE ( 'NONE', *, *, #1929, .T. ) ;
#1718 = DIRECTION ( 'NONE',  ( -1.355252715606880789E-16, -1.000000000000000000, 0.000000000000000000 ) ) ;
#1719 = DIRECTION ( 'NONE',  ( 0.000000000000000000, 0.000000000000000000, 1.000000000000000000 ) ) ;
#1720 = DIRECTION ( 'NONE',  ( 0.000000000000000000, 0.000000000000000000, 1.000000000000000000 ) ) ;
#1721 = ORIENTED_EDGE ( 'NONE', *, *, #1228, .T. ) ;
#1722 = DIRECTION ( 'NONE',  ( 0.000000000000000000, 0.000000000000000000, -1.000000000000000000 ) ) ;
#1723 = EDGE_LOOP ( 'NONE', ( #914, #374, #760, #852, #1239 ) ) ;
#1724 = VECTOR ( 'NONE', #264, 1000.000000000000000 ) ;
#1725 = DIRECTION ( 'NONE',  ( -0.000000000000000000, 0.000000000000000000, 1.000000000000000000 ) ) ;
#1726 = VECTOR ( 'NONE', #558, 1000.000000000000000 ) ;
#1727 = VERTEX_POINT ( 'NONE', #872 ) ;
#1728 = LINE ( 'NONE', #1574, #1022 ) ;
#1729 = FACE_OUTER_BOUND ( 'NONE', #88, .T. ) ;
#1730 = APPLICATION_CONTEXT ( 'automotive_design' ) ;
#1731 = CARTESIAN_POINT ( 'NONE',  ( -0.3266666666666668273, 0.6933333333333335791, -0.01171572875253819312 ) ) ;
#1732 = APPLICATION_PROTOCOL_DEFINITION ( 'draft international standard', 'automotive_design', 1998, #1478 ) ;
#1733 = ORIENTED_EDGE ( 'NONE', *, *, #1607, .F. ) ;
#1734 = DIRECTION ( 'NONE',  ( 0.000000000000000000, 0.000000000000000000, 1.000000000000000000 ) ) ;
#1735 = ORIENTED_EDGE ( 'NONE', *, *, #725, .F. ) ;
#1736 = DIRECTION ( 'NONE',  ( 1.000000000000000000, 0.000000000000000000, 0.000000000000000000 ) ) ;
#1737 = EDGE_CURVE ( 'NONE', #10, #1693, #1069, .T. ) ;
#1738 = VERTEX_POINT ( 'NONE', #268 ) ;
#1739 = FACE_OUTER_BOUND ( 'NONE', #890, .T. ) ;
#1740 = DIRECTION ( 'NONE',  ( 1.355252715606880543E-16, 1.000000000000000000, 4.357881996052587473E-33 ) ) ;
#1741 = EDGE_CURVE ( 'NONE', #1531, #1869, #901, .T. ) ;
#1742 = CARTESIAN_POINT ( 'NONE',  ( 0.3499999999999997558, 0.7600000000000003419, 0.000000000000000000 ) ) ;
#1743 = SHAPE_DEFINITION_REPRESENTATION ( #1074, #1709 ) ;
#1744 = ORIENTED_EDGE ( 'NONE', *, *, #1909, .T. ) ;
#1745 = CARTESIAN_POINT ( 'NONE',  ( 0.000000000000000000, 0.000000000000000000, 0.000000000000000000 ) ) ;
#1746 = ORIENTED_EDGE ( 'NONE', *, *, #1433, .T. ) ;
#1747 = CARTESIAN_POINT ( 'NONE',  ( -0.3617004121896439384, -0.7999999999999998224, 4.855899823105743522E-16 ) ) ;
#1748 = AXIS2_PLACEMENT_3D ( 'NONE', #1805, #67, #389 ) ;
#1749 = ORIENTED_EDGE ( 'NONE', *, *, #1608, .F. ) ;
#1750 = VECTOR ( 'NONE', #164, 1000.000000000000114 ) ;
#1751 = AXIS2_PLACEMENT_3D ( 'NONE', #1135, #1642, #1467 ) ;
#1752 = CARTESIAN_POINT ( 'NONE',  ( 0.3353996597469431906, 0.7915474462211554707, -0.008452553778844228496 ) ) ;
#1753 = CIRCLE ( 'NONE', #874, 0.06666666666666669350 ) ;
#1754 = AXIS2_PLACEMENT_3D ( 'NONE', #1463, #525, #664 ) ;
#1755 = EDGE_LOOP ( 'NONE', ( #1378, #1860, #1365, #90 ) ) ;
#1756 = CARTESIAN_POINT ( 'NONE',  ( -1.000000000000000000, 0.6933333333333335791, 5.421010862427522170E-16 ) ) ;
#1757 = VERTEX_POINT ( 'NONE', #1716 ) ;
#1758 = CARTESIAN_POINT ( 'NONE',  ( -1.000000000000000000, 0.8000000000000002665, 0.000000000000000000 ) ) ;
#1759 = EDGE_CURVE ( 'NONE', #1831, #683, #1403, .T. ) ;
#1760 = VECTOR ( 'NONE', #1818, 1000.000000000000000 ) ;
#1761 = EDGE_LOOP ( 'NONE', ( #1091, #282, #795, #1128 ) ) ;
#1762 = DIRECTION ( 'NONE',  ( -0.7071067811865494601, 9.583083854271116097E-17, -0.7071067811865456854 ) ) ;
#1763 = CARTESIAN_POINT ( 'NONE',  ( -0.8933333333333333126, 0.6933333333333335791, 0.7600000000000000089 ) ) ;
#1764 = VECTOR ( 'NONE', #437, 1000.000000000000000 ) ;
#1765 = DIRECTION ( 'NONE',  ( 0.000000000000000000, 0.000000000000000000, 1.000000000000000000 ) ) ;
#1766 = ADVANCED_FACE ( 'NONE', ( #1561 ), #1412, .F. ) ;
#1767 = LINE ( 'NONE', #175, #1330 ) ;
#1768 = PLANE ( 'NONE',  #305 ) ;
#1769 = ORIENTED_EDGE ( 'NONE', *, *, #336, .T. ) ;
#1770 = DIRECTION ( 'NONE',  ( -0.7071067811865455743, 0.000000000000000000, 0.7071067811865495711 ) ) ;
#1771 = ORIENTED_EDGE ( 'NONE', *, *, #927, .F. ) ;
#1772 = CARTESIAN_POINT ( 'NONE',  ( -0.8933333333333333126, 0.6933333333333334680, -0.04000000000000000083 ) ) ;
#1773 = CARTESIAN_POINT ( 'NONE',  ( -0.3266666666666670493, -0.7999999999999998224, 5.488773498207867183E-16 ) ) ;
#1774 = CARTESIAN_POINT ( 'NONE',  ( -0.3353996597469420804, 0.7915474462211568030, -0.008452553778843036741 ) ) ;
#1775 = ORIENTED_EDGE ( 'NONE', *, *, #629, .F. ) ;
#1776 = DIRECTION ( 'NONE',  ( -0.000000000000000000, -0.000000000000000000, 1.000000000000000000 ) ) ;
#1777 = ORIENTED_EDGE ( 'NONE', *, *, #1895, .T. ) ;
#1778 = CARTESIAN_POINT ( 'NONE',  ( 0.3266666666666666052, -0.7599999999999994538, -0.04000000000000000083 ) ) ;
#1779 = CARTESIAN_POINT ( 'NONE',  ( 0.3273475906106255162, 0.7885423228445662680, -0.01145767715543350405 ) ) ;
#1780 = VECTOR ( 'NONE', #592, 1000.000000000000000 ) ;
#1781 = DIRECTION ( 'NONE',  ( 1.069936354426484418E-16, -1.000000000000000000, 0.000000000000000000 ) ) ;
#1782 = ADVANCED_FACE ( 'NONE', ( #23 ), #798, .T. ) ;
#1783 = AXIS2_PLACEMENT_3D ( 'NONE', #1594, #1088, #444 ) ;
#1784 = CARTESIAN_POINT ( 'NONE',  ( -0.3266666666666667163, 0.7600000000000001199, -0.04000000000000000083 ) ) ;
#1785 = CARTESIAN_POINT ( 'NONE',  ( -0.2317157287525388742, 3.140333706407056969E-17, -0.01171572875253816190 ) ) ;
#1786 = VERTEX_POINT ( 'NONE', #4 ) ;
#1787 = DIRECTION ( 'NONE',  ( 0.000000000000000000, 1.000000000000000000, 0.000000000000000000 ) ) ;
#1788 = CIRCLE ( 'NONE', #1568, 0.1232352091615900314 ) ;
#1789 = ORIENTED_EDGE ( 'NONE', *, *, #1636, .T. ) ;
#1790 = DIRECTION ( 'NONE',  ( 0.000000000000000000, 0.000000000000000000, -1.000000000000000000 ) ) ;
#1791 = VERTEX_POINT ( 'NONE', #1455 ) ;
#1792 = CARTESIAN_POINT ( 'NONE',  ( 0.3738732976606777281, -0.7999999999999998224, -2.793194654821721044E-17 ) ) ;
#1793 = CARTESIAN_POINT ( 'NONE',  ( 0.3266666666666669383, 0.6933333333333335791, -0.03999999999999999389 ) ) ;
#1794 = ITEM_DEFINED_TRANSFORMATION ( 'NONE', 'NONE', #1221,  #818 ) ;
#1795 = VECTOR ( 'NONE', #663, 1000.000000000000000 ) ;
#1796 = LINE ( 'NONE', #1172, #2036 ) ;
#1797 = DIRECTION ( 'NONE',  ( 0.000000000000000000, 0.7071067811865455743, -0.7071067811865495711 ) ) ;
#1798 = CARTESIAN_POINT ( 'NONE',  ( 0.3499999999999997558, 0.7600000000000003419, 0.04000000000000000083 ) ) ;
#1799 = VERTEX_POINT ( 'NONE', #933 ) ;
#1800 = CARTESIAN_POINT ( 'NONE',  ( -0.8933333333333328685, -0.6933333333333331350, 0.7600000000000000089 ) ) ;
#1801 = ORIENTED_EDGE ( 'NONE', *, *, #1673, .T. ) ;
#1802 = CARTESIAN_POINT ( 'NONE',  ( 0.3449484440794672313, -0.7999999999999998224, -0.002924353897670755632 ) ) ;
#1803 = EDGE_CURVE ( 'NONE', #1531, #1533, #134, .T. ) ;
#1804 = EDGE_CURVE ( 'NONE', #2066, #2032, #390, .T. ) ;
#1805 = CARTESIAN_POINT ( 'NONE',  ( 0.8933333333333332016, 0.6933333333333335791, 0.7600000000000000089 ) ) ;
#1806 = CARTESIAN_POINT ( 'NONE',  ( -0.9600000000000000755, 0.6933333333333334680, 0.000000000000000000 ) ) ;
#1807 = LINE ( 'NONE', #828, #1625 ) ;
#1808 = ORIENTED_EDGE ( 'NONE', *, *, #1608, .T. ) ;
#1809 = FACE_OUTER_BOUND ( 'NONE', #1761, .T. ) ;
#1810 = DIRECTION ( 'NONE',  ( 0.000000000000000000, 0.000000000000000000, 1.000000000000000000 ) ) ;
#1811 = PRODUCT_DEFINITION_SHAPE ( 'NONE', 'NONE',  #2071 ) ;
#1812 = DIRECTION ( 'NONE',  ( 0.000000000000000000, -0.000000000000000000, 1.000000000000000000 ) ) ;
#1813 = VECTOR ( 'NONE', #1094, 1000.000000000000000 ) ;
#1814 = AXIS2_PLACEMENT_3D ( 'NONE', #628, #1103, #621 ) ;
#1815 = VECTOR ( 'NONE', #393, 1000.000000000000000 ) ;
#1816 = SURFACE_STYLE_USAGE ( .BOTH. , #204 ) ;
#1817 = DIRECTION ( 'NONE',  ( -1.000000000000000000, 0.000000000000000000, 0.000000000000000000 ) ) ;
#1818 = DIRECTION ( 'NONE',  ( 0.000000000000000000, 0.000000000000000000, -1.000000000000000000 ) ) ;
#1819 = VECTOR ( 'NONE', #943, 1000.000000000000000 ) ;
#1820 = EDGE_LOOP ( 'NONE', ( #696, #159, #1896, #1683 ) ) ;
#1821 = DIRECTION ( 'NONE',  ( -0.000000000000000000, 0.000000000000000000, 1.000000000000000000 ) ) ;
#1822 = EDGE_LOOP ( 'NONE', ( #237, #1882, #1098, #1939 ) ) ;
#1823 = CARTESIAN_POINT ( 'NONE',  ( 0.2649484440794673268, -0.7999999999999998224, 0.000000000000000000 ) ) ;
#1824 = EDGE_CURVE ( 'NONE', #1670, #1948, #703, .T. ) ;
#1825 = CARTESIAN_POINT ( 'NONE',  ( -0.8933333333333328685, -0.7999999999999998224, 0.7279999999999996474 ) ) ;
#1826 = AXIS2_PLACEMENT_3D ( 'NONE', #139, #1720, #1888 ) ;
#1827 = AXIS2_PLACEMENT_3D ( 'NONE', #2044, #124, #1840 ) ;
#1828 = CARTESIAN_POINT ( 'NONE',  ( 1.056402116780748533E-16, 0.7600000000000001199, -0.04000000000000000083 ) ) ;
#1829 = ADVANCED_FACE ( 'NONE', ( #1274 ), #1604, .F. ) ;
#1830 = EDGE_CURVE ( 'NONE', #2025, #797, #170, .T. ) ;
#1831 = VERTEX_POINT ( 'NONE', #13 ) ;
#1832 = FACE_OUTER_BOUND ( 'NONE', #475, .T. ) ;
#1833 = FACE_OUTER_BOUND ( 'NONE', #34, .T. ) ;
#1834 = DIRECTION ( 'NONE',  ( 1.000000000000000000, 0.000000000000000000, 0.000000000000000000 ) ) ;
#1835 = CARTESIAN_POINT ( 'NONE',  ( 0.8933333333333332016, 0.6933333333333335791, 0.7600000000000000089 ) ) ;
#1836 = DIRECTION ( 'NONE',  ( -0.000000000000000000, -0.000000000000000000, 1.000000000000000000 ) ) ;
#1837 = EDGE_LOOP ( 'NONE', ( #1746, #1265, #1916, #426 ) ) ;
#1838 = CARTESIAN_POINT ( 'NONE',  ( 0.2034314575050766016, -0.6933333333333332460, 0.000000000000000000 ) ) ;
#1839 = VERTEX_POINT ( 'NONE', #635 ) ;
#1840 = DIRECTION ( 'NONE',  ( 1.000000000000000000, 0.000000000000000000, 0.000000000000000000 ) ) ;
#1841 = ORIENTED_EDGE ( 'NONE', *, *, #1032, .T. ) ;
#1842 = FACE_OUTER_BOUND ( 'NONE', #1822, .T. ) ;
#1843 = CONICAL_SURFACE ( 'NONE', #1377, 0.06666666666666637431, 0.7853981633974453924 ) ;
#1844 = ADVANCED_FACE ( 'NONE', ( #289 ), #763, .T. ) ;
#1845 = VECTOR ( 'NONE', #1036, 1000.000000000000000 ) ;
#1846 = CARTESIAN_POINT ( 'NONE',  ( 0.2034314575050766016, -0.6933333333333332460, -0.04000000000000000083 ) ) ;
#1847 = ADVANCED_FACE ( 'NONE', ( #1596 ), #779, .T. ) ;
#1848 = ORIENTED_EDGE ( 'NONE', *, *, #1385, .F. ) ;
#1849 = CARTESIAN_POINT ( 'NONE',  ( -0.3287094384985427831, -0.7890584260387751847, -0.01094157396122418489 ) ) ;
#1850 = ORIENTED_EDGE ( 'NONE', *, *, #1550, .T. ) ;
#1851 = DIRECTION ( 'NONE',  ( 0.000000000000000000, -0.7071067811865495711, -0.7071067811865455743 ) ) ;
#1852 = AXIS2_PLACEMENT_3D ( 'NONE', #1846, #1349, #1187 ) ;
#1853 = ORIENTED_EDGE ( 'NONE', *, *, #1262, .T. ) ;
#1854 = CARTESIAN_POINT ( 'NONE',  ( 1.000000000000000000, 0.7600000000000002309, -0.04000000000000000083 ) ) ;
#1855 = EDGE_CURVE ( 'NONE', #415, #1597, #161, .T. ) ;
#1856 = AXIS2_PLACEMENT_3D ( 'NONE', #1701, #85, #1064 ) ;
#1857 = CARTESIAN_POINT ( 'NONE',  ( -0.3594262027467211018, 0.8000000000000002665, -0.001934003181889835769 ) ) ;
#1858 = CIRCLE ( 'NONE', #1827, 0.1066666666666666874 ) ;
#1859 = EDGE_CURVE ( 'NONE', #1972, #2025, #607, .T. ) ;
#1860 = ORIENTED_EDGE ( 'NONE', *, *, #1414, .T. ) ;
#1861 = DIRECTION ( 'NONE',  ( -0.000000000000000000, 0.000000000000000000, 1.000000000000000000 ) ) ;
#1862 = ORIENTED_EDGE ( 'NONE', *, *, #955, .F. ) ;
#1863 = CARTESIAN_POINT ( 'NONE',  ( 0.9599999999999998535, -0.6933333333333332460, -0.04000000000000000083 ) ) ;
#1864 = ORIENTED_EDGE ( 'NONE', *, *, #1017, .T. ) ;
#1865 = DIRECTION ( 'NONE',  ( 0.000000000000000000, -0.000000000000000000, -1.000000000000000000 ) ) ;
#1866 = EDGE_CURVE ( 'NONE', #43, #1799, #1913, .T. ) ;
#1867 = ADVANCED_FACE ( 'NONE', ( #1437 ), #1253, .T. ) ;
#1868 = CARTESIAN_POINT ( 'NONE',  ( -0.3500000000000001998, 0.7600000000000003419, 0.000000000000000000 ) ) ;
#1869 = VERTEX_POINT ( 'NONE', #178 ) ;
#1870 = LINE ( 'NONE', #870, #736 ) ;
#1871 = ORIENTED_EDGE ( 'NONE', *, *, #928, .T. ) ;
#1872 = CARTESIAN_POINT ( 'NONE',  ( -0.2833333333333334370, -0.7599999999999996758, 0.04000000000000000083 ) ) ;
#1873 = ORIENTED_EDGE ( 'NONE', *, *, #811, .T. ) ;
#1874 = DIRECTION ( 'NONE',  ( 1.000000000000000000, 0.000000000000000000, 0.000000000000000000 ) ) ;
#1875 = APPLICATION_CONTEXT ( 'automotive_design' ) ;
#1876 = DIRECTION ( 'NONE',  ( 1.000000000000000000, 0.000000000000000000, 0.000000000000000000 ) ) ;
#1877 = AXIS2_PLACEMENT_3D ( 'NONE', #1854, #569, #1865 ) ;
#1878 = ORIENTED_EDGE ( 'NONE', *, *, #991, .F. ) ;
#1879 = CARTESIAN_POINT ( 'NONE',  ( 1.000000000000000000, 0.6933333333333335791, 5.488773498207867183E-16 ) ) ;
#1880 = ORIENTED_EDGE ( 'NONE', *, *, #1486, .F. ) ;
#1881 = CARTESIAN_POINT ( 'NONE',  ( -0.9679999999999998606, -2.623769257414920730E-16, 0.7600000000000000089 ) ) ;
#1882 = ORIENTED_EDGE ( 'NONE', *, *, #1302, .T. ) ;
#1883 = DIRECTION ( 'NONE',  ( -0.7071067811865495711, -1.916616770854223219E-16, -0.7071067811865455743 ) ) ;
#1884 = DIRECTION ( 'NONE',  ( -0.000000000000000000, -0.000000000000000000, -1.000000000000000000 ) ) ;
#1885 = VECTOR ( 'NONE', #846, 1000.000000000000000 ) ;
#1886 = EDGE_CURVE ( 'NONE', #169, #1571, #810, .T. ) ;
#1887 = CARTESIAN_POINT ( 'NONE',  ( 0.9999999999999997780, -0.7599999999999997868, -0.04000000000000000083 ) ) ;
#1888 = DIRECTION ( 'NONE',  ( 1.000000000000000000, 0.000000000000000000, 0.000000000000000000 ) ) ;
#1889 = EDGE_CURVE ( 'NONE', #1051, #70, #1933, .T. ) ;
#1890 = ADVANCED_FACE ( 'NONE', ( #41 ), #526, .T. ) ;
#1891 = CARTESIAN_POINT ( 'NONE',  ( -0.3266666666666667163, 0.6933333333333334680, 0.000000000000000000 ) ) ;
#1892 = ORIENTED_EDGE ( 'NONE', *, *, #1934, .F. ) ;
#1893 = AXIS2_PLACEMENT_3D ( 'NONE', #1640, #373, #1003 ) ;
#1894 = DIRECTION ( 'NONE',  ( -1.000000000000000000, -0.000000000000000000, -0.000000000000000000 ) ) ;
#1895 = EDGE_CURVE ( 'NONE', #1786, #1757, #665, .T. ) ;
#1896 = ORIENTED_EDGE ( 'NONE', *, *, #2018, .F. ) ;
#1897 = CARTESIAN_POINT ( 'NONE',  ( 0.8933333333333332016, -0.7679999999999999050, 0.7600000000000000089 ) ) ;
#1898 = FACE_OUTER_BOUND ( 'NONE', #1910, .T. ) ;
#1899 = PRESENTATION_LAYER_ASSIGNMENT (  '', '', ( #788 ) ) ;
#1900 = DIRECTION ( 'NONE',  ( 1.355252715606880543E-16, 1.000000000000000000, 0.000000000000000000 ) ) ;
#1901 = CARTESIAN_POINT ( 'NONE',  ( -0.2034314575050770180, -0.6933333333333331350, 0.000000000000000000 ) ) ;
#1902 = FACE_OUTER_BOUND ( 'NONE', #267, .T. ) ;
#1903 = ORIENTED_EDGE ( 'NONE', *, *, #532, .T. ) ;
#1904 = CARTESIAN_POINT ( 'NONE',  ( -0.3083848892538657016, -0.7999999999999998224, -0.002924353897670646778 ) ) ;
#1905 = VERTEX_POINT ( 'NONE', #516 ) ;
#1906 = SURFACE_STYLE_FILL_AREA ( #460 ) ;
#1907 = CARTESIAN_POINT ( 'NONE',  ( 0.3287094384985426720, 0.7890584260387756288, -0.01094157396122418489 ) ) ;
#1908 = AXIS2_PLACEMENT_3D ( 'NONE', #1835, #1592, #462 ) ;
#1909 = EDGE_CURVE ( 'NONE', #2002, #538, #230, .T. ) ;
#1910 = EDGE_LOOP ( 'NONE', ( #648, #1180, #754, #86 ) ) ;
#1911 = LINE ( 'NONE', #596, #1923 ) ;
#1912 = ORIENTED_EDGE ( 'NONE', *, *, #613, .T. ) ;
#1913 = LINE ( 'NONE', #1127, #680 ) ;
#1914 = AXIS2_PLACEMENT_3D ( 'NONE', #1052, #291, #1246 ) ;
#1915 = ADVANCED_FACE ( 'NONE', ( #33 ), #1658, .T. ) ;
#1916 = ORIENTED_EDGE ( 'NONE', *, *, #404, .F. ) ;
#1917 = AXIS2_PLACEMENT_3D ( 'NONE', #7, #1012, #492 ) ;
#1918 = FACE_OUTER_BOUND ( 'NONE', #780, .T. ) ;
#1919 = DIRECTION ( 'NONE',  ( 1.000000000000000000, 0.000000000000000000, 0.000000000000000000 ) ) ;
#1920 = B_SPLINE_CURVE_WITH_KNOTS ( 'NONE', 3,
 ( #1295, #1629, #838, #1484, #51, #93, #2029, #1368, #888, #229 ),
 .UNSPECIFIED., .F., .F.,
 ( 4, 3, 3, 4 ),
 ( 5.457055402835802142E-20, 3.938119459708096340E-05, 6.185545989511220984E-05, 6.417311993034902822E-05 ),
 .UNSPECIFIED. ) ;
#1921 = AXIS2_PLACEMENT_3D ( 'NONE', #1971, #1821, #386 ) ;
#1922 = ADVANCED_FACE ( 'NONE', ( #1163 ), #340, .T. ) ;
#1923 = VECTOR ( 'NONE', #921, 1000.000000000000000 ) ;
#1924 = DIRECTION ( 'NONE',  ( -1.000000000000000000, 0.000000000000000000, 0.000000000000000000 ) ) ;
#1925 = ORIENTED_EDGE ( 'NONE', *, *, #346, .F. ) ;
#1926 = CARTESIAN_POINT ( 'NONE',  ( 0.3499999999999998668, -0.6933333333333328019, 0.04000000000000000083 ) ) ;
#1927 = VERTEX_POINT ( 'NONE', #978 ) ;
#1928 = CARTESIAN_POINT ( 'NONE',  ( 0.000000000000000000, 0.7599999999999998979, -0.04000000000000000083 ) ) ;
#1929 = EDGE_CURVE ( 'NONE', #1511, #597, #1653, .T. ) ;
#1930 = ORIENTED_EDGE ( 'NONE', *, *, #1886, .F. ) ;
#1931 = CARTESIAN_POINT ( 'NONE',  ( 0.2649484440794679374, 0.8000000000000002665, 0.000000000000000000 ) ) ;
#1932 = DIRECTION ( 'NONE',  ( 0.000000000000000000, -0.000000000000000000, -1.000000000000000000 ) ) ;
#1933 = CIRCLE ( 'NONE', #1659, 0.06666666666666669350 ) ;
#1934 = EDGE_CURVE ( 'NONE', #1691, #538, #52, .T. ) ;
#1935 = APPLICATION_PROTOCOL_DEFINITION ( 'draft international standard', 'automotive_design', 1998, #49 ) ;
#1936 = CARTESIAN_POINT ( 'NONE',  ( -0.3266666666666668273, 0.7882842712474615876, -0.01171572875253820180 ) ) ;
#1937 = VERTEX_POINT ( 'NONE', #1015 ) ;
#1938 = DIRECTION ( 'NONE',  ( -1.000000000000000000, 0.000000000000000000, 0.000000000000000000 ) ) ;
#1939 = ORIENTED_EDGE ( 'NONE', *, *, #1830, .T. ) ;
#1940 = PLANE ( 'NONE',  #474 ) ;
#1941 = CARTESIAN_POINT ( 'NONE',  ( 0.3495477111507335199, 0.7953874039371097160, -0.004612596062890010964 ) ) ;
#1942 = FACE_OUTER_BOUND ( 'NONE', #200, .T. ) ;
#1943 = APPLICATION_PROTOCOL_DEFINITION ( 'draft international standard', 'automotive_design', 1998, #2027 ) ;
#1944 = DIRECTION ( 'NONE',  ( 0.000000000000000000, -1.000000000000000000, 0.000000000000000000 ) ) ;
#1945 = CARTESIAN_POINT ( 'NONE',  ( 0.000000000000000000, 0.000000000000000000, 0.04000000000000000083 ) ) ;
#1946 = ORIENTED_EDGE ( 'NONE', *, *, #1185, .F. ) ;
#1947 = DIRECTION ( 'NONE',  ( 0.000000000000000000, 0.000000000000000000, -1.000000000000000000 ) ) ;
#1948 = VERTEX_POINT ( 'NONE', #185 ) ;
#1949 = DIRECTION ( 'NONE',  ( -1.000000000000000000, 0.000000000000000000, 0.000000000000000000 ) ) ;
#1950 = AXIS2_PLACEMENT_3D ( 'NONE', #1501, #1357, #73 ) ;
#1951 = LINE ( 'NONE', #377, #904 ) ;
#1952 = AXIS2_PLACEMENT_3D ( 'NONE', #1159, #539, #510 ) ;
#1953 = CARTESIAN_POINT ( 'NONE',  ( 0.3266666666666666052, -0.7599999999999997868, 0.000000000000000000 ) ) ;
#1954 = ITEM_DEFINED_TRANSFORMATION ( 'NONE', 'NONE', #1049,  #818 ) ;
#1955 = VECTOR ( 'NONE', #562, 1000.000000000000000 ) ;
#1956 = ADVANCED_FACE ( 'NONE', ( #847 ), #687, .T. ) ;
#1957 = CARTESIAN_POINT ( 'NONE',  ( -0.8933333333333328685, -0.6933333333333331350, 0.7279999999999996474 ) ) ;
#1958 = CARTESIAN_POINT ( 'NONE',  ( -1.000000000000000000, 0.6933333333333335791, 0.7279999999999996474 ) ) ;
#1959 = ADVANCED_FACE ( 'NONE', ( #506 ), #1144, .T. ) ;
#1960 = ORIENTED_EDGE ( 'NONE', *, *, #769, .T. ) ;
#1961 = DIRECTION ( 'NONE',  ( -0.000000000000000000, 0.000000000000000000, 1.000000000000000000 ) ) ;
#1962 = CARTESIAN_POINT ( 'NONE',  ( 0.2317157287525385689, -0.6933333333333332460, -0.01171572875253817231 ) ) ;
#1963 =( GEOMETRIC_REPRESENTATION_CONTEXT ( 3 ) GLOBAL_UNCERTAINTY_ASSIGNED_CONTEXT ( ( #1258 ) ) GLOBAL_UNIT_ASSIGNED_CONTEXT ( ( #130, #2063, #1578 ) ) REPRESENTATION_CONTEXT ( 'NONE', 'WORKASPACE' ) );
#1964 = CARTESIAN_POINT ( 'NONE',  ( 1.056402116780748533E-16, 0.7600000000000001199, -0.04000000000000000083 ) ) ;
#1965 = CIRCLE ( 'NONE', #2028, 0.06666666666666666574 ) ;
#1966 = APPLICATION_PROTOCOL_DEFINITION ( 'draft international standard', 'automotive_design', 1998, #1730 ) ;
#1967 = CLOSED_SHELL ( 'NONE', ( #1345, #1518, #1982, #1367, #693, #216, #1700, #1206, #1269, #1844 ) ) ;
#1968 = CARTESIAN_POINT ( 'NONE',  ( -1.056402116780748163E-16, -0.7599999999999998979, -0.04000000000000000083 ) ) ;
#1969 = DIRECTION ( 'NONE',  ( -0.000000000000000000, -0.000000000000000000, 1.000000000000000000 ) ) ;
#1970 = ORIENTED_EDGE ( 'NONE', *, *, #1804, .F. ) ;
#1971 = CARTESIAN_POINT ( 'NONE',  ( 0.000000000000000000, 0.000000000000000000, 0.000000000000000000 ) ) ;
#1972 = VERTEX_POINT ( 'NONE', #1350 ) ;
#1973 = CARTESIAN_POINT ( 'NONE',  ( -0.2833333333333335480, 0.6933333333333336901, 0.000000000000000000 ) ) ;
#1974 = DIRECTION ( 'NONE',  ( -1.000000000000000000, 0.000000000000000000, 0.000000000000000000 ) ) ;
#1975 = ADVANCED_FACE ( 'NONE', ( #352 ), #517, .T. ) ;
#1976 = CARTESIAN_POINT ( 'NONE',  ( 0.2600000000000004530, 0.6933333333333335791, -0.04000000000000000083 ) ) ;
#1977 = DIRECTION ( 'NONE',  ( -1.000000000000000000, 0.000000000000000000, 0.000000000000000000 ) ) ;
#1978 = EDGE_LOOP ( 'NONE', ( #299, #850, #331, #322 ) ) ;
#1979 = DIRECTION ( 'NONE',  ( 0.7071067811865440200, 0.000000000000000000, 0.7071067811865511255 ) ) ;
#1980 = ORIENTED_EDGE ( 'NONE', *, *, #251, .F. ) ;
#1981 = CARTESIAN_POINT ( 'NONE',  ( 0.8933333333333332016, 0.6933333333333335791, -0.03999999999999999389 ) ) ;
#1982 = ADVANCED_FACE ( 'NONE', ( #677 ), #987, .F. ) ;
#1983 = CARTESIAN_POINT ( 'NONE',  ( 0.8933333333333332016, 0.6933333333333335791, 5.421010862427522170E-16 ) ) ;
#1984 = VECTOR ( 'NONE', #481, 1000.000000000000114 ) ;
#1985 = EDGE_CURVE ( 'NONE', #417, #1686, #1807, .T. ) ;
#1986 = APPLICATION_CONTEXT ( 'automotive_design' ) ;
#1987 = CARTESIAN_POINT ( 'NONE',  ( -0.2034314575050769069, 2.757010352236213127E-17, -0.04000000000000000777 ) ) ;
#1988 = CARTESIAN_POINT ( 'NONE',  ( 1.000000000000000000, 0.7600000000000002309, 0.000000000000000000 ) ) ;
#1989 = AXIS2_PLACEMENT_3D ( 'NONE', #1800, #232, #1949 ) ;
#1990 = VERTEX_POINT ( 'NONE', #1329 ) ;
#1991 = CARTESIAN_POINT ( 'NONE',  ( -0.3353996597469433016, -0.7915474462211550266, -0.008452553778844228496 ) ) ;
#1992 = ORIENTED_EDGE ( 'NONE', *, *, #1934, .T. ) ;
#1993 = CARTESIAN_POINT ( 'NONE',  ( 0.2939071305866123307, 0.8000000000000002665, -0.001934003181889780258 ) ) ;
#1994 = LINE ( 'NONE', #357, #242 ) ;
#1995 = STYLED_ITEM ( 'NONE', ( #878 ), #1638 ) ;
#1996 = DIRECTION ( 'NONE',  ( 1.000000000000000000, 0.000000000000000000, 0.000000000000000000 ) ) ;
#1997 = SURFACE_SIDE_STYLE ('',( #2030 ) ) ;
#1998 = ORIENTED_EDGE ( 'NONE', *, *, #640, .F. ) ;
#1999 = CARTESIAN_POINT ( 'NONE',  ( 0.8933333333333333126, -0.6933333333333332460, 0.7600000000000000089 ) ) ;
#2000 = ORIENTED_EDGE ( 'NONE', *, *, #2047, .F. ) ;
#2001 = DIRECTION ( 'NONE',  ( 1.000000000000000000, 0.000000000000000000, 0.000000000000000000 ) ) ;
#2002 = VERTEX_POINT ( 'NONE', #1958 ) ;
#2003 = EDGE_CURVE ( 'NONE', #43, #417, #353, .T. ) ;
#2004 = DIRECTION ( 'NONE',  ( -1.000000000000000000, 0.000000000000000000, 0.000000000000000000 ) ) ;
#2005 = CYLINDRICAL_SURFACE ( 'NONE', #776, 0.03999999999999999389 ) ;
#2006 = DIRECTION ( 'NONE',  ( 0.000000000000000000, 0.000000000000000000, -1.000000000000000000 ) ) ;
#2007 = ORIENTED_EDGE ( 'NONE', *, *, #494, .F. ) ;
#2008 = DIRECTION ( 'NONE',  ( 0.000000000000000000, -0.7071067811865426878, 0.7071067811865522357 ) ) ;
#2009 = ORIENTED_EDGE ( 'NONE', *, *, #1325, .T. ) ;
#2010 = LINE ( 'NONE', #743, #1726 ) ;
#2011 = ORIENTED_EDGE ( 'NONE', *, *, #293, .T. ) ;
#2012 = FACE_OUTER_BOUND ( 'NONE', #468, .T. ) ;
#2013 = VECTOR ( 'NONE', #1160, 1000.000000000000000 ) ;
#2014 = AXIS2_PLACEMENT_3D ( 'NONE', #1981, #1810, #1323 ) ;
#2015 = AXIS2_PLACEMENT_3D ( 'NONE', #2033, #1191, #1208 ) ;
#2016 = DIRECTION ( 'NONE',  ( 0.000000000000000000, 1.000000000000000000, 0.000000000000000000 ) ) ;
#2017 = CARTESIAN_POINT ( 'NONE',  ( -1.000000000000000000, 0.6933333333333335791, 0.7279999999999996474 ) ) ;
#2018 = EDGE_CURVE ( 'NONE', #932, #1738, #710, .T. ) ;
#2019 = EDGE_CURVE ( 'NONE', #146, #2002, #1663, .T. ) ;
#2020 = VERTEX_POINT ( 'NONE', #889 ) ;
#2021 = DIRECTION ( 'NONE',  ( -0.000000000000000000, -0.7071067811865523467, 0.7071067811865426878 ) ) ;
#2022 = ORIENTED_EDGE ( 'NONE', *, *, #1026, .T. ) ;
#2023 = DIRECTION ( 'NONE',  ( 0.000000000000000000, 0.000000000000000000, -1.000000000000000000 ) ) ;
#2024 = EDGE_CURVE ( 'NONE', #505, #1937, #1965, .T. ) ;
#2025 = VERTEX_POINT ( 'NONE', #236 ) ;
#2026 = CARTESIAN_POINT ( 'NONE',  ( -0.8933333333333328685, -0.6933333333333331350, 0.7600000000000000089 ) ) ;
#2027 = APPLICATION_CONTEXT ( 'automotive_design' ) ;
#2028 = AXIS2_PLACEMENT_3D ( 'NONE', #1045, #586, #868 ) ;
#2029 = CARTESIAN_POINT ( 'NONE',  ( 0.3287094384985440598, -0.7890584260387729643, -0.01094157396122631860 ) ) ;
#2030 = SURFACE_STYLE_FILL_AREA ( #255 ) ;
#2031 = VECTOR ( 'NONE', #1894, 1000.000000000000000 ) ;
#2032 = VERTEX_POINT ( 'NONE', #1540 ) ;
#2033 = CARTESIAN_POINT ( 'NONE',  ( 0.8933333333333330906, -0.6933333333333332460, -0.04000000000000000083 ) ) ;
#2034 = EDGE_LOOP ( 'NONE', ( #1584, #707, #902, #1808, #998, #898, #944, #1363 ) ) ;
#2035 = DIRECTION ( 'NONE',  ( -0.000000000000000000, 0.000000000000000000, -1.000000000000000000 ) ) ;
#2036 = VECTOR ( 'NONE', #1944, 1000.000000000000000 ) ;
#2037 = EDGE_LOOP ( 'NONE', ( #1925, #265, #1308, #529 ) ) ;
#2038 = CARTESIAN_POINT ( 'NONE',  ( -0.2600000000000003419, -0.6933333333333331350, 0.000000000000000000 ) ) ;
#2039 = UNCERTAINTY_MEASURE_WITH_UNIT (LENGTH_MEASURE( 1.000000000000000082E-05 ), #1204, 'distance_accuracy_value', 'NONE');
#2040 = LINE ( 'NONE', #1887, #1583 ) ;
#2041 = ORIENTED_EDGE ( 'NONE', *, *, #879, .T. ) ;
#2042 = DIRECTION ( 'NONE',  ( -1.355252715606881036E-16, -1.000000000000000000, 0.000000000000000000 ) ) ;
#2043 = ORIENTED_EDGE ( 'NONE', *, *, #467, .T. ) ;
#2044 = CARTESIAN_POINT ( 'NONE',  ( 0.8933333333333333126, -0.6933333333333332460, 0.7279999999999996474 ) ) ;
#2045 = ORIENTED_EDGE ( 'NONE', *, *, #451, .T. ) ;
#2046 = DIRECTION ( 'NONE',  ( 1.355252715606881036E-16, 1.000000000000000000, 0.000000000000000000 ) ) ;
#2047 = EDGE_CURVE ( 'NONE', #2020, #1383, #678, .T. ) ;
#2048 = EDGE_CURVE ( 'NONE', #1443, #797, #750, .T. ) ;
#2049 = CARTESIAN_POINT ( 'NONE',  ( -0.8933333333333335347, -0.6933333333333331350, -0.04000000000000000083 ) ) ;
#2050 = EDGE_CURVE ( 'NONE', #555, #996, #1510, .T. ) ;
#2051 = PRESENTATION_STYLE_ASSIGNMENT (( #1108 ) ) ;
#2052 = AXIS2_PLACEMENT_3D ( 'NONE', #1075, #1719, #276 ) ;
#2053 = DIRECTION ( 'NONE',  ( 2.710505431213761085E-16, -1.000000000000000000, 0.000000000000000000 ) ) ;
#2054 = DIRECTION ( 'NONE',  ( 1.000000000000000000, 0.000000000000000000, 0.000000000000000000 ) ) ;
#2055 = ORIENTED_EDGE ( 'NONE', *, *, #2024, .F. ) ;
#2056 = CARTESIAN_POINT ( 'NONE',  ( 0.2833333333333331039, 0.6933333333333336901, 0.04000000000000000083 ) ) ;
#2057 = VERTEX_POINT ( 'NONE', #1530 ) ;
#2058 = CARTESIAN_POINT ( 'NONE',  ( -0.9999999999999995559, -0.6933333333333332460, 0.7279999999999996474 ) ) ;
#2059 = LINE ( 'NONE', #301, #938 ) ;
#2060 = UNCERTAINTY_MEASURE_WITH_UNIT (LENGTH_MEASURE( 1.000000000000000082E-05 ), #1483, 'distance_accuracy_value', 'NONE');
#2061 = AXIS2_PLACEMENT_3D ( 'NONE', #1945, #1307, #686 ) ;
#2062 = FACE_OUTER_BOUND ( 'NONE', #1978, .T. ) ;
#2063 =( NAMED_UNIT ( * ) PLANE_ANGLE_UNIT ( ) SI_UNIT ( $, .RADIAN. ) );
#2064 = DIRECTION ( 'NONE',  ( 1.000000000000000000, 0.000000000000000000, 0.000000000000000000 ) ) ;
#2065 = LINE ( 'NONE', #1926, #1356 ) ;
#2066 = VERTEX_POINT ( 'NONE', #574 ) ;
#2067 = DIRECTION ( 'NONE',  ( 1.000000000000000000, -0.000000000000000000, 0.000000000000000000 ) ) ;
#2068 = AXIS2_PLACEMENT_3D ( 'NONE', #950, #1439, #1924 ) ;
#2069 = EDGE_LOOP ( 'NONE', ( #1464, #1535, #988, #1289 ) ) ;
#2070 = EDGE_CURVE ( 'NONE', #1070, #775, #1387, .T. ) ;
#2071 = NEXT_ASSEMBLY_USAGE_OCCURRENCE ( 'NAUO1', ' ', ' ', #1139, #273, $ ) ;
#2072 = NEXT_ASSEMBLY_USAGE_OCCURRENCE ( 'NAUO2', ' ', ' ', #1139, #367, $ ) ;
#2073 = NEXT_ASSEMBLY_USAGE_OCCURRENCE ( 'NAUO3', ' ', ' ', #1139, #367, $ ) ;
ENDSEC;
END-ISO-10303-21;
