ISO-10303-21;
HEADER;
FILE_DESCRIPTION (( 'STEP AP214' ),
    '1' );
FILE_NAME ('FTC201607S.step',
    '2026-10-09T15:31:32',
    ( '' ),
    ( '' ),
    'SwSTEP 2.0',
    'SolidWorks 2025',
    '' );
FILE_SCHEMA (( 'AUTOMOTIVE_DESIGN' ));
ENDSEC;

DATA;
#1 = ORIENTED_EDGE ( 'NONE', *, *, #2030, .T. ) ;
#2 = ADVANCED_FACE ( 'NONE', ( #1620 ), #1770, .T. ) ;
#3 = ADVANCED_FACE ( 'NONE', ( #821 ), #1407, .F. ) ;
#4 = ORIENTED_EDGE ( 'NONE', *, *, #1318, .T. ) ;
#5 = DIRECTION ( 'NONE',  ( 0.000000000000000000, -1.000000000000000000, 0.000000000000000000 ) ) ;
#6 = CARTESIAN_POINT ( 'NONE',  ( -0.2783333333333334325, 0.6933333333333334680, 0.03500000000000000333 ) ) ;
#7 = EDGE_LOOP ( 'NONE', ( #778, #1942, #910, #4, #880, #211, #1921, #1662 ) ) ;
#8 = CARTESIAN_POINT ( 'NONE',  ( -0.3474613965751727762, -0.7999999999999998224, -0.003983827796496044148 ) ) ;
#9 = EDGE_CURVE ( 'NONE', #1952, #1365, #829, .T. ) ;
#10 = CONICAL_SURFACE ( 'NONE', #1310, 0.07166666666666637875, 0.7853981633974480570 ) ;
#11 = ORIENTED_EDGE ( 'NONE', *, *, #1678, .F. ) ;
#12 = ORIENTED_EDGE ( 'NONE', *, *, #811, .F. ) ;
#13 = EDGE_CURVE ( 'NONE', #373, #715, #1761, .T. ) ;
#14 = DIRECTION ( 'NONE',  ( -2.710505431213761085E-16, 1.000000000000000000, 0.000000000000000000 ) ) ;
#15 = ORIENTED_EDGE ( 'NONE', *, *, #640, .T. ) ;
#16 = CARTESIAN_POINT ( 'NONE',  ( 0.2402512626584708544, -0.6933333333333332460, -0.01025126265847081664 ) ) ;
#17 = EDGE_LOOP ( 'NONE', ( #644, #1637, #127, #1492 ) ) ;
#18 = PRODUCT_RELATED_PRODUCT_CATEGORY ( 'part', '', ( #154 ) ) ;
#19 = ORIENTED_EDGE ( 'NONE', *, *, #723, .F. ) ;
#20 = EDGE_CURVE ( 'NONE', #495, #1341, #946, .T. ) ;
#21 = CARTESIAN_POINT ( 'NONE',  ( -0.3258719367581606741, 0.8000000000000002665, -0.003983827796496048484 ) ) ;
#22 = DIRECTION ( 'NONE',  ( 1.000000000000000000, 0.000000000000000000, 0.000000000000000000 ) ) ;
#23 = VERTEX_POINT ( 'NONE', #1025 ) ;
#24 = AXIS2_PLACEMENT_3D ( 'NONE', #860, #682, #1811 ) ;
#25 = CARTESIAN_POINT ( 'NONE',  ( -0.9650000000000001910, 0.6933333333333335791, -0.03500000000000000333 ) ) ;
#26 = ORIENTED_EDGE ( 'NONE', *, *, #1006, .F. ) ;
#27 = AXIS2_PLACEMENT_3D ( 'NONE', #366, #1985, #1997 ) ;
#28 = CIRCLE ( 'NONE', #871, 0.1066666666666665902 ) ;
#29 = ORIENTED_EDGE ( 'NONE', *, *, #777, .F. ) ;
#30 = SHAPE_REPRESENTATION_RELATIONSHIP ( 'NONE' , 'NONE' ,  #2005, #2021 ) ;
#31 = CARTESIAN_POINT ( 'NONE',  ( 0.2791951835534017268, 0.8000000000000002665, 0.000000000000000000 ) ) ;
#32 = DIRECTION ( 'NONE',  ( 0.000000000000000000, 1.000000000000000000, 0.000000000000000000 ) ) ;
#33 = ORIENTED_EDGE ( 'NONE', *, *, #905, .F. ) ;
#34 = UNCERTAINTY_MEASURE_WITH_UNIT (LENGTH_MEASURE( 1.000000000000000082E-05 ), #1711, 'distance_accuracy_value', 'NONE');
#35 = ADVANCED_FACE ( 'NONE', ( #1841 ), #97, .F. ) ;
#36 = DIRECTION ( 'NONE',  ( -0.000000000000000000, 0.000000000000000000, -1.000000000000000000 ) ) ;
#37 = CIRCLE ( 'NONE', #378, 0.03500000000000000333 ) ;
#38 = DIRECTION ( 'NONE',  ( 0.000000000000000000, 0.000000000000000000, 1.000000000000000000 ) ) ;
#39 = EDGE_LOOP ( 'NONE', ( #852, #435, #1288, #294 ) ) ;
#40 = VECTOR ( 'NONE', #1021, 1000.000000000000000 ) ;
#41 = DIRECTION ( 'NONE',  ( 0.000000000000000000, 0.000000000000000000, 1.000000000000000000 ) ) ;
#42 = FACE_OUTER_BOUND ( 'NONE', #1115, .T. ) ;
#43 = COLOUR_RGB ( '',0.2509803921568627416, 0.2509803921568627416, 0.2509803921568627416 ) ;
#44 = CARTESIAN_POINT ( 'NONE',  ( 0.8933333333333332016, -0.7679999999999996829, 0.6649999999999999245 ) ) ;
#45 = EDGE_CURVE ( 'NONE', #1945, #1388, #213, .T. ) ;
#46 = ORIENTED_EDGE ( 'NONE', *, *, #253, .T. ) ;
#47 = DIRECTION ( 'NONE',  ( 1.000000000000000000, 0.000000000000000000, 0.000000000000000000 ) ) ;
#48 = ORIENTED_EDGE ( 'NONE', *, *, #741, .F. ) ;
#49 = DIRECTION ( 'NONE',  ( 0.000000000000000000, 0.000000000000000000, -1.000000000000000000 ) ) ;
#50 = CARTESIAN_POINT ( 'NONE',  ( 0.2155025253169418620, 0.6933333333333335791, -0.03500000000000000333 ) ) ;
#51 = CARTESIAN_POINT ( 'NONE',  ( -0.8933333333333328685, -0.7999999999999998224, 0.6329999999999995630 ) ) ;
#52 = VERTEX_POINT ( 'NONE', #1675 ) ;
#53 = AXIS2_PLACEMENT_3D ( 'NONE', #686, #1960, #527 ) ;
#54 = DIRECTION ( 'NONE',  ( -1.000000000000000000, 0.000000000000000000, 0.000000000000000000 ) ) ;
#55 =( NAMED_UNIT ( * ) SI_UNIT ( $, .STERADIAN. ) SOLID_ANGLE_UNIT ( ) );
#56 = EDGE_CURVE ( 'NONE', #1499, #1625, #542, .T. ) ;
#57 = DIRECTION ( 'NONE',  ( 0.000000000000000000, -0.000000000000000000, -1.000000000000000000 ) ) ;
#58 = ORIENTED_EDGE ( 'NONE', *, *, #328, .T. ) ;
#59 = CIRCLE ( 'NONE', #865, 0.09641540400819552381 ) ;
#60 = DIRECTION ( 'NONE',  ( 1.000000000000000000, 0.000000000000000000, 0.000000000000000000 ) ) ;
#61 = DIRECTION ( 'NONE',  ( 0.000000000000000000, -0.000000000000000000, -1.000000000000000000 ) ) ;
#62 = ORIENTED_EDGE ( 'NONE', *, *, #56, .F. ) ;
#63 = CIRCLE ( 'NONE', #1967, 0.03500000000000000333 ) ;
#64 = ADVANCED_FACE ( 'NONE', ( #1016 ), #562, .F. ) ;
#65 = VECTOR ( 'NONE', #1941, 1000.000000000000000 ) ;
#66 = ADVANCED_FACE ( 'NONE', ( #894 ), #733, .T. ) ;
#67 = CARTESIAN_POINT ( 'NONE',  ( 0.2650000000000000688, -0.6933333333333332460, -0.03500000000000000333 ) ) ;
#68 = LINE ( 'NONE', #1949, #1357 ) ;
#69 = CARTESIAN_POINT ( 'NONE',  ( 0.3499999999999998668, 0.7650000000000001243, 0.03500000000000000333 ) ) ;
#70 = PLANE ( 'NONE',  #483 ) ;
#71 = ORIENTED_EDGE ( 'NONE', *, *, #13, .T. ) ;
#72 = CARTESIAN_POINT ( 'NONE',  ( -0.3366666666666666696, 0.6933333333333335791, -0.03500000000000000333 ) ) ;
#73 = EDGE_CURVE ( 'NONE', #1666, #744, #275, .T. ) ;
#74 = CARTESIAN_POINT ( 'NONE',  ( -0.8933333333333333126, 0.7650000000000003464, -0.03500000000000000333 ) ) ;
#75 = EDGE_LOOP ( 'NONE', ( #587, #71, #1987, #1050 ) ) ;
#76 = AXIS2_PLACEMENT_3D ( 'NONE', #498, #508, #1146 ) ;
#77 = CARTESIAN_POINT ( 'NONE',  ( -0.3641869860679089466, 0.8000000000000002665, -0.002072072725780923965 ) ) ;
#78 = VECTOR ( 'NONE', #243, 1000.000000000000000 ) ;
#79 = PLANE ( 'NONE',  #186 ) ;
#80 = VECTOR ( 'NONE', #557, 1000.000000000000000 ) ;
#81 = DIRECTION ( 'NONE',  ( 1.000000000000000000, 0.000000000000000000, 0.000000000000000000 ) ) ;
#82 = VERTEX_POINT ( 'NONE', #411 ) ;
#83 = PRODUCT_DEFINITION_CONTEXT ( 'detailed design', #701, 'design' ) ;
#84 = PLANE ( 'NONE',  #491 ) ;
#85 = VECTOR ( 'NONE', #1242, 1000.000000000000000 ) ;
#86 = LINE ( 'NONE', #1529, #1670 ) ;
#87 = FILL_AREA_STYLE_COLOUR ( '', #926 ) ;
#88 = DIRECTION ( 'NONE',  ( -1.000000000000000000, 0.000000000000000000, 0.000000000000000000 ) ) ;
#89 = ORIENTED_EDGE ( 'NONE', *, *, #236, .F. ) ;
#90 = CARTESIAN_POINT ( 'NONE',  ( -0.3366666666666666141, 0.6933333333333334680, -0.03500000000000000333 ) ) ;
#91 = CYLINDRICAL_SURFACE ( 'NONE', #690, 0.07166666666666665630 ) ;
#92 = AXIS2_PLACEMENT_3D ( 'NONE', #1351, #1491, #1198 ) ;
#93 = DIRECTION ( 'NONE',  ( 0.000000000000000000, -0.7071067811865499042, -0.7071067811865451302 ) ) ;
#94 = FACE_OUTER_BOUND ( 'NONE', #1452, .T. ) ;
#95 = EDGE_CURVE ( 'NONE', #799, #282, #1046, .T. ) ;
#96 = ORIENTED_EDGE ( 'NONE', *, *, #1775, .T. ) ;
#97 = PLANE ( 'NONE',  #973 ) ;
#98 = CARTESIAN_POINT ( 'NONE',  ( 0.000000000000000000, 0.000000000000000000, 0.000000000000000000 ) ) ;
#99 = LINE ( 'NONE', #1712, #398 ) ;
#100 = ORIENTED_EDGE ( 'NONE', *, *, #9, .F. ) ;
#101 = CIRCLE ( 'NONE', #1568, 0.07166666666666665630 ) ;
#102 = CARTESIAN_POINT ( 'NONE',  ( -0.3941381497799321121, 0.8000000000000002665, 1.084202172485505913E-16 ) ) ;
#103 = CARTESIAN_POINT ( 'NONE',  ( -0.2783333333333334325, 0.6933333333333334680, 0.03500000000000000333 ) ) ;
#104 = DIRECTION ( 'NONE',  ( -1.000000000000000000, 0.000000000000000000, 0.000000000000000000 ) ) ;
#105 = VECTOR ( 'NONE', #1732, 1000.000000000000000 ) ;
#106 = DIRECTION ( 'NONE',  ( -0.000000000000000000, -0.000000000000000000, 1.000000000000000000 ) ) ;
#107 = VERTEX_POINT ( 'NONE', #1964 ) ;
#108 = DIRECTION ( 'NONE',  ( -0.7071067811865451302, 0.000000000000000000, -0.7071067811865500152 ) ) ;
#109 = EDGE_CURVE ( 'NONE', #1643, #224, #1664, .T. ) ;
#110 = SHAPE_DEFINITION_REPRESENTATION ( #1267, #1353 ) ;
#111 = DIRECTION ( 'NONE',  ( -1.000000000000000000, 0.000000000000000000, 0.000000000000000000 ) ) ;
#112 = ORIENTED_EDGE ( 'NONE', *, *, #317, .F. ) ;
#113 = CARTESIAN_POINT ( 'NONE',  ( -0.3366666666666668362, -0.6933333333333332460, -0.03500000000000000333 ) ) ;
#114 = DIRECTION ( 'NONE',  ( 0.000000000000000000, 0.000000000000000000, 1.000000000000000000 ) ) ;
#115 = CARTESIAN_POINT ( 'NONE',  ( -0.8933333333333333126, 0.6933333333333335791, -0.03500000000000000333 ) ) ;
#116 = CIRCLE ( 'NONE', #750, 0.07166666666666671182 ) ;
#117 = EDGE_CURVE ( 'NONE', #1569, #282, #700, .T. ) ;
#118 = PRODUCT_DEFINITION_SHAPE ( 'NONE', 'NONE',  #2072 ) ;
#119 = VECTOR ( 'NONE', #1366, 1000.000000000000000 ) ;
#120 = EDGE_LOOP ( 'NONE', ( #1720, #966, #1409, #1561 ) ) ;
#121 =( GEOMETRIC_REPRESENTATION_CONTEXT ( 3 ) GLOBAL_UNCERTAINTY_ASSIGNED_CONTEXT ( ( #540 ) ) GLOBAL_UNIT_ASSIGNED_CONTEXT ( ( #189, #1794, #1946 ) ) REPRESENTATION_CONTEXT ( 'NONE', 'WORKASPACE' ) );
#122 = CARTESIAN_POINT ( 'NONE',  ( -0.8933333333333333126, 0.6933333333333335791, 1.084202172485504434E-16 ) ) ;
#123 =( NAMED_UNIT ( * ) SI_UNIT ( $, .STERADIAN. ) SOLID_ANGLE_UNIT ( ) );
#124 = CYLINDRICAL_SURFACE ( 'NONE', #1629, 0.1066666666666666874 ) ;
#125 = EDGE_LOOP ( 'NONE', ( #1248, #1731, #1740, #1971 ) ) ;
#126 = CARTESIAN_POINT ( 'NONE',  ( 0.3366666666666666141, 0.7650000000000002354, -0.03500000000000000333 ) ) ;
#127 = ORIENTED_EDGE ( 'NONE', *, *, #271, .T. ) ;
#128 = PLANE ( 'NONE',  #1950 ) ;
#129 = PLANE ( 'NONE',  #1249 ) ;
#130 = CARTESIAN_POINT ( 'NONE',  ( 0.8933333333333332016, 0.8000000000000002665, 3.252606517456513302E-16 ) ) ;
#131 = CARTESIAN_POINT ( 'NONE',  ( 0.3591381497799310818, 0.7961889124881360580, -0.003811087511863892312 ) ) ;
#132 =( REPRESENTATION_RELATIONSHIP ('NONE','NONE', #353, #1353 ) REPRESENTATION_RELATIONSHIP_WITH_TRANSFORMATION ( #1279 )SHAPE_REPRESENTATION_RELATIONSHIP( ) );
#133 = EDGE_LOOP ( 'NONE', ( #1176, #808, #630, #939 ) ) ;
#134 = VECTOR ( 'NONE', #932, 1000.000000000000114 ) ;
#135 = DIRECTION ( 'NONE',  ( 1.000000000000000000, 0.000000000000000000, 0.000000000000000000 ) ) ;
#136 = ORIENTED_EDGE ( 'NONE', *, *, #661, .T. ) ;
#137 = DIRECTION ( 'NONE',  ( 0.7071067811865497932, -9.583083854271118562E-17, -0.7071067811865453523 ) ) ;
#138 = EDGE_CURVE ( 'NONE', #2000, #1365, #63, .T. ) ;
#139 = EDGE_CURVE ( 'NONE', #1672, #1499, #246, .T. ) ;
#140 = CARTESIAN_POINT ( 'NONE',  ( -0.2783333333333332660, -0.7649999999999999023, 0.000000000000000000 ) ) ;
#141 = VECTOR ( 'NONE', #1829, 1000.000000000000000 ) ;
#142 = VERTEX_POINT ( 'NONE', #258 ) ;
#143 = LINE ( 'NONE', #302, #1706 ) ;
#144 = DIRECTION ( 'NONE',  ( 1.000000000000000000, 0.000000000000000000, 0.000000000000000000 ) ) ;
#145 = ORIENTED_EDGE ( 'NONE', *, *, #1531, .F. ) ;
#146 = ADVANCED_FACE ( 'NONE', ( #1174 ), #1973, .T. ) ;
#147 = DIRECTION ( 'NONE',  ( 0.000000000000000000, -0.000000000000000000, 1.000000000000000000 ) ) ;
#148 = ORIENTED_EDGE ( 'NONE', *, *, #449, .F. ) ;
#149 = FACE_OUTER_BOUND ( 'NONE', #1813, .T. ) ;
#150 = CONICAL_SURFACE ( 'NONE', #414, 0.07166666666666637875, 0.7853981633974480570 ) ;
#151 = ORIENTED_EDGE ( 'NONE', *, *, #236, .T. ) ;
#152 = LINE ( 'NONE', #1872, #911 ) ;
#153 = VECTOR ( 'NONE', #717, 1000.000000000000000 ) ;
#154 = PRODUCT ( 'pin_\X2\9ed88ba4\X0\', 'pin_\X2\9ed88ba4\X0\', '', ( #268 ) ) ;
#155 = CONICAL_SURFACE ( 'NONE', #289, 0.07166666666666637875, 0.7853981633974480570 ) ;
#156 = CARTESIAN_POINT ( 'NONE',  ( -0.3387580512727066395, 0.7904837584407536921, -0.009516241559246543108 ) ) ;
#157 = ORIENTED_EDGE ( 'NONE', *, *, #1550, .F. ) ;
#158 = VECTOR ( 'NONE', #351, 1000.000000000000000 ) ;
#159 = CARTESIAN_POINT ( 'NONE',  ( 0.3453257450871162204, -0.7927474152931147655, -0.007252584706884689959 ) ) ;
#160 = ORIENTED_EDGE ( 'NONE', *, *, #1128, .F. ) ;
#161 = DIRECTION ( 'NONE',  ( -0.000000000000000000, -0.000000000000000000, 1.000000000000000000 ) ) ;
#162 = DIRECTION ( 'NONE',  ( 0.000000000000000000, -0.000000000000000000, 1.000000000000000000 ) ) ;
#163 = ORIENTED_EDGE ( 'NONE', *, *, #1312, .F. ) ;
#164 = DIRECTION ( 'NONE',  ( 0.000000000000000000, -0.000000000000000000, -1.000000000000000000 ) ) ;
#165 = VECTOR ( 'NONE', #1043, 1000.000000000000000 ) ;
#166 = ADVANCED_FACE ( 'NONE', ( #1507 ), #1633, .T. ) ;
#167 = EDGE_CURVE ( 'NONE', #857, #2048, #1197, .T. ) ;
#168 = ORIENTED_EDGE ( 'NONE', *, *, #1182, .F. ) ;
#169 = ORIENTED_EDGE ( 'NONE', *, *, #777, .T. ) ;
#170 = B_SPLINE_CURVE_WITH_KNOTS ( 'NONE', 3,
 ( #943, #1419, #1236, #1701, #586, #1734, #131, #434, #1408, #1854 ),
 .UNSPECIFIED., .F., .F.,
 ( 4, 3, 3, 4 ),
 ( -2.335466035503614931E-06, 0.000000000000000000, 2.191907800462677999E-05, 5.758758829934378597E-05 ),
 .UNSPECIFIED. ) ;
#171 = CARTESIAN_POINT ( 'NONE',  ( -0.9650000000000001910, 1.307818870560639970E-16, -0.03500000000000000333 ) ) ;
#172 = DIRECTION ( 'NONE',  ( 0.000000000000000000, 0.000000000000000000, 1.000000000000000000 ) ) ;
#173 = ORIENTED_EDGE ( 'NONE', *, *, #1762, .T. ) ;
#174 = VECTOR ( 'NONE', #1204, 1000.000000000000000 ) ;
#175 = CARTESIAN_POINT ( 'NONE',  ( -0.3707858885117680248, -0.7999999999999998224, 1.038990436058018933E-16 ) ) ;
#176 = AXIS2_PLACEMENT_3D ( 'NONE', #1778, #970, #1768 ) ;
#177 = EDGE_CURVE ( 'NONE', #1828, #1222, #1362, .T. ) ;
#178 = ORIENTED_EDGE ( 'NONE', *, *, #1001, .F. ) ;
#179 = DIRECTION ( 'NONE',  ( 1.000000000000000000, 0.000000000000000000, 0.000000000000000000 ) ) ;
#180 = EDGE_CURVE ( 'NONE', #868, #142, #86, .T. ) ;
#181 = ORIENTED_EDGE ( 'NONE', *, *, #95, .T. ) ;
#182 = CARTESIAN_POINT ( 'NONE',  ( 0.8933333333333332016, 0.8000000000000002665, 3.320369153236857822E-16 ) ) ;
#183 = CONTEXT_DEPENDENT_SHAPE_REPRESENTATION ( #638, #903 ) ;
#184 = VECTOR ( 'NONE', #352, 1000.000000000000000 ) ;
#185 = ORIENTED_EDGE ( 'NONE', *, *, #1943, .T. ) ;
#186 = AXIS2_PLACEMENT_3D ( 'NONE', #892, #1201, #1392 ) ;
#187 = ORIENTED_EDGE ( 'NONE', *, *, #1619, .T. ) ;
#188 = PRODUCT_DEFINITION_FORMATION_WITH_SPECIFIED_SOURCE ( 'ANY', '', #154, .NOT_KNOWN. ) ;
#189 =( LENGTH_UNIT ( ) NAMED_UNIT ( * ) SI_UNIT ( .MILLI., .METRE. ) );
#190 = ADVANCED_FACE ( 'NONE', ( #2053 ), #267, .F. ) ;
#191 = DIRECTION ( 'NONE',  ( 0.000000000000000000, -0.7071067811865451302, 0.7071067811865499042 ) ) ;
#192 = CARTESIAN_POINT ( 'NONE',  ( 0.3366666666666665586, 0.6933333333333335791, -0.03500000000000000333 ) ) ;
#193 = EDGE_LOOP ( 'NONE', ( #1975, #1401, #1280, #1800 ) ) ;
#194 = DIRECTION ( 'NONE',  ( 0.000000000000000000, 1.000000000000000000, 0.000000000000000000 ) ) ;
#195 = DIRECTION ( 'NONE',  ( 1.000000000000000000, 0.000000000000000000, 0.000000000000000000 ) ) ;
#196 = ORIENTED_EDGE ( 'NONE', *, *, #698, .T. ) ;
#197 =( LENGTH_UNIT ( ) NAMED_UNIT ( * ) SI_UNIT ( .MILLI., .METRE. ) );
#198 = CARTESIAN_POINT ( 'NONE',  ( 0.3941381497799310574, 0.8000000000000002665, 3.252606517456513302E-16 ) ) ;
#199 = EDGE_CURVE ( 'NONE', #666, #1206, #2020, .T. ) ;
#200 = DIRECTION ( 'NONE',  ( 0.000000000000000000, 0.000000000000000000, -1.000000000000000000 ) ) ;
#201 = EDGE_LOOP ( 'NONE', ( #781, #48, #1199, #998 ) ) ;
#202 = DIRECTION ( 'NONE',  ( -1.000000000000000000, 0.000000000000000000, 0.000000000000000000 ) ) ;
#203 = EDGE_LOOP ( 'NONE', ( #314, #1269, #1715, #1773 ) ) ;
#204 = VECTOR ( 'NONE', #1038, 1000.000000000000000 ) ;
#205 = CARTESIAN_POINT ( 'NONE',  ( -0.9679999999999994165, -0.6933333333333332460, 0.6649999999999999245 ) ) ;
#206 = EDGE_CURVE ( 'NONE', #1290, #957, #1235, .T. ) ;
#207 = ORIENTED_EDGE ( 'NONE', *, *, #1580, .T. ) ;
#208 = DIRECTION ( 'NONE',  ( 0.000000000000000000, 0.000000000000000000, -1.000000000000000000 ) ) ;
#209 = LINE ( 'NONE', #44, #994 ) ;
#210 = CARTESIAN_POINT ( 'NONE',  ( 0.9649999999999997469, 0.000000000000000000, -0.03500000000000000333 ) ) ;
#211 = ORIENTED_EDGE ( 'NONE', *, *, #599, .T. ) ;
#212 = DIRECTION ( 'NONE',  ( -0.000000000000000000, 0.000000000000000000, 1.000000000000000000 ) ) ;
#213 = LINE ( 'NONE', #849, #531 ) ;
#214 = VECTOR ( 'NONE', #1959, 1000.000000000000000 ) ;
#215 = CARTESIAN_POINT ( 'NONE',  ( -0.3366666666666668362, -0.7897487373415288392, -0.01025126265847093460 ) ) ;
#216 = VERTEX_POINT ( 'NONE', #1537 ) ;
#217 = AXIS2_PLACEMENT_3D ( 'NONE', #793, #934, #436 ) ;
#218 = DIRECTION ( 'NONE',  ( -0.000000000000000000, -0.7071067811865499042, 0.7071067811865451302 ) ) ;
#219 = CARTESIAN_POINT ( 'NONE',  ( 0.2649999999999999578, 0.8000000000000002665, -0.03500000000000000333 ) ) ;
#220 = ORIENTED_EDGE ( 'NONE', *, *, #1639, .F. ) ;
#221 = CARTESIAN_POINT ( 'NONE',  ( -0.3500000000000000888, 0.7650000000000001243, 0.000000000000000000 ) ) ;
#222 = EDGE_CURVE ( 'NONE', #1084, #660, #1080, .T. ) ;
#223 = DIRECTION ( 'NONE',  ( -1.000000000000000000, 0.000000000000000000, 0.000000000000000000 ) ) ;
#224 = VERTEX_POINT ( 'NONE', #622 ) ;
#225 = CARTESIAN_POINT ( 'NONE',  ( -0.8933333333333328685, -0.7999999999999998224, 0.6329999999999995630 ) ) ;
#226 = PLANE ( 'NONE',  #298 ) ;
#227 = DIRECTION ( 'NONE',  ( 0.000000000000000000, -0.7071067811865451302, -0.7071067811865499042 ) ) ;
#228 = DIRECTION ( 'NONE',  ( 1.000000000000000000, 0.000000000000000000, 0.000000000000000000 ) ) ;
#229 = EDGE_CURVE ( 'NONE', #840, #1262, #952, .T. ) ;
#230 = ORIENTED_EDGE ( 'NONE', *, *, #1034, .T. ) ;
#231 = PRODUCT_DEFINITION_CONTEXT ( 'detailed design', #1237, 'design' ) ;
#232 = CARTESIAN_POINT ( 'NONE',  ( 1.000000000000000000, -0.6933333333333332460, 0.6329999999999995630 ) ) ;
#233 = AXIS2_PLACEMENT_3D ( 'NONE', #2032, #780, #1049 ) ;
#234 = DIRECTION ( 'NONE',  ( -1.000000000000000000, 0.000000000000000000, -0.000000000000000000 ) ) ;
#235 = PLANE ( 'NONE',  #1260 ) ;
#236 = EDGE_CURVE ( 'NONE', #402, #1934, #1444, .T. ) ;
#237 = ORIENTED_EDGE ( 'NONE', *, *, #1448, .F. ) ;
#238 = AXIS2_PLACEMENT_3D ( 'NONE', #1595, #36, #503 ) ;
#239 = VECTOR ( 'NONE', #194, 1000.000000000000000 ) ;
#240 = DIRECTION ( 'NONE',  ( 1.000000000000000000, 0.000000000000000000, 0.000000000000000000 ) ) ;
#241 = PLANE ( 'NONE',  #1157 ) ;
#242 = DIRECTION ( 'NONE',  ( -1.000000000000000000, -0.000000000000000000, -0.000000000000000000 ) ) ;
#243 = DIRECTION ( 'NONE',  ( -0.000000000000000000, 0.000000000000000000, 1.000000000000000000 ) ) ;
#244 = VERTEX_POINT ( 'NONE', #766 ) ;
#245 = DIRECTION ( 'NONE',  ( 0.000000000000000000, -1.000000000000000000, 0.000000000000000000 ) ) ;
#246 = LINE ( 'NONE', #689, #1168 ) ;
#247 = FACE_OUTER_BOUND ( 'NONE', #125, .T. ) ;
#248 = EDGE_LOOP ( 'NONE', ( #494, #312, #504, #598 ) ) ;
#249 = CARTESIAN_POINT ( 'NONE',  ( -0.3791276972356084074, 0.8000000000000002665, -4.902825444011958204E-18 ) ) ;
#250 = CIRCLE ( 'NONE', #617, 0.03500000000000000333 ) ;
#251 = FACE_OUTER_BOUND ( 'NONE', #1442, .T. ) ;
#252 = PLANE ( 'NONE',  #453 ) ;
#253 = EDGE_CURVE ( 'NONE', #1966, #1457, #143, .T. ) ;
#254 = AXIS2_PLACEMENT_3D ( 'NONE', #283, #1400, #1075 ) ;
#255 = PLANE ( 'NONE',  #1282 ) ;
#256 = LINE ( 'NONE', #1674, #1411 ) ;
#257 =( GEOMETRIC_REPRESENTATION_CONTEXT ( 3 ) GLOBAL_UNCERTAINTY_ASSIGNED_CONTEXT ( ( #858 ) ) GLOBAL_UNIT_ASSIGNED_CONTEXT ( ( #1047, #1093, #123 ) ) REPRESENTATION_CONTEXT ( 'NONE', 'WORKASPACE' ) );
#258 = CARTESIAN_POINT ( 'NONE',  ( -0.8933333333333328685, -0.7999999999999998224, 1.084202172485504434E-16 ) ) ;
#259 = FACE_OUTER_BOUND ( 'NONE', #1923, .T. ) ;
#260 = ORIENTED_EDGE ( 'NONE', *, *, #1102, .T. ) ;
#261 = CARTESIAN_POINT ( 'NONE',  ( -0.3500000000000000888, 0.6933333333333334680, 0.000000000000000000 ) ) ;
#262 = DIRECTION ( 'NONE',  ( 1.000000000000000000, -1.355252715606880543E-16, 0.000000000000000000 ) ) ;
#263 = CIRCLE ( 'NONE', #1324, 0.1066666666666666874 ) ;
#264 = DIRECTION ( 'NONE',  ( -0.000000000000000000, 0.7071067811865499042, 0.7071067811865451302 ) ) ;
#265 = DIRECTION ( 'NONE',  ( 0.000000000000000000, 0.7071067811865499042, -0.7071067811865451302 ) ) ;
#266 = ADVANCED_FACE ( 'NONE', ( #940 ), #1545, .T. ) ;
#267 = PLANE ( 'NONE',  #1370 ) ;
#268 = PRODUCT_CONTEXT ( 'NONE', #879, 'mechanical' ) ;
#269 = FACE_OUTER_BOUND ( 'NONE', #284, .T. ) ;
#270 = ORIENTED_EDGE ( 'NONE', *, *, #1391, .F. ) ;
#271 = EDGE_CURVE ( 'NONE', #792, #1457, #930, .T. ) ;
#272 = CARTESIAN_POINT ( 'NONE',  ( 0.8933333333333332016, -0.7999999999999998224, 0.6649999999999999245 ) ) ;
#273 = AXIS2_PLACEMENT_3D ( 'NONE', #442, #278, #779 ) ;
#274 = FACE_OUTER_BOUND ( 'NONE', #1962, .T. ) ;
#275 = CIRCLE ( 'NONE', #437, 0.07166666666666671182 ) ;
#276 = FACE_OUTER_BOUND ( 'NONE', #331, .T. ) ;
#277 = EDGE_LOOP ( 'NONE', ( #2052, #1099, #148, #693 ) ) ;
#278 = DIRECTION ( 'NONE',  ( 0.000000000000000000, -0.000000000000000000, -1.000000000000000000 ) ) ;
#279 = SURFACE_STYLE_FILL_AREA ( #1865 ) ;
#280 = ADVANCED_FACE ( 'NONE', ( #745 ), #916, .T. ) ;
#281 = AXIS2_PLACEMENT_3D ( 'NONE', #354, #834, #518 ) ;
#282 = VERTEX_POINT ( 'NONE', #1233 ) ;
#283 = CARTESIAN_POINT ( 'NONE',  ( 1.000000000000000000, 0.8000000000000002665, 0.6649999999999999245 ) ) ;
#284 = EDGE_LOOP ( 'NONE', ( #736, #2024, #670, #658 ) ) ;
#285 = PRODUCT_DEFINITION ( 'UNKNOWN', '', #1689, #83 ) ;
#286 = CARTESIAN_POINT ( 'NONE',  ( -0.9999999999999995559, -0.7999999999999998224, 0.000000000000000000 ) ) ;
#287 = LINE ( 'NONE', #797, #1482 ) ;
#288 = AXIS2_PLACEMENT_3D ( 'NONE', #968, #628, #1555 ) ;
#289 = AXIS2_PLACEMENT_3D ( 'NONE', #1876, #114, #1368 ) ;
#290 = ORIENTED_EDGE ( 'NONE', *, *, #1902, .F. ) ;
#291 = DIRECTION ( 'NONE',  ( 0.000000000000000000, 0.000000000000000000, -1.000000000000000000 ) ) ;
#292 =( NAMED_UNIT ( * ) PLANE_ANGLE_UNIT ( ) SI_UNIT ( $, .RADIAN. ) );
#293 = CARTESIAN_POINT ( 'NONE',  ( 0.9679999999999998606, -0.6933333333333332460, 0.6649999999999999245 ) ) ;
#294 = ORIENTED_EDGE ( 'NONE', *, *, #1410, .T. ) ;
#295 = EDGE_CURVE ( 'NONE', #301, #350, #152, .T. ) ;
#296 = DIRECTION ( 'NONE',  ( -0.000000000000000000, -0.000000000000000000, -1.000000000000000000 ) ) ;
#297 = ORIENTED_EDGE ( 'NONE', *, *, #1838, .F. ) ;
#298 = AXIS2_PLACEMENT_3D ( 'NONE', #854, #864, #1167 ) ;
#299 = DIRECTION ( 'NONE',  ( 0.000000000000000000, -0.000000000000000000, -1.000000000000000000 ) ) ;
#300 = EDGE_CURVE ( 'NONE', #1290, #1449, #1710, .T. ) ;
#301 = VERTEX_POINT ( 'NONE', #1864 ) ;
#302 = CARTESIAN_POINT ( 'NONE',  ( -0.2650000000000000688, 3.591419696358234054E-17, -0.03500000000000000333 ) ) ;
#303 = DIRECTION ( 'NONE',  ( 0.000000000000000000, 0.000000000000000000, 1.000000000000000000 ) ) ;
#304 = CARTESIAN_POINT ( 'NONE',  ( 0.2783333333333334325, -0.7649999999999999023, 0.03500000000000000333 ) ) ;
#305 = ORIENTED_EDGE ( 'NONE', *, *, #1152, .F. ) ;
#306 = VECTOR ( 'NONE', #597, 1000.000000000000114 ) ;
#307 = CARTESIAN_POINT ( 'NONE',  ( -0.2650000000000001799, -0.6933333333333332460, 0.000000000000000000 ) ) ;
#308 = ORIENTED_EDGE ( 'NONE', *, *, #1638, .F. ) ;
#309 = SURFACE_STYLE_USAGE ( .BOTH. , #967 ) ;
#310 = ORIENTED_EDGE ( 'NONE', *, *, #703, .T. ) ;
#311 = DIRECTION ( 'NONE',  ( 0.000000000000000000, 0.000000000000000000, 1.000000000000000000 ) ) ;
#312 = ORIENTED_EDGE ( 'NONE', *, *, #206, .T. ) ;
#313 = CARTESIAN_POINT ( 'NONE',  ( 0.3823339660769376480, -0.7999999999999998224, 3.138337574463624159E-16 ) ) ;
#314 = ORIENTED_EDGE ( 'NONE', *, *, #1775, .F. ) ;
#315 = PRESENTATION_STYLE_ASSIGNMENT (( #309 ) ) ;
#316 = FACE_OUTER_BOUND ( 'NONE', #514, .T. ) ;
#317 = EDGE_CURVE ( 'NONE', #1315, #1945, #601, .T. ) ;
#318 = VECTOR ( 'NONE', #326, 1000.000000000000000 ) ;
#319 = ORIENTED_EDGE ( 'NONE', *, *, #56, .T. ) ;
#320 = DIRECTION ( 'NONE',  ( -1.355252715606880543E-16, -1.000000000000000000, 0.000000000000000000 ) ) ;
#321 = AXIS2_PLACEMENT_3D ( 'NONE', #1765, #1144, #655 ) ;
#322 = PRODUCT ( 'body_\X2\9ed88ba4\X0\', 'body_\X2\9ed88ba4\X0\', '', ( #1397 ) ) ;
#323 = VERTEX_POINT ( 'NONE', #1570 ) ;
#324 = VERTEX_POINT ( 'NONE', #130 ) ;
#325 = LINE ( 'NONE', #171, #754 ) ;
#326 = DIRECTION ( 'NONE',  ( 0.000000000000000000, -0.000000000000000000, 1.000000000000000000 ) ) ;
#327 = AXIS2_PLACEMENT_3D ( 'NONE', #536, #1178, #833 ) ;
#328 = EDGE_CURVE ( 'NONE', #52, #1084, #1771, .T. ) ;
#329 = ORIENTED_EDGE ( 'NONE', *, *, #661, .F. ) ;
#330 = CARTESIAN_POINT ( 'NONE',  ( 0.3500000000000000333, -0.6933333333333332460, 0.03500000000000000333 ) ) ;
#331 = EDGE_LOOP ( 'NONE', ( #337, #1195, #332, #620, #722 ) ) ;
#332 = ORIENTED_EDGE ( 'NONE', *, *, #300, .T. ) ;
#333 = ADVANCED_FACE ( 'NONE', ( #609 ), #465, .T. ) ;
#334 = DIRECTION ( 'NONE',  ( 0.000000000000000000, -0.000000000000000000, -1.000000000000000000 ) ) ;
#335 = DIRECTION ( 'NONE',  ( -1.000000000000000000, 0.000000000000000000, 0.000000000000000000 ) ) ;
#336 = EDGE_CURVE ( 'NONE', #666, #324, #667, .T. ) ;
#337 = ORIENTED_EDGE ( 'NONE', *, *, #1984, .F. ) ;
#338 = DIRECTION ( 'NONE',  ( 0.7071067811865499042, 0.000000000000000000, 0.7071067811865451302 ) ) ;
#339 = ORIENTED_EDGE ( 'NONE', *, *, #469, .T. ) ;
#340 = EDGE_LOOP ( 'NONE', ( #923, #2046, #1808, #1726 ) ) ;
#341 = DIRECTION ( 'NONE',  ( 0.000000000000000000, 0.000000000000000000, 1.000000000000000000 ) ) ;
#342 = CARTESIAN_POINT ( 'NONE',  ( -0.9650000000000003020, -0.6933333333333331350, 0.000000000000000000 ) ) ;
#343 = FACE_OUTER_BOUND ( 'NONE', #1153, .T. ) ;
#344 = EDGE_LOOP ( 'NONE', ( #1358, #697, #524, #168 ) ) ;
#345 = DIRECTION ( 'NONE',  ( -0.7071067811865452413, 0.000000000000000000, 0.7071067811865499042 ) ) ;
#346 = AXIS2_PLACEMENT_3D ( 'NONE', #506, #1774, #14 ) ;
#347 = EDGE_LOOP ( 'NONE', ( #1445, #1911, #747, #2006 ) ) ;
#348 = VECTOR ( 'NONE', #1042, 1000.000000000000000 ) ;
#349 = ADVANCED_FACE ( 'NONE', ( #790 ), #1474, .F. ) ;
#350 = VERTEX_POINT ( 'NONE', #964 ) ;
#351 = DIRECTION ( 'NONE',  ( 0.000000000000000000, 0.000000000000000000, -1.000000000000000000 ) ) ;
#352 = DIRECTION ( 'NONE',  ( 1.000000000000000000, -1.408054769461693942E-16, -0.000000000000000000 ) ) ;
#353 = SHAPE_REPRESENTATION ( 'FTC201607S', ( #515, #820, #621, #1551 ), #257 ) ;
#354 = CARTESIAN_POINT ( 'NONE',  ( 0.3366666666666664476, -0.6933333333333332460, -0.03500000000000000333 ) ) ;
#355 = ORIENTED_EDGE ( 'NONE', *, *, #545, .T. ) ;
#356 = FACE_OUTER_BOUND ( 'NONE', #193, .T. ) ;
#357 = EDGE_CURVE ( 'NONE', #216, #1256, #1932, .T. ) ;
#358 = DIRECTION ( 'NONE',  ( -0.000000000000000000, 0.000000000000000000, 1.000000000000000000 ) ) ;
#359 = VECTOR ( 'NONE', #1367, 1000.000000000000000 ) ;
#360 = VERTEX_POINT ( 'NONE', #837 ) ;
#361 =( LENGTH_UNIT ( ) NAMED_UNIT ( * ) SI_UNIT ( .MILLI., .METRE. ) );
#362 = LINE ( 'NONE', #1644, #1348 ) ;
#363 = CARTESIAN_POINT ( 'NONE',  ( -0.9650000000000003020, -0.6933333333333331350, -0.03500000000000000333 ) ) ;
#364 = CARTESIAN_POINT ( 'NONE',  ( -0.3366666666666666696, 0.7897487373415293943, -0.01025126265847089123 ) ) ;
#365 = VERTEX_POINT ( 'NONE', #1278 ) ;
#366 = CARTESIAN_POINT ( 'NONE',  ( -0.8933333333333333126, 0.6933333333333335791, -0.03500000000000000333 ) ) ;
#367 = ADVANCED_FACE ( 'NONE', ( #1922 ), #668, .F. ) ;
#368 = DIRECTION ( 'NONE',  ( 0.000000000000000000, 0.000000000000000000, -1.000000000000000000 ) ) ;
#369 = ORIENTED_EDGE ( 'NONE', *, *, #357, .T. ) ;
#370 = CARTESIAN_POINT ( 'NONE',  ( -0.2155025253169417510, 2.920603826559258023E-17, 0.000000000000000000 ) ) ;
#371 = LINE ( 'NONE', #1031, #1992 ) ;
#372 = CARTESIAN_POINT ( 'NONE',  ( 0.2649999999999997358, -0.6933333333333332460, 0.000000000000000000 ) ) ;
#373 = VERTEX_POINT ( 'NONE', #1266 ) ;
#374 = EDGE_CURVE ( 'NONE', #324, #1553, #2070, .T. ) ;
#375 = EDGE_CURVE ( 'NONE', #323, #492, #1130, .T. ) ;
#376 = FACE_OUTER_BOUND ( 'NONE', #1330, .T. ) ;
#377 = DIRECTION ( 'NONE',  ( -1.000000000000000000, 1.355252715606880543E-16, 0.000000000000000000 ) ) ;
#378 = AXIS2_PLACEMENT_3D ( 'NONE', #938, #959, #172 ) ;
#379 = CARTESIAN_POINT ( 'NONE',  ( 0.3366666666666665586, 0.7649999999999999023, -0.03500000000000000333 ) ) ;
#380 = EDGE_LOOP ( 'NONE', ( #1347, #1729, #26, #1413 ) ) ;
#381 = CIRCLE ( 'NONE', #1884, 0.07166666666666665630 ) ;
#382 = EDGE_CURVE ( 'NONE', #1759, #23, #1239, .T. ) ;
#383 = DIRECTION ( 'NONE',  ( -1.000000000000000000, 0.000000000000000000, -0.000000000000000000 ) ) ;
#384 = MECHANICAL_DESIGN_GEOMETRIC_PRESENTATION_REPRESENTATION (  '', ( #1456 ), #1389 ) ;
#385 = LINE ( 'NONE', #1682, #40 ) ;
#386 = DIRECTION ( 'NONE',  ( 1.000000000000000000, 0.000000000000000000, 0.000000000000000000 ) ) ;
#387 = ORIENTED_EDGE ( 'NONE', *, *, #1161, .T. ) ;
#388 = SURFACE_STYLE_USAGE ( .BOTH. , #1012 ) ;
#389 = ADVANCED_FACE ( 'NONE', ( #356 ), #817, .T. ) ;
#390 = DIRECTION ( 'NONE',  ( 1.000000000000000000, 0.000000000000000000, 0.000000000000000000 ) ) ;
#391 = LINE ( 'NONE', #379, #942 ) ;
#392 = EDGE_LOOP ( 'NONE', ( #1129, #62, #2064, #576 ) ) ;
#393 = CARTESIAN_POINT ( 'NONE',  ( 0.8933333333333330906, -0.6933333333333332460, 0.000000000000000000 ) ) ;
#394 = DIRECTION ( 'NONE',  ( -0.000000000000000000, -0.000000000000000000, -1.000000000000000000 ) ) ;
#395 = FACE_OUTER_BOUND ( 'NONE', #133, .T. ) ;
#396 = CARTESIAN_POINT ( 'NONE',  ( 0.3366666666666663366, -0.6933333333333331350, -0.03500000000000000333 ) ) ;
#397 = VERTEX_POINT ( 'NONE', #501 ) ;
#398 = VECTOR ( 'NONE', #144, 1000.000000000000000 ) ;
#399 = CARTESIAN_POINT ( 'NONE',  ( 0.3499999999999998668, 0.6933333333333334680, 0.03500000000000000333 ) ) ;
#400 =( NAMED_UNIT ( * ) PLANE_ANGLE_UNIT ( ) SI_UNIT ( $, .RADIAN. ) );
#401 = CARTESIAN_POINT ( 'NONE',  ( -0.2402512626584711319, -0.6933333333333331350, -0.01025126265847089470 ) ) ;
#402 = VERTEX_POINT ( 'NONE', #475 ) ;
#403 = AXIS2_PLACEMENT_3D ( 'NONE', #456, #291, #585 ) ;
#404 = EDGE_CURVE ( 'NONE', #244, #107, #1027, .T. ) ;
#405 = AXIS2_PLACEMENT_3D ( 'NONE', #1972, #881, #1160 ) ;
#406 = CARTESIAN_POINT ( 'NONE',  ( 0.9650000000000000799, 0.6933333333333335791, -0.03500000000000000333 ) ) ;
#407 = LINE ( 'NONE', #568, #165 ) ;
#408 = CARTESIAN_POINT ( 'NONE',  ( -0.8933333333333328685, -0.7679999999999996829, 0.6649999999999999245 ) ) ;
#409 = DIRECTION ( 'NONE',  ( -1.355252715606880543E-16, -1.000000000000000000, 0.000000000000000000 ) ) ;
#410 =( LENGTH_UNIT ( ) NAMED_UNIT ( * ) SI_UNIT ( .MILLI., .METRE. ) );
#411 = CARTESIAN_POINT ( 'NONE',  ( 0.8933333333333332016, -0.7999999999999998224, 3.252606517456513302E-16 ) ) ;
#412 = CARTESIAN_POINT ( 'NONE',  ( 1.000000000000000000, -0.6933333333333332460, 0.6329999999999995630 ) ) ;
#413 = ORIENTED_EDGE ( 'NONE', *, *, #971, .F. ) ;
#414 = AXIS2_PLACEMENT_3D ( 'NONE', #776, #605, #1439 ) ;
#415 = EDGE_CURVE ( 'NONE', #1326, #1306, #1610, .T. ) ;
#416 = PLANE ( 'NONE',  #619 ) ;
#417 = CARTESIAN_POINT ( 'NONE',  ( 0.9650000000000000799, 0.8000000000000002665, 0.000000000000000000 ) ) ;
#418 = LINE ( 'NONE', #1669, #579 ) ;
#419 = CIRCLE ( 'NONE', #1319, 0.07466666666666656182 ) ;
#420 = CARTESIAN_POINT ( 'NONE',  ( 0.3366666666666666141, 0.6933333333333335791, -0.03500000000000000333 ) ) ;
#421 = AXIS2_PLACEMENT_3D ( 'NONE', #1220, #264, #1993 ) ;
#422 = ORIENTED_EDGE ( 'NONE', *, *, #502, .F. ) ;
#423 = DIRECTION ( 'NONE',  ( -1.000000000000000000, 1.408054769461693942E-16, 0.000000000000000000 ) ) ;
#424 = EDGE_CURVE ( 'NONE', #1780, #936, #1458, .T. ) ;
#425 = APPLICATION_PROTOCOL_DEFINITION ( 'draft international standard', 'automotive_design', 1998, #879 ) ;
#426 = DIRECTION ( 'NONE',  ( 0.000000000000000000, 0.000000000000000000, -1.000000000000000000 ) ) ;
#427 = ORIENTED_EDGE ( 'NONE', *, *, #1244, .F. ) ;
#428 = LINE ( 'NONE', #67, #153 ) ;
#429 = VECTOR ( 'NONE', #899, 1000.000000000000114 ) ;
#430 = LINE ( 'NONE', #1193, #681 ) ;
#431 = CARTESIAN_POINT ( 'NONE',  ( -0.9649999999999997469, -0.6933333333333332460, -0.03500000000000000333 ) ) ;
#432 = ORIENTED_EDGE ( 'NONE', *, *, #1096, .F. ) ;
#433 = CARTESIAN_POINT ( 'NONE',  ( -0.3500000000000000888, 0.7650000000000001243, 0.03500000000000000333 ) ) ;
#434 = CARTESIAN_POINT ( 'NONE',  ( 0.3704260259710876468, 0.7986304902553942320, -0.001369509744605669531 ) ) ;
#435 = ORIENTED_EDGE ( 'NONE', *, *, #874, .T. ) ;
#436 = DIRECTION ( 'NONE',  ( 1.000000000000000000, 0.000000000000000000, 0.000000000000000000 ) ) ;
#437 = AXIS2_PLACEMENT_3D ( 'NONE', #1488, #712, #1004 ) ;
#438 = EDGE_LOOP ( 'NONE', ( #160, #633, #2010, #1109 ) ) ;
#439 = AXIS2_PLACEMENT_3D ( 'NONE', #1465, #338, #642 ) ;
#440 = FACE_OUTER_BOUND ( 'NONE', #1515, .T. ) ;
#441 = EDGE_CURVE ( 'NONE', #1792, #1206, #28, .T. ) ;
#442 = CARTESIAN_POINT ( 'NONE',  ( -0.3366666666666666696, 0.6933333333333335791, -0.01025126265847089470 ) ) ;
#443 = VECTOR ( 'NONE', #47, 1000.000000000000000 ) ;
#444 = ITEM_DEFINED_TRANSFORMATION ( 'NONE', 'NONE', #820,  #549 ) ;
#445 = LINE ( 'NONE', #304, #1767 ) ;
#446 = ORIENTED_EDGE ( 'NONE', *, *, #2025, .T. ) ;
#447 = CARTESIAN_POINT ( 'NONE',  ( 0.8933333333333333126, 0.6933333333333335791, 0.000000000000000000 ) ) ;
#448 = ORIENTED_EDGE ( 'NONE', *, *, #177, .F. ) ;
#449 = EDGE_CURVE ( 'NONE', #1930, #1945, #978, .T. ) ;
#450 = CARTESIAN_POINT ( 'NONE',  ( -0.3823339660769387027, -0.7999999999999998224, 1.061348383886928085E-16 ) ) ;
#451 = DIRECTION ( 'NONE',  ( 0.000000000000000000, -0.000000000000000000, 1.000000000000000000 ) ) ;
#452 = VECTOR ( 'NONE', #993, 1000.000000000000000 ) ;
#453 = AXIS2_PLACEMENT_3D ( 'NONE', #1032, #93, #589 ) ;
#454 = VERTEX_POINT ( 'NONE', #16 ) ;
#455 = VECTOR ( 'NONE', #161, 1000.000000000000000 ) ;
#456 = CARTESIAN_POINT ( 'NONE',  ( 0.8933333333333333126, -0.6933333333333332460, 0.6649999999999999245 ) ) ;
#457 = CARTESIAN_POINT ( 'NONE',  ( -0.2402512626584709099, 0.6933333333333335791, -0.01025126265847090164 ) ) ;
#458 = ORIENTED_EDGE ( 'NONE', *, *, #646, .T. ) ;
#459 = CARTESIAN_POINT ( 'NONE',  ( -1.000000000000000000, 0.6933333333333335791, 0.6649999999999999245 ) ) ;
#460 = ORIENTED_EDGE ( 'NONE', *, *, #657, .T. ) ;
#461 = MECHANICAL_DESIGN_GEOMETRIC_PRESENTATION_REPRESENTATION (  '', ( #1293 ), #1060 ) ;
#462 = DIRECTION ( 'NONE',  ( 1.000000000000000000, 0.000000000000000000, 0.000000000000000000 ) ) ;
#463 = DIRECTION ( 'NONE',  ( 0.000000000000000000, 0.000000000000000000, 1.000000000000000000 ) ) ;
#464 = AXIS2_PLACEMENT_3D ( 'NONE', #523, #1321, #1188 ) ;
#465 = PLANE ( 'NONE',  #772 ) ;
#466 = CARTESIAN_POINT ( 'NONE',  ( 0.2649999999999999578, 0.6933333333333335791, 0.000000000000000000 ) ) ;
#467 = VERTEX_POINT ( 'NONE', #987 ) ;
#468 = LINE ( 'NONE', #459, #2055 ) ;
#469 = EDGE_CURVE ( 'NONE', #142, #244, #1148, .T. ) ;
#470 = ORIENTED_EDGE ( 'NONE', *, *, #1909, .F. ) ;
#471 = CARTESIAN_POINT ( 'NONE',  ( -0.8933333333333333126, 0.8000000000000002665, 1.084202172485505913E-16 ) ) ;
#472 = CARTESIAN_POINT ( 'NONE',  ( 0.9999999999999997780, 0.6933333333333335791, 0.6329999999999995630 ) ) ;
#473 = VECTOR ( 'NONE', #1700, 1000.000000000000000 ) ;
#474 = ORIENTED_EDGE ( 'NONE', *, *, #1709, .F. ) ;
#475 = CARTESIAN_POINT ( 'NONE',  ( -0.3366666666666666141, 0.7650000000000001243, 0.000000000000000000 ) ) ;
#476 = ORIENTED_EDGE ( 'NONE', *, *, #295, .T. ) ;
#477 = AXIS2_PLACEMENT_3D ( 'NONE', #1334, #1961, #22 ) ;
#478 = CARTESIAN_POINT ( 'NONE',  ( 0.3491951835534016224, -0.7999999999999998224, -0.002820098762353799061 ) ) ;
#479 = ORIENTED_EDGE ( 'NONE', *, *, #795, .T. ) ;
#480 =( NAMED_UNIT ( * ) PLANE_ANGLE_UNIT ( ) SI_UNIT ( $, .RADIAN. ) );
#481 = EDGE_CURVE ( 'NONE', #660, #1952, #485, .T. ) ;
#482 = DIRECTION ( 'NONE',  ( -0.000000000000000000, 0.000000000000000000, 1.000000000000000000 ) ) ;
#483 = AXIS2_PLACEMENT_3D ( 'NONE', #1045, #1981, #409 ) ;
#484 = ORIENTED_EDGE ( 'NONE', *, *, #980, .T. ) ;
#485 = LINE ( 'NONE', #1124, #1137 ) ;
#486 = AXIS2_PLACEMENT_3D ( 'NONE', #913, #1836, #550 ) ;
#487 = ORIENTED_EDGE ( 'NONE', *, *, #1096, .T. ) ;
#488 = ADVANCED_FACE ( 'NONE', ( #1760 ), #996, .T. ) ;
#489 = ORIENTED_EDGE ( 'NONE', *, *, #1556, .F. ) ;
#490 = CARTESIAN_POINT ( 'NONE',  ( -0.2650000000000001799, -0.6933333333333332460, -0.03500000000000000333 ) ) ;
#491 = AXIS2_PLACEMENT_3D ( 'NONE', #1173, #1359, #1809 ) ;
#492 = VERTEX_POINT ( 'NONE', #1337 ) ;
#493 = DIRECTION ( 'NONE',  ( 0.000000000000000000, 0.000000000000000000, -1.000000000000000000 ) ) ;
#494 = ORIENTED_EDGE ( 'NONE', *, *, #300, .F. ) ;
#495 = VERTEX_POINT ( 'NONE', #520 ) ;
#496 = SURFACE_STYLE_FILL_AREA ( #884 ) ;
#497 = CARTESIAN_POINT ( 'NONE',  ( -0.2791951835534011717, 0.8000000000000002665, 0.000000000000000000 ) ) ;
#498 = CARTESIAN_POINT ( 'NONE',  ( -0.2155025253169417510, 2.920603826559258639E-17, -0.03500000000000000333 ) ) ;
#499 = ORIENTED_EDGE ( 'NONE', *, *, #2042, .T. ) ;
#500 = CLOSED_SHELL ( 'NONE', ( #1860, #1056, #190, #590, #1527, #896, #749, #488, #727, #563 ) ) ;
#501 = CARTESIAN_POINT ( 'NONE',  ( 0.2791951835534015047, -0.7999999999999998224, 0.000000000000000000 ) ) ;
#502 = EDGE_CURVE ( 'NONE', #1643, #1828, #1301, .T. ) ;
#503 = DIRECTION ( 'NONE',  ( -1.000000000000000000, 0.000000000000000000, 0.000000000000000000 ) ) ;
#504 = ORIENTED_EDGE ( 'NONE', *, *, #1196, .T. ) ;
#505 = CARTESIAN_POINT ( 'NONE',  ( -0.3500000000000000888, 0.6933333333333334680, 0.03500000000000000333 ) ) ;
#506 = CARTESIAN_POINT ( 'NONE',  ( -0.9679999999999996385, -2.623769257414919744E-16, 0.6649999999999999245 ) ) ;
#507 = EDGE_CURVE ( 'NONE', #744, #1007, #675, .T. ) ;
#508 = DIRECTION ( 'NONE',  ( -1.355252715606880296E-16, -1.000000000000000000, 0.000000000000000000 ) ) ;
#509 = VERTEX_POINT ( 'NONE', #1036 ) ;
#510 = CARTESIAN_POINT ( 'NONE',  ( -0.2791951835534013937, -0.7999999999999998224, 0.000000000000000000 ) ) ;
#511 = VECTOR ( 'NONE', #1346, 1000.000000000000114 ) ;
#512 = ORIENTED_EDGE ( 'NONE', *, *, #1410, .F. ) ;
#513 = CIRCLE ( 'NONE', #1149, 0.07166666666666671182 ) ;
#514 = EDGE_LOOP ( 'NONE', ( #1265, #12, #1437, #1238 ) ) ;
#515 = AXIS2_PLACEMENT_3D ( 'NONE', #98, #303, #941 ) ;
#516 = CARTESIAN_POINT ( 'NONE',  ( 0.8933333333333333126, 0.7650000000000002354, 0.000000000000000000 ) ) ;
#517 = CARTESIAN_POINT ( 'NONE',  ( 0.8933333333333333126, 0.6933333333333335791, -0.03500000000000000333 ) ) ;
#518 = DIRECTION ( 'NONE',  ( 1.000000000000000000, 0.000000000000000000, 0.000000000000000000 ) ) ;
#519 = ORIENTED_EDGE ( 'NONE', *, *, #741, .T. ) ;
#520 = CARTESIAN_POINT ( 'NONE',  ( -0.2155025253169416677, 0.6933333333333335791, 0.000000000000000000 ) ) ;
#521 = CARTESIAN_POINT ( 'NONE',  ( -0.3366666666666666696, 0.6933333333333335791, 0.000000000000000000 ) ) ;
#522 = CONICAL_SURFACE ( 'NONE', #464, 0.07466666666666656182, 0.7853981633974447263 ) ;
#523 = CARTESIAN_POINT ( 'NONE',  ( -0.8933333333333333126, 0.6933333333333335791, 0.6649999999999999245 ) ) ;
#524 = ORIENTED_EDGE ( 'NONE', *, *, #525, .F. ) ;
#525 = EDGE_CURVE ( 'NONE', #1262, #492, #256, .T. ) ;
#526 = CARTESIAN_POINT ( 'NONE',  ( 0.3366666666666663366, -0.6933333333333331350, -0.03500000000000000333 ) ) ;
#527 = DIRECTION ( 'NONE',  ( 1.000000000000000000, 0.000000000000000000, 0.000000000000000000 ) ) ;
#528 = CARTESIAN_POINT ( 'NONE',  ( 1.077161898638196186E-16, 0.7650000000000001243, 0.000000000000000000 ) ) ;
#529 = ORIENTED_EDGE ( 'NONE', *, *, #1769, .F. ) ;
#530 = FACE_OUTER_BOUND ( 'NONE', #944, .T. ) ;
#531 = VECTOR ( 'NONE', #1801, 1000.000000000000000 ) ;
#532 = DIRECTION ( 'NONE',  ( 0.000000000000000000, 1.000000000000000000, 0.000000000000000000 ) ) ;
#533 = DIRECTION ( 'NONE',  ( -0.000000000000000000, 0.000000000000000000, 1.000000000000000000 ) ) ;
#534 = VERTEX_POINT ( 'NONE', #1183 ) ;
#535 = CARTESIAN_POINT ( 'NONE',  ( 0.8933333333333333126, 0.7650000000000002354, -0.03500000000000000333 ) ) ;
#536 = CARTESIAN_POINT ( 'NONE',  ( 0.3366666666666664476, -0.6933333333333332460, 0.000000000000000000 ) ) ;
#537 = EDGE_CURVE ( 'NONE', #1206, #840, #1316, .T. ) ;
#538 = DIRECTION ( 'NONE',  ( 0.000000000000000000, 0.000000000000000000, -1.000000000000000000 ) ) ;
#539 = ORIENTED_EDGE ( 'NONE', *, *, #1652, .F. ) ;
#540 = UNCERTAINTY_MEASURE_WITH_UNIT (LENGTH_MEASURE( 1.000000000000000082E-05 ), #189, 'distance_accuracy_value', 'NONE');
#541 = CARTESIAN_POINT ( 'NONE',  ( -0.8933333333333333126, 0.7650000000000002354, -0.03500000000000000333 ) ) ;
#542 = LINE ( 'NONE', #1328, #174 ) ;
#543 = VECTOR ( 'NONE', #2028, 1000.000000000000000 ) ;
#544 = CARTESIAN_POINT ( 'NONE',  ( -0.8933333333333333126, 0.8000000000000002665, 0.6329999999999995630 ) ) ;
#545 = EDGE_CURVE ( 'NONE', #868, #1743, #845, .T. ) ;
#546 = ORIENTED_EDGE ( 'NONE', *, *, #180, .F. ) ;
#547 = CIRCLE ( 'NONE', #486, 0.09641540400819574586 ) ;
#548 = LINE ( 'NONE', #1990, #1313 ) ;
#549 = AXIS2_PLACEMENT_3D ( 'NONE', #831, #41, #1622 ) ;
#550 = DIRECTION ( 'NONE',  ( -1.000000000000000000, 0.000000000000000000, 0.000000000000000000 ) ) ;
#551 = FACE_OUTER_BOUND ( 'NONE', #1982, .T. ) ;
#552 = VERTEX_POINT ( 'NONE', #1516 ) ;
#553 = DIRECTION ( 'NONE',  ( 1.000000000000000000, 0.000000000000000000, 0.000000000000000000 ) ) ;
#554 = LINE ( 'NONE', #839, #1360 ) ;
#555 = CIRCLE ( 'NONE', #1733, 0.1066666666666666874 ) ;
#556 = VERTEX_POINT ( 'NONE', #1820 ) ;
#557 = DIRECTION ( 'NONE',  ( 1.062943306358337540E-16, -1.000000000000000000, 0.000000000000000000 ) ) ;
#558 = FACE_OUTER_BOUND ( 'NONE', #1713, .T. ) ;
#559 = DIRECTION ( 'NONE',  ( -1.000000000000000000, 0.000000000000000000, 0.000000000000000000 ) ) ;
#560 = ORIENTED_EDGE ( 'NONE', *, *, #1217, .T. ) ;
#561 = SURFACE_STYLE_FILL_AREA ( #1506 ) ;
#562 = CYLINDRICAL_SURFACE ( 'NONE', #27, 0.07166666666666671182 ) ;
#563 = ADVANCED_FACE ( 'NONE', ( #869 ), #1486, .T. ) ;
#564 = SURFACE_SIDE_STYLE ('',( #279 ) ) ;
#565 = DIRECTION ( 'NONE',  ( -1.000000000000000000, -1.016439536705160210E-15, 0.000000000000000000 ) ) ;
#566 = ORIENTED_EDGE ( 'NONE', *, *, #73, .T. ) ;
#567 = DIRECTION ( 'NONE',  ( -0.000000000000000000, 0.000000000000000000, 1.000000000000000000 ) ) ;
#568 = CARTESIAN_POINT ( 'NONE',  ( -0.2402512626584710209, 3.256011761458747887E-17, -0.01025126265847091205 ) ) ;
#569 = CARTESIAN_POINT ( 'NONE',  ( 0.9650000000000000799, 0.6933333333333335791, 0.000000000000000000 ) ) ;
#570 = DIRECTION ( 'NONE',  ( 1.355252715606880543E-16, 1.000000000000000000, 0.000000000000000000 ) ) ;
#571 = ADVANCED_FACE ( 'NONE', ( #530 ), #84, .T. ) ;
#572 = MANIFOLD_SOLID_BREP ( '\X2\570689d2\X0\1', #500 ) ;
#573 = ORIENTED_EDGE ( 'NONE', *, *, #1253, .T. ) ;
#574 = CARTESIAN_POINT ( 'NONE',  ( -0.9999999999999995559, -0.7999999999999998224, 0.6649999999999999245 ) ) ;
#575 = CARTESIAN_POINT ( 'NONE',  ( -0.8933333333333335347, -0.6933333333333331350, -0.03500000000000000333 ) ) ;
#576 = ORIENTED_EDGE ( 'NONE', *, *, #917, .F. ) ;
#577 = AXIS2_PLACEMENT_3D ( 'NONE', #1879, #451, #335 ) ;
#578 = LINE ( 'NONE', #2001, #1518 ) ;
#579 = VECTOR ( 'NONE', #1054, 1000.000000000000000 ) ;
#580 = DIRECTION ( 'NONE',  ( 0.000000000000000000, 0.000000000000000000, -1.000000000000000000 ) ) ;
#581 = FACE_OUTER_BOUND ( 'NONE', #277, .T. ) ;
#582 = VECTOR ( 'NONE', #1889, 1000.000000000000000 ) ;
#583 = DIRECTION ( 'NONE',  ( -0.000000000000000000, 0.000000000000000000, 1.000000000000000000 ) ) ;
#584 = ORIENTED_EDGE ( 'NONE', *, *, #1769, .T. ) ;
#585 = DIRECTION ( 'NONE',  ( -1.000000000000000000, 0.000000000000000000, 0.000000000000000000 ) ) ;
#586 = CARTESIAN_POINT ( 'NONE',  ( 0.3453257450871186629, 0.7927474152931116569, -0.007252584706888297317 ) ) ;
#587 = ORIENTED_EDGE ( 'NONE', *, *, #1883, .F. ) ;
#588 = PLANE ( 'NONE',  #254 ) ;
#589 = DIRECTION ( 'NONE',  ( 1.000000000000000000, -0.000000000000000000, 0.000000000000000000 ) ) ;
#590 = ADVANCED_FACE ( 'NONE', ( #376 ), #226, .F. ) ;
#591 = CARTESIAN_POINT ( 'NONE',  ( 0.3366666666666665586, 0.6933333333333335791, 0.000000000000000000 ) ) ;
#592 = APPLICATION_CONTEXT ( 'automotive_design' ) ;
#593 = EDGE_LOOP ( 'NONE', ( #1468, #1937, #897, #1164 ) ) ;
#594 = DIRECTION ( 'NONE',  ( -1.355252715606880543E-16, -1.000000000000000000, 0.000000000000000000 ) ) ;
#595 = SHAPE_DEFINITION_REPRESENTATION ( #618, #2005 ) ;
#596 = PRODUCT_DEFINITION_SHAPE ( 'NONE', 'NONE',  #767 ) ;
#597 = DIRECTION ( 'NONE',  ( 0.000000000000000000, 0.7071067811865451302, 0.7071067811865500152 ) ) ;
#598 = ORIENTED_EDGE ( 'NONE', *, *, #1592, .T. ) ;
#599 = EDGE_CURVE ( 'NONE', #365, #397, #1657, .T. ) ;
#600 = DIRECTION ( 'NONE',  ( 2.710505431213761085E-16, -1.000000000000000000, 0.000000000000000000 ) ) ;
#601 = CIRCLE ( 'NONE', #1572, 0.1066666666666666874 ) ;
#602 = EDGE_LOOP ( 'NONE', ( #1916, #15, #1352, #1691 ) ) ;
#603 = CARTESIAN_POINT ( 'NONE',  ( -0.3366666666666668362, -0.7649999999999999023, -0.03500000000000000333 ) ) ;
#604 = AXIS2_PLACEMENT_3D ( 'NONE', #1450, #1594, #631 ) ;
#605 = DIRECTION ( 'NONE',  ( 0.000000000000000000, 0.000000000000000000, 1.000000000000000000 ) ) ;
#606 = EDGE_CURVE ( 'NONE', #324, #704, #1635, .T. ) ;
#607 = UNCERTAINTY_MEASURE_WITH_UNIT (LENGTH_MEASURE( 1.000000000000000082E-05 ), #410, 'distance_accuracy_value', 'NONE');
#608 = ORIENTED_EDGE ( 'NONE', *, *, #1612, .F. ) ;
#609 = FACE_OUTER_BOUND ( 'NONE', #75, .T. ) ;
#610 = DIRECTION ( 'NONE',  ( 1.000000000000000000, 0.000000000000000000, 0.000000000000000000 ) ) ;
#611 = CARTESIAN_POINT ( 'NONE',  ( -1.077161898638195816E-16, -0.7649999999999999023, 0.000000000000000000 ) ) ;
#612 = ORIENTED_EDGE ( 'NONE', *, *, #2051, .F. ) ;
#613 = CARTESIAN_POINT ( 'NONE',  ( -0.2155025253169418620, -0.6933333333333331350, 0.000000000000000000 ) ) ;
#614 = EDGE_LOOP ( 'NONE', ( #2018, #29, #1617, #1228 ) ) ;
#615 = DIRECTION ( 'NONE',  ( 1.355252715606880543E-16, 1.000000000000000000, 0.000000000000000000 ) ) ;
#616 = LINE ( 'NONE', #472, #676 ) ;
#617 = AXIS2_PLACEMENT_3D ( 'NONE', #1994, #709, #1526 ) ;
#618 = PRODUCT_DEFINITION_SHAPE ( 'NONE', 'NONE',  #285 ) ;
#619 = AXIS2_PLACEMENT_3D ( 'NONE', #1052, #1814, #1692 ) ;
#620 = ORIENTED_EDGE ( 'NONE', *, *, #1443, .F. ) ;
#621 = AXIS2_PLACEMENT_3D ( 'NONE', #1363, #908, #918 ) ;
#622 = CARTESIAN_POINT ( 'NONE',  ( -0.2783333333333334325, 0.7650000000000001243, 0.000000000000000000 ) ) ;
#623 = CARTESIAN_POINT ( 'NONE',  ( -0.3366666666666666141, 0.7650000000000001243, 0.000000000000000000 ) ) ;
#624 = ORIENTED_EDGE ( 'NONE', *, *, #1639, .T. ) ;
#625 = DIRECTION ( 'NONE',  ( -0.000000000000000000, -0.000000000000000000, 1.000000000000000000 ) ) ;
#626 = EDGE_LOOP ( 'NONE', ( #432, #584, #763, #539, #810 ) ) ;
#627 = LINE ( 'NONE', #471, #582 ) ;
#628 = DIRECTION ( 'NONE',  ( 0.000000000000000000, -1.000000000000000000, 0.000000000000000000 ) ) ;
#629 = AXIS2_PLACEMENT_3D ( 'NONE', #219, #262, #1209 ) ;
#630 = ORIENTED_EDGE ( 'NONE', *, *, #723, .T. ) ;
#631 = DIRECTION ( 'NONE',  ( -1.000000000000000000, 0.000000000000000000, 0.000000000000000000 ) ) ;
#632 = CYLINDRICAL_SURFACE ( 'NONE', #76, 0.03500000000000001027 ) ;
#633 = ORIENTED_EDGE ( 'NONE', *, *, #656, .T. ) ;
#634 = ADVANCED_FACE ( 'NONE', ( #1501 ), #241, .F. ) ;
#635 = DIRECTION ( 'NONE',  ( -1.000000000000000000, 0.000000000000000000, 0.000000000000000000 ) ) ;
#636 = ORIENTED_EDGE ( 'NONE', *, *, #1909, .T. ) ;
#637 = CARTESIAN_POINT ( 'NONE',  ( 0.8933333333333333126, 0.7650000000000002354, 0.000000000000000000 ) ) ;
#638 =( REPRESENTATION_RELATIONSHIP ('NONE','NONE', #353, #2005 ) REPRESENTATION_RELATIONSHIP_WITH_TRANSFORMATION ( #444 )SHAPE_REPRESENTATION_RELATIONSHIP( ) );
#639 = VECTOR ( 'NONE', #108, 1000.000000000000114 ) ;
#640 = EDGE_CURVE ( 'NONE', #1262, #666, #68, .T. ) ;
#641 = ORIENTED_EDGE ( 'NONE', *, *, #975, .T. ) ;
#642 = DIRECTION ( 'NONE',  ( 0.000000000000000000, -1.000000000000000000, 0.000000000000000000 ) ) ;
#643 = ORIENTED_EDGE ( 'NONE', *, *, #375, .T. ) ;
#644 = ORIENTED_EDGE ( 'NONE', *, *, #1196, .F. ) ;
#645 = SURFACE_STYLE_USAGE ( .BOTH. , #1154 ) ;
#646 = EDGE_CURVE ( 'NONE', #467, #216, #1924, .T. ) ;
#647 = DIRECTION ( 'NONE',  ( -0.000000000000000000, 0.000000000000000000, 1.000000000000000000 ) ) ;
#648 = CIRCLE ( 'NONE', #1048, 0.07466666666666656182 ) ;
#649 = ORIENTED_EDGE ( 'NONE', *, *, #2042, .F. ) ;
#650 = CARTESIAN_POINT ( 'NONE',  ( -0.3241381497799322164, -0.7999999999999998224, -0.002820098762353910517 ) ) ;
#651 =( GEOMETRIC_REPRESENTATION_CONTEXT ( 3 ) GLOBAL_UNCERTAINTY_ASSIGNED_CONTEXT ( ( #711 ) ) GLOBAL_UNIT_ASSIGNED_CONTEXT ( ( #1230, #480, #1869 ) ) REPRESENTATION_CONTEXT ( 'NONE', 'WORKASPACE' ) );
#652 = ORIENTED_EDGE ( 'NONE', *, *, #382, .T. ) ;
#653 = VERTEX_POINT ( 'NONE', #1192 ) ;
#654 =( NAMED_UNIT ( * ) SI_UNIT ( $, .STERADIAN. ) SOLID_ANGLE_UNIT ( ) );
#655 = DIRECTION ( 'NONE',  ( 1.000000000000000000, 0.000000000000000000, 0.000000000000000000 ) ) ;
#656 = EDGE_CURVE ( 'NONE', #1549, #1844, #1798, .T. ) ;
#657 = EDGE_CURVE ( 'NONE', #216, #1222, #371, .T. ) ;
#658 = ORIENTED_EDGE ( 'NONE', *, *, #441, .T. ) ;
#659 = CARTESIAN_POINT ( 'NONE',  ( -0.3366666666666668362, -0.7999999999999998224, 1.084202172485505913E-16 ) ) ;
#660 = VERTEX_POINT ( 'NONE', #876 ) ;
#661 = EDGE_CURVE ( 'NONE', #1743, #1549, #1958, .T. ) ;
#662 = ORIENTED_EDGE ( 'NONE', *, *, #1796, .F. ) ;
#663 = CIRCLE ( 'NONE', #768, 0.09641540400819549606 ) ;
#664 = CARTESIAN_POINT ( 'NONE',  ( -0.3491951835534012338, 0.8000000000000002665, -0.002820098762353919625 ) ) ;
#665 = CARTESIAN_POINT ( 'NONE',  ( -0.3500000000000000888, 0.7650000000000001243, 0.03500000000000000333 ) ) ;
#666 = VERTEX_POINT ( 'NONE', #719 ) ;
#667 = CIRCLE ( 'NONE', #1336, 0.1066666666666666874 ) ;
#668 = CYLINDRICAL_SURFACE ( 'NONE', #604, 0.07166666666666665630 ) ;
#669 = ORIENTED_EDGE ( 'NONE', *, *, #657, .F. ) ;
#670 = ORIENTED_EDGE ( 'NONE', *, *, #975, .F. ) ;
#671 = AXIS2_PLACEMENT_3D ( 'NONE', #210, #696, #32 ) ;
#672 = CARTESIAN_POINT ( 'NONE',  ( -0.3941381497799321121, 0.8000000000000002665, 1.084202172485505913E-16 ) ) ;
#673 = DIRECTION ( 'NONE',  ( -0.7071067811865473507, 0.000000000000000000, -0.7071067811865477948 ) ) ;
#674 = ORIENTED_EDGE ( 'NONE', *, *, #1344, .T. ) ;
#675 = LINE ( 'NONE', #541, #1073 ) ;
#676 = VECTOR ( 'NONE', #1427, 999.9999999999998863 ) ;
#677 = AXIS2_PLACEMENT_3D ( 'NONE', #69, #1826, #1525 ) ;
#678 = CARTESIAN_POINT ( 'NONE',  ( 0.8933333333333330906, -0.7649999999999997913, -0.03500000000000000333 ) ) ;
#679 = EDGE_CURVE ( 'NONE', #1308, #1281, #209, .T. ) ;
#680 = EDGE_CURVE ( 'NONE', #282, #653, #1862, .T. ) ;
#681 = VECTOR ( 'NONE', #242, 1000.000000000000000 ) ;
#682 = DIRECTION ( 'NONE',  ( -0.000000000000000000, 0.000000000000000000, 1.000000000000000000 ) ) ;
#683 = ORIENTED_EDGE ( 'NONE', *, *, #1795, .F. ) ;
#684 = CARTESIAN_POINT ( 'NONE',  ( 0.8933333333333333126, -0.6933333333333332460, 0.6649999999999999245 ) ) ;
#685 = LINE ( 'NONE', #1608, #184 ) ;
#686 = CARTESIAN_POINT ( 'NONE',  ( -0.8933333333333333126, 0.6933333333333335791, 0.6649999999999999245 ) ) ;
#687 = LINE ( 'NONE', #731, #78 ) ;
#688 = ORIENTED_EDGE ( 'NONE', *, *, #109, .F. ) ;
#689 = CARTESIAN_POINT ( 'NONE',  ( -0.3500000000000000888, 0.7650000000000001243, 0.000000000000000000 ) ) ;
#690 = AXIS2_PLACEMENT_3D ( 'NONE', #1986, #368, #1340 ) ;
#691 = FACE_OUTER_BOUND ( 'NONE', #1003, .T. ) ;
#692 = ADVANCED_FACE ( 'NONE', ( #1010 ), #1646, .T. ) ;
#693 = ORIENTED_EDGE ( 'NONE', *, *, #2011, .F. ) ;
#694 = LINE ( 'NONE', #1064, #80 ) ;
#695 = B_SPLINE_CURVE_WITH_KNOTS ( 'NONE', 3,
 ( #2069, #313, #1897, #771, #1575, #159, #1541, #1422, #1412, #2058 ),
 .UNSPECIFIED., .F., .F.,
 ( 4, 3, 3, 4 ),
 ( 0.000000000000000000, 3.541255110898076979E-05, 5.717433660792679915E-05, 5.950980264343056994E-05 ),
 .UNSPECIFIED. ) ;
#696 = DIRECTION ( 'NONE',  ( 0.7071067811865477948, 0.000000000000000000, -0.7071067811865473507 ) ) ;
#697 = ORIENTED_EDGE ( 'NONE', *, *, #1391, .T. ) ;
#698 = EDGE_CURVE ( 'NONE', #1906, #1295, #1846, .T. ) ;
#699 = AXIS2_PLACEMENT_3D ( 'NONE', #1350, #377, #1338 ) ;
#700 = LINE ( 'NONE', #870, #1935 ) ;
#701 = APPLICATION_CONTEXT ( 'automotive_design' ) ;
#702 = CARTESIAN_POINT ( 'NONE',  ( -0.8933333333333328685, -0.6933333333333331350, 1.084202172485504434E-16 ) ) ;
#703 = EDGE_CURVE ( 'NONE', #1303, #509, #729, .T. ) ;
#704 = VERTEX_POINT ( 'NONE', #1693 ) ;
#705 = PLANE ( 'NONE',  #1915 ) ;
#706 = CARTESIAN_POINT ( 'NONE',  ( 0.2783333333333333770, -0.6933333333333332460, 0.03500000000000000333 ) ) ;
#707 = VECTOR ( 'NONE', #673, 1000.000000000000000 ) ;
#708 = PLANE ( 'NONE',  #421 ) ;
#709 = DIRECTION ( 'NONE',  ( 0.000000000000000000, -1.000000000000000000, 0.000000000000000000 ) ) ;
#710 = ORIENTED_EDGE ( 'NONE', *, *, #917, .T. ) ;
#711 = UNCERTAINTY_MEASURE_WITH_UNIT (LENGTH_MEASURE( 1.000000000000000082E-05 ), #1230, 'distance_accuracy_value', 'NONE');
#712 = DIRECTION ( 'NONE',  ( 0.000000000000000000, -0.000000000000000000, -1.000000000000000000 ) ) ;
#713 = VECTOR ( 'NONE', #1002, 1000.000000000000000 ) ;
#714 = DIRECTION ( 'NONE',  ( 1.000000000000000000, 0.000000000000000000, 0.000000000000000000 ) ) ;
#715 = VERTEX_POINT ( 'NONE', #1524 ) ;
#716 = CIRCLE ( 'NONE', #988, 0.1066666666666666874 ) ;
#717 = DIRECTION ( 'NONE',  ( -0.7071067811865474617, 0.000000000000000000, 0.7071067811865475727 ) ) ;
#718 = VECTOR ( 'NONE', #341, 1000.000000000000000 ) ;
#719 = CARTESIAN_POINT ( 'NONE',  ( 1.000000000000000000, 0.6933333333333335791, 3.252606517456513302E-16 ) ) ;
#720 = CARTESIAN_POINT ( 'NONE',  ( 0.9999999999999997780, -0.7649999999999997913, -0.000000000000000000 ) ) ;
#721 = DIRECTION ( 'NONE',  ( 1.000000000000000000, -1.355252715606880543E-16, 0.000000000000000000 ) ) ;
#722 = ORIENTED_EDGE ( 'NONE', *, *, #905, .T. ) ;
#723 = EDGE_CURVE ( 'NONE', #801, #552, #740, .T. ) ;
#724 = DIRECTION ( 'NONE',  ( 0.000000000000000000, 1.000000000000000000, 0.000000000000000000 ) ) ;
#725 = LINE ( 'NONE', #205, #1435 ) ;
#726 = ORIENTED_EDGE ( 'NONE', *, *, #1592, .F. ) ;
#727 = ADVANCED_FACE ( 'NONE', ( #1835 ), #1533, .T. ) ;
#728 = LINE ( 'NONE', #1680, #1120 ) ;
#729 = LINE ( 'NONE', #1857, #798 ) ;
#730 = DIRECTION ( 'NONE',  ( 0.000000000000000000, 0.000000000000000000, 1.000000000000000000 ) ) ;
#731 = CARTESIAN_POINT ( 'NONE',  ( 0.3366666666666663366, -0.7649999999999997913, 0.000000000000000000 ) ) ;
#732 = VECTOR ( 'NONE', #769, 1000.000000000000000 ) ;
#733 = PLANE ( 'NONE',  #699 ) ;
#734 = PRODUCT_CONTEXT ( 'NONE', #592, 'mechanical' ) ;
#735 = DIRECTION ( 'NONE',  ( 1.000000000000000000, 0.000000000000000000, 0.000000000000000000 ) ) ;
#736 = ORIENTED_EDGE ( 'NONE', *, *, #199, .F. ) ;
#737 = VECTOR ( 'NONE', #1069, 1000.000000000000000 ) ;
#738 = B_SPLINE_CURVE_WITH_KNOTS ( 'NONE', 3,
 ( #198, #974, #1300, #1294, #832, #1927, #31 ),
 .UNSPECIFIED., .F., .F.,
 ( 4, 3, 4 ),
 ( 0.000000000000000000, 7.005678380449272664E-05, 0.0001149090839051020033 ),
 .UNSPECIFIED. ) ;
#739 = CARTESIAN_POINT ( 'NONE',  ( -0.2783333333333332660, -0.6933333333333332460, 0.03500000000000000333 ) ) ;
#740 = LINE ( 'NONE', #1053, #429 ) ;
#741 = EDGE_CURVE ( 'NONE', #454, #1365, #1378, .T. ) ;
#742 = CARTESIAN_POINT ( 'NONE',  ( -0.2650000000000001799, -0.6933333333333332460, 0.000000000000000000 ) ) ;
#743 = LINE ( 'NONE', #1369, #1781 ) ;
#744 = VERTEX_POINT ( 'NONE', #1219 ) ;
#745 = FACE_OUTER_BOUND ( 'NONE', #1564, .T. ) ;
#746 = DIRECTION ( 'NONE',  ( 0.000000000000000000, 0.000000000000000000, -1.000000000000000000 ) ) ;
#747 = ORIENTED_EDGE ( 'NONE', *, *, #1034, .F. ) ;
#748 = EDGE_CURVE ( 'NONE', #957, #792, #407, .T. ) ;
#749 = ADVANCED_FACE ( 'NONE', ( #251 ), #91, .T. ) ;
#750 = AXIS2_PLACEMENT_3D ( 'NONE', #115, #106, #1179 ) ;
#751 = DIRECTION ( 'NONE',  ( 0.000000000000000000, -0.7071067811865477948, -0.7071067811865473507 ) ) ;
#752 = VECTOR ( 'NONE', #1976, 1000.000000000000000 ) ;
#753 = DIRECTION ( 'NONE',  ( -1.000000000000000000, 0.000000000000000000, 0.000000000000000000 ) ) ;
#754 = VECTOR ( 'NONE', #1718, 1000.000000000000000 ) ;
#755 = CARTESIAN_POINT ( 'NONE',  ( 0.8933333333333332016, 0.6933333333333335791, 0.6649999999999999245 ) ) ;
#756 = ORIENTED_EDGE ( 'NONE', *, *, #1531, .T. ) ;
#757 = DIRECTION ( 'NONE',  ( -1.000000000000000000, 0.000000000000000000, 0.000000000000000000 ) ) ;
#758 = APPLICATION_PROTOCOL_DEFINITION ( 'draft international standard', 'automotive_design', 1998, #785 ) ;
#759 = ORIENTED_EDGE ( 'NONE', *, *, #679, .T. ) ;
#760 = COLOUR_RGB ( '',0.8980392156862745390, 0.9215686274509803377, 0.9294117647058823817 ) ;
#761 = ADVANCED_FACE ( 'NONE', ( #1508 ), #1831, .F. ) ;
#762 = CARTESIAN_POINT ( 'NONE',  ( 0.3258719367581610626, -0.7999999999999998224, -0.003983827796495954809 ) ) ;
#763 = ORIENTED_EDGE ( 'NONE', *, *, #424, .F. ) ;
#764 = CARTESIAN_POINT ( 'NONE',  ( 0.000000000000000000, 0.7649999999999999023, -0.03500000000000000333 ) ) ;
#765 = ORIENTED_EDGE ( 'NONE', *, *, #109, .T. ) ;
#766 = CARTESIAN_POINT ( 'NONE',  ( -0.3941381497799322786, -0.7999999999999998224, 1.084202172485505913E-16 ) ) ;
#767 = PRODUCT_DEFINITION ( 'UNKNOWN', '', #1651, #902 ) ;
#768 = AXIS2_PLACEMENT_3D ( 'NONE', #1205, #1521, #88 ) ;
#769 = DIRECTION ( 'NONE',  ( -1.000000000000000000, 1.408054769461693942E-16, 0.000000000000000000 ) ) ;
#770 = EDGE_LOOP ( 'NONE', ( #765, #185, #887, #873 ) ) ;
#771 = CARTESIAN_POINT ( 'NONE',  ( 0.3591381497799312483, -0.7961889124881355029, -0.003811087511863959967 ) ) ;
#772 = AXIS2_PLACEMENT_3D ( 'NONE', #1245, #1103, #1881 ) ;
#773 = ORIENTED_EDGE ( 'NONE', *, *, #1381, .T. ) ;
#774 = CARTESIAN_POINT ( 'NONE',  ( -1.000000000000000000, 0.8000000000000002665, 0.6649999999999999245 ) ) ;
#775 = VECTOR ( 'NONE', #245, 1000.000000000000000 ) ;
#776 = CARTESIAN_POINT ( 'NONE',  ( 0.8933333333333332016, 0.6933333333333335791, -0.03499999999999998251 ) ) ;
#777 = EDGE_CURVE ( 'NONE', #827, #857, #555, .T. ) ;
#778 = ORIENTED_EDGE ( 'NONE', *, *, #1403, .T. ) ;
#779 = DIRECTION ( 'NONE',  ( -1.000000000000000000, 0.000000000000000000, 0.000000000000000000 ) ) ;
#780 = DIRECTION ( 'NONE',  ( -0.000000000000000000, -0.000000000000000000, 1.000000000000000000 ) ) ;
#781 = ORIENTED_EDGE ( 'NONE', *, *, #138, .T. ) ;
#782 = DIRECTION ( 'NONE',  ( 1.000000000000000000, -1.408054769461693942E-16, 0.000000000000000000 ) ) ;
#783 = ORIENTED_EDGE ( 'NONE', *, *, #698, .F. ) ;
#784 = DIRECTION ( 'NONE',  ( -0.000000000000000000, 0.000000000000000000, 1.000000000000000000 ) ) ;
#785 = APPLICATION_CONTEXT ( 'automotive_design' ) ;
#786 = AXIS2_PLACEMENT_3D ( 'NONE', #1481, #1634, #1447 ) ;
#787 = ADVANCED_FACE ( 'NONE', ( #247 ), #522, .T. ) ;
#788 = ORIENTED_EDGE ( 'NONE', *, *, #1562, .T. ) ;
#789 = AXIS2_PLACEMENT_3D ( 'NONE', #963, #1577, #462 ) ;
#790 = FACE_OUTER_BOUND ( 'NONE', #201, .T. ) ;
#791 = LINE ( 'NONE', #1636, #1307 ) ;
#792 = VERTEX_POINT ( 'NONE', #401 ) ;
#793 = CARTESIAN_POINT ( 'NONE',  ( -0.8933333333333333126, 0.6933333333333335791, 0.6329999999999995630 ) ) ;
#794 = ORIENTED_EDGE ( 'NONE', *, *, #1448, .T. ) ;
#795 = EDGE_CURVE ( 'NONE', #552, #868, #554, .T. ) ;
#796 = PLANE ( 'NONE',  #789 ) ;
#797 = CARTESIAN_POINT ( 'NONE',  ( -0.9999999999999995559, -0.6933333333333332460, 0.6649999999999999245 ) ) ;
#798 = VECTOR ( 'NONE', #1681, 1000.000000000000000 ) ;
#799 = VERTEX_POINT ( 'NONE', #544 ) ;
#800 = CARTESIAN_POINT ( 'NONE',  ( -0.3091463472654245037, -0.7999999999999998224, -0.002072072725780913123 ) ) ;
#801 = VERTEX_POINT ( 'NONE', #215 ) ;
#802 = ADVANCED_BREP_SHAPE_REPRESENTATION ( '', ( #572, #549 ), #989 ) ;
#803 = ORIENTED_EDGE ( 'NONE', *, *, #449, .T. ) ;
#804 = LINE ( 'NONE', #925, #455 ) ;
#805 = VECTOR ( 'NONE', #1320, 1000.000000000000000 ) ;
#806 = CYLINDRICAL_SURFACE ( 'NONE', #786, 0.1066666666666666874 ) ;
#807 = VECTOR ( 'NONE', #320, 1000.000000000000000 ) ;
#808 = ORIENTED_EDGE ( 'NONE', *, *, #1838, .T. ) ;
#809 = CARTESIAN_POINT ( 'NONE',  ( 0.3366666666666666141, 0.6933333333333335791, 0.000000000000000000 ) ) ;
#810 = ORIENTED_EDGE ( 'NONE', *, *, #1602, .F. ) ;
#811 = EDGE_CURVE ( 'NONE', #1388, #142, #263, .T. ) ;
#812 = ORIENTED_EDGE ( 'NONE', *, *, #336, .F. ) ;
#813 =( NAMED_UNIT ( * ) PLANE_ANGLE_UNIT ( ) SI_UNIT ( $, .RADIAN. ) );
#814 = CARTESIAN_POINT ( 'NONE',  ( 0.2155025253169418065, -2.920603826559258639E-17, 0.000000000000000000 ) ) ;
#815 = CIRCLE ( 'NONE', #1977, 0.07166666666666671182 ) ;
#816 = ORIENTED_EDGE ( 'NONE', *, *, #992, .F. ) ;
#817 = PLANE ( 'NONE',  #439 ) ;
#818 = AXIS2_PLACEMENT_3D ( 'NONE', #2003, #1044, #753 ) ;
#819 = ADVANCED_FACE ( 'NONE', ( #851 ), #1893, .T. ) ;
#820 = AXIS2_PLACEMENT_3D ( 'NONE', #1234, #1385, #1246 ) ;
#821 = FACE_OUTER_BOUND ( 'NONE', #1786, .T. ) ;
#822 = ORIENTED_EDGE ( 'NONE', *, *, #795, .F. ) ;
#823 = CARTESIAN_POINT ( 'NONE',  ( 0.8933333333333333126, -0.6933333333333332460, 0.6329999999999995630 ) ) ;
#824 = B_SPLINE_CURVE_WITH_KNOTS ( 'NONE', 3,
 ( #1426, #1263, #1110, #1402, #1077, #1118, #1600, #1746, #450, #1438 ),
 .UNSPECIFIED., .F., .F.,
 ( 4, 3, 3, 4 ),
 ( -2.335466035503615355E-06, 0.000000000000000000, 2.191907800462755587E-05, 5.758758829934441616E-05 ),
 .UNSPECIFIED. ) ;
#825 = VECTOR ( 'NONE', #394, 1000.000000000000000 ) ;
#826 = DIRECTION ( 'NONE',  ( 0.000000000000000000, 0.000000000000000000, 1.000000000000000000 ) ) ;
#827 = VERTEX_POINT ( 'NONE', #51 ) ;
#828 = CARTESIAN_POINT ( 'NONE',  ( 0.8933333333333332016, 0.6933333333333335791, 0.6329999999999995630 ) ) ;
#829 = LINE ( 'NONE', #1151, #1037 ) ;
#830 = ORIENTED_EDGE ( 'NONE', *, *, #1679, .F. ) ;
#831 = CARTESIAN_POINT ( 'NONE',  ( 0.000000000000000000, 0.000000000000000000, 0.000000000000000000 ) ) ;
#832 = CARTESIAN_POINT ( 'NONE',  ( 0.3091463472654238931, 0.8000000000000002665, -0.002072072725780731411 ) ) ;
#833 = DIRECTION ( 'NONE',  ( 1.000000000000000000, 0.000000000000000000, 0.000000000000000000 ) ) ;
#834 = DIRECTION ( 'NONE',  ( -0.000000000000000000, 0.000000000000000000, 1.000000000000000000 ) ) ;
#835 = EDGE_LOOP ( 'NONE', ( #1522, #448, #422, #1593 ) ) ;
#836 = ADVANCED_FACE ( 'NONE', ( #1630 ), #1793, .T. ) ;
#837 = CARTESIAN_POINT ( 'NONE',  ( -0.3500000000000000888, 0.6933333333333334680, 0.03500000000000000333 ) ) ;
#838 = ORIENTED_EDGE ( 'NONE', *, *, #481, .F. ) ;
#839 = CARTESIAN_POINT ( 'NONE',  ( -1.077161898638195816E-16, -0.7649999999999999023, -0.03500000000000000333 ) ) ;
#840 = VERTEX_POINT ( 'NONE', #412 ) ;
#841 = DIRECTION ( 'NONE',  ( -1.000000000000000000, -1.512840240677448208E-15, 0.000000000000000000 ) ) ;
#842 = DIRECTION ( 'NONE',  ( 0.000000000000000000, -0.7071067811865451302, -0.7071067811865499042 ) ) ;
#843 = CARTESIAN_POINT ( 'NONE',  ( -0.3591381497799320810, 0.7961889124881363911, -0.003811087511863819454 ) ) ;
#844 = ORIENTED_EDGE ( 'NONE', *, *, #139, .F. ) ;
#845 = LINE ( 'NONE', #1953, #1936 ) ;
#846 = AXIS2_PLACEMENT_3D ( 'NONE', #1066, #721, #570 ) ;
#847 = ADVANCED_FACE ( 'NONE', ( #691 ), #235, .T. ) ;
#848 = VECTOR ( 'NONE', #1218, 1000.000000000000000 ) ;
#849 = CARTESIAN_POINT ( 'NONE',  ( -0.9999999999999995559, -0.6933333333333332460, 1.037914816915485829E-16 ) ) ;
#850 = AXIS2_PLACEMENT_3D ( 'NONE', #1309, #334, #1039 ) ;
#851 = FACE_OUTER_BOUND ( 'NONE', #2059, .T. ) ;
#852 = ORIENTED_EDGE ( 'NONE', *, *, #424, .T. ) ;
#853 = LINE ( 'NONE', #406, #348 ) ;
#854 = CARTESIAN_POINT ( 'NONE',  ( -0.3499999999999999223, -0.7649999999999999023, 0.03500000000000000333 ) ) ;
#855 = EDGE_CURVE ( 'NONE', #1850, #857, #725, .T. ) ;
#856 = PLANE ( 'NONE',  #671 ) ;
#857 = VERTEX_POINT ( 'NONE', #1163 ) ;
#858 = UNCERTAINTY_MEASURE_WITH_UNIT (LENGTH_MEASURE( 1.000000000000000082E-05 ), #1047, 'distance_accuracy_value', 'NONE');
#859 = DIRECTION ( 'NONE',  ( 0.000000000000000000, 0.000000000000000000, 1.000000000000000000 ) ) ;
#860 = CARTESIAN_POINT ( 'NONE',  ( 0.000000000000000000, 0.000000000000000000, 0.000000000000000000 ) ) ;
#861 = VERTEX_POINT ( 'NONE', #1329 ) ;
#862 = EDGE_CURVE ( 'NONE', #1222, #301, #1698, .T. ) ;
#863 = DIRECTION ( 'NONE',  ( -1.000000000000000000, 0.000000000000000000, 0.000000000000000000 ) ) ;
#864 = DIRECTION ( 'NONE',  ( 0.000000000000000000, 1.000000000000000000, 0.000000000000000000 ) ) ;
#865 = AXIS2_PLACEMENT_3D ( 'NONE', #1676, #61, #223 ) ;
#866 = DIRECTION ( 'NONE',  ( 0.000000000000000000, 0.000000000000000000, -1.000000000000000000 ) ) ;
#867 = CARTESIAN_POINT ( 'NONE',  ( 0.3500000000000000333, -0.6933333333333332460, 0.000000000000000000 ) ) ;
#868 = VERTEX_POINT ( 'NONE', #1999 ) ;
#869 = FACE_OUTER_BOUND ( 'NONE', #835, .T. ) ;
#870 = CARTESIAN_POINT ( 'NONE',  ( -0.8933333333333333126, 0.7680000000000001270, 0.6649999999999999245 ) ) ;
#871 = AXIS2_PLACEMENT_3D ( 'NONE', #828, #493, #1140 ) ;
#872 = LINE ( 'NONE', #74, #306 ) ;
#873 = ORIENTED_EDGE ( 'NONE', *, *, #1055, .T. ) ;
#874 = EDGE_CURVE ( 'NONE', #936, #454, #59, .T. ) ;
#875 = DIRECTION ( 'NONE',  ( 1.000000000000000000, 0.000000000000000000, 0.000000000000000000 ) ) ;
#876 = CARTESIAN_POINT ( 'NONE',  ( 0.2649999999999997358, -0.6933333333333332460, -0.03500000000000000333 ) ) ;
#877 = CARTESIAN_POINT ( 'NONE',  ( -0.9650000000000000799, 0.6933333333333335791, -0.03500000000000000333 ) ) ;
#878 = DIRECTION ( 'NONE',  ( -0.000000000000000000, 0.000000000000000000, 1.000000000000000000 ) ) ;
#879 = APPLICATION_CONTEXT ( 'automotive_design' ) ;
#880 = ORIENTED_EDGE ( 'NONE', *, *, #1432, .T. ) ;
#881 = DIRECTION ( 'NONE',  ( 0.000000000000000000, -0.000000000000000000, -1.000000000000000000 ) ) ;
#882 = DIRECTION ( 'NONE',  ( 1.062943306358337540E-16, -1.000000000000000000, 0.000000000000000000 ) ) ;
#883 = EDGE_CURVE ( 'NONE', #1365, #556, #663, .T. ) ;
#884 = FILL_AREA_STYLE ('',( #1938 ) ) ;
#885 = CIRCLE ( 'NONE', #1685, 0.07166666666666665630 ) ;
#886 = DIRECTION ( 'NONE',  ( 1.000000000000000000, 0.000000000000000000, 0.000000000000000000 ) ) ;
#887 = ORIENTED_EDGE ( 'NONE', *, *, #295, .F. ) ;
#888 = VECTOR ( 'NONE', #1270, 1000.000000000000000 ) ;
#889 = DIRECTION ( 'NONE',  ( -1.355252715606880543E-16, -1.000000000000000000, 0.000000000000000000 ) ) ;
#890 = CIRCLE ( 'NONE', #1851, 0.07166666666666665630 ) ;
#891 = CARTESIAN_POINT ( 'NONE',  ( 0.2402512626584709654, -3.256011761458747887E-17, -0.01025126265847082010 ) ) ;
#892 = CARTESIAN_POINT ( 'NONE',  ( -0.9649999999999999689, -2.615637741121278954E-16, -0.03500000000000000333 ) ) ;
#893 = CARTESIAN_POINT ( 'NONE',  ( 0.8933333333333332016, -0.7999999999999998224, 0.6329999999999995630 ) ) ;
#894 = FACE_OUTER_BOUND ( 'NONE', #977, .T. ) ;
#895 = CYLINDRICAL_SURFACE ( 'NONE', #1416, 0.07166666666666671182 ) ;
#896 = ADVANCED_FACE ( 'NONE', ( #1822 ), #1175, .F. ) ;
#897 = ORIENTED_EDGE ( 'NONE', *, *, #382, .F. ) ;
#898 = LINE ( 'NONE', #1656, #752 ) ;
#899 = DIRECTION ( 'NONE',  ( 0.000000000000000000, 0.7071067811865451302, -0.7071067811865499042 ) ) ;
#900 = DIRECTION ( 'NONE',  ( 0.000000000000000000, 0.000000000000000000, 1.000000000000000000 ) ) ;
#901 = DIRECTION ( 'NONE',  ( -1.000000000000000000, 1.512840240677448208E-15, 0.000000000000000000 ) ) ;
#902 = PRODUCT_DEFINITION_CONTEXT ( 'detailed design', #1430, 'design' ) ;
#903 = PRODUCT_DEFINITION_SHAPE ( 'NONE', 'NONE',  #2071 ) ;
#904 = EDGE_CURVE ( 'NONE', #981, #556, #391, .T. ) ;
#905 = EDGE_CURVE ( 'NONE', #1007, #1315, #872, .T. ) ;
#906 = ORIENTED_EDGE ( 'NONE', *, *, #1431, .T. ) ;
#907 = CARTESIAN_POINT ( 'NONE',  ( 0.2649999999999997358, -0.6933333333333331350, -0.03500000000000000333 ) ) ;
#908 = DIRECTION ( 'NONE',  ( 0.000000000000000000, 0.000000000000000000, 1.000000000000000000 ) ) ;
#909 = DIRECTION ( 'NONE',  ( 0.000000000000000000, 0.000000000000000000, -1.000000000000000000 ) ) ;
#910 = ORIENTED_EDGE ( 'NONE', *, *, #1929, .F. ) ;
#911 = VECTOR ( 'NONE', #1223, 1000.000000000000000 ) ;
#912 = CARTESIAN_POINT ( 'NONE',  ( 0.2649999999999999578, 0.8000000000000002665, 0.000000000000000000 ) ) ;
#913 = CARTESIAN_POINT ( 'NONE',  ( -0.3366666666666668362, -0.6933333333333331350, -0.01025126265847088082 ) ) ;
#914 = DIRECTION ( 'NONE',  ( -1.000000000000000000, 0.000000000000000000, 0.000000000000000000 ) ) ;
#915 = VECTOR ( 'NONE', #1788, 1000.000000000000000 ) ;
#916 = PLANE ( 'NONE',  #1804 ) ;
#917 = EDGE_CURVE ( 'NONE', #534, #1303, #1560, .T. ) ;
#918 = DIRECTION ( 'NONE',  ( 1.000000000000000000, 0.000000000000000000, 0.000000000000000000 ) ) ;
#919 = FACE_OUTER_BOUND ( 'NONE', #991, .T. ) ;
#920 = ORIENTED_EDGE ( 'NONE', *, *, #357, .F. ) ;
#921 = AXIS2_PLACEMENT_3D ( 'NONE', #192, #1463, #1221 ) ;
#922 = CARTESIAN_POINT ( 'NONE',  ( 0.3941381497799312239, -0.7999999999999998224, 3.252606517456513302E-16 ) ) ;
#923 = ORIENTED_EDGE ( 'NONE', *, *, #1723, .T. ) ;
#924 = AXIS2_PLACEMENT_3D ( 'NONE', #6, #647, #1623 ) ;
#925 = CARTESIAN_POINT ( 'NONE',  ( -0.2783333333333334325, 0.7650000000000001243, 0.03500000000000000333 ) ) ;
#926 = COLOUR_RGB ( '',0.8705882352941176627, 0.9098039215686274384, 1.000000000000000000 ) ;
#927 = CARTESIAN_POINT ( 'NONE',  ( -0.2791951835534011717, 0.8000000000000002665, 0.000000000000000000 ) ) ;
#928 = EDGE_CURVE ( 'NONE', #556, #704, #170, .T. ) ;
#929 = ORIENTED_EDGE ( 'NONE', *, *, #935, .F. ) ;
#930 = LINE ( 'NONE', #2029, #639 ) ;
#931 = SURFACE_STYLE_USAGE ( .BOTH. , #564 ) ;
#932 = DIRECTION ( 'NONE',  ( 0.7071067811865451302, 0.000000000000000000, -0.7071067811865499042 ) ) ;
#933 = ORIENTED_EDGE ( 'NONE', *, *, #1983, .T. ) ;
#934 = DIRECTION ( 'NONE',  ( 0.000000000000000000, 0.000000000000000000, -1.000000000000000000 ) ) ;
#935 = EDGE_CURVE ( 'NONE', #1449, #402, #1375, .T. ) ;
#936 = VERTEX_POINT ( 'NONE', #1071 ) ;
#937 = PLANE ( 'NONE',  #1487 ) ;
#938 = CARTESIAN_POINT ( 'NONE',  ( 0.2155025253169417232, -0.6933333333333332460, -0.03500000000000000333 ) ) ;
#939 = ORIENTED_EDGE ( 'NONE', *, *, #1787, .T. ) ;
#940 = FACE_OUTER_BOUND ( 'NONE', #203, .T. ) ;
#941 = DIRECTION ( 'NONE',  ( 1.000000000000000000, 0.000000000000000000, 0.000000000000000000 ) ) ;
#942 = VECTOR ( 'NONE', #1665, 999.9999999999998863 ) ;
#943 = CARTESIAN_POINT ( 'NONE',  ( 0.3366666666666665586, 0.7897487373415290612, -0.01025126265847087041 ) ) ;
#944 = EDGE_LOOP ( 'NONE', ( #1091, #1180, #573, #1749 ) ) ;
#945 = DIRECTION ( 'NONE',  ( 0.000000000000000000, -0.000000000000000000, -1.000000000000000000 ) ) ;
#946 = CIRCLE ( 'NONE', #1469, 0.1211641413497250019 ) ;
#947 = ORIENTED_EDGE ( 'NONE', *, *, #1253, .F. ) ;
#948 = FACE_OUTER_BOUND ( 'NONE', #1908, .T. ) ;
#949 = EDGE_CURVE ( 'NONE', #509, #467, #445, .T. ) ;
#950 = LINE ( 'NONE', #1393, #1184 ) ;
#951 = ORIENTED_EDGE ( 'NONE', *, *, #606, .F. ) ;
#952 = LINE ( 'NONE', #1721, #737 ) ;
#953 = CARTESIAN_POINT ( 'NONE',  ( -0.3704260259710886460, 0.7986304902553945650, -0.001369509744605599275 ) ) ;
#954 = ORIENTED_EDGE ( 'NONE', *, *, #1102, .F. ) ;
#955 = ADVANCED_FACE ( 'NONE', ( #1894 ), #2045, .F. ) ;
#956 = CARTESIAN_POINT ( 'NONE',  ( 0.2649999999999999578, 0.6933333333333335791, 0.000000000000000000 ) ) ;
#957 = VERTEX_POINT ( 'NONE', #457 ) ;
#958 = CIRCLE ( 'NONE', #288, 0.03500000000000000333 ) ;
#959 = DIRECTION ( 'NONE',  ( 0.000000000000000000, 1.000000000000000000, 0.000000000000000000 ) ) ;
#960 = AXIS2_PLACEMENT_3D ( 'NONE', #113, #625, #635 ) ;
#961 = PRESENTATION_LAYER_ASSIGNMENT (  '', '', ( #1216 ) ) ;
#962 = ORIENTED_EDGE ( 'NONE', *, *, #1284, .T. ) ;
#963 = CARTESIAN_POINT ( 'NONE',  ( 0.000000000000000000, 0.000000000000000000, 0.000000000000000000 ) ) ;
#964 = CARTESIAN_POINT ( 'NONE',  ( -0.2783333333333334325, 0.7650000000000001243, 0.03500000000000000333 ) ) ;
#965 = ORIENTED_EDGE ( 'NONE', *, *, #374, .T. ) ;
#966 = ORIENTED_EDGE ( 'NONE', *, *, #317, .T. ) ;
#967 = SURFACE_SIDE_STYLE ('',( #1878 ) ) ;
#968 = CARTESIAN_POINT ( 'NONE',  ( -0.2155025253169416677, 0.6933333333333335791, -0.03500000000000000333 ) ) ;
#969 = ORIENTED_EDGE ( 'NONE', *, *, #1599, .F. ) ;
#970 = DIRECTION ( 'NONE',  ( 1.355252715606880296E-16, 1.000000000000000000, 0.000000000000000000 ) ) ;
#971 = EDGE_CURVE ( 'NONE', #107, #1791, #1833, .T. ) ;
#972 = ORIENTED_EDGE ( 'NONE', *, *, #1707, .F. ) ;
#973 = AXIS2_PLACEMENT_3D ( 'NONE', #574, #532, #2007 ) ;
#974 = CARTESIAN_POINT ( 'NONE',  ( 0.3707858885117668035, 0.8000000000000002665, 2.936124362464106903E-16 ) ) ;
#975 = EDGE_CURVE ( 'NONE', #1792, #324, #2023, .T. ) ;
#976 = VECTOR ( 'NONE', #345, 1000.000000000000114 ) ;
#977 = EDGE_LOOP ( 'NONE', ( #643, #1530, #783, #624 ) ) ;
#978 = LINE ( 'NONE', #25, #976 ) ;
#979 = ORIENTED_EDGE ( 'NONE', *, *, #1943, .F. ) ;
#980 = EDGE_CURVE ( 'NONE', #23, #1299, #99, .T. ) ;
#981 = VERTEX_POINT ( 'NONE', #1226 ) ;
#982 = PRESENTATION_STYLE_ASSIGNMENT (( #645 ) ) ;
#983 = CARTESIAN_POINT ( 'NONE',  ( -0.3025474448215654255, 0.8000000000000002665, 0.000000000000000000 ) ) ;
#984 = CIRCLE ( 'NONE', #1584, 0.1211641413497246689 ) ;
#985 = ADVANCED_FACE ( 'NONE', ( #269 ), #124, .T. ) ;
#986 = ORIENTED_EDGE ( 'NONE', *, *, #855, .F. ) ;
#987 = CARTESIAN_POINT ( 'NONE',  ( 0.2783333333333334325, -0.7649999999999999023, 0.03500000000000000333 ) ) ;
#988 = AXIS2_PLACEMENT_3D ( 'NONE', #823, #208, #179 ) ;
#989 =( GEOMETRIC_REPRESENTATION_CONTEXT ( 3 ) GLOBAL_UNCERTAINTY_ASSIGNED_CONTEXT ( ( #1567 ) ) GLOBAL_UNIT_ASSIGNED_CONTEXT ( ( #197, #813, #654 ) ) REPRESENTATION_CONTEXT ( 'NONE', 'WORKASPACE' ) );
#990 = ORIENTED_EDGE ( 'NONE', *, *, #222, .F. ) ;
#991 = EDGE_LOOP ( 'NONE', ( #196, #1434, #1855, #58, #1376, #652, #484, #1106 ) ) ;
#992 = EDGE_CURVE ( 'NONE', #1326, #840, #2009, .T. ) ;
#993 = DIRECTION ( 'NONE',  ( -0.000000000000000000, 0.000000000000000000, -1.000000000000000000 ) ) ;
#994 = VECTOR ( 'NONE', #842, 1000.000000000000114 ) ;
#995 = ORIENTED_EDGE ( 'NONE', *, *, #1008, .F. ) ;
#996 = CYLINDRICAL_SURFACE ( 'NONE', #1673, 0.07166666666666665630 ) ;
#997 = ORIENTED_EDGE ( 'NONE', *, *, #1296, .F. ) ;
#998 = ORIENTED_EDGE ( 'NONE', *, *, #1432, .F. ) ;
#999 = PLANE ( 'NONE',  #346 ) ;
#1000 = DIRECTION ( 'NONE',  ( 1.000000000000000000, 0.000000000000000000, 0.000000000000000000 ) ) ;
#1001 = EDGE_CURVE ( 'NONE', #1322, #1743, #1539, .T. ) ;
#1002 = DIRECTION ( 'NONE',  ( 1.355252715606880543E-16, 1.000000000000000000, 0.000000000000000000 ) ) ;
#1003 = EDGE_LOOP ( 'NONE', ( #207, #519, #100, #838 ) ) ;
#1004 = DIRECTION ( 'NONE',  ( 1.000000000000000000, 0.000000000000000000, 0.000000000000000000 ) ) ;
#1005 = CARTESIAN_POINT ( 'NONE',  ( -0.8933333333333328685, -0.6933333333333331350, 0.6329999999999995630 ) ) ;
#1006 = EDGE_CURVE ( 'NONE', #1895, #1322, #101, .T. ) ;
#1007 = VERTEX_POINT ( 'NONE', #1061 ) ;
#1008 = EDGE_CURVE ( 'NONE', #1844, #868, #1901, .T. ) ;
#1009 = CARTESIAN_POINT ( 'NONE',  ( -0.8933333333333328685, -0.7999999999999998224, 0.6649999999999999245 ) ) ;
#1010 = FACE_OUTER_BOUND ( 'NONE', #1699, .T. ) ;
#1011 = ORIENTED_EDGE ( 'NONE', *, *, #374, .F. ) ;
#1012 = SURFACE_SIDE_STYLE ('',( #561 ) ) ;
#1013 = TOROIDAL_SURFACE ( 'NONE', #1117, 0.1211641413497250019, 0.03500000000000000333 ) ;
#1014 = ADVANCED_FACE ( 'NONE', ( #259 ), #895, .F. ) ;
#1015 = CIRCLE ( 'NONE', #217, 0.1066666666666666874 ) ;
#1016 = FACE_OUTER_BOUND ( 'NONE', #1063, .T. ) ;
#1017 = VECTOR ( 'NONE', #1254, 1000.000000000000000 ) ;
#1018 = DIRECTION ( 'NONE',  ( 0.000000000000000000, 0.000000000000000000, 1.000000000000000000 ) ) ;
#1019 = ORIENTED_EDGE ( 'NONE', *, *, #1001, .T. ) ;
#1020 = CARTESIAN_POINT ( 'NONE',  ( -0.9650000000000000799, 0.6933333333333335791, 0.000000000000000000 ) ) ;
#1021 = DIRECTION ( 'NONE',  ( 1.000000000000000000, 0.000000000000000000, 0.000000000000000000 ) ) ;
#1022 = LINE ( 'NONE', #1661, #1145 ) ;
#1023 = ORIENTED_EDGE ( 'NONE', *, *, #1074, .T. ) ;
#1024 = PRESENTATION_STYLE_ASSIGNMENT (( #388 ) ) ;
#1025 = CARTESIAN_POINT ( 'NONE',  ( 0.3366666666666665586, 0.7650000000000002354, 0.000000000000000000 ) ) ;
#1026 = ADVANCED_FACE ( 'NONE', ( #919 ), #1616, .F. ) ;
#1027 = B_SPLINE_CURVE_WITH_KNOTS ( 'NONE', 3,
 ( #1604, #175, #8, #650, #800, #1113, #510 ),
 .UNSPECIFIED., .F., .F.,
 ( 4, 3, 4 ),
 ( 0.000000000000000000, 7.005678380449272664E-05, 0.0001149090839051035212 ),
 .UNSPECIFIED. ) ;
#1028 = DIRECTION ( 'NONE',  ( -0.7071067811865451302, 0.000000000000000000, -0.7071067811865499042 ) ) ;
#1029 = ORIENTED_EDGE ( 'NONE', *, *, #222, .T. ) ;
#1030 = LINE ( 'NONE', #225, #1286 ) ;
#1031 = CARTESIAN_POINT ( 'NONE',  ( 0.3499999999999998668, 0.7650000000000001243, 0.03500000000000000333 ) ) ;
#1032 = CARTESIAN_POINT ( 'NONE',  ( 0.000000000000000000, -0.7649999999999999023, -0.03500000000000000333 ) ) ;
#1033 = DIRECTION ( 'NONE',  ( 0.000000000000000000, 0.000000000000000000, -1.000000000000000000 ) ) ;
#1034 = EDGE_CURVE ( 'NONE', #744, #402, #1951, .T. ) ;
#1035 = ORIENTED_EDGE ( 'NONE', *, *, #117, .F. ) ;
#1036 = CARTESIAN_POINT ( 'NONE',  ( 0.2783333333333334325, -0.7649999999999999023, 0.000000000000000000 ) ) ;
#1037 = VECTOR ( 'NONE', #1627, 999.9999999999998863 ) ;
#1038 = DIRECTION ( 'NONE',  ( -0.000000000000000000, -0.000000000000000000, 1.000000000000000000 ) ) ;
#1039 = DIRECTION ( 'NONE',  ( 1.000000000000000000, 0.000000000000000000, 0.000000000000000000 ) ) ;
#1040 = CARTESIAN_POINT ( 'NONE',  ( 0.3366666666666665586, 0.6933333333333335791, -0.03499999999999998251 ) ) ;
#1041 = ORIENTED_EDGE ( 'NONE', *, *, #703, .F. ) ;
#1042 = DIRECTION ( 'NONE',  ( -0.000000000000000000, 0.000000000000000000, -1.000000000000000000 ) ) ;
#1043 = DIRECTION ( 'NONE',  ( -1.355252715606880543E-16, -1.000000000000000000, -7.439369907072157996E-33 ) ) ;
#1044 = DIRECTION ( 'NONE',  ( 0.000000000000000000, 0.000000000000000000, -1.000000000000000000 ) ) ;
#1045 = CARTESIAN_POINT ( 'NONE',  ( -0.2650000000000000688, 3.591419696358234054E-17, -0.03500000000000000333 ) ) ;
#1046 = LINE ( 'NONE', #1653, #1108 ) ;
#1047 =( LENGTH_UNIT ( ) NAMED_UNIT ( * ) SI_UNIT ( .MILLI., .METRE. ) );
#1048 = AXIS2_PLACEMENT_3D ( 'NONE', #1848, #878, #81 ) ;
#1049 = DIRECTION ( 'NONE',  ( -1.000000000000000000, 0.000000000000000000, 0.000000000000000000 ) ) ;
#1050 = ORIENTED_EDGE ( 'NONE', *, *, #1152, .T. ) ;
#1051 = CIRCLE ( 'NONE', #960, 0.07166666666666665630 ) ;
#1052 = CARTESIAN_POINT ( 'NONE',  ( -1.000000000000000000, 0.8000000000000002665, 0.6649999999999999245 ) ) ;
#1053 = CARTESIAN_POINT ( 'NONE',  ( -0.3366666666666668362, -0.7999999999999998224, 1.084202172485505913E-16 ) ) ;
#1054 = DIRECTION ( 'NONE',  ( 1.000000000000000000, 0.000000000000000000, 0.000000000000000000 ) ) ;
#1055 = EDGE_CURVE ( 'NONE', #301, #1643, #791, .T. ) ;
#1056 = ADVANCED_FACE ( 'NONE', ( #1807 ), #1170, .F. ) ;
#1057 = FACE_OUTER_BOUND ( 'NONE', #438, .T. ) ;
#1058 = ORIENTED_EDGE ( 'NONE', *, *, #375, .F. ) ;
#1059 = DIRECTION ( 'NONE',  ( 0.000000000000000000, -0.7071067811865453523, -0.7071067811865497932 ) ) ;
#1060 =( GEOMETRIC_REPRESENTATION_CONTEXT ( 3 ) GLOBAL_UNCERTAINTY_ASSIGNED_CONTEXT ( ( #607 ) ) GLOBAL_UNIT_ASSIGNED_CONTEXT ( ( #410, #1684, #55 ) ) REPRESENTATION_CONTEXT ( 'NONE', 'WORKASPACE' ) );
#1061 = CARTESIAN_POINT ( 'NONE',  ( -0.8933333333333333126, 0.7650000000000002354, -0.03500000000000000333 ) ) ;
#1062 = AXIS2_PLACEMENT_3D ( 'NONE', #706, #1978, #1156 ) ;
#1063 = EDGE_LOOP ( 'NONE', ( #1505, #1417, #1126, #290 ) ) ;
#1064 = CARTESIAN_POINT ( 'NONE',  ( -0.3500000000000000888, 0.7650000000000001243, 0.03500000000000000333 ) ) ;
#1065 = CARTESIAN_POINT ( 'NONE',  ( -0.9650000000000003020, -0.6933333333333331350, -0.03500000000000000333 ) ) ;
#1066 = CARTESIAN_POINT ( 'NONE',  ( -0.9650000000000001910, 1.307818870560639970E-16, -0.03500000000000000333 ) ) ;
#1067 = ADVANCED_FACE ( 'NONE', ( #1325 ), #856, .T. ) ;
#1068 = EDGE_LOOP ( 'NONE', ( #46, #173, #1125, #1172 ) ) ;
#1069 = DIRECTION ( 'NONE',  ( 0.000000000000000000, 0.000000000000000000, -1.000000000000000000 ) ) ;
#1070 = AXIS2_PLACEMENT_3D ( 'NONE', #72, #859, #553 ) ;
#1071 = CARTESIAN_POINT ( 'NONE',  ( 0.3366666666666664476, -0.7897487373415287282, -0.01025126265847082010 ) ) ;
#1072 = EDGE_LOOP ( 'NONE', ( #726, #969, #89, #929 ) ) ;
#1073 = VECTOR ( 'NONE', #1640, 1000.000000000000000 ) ;
#1074 = EDGE_CURVE ( 'NONE', #1952, #1759, #1302, .T. ) ;
#1075 = DIRECTION ( 'NONE',  ( 0.000000000000000000, 0.000000000000000000, 1.000000000000000000 ) ) ;
#1076 = EDGE_LOOP ( 'NONE', ( #181, #1035, #237, #997 ) ) ;
#1077 = CARTESIAN_POINT ( 'NONE',  ( -0.3453257450871181633, -0.7927474152931131002, -0.007252584706886782903 ) ) ;
#1078 = DIRECTION ( 'NONE',  ( 1.000000000000000000, 0.000000000000000000, 0.000000000000000000 ) ) ;
#1079 = EDGE_LOOP ( 'NONE', ( #1475, #1485, #1112, #169 ) ) ;
#1080 = LINE ( 'NONE', #907, #105 ) ;
#1081 = APPLICATION_PROTOCOL_DEFINITION ( 'draft international standard', 'automotive_design', 1998, #592 ) ;
#1082 = ADVANCED_FACE ( 'NONE', ( #1105 ), #1114, .F. ) ;
#1083 = CARTESIAN_POINT ( 'NONE',  ( -0.3366666666666666141, 0.6933333333333334680, -0.03500000000000000333 ) ) ;
#1084 = VERTEX_POINT ( 'NONE', #372 ) ;
#1085 = VECTOR ( 'NONE', #1939, 1000.000000000000000 ) ;
#1086 = CARTESIAN_POINT ( 'NONE',  ( 0.3941381497799312239, -0.7999999999999998224, 3.252606517456513302E-16 ) ) ;
#1087 = ORIENTED_EDGE ( 'NONE', *, *, #748, .F. ) ;
#1088 = AXIS2_PLACEMENT_3D ( 'NONE', #1542, #900, #1210 ) ;
#1089 = CARTESIAN_POINT ( 'NONE',  ( -0.2783333333333334325, 0.6933333333333334680, 0.000000000000000000 ) ) ;
#1090 = DIRECTION ( 'NONE',  ( 1.000000000000000000, 0.000000000000000000, 0.000000000000000000 ) ) ;
#1091 = ORIENTED_EDGE ( 'NONE', *, *, #980, .F. ) ;
#1092 = DIRECTION ( 'NONE',  ( -1.062943306358337417E-16, 1.000000000000000000, 0.000000000000000000 ) ) ;
#1093 =( NAMED_UNIT ( * ) PLANE_ANGLE_UNIT ( ) SI_UNIT ( $, .RADIAN. ) );
#1094 = DIRECTION ( 'NONE',  ( 1.000000000000000000, 0.000000000000000000, 0.000000000000000000 ) ) ;
#1095 = ORIENTED_EDGE ( 'NONE', *, *, #1920, .F. ) ;
#1096 = EDGE_CURVE ( 'NONE', #1737, #82, #1648, .T. ) ;
#1097 = AXIS2_PLACEMENT_3D ( 'NONE', #1991, #1511, #1000 ) ;
#1098 = CARTESIAN_POINT ( 'NONE',  ( 0.8933333333333332016, 0.8000000000000002665, 0.6329999999999995630 ) ) ;
#1099 = ORIENTED_EDGE ( 'NONE', *, *, #45, .F. ) ;
#1100 = FILL_AREA_STYLE_COLOUR ( '', #1590 ) ;
#1101 = CARTESIAN_POINT ( 'NONE',  ( 0.9649999999999998579, -0.6933333333333332460, 0.000000000000000000 ) ) ;
#1102 = EDGE_CURVE ( 'NONE', #666, #323, #1472, .T. ) ;
#1103 = DIRECTION ( 'NONE',  ( 0.000000000000000000, 1.000000000000000000, 0.000000000000000000 ) ) ;
#1104 = AXIS2_PLACEMENT_3D ( 'NONE', #1083, #746, #1387 ) ;
#1105 = FACE_OUTER_BOUND ( 'NONE', #1141, .T. ) ;
#1106 = ORIENTED_EDGE ( 'NONE', *, *, #1796, .T. ) ;
#1107 = CARTESIAN_POINT ( 'NONE',  ( 0.3641869860679089466, -0.7999999999999998224, -0.002072072725780805570 ) ) ;
#1108 = VECTOR ( 'NONE', #1641, 1000.000000000000114 ) ;
#1109 = ORIENTED_EDGE ( 'NONE', *, *, #1902, .T. ) ;
#1110 = CARTESIAN_POINT ( 'NONE',  ( -0.3380582670102525999, -0.7902425670141063341, -0.009757432985893481348 ) ) ;
#1111 = FACE_OUTER_BOUND ( 'NONE', #39, .T. ) ;
#1112 = ORIENTED_EDGE ( 'NONE', *, *, #1462, .F. ) ;
#1113 = CARTESIAN_POINT ( 'NONE',  ( -0.2942056360977250984, -0.7999999999999998224, -1.620572773401540345E-18 ) ) ;
#1114 = TOROIDAL_SURFACE ( 'NONE', #281, 0.1211641413497246828, 0.03500000000000000333 ) ;
#1115 = EDGE_LOOP ( 'NONE', ( #803, #112, #33, #1451 ) ) ;
#1116 = ORIENTED_EDGE ( 'NONE', *, *, #20, .F. ) ;
#1117 = AXIS2_PLACEMENT_3D ( 'NONE', #1415, #784, #2062 ) ;
#1118 = CARTESIAN_POINT ( 'NONE',  ( -0.3521513659704542110, -0.7946776648694540146, -0.005322335130545695868 ) ) ;
#1119 = CARTESIAN_POINT ( 'NONE',  ( 0.8933333333333332016, -0.7679999999999996829, 0.6649999999999999245 ) ) ;
#1120 = VECTOR ( 'NONE', #1493, 1000.000000000000000 ) ;
#1121 = EDGE_CURVE ( 'NONE', #1544, #1290, #1717, .T. ) ;
#1122 = ADVANCED_FACE ( 'NONE', ( #2067 ), #632, .F. ) ;
#1123 = ORIENTED_EDGE ( 'NONE', *, *, #1989, .F. ) ;
#1124 = CARTESIAN_POINT ( 'NONE',  ( 0.2649999999999999578, 0.8000000000000002665, -0.03500000000000000333 ) ) ;
#1125 = ORIENTED_EDGE ( 'NONE', *, *, #1606, .F. ) ;
#1126 = ORIENTED_EDGE ( 'NONE', *, *, #73, .F. ) ;
#1127 = LINE ( 'NONE', #1009, #452 ) ;
#1128 = EDGE_CURVE ( 'NONE', #1549, #1666, #1138, .T. ) ;
#1129 = ORIENTED_EDGE ( 'NONE', *, *, #1562, .F. ) ;
#1130 = LINE ( 'NONE', #1618, #807 ) ;
#1131 = ORIENTED_EDGE ( 'NONE', *, *, #2034, .T. ) ;
#1132 = VECTOR ( 'NONE', #909, 1000.000000000000000 ) ;
#1133 = EDGE_LOOP ( 'NONE', ( #1428, #319, #608, #499 ) ) ;
#1134 = ADVANCED_FACE ( 'NONE', ( #343 ), #1782, .F. ) ;
#1135 = AXIS2_PLACEMENT_3D ( 'NONE', #1396, #1405, #2044 ) ;
#1136 = DIRECTION ( 'NONE',  ( -1.000000000000000000, 0.000000000000000000, 0.000000000000000000 ) ) ;
#1137 = VECTOR ( 'NONE', #1790, 1000.000000000000000 ) ;
#1138 = LINE ( 'NONE', #1776, #713 ) ;
#1139 = ORIENTED_EDGE ( 'NONE', *, *, #1296, .T. ) ;
#1140 = DIRECTION ( 'NONE',  ( 1.000000000000000000, 0.000000000000000000, 0.000000000000000000 ) ) ;
#1141 = EDGE_LOOP ( 'NONE', ( #1215, #1607, #529, #474, #1147 ) ) ;
#1142 = ORIENTED_EDGE ( 'NONE', *, *, #1984, .T. ) ;
#1143 = LINE ( 'NONE', #505, #158 ) ;
#1144 = DIRECTION ( 'NONE',  ( -0.000000000000000000, 0.000000000000000000, 1.000000000000000000 ) ) ;
#1145 = VECTOR ( 'NONE', #228, 1000.000000000000000 ) ;
#1146 = DIRECTION ( 'NONE',  ( 1.000000000000000000, -1.355252715606880543E-16, 0.000000000000000000 ) ) ;
#1147 = ORIENTED_EDGE ( 'NONE', *, *, #599, .F. ) ;
#1148 = LINE ( 'NONE', #659, #2043 ) ;
#1149 = AXIS2_PLACEMENT_3D ( 'NONE', #447, #945, #1261 ) ;
#1150 = PRESENTATION_LAYER_ASSIGNMENT (  '', '', ( #1187 ) ) ;
#1151 = CARTESIAN_POINT ( 'NONE',  ( 0.2650000000000002354, 0.6933333333333335791, -0.03500000000000000333 ) ) ;
#1152 = EDGE_CURVE ( 'NONE', #1780, #52, #687, .T. ) ;
#1153 = EDGE_LOOP ( 'NONE', ( #1581, #1598, #1203, #1478, #145 ) ) ;
#1154 = SURFACE_SIDE_STYLE ('',( #496 ) ) ;
#1155 = LINE ( 'NONE', #814, #1085 ) ;
#1156 = DIRECTION ( 'NONE',  ( 1.000000000000000000, 0.000000000000000000, 0.000000000000000000 ) ) ;
#1157 = AXIS2_PLACEMENT_3D ( 'NONE', #1483, #1471, #1825 ) ;
#1158 = CARTESIAN_POINT ( 'NONE',  ( -0.3453257450871179413, 0.7927474152931134332, -0.007252584706886742137 ) ) ;
#1159 = ORIENTED_EDGE ( 'NONE', *, *, #606, .T. ) ;
#1160 = DIRECTION ( 'NONE',  ( 1.000000000000000000, 0.000000000000000000, 0.000000000000000000 ) ) ;
#1161 = EDGE_CURVE ( 'NONE', #1791, #792, #250, .T. ) ;
#1162 = ORIENTED_EDGE ( 'NONE', *, *, #1344, .F. ) ;
#1163 = CARTESIAN_POINT ( 'NONE',  ( -0.9999999999999995559, -0.6933333333333332460, 0.6329999999999995630 ) ) ;
#1164 = ORIENTED_EDGE ( 'NONE', *, *, #1074, .F. ) ;
#1165 = AXIS2_PLACEMENT_3D ( 'NONE', #1965, #533, #1477 ) ;
#1166 = CARTESIAN_POINT ( 'NONE',  ( -0.3366666666666666141, 0.7650000000000001243, -0.03500000000000000333 ) ) ;
#1167 = DIRECTION ( 'NONE',  ( 0.000000000000000000, -0.000000000000000000, 1.000000000000000000 ) ) ;
#1168 = VECTOR ( 'NONE', #882, 1000.000000000000000 ) ;
#1169 = ADVANCED_FACE ( 'NONE', ( #276 ), #255, .T. ) ;
#1170 = PLANE ( 'NONE',  #1579 ) ;
#1171 =( REPRESENTATION_RELATIONSHIP ('NONE','NONE', #353, #1353 ) REPRESENTATION_RELATIONSHIP_WITH_TRANSFORMATION ( #1933 )SHAPE_REPRESENTATION_RELATIONSHIP( ) );
#1172 = ORIENTED_EDGE ( 'NONE', *, *, #1599, .T. ) ;
#1173 = CARTESIAN_POINT ( 'NONE',  ( 1.000000000000000000, 0.7650000000000002354, -0.03500000000000000333 ) ) ;
#1174 = FACE_OUTER_BOUND ( 'NONE', #2057, .T. ) ;
#1175 = PLANE ( 'NONE',  #24 ) ;
#1176 = ORIENTED_EDGE ( 'NONE', *, *, #271, .F. ) ;
#1177 = DIRECTION ( 'NONE',  ( 0.000000000000000000, -0.000000000000000000, -1.000000000000000000 ) ) ;
#1178 = DIRECTION ( 'NONE',  ( -0.000000000000000000, 0.000000000000000000, 1.000000000000000000 ) ) ;
#1179 = DIRECTION ( 'NONE',  ( -1.000000000000000000, 0.000000000000000000, 0.000000000000000000 ) ) ;
#1180 = ORIENTED_EDGE ( 'NONE', *, *, #1716, .T. ) ;
#1181 = ADVANCED_FACE ( 'NONE', ( #1057 ), #1356, .T. ) ;
#1182 = EDGE_CURVE ( 'NONE', #82, #1262, #1453, .T. ) ;
#1183 = CARTESIAN_POINT ( 'NONE',  ( -0.2783333333333332660, -0.7649999999999999023, 0.03500000000000000333 ) ) ;
#1184 = VECTOR ( 'NONE', #1090, 1000.000000000000000 ) ;
#1185 = VECTOR ( 'NONE', #600, 1000.000000000000000 ) ;
#1186 = CARTESIAN_POINT ( 'NONE',  ( 0.000000000000000000, 0.000000000000000000, 0.6649999999999999245 ) ) ;
#1187 = STYLED_ITEM ( 'NONE', ( #315 ), #1988 ) ;
#1188 = DIRECTION ( 'NONE',  ( -1.000000000000000000, 0.000000000000000000, 0.000000000000000000 ) ) ;
#1189 = ORIENTED_EDGE ( 'NONE', *, *, #2060, .F. ) ;
#1190 = ADVANCED_FACE ( 'NONE', ( #94 ), #1213, .T. ) ;
#1191 = CARTESIAN_POINT ( 'NONE',  ( 0.8933333333333332016, 0.7680000000000001270, 0.6649999999999999245 ) ) ;
#1192 = CARTESIAN_POINT ( 'NONE',  ( -0.9679999999999997495, 0.6933333333333335791, 0.6649999999999999245 ) ) ;
#1193 = CARTESIAN_POINT ( 'NONE',  ( -1.000000000000000000, 0.8000000000000002665, 0.000000000000000000 ) ) ;
#1194 = CARTESIAN_POINT ( 'NONE',  ( 0.8933333333333332016, 0.6933333333333335791, 0.6649999999999999245 ) ) ;
#1195 = ORIENTED_EDGE ( 'NONE', *, *, #1121, .T. ) ;
#1196 = EDGE_CURVE ( 'NONE', #957, #1966, #743, .T. ) ;
#1197 = LINE ( 'NONE', #1519, #141 ) ;
#1198 = DIRECTION ( 'NONE',  ( -1.000000000000000000, 0.000000000000000000, 0.000000000000000000 ) ) ;
#1199 = ORIENTED_EDGE ( 'NONE', *, *, #1361, .F. ) ;
#1200 = CARTESIAN_POINT ( 'NONE',  ( -0.3499999999999999223, -0.6933333333333332460, 0.03500000000000000333 ) ) ;
#1201 = DIRECTION ( 'NONE',  ( -0.7071067811865499042, -1.916616770854223959E-16, -0.7071067811865451302 ) ) ;
#1202 = CARTESIAN_POINT ( 'NONE',  ( 1.000000000000000000, 0.6933333333333335791, 0.6329999999999995630 ) ) ;
#1203 = ORIENTED_EDGE ( 'NONE', *, *, #138, .F. ) ;
#1204 = DIRECTION ( 'NONE',  ( 0.000000000000000000, -0.000000000000000000, 1.000000000000000000 ) ) ;
#1205 = CARTESIAN_POINT ( 'NONE',  ( 0.3366666666666665586, 0.6933333333333335791, -0.01025126265847085480 ) ) ;
#1206 = VERTEX_POINT ( 'NONE', #1202 ) ;
#1207 = EDGE_CURVE ( 'NONE', #1844, #1388, #1683, .T. ) ;
#1208 = CARTESIAN_POINT ( 'NONE',  ( 0.2783333333333332660, 0.7650000000000001243, 0.000000000000000000 ) ) ;
#1209 = DIRECTION ( 'NONE',  ( 1.355252715606880543E-16, 1.000000000000000000, 0.000000000000000000 ) ) ;
#1210 = DIRECTION ( 'NONE',  ( 1.000000000000000000, 0.000000000000000000, 0.000000000000000000 ) ) ;
#1211 = FACE_OUTER_BOUND ( 'NONE', #1068, .T. ) ;
#1212 = CARTESIAN_POINT ( 'NONE',  ( 1.000000000000000000, 0.6933333333333335791, 0.6649999999999999245 ) ) ;
#1213 = CONICAL_SURFACE ( 'NONE', #1913, 0.07466666666666656182, 0.7853981633974447263 ) ;
#1214 = CARTESIAN_POINT ( 'NONE',  ( -0.2783333333333332660, -0.7649999999999999023, 0.03500000000000000333 ) ) ;
#1215 = ORIENTED_EDGE ( 'NONE', *, *, #1361, .T. ) ;
#1216 = STYLED_ITEM ( 'NONE', ( #982 ), #2021 ) ;
#1217 = EDGE_CURVE ( 'NONE', #981, #1952, #885, .T. ) ;
#1218 = DIRECTION ( 'NONE',  ( -1.062943306358337540E-16, 1.000000000000000000, -0.000000000000000000 ) ) ;
#1219 = CARTESIAN_POINT ( 'NONE',  ( -0.8933333333333333126, 0.7650000000000002354, 0.000000000000000000 ) ) ;
#1220 = CARTESIAN_POINT ( 'NONE',  ( 0.000000000000000000, 0.7680000000000001270, 0.6649999999999999245 ) ) ;
#1221 = DIRECTION ( 'NONE',  ( 1.000000000000000000, 0.000000000000000000, 0.000000000000000000 ) ) ;
#1222 = VERTEX_POINT ( 'NONE', #1818 ) ;
#1223 = DIRECTION ( 'NONE',  ( -1.000000000000000000, -0.000000000000000000, -0.000000000000000000 ) ) ;
#1224 = ADVANCED_FACE ( 'NONE', ( #1695 ), #1751, .T. ) ;
#1225 = SHAPE_DEFINITION_REPRESENTATION ( #596, #353 ) ;
#1226 = CARTESIAN_POINT ( 'NONE',  ( 0.3366666666666665586, 0.7650000000000002354, -0.03500000000000000333 ) ) ;
#1227 = AXIS2_PLACEMENT_3D ( 'NONE', #1955, #1642, #1974 ) ;
#1228 = ORIENTED_EDGE ( 'NONE', *, *, #1284, .F. ) ;
#1229 = CARTESIAN_POINT ( 'NONE',  ( -0.8933333333333335347, -0.7649999999999997913, 0.000000000000000000 ) ) ;
#1230 =( LENGTH_UNIT ( ) NAMED_UNIT ( * ) SI_UNIT ( .MILLI., .METRE. ) );
#1231 = CARTESIAN_POINT ( 'NONE',  ( -0.8933333333333333126, 0.8000000000000002665, 0.6649999999999999245 ) ) ;
#1232 = EDGE_CURVE ( 'NONE', #1007, #1930, #116, .T. ) ;
#1233 = CARTESIAN_POINT ( 'NONE',  ( -0.8933333333333333126, 0.7680000000000001270, 0.6649999999999999245 ) ) ;
#1234 = CARTESIAN_POINT ( 'NONE',  ( -2.232634450743302453E-16, -2.168404344971008868E-16, 0.03500000000000000333 ) ) ;
#1235 = CIRCLE ( 'NONE', #273, 0.09641540400819574586 ) ;
#1236 = CARTESIAN_POINT ( 'NONE',  ( 0.3380582670102516007, 0.7902425670141074443, -0.009757432985892459595 ) ) ;
#1237 = APPLICATION_CONTEXT ( 'automotive_design' ) ;
#1238 = ORIENTED_EDGE ( 'NONE', *, *, #1008, .T. ) ;
#1239 = CIRCLE ( 'NONE', #1708, 0.07166666666666665630 ) ;
#1240 = LINE ( 'NONE', #272, #888 ) ;
#1241 = VERTEX_POINT ( 'NONE', #1380 ) ;
#1242 = DIRECTION ( 'NONE',  ( 0.000000000000000000, -0.000000000000000000, -1.000000000000000000 ) ) ;
#1243 = CARTESIAN_POINT ( 'NONE',  ( -0.9999999999999995559, -0.6933333333333332460, 1.084202172485504434E-16 ) ) ;
#1244 = EDGE_CURVE ( 'NONE', #1306, #1569, #1517, .T. ) ;
#1245 = CARTESIAN_POINT ( 'NONE',  ( 0.9999999999999997780, -0.7649999999999997913, -0.03500000000000000333 ) ) ;
#1246 = DIRECTION ( 'NONE',  ( 1.000000000000000000, 0.000000000000000000, 0.000000000000000000 ) ) ;
#1247 = DIRECTION ( 'NONE',  ( 0.000000000000000000, -0.000000000000000000, -1.000000000000000000 ) ) ;
#1248 = ORIENTED_EDGE ( 'NONE', *, *, #1678, .T. ) ;
#1249 = AXIS2_PLACEMENT_3D ( 'NONE', #764, #2040, #1566 ) ;
#1250 = FACE_OUTER_BOUND ( 'NONE', #626, .T. ) ;
#1251 = ORIENTED_EDGE ( 'NONE', *, *, #9, .T. ) ;
#1252 = CIRCLE ( 'NONE', #2017, 0.07166666666666671182 ) ;
#1253 = EDGE_CURVE ( 'NONE', #981, #1553, #1022, .T. ) ;
#1254 = DIRECTION ( 'NONE',  ( 1.000000000000000000, 0.000000000000000000, 0.000000000000000000 ) ) ;
#1255 = CARTESIAN_POINT ( 'NONE',  ( 0.3366666666666664476, -0.6933333333333332460, -0.03500000000000000333 ) ) ;
#1256 = VERTEX_POINT ( 'NONE', #867 ) ;
#1257 = DIRECTION ( 'NONE',  ( 0.000000000000000000, -0.000000000000000000, -1.000000000000000000 ) ) ;
#1258 = DIRECTION ( 'NONE',  ( -0.000000000000000000, 0.000000000000000000, 1.000000000000000000 ) ) ;
#1259 = ORIENTED_EDGE ( 'NONE', *, *, #117, .T. ) ;
#1260 = AXIS2_PLACEMENT_3D ( 'NONE', #1654, #1364, #1802 ) ;
#1261 = DIRECTION ( 'NONE',  ( 1.000000000000000000, 0.000000000000000000, 0.000000000000000000 ) ) ;
#1262 = VERTEX_POINT ( 'NONE', #1504 ) ;
#1263 = CARTESIAN_POINT ( 'NONE',  ( -0.3373637948686801780, -0.7899937443746036791, -0.01000625562539609464 ) ) ;
#1264 = CARTESIAN_POINT ( 'NONE',  ( -0.8933333333333328685, -0.6933333333333331350, -0.03499999999999998251 ) ) ;
#1265 = ORIENTED_EDGE ( 'NONE', *, *, #180, .T. ) ;
#1266 = CARTESIAN_POINT ( 'NONE',  ( 0.8933333333333330906, -0.7649999999999997913, 0.000000000000000000 ) ) ;
#1267 = PRODUCT_DEFINITION_SHAPE ( 'NONE', 'NONE',  #1479 ) ;
#1268 = CARTESIAN_POINT ( 'NONE',  ( 0.8933333333333333126, -0.7999999999999998224, 3.252606517456513302E-16 ) ) ;
#1269 = ORIENTED_EDGE ( 'NONE', *, *, #1182, .T. ) ;
#1270 = DIRECTION ( 'NONE',  ( -0.000000000000000000, -0.000000000000000000, 1.000000000000000000 ) ) ;
#1271 = ADVANCED_FACE ( 'NONE', ( #1211 ), #70, .T. ) ;
#1272 = AXIS2_PLACEMENT_3D ( 'NONE', #1582, #1257, #1418 ) ;
#1273 = ADVANCED_FACE ( 'NONE', ( #551 ), #1827, .F. ) ;
#1274 = ORIENTED_EDGE ( 'NONE', *, *, #1709, .T. ) ;
#1275 = CARTESIAN_POINT ( 'NONE',  ( 0.2649999999999999578, 0.6933333333333335791, -0.03500000000000000333 ) ) ;
#1276 = CARTESIAN_POINT ( 'NONE',  ( -0.3366666666666668362, -0.7649999999999999023, 0.000000000000000000 ) ) ;
#1277 = ORIENTED_EDGE ( 'NONE', *, *, #1612, .T. ) ;
#1278 = CARTESIAN_POINT ( 'NONE',  ( 0.2155025253169417232, -0.6933333333333332460, 0.000000000000000000 ) ) ;
#1279 = ITEM_DEFINED_TRANSFORMATION ( 'NONE', 'NONE', #1551,  #549 ) ;
#1280 = ORIENTED_EDGE ( 'NONE', *, *, #1331, .T. ) ;
#1281 = VERTEX_POINT ( 'NONE', #893 ) ;
#1282 = AXIS2_PLACEMENT_3D ( 'NONE', #1861, #265, #559 ) ;
#1283 = DIRECTION ( 'NONE',  ( 1.000000000000000000, 0.000000000000000000, 0.000000000000000000 ) ) ;
#1284 = EDGE_CURVE ( 'NONE', #1850, #1241, #648, .T. ) ;
#1285 = PLANE ( 'NONE',  #321 ) ;
#1286 = VECTOR ( 'NONE', #863, 1000.000000000000000 ) ;
#1287 = MECHANICAL_DESIGN_GEOMETRIC_PRESENTATION_REPRESENTATION (  '', ( #1187 ), #651 ) ;
#1288 = ORIENTED_EDGE ( 'NONE', *, *, #1580, .F. ) ;
#1289 = DIRECTION ( 'NONE',  ( 0.000000000000000000, -0.7071067811865473507, 0.7071067811865477948 ) ) ;
#1290 = VERTEX_POINT ( 'NONE', #1758 ) ;
#1291 = ADVANCED_FACE ( 'NONE', ( #1111 ), #10, .T. ) ;
#1292 = ORIENTED_EDGE ( 'NONE', *, *, #415, .T. ) ;
#1293 = STYLED_ITEM ( 'NONE', ( #1024 ), #572 ) ;
#1294 = CARTESIAN_POINT ( 'NONE',  ( 0.3241381497799310507, 0.8000000000000002665, -0.002820098762353725336 ) ) ;
#1295 = VERTEX_POINT ( 'NONE', #1578 ) ;
#1296 = EDGE_CURVE ( 'NONE', #799, #1792, #950, .T. ) ;
#1297 = DIRECTION ( 'NONE',  ( -0.000000000000000000, 0.000000000000000000, -1.000000000000000000 ) ) ;
#1298 = CONTEXT_DEPENDENT_SHAPE_REPRESENTATION ( #132, #2037 ) ;
#1299 = VERTEX_POINT ( 'NONE', #637 ) ;
#1300 = CARTESIAN_POINT ( 'NONE',  ( 0.3474613965751716105, 0.8000000000000002665, -0.003983827796495893227 ) ) ;
#1301 = CIRCLE ( 'NONE', #405, 0.07166666666666665630 ) ;
#1302 = LINE ( 'NONE', #466, #1476 ) ;
#1303 = VERTEX_POINT ( 'NONE', #140 ) ;
#1304 = DIRECTION ( 'NONE',  ( 0.000000000000000000, -0.7071067811865472397, -0.7071067811865479058 ) ) ;
#1305 = ADVANCED_FACE ( 'NONE', ( #149 ), #150, .T. ) ;
#1306 = VERTEX_POINT ( 'NONE', #1900 ) ;
#1307 = VECTOR ( 'NONE', #200, 1000.000000000000000 ) ;
#1308 = VERTEX_POINT ( 'NONE', #1119 ) ;
#1309 = CARTESIAN_POINT ( 'NONE',  ( -0.2783333333333332660, -0.6933333333333332460, 0.000000000000000000 ) ) ;
#1310 = AXIS2_PLACEMENT_3D ( 'NONE', #1255, #1719, #1078 ) ;
#1311 = CARTESIAN_POINT ( 'NONE',  ( 0.3366666666666665586, 0.8000000000000002665, 3.252606517456513302E-16 ) ) ;
#1312 = EDGE_CURVE ( 'NONE', #492, #1295, #1601, .T. ) ;
#1313 = VECTOR ( 'NONE', #1667, 1000.000000000000000 ) ;
#1314 = CARTESIAN_POINT ( 'NONE',  ( -0.3941381497799321121, 0.8000000000000002665, 1.084202172485505913E-16 ) ) ;
#1315 = VERTEX_POINT ( 'NONE', #1890 ) ;
#1316 = LINE ( 'NONE', #232, #775 ) ;
#1317 = CONICAL_SURFACE ( 'NONE', #1647, 0.07166666666666682284, 0.7853981633974450594 ) ;
#1318 = EDGE_CURVE ( 'NONE', #861, #2000, #984, .T. ) ;
#1319 = AXIS2_PLACEMENT_3D ( 'NONE', #684, #1480, #1283 ) ;
#1320 = DIRECTION ( 'NONE',  ( 0.000000000000000000, -0.000000000000000000, -1.000000000000000000 ) ) ;
#1321 = DIRECTION ( 'NONE',  ( 0.000000000000000000, 0.000000000000000000, -1.000000000000000000 ) ) ;
#1322 = VERTEX_POINT ( 'NONE', #1276 ) ;
#1323 = DIRECTION ( 'NONE',  ( 1.000000000000000000, 0.000000000000000000, 0.000000000000000000 ) ) ;
#1324 = AXIS2_PLACEMENT_3D ( 'NONE', #702, #1018, #565 ) ;
#1325 = FACE_OUTER_BOUND ( 'NONE', #1424, .T. ) ;
#1326 = VERTEX_POINT ( 'NONE', #2050 ) ;
#1327 = CARTESIAN_POINT ( 'NONE',  ( 0.2783333333333332660, 0.6933333333333334680, 0.03500000000000000333 ) ) ;
#1328 = CARTESIAN_POINT ( 'NONE',  ( -0.3499999999999999223, -0.6933333333333332460, 0.03500000000000000333 ) ) ;
#1329 = CARTESIAN_POINT ( 'NONE',  ( 0.2791951835534017268, 0.8000000000000002665, 0.000000000000000000 ) ) ;
#1330 = EDGE_LOOP ( 'NONE', ( #310, #1823, #470, #710 ) ) ;
#1331 = EDGE_CURVE ( 'NONE', #1206, #1306, #616, .T. ) ;
#1332 = ADVANCED_FACE ( 'NONE', ( #316 ), #1849, .T. ) ;
#1333 = LINE ( 'NONE', #1354, #848 ) ;
#1334 = CARTESIAN_POINT ( 'NONE',  ( 0.000000000000000000, 0.000000000000000000, 0.000000000000000000 ) ) ;
#1335 = ORIENTED_EDGE ( 'NONE', *, *, #13, .F. ) ;
#1336 = AXIS2_PLACEMENT_3D ( 'NONE', #1741, #311, #1429 ) ;
#1337 = CARTESIAN_POINT ( 'NONE',  ( 0.9649999999999998579, -0.6933333333333332460, -0.03500000000000000333 ) ) ;
#1338 = DIRECTION ( 'NONE',  ( -1.355252715606880543E-16, -1.000000000000000000, 0.000000000000000000 ) ) ;
#1339 = ADVANCED_FACE ( 'NONE', ( #1739 ), #1013, .F. ) ;
#1340 = DIRECTION ( 'NONE',  ( -1.000000000000000000, 0.000000000000000000, 0.000000000000000000 ) ) ;
#1341 = VERTEX_POINT ( 'NONE', #927 ) ;
#1342 = CARTESIAN_POINT ( 'NONE',  ( 1.077161898638196186E-16, 0.7650000000000001243, -0.03500000000000000333 ) ) ;
#1343 = DIRECTION ( 'NONE',  ( -1.000000000000000000, 0.000000000000000000, 0.000000000000000000 ) ) ;
#1344 = EDGE_CURVE ( 'NONE', #495, #957, #958, .T. ) ;
#1345 = CARTESIAN_POINT ( 'NONE',  ( -0.9650000000000000799, 0.6933333333333335791, 0.000000000000000000 ) ) ;
#1346 = DIRECTION ( 'NONE',  ( -0.7071067811865451302, 0.000000000000000000, 0.7071067811865500152 ) ) ;
#1347 = ORIENTED_EDGE ( 'NONE', *, *, #1787, .F. ) ;
#1348 = VECTOR ( 'NONE', #191, 1000.000000000000114 ) ;
#1349 = VECTOR ( 'NONE', #104, 1000.000000000000000 ) ;
#1350 = CARTESIAN_POINT ( 'NONE',  ( 0.9650000000000000799, 0.8000000000000002665, -0.03500000000000000333 ) ) ;
#1351 = CARTESIAN_POINT ( 'NONE',  ( 0.8933333333333333126, -0.6933333333333332460, 0.6649999999999999245 ) ) ;
#1352 = ORIENTED_EDGE ( 'NONE', *, *, #199, .T. ) ;
#1353 = SHAPE_REPRESENTATION ( 'pin_\X2\9ed88ba4\X0\', ( #549 ), #989 ) ;
#1354 = CARTESIAN_POINT ( 'NONE',  ( 0.3499999999999998668, 0.7650000000000001243, 0.000000000000000000 ) ) ;
#1355 = CYLINDRICAL_SURFACE ( 'NONE', #1754, 0.07166666666666671182 ) ;
#1356 = PLANE ( 'NONE',  #846 ) ;
#1357 = VECTOR ( 'NONE', #1494, 1000.000000000000000 ) ;
#1358 = ORIENTED_EDGE ( 'NONE', *, *, #1602, .T. ) ;
#1359 = DIRECTION ( 'NONE',  ( 0.000000000000000000, -1.000000000000000000, 0.000000000000000000 ) ) ;
#1360 = VECTOR ( 'NONE', #1497, 1000.000000000000000 ) ;
#1361 = EDGE_CURVE ( 'NONE', #365, #454, #37, .T. ) ;
#1362 = LINE ( 'NONE', #399, #204 ) ;
#1363 = CARTESIAN_POINT ( 'NONE',  ( 0.6149999999999997691, -5.421010862427522170E-17, 0.000000000000000000 ) ) ;
#1364 = DIRECTION ( 'NONE',  ( -0.7071067811865475727, 9.583083854271088979E-17, -0.7071067811865475727 ) ) ;
#1365 = VERTEX_POINT ( 'NONE', #1591 ) ;
#1366 = DIRECTION ( 'NONE',  ( 0.000000000000000000, 0.7071067811865473507, -0.7071067811865477948 ) ) ;
#1367 = DIRECTION ( 'NONE',  ( -1.355252715606880543E-16, -1.000000000000000000, 0.000000000000000000 ) ) ;
#1368 = DIRECTION ( 'NONE',  ( 1.000000000000000000, 0.000000000000000000, 0.000000000000000000 ) ) ;
#1369 = CARTESIAN_POINT ( 'NONE',  ( -0.2299999999999999822, 0.6933333333333335791, 8.801002332938043273E-17 ) ) ;
#1370 = AXIS2_PLACEMENT_3D ( 'NONE', #433, #1852, #1092 ) ;
#1371 = ORIENTED_EDGE ( 'NONE', *, *, #206, .F. ) ;
#1372 = DIRECTION ( 'NONE',  ( 0.000000000000000000, -0.7071067811865451302, 0.7071067811865499042 ) ) ;
#1373 = EDGE_CURVE ( 'NONE', #1388, #857, #287, .T. ) ;
#1374 = APPLICATION_PROTOCOL_DEFINITION ( 'draft international standard', 'automotive_design', 1998, #1430 ) ;
#1375 = LINE ( 'NONE', #623, #1466 ) ;
#1376 = ORIENTED_EDGE ( 'NONE', *, *, #1795, .T. ) ;
#1377 = DIRECTION ( 'NONE',  ( -0.000000000000000000, -0.000000000000000000, 1.000000000000000000 ) ) ;
#1378 = LINE ( 'NONE', #891, #2066 ) ;
#1379 = CARTESIAN_POINT ( 'NONE',  ( 0.8933333333333330906, -0.6933333333333332460, -0.03500000000000000333 ) ) ;
#1380 = CARTESIAN_POINT ( 'NONE',  ( -0.8933333333333328685, -0.7679999999999996829, 0.6649999999999999245 ) ) ;
#1381 = EDGE_CURVE ( 'NONE', #1315, #799, #1910, .T. ) ;
#1382 = ORIENTED_EDGE ( 'NONE', *, *, #481, .T. ) ;
#1383 = DIRECTION ( 'NONE',  ( 1.408054769461693942E-16, 1.000000000000000000, 0.000000000000000000 ) ) ;
#1384 = ADVANCED_FACE ( 'NONE', ( #440 ), #129, .T. ) ;
#1385 = DIRECTION ( 'NONE',  ( 0.000000000000000000, 0.000000000000000000, 1.000000000000000000 ) ) ;
#1386 = VECTOR ( 'NONE', #147, 1000.000000000000000 ) ;
#1387 = DIRECTION ( 'NONE',  ( -1.000000000000000000, 0.000000000000000000, 0.000000000000000000 ) ) ;
#1388 = VERTEX_POINT ( 'NONE', #1243 ) ;
#1389 =( GEOMETRIC_REPRESENTATION_CONTEXT ( 3 ) GLOBAL_UNCERTAINTY_ASSIGNED_CONTEXT ( ( #34 ) ) GLOBAL_UNIT_ASSIGNED_CONTEXT ( ( #1711, #292, #1559 ) ) REPRESENTATION_CONTEXT ( 'NONE', 'WORKASPACE' ) );
#1390 = DIRECTION ( 'NONE',  ( 1.355252715606880543E-16, 1.000000000000000000, 0.000000000000000000 ) ) ;
#1391 = EDGE_CURVE ( 'NONE', #715, #492, #1645, .T. ) ;
#1392 = DIRECTION ( 'NONE',  ( 2.710505431213761085E-16, -1.000000000000000000, 0.000000000000000000 ) ) ;
#1393 = CARTESIAN_POINT ( 'NONE',  ( 0.8933333333333332016, 0.8000000000000002665, 0.6329999999999995630 ) ) ;
#1394 = PRODUCT_RELATED_PRODUCT_CATEGORY ( 'part', '', ( #1423 ) ) ;
#1395 = EDGE_LOOP ( 'NONE', ( #270, #1335, #308, #163 ) ) ;
#1396 = CARTESIAN_POINT ( 'NONE',  ( 0.3366666666666663366, -0.6933333333333331350, 0.000000000000000000 ) ) ;
#1397 = PRODUCT_CONTEXT ( 'NONE', #785, 'mechanical' ) ;
#1398 = CARTESIAN_POINT ( 'NONE',  ( 0.8933333333333332016, 0.8000000000000002665, 0.6649999999999999245 ) ) ;
#1399 = ORIENTED_EDGE ( 'NONE', *, *, #646, .F. ) ;
#1400 = DIRECTION ( 'NONE',  ( -1.000000000000000000, 0.000000000000000000, 0.000000000000000000 ) ) ;
#1401 = ORIENTED_EDGE ( 'NONE', *, *, #537, .F. ) ;
#1402 = CARTESIAN_POINT ( 'NONE',  ( -0.3387580512727068061, -0.7904837584407532480, -0.009516241559246558721 ) ) ;
#1403 = EDGE_CURVE ( 'NONE', #1791, #495, #1797, .T. ) ;
#1404 = ORIENTED_EDGE ( 'NONE', *, *, #1403, .F. ) ;
#1405 = DIRECTION ( 'NONE',  ( 0.000000000000000000, -0.000000000000000000, -1.000000000000000000 ) ) ;
#1406 = DIRECTION ( 'NONE',  ( 0.000000000000000000, 0.000000000000000000, 1.000000000000000000 ) ) ;
#1407 = TOROIDAL_SURFACE ( 'NONE', #1905, 0.1211641413497250019, 0.03500000000000000333 ) ;
#1408 = CARTESIAN_POINT ( 'NONE',  ( 0.3823339660769374815, 0.8000000000000002665, 3.092629997266468995E-16 ) ) ;
#1409 = ORIENTED_EDGE ( 'NONE', *, *, #1723, .F. ) ;
#1410 = EDGE_CURVE ( 'NONE', #660, #1780, #1546, .T. ) ;
#1411 = VECTOR ( 'NONE', #1663, 999.9999999999998863 ) ;
#1412 = CARTESIAN_POINT ( 'NONE',  ( 0.3373637948686800114, -0.7899937443746032351, -0.01000625562539632536 ) ) ;
#1413 = ORIENTED_EDGE ( 'NONE', *, *, #1762, .F. ) ;
#1414 = CARTESIAN_POINT ( 'NONE',  ( -1.000000000000000000, 0.6933333333333335791, 1.084202172485504434E-16 ) ) ;
#1415 = CARTESIAN_POINT ( 'NONE',  ( -0.3366666666666666696, 0.6933333333333335791, -0.03500000000000000333 ) ) ;
#1416 = AXIS2_PLACEMENT_3D ( 'NONE', #575, #426, #111 ) ;
#1417 = ORIENTED_EDGE ( 'NONE', *, *, #507, .F. ) ;
#1418 = DIRECTION ( 'NONE',  ( 1.000000000000000000, 0.000000000000000000, 0.000000000000000000 ) ) ;
#1419 = CARTESIAN_POINT ( 'NONE',  ( 0.3373637948686796784, 0.7899937443746040122, -0.01000625562539581709 ) ) ;
#1420 = ORIENTED_EDGE ( 'NONE', *, *, #928, .T. ) ;
#1421 = AXIS2_PLACEMENT_3D ( 'NONE', #1970, #1705, #2015 ) ;
#1422 = CARTESIAN_POINT ( 'NONE',  ( 0.3380582670102531551, -0.7902425670141050018, -0.009757432985894588101 ) ) ;
#1423 = PRODUCT ( 'FTC201607S', 'FTC201607S', '', ( #734 ) ) ;
#1424 = EDGE_LOOP ( 'NONE', ( #1755, #1058, #954, #1891 ) ) ;
#1425 = VECTOR ( 'NONE', #227, 1000.000000000000114 ) ;
#1426 = CARTESIAN_POINT ( 'NONE',  ( -0.3366666666666668362, -0.7897487373415288392, -0.01025126265847093460 ) ) ;
#1427 = DIRECTION ( 'NONE',  ( -0.7071067811865440200, 0.000000000000000000, 0.7071067811865511255 ) ) ;
#1428 = ORIENTED_EDGE ( 'NONE', *, *, #139, .T. ) ;
#1429 = DIRECTION ( 'NONE',  ( -1.000000000000000000, 0.000000000000000000, 0.000000000000000000 ) ) ;
#1430 = APPLICATION_CONTEXT ( 'automotive_design' ) ;
#1431 = EDGE_CURVE ( 'NONE', #323, #1553, #815, .T. ) ;
#1432 = EDGE_CURVE ( 'NONE', #2000, #365, #1155, .T. ) ;
#1433 = CARTESIAN_POINT ( 'NONE',  ( -0.3373637948686799559, 0.7899937443746041232, -0.01000625562539615362 ) ) ;
#1434 = ORIENTED_EDGE ( 'NONE', *, *, #1638, .T. ) ;
#1435 = VECTOR ( 'NONE', #1028, 1000.000000000000114 ) ;
#1436 = DIRECTION ( 'NONE',  ( -1.408054769461693942E-16, -1.000000000000000000, 0.000000000000000000 ) ) ;
#1437 = ORIENTED_EDGE ( 'NONE', *, *, #1207, .F. ) ;
#1438 = CARTESIAN_POINT ( 'NONE',  ( -0.3941381497799322786, -0.7999999999999998224, 1.084202172485505913E-16 ) ) ;
#1439 = DIRECTION ( 'NONE',  ( 1.000000000000000000, 0.000000000000000000, 0.000000000000000000 ) ) ;
#1440 = ORIENTED_EDGE ( 'NONE', *, *, #1989, .T. ) ;
#1441 = CARTESIAN_POINT ( 'NONE',  ( 0.3366666666666664476, -0.7649999999999994582, -0.03500000000000000333 ) ) ;
#1442 = EDGE_LOOP ( 'NONE', ( #1399, #1631, #489, #920 ) ) ;
#1443 = EDGE_CURVE ( 'NONE', #1007, #1449, #685, .T. ) ;
#1444 = CIRCLE ( 'NONE', #1272, 0.07166666666666665630 ) ;
#1445 = ORIENTED_EDGE ( 'NONE', *, *, #1443, .T. ) ;
#1446 = CARTESIAN_POINT ( 'NONE',  ( -0.2649999999999999578, 0.6933333333333334680, -0.03500000000000000333 ) ) ;
#1447 = DIRECTION ( 'NONE',  ( -1.000000000000000000, 0.000000000000000000, 0.000000000000000000 ) ) ;
#1448 = EDGE_CURVE ( 'NONE', #1792, #1569, #362, .T. ) ;
#1449 = VERTEX_POINT ( 'NONE', #1166 ) ;
#1450 = CARTESIAN_POINT ( 'NONE',  ( -0.3366666666666668362, -0.6933333333333332460, -0.03500000000000000333 ) ) ;
#1451 = ORIENTED_EDGE ( 'NONE', *, *, #1232, .T. ) ;
#1452 = EDGE_LOOP ( 'NONE', ( #794, #427, #1649, #2033 ) ) ;
#1453 = CIRCLE ( 'NONE', #1421, 0.1066666666666666874 ) ;
#1454 = FACE_OUTER_BOUND ( 'NONE', #120, .T. ) ;
#1455 = CIRCLE ( 'NONE', #1547, 0.07166666666666665630 ) ;
#1456 = STYLED_ITEM ( 'NONE', ( #1998 ), #802 ) ;
#1457 = VERTEX_POINT ( 'NONE', #490 ) ;
#1458 = LINE ( 'NONE', #1441, #1772 ) ;
#1459 = EDGE_LOOP ( 'NONE', ( #11, #1766, #986, #972 ) ) ;
#1460 = ORIENTED_EDGE ( 'NONE', *, *, #502, .T. ) ;
#1461 = FACE_OUTER_BOUND ( 'NONE', #1926, .T. ) ;
#1462 = EDGE_CURVE ( 'NONE', #827, #142, #1127, .T. ) ;
#1463 = DIRECTION ( 'NONE',  ( -0.000000000000000000, 0.000000000000000000, 1.000000000000000000 ) ) ;
#1464 = EDGE_LOOP ( 'NONE', ( #1874, #1819, #1041, #1131, #844, #1, #688, #1460 ) ) ;
#1465 = CARTESIAN_POINT ( 'NONE',  ( 0.9679999999999998606, 0.000000000000000000, 0.6649999999999999245 ) ) ;
#1466 = VECTOR ( 'NONE', #1873, 1000.000000000000000 ) ;
#1467 = ADVANCED_FACE ( 'NONE', ( #1454 ), #806, .T. ) ;
#1468 = ORIENTED_EDGE ( 'NONE', *, *, #1217, .F. ) ;
#1469 = AXIS2_PLACEMENT_3D ( 'NONE', #521, #1496, #60 ) ;
#1470 = CARTESIAN_POINT ( 'NONE',  ( -0.8933333333333333126, 0.6933333333333335791, -0.03499999999999998251 ) ) ;
#1471 = DIRECTION ( 'NONE',  ( -0.000000000000000000, 0.000000000000000000, 1.000000000000000000 ) ) ;
#1472 = LINE ( 'NONE', #1928, #707 ) ;
#1473 = ORIENTED_EDGE ( 'NONE', *, *, #1128, .T. ) ;
#1474 = CYLINDRICAL_SURFACE ( 'NONE', #176, 0.03500000000000001027 ) ;
#1475 = ORIENTED_EDGE ( 'NONE', *, *, #1373, .F. ) ;
#1476 = VECTOR ( 'NONE', #826, 1000.000000000000000 ) ;
#1477 = DIRECTION ( 'NONE',  ( 1.000000000000000000, 0.000000000000000000, 0.000000000000000000 ) ) ;
#1478 = ORIENTED_EDGE ( 'NONE', *, *, #1318, .F. ) ;
#1479 = PRODUCT_DEFINITION ( 'UNKNOWN', '', #188, #231 ) ;
#1480 = DIRECTION ( 'NONE',  ( -0.000000000000000000, 0.000000000000000000, 1.000000000000000000 ) ) ;
#1481 = CARTESIAN_POINT ( 'NONE',  ( -0.8933333333333333126, 0.6933333333333335791, 0.6649999999999999245 ) ) ;
#1482 = VECTOR ( 'NONE', #162, 1000.000000000000000 ) ;
#1483 = CARTESIAN_POINT ( 'NONE',  ( 0.000000000000000000, 0.000000000000000000, 0.000000000000000000 ) ) ;
#1484 = VECTOR ( 'NONE', #1390, 1000.000000000000000 ) ;
#1485 = ORIENTED_EDGE ( 'NONE', *, *, #811, .T. ) ;
#1486 = CYLINDRICAL_SURFACE ( 'NONE', #1696, 0.07166666666666665630 ) ;
#1487 = AXIS2_PLACEMENT_3D ( 'NONE', #1565, #137, #615 ) ;
#1488 = CARTESIAN_POINT ( 'NONE',  ( -0.8933333333333333126, 0.6933333333333335791, 0.000000000000000000 ) ) ;
#1489 = ADVANCED_FACE ( 'NONE', ( #1614 ), #999, .T. ) ;
#1490 = EDGE_CURVE ( 'NONE', #840, #1281, #716, .T. ) ;
#1491 = DIRECTION ( 'NONE',  ( 0.000000000000000000, 0.000000000000000000, -1.000000000000000000 ) ) ;
#1492 = ORIENTED_EDGE ( 'NONE', *, *, #253, .F. ) ;
#1493 = DIRECTION ( 'NONE',  ( -1.000000000000000000, 0.000000000000000000, 0.000000000000000000 ) ) ;
#1494 = DIRECTION ( 'NONE',  ( 0.000000000000000000, 1.000000000000000000, 0.000000000000000000 ) ) ;
#1495 = ORIENTED_EDGE ( 'NONE', *, *, #1550, .T. ) ;
#1496 = DIRECTION ( 'NONE',  ( -0.000000000000000000, 0.000000000000000000, 1.000000000000000000 ) ) ;
#1497 = DIRECTION ( 'NONE',  ( -1.000000000000000000, 1.408054769461693942E-16, 0.000000000000000000 ) ) ;
#1498 = ADVANCED_FACE ( 'NONE', ( #42 ), #1317, .T. ) ;
#1499 = VERTEX_POINT ( 'NONE', #1784 ) ;
#1500 = FACE_OUTER_BOUND ( 'NONE', #347, .T. ) ;
#1501 = FACE_OUTER_BOUND ( 'NONE', #7, .T. ) ;
#1502 = FACE_OUTER_BOUND ( 'NONE', #1076, .T. ) ;
#1503 = VECTOR ( 'NONE', #1059, 1000.000000000000114 ) ;
#1504 = CARTESIAN_POINT ( 'NONE',  ( 1.000000000000000000, -0.6933333333333332460, 3.252606517456513302E-16 ) ) ;
#1505 = ORIENTED_EDGE ( 'NONE', *, *, #1232, .F. ) ;
#1506 = FILL_AREA_STYLE ('',( #1996 ) ) ;
#1507 = FACE_OUTER_BOUND ( 'NONE', #248, .T. ) ;
#1508 = FACE_OUTER_BOUND ( 'NONE', #593, .T. ) ;
#1509 = ORIENTED_EDGE ( 'NONE', *, *, #404, .F. ) ;
#1510 = PLANE ( 'NONE',  #1724 ) ;
#1511 = DIRECTION ( 'NONE',  ( 0.000000000000000000, -0.000000000000000000, -1.000000000000000000 ) ) ;
#1512 = CARTESIAN_POINT ( 'NONE',  ( -0.2649999999999999578, 0.6933333333333334680, 0.000000000000000000 ) ) ;
#1513 = EDGE_CURVE ( 'NONE', #350, #360, #1948, .T. ) ;
#1514 = CARTESIAN_POINT ( 'NONE',  ( -0.8933333333333328685, -0.6933333333333331350, 0.6649999999999999245 ) ) ;
#1515 = EDGE_LOOP ( 'NONE', ( #1540, #1420, #951, #965, #947 ) ) ;
#1516 = CARTESIAN_POINT ( 'NONE',  ( -0.3366666666666668362, -0.7649999999999999023, -0.03500000000000000333 ) ) ;
#1517 = CIRCLE ( 'NONE', #1815, 0.07466666666666656182 ) ;
#1518 = VECTOR ( 'NONE', #889, 1000.000000000000000 ) ;
#1519 = CARTESIAN_POINT ( 'NONE',  ( -1.000000000000000000, 0.6933333333333335791, 0.6329999999999995630 ) ) ;
#1520 = AXIS2_PLACEMENT_3D ( 'NONE', #1882, #1406, #610 ) ;
#1521 = DIRECTION ( 'NONE',  ( 0.000000000000000000, -0.000000000000000000, -1.000000000000000000 ) ) ;
#1522 = ORIENTED_EDGE ( 'NONE', *, *, #862, .F. ) ;
#1523 = CARTESIAN_POINT ( 'NONE',  ( 0.2783333333333333770, -0.6933333333333332460, 0.000000000000000000 ) ) ;
#1524 = CARTESIAN_POINT ( 'NONE',  ( 0.8933333333333330906, -0.7649999999999997913, -0.03500000000000000333 ) ) ;
#1525 = DIRECTION ( 'NONE',  ( 1.062943306358337417E-16, -1.000000000000000000, 0.000000000000000000 ) ) ;
#1526 = DIRECTION ( 'NONE',  ( 0.000000000000000000, 0.000000000000000000, -1.000000000000000000 ) ) ;
#1527 = ADVANCED_FACE ( 'NONE', ( #1461 ), #1285, .T. ) ;
#1528 = AXIS2_PLACEMENT_3D ( 'NONE', #1040, #38, #886 ) ;
#1529 = CARTESIAN_POINT ( 'NONE',  ( -0.8933333333333328685, -0.7649999999999999023, -0.03500000000000000333 ) ) ;
#1530 = ORIENTED_EDGE ( 'NONE', *, *, #1312, .T. ) ;
#1531 = EDGE_CURVE ( 'NONE', #704, #861, #738, .T. ) ;
#1532 = DIRECTION ( 'NONE',  ( 1.000000000000000000, 0.000000000000000000, 0.000000000000000000 ) ) ;
#1533 = CYLINDRICAL_SURFACE ( 'NONE', #1597, 0.07166666666666665630 ) ;
#1534 = CYLINDRICAL_SURFACE ( 'NONE', #818, 0.07166666666666671182 ) ;
#1535 = DIRECTION ( 'NONE',  ( 0.000000000000000000, 0.000000000000000000, -1.000000000000000000 ) ) ;
#1536 = CLOSED_SHELL ( 'NONE', ( #634, #1806, #1969, #1658, #35, #146, #1181, #1688, #1271, #280, #66, #333, #692, #571, #1956, #1026, #266, #985, #1467, #2, #1014, #367, #955, #64, #1919, #1273, #761, #1870, #1489, #1224, #787, #1650, #1925, #819, #1190, #389, #1896, #1332, #1859, #1875, #1963, #1498, #166, #1169, #1747, #1291, #1812, #847, #1067, #836, #1305, #1384, #3, #1122, #1339, #1134, #349, #1082 ) ) ;
#1537 = CARTESIAN_POINT ( 'NONE',  ( 0.3500000000000000333, -0.6933333333333332460, 0.03500000000000000333 ) ) ;
#1538 = APPLICATION_PROTOCOL_DEFINITION ( 'draft international standard', 'automotive_design', 1998, #1237 ) ;
#1539 = LINE ( 'NONE', #611, #732 ) ;
#1540 = ORIENTED_EDGE ( 'NONE', *, *, #904, .T. ) ;
#1541 = CARTESIAN_POINT ( 'NONE',  ( 0.3387580512727071946, -0.7904837584407521378, -0.009516241559247334142 ) ) ;
#1542 = CARTESIAN_POINT ( 'NONE',  ( -0.3366666666666668362, -0.6933333333333331350, -0.03499999999999998251 ) ) ;
#1543 = DIRECTION ( 'NONE',  ( -1.000000000000000000, 0.000000000000000000, 0.000000000000000000 ) ) ;
#1544 = VERTEX_POINT ( 'NONE', #672 ) ;
#1545 = CYLINDRICAL_SURFACE ( 'NONE', #403, 0.1066666666666666874 ) ;
#1546 = CIRCLE ( 'NONE', #1722, 0.07166666666666665630 ) ;
#1547 = AXIS2_PLACEMENT_3D ( 'NONE', #739, #567, #875 ) ;
#1548 = CARTESIAN_POINT ( 'NONE',  ( -0.3366666666666668362, -0.6933333333333331350, 0.000000000000000000 ) ) ;
#1549 = VERTEX_POINT ( 'NONE', #342 ) ;
#1550 = EDGE_CURVE ( 'NONE', #1341, #1544, #1659, .T. ) ;
#1551 = AXIS2_PLACEMENT_3D ( 'NONE', #1853, #2022, #2008 ) ;
#1552 = PLANE ( 'NONE',  #1785 ) ;
#1553 = VERTEX_POINT ( 'NONE', #535 ) ;
#1554 = FACE_OUTER_BOUND ( 'NONE', #17, .T. ) ;
#1555 = DIRECTION ( 'NONE',  ( 0.000000000000000000, 0.000000000000000000, -1.000000000000000000 ) ) ;
#1556 = EDGE_CURVE ( 'NONE', #1256, #509, #1615, .T. ) ;
#1557 = DIRECTION ( 'NONE',  ( 0.000000000000000000, 0.000000000000000000, 1.000000000000000000 ) ) ;
#1558 = B_SPLINE_CURVE_WITH_KNOTS ( 'NONE', 3,
 ( #1736, #1587, #762, #478, #1107, #1728, #1086 ),
 .UNSPECIFIED., .F., .F.,
 ( 4, 3, 4 ),
 ( 5.425394136953727660E-20, 7.005678380449271308E-05, 0.0001149090839051023286 ),
 .UNSPECIFIED. ) ;
#1559 =( NAMED_UNIT ( * ) SI_UNIT ( $, .STERADIAN. ) SOLID_ANGLE_UNIT ( ) );
#1560 = LINE ( 'NONE', #1214, #1931 ) ;
#1561 = ORIENTED_EDGE ( 'NONE', *, *, #1753, .T. ) ;
#1562 = EDGE_CURVE ( 'NONE', #1625, #534, #1455, .T. ) ;
#1563 = LINE ( 'NONE', #1714, #1185 ) ;
#1564 = EDGE_LOOP ( 'NONE', ( #479, #355, #178, #446 ) ) ;
#1565 = CARTESIAN_POINT ( 'NONE',  ( -0.2649999999999999578, 3.591419696358232821E-17, -0.03500000000000000333 ) ) ;
#1566 = DIRECTION ( 'NONE',  ( -1.000000000000000000, 0.000000000000000000, 0.000000000000000000 ) ) ;
#1567 = UNCERTAINTY_MEASURE_WITH_UNIT (LENGTH_MEASURE( 1.000000000000000082E-05 ), #197, 'distance_accuracy_value', 'NONE');
#1568 = AXIS2_PLACEMENT_3D ( 'NONE', #1573, #1247, #1094 ) ;
#1569 = VERTEX_POINT ( 'NONE', #1191 ) ;
#1570 = CARTESIAN_POINT ( 'NONE',  ( 0.9650000000000000799, 0.6933333333333335791, -0.03500000000000000333 ) ) ;
#1571 = CONTEXT_DEPENDENT_SHAPE_REPRESENTATION ( #1171, #118 ) ;
#1572 = AXIS2_PLACEMENT_3D ( 'NONE', #122, #1557, #757 ) ;
#1573 = CARTESIAN_POINT ( 'NONE',  ( -0.3366666666666668362, -0.6933333333333332460, 0.000000000000000000 ) ) ;
#1574 = ORIENTED_EDGE ( 'NONE', *, *, #1679, .T. ) ;
#1575 = CARTESIAN_POINT ( 'NONE',  ( 0.3521513659704536003, -0.7946776648694535705, -0.005322335130545824237 ) ) ;
#1576 = ORIENTED_EDGE ( 'NONE', *, *, #404, .T. ) ;
#1577 = DIRECTION ( 'NONE',  ( -0.000000000000000000, 0.000000000000000000, 1.000000000000000000 ) ) ;
#1578 = CARTESIAN_POINT ( 'NONE',  ( 0.9649999999999998579, -0.6933333333333332460, 0.000000000000000000 ) ) ;
#1579 = AXIS2_PLACEMENT_3D ( 'NONE', #665, #1624, #57 ) ;
#1580 = EDGE_CURVE ( 'NONE', #660, #454, #428, .T. ) ;
#1581 = ORIENTED_EDGE ( 'NONE', *, *, #928, .F. ) ;
#1582 = CARTESIAN_POINT ( 'NONE',  ( -0.3366666666666666141, 0.6933333333333334680, 0.000000000000000000 ) ) ;
#1583 = CARTESIAN_POINT ( 'NONE',  ( -0.3521513659704540444, 0.7946776648694544587, -0.005322335130545692398 ) ) ;
#1584 = AXIS2_PLACEMENT_3D ( 'NONE', #591, #482, #1730 ) ;
#1585 = ORIENTED_EDGE ( 'NONE', *, *, #1161, .F. ) ;
#1586 = CONICAL_SURFACE ( 'NONE', #1088, 0.07166666666666682284, 0.7853981633974450594 ) ;
#1587 = CARTESIAN_POINT ( 'NONE',  ( 0.3025474448215658141, -0.7999999999999998224, -1.808469457099483230E-17 ) ) ;
#1588 = EDGE_LOOP ( 'NONE', ( #19, #1440, #1763, #546, #822 ) ) ;
#1589 =( GEOMETRIC_REPRESENTATION_CONTEXT ( 3 ) GLOBAL_UNCERTAINTY_ASSIGNED_CONTEXT ( ( #1697 ) ) GLOBAL_UNIT_ASSIGNED_CONTEXT ( ( #361, #400, #1917 ) ) REPRESENTATION_CONTEXT ( 'NONE', 'WORKASPACE' ) );
#1590 = COLOUR_RGB ( '',0.2509803921568627416, 0.2509803921568627416, 0.2509803921568627416 ) ;
#1591 = CARTESIAN_POINT ( 'NONE',  ( 0.2402512626584710764, 0.6933333333333335791, -0.01025126265847082357 ) ) ;
#1592 = EDGE_CURVE ( 'NONE', #1966, #1449, #381, .T. ) ;
#1593 = ORIENTED_EDGE ( 'NONE', *, *, #1055, .F. ) ;
#1594 = DIRECTION ( 'NONE',  ( 0.000000000000000000, 0.000000000000000000, -1.000000000000000000 ) ) ;
#1595 = CARTESIAN_POINT ( 'NONE',  ( -0.8933333333333328685, -0.6933333333333331350, 0.6649999999999999245 ) ) ;
#1596 = VECTOR ( 'NONE', #1343, 1000.000000000000000 ) ;
#1597 = AXIS2_PLACEMENT_3D ( 'NONE', #103, #580, #2002 ) ;
#1598 = ORIENTED_EDGE ( 'NONE', *, *, #883, .F. ) ;
#1599 = EDGE_CURVE ( 'NONE', #1934, #1966, #548, .T. ) ;
#1600 = CARTESIAN_POINT ( 'NONE',  ( -0.3591381497799322475, -0.7961889124881359470, -0.003811087511863819454 ) ) ;
#1601 = LINE ( 'NONE', #1101, #318 ) ;
#1602 = EDGE_CURVE ( 'NONE', #82, #715, #2012, .T. ) ;
#1603 = ORIENTED_EDGE ( 'NONE', *, *, #545, .F. ) ;
#1604 = CARTESIAN_POINT ( 'NONE',  ( -0.3941381497799322786, -0.7999999999999998224, 1.084202172485505913E-16 ) ) ;
#1605 = AXIS2_PLACEMENT_3D ( 'NONE', #1186, #1821, #390 ) ;
#1606 = EDGE_CURVE ( 'NONE', #1934, #1895, #578, .T. ) ;
#1607 = ORIENTED_EDGE ( 'NONE', *, *, #874, .F. ) ;
#1608 = CARTESIAN_POINT ( 'NONE',  ( 1.077161898638196186E-16, 0.7650000000000001243, -0.03500000000000000333 ) ) ;
#1609 = ORIENTED_EDGE ( 'NONE', *, *, #883, .T. ) ;
#1610 = LINE ( 'NONE', #1750, #239 ) ;
#1611 = ORIENTED_EDGE ( 'NONE', *, *, #1513, .F. ) ;
#1612 = EDGE_CURVE ( 'NONE', #360, #1625, #694, .T. ) ;
#1613 = ORIENTED_EDGE ( 'NONE', *, *, #656, .F. ) ;
#1614 = FACE_OUTER_BOUND ( 'NONE', #1459, .T. ) ;
#1615 = CIRCLE ( 'NONE', #1980, 0.07166666666666665630 ) ;
#1616 = PLANE ( 'NONE',  #477 ) ;
#1617 = ORIENTED_EDGE ( 'NONE', *, *, #1830, .F. ) ;
#1618 = CARTESIAN_POINT ( 'NONE',  ( 0.9650000000000000799, 0.8000000000000002665, -0.03500000000000000333 ) ) ;
#1619 = EDGE_CURVE ( 'NONE', #1256, #1828, #1333, .T. ) ;
#1620 = FACE_OUTER_BOUND ( 'NONE', #1079, .T. ) ;
#1621 = ORIENTED_EDGE ( 'NONE', *, *, #904, .F. ) ;
#1622 = DIRECTION ( 'NONE',  ( 1.000000000000000000, 0.000000000000000000, 0.000000000000000000 ) ) ;
#1623 = DIRECTION ( 'NONE',  ( 1.000000000000000000, 0.000000000000000000, 0.000000000000000000 ) ) ;
#1624 = DIRECTION ( 'NONE',  ( 0.000000000000000000, -1.000000000000000000, 0.000000000000000000 ) ) ;
#1625 = VERTEX_POINT ( 'NONE', #1200 ) ;
#1626 = CARTESIAN_POINT ( 'NONE',  ( -0.2783333333333332660, -0.6933333333333332460, 0.03500000000000000333 ) ) ;
#1627 = DIRECTION ( 'NONE',  ( -0.7071067811865479058, 0.000000000000000000, 0.7071067811865472397 ) ) ;
#1628 = PRODUCT_RELATED_PRODUCT_CATEGORY ( 'part', '', ( #322 ) ) ;
#1629 = AXIS2_PLACEMENT_3D ( 'NONE', #2056, #1725, #1690 ) ;
#1630 = FACE_OUTER_BOUND ( 'NONE', #1940, .T. ) ;
#1631 = ORIENTED_EDGE ( 'NONE', *, *, #949, .F. ) ;
#1632 = LINE ( 'NONE', #516, #718 ) ;
#1633 = CONICAL_SURFACE ( 'NONE', #1070, 0.07166666666666682284, 0.7853981633974450594 ) ;
#1634 = DIRECTION ( 'NONE',  ( 0.000000000000000000, 0.000000000000000000, -1.000000000000000000 ) ) ;
#1635 = LINE ( 'NONE', #1311, #1596 ) ;
#1636 = CARTESIAN_POINT ( 'NONE',  ( 0.2783333333333332660, 0.7650000000000001243, 0.03500000000000000333 ) ) ;
#1637 = ORIENTED_EDGE ( 'NONE', *, *, #748, .T. ) ;
#1638 = EDGE_CURVE ( 'NONE', #1295, #373, #1252, .T. ) ;
#1639 = EDGE_CURVE ( 'NONE', #1906, #323, #853, .T. ) ;
#1640 = DIRECTION ( 'NONE',  ( -0.000000000000000000, -0.000000000000000000, -1.000000000000000000 ) ) ;
#1641 = DIRECTION ( 'NONE',  ( 0.000000000000000000, -0.7071067811865451302, 0.7071067811865499042 ) ) ;
#1642 = DIRECTION ( 'NONE',  ( 0.000000000000000000, 0.000000000000000000, -1.000000000000000000 ) ) ;
#1643 = VERTEX_POINT ( 'NONE', #1208 ) ;
#1644 = CARTESIAN_POINT ( 'NONE',  ( 0.8933333333333332016, 0.8000000000000002665, 0.6329999999999995630 ) ) ;
#1645 = CIRCLE ( 'NONE', #577, 0.07166666666666671182 ) ;
#1646 = PLANE ( 'NONE',  #629 ) ;
#1647 = AXIS2_PLACEMENT_3D ( 'NONE', #1470, #1805, #1323 ) ;
#1648 = LINE ( 'NONE', #1268, #443 ) ;
#1649 = ORIENTED_EDGE ( 'NONE', *, *, #1331, .F. ) ;
#1650 = ADVANCED_FACE ( 'NONE', ( #1968 ), #1510, .T. ) ;
#1651 = PRODUCT_DEFINITION_FORMATION_WITH_SPECIFIED_SOURCE ( 'ANY', '', #1423, .NOT_KNOWN. ) ;
#1652 = EDGE_CURVE ( 'NONE', #715, #1780, #728, .T. ) ;
#1653 = CARTESIAN_POINT ( 'NONE',  ( -0.8933333333333333126, 0.8000000000000002665, 0.6329999999999995630 ) ) ;
#1654 = CARTESIAN_POINT ( 'NONE',  ( 0.2650000000000001799, -3.591419696358235903E-17, -0.03500000000000000333 ) ) ;
#1655 = ORIENTED_EDGE ( 'NONE', *, *, #1513, .T. ) ;
#1656 = CARTESIAN_POINT ( 'NONE',  ( -1.000000000000000000, 0.6933333333333335791, 0.6329999999999995630 ) ) ;
#1658 = ADVANCED_FACE ( 'NONE', ( #1845 ), #416, .F. ) ;
#1657 = CIRCLE ( 'NONE', #327, 0.1211641413497246689 ) ;
#1659 = B_SPLINE_CURVE_WITH_KNOTS ( 'NONE', 3,
 ( #497, #983, #21, #664, #77, #249, #102 ),
 .UNSPECIFIED., .F., .F.,
 ( 4, 3, 4 ),
 ( 0.000000000000000000, 7.005678380449272664E-05, 0.0001149090839051035754 ),
 .UNSPECIFIED. ) ;
#1660 = CARTESIAN_POINT ( 'NONE',  ( 0.3499999999999998668, 0.6933333333333334680, 0.000000000000000000 ) ) ;
#1661 = CARTESIAN_POINT ( 'NONE',  ( 1.000000000000000000, 0.7650000000000002354, -0.03500000000000000333 ) ) ;
#1662 = ORIENTED_EDGE ( 'NONE', *, *, #971, .T. ) ;
#1663 = DIRECTION ( 'NONE',  ( -0.7071067811865472397, 0.000000000000000000, -0.7071067811865479058 ) ) ;
#1664 = LINE ( 'NONE', #221, #2041 ) ;
#1665 = DIRECTION ( 'NONE',  ( 0.000000000000000000, 0.7071067811865472397, 0.7071067811865479058 ) ) ;
#1666 = VERTEX_POINT ( 'NONE', #1020 ) ;
#1667 = DIRECTION ( 'NONE',  ( -0.000000000000000000, 0.000000000000000000, -1.000000000000000000 ) ) ;
#1668 = DIRECTION ( 'NONE',  ( -1.062943306358337540E-16, 1.000000000000000000, -0.000000000000000000 ) ) ;
#1669 = CARTESIAN_POINT ( 'NONE',  ( 0.8933333333333332016, -0.7679999999999996829, 0.6649999999999999245 ) ) ;
#1670 = VECTOR ( 'NONE', #1372, 1000.000000000000114 ) ;
#1671 = DIRECTION ( 'NONE',  ( -1.000000000000000000, 0.000000000000000000, 0.000000000000000000 ) ) ;
#1672 = VERTEX_POINT ( 'NONE', #261 ) ;
#1673 = AXIS2_PLACEMENT_3D ( 'NONE', #1626, #1297, #202 ) ;
#1674 = CARTESIAN_POINT ( 'NONE',  ( 1.000000000000000000, -0.6933333333333332460, 3.320369153236857822E-16 ) ) ;
#1675 = CARTESIAN_POINT ( 'NONE',  ( 0.3366666666666663366, -0.7649999999999997913, 0.000000000000000000 ) ) ;
#1676 = CARTESIAN_POINT ( 'NONE',  ( 0.3366666666666664476, -0.6933333333333332460, -0.01025126265847085480 ) ) ;
#1677 = ORIENTED_EDGE ( 'NONE', *, *, #1462, .T. ) ;
#1678 = EDGE_CURVE ( 'NONE', #2048, #653, #898, .T. ) ;
#1679 = EDGE_CURVE ( 'NONE', #1281, #827, #1030, .T. ) ;
#1680 = CARTESIAN_POINT ( 'NONE',  ( 0.9999999999999997780, -0.7649999999999997913, -0.03500000000000000333 ) ) ;
#1681 = DIRECTION ( 'NONE',  ( 1.000000000000000000, 0.000000000000000000, 0.000000000000000000 ) ) ;
#1682 = CARTESIAN_POINT ( 'NONE',  ( -0.3499999999999999223, -0.7649999999999999023, 0.03500000000000000333 ) ) ;
#1683 = LINE ( 'NONE', #431, #511 ) ;
#1684 =( NAMED_UNIT ( * ) PLANE_ANGLE_UNIT ( ) SI_UNIT ( $, .RADIAN. ) );
#1685 = AXIS2_PLACEMENT_3D ( 'NONE', #420, #1837, #901 ) ;
#1686 = VECTOR ( 'NONE', #730, 1000.000000000000000 ) ;
#1687 = DIRECTION ( 'NONE',  ( 0.000000000000000000, 0.000000000000000000, 1.000000000000000000 ) ) ;
#1688 = ADVANCED_FACE ( 'NONE', ( #1500 ), #705, .T. ) ;
#1689 = PRODUCT_DEFINITION_FORMATION_WITH_SPECIFIED_SOURCE ( 'ANY', '', #322, .NOT_KNOWN. ) ;
#1690 = DIRECTION ( 'NONE',  ( -1.000000000000000000, 0.000000000000000000, 0.000000000000000000 ) ) ;
#1691 = ORIENTED_EDGE ( 'NONE', *, *, #537, .T. ) ;
#1692 = DIRECTION ( 'NONE',  ( -2.710505431213761085E-16, 1.000000000000000000, 0.000000000000000000 ) ) ;
#1693 = CARTESIAN_POINT ( 'NONE',  ( 0.3941381497799310574, 0.8000000000000002665, 3.252606517456513302E-16 ) ) ;
#1694 = LINE ( 'NONE', #408, #1425 ) ;
#1695 = FACE_OUTER_BOUND ( 'NONE', #614, .T. ) ;
#1696 = AXIS2_PLACEMENT_3D ( 'NONE', #1327, #49, #1840 ) ;
#1697 = UNCERTAINTY_MEASURE_WITH_UNIT (LENGTH_MEASURE( 1.000000000000000082E-05 ), #361, 'distance_accuracy_value', 'NONE');
#1698 = CIRCLE ( 'NONE', #1165, 0.07166666666666665630 ) ;
#1699 = EDGE_LOOP ( 'NONE', ( #683, #1029, #1382, #1023 ) ) ;
#1700 = DIRECTION ( 'NONE',  ( -0.000000000000000000, -0.000000000000000000, 1.000000000000000000 ) ) ;
#1701 = CARTESIAN_POINT ( 'NONE',  ( 0.3387580512727060289, 0.7904837584407541362, -0.009516241559245774626 ) ) ;
#1702 = ORIENTED_EDGE ( 'NONE', *, *, #1006, .T. ) ;
#1703 = CARTESIAN_POINT ( 'NONE',  ( 0.000000000000000000, -0.7649999999999994582, -0.03500000000000000333 ) ) ;
#1704 = LINE ( 'NONE', #720, #1349 ) ;
#1705 = DIRECTION ( 'NONE',  ( 0.000000000000000000, 0.000000000000000000, 1.000000000000000000 ) ) ;
#1706 = VECTOR ( 'NONE', #594, 1000.000000000000000 ) ;
#1707 = EDGE_CURVE ( 'NONE', #653, #1850, #1563, .T. ) ;
#1708 = AXIS2_PLACEMENT_3D ( 'NONE', #809, #164, #1904 ) ;
#1709 = EDGE_CURVE ( 'NONE', #397, #1737, #1558, .T. ) ;
#1710 = LINE ( 'NONE', #2065, #1503 ) ;
#1711 =( LENGTH_UNIT ( ) NAMED_UNIT ( * ) SI_UNIT ( .MILLI., .METRE. ) );
#1712 = CARTESIAN_POINT ( 'NONE',  ( 1.000000000000000000, 0.7650000000000002354, 0.000000000000000000 ) ) ;
#1713 = EDGE_LOOP ( 'NONE', ( #669, #369, #187, #1789 ) ) ;
#1714 = CARTESIAN_POINT ( 'NONE',  ( -0.9679999999999994165, -0.6933333333333332460, 0.6649999999999999245 ) ) ;
#1715 = ORIENTED_EDGE ( 'NONE', *, *, #229, .F. ) ;
#1716 = EDGE_CURVE ( 'NONE', #23, #981, #1744, .T. ) ;
#1717 = B_SPLINE_CURVE_WITH_KNOTS ( 'NONE', 3,
 ( #1314, #1742, #953, #843, #1583, #1158, #156, #1799, #1433, #364 ),
 .UNSPECIFIED., .F., .F.,
 ( 4, 3, 3, 4 ),
 ( 5.451590488067997765E-20, 3.541255110898068170E-05, 5.717433660792752421E-05, 5.950980264343117302E-05 ),
 .UNSPECIFIED. ) ;
#1718 = DIRECTION ( 'NONE',  ( 1.355252715606880543E-16, 1.000000000000000000, 0.000000000000000000 ) ) ;
#1719 = DIRECTION ( 'NONE',  ( 0.000000000000000000, 0.000000000000000000, 1.000000000000000000 ) ) ;
#1720 = ORIENTED_EDGE ( 'NONE', *, *, #1381, .F. ) ;
#1721 = CARTESIAN_POINT ( 'NONE',  ( 1.000000000000000000, -0.6933333333333332460, 0.6649999999999999245 ) ) ;
#1722 = AXIS2_PLACEMENT_3D ( 'NONE', #526, #1947, #841 ) ;
#1723 = EDGE_CURVE ( 'NONE', #2048, #1945, #468, .T. ) ;
#1724 = AXIS2_PLACEMENT_3D ( 'NONE', #1856, #218, #383 ) ;
#1725 = DIRECTION ( 'NONE',  ( 0.000000000000000000, 0.000000000000000000, -1.000000000000000000 ) ) ;
#1726 = ORIENTED_EDGE ( 'NONE', *, *, #167, .T. ) ;
#1727 = PRESENTATION_LAYER_ASSIGNMENT (  '', '', ( #1456 ) ) ;
#1728 = CARTESIAN_POINT ( 'NONE',  ( 0.3791276972356080188, -0.7999999999999998224, -1.716264676769960103E-17 ) ) ;
#1729 = ORIENTED_EDGE ( 'NONE', *, *, #2025, .F. ) ;
#1730 = DIRECTION ( 'NONE',  ( 1.000000000000000000, 0.000000000000000000, 0.000000000000000000 ) ) ;
#1731 = ORIENTED_EDGE ( 'NONE', *, *, #680, .F. ) ;
#1732 = DIRECTION ( 'NONE',  ( -0.000000000000000000, -0.000000000000000000, -1.000000000000000000 ) ) ;
#1733 = AXIS2_PLACEMENT_3D ( 'NONE', #1005, #1843, #714 ) ;
#1734 = CARTESIAN_POINT ( 'NONE',  ( 0.3521513659704533228, 0.7946776648694542367, -0.005322335130545714950 ) ) ;
#1735 = ORIENTED_EDGE ( 'NONE', *, *, #1830, .T. ) ;
#1736 = CARTESIAN_POINT ( 'NONE',  ( 0.2791951835534015047, -0.7999999999999998224, 0.000000000000000000 ) ) ;
#1737 = VERTEX_POINT ( 'NONE', #922 ) ;
#1738 = FILL_AREA_STYLE ('',( #1100 ) ) ;
#1739 = FACE_OUTER_BOUND ( 'NONE', #1995, .T. ) ;
#1740 = ORIENTED_EDGE ( 'NONE', *, *, #95, .F. ) ;
#1741 = CARTESIAN_POINT ( 'NONE',  ( 0.8933333333333332016, 0.6933333333333335791, 3.252606517456513302E-16 ) ) ;
#1742 = CARTESIAN_POINT ( 'NONE',  ( -0.3823339660769384807, 0.8000000000000002665, 1.061348383886928085E-16 ) ) ;
#1743 = VERTEX_POINT ( 'NONE', #1229 ) ;
#1744 = LINE ( 'NONE', #126, #1817 ) ;
#1745 = ORIENTED_EDGE ( 'NONE', *, *, #1606, .T. ) ;
#1746 = CARTESIAN_POINT ( 'NONE',  ( -0.3704260259710888681, -0.7986304902553941210, -0.001369509744605599275 ) ) ;
#1747 = ADVANCED_FACE ( 'NONE', ( #1250 ), #1552, .T. ) ;
#1748 = DIRECTION ( 'NONE',  ( 1.000000000000000000, 0.000000000000000000, 0.000000000000000000 ) ) ;
#1749 = ORIENTED_EDGE ( 'NONE', *, *, #2060, .T. ) ;
#1750 = CARTESIAN_POINT ( 'NONE',  ( 0.9679999999999998606, 0.6933333333333335791, 0.6649999999999999245 ) ) ;
#1751 = CONICAL_SURFACE ( 'NONE', #2054, 0.07466666666666656182, 0.7853981633974447263 ) ;
#1752 = EDGE_LOOP ( 'NONE', ( #1019, #136, #1473, #566, #230, #151, #1745, #1702 ) ) ;
#1753 = EDGE_CURVE ( 'NONE', #2048, #799, #1015, .T. ) ;
#1754 = AXIS2_PLACEMENT_3D ( 'NONE', #1379, #866, #1979 ) ;
#1755 = ORIENTED_EDGE ( 'NONE', *, *, #525, .T. ) ;
#1756 = CIRCLE ( 'NONE', #850, 0.07166666666666665630 ) ;
#1757 = CARTESIAN_POINT ( 'NONE',  ( 0.2155025253169418620, 0.6933333333333335791, 0.000000000000000000 ) ) ;
#1758 = CARTESIAN_POINT ( 'NONE',  ( -0.3366666666666666696, 0.7897487373415293943, -0.01025126265847089123 ) ) ;
#1759 = VERTEX_POINT ( 'NONE', #956 ) ;
#1760 = FACE_OUTER_BOUND ( 'NONE', #392, .T. ) ;
#1761 = LINE ( 'NONE', #678, #805 ) ;
#1762 = EDGE_CURVE ( 'NONE', #1457, #1895, #1907, .T. ) ;
#1763 = ORIENTED_EDGE ( 'NONE', *, *, #469, .F. ) ;
#1764 = CARTESIAN_POINT ( 'NONE',  ( -1.000000000000000000, 0.6933333333333335791, 0.6329999999999995630 ) ) ;
#1765 = CARTESIAN_POINT ( 'NONE',  ( 0.000000000000000000, 0.000000000000000000, 0.03500000000000000333 ) ) ;
#1766 = ORIENTED_EDGE ( 'NONE', *, *, #167, .F. ) ;
#1767 = VECTOR ( 'NONE', #1885, 1000.000000000000000 ) ;
#1768 = DIRECTION ( 'NONE',  ( -1.000000000000000000, 1.355252715606880543E-16, 0.000000000000000000 ) ) ;
#1769 = EDGE_CURVE ( 'NONE', #1737, #936, #695, .T. ) ;
#1770 = CYLINDRICAL_SURFACE ( 'NONE', #238, 0.1066666666666666874 ) ;
#1771 = CIRCLE ( 'NONE', #1135, 0.07166666666666665630 ) ;
#1772 = VECTOR ( 'NONE', #1289, 1000.000000000000000 ) ;
#1773 = ORIENTED_EDGE ( 'NONE', *, *, #1490, .T. ) ;
#1774 = DIRECTION ( 'NONE',  ( -0.7071067811865499042, -1.916616770854223959E-16, 0.7071067811865451302 ) ) ;
#1775 = EDGE_CURVE ( 'NONE', #82, #1281, #1240, .T. ) ;
#1776 = CARTESIAN_POINT ( 'NONE',  ( -0.9650000000000001910, 1.307818870560639970E-16, 0.000000000000000000 ) ) ;
#1777 = ORIENTED_EDGE ( 'NONE', *, *, #1431, .F. ) ;
#1778 = CARTESIAN_POINT ( 'NONE',  ( 0.2155025253169418065, -2.920603826559259871E-17, -0.03500000000000000333 ) ) ;
#1779 = ORIENTED_EDGE ( 'NONE', *, *, #328, .F. ) ;
#1780 = VERTEX_POINT ( 'NONE', #2047 ) ;
#1781 = VECTOR ( 'NONE', #2004, 1000.000000000000114 ) ;
#1782 = TOROIDAL_SURFACE ( 'NONE', #921, 0.1211641413497246550, 0.03500000000000000333 ) ;
#1783 = DIRECTION ( 'NONE',  ( 1.000000000000000000, 0.000000000000000000, 0.000000000000000000 ) ) ;
#1784 = CARTESIAN_POINT ( 'NONE',  ( -0.3499999999999999223, -0.6933333333333332460, 0.000000000000000000 ) ) ;
#1785 = AXIS2_PLACEMENT_3D ( 'NONE', #1703, #751, #135 ) ;
#1786 = EDGE_LOOP ( 'NONE', ( #1123, #297, #1585, #413, #1509 ) ) ;
#1787 = EDGE_CURVE ( 'NONE', #552, #1457, #1051, .T. ) ;
#1788 = DIRECTION ( 'NONE',  ( 1.000000000000000000, -1.408054769461693942E-16, -0.000000000000000000 ) ) ;
#1789 = ORIENTED_EDGE ( 'NONE', *, *, #177, .T. ) ;
#1790 = DIRECTION ( 'NONE',  ( 1.355252715606880543E-16, 1.000000000000000000, 0.000000000000000000 ) ) ;
#1791 = VERTEX_POINT ( 'NONE', #613 ) ;
#1792 = VERTEX_POINT ( 'NONE', #1098 ) ;
#1793 = CONICAL_SURFACE ( 'NONE', #1528, 0.07166666666666637875, 0.7853981633974480570 ) ;
#1794 =( NAMED_UNIT ( * ) PLANE_ANGLE_UNIT ( ) SI_UNIT ( $, .RADIAN. ) );
#1795 = EDGE_CURVE ( 'NONE', #1084, #1759, #1868, .T. ) ;
#1796 = EDGE_CURVE ( 'NONE', #1299, #1906, #513, .T. ) ;
#1797 = LINE ( 'NONE', #370, #214 ) ;
#1798 = LINE ( 'NONE', #363, #825 ) ;
#1799 = CARTESIAN_POINT ( 'NONE',  ( -0.3380582670102524334, 0.7902425670141067782, -0.009757432985893472674 ) ) ;
#1800 = ORIENTED_EDGE ( 'NONE', *, *, #415, .F. ) ;
#1801 = DIRECTION ( 'NONE',  ( 2.710505431213761085E-16, -1.000000000000000000, 0.000000000000000000 ) ) ;
#1802 = DIRECTION ( 'NONE',  ( -1.355252715606880543E-16, -1.000000000000000000, 0.000000000000000000 ) ) ;
#1803 = ORIENTED_EDGE ( 'NONE', *, *, #862, .T. ) ;
#1804 = AXIS2_PLACEMENT_3D ( 'NONE', #1892, #1383, #423 ) ;
#1805 = DIRECTION ( 'NONE',  ( 0.000000000000000000, 0.000000000000000000, 1.000000000000000000 ) ) ;
#1806 = ADVANCED_FACE ( 'NONE', ( #2026 ), #588, .F. ) ;
#1807 = FACE_OUTER_BOUND ( 'NONE', #770, .T. ) ;
#1808 = ORIENTED_EDGE ( 'NONE', *, *, #1373, .T. ) ;
#1809 = DIRECTION ( 'NONE',  ( 0.000000000000000000, -0.000000000000000000, -1.000000000000000000 ) ) ;
#1810 = DIRECTION ( 'NONE',  ( -1.000000000000000000, -0.000000000000000000, -0.000000000000000000 ) ) ;
#1811 = DIRECTION ( 'NONE',  ( 1.000000000000000000, 0.000000000000000000, 0.000000000000000000 ) ) ;
#1812 = ADVANCED_FACE ( 'NONE', ( #2036 ), #155, .T. ) ;
#1813 = EDGE_LOOP ( 'NONE', ( #260, #906, #1011, #812 ) ) ;
#1814 = DIRECTION ( 'NONE',  ( 1.000000000000000000, 2.710505431213761085E-16, -0.000000000000000000 ) ) ;
#1815 = AXIS2_PLACEMENT_3D ( 'NONE', #755, #583, #386 ) ;
#1816 = LINE ( 'NONE', #1345, #1686 ) ;
#1817 = VECTOR ( 'NONE', #296, 1000.000000000000000 ) ;
#1818 = CARTESIAN_POINT ( 'NONE',  ( 0.3499999999999998668, 0.6933333333333334680, 0.03500000000000000333 ) ) ;
#1819 = ORIENTED_EDGE ( 'NONE', *, *, #1556, .T. ) ;
#1820 = CARTESIAN_POINT ( 'NONE',  ( 0.3366666666666665586, 0.7897487373415290612, -0.01025126265847087041 ) ) ;
#1821 = DIRECTION ( 'NONE',  ( -0.000000000000000000, 0.000000000000000000, 1.000000000000000000 ) ) ;
#1822 = FACE_OUTER_BOUND ( 'NONE', #1464, .T. ) ;
#1823 = ORIENTED_EDGE ( 'NONE', *, *, #949, .T. ) ;
#1824 = CARTESIAN_POINT ( 'NONE',  ( 0.8933333333333332016, -0.7999999999999998224, 3.252606517456513302E-16 ) ) ;
#1825 = DIRECTION ( 'NONE',  ( 1.000000000000000000, 0.000000000000000000, 0.000000000000000000 ) ) ;
#1826 = DIRECTION ( 'NONE',  ( -1.000000000000000000, -1.062943306358337417E-16, 0.000000000000000000 ) ) ;
#1827 = CYLINDRICAL_SURFACE ( 'NONE', #1944, 0.07166666666666665630 ) ;
#1828 = VERTEX_POINT ( 'NONE', #1660 ) ;
#1829 = DIRECTION ( 'NONE',  ( -2.710505431213761085E-16, 1.000000000000000000, 0.000000000000000000 ) ) ;
#1830 = EDGE_CURVE ( 'NONE', #1241, #827, #1694, .T. ) ;
#1831 = CYLINDRICAL_SURFACE ( 'NONE', #1227, 0.07166666666666665630 ) ;
#1832 = ORIENTED_EDGE ( 'NONE', *, *, #1929, .T. ) ;
#1833 = CIRCLE ( 'NONE', #2035, 0.1211641413497250019 ) ;
#1834 = DIRECTION ( 'NONE',  ( 0.000000000000000000, -0.000000000000000000, -1.000000000000000000 ) ) ;
#1835 = FACE_OUTER_BOUND ( 'NONE', #1888, .T. ) ;
#1836 = DIRECTION ( 'NONE',  ( 0.000000000000000000, -0.000000000000000000, -1.000000000000000000 ) ) ;
#1837 = DIRECTION ( 'NONE',  ( 0.000000000000000000, -0.000000000000000000, 1.000000000000000000 ) ) ;
#1838 = EDGE_CURVE ( 'NONE', #792, #801, #547, .T. ) ;
#1839 = ORIENTED_EDGE ( 'NONE', *, *, #1490, .F. ) ;
#1840 = DIRECTION ( 'NONE',  ( -1.000000000000000000, 0.000000000000000000, 0.000000000000000000 ) ) ;
#1841 = FACE_OUTER_BOUND ( 'NONE', #1954, .T. ) ;
#1842 = SHAPE_REPRESENTATION_RELATIONSHIP ( 'NONE' , 'NONE' ,  #1353, #802 ) ;
#1843 = DIRECTION ( 'NONE',  ( 0.000000000000000000, 0.000000000000000000, -1.000000000000000000 ) ) ;
#1844 = VERTEX_POINT ( 'NONE', #1065 ) ;
#1845 = FACE_OUTER_BOUND ( 'NONE', #340, .T. ) ;
#1846 = LINE ( 'NONE', #417, #359 ) ;
#1847 = FACE_OUTER_BOUND ( 'NONE', #1395, .T. ) ;
#1848 = CARTESIAN_POINT ( 'NONE',  ( -0.8933333333333328685, -0.6933333333333331350, 0.6649999999999999245 ) ) ;
#1849 = CONICAL_SURFACE ( 'NONE', #2016, 0.07166666666666682284, 0.7853981633974450594 ) ;
#1850 = VERTEX_POINT ( 'NONE', #2027 ) ;
#1851 = AXIS2_PLACEMENT_3D ( 'NONE', #1089, #299, #1783 ) ;
#1852 = DIRECTION ( 'NONE',  ( 1.000000000000000000, 1.062943306358337417E-16, -0.000000000000000000 ) ) ;
#1853 = CARTESIAN_POINT ( 'NONE',  ( -0.6150000000000001021, -5.421010862427522170E-17, 1.694065894508600678E-18 ) ) ;
#1854 = CARTESIAN_POINT ( 'NONE',  ( 0.3941381497799310574, 0.8000000000000002665, 3.252606517456513302E-16 ) ) ;
#1855 = ORIENTED_EDGE ( 'NONE', *, *, #1883, .T. ) ;
#1856 = CARTESIAN_POINT ( 'NONE',  ( 0.000000000000000000, -0.7679999999999996829, 0.6649999999999999245 ) ) ;
#1857 = CARTESIAN_POINT ( 'NONE',  ( -0.3499999999999999223, -0.7649999999999999023, 0.000000000000000000 ) ) ;
#1858 = FACE_OUTER_BOUND ( 'NONE', #1588, .T. ) ;
#1859 = ADVANCED_FACE ( 'NONE', ( #395 ), #1586, .T. ) ;
#1860 = ADVANCED_FACE ( 'NONE', ( #558 ), #2014, .F. ) ;
#1861 = CARTESIAN_POINT ( 'NONE',  ( 0.000000000000000000, 0.7650000000000003464, -0.03500000000000000333 ) ) ;
#1862 = CIRCLE ( 'NONE', #53, 0.07466666666666656182 ) ;
#1863 = ORIENTED_EDGE ( 'NONE', *, *, #1244, .T. ) ;
#1864 = CARTESIAN_POINT ( 'NONE',  ( 0.2783333333333332660, 0.7650000000000001243, 0.03500000000000000333 ) ) ;
#1865 = FILL_AREA_STYLE ('',( #87 ) ) ;
#1866 = DIRECTION ( 'NONE',  ( -0.000000000000000000, 0.000000000000000000, -1.000000000000000000 ) ) ;
#1867 = ORIENTED_EDGE ( 'NONE', *, *, #1920, .T. ) ;
#1868 = LINE ( 'NONE', #912, #1484 ) ;
#1869 =( NAMED_UNIT ( * ) SI_UNIT ( $, .STERADIAN. ) SOLID_ANGLE_UNIT ( ) );
#1870 = ADVANCED_FACE ( 'NONE', ( #274 ), #1534, .F. ) ;
#1871 = VECTOR ( 'NONE', #1304, 999.9999999999998863 ) ;
#1872 = CARTESIAN_POINT ( 'NONE',  ( -0.3500000000000000888, 0.7650000000000001243, 0.03500000000000000333 ) ) ;
#1873 = DIRECTION ( 'NONE',  ( 0.000000000000000000, 0.000000000000000000, 1.000000000000000000 ) ) ;
#1874 = ORIENTED_EDGE ( 'NONE', *, *, #1619, .F. ) ;
#1875 = ADVANCED_FACE ( 'NONE', ( #581 ), #79, .T. ) ;
#1876 = CARTESIAN_POINT ( 'NONE',  ( 0.8933333333333333126, -0.6933333333333332460, -0.03499999999999998251 ) ) ;
#1877 = ORIENTED_EDGE ( 'NONE', *, *, #679, .F. ) ;
#1878 = SURFACE_STYLE_FILL_AREA ( #1738 ) ;
#1879 = CARTESIAN_POINT ( 'NONE',  ( 0.8933333333333330906, -0.6933333333333332460, -0.03500000000000000333 ) ) ;
#1880 = ORIENTED_EDGE ( 'NONE', *, *, #1707, .T. ) ;
#1881 = DIRECTION ( 'NONE',  ( 0.000000000000000000, -0.000000000000000000, 1.000000000000000000 ) ) ;
#1882 = CARTESIAN_POINT ( 'NONE',  ( 0.000000000000000000, 0.000000000000000000, 0.000000000000000000 ) ) ;
#1883 = EDGE_CURVE ( 'NONE', #373, #52, #1704, .T. ) ;
#1884 = AXIS2_PLACEMENT_3D ( 'NONE', #90, #1377, #54 ) ;
#1885 = DIRECTION ( 'NONE',  ( -0.000000000000000000, -0.000000000000000000, 1.000000000000000000 ) ) ;
#1886 = EDGE_LOOP ( 'NONE', ( #1735, #830, #1877, #1095 ) ) ;
#1887 = DIRECTION ( 'NONE',  ( 0.000000000000000000, 0.000000000000000000, -1.000000000000000000 ) ) ;
#1888 = EDGE_LOOP ( 'NONE', ( #1611, #979, #1957, #649 ) ) ;
#1889 = DIRECTION ( 'NONE',  ( -1.000000000000000000, 0.000000000000000000, 0.000000000000000000 ) ) ;
#1890 = CARTESIAN_POINT ( 'NONE',  ( -0.8933333333333333126, 0.8000000000000002665, 1.084202172485504434E-16 ) ) ;
#1891 = ORIENTED_EDGE ( 'NONE', *, *, #640, .F. ) ;
#1892 = CARTESIAN_POINT ( 'NONE',  ( -1.077161898638195816E-16, -0.7649999999999999023, -0.03500000000000000333 ) ) ;
#1893 = CONICAL_SURFACE ( 'NONE', #92, 0.07466666666666656182, 0.7853981633974447263 ) ;
#1894 = FACE_OUTER_BOUND ( 'NONE', #1072, .T. ) ;
#1895 = VERTEX_POINT ( 'NONE', #742 ) ;
#1896 = ADVANCED_FACE ( 'NONE', ( #1858 ), #252, .T. ) ;
#1897 = CARTESIAN_POINT ( 'NONE',  ( 0.3704260259710878134, -0.7986304902553937879, -0.001369509744605645462 ) ) ;
#1898 = ORIENTED_EDGE ( 'NONE', *, *, #680, .T. ) ;
#1899 = DIRECTION ( 'NONE',  ( 0.000000000000000000, -0.000000000000000000, -1.000000000000000000 ) ) ;
#1900 = CARTESIAN_POINT ( 'NONE',  ( 0.9679999999999997495, 0.6933333333333335791, 0.6649999999999999245 ) ) ;
#1901 = CIRCLE ( 'NONE', #233, 0.07166666666666671182 ) ;
#1902 = EDGE_CURVE ( 'NONE', #1930, #1666, #1816, .T. ) ;
#1903 = EDGE_LOOP ( 'NONE', ( #387, #1087, #1162, #1404 ) ) ;
#1904 = DIRECTION ( 'NONE',  ( 1.000000000000000000, 0.000000000000000000, 0.000000000000000000 ) ) ;
#1905 = AXIS2_PLACEMENT_3D ( 'NONE', #1914, #358, #195 ) ;
#1906 = VERTEX_POINT ( 'NONE', #569 ) ;
#1907 = LINE ( 'NONE', #307, #1386 ) ;
#1908 = EDGE_LOOP ( 'NONE', ( #1159, #756, #1832, #1495, #1142, #773, #1139, #641 ) ) ;
#1909 = EDGE_CURVE ( 'NONE', #534, #467, #385, .T. ) ;
#1910 = LINE ( 'NONE', #1231, #543 ) ;
#1911 = ORIENTED_EDGE ( 'NONE', *, *, #935, .T. ) ;
#1912 = DIRECTION ( 'NONE',  ( 1.000000000000000000, 0.000000000000000000, 0.000000000000000000 ) ) ;
#1913 = AXIS2_PLACEMENT_3D ( 'NONE', #1194, #538, #914 ) ;
#1914 = CARTESIAN_POINT ( 'NONE',  ( -0.3366666666666668362, -0.6933333333333331350, -0.03500000000000000333 ) ) ;
#1915 = AXIS2_PLACEMENT_3D ( 'NONE', #1342, #1436, #782 ) ;
#1916 = ORIENTED_EDGE ( 'NONE', *, *, #229, .T. ) ;
#1917 =( NAMED_UNIT ( * ) SI_UNIT ( $, .STERADIAN. ) SOLID_ANGLE_UNIT ( ) );
#1918 = DIRECTION ( 'NONE',  ( 0.000000000000000000, -0.000000000000000000, 1.000000000000000000 ) ) ;
#1919 = ADVANCED_FACE ( 'NONE', ( #1847 ), #1355, .F. ) ;
#1920 = EDGE_CURVE ( 'NONE', #1241, #1308, #418, .T. ) ;
#1921 = ORIENTED_EDGE ( 'NONE', *, *, #1983, .F. ) ;
#1922 = FACE_OUTER_BOUND ( 'NONE', #380, .T. ) ;
#1923 = EDGE_LOOP ( 'NONE', ( #995, #1613, #329, #1603 ) ) ;
#1924 = CIRCLE ( 'NONE', #1062, 0.07166666666666665630 ) ;
#1925 = ADVANCED_FACE ( 'NONE', ( #1502 ), #708, .T. ) ;
#1926 = EDGE_LOOP ( 'NONE', ( #636, #458, #460, #1803, #476, #1655, #1277, #788 ) ) ;
#1927 = CARTESIAN_POINT ( 'NONE',  ( 0.2942056360977249319, 0.8000000000000002665, -3.314639071806823385E-18 ) ) ;
#1928 = CARTESIAN_POINT ( 'NONE',  ( 1.000000000000000000, 0.6933333333333335791, 3.252606517456513302E-16 ) ) ;
#1929 = EDGE_CURVE ( 'NONE', #861, #1341, #430, .T. ) ;
#1930 = VERTEX_POINT ( 'NONE', #877 ) ;
#1931 = VECTOR ( 'NONE', #1866, 1000.000000000000000 ) ;
#1932 = LINE ( 'NONE', #330, #65 ) ;
#1933 = ITEM_DEFINED_TRANSFORMATION ( 'NONE', 'NONE', #621,  #549 ) ;
#1934 = VERTEX_POINT ( 'NONE', #1512 ) ;
#1935 = VECTOR ( 'NONE', #234, 1000.000000000000000 ) ;
#1936 = VECTOR ( 'NONE', #212, 1000.000000000000000 ) ;
#1937 = ORIENTED_EDGE ( 'NONE', *, *, #1716, .F. ) ;
#1938 = FILL_AREA_STYLE_COLOUR ( '', #43 ) ;
#1939 = DIRECTION ( 'NONE',  ( -1.355252715606880296E-16, -1.000000000000000000, -0.000000000000000000 ) ) ;
#1940 = EDGE_LOOP ( 'NONE', ( #1251, #1609, #1621, #560 ) ) ;
#1941 = DIRECTION ( 'NONE',  ( 0.000000000000000000, 0.000000000000000000, -1.000000000000000000 ) ) ;
#1942 = ORIENTED_EDGE ( 'NONE', *, *, #20, .T. ) ;
#1943 = EDGE_CURVE ( 'NONE', #224, #350, #804, .T. ) ;
#1944 = AXIS2_PLACEMENT_3D ( 'NONE', #396, #1033, #1671 ) ;
#1945 = VERTEX_POINT ( 'NONE', #1414 ) ;
#1946 =( NAMED_UNIT ( * ) SI_UNIT ( $, .STERADIAN. ) SOLID_ANGLE_UNIT ( ) );
#1947 = DIRECTION ( 'NONE',  ( 0.000000000000000000, -0.000000000000000000, 1.000000000000000000 ) ) ;
#1948 = CIRCLE ( 'NONE', #924, 0.07166666666666665630 ) ;
#1949 = CARTESIAN_POINT ( 'NONE',  ( 1.000000000000000000, 0.6933333333333335791, 3.252606517456513302E-16 ) ) ;
#1950 = AXIS2_PLACEMENT_3D ( 'NONE', #774, #5, #1899 ) ;
#1951 = LINE ( 'NONE', #528, #915 ) ;
#1952 = VERTEX_POINT ( 'NONE', #1275 ) ;
#1953 = CARTESIAN_POINT ( 'NONE',  ( -0.8933333333333335347, -0.7649999999999997913, 0.000000000000000000 ) ) ;
#1954 = EDGE_LOOP ( 'NONE', ( #1677, #339, #1576, #933, #1274, #487, #96, #1574 ) ) ;
#1955 = CARTESIAN_POINT ( 'NONE',  ( 0.3366666666666666141, 0.6933333333333335791, -0.03500000000000000333 ) ) ;
#1956 = ADVANCED_FACE ( 'NONE', ( #2049 ), #796, .F. ) ;
#1957 = ORIENTED_EDGE ( 'NONE', *, *, #2030, .F. ) ;
#1958 = CIRCLE ( 'NONE', #1097, 0.07166666666666671182 ) ;
#1959 = DIRECTION ( 'NONE',  ( 1.355252715606880296E-16, 1.000000000000000000, -0.000000000000000000 ) ) ;
#1960 = DIRECTION ( 'NONE',  ( -0.000000000000000000, 0.000000000000000000, 1.000000000000000000 ) ) ;
#1961 = DIRECTION ( 'NONE',  ( -0.000000000000000000, 0.000000000000000000, 1.000000000000000000 ) ) ;
#1962 = EDGE_LOOP ( 'NONE', ( #1777, #220, #662, #1189 ) ) ;
#1963 = ADVANCED_FACE ( 'NONE', ( #1554 ), #937, .T. ) ;
#1964 = CARTESIAN_POINT ( 'NONE',  ( -0.2791951835534013937, -0.7999999999999998224, 0.000000000000000000 ) ) ;
#1965 = CARTESIAN_POINT ( 'NONE',  ( 0.2783333333333332660, 0.6933333333333334680, 0.03500000000000000333 ) ) ;
#1966 = VERTEX_POINT ( 'NONE', #1446 ) ;
#1967 = AXIS2_PLACEMENT_3D ( 'NONE', #50, #724, #1687 ) ;
#1968 = FACE_OUTER_BOUND ( 'NONE', #1886, .T. ) ;
#1969 = ADVANCED_FACE ( 'NONE', ( #948 ), #128, .F. ) ;
#1970 = CARTESIAN_POINT ( 'NONE',  ( 0.8933333333333333126, -0.6933333333333332460, 3.252606517456513302E-16 ) ) ;
#1971 = ORIENTED_EDGE ( 'NONE', *, *, #1753, .F. ) ;
#1972 = CARTESIAN_POINT ( 'NONE',  ( 0.2783333333333332660, 0.6933333333333334680, 0.000000000000000000 ) ) ;
#1973 = PLANE ( 'NONE',  #1605 ) ;
#1974 = DIRECTION ( 'NONE',  ( -1.000000000000000000, 0.000000000000000000, 0.000000000000000000 ) ) ;
#1975 = ORIENTED_EDGE ( 'NONE', *, *, #992, .T. ) ;
#1976 = DIRECTION ( 'NONE',  ( 0.7071067811865463515, 0.000000000000000000, 0.7071067811865487940 ) ) ;
#1977 = AXIS2_PLACEMENT_3D ( 'NONE', #517, #1918, #1136 ) ;
#1978 = DIRECTION ( 'NONE',  ( -0.000000000000000000, 0.000000000000000000, 1.000000000000000000 ) ) ;
#1979 = DIRECTION ( 'NONE',  ( -1.000000000000000000, 0.000000000000000000, 0.000000000000000000 ) ) ;
#1980 = AXIS2_PLACEMENT_3D ( 'NONE', #1523, #1177, #1532 ) ;
#1981 = DIRECTION ( 'NONE',  ( -1.000000000000000000, 1.355252715606880543E-16, 0.000000000000000000 ) ) ;
#1982 = EDGE_LOOP ( 'NONE', ( #512, #990, #1779, #305 ) ) ;
#1983 = EDGE_CURVE ( 'NONE', #107, #397, #2061, .T. ) ;
#1984 = EDGE_CURVE ( 'NONE', #1544, #1315, #627, .T. ) ;
#1985 = DIRECTION ( 'NONE',  ( 0.000000000000000000, 0.000000000000000000, -1.000000000000000000 ) ) ;
#1986 = CARTESIAN_POINT ( 'NONE',  ( 0.2783333333333333770, -0.6933333333333332460, 0.03500000000000000333 ) ) ;
#1987 = ORIENTED_EDGE ( 'NONE', *, *, #1652, .T. ) ;
#1988 = MANIFOLD_SOLID_BREP ( '\X2\570689d2\X0\4', #1536 ) ;
#1989 = EDGE_CURVE ( 'NONE', #801, #244, #824, .T. ) ;
#1990 = CARTESIAN_POINT ( 'NONE',  ( -0.2649999999999999578, 0.6933333333333334680, -0.03500000000000000333 ) ) ;
#1991 = CARTESIAN_POINT ( 'NONE',  ( -0.8933333333333335347, -0.6933333333333331350, 0.000000000000000000 ) ) ;
#1992 = VECTOR ( 'NONE', #1668, 1000.000000000000000 ) ;
#1993 = DIRECTION ( 'NONE',  ( 1.000000000000000000, 0.000000000000000000, 0.000000000000000000 ) ) ;
#1994 = CARTESIAN_POINT ( 'NONE',  ( -0.2155025253169418620, -0.6933333333333331350, -0.03500000000000000333 ) ) ;
#1995 = EDGE_LOOP ( 'NONE', ( #674, #1371, #2068, #157, #1116 ) ) ;
#1996 = FILL_AREA_STYLE_COLOUR ( '', #760 ) ;
#1997 = DIRECTION ( 'NONE',  ( -1.000000000000000000, 0.000000000000000000, 0.000000000000000000 ) ) ;
#1998 = PRESENTATION_STYLE_ASSIGNMENT (( #931 ) ) ;
#1999 = CARTESIAN_POINT ( 'NONE',  ( -0.8933333333333335347, -0.7649999999999997913, -0.03500000000000000333 ) ) ;
#2000 = VERTEX_POINT ( 'NONE', #1757 ) ;
#2001 = CARTESIAN_POINT ( 'NONE',  ( -0.2650000000000000688, 3.591419696358234054E-17, 0.000000000000000000 ) ) ;
#2002 = DIRECTION ( 'NONE',  ( -1.000000000000000000, 0.000000000000000000, 0.000000000000000000 ) ) ;
#2003 = CARTESIAN_POINT ( 'NONE',  ( 0.8933333333333333126, 0.6933333333333335791, -0.03500000000000000333 ) ) ;
#2004 = DIRECTION ( 'NONE',  ( -0.7071067811865456854, 0.000000000000000000, -0.7071067811865493491 ) ) ;
#2005 = SHAPE_REPRESENTATION ( 'body_\X2\9ed88ba4\X0\', ( #549 ), #121 ) ;
#2006 = ORIENTED_EDGE ( 'NONE', *, *, #507, .T. ) ;
#2007 = DIRECTION ( 'NONE',  ( 0.000000000000000000, -0.000000000000000000, 1.000000000000000000 ) ) ;
#2008 = DIRECTION ( 'NONE',  ( 1.000000000000000000, 0.000000000000000000, 0.000000000000000000 ) ) ;
#2009 = LINE ( 'NONE', #293, #134 ) ;
#2010 = ORIENTED_EDGE ( 'NONE', *, *, #2011, .T. ) ;
#2011 = EDGE_CURVE ( 'NONE', #1844, #1930, #325, .T. ) ;
#2012 = LINE ( 'NONE', #1824, #119 ) ;
#2013 = DIRECTION ( 'NONE',  ( 1.355252715606880296E-16, 1.000000000000000000, 4.357881996052622369E-33 ) ) ;
#2014 = PLANE ( 'NONE',  #677 ) ;
#2015 = DIRECTION ( 'NONE',  ( -1.000000000000000000, 0.000000000000000000, 0.000000000000000000 ) ) ;
#2016 = AXIS2_PLACEMENT_3D ( 'NONE', #1264, #463, #1748 ) ;
#2017 = AXIS2_PLACEMENT_3D ( 'NONE', #393, #1834, #240 ) ;
#2018 = ORIENTED_EDGE ( 'NONE', *, *, #855, .T. ) ;
#2019 = MECHANICAL_DESIGN_GEOMETRIC_PRESENTATION_REPRESENTATION (  '', ( #1216 ), #1589 ) ;
#2020 = LINE ( 'NONE', #1212, #473 ) ;
#2021 = ADVANCED_BREP_SHAPE_REPRESENTATION ( '', ( #1988, #549 ), #121 ) ;
#2022 = DIRECTION ( 'NONE',  ( 0.000000000000000000, 0.000000000000000000, 1.000000000000000000 ) ) ;
#2023 = LINE ( 'NONE', #1398, #1132 ) ;
#2024 = ORIENTED_EDGE ( 'NONE', *, *, #336, .T. ) ;
#2025 = EDGE_CURVE ( 'NONE', #1322, #552, #2039, .T. ) ;
#2026 = FACE_OUTER_BOUND ( 'NONE', #602, .T. ) ;
#2027 = CARTESIAN_POINT ( 'NONE',  ( -0.9679999999999994165, -0.6933333333333332460, 0.6649999999999999245 ) ) ;
#2028 = DIRECTION ( 'NONE',  ( -0.000000000000000000, -0.000000000000000000, 1.000000000000000000 ) ) ;
#2029 = CARTESIAN_POINT ( 'NONE',  ( -0.2300000000000001765, -0.6933333333333331350, 1.151964808265850187E-16 ) ) ;
#2030 = EDGE_CURVE ( 'NONE', #1672, #224, #890, .T. ) ;
#2031 = APPLICATION_PROTOCOL_DEFINITION ( 'draft international standard', 'automotive_design', 1998, #701 ) ;
#2032 = CARTESIAN_POINT ( 'NONE',  ( -0.8933333333333335347, -0.6933333333333331350, -0.03500000000000000333 ) ) ;
#2033 = ORIENTED_EDGE ( 'NONE', *, *, #441, .F. ) ;
#2034 = EDGE_CURVE ( 'NONE', #1303, #1499, #1756, .T. ) ;
#2035 = AXIS2_PLACEMENT_3D ( 'NONE', #1548, #1258, #735 ) ;
#2036 = FACE_OUTER_BOUND ( 'NONE', #344, .T. ) ;
#2037 = PRODUCT_DEFINITION_SHAPE ( 'NONE', 'NONE',  #2073 ) ;
#2038 = ORIENTED_EDGE ( 'NONE', *, *, #2051, .T. ) ;
#2039 = LINE ( 'NONE', #603, #85 ) ;
#2040 = DIRECTION ( 'NONE',  ( 0.000000000000000000, 0.7071067811865477948, -0.7071067811865473507 ) ) ;
#2041 = VECTOR ( 'NONE', #1810, 1000.000000000000000 ) ;
#2042 = EDGE_CURVE ( 'NONE', #360, #1672, #1143, .T. ) ;
#2043 = VECTOR ( 'NONE', #1912, 1000.000000000000000 ) ;
#2044 = DIRECTION ( 'NONE',  ( 1.000000000000000000, 0.000000000000000000, 0.000000000000000000 ) ) ;
#2045 = CYLINDRICAL_SURFACE ( 'NONE', #1104, 0.07166666666666665630 ) ;
#2046 = ORIENTED_EDGE ( 'NONE', *, *, #45, .T. ) ;
#2047 = CARTESIAN_POINT ( 'NONE',  ( 0.3366666666666663366, -0.7649999999999997913, -0.03500000000000000333 ) ) ;
#2048 = VERTEX_POINT ( 'NONE', #1764 ) ;
#2049 = FACE_OUTER_BOUND ( 'NONE', #1752, .T. ) ;
#2050 = CARTESIAN_POINT ( 'NONE',  ( 0.9679999999999998606, -0.6933333333333332460, 0.6649999999999999245 ) ) ;
#2051 = EDGE_CURVE ( 'NONE', #1308, #1326, #419, .T. ) ;
#2052 = ORIENTED_EDGE ( 'NONE', *, *, #1207, .T. ) ;
#2053 = FACE_OUTER_BOUND ( 'NONE', #1133, .T. ) ;
#2054 = AXIS2_PLACEMENT_3D ( 'NONE', #1514, #1535, #1543 ) ;
#2055 = VECTOR ( 'NONE', #1887, 1000.000000000000000 ) ;
#2056 = CARTESIAN_POINT ( 'NONE',  ( 0.8933333333333332016, 0.6933333333333335791, 0.6649999999999999245 ) ) ;
#2057 = EDGE_LOOP ( 'NONE', ( #2038, #1292, #1863, #1259, #1898, #1880, #962, #1867 ) ) ;
#2058 = CARTESIAN_POINT ( 'NONE',  ( 0.3366666666666664476, -0.7897487373415287282, -0.01025126265847082010 ) ) ;
#2059 = EDGE_LOOP ( 'NONE', ( #759, #1839, #816, #612 ) ) ;
#2060 = EDGE_CURVE ( 'NONE', #1553, #1299, #1632, .T. ) ;
#2061 = LINE ( 'NONE', #286, #1017 ) ;
#2062 = DIRECTION ( 'NONE',  ( 1.000000000000000000, 0.000000000000000000, 0.000000000000000000 ) ) ;
#2063 = PRESENTATION_LAYER_ASSIGNMENT (  '', '', ( #1293 ) ) ;
#2064 = ORIENTED_EDGE ( 'NONE', *, *, #2034, .F. ) ;
#2065 = CARTESIAN_POINT ( 'NONE',  ( -0.3366666666666666696, 0.8000000000000002665, 8.809142651444723526E-17 ) ) ;
#2066 = VECTOR ( 'NONE', #2013, 1000.000000000000000 ) ;
#2067 = FACE_OUTER_BOUND ( 'NONE', #1903, .T. ) ;
#2068 = ORIENTED_EDGE ( 'NONE', *, *, #1121, .F. ) ;
#2069 = CARTESIAN_POINT ( 'NONE',  ( 0.3941381497799312239, -0.7999999999999998224, 3.252606517456513302E-16 ) ) ;
#2070 = LINE ( 'NONE', #182, #1871 ) ;
#2071 = NEXT_ASSEMBLY_USAGE_OCCURRENCE ( 'NAUO1', ' ', ' ', #767, #285, $ ) ;
#2072 = NEXT_ASSEMBLY_USAGE_OCCURRENCE ( 'NAUO2', ' ', ' ', #767, #1479, $ ) ;
#2073 = NEXT_ASSEMBLY_USAGE_OCCURRENCE ( 'NAUO3', ' ', ' ', #767, #1479, $ ) ;
ENDSEC;
END-ISO-10303-21;
