ISO-10303-21;
HEADER;
FILE_DESCRIPTION (( 'STEP AP214' ),
    '1' );
FILE_NAME ('FTC201612S.step',
    '2026-10-09T15:33:25',
    ( '' ),
    ( '' ),
    'SwSTEP 2.0',
    'SolidWorks 2025',
    '' );
FILE_SCHEMA (( 'AUTOMOTIVE_DESIGN' ));
ENDSEC;

DATA;
#1 = CARTESIAN_POINT ( 'NONE',  ( 0.2885237633577791283, -0.7833184073655610202, -0.01668159263443780641 ) ) ;
#2 = VERTEX_POINT ( 'NONE', #629 ) ;
#3 = LINE ( 'NONE', #180, #1324 ) ;
#4 = PRESENTATION_STYLE_ASSIGNMENT (( #481 ) ) ;
#5 = EDGE_LOOP ( 'NONE', ( #398, #1454, #463, #1428, #549 ) ) ;
#6 = CARTESIAN_POINT ( 'NONE',  ( -0.8933333333333328685, -0.7999999999999998224, 1.108000000000000096 ) ) ;
#7 = EDGE_LOOP ( 'NONE', ( #223, #869, #1289, #559 ) ) ;
#8 = CARTESIAN_POINT ( 'NONE',  ( -0.3500000000000000333, 0.7399999999999999911, 0.05999999999999999778 ) ) ;
#9 = VECTOR ( 'NONE', #562, 1000.000000000000000 ) ;
#10 = ORIENTED_EDGE ( 'NONE', *, *, #11, .T. ) ;
#11 = EDGE_CURVE ( 'NONE', #957, #1950, #499, .T. ) ;
#12 = FACE_OUTER_BOUND ( 'NONE', #1094, .T. ) ;
#13 = DIRECTION ( 'NONE',  ( 0.000000000000000000, 0.000000000000000000, -1.000000000000000000 ) ) ;
#14 = ORIENTED_EDGE ( 'NONE', *, *, #1799, .T. ) ;
#15 = CARTESIAN_POINT ( 'NONE',  ( -0.8933333333333328685, -0.6933333333333331350, 1.084202172485504434E-15 ) ) ;
#16 = EDGE_CURVE ( 'NONE', #652, #1009, #518, .T. ) ;
#17 = VECTOR ( 'NONE', #1393, 1000.000000000000114 ) ;
#18 = EDGE_CURVE ( 'NONE', #1885, #2026, #1293, .T. ) ;
#19 = ORIENTED_EDGE ( 'NONE', *, *, #106, .F. ) ;
#20 = CONICAL_SURFACE ( 'NONE', #1460, 0.07466666666666721408, 0.7853981633974412846 ) ;
#21 = DIRECTION ( 'NONE',  ( 0.000000000000000000, -0.7071067811865504593, -0.7071067811865445751 ) ) ;
#22 = LINE ( 'NONE', #776, #576 ) ;
#23 = LINE ( 'NONE', #698, #1752 ) ;
#24 = ADVANCED_FACE ( 'NONE', ( #1090 ), #467, .F. ) ;
#25 = PLANE ( 'NONE',  #1564 ) ;
#26 = DIRECTION ( 'NONE',  ( 1.000000000000000000, 0.000000000000000000, 0.000000000000000000 ) ) ;
#27 = VERTEX_POINT ( 'NONE', #1910 ) ;
#28 = DIRECTION ( 'NONE',  ( -1.000000000000000000, -1.016439536705160210E-15, 0.000000000000000000 ) ) ;
#29 = ORIENTED_EDGE ( 'NONE', *, *, #1787, .F. ) ;
#30 = ADVANCED_FACE ( 'NONE', ( #1743 ), #959, .T. ) ;
#31 = FACE_OUTER_BOUND ( 'NONE', #1247, .T. ) ;
#32 = CARTESIAN_POINT ( 'NONE',  ( -0.8933333333333328685, -0.7680000000000003491, 1.139999999999999902 ) ) ;
#33 = AXIS2_PLACEMENT_3D ( 'NONE', #1002, #1641, #211 ) ;
#34 = CARTESIAN_POINT ( 'NONE',  ( 0.000000000000000000, 0.000000000000000000, 0.000000000000000000 ) ) ;
#35 = LINE ( 'NONE', #855, #728 ) ;
#36 = ORIENTED_EDGE ( 'NONE', *, *, #68, .T. ) ;
#37 = CARTESIAN_POINT ( 'NONE',  ( -0.3500000000000000333, 0.7399999999999999911, 0.05999999999999999778 ) ) ;
#38 = ORIENTED_EDGE ( 'NONE', *, *, #1399, .F. ) ;
#39 = DIRECTION ( 'NONE',  ( 1.000000000000000000, -0.000000000000000000, 0.000000000000000000 ) ) ;
#40 = LINE ( 'NONE', #32, #874 ) ;
#41 = AXIS2_PLACEMENT_3D ( 'NONE', #2048, #958, #594 ) ;
#42 = AXIS2_PLACEMENT_3D ( 'NONE', #488, #1730, #1578 ) ;
#43 = FACE_OUTER_BOUND ( 'NONE', #1942, .T. ) ;
#44 = PLANE ( 'NONE',  #1741 ) ;
#45 = MANIFOLD_SOLID_BREP ( '\X2\570689d2\X0\4', #1784 ) ;
#46 = DIRECTION ( 'NONE',  ( 0.000000000000000000, -0.7071067811865426878, 0.7071067811865522357 ) ) ;
#47 = ORIENTED_EDGE ( 'NONE', *, *, #2063, .T. ) ;
#48 = EDGE_CURVE ( 'NONE', #864, #290, #1473, .T. ) ;
#49 = DIRECTION ( 'NONE',  ( 0.000000000000000000, 0.000000000000000000, 1.000000000000000000 ) ) ;
#50 = VECTOR ( 'NONE', #1883, 1000.000000000000000 ) ;
#51 = EDGE_LOOP ( 'NONE', ( #1779, #1118, #1888, #136, #1668 ) ) ;
#52 = VECTOR ( 'NONE', #1197, 1000.000000000000114 ) ;
#53 = CARTESIAN_POINT ( 'NONE',  ( -0.2866666666666669583, -0.6933333333333332460, -0.05999999999999999778 ) ) ;
#54 = EDGE_CURVE ( 'NONE', #652, #343, #1771, .T. ) ;
#55 = DIRECTION ( 'NONE',  ( 0.000000000000000000, 0.000000000000000000, 1.000000000000000000 ) ) ;
#56 = CARTESIAN_POINT ( 'NONE',  ( 0.000000000000000000, 0.000000000000000000, 0.000000000000000000 ) ) ;
#57 = DIRECTION ( 'NONE',  ( 1.000000000000000000, 0.000000000000000000, 0.000000000000000000 ) ) ;
#58 = VERTEX_POINT ( 'NONE', #179 ) ;
#59 = CARTESIAN_POINT ( 'NONE',  ( 0.3033333333333331772, 0.6933333333333333570, 0.05999999999999999778 ) ) ;
#60 = AXIS2_PLACEMENT_3D ( 'NONE', #59, #695, #1495 ) ;
#61 = DIRECTION ( 'NONE',  ( 0.000000000000000000, 0.000000000000000000, 1.000000000000000000 ) ) ;
#62 = VECTOR ( 'NONE', #1120, 1000.000000000000000 ) ;
#63 = DIRECTION ( 'NONE',  ( 1.000000000000000000, 0.000000000000000000, 0.000000000000000000 ) ) ;
#64 = AXIS2_PLACEMENT_3D ( 'NONE', #820, #1766, #1286 ) ;
#65 = EDGE_CURVE ( 'NONE', #1050, #1661, #22, .T. ) ;
#66 = LINE ( 'NONE', #1843, #715 ) ;
#67 = PRODUCT_DEFINITION_CONTEXT ( 'detailed design', #1826, 'design' ) ;
#68 = EDGE_CURVE ( 'NONE', #662, #2, #1255, .T. ) ;
#69 = ORIENTED_EDGE ( 'NONE', *, *, #146, .F. ) ;
#70 = CARTESIAN_POINT ( 'NONE',  ( -0.3033333333333331772, -0.7399999999999999911, 0.05999999999999999778 ) ) ;
#71 = VERTEX_POINT ( 'NONE', #1772 ) ;
#72 = DIRECTION ( 'NONE',  ( 0.000000000000000000, 0.000000000000000000, 1.000000000000000000 ) ) ;
#73 = VECTOR ( 'NONE', #677, 1000.000000000000000 ) ;
#74 = LINE ( 'NONE', #1168, #386 ) ;
#75 = EDGE_LOOP ( 'NONE', ( #319, #1398, #1874, #465 ) ) ;
#76 = EDGE_CURVE ( 'NONE', #1562, #1376, #23, .T. ) ;
#77 = DIRECTION ( 'NONE',  ( 0.000000000000000000, -1.000000000000000000, 0.000000000000000000 ) ) ;
#78 = DIRECTION ( 'NONE',  ( 0.000000000000000000, 0.000000000000000000, -1.000000000000000000 ) ) ;
#79 = EDGE_LOOP ( 'NONE', ( #1287, #183, #331, #2055, #1788 ) ) ;
#80 = EDGE_CURVE ( 'NONE', #1385, #312, #357, .T. ) ;
#81 = CARTESIAN_POINT ( 'NONE',  ( -0.3033333333333331772, -0.6933333333333333570, 0.000000000000000000 ) ) ;
#82 = EDGE_CURVE ( 'NONE', #350, #1800, #1601, .T. ) ;
#83 = ORIENTED_EDGE ( 'NONE', *, *, #497, .T. ) ;
#84 = PLANE ( 'NONE',  #208 ) ;
#85 = AXIS2_PLACEMENT_3D ( 'NONE', #214, #404, #2002 ) ;
#86 = SURFACE_SIDE_STYLE ('',( #1717 ) ) ;
#87 = ORIENTED_EDGE ( 'NONE', *, *, #1627, .F. ) ;
#88 = CARTESIAN_POINT ( 'NONE',  ( -0.2866666666666667362, 0.6933333333333335791, -0.05999999999999999778 ) ) ;
#89 = DIRECTION ( 'NONE',  ( 1.000000000000000000, 0.000000000000000000, 0.000000000000000000 ) ) ;
#90 = ORIENTED_EDGE ( 'NONE', *, *, #1837, .F. ) ;
#91 = DIRECTION ( 'NONE',  ( -0.000000000000000000, 0.000000000000000000, 1.000000000000000000 ) ) ;
#92 = ORIENTED_EDGE ( 'NONE', *, *, #1092, .F. ) ;
#93 = EDGE_CURVE ( 'NONE', #2043, #1416, #978, .T. ) ;
#94 = DIRECTION ( 'NONE',  ( 1.000000000000000000, 2.710505431213761085E-16, -0.000000000000000000 ) ) ;
#95 =( NAMED_UNIT ( * ) SI_UNIT ( $, .STERADIAN. ) SOLID_ANGLE_UNIT ( ) );
#96 = ORIENTED_EDGE ( 'NONE', *, *, #1986, .T. ) ;
#97 = CARTESIAN_POINT ( 'NONE',  ( 0.8933333333333332016, -0.7999999999999998224, 1.139999999999999902 ) ) ;
#98 = LINE ( 'NONE', #1833, #714 ) ;
#99 = APPLICATION_PROTOCOL_DEFINITION ( 'draft international standard', 'automotive_design', 1998, #797 ) ;
#100 = DIRECTION ( 'NONE',  ( 1.355252715606880543E-16, 1.000000000000000000, 0.000000000000000000 ) ) ;
#101 = EDGE_LOOP ( 'NONE', ( #1706, #1426, #1123, #1769 ) ) ;
#102 = CARTESIAN_POINT ( 'NONE',  ( 0.8933333333333332016, -0.7680000000000003491, 1.139999999999999902 ) ) ;
#103 = AXIS2_PLACEMENT_3D ( 'NONE', #1532, #446, #1546 ) ;
#104 = EDGE_LOOP ( 'NONE', ( #808, #1689, #1892, #427 ) ) ;
#105 = LINE ( 'NONE', #238, #1640 ) ;
#106 = EDGE_CURVE ( 'NONE', #1270, #901, #40, .T. ) ;
#107 = ORIENTED_EDGE ( 'NONE', *, *, #362, .F. ) ;
#108 = CARTESIAN_POINT ( 'NONE',  ( 0.2866666666666665142, -0.6933333333333331350, -0.05999999999999999778 ) ) ;
#109 = CARTESIAN_POINT ( 'NONE',  ( -0.3379782934534894534, -0.7999999999999998224, 9.463607952096675078E-16 ) ) ;
#110 = AXIS2_PLACEMENT_3D ( 'NONE', #873, #2004, #1680 ) ;
#111 = DIRECTION ( 'NONE',  ( -1.000000000000000000, 0.000000000000000000, 0.000000000000000000 ) ) ;
#112 = ORIENTED_EDGE ( 'NONE', *, *, #93, .F. ) ;
#113 = DIRECTION ( 'NONE',  ( 1.098853553194768041E-16, -1.000000000000000000, 0.000000000000000000 ) ) ;
#114 = ORIENTED_EDGE ( 'NONE', *, *, #1128, .T. ) ;
#115 = DIRECTION ( 'NONE',  ( -1.355252715606880543E-16, -1.000000000000000000, 0.000000000000000000 ) ) ;
#116 = EDGE_LOOP ( 'NONE', ( #36, #603, #633, #187 ) ) ;
#117 = AXIS2_PLACEMENT_3D ( 'NONE', #1634, #1625, #1115 ) ;
#118 = AXIS2_PLACEMENT_3D ( 'NONE', #470, #1414, #150 ) ;
#119 = EDGE_CURVE ( 'NONE', #1983, #1739, #1486, .T. ) ;
#120 = PLANE ( 'NONE',  #1132 ) ;
#121 = AXIS2_PLACEMENT_3D ( 'NONE', #1622, #375, #1660 ) ;
#122 = PRODUCT_CONTEXT ( 'NONE', #1723, 'mechanical' ) ;
#123 = DIRECTION ( 'NONE',  ( 1.355252715606880543E-16, 1.000000000000000000, 0.000000000000000000 ) ) ;
#124 = EDGE_LOOP ( 'NONE', ( #152, #1237, #1188, #154 ) ) ;
#125 = DIRECTION ( 'NONE',  ( -1.000000000000000000, -0.000000000000000000, -0.000000000000000000 ) ) ;
#126 = EDGE_LOOP ( 'NONE', ( #14, #2013, #205, #1628, #606, #1977, #646, #245 ) ) ;
#127 = CARTESIAN_POINT ( 'NONE',  ( -0.3348274912427131600, -0.7982023657113215265, -0.001797634288677196291 ) ) ;
#128 = ORIENTED_EDGE ( 'NONE', *, *, #1187, .T. ) ;
#129 = DIRECTION ( 'NONE',  ( 0.000000000000000000, 0.000000000000000000, -1.000000000000000000 ) ) ;
#130 = CYLINDRICAL_SURFACE ( 'NONE', #1726, 0.05999999999999999778 ) ;
#131 = FACE_OUTER_BOUND ( 'NONE', #1847, .T. ) ;
#132 = ORIENTED_EDGE ( 'NONE', *, *, #298, .F. ) ;
#133 = AXIS2_PLACEMENT_3D ( 'NONE', #806, #1901, #307 ) ;
#134 = DIRECTION ( 'NONE',  ( -1.000000000000000000, 0.000000000000000000, 0.000000000000000000 ) ) ;
#135 = EDGE_CURVE ( 'NONE', #977, #343, #2009, .T. ) ;
#136 = ORIENTED_EDGE ( 'NONE', *, *, #752, .F. ) ;
#137 = CARTESIAN_POINT ( 'NONE',  ( 0.3493032727506337753, -0.7999999999999997113, 1.013554023050685001E-15 ) ) ;
#138 = DIRECTION ( 'NONE',  ( -1.465138070926357470E-16, 1.000000000000000000, -0.000000000000000000 ) ) ;
#139 = EDGE_CURVE ( 'NONE', #1840, #1229, #366, .T. ) ;
#140 = PLANE ( 'NONE',  #664 ) ;
#141 = CARTESIAN_POINT ( 'NONE',  ( 0.8933333333333332016, -0.7999999999999998224, 1.081395352209268300E-15 ) ) ;
#142 = EDGE_LOOP ( 'NONE', ( #213, #781, #732, #1073 ) ) ;
#143 = AXIS2_PLACEMENT_3D ( 'NONE', #1519, #72, #1373 ) ;
#144 = DIRECTION ( 'NONE',  ( -0.000000000000000000, 0.000000000000000000, 1.000000000000000000 ) ) ;
#145 = ORIENTED_EDGE ( 'NONE', *, *, #1489, .F. ) ;
#146 = EDGE_CURVE ( 'NONE', #2011, #1596, #998, .T. ) ;
#147 = CARTESIAN_POINT ( 'NONE',  ( 0.2400000000000006017, 0.6933333333333335791, -0.05999999999999999778 ) ) ;
#148 = FILL_AREA_STYLE ('',( #805 ) ) ;
#149 = FACE_OUTER_BOUND ( 'NONE', #1195, .T. ) ;
#150 = DIRECTION ( 'NONE',  ( 1.000000000000000000, 0.000000000000000000, 0.000000000000000000 ) ) ;
#151 = AXIS2_PLACEMENT_3D ( 'NONE', #15, #361, #28 ) ;
#152 = ORIENTED_EDGE ( 'NONE', *, *, #1627, .T. ) ;
#153 = FACE_OUTER_BOUND ( 'NONE', #1171, .T. ) ;
#154 = ORIENTED_EDGE ( 'NONE', *, *, #1713, .F. ) ;
#155 = CARTESIAN_POINT ( 'NONE',  ( 0.8933333333333332016, -0.6933333333333332460, -0.05999999999999999778 ) ) ;
#156 =( NAMED_UNIT ( * ) SI_UNIT ( $, .STERADIAN. ) SOLID_ANGLE_UNIT ( ) );
#157 = LINE ( 'NONE', #1434, #1397 ) ;
#158 = SHAPE_REPRESENTATION ( 'pin_\X2\9ed88ba4\X0\', ( #2059 ), #1652 ) ;
#159 = CARTESIAN_POINT ( 'NONE',  ( -0.3499999999999998668, -0.7399999999999999911, 0.05999999999999999778 ) ) ;
#160 = ORIENTED_EDGE ( 'NONE', *, *, #920, .T. ) ;
#161 = CARTESIAN_POINT ( 'NONE',  ( 0.2885237633577764638, 0.7833184073655642399, -0.01668159263443506554 ) ) ;
#162 = CIRCLE ( 'NONE', #2035, 0.04666666666666664798 ) ;
#163 = ORIENTED_EDGE ( 'NONE', *, *, #1279, .F. ) ;
#164 = EDGE_CURVE ( 'NONE', #915, #1790, #373, .T. ) ;
#165 = CYLINDRICAL_SURFACE ( 'NONE', #514, 0.05999999999999999778 ) ;
#166 = VECTOR ( 'NONE', #1122, 1000.000000000000000 ) ;
#167 = EDGE_CURVE ( 'NONE', #1053, #904, #186, .T. ) ;
#168 =( NAMED_UNIT ( * ) PLANE_ANGLE_UNIT ( ) SI_UNIT ( $, .RADIAN. ) );
#169 = CARTESIAN_POINT ( 'NONE',  ( 0.8933333333333334236, 0.6933333333333335791, 0.000000000000000000 ) ) ;
#170 = DIRECTION ( 'NONE',  ( -1.000000000000000000, 0.000000000000000000, 0.000000000000000000 ) ) ;
#171 = ADVANCED_FACE ( 'NONE', ( #707 ), #574, .T. ) ;
#172 = SURFACE_STYLE_FILL_AREA ( #309 ) ;
#173 = ORIENTED_EDGE ( 'NONE', *, *, #773, .F. ) ;
#174 = PLANE ( 'NONE',  #249 ) ;
#175 = ORIENTED_EDGE ( 'NONE', *, *, #1468, .F. ) ;
#176 = CARTESIAN_POINT ( 'NONE',  ( -0.9400000000000001688, 1.273937552670467956E-16, -0.05999999999999999778 ) ) ;
#177 = VECTOR ( 'NONE', #196, 1000.000000000000000 ) ;
#178 =( NAMED_UNIT ( * ) SI_UNIT ( $, .STERADIAN. ) SOLID_ANGLE_UNIT ( ) );
#179 = CARTESIAN_POINT ( 'NONE',  ( -0.1551471862576152549, 0.6933333333333335791, 0.000000000000000000 ) ) ;
#180 = CARTESIAN_POINT ( 'NONE',  ( -1.000000000000000000, 0.8000000000000002665, 0.000000000000000000 ) ) ;
#181 = ADVANCED_FACE ( 'NONE', ( #1043 ), #1351, .T. ) ;
#182 = FILL_AREA_STYLE_COLOUR ( '', #1067 ) ;
#183 = ORIENTED_EDGE ( 'NONE', *, *, #565, .F. ) ;
#184 = CARTESIAN_POINT ( 'NONE',  ( 0.3097625787188503788, 0.7920791201770350787, -0.007920879822964105310 ) ) ;
#185 = VECTOR ( 'NONE', #1268, 1000.000000000000000 ) ;
#186 = B_SPLINE_CURVE_WITH_KNOTS ( 'NONE', 3,
 ( #500, #969, #1609, #750, #1363, #406 ),
 .UNSPECIFIED., .F., .F.,
 ( 4, 2, 4 ),
 ( 0.000000000000000000, 7.686760822228415021E-05, 0.0001537352164445683004 ),
 .UNSPECIFIED. ) ;
#187 = ORIENTED_EDGE ( 'NONE', *, *, #1128, .F. ) ;
#188 = VECTOR ( 'NONE', #1645, 1000.000000000000114 ) ;
#189 = PLANE ( 'NONE',  #342 ) ;
#190 = CARTESIAN_POINT ( 'NONE',  ( -0.2866666666666667362, 0.7824264068711920261, -0.01757359312880732091 ) ) ;
#191 = DIRECTION ( 'NONE',  ( 1.000000000000000000, 0.000000000000000000, 0.000000000000000000 ) ) ;
#192 = CARTESIAN_POINT ( 'NONE',  ( -0.2097277561643137167, 0.8000000000000002665, 0.000000000000000000 ) ) ;
#193 = ORIENTED_EDGE ( 'NONE', *, *, #809, .T. ) ;
#194 = FACE_OUTER_BOUND ( 'NONE', #2029, .T. ) ;
#195 = ORIENTED_EDGE ( 'NONE', *, *, #16, .T. ) ;
#196 = DIRECTION ( 'NONE',  ( 1.355252715606880543E-16, 1.000000000000000000, 4.357881996052701739E-33 ) ) ;
#197 = ADVANCED_FACE ( 'NONE', ( #1497 ), #1205, .T. ) ;
#198 = CIRCLE ( 'NONE', #1527, 0.1066666666666666874 ) ;
#199 = CARTESIAN_POINT ( 'NONE',  ( -0.3499999999999998668, -0.7399999999999999911, 0.000000000000000000 ) ) ;
#200 = AXIS2_PLACEMENT_3D ( 'NONE', #1501, #1984, #55 ) ;
#201 = FACE_OUTER_BOUND ( 'NONE', #754, .T. ) ;
#202 = EDGE_CURVE ( 'NONE', #1594, #1914, #1669, .T. ) ;
#203 = LINE ( 'NONE', #1316, #1700 ) ;
#204 = LINE ( 'NONE', #494, #881 ) ;
#205 = ORIENTED_EDGE ( 'NONE', *, *, #1649, .T. ) ;
#206 = DIRECTION ( 'NONE',  ( 1.000000000000000000, 0.000000000000000000, 0.000000000000000000 ) ) ;
#207 = ADVANCED_FACE ( 'NONE', ( #905 ), #541, .T. ) ;
#208 = AXIS2_PLACEMENT_3D ( 'NONE', #893, #270, #862 ) ;
#209 = VECTOR ( 'NONE', #639, 1000.000000000000000 ) ;
#210 = DIRECTION ( 'NONE',  ( 1.000000000000000000, 0.000000000000000000, 0.000000000000000000 ) ) ;
#211 = DIRECTION ( 'NONE',  ( 0.000000000000000000, -0.000000000000000000, 1.000000000000000000 ) ) ;
#212 = DIRECTION ( 'NONE',  ( 1.000000000000000000, 0.000000000000000000, 0.000000000000000000 ) ) ;
#213 = ORIENTED_EDGE ( 'NONE', *, *, #1649, .F. ) ;
#214 = CARTESIAN_POINT ( 'NONE',  ( 0.2866666666666667362, 0.6933333333333335791, 0.000000000000000000 ) ) ;
#215 = CIRCLE ( 'NONE', #2057, 0.1066666666666666874 ) ;
#216 = ORIENTED_EDGE ( 'NONE', *, *, #540, .F. ) ;
#217 = CARTESIAN_POINT ( 'NONE',  ( -0.3213092245116096479, 0.7948999138749660576, -0.005100086125033048354 ) ) ;
#218 =( GEOMETRIC_REPRESENTATION_CONTEXT ( 3 ) GLOBAL_UNCERTAINTY_ASSIGNED_CONTEXT ( ( #1675 ) ) GLOBAL_UNIT_ASSIGNED_CONTEXT ( ( #1352, #168, #178 ) ) REPRESENTATION_CONTEXT ( 'NONE', 'WORKASPACE' ) );
#219 = DIRECTION ( 'NONE',  ( 0.000000000000000000, 0.000000000000000000, -1.000000000000000000 ) ) ;
#220 = DIRECTION ( 'NONE',  ( -0.7071067811865415775, 0.000000000000000000, 0.7071067811865535679 ) ) ;
#221 = APPLICATION_CONTEXT ( 'automotive_design' ) ;
#222 = DIRECTION ( 'NONE',  ( -0.000000000000000000, 0.000000000000000000, 1.000000000000000000 ) ) ;
#223 = ORIENTED_EDGE ( 'NONE', *, *, #535, .F. ) ;
#224 = LINE ( 'NONE', #1040, #1305 ) ;
#225 = EDGE_CURVE ( 'NONE', #1050, #247, #1704, .T. ) ;
#226 = VERTEX_POINT ( 'NONE', #1186 ) ;
#227 = LINE ( 'NONE', #1839, #1751 ) ;
#228 = AXIS2_PLACEMENT_3D ( 'NONE', #829, #1463, #1472 ) ;
#229 = LINE ( 'NONE', #1461, #52 ) ;
#230 = ORIENTED_EDGE ( 'NONE', *, *, #1620, .T. ) ;
#231 = EDGE_CURVE ( 'NONE', #1571, #1931, #1021, .T. ) ;
#232 = DIRECTION ( 'NONE',  ( -2.710505431213761085E-16, 1.000000000000000000, 0.000000000000000000 ) ) ;
#233 = CARTESIAN_POINT ( 'NONE',  ( -0.3499999999999998668, -0.6933333333333333570, 0.000000000000000000 ) ) ;
#234 = UNCERTAINTY_MEASURE_WITH_UNIT (LENGTH_MEASURE( 1.000000000000000082E-05 ), #1876, 'distance_accuracy_value', 'NONE');
#235 = ORIENTED_EDGE ( 'NONE', *, *, #2063, .F. ) ;
#236 = CARTESIAN_POINT ( 'NONE',  ( 0.3033333333333334547, -0.7399999999999999911, 0.05999999999999999778 ) ) ;
#237 = ORIENTED_EDGE ( 'NONE', *, *, #1760, .T. ) ;
#238 = CARTESIAN_POINT ( 'NONE',  ( 0.8933333333333334236, 0.7400000000000002132, 0.000000000000000000 ) ) ;
#239 = AXIS2_PLACEMENT_3D ( 'NONE', #687, #647, #1281 ) ;
#240 = ORIENTED_EDGE ( 'NONE', *, *, #1909, .F. ) ;
#241 = AXIS2_PLACEMENT_3D ( 'NONE', #1158, #533, #61 ) ;
#242 = DIRECTION ( 'NONE',  ( -0.000000000000000000, -0.000000000000000000, 1.000000000000000000 ) ) ;
#243 = CARTESIAN_POINT ( 'NONE',  ( -0.8933333333333333126, 0.8000000000000002665, 1.108000000000000096 ) ) ;
#244 = EDGE_CURVE ( 'NONE', #1229, #864, #105, .T. ) ;
#245 = ORIENTED_EDGE ( 'NONE', *, *, #48, .T. ) ;
#246 = PLANE ( 'NONE',  #2030 ) ;
#247 = VERTEX_POINT ( 'NONE', #396 ) ;
#248 = DIRECTION ( 'NONE',  ( 0.000000000000000000, -0.7071067811865450192, -0.7071067811865501263 ) ) ;
#249 = AXIS2_PLACEMENT_3D ( 'NONE', #37, #1932, #1298 ) ;
#250 = DIRECTION ( 'NONE',  ( 1.000000000000000000, 0.000000000000000000, 0.000000000000000000 ) ) ;
#251 = VERTEX_POINT ( 'NONE', #1054 ) ;
#252 = CARTESIAN_POINT ( 'NONE',  ( 1.000000000000000000, -0.6933333333333332460, 1.108000000000000096 ) ) ;
#253 = CARTESIAN_POINT ( 'NONE',  ( 0.2400000000000000189, 0.6933333333333335791, 0.000000000000000000 ) ) ;
#254 = ITEM_DEFINED_TRANSFORMATION ( 'NONE', 'NONE', #999,  #2059 ) ;
#255 = EDGE_CURVE ( 'NONE', #1416, #1229, #227, .T. ) ;
#256 = DIRECTION ( 'NONE',  ( 0.000000000000000000, -0.000000000000000000, -1.000000000000000000 ) ) ;
#257 = ORIENTED_EDGE ( 'NONE', *, *, #756, .F. ) ;
#258 = CARTESIAN_POINT ( 'NONE',  ( 0.000000000000000000, -0.7399999999999992140, -0.05999999999999999778 ) ) ;
#259 = ORIENTED_EDGE ( 'NONE', *, *, #1557, .T. ) ;
#260 = CARTESIAN_POINT ( 'NONE',  ( 0.9400000000000000577, 0.6933333333333335791, 0.000000000000000000 ) ) ;
#261 = ORIENTED_EDGE ( 'NONE', *, *, #906, .F. ) ;
#262 = AXIS2_PLACEMENT_3D ( 'NONE', #263, #1996, #897 ) ;
#263 = CARTESIAN_POINT ( 'NONE',  ( 0.8933333333333332016, 0.6933333333333335791, 1.084202172485504434E-15 ) ) ;
#264 = AXIS2_PLACEMENT_3D ( 'NONE', #1093, #414, #1224 ) ;
#265 = EDGE_CURVE ( 'NONE', #1800, #1994, #573, .T. ) ;
#266 = CARTESIAN_POINT ( 'NONE',  ( 0.2097277561643132726, -0.7999999999999998224, 0.000000000000000000 ) ) ;
#267 = EDGE_LOOP ( 'NONE', ( #259, #1225, #1864, #544 ) ) ;
#268 = CARTESIAN_POINT ( 'NONE',  ( -0.8933333333333328685, -0.6933333333333331350, 1.139999999999999902 ) ) ;
#269 = ORIENTED_EDGE ( 'NONE', *, *, #823, .F. ) ;
#270 = DIRECTION ( 'NONE',  ( -1.000000000000000000, 1.355252715606880543E-16, 0.000000000000000000 ) ) ;
#271 = ADVANCED_FACE ( 'NONE', ( #1659 ), #84, .T. ) ;
#272 = PRESENTATION_STYLE_ASSIGNMENT (( #2028 ) ) ;
#273 = EDGE_LOOP ( 'NONE', ( #395, #83, #1125, #261 ) ) ;
#274 = FACE_OUTER_BOUND ( 'NONE', #5, .T. ) ;
#275 = CARTESIAN_POINT ( 'NONE',  ( -0.3124544203282441646, -0.7999999999999997113, -0.005371579446130339726 ) ) ;
#276 = VECTOR ( 'NONE', #1875, 1000.000000000000000 ) ;
#277 = APPLICATION_PROTOCOL_DEFINITION ( 'draft international standard', 'automotive_design', 1998, #1826 ) ;
#278 = CARTESIAN_POINT ( 'NONE',  ( 0.2608789130050884197, -0.7999999999999997113, -0.005371579446130315440 ) ) ;
#279 = ORIENTED_EDGE ( 'NONE', *, *, #1981, .T. ) ;
#280 = LINE ( 'NONE', #635, #185 ) ;
#281 = ORIENTED_EDGE ( 'NONE', *, *, #1831, .F. ) ;
#282 = CARTESIAN_POINT ( 'NONE',  ( 0.1551471862576151162, -2.102636454943993792E-17, -0.05999999999999999778 ) ) ;
#283 = ORIENTED_EDGE ( 'NONE', *, *, #520, .F. ) ;
#284 = VECTOR ( 'NONE', #1737, 1000.000000000000000 ) ;
#285 = CONICAL_SURFACE ( 'NONE', #1421, 0.07466666666666721408, 0.7853981633974412846 ) ;
#286 = DIRECTION ( 'NONE',  ( 1.000000000000000000, 0.000000000000000000, 0.000000000000000000 ) ) ;
#287 = EDGE_CURVE ( 'NONE', #2026, #503, #1541, .T. ) ;
#288 = PRODUCT_CONTEXT ( 'NONE', #900, 'mechanical' ) ;
#289 = CARTESIAN_POINT ( 'NONE',  ( -0.8933333333333328685, -0.7680000000000003491, 1.139999999999999902 ) ) ;
#290 = VERTEX_POINT ( 'NONE', #260 ) ;
#291 = CARTESIAN_POINT ( 'NONE',  ( 0.2399999999999998523, -0.6933333333333331350, -0.05999999999999999778 ) ) ;
#292 = ORIENTED_EDGE ( 'NONE', *, *, #287, .F. ) ;
#293 = CARTESIAN_POINT ( 'NONE',  ( 0.3213092245116103141, -0.7948999138749658355, -0.005100086125032903504 ) ) ;
#294 = ADVANCED_FACE ( 'NONE', ( #2014 ), #1065, .F. ) ;
#295 = SURFACE_SIDE_STYLE ('',( #1412 ) ) ;
#296 = DIRECTION ( 'NONE',  ( -1.000000000000000000, 0.000000000000000000, -0.000000000000000000 ) ) ;
#297 = ADVANCED_FACE ( 'NONE', ( #1850 ), #1972, .F. ) ;
#298 = EDGE_CURVE ( 'NONE', #1661, #1301, #1530, .T. ) ;
#299 = DIRECTION ( 'NONE',  ( -1.000000000000000000, 1.322197771323785883E-16, 0.000000000000000000 ) ) ;
#300 = ORIENTED_EDGE ( 'NONE', *, *, #80, .T. ) ;
#301 = TOROIDAL_SURFACE ( 'NONE', #397, 0.1315194804090513980, 0.05999999999999999778 ) ;
#302 = CARTESIAN_POINT ( 'NONE',  ( -0.3499999999999998668, -0.6933333333333333570, 0.05999999999999999778 ) ) ;
#303 = VERTEX_POINT ( 'NONE', #1409 ) ;
#304 = CARTESIAN_POINT ( 'NONE',  ( -0.2872856988970368675, -0.7827237403693155793, -0.01727625963068322307 ) ) ;
#305 = CARTESIAN_POINT ( 'NONE',  ( -0.8933333333333333126, 0.6933333333333335791, 1.139999999999999902 ) ) ;
#306 = ADVANCED_BREP_SHAPE_REPRESENTATION ( '', ( #45, #2059 ), #421 ) ;
#307 = DIRECTION ( 'NONE',  ( 1.000000000000000000, 0.000000000000000000, 0.000000000000000000 ) ) ;
#308 = SHAPE_REPRESENTATION ( 'body_\X2\9ed88ba4\X0\', ( #2059 ), #421 ) ;
#309 = FILL_AREA_STYLE ('',( #182 ) ) ;
#310 = ORIENTED_EDGE ( 'NONE', *, *, #816, .T. ) ;
#311 = FACE_OUTER_BOUND ( 'NONE', #875, .T. ) ;
#312 = VERTEX_POINT ( 'NONE', #1563 ) ;
#313 = CARTESIAN_POINT ( 'NONE',  ( -0.2885237633577765748, -0.7833184073655637958, -0.01668159263443506554 ) ) ;
#314 = VERTEX_POINT ( 'NONE', #1761 ) ;
#315 = DIRECTION ( 'NONE',  ( -0.000000000000000000, 0.000000000000000000, 1.000000000000000000 ) ) ;
#316 = AXIS2_PLACEMENT_3D ( 'NONE', #1860, #1063, #1360 ) ;
#317 = EDGE_CURVE ( 'NONE', #314, #27, #1579, .T. ) ;
#318 = DIRECTION ( 'NONE',  ( 0.000000000000000000, 0.7071067811865504593, -0.7071067811865445751 ) ) ;
#319 = ORIENTED_EDGE ( 'NONE', *, *, #752, .T. ) ;
#320 = CARTESIAN_POINT ( 'NONE',  ( 0.2879016475839373257, 0.7830243093509580143, -0.01697569064904128761 ) ) ;
#321 = AXIS2_PLACEMENT_3D ( 'NONE', #979, #359, #1631 ) ;
#322 = VERTEX_POINT ( 'NONE', #323 ) ;
#323 = CARTESIAN_POINT ( 'NONE',  ( -0.3500000000000000333, 0.6933333333333333570, 0.000000000000000000 ) ) ;
#324 = EDGE_CURVE ( 'NONE', #482, #1877, #1740, .T. ) ;
#325 = CARTESIAN_POINT ( 'NONE',  ( 0.2866666666666665142, -0.6933333333333331350, -0.05999999999999999778 ) ) ;
#326 = LINE ( 'NONE', #942, #1834 ) ;
#327 = CARTESIAN_POINT ( 'NONE',  ( 0.9680000000000005267, 0.6933333333333335791, 1.139999999999999902 ) ) ;
#328 = ORIENTED_EDGE ( 'NONE', *, *, #565, .T. ) ;
#329 = DIRECTION ( 'NONE',  ( 0.000000000000000000, -0.000000000000000000, 1.000000000000000000 ) ) ;
#330 = AXIS2_PLACEMENT_3D ( 'NONE', #546, #369, #671 ) ;
#331 = ORIENTED_EDGE ( 'NONE', *, *, #2015, .F. ) ;
#332 = B_SPLINE_CURVE_WITH_KNOTS ( 'NONE', 3,
 ( #266, #613, #278, #745, #1880, #447 ),
 .UNSPECIFIED., .F., .F.,
 ( 4, 2, 4 ),
 ( 0.000000000000000000, 7.686760822228446192E-05, 0.0001537352164445689238 ),
 .UNSPECIFIED. ) ;
#333 = CARTESIAN_POINT ( 'NONE',  ( -0.3377380311288836756, 0.8000000000000001554, -1.799945012915382982E-17 ) ) ;
#334 = AXIS2_PLACEMENT_3D ( 'NONE', #799, #632, #1920 ) ;
#335 = CARTESIAN_POINT ( 'NONE',  ( 0.2400000000000004075, -0.6933333333333332460, -0.05999999999999999778 ) ) ;
#336 = DIRECTION ( 'NONE',  ( -0.7071067811865445751, 0.000000000000000000, 0.7071067811865504593 ) ) ;
#337 = EDGE_CURVE ( 'NONE', #58, #1533, #2007, .T. ) ;
#338 = DIRECTION ( 'NONE',  ( 1.000000000000000000, 0.000000000000000000, 0.000000000000000000 ) ) ;
#339 = CARTESIAN_POINT ( 'NONE',  ( 0.2866666666666667362, 0.7400000000000002132, -0.05999999999999999778 ) ) ;
#340 = ORIENTED_EDGE ( 'NONE', *, *, #298, .T. ) ;
#341 = DIRECTION ( 'NONE',  ( 1.355252715606880543E-16, 1.000000000000000000, 0.000000000000000000 ) ) ;
#342 = AXIS2_PLACEMENT_3D ( 'NONE', #8, #1943, #1959 ) ;
#343 = VERTEX_POINT ( 'NONE', #1595 ) ;
#344 = PLANE ( 'NONE',  #1004 ) ;
#345 = AXIS2_PLACEMENT_3D ( 'NONE', #169, #1129, #1450 ) ;
#346 = EDGE_LOOP ( 'NONE', ( #476, #512, #1183, #1096 ) ) ;
#347 = CARTESIAN_POINT ( 'NONE',  ( -0.2885237633577773519, 0.7833184073655633517, -0.01668159263443596760 ) ) ;
#348 = CARTESIAN_POINT ( 'NONE',  ( 0.2399999999999998523, -0.6933333333333332460, 0.000000000000000000 ) ) ;
#349 = CARTESIAN_POINT ( 'NONE',  ( 0.3500000000000001443, -0.6933333333333333570, 0.05999999999999999778 ) ) ;
#350 = VERTEX_POINT ( 'NONE', #466 ) ;
#351 = EDGE_CURVE ( 'NONE', #2005, #1084, #1420, .T. ) ;
#352 = CARTESIAN_POINT ( 'NONE',  ( -0.3033333333333333437, 0.7399999999999999911, 0.05999999999999999778 ) ) ;
#353 = VECTOR ( 'NONE', #1438, 1000.000000000000000 ) ;
#354 = ORIENTED_EDGE ( 'NONE', *, *, #139, .T. ) ;
#355 = CIRCLE ( 'NONE', #458, 0.1315194804090513703 ) ;
#356 = LINE ( 'NONE', #813, #1078 ) ;
#357 = LINE ( 'NONE', #199, #842 ) ;
#358 = EDGE_CURVE ( 'NONE', #454, #393, #1575, .T. ) ;
#359 = DIRECTION ( 'NONE',  ( 0.000000000000000000, -1.000000000000000000, 0.000000000000000000 ) ) ;
#360 = FACE_OUTER_BOUND ( 'NONE', #1516, .T. ) ;
#361 = DIRECTION ( 'NONE',  ( 0.000000000000000000, 0.000000000000000000, 1.000000000000000000 ) ) ;
#362 = EDGE_CURVE ( 'NONE', #2011, #1326, #390, .T. ) ;
#363 = EDGE_LOOP ( 'NONE', ( #1859, #163, #1209, #515 ) ) ;
#364 = DIRECTION ( 'NONE',  ( 0.000000000000000000, 0.000000000000000000, -1.000000000000000000 ) ) ;
#365 = CIRCLE ( 'NONE', #596, 0.07466666666666721408 ) ;
#366 = LINE ( 'NONE', #1328, #542 ) ;
#367 = PLANE ( 'NONE',  #1153 ) ;
#368 = PRODUCT_DEFINITION_FORMATION_WITH_SPECIFIED_SOURCE ( 'ANY', '', #1292, .NOT_KNOWN. ) ;
#369 = DIRECTION ( 'NONE',  ( 0.000000000000000000, -0.000000000000000000, -1.000000000000000000 ) ) ;
#370 = DIRECTION ( 'NONE',  ( 0.7071067811865426878, 0.000000000000000000, -0.7071067811865522357 ) ) ;
#371 = ORIENTED_EDGE ( 'NONE', *, *, #1077, .T. ) ;
#372 = CARTESIAN_POINT ( 'NONE',  ( -0.3121328034745403102, 0.8000000000000002665, -0.005406743669103201977 ) ) ;
#373 = LINE ( 'NONE', #1010, #1674 ) ;
#374 = PRODUCT ( 'body_\X2\9ed88ba4\X0\', 'body_\X2\9ed88ba4\X0\', '', ( #288 ) ) ;
#375 = DIRECTION ( 'NONE',  ( 0.000000000000000000, -0.000000000000000000, 1.000000000000000000 ) ) ;
#376 = DIRECTION ( 'NONE',  ( 1.000000000000000000, 0.000000000000000000, 0.000000000000000000 ) ) ;
#377 = LINE ( 'NONE', #411, #1890 ) ;
#378 = ADVANCED_FACE ( 'NONE', ( #938 ), #165, .F. ) ;
#379 = UNCERTAINTY_MEASURE_WITH_UNIT (LENGTH_MEASURE( 1.000000000000000082E-05 ), #939, 'distance_accuracy_value', 'NONE');
#380 = ORIENTED_EDGE ( 'NONE', *, *, #1228, .F. ) ;
#381 = DIRECTION ( 'NONE',  ( 1.000000000000000000, 0.000000000000000000, 0.000000000000000000 ) ) ;
#382 = CIRCLE ( 'NONE', #85, 0.04666666666666669655 ) ;
#383 = VECTOR ( 'NONE', #2042, 1000.000000000000000 ) ;
#384 = EDGE_LOOP ( 'NONE', ( #340, #1940, #676, #1560 ) ) ;
#385 = CARTESIAN_POINT ( 'NONE',  ( -0.2400000000000001299, 3.252606517456515151E-17, 0.000000000000000000 ) ) ;
#386 = VECTOR ( 'NONE', #1812, 1000.000000000000000 ) ;
#387 = EDGE_CURVE ( 'NONE', #1301, #247, #917, .T. ) ;
#388 = DIRECTION ( 'NONE',  ( -1.000000000000000000, 0.000000000000000000, 0.000000000000000000 ) ) ;
#389 = ORIENTED_EDGE ( 'NONE', *, *, #1024, .F. ) ;
#390 = B_SPLINE_CURVE_WITH_KNOTS ( 'NONE', 3,
 ( #1716, #137, #477, #293, #627, #1750, #1, #948, #637, #1230 ),
 .UNSPECIFIED., .F., .F.,
 ( 4, 3, 3, 4 ),
 ( 5.458097632774659499E-20, 4.290691325515501748E-05, 7.937652554384090186E-05, 8.162155068491438634E-05 ),
 .UNSPECIFIED. ) ;
#391 = DIRECTION ( 'NONE',  ( 0.000000000000000000, 0.000000000000000000, -1.000000000000000000 ) ) ;
#392 = CARTESIAN_POINT ( 'NONE',  ( -0.3033333333333333437, 0.7399999999999999911, 0.05999999999999999778 ) ) ;
#393 = VERTEX_POINT ( 'NONE', #1917 ) ;
#394 = LINE ( 'NONE', #725, #980 ) ;
#395 = ORIENTED_EDGE ( 'NONE', *, *, #54, .T. ) ;
#396 = CARTESIAN_POINT ( 'NONE',  ( -0.2400000000000002132, -0.6933333333333332460, 0.000000000000000000 ) ) ;
#397 = AXIS2_PLACEMENT_3D ( 'NONE', #743, #2006, #1684 ) ;
#398 = ORIENTED_EDGE ( 'NONE', *, *, #966, .F. ) ;
#399 = EDGE_CURVE ( 'NONE', #977, #1388, #1884, .T. ) ;
#400 = CARTESIAN_POINT ( 'NONE',  ( -0.8933333333333333126, 0.6933333333333335791, 1.108000000000000096 ) ) ;
#401 = DIRECTION ( 'NONE',  ( -0.7071067811865501263, 9.583083854271123492E-17, -0.7071067811865450192 ) ) ;
#402 =( LENGTH_UNIT ( ) NAMED_UNIT ( * ) SI_UNIT ( .MILLI., .METRE. ) );
#403 = ORIENTED_EDGE ( 'NONE', *, *, #1598, .T. ) ;
#404 = DIRECTION ( 'NONE',  ( 0.000000000000000000, -0.000000000000000000, -1.000000000000000000 ) ) ;
#405 = EDGE_LOOP ( 'NONE', ( #1147, #1736, #496, #564 ) ) ;
#406 = CARTESIAN_POINT ( 'NONE',  ( 0.2097277561643139387, 0.8000000000000002665, 0.000000000000000000 ) ) ;
#407 = FILL_AREA_STYLE_COLOUR ( '', #1954 ) ;
#408 = ORIENTED_EDGE ( 'NONE', *, *, #876, .T. ) ;
#409 = MECHANICAL_DESIGN_GEOMETRIC_PRESENTATION_REPRESENTATION (  '', ( #1374 ), #1242 ) ;
#410 = DIRECTION ( 'NONE',  ( -1.000000000000000000, 0.000000000000000000, 0.000000000000000000 ) ) ;
#411 = CARTESIAN_POINT ( 'NONE',  ( -0.9400000000000002798, -0.6933333333333331350, -0.05999999999999999778 ) ) ;
#412 = DIRECTION ( 'NONE',  ( 1.098853553194768041E-16, -1.000000000000000000, 0.000000000000000000 ) ) ;
#413 = APPLICATION_PROTOCOL_DEFINITION ( 'draft international standard', 'automotive_design', 1998, #900 ) ;
#414 = DIRECTION ( 'NONE',  ( 0.000000000000000000, 0.000000000000000000, -1.000000000000000000 ) ) ;
#415 = ORIENTED_EDGE ( 'NONE', *, *, #1796, .F. ) ;
#416 = DIRECTION ( 'NONE',  ( 0.000000000000000000, -0.000000000000000000, -1.000000000000000000 ) ) ;
#417 = ORIENTED_EDGE ( 'NONE', *, *, #1435, .T. ) ;
#418 =( NAMED_UNIT ( * ) PLANE_ANGLE_UNIT ( ) SI_UNIT ( $, .RADIAN. ) );
#419 = VERTEX_POINT ( 'NONE', #775 ) ;
#420 = EDGE_CURVE ( 'NONE', #1270, #662, #1097, .T. ) ;
#421 =( GEOMETRIC_REPRESENTATION_CONTEXT ( 3 ) GLOBAL_UNCERTAINTY_ASSIGNED_CONTEXT ( ( #234 ) ) GLOBAL_UNIT_ASSIGNED_CONTEXT ( ( #1876, #753, #1863 ) ) REPRESENTATION_CONTEXT ( 'NONE', 'WORKASPACE' ) );
#422 = CARTESIAN_POINT ( 'NONE',  ( -0.8933333333333328685, -0.6933333333333331350, 1.108000000000000096 ) ) ;
#423 = PLANE ( 'NONE',  #883 ) ;
#424 = ORIENTED_EDGE ( 'NONE', *, *, #399, .F. ) ;
#425 = FACE_OUTER_BOUND ( 'NONE', #1381, .T. ) ;
#426 = EDGE_CURVE ( 'NONE', #1447, #1950, #675, .T. ) ;
#427 = ORIENTED_EDGE ( 'NONE', *, *, #1837, .T. ) ;
#428 = DIRECTION ( 'NONE',  ( -1.355252715606880543E-16, -1.000000000000000000, 0.000000000000000000 ) ) ;
#429 = ORIENTED_EDGE ( 'NONE', *, *, #1210, .F. ) ;
#430 = AXIS2_PLACEMENT_3D ( 'NONE', #1322, #837, #1490 ) ;
#431 = CARTESIAN_POINT ( 'NONE',  ( -0.2866666666666667362, 0.7400000000000001021, 0.000000000000000000 ) ) ;
#432 = DIRECTION ( 'NONE',  ( -1.355252715606880543E-16, -1.000000000000000000, 0.000000000000000000 ) ) ;
#433 = AXIS2_PLACEMENT_3D ( 'NONE', #1212, #1858, #123 ) ;
#434 = DIRECTION ( 'NONE',  ( 0.000000000000000000, 1.000000000000000000, 0.000000000000000000 ) ) ;
#435 = ORIENTED_EDGE ( 'NONE', *, *, #337, .F. ) ;
#436 = LINE ( 'NONE', #625, #1052 ) ;
#437 = EDGE_LOOP ( 'NONE', ( #1518, #2017, #1537, #965, #1418 ) ) ;
#438 = EDGE_CURVE ( 'NONE', #1326, #343, #777, .T. ) ;
#439 = DIRECTION ( 'NONE',  ( -0.7071067811865426878, 0.000000000000000000, -0.7071067811865522357 ) ) ;
#440 = ADVANCED_FACE ( 'NONE', ( #31 ), #1448, .T. ) ;
#441 =( LENGTH_UNIT ( ) NAMED_UNIT ( * ) SI_UNIT ( .MILLI., .METRE. ) );
#442 = VERTEX_POINT ( 'NONE', #826 ) ;
#443 = DIRECTION ( 'NONE',  ( -1.000000000000000000, 0.000000000000000000, 0.000000000000000000 ) ) ;
#444 = AXIS2_PLACEMENT_3D ( 'NONE', #793, #1271, #487 ) ;
#445 = PRODUCT_DEFINITION_CONTEXT ( 'detailed design', #1253, 'design' ) ;
#446 = DIRECTION ( 'NONE',  ( 0.000000000000000000, 0.000000000000000000, 1.000000000000000000 ) ) ;
#447 = CARTESIAN_POINT ( 'NONE',  ( 0.3636055771690187566, -0.7999999999999998224, 1.081395352209268300E-15 ) ) ;
#448 = EDGE_LOOP ( 'NONE', ( #1042, #1422, #354, #1069 ) ) ;
#449 = CARTESIAN_POINT ( 'NONE',  ( -9.784263507796013760E-17, -0.7399999999999998801, -0.05999999999999999778 ) ) ;
#450 = EDGE_CURVE ( 'NONE', #915, #1562, #1617, .T. ) ;
#451 = ORIENTED_EDGE ( 'NONE', *, *, #1682, .T. ) ;
#452 = DIRECTION ( 'NONE',  ( 1.000000000000000000, 0.000000000000000000, 0.000000000000000000 ) ) ;
#453 = SHAPE_REPRESENTATION_RELATIONSHIP ( 'NONE' , 'NONE' ,  #158, #1731 ) ;
#454 = VERTEX_POINT ( 'NONE', #1926 ) ;
#455 = EDGE_CURVE ( 'NONE', #923, #1388, #356, .T. ) ;
#456 = AXIS2_PLACEMENT_3D ( 'NONE', #268, #1701, #134 ) ;
#457 = ADVANCED_FACE ( 'NONE', ( #1801 ), #344, .T. ) ;
#458 = AXIS2_PLACEMENT_3D ( 'NONE', #734, #222, #212 ) ;
#459 = AXIS2_PLACEMENT_3D ( 'NONE', #1946, #670, #210 ) ;
#460 = DIRECTION ( 'NONE',  ( -0.000000000000000000, 0.000000000000000000, 1.000000000000000000 ) ) ;
#461 = PLANE ( 'NONE',  #118 ) ;
#462 = CARTESIAN_POINT ( 'NONE',  ( 0.3033333333333331772, 0.7399999999999999911, 0.05999999999999999778 ) ) ;
#463 = ORIENTED_EDGE ( 'NONE', *, *, #1504, .F. ) ;
#464 = DIRECTION ( 'NONE',  ( -1.355252715606880543E-16, -1.000000000000000000, -0.000000000000000000 ) ) ;
#465 = ORIENTED_EDGE ( 'NONE', *, *, #231, .T. ) ;
#466 = CARTESIAN_POINT ( 'NONE',  ( -0.3636055771690188676, 0.8000000000000002665, 1.081395352209268300E-15 ) ) ;
#467 = CYLINDRICAL_SURFACE ( 'NONE', #42, 0.04666666666666664798 ) ;
#468 = LINE ( 'NONE', #1589, #62 ) ;
#469 = ADVANCED_FACE ( 'NONE', ( #1647 ), #1539, .T. ) ;
#470 = CARTESIAN_POINT ( 'NONE',  ( 0.000000000000000000, 0.000000000000000000, 0.05999999999999999778 ) ) ;
#471 = CIRCLE ( 'NONE', #860, 0.1066666666666665902 ) ;
#472 = DIRECTION ( 'NONE',  ( -0.000000000000000000, -0.000000000000000000, -1.000000000000000000 ) ) ;
#473 = ORIENTED_EDGE ( 'NONE', *, *, #1796, .T. ) ;
#474 = CIRCLE ( 'NONE', #1632, 0.1066666666666666874 ) ;
#475 = FACE_OUTER_BOUND ( 'NONE', #1277, .T. ) ;
#476 = ORIENTED_EDGE ( 'NONE', *, *, #106, .T. ) ;
#477 = CARTESIAN_POINT ( 'NONE',  ( 0.3348274912427136596, -0.7982023657113216375, -0.001797634288677130154 ) ) ;
#478 = AXIS2_PLACEMENT_3D ( 'NONE', #1573, #898, #612 ) ;
#479 = CARTESIAN_POINT ( 'NONE',  ( 0.8933333333333334236, 0.6933333333333335791, -0.05999999999999999778 ) ) ;
#480 = EDGE_CURVE ( 'NONE', #1728, #1914, #1809, .T. ) ;
#481 = SURFACE_STYLE_USAGE ( .BOTH. , #492 ) ;
#482 = VERTEX_POINT ( 'NONE', #804 ) ;
#483 = VECTOR ( 'NONE', #452, 1000.000000000000000 ) ;
#484 = LINE ( 'NONE', #747, #1923 ) ;
#485 = AXIS2_PLACEMENT_3D ( 'NONE', #305, #1608, #928 ) ;
#486 = EDGE_LOOP ( 'NONE', ( #415, #328, #310, #1565 ) ) ;
#487 = DIRECTION ( 'NONE',  ( -1.000000000000000000, 0.000000000000000000, 0.000000000000000000 ) ) ;
#488 = CARTESIAN_POINT ( 'NONE',  ( -0.8933333333333334236, 0.6933333333333335791, -0.05999999999999999778 ) ) ;
#489 = PRODUCT_RELATED_PRODUCT_CATEGORY ( 'part', '', ( #374 ) ) ;
#490 = DIRECTION ( 'NONE',  ( -1.000000000000000000, 0.000000000000000000, 0.000000000000000000 ) ) ;
#491 = VECTOR ( 'NONE', #924, 1000.000000000000000 ) ;
#492 = SURFACE_SIDE_STYLE ('',( #172 ) ) ;
#493 = ORIENTED_EDGE ( 'NONE', *, *, #1489, .T. ) ;
#494 = CARTESIAN_POINT ( 'NONE',  ( 0.9399999999999998357, -0.6933333333333332460, 0.000000000000000000 ) ) ;
#495 = CIRCLE ( 'NONE', #459, 0.1315194804090513980 ) ;
#496 = ORIENTED_EDGE ( 'NONE', *, *, #1443, .F. ) ;
#497 = EDGE_CURVE ( 'NONE', #343, #1877, #532, .T. ) ;
#498 = FACE_OUTER_BOUND ( 'NONE', #486, .T. ) ;
#499 = LINE ( 'NONE', #1431, #209 ) ;
#500 = CARTESIAN_POINT ( 'NONE',  ( 0.3636055771690188676, 0.8000000000000002665, 1.081395352209268300E-15 ) ) ;
#501 = LINE ( 'NONE', #1257, #1665 ) ;
#502 = DIRECTION ( 'NONE',  ( 0.000000000000000000, 1.000000000000000000, 0.000000000000000000 ) ) ;
#503 = VERTEX_POINT ( 'NONE', #1291 ) ;
#504 = CARTESIAN_POINT ( 'NONE',  ( 0.2097277561643139387, 0.8000000000000002665, 0.000000000000000000 ) ) ;
#505 = AXIS2_PLACEMENT_3D ( 'NONE', #866, #1797, #1481 ) ;
#506 = ORIENTED_EDGE ( 'NONE', *, *, #480, .F. ) ;
#507 = CARTESIAN_POINT ( 'NONE',  ( -0.8933333333333328685, -0.7999999999999998224, 1.084202172485504434E-15 ) ) ;
#508 = DIRECTION ( 'NONE',  ( 1.000000000000000000, 0.000000000000000000, 0.000000000000000000 ) ) ;
#509 = ADVANCED_FACE ( 'NONE', ( #498 ), #1503, .T. ) ;
#510 = VECTOR ( 'NONE', #391, 1000.000000000000000 ) ;
#511 = DIRECTION ( 'NONE',  ( -1.000000000000000000, 0.000000000000000000, 0.000000000000000000 ) ) ;
#512 = ORIENTED_EDGE ( 'NONE', *, *, #691, .F. ) ;
#513 = DIRECTION ( 'NONE',  ( -1.000000000000000000, 0.000000000000000000, 0.000000000000000000 ) ) ;
#514 = AXIS2_PLACEMENT_3D ( 'NONE', #282, #617, #608 ) ;
#515 = ORIENTED_EDGE ( 'NONE', *, *, #936, .F. ) ;
#516 = ADVANCED_FACE ( 'NONE', ( #1770 ), #189, .F. ) ;
#517 = DIRECTION ( 'NONE',  ( 0.000000000000000000, 1.000000000000000000, 0.000000000000000000 ) ) ;
#518 = CIRCLE ( 'NONE', #2046, 0.04666666666666666879 ) ;
#519 = DIRECTION ( 'NONE',  ( 1.000000000000000000, 0.000000000000000000, 0.000000000000000000 ) ) ;
#520 = EDGE_CURVE ( 'NONE', #1521, #985, #1629, .T. ) ;
#521 = DIRECTION ( 'NONE',  ( 0.7071067811865440200, 0.000000000000000000, 0.7071067811865511255 ) ) ;
#522 = CARTESIAN_POINT ( 'NONE',  ( -0.9399999999999991696, -2.547875105340932955E-16, -0.05999999999999999778 ) ) ;
#523 = AXIS2_PLACEMENT_3D ( 'NONE', #522, #1673, #1491 ) ;
#524 = EDGE_LOOP ( 'NONE', ( #1838, #1835, #748, #195 ) ) ;
#525 = CIRCLE ( 'NONE', #1550, 0.04666666666666666879 ) ;
#526 = LINE ( 'NONE', #1157, #871 ) ;
#527 = CARTESIAN_POINT ( 'NONE',  ( -0.3500000000000000333, 0.7399999999999999911, 0.000000000000000000 ) ) ;
#528 = EDGE_CURVE ( 'NONE', #1533, #350, #1138, .T. ) ;
#529 = FACE_OUTER_BOUND ( 'NONE', #142, .T. ) ;
#530 = DIRECTION ( 'NONE',  ( 1.465138070926357470E-16, -1.000000000000000000, 0.000000000000000000 ) ) ;
#531 = VERTEX_POINT ( 'NONE', #507 ) ;
#532 = LINE ( 'NONE', #655, #177 ) ;
#533 = DIRECTION ( 'NONE',  ( 0.000000000000000000, 1.000000000000000000, 0.000000000000000000 ) ) ;
#534 = CARTESIAN_POINT ( 'NONE',  ( 0.3636055771690187566, -0.7999999999999998224, 1.081395352209268300E-15 ) ) ;
#535 = EDGE_CURVE ( 'NONE', #1979, #1987, #1137, .T. ) ;
#536 = DIRECTION ( 'NONE',  ( 0.000000000000000000, 0.000000000000000000, 1.000000000000000000 ) ) ;
#537 = CARTESIAN_POINT ( 'NONE',  ( -1.000000000000000000, 0.6933333333333335791, 1.108000000000000096 ) ) ;
#538 = ORIENTED_EDGE ( 'NONE', *, *, #1443, .T. ) ;
#539 = CARTESIAN_POINT ( 'NONE',  ( -0.8933333333333333126, 0.6933333333333335791, 1.139999999999999902 ) ) ;
#540 = EDGE_CURVE ( 'NONE', #1594, #531, #526, .T. ) ;
#541 = PLANE ( 'NONE',  #1333 ) ;
#542 = VECTOR ( 'NONE', #815, 1000.000000000000000 ) ;
#543 = DIRECTION ( 'NONE',  ( 0.000000000000000000, 0.000000000000000000, 1.000000000000000000 ) ) ;
#544 = ORIENTED_EDGE ( 'NONE', *, *, #1515, .F. ) ;
#545 = PRODUCT_DEFINITION ( 'UNKNOWN', '', #368, #67 ) ;
#546 = CARTESIAN_POINT ( 'NONE',  ( 0.2866666666666668473, 0.6933333333333335791, -0.01757359312880732785 ) ) ;
#547 = DIRECTION ( 'NONE',  ( -0.000000000000000000, 0.000000000000000000, 1.000000000000000000 ) ) ;
#548 = DIRECTION ( 'NONE',  ( 1.000000000000000000, 0.000000000000000000, 0.000000000000000000 ) ) ;
#549 = ORIENTED_EDGE ( 'NONE', *, *, #167, .F. ) ;
#550 = DIRECTION ( 'NONE',  ( -1.000000000000000000, 0.000000000000000000, 0.000000000000000000 ) ) ;
#551 = AXIS2_PLACEMENT_3D ( 'NONE', #539, #91, #1172 ) ;
#552 = AXIS2_PLACEMENT_3D ( 'NONE', #1190, #401, #1854 ) ;
#553 = EDGE_CURVE ( 'NONE', #579, #1376, #1041, .T. ) ;
#554 = ORIENTED_EDGE ( 'NONE', *, *, #1644, .T. ) ;
#555 = DIRECTION ( 'NONE',  ( -0.000000000000000000, 0.000000000000000000, 1.000000000000000000 ) ) ;
#556 = EDGE_LOOP ( 'NONE', ( #1715, #1624, #595, #858 ) ) ;
#557 = CARTESIAN_POINT ( 'NONE',  ( 1.000000000000000000, -0.6933333333333332460, 1.084202172485504434E-15 ) ) ;
#558 = PLANE ( 'NONE',  #552 ) ;
#559 = ORIENTED_EDGE ( 'NONE', *, *, #1555, .T. ) ;
#560 = DIRECTION ( 'NONE',  ( 1.000000000000000000, 0.000000000000000000, 0.000000000000000000 ) ) ;
#561 = ORIENTED_EDGE ( 'NONE', *, *, #1121, .F. ) ;
#562 = DIRECTION ( 'NONE',  ( -0.000000000000000000, -0.000000000000000000, 1.000000000000000000 ) ) ;
#563 = SURFACE_SIDE_STYLE ('',( #1208 ) ) ;
#564 = ORIENTED_EDGE ( 'NONE', *, *, #1555, .F. ) ;
#565 = EDGE_CURVE ( 'NONE', #1017, #314, #1143, .T. ) ;
#566 = LINE ( 'NONE', #97, #1359 ) ;
#567 = DIRECTION ( 'NONE',  ( 0.000000000000000000, -0.000000000000000000, -1.000000000000000000 ) ) ;
#568 = CARTESIAN_POINT ( 'NONE',  ( 0.8933333333333333126, -0.6933333333333332460, 1.139999999999999902 ) ) ;
#569 = ORIENTED_EDGE ( 'NONE', *, *, #520, .T. ) ;
#570 = CARTESIAN_POINT ( 'NONE',  ( -0.8933333333333328685, -0.7999999999999998224, 1.108000000000000096 ) ) ;
#571 = EDGE_CURVE ( 'NONE', #1699, #2005, #1410, .T. ) ;
#572 = ORIENTED_EDGE ( 'NONE', *, *, #1485, .F. ) ;
#573 = LINE ( 'NONE', #1509, #1714 ) ;
#574 = CONICAL_SURFACE ( 'NONE', #940, 0.07466666666666721408, 0.7853981633974412846 ) ;
#575 = EDGE_LOOP ( 'NONE', ( #1808, #173, #803, #884 ) ) ;
#576 = VECTOR ( 'NONE', #619, 1000.000000000000000 ) ;
#577 = EDGE_CURVE ( 'NONE', #1948, #1447, #224, .T. ) ;
#578 = PLANE ( 'NONE',  #433 ) ;
#579 = VERTEX_POINT ( 'NONE', #1484 ) ;
#580 = DIRECTION ( 'NONE',  ( 1.000000000000000000, 0.000000000000000000, 0.000000000000000000 ) ) ;
#581 = ORIENTED_EDGE ( 'NONE', *, *, #1727, .F. ) ;
#582 = DIRECTION ( 'NONE',  ( -0.000000000000000000, 0.000000000000000000, 1.000000000000000000 ) ) ;
#583 = VECTOR ( 'NONE', #859, 1000.000000000000000 ) ;
#584 = ORIENTED_EDGE ( 'NONE', *, *, #202, .F. ) ;
#585 = PRESENTATION_LAYER_ASSIGNMENT (  '', '', ( #755 ) ) ;
#586 = CARTESIAN_POINT ( 'NONE',  ( -0.3033333333333333437, 0.6933333333333333570, 0.000000000000000000 ) ) ;
#587 = LINE ( 'NONE', #599, #1015 ) ;
#588 = UNCERTAINTY_MEASURE_WITH_UNIT (LENGTH_MEASURE( 1.000000000000000082E-05 ), #402, 'distance_accuracy_value', 'NONE');
#589 = APPLICATION_PROTOCOL_DEFINITION ( 'draft international standard', 'automotive_design', 1998, #1253 ) ;
#590 = DIRECTION ( 'NONE',  ( -1.000000000000000000, 0.000000000000000000, 0.000000000000000000 ) ) ;
#591 = ORIENTED_EDGE ( 'NONE', *, *, #119, .F. ) ;
#592 = PLANE ( 'NONE',  #1819 ) ;
#593 = EDGE_LOOP ( 'NONE', ( #1554, #1916, #946, #712 ) ) ;
#594 = DIRECTION ( 'NONE',  ( 1.000000000000000000, 0.000000000000000000, 0.000000000000000000 ) ) ;
#595 = ORIENTED_EDGE ( 'NONE', *, *, #1898, .F. ) ;
#596 = AXIS2_PLACEMENT_3D ( 'NONE', #1179, #1947, #1956 ) ;
#597 = ADVANCED_FACE ( 'NONE', ( #1678 ), #2012, .T. ) ;
#598 = CYLINDRICAL_SURFACE ( 'NONE', #929, 0.04666666666666669655 ) ;
#599 = CARTESIAN_POINT ( 'NONE',  ( 0.8933333333333332016, 0.8000000000000002665, 1.108000000000000096 ) ) ;
#600 = MECHANICAL_DESIGN_GEOMETRIC_PRESENTATION_REPRESENTATION (  '', ( #995 ), #1805 ) ;
#601 = CONTEXT_DEPENDENT_SHAPE_REPRESENTATION ( #1765, #1475 ) ;
#602 = CARTESIAN_POINT ( 'NONE',  ( 0.9999999999999997780, -0.7399999999999997691, -0.05999999999999999778 ) ) ;
#603 = ORIENTED_EDGE ( 'NONE', *, *, #1241, .F. ) ;
#604 = DIRECTION ( 'NONE',  ( 0.000000000000000000, -0.000000000000000000, -1.000000000000000000 ) ) ;
#605 = ADVANCED_FACE ( 'NONE', ( #1193 ), #246, .T. ) ;
#606 = ORIENTED_EDGE ( 'NONE', *, *, #351, .T. ) ;
#607 = EDGE_CURVE ( 'NONE', #58, #987, #1226, .T. ) ;
#608 = DIRECTION ( 'NONE',  ( -1.000000000000000000, 1.355252715606880543E-16, 0.000000000000000000 ) ) ;
#609 = ORIENTED_EDGE ( 'NONE', *, *, #1008, .T. ) ;
#610 = AXIS2_PLACEMENT_3D ( 'NONE', #1148, #1126, #666 ) ;
#611 = CARTESIAN_POINT ( 'NONE',  ( -0.8933333333333328685, -0.7999999999999998224, 1.139999999999999902 ) ) ;
#612 = DIRECTION ( 'NONE',  ( 1.000000000000000000, 0.000000000000000000, 0.000000000000000000 ) ) ;
#613 = CARTESIAN_POINT ( 'NONE',  ( 0.2353550398798428256, -0.7999999999999998224, 1.012469069764905566E-17 ) ) ;
#614 = ORIENTED_EDGE ( 'NONE', *, *, #528, .T. ) ;
#615 = DIRECTION ( 'NONE',  ( 0.000000000000000000, -1.000000000000000000, 0.000000000000000000 ) ) ;
#616 = ORIENTED_EDGE ( 'NONE', *, *, #983, .F. ) ;
#617 = DIRECTION ( 'NONE',  ( 1.355252715606880543E-16, 1.000000000000000000, 0.000000000000000000 ) ) ;
#618 = EDGE_CURVE ( 'NONE', #1931, #579, #713, .T. ) ;
#619 = DIRECTION ( 'NONE',  ( -0.000000000000000000, 0.000000000000000000, -1.000000000000000000 ) ) ;
#620 = CIRCLE ( 'NONE', #951, 0.04666666666666669655 ) ;
#621 = VECTOR ( 'NONE', #590, 1000.000000000000000 ) ;
#622 = DIRECTION ( 'NONE',  ( -0.7071067811865445751, 0.000000000000000000, -0.7071067811865504593 ) ) ;
#623 = DIRECTION ( 'NONE',  ( 0.000000000000000000, 1.000000000000000000, 0.000000000000000000 ) ) ;
#624 = ORIENTED_EDGE ( 'NONE', *, *, #1598, .F. ) ;
#625 = CARTESIAN_POINT ( 'NONE',  ( -0.3500000000000000333, 0.7399999999999999911, 0.05999999999999999778 ) ) ;
#626 = EDGE_LOOP ( 'NONE', ( #69, #709, #1185, #1075, #38 ) ) ;
#627 = CARTESIAN_POINT ( 'NONE',  ( 0.3097625787188511559, -0.7920791201770348566, -0.007920879822963928368 ) ) ;
#628 = EDGE_CURVE ( 'NONE', #955, #1385, #880, .T. ) ;
#629 = CARTESIAN_POINT ( 'NONE',  ( 0.8933333333333332016, -0.7999999999999998224, 1.108000000000000096 ) ) ;
#630 = CYLINDRICAL_SURFACE ( 'NONE', #1762, 0.04666666666666669655 ) ;
#631 = AXIS2_PLACEMENT_3D ( 'NONE', #108, #1400, #1378 ) ;
#632 = DIRECTION ( 'NONE',  ( -0.000000000000000000, -0.000000000000000000, 1.000000000000000000 ) ) ;
#633 = ORIENTED_EDGE ( 'NONE', *, *, #1030, .F. ) ;
#634 = CIRCLE ( 'NONE', #64, 0.04666666666666664798 ) ;
#635 = CARTESIAN_POINT ( 'NONE',  ( -0.9999999999999995559, -0.6933333333333332460, 1.139999999999999902 ) ) ;
#636 = ORIENTED_EDGE ( 'NONE', *, *, #809, .F. ) ;
#637 = CARTESIAN_POINT ( 'NONE',  ( 0.2872856988970373671, -0.7827237403693148021, -0.01727625963068417370 ) ) ;
#638 = ADVANCED_FACE ( 'NONE', ( #425 ), #2040, .T. ) ;
#639 = DIRECTION ( 'NONE',  ( -1.355252715606880543E-16, -1.000000000000000000, 0.000000000000000000 ) ) ;
#640 = DIRECTION ( 'NONE',  ( -1.355252715606880543E-16, -1.000000000000000000, 0.000000000000000000 ) ) ;
#641 = EDGE_CURVE ( 'NONE', #1711, #1259, #1282, .T. ) ;
#642 = DIRECTION ( 'NONE',  ( 0.000000000000000000, -0.000000000000000000, 1.000000000000000000 ) ) ;
#643 = ORIENTED_EDGE ( 'NONE', *, *, #723, .F. ) ;
#644 = AXIS2_PLACEMENT_3D ( 'NONE', #997, #1457, #1440 ) ;
#645 = CARTESIAN_POINT ( 'NONE',  ( 0.8933333333333332016, 0.8000000000000002665, 1.108000000000000096 ) ) ;
#646 = ORIENTED_EDGE ( 'NONE', *, *, #1593, .T. ) ;
#647 = DIRECTION ( 'NONE',  ( 0.000000000000000000, -0.000000000000000000, -1.000000000000000000 ) ) ;
#648 = FACE_OUTER_BOUND ( 'NONE', #1924, .T. ) ;
#649 = CONICAL_SURFACE ( 'NONE', #456, 0.07466666666666721408, 0.7853981633974412846 ) ;
#650 = CIRCLE ( 'NONE', #1793, 0.04666666666666669655 ) ;
#651 =( LENGTH_UNIT ( ) NAMED_UNIT ( * ) SI_UNIT ( .MILLI., .METRE. ) );
#652 = VERTEX_POINT ( 'NONE', #1214 ) ;
#653 = CARTESIAN_POINT ( 'NONE',  ( -0.9680000000000000826, -0.6933333333333332460, 1.139999999999999902 ) ) ;
#654 = ORIENTED_EDGE ( 'NONE', *, *, #841, .F. ) ;
#655 = CARTESIAN_POINT ( 'NONE',  ( 0.1975735931288080949, -2.677621486200260942E-17, -0.01757359312880726887 ) ) ;
#656 = ADVANCED_FACE ( 'NONE', ( #1667 ), #1480, .T. ) ;
#657 = ORIENTED_EDGE ( 'NONE', *, *, #688, .T. ) ;
#658 = CARTESIAN_POINT ( 'NONE',  ( 0.000000000000000000, 0.7399999999999996581, -0.05999999999999999778 ) ) ;
#659 = AXIS2_PLACEMENT_3D ( 'NONE', #1184, #1825, #738 ) ;
#660 = EDGE_CURVE ( 'NONE', #955, #694, #394, .T. ) ;
#661 =( NAMED_UNIT ( * ) SI_UNIT ( $, .STERADIAN. ) SOLID_ANGLE_UNIT ( ) );
#662 = VERTEX_POINT ( 'NONE', #102 ) ;
#663 = CARTESIAN_POINT ( 'NONE',  ( 1.000000000000000000, 0.8000000000000002665, 1.139999999999999902 ) ) ;
#664 = AXIS2_PLACEMENT_3D ( 'NONE', #960, #778, #338 ) ;
#665 = ORIENTED_EDGE ( 'NONE', *, *, #1682, .F. ) ;
#666 = DIRECTION ( 'NONE',  ( 1.000000000000000000, 0.000000000000000000, 0.000000000000000000 ) ) ;
#667 = EDGE_CURVE ( 'NONE', #1914, #1979, #847, .T. ) ;
#668 = EDGE_CURVE ( 'NONE', #1084, #251, #382, .T. ) ;
#669 = CARTESIAN_POINT ( 'NONE',  ( -0.2986795158655090043, 0.7881194215416367221, -0.01188057845836249307 ) ) ;
#670 = DIRECTION ( 'NONE',  ( -0.000000000000000000, 0.000000000000000000, 1.000000000000000000 ) ) ;
#671 = DIRECTION ( 'NONE',  ( -1.000000000000000000, 0.000000000000000000, 0.000000000000000000 ) ) ;
#672 = ORIENTED_EDGE ( 'NONE', *, *, #667, .F. ) ;
#673 = CARTESIAN_POINT ( 'NONE',  ( 0.9400000000000000577, 0.6933333333333335791, -0.05999999999999999778 ) ) ;
#674 = UNCERTAINTY_MEASURE_WITH_UNIT (LENGTH_MEASURE( 1.000000000000000082E-05 ), #441, 'distance_accuracy_value', 'NONE');
#675 = CIRCLE ( 'NONE', #741, 0.04666666666666664798 ) ;
#676 = ORIENTED_EDGE ( 'NONE', *, *, #225, .F. ) ;
#677 = DIRECTION ( 'NONE',  ( -1.000000000000000000, 1.322197771323785883E-16, 0.000000000000000000 ) ) ;
#678 = VECTOR ( 'NONE', #1313, 1000.000000000000114 ) ;
#679 = CARTESIAN_POINT ( 'NONE',  ( -0.2879016475839384914, 0.7830243093509569041, -0.01697569064904250885 ) ) ;
#680 = B_SPLINE_CURVE_WITH_KNOTS ( 'NONE', 3,
 ( #1288, #1317, #320, #161, #986, #184, #976, #1941, #1615, #822 ),
 .UNSPECIFIED., .F., .F.,
 ( 4, 3, 3, 4 ),
 ( -2.245025141073267645E-06, 0.000000000000000000, 3.664899792796700575E-05, 7.976696042606435657E-05 ),
 .UNSPECIFIED. ) ;
#681 = CARTESIAN_POINT ( 'NONE',  ( 0.2866666666666665142, -0.7399999999999997691, 0.000000000000000000 ) ) ;
#682 = CARTESIAN_POINT ( 'NONE',  ( 1.000000000000000000, 0.6933333333333335791, 1.081395352209268300E-15 ) ) ;
#683 = DIRECTION ( 'NONE',  ( -1.322197771323785883E-16, -1.000000000000000000, 0.000000000000000000 ) ) ;
#684 = VECTOR ( 'NONE', #1048, 1000.000000000000000 ) ;
#685 = EDGE_LOOP ( 'NONE', ( #2060, #1267, #1510, #1907 ) ) ;
#686 = AXIS2_PLACEMENT_3D ( 'NONE', #853, #1488, #191 ) ;
#687 = CARTESIAN_POINT ( 'NONE',  ( -0.2866666666666669583, -0.6933333333333331350, -0.01757359312880732785 ) ) ;
#688 = EDGE_CURVE ( 'NONE', #1376, #1790, #1528, .T. ) ;
#689 = ORIENTED_EDGE ( 'NONE', *, *, #760, .F. ) ;
#690 = CARTESIAN_POINT ( 'NONE',  ( -0.3033333333333333437, 0.6933333333333333570, 0.05999999999999999778 ) ) ;
#691 = EDGE_CURVE ( 'NONE', #2, #901, #1978, .T. ) ;
#692 = CARTESIAN_POINT ( 'NONE',  ( 0.9999999999999997780, 0.6933333333333335791, 1.108000000000000096 ) ) ;
#693 = CARTESIAN_POINT ( 'NONE',  ( 0.9680000000000005267, -0.6933333333333332460, 1.139999999999999902 ) ) ;
#694 = VERTEX_POINT ( 'NONE', #236 ) ;
#695 = DIRECTION ( 'NONE',  ( 0.000000000000000000, 0.000000000000000000, -1.000000000000000000 ) ) ;
#696 = VECTOR ( 'NONE', #2041, 1000.000000000000114 ) ;
#697 = ORIENTED_EDGE ( 'NONE', *, *, #1182, .F. ) ;
#698 = CARTESIAN_POINT ( 'NONE',  ( -0.9399999999999993916, 0.6933333333333335791, -0.05999999999999999778 ) ) ;
#699 = AXIS2_PLACEMENT_3D ( 'NONE', #1133, #1930, #26 ) ;
#700 = CARTESIAN_POINT ( 'NONE',  ( 0.9399999999999998357, -0.6933333333333332460, -0.05999999999999999778 ) ) ;
#701 = PLANE ( 'NONE',  #430 ) ;
#702 = LINE ( 'NONE', #1966, #1686 ) ;
#703 = EDGE_CURVE ( 'NONE', #892, #1376, #1369, .T. ) ;
#704 = ORIENTED_EDGE ( 'NONE', *, *, #480, .T. ) ;
#705 = DIRECTION ( 'NONE',  ( 0.000000000000000000, 0.7071067811865445751, 0.7071067811865504593 ) ) ;
#706 = ORIENTED_EDGE ( 'NONE', *, *, #135, .T. ) ;
#707 = FACE_OUTER_BOUND ( 'NONE', #267, .T. ) ;
#708 = DIRECTION ( 'NONE',  ( -1.000000000000000000, -0.000000000000000000, -0.000000000000000000 ) ) ;
#709 = ORIENTED_EDGE ( 'NONE', *, *, #362, .T. ) ;
#710 = FACE_OUTER_BOUND ( 'NONE', #1870, .T. ) ;
#711 = DIRECTION ( 'NONE',  ( -1.000000000000000000, 0.000000000000000000, 0.000000000000000000 ) ) ;
#712 = ORIENTED_EDGE ( 'NONE', *, *, #1241, .T. ) ;
#713 = LINE ( 'NONE', #1028, #1829 ) ;
#714 = VECTOR ( 'NONE', #1823, 1000.000000000000000 ) ;
#715 = VECTOR ( 'NONE', #1332, 1000.000000000000000 ) ;
#716 = CONICAL_SURFACE ( 'NONE', #686, 0.04666666666666609981, 0.7853981633974446153 ) ;
#717 = ORIENTED_EDGE ( 'NONE', *, *, #1787, .T. ) ;
#718 = CARTESIAN_POINT ( 'NONE',  ( 0.3499999999999999223, 0.6933333333333333570, 0.05999999999999999778 ) ) ;
#719 = EDGE_CURVE ( 'NONE', #1385, #1134, #620, .T. ) ;
#720 = ORIENTED_EDGE ( 'NONE', *, *, #668, .F. ) ;
#721 = DIRECTION ( 'NONE',  ( -0.000000000000000000, 0.000000000000000000, 1.000000000000000000 ) ) ;
#722 = FACE_OUTER_BOUND ( 'NONE', #1062, .T. ) ;
#723 = EDGE_CURVE ( 'NONE', #1728, #226, #1204, .T. ) ;
#724 = ORIENTED_EDGE ( 'NONE', *, *, #399, .T. ) ;
#725 = CARTESIAN_POINT ( 'NONE',  ( -0.3499999999999998668, -0.7399999999999999911, 0.05999999999999999778 ) ) ;
#726 = ORIENTED_EDGE ( 'NONE', *, *, #841, .T. ) ;
#727 = DIRECTION ( 'NONE',  ( 0.000000000000000000, 0.000000000000000000, 1.000000000000000000 ) ) ;
#728 = VECTOR ( 'NONE', #521, 999.9999999999998863 ) ;
#729 = EDGE_CURVE ( 'NONE', #985, #1983, #1051, .T. ) ;
#730 = AXIS2_PLACEMENT_3D ( 'NONE', #899, #912, #1236 ) ;
#731 = SHAPE_REPRESENTATION_RELATIONSHIP ( 'NONE' , 'NONE' ,  #308, #306 ) ;
#732 = ORIENTED_EDGE ( 'NONE', *, *, #1290, .T. ) ;
#733 = CARTESIAN_POINT ( 'NONE',  ( 0.8933333333333332016, 0.6933333333333335791, 1.108000000000000096 ) ) ;
#734 = CARTESIAN_POINT ( 'NONE',  ( 0.2866666666666668473, 0.6933333333333335791, 0.000000000000000000 ) ) ;
#735 = SHAPE_DEFINITION_REPRESENTATION ( #1975, #308 ) ;
#736 = CARTESIAN_POINT ( 'NONE',  ( -0.1975735931288083169, 2.677621486200264024E-17, -0.01757359312880726887 ) ) ;
#737 = ORIENTED_EDGE ( 'NONE', *, *, #18, .T. ) ;
#738 = DIRECTION ( 'NONE',  ( 0.000000000000000000, 0.000000000000000000, -1.000000000000000000 ) ) ;
#739 = ORIENTED_EDGE ( 'NONE', *, *, #1035, .T. ) ;
#740 = CARTESIAN_POINT ( 'NONE',  ( -0.2866666666666669583, -0.6933333333333331350, -0.05999999999999999778 ) ) ;
#741 = AXIS2_PLACEMENT_3D ( 'NONE', #155, #1088, #1729 ) ;
#742 = ORIENTED_EDGE ( 'NONE', *, *, #93, .T. ) ;
#743 = CARTESIAN_POINT ( 'NONE',  ( 0.2866666666666668473, 0.6933333333333335791, -0.05999999999999999778 ) ) ;
#744 = CARTESIAN_POINT ( 'NONE',  ( -0.2097277561643140498, -0.7999999999999998224, 0.000000000000000000 ) ) ;
#745 = CARTESIAN_POINT ( 'NONE',  ( 0.3121328034745401436, -0.7999999999999994893, -0.005406743669103251416 ) ) ;
#746 = ORIENTED_EDGE ( 'NONE', *, *, #1799, .F. ) ;
#747 = CARTESIAN_POINT ( 'NONE',  ( 0.9400000000000000577, 0.6933333333333335791, -0.05999999999999999778 ) ) ;
#748 = ORIENTED_EDGE ( 'NONE', *, *, #54, .F. ) ;
#749 = VECTOR ( 'NONE', #772, 1000.000000000000000 ) ;
#750 = CARTESIAN_POINT ( 'NONE',  ( 0.2612005298587923852, 0.8000000000000002665, -0.005406743669103086618 ) ) ;
#751 = CIRCLE ( 'NONE', #1012, 0.07466666666666721408 ) ;
#752 = EDGE_CURVE ( 'NONE', #1931, #1994, #945, .T. ) ;
#753 =( NAMED_UNIT ( * ) PLANE_ANGLE_UNIT ( ) SI_UNIT ( $, .RADIAN. ) );
#754 = EDGE_LOOP ( 'NONE', ( #1815, #1437, #771, #1347, #380, #1144, #1529, #1039 ) ) ;
#755 = STYLED_ITEM ( 'NONE', ( #1670 ), #1731 ) ;
#756 = EDGE_CURVE ( 'NONE', #226, #1594, #1260, .T. ) ;
#757 = CARTESIAN_POINT ( 'NONE',  ( 0.000000000000000000, -0.7680000000000003491, 1.139999999999999902 ) ) ;
#758 = CYLINDRICAL_SURFACE ( 'NONE', #1152, 0.04666666666666664798 ) ;
#759 = EDGE_CURVE ( 'NONE', #454, #1270, #751, .T. ) ;
#760 = EDGE_CURVE ( 'NONE', #1191, #977, #1405, .T. ) ;
#761 = CARTESIAN_POINT ( 'NONE',  ( 0.3033333333333334547, -0.6933333333333333570, 0.000000000000000000 ) ) ;
#762 = ORIENTED_EDGE ( 'NONE', *, *, #535, .T. ) ;
#763 = CARTESIAN_POINT ( 'NONE',  ( -0.8933333333333334236, 0.6933333333333335791, -0.05999999999999999778 ) ) ;
#764 = ORIENTED_EDGE ( 'NONE', *, *, #497, .F. ) ;
#765 = CARTESIAN_POINT ( 'NONE',  ( 0.2866666666666665142, -0.6933333333333332460, 0.000000000000000000 ) ) ;
#766 = ORIENTED_EDGE ( 'NONE', *, *, #1713, .T. ) ;
#767 = PRODUCT_DEFINITION ( 'UNKNOWN', '', #1637, #445 ) ;
#768 = AXIS2_PLACEMENT_3D ( 'NONE', #479, #1744, #1919 ) ;
#769 = FACE_OUTER_BOUND ( 'NONE', #1080, .T. ) ;
#770 = CARTESIAN_POINT ( 'NONE',  ( -0.9999999999999995559, -0.7999999999999998224, 1.139999999999999902 ) ) ;
#771 = ORIENTED_EDGE ( 'NONE', *, *, #80, .F. ) ;
#772 = DIRECTION ( 'NONE',  ( -0.000000000000000000, -0.000000000000000000, 1.000000000000000000 ) ) ;
#773 = EDGE_CURVE ( 'NONE', #2005, #652, #1725, .T. ) ;
#774 = ORIENTED_EDGE ( 'NONE', *, *, #1676, .T. ) ;
#775 = CARTESIAN_POINT ( 'NONE',  ( 0.9680000000000005267, -0.6933333333333332460, 1.139999999999999902 ) ) ;
#776 = CARTESIAN_POINT ( 'NONE',  ( -0.2400000000000000466, 0.6933333333333334680, -0.05999999999999999778 ) ) ;
#777 = CIRCLE ( 'NONE', #444, 0.08909307353785847483 ) ;
#778 = DIRECTION ( 'NONE',  ( -0.000000000000000000, 0.000000000000000000, 1.000000000000000000 ) ) ;
#779 = VECTOR ( 'NONE', #138, 1000.000000000000000 ) ;
#780 = DIRECTION ( 'NONE',  ( -1.000000000000000000, 0.000000000000000000, 0.000000000000000000 ) ) ;
#781 = ORIENTED_EDGE ( 'NONE', *, *, #577, .T. ) ;
#782 = LINE ( 'NONE', #1227, #17 ) ;
#783 = EDGE_CURVE ( 'NONE', #290, #957, #484, .T. ) ;
#784 = EDGE_LOOP ( 'NONE', ( #160, #624, #1456, #1350 ) ) ;
#785 = CARTESIAN_POINT ( 'NONE',  ( -0.3636055771690189786, -0.7999999999999998224, 1.081395352209268300E-15 ) ) ;
#786 = CIRCLE ( 'NONE', #121, 0.04666666666666666879 ) ;
#787 = FACE_OUTER_BOUND ( 'NONE', #437, .T. ) ;
#788 =( NAMED_UNIT ( * ) PLANE_ANGLE_UNIT ( ) SI_UNIT ( $, .RADIAN. ) );
#789 = ORIENTED_EDGE ( 'NONE', *, *, #1060, .F. ) ;
#790 = CARTESIAN_POINT ( 'NONE',  ( 0.9400000000000000577, 0.8000000000000002665, -0.05999999999999999778 ) ) ;
#791 = ADVANCED_FACE ( 'NONE', ( #153 ), #649, .T. ) ;
#792 = ORIENTED_EDGE ( 'NONE', *, *, #868, .F. ) ;
#793 = CARTESIAN_POINT ( 'NONE',  ( 0.2866666666666665142, -0.6933333333333332460, -0.01757359312880732785 ) ) ;
#794 = ORIENTED_EDGE ( 'NONE', *, *, #1098, .T. ) ;
#795 = ADVANCED_FACE ( 'NONE', ( #311 ), #2045, .T. ) ;
#796 = CARTESIAN_POINT ( 'NONE',  ( -0.3033333333333331772, -0.6933333333333333570, 0.05999999999999999778 ) ) ;
#797 = APPLICATION_CONTEXT ( 'automotive_design' ) ;
#798 = VECTOR ( 'NONE', #220, 1000.000000000000000 ) ;
#799 = CARTESIAN_POINT ( 'NONE',  ( -0.2866666666666669583, -0.6933333333333332460, -0.05999999999999999778 ) ) ;
#800 = ORIENTED_EDGE ( 'NONE', *, *, #1458, .F. ) ;
#801 = CIRCLE ( 'NONE', #334, 0.04666666666666669655 ) ;
#802 = DIRECTION ( 'NONE',  ( 0.000000000000000000, 0.000000000000000000, 1.000000000000000000 ) ) ;
#803 = ORIENTED_EDGE ( 'NONE', *, *, #571, .F. ) ;
#804 = CARTESIAN_POINT ( 'NONE',  ( 0.2400000000000000189, 0.6933333333333335791, -0.05999999999999999778 ) ) ;
#805 = FILL_AREA_STYLE_COLOUR ( '', #1044 ) ;
#806 = CARTESIAN_POINT ( 'NONE',  ( 0.000000000000000000, 0.000000000000000000, 1.139999999999999902 ) ) ;
#807 = ADVANCED_FACE ( 'NONE', ( #475 ), #1893, .F. ) ;
#808 = ORIENTED_EDGE ( 'NONE', *, *, #351, .F. ) ;
#809 = EDGE_CURVE ( 'NONE', #1483, #503, #1095, .T. ) ;
#810 = VECTOR ( 'NONE', #1252, 1000.000000000000114 ) ;
#811 = LINE ( 'NONE', #645, #1419 ) ;
#812 = ORIENTED_EDGE ( 'NONE', *, *, #868, .T. ) ;
#813 = CARTESIAN_POINT ( 'NONE',  ( -0.9999999999999995559, -0.7999999999999998224, 0.000000000000000000 ) ) ;
#814 = PRESENTATION_STYLE_ASSIGNMENT (( #950 ) ) ;
#815 = DIRECTION ( 'NONE',  ( 1.000000000000000000, 0.000000000000000000, 0.000000000000000000 ) ) ;
#816 = EDGE_CURVE ( 'NONE', #314, #226, #782, .T. ) ;
#817 = CYLINDRICAL_SURFACE ( 'NONE', #1295, 0.04666666666666669655 ) ;
#818 = AXIS2_PLACEMENT_3D ( 'NONE', #993, #683, #1757 ) ;
#819 = VECTOR ( 'NONE', #1708, 1000.000000000000000 ) ;
#820 = CARTESIAN_POINT ( 'NONE',  ( -0.8933333333333334236, 0.6933333333333335791, 0.000000000000000000 ) ) ;
#821 = ORIENTED_EDGE ( 'NONE', *, *, #48, .F. ) ;
#822 = CARTESIAN_POINT ( 'NONE',  ( 0.3636055771690188676, 0.8000000000000002665, 1.081395352209268300E-15 ) ) ;
#823 = EDGE_CURVE ( 'NONE', #1134, #1404, #1108, .T. ) ;
#824 = ADVANCED_FACE ( 'NONE', ( #1572 ), #2025, .T. ) ;
#825 = ORIENTED_EDGE ( 'NONE', *, *, #703, .T. ) ;
#826 = CARTESIAN_POINT ( 'NONE',  ( -0.8933333333333333126, 0.8000000000000002665, 1.108000000000000096 ) ) ;
#827 = PRODUCT_RELATED_PRODUCT_CATEGORY ( 'part', '', ( #989 ) ) ;
#828 = LINE ( 'NONE', #1470, #1018 ) ;
#829 = CARTESIAN_POINT ( 'NONE',  ( 0.2866666666666665142, -0.6933333333333332460, -0.05999999999999999778 ) ) ;
#830 = ORIENTED_EDGE ( 'NONE', *, *, #719, .F. ) ;
#831 = DIRECTION ( 'NONE',  ( -0.000000000000000000, -0.000000000000000000, 1.000000000000000000 ) ) ;
#832 = CIRCLE ( 'NONE', #330, 0.08909307353785841932 ) ;
#833 = ORIENTED_EDGE ( 'NONE', *, *, #854, .F. ) ;
#834 = CARTESIAN_POINT ( 'NONE',  ( -0.2353550398798431864, 0.8000000000000000444, -8.337980574534516074E-19 ) ) ;
#835 = CARTESIAN_POINT ( 'NONE',  ( -0.3493032727506336088, 0.8000000000000001554, 1.010323483566941653E-15 ) ) ;
#836 = CARTESIAN_POINT ( 'NONE',  ( 0.8933333333333332016, 0.8000000000000002665, 1.108000000000000096 ) ) ;
#837 = DIRECTION ( 'NONE',  ( 0.7071067811865504593, 0.000000000000000000, -0.7071067811865445751 ) ) ;
#838 = FACE_OUTER_BOUND ( 'NONE', #75, .T. ) ;
#839 = ORIENTED_EDGE ( 'NONE', *, *, #667, .T. ) ;
#840 = CARTESIAN_POINT ( 'NONE',  ( -0.2608789130050886418, 0.8000000000000003775, -0.005371579446130277276 ) ) ;
#841 = EDGE_CURVE ( 'NONE', #1046, #1404, #436, .T. ) ;
#842 = VECTOR ( 'NONE', #508, 1000.000000000000000 ) ;
#843 = DIRECTION ( 'NONE',  ( -0.7071067811865445751, 0.000000000000000000, 0.7071067811865504593 ) ) ;
#844 = CARTESIAN_POINT ( 'NONE',  ( 0.9399999999999998357, -0.6933333333333332460, 0.000000000000000000 ) ) ;
#845 = CARTESIAN_POINT ( 'NONE',  ( -0.8933333333333336457, -0.7399999999999997691, -0.05999999999999999778 ) ) ;
#846 = CARTESIAN_POINT ( 'NONE',  ( 0.3499999999999999223, 0.7399999999999999911, 0.05999999999999999778 ) ) ;
#847 = CIRCLE ( 'NONE', #316, 0.04666666666666664798 ) ;
#848 = EDGE_LOOP ( 'NONE', ( #1365, #292, #281, #1904 ) ) ;
#849 = ADVANCED_FACE ( 'NONE', ( #1748 ), #592, .T. ) ;
#850 = VECTOR ( 'NONE', #708, 1000.000000000000000 ) ;
#851 = DIRECTION ( 'NONE',  ( 0.000000000000000000, -0.000000000000000000, -1.000000000000000000 ) ) ;
#852 = ORIENTED_EDGE ( 'NONE', *, *, #244, .F. ) ;
#853 = CARTESIAN_POINT ( 'NONE',  ( 0.2866666666666668473, 0.6933333333333335791, -0.05999999999999994227 ) ) ;
#854 = EDGE_CURVE ( 'NONE', #1790, #393, #280, .T. ) ;
#855 = CARTESIAN_POINT ( 'NONE',  ( -1.000000000000000000, 0.6933333333333335791, 1.108000000000000096 ) ) ;
#856 = DIRECTION ( 'NONE',  ( -0.000000000000000000, 0.000000000000000000, 1.000000000000000000 ) ) ;
#857 = PRODUCT_DEFINITION_CONTEXT ( 'detailed design', #221, 'design' ) ;
#858 = ORIENTED_EDGE ( 'NONE', *, *, #2037, .T. ) ;
#859 = DIRECTION ( 'NONE',  ( 2.710505431213761085E-16, -1.000000000000000000, 0.000000000000000000 ) ) ;
#860 = AXIS2_PLACEMENT_3D ( 'NONE', #733, #1211, #1853 ) ;
#861 = ORIENTED_EDGE ( 'NONE', *, *, #553, .F. ) ;
#862 = DIRECTION ( 'NONE',  ( -1.355252715606880543E-16, -1.000000000000000000, 0.000000000000000000 ) ) ;
#863 = CARTESIAN_POINT ( 'NONE',  ( 0.8933333333333332016, 0.7680000000000007931, 1.139999999999999902 ) ) ;
#864 = VERTEX_POINT ( 'NONE', #1915 ) ;
#865 = PRODUCT_DEFINITION_FORMATION_WITH_SPECIFIED_SOURCE ( 'ANY', '', #374, .NOT_KNOWN. ) ;
#866 = CARTESIAN_POINT ( 'NONE',  ( -0.8933333333333328685, -0.6933333333333331350, -0.05999999999999994227 ) ) ;
#867 = FACE_OUTER_BOUND ( 'NONE', #784, .T. ) ;
#868 = EDGE_CURVE ( 'NONE', #71, #1020, #914, .T. ) ;
#869 = ORIENTED_EDGE ( 'NONE', *, *, #1024, .T. ) ;
#870 = CARTESIAN_POINT ( 'NONE',  ( -1.000000000000000000, 0.6933333333333335791, 1.139999999999999902 ) ) ;
#871 = VECTOR ( 'NONE', #1781, 1000.000000000000114 ) ;
#872 = ORIENTED_EDGE ( 'NONE', *, *, #2018, .T. ) ;
#873 = CARTESIAN_POINT ( 'NONE',  ( 0.000000000000000000, 0.7680000000000007931, 1.139999999999999902 ) ) ;
#874 = VECTOR ( 'NONE', #1944, 1000.000000000000114 ) ;
#875 = EDGE_LOOP ( 'NONE', ( #1900, #591, #1299, #145 ) ) ;
#876 = EDGE_CURVE ( 'NONE', #1931, #1562, #1315, .T. ) ;
#877 = CARTESIAN_POINT ( 'NONE',  ( 0.2866666666666668473, 0.7824264068711919151, -0.01757359312880734173 ) ) ;
#878 = LINE ( 'NONE', #1355, #684 ) ;
#879 = ORIENTED_EDGE ( 'NONE', *, *, #455, .F. ) ;
#880 = LINE ( 'NONE', #70, #927 ) ;
#881 = VECTOR ( 'NONE', #329, 1000.000000000000000 ) ;
#882 = EDGE_CURVE ( 'NONE', #1661, #1994, #1178, .T. ) ;
#883 = AXIS2_PLACEMENT_3D ( 'NONE', #1570, #1735, #299 ) ;
#884 = ORIENTED_EDGE ( 'NONE', *, *, #2049, .F. ) ;
#885 = CARTESIAN_POINT ( 'NONE',  ( -1.000000000000000000, 0.8000000000000002665, 1.139999999999999902 ) ) ;
#886 = ORIENTED_EDGE ( 'NONE', *, *, #1557, .F. ) ;
#887 = FACE_OUTER_BOUND ( 'NONE', #575, .T. ) ;
#888 = CARTESIAN_POINT ( 'NONE',  ( 0.2866666666666665142, -0.7399999999999997691, -0.05999999999999999778 ) ) ;
#889 = CARTESIAN_POINT ( 'NONE',  ( 0.2097277561643132726, -0.7999999999999998224, 0.000000000000000000 ) ) ;
#890 = ORIENTED_EDGE ( 'NONE', *, *, #882, .T. ) ;
#891 = DIRECTION ( 'NONE',  ( 0.000000000000000000, 0.000000000000000000, 1.000000000000000000 ) ) ;
#892 = VERTEX_POINT ( 'NONE', #1922 ) ;
#893 = CARTESIAN_POINT ( 'NONE',  ( -0.2400000000000001299, 3.252606517456515151E-17, -0.05999999999999999778 ) ) ;
#894 = CONICAL_SURFACE ( 'NONE', #505, 0.04666666666666609981, 0.7853981633974446153 ) ;
#895 = AXIS2_PLACEMENT_3D ( 'NONE', #770, #434, #1072 ) ;
#896 = ORIENTED_EDGE ( 'NONE', *, *, #82, .F. ) ;
#897 = DIRECTION ( 'NONE',  ( -1.000000000000000000, 0.000000000000000000, 0.000000000000000000 ) ) ;
#898 = DIRECTION ( 'NONE',  ( 0.000000000000000000, 0.000000000000000000, 1.000000000000000000 ) ) ;
#899 = CARTESIAN_POINT ( 'NONE',  ( -0.2866666666666667362, 0.6933333333333334680, 0.000000000000000000 ) ) ;
#900 = APPLICATION_CONTEXT ( 'automotive_design' ) ;
#901 = VERTEX_POINT ( 'NONE', #6 ) ;
#902 = DIRECTION ( 'NONE',  ( -0.000000000000000000, 0.000000000000000000, -1.000000000000000000 ) ) ;
#903 = ADVANCED_FACE ( 'NONE', ( #1778 ), #174, .F. ) ;
#904 = VERTEX_POINT ( 'NONE', #504 ) ;
#905 = FACE_OUTER_BOUND ( 'NONE', #1506, .T. ) ;
#906 = EDGE_CURVE ( 'NONE', #652, #482, #1474, .T. ) ;
#907 = VECTOR ( 'NONE', #1167, 1000.000000000000000 ) ;
#908 = FILL_AREA_STYLE_COLOUR ( '', #1794 ) ;
#909 = ORIENTED_EDGE ( 'NONE', *, *, #910, .T. ) ;
#910 = EDGE_CURVE ( 'NONE', #1950, #1989, #204, .T. ) ;
#911 = FACE_OUTER_BOUND ( 'NONE', #346, .T. ) ;
#912 = DIRECTION ( 'NONE',  ( 0.000000000000000000, -0.000000000000000000, -1.000000000000000000 ) ) ;
#913 = ORIENTED_EDGE ( 'NONE', *, *, #691, .T. ) ;
#914 = LINE ( 'NONE', #1549, #1151 ) ;
#915 = VERTEX_POINT ( 'NONE', #1798 ) ;
#916 = AXIS2_PLACEMENT_3D ( 'NONE', #763, #2036, #956 ) ;
#917 = LINE ( 'NONE', #1552, #972 ) ;
#918 = CIRCLE ( 'NONE', #730, 0.04666666666666666879 ) ;
#919 = ORIENTED_EDGE ( 'NONE', *, *, #628, .T. ) ;
#920 = EDGE_CURVE ( 'NONE', #2043, #1958, #811, .T. ) ;
#921 = CARTESIAN_POINT ( 'NONE',  ( -0.8933333333333333126, 0.7680000000000007931, 1.139999999999999902 ) ) ;
#922 = FACE_OUTER_BOUND ( 'NONE', #593, .T. ) ;
#923 = VERTEX_POINT ( 'NONE', #1768 ) ;
#924 = DIRECTION ( 'NONE',  ( -1.000000000000000000, 1.322197771323785883E-16, 0.000000000000000000 ) ) ;
#925 = EDGE_LOOP ( 'NONE', ( #1616, #1395, #193, #1827, #812, #774, #726, #1307 ) ) ;
#926 = CARTESIAN_POINT ( 'NONE',  ( -0.2879016475839374367, -0.7830243093509575703, -0.01697569064904128761 ) ) ;
#927 = VECTOR ( 'NONE', #1348, 1000.000000000000000 ) ;
#928 = DIRECTION ( 'NONE',  ( -1.000000000000000000, 0.000000000000000000, 0.000000000000000000 ) ) ;
#929 = AXIS2_PLACEMENT_3D ( 'NONE', #1234, #129, #443 ) ;
#930 = DIRECTION ( 'NONE',  ( 1.000000000000000000, 0.000000000000000000, 0.000000000000000000 ) ) ;
#931 = CARTESIAN_POINT ( 'NONE',  ( -0.2612005298587924962, -0.7999999999999994893, -0.005406743669103086618 ) ) ;
#932 = EDGE_CURVE ( 'NONE', #1790, #531, #1721, .T. ) ;
#933 = LINE ( 'NONE', #602, #621 ) ;
#934 = ORIENTED_EDGE ( 'NONE', *, *, #628, .F. ) ;
#935 = DIRECTION ( 'NONE',  ( 0.000000000000000000, -0.000000000000000000, 1.000000000000000000 ) ) ;
#936 = EDGE_CURVE ( 'NONE', #303, #58, #1592, .T. ) ;
#937 = ORIENTED_EDGE ( 'NONE', *, *, #76, .T. ) ;
#938 = FACE_OUTER_BOUND ( 'NONE', #1216, .T. ) ;
#939 =( LENGTH_UNIT ( ) NAMED_UNIT ( * ) SI_UNIT ( .MILLI., .METRE. ) );
#940 = AXIS2_PLACEMENT_3D ( 'NONE', #1196, #1338, #1970 ) ;
#941 = EDGE_CURVE ( 'NONE', #1259, #454, #1957, .T. ) ;
#942 = CARTESIAN_POINT ( 'NONE',  ( -0.2866666666666669583, -0.7999999999999998224, 1.081395352209268300E-15 ) ) ;
#943 = CLOSED_SHELL ( 'NONE', ( #1056, #516, #903, #1462, #1175, #1929, #1810, #1912, #1992, #597 ) ) ;
#944 = ORIENTED_EDGE ( 'NONE', *, *, #317, .T. ) ;
#945 = LINE ( 'NONE', #1238, #50 ) ;
#946 = ORIENTED_EDGE ( 'NONE', *, *, #1620, .F. ) ;
#947 = ADVANCED_FACE ( 'NONE', ( #838 ), #964, .T. ) ;
#948 = CARTESIAN_POINT ( 'NONE',  ( 0.2879016475839408229, -0.7830243093509537955, -0.01697569064904501726 ) ) ;
#949 = SHAPE_REPRESENTATION ( 'FTC201612S', ( #103, #1569, #999, #478 ), #1401 ) ;
#950 = SURFACE_STYLE_USAGE ( .BOTH. , #295 ) ;
#951 = AXIS2_PLACEMENT_3D ( 'NONE', #81, #1988, #560 ) ;
#952 = AXIS2_PLACEMENT_3D ( 'NONE', #690, #1499, #511 ) ;
#953 = CYLINDRICAL_SURFACE ( 'NONE', #768, 0.04666666666666664798 ) ;
#954 = CARTESIAN_POINT ( 'NONE',  ( 0.8933333333333334236, 0.6933333333333335791, -0.05999999999999999778 ) ) ;
#955 = VERTEX_POINT ( 'NONE', #1446 ) ;
#956 = DIRECTION ( 'NONE',  ( -1.000000000000000000, 0.000000000000000000, 0.000000000000000000 ) ) ;
#957 = VERTEX_POINT ( 'NONE', #673 ) ;
#958 = DIRECTION ( 'NONE',  ( -0.000000000000000000, 0.000000000000000000, 1.000000000000000000 ) ) ;
#959 = CYLINDRICAL_SURFACE ( 'NONE', #485, 0.1066666666666666874 ) ;
#960 = CARTESIAN_POINT ( 'NONE',  ( 0.000000000000000000, 0.000000000000000000, 0.000000000000000000 ) ) ;
#961 = AXIS2_PLACEMENT_3D ( 'NONE', #1294, #1413, #930 ) ;
#962 = ORIENTED_EDGE ( 'NONE', *, *, #1336, .F. ) ;
#963 = AXIS2_PLACEMENT_3D ( 'NONE', #1755, #318, #1296 ) ;
#964 = PLANE ( 'NONE',  #818 ) ;
#965 = ORIENTED_EDGE ( 'NONE', *, *, #255, .T. ) ;
#966 = EDGE_CURVE ( 'NONE', #1646, #1053, #680, .T. ) ;
#967 = DIRECTION ( 'NONE',  ( -1.000000000000000000, 0.000000000000000000, 0.000000000000000000 ) ) ;
#968 = DIRECTION ( 'NONE',  ( -0.7071067811865450192, 0.000000000000000000, 0.7071067811865501263 ) ) ;
#969 = CARTESIAN_POINT ( 'NONE',  ( 0.3379782934534893424, 0.8000000000000000444, 9.463607952096675078E-16 ) ) ;
#970 = LINE ( 'NONE', #1423, #1803 ) ;
#971 = ADVANCED_FACE ( 'NONE', ( #194 ), #1455, .F. ) ;
#972 = VECTOR ( 'NONE', #1076, 1000.000000000000000 ) ;
#973 = CARTESIAN_POINT ( 'NONE',  ( 0.9680000000000004157, 0.6933333333333335791, 1.139999999999999902 ) ) ;
#974 = ORIENTED_EDGE ( 'NONE', *, *, #1303, .F. ) ;
#975 = VECTOR ( 'NONE', #1477, 1000.000000000000000 ) ;
#976 = CARTESIAN_POINT ( 'NONE',  ( 0.3213092245116094259, 0.7948999138749660576, -0.005100086125033074375 ) ) ;
#977 = VERTEX_POINT ( 'NONE', #1278 ) ;
#978 = LINE ( 'NONE', #1459, #1505 ) ;
#979 = CARTESIAN_POINT ( 'NONE',  ( -0.1551471862576155325, -0.6933333333333331350, -0.05999999999999999778 ) ) ;
#980 = VECTOR ( 'NONE', #1335, 1000.000000000000000 ) ;
#981 = AXIS2_PLACEMENT_3D ( 'NONE', #1688, #1246, #100 ) ;
#982 = MECHANICAL_DESIGN_GEOMETRIC_PRESENTATION_REPRESENTATION (  '', ( #1215 ), #1856 ) ;
#983 = EDGE_CURVE ( 'NONE', #1466, #1020, #1789, .T. ) ;
#984 = PLANE ( 'NONE',  #963 ) ;
#985 = VERTEX_POINT ( 'NONE', #1155 ) ;
#986 = CARTESIAN_POINT ( 'NONE',  ( 0.2986795158655129456, 0.7881194215416325033, -0.01188057845836672233 ) ) ;
#987 = VERTEX_POINT ( 'NONE', #1465 ) ;
#988 = CARTESIAN_POINT ( 'NONE',  ( 0.000000000000000000, -0.7399999999999992140, -0.05999999999999999778 ) ) ;
#989 = PRODUCT ( 'pin_\X2\9ed88ba4\X0\', 'pin_\X2\9ed88ba4\X0\', '', ( #122 ) ) ;
#990 = CARTESIAN_POINT ( 'NONE',  ( -0.2866666666666667362, 0.7400000000000001021, -0.05999999999999999778 ) ) ;
#991 = LINE ( 'NONE', #682, #696 ) ;
#992 = ADVANCED_FACE ( 'NONE', ( #1308 ), #1949, .T. ) ;
#993 = CARTESIAN_POINT ( 'NONE',  ( 9.784263507796017458E-17, 0.7400000000000001021, -0.05999999999999999778 ) ) ;
#994 = CIRCLE ( 'NONE', #961, 0.04666666666666669655 ) ;
#995 = STYLED_ITEM ( 'NONE', ( #4 ), #1424 ) ;
#996 = EDGE_LOOP ( 'NONE', ( #706, #1849, #107, #1261, #424 ) ) ;
#997 = CARTESIAN_POINT ( 'NONE',  ( 0.8933333333333333126, -0.6933333333333332460, -0.05999999999999994227 ) ) ;
#998 = LINE ( 'NONE', #1960, #907 ) ;
#999 = AXIS2_PLACEMENT_3D ( 'NONE', #1146, #1584, #1605 ) ;
#1000 = CARTESIAN_POINT ( 'NONE',  ( 0.8933333333333332016, 0.6933333333333335791, -0.05999999999999994227 ) ) ;
#1001 = EDGE_CURVE ( 'NONE', #1989, #1948, #1683, .T. ) ;
#1002 = CARTESIAN_POINT ( 'NONE',  ( 0.9999999999999997780, -0.7399999999999997691, -0.05999999999999999778 ) ) ;
#1003 = CARTESIAN_POINT ( 'NONE',  ( -0.1975735931288084557, -0.6933333333333331350, -0.01757359312880725846 ) ) ;
#1004 = AXIS2_PLACEMENT_3D ( 'NONE', #988, #21, #39 ) ;
#1005 = CARTESIAN_POINT ( 'NONE',  ( 0.2866666666666665142, -0.7399999999999992140, -0.05999999999999999778 ) ) ;
#1006 = ORIENTED_EDGE ( 'NONE', *, *, #337, .T. ) ;
#1007 = DIRECTION ( 'NONE',  ( 1.355252715606880543E-16, 1.000000000000000000, 0.000000000000000000 ) ) ;
#1008 = EDGE_CURVE ( 'NONE', #987, #1661, #98, .T. ) ;
#1009 = VERTEX_POINT ( 'NONE', #888 ) ;
#1010 = CARTESIAN_POINT ( 'NONE',  ( -0.9399999999999989475, -0.6933333333333332460, -0.05999999999999999778 ) ) ;
#1011 = DIRECTION ( 'NONE',  ( -0.000000000000000000, 0.000000000000000000, 1.000000000000000000 ) ) ;
#1012 = AXIS2_PLACEMENT_3D ( 'NONE', #1248, #144, #1074 ) ;
#1013 = CARTESIAN_POINT ( 'NONE',  ( -0.9680000000000003046, -2.623769257414921716E-16, 1.139999999999999902 ) ) ;
#1014 = LINE ( 'NONE', #243, #1586 ) ;
#1015 = VECTOR ( 'NONE', #1879, 1000.000000000000000 ) ;
#1016 = CARTESIAN_POINT ( 'NONE',  ( 0.3033333333333334547, -0.6933333333333333570, 0.05999999999999999778 ) ) ;
#1017 = VERTEX_POINT ( 'NONE', #1003 ) ;
#1018 = VECTOR ( 'NONE', #1339, 1000.000000000000000 ) ;
#1019 = DIRECTION ( 'NONE',  ( 1.000000000000000000, 0.000000000000000000, 0.000000000000000000 ) ) ;
#1020 = VERTEX_POINT ( 'NONE', #392 ) ;
#1021 = LINE ( 'NONE', #1828, #1274 ) ;
#1022 = LINE ( 'NONE', #681, #2022 ) ;
#1023 = EDGE_LOOP ( 'NONE', ( #29, #1353, #1718, #1585 ) ) ;
#1024 = EDGE_CURVE ( 'NONE', #1979, #915, #377, .T. ) ;
#1025 = DIRECTION ( 'NONE',  ( 1.000000000000000000, 0.000000000000000000, 0.000000000000000000 ) ) ;
#1026 = DIRECTION ( 'NONE',  ( -0.000000000000000000, -0.000000000000000000, -1.000000000000000000 ) ) ;
#1027 = ORIENTED_EDGE ( 'NONE', *, *, #854, .T. ) ;
#1028 = CARTESIAN_POINT ( 'NONE',  ( -0.8933333333333333126, 0.7399999999999996581, -0.05999999999999999778 ) ) ;
#1029 = CIRCLE ( 'NONE', #1231, 0.04666666666666669655 ) ;
#1030 = EDGE_CURVE ( 'NONE', #419, #1739, #1038, .T. ) ;
#1031 = EDGE_LOOP ( 'NONE', ( #937, #861, #1526, #408 ) ) ;
#1032 = DIRECTION ( 'NONE',  ( -0.000000000000000000, -0.000000000000000000, -1.000000000000000000 ) ) ;
#1033 = DIRECTION ( 'NONE',  ( 0.000000000000000000, 0.000000000000000000, 1.000000000000000000 ) ) ;
#1034 = ORIENTED_EDGE ( 'NONE', *, *, #287, .T. ) ;
#1035 = EDGE_CURVE ( 'NONE', #442, #1711, #1014, .T. ) ;
#1036 = EDGE_CURVE ( 'NONE', #1571, #1777, #878, .T. ) ;
#1037 = DIRECTION ( 'NONE',  ( 0.000000000000000000, -0.000000000000000000, -1.000000000000000000 ) ) ;
#1038 = LINE ( 'NONE', #693, #1952 ) ;
#1039 = ORIENTED_EDGE ( 'NONE', *, *, #1831, .T. ) ;
#1040 = CARTESIAN_POINT ( 'NONE',  ( 0.8933333333333332016, -0.7399999999999997691, -0.05999999999999999778 ) ) ;
#1041 = CIRCLE ( 'NONE', #2044, 0.1066666666666666874 ) ;
#1042 = ORIENTED_EDGE ( 'NONE', *, *, #1593, .F. ) ;
#1043 = FACE_OUTER_BOUND ( 'NONE', #1542, .T. ) ;
#1044 = COLOUR_RGB ( '',0.2509803921568627416, 0.2509803921568627416, 0.2509803921568627416 ) ;
#1045 = CARTESIAN_POINT ( 'NONE',  ( 0.8933333333333332016, -0.7680000000000003491, 1.139999999999999902 ) ) ;
#1046 = VERTEX_POINT ( 'NONE', #1654 ) ;
#1047 = CARTESIAN_POINT ( 'NONE',  ( -0.2400000000000000466, 0.6933333333333334680, -0.05999999999999999778 ) ) ;
#1048 = DIRECTION ( 'NONE',  ( 1.000000000000000000, -1.322197771323785883E-16, -0.000000000000000000 ) ) ;
#1049 = PLANE ( 'NONE',  #981 ) ;
#1050 = VERTEX_POINT ( 'NONE', #1513 ) ;
#1051 = LINE ( 'NONE', #1690, #749 ) ;
#1052 = VECTOR ( 'NONE', #113, 1000.000000000000000 ) ;
#1053 = VERTEX_POINT ( 'NONE', #1997 ) ;
#1054 = CARTESIAN_POINT ( 'NONE',  ( 0.2866666666666667362, 0.7400000000000002132, 0.000000000000000000 ) ) ;
#1055 = ORIENTED_EDGE ( 'NONE', *, *, #164, .T. ) ;
#1056 = ADVANCED_FACE ( 'NONE', ( #1323 ), #1985, .F. ) ;
#1057 = CARTESIAN_POINT ( 'NONE',  ( 0.2866666666666665142, -0.7399999999999997691, 0.000000000000000000 ) ) ;
#1058 = CARTESIAN_POINT ( 'NONE',  ( -0.2866666666666669583, -0.6933333333333332460, 0.000000000000000000 ) ) ;
#1059 = CONTEXT_DEPENDENT_SHAPE_REPRESENTATION ( #1936, #1127 ) ;
#1060 = EDGE_CURVE ( 'NONE', #1596, #1521, #215, .T. ) ;
#1061 = CARTESIAN_POINT ( 'NONE',  ( -1.000000000000000000, 0.6933333333333335791, 1.084202172485504434E-15 ) ) ;
#1062 = EDGE_LOOP ( 'NONE', ( #704, #839, #762, #538, #1551, #1824, #1203, #1681 ) ) ;
#1063 = DIRECTION ( 'NONE',  ( 0.000000000000000000, -0.000000000000000000, -1.000000000000000000 ) ) ;
#1064 = ORIENTED_EDGE ( 'NONE', *, *, #1909, .T. ) ;
#1065 = PLANE ( 'NONE',  #1844 ) ;
#1066 = VECTOR ( 'NONE', #1070, 1000.000000000000000 ) ;
#1067 = COLOUR_RGB ( '',0.8980392156862745390, 0.9215686274509803377, 0.9294117647058823817 ) ;
#1068 =( NAMED_UNIT ( * ) PLANE_ANGLE_UNIT ( ) SI_UNIT ( $, .RADIAN. ) );
#1069 = ORIENTED_EDGE ( 'NONE', *, *, #244, .T. ) ;
#1070 = DIRECTION ( 'NONE',  ( -1.000000000000000000, 0.000000000000000000, 0.000000000000000000 ) ) ;
#1071 = DIRECTION ( 'NONE',  ( 1.000000000000000000, -1.355252715606880543E-16, 0.000000000000000000 ) ) ;
#1072 = DIRECTION ( 'NONE',  ( 0.000000000000000000, -0.000000000000000000, 1.000000000000000000 ) ) ;
#1073 = ORIENTED_EDGE ( 'NONE', *, *, #2049, .T. ) ;
#1074 = DIRECTION ( 'NONE',  ( 1.000000000000000000, 0.000000000000000000, 0.000000000000000000 ) ) ;
#1075 = ORIENTED_EDGE ( 'NONE', *, *, #1290, .F. ) ;
#1076 = DIRECTION ( 'NONE',  ( 0.000000000000000000, -0.000000000000000000, 1.000000000000000000 ) ) ;
#1077 = EDGE_CURVE ( 'NONE', #1958, #1711, #702, .T. ) ;
#1078 = VECTOR ( 'NONE', #206, 1000.000000000000000 ) ;
#1079 = FILL_AREA_STYLE ('',( #908 ) ) ;
#1080 = EDGE_LOOP ( 'NONE', ( #1582, #1165, #962, #561 ) ) ;
#1081 = FACE_OUTER_BOUND ( 'NONE', #1114, .T. ) ;
#1082 = CYLINDRICAL_SURFACE ( 'NONE', #264, 0.1066666666666666874 ) ;
#1083 = PRODUCT_DEFINITION_SHAPE ( 'NONE', 'NONE',  #545 ) ;
#1084 = VERTEX_POINT ( 'NONE', #253 ) ;
#1085 = CARTESIAN_POINT ( 'NONE',  ( 0.1551471862576151162, -2.102636454943993484E-17, 0.000000000000000000 ) ) ;
#1086 = ORIENTED_EDGE ( 'NONE', *, *, #1435, .F. ) ;
#1087 = AXIS2_PLACEMENT_3D ( 'NONE', #1836, #1969, #1019 ) ;
#1088 = DIRECTION ( 'NONE',  ( 0.000000000000000000, -0.000000000000000000, 1.000000000000000000 ) ) ;
#1089 = VECTOR ( 'NONE', #412, 1000.000000000000000 ) ;
#1090 = FACE_OUTER_BOUND ( 'NONE', #405, .T. ) ;
#1091 = CARTESIAN_POINT ( 'NONE',  ( 0.2866666666666667362, 0.7400000000000002132, -0.05999999999999999778 ) ) ;
#1092 = EDGE_CURVE ( 'NONE', #393, #892, #1170, .T. ) ;
#1093 = CARTESIAN_POINT ( 'NONE',  ( 0.8933333333333333126, -0.6933333333333332460, 1.139999999999999902 ) ) ;
#1094 = EDGE_LOOP ( 'NONE', ( #1821, #1337, #974, #1086 ) ) ;
#1095 = LINE ( 'NONE', #1382, #284 ) ;
#1096 = ORIENTED_EDGE ( 'NONE', *, *, #420, .F. ) ;
#1097 = LINE ( 'NONE', #1897, #483 ) ;
#1098 = EDGE_CURVE ( 'NONE', #904, #1191, #355, .T. ) ;
#1099 = DIRECTION ( 'NONE',  ( 0.000000000000000000, 0.000000000000000000, 1.000000000000000000 ) ) ;
#1100 = ORIENTED_EDGE ( 'NONE', *, *, #1676, .F. ) ;
#1101 = CIRCLE ( 'NONE', #1597, 0.04666666666666669655 ) ;
#1102 = CIRCLE ( 'NONE', #1908, 0.04666666666666669655 ) ;
#1103 = LINE ( 'NONE', #1733, #1871 ) ;
#1104 = DIRECTION ( 'NONE',  ( 0.000000000000000000, -0.000000000000000000, -1.000000000000000000 ) ) ;
#1105 = ADVANCED_FACE ( 'NONE', ( #722 ), #1482, .F. ) ;
#1106 = DIRECTION ( 'NONE',  ( 0.000000000000000000, -0.000000000000000000, -1.000000000000000000 ) ) ;
#1107 = ORIENTED_EDGE ( 'NONE', *, *, #167, .T. ) ;
#1108 = LINE ( 'NONE', #302, #1792 ) ;
#1109 = ORIENTED_EDGE ( 'NONE', *, *, #1786, .F. ) ;
#1110 = CARTESIAN_POINT ( 'NONE',  ( -0.3213092245116095369, -0.7948999138749657245, -0.005100086125033074375 ) ) ;
#1111 = VECTOR ( 'NONE', #439, 1000.000000000000114 ) ;
#1112 = DIRECTION ( 'NONE',  ( 0.000000000000000000, 0.7071067811865445751, 0.7071067811865504593 ) ) ;
#1113 = CYLINDRICAL_SURFACE ( 'NONE', #1164, 0.04666666666666664798 ) ;
#1114 = EDGE_LOOP ( 'NONE', ( #1679, #175, #896, #1921, #435 ) ) ;
#1115 = DIRECTION ( 'NONE',  ( -1.000000000000000000, 0.000000000000000000, 0.000000000000000000 ) ) ;
#1116 = ORIENTED_EDGE ( 'NONE', *, *, #11, .F. ) ;
#1117 = CARTESIAN_POINT ( 'NONE',  ( -0.2986795158655130566, -0.7881194215416320592, -0.01188057845836672233 ) ) ;
#1118 = ORIENTED_EDGE ( 'NONE', *, *, #82, .T. ) ;
#1119 = VECTOR ( 'NONE', #341, 1000.000000000000000 ) ;
#1120 = DIRECTION ( 'NONE',  ( 0.000000000000000000, 0.000000000000000000, 1.000000000000000000 ) ) ;
#1121 = EDGE_CURVE ( 'NONE', #1994, #1777, #66, .T. ) ;
#1122 = DIRECTION ( 'NONE',  ( 0.000000000000000000, 0.000000000000000000, -1.000000000000000000 ) ) ;
#1123 = ORIENTED_EDGE ( 'NONE', *, *, #164, .F. ) ;
#1124 = CARTESIAN_POINT ( 'NONE',  ( 0.2400000000000000466, 0.8000000000000002665, -0.05999999999999999778 ) ) ;
#1125 = ORIENTED_EDGE ( 'NONE', *, *, #324, .F. ) ;
#1126 = DIRECTION ( 'NONE',  ( 0.000000000000000000, 0.000000000000000000, 1.000000000000000000 ) ) ;
#1127 = PRODUCT_DEFINITION_SHAPE ( 'NONE', 'NONE',  #2068 ) ;
#1128 = EDGE_CURVE ( 'NONE', #662, #419, #1181, .T. ) ;
#1129 = DIRECTION ( 'NONE',  ( 0.000000000000000000, -0.000000000000000000, -1.000000000000000000 ) ) ;
#1130 = CARTESIAN_POINT ( 'NONE',  ( -0.2872856988970369230, 0.7827237403693158013, -0.01727625963068355613 ) ) ;
#1131 = CARTESIAN_POINT ( 'NONE',  ( -0.2866666666666667362, 0.7824264068711920261, -0.01757359312880732091 ) ) ;
#1132 = AXIS2_PLACEMENT_3D ( 'NONE', #757, #1389, #296 ) ;
#1133 = CARTESIAN_POINT ( 'NONE',  ( 0.000000000000000000, 0.000000000000000000, 0.000000000000000000 ) ) ;
#1134 = VERTEX_POINT ( 'NONE', #233 ) ;
#1135 = DIRECTION ( 'NONE',  ( 2.710505431213761085E-16, -1.000000000000000000, 0.000000000000000000 ) ) ;
#1136 = ORIENTED_EDGE ( 'NONE', *, *, #1210, .T. ) ;
#1137 = LINE ( 'NONE', #1951, #1945 ) ;
#1138 = B_SPLINE_CURVE_WITH_KNOTS ( 'NONE', 3,
 ( #1791, #834, #840, #372, #333, #1311 ),
 .UNSPECIFIED., .F., .F.,
 ( 4, 2, 4 ),
 ( 0.000000000000000000, 7.686760822228428573E-05, 0.0001537352164445685715 ),
 .UNSPECIFIED. ) ;
#1139 = DIRECTION ( 'NONE',  ( -1.000000000000000000, 1.355252715606880543E-16, 0.000000000000000000 ) ) ;
#1140 = ORIENTED_EDGE ( 'NONE', *, *, #941, .T. ) ;
#1141 = ADVANCED_FACE ( 'NONE', ( #867 ), #285, .T. ) ;
#1142 = DIRECTION ( 'NONE',  ( -1.000000000000000000, 0.000000000000000000, 0.000000000000000000 ) ) ;
#1143 = CIRCLE ( 'NONE', #239, 0.08909307353785841932 ) ;
#1144 = ORIENTED_EDGE ( 'NONE', *, *, #1727, .T. ) ;
#1145 = VECTOR ( 'NONE', #1953, 1000.000000000000000 ) ;
#1146 = CARTESIAN_POINT ( 'NONE',  ( 0.5899999999999999689, -5.421010862427522170E-17, 0.000000000000000000 ) ) ;
#1147 = ORIENTED_EDGE ( 'NONE', *, *, #876, .F. ) ;
#1148 = CARTESIAN_POINT ( 'NONE',  ( -0.2866666666666669583, -0.6933333333333331350, -0.05999999999999994227 ) ) ;
#1149 = ADVANCED_FACE ( 'NONE', ( #1344 ), #558, .T. ) ;
#1150 = LINE ( 'NONE', #527, #850 ) ;
#1151 = VECTOR ( 'NONE', #125, 1000.000000000000000 ) ;
#1152 = AXIS2_PLACEMENT_3D ( 'NONE', #1390, #2032, #1544 ) ;
#1153 = AXIS2_PLACEMENT_3D ( 'NONE', #34, #1321, #519 ) ;
#1154 = FACE_OUTER_BOUND ( 'NONE', #101, .T. ) ;
#1155 = CARTESIAN_POINT ( 'NONE',  ( 1.000000000000000000, 0.6933333333333335791, 1.084202172485504434E-15 ) ) ;
#1156 = ORIENTED_EDGE ( 'NONE', *, *, #265, .F. ) ;
#1157 = CARTESIAN_POINT ( 'NONE',  ( -0.8933333333333328685, -0.7399999999999992140, -0.05999999999999999778 ) ) ;
#1158 = CARTESIAN_POINT ( 'NONE',  ( 0.1551471862576150329, -0.6933333333333332460, -0.05999999999999999778 ) ) ;
#1159 = ADVANCED_FACE ( 'NONE', ( #2052 ), #130, .F. ) ;
#1160 = CARTESIAN_POINT ( 'NONE',  ( -0.9400000000000002798, -0.6933333333333331350, 0.000000000000000000 ) ) ;
#1161 = PLANE ( 'NONE',  #1738 ) ;
#1162 = DIRECTION ( 'NONE',  ( -1.000000000000000000, -1.465138070926357470E-16, 0.000000000000000000 ) ) ;
#1163 = TOROIDAL_SURFACE ( 'NONE', #1906, 0.1315194804090514535, 0.05999999999999999778 ) ;
#1164 = AXIS2_PLACEMENT_3D ( 'NONE', #2065, #13, #1746 ) ;
#1165 = ORIENTED_EDGE ( 'NONE', *, *, #65, .F. ) ;
#1166 = CARTESIAN_POINT ( 'NONE',  ( 0.8933333333333332016, 0.6933333333333335791, 1.139999999999999902 ) ) ;
#1167 = DIRECTION ( 'NONE',  ( 1.000000000000000000, 0.000000000000000000, 0.000000000000000000 ) ) ;
#1168 = CARTESIAN_POINT ( 'NONE',  ( -0.3500000000000000333, 0.6933333333333333570, 0.05999999999999999778 ) ) ;
#1169 = CARTESIAN_POINT ( 'NONE',  ( -0.8933333333333334236, 0.7400000000000002132, 0.000000000000000000 ) ) ;
#1170 = LINE ( 'NONE', #537, #1619 ) ;
#1171 = EDGE_LOOP ( 'NONE', ( #1896, #665, #19, #1177 ) ) ;
#1172 = DIRECTION ( 'NONE',  ( 1.000000000000000000, 0.000000000000000000, 0.000000000000000000 ) ) ;
#1173 = ADVANCED_FACE ( 'NONE', ( #1745 ), #758, .F. ) ;
#1174 = CARTESIAN_POINT ( 'NONE',  ( -0.2400000000000007405, 3.252606517456523163E-17, -0.05999999999999999778 ) ) ;
#1175 = ADVANCED_FACE ( 'NONE', ( #1245 ), #461, .T. ) ;
#1176 = CYLINDRICAL_SURFACE ( 'NONE', #1346, 0.1066666666666666874 ) ;
#1177 = ORIENTED_EDGE ( 'NONE', *, *, #759, .F. ) ;
#1178 = CIRCLE ( 'NONE', #117, 0.04666666666666669655 ) ;
#1179 = CARTESIAN_POINT ( 'NONE',  ( 0.8933333333333332016, 0.6933333333333335791, 1.139999999999999902 ) ) ;
#1180 = DIRECTION ( 'NONE',  ( 0.000000000000000000, 0.000000000000000000, 1.000000000000000000 ) ) ;
#1181 = CIRCLE ( 'NONE', #1514, 0.07466666666666721408 ) ;
#1182 = EDGE_CURVE ( 'NONE', #247, #1728, #525, .T. ) ;
#1183 = ORIENTED_EDGE ( 'NONE', *, *, #68, .F. ) ;
#1184 = CARTESIAN_POINT ( 'NONE',  ( -0.1551471862576152549, 0.6933333333333335791, -0.05999999999999999778 ) ) ;
#1185 = ORIENTED_EDGE ( 'NONE', *, *, #1249, .F. ) ;
#1186 = CARTESIAN_POINT ( 'NONE',  ( -0.2866666666666669583, -0.7399999999999998801, -0.05999999999999999778 ) ) ;
#1187 = EDGE_CURVE ( 'NONE', #27, #923, #1734, .T. ) ;
#1188 = ORIENTED_EDGE ( 'NONE', *, *, #255, .F. ) ;
#1189 = CARTESIAN_POINT ( 'NONE',  ( 1.000000000000000000, -0.6933333333333332460, 1.139999999999999902 ) ) ;
#1190 = CARTESIAN_POINT ( 'NONE',  ( 0.2400000000000005185, -3.252606517456520698E-17, -0.05999999999999999778 ) ) ;
#1191 = VERTEX_POINT ( 'NONE', #2021 ) ;
#1192 = PRODUCT_RELATED_PRODUCT_CATEGORY ( 'part', '', ( #1292 ) ) ;
#1193 = FACE_OUTER_BOUND ( 'NONE', #626, .T. ) ;
#1194 = TOROIDAL_SURFACE ( 'NONE', #228, 0.1315194804090514535, 0.05999999999999999778 ) ;
#1195 = EDGE_LOOP ( 'NONE', ( #1636, #269, #830, #934 ) ) ;
#1196 = CARTESIAN_POINT ( 'NONE',  ( -0.8933333333333333126, 0.6933333333333335791, 1.139999999999999902 ) ) ;
#1197 = DIRECTION ( 'NONE',  ( -0.7071067811865445751, 0.000000000000000000, -0.7071067811865504593 ) ) ;
#1198 = ORIENTED_EDGE ( 'NONE', *, *, #426, .T. ) ;
#1199 = DIRECTION ( 'NONE',  ( -1.000000000000000000, 0.000000000000000000, -0.000000000000000000 ) ) ;
#1200 = CARTESIAN_POINT ( 'NONE',  ( -0.3500000000000000333, 0.7399999999999999911, 0.000000000000000000 ) ) ;
#1201 = PRODUCT_CONTEXT ( 'NONE', #797, 'mechanical' ) ;
#1202 = PLANE ( 'NONE',  #895 ) ;
#1203 = ORIENTED_EDGE ( 'NONE', *, *, #225, .T. ) ;
#1204 = LINE ( 'NONE', #1848, #1251 ) ;
#1205 = CONICAL_SURFACE ( 'NONE', #143, 0.04666666666666609981, 0.7853981633974446153 ) ;
#1206 = ORIENTED_EDGE ( 'NONE', *, *, #983, .T. ) ;
#1207 = DIRECTION ( 'NONE',  ( -2.710505431213761085E-16, 1.000000000000000000, 0.000000000000000000 ) ) ;
#1208 = SURFACE_STYLE_FILL_AREA ( #1705 ) ;
#1209 = ORIENTED_EDGE ( 'NONE', *, *, #607, .F. ) ;
#1210 = EDGE_CURVE ( 'NONE', #442, #2043, #587, .T. ) ;
#1211 = DIRECTION ( 'NONE',  ( 0.000000000000000000, 0.000000000000000000, -1.000000000000000000 ) ) ;
#1212 = CARTESIAN_POINT ( 'NONE',  ( -0.9400000000000001688, 1.273937552670467956E-16, -0.05999999999999999778 ) ) ;
#1213 = ORIENTED_EDGE ( 'NONE', *, *, #1648, .T. ) ;
#1214 = CARTESIAN_POINT ( 'NONE',  ( 0.2399999999999998523, -0.6933333333333332460, -0.05999999999999999778 ) ) ;
#1215 = STYLED_ITEM ( 'NONE', ( #272 ), #306 ) ;
#1216 = EDGE_LOOP ( 'NONE', ( #1830, #764, #1703, #689 ) ) ;
#1217 = DIRECTION ( 'NONE',  ( 1.000000000000000000, 0.000000000000000000, 0.000000000000000000 ) ) ;
#1218 = CARTESIAN_POINT ( 'NONE',  ( 0.000000000000000000, 0.000000000000000000, 0.000000000000000000 ) ) ;
#1219 = ORIENTED_EDGE ( 'NONE', *, *, #729, .F. ) ;
#1220 = EDGE_CURVE ( 'NONE', #312, #694, #1222, .T. ) ;
#1221 = CARTESIAN_POINT ( 'NONE',  ( -0.8933333333333336457, -0.6933333333333331350, -0.05999999999999999778 ) ) ;
#1222 = LINE ( 'NONE', #1867, #819 ) ;
#1223 = SHAPE_DEFINITION_REPRESENTATION ( #1083, #949 ) ;
#1224 = DIRECTION ( 'NONE',  ( -1.000000000000000000, 0.000000000000000000, 0.000000000000000000 ) ) ;
#1225 = ORIENTED_EDGE ( 'NONE', *, *, #641, .F. ) ;
#1226 = CIRCLE ( 'NONE', #659, 0.05999999999999999778 ) ;
#1227 = CARTESIAN_POINT ( 'NONE',  ( -0.2866666666666669583, -0.7999999999999998224, 1.081395352209268300E-15 ) ) ;
#1228 = EDGE_CURVE ( 'NONE', #322, #1134, #2008, .T. ) ;
#1229 = VERTEX_POINT ( 'NONE', #1367 ) ;
#1230 = CARTESIAN_POINT ( 'NONE',  ( 0.2866666666666665142, -0.7824264068711915820, -0.01757359312880724111 ) ) ;
#1231 = AXIS2_PLACEMENT_3D ( 'NONE', #1275, #315, #1775 ) ;
#1232 = AXIS2_PLACEMENT_3D ( 'NONE', #954, #1776, #780 ) ;
#1233 = ORIENTED_EDGE ( 'NONE', *, *, #1220, .T. ) ;
#1234 = CARTESIAN_POINT ( 'NONE',  ( -0.2866666666666667362, 0.6933333333333334680, -0.05999999999999999778 ) ) ;
#1235 = CARTESIAN_POINT ( 'NONE',  ( -0.1551471862576153382, 2.102636454943996873E-17, -0.05999999999999999778 ) ) ;
#1236 = DIRECTION ( 'NONE',  ( 1.000000000000000000, 0.000000000000000000, 0.000000000000000000 ) ) ;
#1237 = ORIENTED_EDGE ( 'NONE', *, *, #1458, .T. ) ;
#1238 = CARTESIAN_POINT ( 'NONE',  ( 9.784263507796017458E-17, 0.7400000000000001021, -0.05999999999999999778 ) ) ;
#1239 = ORIENTED_EDGE ( 'NONE', *, *, #941, .F. ) ;
#1240 = VECTOR ( 'NONE', #428, 1000.000000000000000 ) ;
#1241 = EDGE_CURVE ( 'NONE', #1739, #2, #1283, .T. ) ;
#1242 =( GEOMETRIC_REPRESENTATION_CONTEXT ( 3 ) GLOBAL_UNCERTAINTY_ASSIGNED_CONTEXT ( ( #379 ) ) GLOBAL_UNIT_ASSIGNED_CONTEXT ( ( #939, #2050, #156 ) ) REPRESENTATION_CONTEXT ( 'NONE', 'WORKASPACE' ) );
#1243 = ORIENTED_EDGE ( 'NONE', *, *, #1279, .T. ) ;
#1244 = LINE ( 'NONE', #1512, #1066 ) ;
#1245 = FACE_OUTER_BOUND ( 'NONE', #925, .T. ) ;
#1246 = DIRECTION ( 'NONE',  ( 1.000000000000000000, -1.355252715606880543E-16, 0.000000000000000000 ) ) ;
#1247 = EDGE_LOOP ( 'NONE', ( #1219, #766, #112, #237 ) ) ;
#1248 = CARTESIAN_POINT ( 'NONE',  ( -0.8933333333333328685, -0.6933333333333331350, 1.139999999999999902 ) ) ;
#1249 = EDGE_CURVE ( 'NONE', #1009, #1326, #1635, .T. ) ;
#1250 = ORIENTED_EDGE ( 'NONE', *, *, #760, .T. ) ;
#1251 = VECTOR ( 'NONE', #416, 1000.000000000000000 ) ;
#1252 = DIRECTION ( 'NONE',  ( -0.7071067811865451302, 0.000000000000000000, 0.7071067811865500152 ) ) ;
#1253 = APPLICATION_CONTEXT ( 'automotive_design' ) ;
#1254 = CIRCLE ( 'NONE', #1345, 0.04666666666666669655 ) ;
#1255 = LINE ( 'NONE', #1045, #678 ) ;
#1256 = EDGE_CURVE ( 'NONE', #694, #1483, #1254, .T. ) ;
#1257 = CARTESIAN_POINT ( 'NONE',  ( 0.2866666666666668473, 0.7399999999999996581, -0.05999999999999999778 ) ) ;
#1258 = FACE_OUTER_BOUND ( 'NONE', #685, .T. ) ;
#1259 = VERTEX_POINT ( 'NONE', #1547 ) ;
#1260 = LINE ( 'NONE', #449, #491 ) ;
#1261 = ORIENTED_EDGE ( 'NONE', *, *, #1364, .F. ) ;
#1262 = CARTESIAN_POINT ( 'NONE',  ( -0.2866666666666669583, -0.7824264068711914710, -0.01757359312880735561 ) ) ;
#1263 = DIRECTION ( 'NONE',  ( -1.000000000000000000, -2.323290369611795103E-15, 0.000000000000000000 ) ) ;
#1264 = PRESENTATION_LAYER_ASSIGNMENT (  '', '', ( #995 ) ) ;
#1265 = DIRECTION ( 'NONE',  ( 0.000000000000000000, 0.000000000000000000, -1.000000000000000000 ) ) ;
#1266 = FACE_OUTER_BOUND ( 'NONE', #126, .T. ) ;
#1267 = ORIENTED_EDGE ( 'NONE', *, *, #577, .F. ) ;
#1268 = DIRECTION ( 'NONE',  ( 0.000000000000000000, -0.000000000000000000, 1.000000000000000000 ) ) ;
#1269 = ORIENTED_EDGE ( 'NONE', *, *, #450, .F. ) ;
#1270 = VERTEX_POINT ( 'NONE', #289 ) ;
#1271 = DIRECTION ( 'NONE',  ( 0.000000000000000000, -0.000000000000000000, -1.000000000000000000 ) ) ;
#1272 = DIRECTION ( 'NONE',  ( 0.000000000000000000, -0.000000000000000000, 1.000000000000000000 ) ) ;
#1273 = ADVANCED_FACE ( 'NONE', ( #1380 ), #1049, .T. ) ;
#1274 = VECTOR ( 'NONE', #1032, 1000.000000000000000 ) ;
#1275 = CARTESIAN_POINT ( 'NONE',  ( 0.3033333333333331772, 0.6933333333333333570, 0.05999999999999999778 ) ) ;
#1276 = LINE ( 'NONE', #339, #1964 ) ;
#1277 = EDGE_LOOP ( 'NONE', ( #1968, #2003, #720, #90 ) ) ;
#1278 = CARTESIAN_POINT ( 'NONE',  ( 0.1551471862576150329, -0.6933333333333332460, 0.000000000000000000 ) ) ;
#1279 = EDGE_CURVE ( 'NONE', #987, #1017, #1536, .T. ) ;
#1280 = EDGE_LOOP ( 'NONE', ( #1334, #1198, #235, #789 ) ) ;
#1281 = DIRECTION ( 'NONE',  ( -1.000000000000000000, 0.000000000000000000, 0.000000000000000000 ) ) ;
#1282 = CIRCLE ( 'NONE', #551, 0.07466666666666721408 ) ;
#1283 = CIRCLE ( 'NONE', #1894, 0.1066666666666666874 ) ;
#1284 = AXIS2_PLACEMENT_3D ( 'NONE', #1000, #543, #63 ) ;
#1285 = CARTESIAN_POINT ( 'NONE',  ( 0.3033333333333334547, -0.6933333333333333570, 0.05999999999999999778 ) ) ;
#1286 = DIRECTION ( 'NONE',  ( 1.000000000000000000, 0.000000000000000000, 0.000000000000000000 ) ) ;
#1287 = ORIENTED_EDGE ( 'NONE', *, *, #317, .F. ) ;
#1288 = CARTESIAN_POINT ( 'NONE',  ( 0.2866666666666668473, 0.7824264068711919151, -0.01757359312880734173 ) ) ;
#1289 = ORIENTED_EDGE ( 'NONE', *, *, #450, .T. ) ;
#1290 = EDGE_CURVE ( 'NONE', #1447, #1009, #933, .T. ) ;
#1291 = CARTESIAN_POINT ( 'NONE',  ( 0.3499999999999999223, 0.6933333333333333570, 0.05999999999999999778 ) ) ;
#1292 = PRODUCT ( 'FTC201612S', 'FTC201612S', '', ( #1201 ) ) ;
#1293 = LINE ( 'NONE', #1763, #779 ) ;
#1294 = CARTESIAN_POINT ( 'NONE',  ( 0.3033333333333331772, 0.6933333333333333570, 0.000000000000000000 ) ) ;
#1295 = AXIS2_PLACEMENT_3D ( 'NONE', #1285, #1265, #2051 ) ;
#1296 = DIRECTION ( 'NONE',  ( -1.000000000000000000, 0.000000000000000000, 0.000000000000000000 ) ) ;
#1297 = ORIENTED_EDGE ( 'NONE', *, *, #920, .F. ) ;
#1298 = DIRECTION ( 'NONE',  ( -1.098853553194768041E-16, 1.000000000000000000, 0.000000000000000000 ) ) ;
#1299 = ORIENTED_EDGE ( 'NONE', *, *, #1524, .T. ) ;
#1300 = CARTESIAN_POINT ( 'NONE',  ( -9.784263507796013760E-17, -0.7399999999999998801, 0.000000000000000000 ) ) ;
#1301 = VERTEX_POINT ( 'NONE', #1559 ) ;
#1302 = DIRECTION ( 'NONE',  ( 0.000000000000000000, 0.000000000000000000, -1.000000000000000000 ) ) ;
#1303 = EDGE_CURVE ( 'NONE', #1885, #312, #650, .T. ) ;
#1304 = FACE_OUTER_BOUND ( 'NONE', #1656, .T. ) ;
#1305 = VECTOR ( 'NONE', #851, 1000.000000000000000 ) ;
#1306 = FACE_OUTER_BOUND ( 'NONE', #996, .T. ) ;
#1307 = ORIENTED_EDGE ( 'NONE', *, *, #1349, .T. ) ;
#1308 = FACE_OUTER_BOUND ( 'NONE', #1464, .T. ) ;
#1309 = ORIENTED_EDGE ( 'NONE', *, *, #783, .F. ) ;
#1310 = ADVANCED_FACE ( 'NONE', ( #1891 ), #423, .T. ) ;
#1311 = CARTESIAN_POINT ( 'NONE',  ( -0.3636055771690188676, 0.8000000000000002665, 1.081395352209268300E-15 ) ) ;
#1312 = CARTESIAN_POINT ( 'NONE',  ( 1.000000000000000000, -0.6933333333333332460, 1.108000000000000096 ) ) ;
#1313 = DIRECTION ( 'NONE',  ( 0.000000000000000000, -0.7071067811865426878, -0.7071067811865522357 ) ) ;
#1314 = CARTESIAN_POINT ( 'NONE',  ( 0.8933333333333332016, -0.7399999999999997691, 0.000000000000000000 ) ) ;
#1315 = CIRCLE ( 'NONE', #916, 0.04666666666666664798 ) ;
#1316 = CARTESIAN_POINT ( 'NONE',  ( -0.9400000000000000577, 0.6933333333333335791, 0.000000000000000000 ) ) ;
#1317 = CARTESIAN_POINT ( 'NONE',  ( 0.2872856988970367564, 0.7827237403693160234, -0.01727625963068322307 ) ) ;
#1318 = ORIENTED_EDGE ( 'NONE', *, *, #1371, .T. ) ;
#1319 = CARTESIAN_POINT ( 'NONE',  ( 0.2866666666666665142, -0.6933333333333331350, 0.000000000000000000 ) ) ;
#1320 = PRODUCT_DEFINITION_SHAPE ( 'NONE', 'NONE',  #767 ) ;
#1321 = DIRECTION ( 'NONE',  ( -0.000000000000000000, 0.000000000000000000, 1.000000000000000000 ) ) ;
#1322 = CARTESIAN_POINT ( 'NONE',  ( 0.9399999999999993916, 0.000000000000000000, -0.05999999999999999778 ) ) ;
#1323 = FACE_OUTER_BOUND ( 'NONE', #1756, .T. ) ;
#1324 = VECTOR ( 'NONE', #1911, 1000.000000000000000 ) ;
#1325 = VECTOR ( 'NONE', #1846, 1000.000000000000114 ) ;
#1326 = VERTEX_POINT ( 'NONE', #1391 ) ;
#1327 = DIRECTION ( 'NONE',  ( 0.000000000000000000, -0.7071067811865504593, -0.7071067811865445751 ) ) ;
#1328 = CARTESIAN_POINT ( 'NONE',  ( 1.000000000000000000, 0.7400000000000002132, -0.05999999999999999778 ) ) ;
#1329 = CARTESIAN_POINT ( 'NONE',  ( 1.000000000000000000, 0.6933333333333335791, 1.108000000000000096 ) ) ;
#1330 = ADVANCED_FACE ( 'NONE', ( #1869 ), #20, .T. ) ;
#1331 = CARTESIAN_POINT ( 'NONE',  ( -0.9400000000000000577, 0.6933333333333335791, -0.05999999999999999778 ) ) ;
#1332 = DIRECTION ( 'NONE',  ( 0.000000000000000000, 0.000000000000000000, 1.000000000000000000 ) ) ;
#1333 = AXIS2_PLACEMENT_3D ( 'NONE', #1174, #1990, #1818 ) ;
#1334 = ORIENTED_EDGE ( 'NONE', *, *, #1399, .T. ) ;
#1335 = DIRECTION ( 'NONE',  ( 1.000000000000000000, 0.000000000000000000, 0.000000000000000000 ) ) ;
#1336 = EDGE_CURVE ( 'NONE', #1777, #1050, #918, .T. ) ;
#1337 = ORIENTED_EDGE ( 'NONE', *, *, #1220, .F. ) ;
#1338 = DIRECTION ( 'NONE',  ( 0.000000000000000000, 0.000000000000000000, -1.000000000000000000 ) ) ;
#1339 = DIRECTION ( 'NONE',  ( -1.000000000000000000, 0.000000000000000000, 0.000000000000000000 ) ) ;
#1340 = ORIENTED_EDGE ( 'NONE', *, *, #729, .T. ) ;
#1341 = PRODUCT_DEFINITION ( 'UNKNOWN', '', #865, #857 ) ;
#1342 = VECTOR ( 'NONE', #831, 1000.000000000000000 ) ;
#1343 = CARTESIAN_POINT ( 'NONE',  ( 0.8933333333333332016, -0.7999999999999998224, 1.084202172485504434E-15 ) ) ;
#1344 = FACE_OUTER_BOUND ( 'NONE', #273, .T. ) ;
#1345 = AXIS2_PLACEMENT_3D ( 'NONE', #1016, #1976, #548 ) ;
#1346 = AXIS2_PLACEMENT_3D ( 'NONE', #1963, #1955, #1142 ) ;
#1347 = ORIENTED_EDGE ( 'NONE', *, *, #719, .T. ) ;
#1348 = DIRECTION ( 'NONE',  ( -0.000000000000000000, 0.000000000000000000, -1.000000000000000000 ) ) ;
#1349 = EDGE_CURVE ( 'NONE', #1404, #955, #1102, .T. ) ;
#1350 = ORIENTED_EDGE ( 'NONE', *, *, #1760, .F. ) ;
#1351 = PLANE ( 'NONE',  #110 ) ;
#1352 =( LENGTH_UNIT ( ) NAMED_UNIT ( * ) SI_UNIT ( .MILLI., .METRE. ) );
#1353 = ORIENTED_EDGE ( 'NONE', *, *, #553, .T. ) ;
#1354 = DIRECTION ( 'NONE',  ( 1.000000000000000000, 0.000000000000000000, 0.000000000000000000 ) ) ;
#1355 = CARTESIAN_POINT ( 'NONE',  ( 9.784263507796017458E-17, 0.7400000000000001021, 0.000000000000000000 ) ) ;
#1356 =( NAMED_UNIT ( * ) SI_UNIT ( $, .STERADIAN. ) SOLID_ANGLE_UNIT ( ) );
#1357 = DIRECTION ( 'NONE',  ( -0.000000000000000000, 0.000000000000000000, 1.000000000000000000 ) ) ;
#1358 = ORIENTED_EDGE ( 'NONE', *, *, #1364, .T. ) ;
#1359 = VECTOR ( 'NONE', #242, 1000.000000000000000 ) ;
#1360 = DIRECTION ( 'NONE',  ( 1.000000000000000000, 0.000000000000000000, 0.000000000000000000 ) ) ;
#1361 = AXIS2_PLACEMENT_3D ( 'NONE', #159, #623, #642 ) ;
#1362 = EDGE_LOOP ( 'NONE', ( #114, #493, #403, #371, #1548, #1140, #1658, #1613 ) ) ;
#1363 = CARTESIAN_POINT ( 'NONE',  ( 0.2355953022044492140, 0.8000000000000001554, 9.486769009248163798E-17 ) ) ;
#1364 = EDGE_CURVE ( 'NONE', #1388, #2011, #332, .T. ) ;
#1365 = ORIENTED_EDGE ( 'NONE', *, *, #1841, .F. ) ;
#1366 = DIRECTION ( 'NONE',  ( 1.000000000000000000, 0.000000000000000000, 0.000000000000000000 ) ) ;
#1367 = CARTESIAN_POINT ( 'NONE',  ( 0.8933333333333334236, 0.7400000000000002132, -0.05999999999999999778 ) ) ;
#1368 = CARTESIAN_POINT ( 'NONE',  ( -0.3033333333333331772, -0.6933333333333333570, 0.05999999999999999778 ) ) ;
#1369 = LINE ( 'NONE', #870, #1852 ) ;
#1370 = AXIS2_PLACEMENT_3D ( 'NONE', #765, #1396, #1587 ) ;
#1371 = EDGE_CURVE ( 'NONE', #71, #1677, #1403, .T. ) ;
#1372 = EDGE_LOOP ( 'NONE', ( #1591, #1666, #654, #872 ) ) ;
#1373 = DIRECTION ( 'NONE',  ( 1.000000000000000000, 0.000000000000000000, 0.000000000000000000 ) ) ;
#1374 = STYLED_ITEM ( 'NONE', ( #814 ), #45 ) ;
#1375 = DIRECTION ( 'NONE',  ( 0.000000000000000000, 0.000000000000000000, 1.000000000000000000 ) ) ;
#1376 = VERTEX_POINT ( 'NONE', #1061 ) ;
#1377 = ADVANCED_FACE ( 'NONE', ( #922 ), #1082, .T. ) ;
#1378 = DIRECTION ( 'NONE',  ( -1.000000000000000000, 0.000000000000000000, 0.000000000000000000 ) ) ;
#1379 = CARTESIAN_POINT ( 'NONE',  ( -0.3636055771690189786, -0.7999999999999998224, 1.081395352209268300E-15 ) ) ;
#1380 = FACE_OUTER_BOUND ( 'NONE', #104, .T. ) ;
#1381 = EDGE_LOOP ( 'NONE', ( #1156, #1407, #609, #890 ) ) ;
#1382 = CARTESIAN_POINT ( 'NONE',  ( 0.3499999999999999223, 0.7399999999999999911, 0.05999999999999999778 ) ) ;
#1383 = AXIS2_PLACEMENT_3D ( 'NONE', #1583, #1427, #615 ) ;
#1384 = AXIS2_PLACEMENT_3D ( 'NONE', #53, #219, #388 ) ;
#1385 = VERTEX_POINT ( 'NONE', #1722 ) ;
#1386 = CARTESIAN_POINT ( 'NONE',  ( -0.3493032727506336643, -0.7999999999999997113, 1.007092944083199290E-15 ) ) ;
#1387 = CARTESIAN_POINT ( 'NONE',  ( 0.000000000000000000, 0.000000000000000000, 0.000000000000000000 ) ) ;
#1388 = VERTEX_POINT ( 'NONE', #889 ) ;
#1389 = DIRECTION ( 'NONE',  ( -0.000000000000000000, -0.7071067811865523467, 0.7071067811865427988 ) ) ;
#1390 = CARTESIAN_POINT ( 'NONE',  ( -0.8933333333333336457, -0.6933333333333331350, -0.05999999999999999778 ) ) ;
#1391 = CARTESIAN_POINT ( 'NONE',  ( 0.2866666666666665142, -0.7824264068711915820, -0.01757359312880724111 ) ) ;
#1392 = ORIENTED_EDGE ( 'NONE', *, *, #932, .T. ) ;
#1393 = DIRECTION ( 'NONE',  ( 0.000000000000000000, 0.7071067811865445751, -0.7071067811865504593 ) ) ;
#1394 = ADVANCED_FACE ( 'NONE', ( #131 ), #1202, .F. ) ;
#1395 = ORIENTED_EDGE ( 'NONE', *, *, #1256, .T. ) ;
#1396 = DIRECTION ( 'NONE',  ( -0.000000000000000000, 0.000000000000000000, 1.000000000000000000 ) ) ;
#1397 = VECTOR ( 'NONE', #622, 1000.000000000000114 ) ;
#1398 = ORIENTED_EDGE ( 'NONE', *, *, #1121, .T. ) ;
#1399 = EDGE_CURVE ( 'NONE', #1596, #1447, #1710, .T. ) ;
#1400 = DIRECTION ( 'NONE',  ( 0.000000000000000000, 0.000000000000000000, -1.000000000000000000 ) ) ;
#1401 =( GEOMETRIC_REPRESENTATION_CONTEXT ( 3 ) GLOBAL_UNCERTAINTY_ASSIGNED_CONTEXT ( ( #588 ) ) GLOBAL_UNIT_ASSIGNED_CONTEXT ( ( #402, #1868, #1356 ) ) REPRESENTATION_CONTEXT ( 'NONE', 'WORKASPACE' ) );
#1402 = UNCERTAINTY_MEASURE_WITH_UNIT (LENGTH_MEASURE( 1.000000000000000082E-05 ), #651, 'distance_accuracy_value', 'NONE');
#1403 = LINE ( 'NONE', #462, #1493 ) ;
#1404 = VERTEX_POINT ( 'NONE', #1525 ) ;
#1405 = LINE ( 'NONE', #1085, #1449 ) ;
#1406 = ADVANCED_FACE ( 'NONE', ( #2010 ), #578, .T. ) ;
#1407 = ORIENTED_EDGE ( 'NONE', *, *, #1468, .T. ) ;
#1408 = ADVANCED_FACE ( 'NONE', ( #1590 ), #984, .T. ) ;
#1409 = CARTESIAN_POINT ( 'NONE',  ( -0.1551471862576154215, -0.6933333333333331350, 0.000000000000000000 ) ) ;
#1410 = CIRCLE ( 'NONE', #1576, 0.04666666666666669655 ) ;
#1411 = DIRECTION ( 'NONE',  ( 1.000000000000000000, 0.000000000000000000, 0.000000000000000000 ) ) ;
#1412 = SURFACE_STYLE_FILL_AREA ( #148 ) ;
#1413 = DIRECTION ( 'NONE',  ( 0.000000000000000000, -0.000000000000000000, -1.000000000000000000 ) ) ;
#1414 = DIRECTION ( 'NONE',  ( -0.000000000000000000, 0.000000000000000000, 1.000000000000000000 ) ) ;
#1415 = FACE_OUTER_BOUND ( 'NONE', #2062, .T. ) ;
#1416 = VERTEX_POINT ( 'NONE', #1602 ) ;
#1417 = CARTESIAN_POINT ( 'NONE',  ( 1.000000000000000000, 0.7400000000000002132, -0.05999999999999999778 ) ) ;
#1418 = ORIENTED_EDGE ( 'NONE', *, *, #139, .F. ) ;
#1419 = VECTOR ( 'NONE', #46, 1000.000000000000114 ) ;
#1420 = LINE ( 'NONE', #1886, #276 ) ;
#1421 = AXIS2_PLACEMENT_3D ( 'NONE', #1502, #78, #711 ) ;
#1422 = ORIENTED_EDGE ( 'NONE', *, *, #1429, .T. ) ;
#1423 = CARTESIAN_POINT ( 'NONE',  ( -0.8933333333333333126, 0.8000000000000002665, 1.139999999999999902 ) ) ;
#1424 = MANIFOLD_SOLID_BREP ( '\X2\570689d2\X0\1', #943 ) ;
#1425 = DIRECTION ( 'NONE',  ( -1.000000000000000000, 0.000000000000000000, 0.000000000000000000 ) ) ;
#1426 = ORIENTED_EDGE ( 'NONE', *, *, #932, .F. ) ;
#1427 = DIRECTION ( 'NONE',  ( 0.7071067811865523467, 0.000000000000000000, 0.7071067811865427988 ) ) ;
#1428 = ORIENTED_EDGE ( 'NONE', *, *, #1098, .F. ) ;
#1429 = EDGE_CURVE ( 'NONE', #251, #1840, #1276, .T. ) ;
#1430 = ADVANCED_FACE ( 'NONE', ( #1258 ), #1113, .F. ) ;
#1431 = CARTESIAN_POINT ( 'NONE',  ( 0.9400000000000000577, 0.8000000000000002665, -0.05999999999999999778 ) ) ;
#1432 = VECTOR ( 'NONE', #410, 1000.000000000000000 ) ;
#1433 = AXIS2_PLACEMENT_3D ( 'NONE', #1903, #1106, #1425 ) ;
#1434 = CARTESIAN_POINT ( 'NONE',  ( -0.1800000000000002431, -0.6933333333333331350, 1.084202172485504828E-15 ) ) ;
#1435 = EDGE_CURVE ( 'NONE', #1483, #1885, #2054, .T. ) ;
#1436 = LINE ( 'NONE', #327, #1998 ) ;
#1437 = ORIENTED_EDGE ( 'NONE', *, *, #1303, .T. ) ;
#1438 = DIRECTION ( 'NONE',  ( 1.355252715606880543E-16, 1.000000000000000000, -0.000000000000000000 ) ) ;
#1439 = VERTEX_POINT ( 'NONE', #973 ) ;
#1440 = DIRECTION ( 'NONE',  ( 1.000000000000000000, 0.000000000000000000, 0.000000000000000000 ) ) ;
#1441 = AXIS2_PLACEMENT_3D ( 'NONE', #740, #582, #1217 ) ;
#1442 = CARTESIAN_POINT ( 'NONE',  ( -0.8933333333333336457, -0.7399999999999997691, 0.000000000000000000 ) ) ;
#1443 = EDGE_CURVE ( 'NONE', #1987, #1571, #634, .T. ) ;
#1444 = PLANE ( 'NONE',  #1361 ) ;
#1445 = ORIENTED_EDGE ( 'NONE', *, *, #455, .T. ) ;
#1446 = CARTESIAN_POINT ( 'NONE',  ( -0.3033333333333331772, -0.7399999999999999911, 0.05999999999999999778 ) ) ;
#1447 = VERTEX_POINT ( 'NONE', #1623 ) ;
#1448 = CYLINDRICAL_SURFACE ( 'NONE', #1610, 0.1066666666666666874 ) ;
#1449 = VECTOR ( 'NONE', #464, 1000.000000000000000 ) ;
#1450 = DIRECTION ( 'NONE',  ( 1.000000000000000000, 0.000000000000000000, 0.000000000000000000 ) ) ;
#1451 = AXIS2_PLACEMENT_3D ( 'NONE', #56, #856, #89 ) ;
#1452 = DIRECTION ( 'NONE',  ( -0.000000000000000000, -0.000000000000000000, 1.000000000000000000 ) ) ;
#1453 = CARTESIAN_POINT ( 'NONE',  ( 0.3500000000000001443, -0.6933333333333333570, 0.05999999999999999778 ) ) ;
#1454 = ORIENTED_EDGE ( 'NONE', *, *, #1566, .F. ) ;
#1455 = PLANE ( 'NONE',  #1982 ) ;
#1456 = ORIENTED_EDGE ( 'NONE', *, *, #1524, .F. ) ;
#1457 = DIRECTION ( 'NONE',  ( 0.000000000000000000, 0.000000000000000000, 1.000000000000000000 ) ) ;
#1458 = EDGE_CURVE ( 'NONE', #957, #1229, #1702, .T. ) ;
#1459 = CARTESIAN_POINT ( 'NONE',  ( 0.8933333333333332016, 0.8000000000000002665, 1.139999999999999902 ) ) ;
#1460 = AXIS2_PLACEMENT_3D ( 'NONE', #568, #2033, #111 ) ;
#1461 = CARTESIAN_POINT ( 'NONE',  ( 1.000000000000000000, -0.6933333333333332460, 1.084202172485504828E-15 ) ) ;
#1462 = ADVANCED_FACE ( 'NONE', ( #1415 ), #1444, .F. ) ;
#1463 = DIRECTION ( 'NONE',  ( -0.000000000000000000, 0.000000000000000000, 1.000000000000000000 ) ) ;
#1464 = EDGE_LOOP ( 'NONE', ( #1055, #1606, #1782, #1269 ) ) ;
#1465 = CARTESIAN_POINT ( 'NONE',  ( -0.1975735931288082337, 0.6933333333333335791, -0.01757359312880728275 ) ) ;
#1466 = VERTEX_POINT ( 'NONE', #1581 ) ;
#1467 = DIRECTION ( 'NONE',  ( -1.000000000000000000, 0.000000000000000000, 0.000000000000000000 ) ) ;
#1468 = EDGE_CURVE ( 'NONE', #1800, #987, #1599, .T. ) ;
#1469 = CARTESIAN_POINT ( 'NONE',  ( -0.3097625787188506008, 0.7920791201770350787, -0.007920879822964086228 ) ) ;
#1470 = CARTESIAN_POINT ( 'NONE',  ( 0.2866666666666668473, 0.8000000000000002665, 1.081395352209268300E-15 ) ) ;
#1471 = VECTOR ( 'NONE', #115, 1000.000000000000000 ) ;
#1472 = DIRECTION ( 'NONE',  ( 1.000000000000000000, 0.000000000000000000, 0.000000000000000000 ) ) ;
#1473 = CIRCLE ( 'NONE', #345, 0.04666666666666664798 ) ;
#1474 = LINE ( 'NONE', #1124, #1119 ) ;
#1475 = PRODUCT_DEFINITION_SHAPE ( 'NONE', 'NONE',  #2069 ) ;
#1476 = ORIENTED_EDGE ( 'NONE', *, *, #723, .T. ) ;
#1477 = DIRECTION ( 'NONE',  ( 1.355252715606880543E-16, 1.000000000000000000, 0.000000000000000000 ) ) ;
#1478 = ORIENTED_EDGE ( 'NONE', *, *, #756, .T. ) ;
#1479 = CYLINDRICAL_SURFACE ( 'NONE', #1384, 0.04666666666666669655 ) ;
#1480 = CONICAL_SURFACE ( 'NONE', #2053, 0.04666666666666609981, 0.7853981633974446153 ) ;
#1481 = DIRECTION ( 'NONE',  ( 1.000000000000000000, 0.000000000000000000, 0.000000000000000000 ) ) ;
#1482 = PLANE ( 'NONE',  #1451 ) ;
#1483 = VERTEX_POINT ( 'NONE', #1453 ) ;
#1484 = CARTESIAN_POINT ( 'NONE',  ( -0.8933333333333333126, 0.8000000000000002665, 1.084202172485504434E-15 ) ) ;
#1485 = EDGE_CURVE ( 'NONE', #226, #1301, #801, .T. ) ;
#1486 = LINE ( 'NONE', #1312, #1145 ) ;
#1487 = ADVANCED_FACE ( 'NONE', ( #1266 ), #1913, .F. ) ;
#1488 = DIRECTION ( 'NONE',  ( 0.000000000000000000, 0.000000000000000000, 1.000000000000000000 ) ) ;
#1489 = EDGE_CURVE ( 'NONE', #419, #1439, #1436, .T. ) ;
#1490 = DIRECTION ( 'NONE',  ( 0.000000000000000000, 1.000000000000000000, 0.000000000000000000 ) ) ;
#1491 = DIRECTION ( 'NONE',  ( 2.710505431213761085E-16, -1.000000000000000000, 0.000000000000000000 ) ) ;
#1492 = VECTOR ( 'NONE', #1025, 1000.000000000000000 ) ;
#1493 = VECTOR ( 'NONE', #2023, 1000.000000000000000 ) ;
#1494 = ORIENTED_EDGE ( 'NONE', *, *, #1967, .T. ) ;
#1495 = DIRECTION ( 'NONE',  ( -1.000000000000000000, 0.000000000000000000, 0.000000000000000000 ) ) ;
#1496 = ORIENTED_EDGE ( 'NONE', *, *, #1077, .F. ) ;
#1497 = FACE_OUTER_BOUND ( 'NONE', #524, .T. ) ;
#1498 = DIRECTION ( 'NONE',  ( 0.000000000000000000, 0.000000000000000000, -1.000000000000000000 ) ) ;
#1499 = DIRECTION ( 'NONE',  ( 0.000000000000000000, 0.000000000000000000, -1.000000000000000000 ) ) ;
#1500 = EDGE_LOOP ( 'NONE', ( #1851, #1006, #1109, #794, #1250, #724, #879, #96 ) ) ;
#1501 = CARTESIAN_POINT ( 'NONE',  ( 0.1551471862576154215, 0.6933333333333335791, -0.05999999999999999778 ) ) ;
#1502 = CARTESIAN_POINT ( 'NONE',  ( 0.8933333333333332016, 0.6933333333333335791, 1.139999999999999902 ) ) ;
#1503 = CONICAL_SURFACE ( 'NONE', #610, 0.04666666666666609981, 0.7853981633974446153 ) ;
#1504 = EDGE_CURVE ( 'NONE', #1191, #1877, #1873, .T. ) ;
#1505 = VECTOR ( 'NONE', #1302, 1000.000000000000000 ) ;
#1506 = EDGE_LOOP ( 'NONE', ( #2038, #1243, #473, #132 ) ) ;
#1507 = DIRECTION ( 'NONE',  ( 0.000000000000000000, 0.000000000000000000, -1.000000000000000000 ) ) ;
#1508 = ORIENTED_EDGE ( 'NONE', *, *, #387, .F. ) ;
#1509 = CARTESIAN_POINT ( 'NONE',  ( -0.2866666666666667362, 0.8000000000000002665, 1.029992063861229212E-15 ) ) ;
#1510 = ORIENTED_EDGE ( 'NONE', *, *, #1001, .F. ) ;
#1511 = AXIS2_PLACEMENT_3D ( 'NONE', #1417, #2056, #604 ) ;
#1512 = CARTESIAN_POINT ( 'NONE',  ( 0.9999999999999997780, -0.7399999999999997691, -0.000000000000000000 ) ) ;
#1513 = CARTESIAN_POINT ( 'NONE',  ( -0.2400000000000000466, 0.6933333333333334680, 0.000000000000000000 ) ) ;
#1514 = AXIS2_PLACEMENT_3D ( 'NONE', #1974, #547, #1664 ) ;
#1515 = EDGE_CURVE ( 'NONE', #892, #442, #474, .T. ) ;
#1516 = EDGE_LOOP ( 'NONE', ( #279, #1107, #1758, #614, #1671, #717, #1136, #742 ) ) ;
#1517 = CARTESIAN_POINT ( 'NONE',  ( -0.8933333333333333126, 0.6933333333333335791, -0.05999999999999994227 ) ) ;
#1518 = ORIENTED_EDGE ( 'NONE', *, *, #1898, .T. ) ;
#1519 = CARTESIAN_POINT ( 'NONE',  ( 0.2866666666666665142, -0.6933333333333332460, -0.05999999999999999778 ) ) ;
#1520 = ADVANCED_FACE ( 'NONE', ( #529 ), #1653, .T. ) ;
#1521 = VERTEX_POINT ( 'NONE', #557 ) ;
#1522 = CYLINDRICAL_SURFACE ( 'NONE', #631, 0.04666666666666666879 ) ;
#1523 = DIRECTION ( 'NONE',  ( -1.000000000000000000, 0.000000000000000000, 0.000000000000000000 ) ) ;
#1524 = EDGE_CURVE ( 'NONE', #1983, #1439, #1633, .T. ) ;
#1525 = CARTESIAN_POINT ( 'NONE',  ( -0.3499999999999998668, -0.6933333333333333570, 0.05999999999999999778 ) ) ;
#1526 = ORIENTED_EDGE ( 'NONE', *, *, #618, .F. ) ;
#1527 = AXIS2_PLACEMENT_3D ( 'NONE', #422, #1878, #1696 ) ;
#1528 = LINE ( 'NONE', #1657, #583 ) ;
#1529 = ORIENTED_EDGE ( 'NONE', *, *, #1967, .F. ) ;
#1530 = LINE ( 'NONE', #1862, #1240 ) ;
#1531 = ADVANCED_FACE ( 'NONE', ( #1832 ), #1161, .T. ) ;
#1532 = CARTESIAN_POINT ( 'NONE',  ( 0.000000000000000000, 0.000000000000000000, 0.000000000000000000 ) ) ;
#1533 = VERTEX_POINT ( 'NONE', #192 ) ;
#1534 = DIRECTION ( 'NONE',  ( 0.000000000000000000, -0.000000000000000000, -1.000000000000000000 ) ) ;
#1535 = DIRECTION ( 'NONE',  ( 1.000000000000000000, 0.000000000000000000, 0.000000000000000000 ) ) ;
#1536 = LINE ( 'NONE', #736, #383 ) ;
#1537 = ORIENTED_EDGE ( 'NONE', *, *, #1981, .F. ) ;
#1538 = CARTESIAN_POINT ( 'NONE',  ( 0.2866666666666667362, 0.6933333333333335791, -0.05999999999999999778 ) ) ;
#1539 = CONICAL_SURFACE ( 'NONE', #644, 0.04666666666666609981, 0.7853981633974446153 ) ;
#1540 = EDGE_LOOP ( 'NONE', ( #1478, #2034, #506, #1476 ) ) ;
#1541 = LINE ( 'NONE', #718, #9 ) ;
#1542 = EDGE_LOOP ( 'NONE', ( #739, #1496, #1297, #429 ) ) ;
#1543 = DIRECTION ( 'NONE',  ( 1.000000000000000000, 0.000000000000000000, 0.000000000000000000 ) ) ;
#1544 = DIRECTION ( 'NONE',  ( -1.000000000000000000, 0.000000000000000000, 0.000000000000000000 ) ) ;
#1545 = AXIS2_PLACEMENT_3D ( 'NONE', #1538, #1712, #1905 ) ;
#1546 = DIRECTION ( 'NONE',  ( 1.000000000000000000, 0.000000000000000000, 0.000000000000000000 ) ) ;
#1547 = CARTESIAN_POINT ( 'NONE',  ( -0.9680000000000004157, 0.6933333333333335791, 1.139999999999999902 ) ) ;
#1548 = ORIENTED_EDGE ( 'NONE', *, *, #641, .T. ) ;
#1549 = CARTESIAN_POINT ( 'NONE',  ( -0.3500000000000000333, 0.7399999999999999911, 0.05999999999999999778 ) ) ;
#1550 = AXIS2_PLACEMENT_3D ( 'NONE', #1058, #1104, #1535 ) ;
#1551 = ORIENTED_EDGE ( 'NONE', *, *, #1036, .T. ) ;
#1552 = CARTESIAN_POINT ( 'NONE',  ( -0.2400000000000002132, -0.6933333333333332460, 0.000000000000000000 ) ) ;
#1553 = ADVANCED_FACE ( 'NONE', ( #1306 ), #1194, .F. ) ;
#1554 = ORIENTED_EDGE ( 'NONE', *, *, #1648, .F. ) ;
#1555 = EDGE_CURVE ( 'NONE', #1562, #1987, #203, .T. ) ;
#1556 = CARTESIAN_POINT ( 'NONE',  ( -0.2866666666666669583, -0.7399999999999998801, 0.000000000000000000 ) ) ;
#1557 = EDGE_CURVE ( 'NONE', #892, #1259, #35, .T. ) ;
#1558 = ADVANCED_FACE ( 'NONE', ( #710 ), #701, .T. ) ;
#1559 = CARTESIAN_POINT ( 'NONE',  ( -0.2400000000000002132, -0.6933333333333332460, -0.05999999999999999778 ) ) ;
#1560 = ORIENTED_EDGE ( 'NONE', *, *, #65, .T. ) ;
#1561 = DIRECTION ( 'NONE',  ( -0.000000000000000000, -0.000000000000000000, -1.000000000000000000 ) ) ;
#1562 = VERTEX_POINT ( 'NONE', #1331 ) ;
#1563 = CARTESIAN_POINT ( 'NONE',  ( 0.3033333333333334547, -0.7399999999999999911, 0.000000000000000000 ) ) ;
#1564 = AXIS2_PLACEMENT_3D ( 'NONE', #658, #1939, #490 ) ;
#1565 = ORIENTED_EDGE ( 'NONE', *, *, #1485, .T. ) ;
#1566 = EDGE_CURVE ( 'NONE', #1877, #1646, #832, .T. ) ;
#1567 = FACE_OUTER_BOUND ( 'NONE', #1500, .T. ) ;
#1568 = CARTESIAN_POINT ( 'NONE',  ( -0.2355953022044493250, -0.7999999999999999334, 9.486769009248163798E-17 ) ) ;
#1569 = AXIS2_PLACEMENT_3D ( 'NONE', #1899, #1099, #1742 ) ;
#1570 = CARTESIAN_POINT ( 'NONE',  ( -9.784263507796013760E-17, -0.7399999999999998801, -0.05999999999999999778 ) ) ;
#1571 = VERTEX_POINT ( 'NONE', #1169 ) ;
#1572 = FACE_OUTER_BOUND ( 'NONE', #448, .T. ) ;
#1573 = CARTESIAN_POINT ( 'NONE',  ( -0.5900000000000003020, -5.421010862427522170E-17, 1.694065894508600678E-18 ) ) ;
#1574 = ORIENTED_EDGE ( 'NONE', *, *, #1092, .T. ) ;
#1575 = LINE ( 'NONE', #2061, #1111 ) ;
#1576 = AXIS2_PLACEMENT_3D ( 'NONE', #1319, #1607, #1816 ) ;
#1577 = VECTOR ( 'NONE', #968, 1000.000000000000114 ) ;
#1578 = DIRECTION ( 'NONE',  ( -1.000000000000000000, 0.000000000000000000, 0.000000000000000000 ) ) ;
#1579 = B_SPLINE_CURVE_WITH_KNOTS ( 'NONE', 3,
 ( #1262, #304, #926, #313, #1117, #2027, #1110, #127, #1386, #785 ),
 .UNSPECIFIED., .F., .F.,
 ( 4, 3, 3, 4 ),
 ( -2.245025141073266374E-06, 0.000000000000000000, 3.664899792796700575E-05, 7.976696042606435657E-05 ),
 .UNSPECIFIED. ) ;
#1580 = DIRECTION ( 'NONE',  ( 1.000000000000000000, 0.000000000000000000, 0.000000000000000000 ) ) ;
#1581 = CARTESIAN_POINT ( 'NONE',  ( -0.3033333333333333437, 0.7399999999999999911, 0.000000000000000000 ) ) ;
#1582 = ORIENTED_EDGE ( 'NONE', *, *, #882, .F. ) ;
#1583 = CARTESIAN_POINT ( 'NONE',  ( 0.9680000000000005267, 0.000000000000000000, 1.139999999999999902 ) ) ;
#1584 = DIRECTION ( 'NONE',  ( 0.000000000000000000, 0.000000000000000000, 1.000000000000000000 ) ) ;
#1585 = ORIENTED_EDGE ( 'NONE', *, *, #1515, .T. ) ;
#1586 = VECTOR ( 'NONE', #1807, 1000.000000000000114 ) ;
#1587 = DIRECTION ( 'NONE',  ( 1.000000000000000000, 0.000000000000000000, 0.000000000000000000 ) ) ;
#1588 = CONICAL_SURFACE ( 'NONE', #1284, 0.04666666666666609981, 0.7853981633974446153 ) ;
#1589 = CARTESIAN_POINT ( 'NONE',  ( 0.2400000000000000189, 0.6933333333333335791, 0.000000000000000000 ) ) ;
#1590 = FACE_OUTER_BOUND ( 'NONE', #51, .T. ) ;
#1591 = ORIENTED_EDGE ( 'NONE', *, *, #1228, .T. ) ;
#1592 = LINE ( 'NONE', #1604, #353 ) ;
#1593 = EDGE_CURVE ( 'NONE', #251, #864, #1822, .T. ) ;
#1594 = VERTEX_POINT ( 'NONE', #845 ) ;
#1595 = CARTESIAN_POINT ( 'NONE',  ( 0.1975735931288079839, -0.6933333333333332460, -0.01757359312880727581 ) ) ;
#1596 = VERTEX_POINT ( 'NONE', #1343 ) ;
#1597 = AXIS2_PLACEMENT_3D ( 'NONE', #1889, #460, #1543 ) ;
#1598 = EDGE_CURVE ( 'NONE', #1439, #1958, #365, .T. ) ;
#1599 = CIRCLE ( 'NONE', #1433, 0.08909307353785847483 ) ;
#1600 = CARTESIAN_POINT ( 'NONE',  ( 0.1975735931288083169, 0.6933333333333335791, -0.01757359312880741806 ) ) ;
#1601 = B_SPLINE_CURVE_WITH_KNOTS ( 'NONE', 3,
 ( #1937, #835, #1811, #217, #1469, #669, #347, #679, #1130, #190 ),
 .UNSPECIFIED., .F., .F.,
 ( 4, 3, 3, 4 ),
 ( 0.000000000000000000, 4.290691325515575609E-05, 7.937652554384094252E-05, 8.162155068491427792E-05 ),
 .UNSPECIFIED. ) ;
#1602 = CARTESIAN_POINT ( 'NONE',  ( 0.8933333333333332016, 0.8000000000000002665, 1.084202172485504434E-15 ) ) ;
#1603 = EDGE_LOOP ( 'NONE', ( #2001, #944, #240, #216, #257 ) ) ;
#1604 = CARTESIAN_POINT ( 'NONE',  ( -0.1551471862576153382, 2.102636454943996565E-17, 0.000000000000000000 ) ) ;
#1605 = DIRECTION ( 'NONE',  ( 1.000000000000000000, 0.000000000000000000, 0.000000000000000000 ) ) ;
#1606 = ORIENTED_EDGE ( 'NONE', *, *, #688, .F. ) ;
#1607 = DIRECTION ( 'NONE',  ( 0.000000000000000000, -0.000000000000000000, -1.000000000000000000 ) ) ;
#1608 = DIRECTION ( 'NONE',  ( 0.000000000000000000, 0.000000000000000000, -1.000000000000000000 ) ) ;
#1609 = CARTESIAN_POINT ( 'NONE',  ( 0.3124544203282441091, 0.8000000000000003775, -0.005371579446130339726 ) ) ;
#1610 = AXIS2_PLACEMENT_3D ( 'NONE', #1166, #364, #1467 ) ;
#1611 = CARTESIAN_POINT ( 'NONE',  ( -0.9999999999999995559, -0.6933333333333332460, 1.084202172485504434E-15 ) ) ;
#1612 =( REPRESENTATION_RELATIONSHIP ('NONE','NONE', #949, #308 ) REPRESENTATION_RELATIONSHIP_WITH_TRANSFORMATION ( #1687 )SHAPE_REPRESENTATION_RELATIONSHIP( ) );
#1613 = ORIENTED_EDGE ( 'NONE', *, *, #420, .T. ) ;
#1614 = ADVANCED_FACE ( 'NONE', ( #1154 ), #894, .T. ) ;
#1615 = CARTESIAN_POINT ( 'NONE',  ( 0.3493032727506335533, 0.8000000000000001554, 1.007092944083199290E-15 ) ) ;
#1616 = ORIENTED_EDGE ( 'NONE', *, *, #660, .T. ) ;
#1617 = LINE ( 'NONE', #176, #975 ) ;
#1618 = AXIS2_PLACEMENT_3D ( 'NONE', #1685, #567, #1366 ) ;
#1619 = VECTOR ( 'NONE', #1814, 1000.000000000000000 ) ;
#1620 = EDGE_CURVE ( 'NONE', #1739, #1521, #1813, .T. ) ;
#1621 = CIRCLE ( 'NONE', #321, 0.05999999999999999778 ) ;
#1622 = CARTESIAN_POINT ( 'NONE',  ( 0.2866666666666667362, 0.6933333333333335791, -0.05999999999999999778 ) ) ;
#1623 = CARTESIAN_POINT ( 'NONE',  ( 0.8933333333333332016, -0.7399999999999997691, -0.05999999999999999778 ) ) ;
#1624 = ORIENTED_EDGE ( 'NONE', *, *, #1566, .T. ) ;
#1625 = DIRECTION ( 'NONE',  ( -0.000000000000000000, -0.000000000000000000, 1.000000000000000000 ) ) ;
#1626 = ADVANCED_FACE ( 'NONE', ( #360 ), #44, .F. ) ;
#1627 = EDGE_CURVE ( 'NONE', #985, #957, #991, .T. ) ;
#1628 = ORIENTED_EDGE ( 'NONE', *, *, #571, .T. ) ;
#1629 = LINE ( 'NONE', #1934, #1783 ) ;
#1630 = AXIS2_PLACEMENT_3D ( 'NONE', #1218, #1033, #1411 ) ;
#1631 = DIRECTION ( 'NONE',  ( 0.000000000000000000, 0.000000000000000000, -1.000000000000000000 ) ) ;
#1632 = AXIS2_PLACEMENT_3D ( 'NONE', #400, #1663, #376 ) ;
#1633 = LINE ( 'NONE', #692, #798 ) ;
#1634 = CARTESIAN_POINT ( 'NONE',  ( -0.2866666666666667362, 0.6933333333333334680, -0.05999999999999999778 ) ) ;
#1635 = LINE ( 'NONE', #1005, #188 ) ;
#1636 = ORIENTED_EDGE ( 'NONE', *, *, #1349, .F. ) ;
#1637 = PRODUCT_DEFINITION_FORMATION_WITH_SPECIFIED_SOURCE ( 'ANY', '', #989, .NOT_KNOWN. ) ;
#1638 = CARTESIAN_POINT ( 'NONE',  ( -0.8933333333333333126, 0.6933333333333335791, 1.084202172485504434E-15 ) ) ;
#1639 = FACE_OUTER_BOUND ( 'NONE', #124, .T. ) ;
#1640 = VECTOR ( 'NONE', #727, 1000.000000000000000 ) ;
#1641 = DIRECTION ( 'NONE',  ( 0.000000000000000000, 1.000000000000000000, 0.000000000000000000 ) ) ;
#1642 = PRESENTATION_LAYER_ASSIGNMENT (  '', '', ( #1374 ) ) ;
#1643 = CARTESIAN_POINT ( 'NONE',  ( 0.8933333333333333126, -0.6933333333333332460, 1.084202172485504434E-15 ) ) ;
#1644 = EDGE_CURVE ( 'NONE', #901, #531, #2020, .T. ) ;
#1645 = DIRECTION ( 'NONE',  ( 0.000000000000000000, -0.7071067811865445751, 0.7071067811865504593 ) ) ;
#1646 = VERTEX_POINT ( 'NONE', #877 ) ;
#1647 = FACE_OUTER_BOUND ( 'NONE', #1280, .T. ) ;
#1648 = EDGE_CURVE ( 'NONE', #1596, #2, #566, .T. ) ;
#1649 = EDGE_CURVE ( 'NONE', #1948, #1699, #1244, .T. ) ;
#1650 = FACE_OUTER_BOUND ( 'NONE', #556, .T. ) ;
#1651 = VECTOR ( 'NONE', #1135, 1000.000000000000000 ) ;
#1652 =( GEOMETRIC_REPRESENTATION_CONTEXT ( 3 ) GLOBAL_UNCERTAINTY_ASSIGNED_CONTEXT ( ( #1655 ) ) GLOBAL_UNIT_ASSIGNED_CONTEXT ( ( #2016, #418, #1694 ) ) REPRESENTATION_CONTEXT ( 'NONE', 'WORKASPACE' ) );
#1653 = PLANE ( 'NONE',  #33 ) ;
#1654 = CARTESIAN_POINT ( 'NONE',  ( -0.3500000000000000333, 0.6933333333333333570, 0.05999999999999999778 ) ) ;
#1655 = UNCERTAINTY_MEASURE_WITH_UNIT (LENGTH_MEASURE( 1.000000000000000082E-05 ), #2016, 'distance_accuracy_value', 'NONE');
#1656 = EDGE_LOOP ( 'NONE', ( #833, #1392, #1881, #451 ) ) ;
#1657 = CARTESIAN_POINT ( 'NONE',  ( -0.9999999999999995559, -0.6933333333333332460, 1.081558158579401831E-15 ) ) ;
#1658 = ORIENTED_EDGE ( 'NONE', *, *, #759, .T. ) ;
#1659 = FACE_OUTER_BOUND ( 'NONE', #384, .T. ) ;
#1660 = DIRECTION ( 'NONE',  ( -1.000000000000000000, 0.000000000000000000, 0.000000000000000000 ) ) ;
#1661 = VERTEX_POINT ( 'NONE', #1047 ) ;
#1662 = ADVANCED_FACE ( 'NONE', ( #769 ), #598, .F. ) ;
#1663 = DIRECTION ( 'NONE',  ( 0.000000000000000000, 0.000000000000000000, -1.000000000000000000 ) ) ;
#1664 = DIRECTION ( 'NONE',  ( 1.000000000000000000, 0.000000000000000000, 0.000000000000000000 ) ) ;
#1665 = VECTOR ( 'NONE', #1112, 1000.000000000000114 ) ;
#1666 = ORIENTED_EDGE ( 'NONE', *, *, #823, .T. ) ;
#1667 = FACE_OUTER_BOUND ( 'NONE', #1031, .T. ) ;
#1668 = ORIENTED_EDGE ( 'NONE', *, *, #618, .T. ) ;
#1669 = LINE ( 'NONE', #1980, #1882 ) ;
#1670 = PRESENTATION_STYLE_ASSIGNMENT (( #1993 ) ) ;
#1671 = ORIENTED_EDGE ( 'NONE', *, *, #1719, .T. ) ;
#1672 = CARTESIAN_POINT ( 'NONE',  ( 0.3033333333333331772, 0.7399999999999999911, 0.000000000000000000 ) ) ;
#1673 = DIRECTION ( 'NONE',  ( -0.7071067811865504593, -1.916616770854225438E-16, -0.7071067811865445751 ) ) ;
#1674 = VECTOR ( 'NONE', #336, 1000.000000000000114 ) ;
#1675 = UNCERTAINTY_MEASURE_WITH_UNIT (LENGTH_MEASURE( 1.000000000000000082E-05 ), #1352, 'distance_accuracy_value', 'NONE');
#1676 = EDGE_CURVE ( 'NONE', #1020, #1046, #1101, .T. ) ;
#1677 = VERTEX_POINT ( 'NONE', #1672 ) ;
#1678 = FACE_OUTER_BOUND ( 'NONE', #848, .T. ) ;
#1679 = ORIENTED_EDGE ( 'NONE', *, *, #607, .T. ) ;
#1680 = DIRECTION ( 'NONE',  ( 1.000000000000000000, 0.000000000000000000, 0.000000000000000000 ) ) ;
#1681 = ORIENTED_EDGE ( 'NONE', *, *, #1182, .T. ) ;
#1682 = EDGE_CURVE ( 'NONE', #901, #393, #198, .T. ) ;
#1683 = CIRCLE ( 'NONE', #1618, 0.04666666666666664798 ) ;
#1684 = DIRECTION ( 'NONE',  ( 1.000000000000000000, 0.000000000000000000, 0.000000000000000000 ) ) ;
#1685 = CARTESIAN_POINT ( 'NONE',  ( 0.8933333333333332016, -0.6933333333333332460, 0.000000000000000000 ) ) ;
#1686 = VECTOR ( 'NONE', #1199, 1000.000000000000000 ) ;
#1687 = ITEM_DEFINED_TRANSFORMATION ( 'NONE', 'NONE', #1569,  #2059 ) ;
#1688 = CARTESIAN_POINT ( 'NONE',  ( 0.2400000000000000466, 0.8000000000000002665, -0.05999999999999999778 ) ) ;
#1689 = ORIENTED_EDGE ( 'NONE', *, *, #773, .T. ) ;
#1690 = CARTESIAN_POINT ( 'NONE',  ( 1.000000000000000000, 0.6933333333333335791, 1.139999999999999902 ) ) ;
#1691 = ADVANCED_FACE ( 'NONE', ( #1081 ), #1163, .F. ) ;
#1692 = ORIENTED_EDGE ( 'NONE', *, *, #2018, .F. ) ;
#1693 = DIRECTION ( 'NONE',  ( 0.000000000000000000, -0.7071067811865445751, -0.7071067811865504593 ) ) ;
#1694 =( NAMED_UNIT ( * ) SI_UNIT ( $, .STERADIAN. ) SOLID_ANGLE_UNIT ( ) );
#1695 = EDGE_LOOP ( 'NONE', ( #572, #643, #697, #1508 ) ) ;
#1696 = DIRECTION ( 'NONE',  ( 1.000000000000000000, 0.000000000000000000, 0.000000000000000000 ) ) ;
#1697 = ITEM_DEFINED_TRANSFORMATION ( 'NONE', 'NONE', #478,  #2059 ) ;
#1698 = DIRECTION ( 'NONE',  ( 1.000000000000000000, 0.000000000000000000, 0.000000000000000000 ) ) ;
#1699 = VERTEX_POINT ( 'NONE', #1057 ) ;
#1700 = VECTOR ( 'NONE', #536, 1000.000000000000000 ) ;
#1701 = DIRECTION ( 'NONE',  ( 0.000000000000000000, 0.000000000000000000, -1.000000000000000000 ) ) ;
#1702 = CIRCLE ( 'NONE', #1232, 0.04666666666666664798 ) ;
#1703 = ORIENTED_EDGE ( 'NONE', *, *, #135, .F. ) ;
#1704 = LINE ( 'NONE', #385, #1471 ) ;
#1705 = FILL_AREA_STYLE ('',( #407 ) ) ;
#1706 = ORIENTED_EDGE ( 'NONE', *, *, #540, .T. ) ;
#1707 = LINE ( 'NONE', #1842, #1432 ) ;
#1708 = DIRECTION ( 'NONE',  ( -0.000000000000000000, -0.000000000000000000, 1.000000000000000000 ) ) ;
#1709 = APPLICATION_PROTOCOL_DEFINITION ( 'draft international standard', 'automotive_design', 1998, #221 ) ;
#1710 = LINE ( 'NONE', #141, #1325 ) ;
#1711 = VERTEX_POINT ( 'NONE', #921 ) ;
#1712 = DIRECTION ( 'NONE',  ( 0.000000000000000000, 0.000000000000000000, -1.000000000000000000 ) ) ;
#1713 = EDGE_CURVE ( 'NONE', #985, #1416, #1773, .T. ) ;
#1714 = VECTOR ( 'NONE', #248, 1000.000000000000114 ) ;
#1715 = ORIENTED_EDGE ( 'NONE', *, *, #324, .T. ) ;
#1716 = CARTESIAN_POINT ( 'NONE',  ( 0.3636055771690187566, -0.7999999999999998224, 1.081395352209268300E-15 ) ) ;
#1717 = SURFACE_STYLE_FILL_AREA ( #1079 ) ;
#1718 = ORIENTED_EDGE ( 'NONE', *, *, #703, .F. ) ;
#1719 = EDGE_CURVE ( 'NONE', #350, #579, #1707, .T. ) ;
#1720 = DIRECTION ( 'NONE',  ( -0.000000000000000000, 0.000000000000000000, -1.000000000000000000 ) ) ;
#1721 = CIRCLE ( 'NONE', #151, 0.1066666666666666874 ) ;
#1722 = CARTESIAN_POINT ( 'NONE',  ( -0.3033333333333331772, -0.7399999999999999911, 0.000000000000000000 ) ) ;
#1723 = APPLICATION_CONTEXT ( 'automotive_design' ) ;
#1724 = ORIENTED_EDGE ( 'NONE', *, *, #358, .F. ) ;
#1725 = LINE ( 'NONE', #291, #1925 ) ;
#1726 = AXIS2_PLACEMENT_3D ( 'NONE', #1235, #432, #1071 ) ;
#1727 = EDGE_CURVE ( 'NONE', #322, #1466, #1938, .T. ) ;
#1728 = VERTEX_POINT ( 'NONE', #1556 ) ;
#1729 = DIRECTION ( 'NONE',  ( -1.000000000000000000, 0.000000000000000000, 0.000000000000000000 ) ) ;
#1730 = DIRECTION ( 'NONE',  ( 0.000000000000000000, 0.000000000000000000, -1.000000000000000000 ) ) ;
#1731 = ADVANCED_BREP_SHAPE_REPRESENTATION ( '', ( #1424, #2059 ), #1652 ) ;
#1732 = ADVANCED_FACE ( 'NONE', ( #274 ), #301, .F. ) ;
#1733 = CARTESIAN_POINT ( 'NONE',  ( 0.9400000000000000577, 0.8000000000000002665, 0.000000000000000000 ) ) ;
#1734 = B_SPLINE_CURVE_WITH_KNOTS ( 'NONE', 3,
 ( #1379, #109, #275, #931, #1568, #744 ),
 .UNSPECIFIED., .F., .F.,
 ( 4, 2, 4 ),
 ( 0.000000000000000000, 7.686760822228415021E-05, 0.0001537352164445683004 ),
 .UNSPECIFIED. ) ;
#1735 = DIRECTION ( 'NONE',  ( 1.322197771323785883E-16, 1.000000000000000000, 0.000000000000000000 ) ) ;
#1736 = ORIENTED_EDGE ( 'NONE', *, *, #231, .F. ) ;
#1737 = DIRECTION ( 'NONE',  ( -1.465138070926357470E-16, 1.000000000000000000, -0.000000000000000000 ) ) ;
#1738 = AXIS2_PLACEMENT_3D ( 'NONE', #1013, #1973, #232 ) ;
#1739 = VERTEX_POINT ( 'NONE', #252 ) ;
#1740 = LINE ( 'NONE', #147, #810 ) ;
#1741 = AXIS2_PLACEMENT_3D ( 'NONE', #1806, #77, #1037 ) ;
#1742 = DIRECTION ( 'NONE',  ( 1.000000000000000000, 0.000000000000000000, 0.000000000000000000 ) ) ;
#1743 = FACE_OUTER_BOUND ( 'NONE', #1023, .T. ) ;
#1744 = DIRECTION ( 'NONE',  ( 0.000000000000000000, 0.000000000000000000, -1.000000000000000000 ) ) ;
#1745 = FACE_OUTER_BOUND ( 'NONE', #1747, .T. ) ;
#1746 = DIRECTION ( 'NONE',  ( -1.000000000000000000, 0.000000000000000000, 0.000000000000000000 ) ) ;
#1747 = EDGE_LOOP ( 'NONE', ( #1861, #389, #672, #584 ) ) ;
#1748 = FACE_OUTER_BOUND ( 'NONE', #2039, .T. ) ;
#1749 = EDGE_LOOP ( 'NONE', ( #886, #92, #1724, #1239 ) ) ;
#1750 = CARTESIAN_POINT ( 'NONE',  ( 0.2986795158655007887, -0.7881194215416451598, -0.01188057845835370496 ) ) ;
#1751 = VECTOR ( 'NONE', #1693, 1000.000000000000114 ) ;
#1752 = VECTOR ( 'NONE', #843, 1000.000000000000114 ) ;
#1753 = ADVANCED_FACE ( 'NONE', ( #887 ), #1522, .F. ) ;
#1754 = DIRECTION ( 'NONE',  ( -0.000000000000000000, 0.000000000000000000, -1.000000000000000000 ) ) ;
#1755 = CARTESIAN_POINT ( 'NONE',  ( 0.000000000000000000, 0.7399999999999996581, -0.05999999999999999778 ) ) ;
#1756 = EDGE_LOOP ( 'NONE', ( #636, #417, #737, #1034 ) ) ;
#1757 = DIRECTION ( 'NONE',  ( 1.000000000000000000, -1.322197771323785883E-16, 0.000000000000000000 ) ) ;
#1758 = ORIENTED_EDGE ( 'NONE', *, *, #1786, .T. ) ;
#1759 = VECTOR ( 'NONE', #550, 1000.000000000000000 ) ;
#1760 = EDGE_CURVE ( 'NONE', #2043, #1983, #471, .T. ) ;
#1761 = CARTESIAN_POINT ( 'NONE',  ( -0.2866666666666669583, -0.7824264068711914710, -0.01757359312880735561 ) ) ;
#1762 = AXIS2_PLACEMENT_3D ( 'NONE', #796, #1754, #170 ) ;
#1763 = CARTESIAN_POINT ( 'NONE',  ( 0.3499999999999999223, 0.7399999999999999911, 0.000000000000000000 ) ) ;
#1764 = PLANE ( 'NONE',  #133 ) ;
#1765 =( REPRESENTATION_RELATIONSHIP ('NONE','NONE', #949, #158 ) REPRESENTATION_RELATIONSHIP_WITH_TRANSFORMATION ( #1697 )SHAPE_REPRESENTATION_RELATIONSHIP( ) );
#1766 = DIRECTION ( 'NONE',  ( 0.000000000000000000, -0.000000000000000000, -1.000000000000000000 ) ) ;
#1767 = ORIENTED_EDGE ( 'NONE', *, *, #783, .T. ) ;
#1768 = CARTESIAN_POINT ( 'NONE',  ( -0.2097277561643140498, -0.7999999999999998224, 0.000000000000000000 ) ) ;
#1769 = ORIENTED_EDGE ( 'NONE', *, *, #1774, .T. ) ;
#1770 = FACE_OUTER_BOUND ( 'NONE', #2024, .T. ) ;
#1771 = LINE ( 'NONE', #335, #1577 ) ;
#1772 = CARTESIAN_POINT ( 'NONE',  ( 0.3033333333333331772, 0.7399999999999999911, 0.05999999999999999778 ) ) ;
#1773 = CIRCLE ( 'NONE', #262, 0.1066666666666666874 ) ;
#1774 = EDGE_CURVE ( 'NONE', #915, #1594, #162, .T. ) ;
#1775 = DIRECTION ( 'NONE',  ( 1.000000000000000000, 0.000000000000000000, 0.000000000000000000 ) ) ;
#1776 = DIRECTION ( 'NONE',  ( 0.000000000000000000, -0.000000000000000000, 1.000000000000000000 ) ) ;
#1777 = VERTEX_POINT ( 'NONE', #431 ) ;
#1778 = FACE_OUTER_BOUND ( 'NONE', #1372, .T. ) ;
#1779 = ORIENTED_EDGE ( 'NONE', *, *, #1719, .F. ) ;
#1780 = ADVANCED_FACE ( 'NONE', ( #911 ), #120, .T. ) ;
#1781 = DIRECTION ( 'NONE',  ( 0.000000000000000000, -0.7071067811865445751, 0.7071067811865504593 ) ) ;
#1782 = ORIENTED_EDGE ( 'NONE', *, *, #76, .F. ) ;
#1783 = VECTOR ( 'NONE', #517, 1000.000000000000000 ) ;
#1784 = CLOSED_SHELL ( 'NONE', ( #1887, #971, #1626, #294, #1394, #1902, #1406, #947, #271, #1310, #849, #1520, #1273, #824, #1105, #1487, #1377, #440, #30, #1961, #1173, #1991, #1662, #24, #1430, #1753, #807, #1865, #1531, #791, #171, #1780, #181, #1330, #1141, #795, #457, #1614, #509, #992, #207, #656, #638, #1408, #605, #197, #469, #1149, #1558, #2058, #1935, #1817, #297, #1159, #1691, #1732, #378, #1553 ) ) ;
#1785 = CYLINDRICAL_SURFACE ( 'NONE', #952, 0.04666666666666669655 ) ;
#1786 = EDGE_CURVE ( 'NONE', #904, #1533, #3, .T. ) ;
#1787 = EDGE_CURVE ( 'NONE', #579, #442, #970, .T. ) ;
#1788 = ORIENTED_EDGE ( 'NONE', *, *, #1187, .F. ) ;
#1789 = LINE ( 'NONE', #352, #1342 ) ;
#1790 = VERTEX_POINT ( 'NONE', #1611 ) ;
#1791 = CARTESIAN_POINT ( 'NONE',  ( -0.2097277561643137167, 0.8000000000000002665, 0.000000000000000000 ) ) ;
#1792 = VECTOR ( 'NONE', #935, 1000.000000000000000 ) ;
#1793 = AXIS2_PLACEMENT_3D ( 'NONE', #761, #256, #2000 ) ;
#1794 = COLOUR_RGB ( '',0.8705882352941176627, 0.9098039215686274384, 1.000000000000000000 ) ;
#1795 = CARTESIAN_POINT ( 'NONE',  ( -0.9400000000000000577, 0.6933333333333335791, 0.000000000000000000 ) ) ;
#1796 = EDGE_CURVE ( 'NONE', #1017, #1301, #157, .T. ) ;
#1797 = DIRECTION ( 'NONE',  ( 0.000000000000000000, 0.000000000000000000, 1.000000000000000000 ) ) ;
#1798 = CARTESIAN_POINT ( 'NONE',  ( -0.9400000000000002798, -0.6933333333333331350, -0.05999999999999999778 ) ) ;
#1799 = EDGE_CURVE ( 'NONE', #290, #1989, #1103, .T. ) ;
#1800 = VERTEX_POINT ( 'NONE', #1131 ) ;
#1801 = FACE_OUTER_BOUND ( 'NONE', #1603, .T. ) ;
#1802 = PRODUCT_DEFINITION_SHAPE ( 'NONE', 'NONE',  #2067 ) ;
#1803 = VECTOR ( 'NONE', #1452, 1000.000000000000000 ) ;
#1804 = CARTESIAN_POINT ( 'NONE',  ( -0.8933333333333334236, 0.7400000000000002132, -0.05999999999999999778 ) ) ;
#1805 =( GEOMETRIC_REPRESENTATION_CONTEXT ( 3 ) GLOBAL_UNCERTAINTY_ASSIGNED_CONTEXT ( ( #1402 ) ) GLOBAL_UNIT_ASSIGNED_CONTEXT ( ( #651, #788, #661 ) ) REPRESENTATION_CONTEXT ( 'NONE', 'WORKASPACE' ) );
#1806 = CARTESIAN_POINT ( 'NONE',  ( -1.000000000000000000, 0.8000000000000002665, 1.139999999999999902 ) ) ;
#1807 = DIRECTION ( 'NONE',  ( 0.000000000000000000, -0.7071067811865426878, 0.7071067811865522357 ) ) ;
#1808 = ORIENTED_EDGE ( 'NONE', *, *, #16, .F. ) ;
#1809 = LINE ( 'NONE', #1300, #73 ) ;
#1810 = ADVANCED_FACE ( 'NONE', ( #12 ), #817, .T. ) ;
#1811 = CARTESIAN_POINT ( 'NONE',  ( -0.3348274912427132155, 0.7982023657113219706, -0.001797634288677178510 ) ) ;
#1812 = DIRECTION ( 'NONE',  ( 0.000000000000000000, 0.000000000000000000, -1.000000000000000000 ) ) ;
#1813 = LINE ( 'NONE', #1189, #510 ) ;
#1814 = DIRECTION ( 'NONE',  ( -2.710505431213761085E-16, 1.000000000000000000, 0.000000000000000000 ) ) ;
#1815 = ORIENTED_EDGE ( 'NONE', *, *, #18, .F. ) ;
#1816 = DIRECTION ( 'NONE',  ( 1.000000000000000000, 0.000000000000000000, 0.000000000000000000 ) ) ;
#1817 = ADVANCED_FACE ( 'NONE', ( #787 ), #25, .T. ) ;
#1818 = DIRECTION ( 'NONE',  ( 1.355252715606880543E-16, 1.000000000000000000, 0.000000000000000000 ) ) ;
#1819 = AXIS2_PLACEMENT_3D ( 'NONE', #790, #1139, #1872 ) ;
#1820 = FACE_OUTER_BOUND ( 'NONE', #1695, .T. ) ;
#1821 = ORIENTED_EDGE ( 'NONE', *, *, #1256, .F. ) ;
#1822 = LINE ( 'NONE', #1965, #1492 ) ;
#1823 = DIRECTION ( 'NONE',  ( -0.7071067811865449082, 0.000000000000000000, -0.7071067811865501263 ) ) ;
#1824 = ORIENTED_EDGE ( 'NONE', *, *, #1336, .T. ) ;
#1825 = DIRECTION ( 'NONE',  ( 0.000000000000000000, -1.000000000000000000, 0.000000000000000000 ) ) ;
#1826 = APPLICATION_CONTEXT ( 'automotive_design' ) ;
#1827 = ORIENTED_EDGE ( 'NONE', *, *, #1841, .T. ) ;
#1828 = CARTESIAN_POINT ( 'NONE',  ( -0.8933333333333334236, 0.7400000000000002132, -0.05999999999999999778 ) ) ;
#1829 = VECTOR ( 'NONE', #705, 1000.000000000000114 ) ;
#1830 = ORIENTED_EDGE ( 'NONE', *, *, #1504, .T. ) ;
#1831 = EDGE_CURVE ( 'NONE', #1677, #2026, #994, .T. ) ;
#1832 = FACE_OUTER_BOUND ( 'NONE', #1749, .T. ) ;
#1833 = CARTESIAN_POINT ( 'NONE',  ( -0.1800000000000000766, 0.6933333333333335791, 1.019505478196553234E-15 ) ) ;
#1834 = VECTOR ( 'NONE', #1580, 1000.000000000000000 ) ;
#1835 = ORIENTED_EDGE ( 'NONE', *, *, #438, .T. ) ;
#1836 = CARTESIAN_POINT ( 'NONE',  ( -0.2866666666666667362, 0.6933333333333335791, -0.05999999999999999778 ) ) ;
#1837 = EDGE_CURVE ( 'NONE', #482, #1084, #468, .T. ) ;
#1838 = ORIENTED_EDGE ( 'NONE', *, *, #1249, .T. ) ;
#1839 = CARTESIAN_POINT ( 'NONE',  ( 0.8933333333333332016, 0.8000000000000002665, 1.084202172485504828E-15 ) ) ;
#1840 = VERTEX_POINT ( 'NONE', #1091 ) ;
#1841 = EDGE_CURVE ( 'NONE', #503, #71, #1029, .T. ) ;
#1842 = CARTESIAN_POINT ( 'NONE',  ( -0.8933333333333333126, 0.8000000000000002665, 1.081395352209268300E-15 ) ) ;
#1843 = CARTESIAN_POINT ( 'NONE',  ( -0.2866666666666667362, 0.7400000000000001021, 0.000000000000000000 ) ) ;
#1844 = AXIS2_PLACEMENT_3D ( 'NONE', #885, #94, #1207 ) ;
#1845 = SHAPE_DEFINITION_REPRESENTATION ( #1320, #158 ) ;
#1846 = DIRECTION ( 'NONE',  ( 1.277744513902793983E-15, 0.7071067811865445751, -0.7071067811865504593 ) ) ;
#1847 = EDGE_LOOP ( 'NONE', ( #554, #1064, #128, #1445, #1358, #2047, #1213, #913 ) ) ;
#1848 = CARTESIAN_POINT ( 'NONE',  ( -0.2866666666666669583, -0.7399999999999998801, -0.05999999999999999778 ) ) ;
#1849 = ORIENTED_EDGE ( 'NONE', *, *, #438, .F. ) ;
#1850 = FACE_OUTER_BOUND ( 'NONE', #79, .T. ) ;
#1851 = ORIENTED_EDGE ( 'NONE', *, *, #936, .T. ) ;
#1852 = VECTOR ( 'NONE', #1507, 1000.000000000000000 ) ;
#1853 = DIRECTION ( 'NONE',  ( 1.000000000000000000, 0.000000000000000000, 0.000000000000000000 ) ) ;
#1854 = DIRECTION ( 'NONE',  ( -1.355252715606880543E-16, -1.000000000000000000, 0.000000000000000000 ) ) ;
#1855 = CARTESIAN_POINT ( 'NONE',  ( 0.8933333333333333126, -0.6933333333333332460, 1.108000000000000096 ) ) ;
#1856 =( GEOMETRIC_REPRESENTATION_CONTEXT ( 3 ) GLOBAL_UNCERTAINTY_ASSIGNED_CONTEXT ( ( #674 ) ) GLOBAL_UNIT_ASSIGNED_CONTEXT ( ( #441, #1068, #95 ) ) REPRESENTATION_CONTEXT ( 'NONE', 'WORKASPACE' ) );
#1857 = CONTEXT_DEPENDENT_SHAPE_REPRESENTATION ( #1612, #1802 ) ;
#1858 = DIRECTION ( 'NONE',  ( 1.000000000000000000, -1.355252715606880543E-16, 0.000000000000000000 ) ) ;
#1859 = ORIENTED_EDGE ( 'NONE', *, *, #2015, .T. ) ;
#1860 = CARTESIAN_POINT ( 'NONE',  ( -0.8933333333333336457, -0.6933333333333331350, 0.000000000000000000 ) ) ;
#1861 = ORIENTED_EDGE ( 'NONE', *, *, #1774, .F. ) ;
#1862 = CARTESIAN_POINT ( 'NONE',  ( -0.2400000000000001299, 3.252606517456515151E-17, -0.05999999999999999778 ) ) ;
#1863 =( NAMED_UNIT ( * ) SI_UNIT ( $, .STERADIAN. ) SOLID_ANGLE_UNIT ( ) );
#1864 = ORIENTED_EDGE ( 'NONE', *, *, #1035, .F. ) ;
#1865 = ADVANCED_FACE ( 'NONE', ( #648 ), #953, .F. ) ;
#1866 = DIRECTION ( 'NONE',  ( -0.000000000000000000, -0.000000000000000000, 1.000000000000000000 ) ) ;
#1867 = CARTESIAN_POINT ( 'NONE',  ( 0.3033333333333334547, -0.7399999999999999911, 0.05999999999999999778 ) ) ;
#1868 =( NAMED_UNIT ( * ) PLANE_ANGLE_UNIT ( ) SI_UNIT ( $, .RADIAN. ) );
#1869 = FACE_OUTER_BOUND ( 'NONE', #116, .T. ) ;
#1870 = EDGE_LOOP ( 'NONE', ( #47, #1116, #87, #283 ) ) ;
#1871 = VECTOR ( 'NONE', #640, 1000.000000000000000 ) ;
#1872 = DIRECTION ( 'NONE',  ( -1.355252715606880543E-16, -1.000000000000000000, 0.000000000000000000 ) ) ;
#1873 = CIRCLE ( 'NONE', #200, 0.05999999999999999778 ) ;
#1874 = ORIENTED_EDGE ( 'NONE', *, *, #1036, .F. ) ;
#1875 = DIRECTION ( 'NONE',  ( 1.355252715606880543E-16, 1.000000000000000000, 0.000000000000000000 ) ) ;
#1876 =( LENGTH_UNIT ( ) NAMED_UNIT ( * ) SI_UNIT ( .MILLI., .METRE. ) );
#1877 = VERTEX_POINT ( 'NONE', #1600 ) ;
#1878 = DIRECTION ( 'NONE',  ( 0.000000000000000000, 0.000000000000000000, -1.000000000000000000 ) ) ;
#1879 = DIRECTION ( 'NONE',  ( 1.000000000000000000, 0.000000000000000000, 0.000000000000000000 ) ) ;
#1880 = CARTESIAN_POINT ( 'NONE',  ( 0.3377380311288835091, -0.7999999999999999334, -2.583450489125610796E-17 ) ) ;
#1881 = ORIENTED_EDGE ( 'NONE', *, *, #1644, .F. ) ;
#1882 = VECTOR ( 'NONE', #555, 1000.000000000000000 ) ;
#1883 = DIRECTION ( 'NONE',  ( 1.000000000000000000, -1.322197771323785883E-16, -0.000000000000000000 ) ) ;
#1884 = CIRCLE ( 'NONE', #1370, 0.1315194804090514813 ) ;
#1885 = VERTEX_POINT ( 'NONE', #1928 ) ;
#1886 = CARTESIAN_POINT ( 'NONE',  ( 0.2400000000000000466, 0.8000000000000002665, 0.000000000000000000 ) ) ;
#1887 = ADVANCED_FACE ( 'NONE', ( #1567 ), #140, .F. ) ;
#1888 = ORIENTED_EDGE ( 'NONE', *, *, #265, .T. ) ;
#1889 = CARTESIAN_POINT ( 'NONE',  ( -0.3033333333333333437, 0.6933333333333333570, 0.05999999999999999778 ) ) ;
#1890 = VECTOR ( 'NONE', #1026, 1000.000000000000000 ) ;
#1891 = FACE_OUTER_BOUND ( 'NONE', #1540, .T. ) ;
#1892 = ORIENTED_EDGE ( 'NONE', *, *, #906, .T. ) ;
#1893 = CYLINDRICAL_SURFACE ( 'NONE', #1545, 0.04666666666666666879 ) ;
#1894 = AXIS2_PLACEMENT_3D ( 'NONE', #1855, #1498, #57 ) ;
#1895 = PRESENTATION_LAYER_ASSIGNMENT (  '', '', ( #1215 ) ) ;
#1896 = ORIENTED_EDGE ( 'NONE', *, *, #358, .T. ) ;
#1897 = CARTESIAN_POINT ( 'NONE',  ( 0.8933333333333332016, -0.7680000000000003491, 1.139999999999999902 ) ) ;
#1898 = EDGE_CURVE ( 'NONE', #1840, #1646, #501, .T. ) ;
#1899 = CARTESIAN_POINT ( 'NONE',  ( -1.690533364500550236E-16, -2.168404344971008868E-16, 0.05999999999999999778 ) ) ;
#1900 = ORIENTED_EDGE ( 'NONE', *, *, #1030, .T. ) ;
#1901 = DIRECTION ( 'NONE',  ( -0.000000000000000000, 0.000000000000000000, 1.000000000000000000 ) ) ;
#1902 = ADVANCED_FACE ( 'NONE', ( #2064 ), #1764, .T. ) ;
#1903 = CARTESIAN_POINT ( 'NONE',  ( -0.2866666666666667362, 0.6933333333333335791, -0.01757359312880732785 ) ) ;
#1904 = ORIENTED_EDGE ( 'NONE', *, *, #1371, .F. ) ;
#1905 = DIRECTION ( 'NONE',  ( -1.000000000000000000, 0.000000000000000000, 0.000000000000000000 ) ) ;
#1906 = AXIS2_PLACEMENT_3D ( 'NONE', #88, #721, #1354 ) ;
#1907 = ORIENTED_EDGE ( 'NONE', *, *, #910, .F. ) ;
#1908 = AXIS2_PLACEMENT_3D ( 'NONE', #1368, #1357, #1698 ) ;
#1909 = EDGE_CURVE ( 'NONE', #531, #27, #326, .T. ) ;
#1910 = CARTESIAN_POINT ( 'NONE',  ( -0.3636055771690189786, -0.7999999999999998224, 1.081395352209268300E-15 ) ) ;
#1911 = DIRECTION ( 'NONE',  ( -1.000000000000000000, -0.000000000000000000, -0.000000000000000000 ) ) ;
#1912 = ADVANCED_FACE ( 'NONE', ( #149 ), #630, .T. ) ;
#1913 = PLANE ( 'NONE',  #699 ) ;
#1914 = VERTEX_POINT ( 'NONE', #1442 ) ;
#1915 = CARTESIAN_POINT ( 'NONE',  ( 0.8933333333333334236, 0.7400000000000002132, 0.000000000000000000 ) ) ;
#1916 = ORIENTED_EDGE ( 'NONE', *, *, #1060, .T. ) ;
#1917 = CARTESIAN_POINT ( 'NONE',  ( -0.9999999999999995559, -0.6933333333333332460, 1.108000000000000096 ) ) ;
#1918 = EDGE_LOOP ( 'NONE', ( #825, #657, #1027, #1574 ) ) ;
#1919 = DIRECTION ( 'NONE',  ( -1.000000000000000000, 0.000000000000000000, 0.000000000000000000 ) ) ;
#1920 = DIRECTION ( 'NONE',  ( -1.000000000000000000, 0.000000000000000000, 0.000000000000000000 ) ) ;
#1921 = ORIENTED_EDGE ( 'NONE', *, *, #528, .F. ) ;
#1922 = CARTESIAN_POINT ( 'NONE',  ( -1.000000000000000000, 0.6933333333333335791, 1.108000000000000096 ) ) ;
#1923 = VECTOR ( 'NONE', #902, 1000.000000000000000 ) ;
#1924 = EDGE_LOOP ( 'NONE', ( #800, #1309, #821, #852 ) ) ;
#1925 = VECTOR ( 'NONE', #1561, 1000.000000000000000 ) ;
#1926 = CARTESIAN_POINT ( 'NONE',  ( -0.9680000000000000826, -0.6933333333333332460, 1.139999999999999902 ) ) ;
#1927 = MECHANICAL_DESIGN_GEOMETRIC_PRESENTATION_REPRESENTATION (  '', ( #755 ), #218 ) ;
#1928 = CARTESIAN_POINT ( 'NONE',  ( 0.3500000000000001443, -0.6933333333333333570, 0.000000000000000000 ) ) ;
#1929 = ADVANCED_FACE ( 'NONE', ( #201 ), #367, .F. ) ;
#1930 = DIRECTION ( 'NONE',  ( -0.000000000000000000, 0.000000000000000000, 1.000000000000000000 ) ) ;
#1931 = VERTEX_POINT ( 'NONE', #1804 ) ;
#1932 = DIRECTION ( 'NONE',  ( 1.000000000000000000, 1.098853553194768041E-16, -0.000000000000000000 ) ) ;
#1933 = ORIENTED_EDGE ( 'NONE', *, *, #119, .T. ) ;
#1934 = CARTESIAN_POINT ( 'NONE',  ( 1.000000000000000000, 0.6933333333333335791, 1.081395352209268300E-15 ) ) ;
#1935 = ADVANCED_FACE ( 'NONE', ( #1639 ), #1588, .T. ) ;
#1936 =( REPRESENTATION_RELATIONSHIP ('NONE','NONE', #949, #158 ) REPRESENTATION_RELATIONSHIP_WITH_TRANSFORMATION ( #254 )SHAPE_REPRESENTATION_RELATIONSHIP( ) );
#1937 = CARTESIAN_POINT ( 'NONE',  ( -0.3636055771690188676, 0.8000000000000002665, 1.081395352209268300E-15 ) ) ;
#1938 = CIRCLE ( 'NONE', #1962, 0.04666666666666669655 ) ;
#1939 = DIRECTION ( 'NONE',  ( 0.000000000000000000, 0.7071067811865504593, -0.7071067811865445751 ) ) ;
#1940 = ORIENTED_EDGE ( 'NONE', *, *, #387, .T. ) ;
#1941 = CARTESIAN_POINT ( 'NONE',  ( 0.3348274912427130490, 0.7982023657113219706, -0.001797634288677196291 ) ) ;
#1942 = EDGE_LOOP ( 'NONE', ( #1100, #616, #581, #1692 ) ) ;
#1943 = DIRECTION ( 'NONE',  ( 0.000000000000000000, -1.000000000000000000, 0.000000000000000000 ) ) ;
#1944 = DIRECTION ( 'NONE',  ( 0.000000000000000000, -0.7071067811865426878, -0.7071067811865522357 ) ) ;
#1945 = VECTOR ( 'NONE', #1007, 1000.000000000000000 ) ;
#1946 = CARTESIAN_POINT ( 'NONE',  ( -0.2866666666666669583, -0.6933333333333331350, 0.000000000000000000 ) ) ;
#1947 = DIRECTION ( 'NONE',  ( -0.000000000000000000, 0.000000000000000000, 1.000000000000000000 ) ) ;
#1948 = VERTEX_POINT ( 'NONE', #1314 ) ;
#1949 = PLANE ( 'NONE',  #523 ) ;
#1950 = VERTEX_POINT ( 'NONE', #700 ) ;
#1951 = CARTESIAN_POINT ( 'NONE',  ( -0.9400000000000001688, 1.273937552670467956E-16, 0.000000000000000000 ) ) ;
#1952 = VECTOR ( 'NONE', #370, 1000.000000000000114 ) ;
#1953 = DIRECTION ( 'NONE',  ( 0.000000000000000000, -1.000000000000000000, 0.000000000000000000 ) ) ;
#1954 = COLOUR_RGB ( '',0.2509803921568627416, 0.2509803921568627416, 0.2509803921568627416 ) ;
#1955 = DIRECTION ( 'NONE',  ( -0.000000000000000000, 0.000000000000000000, -1.000000000000000000 ) ) ;
#1956 = DIRECTION ( 'NONE',  ( 1.000000000000000000, 0.000000000000000000, 0.000000000000000000 ) ) ;
#1957 = LINE ( 'NONE', #653, #1651 ) ;
#1958 = VERTEX_POINT ( 'NONE', #863 ) ;
#1959 = DIRECTION ( 'NONE',  ( 0.000000000000000000, -0.000000000000000000, -1.000000000000000000 ) ) ;
#1960 = CARTESIAN_POINT ( 'NONE',  ( 0.8933333333333333126, -0.7999999999999998224, 1.081395352209268300E-15 ) ) ;
#1961 = ADVANCED_FACE ( 'NONE', ( #1304 ), #1176, .T. ) ;
#1962 = AXIS2_PLACEMENT_3D ( 'NONE', #586, #1534, #286 ) ;
#1963 = CARTESIAN_POINT ( 'NONE',  ( -0.8933333333333328685, -0.6933333333333331350, 1.139999999999999902 ) ) ;
#1964 = VECTOR ( 'NONE', #472, 1000.000000000000000 ) ;
#1965 = CARTESIAN_POINT ( 'NONE',  ( 1.000000000000000000, 0.7400000000000002132, 0.000000000000000000 ) ) ;
#1966 = CARTESIAN_POINT ( 'NONE',  ( -0.8933333333333333126, 0.7680000000000007931, 1.139999999999999902 ) ) ;
#1967 = EDGE_CURVE ( 'NONE', #1677, #1466, #1150, .T. ) ;
#1968 = ORIENTED_EDGE ( 'NONE', *, *, #2037, .F. ) ;
#1969 = DIRECTION ( 'NONE',  ( 0.000000000000000000, 0.000000000000000000, 1.000000000000000000 ) ) ;
#1970 = DIRECTION ( 'NONE',  ( -1.000000000000000000, 0.000000000000000000, 0.000000000000000000 ) ) ;
#1971 = CARTESIAN_POINT ( 'NONE',  ( 0.3499999999999999223, 0.6933333333333333570, 0.000000000000000000 ) ) ;
#1972 = TOROIDAL_SURFACE ( 'NONE', #1441, 0.1315194804090513980, 0.05999999999999999778 ) ;
#1973 = DIRECTION ( 'NONE',  ( -0.7071067811865523467, -1.916616770854230615E-16, 0.7071067811865427988 ) ) ;
#1974 = CARTESIAN_POINT ( 'NONE',  ( 0.8933333333333333126, -0.6933333333333332460, 1.139999999999999902 ) ) ;
#1975 = PRODUCT_DEFINITION_SHAPE ( 'NONE', 'NONE',  #1341 ) ;
#1976 = DIRECTION ( 'NONE',  ( -0.000000000000000000, 0.000000000000000000, 1.000000000000000000 ) ) ;
#1977 = ORIENTED_EDGE ( 'NONE', *, *, #668, .T. ) ;
#1978 = LINE ( 'NONE', #570, #1759 ) ;
#1979 = VERTEX_POINT ( 'NONE', #1160 ) ;
#1980 = CARTESIAN_POINT ( 'NONE',  ( -0.8933333333333336457, -0.7399999999999997691, 0.000000000000000000 ) ) ;
#1981 = EDGE_CURVE ( 'NONE', #1416, #1053, #828, .T. ) ;
#1982 = AXIS2_PLACEMENT_3D ( 'NONE', #663, #513, #802 ) ;
#1983 = VERTEX_POINT ( 'NONE', #1329 ) ;
#1984 = DIRECTION ( 'NONE',  ( 0.000000000000000000, 1.000000000000000000, 0.000000000000000000 ) ) ;
#1985 = PLANE ( 'NONE',  #2019 ) ;
#1986 = EDGE_CURVE ( 'NONE', #923, #303, #495, .T. ) ;
#1987 = VERTEX_POINT ( 'NONE', #1795 ) ;
#1988 = DIRECTION ( 'NONE',  ( 0.000000000000000000, -0.000000000000000000, -1.000000000000000000 ) ) ;
#1989 = VERTEX_POINT ( 'NONE', #844 ) ;
#1990 = DIRECTION ( 'NONE',  ( 0.7071067811865501263, -9.583083854271123492E-17, -0.7071067811865450192 ) ) ;
#1991 = ADVANCED_FACE ( 'NONE', ( #1820 ), #1479, .F. ) ;
#1992 = ADVANCED_FACE ( 'NONE', ( #43 ), #1785, .T. ) ;
#1993 = SURFACE_STYLE_USAGE ( .BOTH. , #86 ) ;
#1994 = VERTEX_POINT ( 'NONE', #990 ) ;
#1995 = VECTOR ( 'NONE', #1720, 1000.000000000000000 ) ;
#1996 = DIRECTION ( 'NONE',  ( 0.000000000000000000, 0.000000000000000000, 1.000000000000000000 ) ) ;
#1997 = CARTESIAN_POINT ( 'NONE',  ( 0.3636055771690188676, 0.8000000000000002665, 1.081395352209268300E-15 ) ) ;
#1998 = VECTOR ( 'NONE', #502, 1000.000000000000000 ) ;
#1999 = APPLICATION_PROTOCOL_DEFINITION ( 'draft international standard', 'automotive_design', 1998, #1723 ) ;
#2000 = DIRECTION ( 'NONE',  ( 1.000000000000000000, 0.000000000000000000, 0.000000000000000000 ) ) ;
#2001 = ORIENTED_EDGE ( 'NONE', *, *, #816, .F. ) ;
#2002 = DIRECTION ( 'NONE',  ( 1.000000000000000000, 0.000000000000000000, 0.000000000000000000 ) ) ;
#2003 = ORIENTED_EDGE ( 'NONE', *, *, #1429, .F. ) ;
#2004 = DIRECTION ( 'NONE',  ( -0.000000000000000000, 0.7071067811865523467, 0.7071067811865427988 ) ) ;
#2005 = VERTEX_POINT ( 'NONE', #348 ) ;
#2006 = DIRECTION ( 'NONE',  ( -0.000000000000000000, 0.000000000000000000, 1.000000000000000000 ) ) ;
#2007 = CIRCLE ( 'NONE', #41, 0.1315194804090514535 ) ;
#2008 = LINE ( 'NONE', #1200, #1089 ) ;
#2009 = CIRCLE ( 'NONE', #241, 0.05999999999999999778 ) ;
#2010 = FACE_OUTER_BOUND ( 'NONE', #7, .T. ) ;
#2011 = VERTEX_POINT ( 'NONE', #534 ) ;
#2012 = CYLINDRICAL_SURFACE ( 'NONE', #60, 0.04666666666666669655 ) ;
#2013 = ORIENTED_EDGE ( 'NONE', *, *, #1001, .T. ) ;
#2014 = FACE_OUTER_BOUND ( 'NONE', #1918, .T. ) ;
#2015 = EDGE_CURVE ( 'NONE', #303, #1017, #1621, .T. ) ;
#2016 =( LENGTH_UNIT ( ) NAMED_UNIT ( * ) SI_UNIT ( .MILLI., .METRE. ) );
#2017 = ORIENTED_EDGE ( 'NONE', *, *, #966, .T. ) ;
#2018 = EDGE_CURVE ( 'NONE', #1046, #322, #74, .T. ) ;
#2019 = AXIS2_PLACEMENT_3D ( 'NONE', #846, #1162, #530 ) ;
#2020 = LINE ( 'NONE', #611, #1995 ) ;
#2021 = CARTESIAN_POINT ( 'NONE',  ( 0.1551471862576154215, 0.6933333333333335791, 0.000000000000000000 ) ) ;
#2022 = VECTOR ( 'NONE', #1011, 1000.000000000000000 ) ;
#2023 = DIRECTION ( 'NONE',  ( 0.000000000000000000, 0.000000000000000000, -1.000000000000000000 ) ) ;
#2024 = EDGE_LOOP ( 'NONE', ( #1494, #1206, #792, #1318 ) ) ;
#2025 = PLANE ( 'NONE',  #1511 ) ;
#2026 = VERTEX_POINT ( 'NONE', #1971 ) ;
#2027 = CARTESIAN_POINT ( 'NONE',  ( -0.3097625787188504898, -0.7920791201770346346, -0.007920879822964105310 ) ) ;
#2028 = SURFACE_STYLE_USAGE ( .BOTH. , #563 ) ;
#2029 = EDGE_LOOP ( 'NONE', ( #230, #569, #1340, #1933 ) ) ;
#2030 = AXIS2_PLACEMENT_3D ( 'NONE', #258, #1327, #580 ) ;
#2031 = DIRECTION ( 'NONE',  ( -1.000000000000000000, 0.000000000000000000, 0.000000000000000000 ) ) ;
#2032 = DIRECTION ( 'NONE',  ( 0.000000000000000000, 0.000000000000000000, -1.000000000000000000 ) ) ;
#2033 = DIRECTION ( 'NONE',  ( 0.000000000000000000, 0.000000000000000000, -1.000000000000000000 ) ) ;
#2034 = ORIENTED_EDGE ( 'NONE', *, *, #202, .T. ) ;
#2035 = AXIS2_PLACEMENT_3D ( 'NONE', #1221, #1866, #2031 ) ;
#2036 = DIRECTION ( 'NONE',  ( -0.000000000000000000, -0.000000000000000000, 1.000000000000000000 ) ) ;
#2037 = EDGE_CURVE ( 'NONE', #1840, #482, #786, .T. ) ;
#2038 = ORIENTED_EDGE ( 'NONE', *, *, #1008, .F. ) ;
#2039 = EDGE_LOOP ( 'NONE', ( #10, #909, #746, #1767 ) ) ;
#2040 = CONICAL_SURFACE ( 'NONE', #1087, 0.04666666666666609981, 0.7853981633974446153 ) ;
#2041 = DIRECTION ( 'NONE',  ( -0.7071067811865445751, 0.000000000000000000, -0.7071067811865504593 ) ) ;
#2042 = DIRECTION ( 'NONE',  ( -1.355252715606880543E-16, -1.000000000000000000, 4.357881996052701739E-33 ) ) ;
#2043 = VERTEX_POINT ( 'NONE', #836 ) ;
#2044 = AXIS2_PLACEMENT_3D ( 'NONE', #1638, #49, #967 ) ;
#2045 = PLANE ( 'NONE',  #1383 ) ;
#2046 = AXIS2_PLACEMENT_3D ( 'NONE', #325, #1272, #1263 ) ;
#2047 = ORIENTED_EDGE ( 'NONE', *, *, #146, .T. ) ;
#2048 = CARTESIAN_POINT ( 'NONE',  ( -0.2866666666666667362, 0.6933333333333335791, 0.000000000000000000 ) ) ;
#2049 = EDGE_CURVE ( 'NONE', #1009, #1699, #1022, .T. ) ;
#2050 =( NAMED_UNIT ( * ) PLANE_ANGLE_UNIT ( ) SI_UNIT ( $, .RADIAN. ) );
#2051 = DIRECTION ( 'NONE',  ( -1.000000000000000000, 0.000000000000000000, 0.000000000000000000 ) ) ;
#2052 = FACE_OUTER_BOUND ( 'NONE', #363, .T. ) ;
#2053 = AXIS2_PLACEMENT_3D ( 'NONE', #1517, #891, #381 ) ;
#2054 = LINE ( 'NONE', #349, #166 ) ;
#2055 = ORIENTED_EDGE ( 'NONE', *, *, #1986, .F. ) ;
#2056 = DIRECTION ( 'NONE',  ( 0.000000000000000000, -1.000000000000000000, 0.000000000000000000 ) ) ;
#2057 = AXIS2_PLACEMENT_3D ( 'NONE', #1643, #1180, #1523 ) ;
#2058 = ADVANCED_FACE ( 'NONE', ( #1650 ), #716, .T. ) ;
#2059 = AXIS2_PLACEMENT_3D ( 'NONE', #1387, #1375, #250 ) ;
#2060 = ORIENTED_EDGE ( 'NONE', *, *, #426, .F. ) ;
#2061 = CARTESIAN_POINT ( 'NONE',  ( -0.9680000000000000826, -0.6933333333333332460, 1.139999999999999902 ) ) ;
#2062 = EDGE_LOOP ( 'NONE', ( #300, #1233, #2066, #919 ) ) ;
#2063 = EDGE_CURVE ( 'NONE', #1521, #1950, #229, .T. ) ;
#2064 = FACE_OUTER_BOUND ( 'NONE', #1362, .T. ) ;
#2065 = CARTESIAN_POINT ( 'NONE',  ( 0.8933333333333332016, -0.6933333333333332460, -0.05999999999999999778 ) ) ;
#2066 = ORIENTED_EDGE ( 'NONE', *, *, #660, .F. ) ;
#2067 = NEXT_ASSEMBLY_USAGE_OCCURRENCE ( 'NAUO1', ' ', ' ', #545, #1341, $ ) ;
#2068 = NEXT_ASSEMBLY_USAGE_OCCURRENCE ( 'NAUO2', ' ', ' ', #545, #767, $ ) ;
#2069 = NEXT_ASSEMBLY_USAGE_OCCURRENCE ( 'NAUO3', ' ', ' ', #545, #767, $ ) ;
ENDSEC;
END-ISO-10303-21;
