ISO-10303-21;
HEADER;
FILE_DESCRIPTION (( 'STEP AP214' ),
    '1' );
FILE_NAME ('FTC201265S.step',
    '2026-10-09T15:26:49',
    ( '' ),
    ( '' ),
    'SwSTEP 2.0',
    'SolidWorks 2025',
    '' );
FILE_SCHEMA (( 'AUTOMOTIVE_DESIGN' ));
ENDSEC;

DATA;
#1 = VECTOR ( 'NONE', #1662, 1000.000000000000000 ) ;
#2 = EDGE_CURVE ( 'NONE', #469, #953, #1358, .T. ) ;
#3 = EDGE_CURVE ( 'NONE', #417, #702, #1737, .T. ) ;
#4 = CARTESIAN_POINT ( 'NONE',  ( -0.9200000000000004841, -0.5674999999999998934, 0.000000000000000000 ) ) ;
#5 = FILL_AREA_STYLE ('',( #969 ) ) ;
#6 = ORIENTED_EDGE ( 'NONE', *, *, #642, .F. ) ;
#7 = VECTOR ( 'NONE', #290, 1000.000000000000000 ) ;
#8 = CYLINDRICAL_SURFACE ( 'NONE', #1021, 0.04750000000000001443 ) ;
#9 = EDGE_LOOP ( 'NONE', ( #45, #878, #1052, #48 ) ) ;
#10 = DIRECTION ( 'NONE',  ( -0.000000000000000000, -0.000000000000000000, 1.000000000000000000 ) ) ;
#11 = CARTESIAN_POINT ( 'NONE',  ( 0.2674999999999998490, 0.6000000000000000888, -0.03250000000000000111 ) ) ;
#12 = ORIENTED_EDGE ( 'NONE', *, *, #1496, .F. ) ;
#13 = AXIS2_PLACEMENT_3D ( 'NONE', #162, #10, #491 ) ;
#14 = VECTOR ( 'NONE', #1472, 1000.000000000000000 ) ;
#15 = DIRECTION ( 'NONE',  ( 0.000000000000000000, -0.000000000000000000, 1.000000000000000000 ) ) ;
#16 = EDGE_CURVE ( 'NONE', #773, #336, #1886, .T. ) ;
#17 = DIRECTION ( 'NONE',  ( -1.000000000000000000, 0.000000000000000000, 0.000000000000000000 ) ) ;
#18 = FACE_OUTER_BOUND ( 'NONE', #554, .T. ) ;
#19 = PLANE ( 'NONE',  #1987 ) ;
#20 = EDGE_LOOP ( 'NONE', ( #1129, #1667, #626, #901 ) ) ;
#21 = B_SPLINE_CURVE_WITH_KNOTS ( 'NONE', 3,
 ( #2021, #1367, #1220, #341, #635, #1574, #2068, #1923, #1294, #1281 ),
 .UNSPECIFIED., .F., .F.,
 ( 4, 3, 3, 4 ),
 ( 0.000000000000000000, 2.998725843649735701E-05, 4.841842143354559570E-05, 5.041524667514187181E-05 ),
 .UNSPECIFIED. ) ;
#22 = LINE ( 'NONE', #990, #1425 ) ;
#23 = DIRECTION ( 'NONE',  ( -0.000000000000000000, 0.000000000000000000, 1.000000000000000000 ) ) ;
#24 = VERTEX_POINT ( 'NONE', #1573 ) ;
#25 = DIRECTION ( 'NONE',  ( -1.000000000000000000, 0.000000000000000000, 0.000000000000000000 ) ) ;
#26 = ORIENTED_EDGE ( 'NONE', *, *, #1836, .F. ) ;
#27 = CARTESIAN_POINT ( 'NONE',  ( -0.9759999999999999787, -1.763635533909753961E-16, 0.6175000000000000488 ) ) ;
#28 = ORIENTED_EDGE ( 'NONE', *, *, #1710, .T. ) ;
#29 = EDGE_CURVE ( 'NONE', #1858, #1661, #791, .T. ) ;
#30 = EDGE_CURVE ( 'NONE', #1671, #1878, #970, .T. ) ;
#31 = DIRECTION ( 'NONE',  ( 0.000000000000000000, -1.000000000000000000, 0.000000000000000000 ) ) ;
#32 = DIRECTION ( 'NONE',  ( -0.000000000000000000, -0.000000000000000000, 1.000000000000000000 ) ) ;
#33 = ORIENTED_EDGE ( 'NONE', *, *, #1958, .T. ) ;
#34 = VECTOR ( 'NONE', #1705, 1000.000000000000000 ) ;
#35 = SURFACE_STYLE_FILL_AREA ( #1928 ) ;
#36 = VECTOR ( 'NONE', #1185, 1000.000000000000000 ) ;
#37 = VECTOR ( 'NONE', #768, 1000.000000000000000 ) ;
#38 = AXIS2_PLACEMENT_3D ( 'NONE', #1693, #253, #100 ) ;
#39 = CARTESIAN_POINT ( 'NONE',  ( 0.3149999999999999467, 0.5904809703885625094, -0.009519029611437246352 ) ) ;
#40 = CIRCLE ( 'NONE', #1083, 0.07999999999999998779 ) ;
#41 = EDGE_LOOP ( 'NONE', ( #978, #238, #1789, #84 ) ) ;
#42 = VECTOR ( 'NONE', #1251, 1000.000000000000000 ) ;
#43 = EDGE_CURVE ( 'NONE', #773, #192, #1728, .T. ) ;
#44 = CARTESIAN_POINT ( 'NONE',  ( 0.000000000000000000, -0.5759999999999997344, 0.6175000000000000488 ) ) ;
#45 = ORIENTED_EDGE ( 'NONE', *, *, #586, .F. ) ;
#46 =( NAMED_UNIT ( * ) PLANE_ANGLE_UNIT ( ) SI_UNIT ( $, .RADIAN. ) );
#47 = VECTOR ( 'NONE', #2060, 1000.000000000000000 ) ;
#48 = ORIENTED_EDGE ( 'NONE', *, *, #1408, .T. ) ;
#49 = CARTESIAN_POINT ( 'NONE',  ( 0.3633232280981143481, -0.5999999999999998668, 4.288893270670664066E-16 ) ) ;
#50 = DIRECTION ( 'NONE',  ( 0.000000000000000000, -1.000000000000000000, 0.000000000000000000 ) ) ;
#51 = VERTEX_POINT ( 'NONE', #137 ) ;
#52 = DIRECTION ( 'NONE',  ( 0.000000000000000000, 0.000000000000000000, -1.000000000000000000 ) ) ;
#53 = CARTESIAN_POINT ( 'NONE',  ( -0.2350000000000006251, -0.5199999999999999067, 4.328587703688641822E-16 ) ) ;
#54 = ORIENTED_EDGE ( 'NONE', *, *, #1543, .T. ) ;
#55 = EDGE_CURVE ( 'NONE', #181, #852, #480, .T. ) ;
#56 = ADVANCED_FACE ( 'NONE', ( #962 ), #282, .T. ) ;
#57 = SURFACE_STYLE_FILL_AREA ( #1527 ) ;
#58 = ORIENTED_EDGE ( 'NONE', *, *, #1734, .F. ) ;
#59 = FACE_OUTER_BOUND ( 'NONE', #558, .T. ) ;
#60 = CARTESIAN_POINT ( 'NONE',  ( -0.9200000000000002620, 0.6000000000000000888, 0.5934999999999999165 ) ) ;
#61 = ORIENTED_EDGE ( 'NONE', *, *, #1569, .F. ) ;
#62 = PLANE ( 'NONE',  #1917 ) ;
#63 = DIRECTION ( 'NONE',  ( 0.000000000000000000, -0.000000000000000000, -1.000000000000000000 ) ) ;
#64 = VERTEX_POINT ( 'NONE', #1419 ) ;
#65 = DIRECTION ( 'NONE',  ( 9.035018104045870694E-17, 1.000000000000000000, 0.000000000000000000 ) ) ;
#66 = EDGE_CURVE ( 'NONE', #361, #922, #801, .T. ) ;
#67 = ORIENTED_EDGE ( 'NONE', *, *, #1457, .T. ) ;
#68 = ADVANCED_FACE ( 'NONE', ( #1279 ), #1890, .F. ) ;
#69 = AXIS2_PLACEMENT_3D ( 'NONE', #1110, #448, #1092 ) ;
#70 = DIRECTION ( 'NONE',  ( -0.000000000000000000, 0.000000000000000000, 1.000000000000000000 ) ) ;
#71 = DIRECTION ( 'NONE',  ( -9.035018104045870694E-17, -1.000000000000000000, -0.000000000000000000 ) ) ;
#72 = VERTEX_POINT ( 'NONE', #477 ) ;
#73 = CONICAL_SURFACE ( 'NONE', #674, 0.05599999999999984157, 0.7853981633974485010 ) ;
#74 = AXIS2_PLACEMENT_3D ( 'NONE', #183, #1466, #344 ) ;
#75 = DIRECTION ( 'NONE',  ( 0.000000000000000000, -0.000000000000000000, -1.000000000000000000 ) ) ;
#76 = ORIENTED_EDGE ( 'NONE', *, *, #29, .T. ) ;
#77 = AXIS2_PLACEMENT_3D ( 'NONE', #638, #1287, #1368 ) ;
#78 = DIRECTION ( 'NONE',  ( -1.807003620809174139E-16, -1.000000000000000000, 0.000000000000000000 ) ) ;
#79 = ORIENTED_EDGE ( 'NONE', *, *, #1710, .F. ) ;
#80 = AXIS2_PLACEMENT_3D ( 'NONE', #329, #1611, #658 ) ;
#81 = DIRECTION ( 'NONE',  ( -1.000000000000000000, 0.000000000000000000, 0.000000000000000000 ) ) ;
#82 = EDGE_CURVE ( 'NONE', #922, #173, #128, .T. ) ;
#83 = DIRECTION ( 'NONE',  ( -1.000000000000000000, -0.000000000000000000, -0.000000000000000000 ) ) ;
#84 = ORIENTED_EDGE ( 'NONE', *, *, #124, .T. ) ;
#85 = CARTESIAN_POINT ( 'NONE',  ( -0.3499999999999998668, -0.5200000000000000178, 0.03250000000000000111 ) ) ;
#86 = CARTESIAN_POINT ( 'NONE',  ( 0.9199999999999998179, 0.5759999999999999565, 0.6175000000000000488 ) ) ;
#87 = ORIENTED_EDGE ( 'NONE', *, *, #1071, .F. ) ;
#88 = DIRECTION ( 'NONE',  ( 0.000000000000000000, -0.000000000000000000, -1.000000000000000000 ) ) ;
#89 = DIRECTION ( 'NONE',  ( 0.000000000000000000, 0.000000000000000000, 1.000000000000000000 ) ) ;
#90 = VERTEX_POINT ( 'NONE', #496 ) ;
#91 = DIRECTION ( 'NONE',  ( -1.807003620809174632E-16, -1.000000000000000000, 0.000000000000000000 ) ) ;
#92 = LINE ( 'NONE', #1674, #467 ) ;
#93 = ORIENTED_EDGE ( 'NONE', *, *, #55, .T. ) ;
#94 = CARTESIAN_POINT ( 'NONE',  ( -0.9200000000000002620, 0.6000000000000000888, 4.288893270670664066E-16 ) ) ;
#95 = CARTESIAN_POINT ( 'NONE',  ( -0.3167426282276769589, -0.5911703751700881915, -0.008829624829911368253 ) ) ;
#96 = ORIENTED_EDGE ( 'NONE', *, *, #938, .F. ) ;
#97 = EDGE_CURVE ( 'NONE', #1273, #1731, #377, .T. ) ;
#98 = ADVANCED_FACE ( 'NONE', ( #18 ), #177, .T. ) ;
#99 = UNCERTAINTY_MEASURE_WITH_UNIT (LENGTH_MEASURE( 1.000000000000000082E-05 ), #534, 'distance_accuracy_value', 'NONE');
#100 = DIRECTION ( 'NONE',  ( 1.000000000000000000, -1.417257741811117296E-16, 0.000000000000000000 ) ) ;
#101 = ORIENTED_EDGE ( 'NONE', *, *, #1645, .F. ) ;
#102 = FACE_OUTER_BOUND ( 'NONE', #898, .T. ) ;
#103 = VECTOR ( 'NONE', #1048, 1000.000000000000000 ) ;
#104 = DIRECTION ( 'NONE',  ( 0.000000000000000000, -0.7071067811865452413, -0.7071067811865499042 ) ) ;
#105 = ORIENTED_EDGE ( 'NONE', *, *, #819, .F. ) ;
#106 = CARTESIAN_POINT ( 'NONE',  ( 0.000000000000000000, 0.5674999999999998934, -0.03250000000000000111 ) ) ;
#107 = CARTESIAN_POINT ( 'NONE',  ( 0.2675000000000000155, -2.416867342832270506E-17, -0.03250000000000000111 ) ) ;
#108 = ORIENTED_EDGE ( 'NONE', *, *, #385, .T. ) ;
#109 = AXIS2_PLACEMENT_3D ( 'NONE', #1305, #32, #1791 ) ;
#110 = EDGE_CURVE ( 'NONE', #1118, #1163, #979, .T. ) ;
#111 = PLANE ( 'NONE',  #1548 ) ;
#112 = AXIS2_PLACEMENT_3D ( 'NONE', #1387, #1229, #1862 ) ;
#113 = EDGE_LOOP ( 'NONE', ( #195, #850, #61, #1074 ) ) ;
#114 = CARTESIAN_POINT ( 'NONE',  ( -0.3150000000000006128, -0.5999999999999998668, 4.288893270670664066E-16 ) ) ;
#115 = CARTESIAN_POINT ( 'NONE',  ( -1.000000000000000222, 0.6000000000000000888, 0.000000000000000000 ) ) ;
#116 = ORIENTED_EDGE ( 'NONE', *, *, #924, .F. ) ;
#117 = AXIS2_PLACEMENT_3D ( 'NONE', #931, #159, #1121 ) ;
#118 = DIRECTION ( 'NONE',  ( -0.000000000000000000, 0.000000000000000000, -1.000000000000000000 ) ) ;
#119 = CIRCLE ( 'NONE', #379, 0.03250000000000000111 ) ;
#120 = CARTESIAN_POINT ( 'NONE',  ( -0.3150000000000006128, -0.5904809703885622874, -0.009519029611437251556 ) ) ;
#121 = ORIENTED_EDGE ( 'NONE', *, *, #82, .F. ) ;
#122 = UNCERTAINTY_MEASURE_WITH_UNIT (LENGTH_MEASURE( 1.000000000000000082E-05 ), #1810, 'distance_accuracy_value', 'NONE');
#123 = DIRECTION ( 'NONE',  ( 0.000000000000000000, 0.000000000000000000, -1.000000000000000000 ) ) ;
#124 = EDGE_CURVE ( 'NONE', #1642, #417, #1257, .T. ) ;
#125 = EDGE_CURVE ( 'NONE', #992, #888, #1815, .T. ) ;
#126 = LINE ( 'NONE', #1417, #1681 ) ;
#127 = DIRECTION ( 'NONE',  ( 1.000000000000000000, 0.000000000000000000, 0.000000000000000000 ) ) ;
#128 = LINE ( 'NONE', #1410, #1289 ) ;
#129 = CARTESIAN_POINT ( 'NONE',  ( 0.9199999999999998179, -0.5199999999999997957, 0.6175000000000000488 ) ) ;
#130 = LINE ( 'NONE', #1868, #1144 ) ;
#131 = ORIENTED_EDGE ( 'NONE', *, *, #710, .F. ) ;
#132 = CARTESIAN_POINT ( 'NONE',  ( -0.3150000000000006128, -0.5999999999999998668, 4.288893270670664066E-16 ) ) ;
#133 = FACE_OUTER_BOUND ( 'NONE', #1831, .T. ) ;
#134 = EDGE_CURVE ( 'NONE', #1642, #1913, #500, .T. ) ;
#135 = EDGE_CURVE ( 'NONE', #226, #714, #1474, .T. ) ;
#136 = DIRECTION ( 'NONE',  ( -0.000000000000000000, 0.000000000000000000, 1.000000000000000000 ) ) ;
#137 = CARTESIAN_POINT ( 'NONE',  ( 0.2445190296114375383, 0.5200000000000000178, -0.009519029611437343497 ) ) ;
#138 = AXIS2_PLACEMENT_3D ( 'NONE', #1687, #435, #745 ) ;
#139 = DIRECTION ( 'NONE',  ( -1.000000000000000000, 0.000000000000000000, 0.000000000000000000 ) ) ;
#140 = EDGE_LOOP ( 'NONE', ( #1397, #521, #1694, #968, #320 ) ) ;
#141 = SHAPE_REPRESENTATION ( 'FTC201265S', ( #2052, #376, #1553, #823 ), #719 ) ;
#142 = VECTOR ( 'NONE', #1489, 1000.000000000000000 ) ;
#143 = DIRECTION ( 'NONE',  ( 1.000000000000000000, 0.000000000000000000, 0.000000000000000000 ) ) ;
#144 = CONICAL_SURFACE ( 'NONE', #1614, 0.04749999999999979933, 0.7853981633974452814 ) ;
#145 = AXIS2_PLACEMENT_3D ( 'NONE', #1526, #88, #410 ) ;
#146 = CIRCLE ( 'NONE', #74, 0.04750000000000001443 ) ;
#147 = CYLINDRICAL_SURFACE ( 'NONE', #1779, 0.04750000000000001443 ) ;
#148 = DIRECTION ( 'NONE',  ( -1.807003620809174139E-16, 1.000000000000000000, 0.000000000000000000 ) ) ;
#149 = ORIENTED_EDGE ( 'NONE', *, *, #1821, .F. ) ;
#150 = ADVANCED_FACE ( 'NONE', ( #333 ), #1271, .T. ) ;
#151 = DIRECTION ( 'NONE',  ( 0.000000000000000000, 0.000000000000000000, 1.000000000000000000 ) ) ;
#152 = ORIENTED_EDGE ( 'NONE', *, *, #1685, .F. ) ;
#153 = CIRCLE ( 'NONE', #1053, 0.04750000000000001443 ) ;
#154 = CIRCLE ( 'NONE', #1893, 0.07048097038856235286 ) ;
#155 = DIRECTION ( 'NONE',  ( 1.807003620809174632E-16, 1.000000000000000000, 0.000000000000000000 ) ) ;
#156 = DIRECTION ( 'NONE',  ( 1.000000000000000000, -9.035018104045870694E-17, 0.000000000000000000 ) ) ;
#157 = VERTEX_POINT ( 'NONE', #805 ) ;
#158 = DIRECTION ( 'NONE',  ( -1.000000000000000000, 0.000000000000000000, 0.000000000000000000 ) ) ;
#159 = DIRECTION ( 'NONE',  ( 0.000000000000000000, 1.000000000000000000, 0.000000000000000000 ) ) ;
#160 = LINE ( 'NONE', #1269, #861 ) ;
#161 = EDGE_LOOP ( 'NONE', ( #1655, #1171, #516, #184, #26 ) ) ;
#162 = CARTESIAN_POINT ( 'NONE',  ( -0.9200000000000002620, 0.5200000000000000178, -0.03250000000000000111 ) ) ;
#163 = EDGE_CURVE ( 'NONE', #1485, #157, #982, .T. ) ;
#164 = DIRECTION ( 'NONE',  ( 0.000000000000000000, 0.000000000000000000, 1.000000000000000000 ) ) ;
#165 = ORIENTED_EDGE ( 'NONE', *, *, #834, .F. ) ;
#166 = CARTESIAN_POINT ( 'NONE',  ( 0.3025000000000001021, -0.5200000000000000178, 0.000000000000000000 ) ) ;
#167 = CARTESIAN_POINT ( 'NONE',  ( 0.2674999999999997380, -0.5199999999999997957, -0.03250000000000000111 ) ) ;
#168 = CARTESIAN_POINT ( 'NONE',  ( 0.9199999999999995959, -0.5199999999999997957, -0.03250000000000000111 ) ) ;
#169 = ORIENTED_EDGE ( 'NONE', *, *, #1621, .F. ) ;
#170 = DIRECTION ( 'NONE',  ( -1.000000000000000000, 0.000000000000000000, 0.000000000000000000 ) ) ;
#171 = VECTOR ( 'NONE', #1718, 1000.000000000000000 ) ;
#172 = DIRECTION ( 'NONE',  ( 1.000000000000000000, 0.000000000000000000, 0.000000000000000000 ) ) ;
#173 = VERTEX_POINT ( 'NONE', #2063 ) ;
#174 = EDGE_CURVE ( 'NONE', #1244, #1518, #2055, .T. ) ;
#175 = VECTOR ( 'NONE', #1648, 1000.000000000000000 ) ;
#176 = LINE ( 'NONE', #4, #1942 ) ;
#177 = PLANE ( 'NONE',  #857 ) ;
#178 = CIRCLE ( 'NONE', #1582, 0.04750000000000001443 ) ;
#179 = PRODUCT ( 'body_\X2\9ed88ba4\X0\', 'body_\X2\9ed88ba4\X0\', '', ( #926 ) ) ;
#180 = DIRECTION ( 'NONE',  ( 1.000000000000000000, 0.000000000000000000, 0.000000000000000000 ) ) ;
#181 = VERTEX_POINT ( 'NONE', #627 ) ;
#182 = DIRECTION ( 'NONE',  ( -1.000000000000000000, 0.000000000000000000, 0.000000000000000000 ) ) ;
#183 = CARTESIAN_POINT ( 'NONE',  ( -0.3025000000000000466, 0.5199999999999997957, 0.03250000000000000111 ) ) ;
#184 = ORIENTED_EDGE ( 'NONE', *, *, #1263, .F. ) ;
#185 = VECTOR ( 'NONE', #1999, 1000.000000000000114 ) ;
#186 = ADVANCED_FACE ( 'NONE', ( #343 ), #1616, .F. ) ;
#187 = DIRECTION ( 'NONE',  ( -0.000000000000000000, 0.000000000000000000, 1.000000000000000000 ) ) ;
#188 = CARTESIAN_POINT ( 'NONE',  ( -0.2675000000000005707, -0.5199999999999997957, 0.000000000000000000 ) ) ;
#189 = ADVANCED_FACE ( 'NONE', ( #323 ), #1286, .T. ) ;
#190 = ORIENTED_EDGE ( 'NONE', *, *, #1316, .T. ) ;
#191 = DIRECTION ( 'NONE',  ( -0.000000000000000000, -0.000000000000000000, 1.000000000000000000 ) ) ;
#192 = VERTEX_POINT ( 'NONE', #470 ) ;
#193 = CARTESIAN_POINT ( 'NONE',  ( 0.9759999999999996456, 0.000000000000000000, 0.6175000000000000488 ) ) ;
#194 = CARTESIAN_POINT ( 'NONE',  ( -1.000000000000000222, 0.5200000000000000178, 0.5934999999999999165 ) ) ;
#195 = ORIENTED_EDGE ( 'NONE', *, *, #936, .F. ) ;
#196 = CARTESIAN_POINT ( 'NONE',  ( 0.9674999999999995826, -0.5199999999999997957, 0.000000000000000000 ) ) ;
#197 = CARTESIAN_POINT ( 'NONE',  ( 0.2674999999999998490, 0.6000000000000000888, -0.03250000000000000111 ) ) ;
#198 = EDGE_CURVE ( 'NONE', #696, #1638, #653, .T. ) ;
#199 = EDGE_CURVE ( 'NONE', #24, #396, #1914, .T. ) ;
#200 = CARTESIAN_POINT ( 'NONE',  ( 0.9999999999999997780, -0.5199999999999997957, 0.6175000000000000488 ) ) ;
#201 = EDGE_LOOP ( 'NONE', ( #1219, #1775, #1337, #1236 ) ) ;
#202 = CARTESIAN_POINT ( 'NONE',  ( -0.9675000000000002487, 0.5200000000000000178, 0.000000000000000000 ) ) ;
#203 = DIRECTION ( 'NONE',  ( 0.000000000000000000, 0.000000000000000000, -1.000000000000000000 ) ) ;
#204 = EDGE_LOOP ( 'NONE', ( #342, #1522, #1306, #1839 ) ) ;
#205 = VECTOR ( 'NONE', #65, 1000.000000000000000 ) ;
#206 = DIRECTION ( 'NONE',  ( 1.000000000000000000, 0.000000000000000000, 0.000000000000000000 ) ) ;
#207 = VECTOR ( 'NONE', #1537, 1000.000000000000000 ) ;
#208 = EDGE_LOOP ( 'NONE', ( #1986, #910, #672, #1808, #380 ) ) ;
#209 = AXIS2_PLACEMENT_3D ( 'NONE', #1128, #482, #471 ) ;
#210 = DIRECTION ( 'NONE',  ( 0.000000000000000000, -0.7071067811865474617, 0.7071067811865474617 ) ) ;
#211 = ORIENTED_EDGE ( 'NONE', *, *, #1098, .T. ) ;
#212 = EDGE_CURVE ( 'NONE', #1661, #1751, #153, .T. ) ;
#213 = DIRECTION ( 'NONE',  ( 1.432866307249565381E-16, -1.000000000000000000, 0.000000000000000000 ) ) ;
#214 = CYLINDRICAL_SURFACE ( 'NONE', #1974, 0.07999999999999998779 ) ;
#215 = EDGE_LOOP ( 'NONE', ( #1056, #1861, #375, #884, #741, #328, #1385, #1363 ) ) ;
#216 = VECTOR ( 'NONE', #458, 1000.000000000000114 ) ;
#217 = SHAPE_REPRESENTATION_RELATIONSHIP ( 'NONE' , 'NONE' ,  #257, #1321 ) ;
#218 = AXIS2_PLACEMENT_3D ( 'NONE', #593, #118, #1844 ) ;
#219 = EDGE_LOOP ( 'NONE', ( #584, #1722, #1155, #1921 ) ) ;
#220 = CARTESIAN_POINT ( 'NONE',  ( -0.3500000000000000333, 0.5199999999999997957, 0.000000000000000000 ) ) ;
#221 = LINE ( 'NONE', #1641, #14 ) ;
#222 = ORIENTED_EDGE ( 'NONE', *, *, #110, .T. ) ;
#223 = DIRECTION ( 'NONE',  ( 1.000000000000000000, 0.000000000000000000, 0.000000000000000000 ) ) ;
#224 = ORIENTED_EDGE ( 'NONE', *, *, #1899, .T. ) ;
#225 = EDGE_CURVE ( 'NONE', #1992, #1709, #22, .T. ) ;
#226 = VERTEX_POINT ( 'NONE', #1628 ) ;
#227 = CARTESIAN_POINT ( 'NONE',  ( 0.2215380592228745615, -2.001600375813858064E-17, 0.000000000000000000 ) ) ;
#228 = VERTEX_POINT ( 'NONE', #481 ) ;
#229 = DIRECTION ( 'NONE',  ( -1.000000000000000000, 0.000000000000000000, 0.000000000000000000 ) ) ;
#230 = DIRECTION ( 'NONE',  ( 9.035018104045870694E-17, 1.000000000000000000, 0.000000000000000000 ) ) ;
#231 = ORIENTED_EDGE ( 'NONE', *, *, #1559, .T. ) ;
#232 = DIRECTION ( 'NONE',  ( -0.000000000000000000, -0.000000000000000000, 1.000000000000000000 ) ) ;
#233 = ADVANCED_FACE ( 'NONE', ( #1127 ), #973, .T. ) ;
#234 = ORIENTED_EDGE ( 'NONE', *, *, #1435, .F. ) ;
#235 = VECTOR ( 'NONE', #864, 1000.000000000000000 ) ;
#236 = DIRECTION ( 'NONE',  ( -0.000000000000000000, 0.000000000000000000, 1.000000000000000000 ) ) ;
#237 = DIRECTION ( 'NONE',  ( 0.000000000000000000, 0.000000000000000000, -1.000000000000000000 ) ) ;
#238 = ORIENTED_EDGE ( 'NONE', *, *, #1276, .F. ) ;
#239 = CARTESIAN_POINT ( 'NONE',  ( -0.3633232280793690649, -0.5999999999999998668, 4.288893270670664066E-16 ) ) ;
#240 = FACE_OUTER_BOUND ( 'NONE', #427, .T. ) ;
#241 = VERTEX_POINT ( 'NONE', #461 ) ;
#242 = CARTESIAN_POINT ( 'NONE',  ( 0.9199999999999998179, 0.5675000000000001155, 0.000000000000000000 ) ) ;
#243 = VECTOR ( 'NONE', #1620, 1000.000000000000000 ) ;
#244 = ORIENTED_EDGE ( 'NONE', *, *, #869, .F. ) ;
#245 = VECTOR ( 'NONE', #955, 1000.000000000000000 ) ;
#246 = DIRECTION ( 'NONE',  ( -0.7071067811865474617, 0.000000000000000000, 0.7071067811865474617 ) ) ;
#247 = ADVANCED_FACE ( 'NONE', ( #303 ), #1587, .T. ) ;
#248 = FACE_OUTER_BOUND ( 'NONE', #1908, .T. ) ;
#249 = VERTEX_POINT ( 'NONE', #814 ) ;
#250 = CARTESIAN_POINT ( 'NONE',  ( 0.3633232280793683988, 0.6000000000000000888, 4.288893270670664066E-16 ) ) ;
#251 = LINE ( 'NONE', #1857, #365 ) ;
#252 = ORIENTED_EDGE ( 'NONE', *, *, #272, .T. ) ;
#253 = DIRECTION ( 'NONE',  ( -1.417257741811117296E-16, -1.000000000000000000, 0.000000000000000000 ) ) ;
#254 = ITEM_DEFINED_TRANSFORMATION ( 'NONE', 'NONE', #376,  #444 ) ;
#255 = ORIENTED_EDGE ( 'NONE', *, *, #1058, .F. ) ;
#256 = CARTESIAN_POINT ( 'NONE',  ( 0.9999999999999997780, 0.5200000000000000178, 4.336808689942017736E-16 ) ) ;
#257 = SHAPE_REPRESENTATION ( 'body_\X2\9ed88ba4\X0\', ( #444 ), #1351 ) ;
#258 = FACE_OUTER_BOUND ( 'NONE', #1824, .T. ) ;
#259 = ORIENTED_EDGE ( 'NONE', *, *, #1107, .F. ) ;
#260 = ADVANCED_FACE ( 'NONE', ( #1453 ), #1950, .T. ) ;
#261 = DIRECTION ( 'NONE',  ( 1.000000000000000000, 0.000000000000000000, 0.000000000000000000 ) ) ;
#262 = CARTESIAN_POINT ( 'NONE',  ( -0.3150000000000003908, 0.5675000000000000044, 0.000000000000000000 ) ) ;
#263 = EDGE_LOOP ( 'NONE', ( #832, #1618, #619, #1679, #569, #1630, #1022, #875 ) ) ;
#264 = CARTESIAN_POINT ( 'NONE',  ( -1.000000000000000222, 0.5200000000000000178, 0.5934999999999999165 ) ) ;
#265 = ORIENTED_EDGE ( 'NONE', *, *, #1041, .F. ) ;
#266 = DIRECTION ( 'NONE',  ( 1.000000000000000000, 0.000000000000000000, 0.000000000000000000 ) ) ;
#267 = CIRCLE ( 'NONE', #1414, 0.04750000000000001443 ) ;
#268 = PLANE ( 'NONE',  #913 ) ;
#269 = ORIENTED_EDGE ( 'NONE', *, *, #1517, .F. ) ;
#270 = CARTESIAN_POINT ( 'NONE',  ( -0.3337533390285880586, 0.5964745688949325553, -0.003525431105067189635 ) ) ;
#271 = CIRCLE ( 'NONE', #678, 0.04750000000000001443 ) ;
#272 = EDGE_CURVE ( 'NONE', #1070, #312, #394, .T. ) ;
#273 = CARTESIAN_POINT ( 'NONE',  ( -0.3155808760758927467, -0.5907107719824042924, -0.009289228017595343653 ) ) ;
#274 = ORIENTED_EDGE ( 'NONE', *, *, #1520, .T. ) ;
#275 = CIRCLE ( 'NONE', #614, 0.04750000000000001443 ) ;
#276 = EDGE_CURVE ( 'NONE', #286, #173, #1689, .T. ) ;
#277 = CARTESIAN_POINT ( 'NONE',  ( -0.9200000000000002620, 0.5200000000000000178, 4.336808689942017736E-16 ) ) ;
#278 = ITEM_DEFINED_TRANSFORMATION ( 'NONE', 'NONE', #823,  #444 ) ;
#279 = DIRECTION ( 'NONE',  ( -1.000000000000000000, 0.000000000000000000, 0.000000000000000000 ) ) ;
#280 = MANIFOLD_SOLID_BREP ( '\X2\570689d2\X0\4', #721 ) ;
#281 = DIRECTION ( 'NONE',  ( 0.000000000000000000, 0.7071067811865450192, -0.7071067811865501263 ) ) ;
#282 = PLANE ( 'NONE',  #117 ) ;
#283 = APPLICATION_CONTEXT ( 'automotive_design' ) ;
#284 = CARTESIAN_POINT ( 'NONE',  ( 0.3337533390082597640, 0.5964745688900762177, -0.003525431109923402723 ) ) ;
#285 = CARTESIAN_POINT ( 'NONE',  ( -0.3025000000000000466, 0.5674999999999998934, 0.000000000000000000 ) ) ;
#286 = VERTEX_POINT ( 'NONE', #866 ) ;
#287 = DIRECTION ( 'NONE',  ( -0.000000000000000000, 0.000000000000000000, 1.000000000000000000 ) ) ;
#288 = ADVANCED_FACE ( 'NONE', ( #1512 ), #62, .F. ) ;
#289 = ADVANCED_FACE ( 'NONE', ( #1157 ), #1822, .T. ) ;
#290 = DIRECTION ( 'NONE',  ( 0.000000000000000000, 0.000000000000000000, 1.000000000000000000 ) ) ;
#291 = CARTESIAN_POINT ( 'NONE',  ( -1.000000000000000000, -0.5199999999999997957, 4.336808689942017736E-16 ) ) ;
#292 = ADVANCED_BREP_SHAPE_REPRESENTATION ( '', ( #1009, #444 ), #677 ) ;
#293 = CARTESIAN_POINT ( 'NONE',  ( 0.3149999999999997247, -0.5674999999999998934, 0.000000000000000000 ) ) ;
#294 = ORIENTED_EDGE ( 'NONE', *, *, #646, .T. ) ;
#295 = CARTESIAN_POINT ( 'NONE',  ( 0.3633232280981143481, -0.5999999999999998668, 4.288893270670664066E-16 ) ) ;
#296 = DIRECTION ( 'NONE',  ( 1.000000000000000000, 0.000000000000000000, 0.000000000000000000 ) ) ;
#297 = EDGE_CURVE ( 'NONE', #1834, #597, #700, .T. ) ;
#298 = CYLINDRICAL_SURFACE ( 'NONE', #1210, 0.04750000000000001443 ) ;
#299 = CARTESIAN_POINT ( 'NONE',  ( -1.000000000000000222, 0.5200000000000000178, 0.5934999999999999165 ) ) ;
#300 = CONICAL_SURFACE ( 'NONE', #1841, 0.05599999999999984157, 0.7853981633974485010 ) ;
#301 = DIRECTION ( 'NONE',  ( 0.000000000000000000, -0.000000000000000000, 1.000000000000000000 ) ) ;
#302 = ORIENTED_EDGE ( 'NONE', *, *, #1408, .F. ) ;
#303 = FACE_OUTER_BOUND ( 'NONE', #1743, .T. ) ;
#304 = DIRECTION ( 'NONE',  ( 1.000000000000000000, 0.000000000000000000, 0.000000000000000000 ) ) ;
#305 = VERTEX_POINT ( 'NONE', #1990 ) ;
#306 = MECHANICAL_DESIGN_GEOMETRIC_PRESENTATION_REPRESENTATION (  '', ( #1883 ), #510 ) ;
#307 = PRESENTATION_LAYER_ASSIGNMENT (  '', '', ( #958 ) ) ;
#308 = CARTESIAN_POINT ( 'NONE',  ( -0.2675000000000005707, -0.5199999999999997957, -0.03250000000000000111 ) ) ;
#309 = CARTESIAN_POINT ( 'NONE',  ( 0.2674999999999997380, -0.5199999999999997957, -0.03250000000000000111 ) ) ;
#310 = ADVANCED_FACE ( 'NONE', ( #1183 ), #1945, .F. ) ;
#311 = FACE_OUTER_BOUND ( 'NONE', #840, .T. ) ;
#312 = VERTEX_POINT ( 'NONE', #692 ) ;
#313 = AXIS2_PLACEMENT_3D ( 'NONE', #971, #964, #802 ) ;
#314 = CARTESIAN_POINT ( 'NONE',  ( 0.000000000000000000, -0.5674999999999996714, -0.03250000000000000111 ) ) ;
#315 = DIRECTION ( 'NONE',  ( 0.000000000000000000, 0.000000000000000000, -1.000000000000000000 ) ) ;
#316 = ORIENTED_EDGE ( 'NONE', *, *, #1471, .T. ) ;
#317 = CARTESIAN_POINT ( 'NONE',  ( 0.9999999999999995559, -0.5674999999999998934, -0.000000000000000000 ) ) ;
#318 = DIRECTION ( 'NONE',  ( -0.000000000000000000, -0.000000000000000000, 1.000000000000000000 ) ) ;
#319 = DIRECTION ( 'NONE',  ( -1.000000000000000000, 0.000000000000000000, 0.000000000000000000 ) ) ;
#320 = ORIENTED_EDGE ( 'NONE', *, *, #332, .F. ) ;
#321 = ADVANCED_FACE ( 'NONE', ( #1035 ), #759, .T. ) ;
#322 = B_SPLINE_CURVE_WITH_KNOTS ( 'NONE', 3,
 ( #1534, #407, #2031, #1564, #1855, #1250, #284, #899, #771, #1876 ),
 .UNSPECIFIED., .F., .F.,
 ( 4, 3, 3, 4 ),
 ( -1.996825241596294746E-06, 0.000000000000000000, 1.859121360479129033E-05, 4.883887230113423384E-05 ),
 .UNSPECIFIED. ) ;
#323 = FACE_OUTER_BOUND ( 'NONE', #2070, .T. ) ;
#324 = PLANE ( 'NONE',  #1082 ) ;
#325 = ORIENTED_EDGE ( 'NONE', *, *, #1208, .T. ) ;
#326 = CARTESIAN_POINT ( 'NONE',  ( 0.9674999999999998046, 0.5200000000000000178, -0.03250000000000000111 ) ) ;
#327 = CARTESIAN_POINT ( 'NONE',  ( 0.9199999999999998179, 0.5200000000000000178, 0.000000000000000000 ) ) ;
#328 = ORIENTED_EDGE ( 'NONE', *, *, #97, .T. ) ;
#329 = CARTESIAN_POINT ( 'NONE',  ( 0.3149999999999998357, 0.5200000000000000178, 0.000000000000000000 ) ) ;
#330 = CARTESIAN_POINT ( 'NONE',  ( 0.9674999999999995826, -0.5199999999999997957, -0.03250000000000000111 ) ) ;
#331 = ORIENTED_EDGE ( 'NONE', *, *, #425, .F. ) ;
#332 = EDGE_CURVE ( 'NONE', #1012, #1049, #1851, .T. ) ;
#333 = FACE_OUTER_BOUND ( 'NONE', #542, .T. ) ;
#334 = CIRCLE ( 'NONE', #1673, 0.09346194077712523252 ) ;
#335 = PLANE ( 'NONE',  #786 ) ;
#336 = VERTEX_POINT ( 'NONE', #202 ) ;
#337 = EDGE_CURVE ( 'NONE', #1684, #1077, #1456, .T. ) ;
#338 = VECTOR ( 'NONE', #1206, 1000.000000000000000 ) ;
#339 = CARTESIAN_POINT ( 'NONE',  ( -0.3633232280981149587, 0.6000000000000000888, 4.288893270670664066E-16 ) ) ;
#340 = AXIS2_PLACEMENT_3D ( 'NONE', #1008, #1328, #544 ) ;
#341 = CARTESIAN_POINT ( 'NONE',  ( 0.3337533390285874479, -0.5964745688949323332, -0.003525431105067189635 ) ) ;
#342 = ORIENTED_EDGE ( 'NONE', *, *, #1263, .T. ) ;
#343 = FACE_OUTER_BOUND ( 'NONE', #201, .T. ) ;
#344 = DIRECTION ( 'NONE',  ( 1.000000000000000000, 0.000000000000000000, 0.000000000000000000 ) ) ;
#345 = VERTEX_POINT ( 'NONE', #1402 ) ;
#346 = VECTOR ( 'NONE', #449, 1000.000000000000000 ) ;
#347 = EDGE_CURVE ( 'NONE', #24, #64, #920, .T. ) ;
#348 = ADVANCED_FACE ( 'NONE', ( #1242 ), #1326, .T. ) ;
#349 = CARTESIAN_POINT ( 'NONE',  ( -0.9200000000000000400, -0.5759999999999997344, 0.6175000000000000488 ) ) ;
#350 = LINE ( 'NONE', #200, #1546 ) ;
#351 = VERTEX_POINT ( 'NONE', #1072 ) ;
#352 = CARTESIAN_POINT ( 'NONE',  ( -0.2877819601595639765, -0.5999999999999998668, -0.001361845671411073423 ) ) ;
#353 = FACE_OUTER_BOUND ( 'NONE', #1143, .T. ) ;
#354 = ORIENTED_EDGE ( 'NONE', *, *, #571, .F. ) ;
#355 = DIRECTION ( 'NONE',  ( 0.000000000000000000, 0.000000000000000000, 1.000000000000000000 ) ) ;
#356 = EDGE_CURVE ( 'NONE', #173, #51, #1411, .T. ) ;
#357 = LINE ( 'NONE', #1510, #1416 ) ;
#358 = ORIENTED_EDGE ( 'NONE', *, *, #1543, .F. ) ;
#359 = CARTESIAN_POINT ( 'NONE',  ( 0.2215380592228745060, -0.5199999999999997957, -0.03250000000000000111 ) ) ;
#360 = LINE ( 'NONE', #1524, #1115 ) ;
#361 = VERTEX_POINT ( 'NONE', #1707 ) ;
#362 = PRODUCT_DEFINITION_CONTEXT ( 'detailed design', #641, 'design' ) ;
#363 = AXIS2_PLACEMENT_3D ( 'NONE', #1562, #591, #127 ) ;
#364 = DIRECTION ( 'NONE',  ( 0.000000000000000000, 0.000000000000000000, 1.000000000000000000 ) ) ;
#365 = VECTOR ( 'NONE', #583, 1000.000000000000000 ) ;
#366 = EDGE_LOOP ( 'NONE', ( #1545, #1698, #121, #231 ) ) ;
#367 = AXIS2_PLACEMENT_3D ( 'NONE', #1178, #70, #1805 ) ;
#368 = VECTOR ( 'NONE', #515, 1000.000000000000000 ) ;
#369 = CARTESIAN_POINT ( 'NONE',  ( 0.3149999999999999467, 0.5674999999999998934, -0.03250000000000000111 ) ) ;
#370 = CARTESIAN_POINT ( 'NONE',  ( -0.2215380592228753664, -0.5199999999999999067, -0.03250000000000000111 ) ) ;
#371 = VERTEX_POINT ( 'NONE', #250 ) ;
#372 = ADVANCED_FACE ( 'NONE', ( #1202 ), #2009, .T. ) ;
#373 = PRESENTATION_STYLE_ASSIGNMENT (( #1193 ) ) ;
#374 = CARTESIAN_POINT ( 'NONE',  ( -0.9200000000000004841, -0.5199999999999997957, -0.03250000000000000111 ) ) ;
#375 = ORIENTED_EDGE ( 'NONE', *, *, #2062, .T. ) ;
#376 = AXIS2_PLACEMENT_3D ( 'NONE', #1373, #2003, #1802 ) ;
#377 = CIRCLE ( 'NONE', #80, 0.04750000000000001443 ) ;
#378 =( NAMED_UNIT ( * ) PLANE_ANGLE_UNIT ( ) SI_UNIT ( $, .RADIAN. ) );
#379 = AXIS2_PLACEMENT_3D ( 'NONE', #459, #1585, #151 ) ;
#380 = ORIENTED_EDGE ( 'NONE', *, *, #134, .T. ) ;
#381 = CARTESIAN_POINT ( 'NONE',  ( 0.2675000000000000711, 0.5200000000000000178, -0.03250000000000000111 ) ) ;
#382 = LINE ( 'NONE', #1830, #825 ) ;
#383 = ORIENTED_EDGE ( 'NONE', *, *, #1670, .F. ) ;
#384 =( NAMED_UNIT ( * ) PLANE_ANGLE_UNIT ( ) SI_UNIT ( $, .RADIAN. ) );
#385 = EDGE_CURVE ( 'NONE', #762, #371, #322, .T. ) ;
#386 = CYLINDRICAL_SURFACE ( 'NONE', #506, 0.03250000000000000111 ) ;
#387 = ORIENTED_EDGE ( 'NONE', *, *, #199, .T. ) ;
#388 = CARTESIAN_POINT ( 'NONE',  ( 0.2772509429572365680, 0.6000000000000000888, -2.927176933424835954E-18 ) ) ;
#389 = ORIENTED_EDGE ( 'NONE', *, *, #1041, .T. ) ;
#390 = PRODUCT_DEFINITION_SHAPE ( 'NONE', 'NONE',  #2071 ) ;
#391 = CARTESIAN_POINT ( 'NONE',  ( 0.3025000000000001021, -0.5200000000000000178, 0.03250000000000000111 ) ) ;
#392 = CARTESIAN_POINT ( 'NONE',  ( 0.9999999999999997780, 0.5675000000000001155, -0.03250000000000000111 ) ) ;
#393 = ORIENTED_EDGE ( 'NONE', *, *, #728, .F. ) ;
#394 = LINE ( 'NONE', #1665, #828 ) ;
#395 = DIRECTION ( 'NONE',  ( -1.000000000000000000, 0.000000000000000000, 0.000000000000000000 ) ) ;
#396 = VERTEX_POINT ( 'NONE', #293 ) ;
#397 = FACE_OUTER_BOUND ( 'NONE', #366, .T. ) ;
#398 = ADVANCED_FACE ( 'NONE', ( #437 ), #1084, .T. ) ;
#399 = AXIS2_PLACEMENT_3D ( 'NONE', #27, #1941, #1788 ) ;
#400 = VERTEX_POINT ( 'NONE', #1378 ) ;
#401 = CIRCLE ( 'NONE', #2010, 0.04750000000000001443 ) ;
#402 = DIRECTION ( 'NONE',  ( -0.7071067811865452413, 0.000000000000000000, 0.7071067811865499042 ) ) ;
#403 = DIRECTION ( 'NONE',  ( 0.000000000000000000, -0.000000000000000000, -1.000000000000000000 ) ) ;
#404 = ORIENTED_EDGE ( 'NONE', *, *, #1123, .T. ) ;
#405 = AXIS2_PLACEMENT_3D ( 'NONE', #1984, #1199, #1686 ) ;
#406 = AXIS2_PLACEMENT_3D ( 'NONE', #905, #1704, #447 ) ;
#407 = CARTESIAN_POINT ( 'NONE',  ( 0.3155808760758920806, 0.5907107719824045144, -0.009289228017595343653 ) ) ;
#408 = CARTESIAN_POINT ( 'NONE',  ( -0.9200000000000004841, -0.5199999999999997957, 0.000000000000000000 ) ) ;
#409 = ORIENTED_EDGE ( 'NONE', *, *, #1421, .T. ) ;
#410 = DIRECTION ( 'NONE',  ( 1.000000000000000000, 0.000000000000000000, 0.000000000000000000 ) ) ;
#411 = SHAPE_DEFINITION_REPRESENTATION ( #1766, #1838 ) ;
#412 = AXIS2_PLACEMENT_3D ( 'NONE', #359, #1647, #1502 ) ;
#413 = ORIENTED_EDGE ( 'NONE', *, *, #272, .F. ) ;
#414 = CIRCLE ( 'NONE', #1856, 0.04750000000000001443 ) ;
#415 = LINE ( 'NONE', #381, #1938 ) ;
#416 = CARTESIAN_POINT ( 'NONE',  ( -0.3500000000000000333, 0.5674999999999998934, 0.03250000000000000111 ) ) ;
#417 = VERTEX_POINT ( 'NONE', #908 ) ;
#418 = CARTESIAN_POINT ( 'NONE',  ( 0.3149999999999997247, -0.5674999999999996714, -0.03250000000000000111 ) ) ;
#419 = FACE_OUTER_BOUND ( 'NONE', #1473, .T. ) ;
#420 = ORIENTED_EDGE ( 'NONE', *, *, #347, .F. ) ;
#421 = CARTESIAN_POINT ( 'NONE',  ( 0.2674999999999998490, 0.5200000000000000178, 0.000000000000000000 ) ) ;
#422 =( NAMED_UNIT ( * ) SI_UNIT ( $, .STERADIAN. ) SOLID_ANGLE_UNIT ( ) );
#423 = EDGE_LOOP ( 'NONE', ( #1288, #1998, #915, #259, #536 ) ) ;
#424 = DIRECTION ( 'NONE',  ( 0.000000000000000000, 0.000000000000000000, -1.000000000000000000 ) ) ;
#425 = EDGE_CURVE ( 'NONE', #400, #1485, #686, .T. ) ;
#426 = CARTESIAN_POINT ( 'NONE',  ( -0.2215380592228753664, -0.5199999999999999067, 0.000000000000000000 ) ) ;
#427 = EDGE_LOOP ( 'NONE', ( #1957, #6, #1413, #1270 ) ) ;
#428 = ADVANCED_FACE ( 'NONE', ( #1887 ), #1542, .T. ) ;
#429 = DIRECTION ( 'NONE',  ( 1.000000000000000000, 0.000000000000000000, 0.000000000000000000 ) ) ;
#430 = LINE ( 'NONE', #1051, #1643 ) ;
#431 = DIRECTION ( 'NONE',  ( 0.000000000000000000, 1.000000000000000000, 0.000000000000000000 ) ) ;
#432 = EDGE_LOOP ( 'NONE', ( #1491, #718, #1905, #383 ) ) ;
#433 = DIRECTION ( 'NONE',  ( 0.000000000000000000, 0.000000000000000000, 1.000000000000000000 ) ) ;
#434 = VECTOR ( 'NONE', #148, 1000.000000000000000 ) ;
#435 = DIRECTION ( 'NONE',  ( -1.000000000000000000, 1.807003620809174632E-16, 0.000000000000000000 ) ) ;
#436 = EDGE_LOOP ( 'NONE', ( #1798, #96, #358, #602 ) ) ;
#437 = FACE_OUTER_BOUND ( 'NONE', #707, .T. ) ;
#438 = AXIS2_PLACEMENT_3D ( 'NONE', #1823, #203, #568 ) ;
#439 = LINE ( 'NONE', #594, #1207 ) ;
#440 = ORIENTED_EDGE ( 'NONE', *, *, #620, .F. ) ;
#441 = EDGE_CURVE ( 'NONE', #1369, #2065, #450, .T. ) ;
#442 = VECTOR ( 'NONE', #123, 1000.000000000000000 ) ;
#443 = DIRECTION ( 'NONE',  ( 0.000000000000000000, -0.000000000000000000, -1.000000000000000000 ) ) ;
#444 = AXIS2_PLACEMENT_3D ( 'NONE', #644, #507, #1786 ) ;
#445 = CONICAL_SURFACE ( 'NONE', #1386, 0.04749999999999979933, 0.7853981633974452814 ) ;
#446 = APPLICATION_PROTOCOL_DEFINITION ( 'draft international standard', 'automotive_design', 1998, #641 ) ;
#447 = DIRECTION ( 'NONE',  ( -1.000000000000000000, 0.000000000000000000, 0.000000000000000000 ) ) ;
#448 = DIRECTION ( 'NONE',  ( 1.000000000000000000, -1.807003620809174139E-16, 0.000000000000000000 ) ) ;
#449 = DIRECTION ( 'NONE',  ( 1.000000000000000000, 0.000000000000000000, 0.000000000000000000 ) ) ;
#450 = LINE ( 'NONE', #1093, #1394 ) ;
#451 = AXIS2_PLACEMENT_3D ( 'NONE', #950, #1602, #1441 ) ;
#452 = PLANE ( 'NONE',  #1280 ) ;
#453 = ORIENTED_EDGE ( 'NONE', *, *, #2039, .F. ) ;
#454 = EDGE_CURVE ( 'NONE', #1684, #1913, #941, .T. ) ;
#455 = FACE_OUTER_BOUND ( 'NONE', #1536, .T. ) ;
#456 = CARTESIAN_POINT ( 'NONE',  ( -0.9200000000000000400, -0.5199999999999997957, 0.5934999999999999165 ) ) ;
#457 = CARTESIAN_POINT ( 'NONE',  ( -0.3150000000000006128, -0.5199999999999997957, -0.03250000000000000111 ) ) ;
#458 = DIRECTION ( 'NONE',  ( -0.7071067811865450192, 0.000000000000000000, 0.7071067811865501263 ) ) ;
#459 = CARTESIAN_POINT ( 'NONE',  ( 0.2215380592228747281, 0.5200000000000000178, -0.03250000000000000111 ) ) ;
#460 = EDGE_LOOP ( 'NONE', ( #1541, #827, #1795, #28, #1528, #1297, #222, #1302 ) ) ;
#461 = CARTESIAN_POINT ( 'NONE',  ( 0.9999999999999997780, 0.5200000000000000178, 0.5934999999999999165 ) ) ;
#462 = DIRECTION ( 'NONE',  ( 0.000000000000000000, -0.000000000000000000, -1.000000000000000000 ) ) ;
#463 = EDGE_CURVE ( 'NONE', #597, #479, #1390, .T. ) ;
#464 = EDGE_CURVE ( 'NONE', #1792, #64, #21, .T. ) ;
#465 = DIRECTION ( 'NONE',  ( 0.000000000000000000, 0.000000000000000000, -1.000000000000000000 ) ) ;
#466 = CARTESIAN_POINT ( 'NONE',  ( -0.3499999999999998668, -0.5675000000000001155, 0.000000000000000000 ) ) ;
#467 = VECTOR ( 'NONE', #104, 1000.000000000000114 ) ;
#468 = CARTESIAN_POINT ( 'NONE',  ( -0.3499999999999998668, -0.5200000000000000178, 0.03250000000000000111 ) ) ;
#469 = VERTEX_POINT ( 'NONE', #1112 ) ;
#470 = CARTESIAN_POINT ( 'NONE',  ( -0.9675000000000004707, -0.5199999999999997957, -0.03250000000000000111 ) ) ;
#471 = DIRECTION ( 'NONE',  ( 1.000000000000000000, 0.000000000000000000, 0.000000000000000000 ) ) ;
#472 = EDGE_LOOP ( 'NONE', ( #1262, #2001, #2061, #393 ) ) ;
#473 = VECTOR ( 'NONE', #1272, 1000.000000000000114 ) ;
#474 = VECTOR ( 'NONE', #656, 1000.000000000000000 ) ;
#475 = ADVANCED_FACE ( 'NONE', ( #311 ), #19, .T. ) ;
#476 = CARTESIAN_POINT ( 'NONE',  ( -0.3150000000000006128, -0.5904809703885622874, -0.009519029611437251556 ) ) ;
#477 = CARTESIAN_POINT ( 'NONE',  ( 0.9199999999999995959, -0.5674999999999998934, 0.000000000000000000 ) ) ;
#478 = DIRECTION ( 'NONE',  ( 0.000000000000000000, 0.000000000000000000, -1.000000000000000000 ) ) ;
#479 = VERTEX_POINT ( 'NONE', #468 ) ;
#480 = CIRCLE ( 'NONE', #1557, 0.09346194077712523252 ) ;
#481 = CARTESIAN_POINT ( 'NONE',  ( -0.9760000000000000897, 0.5200000000000000178, 0.6175000000000000488 ) ) ;
#482 = DIRECTION ( 'NONE',  ( 0.000000000000000000, 0.000000000000000000, 1.000000000000000000 ) ) ;
#483 = ORIENTED_EDGE ( 'NONE', *, *, #464, .T. ) ;
#484 = LINE ( 'NONE', #326, #919 ) ;
#485 = DIRECTION ( 'NONE',  ( 1.000000000000000000, 0.000000000000000000, 0.000000000000000000 ) ) ;
#486 = DIRECTION ( 'NONE',  ( -0.000000000000000000, 0.000000000000000000, 1.000000000000000000 ) ) ;
#487 = EDGE_CURVE ( 'NONE', #51, #762, #154, .T. ) ;
#488 = FACE_OUTER_BOUND ( 'NONE', #1027, .T. ) ;
#489 = EDGE_LOOP ( 'NONE', ( #668, #108, #1549, #498, #2017 ) ) ;
#490 = EDGE_CURVE ( 'NONE', #1719, #512, #414, .T. ) ;
#491 = DIRECTION ( 'NONE',  ( -1.000000000000000000, 0.000000000000000000, 0.000000000000000000 ) ) ;
#492 = DIRECTION ( 'NONE',  ( 9.035018104045870694E-17, 1.000000000000000000, 0.000000000000000000 ) ) ;
#493 = ORIENTED_EDGE ( 'NONE', *, *, #659, .T. ) ;
#494 = CARTESIAN_POINT ( 'NONE',  ( 0.3499999999999999223, 0.5199999999999997957, 0.000000000000000000 ) ) ;
#495 = FACE_OUTER_BOUND ( 'NONE', #1104, .T. ) ;
#496 = CARTESIAN_POINT ( 'NONE',  ( -1.000000000000000000, -0.5199999999999997957, 0.5934999999999999165 ) ) ;
#497 = FACE_OUTER_BOUND ( 'NONE', #140, .T. ) ;
#498 = ORIENTED_EDGE ( 'NONE', *, *, #739, .T. ) ;
#499 =( GEOMETRIC_REPRESENTATION_CONTEXT ( 3 ) GLOBAL_UNCERTAINTY_ASSIGNED_CONTEXT ( ( #923 ) ) GLOBAL_UNIT_ASSIGNED_CONTEXT ( ( #1610, #1429, #822 ) ) REPRESENTATION_CONTEXT ( 'NONE', 'WORKASPACE' ) );
#500 = LINE ( 'NONE', #1105, #1184 ) ;
#501 = ADVANCED_FACE ( 'NONE', ( #488 ), #8, .F. ) ;
#502 = ADVANCED_FACE ( 'NONE', ( #1103 ), #649, .T. ) ;
#503 = VECTOR ( 'NONE', #1540, 1000.000000000000114 ) ;
#504 = DIRECTION ( 'NONE',  ( 0.000000000000000000, -0.000000000000000000, -1.000000000000000000 ) ) ;
#505 = ORIENTED_EDGE ( 'NONE', *, *, #870, .F. ) ;
#506 = AXIS2_PLACEMENT_3D ( 'NONE', #877, #890, #1991 ) ;
#507 = DIRECTION ( 'NONE',  ( 0.000000000000000000, 0.000000000000000000, 1.000000000000000000 ) ) ;
#508 = AXIS2_PLACEMENT_3D ( 'NONE', #277, #1558, #1089 ) ;
#509 = CARTESIAN_POINT ( 'NONE',  ( -0.9200000000000000400, -0.5759999999999997344, 0.6175000000000000488 ) ) ;
#510 =( GEOMETRIC_REPRESENTATION_CONTEXT ( 3 ) GLOBAL_UNCERTAINTY_ASSIGNED_CONTEXT ( ( #774 ) ) GLOBAL_UNIT_ASSIGNED_CONTEXT ( ( #1119, #1448, #562 ) ) REPRESENTATION_CONTEXT ( 'NONE', 'WORKASPACE' ) );
#511 = CARTESIAN_POINT ( 'NONE',  ( -0.2675000000000004041, 0.5199999999999999067, -0.03250000000000000111 ) ) ;
#512 = VERTEX_POINT ( 'NONE', #330 ) ;
#513 = DIRECTION ( 'NONE',  ( 1.000000000000000000, 0.000000000000000000, 0.000000000000000000 ) ) ;
#514 = AXIS2_PLACEMENT_3D ( 'NONE', #193, #838, #31 ) ;
#515 = DIRECTION ( 'NONE',  ( -0.000000000000000000, 0.000000000000000000, -1.000000000000000000 ) ) ;
#516 = ORIENTED_EDGE ( 'NONE', *, *, #1971, .F. ) ;
#517 = VECTOR ( 'NONE', #213, 1000.000000000000000 ) ;
#518 = ADVANCED_FACE ( 'NONE', ( #980 ), #1301, .T. ) ;
#519 = DIRECTION ( 'NONE',  ( 0.000000000000000000, -0.000000000000000000, -1.000000000000000000 ) ) ;
#520 = LINE ( 'NONE', #1333, #235 ) ;
#521 = ORIENTED_EDGE ( 'NONE', *, *, #2, .F. ) ;
#522 = CARTESIAN_POINT ( 'NONE',  ( -0.3633232280981149587, 0.6000000000000000888, 4.288893270670664066E-16 ) ) ;
#523 = LINE ( 'NONE', #1800, #42 ) ;
#524 = ORIENTED_EDGE ( 'NONE', *, *, #1670, .T. ) ;
#525 = PRESENTATION_STYLE_ASSIGNMENT (( #1994 ) ) ;
#526 = EDGE_CURVE ( 'NONE', #286, #1501, #1361, .T. ) ;
#527 = DIRECTION ( 'NONE',  ( -0.000000000000000000, 0.000000000000000000, 1.000000000000000000 ) ) ;
#528 = DIRECTION ( 'NONE',  ( -1.000000000000000000, 0.000000000000000000, 0.000000000000000000 ) ) ;
#529 = ORIENTED_EDGE ( 'NONE', *, *, #110, .F. ) ;
#530 = FILL_AREA_STYLE_COLOUR ( '', #1590 ) ;
#531 = CARTESIAN_POINT ( 'NONE',  ( 0.2666767719018390825, -0.5999999999999998668, 0.000000000000000000 ) ) ;
#532 = ORIENTED_EDGE ( 'NONE', *, *, #1160, .F. ) ;
#533 = COLOUR_RGB ( '',0.8980392156862745390, 0.9215686274509803377, 0.9294117647058823817 ) ;
#534 =( LENGTH_UNIT ( ) NAMED_UNIT ( * ) SI_UNIT ( .MILLI., .METRE. ) );
#535 = CIRCLE ( 'NONE', #673, 0.07999999999999998779 ) ;
#536 = ORIENTED_EDGE ( 'NONE', *, *, #1028, .F. ) ;
#537 = VECTOR ( 'NONE', #1713, 1000.000000000000114 ) ;
#538 = DIRECTION ( 'NONE',  ( 1.000000000000000000, 0.000000000000000000, 0.000000000000000000 ) ) ;
#539 = ADVANCED_FACE ( 'NONE', ( #1904 ), #1932, .T. ) ;
#540 = PLANE ( 'NONE',  #703 ) ;
#541 = VECTOR ( 'NONE', #15, 1000.000000000000000 ) ;
#542 = EDGE_LOOP ( 'NONE', ( #1556, #2030, #413, #190 ) ) ;
#543 = PRODUCT_DEFINITION_SHAPE ( 'NONE', 'NONE',  #1370 ) ;
#544 = DIRECTION ( 'NONE',  ( 1.807003620809174139E-16, -1.000000000000000000, 0.000000000000000000 ) ) ;
#545 = EDGE_LOOP ( 'NONE', ( #1318, #1552, #1227, #1192 ) ) ;
#546 = DIRECTION ( 'NONE',  ( 0.000000000000000000, 0.000000000000000000, -1.000000000000000000 ) ) ;
#547 = CARTESIAN_POINT ( 'NONE',  ( -0.3422180398281648994, 0.6000000000000000888, -0.001361845672957910517 ) ) ;
#548 = AXIS2_PLACEMENT_3D ( 'NONE', #314, #797, #966 ) ;
#549 = SURFACE_SIDE_STYLE ('',( #57 ) ) ;
#550 = AXIS2_PLACEMENT_3D ( 'NONE', #106, #1690, #748 ) ;
#551 = ORIENTED_EDGE ( 'NONE', *, *, #490, .T. ) ;
#552 = LINE ( 'NONE', #369, #1482 ) ;
#553 = FACE_OUTER_BOUND ( 'NONE', #436, .T. ) ;
#554 = EDGE_LOOP ( 'NONE', ( #872, #1586, #1360, #387 ) ) ;
#555 = ADVANCED_FACE ( 'NONE', ( #497 ), #1492, .F. ) ;
#556 = DIRECTION ( 'NONE',  ( -0.000000000000000000, 0.000000000000000000, -1.000000000000000000 ) ) ;
#557 = DIRECTION ( 'NONE',  ( -0.7071067811865474617, 0.000000000000000000, -0.7071067811865474617 ) ) ;
#558 = EDGE_LOOP ( 'NONE', ( #1770, #1432, #79, #1639 ) ) ;
#559 = ADVANCED_FACE ( 'NONE', ( #783 ), #1756, .F. ) ;
#560 = UNCERTAINTY_MEASURE_WITH_UNIT (LENGTH_MEASURE( 1.000000000000000082E-05 ), #882, 'distance_accuracy_value', 'NONE');
#561 = CARTESIAN_POINT ( 'NONE',  ( -0.3025000000000000466, 0.5674999999999998934, 0.03250000000000000111 ) ) ;
#562 =( NAMED_UNIT ( * ) SI_UNIT ( $, .STERADIAN. ) SOLID_ANGLE_UNIT ( ) );
#563 = EDGE_LOOP ( 'NONE', ( #816, #633, #1801, #1175 ) ) ;
#564 = FACE_OUTER_BOUND ( 'NONE', #1166, .T. ) ;
#565 = PLANE ( 'NONE',  #1141 ) ;
#566 = VERTEX_POINT ( 'NONE', #1595 ) ;
#567 = CARTESIAN_POINT ( 'NONE',  ( -0.3167426282276767924, 0.5911703751700883025, -0.008829624829911432438 ) ) ;
#568 = DIRECTION ( 'NONE',  ( -1.000000000000000000, 0.000000000000000000, 0.000000000000000000 ) ) ;
#569 = ORIENTED_EDGE ( 'NONE', *, *, #870, .T. ) ;
#570 = EDGE_CURVE ( 'NONE', #852, #51, #119, .T. ) ;
#571 = EDGE_CURVE ( 'NONE', #1404, #1652, #793, .T. ) ;
#572 = LINE ( 'NONE', #188, #338 ) ;
#573 = CIRCLE ( 'NONE', #1038, 0.04750000000000001443 ) ;
#574 = ORIENTED_EDGE ( 'NONE', *, *, #1471, .F. ) ;
#575 = VECTOR ( 'NONE', #1063, 1000.000000000000000 ) ;
#576 = LINE ( 'NONE', #1840, #1 ) ;
#577 = VECTOR ( 'NONE', #1140, 1000.000000000000114 ) ;
#578 = DIRECTION ( 'NONE',  ( -0.000000000000000000, 0.000000000000000000, 1.000000000000000000 ) ) ;
#579 = VERTEX_POINT ( 'NONE', #625 ) ;
#580 = VECTOR ( 'NONE', #616, 1000.000000000000000 ) ;
#581 = AXIS2_PLACEMENT_3D ( 'NONE', #1255, #2044, #1245 ) ;
#582 = DIRECTION ( 'NONE',  ( -1.000000000000000000, 0.000000000000000000, 0.000000000000000000 ) ) ;
#583 = DIRECTION ( 'NONE',  ( 0.000000000000000000, 0.000000000000000000, -1.000000000000000000 ) ) ;
#584 = ORIENTED_EDGE ( 'NONE', *, *, #599, .T. ) ;
#585 = CARTESIAN_POINT ( 'NONE',  ( 0.3316767719018390292, -0.5999999999999998668, -0.002195370804185924757 ) ) ;
#586 = EDGE_CURVE ( 'NONE', #992, #1624, #160, .T. ) ;
#587 = STYLED_ITEM ( 'NONE', ( #373 ), #280 ) ;
#588 = ORIENTED_EDGE ( 'NONE', *, *, #710, .T. ) ;
#589 = AXIS2_PLACEMENT_3D ( 'NONE', #1613, #826, #1750 ) ;
#590 = LINE ( 'NONE', #916, #1813 ) ;
#591 = DIRECTION ( 'NONE',  ( 0.000000000000000000, -0.000000000000000000, -1.000000000000000000 ) ) ;
#592 = ORIENTED_EDGE ( 'NONE', *, *, #947, .T. ) ;
#593 = CARTESIAN_POINT ( 'NONE',  ( -0.3024999999999998801, -0.5200000000000000178, 0.03250000000000000111 ) ) ;
#594 = CARTESIAN_POINT ( 'NONE',  ( -0.9200000000000002620, 0.6000000000000000888, 0.6175000000000000488 ) ) ;
#595 = ORIENTED_EDGE ( 'NONE', *, *, #706, .F. ) ;
#596 = LINE ( 'NONE', #1235, #1882 ) ;
#597 = VERTEX_POINT ( 'NONE', #836 ) ;
#598 = LINE ( 'NONE', #1571, #37 ) ;
#599 = EDGE_CURVE ( 'NONE', #192, #1025, #679, .T. ) ;
#600 = EDGE_CURVE ( 'NONE', #2065, #1638, #1654, .T. ) ;
#601 = FACE_OUTER_BOUND ( 'NONE', #1843, .T. ) ;
#602 = ORIENTED_EDGE ( 'NONE', *, *, #1560, .F. ) ;
#603 = CARTESIAN_POINT ( 'NONE',  ( -0.3161589186590298972, 0.5909441919478121141, -0.009055808052187599988 ) ) ;
#604 = CARTESIAN_POINT ( 'NONE',  ( -0.3337533390082604301, -0.5964745688900759957, -0.003525431109923402723 ) ) ;
#605 = ORIENTED_EDGE ( 'NONE', *, *, #646, .F. ) ;
#606 = DIRECTION ( 'NONE',  ( 1.000000000000000000, 0.000000000000000000, 0.000000000000000000 ) ) ;
#607 = VECTOR ( 'NONE', #1418, 1000.000000000000000 ) ;
#608 = FACE_OUTER_BOUND ( 'NONE', #1212, .T. ) ;
#609 = EDGE_CURVE ( 'NONE', #894, #469, #722, .T. ) ;
#610 = CARTESIAN_POINT ( 'NONE',  ( -0.3155808760758925247, 0.5907107719824044034, -0.009289228017595362735 ) ) ;
#611 = VECTOR ( 'NONE', #433, 1000.000000000000000 ) ;
#612 = CARTESIAN_POINT ( 'NONE',  ( -0.3278822842965913864, -0.5950719983837817750, -0.004928001616217665866 ) ) ;
#613 = ORIENTED_EDGE ( 'NONE', *, *, #883, .T. ) ;
#614 = AXIS2_PLACEMENT_3D ( 'NONE', #1265, #925, #606 ) ;
#615 = PLANE ( 'NONE',  #1319 ) ;
#616 = DIRECTION ( 'NONE',  ( 1.807003620809174632E-16, 1.000000000000000000, -0.000000000000000000 ) ) ;
#617 = VECTOR ( 'NONE', #1146, 1000.000000000000114 ) ;
#618 = DIRECTION ( 'NONE',  ( -0.000000000000000000, 0.000000000000000000, 1.000000000000000000 ) ) ;
#619 = ORIENTED_EDGE ( 'NONE', *, *, #198, .T. ) ;
#620 = EDGE_CURVE ( 'NONE', #479, #1866, #1225, .T. ) ;
#621 = CARTESIAN_POINT ( 'NONE',  ( 0.2666767719018390825, -0.5999999999999998668, 0.000000000000000000 ) ) ;
#622 = DIRECTION ( 'NONE',  ( -1.000000000000000000, 0.000000000000000000, 0.000000000000000000 ) ) ;
#623 = FACE_OUTER_BOUND ( 'NONE', #972, .T. ) ;
#624 = CARTESIAN_POINT ( 'NONE',  ( -0.9675000000000000266, 0.5200000000000000178, -0.03250000000000000111 ) ) ;
#625 = CARTESIAN_POINT ( 'NONE',  ( -0.9200000000000004841, -0.5674999999999998934, -0.03250000000000000111 ) ) ;
#626 = ORIENTED_EDGE ( 'NONE', *, *, #1747, .F. ) ;
#627 = CARTESIAN_POINT ( 'NONE',  ( 0.2666767719018393046, 0.6000000000000000888, 0.000000000000000000 ) ) ;
#628 = CARTESIAN_POINT ( 'NONE',  ( -0.9759999999999998677, -0.5199999999999997957, 0.6175000000000000488 ) ) ;
#629 = ORIENTED_EDGE ( 'NONE', *, *, #630, .T. ) ;
#630 = EDGE_CURVE ( 'NONE', #1347, #1834, #221, .T. ) ;
#631 = LINE ( 'NONE', #317, #1716 ) ;
#632 = DIRECTION ( 'NONE',  ( 1.000000000000000000, 0.000000000000000000, 0.000000000000000000 ) ) ;
#633 = ORIENTED_EDGE ( 'NONE', *, *, #1785, .T. ) ;
#634 = AXIS2_PLACEMENT_3D ( 'NONE', #1873, #1697, #1248 ) ;
#635 = CARTESIAN_POINT ( 'NONE',  ( 0.3278822843097446982, -0.5950719983879150243, -0.004928001612084398353 ) ) ;
#636 = ORIENTED_EDGE ( 'NONE', *, *, #571, .T. ) ;
#637 = CARTESIAN_POINT ( 'NONE',  ( 0.9759999999999996456, -0.5199999999999997957, 0.6175000000000000488 ) ) ;
#638 = CARTESIAN_POINT ( 'NONE',  ( -0.9200000000000002620, 0.5200000000000000178, 0.6175000000000000488 ) ) ;
#639 = ORIENTED_EDGE ( 'NONE', *, *, #1241, .F. ) ;
#640 = CONICAL_SURFACE ( 'NONE', #712, 0.05599999999999984157, 0.7853981633974485010 ) ;
#641 = APPLICATION_CONTEXT ( 'automotive_design' ) ;
#642 = EDGE_CURVE ( 'NONE', #226, #469, #1179, .T. ) ;
#643 = PRODUCT ( 'pin_\X2\9ed88ba4\X0\', 'pin_\X2\9ed88ba4\X0\', '', ( #1860 ) ) ;
#644 = CARTESIAN_POINT ( 'NONE',  ( 0.000000000000000000, 0.000000000000000000, 0.000000000000000000 ) ) ;
#645 = DIRECTION ( 'NONE',  ( 0.000000000000000000, 0.000000000000000000, -1.000000000000000000 ) ) ;
#646 = EDGE_CURVE ( 'NONE', #1878, #1692, #520, .T. ) ;
#647 = VERTEX_POINT ( 'NONE', #698 ) ;
#648 = CARTESIAN_POINT ( 'NONE',  ( 0.3149999999999999467, 0.5200000000000000178, -0.03250000000000000111 ) ) ;
#649 = PLANE ( 'NONE',  #1656 ) ;
#650 = ORIENTED_EDGE ( 'NONE', *, *, #1290, .T. ) ;
#651 = VECTOR ( 'NONE', #1931, 1000.000000000000000 ) ;
#652 = VECTOR ( 'NONE', #191, 1000.000000000000000 ) ;
#653 = LINE ( 'NONE', #830, #245 ) ;
#654 = CARTESIAN_POINT ( 'NONE',  ( 0.3149999999999997247, -0.5199999999999997957, -0.009519029611437286251 ) ) ;
#655 = EDGE_LOOP ( 'NONE', ( #67, #574, #1334, #1754 ) ) ;
#656 = DIRECTION ( 'NONE',  ( -1.000000000000000000, 0.000000000000000000, 0.000000000000000000 ) ) ;
#657 = FACE_OUTER_BOUND ( 'NONE', #1464, .T. ) ;
#658 = DIRECTION ( 'NONE',  ( 1.000000000000000000, 0.000000000000000000, 0.000000000000000000 ) ) ;
#659 = EDGE_CURVE ( 'NONE', #1518, #305, #1797, .T. ) ;
#660 = CARTESIAN_POINT ( 'NONE',  ( 0.9674999999999995826, 0.000000000000000000, -0.03250000000000000111 ) ) ;
#661 = ORIENTED_EDGE ( 'NONE', *, *, #1058, .T. ) ;
#662 = DIRECTION ( 'NONE',  ( -1.000000000000000000, -1.432866307249565381E-16, 0.000000000000000000 ) ) ;
#663 = CARTESIAN_POINT ( 'NONE',  ( 0.3500000000000000888, -0.5200000000000000178, 0.000000000000000000 ) ) ;
#664 = ORIENTED_EDGE ( 'NONE', *, *, #1773, .T. ) ;
#665 =( LENGTH_UNIT ( ) NAMED_UNIT ( * ) SI_UNIT ( .MILLI., .METRE. ) );
#666 = LINE ( 'NONE', #1567, #442 ) ;
#667 = DIRECTION ( 'NONE',  ( -0.000000000000000000, -0.000000000000000000, -1.000000000000000000 ) ) ;
#668 = ORIENTED_EDGE ( 'NONE', *, *, #1821, .T. ) ;
#669 = EDGE_CURVE ( 'NONE', #757, #226, #810, .T. ) ;
#670 = AXIS2_PLACEMENT_3D ( 'NONE', #457, #318, #158 ) ;
#671 = DIRECTION ( 'NONE',  ( 0.000000000000000000, -0.000000000000000000, -1.000000000000000000 ) ) ;
#672 = ORIENTED_EDGE ( 'NONE', *, *, #767, .T. ) ;
#673 = AXIS2_PLACEMENT_3D ( 'NONE', #772, #1700, #1073 ) ;
#674 = AXIS2_PLACEMENT_3D ( 'NONE', #1996, #1247, #760 ) ;
#675 = VECTOR ( 'NONE', #1733, 1000.000000000000000 ) ;
#676 = SURFACE_SIDE_STYLE ('',( #35 ) ) ;
#677 =( GEOMETRIC_REPRESENTATION_CONTEXT ( 3 ) GLOBAL_UNCERTAINTY_ASSIGNED_CONTEXT ( ( #560 ) ) GLOBAL_UNIT_ASSIGNED_CONTEXT ( ( #882, #1338, #1030 ) ) REPRESENTATION_CONTEXT ( 'NONE', 'WORKASPACE' ) );
#678 = AXIS2_PLACEMENT_3D ( 'NONE', #1336, #730, #395 ) ;
#679 = LINE ( 'NONE', #711, #1625 ) ;
#680 = EDGE_LOOP ( 'NONE', ( #440, #1706, #997, #1854 ) ) ;
#681 = PRODUCT_DEFINITION_FORMATION_WITH_SPECIFIED_SOURCE ( 'ANY', '', #2046, .NOT_KNOWN. ) ;
#682 = DIRECTION ( 'NONE',  ( 1.000000000000000000, 0.000000000000000000, 0.000000000000000000 ) ) ;
#683 = PRESENTATION_LAYER_ASSIGNMENT (  '', '', ( #587 ) ) ;
#684 = DIRECTION ( 'NONE',  ( -0.000000000000000000, -0.7071067811865475727, 0.7071067811865475727 ) ) ;
#685 = EDGE_LOOP ( 'NONE', ( #404, #453, #1005, #165 ) ) ;
#686 = CIRCLE ( 'NONE', #1055, 0.05599999999999984157 ) ;
#687 = ADVANCED_FACE ( 'NONE', ( #1972 ), #540, .F. ) ;
#688 = ORIENTED_EDGE ( 'NONE', *, *, #212, .F. ) ;
#689 = LINE ( 'NONE', #1354, #1312 ) ;
#690 = CARTESIAN_POINT ( 'NONE',  ( -0.3024999999999998801, -0.5200000000000000178, 0.03250000000000000111 ) ) ;
#691 = ORIENTED_EDGE ( 'NONE', *, *, #1989, .F. ) ;
#692 = CARTESIAN_POINT ( 'NONE',  ( 0.9199999999999998179, 0.6000000000000000888, 4.336808689942017736E-16 ) ) ;
#693 = CARTESIAN_POINT ( 'NONE',  ( -0.9759999999999998677, -0.5199999999999997957, 0.6175000000000000488 ) ) ;
#694 = ORIENTED_EDGE ( 'NONE', *, *, #1683, .T. ) ;
#695 = EDGE_CURVE ( 'NONE', #1933, #1642, #382, .T. ) ;
#696 = VERTEX_POINT ( 'NONE', #1162 ) ;
#697 = CARTESIAN_POINT ( 'NONE',  ( 0.9674999999999998046, 0.5200000000000000178, 0.000000000000000000 ) ) ;
#698 = CARTESIAN_POINT ( 'NONE',  ( 0.9199999999999998179, 0.5675000000000001155, 0.000000000000000000 ) ) ;
#699 = ORIENTED_EDGE ( 'NONE', *, *, #1088, .T. ) ;
#700 = LINE ( 'NONE', #1345, #517 ) ;
#701 = DIRECTION ( 'NONE',  ( 0.000000000000000000, 0.000000000000000000, -1.000000000000000000 ) ) ;
#702 = VERTEX_POINT ( 'NONE', #1154 ) ;
#703 = AXIS2_PLACEMENT_3D ( 'NONE', #1817, #528, #1170 ) ;
#704 = CARTESIAN_POINT ( 'NONE',  ( -0.9200000000000000400, -0.5999999999999998668, 0.5934999999999999165 ) ) ;
#705 = AXIS2_PLACEMENT_3D ( 'NONE', #1215, #1499, #895 ) ;
#706 = EDGE_CURVE ( 'NONE', #1070, #1531, #357, .T. ) ;
#707 = EDGE_LOOP ( 'NONE', ( #1201, #1930, #957, #532 ) ) ;
#708 = VECTOR ( 'NONE', #1588, 1000.000000000000114 ) ;
#709 = PLANE ( 'NONE',  #1043 ) ;
#710 = EDGE_CURVE ( 'NONE', #1731, #249, #1500, .T. ) ;
#711 = CARTESIAN_POINT ( 'NONE',  ( -0.9674999999999998046, -0.5199999999999997957, -0.03250000000000000111 ) ) ;
#712 = AXIS2_PLACEMENT_3D ( 'NONE', #1578, #1258, #622 ) ;
#713 =( REPRESENTATION_RELATIONSHIP ('NONE','NONE', #141, #1838 ) REPRESENTATION_RELATIONSHIP_WITH_TRANSFORMATION ( #1714 )SHAPE_REPRESENTATION_RELATIONSHIP( ) );
#714 = VERTEX_POINT ( 'NONE', #511 ) ;
#715 = CARTESIAN_POINT ( 'NONE',  ( 0.000000000000000000, 0.000000000000000000, 0.000000000000000000 ) ) ;
#716 = PRODUCT_DEFINITION_SHAPE ( 'NONE', 'NONE',  #2072 ) ;
#717 = FACE_OUTER_BOUND ( 'NONE', #545, .T. ) ;
#718 = ORIENTED_EDGE ( 'NONE', *, *, #974, .F. ) ;
#719 =( GEOMETRIC_REPRESENTATION_CONTEXT ( 3 ) GLOBAL_UNCERTAINTY_ASSIGNED_CONTEXT ( ( #99 ) ) GLOBAL_UNIT_ASSIGNED_CONTEXT ( ( #534, #378, #422 ) ) REPRESENTATION_CONTEXT ( 'NONE', 'WORKASPACE' ) );
#720 = PLANE ( 'NONE',  #1937 ) ;
#721 = CLOSED_SHELL ( 'NONE', ( #288, #687, #1182, #1398, #1967, #475, #1020, #1150, #858, #56, #1059, #98, #1395, #896, #1181, #1835, #2027, #150, #1583, #289, #1934, #1888, #501, #1794, #1759, #1584, #804, #1735, #754, #1017, #1900, #1604, #1167, #1194, #1849, #233, #1668, #348, #260, #1480, #189, #321, #1796, #518, #247, #1097, #1470, #1724, #502, #1253, #1303, #428, #555, #1533, #559, #68, #1507, #1300 ) ) ;
#722 = CIRCLE ( 'NONE', #1820, 0.03250000000000000111 ) ;
#723 = ORIENTED_EDGE ( 'NONE', *, *, #2, .T. ) ;
#724 = FACE_OUTER_BOUND ( 'NONE', #20, .T. ) ;
#725 = PLANE ( 'NONE',  #138 ) ;
#726 = ORIENTED_EDGE ( 'NONE', *, *, #1071, .T. ) ;
#727 = PRODUCT_DEFINITION ( 'UNKNOWN', '', #681, #362 ) ;
#728 = EDGE_CURVE ( 'NONE', #852, #286, #1663, .T. ) ;
#729 = DIRECTION ( 'NONE',  ( 0.000000000000000000, -0.000000000000000000, 1.000000000000000000 ) ) ;
#730 = DIRECTION ( 'NONE',  ( 0.000000000000000000, -0.000000000000000000, 1.000000000000000000 ) ) ;
#731 = ORIENTED_EDGE ( 'NONE', *, *, #1124, .F. ) ;
#732 = DIRECTION ( 'NONE',  ( 0.000000000000000000, 0.000000000000000000, 1.000000000000000000 ) ) ;
#733 = DIRECTION ( 'NONE',  ( 1.000000000000000000, 0.000000000000000000, 0.000000000000000000 ) ) ;
#734 = ORIENTED_EDGE ( 'NONE', *, *, #163, .F. ) ;
#735 = DIRECTION ( 'NONE',  ( -1.000000000000000000, 0.000000000000000000, 0.000000000000000000 ) ) ;
#736 = DIRECTION ( 'NONE',  ( -0.000000000000000000, 0.000000000000000000, 1.000000000000000000 ) ) ;
#737 = ORIENTED_EDGE ( 'NONE', *, *, #135, .T. ) ;
#738 = CARTESIAN_POINT ( 'NONE',  ( -0.9200000000000000400, -0.5199999999999997957, -0.03249999999999997335 ) ) ;
#739 = EDGE_CURVE ( 'NONE', #312, #1751, #1807, .T. ) ;
#740 = DIRECTION ( 'NONE',  ( 0.000000000000000000, -0.000000000000000000, -1.000000000000000000 ) ) ;
#741 = ORIENTED_EDGE ( 'NONE', *, *, #1734, .T. ) ;
#742 = CARTESIAN_POINT ( 'NONE',  ( 0.000000000000000000, 0.5759999999999999565, 0.6175000000000000488 ) ) ;
#743 = VERTEX_POINT ( 'NONE', #1310 ) ;
#744 = PLANE ( 'NONE',  #112 ) ;
#745 = DIRECTION ( 'NONE',  ( -1.807003620809174632E-16, -1.000000000000000000, 0.000000000000000000 ) ) ;
#746 = ORIENTED_EDGE ( 'NONE', *, *, #82, .T. ) ;
#747 = CIRCLE ( 'NONE', #1350, 0.04750000000000001443 ) ;
#748 = DIRECTION ( 'NONE',  ( -1.000000000000000000, 0.000000000000000000, 0.000000000000000000 ) ) ;
#749 = B_SPLINE_CURVE_WITH_KNOTS ( 'NONE', 3,
 ( #120, #273, #1094, #95, #1877, #612, #604, #1086, #1889, #1243 ),
 .UNSPECIFIED., .F., .F.,
 ( 4, 3, 3, 4 ),
 ( -1.996825241596294746E-06, 0.000000000000000000, 1.859121360479129033E-05, 4.883887230113423384E-05 ),
 .UNSPECIFIED. ) ;
#750 = DIRECTION ( 'NONE',  ( -0.7071067811865499042, 6.388722569514081095E-17, -0.7071067811865452413 ) ) ;
#751 = EDGE_LOOP ( 'NONE', ( #592, #661, #807, #1189, #865, #694, #1423, #252 ) ) ;
#752 = UNCERTAINTY_MEASURE_WITH_UNIT (LENGTH_MEASURE( 1.000000000000000082E-05 ), #665, 'distance_accuracy_value', 'NONE');
#753 = LINE ( 'NONE', #1393, #675 ) ;
#754 = ADVANCED_FACE ( 'NONE', ( #553 ), #1626, .T. ) ;
#755 = EDGE_CURVE ( 'NONE', #157, #888, #350, .T. ) ;
#756 =( GEOMETRIC_REPRESENTATION_CONTEXT ( 3 ) GLOBAL_UNCERTAINTY_ASSIGNED_CONTEXT ( ( #122 ) ) GLOBAL_UNIT_ASSIGNED_CONTEXT ( ( #1810, #384, #1007 ) ) REPRESENTATION_CONTEXT ( 'NONE', 'WORKASPACE' ) );
#757 = VERTEX_POINT ( 'NONE', #1478 ) ;
#758 = APPLICATION_CONTEXT ( 'automotive_design' ) ;
#759 = CONICAL_SURFACE ( 'NONE', #1090, 0.04749999999999979933, 0.7853981633974452814 ) ;
#760 = DIRECTION ( 'NONE',  ( -1.000000000000000000, 0.000000000000000000, 0.000000000000000000 ) ) ;
#761 = CARTESIAN_POINT ( 'NONE',  ( 0.2674999999999998490, 0.5200000000000000178, -0.03250000000000000111 ) ) ;
#762 = VERTEX_POINT ( 'NONE', #39 ) ;
#763 = CARTESIAN_POINT ( 'NONE',  ( -0.3150000000000003908, 0.5904809703885625094, -0.009519029611437260230 ) ) ;
#764 = CARTESIAN_POINT ( 'NONE',  ( 0.9999999999999997780, 0.5200000000000000178, 4.288893270670664066E-16 ) ) ;
#765 = ORIENTED_EDGE ( 'NONE', *, *, #1088, .F. ) ;
#766 = DIRECTION ( 'NONE',  ( -0.000000000000000000, 0.7071067811865475727, 0.7071067811865475727 ) ) ;
#767 = EDGE_CURVE ( 'NONE', #1077, #1992, #92, .T. ) ;
#768 = DIRECTION ( 'NONE',  ( -1.000000000000000000, 0.000000000000000000, 0.000000000000000000 ) ) ;
#769 = DIRECTION ( 'NONE',  ( 1.432866307249565381E-16, -1.000000000000000000, 0.000000000000000000 ) ) ;
#770 = DIRECTION ( 'NONE',  ( 1.807003620809174139E-16, 1.000000000000000000, 0.000000000000000000 ) ) ;
#771 = CARTESIAN_POINT ( 'NONE',  ( 0.3533274752663021490, 0.5999999999984549914, -1.544657472481642324E-12 ) ) ;
#772 = CARTESIAN_POINT ( 'NONE',  ( 0.9199999999999998179, 0.5200000000000000178, 4.336808689942017736E-16 ) ) ;
#773 = VERTEX_POINT ( 'NONE', #1997 ) ;
#774 = UNCERTAINTY_MEASURE_WITH_UNIT (LENGTH_MEASURE( 1.000000000000000082E-05 ), #1119, 'distance_accuracy_value', 'NONE');
#775 = CARTESIAN_POINT ( 'NONE',  ( 0.9199999999999998179, -0.5199999999999997957, 0.6175000000000000488 ) ) ;
#776 = AXIS2_PLACEMENT_3D ( 'NONE', #1015, #1961, #1634 ) ;
#777 = CARTESIAN_POINT ( 'NONE',  ( -0.9200000000000004841, -0.5199999999999997957, -0.03250000000000000111 ) ) ;
#778 = EDGE_CURVE ( 'NONE', #400, #1624, #1230, .T. ) ;
#779 = CARTESIAN_POINT ( 'NONE',  ( 0.3149999999999999467, 0.5200000000000000178, 0.000000000000000000 ) ) ;
#780 = AXIS2_PLACEMENT_3D ( 'NONE', #391, #527, #1375 ) ;
#781 = VECTOR ( 'NONE', #1980, 1000.000000000000000 ) ;
#782 = ADVANCED_FACE ( 'NONE', ( #258 ), #565, .F. ) ;
#783 = FACE_OUTER_BOUND ( 'NONE', #423, .T. ) ;
#784 = ORIENTED_EDGE ( 'NONE', *, *, #1135, .F. ) ;
#785 = VECTOR ( 'NONE', #1399, 1000.000000000000000 ) ;
#786 = AXIS2_PLACEMENT_3D ( 'NONE', #831, #983, #1436 ) ;
#787 = CARTESIAN_POINT ( 'NONE',  ( 0.3422180398281642333, -0.5999999999999998668, -0.001361845672957910517 ) ) ;
#788 = DIRECTION ( 'NONE',  ( 1.000000000000000000, 0.000000000000000000, 0.000000000000000000 ) ) ;
#789 = CLOSED_SHELL ( 'NONE', ( #186, #911, #310, #846, #796, #782, #1922, #372, #539, #398 ) ) ;
#790 = SURFACE_STYLE_USAGE ( .BOTH. , #1449 ) ;
#791 = LINE ( 'NONE', #2059, #1459 ) ;
#792 = AXIS2_PLACEMENT_3D ( 'NONE', #738, #1062, #429 ) ;
#793 = LINE ( 'NONE', #1431, #47 ) ;
#794 = ORIENTED_EDGE ( 'NONE', *, *, #1461, .T. ) ;
#795 = PRODUCT_RELATED_PRODUCT_CATEGORY ( 'part', '', ( #643 ) ) ;
#796 = ADVANCED_FACE ( 'NONE', ( #2007 ), #268, .T. ) ;
#797 = DIRECTION ( 'NONE',  ( 0.000000000000000000, -0.7071067811865501263, -0.7071067811865449082 ) ) ;
#798 = FACE_OUTER_BOUND ( 'NONE', #563, .T. ) ;
#799 = ORIENTED_EDGE ( 'NONE', *, *, #30, .T. ) ;
#800 = CARTESIAN_POINT ( 'NONE',  ( -0.3500000000000000333, 0.5674999999999998934, 0.03250000000000000111 ) ) ;
#801 = LINE ( 'NONE', #167, #989 ) ;
#802 = DIRECTION ( 'NONE',  ( -1.000000000000000000, 0.000000000000000000, 0.000000000000000000 ) ) ;
#803 = ORIENTED_EDGE ( 'NONE', *, *, #1496, .T. ) ;
#804 = ADVANCED_FACE ( 'NONE', ( #1069 ), #917, .F. ) ;
#805 = CARTESIAN_POINT ( 'NONE',  ( 0.9999999999999997780, -0.5199999999999997957, 0.5934999999999999165 ) ) ;
#806 = DIRECTION ( 'NONE',  ( 0.000000000000000000, -1.000000000000000000, 0.000000000000000000 ) ) ;
#807 = ORIENTED_EDGE ( 'NONE', *, *, #819, .T. ) ;
#808 = CARTESIAN_POINT ( 'NONE',  ( -0.9200000000000000400, -0.5199999999999997957, 0.6175000000000000488 ) ) ;
#809 = DIRECTION ( 'NONE',  ( -0.000000000000000000, -0.000000000000000000, -1.000000000000000000 ) ) ;
#810 = CIRCLE ( 'NONE', #776, 0.03250000000000000111 ) ;
#811 = DIRECTION ( 'NONE',  ( 0.7071067811865501263, 0.000000000000000000, -0.7071067811865449082 ) ) ;
#812 = VERTEX_POINT ( 'NONE', #761 ) ;
#813 = AXIS2_PLACEMENT_3D ( 'NONE', #1816, #1829, #735 ) ;
#814 = CARTESIAN_POINT ( 'NONE',  ( 0.3149999999999998357, 0.5675000000000001155, -0.03250000000000000111 ) ) ;
#815 = CARTESIAN_POINT ( 'NONE',  ( 0.3024999999999999356, 0.5199999999999997957, 0.03250000000000000111 ) ) ;
#816 = ORIENTED_EDGE ( 'NONE', *, *, #1381, .T. ) ;
#817 = AXIS2_PLACEMENT_3D ( 'NONE', #2028, #465, #929 ) ;
#818 = CIRCLE ( 'NONE', #77, 0.05599999999999984157 ) ;
#819 = EDGE_CURVE ( 'NONE', #181, #1177, #887, .T. ) ;
#820 = EDGE_CURVE ( 'NONE', #1347, #479, #1080, .T. ) ;
#821 = DIRECTION ( 'NONE',  ( -1.000000000000000000, 0.000000000000000000, 0.000000000000000000 ) ) ;
#822 =( NAMED_UNIT ( * ) SI_UNIT ( $, .STERADIAN. ) SOLID_ANGLE_UNIT ( ) );
#823 = AXIS2_PLACEMENT_3D ( 'NONE', #1001, #364, #206 ) ;
#824 = DIRECTION ( 'NONE',  ( 0.000000000000000000, -0.000000000000000000, 1.000000000000000000 ) ) ;
#825 = VECTOR ( 'NONE', #667, 1000.000000000000000 ) ;
#826 = DIRECTION ( 'NONE',  ( 0.000000000000000000, 0.7071067811865501263, -0.7071067811865449082 ) ) ;
#827 = ORIENTED_EDGE ( 'NONE', *, *, #1517, .T. ) ;
#828 = VECTOR ( 'NONE', #52, 1000.000000000000000 ) ;
#829 = VECTOR ( 'NONE', #729, 1000.000000000000000 ) ;
#830 = CARTESIAN_POINT ( 'NONE',  ( 0.3499999999999999223, 0.5674999999999998934, 0.03250000000000000111 ) ) ;
#831 = CARTESIAN_POINT ( 'NONE',  ( -1.000000000000000222, 0.6000000000000000888, 0.6175000000000000488 ) ) ;
#832 = ORIENTED_EDGE ( 'NONE', *, *, #995, .T. ) ;
#833 = DIRECTION ( 'NONE',  ( 1.000000000000000000, 0.000000000000000000, 0.000000000000000000 ) ) ;
#834 = EDGE_CURVE ( 'NONE', #1064, #400, #1521, .T. ) ;
#835 = LINE ( 'NONE', #1680, #781 ) ;
#836 = CARTESIAN_POINT ( 'NONE',  ( -0.3499999999999998668, -0.5200000000000000178, 0.000000000000000000 ) ) ;
#837 = ORIENTED_EDGE ( 'NONE', *, *, #1773, .F. ) ;
#838 = DIRECTION ( 'NONE',  ( 0.7071067811865475727, 0.000000000000000000, 0.7071067811865475727 ) ) ;
#839 = LINE ( 'NONE', #1475, #368 ) ;
#840 = EDGE_LOOP ( 'NONE', ( #1596, #1566, #1924, #211, #316, #1037, #2048, #1580 ) ) ;
#841 = CARTESIAN_POINT ( 'NONE',  ( 0.9999999999999995559, -0.5674999999999998934, -0.03250000000000000111 ) ) ;
#842 = CARTESIAN_POINT ( 'NONE',  ( 0.9199999999999998179, 0.6000000000000000888, 0.5934999999999999165 ) ) ;
#843 = DIRECTION ( 'NONE',  ( 0.000000000000000000, 0.000000000000000000, -1.000000000000000000 ) ) ;
#844 = ORIENTED_EDGE ( 'NONE', *, *, #1003, .F. ) ;
#845 = EDGE_CURVE ( 'NONE', #992, #1719, #1400, .T. ) ;
#846 = ADVANCED_FACE ( 'NONE', ( #601 ), #1239, .F. ) ;
#847 = VECTOR ( 'NONE', #880, 1000.000000000000000 ) ;
#848 = CARTESIAN_POINT ( 'NONE',  ( -0.3150000000000006128, -0.5199999999999997957, -0.03249999999999997335 ) ) ;
#849 = CARTESIAN_POINT ( 'NONE',  ( -0.9759999999999998677, -0.5199999999999997957, 0.6175000000000000488 ) ) ;
#850 = ORIENTED_EDGE ( 'NONE', *, *, #1988, .F. ) ;
#851 = CIRCLE ( 'NONE', #581, 0.09346194077712523252 ) ;
#852 = VERTEX_POINT ( 'NONE', #897 ) ;
#853 = CYLINDRICAL_SURFACE ( 'NONE', #405, 0.04750000000000001443 ) ;
#854 = CARTESIAN_POINT ( 'NONE',  ( 0.3149999999999998357, 0.5675000000000001155, -0.03250000000000000111 ) ) ;
#855 = ORIENTED_EDGE ( 'NONE', *, *, #356, .T. ) ;
#856 = DIRECTION ( 'NONE',  ( 1.000000000000000000, 1.432866307249565381E-16, -0.000000000000000000 ) ) ;
#857 = AXIS2_PLACEMENT_3D ( 'NONE', #1768, #1299, #824 ) ;
#858 = ADVANCED_FACE ( 'NONE', ( #1365 ), #725, .T. ) ;
#859 = DIRECTION ( 'NONE',  ( -1.000000000000000000, 0.000000000000000000, 0.000000000000000000 ) ) ;
#860 = ORIENTED_EDGE ( 'NONE', *, *, #820, .F. ) ;
#861 = VECTOR ( 'NONE', #1490, 1000.000000000000000 ) ;
#862 = FILL_AREA_STYLE_COLOUR ( '', #1217 ) ;
#863 = ORIENTED_EDGE ( 'NONE', *, *, #728, .T. ) ;
#864 = DIRECTION ( 'NONE',  ( -0.000000000000000000, -0.000000000000000000, 1.000000000000000000 ) ) ;
#865 = ORIENTED_EDGE ( 'NONE', *, *, #454, .T. ) ;
#866 = CARTESIAN_POINT ( 'NONE',  ( 0.2215380592228745060, -0.5199999999999997957, 0.000000000000000000 ) ) ;
#867 = FACE_OUTER_BOUND ( 'NONE', #472, .T. ) ;
#868 = ORIENTED_EDGE ( 'NONE', *, *, #385, .F. ) ;
#869 = EDGE_CURVE ( 'NONE', #888, #512, #2037, .T. ) ;
#870 = EDGE_CURVE ( 'NONE', #351, #566, #2019, .T. ) ;
#871 = CARTESIAN_POINT ( 'NONE',  ( 0.000000000000000000, 0.000000000000000000, 0.000000000000000000 ) ) ;
#872 = ORIENTED_EDGE ( 'NONE', *, *, #2062, .F. ) ;
#873 = CARTESIAN_POINT ( 'NONE',  ( 0.9199999999999998179, 0.5675000000000001155, -0.03250000000000000111 ) ) ;
#874 = DIRECTION ( 'NONE',  ( 0.000000000000000000, -0.7071067811865474617, 0.7071067811865474617 ) ) ;
#875 = ORIENTED_EDGE ( 'NONE', *, *, #620, .T. ) ;
#876 = CARTESIAN_POINT ( 'NONE',  ( -0.3500000000000000333, 0.5674999999999998934, 0.03250000000000000111 ) ) ;
#877 = CARTESIAN_POINT ( 'NONE',  ( -0.2215380592228752554, 4.003200751627729686E-17, -0.03250000000000000111 ) ) ;
#878 = ORIENTED_EDGE ( 'NONE', *, *, #125, .T. ) ;
#879 = VECTOR ( 'NONE', #485, 1000.000000000000000 ) ;
#880 = DIRECTION ( 'NONE',  ( -1.807003620809174139E-16, -1.000000000000000000, 0.000000000000000000 ) ) ;
#881 = AXIS2_PLACEMENT_3D ( 'NONE', #44, #684, #1956 ) ;
#882 =( LENGTH_UNIT ( ) NAMED_UNIT ( * ) SI_UNIT ( .MILLI., .METRE. ) );
#883 = EDGE_CURVE ( 'NONE', #1834, #1652, #1804, .T. ) ;
#884 = ORIENTED_EDGE ( 'NONE', *, *, #1209, .T. ) ;
#885 = CONICAL_SURFACE ( 'NONE', #209, 0.04749999999999979933, 0.7853981633974452814 ) ;
#886 = LINE ( 'NONE', #1519, #1313 ) ;
#887 = LINE ( 'NONE', #115, #103 ) ;
#888 = VERTEX_POINT ( 'NONE', #1865 ) ;
#889 = SURFACE_SIDE_STYLE ('',( #1977 ) ) ;
#890 = DIRECTION ( 'NONE',  ( -1.807003620809174632E-16, -1.000000000000000000, 0.000000000000000000 ) ) ;
#891 = ORIENTED_EDGE ( 'NONE', *, *, #212, .T. ) ;
#892 = CARTESIAN_POINT ( 'NONE',  ( -0.3100652082318787750, 0.6000000000000000888, -0.003904252655017182837 ) ) ;
#893 = AXIS2_PLACEMENT_3D ( 'NONE', #1740, #1906, #1136 ) ;
#894 = VERTEX_POINT ( 'NONE', #426 ) ;
#895 = DIRECTION ( 'NONE',  ( -1.000000000000000000, 0.000000000000000000, 0.000000000000000000 ) ) ;
#896 = ADVANCED_FACE ( 'NONE', ( #608 ), #1842, .T. ) ;
#897 = CARTESIAN_POINT ( 'NONE',  ( 0.2215380592228747281, 0.5200000000000000178, 0.000000000000000000 ) ) ;
#898 = EDGE_LOOP ( 'NONE', ( #650, #1401, #1944, #1703, #2051, #803, #1430, #1871 ) ) ;
#899 = CARTESIAN_POINT ( 'NONE',  ( 0.3432232336957223851, 0.5987368872704429412, -0.001263112729556630431 ) ) ;
#900 = CARTESIAN_POINT ( 'NONE',  ( -0.9200000000000002620, 0.5200000000000000178, 0.000000000000000000 ) ) ;
#901 = ORIENTED_EDGE ( 'NONE', *, *, #1316, .F. ) ;
#902 = CARTESIAN_POINT ( 'NONE',  ( -0.2666767719018397487, 0.6000000000000000888, 0.000000000000000000 ) ) ;
#903 = SHAPE_DEFINITION_REPRESENTATION ( #543, #257 ) ;
#904 = ORIENTED_EDGE ( 'NONE', *, *, #974, .T. ) ;
#905 = CARTESIAN_POINT ( 'NONE',  ( -0.3150000000000003908, 0.5200000000000000178, -0.009519029611437286251 ) ) ;
#906 = CARTESIAN_POINT ( 'NONE',  ( 0.9199999999999998179, -0.5999999999999998668, 4.288893270670664066E-16 ) ) ;
#907 = EDGE_LOOP ( 'NONE', ( #1819, #169, #1589, #1525 ) ) ;
#908 = CARTESIAN_POINT ( 'NONE',  ( -0.9675000000000002487, 0.5200000000000000178, -0.03250000000000000111 ) ) ;
#909 = DIRECTION ( 'NONE',  ( 1.000000000000000000, 0.000000000000000000, 0.000000000000000000 ) ) ;
#910 = ORIENTED_EDGE ( 'NONE', *, *, #337, .T. ) ;
#911 = ADVANCED_FACE ( 'NONE', ( #248 ), #1530, .F. ) ;
#912 = FACE_OUTER_BOUND ( 'NONE', #934, .T. ) ;
#913 = AXIS2_PLACEMENT_3D ( 'NONE', #1551, #578, #1216 ) ;
#914 = CONTEXT_DEPENDENT_SHAPE_REPRESENTATION ( #713, #716 ) ;
#915 = ORIENTED_EDGE ( 'NONE', *, *, #337, .F. ) ;
#916 = CARTESIAN_POINT ( 'NONE',  ( 0.9999999999999997780, 0.5675000000000001155, 0.000000000000000000 ) ) ;
#917 = CYLINDRICAL_SURFACE ( 'NONE', #1640, 0.04750000000000001443 ) ;
#918 = EDGE_LOOP ( 'NONE', ( #1377, #1607, #105, #93, #863, #1231, #639, #325 ) ) ;
#919 = VECTOR ( 'NONE', #1130, 1000.000000000000000 ) ;
#920 = LINE ( 'NONE', #418, #185 ) ;
#921 = DIRECTION ( 'NONE',  ( 0.000000000000000000, -0.7071067811865501263, -0.7071067811865449082 ) ) ;
#922 = VERTEX_POINT ( 'NONE', #309 ) ;
#923 = UNCERTAINTY_MEASURE_WITH_UNIT (LENGTH_MEASURE( 1.000000000000000082E-05 ), #1610, 'distance_accuracy_value', 'NONE');
#924 = EDGE_CURVE ( 'NONE', #647, #1828, #1172, .T. ) ;
#925 = DIRECTION ( 'NONE',  ( 0.000000000000000000, -0.000000000000000000, -1.000000000000000000 ) ) ;
#926 = PRODUCT_CONTEXT ( 'NONE', #283, 'mechanical' ) ;
#927 = AXIS2_PLACEMENT_3D ( 'NONE', #1260, #1111, #1594 ) ;
#928 = AXIS2_PLACEMENT_3D ( 'NONE', #690, #1324, #1953 ) ;
#929 = DIRECTION ( 'NONE',  ( -1.000000000000000000, 0.000000000000000000, 0.000000000000000000 ) ) ;
#930 = CARTESIAN_POINT ( 'NONE',  ( -0.3500000000000000333, 0.5674999999999998934, 0.03250000000000000111 ) ) ;
#931 = CARTESIAN_POINT ( 'NONE',  ( 0.000000000000000000, -0.5674999999999998934, -0.03250000000000000111 ) ) ;
#932 = DIRECTION ( 'NONE',  ( -1.000000000000000000, 0.000000000000000000, 0.000000000000000000 ) ) ;
#933 = CARTESIAN_POINT ( 'NONE',  ( -0.3633232280981149587, 0.6000000000000000888, 4.288893270670664066E-16 ) ) ;
#934 = EDGE_LOOP ( 'NONE', ( #1000, #302, #734, #331 ) ) ;
#935 = FACE_OUTER_BOUND ( 'NONE', #1343, .T. ) ;
#936 = EDGE_CURVE ( 'NONE', #1954, #2012, #1309, .T. ) ;
#937 = APPLICATION_PROTOCOL_DEFINITION ( 'draft international standard', 'automotive_design', 1998, #1505 ) ;
#938 = EDGE_CURVE ( 'NONE', #90, #1244, #1895, .T. ) ;
#939 = LINE ( 'NONE', #2057, #580 ) ;
#940 = CARTESIAN_POINT ( 'NONE',  ( -0.3150000000000003908, 0.5200000000000000178, 0.000000000000000000 ) ) ;
#941 = LINE ( 'NONE', #94, #1918 ) ;
#942 = ORIENTED_EDGE ( 'NONE', *, *, #43, .F. ) ;
#943 = FACE_OUTER_BOUND ( 'NONE', #751, .T. ) ;
#944 = VECTOR ( 'NONE', #874, 1000.000000000000114 ) ;
#945 = LINE ( 'NONE', #1884, #951 ) ;
#946 = EDGE_CURVE ( 'NONE', #1933, #1709, #1727, .T. ) ;
#947 = EDGE_CURVE ( 'NONE', #312, #371, #1259, .T. ) ;
#948 = DIRECTION ( 'NONE',  ( -1.000000000000000000, 0.000000000000000000, 0.000000000000000000 ) ) ;
#949 = AXIS2_PLACEMENT_3D ( 'NONE', #1346, #63, #1637 ) ;
#950 = CARTESIAN_POINT ( 'NONE',  ( -0.3150000000000003908, 0.5200000000000000178, -0.03250000000000000111 ) ) ;
#951 = VECTOR ( 'NONE', #2018, 1000.000000000000000 ) ;
#952 = VECTOR ( 'NONE', #806, 1000.000000000000000 ) ;
#953 = VERTEX_POINT ( 'NONE', #476 ) ;
#954 = CIRCLE ( 'NONE', #1516, 0.04750000000000001443 ) ;
#955 = DIRECTION ( 'NONE',  ( -1.432866307249565381E-16, 1.000000000000000000, -0.000000000000000000 ) ) ;
#956 = LINE ( 'NONE', #2025, #537 ) ;
#957 = ORIENTED_EDGE ( 'NONE', *, *, #1520, .F. ) ;
#958 = STYLED_ITEM ( 'NONE', ( #525 ), #292 ) ;
#959 = DIRECTION ( 'NONE',  ( -1.000000000000000000, 0.000000000000000000, 0.000000000000000000 ) ) ;
#960 = AXIS2_PLACEMENT_3D ( 'NONE', #1295, #1264, #155 ) ;
#961 = CARTESIAN_POINT ( 'NONE',  ( 8.042937684778090535E-17, 0.5675000000000000044, 0.000000000000000000 ) ) ;
#962 = FACE_OUTER_BOUND ( 'NONE', #1339, .T. ) ;
#963 = AXIS2_PLACEMENT_3D ( 'NONE', #876, #856, #1832 ) ;
#964 = DIRECTION ( 'NONE',  ( 0.000000000000000000, 0.000000000000000000, -1.000000000000000000 ) ) ;
#965 = ORIENTED_EDGE ( 'NONE', *, *, #1825, .T. ) ;
#966 = DIRECTION ( 'NONE',  ( 1.000000000000000000, 0.000000000000000000, 0.000000000000000000 ) ) ;
#967 = CARTESIAN_POINT ( 'NONE',  ( 0.9199999999999998179, 0.5200000000000000178, 0.5934999999999999165 ) ) ;
#968 = ORIENTED_EDGE ( 'NONE', *, *, #1208, .F. ) ;
#969 = FILL_AREA_STYLE_COLOUR ( '', #533 ) ;
#970 = LINE ( 'NONE', #466, #346 ) ;
#971 = CARTESIAN_POINT ( 'NONE',  ( -0.3025000000000000466, 0.5199999999999997957, 0.03250000000000000111 ) ) ;
#972 = EDGE_LOOP ( 'NONE', ( #54, #1508, #1240, #1467 ) ) ;
#973 = PLANE ( 'NONE',  #514 ) ;
#974 = EDGE_CURVE ( 'NONE', #1661, #512, #1267, .T. ) ;
#975 = CARTESIAN_POINT ( 'NONE',  ( 0.3024999999999999356, 0.5674999999999998934, 0.000000000000000000 ) ) ;
#976 = ORIENTED_EDGE ( 'NONE', *, *, #163, .T. ) ;
#977 = FACE_OUTER_BOUND ( 'NONE', #9, .T. ) ;
#978 = ORIENTED_EDGE ( 'NONE', *, *, #3, .T. ) ;
#979 = LINE ( 'NONE', #1462, #651 ) ;
#980 = FACE_OUTER_BOUND ( 'NONE', #208, .T. ) ;
#981 = ORIENTED_EDGE ( 'NONE', *, *, #755, .T. ) ;
#982 = LINE ( 'NONE', #637, #617 ) ;
#983 = DIRECTION ( 'NONE',  ( 1.000000000000000000, 1.807003620809174139E-16, -0.000000000000000000 ) ) ;
#984 = ORIENTED_EDGE ( 'NONE', *, *, #526, .F. ) ;
#985 = EDGE_CURVE ( 'NONE', #1025, #1159, #1879, .T. ) ;
#986 = CARTESIAN_POINT ( 'NONE',  ( 0.9674999999999998046, 0.6000000000000000888, 0.000000000000000000 ) ) ;
#987 = CARTESIAN_POINT ( 'NONE',  ( -0.2445190296114380935, 4.418467718646144594E-17, -0.009519029611437265434 ) ) ;
#988 = ORIENTED_EDGE ( 'NONE', *, *, #946, .F. ) ;
#989 = VECTOR ( 'NONE', #809, 1000.000000000000000 ) ;
#990 = CARTESIAN_POINT ( 'NONE',  ( -0.3150000000000003908, 0.5675000000000000044, 0.000000000000000000 ) ) ;
#991 = CARTESIAN_POINT ( 'NONE',  ( -0.3024999999999998801, -0.5200000000000000178, 0.000000000000000000 ) ) ;
#992 = VERTEX_POINT ( 'NONE', #1600 ) ;
#993 = FILL_AREA_STYLE_COLOUR ( '', #1213 ) ;
#994 = CARTESIAN_POINT ( 'NONE',  ( 0.3199347917494467231, 0.6000000000000000888, -0.003904252654722328852 ) ) ;
#995 = EDGE_CURVE ( 'NONE', #1866, #1692, #1439, .T. ) ;
#996 = DIRECTION ( 'NONE',  ( 0.000000000000000000, 0.000000000000000000, -1.000000000000000000 ) ) ;
#997 = ORIENTED_EDGE ( 'NONE', *, *, #1446, .F. ) ;
#998 = CARTESIAN_POINT ( 'NONE',  ( -0.2772509429572372341, -0.5999999999999998668, -2.927176933424835954E-18 ) ) ;
#999 = DIRECTION ( 'NONE',  ( -0.000000000000000000, 0.000000000000000000, 1.000000000000000000 ) ) ;
#1000 = ORIENTED_EDGE ( 'NONE', *, *, #778, .T. ) ;
#1001 = CARTESIAN_POINT ( 'NONE',  ( -0.6175000000000002709, 5.421010862427522170E-17, 3.388131789017201356E-18 ) ) ;
#1002 = EDGE_LOOP ( 'NONE', ( #265, #131, #1087, #1389 ) ) ;
#1003 = EDGE_CURVE ( 'NONE', #1369, #1878, #267, .T. ) ;
#1004 = CARTESIAN_POINT ( 'NONE',  ( 0.3499999999999999223, 0.5199999999999997957, 0.03250000000000000111 ) ) ;
#1005 = ORIENTED_EDGE ( 'NONE', *, *, #778, .F. ) ;
#1006 = VECTOR ( 'NONE', #1024, 1000.000000000000000 ) ;
#1007 =( NAMED_UNIT ( * ) SI_UNIT ( $, .STERADIAN. ) SOLID_ANGLE_UNIT ( ) );
#1008 = CARTESIAN_POINT ( 'NONE',  ( -0.9674999999999999156, -1.748276003132875900E-16, -0.03250000000000000111 ) ) ;
#1009 = MANIFOLD_SOLID_BREP ( '\X2\570689d2\X0\1', #789 ) ;
#1010 = ORIENTED_EDGE ( 'NONE', *, *, #1532, .F. ) ;
#1011 = AXIS2_PLACEMENT_3D ( 'NONE', #654, #504, #1147 ) ;
#1012 = VERTEX_POINT ( 'NONE', #1460 ) ;
#1013 = PRODUCT_DEFINITION_SHAPE ( 'NONE', 'NONE',  #2073 ) ;
#1014 = CARTESIAN_POINT ( 'NONE',  ( 0.9999999999999997780, 0.5675000000000001155, -0.03250000000000000111 ) ) ;
#1015 = CARTESIAN_POINT ( 'NONE',  ( -0.2215380592228751722, 0.5200000000000000178, -0.03250000000000000111 ) ) ;
#1016 = ORIENTED_EDGE ( 'NONE', *, *, #1124, .T. ) ;
#1017 = ADVANCED_FACE ( 'NONE', ( #623 ), #300, .T. ) ;
#1018 = LINE ( 'NONE', #849, #36 ) ;
#1019 = EDGE_LOOP ( 'NONE', ( #976, #1180, #1504, #2026 ) ) ;
#1020 = ADVANCED_FACE ( 'NONE', ( #657 ), #1885, .T. ) ;
#1021 = AXIS2_PLACEMENT_3D ( 'NONE', #1912, #478, #139 ) ;
#1022 = ORIENTED_EDGE ( 'NONE', *, *, #820, .T. ) ;
#1023 = LINE ( 'NONE', #1014, #1940 ) ;
#1024 = DIRECTION ( 'NONE',  ( -0.000000000000000000, -0.000000000000000000, -1.000000000000000000 ) ) ;
#1025 = VERTEX_POINT ( 'NONE', #291 ) ;
#1026 = PLANE ( 'NONE',  #340 ) ;
#1027 = EDGE_LOOP ( 'NONE', ( #1936, #1455, #784, #2004 ) ) ;
#1028 = EDGE_CURVE ( 'NONE', #757, #1177, #334, .T. ) ;
#1029 = CARTESIAN_POINT ( 'NONE',  ( 0.2877819601595633103, 0.6000000000000000888, -0.001361845671411073423 ) ) ;
#1030 =( NAMED_UNIT ( * ) SI_UNIT ( $, .STERADIAN. ) SOLID_ANGLE_UNIT ( ) );
#1031 = ORIENTED_EDGE ( 'NONE', *, *, #297, .T. ) ;
#1032 = CARTESIAN_POINT ( 'NONE',  ( 0.3149999999999998357, 0.5675000000000001155, 0.000000000000000000 ) ) ;
#1033 = DIRECTION ( 'NONE',  ( 0.000000000000000000, -1.000000000000000000, 0.000000000000000000 ) ) ;
#1034 = ORIENTED_EDGE ( 'NONE', *, *, #695, .T. ) ;
#1035 = FACE_OUTER_BOUND ( 'NONE', #41, .T. ) ;
#1036 = CARTESIAN_POINT ( 'NONE',  ( 0.2215380592228745615, -2.001600375813858064E-17, -0.03250000000000000111 ) ) ;
#1037 = ORIENTED_EDGE ( 'NONE', *, *, #1560, .T. ) ;
#1038 = AXIS2_PLACEMENT_3D ( 'NONE', #1826, #1372, #25 ) ;
#1039 = LINE ( 'NONE', #986, #847 ) ;
#1040 = VECTOR ( 'NONE', #91, 1000.000000000000000 ) ;
#1041 = EDGE_CURVE ( 'NONE', #249, #812, #573, .T. ) ;
#1042 =( LENGTH_UNIT ( ) NAMED_UNIT ( * ) SI_UNIT ( .MILLI., .METRE. ) );
#1043 = AXIS2_PLACEMENT_3D ( 'NONE', #1970, #236, #538 ) ;
#1044 = VERTEX_POINT ( 'NONE', #704 ) ;
#1045 = AXIS2_PLACEMENT_3D ( 'NONE', #1622, #1777, #821 ) ;
#1046 = CONICAL_SURFACE ( 'NONE', #1911, 0.05599999999999984157, 0.7853981633974485010 ) ;
#1047 = LINE ( 'NONE', #1672, #1040 ) ;
#1048 = DIRECTION ( 'NONE',  ( -1.000000000000000000, -0.000000000000000000, -0.000000000000000000 ) ) ;
#1049 = VERTEX_POINT ( 'NONE', #1308 ) ;
#1050 = DIRECTION ( 'NONE',  ( 0.000000000000000000, 0.000000000000000000, -1.000000000000000000 ) ) ;
#1051 = CARTESIAN_POINT ( 'NONE',  ( 0.9199999999999995959, -0.5674999999999998934, -0.03250000000000000111 ) ) ;
#1052 = ORIENTED_EDGE ( 'NONE', *, *, #755, .F. ) ;
#1053 = AXIS2_PLACEMENT_3D ( 'NONE', #1116, #1465, #170 ) ;
#1054 = CARTESIAN_POINT ( 'NONE',  ( 0.3633232280793683988, 0.6000000000000000888, 4.288893270670664066E-16 ) ) ;
#1055 = AXIS2_PLACEMENT_3D ( 'NONE', #129, #2040, #261 ) ;
#1056 = ORIENTED_EDGE ( 'NONE', *, *, #1085, .T. ) ;
#1057 = LINE ( 'NONE', #1852, #142 ) ;
#1058 = EDGE_CURVE ( 'NONE', #371, #181, #1406, .T. ) ;
#1059 = ADVANCED_FACE ( 'NONE', ( #1633 ), #720, .T. ) ;
#1060 = CARTESIAN_POINT ( 'NONE',  ( 0.000000000000000000, 0.000000000000000000, 0.000000000000000000 ) ) ;
#1061 = ORIENTED_EDGE ( 'NONE', *, *, #487, .F. ) ;
#1062 = DIRECTION ( 'NONE',  ( 0.000000000000000000, 0.000000000000000000, 1.000000000000000000 ) ) ;
#1063 = DIRECTION ( 'NONE',  ( 0.000000000000000000, -0.000000000000000000, 1.000000000000000000 ) ) ;
#1064 = VERTEX_POINT ( 'NONE', #509 ) ;
#1065 = DIRECTION ( 'NONE',  ( 1.000000000000000000, 0.000000000000000000, 0.000000000000000000 ) ) ;
#1066 = DIRECTION ( 'NONE',  ( 0.000000000000000000, 0.000000000000000000, 1.000000000000000000 ) ) ;
#1067 = ORIENTED_EDGE ( 'NONE', *, *, #1836, .T. ) ;
#1068 = CARTESIAN_POINT ( 'NONE',  ( -0.3150000000000006128, -0.5199999999999997957, -0.03250000000000000111 ) ) ;
#1069 = FACE_OUTER_BOUND ( 'NONE', #1002, .T. ) ;
#1070 = VERTEX_POINT ( 'NONE', #842 ) ;
#1071 = EDGE_CURVE ( 'NONE', #1652, #566, #1188, .T. ) ;
#1072 = CARTESIAN_POINT ( 'NONE',  ( 0.3024999999999999356, 0.5674999999999998934, 0.03250000000000000111 ) ) ;
#1073 = DIRECTION ( 'NONE',  ( -1.000000000000000000, 0.000000000000000000, 0.000000000000000000 ) ) ;
#1074 = ORIENTED_EDGE ( 'NONE', *, *, #1145, .F. ) ;
#1075 = DIRECTION ( 'NONE',  ( 1.000000000000000000, 0.000000000000000000, 0.000000000000000000 ) ) ;
#1076 = SHAPE_DEFINITION_REPRESENTATION ( #1732, #141 ) ;
#1077 = VERTEX_POINT ( 'NONE', #1787 ) ;
#1078 = DIRECTION ( 'NONE',  ( 0.000000000000000000, 0.000000000000000000, -1.000000000000000000 ) ) ;
#1079 = CIRCLE ( 'NONE', #145, 0.04750000000000001443 ) ;
#1080 = LINE ( 'NONE', #416, #1576 ) ;
#1081 = ORIENTED_EDGE ( 'NONE', *, *, #1532, .T. ) ;
#1082 = AXIS2_PLACEMENT_3D ( 'NONE', #11, #156, #492 ) ;
#1083 = AXIS2_PLACEMENT_3D ( 'NONE', #456, #1539, #266 ) ;
#1084 = CYLINDRICAL_SURFACE ( 'NONE', #2022, 0.04750000000000001443 ) ;
#1085 = EDGE_CURVE ( 'NONE', #1828, #345, #1039, .T. ) ;
#1086 = CARTESIAN_POINT ( 'NONE',  ( -0.3432232336957229957, -0.5987368872704427192, -0.001263112729556630431 ) ) ;
#1087 = ORIENTED_EDGE ( 'NONE', *, *, #97, .F. ) ;
#1088 = EDGE_CURVE ( 'NONE', #922, #812, #1515, .T. ) ;
#1089 = DIRECTION ( 'NONE',  ( -1.000000000000000000, 0.000000000000000000, 0.000000000000000000 ) ) ;
#1090 = AXIS2_PLACEMENT_3D ( 'NONE', #1677, #1164, #513 ) ;
#1091 = LINE ( 'NONE', #1901, #611 ) ;
#1092 = DIRECTION ( 'NONE',  ( 1.807003620809174139E-16, 1.000000000000000000, 0.000000000000000000 ) ) ;
#1093 = CARTESIAN_POINT ( 'NONE',  ( 0.3499999999999999223, 0.5674999999999998934, 0.000000000000000000 ) ) ;
#1094 = CARTESIAN_POINT ( 'NONE',  ( -0.3161589186590300082, -0.5909441919478121141, -0.009055808052187506313 ) ) ;
#1095 = ORIENTED_EDGE ( 'NONE', *, *, #30, .F. ) ;
#1096 = CARTESIAN_POINT ( 'NONE',  ( 0.2883557931306877653, -0.5999999999999998668, 0.000000000000000000 ) ) ;
#1097 = ADVANCED_FACE ( 'NONE', ( #397 ), #1481, .T. ) ;
#1098 = EDGE_CURVE ( 'NONE', #1531, #305, #835, .T. ) ;
#1099 = PRODUCT_CONTEXT ( 'NONE', #1570, 'mechanical' ) ;
#1100 = CARTESIAN_POINT ( 'NONE',  ( 0.3025000000000001021, -0.5675000000000001155, 0.000000000000000000 ) ) ;
#1101 = B_SPLINE_CURVE_WITH_KNOTS ( 'NONE', 3,
 ( #902, #1623, #892, #1506, #547, #2002, #339 ),
 .UNSPECIFIED., .F., .F.,
 ( 4, 3, 4 ),
 ( 5.424094941768144888E-20, 6.503706368654625159E-05, 9.655990386632605906E-05 ),
 .UNSPECIFIED. ) ;
#1102 = CARTESIAN_POINT ( 'NONE',  ( 0.9674999999999998046, 0.6000000000000000888, -0.03250000000000000111 ) ) ;
#1103 = FACE_OUTER_BOUND ( 'NONE', #432, .T. ) ;
#1104 = EDGE_LOOP ( 'NONE', ( #1445, #1374, #988, #1034 ) ) ;
#1105 = CARTESIAN_POINT ( 'NONE',  ( -0.9200000000000002620, 0.5674999999999998934, -0.03250000000000000111 ) ) ;
#1106 = CARTESIAN_POINT ( 'NONE',  ( 0.3100652082318781089, -0.5999999999999998668, -0.003904252655017182837 ) ) ;
#1107 = EDGE_CURVE ( 'NONE', #1177, #1684, #1101, .T. ) ;
#1108 = VECTOR ( 'NONE', #1291, 1000.000000000000000 ) ;
#1109 = CARTESIAN_POINT ( 'NONE',  ( -0.9200000000000002620, 0.5675000000000001155, 0.000000000000000000 ) ) ;
#1110 = CARTESIAN_POINT ( 'NONE',  ( -0.9675000000000003597, 1.748276003132876639E-16, -0.03250000000000000111 ) ) ;
#1111 = DIRECTION ( 'NONE',  ( 0.000000000000000000, -0.000000000000000000, -1.000000000000000000 ) ) ;
#1112 = CARTESIAN_POINT ( 'NONE',  ( -0.2445190296114382045, -0.5199999999999999067, -0.009519029611437246352 ) ) ;
#1113 = EDGE_LOOP ( 'NONE', ( #1010, #723, #1995, #1649 ) ) ;
#1114 = VECTOR ( 'NONE', #519, 1000.000000000000000 ) ;
#1115 = VECTOR ( 'NONE', #1659, 1000.000000000000000 ) ;
#1116 = CARTESIAN_POINT ( 'NONE',  ( 0.9199999999999998179, 0.5200000000000000178, -0.03250000000000000111 ) ) ;
#1117 = CARTESIAN_POINT ( 'NONE',  ( 0.9199999999999998179, -0.5199999999999997957, -0.03249999999999997335 ) ) ;
#1118 = VERTEX_POINT ( 'NONE', #1152 ) ;
#1119 =( LENGTH_UNIT ( ) NAMED_UNIT ( * ) SI_UNIT ( .MILLI., .METRE. ) );
#1120 = DIRECTION ( 'NONE',  ( -1.000000000000000000, 0.000000000000000000, 0.000000000000000000 ) ) ;
#1121 = DIRECTION ( 'NONE',  ( 0.000000000000000000, -0.000000000000000000, 1.000000000000000000 ) ) ;
#1122 = AXIS2_PLACEMENT_3D ( 'NONE', #1327, #556, #229 ) ;
#1123 = EDGE_CURVE ( 'NONE', #1064, #1044, #1197, .T. ) ;
#1124 = EDGE_CURVE ( 'NONE', #1751, #647, #1469, .T. ) ;
#1125 = CARTESIAN_POINT ( 'NONE',  ( 0.3149999999999997247, -0.5199999999999997957, 0.000000000000000000 ) ) ;
#1126 = ORIENTED_EDGE ( 'NONE', *, *, #767, .F. ) ;
#1127 = FACE_OUTER_BOUND ( 'NONE', #1019, .T. ) ;
#1128 = CARTESIAN_POINT ( 'NONE',  ( 0.9199999999999998179, 0.5200000000000000178, -0.03249999999999997335 ) ) ;
#1129 = ORIENTED_EDGE ( 'NONE', *, *, #706, .T. ) ;
#1130 = DIRECTION ( 'NONE',  ( -0.000000000000000000, 0.000000000000000000, -1.000000000000000000 ) ) ;
#1131 = PRESENTATION_STYLE_ASSIGNMENT (( #790 ) ) ;
#1132 = DIRECTION ( 'NONE',  ( -0.000000000000000000, -0.000000000000000000, -1.000000000000000000 ) ) ;
#1133 = DIRECTION ( 'NONE',  ( 0.000000000000000000, 1.000000000000000000, 0.000000000000000000 ) ) ;
#1134 = ORIENTED_EDGE ( 'NONE', *, *, #1238, .F. ) ;
#1135 = EDGE_CURVE ( 'NONE', #1709, #1118, #1079, .T. ) ;
#1136 = DIRECTION ( 'NONE',  ( -1.000000000000000000, 0.000000000000000000, 0.000000000000000000 ) ) ;
#1137 = CARTESIAN_POINT ( 'NONE',  ( 0.9999999999999997780, -0.5199999999999997957, 0.5934999999999999165 ) ) ;
#1138 = EDGE_LOOP ( 'NONE', ( #664, #1916, #529, #409 ) ) ;
#1139 = CARTESIAN_POINT ( 'NONE',  ( -0.3150000000000006128, -0.5674999999999998934, -0.03250000000000000111 ) ) ;
#1140 = DIRECTION ( 'NONE',  ( 0.000000000000000000, -0.7071067811865474617, -0.7071067811865474617 ) ) ;
#1141 = AXIS2_PLACEMENT_3D ( 'NONE', #1060, #736, #1409 ) ;
#1142 = DIRECTION ( 'NONE',  ( 0.000000000000000000, -0.000000000000000000, -1.000000000000000000 ) ) ;
#1143 = EDGE_LOOP ( 'NONE', ( #76, #891, #1963, #1575 ) ) ;
#1144 = VECTOR ( 'NONE', #2041, 1000.000000000000000 ) ;
#1145 = EDGE_CURVE ( 'NONE', #2012, #1163, #572, .T. ) ;
#1146 = DIRECTION ( 'NONE',  ( 0.7071067811865474617, 0.000000000000000000, -0.7071067811865474617 ) ) ;
#1147 = DIRECTION ( 'NONE',  ( -1.000000000000000000, 0.000000000000000000, 0.000000000000000000 ) ) ;
#1148 = ORIENTED_EDGE ( 'NONE', *, *, #135, .F. ) ;
#1149 = CIRCLE ( 'NONE', #1976, 0.07999999999999998779 ) ;
#1150 = ADVANCED_FACE ( 'NONE', ( #495 ), #1848, .T. ) ;
#1151 = CARTESIAN_POINT ( 'NONE',  ( -0.9200000000000004841, -0.5674999999999998934, 0.000000000000000000 ) ) ;
#1152 = CARTESIAN_POINT ( 'NONE',  ( -0.2675000000000004041, 0.5199999999999999067, 0.000000000000000000 ) ) ;
#1153 = PRODUCT_DEFINITION_FORMATION_WITH_SPECIFIED_SOURCE ( 'ANY', '', #643, .NOT_KNOWN. ) ;
#1154 = CARTESIAN_POINT ( 'NONE',  ( -1.000000000000000222, 0.5200000000000000178, 4.336808689942017736E-16 ) ) ;
#1155 = ORIENTED_EDGE ( 'NONE', *, *, #3, .F. ) ;
#1156 = AXIS2_PLACEMENT_3D ( 'NONE', #1304, #662, #1935 ) ;
#1157 = FACE_OUTER_BOUND ( 'NONE', #2008, .T. ) ;
#1158 = FACE_OUTER_BOUND ( 'NONE', #1846, .T. ) ;
#1159 = VERTEX_POINT ( 'NONE', #1778 ) ;
#1160 = EDGE_CURVE ( 'NONE', #351, #1404, #666, .T. ) ;
#1161 = EDGE_CURVE ( 'NONE', #953, #1954, #1577, .T. ) ;
#1162 = CARTESIAN_POINT ( 'NONE',  ( 0.3500000000000000888, -0.5200000000000000178, 0.03250000000000000111 ) ) ;
#1163 = VERTEX_POINT ( 'NONE', #1892 ) ;
#1164 = DIRECTION ( 'NONE',  ( 0.000000000000000000, 0.000000000000000000, 1.000000000000000000 ) ) ;
#1165 = CARTESIAN_POINT ( 'NONE',  ( 0.9759999999999996456, -0.5199999999999997957, 0.6175000000000000488 ) ) ;
#1166 = EDGE_LOOP ( 'NONE', ( #688, #691, #116, #731 ) ) ;
#1167 = ADVANCED_FACE ( 'NONE', ( #455 ), #615, .T. ) ;
#1168 = ORIENTED_EDGE ( 'NONE', *, *, #1762, .F. ) ;
#1169 = DIRECTION ( 'NONE',  ( 1.000000000000000000, 0.000000000000000000, 0.000000000000000000 ) ) ;
#1170 = DIRECTION ( 'NONE',  ( 0.000000000000000000, 0.000000000000000000, 1.000000000000000000 ) ) ;
#1171 = ORIENTED_EDGE ( 'NONE', *, *, #1632, .T. ) ;
#1172 = CIRCLE ( 'NONE', #1609, 0.04750000000000001443 ) ;
#1173 = FILL_AREA_STYLE ('',( #530 ) ) ;
#1174 = DIRECTION ( 'NONE',  ( 0.000000000000000000, -0.000000000000000000, -1.000000000000000000 ) ) ;
#1175 = ORIENTED_EDGE ( 'NONE', *, *, #938, .T. ) ;
#1176 = AXIS2_PLACEMENT_3D ( 'NONE', #2014, #287, #143 ) ;
#1177 = VERTEX_POINT ( 'NONE', #1547 ) ;
#1178 = CARTESIAN_POINT ( 'NONE',  ( -0.9200000000000000400, -0.5199999999999997957, 0.6175000000000000488 ) ) ;
#1179 = LINE ( 'NONE', #987, #1187 ) ;
#1180 = ORIENTED_EDGE ( 'NONE', *, *, #1340, .F. ) ;
#1181 = ADVANCED_FACE ( 'NONE', ( #1880 ), #1382, .F. ) ;
#1182 = ADVANCED_FACE ( 'NONE', ( #943 ), #111, .F. ) ;
#1183 = FACE_OUTER_BOUND ( 'NONE', #1494, .T. ) ;
#1184 = VECTOR ( 'NONE', #1597, 1000.000000000000000 ) ;
#1185 = DIRECTION ( 'NONE',  ( 1.807003620809174139E-16, -1.000000000000000000, 0.000000000000000000 ) ) ;
#1186 = ORIENTED_EDGE ( 'NONE', *, *, #2054, .F. ) ;
#1187 = VECTOR ( 'NONE', #1191, 1000.000000000000000 ) ;
#1188 = LINE ( 'NONE', #561, #1741 ) ;
#1189 = ORIENTED_EDGE ( 'NONE', *, *, #1107, .T. ) ;
#1190 = DIRECTION ( 'NONE',  ( 0.000000000000000000, 0.7071067811865449082, 0.7071067811865501263 ) ) ;
#1191 = DIRECTION ( 'NONE',  ( -1.807003620809174632E-16, -1.000000000000000000, 0.000000000000000000 ) ) ;
#1192 = ORIENTED_EDGE ( 'NONE', *, *, #174, .T. ) ;
#1193 = SURFACE_STYLE_USAGE ( .BOTH. , #889 ) ;
#1194 = ADVANCED_FACE ( 'NONE', ( #912 ), #1046, .T. ) ;
#1195 = CARTESIAN_POINT ( 'NONE',  ( -0.9200000000000002620, 0.5200000000000000178, 0.6175000000000000488 ) ) ;
#1196 = ORIENTED_EDGE ( 'NONE', *, *, #1085, .F. ) ;
#1197 = LINE ( 'NONE', #349, #577 ) ;
#1198 = ORIENTED_EDGE ( 'NONE', *, *, #2016, .T. ) ;
#1199 = DIRECTION ( 'NONE',  ( 0.000000000000000000, 0.000000000000000000, -1.000000000000000000 ) ) ;
#1200 = CARTESIAN_POINT ( 'NONE',  ( 0.3149999999999998357, 0.5200000000000000178, -0.03250000000000000111 ) ) ;
#1201 = ORIENTED_EDGE ( 'NONE', *, *, #1330, .F. ) ;
#1202 = FACE_OUTER_BOUND ( 'NONE', #680, .T. ) ;
#1203 = FACE_OUTER_BOUND ( 'NONE', #685, .T. ) ;
#1204 = ORIENTED_EDGE ( 'NONE', *, *, #1098, .F. ) ;
#1205 = VECTOR ( 'NONE', #281, 1000.000000000000114 ) ;
#1206 = DIRECTION ( 'NONE',  ( 0.000000000000000000, -0.000000000000000000, 1.000000000000000000 ) ) ;
#1207 = VECTOR ( 'NONE', #1403, 1000.000000000000000 ) ;
#1208 = EDGE_CURVE ( 'NONE', #1049, #894, #851, .T. ) ;
#1209 = EDGE_CURVE ( 'NONE', #396, #361, #275, .T. ) ;
#1210 = AXIS2_PLACEMENT_3D ( 'NONE', #1068, #424, #279 ) ;
#1211 = TOROIDAL_SURFACE ( 'NONE', #2045, 0.09346194077712524639, 0.03250000000000000111 ) ;
#1212 = EDGE_LOOP ( 'NONE', ( #1284, #588, #965, #1016 ) ) ;
#1213 = COLOUR_RGB ( '',0.2509803921568627416, 0.2509803921568627416, 0.2509803921568627416 ) ;
#1214 = CIRCLE ( 'NONE', #949, 0.04750000000000001443 ) ;
#1215 = CARTESIAN_POINT ( 'NONE',  ( 0.9199999999999995959, -0.5199999999999997957, -0.03250000000000000111 ) ) ;
#1216 = DIRECTION ( 'NONE',  ( 1.000000000000000000, 0.000000000000000000, 0.000000000000000000 ) ) ;
#1217 = COLOUR_RGB ( '',0.8705882352941176627, 0.9098039215686274384, 1.000000000000000000 ) ;
#1218 = AXIS2_PLACEMENT_3D ( 'NONE', #107, #750, #2005 ) ;
#1219 = ORIENTED_EDGE ( 'NONE', *, *, #198, .F. ) ;
#1220 = CARTESIAN_POINT ( 'NONE',  ( 0.3432232337158822588, -0.5987368872736608116, -0.001263112726338685640 ) ) ;
#1221 = CARTESIAN_POINT ( 'NONE',  ( 0.9674999999999998046, 0.5200000000000000178, -0.03250000000000000111 ) ) ;
#1222 = ORIENTED_EDGE ( 'NONE', *, *, #1875, .T. ) ;
#1223 = MECHANICAL_DESIGN_GEOMETRIC_PRESENTATION_REPRESENTATION (  '', ( #587 ), #756 ) ;
#1224 = CARTESIAN_POINT ( 'NONE',  ( 0.3527490570365625078, -0.5999999999999998668, -4.006871237164904253E-15 ) ) ;
#1225 = CIRCLE ( 'NONE', #928, 0.04750000000000001443 ) ;
#1226 = APPLICATION_PROTOCOL_DEFINITION ( 'draft international standard', 'automotive_design', 1998, #1570 ) ;
#1227 = ORIENTED_EDGE ( 'NONE', *, *, #1381, .F. ) ;
#1228 = EDGE_CURVE ( 'NONE', #345, #72, #747, .T. ) ;
#1229 = DIRECTION ( 'NONE',  ( 0.000000000000000000, 1.000000000000000000, 0.000000000000000000 ) ) ;
#1230 = LINE ( 'NONE', #1376, #503 ) ;
#1231 = ORIENTED_EDGE ( 'NONE', *, *, #526, .T. ) ;
#1232 = DIRECTION ( 'NONE',  ( -1.432866307249565381E-16, 1.000000000000000000, -0.000000000000000000 ) ) ;
#1233 = CARTESIAN_POINT ( 'NONE',  ( 0.9199999999999998179, -0.5999999999999998668, 0.5934999999999999165 ) ) ;
#1234 = ORIENTED_EDGE ( 'NONE', *, *, #2036, .T. ) ;
#1235 = CARTESIAN_POINT ( 'NONE',  ( 0.9759999999999996456, 0.5200000000000000178, 0.6175000000000000488 ) ) ;
#1236 = ORIENTED_EDGE ( 'NONE', *, *, #600, .T. ) ;
#1237 = CARTESIAN_POINT ( 'NONE',  ( -0.9200000000000002620, 0.6000000000000000888, 4.336808689942017736E-16 ) ) ;
#1238 = EDGE_CURVE ( 'NONE', #1501, #1792, #1274, .T. ) ;
#1239 = PLANE ( 'NONE',  #634 ) ;
#1240 = ORIENTED_EDGE ( 'NONE', *, *, #1123, .F. ) ;
#1241 = EDGE_CURVE ( 'NONE', #1049, #1501, #753, .T. ) ;
#1242 = FACE_OUTER_BOUND ( 'NONE', #204, .T. ) ;
#1243 = CARTESIAN_POINT ( 'NONE',  ( -0.3633232280793690649, -0.5999999999999998668, 4.288893270670664066E-16 ) ) ;
#1244 = VERTEX_POINT ( 'NONE', #264 ) ;
#1245 = DIRECTION ( 'NONE',  ( 1.000000000000000000, 0.000000000000000000, 0.000000000000000000 ) ) ;
#1246 = AXIS2_PLACEMENT_3D ( 'NONE', #392, #1033, #403 ) ;
#1247 = DIRECTION ( 'NONE',  ( 0.000000000000000000, 0.000000000000000000, -1.000000000000000000 ) ) ;
#1248 = DIRECTION ( 'NONE',  ( 0.000000000000000000, -0.000000000000000000, 1.000000000000000000 ) ) ;
#1249 = CIRCLE ( 'NONE', #1283, 0.04750000000000001443 ) ;
#1250 = CARTESIAN_POINT ( 'NONE',  ( 0.3278822842965907758, 0.5950719983837819971, -0.004928001616217665866 ) ) ;
#1251 = DIRECTION ( 'NONE',  ( 1.000000000000000000, -1.417257741811117296E-16, -0.000000000000000000 ) ) ;
#1252 = EDGE_LOOP ( 'NONE', ( #58, #1869, #699, #1514 ) ) ;
#1253 = ADVANCED_FACE ( 'NONE', ( #1898 ), #1451, .T. ) ;
#1254 = UNCERTAINTY_MEASURE_WITH_UNIT (LENGTH_MEASURE( 1.000000000000000082E-05 ), #1042, 'distance_accuracy_value', 'NONE');
#1255 = CARTESIAN_POINT ( 'NONE',  ( -0.3150000000000006128, -0.5199999999999997957, 0.000000000000000000 ) ) ;
#1256 = APPLICATION_PROTOCOL_DEFINITION ( 'draft international standard', 'automotive_design', 1998, #283 ) ;
#1257 = CIRCLE ( 'NONE', #13, 0.04750000000000001443 ) ;
#1258 = DIRECTION ( 'NONE',  ( 0.000000000000000000, 0.000000000000000000, -1.000000000000000000 ) ) ;
#1259 = LINE ( 'NONE', #1902, #1477 ) ;
#1260 = CARTESIAN_POINT ( 'NONE',  ( -0.3150000000000006128, -0.5199999999999997957, -0.009519029611437286251 ) ) ;
#1261 = DIRECTION ( 'NONE',  ( 1.000000000000000000, 0.000000000000000000, 0.000000000000000000 ) ) ;
#1262 = ORIENTED_EDGE ( 'NONE', *, *, #570, .T. ) ;
#1263 = EDGE_CURVE ( 'NONE', #579, #1159, #956, .T. ) ;
#1264 = DIRECTION ( 'NONE',  ( 0.7071067811865499042, -1.277744513902816466E-16, -0.7071067811865452413 ) ) ;
#1265 = CARTESIAN_POINT ( 'NONE',  ( 0.3149999999999997247, -0.5199999999999997957, 0.000000000000000000 ) ) ;
#1266 = CARTESIAN_POINT ( 'NONE',  ( -0.9675000000000002487, 0.5200000000000000178, 0.000000000000000000 ) ) ;
#1267 = LINE ( 'NONE', #1102, #607 ) ;
#1268 = CARTESIAN_POINT ( 'NONE',  ( -0.9675000000000003597, 1.748276003132876639E-16, 0.000000000000000000 ) ) ;
#1269 = CARTESIAN_POINT ( 'NONE',  ( 0.9199999999999998179, -0.5999999999999998668, 0.6175000000000000488 ) ) ;
#1270 = ORIENTED_EDGE ( 'NONE', *, *, #1863, .F. ) ;
#1271 = CYLINDRICAL_SURFACE ( 'NONE', #893, 0.07999999999999998779 ) ;
#1272 = DIRECTION ( 'NONE',  ( 0.7071067811865474617, 0.000000000000000000, 0.7071067811865474617 ) ) ;
#1273 = VERTEX_POINT ( 'NONE', #421 ) ;
#1274 = B_SPLINE_CURVE_WITH_KNOTS ( 'NONE', 3,
 ( #621, #1096, #1106, #585, #787, #1224, #295 ),
 .UNSPECIFIED., .F., .F.,
 ( 4, 3, 4 ),
 ( 5.424094941768144888E-20, 6.503706368654625159E-05, 9.655990386632605906E-05 ),
 .UNSPECIFIED. ) ;
#1275 = EDGE_CURVE ( 'NONE', #1485, #743, #596, .T. ) ;
#1276 = EDGE_CURVE ( 'NONE', #1913, #702, #1715, .T. ) ;
#1277 = VECTOR ( 'NONE', #71, 1000.000000000000000 ) ;
#1278 = PRESENTATION_STYLE_ASSIGNMENT (( #1322 ) ) ;
#1279 = FACE_OUTER_BOUND ( 'NONE', #1353, .T. ) ;
#1280 = AXIS2_PLACEMENT_3D ( 'NONE', #1391, #921, #1730 ) ;
#1281 = CARTESIAN_POINT ( 'NONE',  ( 0.3149999999999997247, -0.5904809703885622874, -0.009519029611437253291 ) ) ;
#1282 = CIRCLE ( 'NONE', #367, 0.05599999999999984157 ) ;
#1283 = AXIS2_PLACEMENT_3D ( 'NONE', #815, #23, #1598 ) ;
#1284 = ORIENTED_EDGE ( 'NONE', *, *, #1949, .F. ) ;
#1285 = AXIS2_PLACEMENT_3D ( 'NONE', #2066, #187, #833 ) ;
#1286 = PLANE ( 'NONE',  #960 ) ;
#1287 = DIRECTION ( 'NONE',  ( -0.000000000000000000, 0.000000000000000000, 1.000000000000000000 ) ) ;
#1288 = ORIENTED_EDGE ( 'NONE', *, *, #669, .T. ) ;
#1289 = VECTOR ( 'NONE', #2038, 1000.000000000000114 ) ;
#1290 = EDGE_CURVE ( 'NONE', #1044, #1159, #1405, .T. ) ;
#1291 = DIRECTION ( 'NONE',  ( 1.000000000000000000, -1.417257741811117296E-16, -0.000000000000000000 ) ) ;
#1292 = ORIENTED_EDGE ( 'NONE', *, *, #487, .T. ) ;
#1293 = AXIS2_PLACEMENT_3D ( 'NONE', #2050, #618, #1261 ) ;
#1294 = CARTESIAN_POINT ( 'NONE',  ( 0.3155808760758918585, -0.5907107719824041814, -0.009289228017595362735 ) ) ;
#1295 = CARTESIAN_POINT ( 'NONE',  ( -0.2675000000000006817, 4.833734685664554571E-17, -0.03250000000000000111 ) ) ;
#1296 = DIRECTION ( 'NONE',  ( 1.000000000000000000, 0.000000000000000000, 0.000000000000000000 ) ) ;
#1297 = ORIENTED_EDGE ( 'NONE', *, *, #1135, .T. ) ;
#1298 = DIRECTION ( 'NONE',  ( 1.000000000000000000, 0.000000000000000000, 0.000000000000000000 ) ) ;
#1299 = DIRECTION ( 'NONE',  ( 0.000000000000000000, 1.000000000000000000, 0.000000000000000000 ) ) ;
#1300 = ADVANCED_FACE ( 'NONE', ( #935 ), #1211, .F. ) ;
#1301 = PLANE ( 'NONE',  #589 ) ;
#1302 = ORIENTED_EDGE ( 'NONE', *, *, #1569, .T. ) ;
#1303 = ADVANCED_FACE ( 'NONE', ( #353 ), #885, .T. ) ;
#1304 = CARTESIAN_POINT ( 'NONE',  ( 0.3499999999999999223, 0.5674999999999998934, 0.03250000000000000111 ) ) ;
#1305 = CARTESIAN_POINT ( 'NONE',  ( -0.3150000000000003908, 0.5199999999999999067, -0.03250000000000000111 ) ) ;
#1306 = ORIENTED_EDGE ( 'NONE', *, *, #599, .F. ) ;
#1307 =( NAMED_UNIT ( * ) SI_UNIT ( $, .STERADIAN. ) SOLID_ANGLE_UNIT ( ) );
#1308 = CARTESIAN_POINT ( 'NONE',  ( -0.2666767719018399707, -0.5999999999999998668, 0.000000000000000000 ) ) ;
#1309 = CIRCLE ( 'NONE', #670, 0.04750000000000001443 ) ;
#1310 = CARTESIAN_POINT ( 'NONE',  ( 0.9759999999999996456, 0.5200000000000000178, 0.6175000000000000488 ) ) ;
#1311 = ORIENTED_EDGE ( 'NONE', *, *, #1891, .F. ) ;
#1312 = VECTOR ( 'NONE', #246, 1000.000000000000114 ) ;
#1313 = VECTOR ( 'NONE', #81, 1000.000000000000000 ) ;
#1314 = CIRCLE ( 'NONE', #1011, 0.07048097038856235286 ) ;
#1315 = PRODUCT_RELATED_PRODUCT_CATEGORY ( 'part', '', ( #2046 ) ) ;
#1316 = EDGE_CURVE ( 'NONE', #1070, #241, #1149, .T. ) ;
#1317 = CARTESIAN_POINT ( 'NONE',  ( 0.3149999999999997247, -0.5199999999999997957, -0.03250000000000000111 ) ) ;
#1318 = ORIENTED_EDGE ( 'NONE', *, *, #1683, .F. ) ;
#1319 = AXIS2_PLACEMENT_3D ( 'NONE', #742, #766, #1065 ) ;
#1320 =( GEOMETRIC_REPRESENTATION_CONTEXT ( 3 ) GLOBAL_UNCERTAINTY_ASSIGNED_CONTEXT ( ( #1254 ) ) GLOBAL_UNIT_ASSIGNED_CONTEXT ( ( #1042, #46, #1959 ) ) REPRESENTATION_CONTEXT ( 'NONE', 'WORKASPACE' ) );
#1321 = ADVANCED_BREP_SHAPE_REPRESENTATION ( '', ( #280, #444 ), #1351 ) ;
#1322 = SURFACE_STYLE_USAGE ( .BOTH. , #676 ) ;
#1323 = AXIS2_PLACEMENT_3D ( 'NONE', #848, #1357, #1657 ) ;
#1324 = DIRECTION ( 'NONE',  ( -0.000000000000000000, 0.000000000000000000, 1.000000000000000000 ) ) ;
#1325 = ORIENTED_EDGE ( 'NONE', *, *, #1160, .T. ) ;
#1326 = CONICAL_SURFACE ( 'NONE', #792, 0.04749999999999979933, 0.7853981633974452814 ) ;
#1327 = CARTESIAN_POINT ( 'NONE',  ( -0.9200000000000000400, -0.5199999999999997957, 0.6175000000000000488 ) ) ;
#1328 = DIRECTION ( 'NONE',  ( -0.7071067811865501263, -1.277744513902816466E-16, -0.7071067811865449082 ) ) ;
#1329 = ORIENTED_EDGE ( 'NONE', *, *, #199, .F. ) ;
#1330 = EDGE_CURVE ( 'NONE', #1638, #351, #1249, .T. ) ;
#1331 = ORIENTED_EDGE ( 'NONE', *, *, #883, .F. ) ;
#1332 = CYLINDRICAL_SURFACE ( 'NONE', #705, 0.04750000000000001443 ) ;
#1333 = CARTESIAN_POINT ( 'NONE',  ( 0.3025000000000001021, -0.5675000000000001155, 0.03250000000000000111 ) ) ;
#1334 = ORIENTED_EDGE ( 'NONE', *, *, #659, .F. ) ;
#1335 = CARTESIAN_POINT ( 'NONE',  ( -0.3416442068506497787, -0.5999999999999998668, -3.350590354115866111E-12 ) ) ;
#1336 = CARTESIAN_POINT ( 'NONE',  ( 0.3149999999999997247, -0.5199999999999997957, -0.03250000000000000111 ) ) ;
#1337 = ORIENTED_EDGE ( 'NONE', *, *, #441, .T. ) ;
#1338 =( NAMED_UNIT ( * ) PLANE_ANGLE_UNIT ( ) SI_UNIT ( $, .RADIAN. ) );
#1339 = EDGE_LOOP ( 'NONE', ( #1067, #1198, #1311, #1979 ) ) ;
#1340 = EDGE_CURVE ( 'NONE', #241, #157, #1764, .T. ) ;
#1341 = FACE_OUTER_BOUND ( 'NONE', #215, .T. ) ;
#1342 = DIRECTION ( 'NONE',  ( -0.7071067811865449082, 0.000000000000000000, 0.7071067811865501263 ) ) ;
#1343 = EDGE_LOOP ( 'NONE', ( #1968, #1850, #1635, #1134, #984 ) ) ;
#1344 = PRESENTATION_LAYER_ASSIGNMENT (  '', '', ( #1711 ) ) ;
#1345 = CARTESIAN_POINT ( 'NONE',  ( -0.3500000000000000333, 0.5674999999999998934, 0.000000000000000000 ) ) ;
#1346 = CARTESIAN_POINT ( 'NONE',  ( 0.3024999999999999356, 0.5199999999999997957, 0.000000000000000000 ) ) ;
#1347 = VERTEX_POINT ( 'NONE', #1907 ) ;
#1348 = VECTOR ( 'NONE', #557, 1000.000000000000114 ) ;
#1349 = CARTESIAN_POINT ( 'NONE',  ( 0.3416442068506491125, 0.6000000000000000888, -3.350590354115866111E-12 ) ) ;
#1350 = AXIS2_PLACEMENT_3D ( 'NONE', #2056, #443, #1075 ) ;
#1351 =( GEOMETRIC_REPRESENTATION_CONTEXT ( 3 ) GLOBAL_UNCERTAINTY_ASSIGNED_CONTEXT ( ( #752 ) ) GLOBAL_UNIT_ASSIGNED_CONTEXT ( ( #665, #1919, #1307 ) ) REPRESENTATION_CONTEXT ( 'NONE', 'WORKASPACE' ) );
#1352 = AXIS2_PLACEMENT_3D ( 'NONE', #1036, #230, #1359 ) ;
#1353 = EDGE_LOOP ( 'NONE', ( #868, #1061, #1765, #1664, #255 ) ) ;
#1354 = CARTESIAN_POINT ( 'NONE',  ( 0.9999999999999997780, 0.5200000000000000178, 0.5934999999999999165 ) ) ;
#1355 = EDGE_CURVE ( 'NONE', #64, #173, #1314, .T. ) ;
#1356 = CARTESIAN_POINT ( 'NONE',  ( 0.9199999999999998179, 0.6000000000000000888, 4.336808689942019708E-16 ) ) ;
#1357 = DIRECTION ( 'NONE',  ( 0.000000000000000000, 0.000000000000000000, 1.000000000000000000 ) ) ;
#1358 = CIRCLE ( 'NONE', #927, 0.07048097038856235286 ) ;
#1359 = DIRECTION ( 'NONE',  ( -1.000000000000000000, 9.035018104045875625E-17, 0.000000000000000000 ) ) ;
#1360 = ORIENTED_EDGE ( 'NONE', *, *, #2054, .T. ) ;
#1361 = CIRCLE ( 'NONE', #1591, 0.09346194077712523252 ) ;
#1362 = CARTESIAN_POINT ( 'NONE',  ( 0.3149999999999997247, -0.5199999999999997957, -0.03250000000000000111 ) ) ;
#1363 = ORIENTED_EDGE ( 'NONE', *, *, #924, .T. ) ;
#1364 = DIRECTION ( 'NONE',  ( 0.000000000000000000, 0.000000000000000000, 1.000000000000000000 ) ) ;
#1365 = FACE_OUTER_BOUND ( 'NONE', #1138, .T. ) ;
#1366 = ORIENTED_EDGE ( 'NONE', *, *, #1495, .F. ) ;
#1367 = CARTESIAN_POINT ( 'NONE',  ( 0.3533274752859485446, -0.5999999999999960920, -3.364206593037649052E-15 ) ) ;
#1368 = DIRECTION ( 'NONE',  ( 1.000000000000000000, 0.000000000000000000, 0.000000000000000000 ) ) ;
#1369 = VERTEX_POINT ( 'NONE', #663 ) ;
#1370 = PRODUCT_DEFINITION ( 'UNKNOWN', '', #2049, #1651 ) ;
#1371 = EDGE_CURVE ( 'NONE', #714, #1992, #1780, .T. ) ;
#1372 = DIRECTION ( 'NONE',  ( 0.000000000000000000, -0.000000000000000000, 1.000000000000000000 ) ) ;
#1373 = CARTESIAN_POINT ( 'NONE',  ( 1.562073152955963066E-16, -1.084202172485504434E-16, 0.03250000000000000111 ) ) ;
#1374 = ORIENTED_EDGE ( 'NONE', *, *, #225, .T. ) ;
#1375 = DIRECTION ( 'NONE',  ( 1.000000000000000000, 0.000000000000000000, 0.000000000000000000 ) ) ;
#1376 = CARTESIAN_POINT ( 'NONE',  ( 0.9199999999999998179, -0.5759999999999997344, 0.6175000000000000488 ) ) ;
#1377 = ORIENTED_EDGE ( 'NONE', *, *, #1863, .T. ) ;
#1378 = CARTESIAN_POINT ( 'NONE',  ( 0.9199999999999998179, -0.5759999999999997344, 0.6175000000000000488 ) ) ;
#1379 = CARTESIAN_POINT ( 'NONE',  ( 0.3499999999999999223, 0.5199999999999997957, 0.03250000000000000111 ) ) ;
#1380 = ORIENTED_EDGE ( 'NONE', *, *, #845, .F. ) ;
#1381 = EDGE_CURVE ( 'NONE', #1244, #702, #1783, .T. ) ;
#1382 = PLANE ( 'NONE',  #1176 ) ;
#1383 = APPLICATION_PROTOCOL_DEFINITION ( 'draft international standard', 'automotive_design', 1998, #758 ) ;
#1384 = AXIS2_PLACEMENT_3D ( 'NONE', #991, #671, #1629 ) ;
#1385 = ORIENTED_EDGE ( 'NONE', *, *, #1949, .T. ) ;
#1386 = AXIS2_PLACEMENT_3D ( 'NONE', #1117, #164, #1444 ) ;
#1387 = CARTESIAN_POINT ( 'NONE',  ( -1.000000000000000000, -0.5999999999999998668, 0.6175000000000000488 ) ) ;
#1388 = CARTESIAN_POINT ( 'NONE',  ( 0.9999999999999997780, -0.5199999999999997957, 4.336808689942019708E-16 ) ) ;
#1389 = ORIENTED_EDGE ( 'NONE', *, *, #1864, .F. ) ;
#1390 = LINE ( 'NONE', #85, #829 ) ;
#1391 = CARTESIAN_POINT ( 'NONE',  ( 0.000000000000000000, -0.5674999999999996714, -0.03250000000000000111 ) ) ;
#1392 = EDGE_LOOP ( 'NONE', ( #1761, #1292, #149, #389 ) ) ;
#1393 = CARTESIAN_POINT ( 'NONE',  ( -1.000000000000000000, -0.5999999999999998668, 0.000000000000000000 ) ) ;
#1394 = VECTOR ( 'NONE', #1232, 1000.000000000000000 ) ;
#1395 = ADVANCED_FACE ( 'NONE', ( #1926 ), #324, .T. ) ;
#1396 = CONTEXT_DEPENDENT_SHAPE_REPRESENTATION ( #1818, #1013 ) ;
#1397 = ORIENTED_EDGE ( 'NONE', *, *, #1632, .F. ) ;
#1398 = ADVANCED_FACE ( 'NONE', ( #798 ), #335, .F. ) ;
#1399 = DIRECTION ( 'NONE',  ( 1.000000000000000000, 0.000000000000000000, 0.000000000000000000 ) ) ;
#1400 = LINE ( 'NONE', #906, #1205 ) ;
#1401 = ORIENTED_EDGE ( 'NONE', *, *, #1971, .T. ) ;
#1402 = CARTESIAN_POINT ( 'NONE',  ( 0.9674999999999995826, -0.5199999999999997957, 0.000000000000000000 ) ) ;
#1403 = DIRECTION ( 'NONE',  ( -0.000000000000000000, -0.000000000000000000, 1.000000000000000000 ) ) ;
#1404 = VERTEX_POINT ( 'NONE', #975 ) ;
#1405 = LINE ( 'NONE', #2034, #1646 ) ;
#1406 = B_SPLINE_CURVE_WITH_KNOTS ( 'NONE', 3,
 ( #1054, #1349, #994, #1837, #1029, #388, #1929 ),
 .UNSPECIFIED., .F., .F.,
 ( 4, 3, 4 ),
 ( 0.000000000000000000, 6.503706368615784971E-05, 9.655990384749395521E-05 ),
 .UNSPECIFIED. ) ;
#1407 = LINE ( 'NONE', #1266, #7 ) ;
#1408 = EDGE_CURVE ( 'NONE', #157, #1624, #1746, .T. ) ;
#1409 = DIRECTION ( 'NONE',  ( 1.000000000000000000, 0.000000000000000000, 0.000000000000000000 ) ) ;
#1410 = CARTESIAN_POINT ( 'NONE',  ( 0.2674999999999999600, -0.5199999999999997957, -0.03250000000000000111 ) ) ;
#1411 = LINE ( 'NONE', #1554, #1952 ) ;
#1412 = CARTESIAN_POINT ( 'NONE',  ( -0.3024999999999998801, -0.5675000000000001155, 0.000000000000000000 ) ) ;
#1413 = ORIENTED_EDGE ( 'NONE', *, *, #669, .F. ) ;
#1414 = AXIS2_PLACEMENT_3D ( 'NONE', #166, #2067, #632 ) ;
#1415 = DIRECTION ( 'NONE',  ( 0.000000000000000000, 0.000000000000000000, -1.000000000000000000 ) ) ;
#1416 = VECTOR ( 'NONE', #210, 1000.000000000000114 ) ;
#1417 = CARTESIAN_POINT ( 'NONE',  ( 0.9199999999999998179, 0.6000000000000000888, 0.5934999999999999165 ) ) ;
#1418 = DIRECTION ( 'NONE',  ( -1.807003620809174139E-16, -1.000000000000000000, 0.000000000000000000 ) ) ;
#1419 = CARTESIAN_POINT ( 'NONE',  ( 0.3149999999999997247, -0.5904809703885622874, -0.009519029611437253291 ) ) ;
#1420 = AXIS2_PLACEMENT_3D ( 'NONE', #1742, #1859, #304 ) ;
#1421 = EDGE_CURVE ( 'NONE', #1118, #714, #2064, .T. ) ;
#1422 = DIRECTION ( 'NONE',  ( -1.000000000000000000, 0.000000000000000000, 0.000000000000000000 ) ) ;
#1423 = ORIENTED_EDGE ( 'NONE', *, *, #1948, .T. ) ;
#1424 = DIRECTION ( 'NONE',  ( -1.000000000000000000, 0.000000000000000000, 0.000000000000000000 ) ) ;
#1425 = VECTOR ( 'NONE', #1443, 1000.000000000000000 ) ;
#1426 = CONTEXT_DEPENDENT_SHAPE_REPRESENTATION ( #1675, #390 ) ;
#1427 = AXIS2_PLACEMENT_3D ( 'NONE', #1763, #1925, #1771 ) ;
#1428 = CYLINDRICAL_SURFACE ( 'NONE', #817, 0.04750000000000001443 ) ;
#1429 =( NAMED_UNIT ( * ) PLANE_ANGLE_UNIT ( ) SI_UNIT ( $, .RADIAN. ) );
#1430 = ORIENTED_EDGE ( 'NONE', *, *, #586, .T. ) ;
#1431 = CARTESIAN_POINT ( 'NONE',  ( -0.3500000000000000333, 0.5674999999999998934, 0.000000000000000000 ) ) ;
#1432 = ORIENTED_EDGE ( 'NONE', *, *, #695, .F. ) ;
#1433 = CARTESIAN_POINT ( 'NONE',  ( 0.9199999999999998179, -0.5199999999999997957, 4.336808689942017736E-16 ) ) ;
#1434 = PRODUCT_DEFINITION ( 'UNKNOWN', '', #1153, #1712 ) ;
#1435 = EDGE_CURVE ( 'NONE', #566, #1347, #146, .T. ) ;
#1436 = DIRECTION ( 'NONE',  ( -1.807003620809174139E-16, 1.000000000000000000, 0.000000000000000000 ) ) ;
#1437 = ORIENTED_EDGE ( 'NONE', *, *, #66, .F. ) ;
#1438 = DIRECTION ( 'NONE',  ( -0.000000000000000000, 0.000000000000000000, 1.000000000000000000 ) ) ;
#1439 = LINE ( 'NONE', #1758, #879 ) ;
#1440 = DIRECTION ( 'NONE',  ( 1.000000000000000000, 0.000000000000000000, 0.000000000000000000 ) ) ;
#1441 = DIRECTION ( 'NONE',  ( 1.000000000000000000, 0.000000000000000000, 0.000000000000000000 ) ) ;
#1442 = VERTEX_POINT ( 'NONE', #628 ) ;
#1443 = DIRECTION ( 'NONE',  ( 0.000000000000000000, 0.000000000000000000, 1.000000000000000000 ) ) ;
#1444 = DIRECTION ( 'NONE',  ( 1.000000000000000000, 0.000000000000000000, 0.000000000000000000 ) ) ;
#1445 = ORIENTED_EDGE ( 'NONE', *, *, #1608, .T. ) ;
#1446 = EDGE_CURVE ( 'NONE', #1671, #597, #1847, .T. ) ;
#1447 = VECTOR ( 'NONE', #83, 1000.000000000000000 ) ;
#1448 =( NAMED_UNIT ( * ) PLANE_ANGLE_UNIT ( ) SI_UNIT ( $, .RADIAN. ) );
#1449 = SURFACE_SIDE_STYLE ('',( #1579 ) ) ;
#1450 = DIRECTION ( 'NONE',  ( -0.000000000000000000, 0.000000000000000000, 1.000000000000000000 ) ) ;
#1451 = CONICAL_SURFACE ( 'NONE', #1420, 0.04749999999999979933, 0.7853981633974452814 ) ;
#1452 = ORIENTED_EDGE ( 'NONE', *, *, #297, .F. ) ;
#1453 = FACE_OUTER_BOUND ( 'NONE', #1113, .T. ) ;
#1454 = CARTESIAN_POINT ( 'NONE',  ( 0.9199999999999998179, -0.5199999999999997957, 0.5934999999999999165 ) ) ;
#1455 = ORIENTED_EDGE ( 'NONE', *, *, #1421, .F. ) ;
#1456 = B_SPLINE_CURVE_WITH_KNOTS ( 'NONE', 3,
 ( #522, #1955, #1799, #270, #1867, #1729, #567, #603, #610, #763 ),
 .UNSPECIFIED., .F., .F.,
 ( 4, 3, 3, 4 ),
 ( 0.000000000000000000, 2.998725843649735701E-05, 4.841842143354559570E-05, 5.041524667514187181E-05 ),
 .UNSPECIFIED. ) ;
#1457 = EDGE_CURVE ( 'NONE', #1244, #228, #1753, .T. ) ;
#1458 = CARTESIAN_POINT ( 'NONE',  ( -0.9200000000000000400, -0.5999999999999998668, 0.5934999999999999165 ) ) ;
#1459 = VECTOR ( 'NONE', #1903, 1000.000000000000114 ) ;
#1460 = CARTESIAN_POINT ( 'NONE',  ( -0.3633232280793690649, -0.5999999999999998668, 4.288893270670664066E-16 ) ) ;
#1461 = EDGE_CURVE ( 'NONE', #1866, #1671, #839, .T. ) ;
#1462 = CARTESIAN_POINT ( 'NONE',  ( -0.2675000000000004596, 4.833734685664550873E-17, 0.000000000000000000 ) ) ;
#1463 = DIRECTION ( 'NONE',  ( 1.000000000000000000, 0.000000000000000000, 0.000000000000000000 ) ) ;
#1464 = EDGE_LOOP ( 'NONE', ( #1739, #2020, #1599, #1966 ) ) ;
#1465 = DIRECTION ( 'NONE',  ( 0.000000000000000000, -0.000000000000000000, 1.000000000000000000 ) ) ;
#1466 = DIRECTION ( 'NONE',  ( -0.000000000000000000, 0.000000000000000000, 1.000000000000000000 ) ) ;
#1467 = ORIENTED_EDGE ( 'NONE', *, *, #1806, .F. ) ;
#1468 = DIRECTION ( 'NONE',  ( -1.000000000000000000, 0.000000000000000000, 0.000000000000000000 ) ) ;
#1469 = LINE ( 'NONE', #242, #207 ) ;
#1470 = ADVANCED_FACE ( 'NONE', ( #1158 ), #445, .T. ) ;
#1471 = EDGE_CURVE ( 'NONE', #305, #228, #818, .T. ) ;
#1472 = DIRECTION ( 'NONE',  ( 0.000000000000000000, 0.000000000000000000, -1.000000000000000000 ) ) ;
#1473 = EDGE_LOOP ( 'NONE', ( #746, #855, #1498, #765 ) ) ;
#1474 = LINE ( 'NONE', #1782, #1488 ) ;
#1475 = CARTESIAN_POINT ( 'NONE',  ( -0.3024999999999998801, -0.5675000000000001155, 0.03250000000000000111 ) ) ;
#1476 = ORIENTED_EDGE ( 'NONE', *, *, #630, .F. ) ;
#1477 = VECTOR ( 'NONE', #948, 1000.000000000000000 ) ;
#1478 = CARTESIAN_POINT ( 'NONE',  ( -0.2215380592228751722, 0.5200000000000000178, 0.000000000000000000 ) ) ;
#1479 = ORIENTED_EDGE ( 'NONE', *, *, #985, .T. ) ;
#1480 = ADVANCED_FACE ( 'NONE', ( #1965 ), #1026, .T. ) ;
#1481 = CONICAL_SURFACE ( 'NONE', #1975, 0.04749999999999979933, 0.7853981633974452814 ) ;
#1482 = VECTOR ( 'NONE', #1190, 1000.000000000000000 ) ;
#1483 = DIRECTION ( 'NONE',  ( -0.000000000000000000, 0.000000000000000000, 1.000000000000000000 ) ) ;
#1484 = PLANE ( 'NONE',  #881 ) ;
#1485 = VERTEX_POINT ( 'NONE', #1165 ) ;
#1486 = MECHANICAL_DESIGN_GEOMETRIC_PRESENTATION_REPRESENTATION (  '', ( #958 ), #1320 ) ;
#1487 = EDGE_LOOP ( 'NONE', ( #234, #87, #1331, #1476 ) ) ;
#1488 = VECTOR ( 'NONE', #1897, 1000.000000000000000 ) ;
#1489 = DIRECTION ( 'NONE',  ( 1.807003620809174139E-16, -1.000000000000000000, 0.000000000000000000 ) ) ;
#1490 = DIRECTION ( 'NONE',  ( -0.000000000000000000, -0.000000000000000000, 1.000000000000000000 ) ) ;
#1491 = ORIENTED_EDGE ( 'NONE', *, *, #869, .T. ) ;
#1492 = TOROIDAL_SURFACE ( 'NONE', #1293, 0.09346194077712523252, 0.03250000000000000111 ) ;
#1493 = LINE ( 'NONE', #693, #1348 ) ;
#1494 = EDGE_LOOP ( 'NONE', ( #1031, #1627, #860, #629 ) ) ;
#1495 = EDGE_CURVE ( 'NONE', #192, #579, #954, .T. ) ;
#1496 = EDGE_CURVE ( 'NONE', #1792, #992, #360, .T. ) ;
#1497 = DIRECTION ( 'NONE',  ( 1.000000000000000000, 0.000000000000000000, 0.000000000000000000 ) ) ;
#1498 = ORIENTED_EDGE ( 'NONE', *, *, #1772, .F. ) ;
#1499 = DIRECTION ( 'NONE',  ( 0.000000000000000000, 0.000000000000000000, -1.000000000000000000 ) ) ;
#1500 = LINE ( 'NONE', #854, #1006 ) ;
#1501 = VERTEX_POINT ( 'NONE', #531 ) ;
#1502 = DIRECTION ( 'NONE',  ( 0.000000000000000000, 0.000000000000000000, 1.000000000000000000 ) ) ;
#1503 = CARTESIAN_POINT ( 'NONE',  ( -0.9200000000000002620, 0.6000000000000000888, 0.5934999999999999165 ) ) ;
#1504 = ORIENTED_EDGE ( 'NONE', *, *, #1747, .T. ) ;
#1505 = APPLICATION_CONTEXT ( 'automotive_design' ) ;
#1506 = CARTESIAN_POINT ( 'NONE',  ( -0.3316767719018396954, 0.6000000000000000888, -0.002195370804185924757 ) ) ;
#1507 = ADVANCED_FACE ( 'NONE', ( #867 ), #1666, .F. ) ;
#1508 = ORIENTED_EDGE ( 'NONE', *, *, #1958, .F. ) ;
#1509 = FACE_OUTER_BOUND ( 'NONE', #907, .T. ) ;
#1510 = CARTESIAN_POINT ( 'NONE',  ( 0.9199999999999998179, 0.6000000000000000888, 0.5934999999999999165 ) ) ;
#1511 = ORIENTED_EDGE ( 'NONE', *, *, #1371, .T. ) ;
#1512 = FACE_OUTER_BOUND ( 'NONE', #918, .T. ) ;
#1513 = CARTESIAN_POINT ( 'NONE',  ( -0.3150000000000006128, -0.5199999999999997957, 0.000000000000000000 ) ) ;
#1514 = ORIENTED_EDGE ( 'NONE', *, *, #1864, .T. ) ;
#1515 = LINE ( 'NONE', #197, #205 ) ;
#1516 = AXIS2_PLACEMENT_3D ( 'NONE', #374, #1811, #1833 ) ;
#1517 = EDGE_CURVE ( 'NONE', #1973, #773, #178, .T. ) ;
#1518 = VERTEX_POINT ( 'NONE', #1503 ) ;
#1519 = CARTESIAN_POINT ( 'NONE',  ( 0.000000000000000000, -0.5674999999999998934, -0.03250000000000000111 ) ) ;
#1520 = EDGE_CURVE ( 'NONE', #1404, #2065, #1214, .T. ) ;
#1521 = LINE ( 'NONE', #1853, #34 ) ;
#1522 = ORIENTED_EDGE ( 'NONE', *, *, #985, .F. ) ;
#1523 = AXIS2_PLACEMENT_3D ( 'NONE', #1433, #1752, #182 ) ;
#1524 = CARTESIAN_POINT ( 'NONE',  ( 0.9199999999999998179, -0.5999999999999998668, 4.288893270670664066E-16 ) ) ;
#1525 = ORIENTED_EDGE ( 'NONE', *, *, #2036, .F. ) ;
#1526 = CARTESIAN_POINT ( 'NONE',  ( -0.3150000000000003908, 0.5199999999999999067, 0.000000000000000000 ) ) ;
#1527 = FILL_AREA_STYLE ('',( #862 ) ) ;
#1528 = ORIENTED_EDGE ( 'NONE', *, *, #946, .T. ) ;
#1529 = FACE_OUTER_BOUND ( 'NONE', #1676, .T. ) ;
#1530 = PLANE ( 'NONE',  #2006 ) ;
#1531 = VERTEX_POINT ( 'NONE', #86 ) ;
#1532 = EDGE_CURVE ( 'NONE', #469, #2012, #1978, .T. ) ;
#1533 = ADVANCED_FACE ( 'NONE', ( #240 ), #386, .F. ) ;
#1534 = CARTESIAN_POINT ( 'NONE',  ( 0.3149999999999999467, 0.5904809703885625094, -0.009519029611437246352 ) ) ;
#1535 = LINE ( 'NONE', #1721, #575 ) ;
#1536 = EDGE_LOOP ( 'NONE', ( #493, #1204, #595, #1803 ) ) ;
#1537 = DIRECTION ( 'NONE',  ( 0.000000000000000000, 0.000000000000000000, 1.000000000000000000 ) ) ;
#1538 = EDGE_LOOP ( 'NONE', ( #981, #524, #1222, #1781 ) ) ;
#1539 = DIRECTION ( 'NONE',  ( 0.000000000000000000, 0.000000000000000000, -1.000000000000000000 ) ) ;
#1540 = DIRECTION ( 'NONE',  ( 0.000000000000000000, -0.7071067811865474617, -0.7071067811865474617 ) ) ;
#1541 = ORIENTED_EDGE ( 'NONE', *, *, #1891, .T. ) ;
#1542 = PLANE ( 'NONE',  #550 ) ;
#1543 = EDGE_CURVE ( 'NONE', #1442, #90, #1493, .T. ) ;
#1544 = PLANE ( 'NONE',  #1218 ) ;
#1545 = ORIENTED_EDGE ( 'NONE', *, *, #347, .T. ) ;
#1546 = VECTOR ( 'NONE', #843, 1000.000000000000000 ) ;
#1547 = CARTESIAN_POINT ( 'NONE',  ( -0.2666767719018397487, 0.6000000000000000888, 0.000000000000000000 ) ) ;
#1548 = AXIS2_PLACEMENT_3D ( 'NONE', #1702, #1870, #462 ) ;
#1549 = ORIENTED_EDGE ( 'NONE', *, *, #947, .F. ) ;
#1550 = LINE ( 'NONE', #114, #785 ) ;
#1551 = CARTESIAN_POINT ( 'NONE',  ( 0.000000000000000000, 0.000000000000000000, 0.03250000000000000111 ) ) ;
#1552 = ORIENTED_EDGE ( 'NONE', *, *, #1276, .T. ) ;
#1553 = AXIS2_PLACEMENT_3D ( 'NONE', #1793, #355, #1497 ) ;
#1554 = CARTESIAN_POINT ( 'NONE',  ( 0.2445190296114374551, -2.209233859323065826E-17, -0.009519029611437296659 ) ) ;
#1555 = LINE ( 'NONE', #764, #2043 ) ;
#1556 = ORIENTED_EDGE ( 'NONE', *, *, #1875, .F. ) ;
#1557 = AXIS2_PLACEMENT_3D ( 'NONE', #779, #1749, #1440 ) ;
#1558 = DIRECTION ( 'NONE',  ( 0.000000000000000000, 0.000000000000000000, 1.000000000000000000 ) ) ;
#1559 = EDGE_CURVE ( 'NONE', #922, #24, #271, .T. ) ;
#1560 = EDGE_CURVE ( 'NONE', #228, #1442, #1018, .T. ) ;
#1561 = DIRECTION ( 'NONE',  ( -1.000000000000000000, 0.000000000000000000, 0.000000000000000000 ) ) ;
#1562 = CARTESIAN_POINT ( 'NONE',  ( -0.3025000000000000466, 0.5199999999999997957, 0.000000000000000000 ) ) ;
#1563 = DIRECTION ( 'NONE',  ( 1.000000000000000000, 0.000000000000000000, 0.000000000000000000 ) ) ;
#1564 = CARTESIAN_POINT ( 'NONE',  ( 0.3167426282276763483, 0.5911703751700884135, -0.008829624829911368253 ) ) ;
#1565 = CARTESIAN_POINT ( 'NONE',  ( 0.3025000000000001021, -0.5675000000000001155, 0.03250000000000000111 ) ) ;
#1566 = ORIENTED_EDGE ( 'NONE', *, *, #1275, .T. ) ;
#1567 = CARTESIAN_POINT ( 'NONE',  ( 0.3024999999999999356, 0.5674999999999998934, 0.03250000000000000111 ) ) ;
#1568 = APPLICATION_PROTOCOL_DEFINITION ( 'draft international standard', 'automotive_design', 1998, #1962 ) ;
#1569 = EDGE_CURVE ( 'NONE', #1163, #1896, #401, .T. ) ;
#1570 = APPLICATION_CONTEXT ( 'automotive_design' ) ;
#1571 = CARTESIAN_POINT ( 'NONE',  ( 0.000000000000000000, -0.5674999999999998934, 0.000000000000000000 ) ) ;
#1572 = DIRECTION ( 'NONE',  ( 0.000000000000000000, -1.000000000000000000, 0.000000000000000000 ) ) ;
#1573 = CARTESIAN_POINT ( 'NONE',  ( 0.3149999999999997247, -0.5674999999999998934, -0.03250000000000000111 ) ) ;
#1574 = CARTESIAN_POINT ( 'NONE',  ( 0.3221771895805139452, -0.5932762282594792325, -0.006723771740520204966 ) ) ;
#1575 = ORIENTED_EDGE ( 'NONE', *, *, #1658, .F. ) ;
#1576 = VECTOR ( 'NONE', #769, 1000.000000000000000 ) ;
#1577 = LINE ( 'NONE', #132, #708 ) ;
#1578 = CARTESIAN_POINT ( 'NONE',  ( -0.9200000000000002620, 0.5200000000000000178, 0.6175000000000000488 ) ) ;
#1579 = SURFACE_STYLE_FILL_AREA ( #5 ) ;
#1580 = ORIENTED_EDGE ( 'NONE', *, *, #834, .T. ) ;
#1581 = VECTOR ( 'NONE', #959, 1000.000000000000000 ) ;
#1582 = AXIS2_PLACEMENT_3D ( 'NONE', #408, #1174, #2000 ) ;
#1583 = ADVANCED_FACE ( 'NONE', ( #717 ), #214, .T. ) ;
#1584 = ADVANCED_FACE ( 'NONE', ( #1678 ), #1845, .F. ) ;
#1585 = DIRECTION ( 'NONE',  ( 0.000000000000000000, 1.000000000000000000, 0.000000000000000000 ) ) ;
#1586 = ORIENTED_EDGE ( 'NONE', *, *, #1621, .T. ) ;
#1587 = PLANE ( 'NONE',  #548 ) ;
#1588 = DIRECTION ( 'NONE',  ( 0.000000000000000000, 0.7071067811865450192, -0.7071067811865501263 ) ) ;
#1589 = ORIENTED_EDGE ( 'NONE', *, *, #1228, .F. ) ;
#1590 = COLOUR_RGB ( '',0.2509803921568627416, 0.2509803921568627416, 0.2509803921568627416 ) ;
#1591 = AXIS2_PLACEMENT_3D ( 'NONE', #1125, #1450, #1463 ) ;
#1592 = LINE ( 'NONE', #1139, #1114 ) ;
#1593 = DIRECTION ( 'NONE',  ( 0.000000000000000000, 0.000000000000000000, 1.000000000000000000 ) ) ;
#1594 = DIRECTION ( 'NONE',  ( -1.000000000000000000, 0.000000000000000000, 0.000000000000000000 ) ) ;
#1595 = CARTESIAN_POINT ( 'NONE',  ( -0.3025000000000000466, 0.5674999999999998934, 0.03250000000000000111 ) ) ;
#1596 = ORIENTED_EDGE ( 'NONE', *, *, #425, .T. ) ;
#1597 = DIRECTION ( 'NONE',  ( 0.000000000000000000, 0.7071067811865449082, 0.7071067811865501263 ) ) ;
#1598 = DIRECTION ( 'NONE',  ( 1.000000000000000000, 0.000000000000000000, 0.000000000000000000 ) ) ;
#1599 = ORIENTED_EDGE ( 'NONE', *, *, #1696, .T. ) ;
#1600 = CARTESIAN_POINT ( 'NONE',  ( 0.9199999999999998179, -0.5999999999999998668, 4.336808689942017736E-16 ) ) ;
#1601 = CARTESIAN_POINT ( 'NONE',  ( -0.9675000000000004707, -0.5199999999999997957, -0.03250000000000000111 ) ) ;
#1602 = DIRECTION ( 'NONE',  ( -0.000000000000000000, 0.000000000000000000, 1.000000000000000000 ) ) ;
#1603 = ORIENTED_EDGE ( 'NONE', *, *, #2016, .F. ) ;
#1604 = ADVANCED_FACE ( 'NONE', ( #1203 ), #1484, .T. ) ;
#1605 = CARTESIAN_POINT ( 'NONE',  ( 0.3149999999999997247, -0.5674999999999998934, 0.000000000000000000 ) ) ;
#1606 = CARTESIAN_POINT ( 'NONE',  ( -0.2675000000000004041, 0.5199999999999999067, -0.03250000000000000111 ) ) ;
#1607 = ORIENTED_EDGE ( 'NONE', *, *, #1028, .T. ) ;
#1608 = EDGE_CURVE ( 'NONE', #1642, #1992, #523, .T. ) ;
#1609 = AXIS2_PLACEMENT_3D ( 'NONE', #327, #2058, #1748 ) ;
#1610 =( LENGTH_UNIT ( ) NAMED_UNIT ( * ) SI_UNIT ( .MILLI., .METRE. ) );
#1611 = DIRECTION ( 'NONE',  ( 0.000000000000000000, -0.000000000000000000, -1.000000000000000000 ) ) ;
#1612 = CIRCLE ( 'NONE', #780, 0.04750000000000001443 ) ;
#1613 = CARTESIAN_POINT ( 'NONE',  ( 0.000000000000000000, 0.5674999999999998934, -0.03250000000000000111 ) ) ;
#1614 = AXIS2_PLACEMENT_3D ( 'NONE', #1695, #1364, #1169 ) ;
#1615 = ORIENTED_EDGE ( 'NONE', *, *, #1290, .F. ) ;
#1616 = PLANE ( 'NONE',  #1156 ) ;
#1617 = DIRECTION ( 'NONE',  ( 1.000000000000000000, 0.000000000000000000, 0.000000000000000000 ) ) ;
#1618 = ORIENTED_EDGE ( 'NONE', *, *, #1762, .T. ) ;
#1619 = AXIS2_PLACEMENT_3D ( 'NONE', #1981, #89, #733 ) ;
#1620 = DIRECTION ( 'NONE',  ( -0.000000000000000000, 0.000000000000000000, 1.000000000000000000 ) ) ;
#1621 = EDGE_CURVE ( 'NONE', #72, #1719, #430, .T. ) ;
#1622 = CARTESIAN_POINT ( 'NONE',  ( 0.9199999999999998179, -0.5199999999999997957, 0.6175000000000000488 ) ) ;
#1623 = CARTESIAN_POINT ( 'NONE',  ( -0.2883557931306884314, 0.6000000000000000888, 0.000000000000000000 ) ) ;
#1624 = VERTEX_POINT ( 'NONE', #1233 ) ;
#1625 = VECTOR ( 'NONE', #1342, 1000.000000000000000 ) ;
#1626 = PLANE ( 'NONE',  #399 ) ;
#1627 = ORIENTED_EDGE ( 'NONE', *, *, #463, .T. ) ;
#1628 = CARTESIAN_POINT ( 'NONE',  ( -0.2445190296114380379, 0.5200000000000000178, -0.009519029611437265434 ) ) ;
#1629 = DIRECTION ( 'NONE',  ( 1.000000000000000000, 0.000000000000000000, 0.000000000000000000 ) ) ;
#1630 = ORIENTED_EDGE ( 'NONE', *, *, #1435, .T. ) ;
#1631 = LINE ( 'NONE', #196, #541 ) ;
#1632 = EDGE_CURVE ( 'NONE', #953, #1012, #749, .T. ) ;
#1633 = FACE_OUTER_BOUND ( 'NONE', #2024, .T. ) ;
#1634 = DIRECTION ( 'NONE',  ( 0.000000000000000000, 0.000000000000000000, -1.000000000000000000 ) ) ;
#1635 = ORIENTED_EDGE ( 'NONE', *, *, #464, .F. ) ;
#1636 = CARTESIAN_POINT ( 'NONE',  ( -0.2666767719018399707, -0.5999999999999998668, 0.000000000000000000 ) ) ;
#1637 = DIRECTION ( 'NONE',  ( 1.000000000000000000, 0.000000000000000000, 0.000000000000000000 ) ) ;
#1638 = VERTEX_POINT ( 'NONE', #1379 ) ;
#1639 = ORIENTED_EDGE ( 'NONE', *, *, #1909, .F. ) ;
#1640 = AXIS2_PLACEMENT_3D ( 'NONE', #1200, #237, #2029 ) ;
#1641 = CARTESIAN_POINT ( 'NONE',  ( -0.3500000000000000333, 0.5199999999999997957, 0.03250000000000000111 ) ) ;
#1642 = VERTEX_POINT ( 'NONE', #2023 ) ;
#1643 = VECTOR ( 'NONE', #2032, 1000.000000000000000 ) ;
#1644 = PRODUCT_RELATED_PRODUCT_CATEGORY ( 'part', '', ( #179 ) ) ;
#1645 = EDGE_CURVE ( 'NONE', #1025, #90, #1535, .T. ) ;
#1646 = VECTOR ( 'NONE', #1725, 1000.000000000000000 ) ;
#1647 = DIRECTION ( 'NONE',  ( 0.000000000000000000, 1.000000000000000000, 0.000000000000000000 ) ) ;
#1648 = DIRECTION ( 'NONE',  ( -0.7071067811865449082, 0.000000000000000000, -0.7071067811865501263 ) ) ;
#1649 = ORIENTED_EDGE ( 'NONE', *, *, #936, .T. ) ;
#1650 = PRESENTATION_LAYER_ASSIGNMENT (  '', '', ( #1883 ) ) ;
#1651 = PRODUCT_DEFINITION_CONTEXT ( 'detailed design', #1962, 'design' ) ;
#1652 = VERTEX_POINT ( 'NONE', #285 ) ;
#1653 = DIRECTION ( 'NONE',  ( 1.000000000000000000, 0.000000000000000000, 0.000000000000000000 ) ) ;
#1654 = LINE ( 'NONE', #1004, #652 ) ;
#1655 = ORIENTED_EDGE ( 'NONE', *, *, #1161, .F. ) ;
#1656 = AXIS2_PLACEMENT_3D ( 'NONE', #660, #811, #1133 ) ;
#1657 = DIRECTION ( 'NONE',  ( 1.000000000000000000, 0.000000000000000000, 0.000000000000000000 ) ) ;
#1658 = EDGE_CURVE ( 'NONE', #1858, #312, #535, .T. ) ;
#1659 = DIRECTION ( 'NONE',  ( 1.000000000000000000, 0.000000000000000000, 0.000000000000000000 ) ) ;
#1660 = EDGE_LOOP ( 'NONE', ( #1366, #942, #269, #1603 ) ) ;
#1661 = VERTEX_POINT ( 'NONE', #1221 ) ;
#1662 = DIRECTION ( 'NONE',  ( 9.035018104045870694E-17, 1.000000000000000000, 0.000000000000000000 ) ) ;
#1663 = LINE ( 'NONE', #227, #1277 ) ;
#1664 = ORIENTED_EDGE ( 'NONE', *, *, #55, .F. ) ;
#1665 = CARTESIAN_POINT ( 'NONE',  ( 0.9199999999999998179, 0.6000000000000000888, 0.6175000000000000488 ) ) ;
#1666 = CYLINDRICAL_SURFACE ( 'NONE', #1352, 0.03250000000000000111 ) ;
#1667 = ORIENTED_EDGE ( 'NONE', *, *, #2053, .F. ) ;
#1668 = ADVANCED_FACE ( 'NONE', ( #1708 ), #452, .T. ) ;
#1669 = CARTESIAN_POINT ( 'NONE',  ( 0.9674999999999998046, 0.6000000000000000888, -0.03250000000000000111 ) ) ;
#1670 = EDGE_CURVE ( 'NONE', #888, #1858, #1555, .T. ) ;
#1671 = VERTEX_POINT ( 'NONE', #1412 ) ;
#1672 = CARTESIAN_POINT ( 'NONE',  ( -0.2675000000000004596, 4.833734685664550873E-17, -0.03250000000000000111 ) ) ;
#1673 = AXIS2_PLACEMENT_3D ( 'NONE', #940, #136, #1298 ) ;
#1674 = CARTESIAN_POINT ( 'NONE',  ( -0.3150000000000003908, 0.6000000000000000888, 4.065758146820641628E-16 ) ) ;
#1675 =( REPRESENTATION_RELATIONSHIP ('NONE','NONE', #141, #257 ) REPRESENTATION_RELATIONSHIP_WITH_TRANSFORMATION ( #254 )SHAPE_REPRESENTATION_RELATIONSHIP( ) );
#1676 = EDGE_LOOP ( 'NONE', ( #1126, #224, #737, #1511 ) ) ;
#1677 = CARTESIAN_POINT ( 'NONE',  ( -0.9200000000000002620, 0.5200000000000000178, -0.03249999999999997335 ) ) ;
#1678 = FACE_OUTER_BOUND ( 'NONE', #1784, .T. ) ;
#1679 = ORIENTED_EDGE ( 'NONE', *, *, #1330, .T. ) ;
#1680 = CARTESIAN_POINT ( 'NONE',  ( -0.9200000000000002620, 0.5759999999999999565, 0.6175000000000000488 ) ) ;
#1681 = VECTOR ( 'NONE', #788, 1000.000000000000000 ) ;
#1682 = VECTOR ( 'NONE', #1915, 1000.000000000000000 ) ;
#1683 = EDGE_CURVE ( 'NONE', #1913, #1518, #439, .T. ) ;
#1684 = VERTEX_POINT ( 'NONE', #933 ) ;
#1685 = EDGE_CURVE ( 'NONE', #696, #1369, #251, .T. ) ;
#1686 = DIRECTION ( 'NONE',  ( -1.000000000000000000, 0.000000000000000000, 0.000000000000000000 ) ) ;
#1687 = CARTESIAN_POINT ( 'NONE',  ( -0.2675000000000004596, 4.833734685664550873E-17, -0.03250000000000000111 ) ) ;
#1688 = ORIENTED_EDGE ( 'NONE', *, *, #1989, .T. ) ;
#1689 = CIRCLE ( 'NONE', #412, 0.03250000000000000111 ) ;
#1690 = DIRECTION ( 'NONE',  ( 0.000000000000000000, 0.7071067811865501263, -0.7071067811865449082 ) ) ;
#1691 = DIRECTION ( 'NONE',  ( 0.000000000000000000, 1.000000000000000000, 0.000000000000000000 ) ) ;
#1692 = VERTEX_POINT ( 'NONE', #1565 ) ;
#1693 = CARTESIAN_POINT ( 'NONE',  ( 8.042937684778090535E-17, 0.5675000000000000044, -0.03250000000000000111 ) ) ;
#1694 = ORIENTED_EDGE ( 'NONE', *, *, #609, .F. ) ;
#1695 = CARTESIAN_POINT ( 'NONE',  ( -0.3150000000000003908, 0.5200000000000000178, -0.03250000000000000111 ) ) ;
#1696 = EDGE_CURVE ( 'NONE', #192, #417, #130, .T. ) ;
#1697 = DIRECTION ( 'NONE',  ( 0.000000000000000000, 1.000000000000000000, 0.000000000000000000 ) ) ;
#1698 = ORIENTED_EDGE ( 'NONE', *, *, #1355, .T. ) ;
#1699 = DIRECTION ( 'NONE',  ( 9.035018104045870694E-17, 1.000000000000000000, 1.540743955509788682E-33 ) ) ;
#1700 = DIRECTION ( 'NONE',  ( 0.000000000000000000, 0.000000000000000000, 1.000000000000000000 ) ) ;
#1701 = ORIENTED_EDGE ( 'NONE', *, *, #1559, .F. ) ;
#1702 = CARTESIAN_POINT ( 'NONE',  ( -1.000000000000000222, 0.6000000000000000888, 0.6175000000000000488 ) ) ;
#1703 = ORIENTED_EDGE ( 'NONE', *, *, #1241, .T. ) ;
#1704 = DIRECTION ( 'NONE',  ( 0.000000000000000000, -0.000000000000000000, -1.000000000000000000 ) ) ;
#1705 = DIRECTION ( 'NONE',  ( 1.000000000000000000, 0.000000000000000000, 0.000000000000000000 ) ) ;
#1706 = ORIENTED_EDGE ( 'NONE', *, *, #463, .F. ) ;
#1707 = CARTESIAN_POINT ( 'NONE',  ( 0.2674999999999997380, -0.5199999999999997957, 0.000000000000000000 ) ) ;
#1708 = FACE_OUTER_BOUND ( 'NONE', #161, .T. ) ;
#1709 = VERTEX_POINT ( 'NONE', #262 ) ;
#1710 = EDGE_CURVE ( 'NONE', #336, #1933, #1809, .T. ) ;
#1711 = STYLED_ITEM ( 'NONE', ( #1131 ), #1009 ) ;
#1712 = PRODUCT_DEFINITION_CONTEXT ( 'detailed design', #758, 'design' ) ;
#1713 = DIRECTION ( 'NONE',  ( 0.000000000000000000, -0.7071067811865450192, 0.7071067811865501263 ) ) ;
#1714 = ITEM_DEFINED_TRANSFORMATION ( 'NONE', 'NONE', #1553,  #444 ) ;
#1715 = CIRCLE ( 'NONE', #508, 0.07999999999999998779 ) ;
#1716 = VECTOR ( 'NONE', #1468, 1000.000000000000000 ) ;
#1717 = CARTESIAN_POINT ( 'NONE',  ( -0.3150000000000006128, -0.5674999999999998934, 0.000000000000000000 ) ) ;
#1718 = DIRECTION ( 'NONE',  ( -0.7071067811865449082, 0.000000000000000000, -0.7071067811865501263 ) ) ;
#1719 = VERTEX_POINT ( 'NONE', #2011 ) ;
#1720 = CARTESIAN_POINT ( 'NONE',  ( 0.3024999999999999356, 0.5199999999999997957, 0.03250000000000000111 ) ) ;
#1721 = CARTESIAN_POINT ( 'NONE',  ( -1.000000000000000000, -0.5199999999999997957, 0.6175000000000000488 ) ) ;
#1722 = ORIENTED_EDGE ( 'NONE', *, *, #1785, .F. ) ;
#1723 = VECTOR ( 'NONE', #1132, 1000.000000000000000 ) ;
#1724 = ADVANCED_FACE ( 'NONE', ( #419 ), #1544, .T. ) ;
#1725 = DIRECTION ( 'NONE',  ( -0.000000000000000000, 0.000000000000000000, -1.000000000000000000 ) ) ;
#1726 = FACE_OUTER_BOUND ( 'NONE', #655, .T. ) ;
#1727 = LINE ( 'NONE', #961, #1108 ) ;
#1728 = LINE ( 'NONE', #1601, #1723 ) ;
#1729 = CARTESIAN_POINT ( 'NONE',  ( -0.3221771895805145558, 0.5932762282594794545, -0.006723771740520204966 ) ) ;
#1730 = DIRECTION ( 'NONE',  ( 1.000000000000000000, -0.000000000000000000, 0.000000000000000000 ) ) ;
#1731 = VERTEX_POINT ( 'NONE', #1032 ) ;
#1732 = PRODUCT_DEFINITION_SHAPE ( 'NONE', 'NONE',  #727 ) ;
#1733 = DIRECTION ( 'NONE',  ( 1.000000000000000000, 0.000000000000000000, 0.000000000000000000 ) ) ;
#1734 = EDGE_CURVE ( 'NONE', #361, #1273, #576, .T. ) ;
#1735 = ADVANCED_FACE ( 'NONE', ( #564 ), #1960, .F. ) ;
#1736 = FACE_OUTER_BOUND ( 'NONE', #113, .T. ) ;
#1737 = LINE ( 'NONE', #624, #216 ) ;
#1738 = DIRECTION ( 'NONE',  ( -0.000000000000000000, 0.000000000000000000, 1.000000000000000000 ) ) ;
#1739 = ORIENTED_EDGE ( 'NONE', *, *, #16, .F. ) ;
#1740 = CARTESIAN_POINT ( 'NONE',  ( 0.9199999999999998179, 0.5200000000000000178, 0.6175000000000000488 ) ) ;
#1741 = VECTOR ( 'NONE', #232, 1000.000000000000000 ) ;
#1742 = CARTESIAN_POINT ( 'NONE',  ( 0.3149999999999999467, 0.5200000000000000178, -0.03249999999999997335 ) ) ;
#1743 = EDGE_LOOP ( 'NONE', ( #12, #483, #420, #1186, #1380 ) ) ;
#1744 = CIRCLE ( 'NONE', #406, 0.07048097038856235286 ) ;
#1745 = CARTESIAN_POINT ( 'NONE',  ( -0.3150000000000003908, 0.5675000000000000044, -0.03250000000000000111 ) ) ;
#1746 = CIRCLE ( 'NONE', #2013, 0.07999999999999998779 ) ;
#1747 = EDGE_CURVE ( 'NONE', #241, #743, #689, .T. ) ;
#1748 = DIRECTION ( 'NONE',  ( 1.000000000000000000, 0.000000000000000000, 0.000000000000000000 ) ) ;
#1749 = DIRECTION ( 'NONE',  ( -0.000000000000000000, 0.000000000000000000, 1.000000000000000000 ) ) ;
#1750 = DIRECTION ( 'NONE',  ( -1.000000000000000000, 0.000000000000000000, 0.000000000000000000 ) ) ;
#1751 = VERTEX_POINT ( 'NONE', #873 ) ;
#1752 = DIRECTION ( 'NONE',  ( 0.000000000000000000, 0.000000000000000000, 1.000000000000000000 ) ) ;
#1753 = LINE ( 'NONE', #194, #473 ) ;
#1754 = ORIENTED_EDGE ( 'NONE', *, *, #174, .F. ) ;
#1755 = AXIS2_PLACEMENT_3D ( 'NONE', #648, #486, #1563 ) ;
#1756 = TOROIDAL_SURFACE ( 'NONE', #451, 0.09346194077712524639, 0.03250000000000000111 ) ;
#1757 = CYLINDRICAL_SURFACE ( 'NONE', #1045, 0.07999999999999998779 ) ;
#1758 = CARTESIAN_POINT ( 'NONE',  ( -0.3499999999999998668, -0.5675000000000001155, 0.03250000000000000111 ) ) ;
#1759 = ADVANCED_FACE ( 'NONE', ( #1509 ), #1332, .F. ) ;
#1760 = CARTESIAN_POINT ( 'NONE',  ( 0.3149999999999999467, 0.5200000000000000178, -0.009519029611437286251 ) ) ;
#1761 = ORIENTED_EDGE ( 'NONE', *, *, #1772, .T. ) ;
#1762 = EDGE_CURVE ( 'NONE', #1692, #696, #1612, .T. ) ;
#1763 = CARTESIAN_POINT ( 'NONE',  ( -0.9200000000000002620, 0.5200000000000000178, 0.5934999999999999165 ) ) ;
#1764 = LINE ( 'NONE', #1137, #952 ) ;
#1765 = ORIENTED_EDGE ( 'NONE', *, *, #570, .F. ) ;
#1766 = PRODUCT_DEFINITION_SHAPE ( 'NONE', 'NONE',  #1434 ) ;
#1767 = DIRECTION ( 'NONE',  ( 0.000000000000000000, -0.000000000000000000, -1.000000000000000000 ) ) ;
#1768 = CARTESIAN_POINT ( 'NONE',  ( 0.9999999999999995559, -0.5674999999999998934, -0.03250000000000000111 ) ) ;
#1769 = CARTESIAN_POINT ( 'NONE',  ( 0.000000000000000000, 0.000000000000000000, 0.6175000000000000488 ) ) ;
#1770 = ORIENTED_EDGE ( 'NONE', *, *, #124, .F. ) ;
#1771 = DIRECTION ( 'NONE',  ( 1.000000000000000000, 0.000000000000000000, 0.000000000000000000 ) ) ;
#1772 = EDGE_CURVE ( 'NONE', #812, #51, #415, .T. ) ;
#1773 = EDGE_CURVE ( 'NONE', #714, #2012, #1047, .T. ) ;
#1774 = CARTESIAN_POINT ( 'NONE',  ( -1.000000000000000222, 0.5200000000000000178, 0.6175000000000000488 ) ) ;
#1775 = ORIENTED_EDGE ( 'NONE', *, *, #1685, .T. ) ;
#1776 = AXIS2_PLACEMENT_3D ( 'NONE', #1920, #1593, #1120 ) ;
#1777 = DIRECTION ( 'NONE',  ( 0.000000000000000000, 0.000000000000000000, -1.000000000000000000 ) ) ;
#1778 = CARTESIAN_POINT ( 'NONE',  ( -0.9200000000000000400, -0.5999999999999998668, 4.336808689942017736E-16 ) ) ;
#1779 = AXIS2_PLACEMENT_3D ( 'NONE', #777, #1078, #1561 ) ;
#1780 = CIRCLE ( 'NONE', #109, 0.04750000000000001443 ) ;
#1781 = ORIENTED_EDGE ( 'NONE', *, *, #1340, .T. ) ;
#1782 = CARTESIAN_POINT ( 'NONE',  ( -0.2350000000000004308, 0.5200000000000000178, 4.064944114969973972E-16 ) ) ;
#1783 = LINE ( 'NONE', #1774, #1682 ) ;
#1784 = EDGE_LOOP ( 'NONE', ( #1701, #1437, #2069, #1329 ) ) ;
#1785 = EDGE_CURVE ( 'NONE', #702, #1025, #1057, .T. ) ;
#1786 = DIRECTION ( 'NONE',  ( 1.000000000000000000, 0.000000000000000000, 0.000000000000000000 ) ) ;
#1787 = CARTESIAN_POINT ( 'NONE',  ( -0.3150000000000003908, 0.5904809703885625094, -0.009519029611437260230 ) ) ;
#1788 = DIRECTION ( 'NONE',  ( -1.807003620809174139E-16, 1.000000000000000000, 0.000000000000000000 ) ) ;
#1789 = ORIENTED_EDGE ( 'NONE', *, *, #134, .F. ) ;
#1790 = CARTESIAN_POINT ( 'NONE',  ( -0.2983232280797084024, -0.5999999999999998668, -0.002195370802726804606 ) ) ;
#1791 = DIRECTION ( 'NONE',  ( -1.000000000000000000, 0.000000000000000000, 0.000000000000000000 ) ) ;
#1792 = VERTEX_POINT ( 'NONE', #49 ) ;
#1793 = CARTESIAN_POINT ( 'NONE',  ( 0.6174999999999999378, 5.421010862427522170E-17, 0.000000000000000000 ) ) ;
#1794 = ADVANCED_FACE ( 'NONE', ( #59 ), #853, .F. ) ;
#1795 = ORIENTED_EDGE ( 'NONE', *, *, #16, .T. ) ;
#1796 = ADVANCED_FACE ( 'NONE', ( #1529 ), #144, .T. ) ;
#1797 = LINE ( 'NONE', #60, #944 ) ;
#1798 = ORIENTED_EDGE ( 'NONE', *, *, #1457, .F. ) ;
#1799 = CARTESIAN_POINT ( 'NONE',  ( -0.3432232337158828694, 0.5987368872736610337, -0.001263112726338685640 ) ) ;
#1800 = CARTESIAN_POINT ( 'NONE',  ( 8.042937684778090535E-17, 0.5675000000000000044, -0.03250000000000000111 ) ) ;
#1801 = ORIENTED_EDGE ( 'NONE', *, *, #1645, .T. ) ;
#1802 = DIRECTION ( 'NONE',  ( 1.000000000000000000, 0.000000000000000000, 0.000000000000000000 ) ) ;
#1803 = ORIENTED_EDGE ( 'NONE', *, *, #1948, .F. ) ;
#1804 = CIRCLE ( 'NONE', #363, 0.04750000000000001443 ) ;
#1805 = DIRECTION ( 'NONE',  ( 1.000000000000000000, 0.000000000000000000, 0.000000000000000000 ) ) ;
#1806 = EDGE_CURVE ( 'NONE', #1442, #1064, #1282, .T. ) ;
#1807 = LINE ( 'NONE', #1356, #2042 ) ;
#1808 = ORIENTED_EDGE ( 'NONE', *, *, #1608, .F. ) ;
#1809 = CIRCLE ( 'NONE', #1881, 0.04750000000000001443 ) ;
#1810 =( LENGTH_UNIT ( ) NAMED_UNIT ( * ) SI_UNIT ( .MILLI., .METRE. ) );
#1811 = DIRECTION ( 'NONE',  ( -0.000000000000000000, -0.000000000000000000, 1.000000000000000000 ) ) ;
#1812 = ORIENTED_EDGE ( 'NONE', *, *, #1446, .T. ) ;
#1813 = VECTOR ( 'NONE', #2047, 1000.000000000000000 ) ;
#1814 = ORIENTED_EDGE ( 'NONE', *, *, #1003, .T. ) ;
#1815 = CIRCLE ( 'NONE', #1523, 0.07999999999999998779 ) ;
#1816 = CARTESIAN_POINT ( 'NONE',  ( 0.9199999999999998179, 0.5200000000000000178, -0.03250000000000000111 ) ) ;
#1817 = CARTESIAN_POINT ( 'NONE',  ( 0.9999999999999997780, 0.6000000000000000888, 0.6175000000000000488 ) ) ;
#1818 =( REPRESENTATION_RELATIONSHIP ('NONE','NONE', #141, #1838 ) REPRESENTATION_RELATIONSHIP_WITH_TRANSFORMATION ( #278 )SHAPE_REPRESENTATION_RELATIONSHIP( ) );
#1819 = ORIENTED_EDGE ( 'NONE', *, *, #490, .F. ) ;
#1820 = AXIS2_PLACEMENT_3D ( 'NONE', #370, #50, #996 ) ;
#1821 = EDGE_CURVE ( 'NONE', #249, #762, #552, .T. ) ;
#1822 = CYLINDRICAL_SURFACE ( 'NONE', #1122, 0.07999999999999998779 ) ;
#1823 = CARTESIAN_POINT ( 'NONE',  ( 0.3149999999999997247, -0.5199999999999997957, -0.03250000000000000111 ) ) ;
#1824 = EDGE_LOOP ( 'NONE', ( #1982, #1814, #1095, #1812, #1452, #613, #354, #274 ) ) ;
#1825 = EDGE_CURVE ( 'NONE', #249, #1751, #1023, .T. ) ;
#1826 = CARTESIAN_POINT ( 'NONE',  ( 0.3149999999999998357, 0.5200000000000000178, -0.03250000000000000111 ) ) ;
#1827 = SHAPE_REPRESENTATION_RELATIONSHIP ( 'NONE' , 'NONE' ,  #1838, #292 ) ;
#1828 = VERTEX_POINT ( 'NONE', #697 ) ;
#1829 = DIRECTION ( 'NONE',  ( 0.000000000000000000, 0.000000000000000000, -1.000000000000000000 ) ) ;
#1830 = CARTESIAN_POINT ( 'NONE',  ( -0.9200000000000002620, 0.5675000000000001155, -0.03250000000000000111 ) ) ;
#1831 = EDGE_LOOP ( 'NONE', ( #1168, #605, #844, #152 ) ) ;
#1832 = DIRECTION ( 'NONE',  ( -1.432866307249565381E-16, 1.000000000000000000, 0.000000000000000000 ) ) ;
#1833 = DIRECTION ( 'NONE',  ( -1.000000000000000000, 0.000000000000000000, 0.000000000000000000 ) ) ;
#1834 = VERTEX_POINT ( 'NONE', #220 ) ;
#1835 = ADVANCED_FACE ( 'NONE', ( #1341 ), #709, .F. ) ;
#1836 = EDGE_CURVE ( 'NONE', #1954, #579, #886, .T. ) ;
#1837 = CARTESIAN_POINT ( 'NONE',  ( 0.2983232280797077363, 0.6000000000000000888, -0.002195370802726804606 ) ) ;
#1838 = SHAPE_REPRESENTATION ( 'pin_\X2\9ed88ba4\X0\', ( #444 ), #677 ) ;
#1839 = ORIENTED_EDGE ( 'NONE', *, *, #1495, .T. ) ;
#1840 = CARTESIAN_POINT ( 'NONE',  ( 0.2674999999999998490, 0.6000000000000000888, 0.000000000000000000 ) ) ;
#1841 = AXIS2_PLACEMENT_3D ( 'NONE', #808, #645, #17 ) ;
#1842 = PLANE ( 'NONE',  #1246 ) ;
#1843 = EDGE_LOOP ( 'NONE', ( #799, #294, #1927, #794 ) ) ;
#1844 = DIRECTION ( 'NONE',  ( -1.000000000000000000, 0.000000000000000000, 0.000000000000000000 ) ) ;
#1845 = CYLINDRICAL_SURFACE ( 'NONE', #438, 0.04750000000000001443 ) ;
#1846 = EDGE_LOOP ( 'NONE', ( #2033, #551, #244, #1947 ) ) ;
#1847 = CIRCLE ( 'NONE', #1384, 0.04750000000000001443 ) ;
#1848 = PLANE ( 'NONE',  #38 ) ;
#1849 = ADVANCED_FACE ( 'NONE', ( #724 ), #73, .T. ) ;
#1850 = ORIENTED_EDGE ( 'NONE', *, *, #1355, .F. ) ;
#1851 = B_SPLINE_CURVE_WITH_KNOTS ( 'NONE', 3,
 ( #239, #1335, #1964, #1790, #352, #998, #1636 ),
 .UNSPECIFIED., .F., .F.,
 ( 4, 3, 4 ),
 ( 0.000000000000000000, 6.503706368615784971E-05, 9.655990384749395521E-05 ),
 .UNSPECIFIED. ) ;
#1852 = CARTESIAN_POINT ( 'NONE',  ( -1.000000000000000000, -0.5199999999999997957, 4.289707302521332215E-16 ) ) ;
#1853 = CARTESIAN_POINT ( 'NONE',  ( 0.9199999999999998179, -0.5759999999999997344, 0.6175000000000000488 ) ) ;
#1854 = ORIENTED_EDGE ( 'NONE', *, *, #1461, .F. ) ;
#1855 = CARTESIAN_POINT ( 'NONE',  ( 0.3221771895742672198, 0.5932762282570586132, -0.006723771742941114793 ) ) ;
#1856 = AXIS2_PLACEMENT_3D ( 'NONE', #168, #301, #1422 ) ;
#1857 = CARTESIAN_POINT ( 'NONE',  ( 0.3500000000000000888, -0.5200000000000000178, 0.03250000000000000111 ) ) ;
#1858 = VERTEX_POINT ( 'NONE', #256 ) ;
#1859 = DIRECTION ( 'NONE',  ( 0.000000000000000000, 0.000000000000000000, 1.000000000000000000 ) ) ;
#1860 = PRODUCT_CONTEXT ( 'NONE', #1505, 'mechanical' ) ;
#1861 = ORIENTED_EDGE ( 'NONE', *, *, #1228, .T. ) ;
#1862 = DIRECTION ( 'NONE',  ( 0.000000000000000000, -0.000000000000000000, 1.000000000000000000 ) ) ;
#1863 = EDGE_CURVE ( 'NONE', #894, #757, #939, .T. ) ;
#1864 = EDGE_CURVE ( 'NONE', #812, #1273, #1091, .T. ) ;
#1865 = CARTESIAN_POINT ( 'NONE',  ( 0.9999999999999997780, -0.5199999999999997957, 4.336808689942017736E-16 ) ) ;
#1866 = VERTEX_POINT ( 'NONE', #2035 ) ;
#1867 = CARTESIAN_POINT ( 'NONE',  ( -0.3278822843097453088, 0.5950719983879152464, -0.004928001612084398353 ) ) ;
#1868 = CARTESIAN_POINT ( 'NONE',  ( -0.9675000000000003597, 1.748276003132876639E-16, -0.03250000000000000111 ) ) ;
#1869 = ORIENTED_EDGE ( 'NONE', *, *, #66, .T. ) ;
#1870 = DIRECTION ( 'NONE',  ( 0.000000000000000000, -1.000000000000000000, 0.000000000000000000 ) ) ;
#1871 = ORIENTED_EDGE ( 'NONE', *, *, #2039, .T. ) ;
#1872 = FACE_OUTER_BOUND ( 'NONE', #1660, .T. ) ;
#1873 = CARTESIAN_POINT ( 'NONE',  ( -0.3499999999999998668, -0.5675000000000001155, 0.03250000000000000111 ) ) ;
#1874 = ORIENTED_EDGE ( 'NONE', *, *, #642, .T. ) ;
#1875 = EDGE_CURVE ( 'NONE', #1858, #241, #945, .T. ) ;
#1876 = CARTESIAN_POINT ( 'NONE',  ( 0.3633232280793683988, 0.6000000000000000888, 4.288893270670664066E-16 ) ) ;
#1877 = CARTESIAN_POINT ( 'NONE',  ( -0.3221771895742678860, -0.5932762282570583912, -0.006723771742941114793 ) ) ;
#1878 = VERTEX_POINT ( 'NONE', #1100 ) ;
#1879 = CIRCLE ( 'NONE', #1776, 0.07999999999999998779 ) ;
#1880 = FACE_OUTER_BOUND ( 'NONE', #460, .T. ) ;
#1881 = AXIS2_PLACEMENT_3D ( 'NONE', #900, #740, #909 ) ;
#1882 = VECTOR ( 'NONE', #431, 1000.000000000000000 ) ;
#1883 = STYLED_ITEM ( 'NONE', ( #1278 ), #1321 ) ;
#1884 = CARTESIAN_POINT ( 'NONE',  ( 0.9999999999999997780, 0.5200000000000000178, 0.6175000000000000488 ) ) ;
#1885 = PLANE ( 'NONE',  #69 ) ;
#1886 = LINE ( 'NONE', #1268, #1983 ) ;
#1887 = FACE_OUTER_BOUND ( 'NONE', #489, .T. ) ;
#1888 = ADVANCED_FACE ( 'NONE', ( #1736 ), #298, .F. ) ;
#1889 = CARTESIAN_POINT ( 'NONE',  ( -0.3533274752663027596, -0.5999999999984547694, -1.544657472481642324E-12 ) ) ;
#1890 = TOROIDAL_SURFACE ( 'NONE', #1755, 0.09346194077712523252, 0.03250000000000000111 ) ;
#1891 = EDGE_CURVE ( 'NONE', #1896, #1973, #598, .T. ) ;
#1892 = CARTESIAN_POINT ( 'NONE',  ( -0.2675000000000005707, -0.5199999999999997957, 0.000000000000000000 ) ) ;
#1893 = AXIS2_PLACEMENT_3D ( 'NONE', #1760, #1142, #319 ) ;
#1894 = CARTESIAN_POINT ( 'NONE',  ( -0.3150000000000006128, -0.5674999999999998934, -0.03250000000000000111 ) ) ;
#1895 = LINE ( 'NONE', #299, #434 ) ;
#1896 = VERTEX_POINT ( 'NONE', #1717 ) ;
#1897 = DIRECTION ( 'NONE',  ( -0.7071067811865454633, 0.000000000000000000, -0.7071067811865495711 ) ) ;
#1898 = FACE_OUTER_BOUND ( 'NONE', #1392, .T. ) ;
#1899 = EDGE_CURVE ( 'NONE', #1077, #226, #1744, .T. ) ;
#1900 = ADVANCED_FACE ( 'NONE', ( #1726 ), #640, .T. ) ;
#1901 = CARTESIAN_POINT ( 'NONE',  ( 0.2674999999999998490, 0.5200000000000000178, 0.000000000000000000 ) ) ;
#1902 = CARTESIAN_POINT ( 'NONE',  ( 0.3149999999999999467, 0.6000000000000000888, 4.288893270670664066E-16 ) ) ;
#1903 = DIRECTION ( 'NONE',  ( -0.7071067811865450192, 0.000000000000000000, -0.7071067811865501263 ) ) ;
#1904 = FACE_OUTER_BOUND ( 'NONE', #1487, .T. ) ;
#1905 = ORIENTED_EDGE ( 'NONE', *, *, #29, .F. ) ;
#1906 = DIRECTION ( 'NONE',  ( 0.000000000000000000, 0.000000000000000000, -1.000000000000000000 ) ) ;
#1907 = CARTESIAN_POINT ( 'NONE',  ( -0.3500000000000000333, 0.5199999999999997957, 0.03250000000000000111 ) ) ;
#1908 = EDGE_LOOP ( 'NONE', ( #636, #726, #505, #1325 ) ) ;
#1909 = EDGE_CURVE ( 'NONE', #417, #336, #1407, .T. ) ;
#1910 = LINE ( 'NONE', #1458, #474 ) ;
#1911 = AXIS2_PLACEMENT_3D ( 'NONE', #775, #1415, #1424 ) ;
#1912 = CARTESIAN_POINT ( 'NONE',  ( -0.3150000000000003908, 0.5199999999999999067, -0.03250000000000000111 ) ) ;
#1913 = VERTEX_POINT ( 'NONE', #1237 ) ;
#1914 = LINE ( 'NONE', #1605, #243 ) ;
#1915 = DIRECTION ( 'NONE',  ( 0.000000000000000000, 0.000000000000000000, -1.000000000000000000 ) ) ;
#1916 = ORIENTED_EDGE ( 'NONE', *, *, #1145, .T. ) ;
#1917 = AXIS2_PLACEMENT_3D ( 'NONE', #715, #1483, #682 ) ;
#1918 = VECTOR ( 'NONE', #582, 1000.000000000000000 ) ;
#1919 =( NAMED_UNIT ( * ) PLANE_ANGLE_UNIT ( ) SI_UNIT ( $, .RADIAN. ) );
#1920 = CARTESIAN_POINT ( 'NONE',  ( -0.9200000000000000400, -0.5199999999999997957, 4.336808689942017736E-16 ) ) ;
#1921 = ORIENTED_EDGE ( 'NONE', *, *, #1696, .F. ) ;
#1922 = ADVANCED_FACE ( 'NONE', ( #133 ), #1428, .T. ) ;
#1923 = CARTESIAN_POINT ( 'NONE',  ( 0.3161589186590292311, -0.5909441919478118921, -0.009055808052187599988 ) ) ;
#1924 = ORIENTED_EDGE ( 'NONE', *, *, #2053, .T. ) ;
#1925 = DIRECTION ( 'NONE',  ( 0.000000000000000000, 0.000000000000000000, -1.000000000000000000 ) ) ;
#1926 = FACE_OUTER_BOUND ( 'NONE', #1252, .T. ) ;
#1927 = ORIENTED_EDGE ( 'NONE', *, *, #995, .F. ) ;
#1928 = FILL_AREA_STYLE ('',( #993 ) ) ;
#1929 = CARTESIAN_POINT ( 'NONE',  ( 0.2666767719018393046, 0.6000000000000000888, 0.000000000000000000 ) ) ;
#1930 = ORIENTED_EDGE ( 'NONE', *, *, #600, .F. ) ;
#1931 = DIRECTION ( 'NONE',  ( -1.807003620809174632E-16, -1.000000000000000000, 0.000000000000000000 ) ) ;
#1932 = CYLINDRICAL_SURFACE ( 'NONE', #313, 0.04750000000000001443 ) ;
#1933 = VERTEX_POINT ( 'NONE', #1109 ) ;
#1934 = ADVANCED_FACE ( 'NONE', ( #1872 ), #147, .F. ) ;
#1935 = DIRECTION ( 'NONE',  ( 1.432866307249565381E-16, -1.000000000000000000, 0.000000000000000000 ) ) ;
#1936 = ORIENTED_EDGE ( 'NONE', *, *, #1371, .F. ) ;
#1937 = AXIS2_PLACEMENT_3D ( 'NONE', #1669, #1939, #78 ) ;
#1938 = VECTOR ( 'NONE', #402, 1000.000000000000114 ) ;
#1939 = DIRECTION ( 'NONE',  ( -1.000000000000000000, 1.807003620809174139E-16, 0.000000000000000000 ) ) ;
#1940 = VECTOR ( 'NONE', #1653, 1000.000000000000000 ) ;
#1941 = DIRECTION ( 'NONE',  ( -0.7071067811865475727, -1.277744513902811782E-16, 0.7071067811865475727 ) ) ;
#1942 = VECTOR ( 'NONE', #1438, 1000.000000000000000 ) ;
#1943 = VECTOR ( 'NONE', #1946, 1000.000000000000000 ) ;
#1944 = ORIENTED_EDGE ( 'NONE', *, *, #332, .T. ) ;
#1945 = PLANE ( 'NONE',  #963 ) ;
#1946 = DIRECTION ( 'NONE',  ( -0.000000000000000000, 0.000000000000000000, -1.000000000000000000 ) ) ;
#1947 = ORIENTED_EDGE ( 'NONE', *, *, #125, .F. ) ;
#1948 = EDGE_CURVE ( 'NONE', #1518, #1070, #126, .T. ) ;
#1949 = EDGE_CURVE ( 'NONE', #1731, #647, #590, .T. ) ;
#1950 = CONICAL_SURFACE ( 'NONE', #1323, 0.04749999999999979933, 0.7853981633974452814 ) ;
#1951 = LINE ( 'NONE', #841, #1581 ) ;
#1952 = VECTOR ( 'NONE', #1699, 1000.000000000000000 ) ;
#1953 = DIRECTION ( 'NONE',  ( 1.000000000000000000, 0.000000000000000000, 0.000000000000000000 ) ) ;
#1954 = VERTEX_POINT ( 'NONE', #1894 ) ;
#1955 = CARTESIAN_POINT ( 'NONE',  ( -0.3533274752859491552, 0.5999999999999963141, -3.364206593037649052E-15 ) ) ;
#1956 = DIRECTION ( 'NONE',  ( -1.000000000000000000, 0.000000000000000000, -0.000000000000000000 ) ) ;
#1957 = ORIENTED_EDGE ( 'NONE', *, *, #609, .T. ) ;
#1958 = EDGE_CURVE ( 'NONE', #1044, #90, #40, .T. ) ;
#1959 =( NAMED_UNIT ( * ) SI_UNIT ( $, .STERADIAN. ) SOLID_ANGLE_UNIT ( ) );
#1960 = CYLINDRICAL_SURFACE ( 'NONE', #813, 0.04750000000000001443 ) ;
#1961 = DIRECTION ( 'NONE',  ( 0.000000000000000000, -1.000000000000000000, 0.000000000000000000 ) ) ;
#1962 = APPLICATION_CONTEXT ( 'automotive_design' ) ;
#1963 = ORIENTED_EDGE ( 'NONE', *, *, #739, .F. ) ;
#1964 = CARTESIAN_POINT ( 'NONE',  ( -0.3199347917494473892, -0.5999999999999998668, -0.003904252654722328852 ) ) ;
#1965 = FACE_OUTER_BOUND ( 'NONE', #219, .T. ) ;
#1966 = ORIENTED_EDGE ( 'NONE', *, *, #1909, .T. ) ;
#1967 = ADVANCED_FACE ( 'NONE', ( #102 ), #744, .F. ) ;
#1968 = ORIENTED_EDGE ( 'NONE', *, *, #276, .T. ) ;
#1969 = MECHANICAL_DESIGN_GEOMETRIC_PRESENTATION_REPRESENTATION (  '', ( #1711 ), #499 ) ;
#1970 = CARTESIAN_POINT ( 'NONE',  ( 0.000000000000000000, 0.000000000000000000, 0.000000000000000000 ) ) ;
#1971 = EDGE_CURVE ( 'NONE', #1159, #1012, #1550, .T. ) ;
#1972 = FACE_OUTER_BOUND ( 'NONE', #1538, .T. ) ;
#1973 = VERTEX_POINT ( 'NONE', #1151 ) ;
#1974 = AXIS2_PLACEMENT_3D ( 'NONE', #1195, #701, #859 ) ;
#1975 = AXIS2_PLACEMENT_3D ( 'NONE', #1362, #732, #1993 ) ;
#1976 = AXIS2_PLACEMENT_3D ( 'NONE', #967, #315, #172 ) ;
#1977 = SURFACE_STYLE_FILL_AREA ( #1173 ) ;
#1978 = LINE ( 'NONE', #53, #175 ) ;
#1979 = ORIENTED_EDGE ( 'NONE', *, *, #1988, .T. ) ;
#1980 = DIRECTION ( 'NONE',  ( -1.000000000000000000, 0.000000000000000000, -0.000000000000000000 ) ) ;
#1981 = CARTESIAN_POINT ( 'NONE',  ( 0.000000000000000000, 0.000000000000000000, 0.000000000000000000 ) ) ;
#1982 = ORIENTED_EDGE ( 'NONE', *, *, #441, .F. ) ;
#1983 = VECTOR ( 'NONE', #770, 1000.000000000000000 ) ;
#1984 = CARTESIAN_POINT ( 'NONE',  ( -0.9200000000000002620, 0.5200000000000000178, -0.03250000000000000111 ) ) ;
#1985 = DIRECTION ( 'NONE',  ( 0.000000000000000000, -0.7071067811865449082, -0.7071067811865501263 ) ) ;
#1986 = ORIENTED_EDGE ( 'NONE', *, *, #454, .F. ) ;
#1987 = AXIS2_PLACEMENT_3D ( 'NONE', #1769, #1738, #180 ) ;
#1988 = EDGE_CURVE ( 'NONE', #1896, #1954, #1592, .T. ) ;
#1989 = EDGE_CURVE ( 'NONE', #1828, #1661, #484, .T. ) ;
#1990 = CARTESIAN_POINT ( 'NONE',  ( -0.9200000000000002620, 0.5759999999999999565, 0.6175000000000000488 ) ) ;
#1991 = DIRECTION ( 'NONE',  ( 1.000000000000000000, -1.807003620809175125E-16, 0.000000000000000000 ) ) ;
#1992 = VERTEX_POINT ( 'NONE', #1745 ) ;
#1993 = DIRECTION ( 'NONE',  ( 1.000000000000000000, 0.000000000000000000, 0.000000000000000000 ) ) ;
#1994 = SURFACE_STYLE_USAGE ( .BOTH. , #549 ) ;
#1995 = ORIENTED_EDGE ( 'NONE', *, *, #1161, .T. ) ;
#1996 = CARTESIAN_POINT ( 'NONE',  ( 0.9199999999999998179, 0.5200000000000000178, 0.6175000000000000488 ) ) ;
#1997 = CARTESIAN_POINT ( 'NONE',  ( -0.9675000000000004707, -0.5199999999999997957, 0.000000000000000000 ) ) ;
#1998 = ORIENTED_EDGE ( 'NONE', *, *, #1899, .F. ) ;
#1999 = DIRECTION ( 'NONE',  ( 0.000000000000000000, -0.7071067811865450192, 0.7071067811865501263 ) ) ;
#2000 = DIRECTION ( 'NONE',  ( 1.000000000000000000, 0.000000000000000000, 0.000000000000000000 ) ) ;
#2001 = ORIENTED_EDGE ( 'NONE', *, *, #356, .F. ) ;
#2002 = CARTESIAN_POINT ( 'NONE',  ( -0.3527490570365631739, 0.6000000000000000888, -4.006871237164904253E-15 ) ) ;
#2003 = DIRECTION ( 'NONE',  ( 0.000000000000000000, 0.000000000000000000, 1.000000000000000000 ) ) ;
#2004 = ORIENTED_EDGE ( 'NONE', *, *, #225, .F. ) ;
#2005 = DIRECTION ( 'NONE',  ( -9.035018104045870694E-17, -1.000000000000000000, 0.000000000000000000 ) ) ;
#2006 = AXIS2_PLACEMENT_3D ( 'NONE', #800, #1572, #1767 ) ;
#2007 = FACE_OUTER_BOUND ( 'NONE', #263, .T. ) ;
#2008 = EDGE_LOOP ( 'NONE', ( #101, #1479, #1615, #33 ) ) ;
#2009 = CYLINDRICAL_SURFACE ( 'NONE', #218, 0.04750000000000001443 ) ;
#2010 = AXIS2_PLACEMENT_3D ( 'NONE', #1513, #75, #223 ) ;
#2011 = CARTESIAN_POINT ( 'NONE',  ( 0.9199999999999995959, -0.5674999999999998934, -0.03250000000000000111 ) ) ;
#2012 = VERTEX_POINT ( 'NONE', #308 ) ;
#2013 = AXIS2_PLACEMENT_3D ( 'NONE', #1454, #546, #1617 ) ;
#2014 = CARTESIAN_POINT ( 'NONE',  ( 0.000000000000000000, 0.000000000000000000, 0.000000000000000000 ) ) ;
#2015 = CIRCLE ( 'NONE', #1285, 0.05599999999999984157 ) ;
#2016 = EDGE_CURVE ( 'NONE', #579, #1973, #176, .T. ) ;
#2017 = ORIENTED_EDGE ( 'NONE', *, *, #1825, .F. ) ;
#2018 = DIRECTION ( 'NONE',  ( -0.000000000000000000, -0.000000000000000000, 1.000000000000000000 ) ) ;
#2019 = LINE ( 'NONE', #930, #1447 ) ;
#2020 = ORIENTED_EDGE ( 'NONE', *, *, #43, .T. ) ;
#2021 = CARTESIAN_POINT ( 'NONE',  ( 0.3633232280981143481, -0.5999999999999998668, 4.288893270670664066E-16 ) ) ;
#2022 = AXIS2_PLACEMENT_3D ( 'NONE', #1720, #1050, #932 ) ;
#2023 = CARTESIAN_POINT ( 'NONE',  ( -0.9200000000000002620, 0.5675000000000001155, -0.03250000000000000111 ) ) ;
#2024 = EDGE_LOOP ( 'NONE', ( #904, #1234, #1196, #1688 ) ) ;
#2025 = CARTESIAN_POINT ( 'NONE',  ( -0.9200000000000000400, -0.5674999999999996714, -0.03250000000000000111 ) ) ;
#2026 = ORIENTED_EDGE ( 'NONE', *, *, #1275, .F. ) ;
#2027 = ADVANCED_FACE ( 'NONE', ( #977 ), #1757, .T. ) ;
#2028 = CARTESIAN_POINT ( 'NONE',  ( 0.3025000000000001021, -0.5200000000000000178, 0.03250000000000000111 ) ) ;
#2029 = DIRECTION ( 'NONE',  ( -1.000000000000000000, 0.000000000000000000, 0.000000000000000000 ) ) ;
#2030 = ORIENTED_EDGE ( 'NONE', *, *, #1658, .T. ) ;
#2031 = CARTESIAN_POINT ( 'NONE',  ( 0.3161589186590293421, 0.5909441919478123362, -0.009055808052187506313 ) ) ;
#2032 = DIRECTION ( 'NONE',  ( 0.000000000000000000, -0.000000000000000000, -1.000000000000000000 ) ) ;
#2033 = ORIENTED_EDGE ( 'NONE', *, *, #845, .T. ) ;
#2034 = CARTESIAN_POINT ( 'NONE',  ( -0.9200000000000000400, -0.5999999999999998668, 0.6175000000000000488 ) ) ;
#2035 = CARTESIAN_POINT ( 'NONE',  ( -0.3024999999999998801, -0.5675000000000001155, 0.03250000000000000111 ) ) ;
#2036 = EDGE_CURVE ( 'NONE', #512, #345, #1631, .T. ) ;
#2037 = LINE ( 'NONE', #1388, #171 ) ;
#2038 = DIRECTION ( 'NONE',  ( -0.7071067811865452413, 0.000000000000000000, 0.7071067811865499042 ) ) ;
#2039 = EDGE_CURVE ( 'NONE', #1624, #1044, #1910, .T. ) ;
#2040 = DIRECTION ( 'NONE',  ( -0.000000000000000000, 0.000000000000000000, 1.000000000000000000 ) ) ;
#2041 = DIRECTION ( 'NONE',  ( 1.807003620809174139E-16, 1.000000000000000000, 0.000000000000000000 ) ) ;
#2042 = VECTOR ( 'NONE', #1985, 1000.000000000000000 ) ;
#2043 = VECTOR ( 'NONE', #1691, 1000.000000000000000 ) ;
#2044 = DIRECTION ( 'NONE',  ( -0.000000000000000000, 0.000000000000000000, 1.000000000000000000 ) ) ;
#2045 = AXIS2_PLACEMENT_3D ( 'NONE', #1317, #999, #1296 ) ;
#2046 = PRODUCT ( 'FTC201265S', 'FTC201265S', '', ( #1099 ) ) ;
#2047 = DIRECTION ( 'NONE',  ( 1.000000000000000000, 0.000000000000000000, 0.000000000000000000 ) ) ;
#2048 = ORIENTED_EDGE ( 'NONE', *, *, #1806, .T. ) ;
#2049 = PRODUCT_DEFINITION_FORMATION_WITH_SPECIFIED_SOURCE ( 'ANY', '', #179, .NOT_KNOWN. ) ;
#2050 = CARTESIAN_POINT ( 'NONE',  ( -0.3150000000000006128, -0.5199999999999997957, -0.03250000000000000111 ) ) ;
#2051 = ORIENTED_EDGE ( 'NONE', *, *, #1238, .T. ) ;
#2052 = AXIS2_PLACEMENT_3D ( 'NONE', #871, #1066, #296 ) ;
#2053 = EDGE_CURVE ( 'NONE', #743, #1531, #2015, .T. ) ;
#2054 = EDGE_CURVE ( 'NONE', #1719, #24, #1951, .T. ) ;
#2055 = CIRCLE ( 'NONE', #1427, 0.07999999999999998779 ) ;
#2056 = CARTESIAN_POINT ( 'NONE',  ( 0.9199999999999995959, -0.5199999999999997957, 0.000000000000000000 ) ) ;
#2057 = CARTESIAN_POINT ( 'NONE',  ( -0.2215380592228752554, 4.003200751627729686E-17, 0.000000000000000000 ) ) ;
#2058 = DIRECTION ( 'NONE',  ( 0.000000000000000000, -0.000000000000000000, -1.000000000000000000 ) ) ;
#2059 = CARTESIAN_POINT ( 'NONE',  ( 0.9999999999999997780, 0.5200000000000000178, 4.288893270670664066E-16 ) ) ;
#2060 = DIRECTION ( 'NONE',  ( -1.000000000000000000, -0.000000000000000000, -0.000000000000000000 ) ) ;
#2061 = ORIENTED_EDGE ( 'NONE', *, *, #276, .F. ) ;
#2062 = EDGE_CURVE ( 'NONE', #72, #396, #631, .T. ) ;
#2063 = CARTESIAN_POINT ( 'NONE',  ( 0.2445190296114373996, -0.5199999999999997957, -0.009519029611437307067 ) ) ;
#2064 = LINE ( 'NONE', #1606, #1943 ) ;
#2065 = VERTEX_POINT ( 'NONE', #494 ) ;
#2066 = CARTESIAN_POINT ( 'NONE',  ( 0.9199999999999998179, 0.5200000000000000178, 0.6175000000000000488 ) ) ;
#2067 = DIRECTION ( 'NONE',  ( 0.000000000000000000, -0.000000000000000000, -1.000000000000000000 ) ) ;
#2068 = CARTESIAN_POINT ( 'NONE',  ( 0.3167426282276761818, -0.5911703751700880805, -0.008829624829911432438 ) ) ;
#2069 = ORIENTED_EDGE ( 'NONE', *, *, #1209, .F. ) ;
#2070 = EDGE_LOOP ( 'NONE', ( #1148, #1874, #1081, #837 ) ) ;
#2071 = NEXT_ASSEMBLY_USAGE_OCCURRENCE ( 'NAUO1', ' ', ' ', #727, #1370, $ ) ;
#2072 = NEXT_ASSEMBLY_USAGE_OCCURRENCE ( 'NAUO2', ' ', ' ', #727, #1434, $ ) ;
#2073 = NEXT_ASSEMBLY_USAGE_OCCURRENCE ( 'NAUO3', ' ', ' ', #727, #1434, $ ) ;
ENDSEC;
END-ISO-10303-21;
