ISO-10303-21;
HEADER;
FILE_DESCRIPTION (( 'STEP AP214' ),
    '1' );
FILE_NAME ('FTC252010S.step',
    '2026-10-09T15:35:53',
    ( '' ),
    ( '' ),
    'SwSTEP 2.0',
    'SolidWorks 2025',
    '' );
FILE_SCHEMA (( 'AUTOMOTIVE_DESIGN' ));
ENDSEC;

DATA;
#1 = CARTESIAN_POINT ( 'NONE',  ( -0.3561855550993347497, 0.9999999999999997780, 0.000000000000000000 ) ) ;
#2 = FACE_OUTER_BOUND ( 'NONE', #807, .T. ) ;
#3 = LINE ( 'NONE', #1745, #1627 ) ;
#4 = AXIS2_PLACEMENT_3D ( 'NONE', #1162, #1773, #983 ) ;
#5 = DIRECTION ( 'NONE',  ( -1.000000000000000000, 0.000000000000000000, 0.000000000000000000 ) ) ;
#6 = DIRECTION ( 'NONE',  ( 0.000000000000000000, 0.000000000000000000, 1.000000000000000000 ) ) ;
#7 = ADVANCED_FACE ( 'NONE', ( #2065 ), #165, .T. ) ;
#8 = SHAPE_DEFINITION_REPRESENTATION ( #1563, #2060 ) ;
#9 = ORIENTED_EDGE ( 'NONE', *, *, #1523, .F. ) ;
#10 = EDGE_CURVE ( 'NONE', #1900, #556, #478, .T. ) ;
#11 = CARTESIAN_POINT ( 'NONE',  ( 0.4249999999999999334, -0.8666666666666659191, 0.05000000000000000278 ) ) ;
#12 = DIRECTION ( 'NONE',  ( 1.000000000000000000, 0.000000000000000000, 0.000000000000000000 ) ) ;
#13 = DIRECTION ( 'NONE',  ( -1.084202172485504557E-16, 1.000000000000000000, 0.000000000000000000 ) ) ;
#14 = DIRECTION ( 'NONE',  ( -0.000000000000000000, 0.000000000000000000, 1.000000000000000000 ) ) ;
#15 = ORIENTED_EDGE ( 'NONE', *, *, #1391, .T. ) ;
#16 = DIRECTION ( 'NONE',  ( 0.000000000000000000, -0.000000000000000000, -1.000000000000000000 ) ) ;
#17 = ORIENTED_EDGE ( 'NONE', *, *, #2000, .F. ) ;
#18 = ADVANCED_FACE ( 'NONE', ( #1733 ), #1746, .F. ) ;
#19 = EDGE_CURVE ( 'NONE', #1802, #1475, #497, .T. ) ;
#20 = ADVANCED_FACE ( 'NONE', ( #818 ), #153, .T. ) ;
#21 = CARTESIAN_POINT ( 'NONE',  ( 0.4528796447868922992, 0.9920854831273137053, -0.007914516872685141077 ) ) ;
#22 = SURFACE_STYLE_FILL_AREA ( #1295 ) ;
#23 = CARTESIAN_POINT ( 'NONE',  ( 1.116666666666667140, 0.8666666666666663632, 0.000000000000000000 ) ) ;
#24 = DIRECTION ( 'NONE',  ( 1.000000000000000000, 0.000000000000000000, 0.000000000000000000 ) ) ;
#25 = LINE ( 'NONE', #1121, #2015 ) ;
#26 = LINE ( 'NONE', #1907, #806 ) ;
#27 = VECTOR ( 'NONE', #1905, 1000.000000000000000 ) ;
#28 = EDGE_LOOP ( 'NONE', ( #1927, #150, #744, #1645 ) ) ;
#29 = CARTESIAN_POINT ( 'NONE',  ( -0.2792893218813459200, 3.028060895357587694E-17, -0.05000000000000000278 ) ) ;
#30 = ORIENTED_EDGE ( 'NONE', *, *, #1486, .T. ) ;
#31 = EDGE_CURVE ( 'NONE', #1454, #562, #1741, .T. ) ;
#32 = CARTESIAN_POINT ( 'NONE',  ( -0.3416666666666669516, 0.8666666666666668073, 0.000000000000000000 ) ) ;
#33 = EDGE_CURVE ( 'NONE', #1023, #605, #25, .T. ) ;
#34 = DIRECTION ( 'NONE',  ( 0.000000000000000000, -0.000000000000000000, -1.000000000000000000 ) ) ;
#35 = FACE_OUTER_BOUND ( 'NONE', #1291, .T. ) ;
#36 = AXIS2_PLACEMENT_3D ( 'NONE', #1070, #1539, #113 ) ;
#37 = DIRECTION ( 'NONE',  ( -1.000000000000000000, 0.000000000000000000, -0.000000000000000000 ) ) ;
#38 = CARTESIAN_POINT ( 'NONE',  ( -0.4333333333333332926, -0.8666666666666666963, -0.01464466094067276049 ) ) ;
#39 = ORIENTED_EDGE ( 'NONE', *, *, #1793, .F. ) ;
#40 = ORIENTED_EDGE ( 'NONE', *, *, #1358, .T. ) ;
#41 = FACE_OUTER_BOUND ( 'NONE', #28, .T. ) ;
#42 = CONICAL_SURFACE ( 'NONE', #212, 0.09333333333333329596, 0.7853981633974422838 ) ;
#43 = DIRECTION ( 'NONE',  ( 0.000000000000000000, 0.000000000000000000, 1.000000000000000000 ) ) ;
#44 = FACE_OUTER_BOUND ( 'NONE', #143, .T. ) ;
#45 = AXIS2_PLACEMENT_3D ( 'NONE', #329, #1441, #186 ) ;
#46 = VECTOR ( 'NONE', #1015, 1000.000000000000000 ) ;
#47 = CARTESIAN_POINT ( 'NONE',  ( -0.3416666666666667296, -0.8666666666666663632, 0.05000000000000000278 ) ) ;
#48 = LINE ( 'NONE', #1473, #1463 ) ;
#49 = CONICAL_SURFACE ( 'NONE', #581, 0.08333333333333282911, 0.7853981633974439491 ) ;
#50 = VERTEX_POINT ( 'NONE', #1906 ) ;
#51 = DIRECTION ( 'NONE',  ( 1.000000000000000000, -2.282530889443167022E-16, -0.000000000000000000 ) ) ;
#52 = ORIENTED_EDGE ( 'NONE', *, *, #1554, .T. ) ;
#53 = CARTESIAN_POINT ( 'NONE',  ( 0.3416666666666663410, 0.9500000000000001776, 0.05000000000000000278 ) ) ;
#54 = LINE ( 'NONE', #1004, #174 ) ;
#55 = DIRECTION ( 'NONE',  ( 0.000000000000000000, -0.7071067811865504593, -0.7071067811865445751 ) ) ;
#56 = AXIS2_PLACEMENT_3D ( 'NONE', #1657, #991, #1833 ) ;
#57 = DIRECTION ( 'NONE',  ( 1.000000000000000000, 0.000000000000000000, 0.000000000000000000 ) ) ;
#58 = CARTESIAN_POINT ( 'NONE',  ( 0.3416666666666663410, 0.9500000000000001776, 0.000000000000000000 ) ) ;
#59 = EDGE_CURVE ( 'NONE', #467, #2020, #338, .T. ) ;
#60 = PRODUCT_DEFINITION_FORMATION_WITH_SPECIFIED_SOURCE ( 'ANY', '', #346, .NOT_KNOWN. ) ;
#61 = ORIENTED_EDGE ( 'NONE', *, *, #702, .F. ) ;
#62 = VECTOR ( 'NONE', #1607, 1000.000000000000000 ) ;
#63 = DIRECTION ( 'NONE',  ( -1.000000000000000000, 0.000000000000000000, 0.000000000000000000 ) ) ;
#64 = ORIENTED_EDGE ( 'NONE', *, *, #479, .F. ) ;
#65 = FACE_OUTER_BOUND ( 'NONE', #950, .T. ) ;
#66 = CARTESIAN_POINT ( 'NONE',  ( 0.2792893218813461975, -4.542091343036383699E-17, -0.05000000000000000278 ) ) ;
#67 = CARTESIAN_POINT ( 'NONE',  ( 1.250000000000000222, 0.9999999999999997780, 0.9499999999999999556 ) ) ;
#68 = CYLINDRICAL_SURFACE ( 'NONE', #445, 0.08333333333333325932 ) ;
#69 = VECTOR ( 'NONE', #1122, 1000.000000000000114 ) ;
#70 = LINE ( 'NONE', #1632, #1534 ) ;
#71 = ADVANCED_FACE ( 'NONE', ( #973 ), #320, .T. ) ;
#72 = ORIENTED_EDGE ( 'NONE', *, *, #31, .T. ) ;
#73 = LINE ( 'NONE', #1964, #1888 ) ;
#74 = EDGE_CURVE ( 'NONE', #262, #1990, #1178, .T. ) ;
#75 = EDGE_LOOP ( 'NONE', ( #1189, #156, #1759, #167 ) ) ;
#76 = DIRECTION ( 'NONE',  ( 0.000000000000000000, 0.000000000000000000, 1.000000000000000000 ) ) ;
#77 = CIRCLE ( 'NONE', #703, 0.1333333333333333870 ) ;
#78 = LINE ( 'NONE', #1988, #85 ) ;
#79 = VERTEX_POINT ( 'NONE', #1938 ) ;
#80 = VECTOR ( 'NONE', #1577, 1000.000000000000114 ) ;
#81 = DIRECTION ( 'NONE',  ( -1.000000000000000000, -8.131516293641280297E-16, 0.000000000000000000 ) ) ;
#82 = CARTESIAN_POINT ( 'NONE',  ( -0.3499999999999998113, 3.794707603699265519E-17, -0.05000000000000000278 ) ) ;
#83 = VECTOR ( 'NONE', #1979, 1000.000000000000000 ) ;
#84 = EDGE_LOOP ( 'NONE', ( #1031, #712, #1662, #1505 ) ) ;
#85 = VECTOR ( 'NONE', #1826, 1000.000000000000000 ) ;
#86 = SURFACE_STYLE_USAGE ( .BOTH. , #1512 ) ;
#87 = ORIENTED_EDGE ( 'NONE', *, *, #1703, .T. ) ;
#88 = DIRECTION ( 'NONE',  ( -1.626303258728256898E-16, -1.000000000000000000, -0.000000000000000000 ) ) ;
#89 = EDGE_CURVE ( 'NONE', #1382, #2008, #736, .T. ) ;
#90 = EDGE_CURVE ( 'NONE', #2046, #1995, #1309, .T. ) ;
#91 = DIRECTION ( 'NONE',  ( -1.000000000000000000, 0.000000000000000000, 0.000000000000000000 ) ) ;
#92 = B_SPLINE_CURVE_WITH_KNOTS ( 'NONE', 3,
 ( #465, #974, #187, #1450, #1653, #1992, #404, #1037, #710, #1675 ),
 .UNSPECIFIED., .F., .F.,
 ( 4, 3, 3, 4 ),
 ( 0.000000000000000000, 4.922649324634930182E-05, 7.762347539023309122E-05, 8.021468341071681283E-05 ),
 .UNSPECIFIED. ) ;
#93 = EDGE_LOOP ( 'NONE', ( #998, #1399, #574, #265 ) ) ;
#94 = FACE_OUTER_BOUND ( 'NONE', #511, .T. ) ;
#95 = FACE_OUTER_BOUND ( 'NONE', #406, .T. ) ;
#96 = AXIS2_PLACEMENT_3D ( 'NONE', #619, #1921, #314 ) ;
#97 = ORIENTED_EDGE ( 'NONE', *, *, #1891, .T. ) ;
#98 = ORIENTED_EDGE ( 'NONE', *, *, #877, .F. ) ;
#99 = FACE_OUTER_BOUND ( 'NONE', #1196, .T. ) ;
#100 = CARTESIAN_POINT ( 'NONE',  ( 0.3146446609406738926, 0.8666666666666664742, -0.01464466094067274661 ) ) ;
#101 = EDGE_CURVE ( 'NONE', #925, #2053, #517, .T. ) ;
#102 = ORIENTED_EDGE ( 'NONE', *, *, #171, .F. ) ;
#103 = LINE ( 'NONE', #729, #1947 ) ;
#104 = PRESENTATION_STYLE_ASSIGNMENT (( #567 ) ) ;
#105 = AXIS2_PLACEMENT_3D ( 'NONE', #423, #1695, #1686 ) ;
#106 = ORIENTED_EDGE ( 'NONE', *, *, #110, .F. ) ;
#107 = CARTESIAN_POINT ( 'NONE',  ( 0.000000000000000000, 0.000000000000000000, 0.000000000000000000 ) ) ;
#108 = VERTEX_POINT ( 'NONE', #1788 ) ;
#109 = CARTESIAN_POINT ( 'NONE',  ( 1.116666666666666474, 0.9999999999999997780, 9.690056916589193907E-16 ) ) ;
#110 = EDGE_CURVE ( 'NONE', #1351, #241, #1484, .T. ) ;
#111 = ORIENTED_EDGE ( 'NONE', *, *, #1129, .T. ) ;
#112 = FACE_OUTER_BOUND ( 'NONE', #1168, .T. ) ;
#113 = DIRECTION ( 'NONE',  ( -1.084202172485504557E-16, 1.000000000000000000, 0.000000000000000000 ) ) ;
#114 = VERTEX_POINT ( 'NONE', #698 ) ;
#115 = AXIS2_PLACEMENT_3D ( 'NONE', #964, #635, #140 ) ;
#116 = ORIENTED_EDGE ( 'NONE', *, *, #89, .F. ) ;
#117 = AXIS2_PLACEMENT_3D ( 'NONE', #793, #1427, #1879 ) ;
#118 = LINE ( 'NONE', #420, #2042 ) ;
#119 = ORIENTED_EDGE ( 'NONE', *, *, #1625, .T. ) ;
#120 = PLANE ( 'NONE',  #1608 ) ;
#121 = CYLINDRICAL_SURFACE ( 'NONE', #105, 0.08333333333333331483 ) ;
#122 = EDGE_CURVE ( 'NONE', #467, #1176, #1340, .T. ) ;
#123 = EDGE_LOOP ( 'NONE', ( #1238, #775, #252, #1524 ) ) ;
#124 = ORIENTED_EDGE ( 'NONE', *, *, #33, .T. ) ;
#125 = DIRECTION ( 'NONE',  ( -0.000000000000000000, 0.000000000000000000, 1.000000000000000000 ) ) ;
#126 = VECTOR ( 'NONE', #631, 1000.000000000000114 ) ;
#127 = ORIENTED_EDGE ( 'NONE', *, *, #453, .T. ) ;
#128 = DIRECTION ( 'NONE',  ( -0.000000000000000000, 0.000000000000000000, -1.000000000000000000 ) ) ;
#129 = CARTESIAN_POINT ( 'NONE',  ( 1.250000000000000000, -0.9499999999999999556, -0.05000000000000000278 ) ) ;
#130 = ORIENTED_EDGE ( 'NONE', *, *, #101, .T. ) ;
#131 = LINE ( 'NONE', #932, #438 ) ;
#132 = ORIENTED_EDGE ( 'NONE', *, *, #1360, .F. ) ;
#133 = PRODUCT ( 'pin_\X2\9ed88ba4\X0\', 'pin_\X2\9ed88ba4\X0\', '', ( #1909 ) ) ;
#134 = CIRCLE ( 'NONE', #1937, 0.08333333333333331483 ) ;
#135 = EDGE_CURVE ( 'NONE', #1532, #1870, #1574, .T. ) ;
#136 = CARTESIAN_POINT ( 'NONE',  ( -0.4619346389384180185, -0.9942342549213868397, -0.005765745078612323320 ) ) ;
#137 = ORIENTED_EDGE ( 'NONE', *, *, #1898, .F. ) ;
#138 = LINE ( 'NONE', #545, #46 ) ;
#139 = CARTESIAN_POINT ( 'NONE',  ( 1.116666666666667140, 0.9499999999999997335, 0.000000000000000000 ) ) ;
#140 = DIRECTION ( 'NONE',  ( 1.000000000000000000, 0.000000000000000000, 0.000000000000000000 ) ) ;
#141 = DIRECTION ( 'NONE',  ( -1.000000000000000000, 0.000000000000000000, 0.000000000000000000 ) ) ;
#142 = CIRCLE ( 'NONE', #1307, 0.05000000000000000278 ) ;
#143 = EDGE_LOOP ( 'NONE', ( #1106, #1269, #2004, #1021 ) ) ;
#144 = VECTOR ( 'NONE', #1407, 1000.000000000000000 ) ;
#145 = VECTOR ( 'NONE', #43, 1000.000000000000000 ) ;
#146 = DIRECTION ( 'NONE',  ( -1.000000000000000000, 0.000000000000000000, 0.000000000000000000 ) ) ;
#147 = ADVANCED_FACE ( 'NONE', ( #1776 ), #1329, .T. ) ;
#148 = CYLINDRICAL_SURFACE ( 'NONE', #117, 0.1333333333333333870 ) ;
#149 = CIRCLE ( 'NONE', #1849, 0.1333333333333333870 ) ;
#150 = ORIENTED_EDGE ( 'NONE', *, *, #90, .F. ) ;
#151 = DIRECTION ( 'NONE',  ( 1.000000000000000000, 0.000000000000000000, 0.000000000000000000 ) ) ;
#152 = DIRECTION ( 'NONE',  ( -0.000000000000000000, -0.000000000000000000, 1.000000000000000000 ) ) ;
#153 = PLANE ( 'NONE',  #381 ) ;
#154 = DIRECTION ( 'NONE',  ( 0.000000000000000000, 0.7071067811865439090, 0.7071067811865512365 ) ) ;
#155 = DIRECTION ( 'NONE',  ( 0.000000000000000000, 0.000000000000000000, 1.000000000000000000 ) ) ;
#156 = ORIENTED_EDGE ( 'NONE', *, *, #1527, .F. ) ;
#157 = CARTESIAN_POINT ( 'NONE',  ( -0.3561855550993347497, 0.9999999999999997780, 0.000000000000000000 ) ) ;
#158 = CARTESIAN_POINT ( 'NONE',  ( -0.4333333333333332926, -0.9853553390593264849, -0.01464466094067274488 ) ) ;
#159 = EDGE_CURVE ( 'NONE', #2020, #1942, #1011, .T. ) ;
#160 = ORIENTED_EDGE ( 'NONE', *, *, #851, .F. ) ;
#161 = CARTESIAN_POINT ( 'NONE',  ( 0.3561855550993351938, 0.9999999999999997780, 0.000000000000000000 ) ) ;
#162 = FACE_OUTER_BOUND ( 'NONE', #1422, .T. ) ;
#163 = AXIS2_PLACEMENT_3D ( 'NONE', #1339, #1980, #1184 ) ;
#164 = ADVANCED_FACE ( 'NONE', ( #1352 ), #1950, .F. ) ;
#165 = PLANE ( 'NONE',  #1404 ) ;
#166 = CARTESIAN_POINT ( 'NONE',  ( 0.3416666666666663410, 0.8666666666666668073, 0.05000000000000000278 ) ) ;
#167 = ORIENTED_EDGE ( 'NONE', *, *, #1185, .F. ) ;
#168 = DIRECTION ( 'NONE',  ( 1.000000000000000000, -1.084202172485505420E-16, 0.000000000000000000 ) ) ;
#169 = VECTOR ( 'NONE', #604, 1000.000000000000000 ) ;
#170 = CARTESIAN_POINT ( 'NONE',  ( -1.116666666666666474, 0.8666666666666664742, 0.9099999999999994760 ) ) ;
#171 = EDGE_CURVE ( 'NONE', #1250, #1728, #911, .T. ) ;
#172 = DIRECTION ( 'NONE',  ( -1.000000000000000000, -0.000000000000000000, -0.000000000000000000 ) ) ;
#173 = CARTESIAN_POINT ( 'NONE',  ( 1.250000000000000222, 0.8666666666666664742, 9.757819552369537934E-16 ) ) ;
#174 = VECTOR ( 'NONE', #1469, 1000.000000000000000 ) ;
#175 = VERTEX_POINT ( 'NONE', #1663 ) ;
#176 = DIRECTION ( 'NONE',  ( -0.7071067811865416886, 0.000000000000000000, -0.7071067811865532349 ) ) ;
#177 = ADVANCED_FACE ( 'NONE', ( #1155 ), #996, .T. ) ;
#178 = ITEM_DEFINED_TRANSFORMATION ( 'NONE', 'NONE', #1958,  #615 ) ;
#179 = VERTEX_POINT ( 'NONE', #506 ) ;
#180 = CARTESIAN_POINT ( 'NONE',  ( -1.199999999999999956, 0.8666666666666662522, 0.000000000000000000 ) ) ;
#181 = DIRECTION ( 'NONE',  ( 0.000000000000000000, -0.000000000000000000, 1.000000000000000000 ) ) ;
#182 = VECTOR ( 'NONE', #853, 1000.000000000000000 ) ;
#183 = PRODUCT_DEFINITION_SHAPE ( 'NONE', 'NONE',  #1349 ) ;
#184 = DIRECTION ( 'NONE',  ( -0.000000000000000000, 0.000000000000000000, 1.000000000000000000 ) ) ;
#185 = CARTESIAN_POINT ( 'NONE',  ( -0.4333333333333332926, -1.000000000000000000, 9.893344823930227960E-16 ) ) ;
#186 = DIRECTION ( 'NONE',  ( 1.000000000000000000, 0.000000000000000000, 0.000000000000000000 ) ) ;
#187 = CARTESIAN_POINT ( 'NONE',  ( 0.4774908299082670782, -0.9979257762873712245, -0.002074223712627931097 ) ) ;
#188 = EDGE_CURVE ( 'NONE', #925, #386, #1709, .T. ) ;
#189 =( NAMED_UNIT ( * ) PLANE_ANGLE_UNIT ( ) SI_UNIT ( $, .RADIAN. ) );
#190 = VERTEX_POINT ( 'NONE', #1959 ) ;
#191 = CARTESIAN_POINT ( 'NONE',  ( -1.116666666666666696, 0.8666666666666662522, -0.05000000000000000278 ) ) ;
#192 = AXIS2_PLACEMENT_3D ( 'NONE', #1135, #1249, #1424 ) ;
#193 = CARTESIAN_POINT ( 'NONE',  ( -0.4250000000000002665, 0.8666666666666668073, 0.000000000000000000 ) ) ;
#194 = DIRECTION ( 'NONE',  ( 0.000000000000000000, -0.7071067811865444641, 0.7071067811865505703 ) ) ;
#195 = DIRECTION ( 'NONE',  ( -1.000000000000000000, -2.282530889443167515E-16, 0.000000000000000000 ) ) ;
#196 = PLANE ( 'NONE',  #1983 ) ;
#197 = CARTESIAN_POINT ( 'NONE',  ( -1.199999999999999067, -0.8666666666666668073, -0.05000000000000000278 ) ) ;
#198 = VECTOR ( 'NONE', #525, 1000.000000000000000 ) ;
#199 = ORIENTED_EDGE ( 'NONE', *, *, #1428, .T. ) ;
#200 = DIRECTION ( 'NONE',  ( 1.000000000000000000, 0.000000000000000000, 0.000000000000000000 ) ) ;
#201 = VERTEX_POINT ( 'NONE', #526 ) ;
#202 = ADVANCED_FACE ( 'NONE', ( #839 ), #196, .T. ) ;
#203 = DIRECTION ( 'NONE',  ( -1.000000000000000000, 0.000000000000000000, 0.000000000000000000 ) ) ;
#204 = PLANE ( 'NONE',  #560 ) ;
#205 = CARTESIAN_POINT ( 'NONE',  ( -0.3499999999999998113, 3.794707603699265519E-17, 0.000000000000000000 ) ) ;
#206 = DIRECTION ( 'NONE',  ( 0.000000000000000000, 0.000000000000000000, -1.000000000000000000 ) ) ;
#207 = ORIENTED_EDGE ( 'NONE', *, *, #299, .T. ) ;
#208 = CARTESIAN_POINT ( 'NONE',  ( 0.3819004705188950299, -1.000000000000000000, -7.265954500665792015E-18 ) ) ;
#209 = VECTOR ( 'NONE', #898, 1000.000000000000000 ) ;
#210 = VERTEX_POINT ( 'NONE', #666 ) ;
#211 = LINE ( 'NONE', #694, #1114 ) ;
#212 = AXIS2_PLACEMENT_3D ( 'NONE', #1604, #1457, #1479 ) ;
#213 = EDGE_CURVE ( 'NONE', #1203, #1475, #383, .T. ) ;
#214 = DIRECTION ( 'NONE',  ( 0.000000000000000000, -0.000000000000000000, -1.000000000000000000 ) ) ;
#215 = DIRECTION ( 'NONE',  ( 0.000000000000000000, 0.000000000000000000, -1.000000000000000000 ) ) ;
#216 = VECTOR ( 'NONE', #228, 999.9999999999998863 ) ;
#217 = AXIS2_PLACEMENT_3D ( 'NONE', #970, #471, #1721 ) ;
#218 = CARTESIAN_POINT ( 'NONE',  ( 0.4333333333333337367, 0.9999999999999997780, 9.893344823930227960E-16 ) ) ;
#219 = DIRECTION ( 'NONE',  ( 0.000000000000000000, -0.000000000000000000, -1.000000000000000000 ) ) ;
#220 = CIRCLE ( 'NONE', #516, 0.08333333333333325932 ) ;
#221 = EDGE_LOOP ( 'NONE', ( #1903, #1354, #1955, #429 ) ) ;
#222 = DIRECTION ( 'NONE',  ( 0.000000000000000000, 0.000000000000000000, 1.000000000000000000 ) ) ;
#223 = EDGE_LOOP ( 'NONE', ( #735, #916, #102, #788 ) ) ;
#224 = LINE ( 'NONE', #1447, #145 ) ;
#225 = CARTESIAN_POINT ( 'NONE',  ( 1.116666666666667140, -1.000000000000000000, 9.757819552369539906E-16 ) ) ;
#226 = AXIS2_PLACEMENT_3D ( 'NONE', #551, #1000, #1344 ) ;
#227 = EDGE_CURVE ( 'NONE', #1689, #352, #1641, .T. ) ;
#228 = DIRECTION ( 'NONE',  ( 0.000000000000000000, 0.7071067811865439090, 0.7071067811865512365 ) ) ;
#229 = LINE ( 'NONE', #1028, #695 ) ;
#230 = EDGE_CURVE ( 'NONE', #305, #580, #1631, .T. ) ;
#231 = ORIENTED_EDGE ( 'NONE', *, *, #532, .T. ) ;
#232 = AXIS2_PLACEMENT_3D ( 'NONE', #930, #952, #1925 ) ;
#233 = ORIENTED_EDGE ( 'NONE', *, *, #1624, .F. ) ;
#234 = CARTESIAN_POINT ( 'NONE',  ( -0.4333333333333332926, -0.9853553390593264849, -0.01464466094067274488 ) ) ;
#235 = CARTESIAN_POINT ( 'NONE',  ( -0.4250000000000002665, 0.9500000000000001776, 0.05000000000000000278 ) ) ;
#236 = ORIENTED_EDGE ( 'NONE', *, *, #1014, .T. ) ;
#237 = CARTESIAN_POINT ( 'NONE',  ( 0.3416666666666663410, 0.8666666666666668073, 0.05000000000000000278 ) ) ;
#238 = CIRCLE ( 'NONE', #1393, 0.1186886723926597054 ) ;
#239 = CARTESIAN_POINT ( 'NONE',  ( -0.4250000000000002665, 0.9500000000000001776, 0.05000000000000000278 ) ) ;
#240 = ADVANCED_FACE ( 'NONE', ( #862 ), #68, .F. ) ;
#241 = VERTEX_POINT ( 'NONE', #1871 ) ;
#242 = PRODUCT_RELATED_PRODUCT_CATEGORY ( 'part', '', ( #133 ) ) ;
#243 = UNCERTAINTY_MEASURE_WITH_UNIT (LENGTH_MEASURE( 1.000000000000000082E-05 ), #1531, 'distance_accuracy_value', 'NONE');
#244 = EDGE_LOOP ( 'NONE', ( #1413, #132, #656, #1837 ) ) ;
#245 = CARTESIAN_POINT ( 'NONE',  ( -0.4250000000000000444, -0.8666666666666659191, 0.05000000000000000278 ) ) ;
#246 = VECTOR ( 'NONE', #1622, 1000.000000000000000 ) ;
#247 = CARTESIAN_POINT ( 'NONE',  ( -0.4250000000000002665, 0.8666666666666668073, 0.05000000000000000278 ) ) ;
#248 = ORIENTED_EDGE ( 'NONE', *, *, #767, .T. ) ;
#249 = CARTESIAN_POINT ( 'NONE',  ( -1.249999999999999556, -0.8666666666666668073, 9.690056916589191935E-16 ) ) ;
#250 = CARTESIAN_POINT ( 'NONE',  ( -1.249999999999999778, 0.8666666666666664742, 0.9499999999999999556 ) ) ;
#251 = VECTOR ( 'NONE', #1130, 1000.000000000000000 ) ;
#252 = ORIENTED_EDGE ( 'NONE', *, *, #230, .F. ) ;
#253 = EDGE_CURVE ( 'NONE', #1351, #1389, #880, .T. ) ;
#254 = AXIS2_PLACEMENT_3D ( 'NONE', #483, #1752, #12 ) ;
#255 = EDGE_CURVE ( 'NONE', #562, #770, #2030, .T. ) ;
#256 = ORIENTED_EDGE ( 'NONE', *, *, #1640, .F. ) ;
#257 = CARTESIAN_POINT ( 'NONE',  ( -1.116666666666666474, 0.8666666666666664742, 9.757819552369539906E-16 ) ) ;
#258 = LINE ( 'NONE', #2007, #209 ) ;
#259 = EDGE_LOOP ( 'NONE', ( #1346, #1179, #790, #119 ) ) ;
#260 = CARTESIAN_POINT ( 'NONE',  ( -1.116666666666666252, -0.9499999999999995115, -0.05000000000000000278 ) ) ;
#261 = AXIS2_PLACEMENT_3D ( 'NONE', #1477, #682, #521 ) ;
#262 = VERTEX_POINT ( 'NONE', #884 ) ;
#263 =( NAMED_UNIT ( * ) PLANE_ANGLE_UNIT ( ) SI_UNIT ( $, .RADIAN. ) );
#264 = EDGE_CURVE ( 'NONE', #2053, #1077, #912, .T. ) ;
#265 = ORIENTED_EDGE ( 'NONE', *, *, #739, .T. ) ;
#266 = DIRECTION ( 'NONE',  ( 0.000000000000000000, 0.000000000000000000, -1.000000000000000000 ) ) ;
#267 = ORIENTED_EDGE ( 'NONE', *, *, #213, .T. ) ;
#268 = CARTESIAN_POINT ( 'NONE',  ( -1.116666666666666474, 0.9999999999999997780, 0.9099999999999994760 ) ) ;
#269 = DIRECTION ( 'NONE',  ( -1.000000000000000000, 0.000000000000000000, 0.000000000000000000 ) ) ;
#270 = VECTOR ( 'NONE', #1485, 1000.000000000000000 ) ;
#271 = ORIENTED_EDGE ( 'NONE', *, *, #1391, .F. ) ;
#272 = SURFACE_STYLE_FILL_AREA ( #1855 ) ;
#273 = ORIENTED_EDGE ( 'NONE', *, *, #1468, .F. ) ;
#274 = CARTESIAN_POINT ( 'NONE',  ( -0.4333333333333330151, 0.8666666666666661412, 0.000000000000000000 ) ) ;
#275 = VECTOR ( 'NONE', #1635, 1000.000000000000114 ) ;
#276 = ORIENTED_EDGE ( 'NONE', *, *, #852, .F. ) ;
#277 = CARTESIAN_POINT ( 'NONE',  ( 0.000000000000000000, 0.000000000000000000, 0.000000000000000000 ) ) ;
#278 = SURFACE_STYLE_FILL_AREA ( #2031 ) ;
#279 = ORIENTED_EDGE ( 'NONE', *, *, #846, .T. ) ;
#280 = AXIS2_PLACEMENT_3D ( 'NONE', #1143, #1969, #537 ) ;
#281 = UNCERTAINTY_MEASURE_WITH_UNIT (LENGTH_MEASURE( 1.000000000000000082E-05 ), #1985, 'distance_accuracy_value', 'NONE');
#282 = ORIENTED_EDGE ( 'NONE', *, *, #1003, .T. ) ;
#283 = DIRECTION ( 'NONE',  ( 0.000000000000000000, 0.000000000000000000, 1.000000000000000000 ) ) ;
#284 = ORIENTED_EDGE ( 'NONE', *, *, #253, .T. ) ;
#285 = CYLINDRICAL_SURFACE ( 'NONE', #1678, 0.08333333333333331483 ) ;
#286 = CARTESIAN_POINT ( 'NONE',  ( -1.116666666666666252, -1.000000000000000000, 0.9499999999999999556 ) ) ;
#287 = ORIENTED_EDGE ( 'NONE', *, *, #1714, .F. ) ;
#288 = CARTESIAN_POINT ( 'NONE',  ( 0.4333333333333331816, -0.9499999999999999556, -0.05000000000000000278 ) ) ;
#289 = ADVANCED_FACE ( 'NONE', ( #112 ), #120, .T. ) ;
#290 = ADVANCED_FACE ( 'NONE', ( #1519 ), #1079, .T. ) ;
#291 = ORIENTED_EDGE ( 'NONE', *, *, #914, .T. ) ;
#292 = FACE_OUTER_BOUND ( 'NONE', #1053, .T. ) ;
#293 = CIRCLE ( 'NONE', #1225, 0.08333333333333325932 ) ;
#294 = ORIENTED_EDGE ( 'NONE', *, *, #110, .T. ) ;
#295 = PLANE ( 'NONE',  #217 ) ;
#296 = CARTESIAN_POINT ( 'NONE',  ( 1.116666666666667140, -1.000000000000000000, 0.9099999999999994760 ) ) ;
#297 = VERTEX_POINT ( 'NONE', #268 ) ;
#298 = DIRECTION ( 'NONE',  ( 0.000000000000000000, 0.000000000000000000, -1.000000000000000000 ) ) ;
#299 = EDGE_CURVE ( 'NONE', #114, #925, #748, .T. ) ;
#300 = EDGE_CURVE ( 'NONE', #305, #770, #737, .T. ) ;
#301 = DIRECTION ( 'NONE',  ( 0.000000000000000000, 0.000000000000000000, 1.000000000000000000 ) ) ;
#302 = ORIENTED_EDGE ( 'NONE', *, *, #1624, .T. ) ;
#303 = VECTOR ( 'NONE', #1387, 1000.000000000000000 ) ;
#304 = DIRECTION ( 'NONE',  ( 1.000000000000000000, 0.000000000000000000, 0.000000000000000000 ) ) ;
#305 = VERTEX_POINT ( 'NONE', #1712 ) ;
#306 = DIRECTION ( 'NONE',  ( -0.000000000000000000, 0.000000000000000000, 1.000000000000000000 ) ) ;
#307 = LINE ( 'NONE', #185, #1388 ) ;
#308 = ORIENTED_EDGE ( 'NONE', *, *, #437, .T. ) ;
#309 = FACE_OUTER_BOUND ( 'NONE', #221, .T. ) ;
#310 = AXIS2_PLACEMENT_3D ( 'NONE', #1032, #1814, #923 ) ;
#311 = ORIENTED_EDGE ( 'NONE', *, *, #1923, .T. ) ;
#312 = ADVANCED_FACE ( 'NONE', ( #1386 ), #413, .F. ) ;
#313 = AXIS2_PLACEMENT_3D ( 'NONE', #1796, #1459, #1806 ) ;
#314 = DIRECTION ( 'NONE',  ( -1.000000000000000000, 0.000000000000000000, 0.000000000000000000 ) ) ;
#315 = DIRECTION ( 'NONE',  ( 1.000000000000000000, 0.000000000000000000, 0.000000000000000000 ) ) ;
#316 = ADVANCED_FACE ( 'NONE', ( #94 ), #285, .F. ) ;
#317 = AXIS2_PLACEMENT_3D ( 'NONE', #274, #1350, #881 ) ;
#318 = ORIENTED_EDGE ( 'NONE', *, *, #899, .F. ) ;
#319 = DIRECTION ( 'NONE',  ( -0.000000000000000000, 0.000000000000000000, 1.000000000000000000 ) ) ;
#320 = PLANE ( 'NONE',  #45 ) ;
#321 = CARTESIAN_POINT ( 'NONE',  ( -0.2999999999999999889, -0.8666666666666665853, 9.825582188149881961E-16 ) ) ;
#322 = SHAPE_DEFINITION_REPRESENTATION ( #449, #1414 ) ;
#323 = ORIENTED_EDGE ( 'NONE', *, *, #2000, .T. ) ;
#324 = CARTESIAN_POINT ( 'NONE',  ( -1.249999999999999778, 0.8666666666666664742, 0.9099999999999994760 ) ) ;
#325 = CARTESIAN_POINT ( 'NONE',  ( -0.4774908299082665786, -0.9979257762873712245, -0.002074223712628032144 ) ) ;
#326 = EDGE_CURVE ( 'NONE', #332, #386, #1991, .T. ) ;
#327 = CARTESIAN_POINT ( 'NONE',  ( 1.250000000000000222, 0.8666666666666664742, 0.9499999999999999556 ) ) ;
#328 = AXIS2_PLACEMENT_3D ( 'NONE', #1482, #1807, #1306 ) ;
#329 = CARTESIAN_POINT ( 'NONE',  ( 0.000000000000000000, 0.000000000000000000, 0.05000000000000000278 ) ) ;
#330 = DIRECTION ( 'NONE',  ( 1.000000000000000000, 0.000000000000000000, 0.000000000000000000 ) ) ;
#331 = APPLICATION_PROTOCOL_DEFINITION ( 'draft international standard', 'automotive_design', 1998, #432 ) ;
#332 = VERTEX_POINT ( 'NONE', #893 ) ;
#333 = B_SPLINE_CURVE_WITH_KNOTS ( 'NONE', 3,
 ( #856, #208, #1812, #867, #1975, #1465 ),
 .UNSPECIFIED., .F., .F.,
 ( 4, 2, 4 ),
 ( 1.084924369493443690E-19, 7.709325645069851538E-05, 0.0001541865129013969223 ),
 .UNSPECIFIED. ) ;
#334 = CARTESIAN_POINT ( 'NONE',  ( -0.4250000000000000444, -0.8666666666666659191, 0.000000000000000000 ) ) ;
#335 = VECTOR ( 'NONE', #840, 1000.000000000000000 ) ;
#336 = LINE ( 'NONE', #327, #144 ) ;
#337 = ADVANCED_FACE ( 'NONE', ( #1538 ), #1545, .T. ) ;
#338 = LINE ( 'NONE', #473, #1542 ) ;
#339 = CARTESIAN_POINT ( 'NONE',  ( 0.3500000000000002554, 0.8666666666666663632, -0.05000000000000000278 ) ) ;
#340 = SHAPE_REPRESENTATION_RELATIONSHIP ( 'NONE' , 'NONE' ,  #1414, #700 ) ;
#341 = AXIS2_PLACEMENT_3D ( 'NONE', #498, #6, #1258 ) ;
#342 = ORIENTED_EDGE ( 'NONE', *, *, #1014, .F. ) ;
#343 = DIRECTION ( 'NONE',  ( 0.000000000000000000, 0.000000000000000000, 1.000000000000000000 ) ) ;
#344 = DIRECTION ( 'NONE',  ( 0.000000000000000000, 0.000000000000000000, -1.000000000000000000 ) ) ;
#345 = AXIS2_PLACEMENT_3D ( 'NONE', #1629, #1618, #347 ) ;
#346 = PRODUCT ( 'body_\X2\9ed88ba4\X0\', 'body_\X2\9ed88ba4\X0\', '', ( #956 ) ) ;
#347 = DIRECTION ( 'NONE',  ( 1.000000000000000000, 0.000000000000000000, 0.000000000000000000 ) ) ;
#348 = CYLINDRICAL_SURFACE ( 'NONE', #926, 0.04999999999999999584 ) ;
#349 = VECTOR ( 'NONE', #1251, 1000.000000000000000 ) ;
#350 = DIRECTION ( 'NONE',  ( 0.000000000000000000, -0.000000000000000000, -1.000000000000000000 ) ) ;
#351 = DIRECTION ( 'NONE',  ( 0.000000000000000000, -0.000000000000000000, 1.000000000000000000 ) ) ;
#352 = VERTEX_POINT ( 'NONE', #2021 ) ;
#353 = EDGE_CURVE ( 'NONE', #608, #1548, #1209, .T. ) ;
#354 = EDGE_CURVE ( 'NONE', #1382, #1689, #103, .T. ) ;
#355 = FACE_OUTER_BOUND ( 'NONE', #714, .T. ) ;
#356 = ORIENTED_EDGE ( 'NONE', *, *, #171, .T. ) ;
#357 = PRESENTATION_LAYER_ASSIGNMENT (  '', '', ( #715 ) ) ;
#358 = SURFACE_SIDE_STYLE ('',( #22 ) ) ;
#359 = LINE ( 'NONE', #1956, #1973 ) ;
#360 = CARTESIAN_POINT ( 'NONE',  ( 0.3561855550993351938, 0.9999999999999997780, 0.000000000000000000 ) ) ;
#361 = DIRECTION ( 'NONE',  ( 1.000000000000000000, -2.282530889443167022E-16, -0.000000000000000000 ) ) ;
#362 = DIRECTION ( 'NONE',  ( 1.141265444721583757E-16, -1.000000000000000000, 0.000000000000000000 ) ) ;
#363 = ORIENTED_EDGE ( 'NONE', *, *, #610, .T. ) ;
#364 = UNCERTAINTY_MEASURE_WITH_UNIT (LENGTH_MEASURE( 1.000000000000000082E-05 ), #457, 'distance_accuracy_value', 'NONE');
#365 = ADVANCED_FACE ( 'NONE', ( #1863 ), #1704, .F. ) ;
#366 = PLANE ( 'NONE',  #56 ) ;
#367 = VERTEX_POINT ( 'NONE', #961 ) ;
#368 = DIRECTION ( 'NONE',  ( 0.000000000000000000, -0.000000000000000000, -1.000000000000000000 ) ) ;
#369 = VECTOR ( 'NONE', #176, 1000.000000000000114 ) ;
#370 = CARTESIAN_POINT ( 'NONE',  ( 0.4333333333333331816, -0.8666666666666665853, 0.000000000000000000 ) ) ;
#371 = PLANE ( 'NONE',  #1060 ) ;
#372 = DIRECTION ( 'NONE',  ( -1.000000000000000000, 0.000000000000000000, 0.000000000000000000 ) ) ;
#373 = CIRCLE ( 'NONE', #4, 0.08333333333333331483 ) ;
#374 = LINE ( 'NONE', #250, #1970 ) ;
#375 = VERTEX_POINT ( 'NONE', #1606 ) ;
#376 = EDGE_LOOP ( 'NONE', ( #571, #639, #1541, #539 ) ) ;
#377 = DIRECTION ( 'NONE',  ( 0.7071067811865504593, 7.666467083416902738E-17, 0.7071067811865445751 ) ) ;
#378 = EDGE_CURVE ( 'NONE', #1073, #2008, #336, .T. ) ;
#379 = DIRECTION ( 'NONE',  ( 1.626303258728256898E-16, 1.000000000000000000, 0.000000000000000000 ) ) ;
#380 = LINE ( 'NONE', #1957, #1126 ) ;
#381 = AXIS2_PLACEMENT_3D ( 'NONE', #625, #1409, #487 ) ;
#382 = ORIENTED_EDGE ( 'NONE', *, *, #353, .F. ) ;
#383 = LINE ( 'NONE', #1798, #1078 ) ;
#384 = CARTESIAN_POINT ( 'NONE',  ( 2.168404344971008375E-16, -0.9499999999999996225, -0.000000000000000000 ) ) ;
#385 = MECHANICAL_DESIGN_GEOMETRIC_PRESENTATION_REPRESENTATION (  '', ( #780 ), #982 ) ;
#386 = VERTEX_POINT ( 'NONE', #2062 ) ;
#387 = FACE_OUTER_BOUND ( 'NONE', #376, .T. ) ;
#388 = EDGE_LOOP ( 'NONE', ( #855, #811, #434, #342 ) ) ;
#389 = DIRECTION ( 'NONE',  ( -0.000000000000000000, -0.000000000000000000, 1.000000000000000000 ) ) ;
#390 = DIRECTION ( 'NONE',  ( -0.000000000000000000, -0.000000000000000000, 1.000000000000000000 ) ) ;
#391 = ADVANCED_FACE ( 'NONE', ( #2 ), #295, .T. ) ;
#392 = EDGE_CURVE ( 'NONE', #1548, #857, #944, .T. ) ;
#393 = DIRECTION ( 'NONE',  ( 0.000000000000000000, 0.000000000000000000, -1.000000000000000000 ) ) ;
#394 = DIRECTION ( 'NONE',  ( -1.000000000000000000, 0.000000000000000000, 0.000000000000000000 ) ) ;
#395 = CARTESIAN_POINT ( 'NONE',  ( -0.4588805156822605702, 0.9999999999999997780, -0.004505640591491436552 ) ) ;
#396 = EDGE_LOOP ( 'NONE', ( #318, #938, #1866, #708 ) ) ;
#397 = FILL_AREA_STYLE ('',( #1821 ) ) ;
#398 = ORIENTED_EDGE ( 'NONE', *, *, #1777, .F. ) ;
#399 = DIRECTION ( 'NONE',  ( -1.084202172485504927E-16, -1.000000000000000000, 0.000000000000000000 ) ) ;
#400 = DIRECTION ( 'NONE',  ( -1.000000000000000000, -0.000000000000000000, -0.000000000000000000 ) ) ;
#401 = EDGE_LOOP ( 'NONE', ( #1820, #398, #9, #1881 ) ) ;
#402 = CARTESIAN_POINT ( 'NONE',  ( -0.4847661961477707226, -1.000000000000000000, 8.982387358937827670E-16 ) ) ;
#403 = CIRCLE ( 'NONE', #1167, 0.1333333333333333870 ) ;
#404 = CARTESIAN_POINT ( 'NONE',  ( 0.4356162189310295307, -0.9862221701712652333, -0.01377782982873393576 ) ) ;
#405 = EDGE_CURVE ( 'NONE', #332, #1706, #644, .T. ) ;
#406 = EDGE_LOOP ( 'NONE', ( #199, #207, #130, #660 ) ) ;
#407 = ORIENTED_EDGE ( 'NONE', *, *, #936, .T. ) ;
#408 = DIRECTION ( 'NONE',  ( -1.084202172485504927E-16, -1.000000000000000000, 5.898625951562356313E-33 ) ) ;
#409 = VECTOR ( 'NONE', #955, 1000.000000000000000 ) ;
#410 = LINE ( 'NONE', #2019, #1215 ) ;
#411 = EDGE_LOOP ( 'NONE', ( #294, #1670, #621, #1092, #1380 ) ) ;
#412 = VECTOR ( 'NONE', #548, 1000.000000000000000 ) ;
#413 = PLANE ( 'NONE',  #1510 ) ;
#414 = CARTESIAN_POINT ( 'NONE',  ( -0.4333333333333332371, -0.9499999999999997335, -0.05000000000000000278 ) ) ;
#415 = AXIS2_PLACEMENT_3D ( 'NONE', #623, #1273, #1914 ) ;
#416 = ORIENTED_EDGE ( 'NONE', *, *, #1777, .T. ) ;
#417 = CIRCLE ( 'NONE', #447, 0.09333333333333329596 ) ;
#418 =( LENGTH_UNIT ( ) NAMED_UNIT ( * ) SI_UNIT ( .MILLI., .METRE. ) );
#419 = EDGE_LOOP ( 'NONE', ( #1556, #461, #2035, #39, #1316 ) ) ;
#420 = CARTESIAN_POINT ( 'NONE',  ( 2.168404344971008375E-16, -0.9499999999999996225, -0.05000000000000000278 ) ) ;
#421 = EDGE_LOOP ( 'NONE', ( #455, #1452, #825, #630 ) ) ;
#422 = DIRECTION ( 'NONE',  ( -0.000000000000000000, 0.000000000000000000, -1.000000000000000000 ) ) ;
#423 = CARTESIAN_POINT ( 'NONE',  ( 0.4333333333333331816, -0.8666666666666665853, -0.05000000000000000278 ) ) ;
#424 = ORIENTED_EDGE ( 'NONE', *, *, #74, .T. ) ;
#425 = ORIENTED_EDGE ( 'NONE', *, *, #822, .T. ) ;
#426 = VECTOR ( 'NONE', #24, 1000.000000000000000 ) ;
#427 = ADVANCED_FACE ( 'NONE', ( #939 ), #462, .T. ) ;
#428 = CARTESIAN_POINT ( 'NONE',  ( -0.4333333333333330706, 0.9853553390593262629, -0.01464466094067273967 ) ) ;
#429 = ORIENTED_EDGE ( 'NONE', *, *, #1974, .T. ) ;
#430 = CARTESIAN_POINT ( 'NONE',  ( 0.4333333333333335702, 0.8666666666666663632, -0.05000000000000000278 ) ) ;
#431 = DIRECTION ( 'NONE',  ( -1.000000000000000000, 0.000000000000000000, 0.000000000000000000 ) ) ;
#432 = APPLICATION_CONTEXT ( 'automotive_design' ) ;
#433 = VECTOR ( 'NONE', #1839, 1000.000000000000000 ) ;
#434 = ORIENTED_EDGE ( 'NONE', *, *, #135, .F. ) ;
#435 = ORIENTED_EDGE ( 'NONE', *, *, #1637, .T. ) ;
#436 = DIRECTION ( 'NONE',  ( 0.000000000000000000, 0.000000000000000000, -1.000000000000000000 ) ) ;
#437 = EDGE_CURVE ( 'NONE', #2020, #1113, #1420, .T. ) ;
#438 = VECTOR ( 'NONE', #596, 1000.000000000000000 ) ;
#439 = ORIENTED_EDGE ( 'NONE', *, *, #1401, .F. ) ;
#440 = ADVANCED_FACE ( 'NONE', ( #1107 ), #1147, .T. ) ;
#441 = DIRECTION ( 'NONE',  ( 1.084202172485504927E-16, 1.000000000000000000, 0.000000000000000000 ) ) ;
#442 =( NAMED_UNIT ( * ) PLANE_ANGLE_UNIT ( ) SI_UNIT ( $, .RADIAN. ) );
#443 = ORIENTED_EDGE ( 'NONE', *, *, #1268, .T. ) ;
#444 = FACE_OUTER_BOUND ( 'NONE', #1212, .T. ) ;
#445 = AXIS2_PLACEMENT_3D ( 'NONE', #1529, #1674, #1232 ) ;
#446 = ORIENTED_EDGE ( 'NONE', *, *, #1690, .F. ) ;
#447 = AXIS2_PLACEMENT_3D ( 'NONE', #1889, #1719, #493 ) ;
#448 = CARTESIAN_POINT ( 'NONE',  ( 0.4333333333333331816, -0.9499999999999999556, 0.000000000000000000 ) ) ;
#449 = PRODUCT_DEFINITION_SHAPE ( 'NONE', 'NONE',  #480 ) ;
#450 = EDGE_LOOP ( 'NONE', ( #945, #1766, #106, #284 ) ) ;
#451 = CARTESIAN_POINT ( 'NONE',  ( 0.3820836552091425586, 0.9999999999999997780, -1.334076891925522418E-17 ) ) ;
#452 = FACE_OUTER_BOUND ( 'NONE', #1811, .T. ) ;
#453 = EDGE_CURVE ( 'NONE', #352, #1791, #1311, .T. ) ;
#454 = EDGE_CURVE ( 'NONE', #1791, #905, #1587, .T. ) ;
#455 = ORIENTED_EDGE ( 'NONE', *, *, #1962, .T. ) ;
#456 = CARTESIAN_POINT ( 'NONE',  ( 0.3416666666666665630, -0.9499999999999997335, 0.05000000000000000278 ) ) ;
#457 =( LENGTH_UNIT ( ) NAMED_UNIT ( * ) SI_UNIT ( .MILLI., .METRE. ) );
#458 = VERTEX_POINT ( 'NONE', #794 ) ;
#459 = DIRECTION ( 'NONE',  ( -0.000000000000000000, 0.000000000000000000, 1.000000000000000000 ) ) ;
#460 = AXIS2_PLACEMENT_3D ( 'NONE', #786, #795, #472 ) ;
#461 = ORIENTED_EDGE ( 'NONE', *, *, #622, .F. ) ;
#462 = PLANE ( 'NONE',  #415 ) ;
#463 = LINE ( 'NONE', #772, #1456 ) ;
#464 = DIRECTION ( 'NONE',  ( 0.000000000000000000, -0.000000000000000000, -1.000000000000000000 ) ) ;
#465 = CARTESIAN_POINT ( 'NONE',  ( 0.5104811115673313360, -1.000000000000000000, 9.893344823930227960E-16 ) ) ;
#466 = EDGE_CURVE ( 'NONE', #1389, #766, #1429, .T. ) ;
#467 = VERTEX_POINT ( 'NONE', #1244 ) ;
#468 = CARTESIAN_POINT ( 'NONE',  ( 0.4440617265459804175, 0.9893765925158461982, -0.01062340748415263776 ) ) ;
#469 = LINE ( 'NONE', #448, #349 ) ;
#470 = ORIENTED_EDGE ( 'NONE', *, *, #1898, .T. ) ;
#471 = DIRECTION ( 'NONE',  ( -2.282530889443167022E-16, -1.000000000000000000, 0.000000000000000000 ) ) ;
#472 = DIRECTION ( 'NONE',  ( 1.000000000000000000, 0.000000000000000000, 0.000000000000000000 ) ) ;
#473 = CARTESIAN_POINT ( 'NONE',  ( -0.3416666666666667296, -0.9499999999999997335, 0.05000000000000000278 ) ) ;
#474 = CARTESIAN_POINT ( 'NONE',  ( 0.4249999999999997113, 0.8666666666666668073, 0.05000000000000000278 ) ) ;
#475 = ADVANCED_FACE ( 'NONE', ( #1892 ), #1762, .T. ) ;
#476 = CARTESIAN_POINT ( 'NONE',  ( 0.7750000000000001332, -3.794707603699265519E-16, 0.000000000000000000 ) ) ;
#477 = ORIENTED_EDGE ( 'NONE', *, *, #1511, .T. ) ;
#478 = CIRCLE ( 'NONE', #115, 0.08333333333333325932 ) ;
#479 = EDGE_CURVE ( 'NONE', #458, #367, #1754, .T. ) ;
#480 = PRODUCT_DEFINITION ( 'UNKNOWN', '', #895, #924 ) ;
#481 = AXIS2_PLACEMENT_3D ( 'NONE', #1596, #1744, #2051 ) ;
#482 = DIRECTION ( 'NONE',  ( 0.000000000000000000, 0.000000000000000000, -1.000000000000000000 ) ) ;
#483 = CARTESIAN_POINT ( 'NONE',  ( -0.4333333333333330151, 0.8666666666666664742, 0.000000000000000000 ) ) ;
#484 = VECTOR ( 'NONE', #1617, 1000.000000000000000 ) ;
#485 = CARTESIAN_POINT ( 'NONE',  ( 0.4592149089982472954, 0.9999999999999997780, -0.004476291878810548068 ) ) ;
#486 = LINE ( 'NONE', #173, #1093 ) ;
#487 = DIRECTION ( 'NONE',  ( 0.000000000000000000, -0.000000000000000000, 1.000000000000000000 ) ) ;
#488 = DIRECTION ( 'NONE',  ( 0.000000000000000000, -1.000000000000000000, 0.000000000000000000 ) ) ;
#489 = CONTEXT_DEPENDENT_SHAPE_REPRESENTATION ( #1006, #1931 ) ;
#490 = ORIENTED_EDGE ( 'NONE', *, *, #1154, .F. ) ;
#491 = PLANE ( 'NONE',  #1055 ) ;
#492 = ADVANCED_FACE ( 'NONE', ( #1086 ), #1731, .T. ) ;
#493 = DIRECTION ( 'NONE',  ( 1.000000000000000000, 0.000000000000000000, 0.000000000000000000 ) ) ;
#494 = DIRECTION ( 'NONE',  ( 0.000000000000000000, -0.000000000000000000, 1.000000000000000000 ) ) ;
#495 = DIRECTION ( 'NONE',  ( 1.000000000000000000, 0.000000000000000000, 0.000000000000000000 ) ) ;
#496 = VECTOR ( 'NONE', #1732, 1000.000000000000000 ) ;
#497 = LINE ( 'NONE', #1432, #80 ) ;
#498 = CARTESIAN_POINT ( 'NONE',  ( 1.116666666666666474, 0.8666666666666664742, -0.05000000000000002359 ) ) ;
#499 = ORIENTED_EDGE ( 'NONE', *, *, #1830, .F. ) ;
#500 = CARTESIAN_POINT ( 'NONE',  ( -0.4074517576684190678, 0.9999999999999997780, -0.004476291878810471740 ) ) ;
#501 = AXIS2_PLACEMENT_3D ( 'NONE', #699, #219, #854 ) ;
#502 = CARTESIAN_POINT ( 'NONE',  ( 1.250000000000000222, 0.9499999999999997335, 0.000000000000000000 ) ) ;
#503 = FACE_OUTER_BOUND ( 'NONE', #1146, .T. ) ;
#504 = LINE ( 'NONE', #624, #496 ) ;
#505 = ADVANCED_FACE ( 'NONE', ( #929 ), #882, .F. ) ;
#506 = CARTESIAN_POINT ( 'NONE',  ( 1.200000000000000178, -0.8666666666666665853, -0.05000000000000000278 ) ) ;
#507 = LINE ( 'NONE', #1099, #1772 ) ;
#508 = ORIENTED_EDGE ( 'NONE', *, *, #1003, .F. ) ;
#509 = CARTESIAN_POINT ( 'NONE',  ( 1.116666666666667140, -0.8666666666666668073, -0.05000000000000002359 ) ) ;
#510 = VECTOR ( 'NONE', #1694, 1000.000000000000000 ) ;
#511 = EDGE_LOOP ( 'NONE', ( #17, #1537, #1071, #1890 ) ) ;
#512 = LINE ( 'NONE', #53, #1978 ) ;
#513 = AXIS2_PLACEMENT_3D ( 'NONE', #771, #306, #151 ) ;
#514 = CARTESIAN_POINT ( 'NONE',  ( 0.4333333333333335147, 0.8666666666666664742, -0.01464466094067276049 ) ) ;
#515 = FACE_OUTER_BOUND ( 'NONE', #705, .T. ) ;
#516 = AXIS2_PLACEMENT_3D ( 'NONE', #523, #826, #1966 ) ;
#517 = LINE ( 'NONE', #688, #1844 ) ;
#518 = CARTESIAN_POINT ( 'NONE',  ( -0.4250000000000000444, -0.8666666666666662522, 0.05000000000000000278 ) ) ;
#519 = EDGE_CURVE ( 'NONE', #1488, #190, #138, .T. ) ;
#520 = ORIENTED_EDGE ( 'NONE', *, *, #1360, .T. ) ;
#521 = DIRECTION ( 'NONE',  ( -1.000000000000000000, 0.000000000000000000, 0.000000000000000000 ) ) ;
#522 = ORIENTED_EDGE ( 'NONE', *, *, #933, .T. ) ;
#523 = CARTESIAN_POINT ( 'NONE',  ( 1.116666666666666918, -0.8666666666666665853, 0.000000000000000000 ) ) ;
#524 = CARTESIAN_POINT ( 'NONE',  ( -0.4333333333333330151, 0.9499999999999995115, 0.000000000000000000 ) ) ;
#525 = DIRECTION ( 'NONE',  ( -0.000000000000000000, 0.000000000000000000, -1.000000000000000000 ) ) ;
#526 = CARTESIAN_POINT ( 'NONE',  ( 1.116666666666667140, 0.9499999999999997335, -0.05000000000000000278 ) ) ;
#527 = AXIS2_PLACEMENT_3D ( 'NONE', #849, #676, #665 ) ;
#528 = LINE ( 'NONE', #239, #1332 ) ;
#529 = EDGE_CURVE ( 'NONE', #1684, #2046, #2016, .T. ) ;
#530 = ORIENTED_EDGE ( 'NONE', *, *, #1091, .F. ) ;
#531 = CARTESIAN_POINT ( 'NONE',  ( -0.4333333333333330151, 0.8666666666666664742, -0.05000000000000000278 ) ) ;
#532 = EDGE_CURVE ( 'NONE', #1475, #866, #1305, .T. ) ;
#533 = ORIENTED_EDGE ( 'NONE', *, *, #846, .F. ) ;
#534 = MECHANICAL_DESIGN_GEOMETRIC_PRESENTATION_REPRESENTATION (  '', ( #900 ), #1963 ) ;
#535 = CARTESIAN_POINT ( 'NONE',  ( -0.4774908299082654128, 0.9979257762873707804, -0.002074223712628118447 ) ) ;
#536 = CARTESIAN_POINT ( 'NONE',  ( -0.4333333333333330706, 0.9853553390593262629, -0.01464466094067273967 ) ) ;
#537 = DIRECTION ( 'NONE',  ( 0.000000000000000000, -0.000000000000000000, -1.000000000000000000 ) ) ;
#538 = CARTESIAN_POINT ( 'NONE',  ( 0.4333333333333332371, -0.8666666666666668073, -0.05000000000000000278 ) ) ;
#539 = ORIENTED_EDGE ( 'NONE', *, *, #767, .F. ) ;
#540 = AXIS2_PLACEMENT_3D ( 'NONE', #1874, #1082, #1987 ) ;
#541 = DIRECTION ( 'NONE',  ( 1.000000000000000000, 0.000000000000000000, 0.000000000000000000 ) ) ;
#542 = ORIENTED_EDGE ( 'NONE', *, *, #653, .F. ) ;
#543 = DIRECTION ( 'NONE',  ( -1.000000000000000000, 0.000000000000000000, 0.000000000000000000 ) ) ;
#544 = EDGE_CURVE ( 'NONE', #1124, #262, #1481, .T. ) ;
#545 = CARTESIAN_POINT ( 'NONE',  ( 1.250000000000000000, -0.9499999999999999556, -0.000000000000000000 ) ) ;
#546 = CARTESIAN_POINT ( 'NONE',  ( -1.199999999999999956, 0.000000000000000000, -0.05000000000000000278 ) ) ;
#547 = AXIS2_PLACEMENT_3D ( 'NONE', #1808, #1019, #1981 ) ;
#548 = DIRECTION ( 'NONE',  ( -0.000000000000000000, 0.000000000000000000, -1.000000000000000000 ) ) ;
#549 = CARTESIAN_POINT ( 'NONE',  ( 0.3146446609406737260, -5.117076374292651158E-17, -0.01464466094067278130 ) ) ;
#550 = ORIENTED_EDGE ( 'NONE', *, *, #899, .T. ) ;
#551 = CARTESIAN_POINT ( 'NONE',  ( 1.116666666666666474, 0.8666666666666664742, 9.757819552369539906E-16 ) ) ;
#552 = ORIENTED_EDGE ( 'NONE', *, *, #1830, .T. ) ;
#553 = CARTESIAN_POINT ( 'NONE',  ( 0.3416666666666665630, -0.9499999999999997335, 0.000000000000000000 ) ) ;
#554 = EDGE_CURVE ( 'NONE', #1802, #562, #1046, .T. ) ;
#555 = FACE_OUTER_BOUND ( 'NONE', #1749, .T. ) ;
#556 = VERTEX_POINT ( 'NONE', #654 ) ;
#557 = CARTESIAN_POINT ( 'NONE',  ( 0.3500000000000006439, -5.692061405548909372E-17, -0.05000000000000000278 ) ) ;
#558 = LINE ( 'NONE', #518, #1764 ) ;
#559 = ORIENTED_EDGE ( 'NONE', *, *, #1765, .F. ) ;
#560 = AXIS2_PLACEMENT_3D ( 'NONE', #67, #1470, #1619 ) ;
#561 =( NAMED_UNIT ( * ) SI_UNIT ( $, .STERADIAN. ) SOLID_ANGLE_UNIT ( ) );
#562 = VERTEX_POINT ( 'NONE', #827 ) ;
#563 = LINE ( 'NONE', #1996, #1105 ) ;
#564 = CARTESIAN_POINT ( 'NONE',  ( -0.4333333333333332371, -0.8666666666666663632, -0.05000000000000000278 ) ) ;
#565 = ORIENTED_EDGE ( 'NONE', *, *, #1282, .F. ) ;
#566 = CARTESIAN_POINT ( 'NONE',  ( -0.2999999999999997113, 0.8666666666666664742, 1.002887009549091601E-15 ) ) ;
#567 = SURFACE_STYLE_USAGE ( .BOTH. , #1378 ) ;
#568 = EDGE_CURVE ( 'NONE', #683, #108, #607, .T. ) ;
#569 = VERTEX_POINT ( 'NONE', #859 ) ;
#570 = PRODUCT_DEFINITION_CONTEXT ( 'detailed design', #1859, 'design' ) ;
#571 = ORIENTED_EDGE ( 'NONE', *, *, #1891, .F. ) ;
#572 = AXIS2_PLACEMENT_3D ( 'NONE', #1823, #298, #141 ) ;
#573 = CARTESIAN_POINT ( 'NONE',  ( -0.4528796447868909114, 0.9920854831273137053, -0.007914516872685267712 ) ) ;
#574 = ORIENTED_EDGE ( 'NONE', *, *, #1560, .F. ) ;
#575 = AXIS2_PLACEMENT_3D ( 'NONE', #1449, #1266, #1895 ) ;
#576 = CARTESIAN_POINT ( 'NONE',  ( -1.249999999999999778, 0.8666666666666664742, 0.9099999999999994760 ) ) ;
#577 = CARTESIAN_POINT ( 'NONE',  ( 0.3500000000000002554, 0.9999999999999997780, -0.05000000000000000278 ) ) ;
#578 = VECTOR ( 'NONE', #390, 1000.000000000000000 ) ;
#579 = ADVANCED_FACE ( 'NONE', ( #503 ), #1476, .T. ) ;
#580 = VERTEX_POINT ( 'NONE', #1493 ) ;
#581 = AXIS2_PLACEMENT_3D ( 'NONE', #734, #1374, #707 ) ;
#582 =( NAMED_UNIT ( * ) SI_UNIT ( $, .STERADIAN. ) SOLID_ANGLE_UNIT ( ) );
#583 = ORIENTED_EDGE ( 'NONE', *, *, #1100, .T. ) ;
#584 = DIRECTION ( 'NONE',  ( 1.000000000000000000, 0.000000000000000000, 0.000000000000000000 ) ) ;
#585 = ORIENTED_EDGE ( 'NONE', *, *, #255, .F. ) ;
#586 = DIRECTION ( 'NONE',  ( -0.000000000000000000, 0.000000000000000000, 1.000000000000000000 ) ) ;
#587 = CONICAL_SURFACE ( 'NONE', #684, 0.08333333333333271808, 0.7853981633974445042 ) ;
#588 = VERTEX_POINT ( 'NONE', #664 ) ;
#589 = ORIENTED_EDGE ( 'NONE', *, *, #718, .F. ) ;
#590 = EDGE_CURVE ( 'NONE', #201, #1684, #224, .T. ) ;
#591 = DIRECTION ( 'NONE',  ( -1.000000000000000000, 0.000000000000000000, 0.000000000000000000 ) ) ;
#592 = ORIENTED_EDGE ( 'NONE', *, *, #1651, .T. ) ;
#593 = DIRECTION ( 'NONE',  ( -1.000000000000000000, 0.000000000000000000, 0.000000000000000000 ) ) ;
#594 = AXIS2_PLACEMENT_3D ( 'NONE', #1187, #1819, #394 ) ;
#595 = ORIENTED_EDGE ( 'NONE', *, *, #1793, .T. ) ;
#596 = DIRECTION ( 'NONE',  ( 1.000000000000000000, 0.000000000000000000, 0.000000000000000000 ) ) ;
#597 = EDGE_LOOP ( 'NONE', ( #443, #1366, #1331, #1887 ) ) ;
#598 = ADVANCED_FACE ( 'NONE', ( #1816 ), #1935, .F. ) ;
#599 = EDGE_CURVE ( 'NONE', #1784, #1499, #1183, .T. ) ;
#600 = DIRECTION ( 'NONE',  ( 1.000000000000000000, 0.000000000000000000, 0.000000000000000000 ) ) ;
#601 = CIRCLE ( 'NONE', #540, 0.08333333333333331483 ) ;
#602 = ORIENTED_EDGE ( 'NONE', *, *, #611, .F. ) ;
#603 = CARTESIAN_POINT ( 'NONE',  ( 0.5104811115673313360, 0.9999999999999997780, 9.893344823930227960E-16 ) ) ;
#604 = DIRECTION ( 'NONE',  ( 1.000000000000000000, 0.000000000000000000, 0.000000000000000000 ) ) ;
#605 = VERTEX_POINT ( 'NONE', #675 ) ;
#606 = CARTESIAN_POINT ( 'NONE',  ( -0.3499999999999999223, -0.8666666666666663632, 0.000000000000000000 ) ) ;
#607 = CIRCLE ( 'NONE', #313, 0.09333333333333329596 ) ;
#608 = VERTEX_POINT ( 'NONE', #1638 ) ;
#609 = DIRECTION ( 'NONE',  ( -0.000000000000000000, -0.000000000000000000, -1.000000000000000000 ) ) ;
#610 = EDGE_CURVE ( 'NONE', #556, #1203, #1945, .T. ) ;
#611 = EDGE_CURVE ( 'NONE', #569, #1870, #1318, .T. ) ;
#612 = ORIENTED_EDGE ( 'NONE', *, *, #1358, .F. ) ;
#613 = CARTESIAN_POINT ( 'NONE',  ( 0.4847661961477710002, 1.000000000000000000, 8.976431658527445871E-16 ) ) ;
#614 = DIRECTION ( 'NONE',  ( 1.084202172485504557E-16, -1.000000000000000000, 0.000000000000000000 ) ) ;
#615 = AXIS2_PLACEMENT_3D ( 'NONE', #1198, #222, #541 ) ;
#616 = DIRECTION ( 'NONE',  ( 0.000000000000000000, 0.7071067811865504593, -0.7071067811865445751 ) ) ;
#617 = CARTESIAN_POINT ( 'NONE',  ( 1.116666666666667140, -0.8666666666666668073, 0.9099999999999994760 ) ) ;
#618 = EDGE_LOOP ( 'NONE', ( #1965, #1972, #915, #533 ) ) ;
#619 = CARTESIAN_POINT ( 'NONE',  ( -0.4333333333333332371, -0.8666666666666663632, -0.05000000000000000278 ) ) ;
#620 = DIRECTION ( 'NONE',  ( -1.000000000000000000, 0.000000000000000000, 0.000000000000000000 ) ) ;
#621 = ORIENTED_EDGE ( 'NONE', *, *, #227, .F. ) ;
#622 = EDGE_CURVE ( 'NONE', #766, #241, #1112, .T. ) ;
#623 = CARTESIAN_POINT ( 'NONE',  ( 1.199999999999999734, 1.301042606982605074E-16, -0.05000000000000000278 ) ) ;
#624 = CARTESIAN_POINT ( 'NONE',  ( -1.199999999999999956, 0.000000000000000000, 0.000000000000000000 ) ) ;
#625 = CARTESIAN_POINT ( 'NONE',  ( 1.250000000000000000, -0.9499999999999999556, -0.05000000000000000278 ) ) ;
#626 = LINE ( 'NONE', #321, #409 ) ;
#627 = PRODUCT_DEFINITION ( 'UNKNOWN', '', #60, #1236 ) ;
#628 = AXIS2_PLACEMENT_3D ( 'NONE', #1971, #1982, #689 ) ;
#629 = APPLICATION_PROTOCOL_DEFINITION ( 'draft international standard', 'automotive_design', 1998, #965 ) ;
#630 = ORIENTED_EDGE ( 'NONE', *, *, #812, .F. ) ;
#631 = DIRECTION ( 'NONE',  ( -0.7071067811865435759, 0.000000000000000000, 0.7071067811865513475 ) ) ;
#632 = CARTESIAN_POINT ( 'NONE',  ( -1.249999999999999556, -1.000000000000000000, 0.000000000000000000 ) ) ;
#633 = DIRECTION ( 'NONE',  ( 1.000000000000000000, 0.000000000000000000, 0.000000000000000000 ) ) ;
#634 = DIRECTION ( 'NONE',  ( 1.626303258728256651E-16, 1.000000000000000000, 0.000000000000000000 ) ) ;
#635 = DIRECTION ( 'NONE',  ( 0.000000000000000000, -0.000000000000000000, -1.000000000000000000 ) ) ;
#636 = AXIS2_PLACEMENT_3D ( 'NONE', #1504, #1211, #1526 ) ;
#637 = CARTESIAN_POINT ( 'NONE',  ( -1.209999999999999742, -0.8666666666666668073, 0.9499999999999999556 ) ) ;
#638 = EDGE_CURVE ( 'NONE', #1673, #1124, #373, .T. ) ;
#639 = ORIENTED_EDGE ( 'NONE', *, *, #599, .F. ) ;
#640 = AXIS2_PLACEMENT_3D ( 'NONE', #1472, #1506, #81 ) ;
#641 = FACE_OUTER_BOUND ( 'NONE', #1589, .T. ) ;
#642 = FACE_OUTER_BOUND ( 'NONE', #1857, .T. ) ;
#643 = VECTOR ( 'NONE', #1437, 1000.000000000000114 ) ;
#644 = LINE ( 'NONE', #951, #778 ) ;
#645 = LINE ( 'NONE', #1108, #757 ) ;
#646 = CARTESIAN_POINT ( 'NONE',  ( 0.4333333333333332371, -0.8666666666666668073, -0.01464466094067277437 ) ) ;
#647 = FACE_OUTER_BOUND ( 'NONE', #1435, .T. ) ;
#648 = APPLICATION_PROTOCOL_DEFINITION ( 'draft international standard', 'automotive_design', 1998, #1859 ) ;
#649 = ORIENTED_EDGE ( 'NONE', *, *, #599, .T. ) ;
#650 = CARTESIAN_POINT ( 'NONE',  ( 0.3146446609406736150, -0.8666666666666668073, -0.01464466094067280212 ) ) ;
#651 = FILL_AREA_STYLE_COLOUR ( '', #677 ) ;
#652 = PRODUCT_RELATED_PRODUCT_CATEGORY ( 'part', '', ( #346 ) ) ;
#653 = EDGE_CURVE ( 'NONE', #1862, #1698, #359, .T. ) ;
#654 = CARTESIAN_POINT ( 'NONE',  ( -1.116666666666666696, 0.9499999999999996225, 0.000000000000000000 ) ) ;
#655 = CARTESIAN_POINT ( 'NONE',  ( 1.116666666666666918, -0.9499999999999999556, -0.05000000000000000278 ) ) ;
#656 = ORIENTED_EDGE ( 'NONE', *, *, #947, .F. ) ;
#657 = DIRECTION ( 'NONE',  ( 0.000000000000000000, 1.000000000000000000, 0.000000000000000000 ) ) ;
#658 = EDGE_LOOP ( 'NONE', ( #602, #1361, #1068, #1490, #2049, #1696, #1246, #875 ) ) ;
#659 = DIRECTION ( 'NONE',  ( -0.000000000000000000, 0.000000000000000000, 1.000000000000000000 ) ) ;
#660 = ORIENTED_EDGE ( 'NONE', *, *, #264, .T. ) ;
#661 = VECTOR ( 'NONE', #16, 1000.000000000000000 ) ;
#662 = EDGE_CURVE ( 'NONE', #1532, #1784, #54, .T. ) ;
#663 = EDGE_CURVE ( 'NONE', #190, #2039, #1337, .T. ) ;
#664 = CARTESIAN_POINT ( 'NONE',  ( 0.2792893218813460310, -0.8666666666666668073, 0.000000000000000000 ) ) ;
#665 = DIRECTION ( 'NONE',  ( 1.000000000000000000, 0.000000000000000000, 0.000000000000000000 ) ) ;
#666 = CARTESIAN_POINT ( 'NONE',  ( 1.250000000000000444, -0.8666666666666668073, 0.9099999999999994760 ) ) ;
#667 = DIRECTION ( 'NONE',  ( -0.000000000000000000, 0.000000000000000000, 1.000000000000000000 ) ) ;
#668 = AXIS2_PLACEMENT_3D ( 'NONE', #370, #214, #848 ) ;
#669 = AXIS2_PLACEMENT_3D ( 'NONE', #1977, #181, #1235 ) ;
#670 = EDGE_LOOP ( 'NONE', ( #1613, #2061, #845, #416 ) ) ;
#671 = AXIS2_PLACEMENT_3D ( 'NONE', #430, #2009, #2002 ) ;
#672 = ORIENTED_EDGE ( 'NONE', *, *, #1038, .T. ) ;
#673 =( NAMED_UNIT ( * ) PLANE_ANGLE_UNIT ( ) SI_UNIT ( $, .RADIAN. ) );
#674 = VECTOR ( 'NONE', #1576, 1000.000000000000000 ) ;
#675 = CARTESIAN_POINT ( 'NONE',  ( -1.116666666666666474, 0.9999999999999997780, 9.757819552369539906E-16 ) ) ;
#676 = DIRECTION ( 'NONE',  ( -0.000000000000000000, 0.000000000000000000, 1.000000000000000000 ) ) ;
#677 = COLOUR_RGB ( '',0.8980392156862745390, 0.9215686274509803377, 0.9294117647058823817 ) ;
#678 = EDGE_CURVE ( 'NONE', #1023, #1802, #1926, .T. ) ;
#679 = DIRECTION ( 'NONE',  ( -1.000000000000000000, 0.000000000000000000, 0.000000000000000000 ) ) ;
#680 = CARTESIAN_POINT ( 'NONE',  ( 1.116666666666666474, 0.8666666666666664742, 0.9499999999999999556 ) ) ;
#681 = ORIENTED_EDGE ( 'NONE', *, *, #1558, .T. ) ;
#682 = DIRECTION ( 'NONE',  ( 0.000000000000000000, 0.000000000000000000, -1.000000000000000000 ) ) ;
#683 = VERTEX_POINT ( 'NONE', #908 ) ;
#684 = AXIS2_PLACEMENT_3D ( 'NONE', #531, #1323, #1994 ) ;
#685 = FACE_OUTER_BOUND ( 'NONE', #1910, .T. ) ;
#686 = CARTESIAN_POINT ( 'NONE',  ( -0.5104811115673307809, 0.9999999999999997780, 9.893344823930227960E-16 ) ) ;
#687 = CYLINDRICAL_SURFACE ( 'NONE', #163, 0.1333333333333333870 ) ;
#688 = CARTESIAN_POINT ( 'NONE',  ( -1.249999999999999556, -0.8666666666666668073, 0.9499999999999999556 ) ) ;
#689 = DIRECTION ( 'NONE',  ( 1.000000000000000000, 0.000000000000000000, 0.000000000000000000 ) ) ;
#690 = EDGE_CURVE ( 'NONE', #1586, #332, #118, .T. ) ;
#691 = ORIENTED_EDGE ( 'NONE', *, *, #1402, .T. ) ;
#692 = ADVANCED_FACE ( 'NONE', ( #555 ), #1222, .T. ) ;
#693 = ORIENTED_EDGE ( 'NONE', *, *, #1334, .T. ) ;
#694 = CARTESIAN_POINT ( 'NONE',  ( -0.2792893218813459200, 3.028060895357587694E-17, 0.000000000000000000 ) ) ;
#695 = VECTOR ( 'NONE', #1809, 1000.000000000000000 ) ;
#696 = CARTESIAN_POINT ( 'NONE',  ( -0.4333333333333330151, 0.8666666666666664742, -0.01464466094067276049 ) ) ;
#697 = FACE_OUTER_BOUND ( 'NONE', #1288, .T. ) ;
#698 = CARTESIAN_POINT ( 'NONE',  ( -1.249999999999999778, 0.8666666666666664742, 9.757819552369539906E-16 ) ) ;
#699 = CARTESIAN_POINT ( 'NONE',  ( -0.4333333333333332371, -0.8666666666666663632, 0.000000000000000000 ) ) ;
#700 = ADVANCED_BREP_SHAPE_REPRESENTATION ( '', ( #949, #615 ), #890 ) ;
#701 = ORIENTED_EDGE ( 'NONE', *, *, #975, .T. ) ;
#702 = EDGE_CURVE ( 'NONE', #1303, #1073, #258, .T. ) ;
#703 = AXIS2_PLACEMENT_3D ( 'NONE', #257, #76, #543 ) ;
#704 = DIRECTION ( 'NONE',  ( -0.000000000000000000, 0.7071067811865513475, 0.7071067811865436870 ) ) ;
#705 = EDGE_LOOP ( 'NONE', ( #1149, #15, #1688, #233, #542 ) ) ;
#706 = LINE ( 'NONE', #1347, #907 ) ;
#707 = DIRECTION ( 'NONE',  ( 1.000000000000000000, 0.000000000000000000, 0.000000000000000000 ) ) ;
#708 = ORIENTED_EDGE ( 'NONE', *, *, #59, .F. ) ;
#709 = DIRECTION ( 'NONE',  ( 1.000000000000000000, 0.000000000000000000, 0.000000000000000000 ) ) ;
#710 = CARTESIAN_POINT ( 'NONE',  ( 0.4340942951992320387, -0.9856442827633059567, -0.01435571723669309616 ) ) ;
#711 = AXIS2_PLACEMENT_3D ( 'NONE', #1104, #1740, #315 ) ;
#712 = ORIENTED_EDGE ( 'NONE', *, *, #1738, .F. ) ;
#713 =( NAMED_UNIT ( * ) PLANE_ANGLE_UNIT ( ) SI_UNIT ( $, .RADIAN. ) );
#714 = EDGE_LOOP ( 'NONE', ( #1026, #672, #1343, #98 ) ) ;
#715 = STYLED_ITEM ( 'NONE', ( #1412 ), #700 ) ;
#716 = CARTESIAN_POINT ( 'NONE',  ( -0.3499999999999997002, 0.8666666666666661412, -0.05000000000000000278 ) ) ;
#717 = EDGE_CURVE ( 'NONE', #896, #766, #1824, .T. ) ;
#718 = EDGE_CURVE ( 'NONE', #1689, #201, #1535, .T. ) ;
#719 = ORIENTED_EDGE ( 'NONE', *, *, #1294, .T. ) ;
#720 = CARTESIAN_POINT ( 'NONE',  ( -0.3820836552091423366, -1.000000000000000000, -1.334076891925522418E-17 ) ) ;
#721 = CARTESIAN_POINT ( 'NONE',  ( -1.199999999999999956, 0.8666666666666662522, 0.000000000000000000 ) ) ;
#722 = ORIENTED_EDGE ( 'NONE', *, *, #638, .T. ) ;
#723 = AXIS2_PLACEMENT_3D ( 'NONE', #1946, #1639, #1787 ) ;
#724 = ORIENTED_EDGE ( 'NONE', *, *, #354, .T. ) ;
#725 = DIRECTION ( 'NONE',  ( -1.000000000000000000, 0.000000000000000000, 0.000000000000000000 ) ) ;
#726 = CARTESIAN_POINT ( 'NONE',  ( -0.4440617265459817498, 0.9893765925158434227, -0.01062340748415560934 ) ) ;
#727 = ADVANCED_FACE ( 'NONE', ( #1066 ), #1672, .F. ) ;
#728 = VERTEX_POINT ( 'NONE', #247 ) ;
#729 = CARTESIAN_POINT ( 'NONE',  ( 1.116666666666666474, 0.9999999999999997780, 0.9499999999999999556 ) ) ;
#730 = CARTESIAN_POINT ( 'NONE',  ( -1.116666666666666474, 0.8666666666666664742, 0.9499999999999999556 ) ) ;
#731 = EDGE_LOOP ( 'NONE', ( #1533, #1478, #1655, #2013 ) ) ;
#732 =( NAMED_UNIT ( * ) SI_UNIT ( $, .STERADIAN. ) SOLID_ANGLE_UNIT ( ) );
#733 = ORIENTED_EDGE ( 'NONE', *, *, #877, .T. ) ;
#734 = CARTESIAN_POINT ( 'NONE',  ( 0.4333333333333335147, 0.8666666666666664742, -0.05000000000000002359 ) ) ;
#735 = ORIENTED_EDGE ( 'NONE', *, *, #253, .F. ) ;
#736 = CIRCLE ( 'NONE', #1913, 0.1333333333333333870 ) ;
#737 = LINE ( 'NONE', #1204, #1210 ) ;
#738 = CARTESIAN_POINT ( 'NONE',  ( -1.116666666666666252, -1.000000000000000000, 0.9099999999999994760 ) ) ;
#739 = EDGE_CURVE ( 'NONE', #1626, #2053, #1840, .T. ) ;
#740 = AXIS2_PLACEMENT_3D ( 'NONE', #23, #34, #1967 ) ;
#741 = ORIENTED_EDGE ( 'NONE', *, *, #2064, .T. ) ;
#742 = ADVANCED_FACE ( 'NONE', ( #871 ), #1056, .F. ) ;
#743 = CIRCLE ( 'NONE', #2018, 0.08333333333333331483 ) ;
#744 = ORIENTED_EDGE ( 'NONE', *, *, #529, .F. ) ;
#745 = APPLICATION_CONTEXT ( 'automotive_design' ) ;
#746 = CARTESIAN_POINT ( 'NONE',  ( -0.4348524812293633746, 0.9859369118562723022, -0.01406308814372667082 ) ) ;
#747 = ORIENTED_EDGE ( 'NONE', *, *, #809, .T. ) ;
#748 = LINE ( 'NONE', #249, #979 ) ;
#749 = LINE ( 'NONE', #129, #2066 ) ;
#750 = AXIS2_PLACEMENT_3D ( 'NONE', #107, #1237, #1899 ) ;
#751 = ADVANCED_FACE ( 'NONE', ( #1700 ), #49, .T. ) ;
#752 = ORIENTED_EDGE ( 'NONE', *, *, #947, .T. ) ;
#753 = UNCERTAINTY_MEASURE_WITH_UNIT (LENGTH_MEASURE( 1.000000000000000082E-05 ), #418, 'distance_accuracy_value', 'NONE');
#754 = EDGE_CURVE ( 'NONE', #375, #683, #410, .T. ) ;
#755 = EDGE_CURVE ( 'NONE', #866, #305, #1781, .T. ) ;
#756 = EDGE_LOOP ( 'NONE', ( #287, #1464, #1166, #87 ) ) ;
#757 = VECTOR ( 'NONE', #1915, 1000.000000000000000 ) ;
#758 = LINE ( 'NONE', #1272, #1247 ) ;
#759 = ORIENTED_EDGE ( 'NONE', *, *, #889, .T. ) ;
#760 = DIRECTION ( 'NONE',  ( 0.000000000000000000, 0.000000000000000000, -1.000000000000000000 ) ) ;
#761 = PLANE ( 'NONE',  #1033 ) ;
#762 = PRODUCT ( 'FTC252010S', 'FTC252010S', '', ( #1768 ) ) ;
#763 = CIRCLE ( 'NONE', #1699, 0.09333333333333329596 ) ;
#764 = ORIENTED_EDGE ( 'NONE', *, *, #1880, .T. ) ;
#765 = CARTESIAN_POINT ( 'NONE',  ( 1.250000000000000444, -0.8666666666666668073, 9.825582188149881961E-16 ) ) ;
#766 = VERTEX_POINT ( 'NONE', #100 ) ;
#767 = EDGE_CURVE ( 'NONE', #728, #954, #78, .T. ) ;
#768 = LINE ( 'NONE', #1416, #643 ) ;
#769 = AXIS2_PLACEMENT_3D ( 'NONE', #1795, #344, #1446 ) ;
#770 = VERTEX_POINT ( 'NONE', #716 ) ;
#771 = CARTESIAN_POINT ( 'NONE',  ( 0.4333333333333335147, 0.8666666666666664742, -0.05000000000000000278 ) ) ;
#772 = CARTESIAN_POINT ( 'NONE',  ( 1.250000000000000444, -0.8666666666666668073, 0.9099999999999994760 ) ) ;
#773 = AXIS2_PLACEMENT_3D ( 'NONE', #891, #2027, #1850 ) ;
#774 = AXIS2_PLACEMENT_3D ( 'NONE', #557, #1194, #1069 ) ;
#775 = ORIENTED_EDGE ( 'NONE', *, *, #1063, .T. ) ;
#776 = LINE ( 'NONE', #1725, #1570 ) ;
#777 = B_SPLINE_CURVE_WITH_KNOTS ( 'NONE', 3,
 ( #157, #801, #500, #395, #1603, #1760 ),
 .UNSPECIFIED., .F., .F.,
 ( 4, 2, 4 ),
 ( 5.424621847467218449E-20, 7.709325645069819012E-05, 0.0001541865129013963260 ),
 .UNSPECIFIED. ) ;
#778 = VECTOR ( 'NONE', #494, 1000.000000000000000 ) ;
#779 = EDGE_LOOP ( 'NONE', ( #308, #435, #1365, #1551 ) ) ;
#780 = STYLED_ITEM ( 'NONE', ( #1161 ), #949 ) ;
#781 = ADVANCED_FACE ( 'NONE', ( #1359 ), #1998, .F. ) ;
#782 = CARTESIAN_POINT ( 'NONE',  ( 0.4940722804852147321, 0.9999999999999997780, 9.315153888946936958E-16 ) ) ;
#783 = CARTESIAN_POINT ( 'NONE',  ( -0.4356162189310283095, -0.9862221701712670097, -0.01377782982873212471 ) ) ;
#784 = EDGE_LOOP ( 'NONE', ( #477, #1158, #931, #883 ) ) ;
#785 = DIRECTION ( 'NONE',  ( 0.000000000000000000, 0.000000000000000000, -1.000000000000000000 ) ) ;
#786 = CARTESIAN_POINT ( 'NONE',  ( -0.4333333333333330151, 0.8666666666666664742, -0.05000000000000000278 ) ) ;
#787 = AXIS2_PLACEMENT_3D ( 'NONE', #476, #301, #810 ) ;
#788 = ORIENTED_EDGE ( 'NONE', *, *, #1703, .F. ) ;
#789 = CARTESIAN_POINT ( 'NONE',  ( 1.116666666666667140, -0.9599999999999999645, 0.9499999999999999556 ) ) ;
#790 = ORIENTED_EDGE ( 'NONE', *, *, #479, .T. ) ;
#791 = PRODUCT_DEFINITION_FORMATION_WITH_SPECIFIED_SOURCE ( 'ANY', '', #762, .NOT_KNOWN. ) ;
#792 = CARTESIAN_POINT ( 'NONE',  ( 0.5104811115673313360, 0.9999999999999997780, 9.893344823930227960E-16 ) ) ;
#793 = CARTESIAN_POINT ( 'NONE',  ( -1.116666666666666474, 0.8666666666666664742, 0.9499999999999999556 ) ) ;
#794 = CARTESIAN_POINT ( 'NONE',  ( -1.199999999999999956, -0.8666666666666664742, -0.05000000000000000278 ) ) ;
#795 = DIRECTION ( 'NONE',  ( -0.000000000000000000, 0.000000000000000000, 1.000000000000000000 ) ) ;
#796 = EDGE_CURVE ( 'NONE', #1976, #1499, #1229, .T. ) ;
#797 = CARTESIAN_POINT ( 'NONE',  ( 0.000000000000000000, 0.9499999999999992895, -0.05000000000000000278 ) ) ;
#798 = DIRECTION ( 'NONE',  ( -0.000000000000000000, 0.000000000000000000, 1.000000000000000000 ) ) ;
#799 = VECTOR ( 'NONE', #1853, 1000.000000000000000 ) ;
#800 = ORIENTED_EDGE ( 'NONE', *, *, #2037, .F. ) ;
#801 = CARTESIAN_POINT ( 'NONE',  ( -0.3819004705188950299, 1.000000000000000000, -7.146840492458157185E-19 ) ) ;
#802 = CARTESIAN_POINT ( 'NONE',  ( -0.4940722804852145100, -1.000000000000000000, 9.315153888946936958E-16 ) ) ;
#803 = ADVANCED_BREP_SHAPE_REPRESENTATION ( '', ( #1636, #615 ), #1221 ) ;
#804 = CARTESIAN_POINT ( 'NONE',  ( 1.116666666666667140, -0.8666666666666668073, 0.9499999999999999556 ) ) ;
#805 = CARTESIAN_POINT ( 'NONE',  ( -1.116666666666666696, -0.8666666666666664742, 0.000000000000000000 ) ) ;
#806 = VECTOR ( 'NONE', #1133, 1000.000000000000000 ) ;
#807 = EDGE_LOOP ( 'NONE', ( #267, #231, #800, #363 ) ) ;
#808 = LINE ( 'NONE', #1278, #661 ) ;
#809 = EDGE_CURVE ( 'NONE', #588, #175, #1747, .T. ) ;
#810 = DIRECTION ( 'NONE',  ( 1.000000000000000000, 0.000000000000000000, 0.000000000000000000 ) ) ;
#811 = ORIENTED_EDGE ( 'NONE', *, *, #1651, .F. ) ;
#812 = EDGE_CURVE ( 'NONE', #1077, #297, #149, .T. ) ;
#813 = VECTOR ( 'NONE', #57, 1000.000000000000000 ) ;
#814 = FACE_OUTER_BOUND ( 'NONE', #1012, .T. ) ;
#815 =( NAMED_UNIT ( * ) SI_UNIT ( $, .STERADIAN. ) SOLID_ANGLE_UNIT ( ) );
#816 = CARTESIAN_POINT ( 'NONE',  ( 0.4333333333333332371, -0.9499999999999995115, -0.05000000000000000278 ) ) ;
#817 = DIRECTION ( 'NONE',  ( -1.084202172485504434E-16, -1.000000000000000000, 0.000000000000000000 ) ) ;
#818 = FACE_OUTER_BOUND ( 'NONE', #1223, .T. ) ;
#819 = LINE ( 'NONE', #831, #246 ) ;
#820 = APPLICATION_PROTOCOL_DEFINITION ( 'draft international standard', 'automotive_design', 1998, #1181 ) ;
#821 = ORIENTED_EDGE ( 'NONE', *, *, #963, .T. ) ;
#822 = EDGE_CURVE ( 'NONE', #1061, #608, #1669, .T. ) ;
#823 = EDGE_CURVE ( 'NONE', #210, #1303, #1902, .T. ) ;
#824 = DIRECTION ( 'NONE',  ( 1.000000000000000000, 0.000000000000000000, 0.000000000000000000 ) ) ;
#825 = ORIENTED_EDGE ( 'NONE', *, *, #1182, .F. ) ;
#826 = DIRECTION ( 'NONE',  ( 0.000000000000000000, -0.000000000000000000, -1.000000000000000000 ) ) ;
#827 = CARTESIAN_POINT ( 'NONE',  ( -0.3146446609406733375, 0.8666666666666664742, -0.01464466094067275181 ) ) ;
#828 = FACE_OUTER_BOUND ( 'NONE', #411, .T. ) ;
#829 = CONICAL_SURFACE ( 'NONE', #723, 0.09333333333333329596, 0.7853981633974422838 ) ;
#830 = CARTESIAN_POINT ( 'NONE',  ( -0.4250000000000000444, -0.9499999999999997335, 0.05000000000000000278 ) ) ;
#831 = CARTESIAN_POINT ( 'NONE',  ( -1.116666666666666252, -0.9600000000000000755, 0.9499999999999999556 ) ) ;
#832 = ORIENTED_EDGE ( 'NONE', *, *, #1690, .T. ) ;
#833 = CYLINDRICAL_SURFACE ( 'NONE', #261, 0.08333333333333331483 ) ;
#834 = ORIENTED_EDGE ( 'NONE', *, *, #1715, .T. ) ;
#835 = CARTESIAN_POINT ( 'NONE',  ( -1.249999999999999556, -0.8666666666666668073, 9.757819552369539906E-16 ) ) ;
#836 = ADVANCED_FACE ( 'NONE', ( #1403 ), #148, .T. ) ;
#837 = CARTESIAN_POINT ( 'NONE',  ( -0.3416666666666669516, 0.9500000000000001776, 0.05000000000000000278 ) ) ;
#838 = PLANE ( 'NONE',  #1692 ) ;
#839 = FACE_OUTER_BOUND ( 'NONE', #597, .T. ) ;
#840 = DIRECTION ( 'NONE',  ( -1.000000000000000000, -2.282530889443167515E-16, 0.000000000000000000 ) ) ;
#841 = AXIS2_PLACEMENT_3D ( 'NONE', #1885, #1398, #1180 ) ;
#842 = ORIENTED_EDGE ( 'NONE', *, *, #378, .T. ) ;
#843 = CARTESIAN_POINT ( 'NONE',  ( -0.3416666666666667296, -0.9499999999999997335, 0.000000000000000000 ) ) ;
#844 = CLOSED_SHELL ( 'NONE', ( #312, #1815, #18, #1559, #1281, #921, #1779, #391, #1546, #1804, #1858, #20, #1648, #1615, #1751, #1989, #475, #1856, #836, #290, #727, #781, #316, #1934, #240, #1598, #742, #976, #492, #988, #1536, #202, #1999, #1790, #1065, #1029, #1908, #440, #1228, #1141, #289, #579, #2050, #7, #1842, #902, #1920, #337, #427, #751, #1216, #1805, #1054, #1868, #1701, #505, #598, #1443 ) ) ;
#845 = ORIENTED_EDGE ( 'NONE', *, *, #1495, .F. ) ;
#846 = EDGE_CURVE ( 'NONE', #910, #1085, #758, .T. ) ;
#847 = VECTOR ( 'NONE', #1661, 1000.000000000000000 ) ;
#848 = DIRECTION ( 'NONE',  ( 1.000000000000000000, 0.000000000000000000, 0.000000000000000000 ) ) ;
#849 = CARTESIAN_POINT ( 'NONE',  ( 0.4333333333333335147, 0.8666666666666664742, 0.000000000000000000 ) ) ;
#850 = AXIS2_PLACEMENT_3D ( 'NONE', #1034, #1836, #1045 ) ;
#851 = EDGE_CURVE ( 'NONE', #108, #210, #768, .T. ) ;
#852 = EDGE_CURVE ( 'NONE', #2039, #1673, #948, .T. ) ;
#853 = DIRECTION ( 'NONE',  ( -1.000000000000000000, 0.000000000000000000, 0.000000000000000000 ) ) ;
#854 = DIRECTION ( 'NONE',  ( 1.000000000000000000, 0.000000000000000000, 0.000000000000000000 ) ) ;
#855 = ORIENTED_EDGE ( 'NONE', *, *, #1308, .F. ) ;
#856 = CARTESIAN_POINT ( 'NONE',  ( 0.3561855550993345276, -1.000000000000000000, 0.000000000000000000 ) ) ;
#857 = VERTEX_POINT ( 'NONE', #2059 ) ;
#858 = STYLED_ITEM ( 'NONE', ( #1355 ), #803 ) ;
#859 = CARTESIAN_POINT ( 'NONE',  ( 0.4249999999999999334, -0.8666666666666659191, 0.000000000000000000 ) ) ;
#860 = CARTESIAN_POINT ( 'NONE',  ( -0.4333333333333332371, -0.9499999999999997335, -0.05000000000000000278 ) ) ;
#861 =( REPRESENTATION_RELATIONSHIP ('NONE','NONE', #1687, #1414 ) REPRESENTATION_RELATIONSHIP_WITH_TRANSFORMATION ( #1123 )SHAPE_REPRESENTATION_RELATIONSHIP( ) );
#862 = FACE_OUTER_BOUND ( 'NONE', #244, .T. ) ;
#863 = AXIS2_PLACEMENT_3D ( 'NONE', #546, #995, #215 ) ;
#864 = DIRECTION ( 'NONE',  ( 0.000000000000000000, -0.000000000000000000, 1.000000000000000000 ) ) ;
#865 = EDGE_CURVE ( 'NONE', #1124, #190, #469, .T. ) ;
#866 = VERTEX_POINT ( 'NONE', #2038 ) ;
#867 = CARTESIAN_POINT ( 'NONE',  ( 0.4588805156822608478, -1.000000000000000000, -0.004505640591491505940 ) ) ;
#868 = ORIENTED_EDGE ( 'NONE', *, *, #19, .T. ) ;
#869 = FACE_OUTER_BOUND ( 'NONE', #1521, .T. ) ;
#870 = VECTOR ( 'NONE', #1800, 999.9999999999998863 ) ;
#871 = FACE_OUTER_BOUND ( 'NONE', #223, .T. ) ;
#872 = ORIENTED_EDGE ( 'NONE', *, *, #2037, .T. ) ;
#873 = DIRECTION ( 'NONE',  ( 0.000000000000000000, 0.000000000000000000, -1.000000000000000000 ) ) ;
#874 = PLANE ( 'NONE',  #1667 ) ;
#875 = ORIENTED_EDGE ( 'NONE', *, *, #135, .T. ) ;
#876 = CONICAL_SURFACE ( 'NONE', #572, 0.09333333333333329596, 0.7853981633974422838 ) ;
#877 = EDGE_CURVE ( 'NONE', #1862, #1303, #1280, .T. ) ;
#878 = VERTEX_POINT ( 'NONE', #1550 ) ;
#879 = CARTESIAN_POINT ( 'NONE',  ( 1.250000000000000222, 0.8666666666666664742, 9.757819552369539906E-16 ) ) ;
#880 = CIRCLE ( 'NONE', #671, 0.08333333333333331483 ) ;
#881 = DIRECTION ( 'NONE',  ( 1.000000000000000000, 0.000000000000000000, 0.000000000000000000 ) ) ;
#882 = TOROIDAL_SURFACE ( 'NONE', #513, 0.1540440114519872339, 0.05000000000000000278 ) ;
#883 = ORIENTED_EDGE ( 'NONE', *, *, #1585, .F. ) ;
#884 = CARTESIAN_POINT ( 'NONE',  ( 0.4333333333333332371, -0.9853553390593264849, -0.01464466094067275355 ) ) ;
#885 = LINE ( 'NONE', #721, #303 ) ;
#886 = ORIENTED_EDGE ( 'NONE', *, *, #796, .T. ) ;
#887 = ORIENTED_EDGE ( 'NONE', *, *, #1897, .F. ) ;
#888 = DIRECTION ( 'NONE',  ( -0.7071067811865444641, 0.000000000000000000, -0.7071067811865505703 ) ) ;
#889 = EDGE_CURVE ( 'NONE', #1085, #375, #417, .T. ) ;
#890 =( GEOMETRIC_REPRESENTATION_CONTEXT ( 3 ) GLOBAL_UNCERTAINTY_ASSIGNED_CONTEXT ( ( #753 ) ) GLOBAL_UNIT_ASSIGNED_CONTEXT ( ( #418, #263, #732 ) ) REPRESENTATION_CONTEXT ( 'NONE', 'WORKASPACE' ) );
#891 = CARTESIAN_POINT ( 'NONE',  ( -1.116666666666666252, -0.8666666666666666963, 0.9099999999999994760 ) ) ;
#892 = EDGE_LOOP ( 'NONE', ( #583, #256, #1444, #61 ) ) ;
#893 = CARTESIAN_POINT ( 'NONE',  ( -1.116666666666666696, -0.9499999999999998446, -0.05000000000000000278 ) ) ;
#894 = DIRECTION ( 'NONE',  ( -1.084202172485504927E-16, -1.000000000000000000, 0.000000000000000000 ) ) ;
#895 = PRODUCT_DEFINITION_FORMATION_WITH_SPECIFIED_SOURCE ( 'ANY', '', #133, .NOT_KNOWN. ) ;
#896 = VERTEX_POINT ( 'NONE', #1261 ) ;
#897 = ORIENTED_EDGE ( 'NONE', *, *, #354, .F. ) ;
#898 = DIRECTION ( 'NONE',  ( -1.084202172485504557E-16, 1.000000000000000000, 0.000000000000000000 ) ) ;
#899 = EDGE_CURVE ( 'NONE', #1208, #467, #743, .T. ) ;
#900 = STYLED_ITEM ( 'NONE', ( #104 ), #1636 ) ;
#901 = ORIENTED_EDGE ( 'NONE', *, *, #796, .F. ) ;
#902 = ADVANCED_FACE ( 'NONE', ( #292 ), #1516, .T. ) ;
#903 = DIRECTION ( 'NONE',  ( 1.084202172485504557E-16, -1.000000000000000000, 0.000000000000000000 ) ) ;
#904 = CARTESIAN_POINT ( 'NONE',  ( 1.116666666666667140, -1.000000000000000000, 9.893344823930227960E-16 ) ) ;
#905 = VERTEX_POINT ( 'NONE', #1 ) ;
#906 = VERTEX_POINT ( 'NONE', #1583 ) ;
#907 = VECTOR ( 'NONE', #88, 1000.000000000000000 ) ;
#908 = CARTESIAN_POINT ( 'NONE',  ( 1.116666666666667140, -0.9599999999999999645, 0.9499999999999999556 ) ) ;
#909 = EDGE_CURVE ( 'NONE', #1548, #175, #1117, .T. ) ;
#910 = VERTEX_POINT ( 'NONE', #927 ) ;
#911 = CIRCLE ( 'NONE', #1276, 0.08333333333333331483 ) ;
#912 = LINE ( 'NONE', #576, #941 ) ;
#913 = DIRECTION ( 'NONE',  ( 0.000000000000000000, -1.000000000000000000, 0.000000000000000000 ) ) ;
#914 = EDGE_CURVE ( 'NONE', #1454, #905, #1151, .T. ) ;
#915 = ORIENTED_EDGE ( 'NONE', *, *, #1348, .F. ) ;
#916 = ORIENTED_EDGE ( 'NONE', *, *, #1486, .F. ) ;
#917 = CARTESIAN_POINT ( 'NONE',  ( -0.4348524812293646513, -0.9859369118562711920, -0.01406308814372796319 ) ) ;
#918 = ORIENTED_EDGE ( 'NONE', *, *, #663, .T. ) ;
#919 = DIRECTION ( 'NONE',  ( -0.7071067811865447972, 0.000000000000000000, -0.7071067811865502373 ) ) ;
#920 = PLANE ( 'NONE',  #1201 ) ;
#921 = ADVANCED_FACE ( 'NONE', ( #642 ), #1922, .T. ) ;
#922 = ORIENTED_EDGE ( 'NONE', *, *, #1330, .F. ) ;
#923 = DIRECTION ( 'NONE',  ( 1.084202172485504557E-16, -1.000000000000000000, 0.000000000000000000 ) ) ;
#924 = PRODUCT_DEFINITION_CONTEXT ( 'detailed design', #432, 'design' ) ;
#925 = VERTEX_POINT ( 'NONE', #835 ) ;
#926 = AXIS2_PLACEMENT_3D ( 'NONE', #29, #1453, #168 ) ;
#927 = CARTESIAN_POINT ( 'NONE',  ( -1.209999999999999964, 0.8666666666666664742, 0.9499999999999999556 ) ) ;
#928 = ORIENTED_EDGE ( 'NONE', *, *, #2012, .T. ) ;
#929 = FACE_OUTER_BOUND ( 'NONE', #419, .T. ) ;
#930 = CARTESIAN_POINT ( 'NONE',  ( 0.3500000000000002554, 0.9999999999999997780, -0.05000000000000000278 ) ) ;
#931 = ORIENTED_EDGE ( 'NONE', *, *, #466, .F. ) ;
#932 = CARTESIAN_POINT ( 'NONE',  ( 1.250000000000000222, 0.9499999999999997335, -0.05000000000000000278 ) ) ;
#933 = EDGE_CURVE ( 'NONE', #857, #1454, #211, .T. ) ;
#934 = DIRECTION ( 'NONE',  ( 1.000000000000000000, 0.000000000000000000, 0.000000000000000000 ) ) ;
#935 = EDGE_LOOP ( 'NONE', ( #992, #1742, #1666, #1848, #872, #990, #1231, #1009 ) ) ;
#936 = EDGE_CURVE ( 'NONE', #2046, #50, #1785, .T. ) ;
#937 = CARTESIAN_POINT ( 'NONE',  ( -0.4440617265459801954, -0.9893765925158464203, -0.01062340748415263776 ) ) ;
#938 = ORIENTED_EDGE ( 'NONE', *, *, #1458, .F. ) ;
#939 = FACE_OUTER_BOUND ( 'NONE', #892, .T. ) ;
#940 = LINE ( 'NONE', #1131, #426 ) ;
#941 = VECTOR ( 'NONE', #1213, 1000.000000000000000 ) ;
#942 = ORIENTED_EDGE ( 'NONE', *, *, #227, .T. ) ;
#943 = FACE_OUTER_BOUND ( 'NONE', #1940, .T. ) ;
#944 = CIRCLE ( 'NONE', #1949, 0.1540440114519872339 ) ;
#945 = ORIENTED_EDGE ( 'NONE', *, *, #466, .T. ) ;
#946 = CARTESIAN_POINT ( 'NONE',  ( 0.000000000000000000, 0.000000000000000000, 0.000000000000000000 ) ) ;
#947 = EDGE_CURVE ( 'NONE', #50, #1488, #220, .T. ) ;
#948 = LINE ( 'NONE', #1284, #1682 ) ;
#949 = MANIFOLD_SOLID_BREP ( '\X2\570689d2\X0\1', #1312 ) ;
#950 = EDGE_LOOP ( 'NONE', ( #1593, #1040, #1769, #1256 ) ) ;
#951 = CARTESIAN_POINT ( 'NONE',  ( -1.116666666666666696, -0.9499999999999998446, 0.000000000000000000 ) ) ;
#952 = DIRECTION ( 'NONE',  ( 1.000000000000000000, -1.626303258728256651E-16, 0.000000000000000000 ) ) ;
#953 = PRESENTATION_LAYER_ASSIGNMENT (  '', '', ( #858 ) ) ;
#954 = VERTEX_POINT ( 'NONE', #193 ) ;
#955 = DIRECTION ( 'NONE',  ( -0.7071067811865441310, 0.000000000000000000, -0.7071067811865507924 ) ) ;
#956 = PRODUCT_CONTEXT ( 'NONE', #1072, 'mechanical' ) ;
#957 = ORIENTED_EDGE ( 'NONE', *, *, #1897, .T. ) ;
#958 = CARTESIAN_POINT ( 'NONE',  ( 0.3416666666666663410, 0.9500000000000001776, 0.05000000000000000278 ) ) ;
#959 = VECTOR ( 'NONE', #1770, 1000.000000000000000 ) ;
#960 = CARTESIAN_POINT ( 'NONE',  ( 1.116666666666667140, -0.8666666666666668073, 9.757819552369539906E-16 ) ) ;
#961 = CARTESIAN_POINT ( 'NONE',  ( -1.199999999999999956, 0.8666666666666662522, -0.05000000000000000278 ) ) ;
#962 = LINE ( 'NONE', #1597, #27 ) ;
#963 = EDGE_CURVE ( 'NONE', #1728, #1684, #1933, .T. ) ;
#964 = CARTESIAN_POINT ( 'NONE',  ( -1.116666666666666696, 0.8666666666666662522, 0.000000000000000000 ) ) ;
#965 = APPLICATION_CONTEXT ( 'automotive_design' ) ;
#966 = DIRECTION ( 'NONE',  ( 0.000000000000000000, 0.000000000000000000, 1.000000000000000000 ) ) ;
#967 = AXIS2_PLACEMENT_3D ( 'NONE', #680, #1353, #1507 ) ;
#968 = ORIENTED_EDGE ( 'NONE', *, *, #1402, .F. ) ;
#969 = DIRECTION ( 'NONE',  ( -0.000000000000000000, 0.000000000000000000, 1.000000000000000000 ) ) ;
#970 = CARTESIAN_POINT ( 'NONE',  ( 2.168404344971007389E-16, 0.9499999999999995115, -0.05000000000000000278 ) ) ;
#971 = CARTESIAN_POINT ( 'NONE',  ( -1.116666666666666696, -0.9499999999999998446, 0.000000000000000000 ) ) ;
#972 = VECTOR ( 'NONE', #408, 1000.000000000000000 ) ;
#973 = FACE_OUTER_BOUND ( 'NONE', #2032, .T. ) ;
#974 = CARTESIAN_POINT ( 'NONE',  ( 0.4940722804852149541, -1.000000000000000000, 9.404106340482832129E-16 ) ) ;
#975 = EDGE_CURVE ( 'NONE', #458, #332, #1917, .T. ) ;
#976 = ADVANCED_FACE ( 'NONE', ( #41 ), #1771, .F. ) ;
#977 = SHAPE_DEFINITION_REPRESENTATION ( #183, #1687 ) ;
#978 = EDGE_LOOP ( 'NONE', ( #1313, #1064, #1884, #701 ) ) ;
#979 = VECTOR ( 'NONE', #903, 1000.000000000000000 ) ;
#980 = FACE_OUTER_BOUND ( 'NONE', #1827, .T. ) ;
#981 = SURFACE_STYLE_USAGE ( .BOTH. , #358 ) ;
#982 =( GEOMETRIC_REPRESENTATION_CONTEXT ( 3 ) GLOBAL_UNCERTAINTY_ASSIGNED_CONTEXT ( ( #2034 ) ) GLOBAL_UNIT_ASSIGNED_CONTEXT ( ( #1628, #673, #815 ) ) REPRESENTATION_CONTEXT ( 'NONE', 'WORKASPACE' ) );
#983 = DIRECTION ( 'NONE',  ( -1.000000000000000000, 0.000000000000000000, 0.000000000000000000 ) ) ;
#984 = CARTESIAN_POINT ( 'NONE',  ( 2.168404344971008375E-16, -0.9499999999999996225, -0.05000000000000000278 ) ) ;
#985 = DIRECTION ( 'NONE',  ( 0.000000000000000000, -0.000000000000000000, 1.000000000000000000 ) ) ;
#986 = CARTESIAN_POINT ( 'NONE',  ( -0.2792893218813460865, -0.8666666666666665853, -0.05000000000000000278 ) ) ;
#987 = VECTOR ( 'NONE', #2058, 1000.000000000000114 ) ;
#988 = ADVANCED_FACE ( 'NONE', ( #65 ), #42, .T. ) ;
#989 = EDGE_CURVE ( 'NONE', #954, #1784, #1707, .T. ) ;
#990 = ORIENTED_EDGE ( 'NONE', *, *, #755, .T. ) ;
#991 = DIRECTION ( 'NONE',  ( 1.000000000000000000, 1.141265444721583757E-16, -0.000000000000000000 ) ) ;
#992 = ORIENTED_EDGE ( 'NONE', *, *, #1495, .T. ) ;
#993 = CARTESIAN_POINT ( 'NONE',  ( -1.116666666666666696, -0.8666666666666664742, -0.05000000000000000278 ) ) ;
#994 = DIRECTION ( 'NONE',  ( 0.000000000000000000, 0.7071067811865444641, -0.7071067811865505703 ) ) ;
#995 = DIRECTION ( 'NONE',  ( 1.000000000000000000, -0.000000000000000000, 0.000000000000000000 ) ) ;
#996 = CYLINDRICAL_SURFACE ( 'NONE', #1440, 0.08333333333333331483 ) ;
#997 = LINE ( 'NONE', #384, #335 ) ;
#998 = ORIENTED_EDGE ( 'NONE', *, *, #101, .F. ) ;
#999 = EDGE_CURVE ( 'NONE', #179, #50, #1169, .T. ) ;
#1000 = DIRECTION ( 'NONE',  ( 0.000000000000000000, 0.000000000000000000, 1.000000000000000000 ) ) ;
#1001 = ORIENTED_EDGE ( 'NONE', *, *, #519, .F. ) ;
#1002 = CARTESIAN_POINT ( 'NONE',  ( 1.200000000000000178, -0.8666666666666665853, 0.000000000000000000 ) ) ;
#1003 = EDGE_CURVE ( 'NONE', #1382, #1466, #1325, .T. ) ;
#1004 = CARTESIAN_POINT ( 'NONE',  ( -0.4250000000000002665, 0.9500000000000001776, 0.000000000000000000 ) ) ;
#1005 = FACE_OUTER_BOUND ( 'NONE', #259, .T. ) ;
#1006 =( REPRESENTATION_RELATIONSHIP ('NONE','NONE', #1687, #2060 ) REPRESENTATION_RELATIONSHIP_WITH_TRANSFORMATION ( #1592 )SHAPE_REPRESENTATION_RELATIONSHIP( ) );
#1007 = CARTESIAN_POINT ( 'NONE',  ( -0.3416666666666667296, -0.8666666666666663632, 0.000000000000000000 ) ) ;
#1008 = DIRECTION ( 'NONE',  ( 0.000000000000000000, -0.000000000000000000, -1.000000000000000000 ) ) ;
#1009 = ORIENTED_EDGE ( 'NONE', *, *, #1523, .T. ) ;
#1010 = CARTESIAN_POINT ( 'NONE',  ( -1.249999999999999556, -0.8666666666666668073, 0.9099999999999994760 ) ) ;
#1011 = CIRCLE ( 'NONE', #1145, 0.08333333333333331483 ) ;
#1012 = EDGE_LOOP ( 'NONE', ( #490, #1226, #1234, #1518 ) ) ;
#1013 = DIRECTION ( 'NONE',  ( 1.084202172485504557E-16, -1.000000000000000000, 0.000000000000000000 ) ) ;
#1014 = EDGE_CURVE ( 'NONE', #1976, #1532, #512, .T. ) ;
#1015 = DIRECTION ( 'NONE',  ( -1.000000000000000000, 0.000000000000000000, 0.000000000000000000 ) ) ;
#1016 = PLANE ( 'NONE',  #2028 ) ;
#1017 = AXIS2_PLACEMENT_3D ( 'NONE', #993, #1317, #1467 ) ;
#1018 = ORIENTED_EDGE ( 'NONE', *, *, #1128, .T. ) ;
#1019 = DIRECTION ( 'NONE',  ( 0.000000000000000000, -0.000000000000000000, -1.000000000000000000 ) ) ;
#1020 = FACE_OUTER_BOUND ( 'NONE', #421, .T. ) ;
#1021 = ORIENTED_EDGE ( 'NONE', *, *, #90, .T. ) ;
#1022 = FACE_OUTER_BOUND ( 'NONE', #1724, .T. ) ;
#1023 = VERTEX_POINT ( 'NONE', #1336 ) ;
#1024 = DIRECTION ( 'NONE',  ( -1.000000000000000000, 0.000000000000000000, 0.000000000000000000 ) ) ;
#1025 = CARTESIAN_POINT ( 'NONE',  ( 0.4249999999999997113, 0.9500000000000001776, 0.000000000000000000 ) ) ;
#1026 = ORIENTED_EDGE ( 'NONE', *, *, #653, .T. ) ;
#1027 = DIRECTION ( 'NONE',  ( 1.000000000000000000, 1.301042606982605518E-15, 0.000000000000000000 ) ) ;
#1028 = CARTESIAN_POINT ( 'NONE',  ( -1.116666666666666474, 0.9999999999999997780, 0.9499999999999999556 ) ) ;
#1029 = ADVANCED_FACE ( 'NONE', ( #685 ), #1150, .T. ) ;
#1030 = ORIENTED_EDGE ( 'NONE', *, *, #2012, .F. ) ;
#1031 = ORIENTED_EDGE ( 'NONE', *, *, #975, .F. ) ;
#1032 = CARTESIAN_POINT ( 'NONE',  ( -1.199999999999999289, -1.301042606982604581E-16, -0.05000000000000000278 ) ) ;
#1033 = AXIS2_PLACEMENT_3D ( 'NONE', #1087, #913, #1396 ) ;
#1034 = CARTESIAN_POINT ( 'NONE',  ( 0.4333333333333332371, -0.8666666666666668073, 0.000000000000000000 ) ) ;
#1035 = ORIENTED_EDGE ( 'NONE', *, *, #1498, .T. ) ;
#1036 = CARTESIAN_POINT ( 'NONE',  ( -0.4077861509844051824, -1.000000000000000000, -0.004505640591491440021 ) ) ;
#1037 = CARTESIAN_POINT ( 'NONE',  ( 0.4348524812293663167, -0.9859369118562688605, -0.01406308814373036405 ) ) ;
#1038 = EDGE_CURVE ( 'NONE', #1698, #179, #2011, .T. ) ;
#1039 = EDGE_CURVE ( 'NONE', #1862, #1693, #776, .T. ) ;
#1040 = ORIENTED_EDGE ( 'NONE', *, *, #739, .F. ) ;
#1041 = AXIS2_PLACEMENT_3D ( 'NONE', #2044, #389, #1024 ) ;
#1042 = EDGE_LOOP ( 'NONE', ( #1220, #1877, #842, #1241 ) ) ;
#1043 = DIRECTION ( 'NONE',  ( 1.000000000000000000, 0.000000000000000000, 0.000000000000000000 ) ) ;
#1044 = AXIS2_PLACEMENT_3D ( 'NONE', #277, #319, #1882 ) ;
#1045 = DIRECTION ( 'NONE',  ( 1.000000000000000000, 0.000000000000000000, 0.000000000000000000 ) ) ;
#1046 = CIRCLE ( 'NONE', #1243, 0.1186886723926596637 ) ;
#1047 = ORIENTED_EDGE ( 'NONE', *, *, #568, .F. ) ;
#1048 = PRODUCT_DEFINITION_SHAPE ( 'NONE', 'NONE',  #2069 ) ;
#1049 = CARTESIAN_POINT ( 'NONE',  ( 0.000000000000000000, 0.000000000000000000, 0.000000000000000000 ) ) ;
#1050 = FACE_OUTER_BOUND ( 'NONE', #1206, .T. ) ;
#1051 = VECTOR ( 'NONE', #1729, 1000.000000000000000 ) ;
#1052 = EDGE_LOOP ( 'NONE', ( #1813, #1718, #868, #1188, #1602 ) ) ;
#1053 = EDGE_LOOP ( 'NONE', ( #1708, #424, #2023, #722 ) ) ;
#1054 = ADVANCED_FACE ( 'NONE', ( #869 ), #1471, .F. ) ;
#1055 = AXIS2_PLACEMENT_3D ( 'NONE', #946, #969, #1445 ) ;
#1056 = CYLINDRICAL_SURFACE ( 'NONE', #1647, 0.08333333333333331483 ) ;
#1057 = ORIENTED_EDGE ( 'NONE', *, *, #1182, .T. ) ;
#1058 = DIRECTION ( 'NONE',  ( -1.000000000000000000, 0.000000000000000000, 0.000000000000000000 ) ) ;
#1059 = LINE ( 'NONE', #577, #799 ) ;
#1060 = AXIS2_PLACEMENT_3D ( 'NONE', #1328, #1171, #1650 ) ;
#1061 = VERTEX_POINT ( 'NONE', #234 ) ;
#1062 = SURFACE_SIDE_STYLE ('',( #272 ) ) ;
#1063 = EDGE_CURVE ( 'NONE', #1502, #580, #1681, .T. ) ;
#1064 = ORIENTED_EDGE ( 'NONE', *, *, #188, .F. ) ;
#1065 = ADVANCED_FACE ( 'NONE', ( #99 ), #876, .T. ) ;
#1066 = FACE_OUTER_BOUND ( 'NONE', #84, .T. ) ;
#1067 = CIRCLE ( 'NONE', #1265, 0.08333333333333325932 ) ;
#1068 = ORIENTED_EDGE ( 'NONE', *, *, #437, .F. ) ;
#1069 = DIRECTION ( 'NONE',  ( -1.626303258728256651E-16, -1.000000000000000000, 0.000000000000000000 ) ) ;
#1070 = CARTESIAN_POINT ( 'NONE',  ( -1.249999999999999778, 0.9999999999999997780, 0.9499999999999999556 ) ) ;
#1071 = ORIENTED_EDGE ( 'NONE', *, *, #755, .F. ) ;
#1072 = APPLICATION_CONTEXT ( 'automotive_design' ) ;
#1073 = VERTEX_POINT ( 'NONE', #879 ) ;
#1074 = VECTOR ( 'NONE', #1943, 1000.000000000000000 ) ;
#1075 = DIRECTION ( 'NONE',  ( 0.000000000000000000, -0.7071067811865439090, -0.7071067811865512365 ) ) ;
#1076 = EDGE_CURVE ( 'NONE', #562, #906, #1557, .T. ) ;
#1077 = VERTEX_POINT ( 'NONE', #1568 ) ;
#1078 = VECTOR ( 'NONE', #361, 1000.000000000000000 ) ;
#1079 = CYLINDRICAL_SURFACE ( 'NONE', #1878, 0.1333333333333333870 ) ;
#1080 =( NAMED_UNIT ( * ) SI_UNIT ( $, .STERADIAN. ) SOLID_ANGLE_UNIT ( ) );
#1081 = ORIENTED_EDGE ( 'NONE', *, *, #1483, .F. ) ;
#1082 = DIRECTION ( 'NONE',  ( 0.000000000000000000, -0.000000000000000000, -1.000000000000000000 ) ) ;
#1083 = ORIENTED_EDGE ( 'NONE', *, *, #590, .T. ) ;
#1084 = CARTESIAN_POINT ( 'NONE',  ( -0.4340942951992316501, -0.9856442827633066228, -0.01435571723669256707 ) ) ;
#1085 = VERTEX_POINT ( 'NONE', #1357 ) ;
#1086 = FACE_OUTER_BOUND ( 'NONE', #618, .T. ) ;
#1087 = CARTESIAN_POINT ( 'NONE',  ( 1.250000000000000222, 0.9499999999999997335, -0.05000000000000000278 ) ) ;
#1088 = CARTESIAN_POINT ( 'NONE',  ( 1.116666666666666474, 0.8666666666666664742, 0.9099999999999994760 ) ) ;
#1089 = DIRECTION ( 'NONE',  ( 0.000000000000000000, -0.000000000000000000, 1.000000000000000000 ) ) ;
#1090 = EDGE_CURVE ( 'NONE', #569, #1113, #601, .T. ) ;
#1091 = EDGE_CURVE ( 'NONE', #605, #114, #77, .T. ) ;
#1092 = ORIENTED_EDGE ( 'NONE', *, *, #718, .T. ) ;
#1093 = VECTOR ( 'NONE', #1274, 1000.000000000000114 ) ;
#1094 = DIRECTION ( 'NONE',  ( 1.000000000000000000, 0.000000000000000000, 0.000000000000000000 ) ) ;
#1095 = ORIENTED_EDGE ( 'NONE', *, *, #809, .F. ) ;
#1096 = DIRECTION ( 'NONE',  ( 0.000000000000000000, 1.000000000000000000, 0.000000000000000000 ) ) ;
#1097 = LINE ( 'NONE', #860, #198 ) ;
#1098 = VERTEX_POINT ( 'NONE', #1717 ) ;
#1099 = CARTESIAN_POINT ( 'NONE',  ( -1.199999999999999289, 0.8666666666666664742, -0.05000000000000000278 ) ) ;
#1100 = EDGE_CURVE ( 'NONE', #1303, #179, #1515, .T. ) ;
#1101 = DIRECTION ( 'NONE',  ( 0.000000000000000000, 0.000000000000000000, 1.000000000000000000 ) ) ;
#1102 = ORIENTED_EDGE ( 'NONE', *, *, #914, .F. ) ;
#1103 = LINE ( 'NONE', #324, #987 ) ;
#1104 = CARTESIAN_POINT ( 'NONE',  ( 0.4333333333333332371, -0.8666666666666668073, -0.05000000000000000278 ) ) ;
#1105 = VECTOR ( 'NONE', #1659, 1000.000000000000000 ) ;
#1106 = ORIENTED_EDGE ( 'NONE', *, *, #1640, .T. ) ;
#1107 = FACE_OUTER_BOUND ( 'NONE', #978, .T. ) ;
#1108 = CARTESIAN_POINT ( 'NONE',  ( -1.199999999999999956, -0.8666666666666664742, -0.05000000000000000278 ) ) ;
#1109 = AXIS2_PLACEMENT_3D ( 'NONE', #646, #1609, #1298 ) ;
#1110 = DIRECTION ( 'NONE',  ( -0.000000000000000000, 0.000000000000000000, -1.000000000000000000 ) ) ;
#1111 = PLANE ( 'NONE',  #1676 ) ;
#1112 = CIRCLE ( 'NONE', #2006, 0.1186886723926597054 ) ;
#1113 = VERTEX_POINT ( 'NONE', #553 ) ;
#1114 = VECTOR ( 'NONE', #1646, 1000.000000000000000 ) ;
#1115 = EDGE_CURVE ( 'NONE', #770, #1502, #1190, .T. ) ;
#1116 = CARTESIAN_POINT ( 'NONE',  ( 0.4348524812293648178, 0.9859369118562709700, -0.01406308814372796319 ) ) ;
#1117 = LINE ( 'NONE', #632, #2048 ) ;
#1118 = EDGE_CURVE ( 'NONE', #588, #1990, #2045, .T. ) ;
#1119 = CARTESIAN_POINT ( 'NONE',  ( 0.3500000000000008105, 0.8666666666666664742, -0.05000000000000000278 ) ) ;
#1120 = CARTESIAN_POINT ( 'NONE',  ( 1.116666666666666474, 0.9999999999999997780, 9.757819552369539906E-16 ) ) ;
#1121 = CARTESIAN_POINT ( 'NONE',  ( -1.116666666666666474, 0.9999999999999997780, 9.893344823930227960E-16 ) ) ;
#1122 = DIRECTION ( 'NONE',  ( 0.000000000000000000, -0.7071067811865435759, -0.7071067811865513475 ) ) ;
#1123 = ITEM_DEFINED_TRANSFORMATION ( 'NONE', 'NONE', #787,  #615 ) ;
#1124 = VERTEX_POINT ( 'NONE', #288 ) ;
#1125 = DIRECTION ( 'NONE',  ( 1.000000000000000000, 0.000000000000000000, 0.000000000000000000 ) ) ;
#1126 = VECTOR ( 'NONE', #1163, 1000.000000000000000 ) ;
#1127 = CARTESIAN_POINT ( 'NONE',  ( 1.116666666666666474, 0.9999999999999997780, 0.9099999999999994760 ) ) ;
#1128 = EDGE_CURVE ( 'NONE', #1693, #1626, #1525, .T. ) ;
#1129 = EDGE_CURVE ( 'NONE', #1351, #201, #131, .T. ) ;
#1130 = DIRECTION ( 'NONE',  ( -0.7071067811865444641, 0.000000000000000000, 0.7071067811865505703 ) ) ;
#1131 = CARTESIAN_POINT ( 'NONE',  ( -0.4333333333333332926, -1.000000000000000000, 9.893344823930227960E-16 ) ) ;
#1132 = DIRECTION ( 'NONE',  ( -1.000000000000000000, 0.000000000000000000, 0.000000000000000000 ) ) ;
#1133 = DIRECTION ( 'NONE',  ( 1.141265444721583757E-16, -1.000000000000000000, 0.000000000000000000 ) ) ;
#1134 = CIRCLE ( 'NONE', #628, 0.08333333333333331483 ) ;
#1135 = CARTESIAN_POINT ( 'NONE',  ( -4.401038795714311321E-16, 1.084202172485504434E-16, 0.05000000000000000278 ) ) ;
#1136 = ORIENTED_EDGE ( 'NONE', *, *, #1115, .F. ) ;
#1137 = CARTESIAN_POINT ( 'NONE',  ( 0.4356162189310285315, 0.9862221701712667876, -0.01377782982873212471 ) ) ;
#1138 = DIRECTION ( 'NONE',  ( -1.084202172485504434E-16, -1.000000000000000000, 0.000000000000000000 ) ) ;
#1139 = DIRECTION ( 'NONE',  ( -0.000000000000000000, -0.000000000000000000, -1.000000000000000000 ) ) ;
#1140 = DIRECTION ( 'NONE',  ( 0.000000000000000000, -0.000000000000000000, -1.000000000000000000 ) ) ;
#1141 = ADVANCED_FACE ( 'NONE', ( #444 ), #1367, .T. ) ;
#1142 = AXIS2_PLACEMENT_3D ( 'NONE', #1918, #966, #330 ) ;
#1143 = CARTESIAN_POINT ( 'NONE',  ( -0.4250000000000002665, 0.9500000000000001776, 0.05000000000000000278 ) ) ;
#1144 = FACE_OUTER_BOUND ( 'NONE', #1561, .T. ) ;
#1145 = AXIS2_PLACEMENT_3D ( 'NONE', #1007, #350, #1818 ) ;
#1146 = EDGE_LOOP ( 'NONE', ( #1335, #530, #922, #1199 ) ) ;
#1147 = CONICAL_SURFACE ( 'NONE', #481, 0.08333333333333260706, 0.7853981633974445042 ) ;
#1148 = CARTESIAN_POINT ( 'NONE',  ( 0.4340942951992318721, 0.9856442827633064008, -0.01435571723669256533 ) ) ;
#1149 = ORIENTED_EDGE ( 'NONE', *, *, #1558, .F. ) ;
#1150 = PLANE ( 'NONE',  #1875 ) ;
#1151 = CIRCLE ( 'NONE', #254, 0.1540440114519871784 ) ;
#1152 = DIRECTION ( 'NONE',  ( -1.000000000000000000, 0.000000000000000000, 0.000000000000000000 ) ) ;
#1153 = PLANE ( 'NONE',  #328 ) ;
#1154 = EDGE_CURVE ( 'NONE', #1203, #367, #1605, .T. ) ;
#1155 = FACE_OUTER_BOUND ( 'NONE', #388, .T. ) ;
#1156 = CARTESIAN_POINT ( 'NONE',  ( -0.2792893218813458089, 0.8666666666666664742, 0.000000000000000000 ) ) ;
#1157 = CIRCLE ( 'NONE', #226, 0.1333333333333333870 ) ;
#1158 = ORIENTED_EDGE ( 'NONE', *, *, #1527, .T. ) ;
#1159 = CARTESIAN_POINT ( 'NONE',  ( 0.3499999999999999223, -0.8666666666666665853, 0.000000000000000000 ) ) ;
#1160 = ORIENTED_EDGE ( 'NONE', *, *, #663, .F. ) ;
#1161 = PRESENTATION_STYLE_ASSIGNMENT (( #981 ) ) ;
#1162 = CARTESIAN_POINT ( 'NONE',  ( 0.4333333333333331816, -0.8666666666666665853, -0.05000000000000000278 ) ) ;
#1163 = DIRECTION ( 'NONE',  ( 1.000000000000000000, 0.000000000000000000, 0.000000000000000000 ) ) ;
#1164 = DIRECTION ( 'NONE',  ( 0.000000000000000000, -0.000000000000000000, -1.000000000000000000 ) ) ;
#1165 = CARTESIAN_POINT ( 'NONE',  ( 0.3500000000000004219, -0.8666666666666668073, -0.05000000000000000278 ) ) ;
#1166 = ORIENTED_EDGE ( 'NONE', *, *, #1585, .T. ) ;
#1167 = AXIS2_PLACEMENT_3D ( 'NONE', #617, #1757, #1257 ) ;
#1168 = EDGE_LOOP ( 'NONE', ( #585, #1794, #719, #1136 ) ) ;
#1169 = LINE ( 'NONE', #1002, #1074 ) ;
#1170 = CARTESIAN_POINT ( 'NONE',  ( -0.4619346389384165197, 0.9942342549213863956, -0.005765745078612525415 ) ) ;
#1171 = DIRECTION ( 'NONE',  ( -1.000000000000000000, 1.084202172485504434E-16, 0.000000000000000000 ) ) ;
#1172 = AXIS2_PLACEMENT_3D ( 'NONE', #1191, #436, #1368 ) ;
#1173 = CARTESIAN_POINT ( 'NONE',  ( 0.4333333333333335147, 0.9499999999999994005, -0.05000000000000000278 ) ) ;
#1174 = DIRECTION ( 'NONE',  ( -0.000000000000000000, -0.000000000000000000, -1.000000000000000000 ) ) ;
#1175 = VECTOR ( 'NONE', #399, 1000.000000000000000 ) ;
#1176 = VERTEX_POINT ( 'NONE', #456 ) ;
#1177 = PLANE ( 'NONE',  #2057 ) ;
#1178 = CIRCLE ( 'NONE', #1109, 0.1186886723926597054 ) ;
#1179 = ORIENTED_EDGE ( 'NONE', *, *, #1738, .T. ) ;
#1180 = DIRECTION ( 'NONE',  ( 0.000000000000000000, 0.000000000000000000, 1.000000000000000000 ) ) ;
#1181 = APPLICATION_CONTEXT ( 'automotive_design' ) ;
#1182 = EDGE_CURVE ( 'NONE', #297, #1581, #563, .T. ) ;
#1183 = LINE ( 'NONE', #837, #578 ) ;
#1184 = DIRECTION ( 'NONE',  ( -1.000000000000000000, 0.000000000000000000, 0.000000000000000000 ) ) ;
#1185 = EDGE_CURVE ( 'NONE', #896, #588, #706, .T. ) ;
#1186 = DIRECTION ( 'NONE',  ( -0.000000000000000000, 0.000000000000000000, -1.000000000000000000 ) ) ;
#1187 = CARTESIAN_POINT ( 'NONE',  ( -1.116666666666666474, 0.8666666666666664742, 0.9499999999999999556 ) ) ;
#1188 = ORIENTED_EDGE ( 'NONE', *, *, #213, .F. ) ;
#1189 = ORIENTED_EDGE ( 'NONE', *, *, #717, .T. ) ;
#1190 = LINE ( 'NONE', #1248, #1175 ) ;
#1191 = CARTESIAN_POINT ( 'NONE',  ( 0.3416666666666666186, -0.8666666666666662522, 0.05000000000000000278 ) ) ;
#1192 = ORIENTED_EDGE ( 'NONE', *, *, #326, .F. ) ;
#1193 = ORIENTED_EDGE ( 'NONE', *, *, #454, .T. ) ;
#1194 = DIRECTION ( 'NONE',  ( -0.7071067811865505703, 1.149970062512535411E-16, -0.7071067811865444641 ) ) ;
#1195 = FACE_OUTER_BOUND ( 'NONE', #1376, .T. ) ;
#1196 = EDGE_LOOP ( 'NONE', ( #282, #1677, #1277, #116 ) ) ;
#1197 = PRODUCT_DEFINITION_SHAPE ( 'NONE', 'NONE',  #2068 ) ;
#1198 = CARTESIAN_POINT ( 'NONE',  ( 0.000000000000000000, 0.000000000000000000, 0.000000000000000000 ) ) ;
#1199 = ORIENTED_EDGE ( 'NONE', *, *, #1154, .T. ) ;
#1200 = DIRECTION ( 'NONE',  ( -0.000000000000000000, -0.000000000000000000, 1.000000000000000000 ) ) ;
#1201 = AXIS2_PLACEMENT_3D ( 'NONE', #1520, #1205, #1214 ) ;
#1202 = DIRECTION ( 'NONE',  ( 0.000000000000000000, 1.000000000000000000, 0.000000000000000000 ) ) ;
#1203 = VERTEX_POINT ( 'NONE', #1671 ) ;
#1204 = CARTESIAN_POINT ( 'NONE',  ( -0.3499999999999997002, 0.8666666666666661412, -0.05000000000000000278 ) ) ;
#1205 = DIRECTION ( 'NONE',  ( 0.000000000000000000, 1.000000000000000000, 0.000000000000000000 ) ) ;
#1206 = EDGE_LOOP ( 'NONE', ( #1390, #30, #111, #1083 ) ) ;
#1207 = VECTOR ( 'NONE', #1089, 1000.000000000000000 ) ;
#1208 = VERTEX_POINT ( 'NONE', #245 ) ;
#1209 = B_SPLINE_CURVE_WITH_KNOTS ( 'NONE', 3,
 ( #1828, #402, #1371, #1036, #720, #1362 ),
 .UNSPECIFIED., .F., .F.,
 ( 4, 2, 4 ),
 ( 0.000000000000000000, 7.709325645069816301E-05, 0.0001541865129013963260 ),
 .UNSPECIFIED. ) ;
#1210 = VECTOR ( 'NONE', #128, 1000.000000000000000 ) ;
#1211 = DIRECTION ( 'NONE',  ( 0.000000000000000000, 0.000000000000000000, -1.000000000000000000 ) ) ;
#1212 = EDGE_LOOP ( 'NONE', ( #2026, #1544, #1716, #64 ) ) ;
#1213 = DIRECTION ( 'NONE',  ( -1.084202172485504557E-16, 1.000000000000000000, 0.000000000000000000 ) ) ;
#1214 = DIRECTION ( 'NONE',  ( 0.000000000000000000, -0.000000000000000000, 1.000000000000000000 ) ) ;
#1215 = VECTOR ( 'NONE', #584, 1000.000000000000000 ) ;
#1216 = ADVANCED_FACE ( 'NONE', ( #1144 ), #1239, .T. ) ;
#1217 = ORIENTED_EDGE ( 'NONE', *, *, #1483, .T. ) ;
#1218 =( REPRESENTATION_RELATIONSHIP ('NONE','NONE', #1687, #1414 ) REPRESENTATION_RELATIONSHIP_WITH_TRANSFORMATION ( #178 )SHAPE_REPRESENTATION_RELATIONSHIP( ) );
#1219 = CARTESIAN_POINT ( 'NONE',  ( 0.000000000000000000, 0.000000000000000000, 0.000000000000000000 ) ) ;
#1220 = ORIENTED_EDGE ( 'NONE', *, *, #823, .T. ) ;
#1221 =( GEOMETRIC_REPRESENTATION_CONTEXT ( 3 ) GLOBAL_UNCERTAINTY_ASSIGNED_CONTEXT ( ( #281 ) ) GLOBAL_UNIT_ASSIGNED_CONTEXT ( ( #1985, #713, #561 ) ) REPRESENTATION_CONTEXT ( 'NONE', 'WORKASPACE' ) );
#1222 = CYLINDRICAL_SURFACE ( 'NONE', #1172, 0.08333333333333331483 ) ;
#1223 = EDGE_LOOP ( 'NONE', ( #1001, #520, #302, #1509 ) ) ;
#1224 = CARTESIAN_POINT ( 'NONE',  ( -0.3500000000000003664, 3.794707603699271066E-17, -0.05000000000000000278 ) ) ;
#1225 = AXIS2_PLACEMENT_3D ( 'NONE', #805, #1140, #1264 ) ;
#1226 = ORIENTED_EDGE ( 'NONE', *, *, #610, .F. ) ;
#1227 = EDGE_LOOP ( 'NONE', ( #942, #127, #1193, #957, #124, #1217, #552, #724 ) ) ;
#1228 = ADVANCED_FACE ( 'NONE', ( #309 ), #1508, .T. ) ;
#1229 = LINE ( 'NONE', #235, #1612 ) ;
#1230 = AXIS2_PLACEMENT_3D ( 'NONE', #538, #667, #1462 ) ;
#1231 = ORIENTED_EDGE ( 'NONE', *, *, #230, .T. ) ;
#1232 = DIRECTION ( 'NONE',  ( -1.000000000000000000, 0.000000000000000000, 0.000000000000000000 ) ) ;
#1233 = CARTESIAN_POINT ( 'NONE',  ( 1.116666666666667140, 0.8666666666666663632, -0.05000000000000000278 ) ) ;
#1234 = ORIENTED_EDGE ( 'NONE', *, *, #10, .F. ) ;
#1235 = DIRECTION ( 'NONE',  ( -1.000000000000000000, 0.000000000000000000, 0.000000000000000000 ) ) ;
#1236 = PRODUCT_DEFINITION_CONTEXT ( 'detailed design', #1181, 'design' ) ;
#1237 = DIRECTION ( 'NONE',  ( 0.000000000000000000, 0.000000000000000000, 1.000000000000000000 ) ) ;
#1238 = ORIENTED_EDGE ( 'NONE', *, *, #1115, .T. ) ;
#1239 = CONICAL_SURFACE ( 'NONE', #341, 0.08333333333333282911, 0.7853981633974445042 ) ;
#1240 = DIRECTION ( 'NONE',  ( 1.000000000000000000, 0.000000000000000000, 0.000000000000000000 ) ) ;
#1241 = ORIENTED_EDGE ( 'NONE', *, *, #1723, .T. ) ;
#1242 = EDGE_CURVE ( 'NONE', #954, #1942, #26, .T. ) ;
#1243 = AXIS2_PLACEMENT_3D ( 'NONE', #696, #1649, #203 ) ;
#1244 = CARTESIAN_POINT ( 'NONE',  ( -0.3416666666666667296, -0.9499999999999997335, 0.05000000000000000278 ) ) ;
#1245 = PLANE ( 'NONE',  #36 ) ;
#1246 = ORIENTED_EDGE ( 'NONE', *, *, #662, .F. ) ;
#1247 = VECTOR ( 'NONE', #2047, 1000.000000000000000 ) ;
#1248 = CARTESIAN_POINT ( 'NONE',  ( -0.3499999999999998113, 3.794707603699265519E-17, -0.05000000000000000278 ) ) ;
#1249 = DIRECTION ( 'NONE',  ( 0.000000000000000000, 0.000000000000000000, 1.000000000000000000 ) ) ;
#1250 = VERTEX_POINT ( 'NONE', #1267 ) ;
#1251 = DIRECTION ( 'NONE',  ( -0.000000000000000000, 0.000000000000000000, 1.000000000000000000 ) ) ;
#1252 = ORIENTED_EDGE ( 'NONE', *, *, #19, .F. ) ;
#1253 = DIRECTION ( 'NONE',  ( -0.7071067811865523467, -7.666467083416923692E-17, 0.7071067811865426878 ) ) ;
#1254 = CARTESIAN_POINT ( 'NONE',  ( 0.4333333333333335147, 0.9499999999999997335, 0.000000000000000000 ) ) ;
#1255 = EDGE_CURVE ( 'NONE', #367, #114, #507, .T. ) ;
#1256 = ORIENTED_EDGE ( 'NONE', *, *, #889, .F. ) ;
#1257 = DIRECTION ( 'NONE',  ( 1.000000000000000000, 0.000000000000000000, 0.000000000000000000 ) ) ;
#1258 = DIRECTION ( 'NONE',  ( 1.000000000000000000, 0.000000000000000000, 0.000000000000000000 ) ) ;
#1259 = VERTEX_POINT ( 'NONE', #474 ) ;
#1260 = LINE ( 'NONE', #1271, #1492 ) ;
#1261 = CARTESIAN_POINT ( 'NONE',  ( 0.2792893218813463085, 0.8666666666666664742, 0.000000000000000000 ) ) ;
#1262 = ORIENTED_EDGE ( 'NONE', *, *, #89, .T. ) ;
#1263 = CARTESIAN_POINT ( 'NONE',  ( -1.199999999999999956, 0.000000000000000000, -0.05000000000000000278 ) ) ;
#1264 = DIRECTION ( 'NONE',  ( 1.000000000000000000, 0.000000000000000000, 0.000000000000000000 ) ) ;
#1265 = AXIS2_PLACEMENT_3D ( 'NONE', #1233, #1872, #431 ) ;
#1266 = DIRECTION ( 'NONE',  ( 0.000000000000000000, -1.000000000000000000, 0.000000000000000000 ) ) ;
#1267 = CARTESIAN_POINT ( 'NONE',  ( 0.3500000000000002554, 0.8666666666666663632, 0.000000000000000000 ) ) ;
#1268 = EDGE_CURVE ( 'NONE', #375, #1626, #819, .T. ) ;
#1269 = ORIENTED_EDGE ( 'NONE', *, *, #999, .T. ) ;
#1270 = EDGE_CURVE ( 'NONE', #458, #925, #1778, .T. ) ;
#1271 = CARTESIAN_POINT ( 'NONE',  ( -1.116666666666666474, 0.9599999999999997424, 0.9499999999999999556 ) ) ;
#1272 = CARTESIAN_POINT ( 'NONE',  ( -1.209999999999999742, -0.8666666666666668073, 0.9499999999999999556 ) ) ;
#1273 = DIRECTION ( 'NONE',  ( 0.7071067811865496822, 7.666467083416894110E-17, -0.7071067811865453523 ) ) ;
#1274 = DIRECTION ( 'NONE',  ( -0.7071067811865461294, 0.000000000000000000, -0.7071067811865489050 ) ) ;
#1275 = B_SPLINE_CURVE_WITH_KNOTS ( 'NONE', 3,
 ( #1415, #1148, #1116, #1137, #468, #21, #1594, #1582, #782, #792 ),
 .UNSPECIFIED., .F., .F.,
 ( 4, 3, 3, 4 ),
 ( -2.591208020483788947E-06, 0.000000000000000000, 2.865390437220687465E-05, 7.832577523908450874E-05 ),
 .UNSPECIFIED. ) ;
#1276 = AXIS2_PLACEMENT_3D ( 'NONE', #1621, #1164, #1027 ) ;
#1277 = ORIENTED_EDGE ( 'NONE', *, *, #1923, .F. ) ;
#1278 = CARTESIAN_POINT ( 'NONE',  ( 1.116666666666666918, -0.9499999999999999556, -0.05000000000000000278 ) ) ;
#1279 = ORIENTED_EDGE ( 'NONE', *, *, #519, .T. ) ;
#1280 = CIRCLE ( 'NONE', #1379, 0.1333333333333333870 ) ;
#1281 = ADVANCED_FACE ( 'NONE', ( #943 ), #1111, .F. ) ;
#1282 = EDGE_CURVE ( 'NONE', #857, #906, #142, .T. ) ;
#1283 = DIRECTION ( 'NONE',  ( 0.000000000000000000, -0.7071067811865504593, -0.7071067811865445751 ) ) ;
#1284 = CARTESIAN_POINT ( 'NONE',  ( 0.3499999999999999223, -0.8666666666666665853, -0.05000000000000000278 ) ) ;
#1285 = CARTESIAN_POINT ( 'NONE',  ( -0.4250000000000000444, -0.9499999999999997335, 0.000000000000000000 ) ) ;
#1286 = PLANE ( 'NONE',  #232 ) ;
#1287 = COLOUR_RGB ( '',0.8705882352941176627, 0.9098039215686274384, 1.000000000000000000 ) ;
#1288 = EDGE_LOOP ( 'NONE', ( #1865, #741, #897, #1262 ) ) ;
#1289 = PLANE ( 'NONE',  #1564 ) ;
#1290 = CARTESIAN_POINT ( 'NONE',  ( -0.7750000000000002442, -2.710505431213761085E-16, 1.694065894508600678E-18 ) ) ;
#1291 = EDGE_LOOP ( 'NONE', ( #693, #612, #160, #1047 ) ) ;
#1292 = LINE ( 'NONE', #1739, #959 ) ;
#1293 = CONICAL_SURFACE ( 'NONE', #1555, 0.08333333333333282911, 0.7853981633974433940 ) ;
#1294 = EDGE_CURVE ( 'NONE', #906, #1502, #626, .T. ) ;
#1295 = FILL_AREA_STYLE ('',( #651 ) ) ;
#1296 = CARTESIAN_POINT ( 'NONE',  ( -1.116666666666666696, 0.9499999999999996225, -0.05000000000000000278 ) ) ;
#1297 = FACE_OUTER_BOUND ( 'NONE', #756, .T. ) ;
#1298 = DIRECTION ( 'NONE',  ( -1.000000000000000000, 0.000000000000000000, 0.000000000000000000 ) ) ;
#1299 = LINE ( 'NONE', #789, #69 ) ;
#1300 = VECTOR ( 'NONE', #154, 999.9999999999998863 ) ;
#1301 = ORIENTED_EDGE ( 'NONE', *, *, #1714, .T. ) ;
#1302 = DIRECTION ( 'NONE',  ( -1.000000000000000000, 0.000000000000000000, -0.000000000000000000 ) ) ;
#1303 = VERTEX_POINT ( 'NONE', #1590 ) ;
#1304 = DIRECTION ( 'NONE',  ( 1.000000000000000000, 0.000000000000000000, 0.000000000000000000 ) ) ;
#1305 = LINE ( 'NONE', #524, #83 ) ;
#1306 = DIRECTION ( 'NONE',  ( -1.000000000000000000, 0.000000000000000000, 0.000000000000000000 ) ) ;
#1307 = AXIS2_PLACEMENT_3D ( 'NONE', #986, #488, #1896 ) ;
#1308 = EDGE_CURVE ( 'NONE', #1259, #1976, #134, .T. ) ;
#1309 = LINE ( 'NONE', #1320, #412 ) ;
#1310 = DIRECTION ( 'NONE',  ( -1.000000000000000000, 0.000000000000000000, 0.000000000000000000 ) ) ;
#1311 = B_SPLINE_CURVE_WITH_KNOTS ( 'NONE', 3,
 ( #603, #613, #485, #1395, #451, #161 ),
 .UNSPECIFIED., .F., .F.,
 ( 4, 2, 4 ),
 ( 0.000000000000000000, 7.709325645069810880E-05, 0.0001541865129013962176 ),
 .UNSPECIFIED. ) ;
#1312 = CLOSED_SHELL ( 'NONE', ( #1369, #164, #2014, #1571, #71, #365, #692, #147, #2022, #177 ) ) ;
#1313 = ORIENTED_EDGE ( 'NONE', *, *, #326, .T. ) ;
#1314 = VECTOR ( 'NONE', #194, 1000.000000000000000 ) ;
#1315 = CARTESIAN_POINT ( 'NONE',  ( 1.250000000000000222, 0.8666666666666664742, 0.9099999999999994760 ) ) ;
#1316 = ORIENTED_EDGE ( 'NONE', *, *, #453, .F. ) ;
#1317 = DIRECTION ( 'NONE',  ( -0.000000000000000000, -0.000000000000000000, 1.000000000000000000 ) ) ;
#1318 = LINE ( 'NONE', #1025, #847 ) ;
#1319 = FACE_OUTER_BOUND ( 'NONE', #670, .T. ) ;
#1320 = CARTESIAN_POINT ( 'NONE',  ( 1.200000000000000400, 0.8666666666666663632, -0.05000000000000000278 ) ) ;
#1321 = CARTESIAN_POINT ( 'NONE',  ( -0.3499999999999999223, -0.8666666666666663632, -0.05000000000000000278 ) ) ;
#1322 = ORIENTED_EDGE ( 'NONE', *, *, #554, .T. ) ;
#1323 = DIRECTION ( 'NONE',  ( 0.000000000000000000, 0.000000000000000000, 1.000000000000000000 ) ) ;
#1324 = ORIENTED_EDGE ( 'NONE', *, *, #1308, .T. ) ;
#1325 = LINE ( 'NONE', #1127, #275 ) ;
#1326 = TOROIDAL_SURFACE ( 'NONE', #460, 0.1540440114519871784, 0.05000000000000000278 ) ;
#1327 = CARTESIAN_POINT ( 'NONE',  ( -0.4940722804852138439, 0.9999999999999997780, 9.359630114714868766E-16 ) ) ;
#1328 = CARTESIAN_POINT ( 'NONE',  ( 1.200000000000000400, 0.9999999999999997780, -0.05000000000000000278 ) ) ;
#1329 = CYLINDRICAL_SURFACE ( 'NONE', #1474, 0.08333333333333331483 ) ;
#1330 = EDGE_CURVE ( 'NONE', #1203, #605, #1433, .T. ) ;
#1331 = ORIENTED_EDGE ( 'NONE', *, *, #1334, .F. ) ;
#1332 = VECTOR ( 'NONE', #362, 1000.000000000000000 ) ;
#1333 = FACE_OUTER_BOUND ( 'NONE', #2017, .T. ) ;
#1334 = EDGE_CURVE ( 'NONE', #683, #1693, #1299, .T. ) ;
#1335 = ORIENTED_EDGE ( 'NONE', *, *, #1255, .T. ) ;
#1336 = CARTESIAN_POINT ( 'NONE',  ( -0.5104811115673307809, 0.9999999999999997780, 9.893344823930227960E-16 ) ) ;
#1337 = CIRCLE ( 'NONE', #668, 0.08333333333333337034 ) ;
#1338 = DIRECTION ( 'NONE',  ( -1.000000000000000000, 1.626303258728257144E-16, 0.000000000000000000 ) ) ;
#1339 = CARTESIAN_POINT ( 'NONE',  ( 1.116666666666666474, 0.8666666666666664742, 0.9499999999999999556 ) ) ;
#1340 = LINE ( 'NONE', #830, #813 ) ;
#1341 = LINE ( 'NONE', #549, #270 ) ;
#1342 = AXIS2_PLACEMENT_3D ( 'NONE', #1503, #2033, #1043 ) ;
#1343 = ORIENTED_EDGE ( 'NONE', *, *, #1100, .F. ) ;
#1344 = DIRECTION ( 'NONE',  ( -1.000000000000000000, 0.000000000000000000, 0.000000000000000000 ) ) ;
#1345 = VECTOR ( 'NONE', #1652, 1000.000000000000000 ) ;
#1346 = ORIENTED_EDGE ( 'NONE', *, *, #1679, .F. ) ;
#1347 = CARTESIAN_POINT ( 'NONE',  ( 0.2792893218813461975, -4.542091343036383699E-17, 0.000000000000000000 ) ) ;
#1348 = EDGE_CURVE ( 'NONE', #1085, #2053, #2054, .T. ) ;
#1349 = PRODUCT_DEFINITION ( 'UNKNOWN', '', #791, #570 ) ;
#1350 = DIRECTION ( 'NONE',  ( 0.000000000000000000, -0.000000000000000000, -1.000000000000000000 ) ) ;
#1351 = VERTEX_POINT ( 'NONE', #1939 ) ;
#1352 = FACE_OUTER_BOUND ( 'NONE', #1567, .T. ) ;
#1353 = DIRECTION ( 'NONE',  ( -0.000000000000000000, 0.000000000000000000, 1.000000000000000000 ) ) ;
#1354 = ORIENTED_EDGE ( 'NONE', *, *, #1468, .T. ) ;
#1355 = PRESENTATION_STYLE_ASSIGNMENT (( #86 ) ) ;
#1356 = ORIENTED_EDGE ( 'NONE', *, *, #122, .T. ) ;
#1357 = CARTESIAN_POINT ( 'NONE',  ( -1.209999999999999742, -0.8666666666666668073, 0.9499999999999999556 ) ) ;
#1358 = EDGE_CURVE ( 'NONE', #210, #1693, #403, .T. ) ;
#1359 = FACE_OUTER_BOUND ( 'NONE', #401, .T. ) ;
#1360 = EDGE_CURVE ( 'NONE', #1488, #1698, #808, .T. ) ;
#1361 = ORIENTED_EDGE ( 'NONE', *, *, #1090, .T. ) ;
#1362 = CARTESIAN_POINT ( 'NONE',  ( -0.3561855550993348607, -1.000000000000000000, 0.000000000000000000 ) ) ;
#1363 = VECTOR ( 'NONE', #152, 1000.000000000000000 ) ;
#1364 = CARTESIAN_POINT ( 'NONE',  ( -0.4333333333333332371, -0.9499999999999997335, 0.000000000000000000 ) ) ;
#1365 = ORIENTED_EDGE ( 'NONE', *, *, #122, .F. ) ;
#1366 = ORIENTED_EDGE ( 'NONE', *, *, #1128, .F. ) ;
#1367 = PLANE ( 'NONE',  #310 ) ;
#1368 = DIRECTION ( 'NONE',  ( -1.000000000000000000, 0.000000000000000000, 0.000000000000000000 ) ) ;
#1369 = ADVANCED_FACE ( 'NONE', ( #647 ), #1289, .F. ) ;
#1370 = EDGE_LOOP ( 'NONE', ( #1633, #425, #446, #1192, #1873 ) ) ;
#1371 = CARTESIAN_POINT ( 'NONE',  ( -0.4592149089982470178, -1.000000000000000000, -0.004476291878810561946 ) ) ;
#1372 = DIRECTION ( 'NONE',  ( -0.000000000000000000, 0.000000000000000000, 1.000000000000000000 ) ) ;
#1373 = ORIENTED_EDGE ( 'NONE', *, *, #1118, .T. ) ;
#1374 = DIRECTION ( 'NONE',  ( 0.000000000000000000, 0.000000000000000000, 1.000000000000000000 ) ) ;
#1375 = AXIS2_PLACEMENT_3D ( 'NONE', #66, #379, #1338 ) ;
#1376 = EDGE_LOOP ( 'NONE', ( #1373, #1953, #271, #1030, #1095 ) ) ;
#1377 = DIRECTION ( 'NONE',  ( 0.000000000000000000, 0.000000000000000000, -1.000000000000000000 ) ) ;
#1378 = SURFACE_SIDE_STYLE ('',( #278 ) ) ;
#1379 = AXIS2_PLACEMENT_3D ( 'NONE', #960, #283, #620 ) ;
#1380 = ORIENTED_EDGE ( 'NONE', *, *, #1129, .F. ) ;
#1381 = SURFACE_STYLE_USAGE ( .BOTH. , #1062 ) ;
#1382 = VERTEX_POINT ( 'NONE', #1767 ) ;
#1383 = CIRCLE ( 'NONE', #96, 0.08333333333333331483 ) ;
#1384 = DIRECTION ( 'NONE',  ( 0.000000000000000000, 0.000000000000000000, 1.000000000000000000 ) ) ;
#1385 = ORIENTED_EDGE ( 'NONE', *, *, #353, .T. ) ;
#1386 = FACE_OUTER_BOUND ( 'NONE', #1623, .T. ) ;
#1387 = DIRECTION ( 'NONE',  ( -0.000000000000000000, 0.000000000000000000, 1.000000000000000000 ) ) ;
#1388 = VECTOR ( 'NONE', #1566, 1000.000000000000000 ) ;
#1389 = VERTEX_POINT ( 'NONE', #339 ) ;
#1390 = ORIENTED_EDGE ( 'NONE', *, *, #963, .F. ) ;
#1391 = EDGE_CURVE ( 'NONE', #878, #262, #92, .T. ) ;
#1392 = CARTESIAN_POINT ( 'NONE',  ( -0.3416666666666667296, -0.8666666666666663632, 0.05000000000000000278 ) ) ;
#1393 = AXIS2_PLACEMENT_3D ( 'NONE', #38, #1008, #1310 ) ;
#1394 = ORIENTED_EDGE ( 'NONE', *, *, #1428, .F. ) ;
#1395 = CARTESIAN_POINT ( 'NONE',  ( 0.4077861509844055710, 0.9999999999999997780, -0.004505640591491447827 ) ) ;
#1396 = DIRECTION ( 'NONE',  ( 0.000000000000000000, -0.000000000000000000, -1.000000000000000000 ) ) ;
#1397 = ORIENTED_EDGE ( 'NONE', *, *, #851, .T. ) ;
#1398 = DIRECTION ( 'NONE',  ( 0.000000000000000000, 1.000000000000000000, 0.000000000000000000 ) ) ;
#1399 = ORIENTED_EDGE ( 'NONE', *, *, #188, .T. ) ;
#1400 = VECTOR ( 'NONE', #1734, 1000.000000000000114 ) ;
#1401 = EDGE_CURVE ( 'NONE', #1176, #1961, #1134, .T. ) ;
#1402 = EDGE_CURVE ( 'NONE', #728, #1208, #528, .T. ) ;
#1403 = FACE_OUTER_BOUND ( 'NONE', #1419, .T. ) ;
#1404 = AXIS2_PLACEMENT_3D ( 'NONE', #797, #616, #5 ) ;
#1405 = ORIENTED_EDGE ( 'NONE', *, *, #822, .F. ) ;
#1406 = VECTOR ( 'NONE', #1096, 1000.000000000000000 ) ;
#1407 = DIRECTION ( 'NONE',  ( -0.000000000000000000, -0.000000000000000000, 1.000000000000000000 ) ) ;
#1408 = PLANE ( 'NONE',  #1861 ) ;
#1409 = DIRECTION ( 'NONE',  ( 0.000000000000000000, 1.000000000000000000, 0.000000000000000000 ) ) ;
#1410 = AXIS2_PLACEMENT_3D ( 'NONE', #1710, #125, #1240 ) ;
#1411 = CARTESIAN_POINT ( 'NONE',  ( -1.116666666666666252, -1.000000000000000000, 0.9099999999999994760 ) ) ;
#1412 = PRESENTATION_STYLE_ASSIGNMENT (( #1381 ) ) ;
#1413 = ORIENTED_EDGE ( 'NONE', *, *, #1038, .F. ) ;
#1414 = SHAPE_REPRESENTATION ( 'pin_\X2\9ed88ba4\X0\', ( #615 ), #890 ) ;
#1415 = CARTESIAN_POINT ( 'NONE',  ( 0.4333333333333335147, 0.9853553390593262629, -0.01464466094067276743 ) ) ;
#1416 = CARTESIAN_POINT ( 'NONE',  ( 1.210000000000000409, -0.8666666666666668073, 0.9499999999999999556 ) ) ;
#1417 = AXIS2_PLACEMENT_3D ( 'NONE', #191, #482, #146 ) ;
#1418 = EDGE_CURVE ( 'NONE', #1961, #569, #70, .T. ) ;
#1419 = EDGE_LOOP ( 'NONE', ( #1081, #1831, #1394, #1643 ) ) ;
#1420 = LINE ( 'NONE', #1285, #674 ) ;
#1421 = LINE ( 'NONE', #1430, #1660 ) ;
#1422 = EDGE_LOOP ( 'NONE', ( #72, #1702, #2001, #887, #1102 ) ) ;
#1423 = DIRECTION ( 'NONE',  ( -1.000000000000000000, -1.141265444721583757E-16, 0.000000000000000000 ) ) ;
#1424 = DIRECTION ( 'NONE',  ( 1.000000000000000000, 0.000000000000000000, 0.000000000000000000 ) ) ;
#1425 = ORIENTED_EDGE ( 'NONE', *, *, #1039, .F. ) ;
#1426 = CARTESIAN_POINT ( 'NONE',  ( -0.3416666666666669516, 0.8666666666666668073, 0.05000000000000000278 ) ) ;
#1427 = DIRECTION ( 'NONE',  ( 0.000000000000000000, 0.000000000000000000, -1.000000000000000000 ) ) ;
#1428 = EDGE_CURVE ( 'NONE', #1077, #114, #374, .T. ) ;
#1429 = LINE ( 'NONE', #1119, #251 ) ;
#1430 = CARTESIAN_POINT ( 'NONE',  ( 0.3500000000000002554, 0.8666666666666663632, 0.000000000000000000 ) ) ;
#1431 = PRESENTATION_LAYER_ASSIGNMENT (  '', '', ( #900 ) ) ;
#1432 = CARTESIAN_POINT ( 'NONE',  ( -0.4333333333333330706, 0.9999999999999997780, 9.825582188149881961E-16 ) ) ;
#1433 = LINE ( 'NONE', #1579, #1300 ) ;
#1434 = PRODUCT_RELATED_PRODUCT_CATEGORY ( 'part', '', ( #762 ) ) ;
#1435 = EDGE_LOOP ( 'NONE', ( #559, #1575, #1680, #592 ) ) ;
#1436 = CARTESIAN_POINT ( 'NONE',  ( 1.249999999999999778, 0.8666666666666664742, 0.9099999999999994760 ) ) ;
#1437 = DIRECTION ( 'NONE',  ( 0.7071067811865435759, 0.000000000000000000, -0.7071067811865513475 ) ) ;
#1438 = CARTESIAN_POINT ( 'NONE',  ( -1.209999999999999742, -1.311884628707460119E-16, 0.9499999999999999556 ) ) ;
#1439 = CARTESIAN_POINT ( 'NONE',  ( 1.200000000000000400, 0.9999999999999997780, -0.05000000000000000278 ) ) ;
#1440 = AXIS2_PLACEMENT_3D ( 'NONE', #237, #873, #372 ) ;
#1441 = DIRECTION ( 'NONE',  ( -0.000000000000000000, 0.000000000000000000, 1.000000000000000000 ) ) ;
#1442 = DIRECTION ( 'NONE',  ( -0.7071067811865445751, 0.000000000000000000, 0.7071067811865504593 ) ) ;
#1443 = ADVANCED_FACE ( 'NONE', ( #1195 ), #1832, .F. ) ;
#1444 = ORIENTED_EDGE ( 'NONE', *, *, #1715, .F. ) ;
#1445 = DIRECTION ( 'NONE',  ( 1.000000000000000000, 0.000000000000000000, 0.000000000000000000 ) ) ;
#1446 = DIRECTION ( 'NONE',  ( -1.000000000000000000, 0.000000000000000000, 0.000000000000000000 ) ) ;
#1447 = CARTESIAN_POINT ( 'NONE',  ( 1.116666666666667140, 0.9499999999999997335, 0.000000000000000000 ) ) ;
#1448 = CARTESIAN_POINT ( 'NONE',  ( 0.3499999999999999223, -0.8666666666666665853, -0.05000000000000000278 ) ) ;
#1449 = CARTESIAN_POINT ( 'NONE',  ( -0.2792893218813458089, 0.8666666666666664742, -0.05000000000000000278 ) ) ;
#1450 = CARTESIAN_POINT ( 'NONE',  ( 0.4619346389384186846, -0.9942342549213868397, -0.005765745078612225308 ) ) ;
#1451 =( NAMED_UNIT ( * ) SI_UNIT ( $, .STERADIAN. ) SOLID_ANGLE_UNIT ( ) );
#1452 = ORIENTED_EDGE ( 'NONE', *, *, #1554, .F. ) ;
#1453 = DIRECTION ( 'NONE',  ( -1.084202172485505050E-16, -1.000000000000000000, 0.000000000000000000 ) ) ;
#1454 = VERTEX_POINT ( 'NONE', #1156 ) ;
#1455 = AXIS2_PLACEMENT_3D ( 'NONE', #1860, #1202, #1384 ) ;
#1456 = VECTOR ( 'NONE', #614, 1000.000000000000000 ) ;
#1457 = DIRECTION ( 'NONE',  ( 0.000000000000000000, 0.000000000000000000, -1.000000000000000000 ) ) ;
#1458 = EDGE_CURVE ( 'NONE', #1942, #1208, #558, .T. ) ;
#1459 = DIRECTION ( 'NONE',  ( -0.000000000000000000, 0.000000000000000000, 1.000000000000000000 ) ) ;
#1460 = CARTESIAN_POINT ( 'NONE',  ( 0.000000000000000000, -0.9499999999999995115, -0.05000000000000000278 ) ) ;
#1461 = DIRECTION ( 'NONE',  ( -0.000000000000000000, -0.7071067811865513475, 0.7071067811865436870 ) ) ;
#1462 = DIRECTION ( 'NONE',  ( 1.000000000000000000, 0.000000000000000000, 0.000000000000000000 ) ) ;
#1463 = VECTOR ( 'NONE', #1174, 1000.000000000000000 ) ;
#1464 = ORIENTED_EDGE ( 'NONE', *, *, #852, .T. ) ;
#1465 = CARTESIAN_POINT ( 'NONE',  ( 0.5104811115673313360, -1.000000000000000000, 9.893344823930227960E-16 ) ) ;
#1466 = VERTEX_POINT ( 'NONE', #1829 ) ;
#1467 = DIRECTION ( 'NONE',  ( -1.000000000000000000, 0.000000000000000000, 0.000000000000000000 ) ) ;
#1468 = EDGE_CURVE ( 'NONE', #906, #1061, #238, .T. ) ;
#1469 = DIRECTION ( 'NONE',  ( -1.000000000000000000, -0.000000000000000000, -0.000000000000000000 ) ) ;
#1470 = DIRECTION ( 'NONE',  ( -1.000000000000000000, -1.084202172485504557E-16, 0.000000000000000000 ) ) ;
#1471 = TOROIDAL_SURFACE ( 'NONE', #1342, 0.1540440114519872339, 0.05000000000000000278 ) ;
#1472 = CARTESIAN_POINT ( 'NONE',  ( -1.116666666666666252, -0.8666666666666666963, 9.757819552369539906E-16 ) ) ;
#1473 = CARTESIAN_POINT ( 'NONE',  ( 0.4333333333333335702, 0.9499999999999997335, -0.05000000000000000278 ) ) ;
#1474 = AXIS2_PLACEMENT_3D ( 'NONE', #47, #1186, #679 ) ;
#1475 = VERTEX_POINT ( 'NONE', #1951 ) ;
#1476 = CONICAL_SURFACE ( 'NONE', #345, 0.08333333333333282911, 0.7853981633974433940 ) ;
#1477 = CARTESIAN_POINT ( 'NONE',  ( -0.3416666666666669516, 0.8666666666666668073, 0.05000000000000000278 ) ) ;
#1478 = ORIENTED_EDGE ( 'NONE', *, *, #1076, .F. ) ;
#1479 = DIRECTION ( 'NONE',  ( -1.000000000000000000, 0.000000000000000000, 0.000000000000000000 ) ) ;
#1480 = AXIS2_PLACEMENT_3D ( 'NONE', #564, #1543, #591 ) ;
#1481 = LINE ( 'NONE', #816, #1314 ) ;
#1482 = CARTESIAN_POINT ( 'NONE',  ( 0.000000000000000000, 0.9499999999999992895, -0.05000000000000000278 ) ) ;
#1483 = EDGE_CURVE ( 'NONE', #605, #297, #229, .T. ) ;
#1484 = LINE ( 'NONE', #1173, #216 ) ;
#1485 = DIRECTION ( 'NONE',  ( 1.626303258728256898E-16, 1.000000000000000000, 0.000000000000000000 ) ) ;
#1486 = EDGE_CURVE ( 'NONE', #1728, #1351, #48, .T. ) ;
#1487 =( GEOMETRIC_REPRESENTATION_CONTEXT ( 3 ) GLOBAL_UNCERTAINTY_ASSIGNED_CONTEXT ( ( #364 ) ) GLOBAL_UNIT_ASSIGNED_CONTEXT ( ( #457, #189, #1727 ) ) REPRESENTATION_CONTEXT ( 'NONE', 'WORKASPACE' ) );
#1488 = VERTEX_POINT ( 'NONE', #1789 ) ;
#1489 = CARTESIAN_POINT ( 'NONE',  ( 0.000000000000000000, 0.9599999999999997424, 0.9499999999999999556 ) ) ;
#1490 = ORIENTED_EDGE ( 'NONE', *, *, #159, .T. ) ;
#1491 = DIRECTION ( 'NONE',  ( 0.000000000000000000, 0.000000000000000000, -1.000000000000000000 ) ) ;
#1492 = VECTOR ( 'NONE', #1302, 1000.000000000000000 ) ;
#1493 = CARTESIAN_POINT ( 'NONE',  ( -0.3499999999999999223, -0.8666666666666663632, 0.000000000000000000 ) ) ;
#1494 = FACE_OUTER_BOUND ( 'NONE', #1042, .T. ) ;
#1495 = EDGE_CURVE ( 'NONE', #1634, #1706, #997, .T. ) ;
#1496 = CARTESIAN_POINT ( 'NONE',  ( 0.000000000000000000, -0.9599999999999999645, 0.9499999999999999556 ) ) ;
#1497 = DIRECTION ( 'NONE',  ( 0.000000000000000000, 0.000000000000000000, -1.000000000000000000 ) ) ;
#1498 = EDGE_CURVE ( 'NONE', #1098, #1466, #1867, .T. ) ;
#1499 = VERTEX_POINT ( 'NONE', #1642 ) ;
#1500 = CONICAL_SURFACE ( 'NONE', #594, 0.09333333333333329596, 0.7853981633974437271 ) ;
#1501 = CARTESIAN_POINT ( 'NONE',  ( -0.4333333333333330151, 0.8666666666666661412, -0.05000000000000000278 ) ) ;
#1502 = VERTEX_POINT ( 'NONE', #1321 ) ;
#1503 = CARTESIAN_POINT ( 'NONE',  ( -0.4333333333333332926, -0.8666666666666666963, -0.05000000000000000278 ) ) ;
#1504 = CARTESIAN_POINT ( 'NONE',  ( -1.116666666666666696, -0.8666666666666664742, -0.05000000000000000278 ) ) ;
#1505 = ORIENTED_EDGE ( 'NONE', *, *, #405, .F. ) ;
#1506 = DIRECTION ( 'NONE',  ( 0.000000000000000000, 0.000000000000000000, 1.000000000000000000 ) ) ;
#1507 = DIRECTION ( 'NONE',  ( 1.000000000000000000, 0.000000000000000000, 0.000000000000000000 ) ) ;
#1508 = CONICAL_SURFACE ( 'NONE', #1142, 0.08333333333333277360, 0.7853981633974439491 ) ;
#1509 = ORIENTED_EDGE ( 'NONE', *, *, #865, .T. ) ;
#1510 = AXIS2_PLACEMENT_3D ( 'NONE', #1049, #586, #1685 ) ;
#1511 = EDGE_CURVE ( 'NONE', #1673, #1990, #1960, .T. ) ;
#1512 = SURFACE_SIDE_STYLE ('',( #1668 ) ) ;
#1513 = VECTOR ( 'NONE', #1139, 1000.000000000000000 ) ;
#1514 = ORIENTED_EDGE ( 'NONE', *, *, #1637, .F. ) ;
#1515 = LINE ( 'NONE', #765, #1841 ) ;
#1516 = CONICAL_SURFACE ( 'NONE', #711, 0.08333333333333288462, 0.7853981633974433940 ) ;
#1517 = CARTESIAN_POINT ( 'NONE',  ( -0.4356162189310273103, 0.9862221701712678978, -0.01377782982873116714 ) ) ;
#1518 = ORIENTED_EDGE ( 'NONE', *, *, #1625, .F. ) ;
#1519 = FACE_OUTER_BOUND ( 'NONE', #93, .T. ) ;
#1520 = CARTESIAN_POINT ( 'NONE',  ( -0.4250000000000000444, -0.9499999999999997335, 0.05000000000000000278 ) ) ;
#1521 = EDGE_LOOP ( 'NONE', ( #1405, #273, #565, #1782, #382 ) ) ;
#1522 =( GEOMETRIC_REPRESENTATION_CONTEXT ( 3 ) GLOBAL_UNCERTAINTY_ASSIGNED_CONTEXT ( ( #1656 ) ) GLOBAL_UNIT_ASSIGNED_CONTEXT ( ( #1846, #1876, #582 ) ) REPRESENTATION_CONTEXT ( 'NONE', 'WORKASPACE' ) );
#1523 = EDGE_CURVE ( 'NONE', #580, #1634, #2036, .T. ) ;
#1524 = ORIENTED_EDGE ( 'NONE', *, *, #300, .T. ) ;
#1525 = LINE ( 'NONE', #1411, #1944 ) ;
#1526 = DIRECTION ( 'NONE',  ( -1.000000000000000000, 0.000000000000000000, 0.000000000000000000 ) ) ;
#1527 = EDGE_CURVE ( 'NONE', #1990, #766, #1341, .T. ) ;
#1528 = ORIENTED_EDGE ( 'NONE', *, *, #255, .T. ) ;
#1529 = CARTESIAN_POINT ( 'NONE',  ( 1.116666666666666918, -0.8666666666666665853, -0.05000000000000000278 ) ) ;
#1530 = VECTOR ( 'NONE', #1075, 1000.000000000000000 ) ;
#1531 =( LENGTH_UNIT ( ) NAMED_UNIT ( * ) SI_UNIT ( .MILLI., .METRE. ) );
#1532 = VERTEX_POINT ( 'NONE', #58 ) ;
#1533 = ORIENTED_EDGE ( 'NONE', *, *, #1282, .T. ) ;
#1534 = VECTOR ( 'NONE', #206, 1000.000000000000000 ) ;
#1535 = LINE ( 'NONE', #109, #1530 ) ;
#1536 = ADVANCED_FACE ( 'NONE', ( #1020 ), #1500, .T. ) ;
#1537 = ORIENTED_EDGE ( 'NONE', *, *, #300, .F. ) ;
#1538 = FACE_OUTER_BOUND ( 'NONE', #784, .T. ) ;
#1539 = DIRECTION ( 'NONE',  ( 1.000000000000000000, 1.084202172485504557E-16, -0.000000000000000000 ) ) ;
#1540 = ORIENTED_EDGE ( 'NONE', *, *, #454, .F. ) ;
#1541 = ORIENTED_EDGE ( 'NONE', *, *, #989, .F. ) ;
#1542 = VECTOR ( 'NONE', #1110, 1000.000000000000000 ) ;
#1543 = DIRECTION ( 'NONE',  ( 0.000000000000000000, 0.000000000000000000, -1.000000000000000000 ) ) ;
#1544 = ORIENTED_EDGE ( 'NONE', *, *, #299, .F. ) ;
#1545 = PLANE ( 'NONE',  #774 ) ;
#1546 = ADVANCED_FACE ( 'NONE', ( #1664 ), #874, .T. ) ;
#1547 = ORIENTED_EDGE ( 'NONE', *, *, #823, .F. ) ;
#1548 = VERTEX_POINT ( 'NONE', #1713 ) ;
#1549 =( GEOMETRIC_REPRESENTATION_CONTEXT ( 3 ) GLOBAL_UNCERTAINTY_ASSIGNED_CONTEXT ( ( #1845 ) ) GLOBAL_UNIT_ASSIGNED_CONTEXT ( ( #2055, #1580, #1451 ) ) REPRESENTATION_CONTEXT ( 'NONE', 'WORKASPACE' ) );
#1550 = CARTESIAN_POINT ( 'NONE',  ( 0.5104811115673313360, -1.000000000000000000, 9.893344823930227960E-16 ) ) ;
#1551 = ORIENTED_EDGE ( 'NONE', *, *, #59, .T. ) ;
#1552 = CARTESIAN_POINT ( 'NONE',  ( -0.4333333333333330151, 0.8666666666666661412, -0.05000000000000000278 ) ) ;
#1553 = DIRECTION ( 'NONE',  ( 1.000000000000000000, 0.000000000000000000, 0.000000000000000000 ) ) ;
#1554 = EDGE_CURVE ( 'NONE', #1581, #910, #763, .T. ) ;
#1555 = AXIS2_PLACEMENT_3D ( 'NONE', #509, #343, #824 ) ;
#1556 = ORIENTED_EDGE ( 'NONE', *, *, #1948, .F. ) ;
#1557 = LINE ( 'NONE', #1835, #972 ) ;
#1558 = EDGE_CURVE ( 'NONE', #878, #1862, #1722, .T. ) ;
#1559 = ADVANCED_FACE ( 'NONE', ( #95 ), #1245, .F. ) ;
#1560 = EDGE_CURVE ( 'NONE', #1626, #386, #2010, .T. ) ;
#1561 = EDGE_LOOP ( 'NONE', ( #834, #1711, #589, #1843 ) ) ;
#1562 = CARTESIAN_POINT ( 'NONE',  ( -0.4528796447868920771, -0.9920854831273139274, -0.007914516872685141077 ) ) ;
#1563 = PRODUCT_DEFINITION_SHAPE ( 'NONE', 'NONE',  #627 ) ;
#1564 = AXIS2_PLACEMENT_3D ( 'NONE', #1928, #1423, #1610 ) ;
#1565 = ORIENTED_EDGE ( 'NONE', *, *, #1723, .F. ) ;
#1566 = DIRECTION ( 'NONE',  ( 0.000000000000000000, 0.7071067811865444641, -0.7071067811865505703 ) ) ;
#1567 = EDGE_LOOP ( 'NONE', ( #2029, #649, #901, #236 ) ) ;
#1568 = CARTESIAN_POINT ( 'NONE',  ( -1.249999999999999778, 0.8666666666666664742, 0.9099999999999994760 ) ) ;
#1569 = ORIENTED_EDGE ( 'NONE', *, *, #1242, .T. ) ;
#1570 = VECTOR ( 'NONE', #1200, 1000.000000000000000 ) ;
#1571 = ADVANCED_FACE ( 'NONE', ( #1883 ), #920, .F. ) ;
#1572 = CYLINDRICAL_SURFACE ( 'NONE', #1417, 0.08333333333333325932 ) ;
#1573 = CARTESIAN_POINT ( 'NONE',  ( -0.5104811115673311139, -1.000000000000000000, 9.893344823930227960E-16 ) ) ;
#1574 = CIRCLE ( 'NONE', #547, 0.08333333333333331483 ) ;
#1575 = ORIENTED_EDGE ( 'NONE', *, *, #1418, .T. ) ;
#1576 = DIRECTION ( 'NONE',  ( 1.000000000000000000, 0.000000000000000000, 0.000000000000000000 ) ) ;
#1577 = DIRECTION ( 'NONE',  ( 0.000000000000000000, -0.7071067811865444641, -0.7071067811865505703 ) ) ;
#1578 = VECTOR ( 'NONE', #1138, 1000.000000000000000 ) ;
#1579 = CARTESIAN_POINT ( 'NONE',  ( -1.116666666666666474, 0.9499999999999994005, -0.05000000000000000278 ) ) ;
#1580 =( NAMED_UNIT ( * ) PLANE_ANGLE_UNIT ( ) SI_UNIT ( $, .RADIAN. ) );
#1581 = VERTEX_POINT ( 'NONE', #1864 ) ;
#1582 = CARTESIAN_POINT ( 'NONE',  ( 0.4774908299082668006, 0.9979257762873710025, -0.002074223712628032144 ) ) ;
#1583 = CARTESIAN_POINT ( 'NONE',  ( -0.3146446609406735595, -0.8666666666666665853, -0.01464466094067275008 ) ) ;
#1584 = AXIS2_PLACEMENT_3D ( 'NONE', #1501, #1954, #63 ) ;
#1585 = EDGE_CURVE ( 'NONE', #1673, #1389, #1059, .T. ) ;
#1586 = VERTEX_POINT ( 'NONE', #414 ) ;
#1587 = LINE ( 'NONE', #1924, #1644 ) ;
#1588 = LINE ( 'NONE', #1936, #1363 ) ;
#1589 = EDGE_LOOP ( 'NONE', ( #407, #752, #1279, #918, #1301, #356, #821, #1930 ) ) ;
#1590 = CARTESIAN_POINT ( 'NONE',  ( 1.250000000000000444, -0.8666666666666668073, 9.757819552369539906E-16 ) ) ;
#1591 = AXIS2_PLACEMENT_3D ( 'NONE', #1426, #659, #1125 ) ;
#1592 = ITEM_DEFINED_TRANSFORMATION ( 'NONE', 'NONE', #192,  #615 ) ;
#1593 = ORIENTED_EDGE ( 'NONE', *, *, #1348, .T. ) ;
#1594 = CARTESIAN_POINT ( 'NONE',  ( 0.4619346389384182405, 0.9942342549213866176, -0.005765745078612323320 ) ) ;
#1595 = DIRECTION ( 'NONE',  ( 0.000000000000000000, 0.000000000000000000, -1.000000000000000000 ) ) ;
#1596 = CARTESIAN_POINT ( 'NONE',  ( -1.116666666666666252, -0.8666666666666666963, -0.05000000000000002359 ) ) ;
#1597 = CARTESIAN_POINT ( 'NONE',  ( 0.3416666666666665630, -0.9499999999999997335, 0.05000000000000000278 ) ) ;
#1598 = ADVANCED_FACE ( 'NONE', ( #452 ), #121, .F. ) ;
#1599 = DIRECTION ( 'NONE',  ( 0.000000000000000000, -1.000000000000000000, 0.000000000000000000 ) ) ;
#1600 = DIRECTION ( 'NONE',  ( 1.000000000000000000, 0.000000000000000000, 0.000000000000000000 ) ) ;
#1601 = CONTEXT_DEPENDENT_SHAPE_REPRESENTATION ( #861, #1197 ) ;
#1602 = ORIENTED_EDGE ( 'NONE', *, *, #1330, .T. ) ;
#1603 = CARTESIAN_POINT ( 'NONE',  ( -0.4845830114575234715, 0.9999999999999997780, -6.903318520122544066E-17 ) ) ;
#1604 = CARTESIAN_POINT ( 'NONE',  ( -1.116666666666666252, -0.8666666666666666963, 0.9499999999999999556 ) ) ;
#1605 = CIRCLE ( 'NONE', #1041, 0.08333333333333325932 ) ;
#1606 = CARTESIAN_POINT ( 'NONE',  ( -1.116666666666666252, -0.9600000000000000755, 0.9499999999999999556 ) ) ;
#1607 = DIRECTION ( 'NONE',  ( -1.141265444721583757E-16, 1.000000000000000000, -0.000000000000000000 ) ) ;
#1608 = AXIS2_PLACEMENT_3D ( 'NONE', #1224, #1838, #441 ) ;
#1609 = DIRECTION ( 'NONE',  ( 0.000000000000000000, -0.000000000000000000, -1.000000000000000000 ) ) ;
#1610 = DIRECTION ( 'NONE',  ( 1.141265444721583757E-16, -1.000000000000000000, 0.000000000000000000 ) ) ;
#1611 = APPLICATION_PROTOCOL_DEFINITION ( 'draft international standard', 'automotive_design', 1998, #1072 ) ;
#1612 = VECTOR ( 'NONE', #400, 1000.000000000000000 ) ;
#1613 = ORIENTED_EDGE ( 'NONE', *, *, #690, .T. ) ;
#1614 = EDGE_CURVE ( 'NONE', #1995, #201, #1067, .T. ) ;
#1615 = ADVANCED_FACE ( 'NONE', ( #1050 ), #761, .T. ) ;
#1616 = PLANE ( 'NONE',  #1929 ) ;
#1617 = DIRECTION ( 'NONE',  ( 1.000000000000000000, 0.000000000000000000, 0.000000000000000000 ) ) ;
#1618 = DIRECTION ( 'NONE',  ( 0.000000000000000000, 0.000000000000000000, 1.000000000000000000 ) ) ;
#1619 = DIRECTION ( 'NONE',  ( 1.084202172485504557E-16, -1.000000000000000000, 0.000000000000000000 ) ) ;
#1620 = MECHANICAL_DESIGN_GEOMETRIC_PRESENTATION_REPRESENTATION (  '', ( #858 ), #1522 ) ;
#1621 = CARTESIAN_POINT ( 'NONE',  ( 0.4333333333333335702, 0.8666666666666663632, 0.000000000000000000 ) ) ;
#1622 = DIRECTION ( 'NONE',  ( 0.000000000000000000, -0.7071067811865426878, -0.7071067811865523467 ) ) ;
#1623 = EDGE_LOOP ( 'NONE', ( #522, #291, #1540, #595, #1834, #747, #1851, #2005 ) ) ;
#1624 = EDGE_CURVE ( 'NONE', #1698, #1124, #749, .T. ) ;
#1625 = EDGE_CURVE ( 'NONE', #367, #1900, #885, .T. ) ;
#1626 = VERTEX_POINT ( 'NONE', #738 ) ;
#1627 = VECTOR ( 'NONE', #634, 1000.000000000000000 ) ;
#1628 =( LENGTH_UNIT ( ) NAMED_UNIT ( * ) SI_UNIT ( .MILLI., .METRE. ) );
#1629 = CARTESIAN_POINT ( 'NONE',  ( -1.116666666666666474, 0.8666666666666664742, -0.05000000000000002359 ) ) ;
#1630 = CARTESIAN_POINT ( 'NONE',  ( -0.3416666666666669516, 0.9500000000000001776, 0.000000000000000000 ) ) ;
#1631 = LINE ( 'NONE', #205, #1345 ) ;
#1632 = CARTESIAN_POINT ( 'NONE',  ( 0.4249999999999999334, -0.8666666666666662522, 0.05000000000000000278 ) ) ;
#1633 = ORIENTED_EDGE ( 'NONE', *, *, #1665, .F. ) ;
#1634 = VERTEX_POINT ( 'NONE', #1364 ) ;
#1635 = DIRECTION ( 'NONE',  ( 0.000000000000000000, -0.7071067811865435759, 0.7071067811865513475 ) ) ;
#1636 = MANIFOLD_SOLID_BREP ( '\X2\570689d2\X0\4', #844 ) ;
#1637 = EDGE_CURVE ( 'NONE', #1113, #1176, #962, .T. ) ;
#1638 = CARTESIAN_POINT ( 'NONE',  ( -0.5104811115673311139, -1.000000000000000000, 9.893344823930227960E-16 ) ) ;
#1639 = DIRECTION ( 'NONE',  ( 0.000000000000000000, 0.000000000000000000, -1.000000000000000000 ) ) ;
#1640 = EDGE_CURVE ( 'NONE', #1995, #179, #1705, .T. ) ;
#1641 = LINE ( 'NONE', #218, #182 ) ;
#1642 = CARTESIAN_POINT ( 'NONE',  ( -0.3416666666666669516, 0.9500000000000001776, 0.05000000000000000278 ) ) ;
#1643 = ORIENTED_EDGE ( 'NONE', *, *, #812, .T. ) ;
#1644 = VECTOR ( 'NONE', #172, 1000.000000000000000 ) ;
#1645 = ORIENTED_EDGE ( 'NONE', *, *, #590, .F. ) ;
#1646 = DIRECTION ( 'NONE',  ( 1.084202172485505050E-16, 1.000000000000000000, -0.000000000000000000 ) ) ;
#1647 = AXIS2_PLACEMENT_3D ( 'NONE', #1691, #266, #91 ) ;
#1648 = ADVANCED_FACE ( 'NONE', ( #1297 ), #1286, .T. ) ;
#1649 = DIRECTION ( 'NONE',  ( 0.000000000000000000, -0.000000000000000000, -1.000000000000000000 ) ) ;
#1650 = DIRECTION ( 'NONE',  ( -1.084202172485504434E-16, -1.000000000000000000, 0.000000000000000000 ) ) ;
#1651 = EDGE_CURVE ( 'NONE', #1870, #1259, #1588, .T. ) ;
#1652 = DIRECTION ( 'NONE',  ( -1.084202172485504927E-16, -1.000000000000000000, 0.000000000000000000 ) ) ;
#1653 = CARTESIAN_POINT ( 'NONE',  ( 0.4528796447868925767, -0.9920854831273139274, -0.007914516872685099444 ) ) ;
#1654 = MECHANICAL_DESIGN_GEOMETRIC_PRESENTATION_REPRESENTATION (  '', ( #715 ), #1549 ) ;
#1655 = ORIENTED_EDGE ( 'NONE', *, *, #31, .F. ) ;
#1656 = UNCERTAINTY_MEASURE_WITH_UNIT (LENGTH_MEASURE( 1.000000000000000082E-05 ), #1846, 'distance_accuracy_value', 'NONE');
#1657 = CARTESIAN_POINT ( 'NONE',  ( -0.4250000000000002665, 0.9500000000000001776, 0.05000000000000000278 ) ) ;
#1658 = EDGE_LOOP ( 'NONE', ( #1425, #733, #1547, #40 ) ) ;
#1659 = DIRECTION ( 'NONE',  ( 0.000000000000000000, -0.7071067811865426878, 0.7071067811865523467 ) ) ;
#1660 = VECTOR ( 'NONE', #2063, 1000.000000000000000 ) ;
#1661 = DIRECTION ( 'NONE',  ( -1.141265444721583757E-16, 1.000000000000000000, -0.000000000000000000 ) ) ;
#1662 = ORIENTED_EDGE ( 'NONE', *, *, #1726, .F. ) ;
#1663 = CARTESIAN_POINT ( 'NONE',  ( 0.3561855550993345276, -1.000000000000000000, 0.000000000000000000 ) ) ;
#1664 = FACE_OUTER_BOUND ( 'NONE', #123, .T. ) ;
#1665 = EDGE_CURVE ( 'NONE', #1061, #1586, #307, .T. ) ;
#1666 = ORIENTED_EDGE ( 'NONE', *, *, #1679, .T. ) ;
#1667 = AXIS2_PLACEMENT_3D ( 'NONE', #82, #2041, #894 ) ;
#1668 = SURFACE_STYLE_FILL_AREA ( #397 ) ;
#1669 = B_SPLINE_CURVE_WITH_KNOTS ( 'NONE', 3,
 ( #158, #1084, #917, #783, #937, #1562, #136, #325, #802, #1573 ),
 .UNSPECIFIED., .F., .F.,
 ( 4, 3, 3, 4 ),
 ( -2.591208020483789370E-06, 0.000000000000000000, 2.865390437220687465E-05, 7.832577523908450874E-05 ),
 .UNSPECIFIED. ) ;
#1670 = ORIENTED_EDGE ( 'NONE', *, *, #1948, .T. ) ;
#1671 = CARTESIAN_POINT ( 'NONE',  ( -1.116666666666666696, 0.9499999999999996225, -0.05000000000000000278 ) ) ;
#1672 = CYLINDRICAL_SURFACE ( 'NONE', #636, 0.08333333333333325932 ) ;
#1673 = VERTEX_POINT ( 'NONE', #1448 ) ;
#1674 = DIRECTION ( 'NONE',  ( 0.000000000000000000, 0.000000000000000000, -1.000000000000000000 ) ) ;
#1675 = CARTESIAN_POINT ( 'NONE',  ( 0.4333333333333332371, -0.9853553390593264849, -0.01464466094067275355 ) ) ;
#1676 = AXIS2_PLACEMENT_3D ( 'NONE', #1748, #657, #351 ) ;
#1677 = ORIENTED_EDGE ( 'NONE', *, *, #1498, .F. ) ;
#1678 = AXIS2_PLACEMENT_3D ( 'NONE', #1552, #760, #1058 ) ;
#1679 = EDGE_CURVE ( 'NONE', #79, #1900, #504, .T. ) ;
#1680 = ORIENTED_EDGE ( 'NONE', *, *, #611, .T. ) ;
#1681 = LINE ( 'NONE', #606, #1207 ) ;
#1682 = VECTOR ( 'NONE', #609, 1000.000000000000000 ) ;
#1683 = DIRECTION ( 'NONE',  ( -1.000000000000000000, -2.282530889443167515E-16, 0.000000000000000000 ) ) ;
#1684 = VERTEX_POINT ( 'NONE', #139 ) ;
#1685 = DIRECTION ( 'NONE',  ( 1.000000000000000000, 0.000000000000000000, 0.000000000000000000 ) ) ;
#1686 = DIRECTION ( 'NONE',  ( -1.000000000000000000, 0.000000000000000000, 0.000000000000000000 ) ) ;
#1687 = SHAPE_REPRESENTATION ( 'FTC252010S', ( #1825, #192, #787, #1958 ), #1487 ) ;
#1688 = ORIENTED_EDGE ( 'NONE', *, *, #544, .F. ) ;
#1689 = VERTEX_POINT ( 'NONE', #1120 ) ;
#1690 = EDGE_CURVE ( 'NONE', #386, #608, #940, .T. ) ;
#1691 = CARTESIAN_POINT ( 'NONE',  ( 0.4333333333333335702, 0.8666666666666663632, -0.05000000000000000278 ) ) ;
#1692 = AXIS2_PLACEMENT_3D ( 'NONE', #1460, #55, #1797 ) ;
#1693 = VERTEX_POINT ( 'NONE', #296 ) ;
#1694 = DIRECTION ( 'NONE',  ( 0.000000000000000000, -0.7071067811865444641, 0.7071067811865505703 ) ) ;
#1695 = DIRECTION ( 'NONE',  ( 0.000000000000000000, 0.000000000000000000, -1.000000000000000000 ) ) ;
#1696 = ORIENTED_EDGE ( 'NONE', *, *, #989, .T. ) ;
#1697 = SHAPE_REPRESENTATION_RELATIONSHIP ( 'NONE' , 'NONE' ,  #2060, #803 ) ;
#1698 = VERTEX_POINT ( 'NONE', #655 ) ;
#1699 = AXIS2_PLACEMENT_3D ( 'NONE', #730, #1372, #1553 ) ;
#1700 = FACE_OUTER_BOUND ( 'NONE', #450, .T. ) ;
#1701 = ADVANCED_FACE ( 'NONE', ( #162 ), #1326, .F. ) ;
#1702 = ORIENTED_EDGE ( 'NONE', *, *, #554, .F. ) ;
#1703 = EDGE_CURVE ( 'NONE', #1389, #1250, #1421, .T. ) ;
#1704 = PLANE ( 'NONE',  #1044 ) ;
#1705 = LINE ( 'NONE', #1439, #1758 ) ;
#1706 = VERTEX_POINT ( 'NONE', #971 ) ;
#1707 = CIRCLE ( 'NONE', #1737, 0.08333333333333331483 ) ;
#1708 = ORIENTED_EDGE ( 'NONE', *, *, #544, .T. ) ;
#1709 = CIRCLE ( 'NONE', #640, 0.1333333333333333870 ) ;
#1710 = CARTESIAN_POINT ( 'NONE',  ( 0.000000000000000000, 0.000000000000000000, 0.9499999999999999556 ) ) ;
#1711 = ORIENTED_EDGE ( 'NONE', *, *, #1614, .T. ) ;
#1712 = CARTESIAN_POINT ( 'NONE',  ( -0.3499999999999997002, 0.8666666666666661412, 0.000000000000000000 ) ) ;
#1713 = CARTESIAN_POINT ( 'NONE',  ( -0.3561855550993348607, -1.000000000000000000, 0.000000000000000000 ) ) ;
#1714 = EDGE_CURVE ( 'NONE', #2039, #1250, #3, .T. ) ;
#1715 = EDGE_CURVE ( 'NONE', #1073, #1995, #486, .T. ) ;
#1716 = ORIENTED_EDGE ( 'NONE', *, *, #1255, .F. ) ;
#1717 = CARTESIAN_POINT ( 'NONE',  ( 1.209999999999999742, 0.8666666666666664742, 0.9499999999999999556 ) ) ;
#1718 = ORIENTED_EDGE ( 'NONE', *, *, #678, .T. ) ;
#1719 = DIRECTION ( 'NONE',  ( -0.000000000000000000, 0.000000000000000000, 1.000000000000000000 ) ) ;
#1720 = ORIENTED_EDGE ( 'NONE', *, *, #568, .T. ) ;
#1721 = DIRECTION ( 'NONE',  ( 1.000000000000000000, -2.282530889443167022E-16, 0.000000000000000000 ) ) ;
#1722 = LINE ( 'NONE', #904, #169 ) ;
#1723 = EDGE_CURVE ( 'NONE', #2008, #210, #463, .T. ) ;
#1724 = EDGE_LOOP ( 'NONE', ( #1569, #1984, #968, #248 ) ) ;
#1725 = CARTESIAN_POINT ( 'NONE',  ( 1.116666666666667140, -1.000000000000000000, 0.9499999999999999556 ) ) ;
#1726 = EDGE_CURVE ( 'NONE', #1706, #79, #293, .T. ) ;
#1727 =( NAMED_UNIT ( * ) SI_UNIT ( $, .STERADIAN. ) SOLID_ANGLE_UNIT ( ) );
#1728 = VERTEX_POINT ( 'NONE', #1254 ) ;
#1729 = DIRECTION ( 'NONE',  ( 0.000000000000000000, 0.000000000000000000, -1.000000000000000000 ) ) ;
#1730 = ORIENTED_EDGE ( 'NONE', *, *, #754, .T. ) ;
#1731 = PLANE ( 'NONE',  #1743 ) ;
#1732 = DIRECTION ( 'NONE',  ( 0.000000000000000000, 1.000000000000000000, 0.000000000000000000 ) ) ;
#1733 = FACE_OUTER_BOUND ( 'NONE', #1227, .T. ) ;
#1734 = DIRECTION ( 'NONE',  ( -0.7071067811865445751, 0.000000000000000000, 0.7071067811865504593 ) ) ;
#1735 = APPLICATION_PROTOCOL_DEFINITION ( 'draft international standard', 'automotive_design', 1998, #745 ) ;
#1736 = ORIENTED_EDGE ( 'NONE', *, *, #1090, .F. ) ;
#1737 = AXIS2_PLACEMENT_3D ( 'NONE', #32, #368, #1304 ) ;
#1738 = EDGE_CURVE ( 'NONE', #79, #458, #645, .T. ) ;
#1739 = CARTESIAN_POINT ( 'NONE',  ( 1.210000000000000187, 0.8666666666666664742, 0.9499999999999999556 ) ) ;
#1740 = DIRECTION ( 'NONE',  ( 0.000000000000000000, 0.000000000000000000, 1.000000000000000000 ) ) ;
#1741 = CIRCLE ( 'NONE', #575, 0.05000000000000000278 ) ;
#1742 = ORIENTED_EDGE ( 'NONE', *, *, #1726, .T. ) ;
#1743 = AXIS2_PLACEMENT_3D ( 'NONE', #1438, #1253, #13 ) ;
#1744 = DIRECTION ( 'NONE',  ( 0.000000000000000000, 0.000000000000000000, 1.000000000000000000 ) ) ;
#1745 = CARTESIAN_POINT ( 'NONE',  ( 0.3500000000000002554, 0.9999999999999997780, 0.000000000000000000 ) ) ;
#1746 = PLANE ( 'NONE',  #1775 ) ;
#1747 = CIRCLE ( 'NONE', #850, 0.1540440114519872894 ) ;
#1748 = CARTESIAN_POINT ( 'NONE',  ( -1.249999999999999556, -1.000000000000000000, 0.9499999999999999556 ) ) ;
#1749 = EDGE_LOOP ( 'NONE', ( #439, #1514, #1736, #2043 ) ) ;
#1750 = LINE ( 'NONE', #1436, #126 ) ;
#1751 = ADVANCED_FACE ( 'NONE', ( #1755 ), #1408, .F. ) ;
#1752 = DIRECTION ( 'NONE',  ( -0.000000000000000000, 0.000000000000000000, 1.000000000000000000 ) ) ;
#1753 = COLOUR_RGB ( '',0.2509803921568627416, 0.2509803921568627416, 0.2509803921568627416 ) ;
#1754 = LINE ( 'NONE', #1263, #1406 ) ;
#1755 = FACE_OUTER_BOUND ( 'NONE', #935, .T. ) ;
#1756 = CARTESIAN_POINT ( 'NONE',  ( -1.249999999999999778, 0.9999999999999997780, 0.9499999999999999556 ) ) ;
#1757 = DIRECTION ( 'NONE',  ( 0.000000000000000000, 0.000000000000000000, -1.000000000000000000 ) ) ;
#1758 = VECTOR ( 'NONE', #817, 1000.000000000000000 ) ;
#1759 = ORIENTED_EDGE ( 'NONE', *, *, #1118, .F. ) ;
#1760 = CARTESIAN_POINT ( 'NONE',  ( -0.5104811115673307809, 0.9999999999999997780, 9.893344823930227960E-16 ) ) ;
#1761 = CARTESIAN_POINT ( 'NONE',  ( 1.200000000000000400, 0.9999999999999997780, 0.000000000000000000 ) ) ;
#1762 = CYLINDRICAL_SURFACE ( 'NONE', #1847, 0.1333333333333333870 ) ;
#1763 = CARTESIAN_POINT ( 'NONE',  ( 0.4249999999999997113, 0.9500000000000001776, 0.05000000000000000278 ) ) ;
#1764 = VECTOR ( 'NONE', #864, 1000.000000000000000 ) ;
#1765 = EDGE_CURVE ( 'NONE', #1961, #1259, #1893, .T. ) ;
#1766 = ORIENTED_EDGE ( 'NONE', *, *, #622, .T. ) ;
#1767 = CARTESIAN_POINT ( 'NONE',  ( 1.116666666666666474, 0.9999999999999997780, 0.9099999999999994760 ) ) ;
#1768 = PRODUCT_CONTEXT ( 'NONE', #745, 'mechanical' ) ;
#1769 = ORIENTED_EDGE ( 'NONE', *, *, #1268, .F. ) ;
#1770 = DIRECTION ( 'NONE',  ( -1.084202172485504557E-16, 1.000000000000000000, 0.000000000000000000 ) ) ;
#1771 = CYLINDRICAL_SURFACE ( 'NONE', #769, 0.08333333333333325932 ) ;
#1772 = VECTOR ( 'NONE', #1442, 1000.000000000000114 ) ;
#1773 = DIRECTION ( 'NONE',  ( 0.000000000000000000, -0.000000000000000000, 1.000000000000000000 ) ) ;
#1774 = FACE_OUTER_BOUND ( 'NONE', #731, .T. ) ;
#1775 = AXIS2_PLACEMENT_3D ( 'NONE', #1756, #1599, #464 ) ;
#1776 = FACE_OUTER_BOUND ( 'NONE', #396, .T. ) ;
#1777 = EDGE_CURVE ( 'NONE', #1634, #1586, #1097, .T. ) ;
#1778 = LINE ( 'NONE', #197, #1400 ) ;
#1779 = ADVANCED_FACE ( 'NONE', ( #1005 ), #1968, .T. ) ;
#1780 = CONTEXT_DEPENDENT_SHAPE_REPRESENTATION ( #1218, #1048 ) ;
#1781 = CIRCLE ( 'NONE', #317, 0.08333333333333331483 ) ;
#1782 = ORIENTED_EDGE ( 'NONE', *, *, #392, .F. ) ;
#1783 = CARTESIAN_POINT ( 'NONE',  ( 0.4249999999999997113, 0.8666666666666668073, 0.000000000000000000 ) ) ;
#1784 = VERTEX_POINT ( 'NONE', #1630 ) ;
#1785 = LINE ( 'NONE', #1761, #1578 ) ;
#1786 = DIRECTION ( 'NONE',  ( 0.000000000000000000, -0.000000000000000000, -1.000000000000000000 ) ) ;
#1787 = DIRECTION ( 'NONE',  ( -1.000000000000000000, 0.000000000000000000, 0.000000000000000000 ) ) ;
#1788 = CARTESIAN_POINT ( 'NONE',  ( 1.210000000000000409, -0.8666666666666668073, 0.9499999999999999556 ) ) ;
#1789 = CARTESIAN_POINT ( 'NONE',  ( 1.116666666666666918, -0.9499999999999999556, 0.000000000000000000 ) ) ;
#1790 = ADVANCED_FACE ( 'NONE', ( #35 ), #829, .T. ) ;
#1791 = VERTEX_POINT ( 'NONE', #360 ) ;
#1792 = CARTESIAN_POINT ( 'NONE',  ( 1.200000000000000400, 0.8666666666666663632, 0.000000000000000000 ) ) ;
#1793 = EDGE_CURVE ( 'NONE', #1791, #896, #1894, .T. ) ;
#1794 = ORIENTED_EDGE ( 'NONE', *, *, #1076, .T. ) ;
#1795 = CARTESIAN_POINT ( 'NONE',  ( 1.116666666666667140, 0.8666666666666663632, -0.05000000000000000278 ) ) ;
#1796 = CARTESIAN_POINT ( 'NONE',  ( 1.116666666666667140, -0.8666666666666668073, 0.9499999999999999556 ) ) ;
#1797 = DIRECTION ( 'NONE',  ( 1.000000000000000000, 0.000000000000000000, 0.000000000000000000 ) ) ;
#1798 = CARTESIAN_POINT ( 'NONE',  ( 2.168404344971007389E-16, 0.9499999999999995115, -0.05000000000000000278 ) ) ;
#1799 = COLOUR_RGB ( '',0.2509803921568627416, 0.2509803921568627416, 0.2509803921568627416 ) ;
#1800 = DIRECTION ( 'NONE',  ( -0.7071067811865441310, 0.000000000000000000, 0.7071067811865510144 ) ) ;
#1801 = ORIENTED_EDGE ( 'NONE', *, *, #1560, .T. ) ;
#1802 = VERTEX_POINT ( 'NONE', #536 ) ;
#1803 = CARTESIAN_POINT ( 'NONE',  ( 1.210000000000000187, 1.311884628707460612E-16, 0.9499999999999999556 ) ) ;
#1804 = ADVANCED_FACE ( 'NONE', ( #1319 ), #1016, .T. ) ;
#1805 = ADVANCED_FACE ( 'NONE', ( #828 ), #1153, .T. ) ;
#1806 = DIRECTION ( 'NONE',  ( 1.000000000000000000, 0.000000000000000000, 0.000000000000000000 ) ) ;
#1807 = DIRECTION ( 'NONE',  ( 0.000000000000000000, 0.7071067811865504593, -0.7071067811865445751 ) ) ;
#1808 = CARTESIAN_POINT ( 'NONE',  ( 0.3416666666666663410, 0.8666666666666668073, 0.000000000000000000 ) ) ;
#1809 = DIRECTION ( 'NONE',  ( -0.000000000000000000, -0.000000000000000000, 1.000000000000000000 ) ) ;
#1810 = VECTOR ( 'NONE', #919, 1000.000000000000000 ) ;
#1811 = EDGE_LOOP ( 'NONE', ( #1822, #276, #1160, #1916 ) ) ;
#1812 = CARTESIAN_POINT ( 'NONE',  ( 0.4074517576684192899, -1.000000000000000000, -0.004476291878810552405 ) ) ;
#1813 = ORIENTED_EDGE ( 'NONE', *, *, #33, .F. ) ;
#1814 = DIRECTION ( 'NONE',  ( -0.7071067811865511255, -7.666467083416910134E-17, -0.7071067811865439090 ) ) ;
#1815 = ADVANCED_FACE ( 'NONE', ( #1494 ), #204, .F. ) ;
#1816 = FACE_OUTER_BOUND ( 'NONE', #75, .T. ) ;
#1817 = DIRECTION ( 'NONE',  ( -2.282530889443167515E-16, 1.000000000000000000, 0.000000000000000000 ) ) ;
#1818 = DIRECTION ( 'NONE',  ( 1.000000000000000000, 0.000000000000000000, 0.000000000000000000 ) ) ;
#1819 = DIRECTION ( 'NONE',  ( 0.000000000000000000, 0.000000000000000000, -1.000000000000000000 ) ) ;
#1820 = ORIENTED_EDGE ( 'NONE', *, *, #1974, .F. ) ;
#1821 = FILL_AREA_STYLE_COLOUR ( '', #1753 ) ;
#1822 = ORIENTED_EDGE ( 'NONE', *, *, #638, .F. ) ;
#1823 = CARTESIAN_POINT ( 'NONE',  ( 1.116666666666666474, 0.8666666666666664742, 0.9499999999999999556 ) ) ;
#1824 = CIRCLE ( 'NONE', #1455, 0.05000000000000000278 ) ;
#1825 = AXIS2_PLACEMENT_3D ( 'NONE', #1219, #1101, #934 ) ;
#1826 = DIRECTION ( 'NONE',  ( 0.000000000000000000, 0.000000000000000000, -1.000000000000000000 ) ) ;
#1827 = EDGE_LOOP ( 'NONE', ( #1057, #1993, #508, #499 ) ) ;
#1828 = CARTESIAN_POINT ( 'NONE',  ( -0.5104811115673311139, -1.000000000000000000, 9.893344823930227960E-16 ) ) ;
#1829 = CARTESIAN_POINT ( 'NONE',  ( 1.116666666666666474, 0.9599999999999997424, 0.9499999999999999556 ) ) ;
#1830 = EDGE_CURVE ( 'NONE', #297, #1382, #380, .T. ) ;
#1831 = ORIENTED_EDGE ( 'NONE', *, *, #1091, .T. ) ;
#1832 = TOROIDAL_SURFACE ( 'NONE', #1230, 0.1540440114519872339, 0.05000000000000000278 ) ;
#1833 = DIRECTION ( 'NONE',  ( -1.141265444721583757E-16, 1.000000000000000000, 0.000000000000000000 ) ) ;
#1834 = ORIENTED_EDGE ( 'NONE', *, *, #1185, .T. ) ;
#1835 = CARTESIAN_POINT ( 'NONE',  ( -0.3146446609406734485, 3.411384249528432462E-17, -0.01464466094067277437 ) ) ;
#1836 = DIRECTION ( 'NONE',  ( -0.000000000000000000, 0.000000000000000000, 1.000000000000000000 ) ) ;
#1837 = ORIENTED_EDGE ( 'NONE', *, *, #999, .F. ) ;
#1838 = DIRECTION ( 'NONE',  ( 0.7071067811865505703, -7.666467083416906436E-17, -0.7071067811865444641 ) ) ;
#1839 = DIRECTION ( 'NONE',  ( -0.000000000000000000, 0.000000000000000000, -1.000000000000000000 ) ) ;
#1840 = CIRCLE ( 'NONE', #773, 0.1333333333333333870 ) ;
#1841 = VECTOR ( 'NONE', #888, 1000.000000000000114 ) ;
#1842 = ADVANCED_FACE ( 'NONE', ( #515 ), #838, .T. ) ;
#1843 = ORIENTED_EDGE ( 'NONE', *, *, #2064, .F. ) ;
#1844 = VECTOR ( 'NONE', #985, 1000.000000000000000 ) ;
#1845 = UNCERTAINTY_MEASURE_WITH_UNIT (LENGTH_MEASURE( 1.000000000000000082E-05 ), #2055, 'distance_accuracy_value', 'NONE');
#1846 =( LENGTH_UNIT ( ) NAMED_UNIT ( * ) SI_UNIT ( .MILLI., .METRE. ) );
#1847 = AXIS2_PLACEMENT_3D ( 'NONE', #804, #785, #2040 ) ;
#1848 = ORIENTED_EDGE ( 'NONE', *, *, #10, .T. ) ;
#1849 = AXIS2_PLACEMENT_3D ( 'NONE', #170, #1595, #304 ) ;
#1850 = DIRECTION ( 'NONE',  ( 1.000000000000000000, 0.000000000000000000, 0.000000000000000000 ) ) ;
#1851 = ORIENTED_EDGE ( 'NONE', *, *, #909, .F. ) ;
#1852 = CARTESIAN_POINT ( 'NONE',  ( -1.116666666666666252, -0.8666666666666666963, 0.9499999999999999556 ) ) ;
#1853 = DIRECTION ( 'NONE',  ( 1.626303258728256651E-16, 1.000000000000000000, 0.000000000000000000 ) ) ;
#1854 = ORIENTED_EDGE ( 'NONE', *, *, #909, .T. ) ;
#1855 = FILL_AREA_STYLE ('',( #2025 ) ) ;
#1856 = ADVANCED_FACE ( 'NONE', ( #697 ), #687, .T. ) ;
#1857 = EDGE_LOOP ( 'NONE', ( #1720, #470, #1035, #764, #52, #279, #759, #1730 ) ) ;
#1858 = ADVANCED_FACE ( 'NONE', ( #44 ), #371, .T. ) ;
#1859 = APPLICATION_CONTEXT ( 'automotive_design' ) ;
#1860 = CARTESIAN_POINT ( 'NONE',  ( 0.2792893218813463085, 0.8666666666666664742, -0.05000000000000000278 ) ) ;
#1861 = AXIS2_PLACEMENT_3D ( 'NONE', #2052, #14, #495 ) ;
#1862 = VERTEX_POINT ( 'NONE', #225 ) ;
#1863 = FACE_OUTER_BOUND ( 'NONE', #658, .T. ) ;
#1864 = CARTESIAN_POINT ( 'NONE',  ( -1.116666666666666474, 0.9599999999999998535, 0.9499999999999999556 ) ) ;
#1865 = ORIENTED_EDGE ( 'NONE', *, *, #378, .F. ) ;
#1866 = ORIENTED_EDGE ( 'NONE', *, *, #159, .F. ) ;
#1867 = CIRCLE ( 'NONE', #967, 0.09333333333333329596 ) ;
#1868 = ADVANCED_FACE ( 'NONE', ( #1774 ), #348, .F. ) ;
#1869 = CARTESIAN_POINT ( 'NONE',  ( -0.4340942951992311505, 0.9856442827633068449, -0.01435571723669225308 ) ) ;
#1870 = VERTEX_POINT ( 'NONE', #1783 ) ;
#1871 = CARTESIAN_POINT ( 'NONE',  ( 0.4333333333333335147, 0.9853553390593262629, -0.01464466094067276743 ) ) ;
#1872 = DIRECTION ( 'NONE',  ( 0.000000000000000000, -0.000000000000000000, 1.000000000000000000 ) ) ;
#1873 = ORIENTED_EDGE ( 'NONE', *, *, #690, .F. ) ;
#1874 = CARTESIAN_POINT ( 'NONE',  ( 0.3416666666666666186, -0.8666666666666662522, 0.000000000000000000 ) ) ;
#1875 = AXIS2_PLACEMENT_3D ( 'NONE', #1803, #377, #1013 ) ;
#1876 =( NAMED_UNIT ( * ) PLANE_ANGLE_UNIT ( ) SI_UNIT ( $, .RADIAN. ) );
#1877 = ORIENTED_EDGE ( 'NONE', *, *, #702, .T. ) ;
#1878 = AXIS2_PLACEMENT_3D ( 'NONE', #1852, #422, #593 ) ;
#1879 = DIRECTION ( 'NONE',  ( -1.000000000000000000, 0.000000000000000000, 0.000000000000000000 ) ) ;
#1880 = EDGE_CURVE ( 'NONE', #1466, #1581, #1260, .T. ) ;
#1881 = ORIENTED_EDGE ( 'NONE', *, *, #1063, .F. ) ;
#1882 = DIRECTION ( 'NONE',  ( 1.000000000000000000, 0.000000000000000000, 0.000000000000000000 ) ) ;
#1883 = FACE_OUTER_BOUND ( 'NONE', #779, .T. ) ;
#1884 = ORIENTED_EDGE ( 'NONE', *, *, #1270, .F. ) ;
#1885 = CARTESIAN_POINT ( 'NONE',  ( 0.2792893218813460310, -0.8666666666666668073, -0.05000000000000000278 ) ) ;
#1886 = DIRECTION ( 'NONE',  ( 1.000000000000000000, 0.000000000000000000, 0.000000000000000000 ) ) ;
#1887 = ORIENTED_EDGE ( 'NONE', *, *, #754, .F. ) ;
#1888 = VECTOR ( 'NONE', #51, 1000.000000000000000 ) ;
#1889 = CARTESIAN_POINT ( 'NONE',  ( -1.116666666666666252, -0.8666666666666666963, 0.9499999999999999556 ) ) ;
#1890 = ORIENTED_EDGE ( 'NONE', *, *, #532, .F. ) ;
#1891 = EDGE_CURVE ( 'NONE', #1499, #728, #1997, .T. ) ;
#1892 = FACE_OUTER_BOUND ( 'NONE', #1658, .T. ) ;
#1893 = LINE ( 'NONE', #1763, #62 ) ;
#1894 = CIRCLE ( 'NONE', #527, 0.1540440114519872339 ) ;
#1895 = DIRECTION ( 'NONE',  ( 0.000000000000000000, 0.000000000000000000, -1.000000000000000000 ) ) ;
#1896 = DIRECTION ( 'NONE',  ( 0.000000000000000000, 0.000000000000000000, -1.000000000000000000 ) ) ;
#1897 = EDGE_CURVE ( 'NONE', #905, #1023, #777, .T. ) ;
#1898 = EDGE_CURVE ( 'NONE', #108, #1098, #1292, .T. ) ;
#1899 = DIRECTION ( 'NONE',  ( 1.000000000000000000, 0.000000000000000000, 0.000000000000000000 ) ) ;
#1900 = VERTEX_POINT ( 'NONE', #180 ) ;
#1901 = DIRECTION ( 'NONE',  ( 1.000000000000000000, -0.000000000000000000, 0.000000000000000000 ) ) ;
#1902 = LINE ( 'NONE', #1912, #1051 ) ;
#1903 = ORIENTED_EDGE ( 'NONE', *, *, #1294, .F. ) ;
#1904 = CARTESIAN_POINT ( 'NONE',  ( -0.4333333333333332926, -0.8666666666666666963, 0.000000000000000000 ) ) ;
#1905 = DIRECTION ( 'NONE',  ( -0.000000000000000000, -0.000000000000000000, 1.000000000000000000 ) ) ;
#1906 = CARTESIAN_POINT ( 'NONE',  ( 1.200000000000000178, -0.8666666666666665853, 0.000000000000000000 ) ) ;
#1907 = CARTESIAN_POINT ( 'NONE',  ( -0.4250000000000002665, 0.9500000000000001776, 0.000000000000000000 ) ) ;
#1908 = ADVANCED_FACE ( 'NONE', ( #1911 ), #1616, .T. ) ;
#1909 = PRODUCT_CONTEXT ( 'NONE', #965, 'mechanical' ) ;
#1910 = EDGE_LOOP ( 'NONE', ( #1397, #1565, #311, #137 ) ) ;
#1911 = FACE_OUTER_BOUND ( 'NONE', #1370, .T. ) ;
#1912 = CARTESIAN_POINT ( 'NONE',  ( 1.250000000000000444, -0.8666666666666668073, 0.9499999999999999556 ) ) ;
#1913 = AXIS2_PLACEMENT_3D ( 'NONE', #1088, #393, #709 ) ;
#1914 = DIRECTION ( 'NONE',  ( -1.084202172485504557E-16, 1.000000000000000000, 0.000000000000000000 ) ) ;
#1915 = DIRECTION ( 'NONE',  ( 0.000000000000000000, -0.000000000000000000, -1.000000000000000000 ) ) ;
#1916 = ORIENTED_EDGE ( 'NONE', *, *, #865, .F. ) ;
#1917 = CIRCLE ( 'NONE', #1017, 0.08333333333333325932 ) ;
#1918 = CARTESIAN_POINT ( 'NONE',  ( -0.4333333333333332926, -0.8666666666666666963, -0.05000000000000002359 ) ) ;
#1919 = ORIENTED_EDGE ( 'NONE', *, *, #1039, .T. ) ;
#1920 = ADVANCED_FACE ( 'NONE', ( #355 ), #1293, .T. ) ;
#1921 = DIRECTION ( 'NONE',  ( -0.000000000000000000, -0.000000000000000000, 1.000000000000000000 ) ) ;
#1922 = PLANE ( 'NONE',  #1410 ) ;
#1923 = EDGE_CURVE ( 'NONE', #2008, #1098, #1750, .T. ) ;
#1924 = CARTESIAN_POINT ( 'NONE',  ( -1.249999999999999778, 0.9999999999999997780, 0.000000000000000000 ) ) ;
#1925 = DIRECTION ( 'NONE',  ( 1.626303258728256651E-16, 1.000000000000000000, 0.000000000000000000 ) ) ;
#1926 = B_SPLINE_CURVE_WITH_KNOTS ( 'NONE', 3,
 ( #686, #1327, #535, #1170, #573, #726, #1517, #746, #1869, #428 ),
 .UNSPECIFIED., .F., .F.,
 ( 4, 3, 3, 4 ),
 ( 0.000000000000000000, 4.922649324635096200E-05, 7.762347539023279307E-05, 8.021468341071665020E-05 ),
 .UNSPECIFIED. ) ;
#1927 = ORIENTED_EDGE ( 'NONE', *, *, #1614, .F. ) ;
#1928 = CARTESIAN_POINT ( 'NONE',  ( 0.4249999999999997113, 0.9500000000000001776, 0.05000000000000000278 ) ) ;
#1929 = AXIS2_PLACEMENT_3D ( 'NONE', #1941, #1283, #1901 ) ;
#1930 = ORIENTED_EDGE ( 'NONE', *, *, #529, .T. ) ;
#1931 = PRODUCT_DEFINITION_SHAPE ( 'NONE', 'NONE',  #2067 ) ;
#1932 = CARTESIAN_POINT ( 'NONE',  ( 1.200000000000000400, 0.8666666666666663632, -0.05000000000000000278 ) ) ;
#1933 = LINE ( 'NONE', #502, #484 ) ;
#1934 = ADVANCED_FACE ( 'NONE', ( #814 ), #1572, .F. ) ;
#1935 = CYLINDRICAL_SURFACE ( 'NONE', #1375, 0.04999999999999999584 ) ;
#1936 = CARTESIAN_POINT ( 'NONE',  ( 0.4249999999999997113, 0.8666666666666668073, 0.05000000000000000278 ) ) ;
#1937 = AXIS2_PLACEMENT_3D ( 'NONE', #166, #798, #1600 ) ;
#1938 = CARTESIAN_POINT ( 'NONE',  ( -1.199999999999999956, -0.8666666666666664742, 0.000000000000000000 ) ) ;
#1939 = CARTESIAN_POINT ( 'NONE',  ( 0.4333333333333335147, 0.9499999999999997335, -0.05000000000000000278 ) ) ;
#1940 = EDGE_LOOP ( 'NONE', ( #1801, #832, #1385, #1854, #928, #681, #1919, #1018 ) ) ;
#1941 = CARTESIAN_POINT ( 'NONE',  ( 0.000000000000000000, -0.9499999999999995115, -0.05000000000000000278 ) ) ;
#1942 = VERTEX_POINT ( 'NONE', #334 ) ;
#1943 = DIRECTION ( 'NONE',  ( 0.000000000000000000, -0.000000000000000000, 1.000000000000000000 ) ) ;
#1944 = VECTOR ( 'NONE', #725, 1000.000000000000000 ) ;
#1945 = LINE ( 'NONE', #1296, #1513 ) ;
#1946 = CARTESIAN_POINT ( 'NONE',  ( 1.116666666666667140, -0.8666666666666668073, 0.9499999999999999556 ) ) ;
#1947 = VECTOR ( 'NONE', #1377, 1000.000000000000000 ) ;
#1948 = EDGE_CURVE ( 'NONE', #241, #352, #1275, .T. ) ;
#1949 = AXIS2_PLACEMENT_3D ( 'NONE', #1904, #184, #633 ) ;
#1950 = PLANE ( 'NONE',  #280 ) ;
#1951 = CARTESIAN_POINT ( 'NONE',  ( -0.4333333333333330151, 0.9499999999999995115, -0.05000000000000000278 ) ) ;
#1952 = PRESENTATION_LAYER_ASSIGNMENT (  '', '', ( #780 ) ) ;
#1953 = ORIENTED_EDGE ( 'NONE', *, *, #74, .F. ) ;
#1954 = DIRECTION ( 'NONE',  ( -0.000000000000000000, -0.000000000000000000, 1.000000000000000000 ) ) ;
#1955 = ORIENTED_EDGE ( 'NONE', *, *, #1665, .T. ) ;
#1956 = CARTESIAN_POINT ( 'NONE',  ( 1.116666666666667140, -1.000000000000000000, 9.893344823930227960E-16 ) ) ;
#1957 = CARTESIAN_POINT ( 'NONE',  ( 1.116666666666666474, 0.9999999999999997780, 0.9099999999999994760 ) ) ;
#1958 = AXIS2_PLACEMENT_3D ( 'NONE', #1290, #155, #1886 ) ;
#1959 = CARTESIAN_POINT ( 'NONE',  ( 0.4333333333333331816, -0.9499999999999999556, 0.000000000000000000 ) ) ;
#1960 = LINE ( 'NONE', #1165, #870 ) ;
#1961 = VERTEX_POINT ( 'NONE', #11 ) ;
#1962 = EDGE_CURVE ( 'NONE', #1077, #910, #1103, .T. ) ;
#1963 =( GEOMETRIC_REPRESENTATION_CONTEXT ( 3 ) GLOBAL_UNCERTAINTY_ASSIGNED_CONTEXT ( ( #243 ) ) GLOBAL_UNIT_ASSIGNED_CONTEXT ( ( #1531, #442, #1080 ) ) REPRESENTATION_CONTEXT ( 'NONE', 'WORKASPACE' ) );
#1964 = CARTESIAN_POINT ( 'NONE',  ( 2.168404344971007389E-16, 0.9499999999999995115, 0.000000000000000000 ) ) ;
#1965 = ORIENTED_EDGE ( 'NONE', *, *, #1962, .F. ) ;
#1966 = DIRECTION ( 'NONE',  ( 1.000000000000000000, 0.000000000000000000, 0.000000000000000000 ) ) ;
#1967 = DIRECTION ( 'NONE',  ( 1.000000000000000000, 0.000000000000000000, 0.000000000000000000 ) ) ;
#1968 = PLANE ( 'NONE',  #863 ) ;
#1969 = DIRECTION ( 'NONE',  ( 0.000000000000000000, -1.000000000000000000, 0.000000000000000000 ) ) ;
#1970 = VECTOR ( 'NONE', #1497, 1000.000000000000000 ) ;
#1971 = CARTESIAN_POINT ( 'NONE',  ( 0.3416666666666666186, -0.8666666666666662522, 0.05000000000000000278 ) ) ;
#1972 = ORIENTED_EDGE ( 'NONE', *, *, #264, .F. ) ;
#1973 = VECTOR ( 'NONE', #994, 1000.000000000000000 ) ;
#1974 = EDGE_CURVE ( 'NONE', #1586, #1502, #1383, .T. ) ;
#1975 = CARTESIAN_POINT ( 'NONE',  ( 0.4845830114575239711, -1.000000000000000000, -6.670384459627612705E-17 ) ) ;
#1976 = VERTEX_POINT ( 'NONE', #958 ) ;
#1977 = CARTESIAN_POINT ( 'NONE',  ( 1.116666666666666918, -0.8666666666666665853, -0.05000000000000000278 ) ) ;
#1978 = VECTOR ( 'NONE', #1491, 1000.000000000000000 ) ;
#1979 = DIRECTION ( 'NONE',  ( 0.000000000000000000, 0.000000000000000000, 1.000000000000000000 ) ) ;
#1980 = DIRECTION ( 'NONE',  ( 0.000000000000000000, 0.000000000000000000, -1.000000000000000000 ) ) ;
#1981 = DIRECTION ( 'NONE',  ( 1.000000000000000000, 0.000000000000000000, 0.000000000000000000 ) ) ;
#1982 = DIRECTION ( 'NONE',  ( -0.000000000000000000, 0.000000000000000000, 1.000000000000000000 ) ) ;
#1983 = AXIS2_PLACEMENT_3D ( 'NONE', #1496, #1461, #37 ) ;
#1984 = ORIENTED_EDGE ( 'NONE', *, *, #1458, .T. ) ;
#1985 =( LENGTH_UNIT ( ) NAMED_UNIT ( * ) SI_UNIT ( .MILLI., .METRE. ) );
#1986 = ORIENTED_EDGE ( 'NONE', *, *, #1765, .T. ) ;
#1987 = DIRECTION ( 'NONE',  ( 1.000000000000000000, 0.000000000000000000, 0.000000000000000000 ) ) ;
#1988 = CARTESIAN_POINT ( 'NONE',  ( -0.4250000000000002665, 0.8666666666666668073, 0.05000000000000000278 ) ) ;
#1989 = ADVANCED_FACE ( 'NONE', ( #641 ), #491, .F. ) ;
#1990 = VERTEX_POINT ( 'NONE', #650 ) ;
#1991 = LINE ( 'NONE', #260, #510 ) ;
#1992 = CARTESIAN_POINT ( 'NONE',  ( 0.4440617265459766427, -0.9893765925158514163, -0.01062340748414779441 ) ) ;
#1993 = ORIENTED_EDGE ( 'NONE', *, *, #1880, .F. ) ;
#1994 = DIRECTION ( 'NONE',  ( 1.000000000000000000, 0.000000000000000000, 0.000000000000000000 ) ) ;
#1995 = VERTEX_POINT ( 'NONE', #1932 ) ;
#1996 = CARTESIAN_POINT ( 'NONE',  ( -1.116666666666666474, 0.9999999999999997780, 0.9099999999999994760 ) ) ;
#1997 = CIRCLE ( 'NONE', #1591, 0.08333333333333331483 ) ;
#1998 = CYLINDRICAL_SURFACE ( 'NONE', #1480, 0.08333333333333331483 ) ;
#1999 = ADVANCED_FACE ( 'NONE', ( #980 ), #1177, .T. ) ;
#2000 = EDGE_CURVE ( 'NONE', #770, #1475, #2024, .T. ) ;
#2001 = ORIENTED_EDGE ( 'NONE', *, *, #678, .F. ) ;
#2002 = DIRECTION ( 'NONE',  ( -1.000000000000000000, 1.301042606982605518E-15, 0.000000000000000000 ) ) ;
#2003 = FILL_AREA_STYLE_COLOUR ( '', #1799 ) ;
#2004 = ORIENTED_EDGE ( 'NONE', *, *, #936, .F. ) ;
#2005 = ORIENTED_EDGE ( 'NONE', *, *, #392, .T. ) ;
#2006 = AXIS2_PLACEMENT_3D ( 'NONE', #514, #1786, #1152 ) ;
#2007 = CARTESIAN_POINT ( 'NONE',  ( 1.250000000000000222, 0.8666666666666664742, 9.757819552369537934E-16 ) ) ;
#2008 = VERTEX_POINT ( 'NONE', #1315 ) ;
#2009 = DIRECTION ( 'NONE',  ( 0.000000000000000000, -0.000000000000000000, 1.000000000000000000 ) ) ;
#2010 = LINE ( 'NONE', #286, #433 ) ;
#2011 = CIRCLE ( 'NONE', #669, 0.08333333333333325932 ) ;
#2012 = EDGE_CURVE ( 'NONE', #175, #878, #333, .T. ) ;
#2013 = ORIENTED_EDGE ( 'NONE', *, *, #933, .F. ) ;
#2014 = ADVANCED_FACE ( 'NONE', ( #1022 ), #366, .F. ) ;
#2015 = VECTOR ( 'NONE', #1132, 1000.000000000000000 ) ;
#2016 = CIRCLE ( 'NONE', #740, 0.08333333333333325932 ) ;
#2017 = EDGE_LOOP ( 'NONE', ( #1252, #1322, #1528, #323 ) ) ;
#2018 = AXIS2_PLACEMENT_3D ( 'NONE', #1392, #459, #1094 ) ;
#2019 = CARTESIAN_POINT ( 'NONE',  ( 1.116666666666667140, -0.9599999999999999645, 0.9499999999999999556 ) ) ;
#2020 = VERTEX_POINT ( 'NONE', #843 ) ;
#2021 = CARTESIAN_POINT ( 'NONE',  ( 0.5104811115673313360, 0.9999999999999997780, 9.893344823930227960E-16 ) ) ;
#2022 = ADVANCED_FACE ( 'NONE', ( #387 ), #833, .T. ) ;
#2023 = ORIENTED_EDGE ( 'NONE', *, *, #1511, .F. ) ;
#2024 = CIRCLE ( 'NONE', #1584, 0.08333333333333331483 ) ;
#2025 = FILL_AREA_STYLE_COLOUR ( '', #1287 ) ;
#2026 = ORIENTED_EDGE ( 'NONE', *, *, #1270, .T. ) ;
#2027 = DIRECTION ( 'NONE',  ( 0.000000000000000000, 0.000000000000000000, -1.000000000000000000 ) ) ;
#2028 = AXIS2_PLACEMENT_3D ( 'NONE', #984, #1817, #195 ) ;
#2029 = ORIENTED_EDGE ( 'NONE', *, *, #662, .T. ) ;
#2030 = LINE ( 'NONE', #566, #1810 ) ;
#2031 = FILL_AREA_STYLE ('',( #2003 ) ) ;
#2032 = EDGE_LOOP ( 'NONE', ( #1356, #2056, #1986, #1324, #886, #97, #691, #550 ) ) ;
#2033 = DIRECTION ( 'NONE',  ( -0.000000000000000000, 0.000000000000000000, 1.000000000000000000 ) ) ;
#2034 = UNCERTAINTY_MEASURE_WITH_UNIT (LENGTH_MEASURE( 1.000000000000000082E-05 ), #1628, 'distance_accuracy_value', 'NONE');
#2035 = ORIENTED_EDGE ( 'NONE', *, *, #717, .F. ) ;
#2036 = CIRCLE ( 'NONE', #501, 0.08333333333333331483 ) ;
#2037 = EDGE_CURVE ( 'NONE', #556, #866, #73, .T. ) ;
#2038 = CARTESIAN_POINT ( 'NONE',  ( -0.4333333333333330151, 0.9499999999999995115, 0.000000000000000000 ) ) ;
#2039 = VERTEX_POINT ( 'NONE', #1159 ) ;
#2040 = DIRECTION ( 'NONE',  ( -1.000000000000000000, 0.000000000000000000, 0.000000000000000000 ) ) ;
#2041 = DIRECTION ( 'NONE',  ( -1.000000000000000000, 1.084202172485504927E-16, 0.000000000000000000 ) ) ;
#2042 = VECTOR ( 'NONE', #1683, 1000.000000000000000 ) ;
#2043 = ORIENTED_EDGE ( 'NONE', *, *, #1418, .F. ) ;
#2044 = CARTESIAN_POINT ( 'NONE',  ( -1.116666666666666696, 0.8666666666666662522, -0.05000000000000000278 ) ) ;
#2045 = CIRCLE ( 'NONE', #841, 0.05000000000000000278 ) ;
#2046 = VERTEX_POINT ( 'NONE', #1792 ) ;
#2047 = DIRECTION ( 'NONE',  ( 1.084202172485504557E-16, -1.000000000000000000, 0.000000000000000000 ) ) ;
#2048 = VECTOR ( 'NONE', #600, 1000.000000000000000 ) ;
#2049 = ORIENTED_EDGE ( 'NONE', *, *, #1242, .F. ) ;
#2050 = ADVANCED_FACE ( 'NONE', ( #1333 ), #587, .T. ) ;
#2051 = DIRECTION ( 'NONE',  ( 1.000000000000000000, 0.000000000000000000, 0.000000000000000000 ) ) ;
#2052 = CARTESIAN_POINT ( 'NONE',  ( 0.000000000000000000, 0.000000000000000000, 0.000000000000000000 ) ) ;
#2053 = VERTEX_POINT ( 'NONE', #1010 ) ;
#2054 = LINE ( 'NONE', #637, #369 ) ;
#2055 =( LENGTH_UNIT ( ) NAMED_UNIT ( * ) SI_UNIT ( .MILLI., .METRE. ) );
#2056 = ORIENTED_EDGE ( 'NONE', *, *, #1401, .T. ) ;
#2057 = AXIS2_PLACEMENT_3D ( 'NONE', #1489, #704, #200 ) ;
#2058 = DIRECTION ( 'NONE',  ( 0.7071067811865416886, 0.000000000000000000, 0.7071067811865532349 ) ) ;
#2059 = CARTESIAN_POINT ( 'NONE',  ( -0.2792893218813459755, -0.8666666666666665853, 0.000000000000000000 ) ) ;
#2060 = SHAPE_REPRESENTATION ( 'body_\X2\9ed88ba4\X0\', ( #615 ), #1221 ) ;
#2061 = ORIENTED_EDGE ( 'NONE', *, *, #405, .T. ) ;
#2062 = CARTESIAN_POINT ( 'NONE',  ( -1.116666666666666252, -1.000000000000000000, 9.757819552369539906E-16 ) ) ;
#2063 = DIRECTION ( 'NONE',  ( 0.000000000000000000, 0.000000000000000000, 1.000000000000000000 ) ) ;
#2064 = EDGE_CURVE ( 'NONE', #1073, #1689, #1157, .T. ) ;
#2065 = FACE_OUTER_BOUND ( 'NONE', #1052, .T. ) ;
#2066 = VECTOR ( 'NONE', #269, 1000.000000000000000 ) ;
#2067 = NEXT_ASSEMBLY_USAGE_OCCURRENCE ( 'NAUO1', ' ', ' ', #1349, #627, $ ) ;
#2068 = NEXT_ASSEMBLY_USAGE_OCCURRENCE ( 'NAUO2', ' ', ' ', #1349, #480, $ ) ;
#2069 = NEXT_ASSEMBLY_USAGE_OCCURRENCE ( 'NAUO3', ' ', ' ', #1349, #480, $ ) ;
ENDSEC;
END-ISO-10303-21;
