ISO-10303-21;
HEADER;
FILE_DESCRIPTION (( 'STEP AP214' ),
    '1' );
FILE_NAME ('FTC303018S.step',
    '2026-10-09T15:40:29',
    ( '' ),
    ( '' ),
    'SwSTEP 2.0',
    'SolidWorks 2025',
    '' );
FILE_SCHEMA (( 'AUTOMOTIVE_DESIGN' ));
ENDSEC;

DATA;
#1 = AXIS2_PLACEMENT_3D ( 'NONE', #1291, #1412, #168 ) ;
#2 = ORIENTED_EDGE ( 'NONE', *, *, #1621, .T. ) ;
#3 = DIRECTION ( 'NONE',  ( 0.000000000000000000, 0.000000000000000000, 1.000000000000000000 ) ) ;
#4 = CARTESIAN_POINT ( 'NONE',  ( 0.5000000000000000000, 1.409999999999999698, 0.08999999999999999667 ) ) ;
#5 = ADVANCED_FACE ( 'NONE', ( #144 ), #1948, .T. ) ;
#6 = EDGE_CURVE ( 'NONE', #1182, #439, #293, .T. ) ;
#7 = ORIENTED_EDGE ( 'NONE', *, *, #692, .T. ) ;
#8 = DIRECTION ( 'NONE',  ( -1.000000000000000000, 0.000000000000000000, 0.000000000000000000 ) ) ;
#9 = VERTEX_POINT ( 'NONE', #1371 ) ;
#10 = DIRECTION ( 'NONE',  ( 1.445602896647339163E-16, -1.000000000000000000, 0.000000000000000000 ) ) ;
#11 = CARTESIAN_POINT ( 'NONE',  ( -1.300000000000000488, 1.300000000000000266, 1.709999999999999964 ) ) ;
#12 = CARTESIAN_POINT ( 'NONE',  ( 1.299999999999999378, 1.300000000000000266, 1.709999999999999964 ) ) ;
#13 = AXIS2_PLACEMENT_3D ( 'NONE', #1779, #380, #842 ) ;
#14 = ORIENTED_EDGE ( 'NONE', *, *, #404, .T. ) ;
#15 = DIRECTION ( 'NONE',  ( 0.000000000000000000, -0.000000000000000000, -1.000000000000000000 ) ) ;
#16 = ORIENTED_EDGE ( 'NONE', *, *, #989, .T. ) ;
#17 = CARTESIAN_POINT ( 'NONE',  ( 1.299999999999999378, 1.500000000000000222, 1.649999999999999689 ) ) ;
#18 = DIRECTION ( 'NONE',  ( -0.7071067811865471286, 0.000000000000000000, 0.7071067811865479058 ) ) ;
#19 = ADVANCED_FACE ( 'NONE', ( #422 ), #135, .T. ) ;
#20 = ADVANCED_FACE ( 'NONE', ( #934 ), #311, .T. ) ;
#21 = CARTESIAN_POINT ( 'NONE',  ( -0.3899999999999997358, -1.300000000000000266, 0.08999999999999999667 ) ) ;
#22 = DIRECTION ( 'NONE',  ( 0.000000000000000000, -0.000000000000000000, 1.000000000000000000 ) ) ;
#23 = ORIENTED_EDGE ( 'NONE', *, *, #1261, .T. ) ;
#24 = DIRECTION ( 'NONE',  ( 1.000000000000000000, 0.000000000000000000, 0.000000000000000000 ) ) ;
#25 = CIRCLE ( 'NONE', #519, 0.1099999999999999589 ) ;
#26 = VERTEX_POINT ( 'NONE', #1399 ) ;
#27 = LINE ( 'NONE', #975, #2018 ) ;
#28 = VECTOR ( 'NONE', #1271, 1000.000000000000000 ) ;
#29 = ORIENTED_EDGE ( 'NONE', *, *, #1454, .T. ) ;
#30 = PLANE ( 'NONE',  #1228 ) ;
#31 = FACE_OUTER_BOUND ( 'NONE', #747, .T. ) ;
#32 = DIRECTION ( 'NONE',  ( -1.000000000000000000, 0.000000000000000000, 0.000000000000000000 ) ) ;
#33 = ORIENTED_EDGE ( 'NONE', *, *, #1882, .T. ) ;
#34 = VECTOR ( 'NONE', #1684, 1000.000000000000000 ) ;
#35 = VERTEX_POINT ( 'NONE', #911 ) ;
#36 = CARTESIAN_POINT ( 'NONE',  ( 1.299999999999999378, 1.500000000000000222, -1.083239024035275182E-15 ) ) ;
#37 = AXIS2_PLACEMENT_3D ( 'NONE', #1328, #1806, #1961 ) ;
#38 = ORIENTED_EDGE ( 'NONE', *, *, #634, .T. ) ;
#39 = EDGE_CURVE ( 'NONE', #402, #35, #606, .T. ) ;
#40 = CIRCLE ( 'NONE', #1542, 0.1100000000000000144 ) ;
#41 = ADVANCED_FACE ( 'NONE', ( #900 ), #2000, .F. ) ;
#42 = CARTESIAN_POINT ( 'NONE',  ( -0.6024412309604532112, -1.500000000000000000, -9.752137927257964772E-16 ) ) ;
#43 = DIRECTION ( 'NONE',  ( 0.000000000000000000, 1.000000000000000000, 0.000000000000000000 ) ) ;
#44 = ORIENTED_EDGE ( 'NONE', *, *, #1649, .F. ) ;
#45 = VECTOR ( 'NONE', #369, 1000.000000000000000 ) ;
#46 = DIRECTION ( 'NONE',  ( -1.837630800822890292E-16, -1.000000000000000000, 0.000000000000000000 ) ) ;
#47 = EDGE_CURVE ( 'NONE', #413, #859, #1863, .T. ) ;
#48 = DIRECTION ( 'NONE',  ( 7.228014483236697048E-17, 1.000000000000000000, 0.000000000000000000 ) ) ;
#49 = ORIENTED_EDGE ( 'NONE', *, *, #67, .T. ) ;
#50 = B_SPLINE_CURVE_WITH_KNOTS ( 'NONE', 3,
 ( #475, #1301, #1105, #1920, #346, #1737 ),
 .UNSPECIFIED., .F., .F.,
 ( 4, 2, 4 ),
 ( 0.000000000000000000, 0.0001281368641731376386, 0.0002562737283462752772 ),
 .UNSPECIFIED. ) ;
#51 = CARTESIAN_POINT ( 'NONE',  ( -0.5200000000000009059, 1.409999999999999920, 0.000000000000000000 ) ) ;
#52 = DIRECTION ( 'NONE',  ( -0.000000000000000000, 0.000000000000000000, 1.000000000000000000 ) ) ;
#53 = VERTEX_POINT ( 'NONE', #1249 ) ;
#54 =( NAMED_UNIT ( * ) SI_UNIT ( $, .STERADIAN. ) SOLID_ANGLE_UNIT ( ) );
#55 = LINE ( 'NONE', #871, #301 ) ;
#56 = VERTEX_POINT ( 'NONE', #1048 ) ;
#57 = EDGE_CURVE ( 'NONE', #127, #1083, #1686, .T. ) ;
#58 = CONICAL_SURFACE ( 'NONE', #294, 0.1100000000000010414, 0.7853981633974485010 ) ;
#59 = LINE ( 'NONE', #813, #1387 ) ;
#60 = LINE ( 'NONE', #1163, #654 ) ;
#61 = ORIENTED_EDGE ( 'NONE', *, *, #1261, .F. ) ;
#62 =( LENGTH_UNIT ( ) NAMED_UNIT ( * ) SI_UNIT ( .MILLI., .METRE. ) );
#63 = AXIS2_PLACEMENT_3D ( 'NONE', #290, #1718, #1985 ) ;
#64 = ORIENTED_EDGE ( 'NONE', *, *, #196, .F. ) ;
#65 = LINE ( 'NONE', #547, #503 ) ;
#66 = DIRECTION ( 'NONE',  ( -0.000000000000000000, -0.000000000000000000, 1.000000000000000000 ) ) ;
#67 = EDGE_CURVE ( 'NONE', #780, #393, #40, .T. ) ;
#68 = VECTOR ( 'NONE', #1346, 1000.000000000000000 ) ;
#69 = ORIENTED_EDGE ( 'NONE', *, *, #822, .F. ) ;
#70 = CARTESIAN_POINT ( 'NONE',  ( -0.5585654064778400318, -1.489945330760819253, -0.01005466923918152400 ) ) ;
#71 = DIRECTION ( 'NONE',  ( 1.000000000000000000, 0.000000000000000000, 0.000000000000000000 ) ) ;
#72 = VECTOR ( 'NONE', #1854, 1000.000000000000000 ) ;
#73 = ORIENTED_EDGE ( 'NONE', *, *, #286, .F. ) ;
#74 = CARTESIAN_POINT ( 'NONE',  ( -1.410000000000000808, 2.038300084272749815E-16, 0.000000000000000000 ) ) ;
#75 = AXIS2_PLACEMENT_3D ( 'NONE', #790, #1416, #820 ) ;
#76 = VERTEX_POINT ( 'NONE', #1721 ) ;
#77 = CARTESIAN_POINT ( 'NONE',  ( 0.5000000000000000000, 1.299999999999999822, 0.000000000000000000 ) ) ;
#78 = DIRECTION ( 'NONE',  ( 0.7071067811865474617, 0.000000000000000000, 0.7071067811865474617 ) ) ;
#79 = EDGE_LOOP ( 'NONE', ( #1991, #925, #1589, #69 ) ) ;
#80 = LINE ( 'NONE', #535, #812 ) ;
#81 = CIRCLE ( 'NONE', #1761, 0.1399999999999999301 ) ;
#82 = VERTEX_POINT ( 'NONE', #1706 ) ;
#83 = CARTESIAN_POINT ( 'NONE',  ( 0.5199999999999992406, -1.409999999999999698, 0.000000000000000000 ) ) ;
#84 = CARTESIAN_POINT ( 'NONE',  ( 0.4099999999999991429, -1.299999999999999822, 0.000000000000000000 ) ) ;
#85 = CARTESIAN_POINT ( 'NONE',  ( 1.299999999999999822, -1.299999999999999822, 1.709999999999999964 ) ) ;
#86 = ORIENTED_EDGE ( 'NONE', *, *, #1496, .F. ) ;
#87 = AXIS2_PLACEMENT_3D ( 'NONE', #827, #46, #973 ) ;
#88 = DIRECTION ( 'NONE',  ( -1.000000000000000000, 0.000000000000000000, 0.000000000000000000 ) ) ;
#89 = CARTESIAN_POINT ( 'NONE',  ( 0.4099999999999994760, 1.500000000000000222, -0.08999999999999999667 ) ) ;
#90 = ORIENTED_EDGE ( 'NONE', *, *, #1776, .T. ) ;
#91 = DIRECTION ( 'NONE',  ( 0.000000000000000000, 0.000000000000000000, -1.000000000000000000 ) ) ;
#92 = DIRECTION ( 'NONE',  ( -7.228014483236697048E-17, -1.000000000000000000, 0.000000000000000000 ) ) ;
#93 = FACE_OUTER_BOUND ( 'NONE', #1728, .T. ) ;
#94 = EDGE_LOOP ( 'NONE', ( #1967, #819, #1004, #1518, #576, #578, #325, #1736 ) ) ;
#95 = CARTESIAN_POINT ( 'NONE',  ( 0.5199999999999995737, 1.300000000000000266, -0.08999999999999999667 ) ) ;
#96 = CIRCLE ( 'NONE', #1841, 0.1100000000000000699 ) ;
#97 = EDGE_CURVE ( 'NONE', #56, #219, #751, .T. ) ;
#98 = DIRECTION ( 'NONE',  ( -1.000000000000000000, 0.000000000000000000, -0.000000000000000000 ) ) ;
#99 = ORIENTED_EDGE ( 'NONE', *, *, #221, .F. ) ;
#100 = LINE ( 'NONE', #869, #614 ) ;
#101 = VECTOR ( 'NONE', #1134, 1000.000000000000000 ) ;
#102 = ORIENTED_EDGE ( 'NONE', *, *, #1046, .T. ) ;
#103 =( LENGTH_UNIT ( ) NAMED_UNIT ( * ) SI_UNIT ( .MILLI., .METRE. ) );
#104 = CARTESIAN_POINT ( 'NONE',  ( -0.5200000000000011280, 1.473639610306790360, -0.02636038969321079575 ) ) ;
#105 = EDGE_CURVE ( 'NONE', #429, #348, #1678, .T. ) ;
#106 = ORIENTED_EDGE ( 'NONE', *, *, #423, .T. ) ;
#107 = DIRECTION ( 'NONE',  ( -0.000000000000000000, 0.000000000000000000, 1.000000000000000000 ) ) ;
#108 = VECTOR ( 'NONE', #315, 1000.000000000000000 ) ;
#109 = CARTESIAN_POINT ( 'NONE',  ( 2.591059429160274671E-16, 1.409999999999999920, 0.000000000000000000 ) ) ;
#110 = FACE_OUTER_BOUND ( 'NONE', #889, .T. ) ;
#111 = DIRECTION ( 'NONE',  ( 1.445602896647339163E-16, -1.000000000000000000, 0.000000000000000000 ) ) ;
#112 = CARTESIAN_POINT ( 'NONE',  ( 0.5000000000000003331, -1.299999999999999600, 0.08999999999999999667 ) ) ;
#113 = CONICAL_SURFACE ( 'NONE', #1037, 0.1399999999999999301, 0.7853981633974476129 ) ;
#114 =( NAMED_UNIT ( * ) SI_UNIT ( $, .STERADIAN. ) SOLID_ANGLE_UNIT ( ) );
#115 = CARTESIAN_POINT ( 'NONE',  ( -1.300000000000000488, 1.300000000000000044, -0.08999999999999999667 ) ) ;
#116 = ORIENTED_EDGE ( 'NONE', *, *, #105, .T. ) ;
#117 = PLANE ( 'NONE',  #1613 ) ;
#118 = ADVANCED_FACE ( 'NONE', ( #153 ), #660, .T. ) ;
#119 = EDGE_CURVE ( 'NONE', #1939, #474, #1880, .T. ) ;
#120 = DIRECTION ( 'NONE',  ( -0.000000000000000000, -0.000000000000000000, 1.000000000000000000 ) ) ;
#121 = AXIS2_PLACEMENT_3D ( 'NONE', #255, #540, #1165 ) ;
#122 = LINE ( 'NONE', #401, #1145 ) ;
#123 = DIRECTION ( 'NONE',  ( 0.000000000000000000, 0.000000000000000000, -1.000000000000000000 ) ) ;
#124 = AXIS2_PLACEMENT_3D ( 'NONE', #1548, #1243, #312 ) ;
#125 = CARTESIAN_POINT ( 'NONE',  ( -1.300000000000000488, 1.410000000000001252, -0.08999999999999999667 ) ) ;
#126 = EDGE_CURVE ( 'NONE', #2017, #879, #1390, .T. ) ;
#127 = VERTEX_POINT ( 'NONE', #1092 ) ;
#128 = DIRECTION ( 'NONE',  ( 0.000000000000000000, 0.000000000000000000, -1.000000000000000000 ) ) ;
#129 = ORIENTED_EDGE ( 'NONE', *, *, #1932, .T. ) ;
#130 = AXIS2_PLACEMENT_3D ( 'NONE', #1597, #43, #200 ) ;
#131 = DIRECTION ( 'NONE',  ( -0.7071067811865477948, 0.000000000000000000, 0.7071067811865473507 ) ) ;
#132 = EDGE_CURVE ( 'NONE', #785, #794, #994, .T. ) ;
#133 = CONICAL_SURFACE ( 'NONE', #1285, 0.1100000000000011524, 0.7853981633974479459 ) ;
#134 = CARTESIAN_POINT ( 'NONE',  ( -1.410000000000001252, -1.299999999999999822, -0.08999999999999999667 ) ) ;
#135 = CYLINDRICAL_SURFACE ( 'NONE', #1717, 0.1100000000000000144 ) ;
#136 = ORIENTED_EDGE ( 'NONE', *, *, #1419, .F. ) ;
#137 = DIRECTION ( 'NONE',  ( -0.000000000000000000, 0.000000000000000000, -1.000000000000000000 ) ) ;
#138 = CLOSED_SHELL ( 'NONE', ( #1050, #1161, #921, #279, #1674, #1781, #19, #1099, #1819, #691 ) ) ;
#139 = ORIENTED_EDGE ( 'NONE', *, *, #154, .F. ) ;
#140 = PLANE ( 'NONE',  #1094 ) ;
#141 = TOROIDAL_SURFACE ( 'NONE', #372, 0.2372792206135796167, 0.08999999999999999667 ) ;
#142 = CARTESIAN_POINT ( 'NONE',  ( 0.5582863177949809463, -1.489827330136394234, -0.01017266986360626860 ) ) ;
#143 = LINE ( 'NONE', #1883, #1453 ) ;
#144 = FACE_OUTER_BOUND ( 'NONE', #1008, .T. ) ;
#145 = EDGE_CURVE ( 'NONE', #1890, #957, #688, .T. ) ;
#146 = CARTESIAN_POINT ( 'NONE',  ( -1.410000000000001030, -1.299999999999999822, 0.000000000000000000 ) ) ;
#147 = VECTOR ( 'NONE', #970, 1000.000000000000114 ) ;
#148 = ORIENTED_EDGE ( 'NONE', *, *, #1733, .T. ) ;
#149 = CARTESIAN_POINT ( 'NONE',  ( 1.299999999999999822, -1.299999999999999822, -1.084202172485504434E-15 ) ) ;
#150 = ORIENTED_EDGE ( 'NONE', *, *, #1581, .T. ) ;
#151 = FACE_OUTER_BOUND ( 'NONE', #280, .T. ) ;
#152 = DIRECTION ( 'NONE',  ( -0.000000000000000000, -0.7071067811865475727, 0.7071067811865475727 ) ) ;
#153 = FACE_OUTER_BOUND ( 'NONE', #1179, .T. ) ;
#154 = EDGE_CURVE ( 'NONE', #1383, #378, #1913, .T. ) ;
#155 = ORIENTED_EDGE ( 'NONE', *, *, #1652, .T. ) ;
#156 = LINE ( 'NONE', #938, #773 ) ;
#157 =( GEOMETRIC_REPRESENTATION_CONTEXT ( 3 ) GLOBAL_UNCERTAINTY_ASSIGNED_CONTEXT ( ( #997 ) ) GLOBAL_UNIT_ASSIGNED_CONTEXT ( ( #333, #795, #518 ) ) REPRESENTATION_CONTEXT ( 'NONE', 'WORKASPACE' ) );
#158 = AXIS2_PLACEMENT_3D ( 'NONE', #1329, #249, #1962 ) ;
#159 = VERTEX_POINT ( 'NONE', #478 ) ;
#160 = LINE ( 'NONE', #365, #1414 ) ;
#161 = EDGE_LOOP ( 'NONE', ( #99, #498, #589, #811 ) ) ;
#162 = DIRECTION ( 'NONE',  ( -0.7071067811865477948, 1.022195611122249918E-16, -0.7071067811865473507 ) ) ;
#163 = VECTOR ( 'NONE', #1315, 1000.000000000000000 ) ;
#164 = APPLICATION_CONTEXT ( 'automotive_design' ) ;
#165 = CARTESIAN_POINT ( 'NONE',  ( 0.000000000000000000, -1.439999999999999725, 1.709999999999999964 ) ) ;
#166 = DIRECTION ( 'NONE',  ( 1.000000000000000000, 0.000000000000000000, 0.000000000000000000 ) ) ;
#167 = ORIENTED_EDGE ( 'NONE', *, *, #964, .F. ) ;
#168 = DIRECTION ( 'NONE',  ( 1.000000000000000000, 0.000000000000000000, 0.000000000000000000 ) ) ;
#169 = CARTESIAN_POINT ( 'NONE',  ( -0.5000000000000000000, 1.299999999999999822, 0.08999999999999999667 ) ) ;
#170 = ORIENTED_EDGE ( 'NONE', *, *, #1531, .T. ) ;
#171 = DIRECTION ( 'NONE',  ( 0.000000000000000000, 0.000000000000000000, -1.000000000000000000 ) ) ;
#172 = EDGE_CURVE ( 'NONE', #859, #1373, #174, .T. ) ;
#173 = EDGE_CURVE ( 'NONE', #1524, #550, #1275, .T. ) ;
#174 = CIRCLE ( 'NONE', #1029, 0.1100000000000000699 ) ;
#175 = EDGE_CURVE ( 'NONE', #995, #82, #1904, .T. ) ;
#176 = ORIENTED_EDGE ( 'NONE', *, *, #580, .F. ) ;
#177 = CARTESIAN_POINT ( 'NONE',  ( 0.5199999999999992406, -1.299999999999999822, -0.08999999999999999667 ) ) ;
#178 = UNCERTAINTY_MEASURE_WITH_UNIT (LENGTH_MEASURE( 1.000000000000000082E-05 ), #62, 'distance_accuracy_value', 'NONE');
#179 = DIRECTION ( 'NONE',  ( 1.000000000000000000, 0.000000000000000000, 0.000000000000000000 ) ) ;
#180 = LINE ( 'NONE', #814, #1282 ) ;
#181 = EDGE_LOOP ( 'NONE', ( #1269, #1578, #316, #1118 ) ) ;
#182 = APPLICATION_PROTOCOL_DEFINITION ( 'draft international standard', 'automotive_design', 1998, #374 ) ;
#183 = ORIENTED_EDGE ( 'NONE', *, *, #172, .F. ) ;
#184 = PLANE ( 'NONE',  #1222 ) ;
#185 = AXIS2_PLACEMENT_3D ( 'NONE', #1304, #1957, #1151 ) ;
#186 = ORIENTED_EDGE ( 'NONE', *, *, #1253, .F. ) ;
#187 = LINE ( 'NONE', #1247, #364 ) ;
#188 = ADVANCED_FACE ( 'NONE', ( #1410 ), #1588, .T. ) ;
#189 = DIRECTION ( 'NONE',  ( -1.000000000000000000, 0.000000000000000000, 0.000000000000000000 ) ) ;
#190 = CARTESIAN_POINT ( 'NONE',  ( -1.300000000000000266, -1.499999999999999778, 1.649999999999999689 ) ) ;
#191 = ORIENTED_EDGE ( 'NONE', *, *, #1800, .F. ) ;
#192 = CARTESIAN_POINT ( 'NONE',  ( 1.299999999999999822, -1.299999999999999822, 1.649999999999999689 ) ) ;
#193 = VECTOR ( 'NONE', #1951, 1000.000000000000000 ) ;
#194 = ORIENTED_EDGE ( 'NONE', *, *, #852, .F. ) ;
#195 = LINE ( 'NONE', #1256, #1755 ) ;
#196 = EDGE_CURVE ( 'NONE', #305, #159, #1297, .T. ) ;
#197 = EDGE_LOOP ( 'NONE', ( #1791, #1886, #1624, #296, #167 ) ) ;
#198 = UNCERTAINTY_MEASURE_WITH_UNIT (LENGTH_MEASURE( 1.000000000000000082E-05 ), #103, 'distance_accuracy_value', 'NONE');
#199 = DIRECTION ( 'NONE',  ( -0.000000000000000000, -0.000000000000000000, 1.000000000000000000 ) ) ;
#200 = DIRECTION ( 'NONE',  ( 0.000000000000000000, -0.000000000000000000, 1.000000000000000000 ) ) ;
#201 = ADVANCED_FACE ( 'NONE', ( #1431 ), #1895, .F. ) ;
#202 = ORIENTED_EDGE ( 'NONE', *, *, #553, .T. ) ;
#203 = LINE ( 'NONE', #818, #737 ) ;
#204 = CARTESIAN_POINT ( 'NONE',  ( -0.4100000000000000866, 2.963485938127046480E-17, -0.08999999999999999667 ) ) ;
#205 = ORIENTED_EDGE ( 'NONE', *, *, #175, .F. ) ;
#206 = AXIS2_PLACEMENT_3D ( 'NONE', #443, #1232, #111 ) ;
#207 = DIRECTION ( 'NONE',  ( -7.228014483236697048E-17, -1.000000000000000000, 0.000000000000000000 ) ) ;
#208 = CYLINDRICAL_SURFACE ( 'NONE', #588, 0.2000000000000000944 ) ;
#209 = EDGE_LOOP ( 'NONE', ( #1106, #1664, #1919, #332 ) ) ;
#210 = VECTOR ( 'NONE', #897, 1000.000000000000000 ) ;
#211 = PLANE ( 'NONE',  #87 ) ;
#212 = EDGE_CURVE ( 'NONE', #26, #1796, #1057, .T. ) ;
#213 = EDGE_LOOP ( 'NONE', ( #1072, #1573, #410, #1313 ) ) ;
#214 = LINE ( 'NONE', #387, #1677 ) ;
#215 = EDGE_LOOP ( 'NONE', ( #903, #1584, #695, #355, #539, #1427, #1385, #1375 ) ) ;
#216 = AXIS2_PLACEMENT_3D ( 'NONE', #1108, #955, #1420 ) ;
#217 = LINE ( 'NONE', #1472, #444 ) ;
#218 = CARTESIAN_POINT ( 'NONE',  ( -0.5000000000000000000, 1.299999999999999822, 0.08999999999999999667 ) ) ;
#219 = VERTEX_POINT ( 'NONE', #1289 ) ;
#220 = PRESENTATION_STYLE_ASSIGNMENT (( #982 ) ) ;
#221 = EDGE_CURVE ( 'NONE', #1687, #1936, #1849, .T. ) ;
#222 = EDGE_CURVE ( 'NONE', #1936, #474, #1565, .T. ) ;
#223 = ORIENTED_EDGE ( 'NONE', *, *, #97, .F. ) ;
#224 = CARTESIAN_POINT ( 'NONE',  ( -0.5626291837336109269, 1.499999999999999778, -0.008074894734483490516 ) ) ;
#225 = DIRECTION ( 'NONE',  ( 0.000000000000000000, 0.7071067811865474617, -0.7071067811865476838 ) ) ;
#226 = ORIENTED_EDGE ( 'NONE', *, *, #893, .T. ) ;
#227 = CIRCLE ( 'NONE', #124, 0.2372792206135796722 ) ;
#228 = LINE ( 'NONE', #1296, #1657 ) ;
#229 = DIRECTION ( 'NONE',  ( -0.000000000000000000, 0.000000000000000000, 1.000000000000000000 ) ) ;
#230 = ORIENTED_EDGE ( 'NONE', *, *, #368, .T. ) ;
#231 = FACE_OUTER_BOUND ( 'NONE', #1087, .T. ) ;
#232 = VECTOR ( 'NONE', #22, 1000.000000000000000 ) ;
#233 =( REPRESENTATION_RELATIONSHIP ('NONE','NONE', #1802, #1949 ) REPRESENTATION_RELATIONSHIP_WITH_TRANSFORMATION ( #638 )SHAPE_REPRESENTATION_RELATIONSHIP( ) );
#234 = ORIENTED_EDGE ( 'NONE', *, *, #1551, .F. ) ;
#235 =( NAMED_UNIT ( * ) PLANE_ANGLE_UNIT ( ) SI_UNIT ( $, .RADIAN. ) );
#236 = LINE ( 'NONE', #697, #808 ) ;
#237 = AXIS2_PLACEMENT_3D ( 'NONE', #1750, #377, #1397 ) ;
#238 = ORIENTED_EDGE ( 'NONE', *, *, #1906, .T. ) ;
#239 = EDGE_CURVE ( 'NONE', #9, #1697, #958, .T. ) ;
#240 = EDGE_CURVE ( 'NONE', #867, #1599, #1924, .T. ) ;
#241 = DIRECTION ( 'NONE',  ( -1.000000000000000000, 0.000000000000000000, 0.000000000000000000 ) ) ;
#242 = CARTESIAN_POINT ( 'NONE',  ( -0.5000000000000000000, 1.299999999999999822, 0.000000000000000000 ) ) ;
#243 = AXIS2_PLACEMENT_3D ( 'NONE', #743, #763, #1545 ) ;
#244 = EDGE_LOOP ( 'NONE', ( #698, #148, #176, #267 ) ) ;
#245 = CARTESIAN_POINT ( 'NONE',  ( 0.5000000000000000000, 1.409999999999999698, 0.08999999999999999667 ) ) ;
#246 = AXIS2_PLACEMENT_3D ( 'NONE', #204, #1447, #48 ) ;
#247 = EDGE_LOOP ( 'NONE', ( #64, #1754, #916, #1916 ) ) ;
#248 = CARTESIAN_POINT ( 'NONE',  ( 0.2827207793864196517, -4.087019776234016261E-17, 0.000000000000000000 ) ) ;
#249 = DIRECTION ( 'NONE',  ( 0.000000000000000000, -0.000000000000000000, -1.000000000000000000 ) ) ;
#250 = ORIENTED_EDGE ( 'NONE', *, *, #1652, .F. ) ;
#251 = FACE_OUTER_BOUND ( 'NONE', #94, .T. ) ;
#252 = AXIS2_PLACEMENT_3D ( 'NONE', #1458, #669, #655 ) ;
#253 = CARTESIAN_POINT ( 'NONE',  ( 1.499999999999999334, 1.300000000000000266, -1.097754699641573239E-15 ) ) ;
#254 = ORIENTED_EDGE ( 'NONE', *, *, #1800, .T. ) ;
#255 = CARTESIAN_POINT ( 'NONE',  ( -1.500000000000000222, -1.499999999999999778, 1.709999999999999964 ) ) ;
#256 = ORIENTED_EDGE ( 'NONE', *, *, #317, .F. ) ;
#257 = CARTESIAN_POINT ( 'NONE',  ( 1.299999999999999378, 1.300000000000000266, -0.09000000000000002442 ) ) ;
#258 = ORIENTED_EDGE ( 'NONE', *, *, #1532, .T. ) ;
#259 = ADVANCED_FACE ( 'NONE', ( #804 ), #208, .T. ) ;
#260 = AXIS2_PLACEMENT_3D ( 'NONE', #847, #91, #713 ) ;
#261 = DIRECTION ( 'NONE',  ( 1.000000000000000000, 0.000000000000000000, 0.000000000000000000 ) ) ;
#262 = VECTOR ( 'NONE', #1709, 1000.000000000000000 ) ;
#263 = CARTESIAN_POINT ( 'NONE',  ( 0.6024412309604513238, 1.500000000000000444, -9.752137927257964772E-16 ) ) ;
#264 = EDGE_LOOP ( 'NONE', ( #1017, #445, #417, #1377 ) ) ;
#265 = DIRECTION ( 'NONE',  ( -1.000000000000000000, 0.000000000000000000, 0.000000000000000000 ) ) ;
#266 = EDGE_CURVE ( 'NONE', #1335, #1550, #1441, .T. ) ;
#267 = ORIENTED_EDGE ( 'NONE', *, *, #1012, .T. ) ;
#268 = CARTESIAN_POINT ( 'NONE',  ( -0.5200000000000012390, -1.299999999999999822, -0.08999999999999999667 ) ) ;
#269 = AXIS2_PLACEMENT_3D ( 'NONE', #95, #680, #1780 ) ;
#270 = ORIENTED_EDGE ( 'NONE', *, *, #385, .T. ) ;
#271 = CIRCLE ( 'NONE', #529, 0.1099999999999999589 ) ;
#272 = CARTESIAN_POINT ( 'NONE',  ( 0.5199999999999991296, -1.473639610306789915, -0.02636038969321077841 ) ) ;
#273 = DIRECTION ( 'NONE',  ( 1.000000000000000000, 0.000000000000000000, 0.000000000000000000 ) ) ;
#274 = DIRECTION ( 'NONE',  ( -0.000000000000000000, 0.000000000000000000, 1.000000000000000000 ) ) ;
#275 = PLANE ( 'NONE',  #873 ) ;
#276 = FILL_AREA_STYLE ('',( #1391 ) ) ;
#277 = FACE_OUTER_BOUND ( 'NONE', #1804, .T. ) ;
#278 = EDGE_CURVE ( 'NONE', #439, #1278, #1451, .T. ) ;
#279 = ADVANCED_FACE ( 'NONE', ( #1577 ), #351, .F. ) ;
#280 = EDGE_LOOP ( 'NONE', ( #732, #389, #205, #637, #1366 ) ) ;
#281 = CARTESIAN_POINT ( 'NONE',  ( -0.5000000000000000000, 1.409999999999999698, 0.000000000000000000 ) ) ;
#282 = CIRCLE ( 'NONE', #858, 0.1099999999999999589 ) ;
#283 = PLANE ( 'NONE',  #328 ) ;
#284 = DIRECTION ( 'NONE',  ( 1.000000000000000000, -1.445602896647339656E-16, 0.000000000000000000 ) ) ;
#285 = DIRECTION ( 'NONE',  ( -0.000000000000000000, 0.000000000000000000, 1.000000000000000000 ) ) ;
#286 = EDGE_CURVE ( 'NONE', #1461, #56, #180, .T. ) ;
#287 = LINE ( 'NONE', #125, #1146 ) ;
#288 = ORIENTED_EDGE ( 'NONE', *, *, #877, .F. ) ;
#289 = CARTESIAN_POINT ( 'NONE',  ( 0.5199999999999994627, 1.300000000000000266, -0.08999999999999999667 ) ) ;
#290 = CARTESIAN_POINT ( 'NONE',  ( 1.299999999999998934, -1.299999999999999378, 0.000000000000000000 ) ) ;
#291 = VECTOR ( 'NONE', #1988, 1000.000000000000000 ) ;
#292 = CARTESIAN_POINT ( 'NONE',  ( -1.300000000000000488, 1.440000000000000169, 1.709999999999999964 ) ) ;
#293 = LINE ( 'NONE', #1514, #1645 ) ;
#294 = AXIS2_PLACEMENT_3D ( 'NONE', #1635, #1205, #1347 ) ;
#295 = DIRECTION ( 'NONE',  ( -1.153406566473941260E-16, 1.000000000000000000, 0.000000000000000000 ) ) ;
#296 = ORIENTED_EDGE ( 'NONE', *, *, #715, .F. ) ;
#297 = FACE_OUTER_BOUND ( 'NONE', #1320, .T. ) ;
#298 = LINE ( 'NONE', #109, #34 ) ;
#299 = PRODUCT_RELATED_PRODUCT_CATEGORY ( 'part', '', ( #1298 ) ) ;
#300 = CARTESIAN_POINT ( 'NONE',  ( -0.5200000000000013500, -1.299999999999999822, -0.09000000000000002442 ) ) ;
#302 = CARTESIAN_POINT ( 'NONE',  ( 1.299999999999999822, -1.299999999999999822, 1.709999999999999964 ) ) ;
#301 = VECTOR ( 'NONE', #92, 1000.000000000000000 ) ;
#303 = CARTESIAN_POINT ( 'NONE',  ( 0.3900000000000000688, 1.409999999999999698, 0.000000000000000000 ) ) ;
#304 = AXIS2_PLACEMENT_3D ( 'NONE', #330, #1110, #945 ) ;
#305 = VERTEX_POINT ( 'NONE', #1935 ) ;
#306 = DIRECTION ( 'NONE',  ( 0.000000000000000000, -0.7071067811865474617, -0.7071067811865474617 ) ) ;
#307 = AXIS2_PLACEMENT_3D ( 'NONE', #1270, #1900, #631 ) ;
#308 = CARTESIAN_POINT ( 'NONE',  ( 1.299999999999999378, 1.300000000000000266, 0.000000000000000000 ) ) ;
#309 = ADVANCED_FACE ( 'NONE', ( #251 ), #400, .F. ) ;
#310 = PLANE ( 'NONE',  #1358 ) ;
#311 = PLANE ( 'NONE',  #206 ) ;
#312 = DIRECTION ( 'NONE',  ( 1.000000000000000000, 0.000000000000000000, 0.000000000000000000 ) ) ;
#313 = AXIS2_PLACEMENT_3D ( 'NONE', #719, #1695, #273 ) ;
#314 = VERTEX_POINT ( 'NONE', #562 ) ;
#315 = DIRECTION ( 'NONE',  ( -1.000000000000000000, -0.000000000000000000, -0.000000000000000000 ) ) ;
#316 = ORIENTED_EDGE ( 'NONE', *, *, #1471, .F. ) ;
#317 = EDGE_CURVE ( 'NONE', #76, #1796, #1707, .T. ) ;
#318 = FACE_OUTER_BOUND ( 'NONE', #561, .T. ) ;
#319 = DIRECTION ( 'NONE',  ( 0.000000000000000000, -0.000000000000000000, -1.000000000000000000 ) ) ;
#320 = CARTESIAN_POINT ( 'NONE',  ( 0.4099999999999994760, 1.500000000000000222, -0.08999999999999999667 ) ) ;
#321 = EDGE_CURVE ( 'NONE', #1493, #1936, #80, .T. ) ;
#322 = DIRECTION ( 'NONE',  ( 0.000000000000000000, -0.000000000000000000, -1.000000000000000000 ) ) ;
#323 = ADVANCED_FACE ( 'NONE', ( #1152 ), #526, .F. ) ;
#324 = VECTOR ( 'NONE', #1035, 1000.000000000000000 ) ;
#325 = ORIENTED_EDGE ( 'NONE', *, *, #2011, .T. ) ;
#326 = DIRECTION ( 'NONE',  ( -1.445602896647339410E-16, -1.000000000000000000, 0.000000000000000000 ) ) ;
#327 = CARTESIAN_POINT ( 'NONE',  ( -1.300000000000000711, -1.299999999999999822, 0.000000000000000000 ) ) ;
#328 = AXIS2_PLACEMENT_3D ( 'NONE', #2007, #898, #1521 ) ;
#329 = PLANE ( 'NONE',  #1824 ) ;
#330 = CARTESIAN_POINT ( 'NONE',  ( -1.300000000000000711, -1.299999999999999822, -0.08999999999999999667 ) ) ;
#331 =( GEOMETRIC_REPRESENTATION_CONTEXT ( 3 ) GLOBAL_UNCERTAINTY_ASSIGNED_CONTEXT ( ( #198 ) ) GLOBAL_UNIT_ASSIGNED_CONTEXT ( ( #103, #586, #1084 ) ) REPRESENTATION_CONTEXT ( 'NONE', 'WORKASPACE' ) );
#332 = ORIENTED_EDGE ( 'NONE', *, *, #581, .T. ) ;
#333 =( LENGTH_UNIT ( ) NAMED_UNIT ( * ) SI_UNIT ( .MILLI., .METRE. ) );
#334 = ORIENTED_EDGE ( 'NONE', *, *, #126, .F. ) ;
#335 = DIRECTION ( 'NONE',  ( 1.000000000000000000, 0.000000000000000000, 0.000000000000000000 ) ) ;
#336 = ADVANCED_FACE ( 'NONE', ( #1331 ), #1567, .T. ) ;
#337 = ADVANCED_FACE ( 'NONE', ( #1965 ), #552, .F. ) ;
#338 = CARTESIAN_POINT ( 'NONE',  ( -1.300000000000000488, 1.500000000000000222, 1.709999999999999964 ) ) ;
#339 = VECTOR ( 'NONE', #650, 1000.000000000000000 ) ;
#340 = DIRECTION ( 'NONE',  ( -0.7071067811865473507, 0.000000000000000000, 0.7071067811865477948 ) ) ;
#341 = DIRECTION ( 'NONE',  ( 1.000000000000000000, -1.445602896647339656E-16, 0.000000000000000000 ) ) ;
#342 = VERTEX_POINT ( 'NONE', #242 ) ;
#343 = CONTEXT_DEPENDENT_SHAPE_REPRESENTATION ( #1560, #1117 ) ;
#344 = FACE_OUTER_BOUND ( 'NONE', #181, .T. ) ;
#345 = ADVANCED_FACE ( 'NONE', ( #370 ), #1975, .T. ) ;
#346 = CARTESIAN_POINT ( 'NONE',  ( 0.4349598108994732204, 1.500000000000000444, 4.658681209898651095E-18 ) ) ;
#347 = AXIS2_PLACEMENT_3D ( 'NONE', #1842, #1534, #2008 ) ;
#348 = VERTEX_POINT ( 'NONE', #1799 ) ;
#349 = EDGE_CURVE ( 'NONE', #1973, #1095, #412, .T. ) ;
#350 = LINE ( 'NONE', #1640, #699 ) ;
#351 = PLANE ( 'NONE',  #130 ) ;
#352 = VERTEX_POINT ( 'NONE', #1491 ) ;
#353 = APPLICATION_PROTOCOL_DEFINITION ( 'draft international standard', 'automotive_design', 1998, #164 ) ;
#354 = VECTOR ( 'NONE', #694, 1000.000000000000000 ) ;
#355 = ORIENTED_EDGE ( 'NONE', *, *, #1003, .T. ) ;
#356 = DIRECTION ( 'NONE',  ( 0.000000000000000000, -0.000000000000000000, -1.000000000000000000 ) ) ;
#357 = ORIENTED_EDGE ( 'NONE', *, *, #1303, .T. ) ;
#358 = CARTESIAN_POINT ( 'NONE',  ( 0.5199999999999992406, -1.409999999999999698, -0.08999999999999999667 ) ) ;
#359 = DIRECTION ( 'NONE',  ( -1.000000000000000000, 0.000000000000000000, 0.000000000000000000 ) ) ;
#360 = PRODUCT_RELATED_PRODUCT_CATEGORY ( 'part', '', ( #509 ) ) ;
#361 = ORIENTED_EDGE ( 'NONE', *, *, #1690, .T. ) ;
#362 = LINE ( 'NONE', #1772, #418 ) ;
#363 = ORIENTED_EDGE ( 'NONE', *, *, #1340, .T. ) ;
#364 = VECTOR ( 'NONE', #1107, 1000.000000000000000 ) ;
#365 = CARTESIAN_POINT ( 'NONE',  ( 1.409999999999999254, 1.500000000000000222, 0.000000000000000000 ) ) ;
#366 = ORIENTED_EDGE ( 'NONE', *, *, #239, .F. ) ;
#367 = EDGE_CURVE ( 'NONE', #219, #1335, #681, .T. ) ;
#368 = EDGE_CURVE ( 'NONE', #1599, #474, #1945, .T. ) ;
#369 = DIRECTION ( 'NONE',  ( -0.000000000000000000, -0.000000000000000000, -1.000000000000000000 ) ) ;
#370 = FACE_OUTER_BOUND ( 'NONE', #1899, .T. ) ;
#371 = ORIENTED_EDGE ( 'NONE', *, *, #1496, .T. ) ;
#372 = AXIS2_PLACEMENT_3D ( 'NONE', #289, #107, #728 ) ;
#373 = FILL_AREA_STYLE ('',( #1423 ) ) ;
#374 = APPLICATION_CONTEXT ( 'automotive_design' ) ;
#375 = ORIENTED_EDGE ( 'NONE', *, *, #434, .F. ) ;
#376 = CARTESIAN_POINT ( 'NONE',  ( -0.6024333804600633391, 1.500000000000000444, -9.751948782156243263E-16 ) ) ;
#377 = DIRECTION ( 'NONE',  ( 0.000000000000000000, 0.000000000000000000, -1.000000000000000000 ) ) ;
#378 = VERTEX_POINT ( 'NONE', #710 ) ;
#379 = CIRCLE ( 'NONE', #512, 0.1099999999999999589 ) ;
#380 = DIRECTION ( 'NONE',  ( 1.445602896647339410E-16, 1.000000000000000000, 0.000000000000000000 ) ) ;
#381 = CARTESIAN_POINT ( 'NONE',  ( 1.499999999999999778, -1.299999999999999822, 1.649999999999999689 ) ) ;
#382 = ORIENTED_EDGE ( 'NONE', *, *, #411, .F. ) ;
#383 = DIRECTION ( 'NONE',  ( -0.000000000000000000, 0.000000000000000000, -1.000000000000000000 ) ) ;
#384 = ADVANCED_FACE ( 'NONE', ( #843 ), #428, .F. ) ;
#385 = EDGE_CURVE ( 'NONE', #931, #1687, #876, .T. ) ;
#386 = EDGE_LOOP ( 'NONE', ( #919, #150, #448, #1415 ) ) ;
#387 = CARTESIAN_POINT ( 'NONE',  ( 1.299999999999999378, 1.500000000000000222, 1.649999999999999689 ) ) ;
#388 = CARTESIAN_POINT ( 'NONE',  ( -2.591059429160274177E-16, -1.409999999999999920, 0.000000000000000000 ) ) ;
#389 = ORIENTED_EDGE ( 'NONE', *, *, #1236, .T. ) ;
#390 = COLOUR_RGB ( '',0.2509803921568627416, 0.2509803921568627416, 0.2509803921568627416 ) ;
#391 = CARTESIAN_POINT ( 'NONE',  ( 1.299999999999999378, 1.300000000000000266, 1.709999999999999964 ) ) ;
#392 = LINE ( 'NONE', #613, #1809 ) ;
#393 = VERTEX_POINT ( 'NONE', #218 ) ;
#394 = FACE_OUTER_BOUND ( 'NONE', #1646, .T. ) ;
#395 = AXIS2_PLACEMENT_3D ( 'NONE', #1180, #1459, #1000 ) ;
#396 = FACE_OUTER_BOUND ( 'NONE', #1381, .T. ) ;
#397 = CARTESIAN_POINT ( 'NONE',  ( -1.410000000000001474, -2.038300084272750308E-16, -0.08999999999999999667 ) ) ;
#398 = AXIS2_PLACEMENT_3D ( 'NONE', #531, #1336, #1815 ) ;
#399 = EDGE_LOOP ( 'NONE', ( #129, #991, #1888, #2004 ) ) ;
#400 = PLANE ( 'NONE',  #1938 ) ;
#401 = CARTESIAN_POINT ( 'NONE',  ( 1.499999999999999778, -1.299999999999999822, -1.083239024035275182E-15 ) ) ;
#402 = VERTEX_POINT ( 'NONE', #1339 ) ;
#403 = DIRECTION ( 'NONE',  ( -0.000000000000000000, 0.000000000000000000, -1.000000000000000000 ) ) ;
#404 = EDGE_CURVE ( 'NONE', #1936, #1907, #60, .T. ) ;
#405 = CIRCLE ( 'NONE', #75, 0.1736396103067903984 ) ;
#406 = VERTEX_POINT ( 'NONE', #1473 ) ;
#407 = CARTESIAN_POINT ( 'NONE',  ( -0.4775551456708521658, 1.500000000000000444, -0.008092736116425264942 ) ) ;
#408 = CARTESIAN_POINT ( 'NONE',  ( 0.4775551456708501119, -1.500000000000000000, -0.008092736116425244125 ) ) ;
#409 = EDGE_CURVE ( 'NONE', #517, #859, #690, .T. ) ;
#410 = ORIENTED_EDGE ( 'NONE', *, *, #1997, .T. ) ;
#411 = EDGE_CURVE ( 'NONE', #980, #1489, #392, .T. ) ;
#412 = LINE ( 'NONE', #381, #1773 ) ;
#413 = VERTEX_POINT ( 'NONE', #1047 ) ;
#414 = CARTESIAN_POINT ( 'NONE',  ( -0.2827207793864217611, -1.299999999999999600, -0.08999999999999999667 ) ) ;
#415 = VERTEX_POINT ( 'NONE', #1703 ) ;
#416 = FACE_OUTER_BOUND ( 'NONE', #1787, .T. ) ;
#417 = ORIENTED_EDGE ( 'NONE', *, *, #1532, .F. ) ;
#418 = VECTOR ( 'NONE', #1308, 1000.000000000000000 ) ;
#419 = DIRECTION ( 'NONE',  ( 0.000000000000000000, -0.000000000000000000, -1.000000000000000000 ) ) ;
#420 = AXIS2_PLACEMENT_3D ( 'NONE', #629, #765, #462 ) ;
#421 = DIRECTION ( 'NONE',  ( 0.000000000000000000, -0.000000000000000000, -1.000000000000000000 ) ) ;
#422 = FACE_OUTER_BOUND ( 'NONE', #1969, .T. ) ;
#423 = EDGE_CURVE ( 'NONE', #785, #980, #845, .T. ) ;
#424 = CARTESIAN_POINT ( 'NONE',  ( -0.3899999999999997358, -1.300000000000000266, 0.08999999999999999667 ) ) ;
#425 = ORIENTED_EDGE ( 'NONE', *, *, #490, .F. ) ;
#426 = SURFACE_STYLE_USAGE ( .BOTH. , #1204 ) ;
#427 = DIRECTION ( 'NONE',  ( 1.445602896647339163E-16, -1.000000000000000000, 0.000000000000000000 ) ) ;
#428 = TOROIDAL_SURFACE ( 'NONE', #746, 0.2372792206135796722, 0.08999999999999999667 ) ;
#429 = VERTEX_POINT ( 'NONE', #1829 ) ;
#430 = DIRECTION ( 'NONE',  ( 1.000000000000000000, 0.000000000000000000, 0.000000000000000000 ) ) ;
#431 = AXIS2_PLACEMENT_3D ( 'NONE', #1417, #225, #1740 ) ;
#432 = CIRCLE ( 'NONE', #1184, 0.2372792206135796167 ) ;
#433 = CARTESIAN_POINT ( 'NONE',  ( 1.439999999999999281, 1.300000000000000266, 1.709999999999999964 ) ) ;
#434 = EDGE_CURVE ( 'NONE', #1373, #550, #1080, .T. ) ;
#435 = CARTESIAN_POINT ( 'NONE',  ( 0.3463603896932090365, 1.300000000000000266, -0.02636038969321065351 ) ) ;
#436 = ORIENTED_EDGE ( 'NONE', *, *, #854, .T. ) ;
#437 = VECTOR ( 'NONE', #516, 1000.000000000000000 ) ;
#438 = FACE_OUTER_BOUND ( 'NONE', #386, .T. ) ;
#439 = VERTEX_POINT ( 'NONE', #907 ) ;
#440 = LINE ( 'NONE', #281, #1885 ) ;
#441 = CARTESIAN_POINT ( 'NONE',  ( 1.299999999999999378, 1.300000000000000266, 1.649999999999999689 ) ) ;
#442 = DIRECTION ( 'NONE',  ( 1.000000000000000000, 0.000000000000000000, 0.000000000000000000 ) ) ;
#443 = CARTESIAN_POINT ( 'NONE',  ( 1.439999999999999503, 2.081668171172167527E-16, 1.709999999999999964 ) ) ;
#444 = VECTOR ( 'NONE', #1143, 1000.000000000000000 ) ;
#445 = ORIENTED_EDGE ( 'NONE', *, *, #1111, .T. ) ;
#446 = DIRECTION ( 'NONE',  ( 1.000000000000000000, 0.000000000000000000, 0.000000000000000000 ) ) ;
#447 = EDGE_CURVE ( 'NONE', #1461, #26, #832, .T. ) ;
#448 = ORIENTED_EDGE ( 'NONE', *, *, #1622, .F. ) ;
#449 = DIRECTION ( 'NONE',  ( -0.000000000000000000, 0.000000000000000000, 1.000000000000000000 ) ) ;
#450 = ORIENTED_EDGE ( 'NONE', *, *, #915, .F. ) ;
#451 = DIRECTION ( 'NONE',  ( 1.000000000000000000, 0.000000000000000000, 0.000000000000000000 ) ) ;
#452 = CIRCLE ( 'NONE', #2036, 0.1099999999999999589 ) ;
#453 = LINE ( 'NONE', #1273, #730 ) ;
#454 = CARTESIAN_POINT ( 'NONE',  ( -0.3900000000000000688, 1.299999999999999822, 0.08999999999999999667 ) ) ;
#455 = CARTESIAN_POINT ( 'NONE',  ( 0.3923229521997477209, 1.500000000000000222, 0.000000000000000000 ) ) ;
#456 = ORIENTED_EDGE ( 'NONE', *, *, #1324, .T. ) ;
#457 = FACE_OUTER_BOUND ( 'NONE', #1299, .T. ) ;
#458 = CARTESIAN_POINT ( 'NONE',  ( 0.2827207793864198182, 1.300000000000000266, 0.000000000000000000 ) ) ;
#459 = CARTESIAN_POINT ( 'NONE',  ( 0.000000000000000000, 0.000000000000000000, 0.000000000000000000 ) ) ;
#460 = DIRECTION ( 'NONE',  ( -0.7071067811865474617, 0.000000000000000000, -0.7071067811865474617 ) ) ;
#461 = EDGE_LOOP ( 'NONE', ( #230, #1812, #1404, #623, #1457, #1283, #1079, #1234 ) ) ;
#462 = DIRECTION ( 'NONE',  ( 1.000000000000000000, 0.000000000000000000, 0.000000000000000000 ) ) ;
#463 = EDGE_CURVE ( 'NONE', #821, #429, #914, .T. ) ;
#464 = VERTEX_POINT ( 'NONE', #1533 ) ;
#465 = DIRECTION ( 'NONE',  ( 0.000000000000000000, 0.000000000000000000, 1.000000000000000000 ) ) ;
#466 = VECTOR ( 'NONE', #1748, 1000.000000000000000 ) ;
#467 = DIRECTION ( 'NONE',  ( -1.000000000000000000, 0.000000000000000000, 0.000000000000000000 ) ) ;
#468 = EDGE_CURVE ( 'NONE', #886, #1569, #298, .T. ) ;
#469 = DIRECTION ( 'NONE',  ( 1.000000000000000000, 0.000000000000000000, 0.000000000000000000 ) ) ;
#470 = CARTESIAN_POINT ( 'NONE',  ( 0.5199999999999994627, 1.500000000000000222, -1.084202172485504434E-15 ) ) ;
#471 = APPLICATION_PROTOCOL_DEFINITION ( 'draft international standard', 'automotive_design', 1998, #2033 ) ;
#472 = CARTESIAN_POINT ( 'NONE',  ( -0.5624448543291511449, -1.500000000000000000, -0.008092736116425140042 ) ) ;
#473 = CIRCLE ( 'NONE', #1197, 0.1736396103067903984 ) ;
#474 = VERTEX_POINT ( 'NONE', #920 ) ;
#475 = CARTESIAN_POINT ( 'NONE',  ( 0.6476770478002518150, 1.500000000000000222, -1.084202172485504434E-15 ) ) ;
#476 = PLANE ( 'NONE',  #1976 ) ;
#477 = PLANE ( 'NONE',  #216 ) ;
#478 = CARTESIAN_POINT ( 'NONE',  ( -0.4100000000000012523, -1.299999999999999822, -0.08999999999999999667 ) ) ;
#479 = EDGE_CURVE ( 'NONE', #378, #780, #1553, .T. ) ;
#480 = ADVANCED_FACE ( 'NONE', ( #1379 ), #1360, .F. ) ;
#481 = ORIENTED_EDGE ( 'NONE', *, *, #1946, .T. ) ;
#482 =( NAMED_UNIT ( * ) SI_UNIT ( $, .STERADIAN. ) SOLID_ANGLE_UNIT ( ) );
#483 = DIRECTION ( 'NONE',  ( 0.000000000000000000, -0.000000000000000000, -1.000000000000000000 ) ) ;
#484 = STYLED_ITEM ( 'NONE', ( #220 ), #968 ) ;
#485 = VERTEX_POINT ( 'NONE', #458 ) ;
#486 = CARTESIAN_POINT ( 'NONE',  ( -1.300000000000000488, 1.440000000000000169, 1.709999999999999964 ) ) ;
#487 = PRODUCT_DEFINITION_SHAPE ( 'NONE', 'NONE',  #1665 ) ;
#488 = DIRECTION ( 'NONE',  ( 0.000000000000000000, 0.000000000000000000, 1.000000000000000000 ) ) ;
#489 = VECTOR ( 'NONE', #793, 1000.000000000000000 ) ;
#490 = EDGE_CURVE ( 'NONE', #429, #882, #1694, .T. ) ;
#491 = CARTESIAN_POINT ( 'NONE',  ( 1.299999999999999378, 1.410000000000000142, -0.08999999999999999667 ) ) ;
#492 = DIRECTION ( 'NONE',  ( -0.7071067811865472397, 0.000000000000000000, -0.7071067811865479058 ) ) ;
#493 = VECTOR ( 'NONE', #1626, 1000.000000000000000 ) ;
#494 = EDGE_LOOP ( 'NONE', ( #357, #1242, #1021, #948, #863, #38, #1353, #1203 ) ) ;
#495 = APPLICATION_PROTOCOL_DEFINITION ( 'draft international standard', 'automotive_design', 1998, #1925 ) ;
#496 = LINE ( 'NONE', #1918, #1797 ) ;
#497 = EDGE_CURVE ( 'NONE', #1550, #127, #1181, .T. ) ;
#498 = ORIENTED_EDGE ( 'NONE', *, *, #385, .F. ) ;
#499 = PLANE ( 'NONE',  #1294 ) ;
#500 = VECTOR ( 'NONE', #1070, 999.9999999999998863 ) ;
#501 = ORIENTED_EDGE ( 'NONE', *, *, #349, .T. ) ;
#502 = UNCERTAINTY_MEASURE_WITH_UNIT (LENGTH_MEASURE( 1.000000000000000082E-05 ), #1680, 'distance_accuracy_value', 'NONE');
#503 = VECTOR ( 'NONE', #1318, 1000.000000000000000 ) ;
#504 = FACE_OUTER_BOUND ( 'NONE', #1714, .T. ) ;
#505 = DIRECTION ( 'NONE',  ( -1.000000000000000000, 0.000000000000000000, 0.000000000000000000 ) ) ;
#506 = ORIENTED_EDGE ( 'NONE', *, *, #1598, .T. ) ;
#507 = DIRECTION ( 'NONE',  ( 0.000000000000000000, 0.000000000000000000, 1.000000000000000000 ) ) ;
#508 = SURFACE_STYLE_USAGE ( .BOTH. , #1619 ) ;
#509 = PRODUCT ( 'pin_\X2\9ed88ba4\X0\', 'pin_\X2\9ed88ba4\X0\', '', ( #959 ) ) ;
#510 = VERTEX_POINT ( 'NONE', #749 ) ;
#511 = PLANE ( 'NONE',  #246 ) ;
#512 = AXIS2_PLACEMENT_3D ( 'NONE', #1720, #319, #179 ) ;
#513 = ORIENTED_EDGE ( 'NONE', *, *, #947, .T. ) ;
#514 = EDGE_CURVE ( 'NONE', #550, #517, #1743, .T. ) ;
#515 = DIRECTION ( 'NONE',  ( -7.228014483236697048E-17, -1.000000000000000000, 0.000000000000000000 ) ) ;
#516 = DIRECTION ( 'NONE',  ( 0.000000000000000000, -0.7071067811865476838, 0.7071067811865474617 ) ) ;
#517 = VERTEX_POINT ( 'NONE', #2019 ) ;
#518 =( NAMED_UNIT ( * ) SI_UNIT ( $, .STERADIAN. ) SOLID_ANGLE_UNIT ( ) );
#519 = AXIS2_PLACEMENT_3D ( 'NONE', #1342, #711, #1513 ) ;
#520 = EDGE_LOOP ( 'NONE', ( #1767, #789, #1537, #1827 ) ) ;
#521 = LINE ( 'NONE', #1148, #1190 ) ;
#522 = CIRCLE ( 'NONE', #158, 0.1100000000000000144 ) ;
#523 = EDGE_CURVE ( 'NONE', #1627, #556, #1209, .T. ) ;
#524 = ORIENTED_EDGE ( 'NONE', *, *, #1454, .F. ) ;
#525 = CARTESIAN_POINT ( 'NONE',  ( -0.3899999999999997358, -1.410000000000000142, 0.08999999999999999667 ) ) ;
#526 = TOROIDAL_SURFACE ( 'NONE', #1372, 0.2372792206135796722, 0.08999999999999999667 ) ;
#527 = ORIENTED_EDGE ( 'NONE', *, *, #841, .F. ) ;
#528 =( NAMED_UNIT ( * ) PLANE_ANGLE_UNIT ( ) SI_UNIT ( $, .RADIAN. ) );
#529 = AXIS2_PLACEMENT_3D ( 'NONE', #685, #1456, #1647 ) ;
#530 = ORIENTED_EDGE ( 'NONE', *, *, #409, .T. ) ;
#531 = CARTESIAN_POINT ( 'NONE',  ( 0.000000000000000000, 1.410000000000001252, -0.08999999999999999667 ) ) ;
#532 = CARTESIAN_POINT ( 'NONE',  ( 1.439999999999999281, 1.300000000000000266, 1.709999999999999964 ) ) ;
#533 = ORIENTED_EDGE ( 'NONE', *, *, #895, .T. ) ;
#534 = FACE_OUTER_BOUND ( 'NONE', #1747, .T. ) ;
#535 = CARTESIAN_POINT ( 'NONE',  ( -2.591059429160274177E-16, -1.409999999999999920, -0.08999999999999999667 ) ) ;
#536 = EDGE_CURVE ( 'NONE', #1182, #1055, #1212, .T. ) ;
#537 = ADVANCED_FACE ( 'NONE', ( #1058 ), #283, .F. ) ;
#538 = ADVANCED_FACE ( 'NONE', ( #1218 ), #592, .T. ) ;
#539 = ORIENTED_EDGE ( 'NONE', *, *, #1690, .F. ) ;
#540 = DIRECTION ( 'NONE',  ( 0.000000000000000000, 1.000000000000000000, 0.000000000000000000 ) ) ;
#541 = DIRECTION ( 'NONE',  ( 1.000000000000000000, 0.000000000000000000, 0.000000000000000000 ) ) ;
#542 = ORIENTED_EDGE ( 'NONE', *, *, #1871, .F. ) ;
#543 = DIRECTION ( 'NONE',  ( 1.000000000000000000, 0.000000000000000000, 0.000000000000000000 ) ) ;
#544 = CARTESIAN_POINT ( 'NONE',  ( 1.409999999999999254, 1.300000000000000266, -0.08999999999999999667 ) ) ;
#545 = ORIENTED_EDGE ( 'NONE', *, *, #1637, .F. ) ;
#546 = FACE_OUTER_BOUND ( 'NONE', #941, .T. ) ;
#547 = CARTESIAN_POINT ( 'NONE',  ( -1.500000000000000222, -1.299999999999999822, 1.709999999999999964 ) ) ;
#548 = CARTESIAN_POINT ( 'NONE',  ( -0.4999999999999996669, -1.410000000000000142, 0.000000000000000000 ) ) ;
#549 = PRESENTATION_LAYER_ASSIGNMENT (  '', '', ( #1237 ) ) ;
#550 = VERTEX_POINT ( 'NONE', #1852 ) ;
#551 = AXIS2_PLACEMENT_3D ( 'NONE', #257, #1214, #1848 ) ;
#552 = CYLINDRICAL_SURFACE ( 'NONE', #269, 0.1100000000000000144 ) ;
#553 = EDGE_CURVE ( 'NONE', #677, #1973, #626, .T. ) ;
#554 = ORIENTED_EDGE ( 'NONE', *, *, #1175, .T. ) ;
#555 = CARTESIAN_POINT ( 'NONE',  ( -2.591059429160274177E-16, -1.409999999999999920, -0.08999999999999999667 ) ) ;
#556 = VERTEX_POINT ( 'NONE', #532 ) ;
#557 = CARTESIAN_POINT ( 'NONE',  ( 1.499999999999999334, 1.300000000000000266, 1.649999999999999689 ) ) ;
#558 = CARTESIAN_POINT ( 'NONE',  ( 0.5000000000000000000, 1.409999999999999698, 0.000000000000000000 ) ) ;
#559 = EDGE_CURVE ( 'NONE', #1921, #464, #1284, .T. ) ;
#560 = MECHANICAL_DESIGN_GEOMETRIC_PRESENTATION_REPRESENTATION (  '', ( #1475 ), #331 ) ;
#561 = EDGE_LOOP ( 'NONE', ( #139, #1808, #682, #826 ) ) ;
#562 = CARTESIAN_POINT ( 'NONE',  ( 0.3923229521997472768, -1.499999999999999778, 0.000000000000000000 ) ) ;
#563 = AXIS2_PLACEMENT_3D ( 'NONE', #1770, #1263, #359 ) ;
#564 = PLANE ( 'NONE',  #1136 ) ;
#565 = EDGE_LOOP ( 'NONE', ( #928, #1330, #234, #202 ) ) ;
#566 = DIRECTION ( 'NONE',  ( 1.153406566473941260E-16, -1.000000000000000000, 0.000000000000000000 ) ) ;
#567 = AXIS2_PLACEMENT_3D ( 'NONE', #1067, #748, #1394 ) ;
#568 = ORIENTED_EDGE ( 'NONE', *, *, #1989, .F. ) ;
#569 =( NAMED_UNIT ( * ) SI_UNIT ( $, .STERADIAN. ) SOLID_ANGLE_UNIT ( ) );
#570 = ORIENTED_EDGE ( 'NONE', *, *, #97, .T. ) ;
#571 = ADVANCED_FACE ( 'NONE', ( #1098 ), #1121, .F. ) ;
#572 = CARTESIAN_POINT ( 'NONE',  ( -1.300000000000000266, -1.299999999999999822, 1.709999999999999964 ) ) ;
#573 = CARTESIAN_POINT ( 'NONE',  ( 0.4099999999999991429, -1.299999999999999822, -0.08999999999999999667 ) ) ;
#574 = ORIENTED_EDGE ( 'NONE', *, *, #1623, .F. ) ;
#575 = DIRECTION ( 'NONE',  ( -1.000000000000000000, -1.153406566473941260E-16, 0.000000000000000000 ) ) ;
#576 = ORIENTED_EDGE ( 'NONE', *, *, #1142, .T. ) ;
#577 = DIRECTION ( 'NONE',  ( 0.000000000000000000, 0.000000000000000000, 1.000000000000000000 ) ) ;
#578 = ORIENTED_EDGE ( 'NONE', *, *, #559, .T. ) ;
#579 = LINE ( 'NONE', #2029, #210 ) ;
#580 = EDGE_CURVE ( 'NONE', #1095, #415, #187, .T. ) ;
#581 = EDGE_CURVE ( 'NONE', #1309, #1604, #1474, .T. ) ;
#582 = DIRECTION ( 'NONE',  ( 1.000000000000000000, 0.000000000000000000, 0.000000000000000000 ) ) ;
#583 = EDGE_CURVE ( 'NONE', #1907, #931, #96, .T. ) ;
#584 = FACE_OUTER_BOUND ( 'NONE', #1760, .T. ) ;
#585 = CARTESIAN_POINT ( 'NONE',  ( 0.3900000000000003464, -1.299999999999999600, 0.08999999999999999667 ) ) ;
#586 =( NAMED_UNIT ( * ) PLANE_ANGLE_UNIT ( ) SI_UNIT ( $, .RADIAN. ) );
#587 = DIRECTION ( 'NONE',  ( 0.000000000000000000, 0.000000000000000000, -1.000000000000000000 ) ) ;
#588 = AXIS2_PLACEMENT_3D ( 'NONE', #12, #1763, #505 ) ;
#589 = ORIENTED_EDGE ( 'NONE', *, *, #583, .F. ) ;
#590 = DIRECTION ( 'NONE',  ( 1.000000000000000000, 0.000000000000000000, 0.000000000000000000 ) ) ;
#591 = VECTOR ( 'NONE', #633, 1000.000000000000114 ) ;
#592 = PLANE ( 'NONE',  #1672 ) ;
#593 = CARTESIAN_POINT ( 'NONE',  ( -1.300000000000000488, 1.300000000000000044, 0.000000000000000000 ) ) ;
#594 = CARTESIAN_POINT ( 'NONE',  ( 1.499999999999999334, 1.300000000000000266, -1.097754699641573239E-15 ) ) ;
#595 = ADVANCED_FACE ( 'NONE', ( #1015 ), #476, .F. ) ;
#596 = EDGE_CURVE ( 'NONE', #1697, #1907, #1465, .T. ) ;
#597 = VECTOR ( 'NONE', #2032, 1000.000000000000000 ) ;
#598 = ORIENTED_EDGE ( 'NONE', *, *, #479, .T. ) ;
#599 = PRESENTATION_STYLE_ASSIGNMENT (( #901 ) ) ;
#600 = CARTESIAN_POINT ( 'NONE',  ( 0.4099999999999994760, 1.300000000000000266, 0.000000000000000000 ) ) ;
#601 = AXIS2_PLACEMENT_3D ( 'NONE', #1541, #1235, #1870 ) ;
#602 = EDGE_LOOP ( 'NONE', ( #23, #524, #1104, #1618 ) ) ;
#603 = DIRECTION ( 'NONE',  ( -1.000000000000000000, 0.000000000000000000, 0.000000000000000000 ) ) ;
#604 = CARTESIAN_POINT ( 'NONE',  ( 0.000000000000000000, -1.410000000000000808, -0.08999999999999999667 ) ) ;
#605 = DIRECTION ( 'NONE',  ( -0.7071067811865476838, 0.000000000000000000, -0.7071067811865474617 ) ) ;
#606 = LINE ( 'NONE', #617, #1350 ) ;
#607 = AXIS2_PLACEMENT_3D ( 'NONE', #300, #627, #469 ) ;
#608 = DIRECTION ( 'NONE',  ( 0.000000000000000000, 0.000000000000000000, 1.000000000000000000 ) ) ;
#609 = LINE ( 'NONE', #1384, #2001 ) ;
#610 = ORIENTED_EDGE ( 'NONE', *, *, #423, .F. ) ;
#611 = DIRECTION ( 'NONE',  ( 0.000000000000000000, 0.000000000000000000, 1.000000000000000000 ) ) ;
#612 = ORIENTED_EDGE ( 'NONE', *, *, #1972, .F. ) ;
#613 = CARTESIAN_POINT ( 'NONE',  ( -0.3200000000000010614, 1.300000000000000266, -1.043544591017298018E-15 ) ) ;
#614 = VECTOR ( 'NONE', #721, 1000.000000000000000 ) ;
#615 = DIRECTION ( 'NONE',  ( -1.445602896647339163E-16, 1.000000000000000000, 0.000000000000000000 ) ) ;
#617 = CARTESIAN_POINT ( 'NONE',  ( -0.4999999999999996669, -1.300000000000000044, 0.08999999999999999667 ) ) ;
#616 = AXIS2_PLACEMENT_3D ( 'NONE', #268, #884, #1508 ) ;
#618 = EDGE_CURVE ( 'NONE', #1055, #352, #1563, .T. ) ;
#619 = DIRECTION ( 'NONE',  ( 0.000000000000000000, 0.7071067811865476838, -0.7071067811865474617 ) ) ;
#620 = EDGE_LOOP ( 'NONE', ( #1872, #170, #1744, #1926, #1723 ) ) ;
#621 = CARTESIAN_POINT ( 'NONE',  ( 1.439999999999999725, -1.299999999999999822, 1.709999999999999964 ) ) ;
#622 = EDGE_CURVE ( 'NONE', #352, #867, #967, .T. ) ;
#623 = ORIENTED_EDGE ( 'NONE', *, *, #1287, .T. ) ;
#624 = CYLINDRICAL_SURFACE ( 'NONE', #1562, 0.1100000000000000144 ) ;
#625 = CONICAL_SURFACE ( 'NONE', #815, 0.1399999999999999301, 0.7853981633974476129 ) ;
#626 = CIRCLE ( 'NONE', #1122, 0.2000000000000000944 ) ;
#627 = DIRECTION ( 'NONE',  ( 0.000000000000000000, 0.000000000000000000, 1.000000000000000000 ) ) ;
#628 = DIRECTION ( 'NONE',  ( 0.000000000000000000, -0.000000000000000000, 1.000000000000000000 ) ) ;
#629 = CARTESIAN_POINT ( 'NONE',  ( 0.5199999999999994627, 1.300000000000000266, 0.000000000000000000 ) ) ;
#630 = ORIENTED_EDGE ( 'NONE', *, *, #222, .T. ) ;
#631 = DIRECTION ( 'NONE',  ( -1.000000000000000000, 0.000000000000000000, 0.000000000000000000 ) ) ;
#632 = AXIS2_PLACEMENT_3D ( 'NONE', #768, #465, #1208 ) ;
#633 = DIRECTION ( 'NONE',  ( 0.000000000000000000, -0.7071067811865474617, -0.7071067811865474617 ) ) ;
#634 = EDGE_CURVE ( 'NONE', #957, #1182, #1902, .T. ) ;
#635 = DIRECTION ( 'NONE',  ( -1.445602896647339410E-16, -1.000000000000000000, 0.000000000000000000 ) ) ;
#636 = DIRECTION ( 'NONE',  ( -0.000000000000000000, 0.000000000000000000, 1.000000000000000000 ) ) ;
#637 = ORIENTED_EDGE ( 'NONE', *, *, #1893, .T. ) ;
#638 = ITEM_DEFINED_TRANSFORMATION ( 'NONE', 'NONE', #1503,  #1571 ) ;
#639 = DIRECTION ( 'NONE',  ( 1.000000000000000000, 0.000000000000000000, 0.000000000000000000 ) ) ;
#640 = ORIENTED_EDGE ( 'NONE', *, *, #1598, .F. ) ;
#641 = FACE_OUTER_BOUND ( 'NONE', #1540, .T. ) ;
#642 = DIRECTION ( 'NONE',  ( 1.000000000000000000, 0.000000000000000000, 0.000000000000000000 ) ) ;
#643 = ADVANCED_FACE ( 'NONE', ( #151 ), #1954, .T. ) ;
#644 = DIRECTION ( 'NONE',  ( -0.7071067811865475727, -1.022195611122249302E-16, 0.7071067811865475727 ) ) ;
#645 = DIRECTION ( 'NONE',  ( -1.000000000000000000, 0.000000000000000000, 0.000000000000000000 ) ) ;
#646 = ORIENTED_EDGE ( 'NONE', *, *, #1287, .F. ) ;
#647 = CONTEXT_DEPENDENT_SHAPE_REPRESENTATION ( #233, #1601 ) ;
#648 = CARTESIAN_POINT ( 'NONE',  ( -0.3463603896932107573, 1.300000000000000266, -0.02636038969321072983 ) ) ;
#649 = ORIENTED_EDGE ( 'NONE', *, *, #1253, .T. ) ;
#650 = DIRECTION ( 'NONE',  ( 0.000000000000000000, -0.000000000000000000, -1.000000000000000000 ) ) ;
#651 = PRODUCT_DEFINITION_SHAPE ( 'NONE', 'NONE',  #2044 ) ;
#652 = ORIENTED_EDGE ( 'NONE', *, *, #1432, .T. ) ;
#653 = FACE_OUTER_BOUND ( 'NONE', #209, .T. ) ;
#654 = VECTOR ( 'NONE', #229, 1000.000000000000000 ) ;
#655 = DIRECTION ( 'NONE',  ( -1.000000000000000000, 0.000000000000000000, 0.000000000000000000 ) ) ;
#656 = DIRECTION ( 'NONE',  ( 1.000000000000000000, 0.000000000000000000, 0.000000000000000000 ) ) ;
#657 = ADVANCED_FACE ( 'NONE', ( #653 ), #133, .T. ) ;
#658 = ORIENTED_EDGE ( 'NONE', *, *, #580, .T. ) ;
#659 = FACE_OUTER_BOUND ( 'NONE', #983, .T. ) ;
#660 = CONICAL_SURFACE ( 'NONE', #718, 0.1399999999999999301, 0.7853981633974476129 ) ;
#661 = ORIENTED_EDGE ( 'NONE', *, *, #1277, .F. ) ;
#662 = AXIS2_PLACEMENT_3D ( 'NONE', #149, #1530, #603 ) ;
#663 = CARTESIAN_POINT ( 'NONE',  ( -1.300000000000000266, -1.499999999999999778, 1.649999999999999689 ) ) ;
#664 = CARTESIAN_POINT ( 'NONE',  ( 0.3900000000000000688, 1.299999999999999822, 0.08999999999999999667 ) ) ;
#665 = EDGE_CURVE ( 'NONE', #1309, #1796, #1167, .T. ) ;
#666 = LINE ( 'NONE', #17, #927 ) ;
#667 = AXIS2_PLACEMENT_3D ( 'NONE', #1162, #199, #679 ) ;
#668 = ORIENTED_EDGE ( 'NONE', *, *, #463, .F. ) ;
#669 = DIRECTION ( 'NONE',  ( 0.000000000000000000, -0.000000000000000000, -1.000000000000000000 ) ) ;
#670 = CARTESIAN_POINT ( 'NONE',  ( -1.300000000000000488, 1.300000000000000266, 1.709999999999999964 ) ) ;
#671 = VERTEX_POINT ( 'NONE', #1428 ) ;
#672 = ADVANCED_FACE ( 'NONE', ( #1892 ), #30, .T. ) ;
#673 = AXIS2_PLACEMENT_3D ( 'NONE', #1484, #703, #1960 ) ;
#674 = CARTESIAN_POINT ( 'NONE',  ( -1.410000000000000808, 2.038300084272749815E-16, -0.08999999999999999667 ) ) ;
#675 = VECTOR ( 'NONE', #78, 1000.000000000000114 ) ;
#676 = SHAPE_REPRESENTATION ( 'pin_\X2\9ed88ba4\X0\', ( #1571 ), #918 ) ;
#677 = VERTEX_POINT ( 'NONE', #1941 ) ;
#678 = EDGE_CURVE ( 'NONE', #882, #1939, #781, .T. ) ;
#679 = DIRECTION ( 'NONE',  ( -1.000000000000000000, 0.000000000000000000, 0.000000000000000000 ) ) ;
#680 = DIRECTION ( 'NONE',  ( 0.000000000000000000, 0.000000000000000000, -1.000000000000000000 ) ) ;
#681 = CIRCLE ( 'NONE', #1536, 0.1100000000000000699 ) ;
#682 = ORIENTED_EDGE ( 'NONE', *, *, #1807, .F. ) ;
#683 = COLOUR_RGB ( '',0.2509803921568627416, 0.2509803921568627416, 0.2509803921568627416 ) ;
#684 = ORIENTED_EDGE ( 'NONE', *, *, #1065, .F. ) ;
#685 = CARTESIAN_POINT ( 'NONE',  ( 0.5199999999999995737, 1.300000000000000266, 0.000000000000000000 ) ) ;
#686 = CARTESIAN_POINT ( 'NONE',  ( 1.299999999999999822, -1.439999999999999725, 1.709999999999999964 ) ) ;
#687 = ORIENTED_EDGE ( 'NONE', *, *, #852, .T. ) ;
#688 = CIRCLE ( 'NONE', #1217, 0.1399999999999999301 ) ;
#689 = DIRECTION ( 'NONE',  ( -0.000000000000000000, 0.000000000000000000, 1.000000000000000000 ) ) ;
#690 = LINE ( 'NONE', #544, #1974 ) ;
#691 = ADVANCED_FACE ( 'NONE', ( #318 ), #624, .T. ) ;
#692 = EDGE_CURVE ( 'NONE', #127, #219, #1730, .T. ) ;
#693 = ORIENTED_EDGE ( 'NONE', *, *, #906, .F. ) ;
#694 = DIRECTION ( 'NONE',  ( 1.445602896647339410E-16, 1.000000000000000000, 0.000000000000000000 ) ) ;
#695 = ORIENTED_EDGE ( 'NONE', *, *, #700, .F. ) ;
#696 = LINE ( 'NONE', #861, #68 ) ;
#697 = CARTESIAN_POINT ( 'NONE',  ( -1.500000000000000666, 1.300000000000000266, 1.709999999999999964 ) ) ;
#698 = ORIENTED_EDGE ( 'NONE', *, *, #1225, .F. ) ;
#699 = VECTOR ( 'NONE', #834, 1000.000000000000000 ) ;
#700 = EDGE_CURVE ( 'NONE', #1463, #1650, #1499, .T. ) ;
#701 = DIRECTION ( 'NONE',  ( 0.000000000000000000, -1.000000000000000000, 0.000000000000000000 ) ) ;
#702 = ORIENTED_EDGE ( 'NONE', *, *, #678, .F. ) ;
#703 = DIRECTION ( 'NONE',  ( -0.000000000000000000, 0.000000000000000000, 1.000000000000000000 ) ) ;
#704 = ADVANCED_FACE ( 'NONE', ( #277 ), #892, .F. ) ;
#705 = CARTESIAN_POINT ( 'NONE',  ( -0.5200000000000013500, -1.299999999999999822, 0.000000000000000000 ) ) ;
#706 = CARTESIAN_POINT ( 'NONE',  ( -0.2827207793864214835, 1.300000000000000266, 0.000000000000000000 ) ) ;
#707 = CIRCLE ( 'NONE', #1868, 0.1100000000000000699 ) ;
#708 = ORIENTED_EDGE ( 'NONE', *, *, #1946, .F. ) ;
#709 = ADVANCED_BREP_SHAPE_REPRESENTATION ( '', ( #968, #1571 ), #782 ) ;
#710 = CARTESIAN_POINT ( 'NONE',  ( 0.3900000000000000688, 1.409999999999999698, 0.08999999999999999667 ) ) ;
#711 = DIRECTION ( 'NONE',  ( -0.000000000000000000, 0.000000000000000000, 1.000000000000000000 ) ) ;
#712 = VERTEX_POINT ( 'NONE', #1660 ) ;
#713 = DIRECTION ( 'NONE',  ( -1.000000000000000000, 0.000000000000000000, 0.000000000000000000 ) ) ;
#714 = PLANE ( 'NONE',  #1528 ) ;
#715 = EDGE_CURVE ( 'NONE', #314, #1461, #758, .T. ) ;
#716 = EDGE_LOOP ( 'NONE', ( #1500, #14, #1164, #33 ) ) ;
#717 = DIRECTION ( 'NONE',  ( 1.000000000000000000, 0.000000000000000000, 0.000000000000000000 ) ) ;
#718 = AXIS2_PLACEMENT_3D ( 'NONE', #302, #123, #923 ) ;
#719 = CARTESIAN_POINT ( 'NONE',  ( -0.5200000000000013500, -1.299999999999999822, -0.08999999999999999667 ) ) ;
#720 = ORIENTED_EDGE ( 'NONE', *, *, #1112, .F. ) ;
#721 = DIRECTION ( 'NONE',  ( -1.000000000000000000, 0.000000000000000000, 0.000000000000000000 ) ) ;
#722 = CIRCLE ( 'NONE', #823, 0.08999999999999999667 ) ;
#723 = ORIENTED_EDGE ( 'NONE', *, *, #893, .F. ) ;
#724 = ADVANCED_FACE ( 'NONE', ( #725 ), #2003, .T. ) ;
#725 = FACE_OUTER_BOUND ( 'NONE', #244, .T. ) ;
#726 = ADVANCED_FACE ( 'NONE', ( #1516 ), #1933, .T. ) ;
#727 = ORIENTED_EDGE ( 'NONE', *, *, #692, .F. ) ;
#728 = DIRECTION ( 'NONE',  ( 1.000000000000000000, 0.000000000000000000, 0.000000000000000000 ) ) ;
#729 = DIRECTION ( 'NONE',  ( 0.000000000000000000, 0.000000000000000000, -1.000000000000000000 ) ) ;
#730 = VECTOR ( 'NONE', #635, 1000.000000000000000 ) ;
#731 = DIRECTION ( 'NONE',  ( 1.445602896647339656E-16, 1.000000000000000000, 0.000000000000000000 ) ) ;
#732 = ORIENTED_EDGE ( 'NONE', *, *, #1622, .T. ) ;
#733 = LINE ( 'NONE', #1041, #1833 ) ;
#734 = DIRECTION ( 'NONE',  ( -1.000000000000000000, 0.000000000000000000, 0.000000000000000000 ) ) ;
#735 = ORIENTED_EDGE ( 'NONE', *, *, #1828, .T. ) ;
#736 = CARTESIAN_POINT ( 'NONE',  ( 0.000000000000000000, 0.000000000000000000, 0.000000000000000000 ) ) ;
#737 = VECTOR ( 'NONE', #1300, 1000.000000000000000 ) ;
#738 = ADVANCED_FACE ( 'NONE', ( #438 ), #58, .T. ) ;
#739 = EDGE_CURVE ( 'NONE', #1278, #957, #872, .T. ) ;
#740 = CARTESIAN_POINT ( 'NONE',  ( -0.2827207793864215946, 2.043509888117021689E-17, -0.08999999999999999667 ) ) ;
#741 = PRESENTATION_LAYER_ASSIGNMENT (  '', '', ( #484 ) ) ;
#742 = CARTESIAN_POINT ( 'NONE',  ( 0.5000000000000000000, 1.299999999999999822, 0.08999999999999999667 ) ) ;
#743 = CARTESIAN_POINT ( 'NONE',  ( -1.300000000000000266, -1.299999999999999822, -1.084202172485504434E-15 ) ) ;
#744 = ORIENTED_EDGE ( 'NONE', *, *, #1012, .F. ) ;
#745 = PLANE ( 'NONE',  #2037 ) ;
#746 = AXIS2_PLACEMENT_3D ( 'NONE', #1322, #1662, #261 ) ;
#747 = EDGE_LOOP ( 'NONE', ( #1422, #1061, #1010, #1185, #1847, #533, #1837, #986 ) ) ;
#748 = DIRECTION ( 'NONE',  ( 0.000000000000000000, -0.000000000000000000, 1.000000000000000000 ) ) ;
#749 = CARTESIAN_POINT ( 'NONE',  ( 0.4099999999999994760, 1.300000000000000266, -0.08999999999999999667 ) ) ;
#750 = DIRECTION ( 'NONE',  ( -1.000000000000000000, 0.000000000000000000, 0.000000000000000000 ) ) ;
#751 = LINE ( 'NONE', #1523, #1127 ) ;
#752 = AXIS2_PLACEMENT_3D ( 'NONE', #2042, #274, #166 ) ;
#753 = ORIENTED_EDGE ( 'NONE', *, *, #1509, .F. ) ;
#754 = CARTESIAN_POINT ( 'NONE',  ( 0.4099999999999994760, 1.300000000000000266, 0.000000000000000000 ) ) ;
#755 = VECTOR ( 'NONE', #1014, 1000.000000000000000 ) ;
#756 = EDGE_LOOP ( 'NONE', ( #1126, #7, #506, #1290 ) ) ;
#757 = DIRECTION ( 'NONE',  ( 1.000000000000000000, 0.000000000000000000, 0.000000000000000000 ) ) ;
#758 = B_SPLINE_CURVE_WITH_KNOTS ( 'NONE', 3,
 ( #1670, #1187, #408, #1648, #1479, #851 ),
 .UNSPECIFIED., .F., .F.,
 ( 4, 2, 4 ),
 ( 5.429003655944318910E-20, 0.0001281368641731379097, 0.0002562737283462757651 ),
 .UNSPECIFIED. ) ;
#759 = EDGE_CURVE ( 'NONE', #1278, #882, #236, .T. ) ;
#760 = DIRECTION ( 'NONE',  ( 0.000000000000000000, -1.000000000000000000, 0.000000000000000000 ) ) ;
#761 = ADVANCED_FACE ( 'NONE', ( #416 ), #714, .T. ) ;
#762 = DIRECTION ( 'NONE',  ( 1.000000000000000000, 0.000000000000000000, 0.000000000000000000 ) ) ;
#763 = DIRECTION ( 'NONE',  ( 0.000000000000000000, 0.000000000000000000, 1.000000000000000000 ) ) ;
#764 = CIRCLE ( 'NONE', #347, 0.1399999999999999301 ) ;
#765 = DIRECTION ( 'NONE',  ( -0.000000000000000000, 0.000000000000000000, 1.000000000000000000 ) ) ;
#766 = EDGE_CURVE ( 'NONE', #342, #1401, #522, .T. ) ;
#767 = ORIENTED_EDGE ( 'NONE', *, *, #1531, .F. ) ;
#768 = CARTESIAN_POINT ( 'NONE',  ( -1.300000000000000488, 1.300000000000000266, -1.084202172485504434E-15 ) ) ;
#769 = ORIENTED_EDGE ( 'NONE', *, *, #1078, .F. ) ;
#770 = CARTESIAN_POINT ( 'NONE',  ( 0.4099999999999981992, -5.926971876254065843E-17, -0.08999999999999999667 ) ) ;
#771 = AXIS2_PLACEMENT_3D ( 'NONE', #1462, #483, #1115 ) ;
#772 = PLANE ( 'NONE',  #864 ) ;
#774 = CARTESIAN_POINT ( 'NONE',  ( 0.4099999999999994760, 1.500000000000000222, 0.000000000000000000 ) ) ;
#773 = VECTOR ( 'NONE', #1093, 1000.000000000000000 ) ;
#775 = LINE ( 'NONE', #1063, #874 ) ;
#776 = ORIENTED_EDGE ( 'NONE', *, *, #678, .T. ) ;
#777 = DIRECTION ( 'NONE',  ( 0.000000000000000000, -0.000000000000000000, -1.000000000000000000 ) ) ;
#778 = EDGE_CURVE ( 'NONE', #378, #939, #1177, .T. ) ;
#779 = VECTOR ( 'NONE', #131, 999.9999999999998863 ) ;
#780 = VERTEX_POINT ( 'NONE', #1488 ) ;
#781 = LINE ( 'NONE', #1795, #28 ) ;
#782 =( GEOMETRIC_REPRESENTATION_CONTEXT ( 3 ) GLOBAL_UNCERTAINTY_ASSIGNED_CONTEXT ( ( #800 ) ) GLOBAL_UNIT_ASSIGNED_CONTEXT ( ( #1659, #235, #569 ) ) REPRESENTATION_CONTEXT ( 'NONE', 'WORKASPACE' ) );
#783 = FACE_OUTER_BOUND ( 'NONE', #1602, .T. ) ;
#784 = CARTESIAN_POINT ( 'NONE',  ( 0.5199999999999991296, -1.299999999999999822, -0.02636038969321073677 ) ) ;
#785 = VERTEX_POINT ( 'NONE', #706 ) ;
#786 = VECTOR ( 'NONE', #492, 999.9999999999998863 ) ;
#787 = ITEM_DEFINED_TRANSFORMATION ( 'NONE', 'NONE', #1,  #1571 ) ;
#788 = CARTESIAN_POINT ( 'NONE',  ( -0.5200000000000009059, 1.300000000000000044, 0.000000000000000000 ) ) ;
#789 = ORIENTED_EDGE ( 'NONE', *, *, #278, .F. ) ;
#790 = CARTESIAN_POINT ( 'NONE',  ( -0.5200000000000010170, 1.300000000000000266, -0.02636038969321073677 ) ) ;
#791 = DIRECTION ( 'NONE',  ( 1.445602896647339163E-16, -1.000000000000000000, 0.000000000000000000 ) ) ;
#792 = FACE_OUTER_BOUND ( 'NONE', #937, .T. ) ;
#793 = DIRECTION ( 'NONE',  ( -1.000000000000000000, 0.000000000000000000, 0.000000000000000000 ) ) ;
#794 = VERTEX_POINT ( 'NONE', #1337 ) ;
#795 =( NAMED_UNIT ( * ) PLANE_ANGLE_UNIT ( ) SI_UNIT ( $, .RADIAN. ) );
#796 = ORIENTED_EDGE ( 'NONE', *, *, #497, .F. ) ;
#797 = LINE ( 'NONE', #1425, #339 ) ;
#798 = ORIENTED_EDGE ( 'NONE', *, *, #739, .T. ) ;
#799 = DIRECTION ( 'NONE',  ( -1.000000000000000000, -1.445602896647339163E-16, 0.000000000000000000 ) ) ;
#800 = UNCERTAINTY_MEASURE_WITH_UNIT (LENGTH_MEASURE( 1.000000000000000082E-05 ), #1659, 'distance_accuracy_value', 'NONE');
#801 = EDGE_CURVE ( 'NONE', #1139, #1983, #1971, .T. ) ;
#802 = ADVANCED_FACE ( 'NONE', ( #93 ), #1043, .F. ) ;
#803 = CYLINDRICAL_SURFACE ( 'NONE', #2027, 0.2000000000000000944 ) ;
#804 = FACE_OUTER_BOUND ( 'NONE', #565, .T. ) ;
#805 = CIRCLE ( 'NONE', #1306, 0.2000000000000000944 ) ;
#806 = ORIENTED_EDGE ( 'NONE', *, *, #1947, .F. ) ;
#807 = PRODUCT_CONTEXT ( 'NONE', #2033, 'mechanical' ) ;
#808 = VECTOR ( 'NONE', #1816, 1000.000000000000000 ) ;
#809 = VERTEX_POINT ( 'NONE', #104 ) ;
#810 = DIRECTION ( 'NONE',  ( 1.000000000000000000, 0.000000000000000000, 0.000000000000000000 ) ) ;
#811 = ORIENTED_EDGE ( 'NONE', *, *, #404, .F. ) ;
#812 = VECTOR ( 'NONE', #1019, 1000.000000000000000 ) ;
#813 = CARTESIAN_POINT ( 'NONE',  ( 1.499999999999998890, -1.409999999999999698, -0.08999999999999999667 ) ) ;
#814 = CARTESIAN_POINT ( 'NONE',  ( 1.299999999999999822, -1.499999999999999778, -1.084202172485504434E-15 ) ) ;
#815 = AXIS2_PLACEMENT_3D ( 'NONE', #1970, #1785, #1026 ) ;
#816 = ORIENTED_EDGE ( 'NONE', *, *, #1776, .F. ) ;
#817 = DIRECTION ( 'NONE',  ( 1.000000000000000000, 0.000000000000000000, 0.000000000000000000 ) ) ;
#818 = CARTESIAN_POINT ( 'NONE',  ( -0.3899999999999997358, -1.410000000000000142, 0.08999999999999999667 ) ) ;
#819 = ORIENTED_EDGE ( 'NONE', *, *, #1871, .T. ) ;
#820 = DIRECTION ( 'NONE',  ( -1.000000000000000000, 0.000000000000000000, 0.000000000000000000 ) ) ;
#821 = VERTEX_POINT ( 'NONE', #1355 ) ;
#822 = EDGE_CURVE ( 'NONE', #413, #995, #908, .T. ) ;
#823 = AXIS2_PLACEMENT_3D ( 'NONE', #1879, #940, #611 ) ;
#824 = CYLINDRICAL_SURFACE ( 'NONE', #185, 0.1100000000000000699 ) ;
#825 = CARTESIAN_POINT ( 'NONE',  ( -0.3200000000000013944, -1.299999999999999600, -1.097754699641573239E-15 ) ) ;
#826 = ORIENTED_EDGE ( 'NONE', *, *, #778, .F. ) ;
#827 = CARTESIAN_POINT ( 'NONE',  ( 2.591059429160274671E-16, 1.409999999999999920, -0.08999999999999999667 ) ) ;
#828 = EDGE_CURVE ( 'NONE', #1083, #2017, #1700, .T. ) ;
#829 = ORIENTED_EDGE ( 'NONE', *, *, #581, .F. ) ;
#830 = CARTESIAN_POINT ( 'NONE',  ( -0.5582863177949828337, 1.489827330136394679, -0.01017266986360626860 ) ) ;
#831 = VECTOR ( 'NONE', #1210, 1000.000000000000000 ) ;
#832 = B_SPLINE_CURVE_WITH_KNOTS ( 'NONE', 3,
 ( #1239, #1511, #142, #272 ),
 .UNSPECIFIED., .F., .F.,
 ( 4, 4 ),
 ( 0.000000000000000000, 0.0001338257826121592553 ),
 .UNSPECIFIED. ) ;
#833 = EDGE_LOOP ( 'NONE', ( #658, #456, #1213, #501 ) ) ;
#834 = DIRECTION ( 'NONE',  ( 0.000000000000000000, 0.000000000000000000, -1.000000000000000000 ) ) ;
#835 = DIRECTION ( 'NONE',  ( -0.000000000000000000, 0.000000000000000000, 1.000000000000000000 ) ) ;
#836 = ORIENTED_EDGE ( 'NONE', *, *, #778, .T. ) ;
#837 = EDGE_LOOP ( 'NONE', ( #1215, #568, #962, #1245 ) ) ;
#838 = LINE ( 'NONE', #248, #755 ) ;
#839 = CARTESIAN_POINT ( 'NONE',  ( 1.499999999999999334, 1.500000000000000222, 1.709999999999999964 ) ) ;
#840 = ORIENTED_EDGE ( 'NONE', *, *, #367, .F. ) ;
#841 = EDGE_CURVE ( 'NONE', #712, #671, #1138, .T. ) ;
#842 = DIRECTION ( 'NONE',  ( -1.000000000000000000, 1.445602896647339410E-16, 0.000000000000000000 ) ) ;
#843 = FACE_OUTER_BOUND ( 'NONE', #1671, .T. ) ;
#844 = PRODUCT_DEFINITION_SHAPE ( 'NONE', 'NONE',  #868 ) ;
#845 = CIRCLE ( 'NONE', #1402, 0.08999999999999999667 ) ;
#846 = ORIENTED_EDGE ( 'NONE', *, *, #468, .F. ) ;
#847 = CARTESIAN_POINT ( 'NONE',  ( -0.5200000000000009059, 1.300000000000000044, -0.08999999999999999667 ) ) ;
#848 = AXIS2_PLACEMENT_3D ( 'NONE', #1266, #507, #1579 ) ;
#849 = ORIENTED_EDGE ( 'NONE', *, *, #1997, .F. ) ;
#850 = LINE ( 'NONE', #674, #1123 ) ;
#851 = CARTESIAN_POINT ( 'NONE',  ( 0.6476770478002515929, -1.499999999999999778, -1.084202172485504434E-15 ) ) ;
#852 = EDGE_CURVE ( 'NONE', #950, #485, #1768, .T. ) ;
#853 = VERTEX_POINT ( 'NONE', #1085 ) ;
#854 = EDGE_CURVE ( 'NONE', #821, #1433, #156, .T. ) ;
#855 = CARTESIAN_POINT ( 'NONE',  ( 0.5199999999999994627, 1.410000000000000142, 0.000000000000000000 ) ) ;
#856 = DIRECTION ( 'NONE',  ( 1.000000000000000000, 0.000000000000000000, 0.000000000000000000 ) ) ;
#857 = ADVANCED_BREP_SHAPE_REPRESENTATION ( '', ( #996, #1571 ), #918 ) ;
#858 = AXIS2_PLACEMENT_3D ( 'NONE', #1766, #356, #810 ) ;
#859 = VERTEX_POINT ( 'NONE', #902 ) ;
#860 = PLANE ( 'NONE',  #121 ) ;
#861 = CARTESIAN_POINT ( 'NONE',  ( -1.500000000000000666, 1.500000000000000222, 0.000000000000000000 ) ) ;
#862 = CARTESIAN_POINT ( 'NONE',  ( 0.3900000000000000688, 1.409999999999999698, 0.08999999999999999667 ) ) ;
#863 = ORIENTED_EDGE ( 'NONE', *, *, #145, .T. ) ;
#864 = AXIS2_PLACEMENT_3D ( 'NONE', #1248, #1240, #1544 ) ;
#865 = CARTESIAN_POINT ( 'NONE',  ( -0.5200000000000010170, 1.300000000000000266, -0.08999999999999999667 ) ) ;
#866 = DIRECTION ( 'NONE',  ( -1.445602896647339163E-16, 1.000000000000000000, 0.000000000000000000 ) ) ;
#867 = VERTEX_POINT ( 'NONE', #1568 ) ;
#868 = PRODUCT_DEFINITION ( 'UNKNOWN', '', #1704, #1909 ) ;
#869 = CARTESIAN_POINT ( 'NONE',  ( -1.300000000000000488, 1.500000000000000222, -1.084202172485504434E-15 ) ) ;
#870 = ORIENTED_EDGE ( 'NONE', *, *, #1932, .F. ) ;
#871 = CARTESIAN_POINT ( 'NONE',  ( -0.4100000000000011413, 2.963485938127053876E-17, -0.08999999999999999667 ) ) ;
#872 = LINE ( 'NONE', #1027, #675 ) ;
#873 = AXIS2_PLACEMENT_3D ( 'NONE', #890, #1515, #1034 ) ;
#874 = VECTOR ( 'NONE', #619, 1000.000000000000000 ) ;
#875 = ORIENTED_EDGE ( 'NONE', *, *, #1236, .F. ) ;
#876 = LINE ( 'NONE', #1958, #1908 ) ;
#877 = EDGE_CURVE ( 'NONE', #1604, #1083, #1698, .T. ) ;
#878 = CARTESIAN_POINT ( 'NONE',  ( -0.5200000000000009059, 1.300000000000000044, -0.08999999999999999667 ) ) ;
#879 = VERTEX_POINT ( 'NONE', #600 ) ;
#880 = CARTESIAN_POINT ( 'NONE',  ( 0.5000000000000003331, -1.299999999999999600, 0.000000000000000000 ) ) ;
#881 = AXIS2_PLACEMENT_3D ( 'NONE', #740, #2030, #1873 ) ;
#882 = VERTEX_POINT ( 'NONE', #1735 ) ;
#883 = FILL_AREA_STYLE ('',( #1052 ) ) ;
#884 = DIRECTION ( 'NONE',  ( 0.000000000000000000, 0.000000000000000000, -1.000000000000000000 ) ) ;
#885 = PRESENTATION_LAYER_ASSIGNMENT (  '', '', ( #1024 ) ) ;
#886 = VERTEX_POINT ( 'NONE', #1252 ) ;
#887 = CARTESIAN_POINT ( 'NONE',  ( 1.299999999999999378, 1.410000000000000142, 0.000000000000000000 ) ) ;
#888 = DIRECTION ( 'NONE',  ( 0.000000000000000000, -0.000000000000000000, 1.000000000000000000 ) ) ;
#889 = EDGE_LOOP ( 'NONE', ( #767, #1497, #720, #1455, #527 ) ) ;
#890 = CARTESIAN_POINT ( 'NONE',  ( -0.5000000000000000000, 1.409999999999999698, 0.08999999999999999667 ) ) ;
#891 = AXIS2_PLACEMENT_3D ( 'NONE', #1096, #1246, #430 ) ;
#892 = CYLINDRICAL_SURFACE ( 'NONE', #1834, 0.1100000000000000699 ) ;
#893 = EDGE_CURVE ( 'NONE', #1682, #1383, #1898, .T. ) ;
#894 = EDGE_CURVE ( 'NONE', #393, #342, #1725, .T. ) ;
#895 = EDGE_CURVE ( 'NONE', #1569, #406, #1966, .T. ) ;
#896 = ORIENTED_EDGE ( 'NONE', *, *, #801, .T. ) ;
#897 = DIRECTION ( 'NONE',  ( -0.000000000000000000, -0.000000000000000000, -1.000000000000000000 ) ) ;
#898 = DIRECTION ( 'NONE',  ( 1.000000000000000000, 1.445602896647339163E-16, -0.000000000000000000 ) ) ;
#899 = CARTESIAN_POINT ( 'NONE',  ( -1.410000000000000808, 2.038300084272749815E-16, -0.08999999999999999667 ) ) ;
#900 = FACE_OUTER_BOUND ( 'NONE', #1510, .T. ) ;
#901 = SURFACE_STYLE_USAGE ( .BOTH. , #1708 ) ;
#902 = CARTESIAN_POINT ( 'NONE',  ( 1.409999999999999254, 1.300000000000000266, -0.08999999999999999667 ) ) ;
#903 = ORIENTED_EDGE ( 'NONE', *, *, #801, .F. ) ;
#904 = CARTESIAN_POINT ( 'NONE',  ( 1.499999999999999334, 1.300000000000000266, 1.709999999999999964 ) ) ;
#905 = EDGE_CURVE ( 'NONE', #1449, #1493, #775, .T. ) ;
#906 = EDGE_CURVE ( 'NONE', #510, #879, #1224, .T. ) ;
#907 = CARTESIAN_POINT ( 'NONE',  ( -1.500000000000000222, -1.299999999999999822, 1.649999999999999689 ) ) ;
#908 = CIRCLE ( 'NONE', #1801, 0.2000000000000000944 ) ;
#909 = PRODUCT_DEFINITION_FORMATION_WITH_SPECIFIED_SOURCE ( 'ANY', '', #1860, .NOT_KNOWN. ) ;
#910 = CARTESIAN_POINT ( 'NONE',  ( -1.500000000000000666, 1.300000000000000266, 1.649999999999999689 ) ) ;
#911 = CARTESIAN_POINT ( 'NONE',  ( -0.4999999999999996669, -1.300000000000000044, 0.08999999999999999667 ) ) ;
#912 = SURFACE_STYLE_FILL_AREA ( #276 ) ;
#913 = FACE_OUTER_BOUND ( 'NONE', #1655, .T. ) ;
#914 = CIRCLE ( 'NONE', #1086, 0.1100000000000000699 ) ;
#915 = EDGE_CURVE ( 'NONE', #821, #1921, #287, .T. ) ;
#916 = ORIENTED_EDGE ( 'NONE', *, *, #905, .T. ) ;
#917 = CARTESIAN_POINT ( 'NONE',  ( 0.3900000000000003464, -1.410000000000000142, 0.000000000000000000 ) ) ;
#918 =( GEOMETRIC_REPRESENTATION_CONTEXT ( 3 ) GLOBAL_UNCERTAINTY_ASSIGNED_CONTEXT ( ( #502 ) ) GLOBAL_UNIT_ASSIGNED_CONTEXT ( ( #1680, #1525, #2034 ) ) REPRESENTATION_CONTEXT ( 'NONE', 'WORKASPACE' ) );
#919 = ORIENTED_EDGE ( 'NONE', *, *, #1419, .T. ) ;
#920 = CARTESIAN_POINT ( 'NONE',  ( -1.300000000000000266, -1.499999999999999778, -1.084202172485504434E-15 ) ) ;
#921 = ADVANCED_FACE ( 'NONE', ( #1403 ), #745, .F. ) ;
#922 = FACE_OUTER_BOUND ( 'NONE', #494, .T. ) ;
#923 = DIRECTION ( 'NONE',  ( -1.000000000000000000, 0.000000000000000000, 0.000000000000000000 ) ) ;
#924 = VECTOR ( 'NONE', #1732, 1000.000000000000000 ) ;
#925 = ORIENTED_EDGE ( 'NONE', *, *, #172, .T. ) ;
#926 = DIRECTION ( 'NONE',  ( -1.000000000000000000, 0.000000000000000000, 0.000000000000000000 ) ) ;
#927 = VECTOR ( 'NONE', #1436, 1000.000000000000114 ) ;
#928 = ORIENTED_EDGE ( 'NONE', *, *, #1719, .F. ) ;
#929 = CARTESIAN_POINT ( 'NONE',  ( 0.000000000000000000, 0.000000000000000000, 0.08999999999999999667 ) ) ;
#930 = B_SPLINE_CURVE_WITH_KNOTS ( 'NONE', 3,
 ( #1169, #70, #42, #1450 ),
 .UNSPECIFIED., .F., .F.,
 ( 4, 4 ),
 ( -3.134140097916921490E-06, 0.0001316671675465464863 ),
 .UNSPECIFIED. ) ;
#931 = VERTEX_POINT ( 'NONE', #146 ) ;
#932 = DIRECTION ( 'NONE',  ( -1.445602896647339163E-16, 1.000000000000000000, 0.000000000000000000 ) ) ;
#933 = DIRECTION ( 'NONE',  ( -0.000000000000000000, 0.000000000000000000, 1.000000000000000000 ) ) ;
#934 = FACE_OUTER_BOUND ( 'NONE', #213, .T. ) ;
#935 = AXIS2_PLACEMENT_3D ( 'NONE', #21, #689, #543 ) ;
#936 = PRODUCT_RELATED_PRODUCT_CATEGORY ( 'part', '', ( #1860 ) ) ;
#937 = EDGE_LOOP ( 'NONE', ( #363, #1643, #1149, #2028 ) ) ;
#938 = CARTESIAN_POINT ( 'NONE',  ( 2.591059429160274671E-16, 1.409999999999999920, -0.08999999999999999667 ) ) ;
#939 = VERTEX_POINT ( 'NONE', #303 ) ;
#940 = DIRECTION ( 'NONE',  ( 0.000000000000000000, 1.000000000000000000, 0.000000000000000000 ) ) ;
#941 = EDGE_LOOP ( 'NONE', ( #254, #1407, #2038, #1396, #1265, #1931, #1822, #966 ) ) ;
#942 = CARTESIAN_POINT ( 'NONE',  ( 1.299999999999998934, -1.409999999999999698, -0.08999999999999999667 ) ) ;
#943 = CARTESIAN_POINT ( 'NONE',  ( -0.3900000000000000688, 1.409999999999999698, 0.08999999999999999667 ) ) ;
#945 = DIRECTION ( 'NONE',  ( -1.000000000000000000, 0.000000000000000000, 0.000000000000000000 ) ) ;
#944 = VECTOR ( 'NONE', #1413, 1000.000000000000000 ) ;
#946 = ADVANCED_FACE ( 'NONE', ( #913 ), #1233, .T. ) ;
#947 = EDGE_CURVE ( 'NONE', #2017, #1309, #609, .T. ) ;
#948 = ORIENTED_EDGE ( 'NONE', *, *, #1259, .T. ) ;
#949 = CARTESIAN_POINT ( 'NONE',  ( -0.3923229521997496638, -1.499999999999999778, 0.000000000000000000 ) ) ;
#950 = VERTEX_POINT ( 'NONE', #455 ) ;
#951 = CARTESIAN_POINT ( 'NONE',  ( 0.3463603896932087589, -1.299999999999999822, -0.02636038969321075065 ) ) ;
#952 = DIRECTION ( 'NONE',  ( 1.000000000000000000, 0.000000000000000000, 0.000000000000000000 ) ) ;
#953 = VECTOR ( 'NONE', #791, 1000.000000000000000 ) ;
#954 = COLOUR_RGB ( '',0.8705882352941176627, 0.9098039215686274384, 1.000000000000000000 ) ;
#955 = DIRECTION ( 'NONE',  ( -1.000000000000000000, 1.445602896647339656E-16, 0.000000000000000000 ) ) ;
#956 = DIRECTION ( 'NONE',  ( -1.445602896647339163E-16, 1.000000000000000000, 0.000000000000000000 ) ) ;
#957 = VERTEX_POINT ( 'NONE', #1556 ) ;
#958 = CIRCLE ( 'NONE', #1437, 0.1100000000000000144 ) ;
#959 = PRODUCT_CONTEXT ( 'NONE', #1925, 'mechanical' ) ;
#960 = DIRECTION ( 'NONE',  ( 0.000000000000000000, 0.000000000000000000, -1.000000000000000000 ) ) ;
#961 = UNCERTAINTY_MEASURE_WITH_UNIT (LENGTH_MEASURE( 1.000000000000000082E-05 ), #1600, 'distance_accuracy_value', 'NONE');
#962 = ORIENTED_EDGE ( 'NONE', *, *, #1340, .F. ) ;
#963 = CYLINDRICAL_SURFACE ( 'NONE', #1254, 0.1099999999999999589 ) ;
#964 = EDGE_CURVE ( 'NONE', #76, #314, #227, .T. ) ;
#965 = ADVANCED_FACE ( 'NONE', ( #344 ), #1610, .T. ) ;
#966 = ORIENTED_EDGE ( 'NONE', *, *, #514, .T. ) ;
#967 = LINE ( 'NONE', #1319, #591 ) ;
#968 = MANIFOLD_SOLID_BREP ( '\X2\570689d2\X0\4', #1378 ) ;
#969 =( REPRESENTATION_RELATIONSHIP ('NONE','NONE', #1802, #676 ) REPRESENTATION_RELATIONSHIP_WITH_TRANSFORMATION ( #787 )SHAPE_REPRESENTATION_RELATIONSHIP( ) );
#970 = DIRECTION ( 'NONE',  ( 0.000000000000000000, -0.7071067811865474617, -0.7071067811865474617 ) ) ;
#971 = DIRECTION ( 'NONE',  ( 0.000000000000000000, -0.000000000000000000, -1.000000000000000000 ) ) ;
#972 = ORIENTED_EDGE ( 'NONE', *, *, #145, .F. ) ;
#973 = DIRECTION ( 'NONE',  ( 1.000000000000000000, -1.837630800822890292E-16, 0.000000000000000000 ) ) ;
#974 = AXIS2_PLACEMENT_3D ( 'NONE', #1124, #644, #615 ) ;
#975 = CARTESIAN_POINT ( 'NONE',  ( 1.499999999999999334, 1.410000000000000142, -0.08999999999999999667 ) ) ;
#976 = ORIENTED_EDGE ( 'NONE', *, *, #1638, .T. ) ;
#977 = CARTESIAN_POINT ( 'NONE',  ( -0.2827207793864215946, 2.043509888117022305E-17, 0.000000000000000000 ) ) ;
#978 = DIRECTION ( 'NONE',  ( 0.000000000000000000, -0.000000000000000000, -1.000000000000000000 ) ) ;
#979 = VECTOR ( 'NONE', #1032, 1000.000000000000000 ) ;
#980 = VERTEX_POINT ( 'NONE', #648 ) ;
#981 = ITEM_DEFINED_TRANSFORMATION ( 'NONE', 'NONE', #848,  #1571 ) ;
#982 = SURFACE_STYLE_USAGE ( .BOTH. , #1155 ) ;
#983 = EDGE_LOOP ( 'NONE', ( #1238, #1442, #1196, #1113 ) ) ;
#984 = DIRECTION ( 'NONE',  ( 0.000000000000000000, -1.000000000000000000, 0.000000000000000000 ) ) ;
#985 = ADVANCED_FACE ( 'NONE', ( #1937 ), #211, .T. ) ;
#986 = ORIENTED_EDGE ( 'NONE', *, *, #239, .T. ) ;
#987 = LINE ( 'NONE', #1923, #45 ) ;
#988 = CARTESIAN_POINT ( 'NONE',  ( 1.499999999999999334, 1.410000000000000142, 0.000000000000000000 ) ) ;
#989 = EDGE_CURVE ( 'NONE', #1433, #1569, #496, .T. ) ;
#990 = VECTOR ( 'NONE', #66, 1000.000000000000000 ) ;
#991 = ORIENTED_EDGE ( 'NONE', *, *, #1259, .F. ) ;
#992 = CARTESIAN_POINT ( 'NONE',  ( -0.4100000000000011413, 2.963485938127053876E-17, -0.08999999999999999667 ) ) ;
#993 = DIRECTION ( 'NONE',  ( -0.7071067811865474617, 0.000000000000000000, 0.7071067811865474617 ) ) ;
#994 = CIRCLE ( 'NONE', #752, 0.2372792206135796722 ) ;
#995 = VERTEX_POINT ( 'NONE', #1928 ) ;
#996 = MANIFOLD_SOLID_BREP ( '\X2\570689d2\X0\1', #138 ) ;
#997 = UNCERTAINTY_MEASURE_WITH_UNIT (LENGTH_MEASURE( 1.000000000000000082E-05 ), #333, 'distance_accuracy_value', 'NONE');
#998 = CONICAL_SURFACE ( 'NONE', #1448, 0.1100000000000011524, 0.7853981633974479459 ) ;
#999 = LINE ( 'NONE', #1629, #1512 ) ;
#1000 = DIRECTION ( 'NONE',  ( 1.000000000000000000, 0.000000000000000000, 0.000000000000000000 ) ) ;
#1001 = ORIENTED_EDGE ( 'NONE', *, *, #1260, .F. ) ;
#1002 = SURFACE_STYLE_FILL_AREA ( #373 ) ;
#1003 = EDGE_CURVE ( 'NONE', #1463, #402, #1077, .T. ) ;
#1004 = ORIENTED_EDGE ( 'NONE', *, *, #1982, .T. ) ;
#1005 = CARTESIAN_POINT ( 'NONE',  ( -0.4350985898570394750, 1.500000000000000000, -1.667596114906903215E-18 ) ) ;
#1006 = DIRECTION ( 'NONE',  ( -1.000000000000000000, 0.000000000000000000, 0.000000000000000000 ) ) ;
#1007 = TOROIDAL_SURFACE ( 'NONE', #313, 0.2372792206135796167, 0.08999999999999999667 ) ;
#1008 = EDGE_LOOP ( 'NONE', ( #630, #1201, #1302, #1343 ) ) ;
#1009 = LINE ( 'NONE', #977, #1229 ) ;
#1010 = ORIENTED_EDGE ( 'NONE', *, *, #1174, .T. ) ;
#1011 = PLANE ( 'NONE',  #1527 ) ;
#1012 = EDGE_CURVE ( 'NONE', #1095, #867, #805, .T. ) ;
#1013 = VECTOR ( 'NONE', #1505, 1000.000000000000114 ) ;
#1014 = DIRECTION ( 'NONE',  ( -1.445602896647339410E-16, -1.000000000000000000, -0.000000000000000000 ) ) ;
#1015 = FACE_OUTER_BOUND ( 'NONE', #833, .T. ) ;
#1016 = VECTOR ( 'NONE', #2035, 1000.000000000000000 ) ;
#1017 = ORIENTED_EDGE ( 'NONE', *, *, #700, .T. ) ;
#1018 = CARTESIAN_POINT ( 'NONE',  ( -0.5000000000000000000, 1.409999999999999698, 0.08999999999999999667 ) ) ;
#1019 = DIRECTION ( 'NONE',  ( -1.000000000000000000, 1.837630800822889552E-16, 0.000000000000000000 ) ) ;
#1020 = AXIS2_PLACEMENT_3D ( 'NONE', #1789, #1820, #1641 ) ;
#1021 = ORIENTED_EDGE ( 'NONE', *, *, #1341, .T. ) ;
#1022 = LINE ( 'NONE', #1823, #1595 ) ;
#1023 = VECTOR ( 'NONE', #18, 1000.000000000000000 ) ;
#1024 = STYLED_ITEM ( 'NONE', ( #1547 ), #857 ) ;
#1025 = ORIENTED_EDGE ( 'NONE', *, *, #1003, .F. ) ;
#1026 = DIRECTION ( 'NONE',  ( -1.000000000000000000, 0.000000000000000000, 0.000000000000000000 ) ) ;
#1027 = CARTESIAN_POINT ( 'NONE',  ( -1.500000000000000666, 1.300000000000000266, 1.649999999999999689 ) ) ;
#1028 = VERTEX_POINT ( 'NONE', #1279 ) ;
#1029 = AXIS2_PLACEMENT_3D ( 'NONE', #1125, #1753, #645 ) ;
#1030 = EDGE_CURVE ( 'NONE', #1608, #1463, #203, .T. ) ;
#1031 = DIRECTION ( 'NONE',  ( 0.000000000000000000, -0.000000000000000000, 1.000000000000000000 ) ) ;
#1032 = DIRECTION ( 'NONE',  ( -0.000000000000000000, -0.000000000000000000, 1.000000000000000000 ) ) ;
#1033 = EDGE_LOOP ( 'NONE', ( #2041, #776, #481, #1393 ) ) ;
#1034 = DIRECTION ( 'NONE',  ( 0.000000000000000000, -0.000000000000000000, -1.000000000000000000 ) ) ;
#1035 = DIRECTION ( 'NONE',  ( -1.153406566473941013E-16, 1.000000000000000000, -0.000000000000000000 ) ) ;
#1036 = EDGE_LOOP ( 'NONE', ( #382, #371, #1529, #1592 ) ) ;
#1037 = AXIS2_PLACEMENT_3D ( 'NONE', #1903, #1398, #189 ) ;
#1038 = CARTESIAN_POINT ( 'NONE',  ( 0.5199999999999991296, -1.299999999999999822, -0.08999999999999999667 ) ) ;
#1039 = DIRECTION ( 'NONE',  ( -0.000000000000000000, -0.000000000000000000, 1.000000000000000000 ) ) ;
#1040 = ORIENTED_EDGE ( 'NONE', *, *, #1623, .T. ) ;
#1041 = CARTESIAN_POINT ( 'NONE',  ( -0.4100000000000010303, 1.300000000000000044, -0.08999999999999999667 ) ) ;
#1042 = CARTESIAN_POINT ( 'NONE',  ( 0.000000000000000000, 0.000000000000000000, 0.000000000000000000 ) ) ;
#1043 = CYLINDRICAL_SURFACE ( 'NONE', #616, 0.1099999999999999589 ) ;
#1044 =( GEOMETRIC_REPRESENTATION_CONTEXT ( 3 ) GLOBAL_UNCERTAINTY_ASSIGNED_CONTEXT ( ( #178 ) ) GLOBAL_UNIT_ASSIGNED_CONTEXT ( ( #62, #528, #54 ) ) REPRESENTATION_CONTEXT ( 'NONE', 'WORKASPACE' ) );
#1045 = ORIENTED_EDGE ( 'NONE', *, *, #463, .T. ) ;
#1046 = EDGE_CURVE ( 'NONE', #1796, #1325, #362, .T. ) ;
#1047 = CARTESIAN_POINT ( 'NONE',  ( 1.499999999999999334, 1.300000000000000266, -1.084202172485504434E-15 ) ) ;
#1048 = CARTESIAN_POINT ( 'NONE',  ( 1.299999999999999822, -1.499999999999999778, -1.084202172485504434E-15 ) ) ;
#1049 = LINE ( 'NONE', #1193, #291 ) ;
#1050 = ADVANCED_FACE ( 'NONE', ( #1202 ), #1633, .F. ) ;
#1051 = ORIENTED_EDGE ( 'NONE', *, *, #39, .F. ) ;
#1052 = FILL_AREA_STYLE_COLOUR ( '', #954 ) ;
#1053 = DIRECTION ( 'NONE',  ( 0.000000000000000000, -0.000000000000000000, -1.000000000000000000 ) ) ;
#1054 = VECTOR ( 'NONE', #993, 1000.000000000000114 ) ;
#1055 = VERTEX_POINT ( 'NONE', #1792 ) ;
#1056 = LINE ( 'NONE', #1376, #108 ) ;
#1057 = CIRCLE ( 'NONE', #1751, 0.1736396103067903707 ) ;
#1058 = FACE_OUTER_BOUND ( 'NONE', #1033, .T. ) ;
#1059 = CARTESIAN_POINT ( 'NONE',  ( -0.2827207793864216501, -1.299999999999999600, 0.000000000000000000 ) ) ;
#1060 = DIRECTION ( 'NONE',  ( 1.000000000000000000, 0.000000000000000000, 0.000000000000000000 ) ) ;
#1061 = ORIENTED_EDGE ( 'NONE', *, *, #583, .T. ) ;
#1062 = SHAPE_REPRESENTATION_RELATIONSHIP ( 'NONE' , 'NONE' ,  #1949, #709 ) ;
#1063 = CARTESIAN_POINT ( 'NONE',  ( -0.5200000000000013500, -1.499999999999999778, -1.084202172485504434E-15 ) ) ;
#1064 = ADVANCED_FACE ( 'NONE', ( #231 ), #1832, .F. ) ;
#1065 = EDGE_CURVE ( 'NONE', #1604, #26, #1049, .T. ) ;
#1066 = EDGE_LOOP ( 'NONE', ( #1159, #1955, #1435, #1858, #1424 ) ) ;
#1067 = CARTESIAN_POINT ( 'NONE',  ( 0.5199999999999995737, 1.300000000000000266, -0.08999999999999999667 ) ) ;
#1068 = DIRECTION ( 'NONE',  ( 0.000000000000000000, 0.000000000000000000, -1.000000000000000000 ) ) ;
#1069 = LINE ( 'NONE', #89, #1395 ) ;
#1070 = DIRECTION ( 'NONE',  ( -0.7071067811865477948, 0.000000000000000000, -0.7071067811865473507 ) ) ;
#1071 = ADVANCED_FACE ( 'NONE', ( #546 ), #1979, .F. ) ;
#1072 = ORIENTED_EDGE ( 'NONE', *, *, #1137, .T. ) ;
#1073 = SHAPE_REPRESENTATION_RELATIONSHIP ( 'NONE' , 'NONE' ,  #676, #857 ) ;
#1074 = CARTESIAN_POINT ( 'NONE',  ( 0.5199999999999992406, -1.299999999999999822, 0.000000000000000000 ) ) ;
#1075 = EDGE_LOOP ( 'NONE', ( #1878, #2, #238, #1192 ) ) ;
#1076 = PLANE ( 'NONE',  #601 ) ;
#1077 = CIRCLE ( 'NONE', #771, 0.1100000000000000144 ) ;
#1078 = EDGE_CURVE ( 'NONE', #406, #1489, #733, .T. ) ;
#1079 = ORIENTED_EDGE ( 'NONE', *, *, #1225, .T. ) ;
#1080 = LINE ( 'NONE', #887, #1470 ) ;
#1081 = CARTESIAN_POINT ( 'NONE',  ( 0.6476770478002515929, -1.499999999999999778, -1.084202172485504434E-15 ) ) ;
#1082 = DIRECTION ( 'NONE',  ( 1.000000000000000000, 0.000000000000000000, 0.000000000000000000 ) ) ;
#1083 = VERTEX_POINT ( 'NONE', #83 ) ;
#1084 =( NAMED_UNIT ( * ) SI_UNIT ( $, .STERADIAN. ) SOLID_ANGLE_UNIT ( ) );
#1085 = CARTESIAN_POINT ( 'NONE',  ( 0.3900000000000003464, -1.410000000000000142, 0.08999999999999999667 ) ) ;
#1086 = AXIS2_PLACEMENT_3D ( 'NONE', #1230, #120, #1388 ) ;
#1087 = EDGE_LOOP ( 'NONE', ( #186, #769, #1476, #1582 ) ) ;
#1088 = DIRECTION ( 'NONE',  ( 0.000000000000000000, 0.000000000000000000, 1.000000000000000000 ) ) ;
#1089 = DIRECTION ( 'NONE',  ( -1.000000000000000000, -0.000000000000000000, -0.000000000000000000 ) ) ;
#1090 = PRODUCT_DEFINITION ( 'UNKNOWN', '', #1466, #1268 ) ;
#1091 = LINE ( 'NONE', #1705, #147 ) ;
#1092 = CARTESIAN_POINT ( 'NONE',  ( 1.299999999999998934, -1.409999999999999698, 0.000000000000000000 ) ) ;
#1093 = DIRECTION ( 'NONE',  ( 1.000000000000000000, -1.837630800822889799E-16, -0.000000000000000000 ) ) ;
#1094 = AXIS2_PLACEMENT_3D ( 'NONE', #929, #449, #757 ) ;
#1095 = VERTEX_POINT ( 'NONE', #1344 ) ;
#1096 = CARTESIAN_POINT ( 'NONE',  ( -1.300000000000000488, 1.300000000000000266, -0.09000000000000002442 ) ) ;
#1097 = ORIENTED_EDGE ( 'NONE', *, *, #1712, .T. ) ;
#1098 = FACE_OUTER_BOUND ( 'NONE', #1668, .T. ) ;
#1099 = ADVANCED_FACE ( 'NONE', ( #394 ), #1644, .T. ) ;
#1100 = PLANE ( 'NONE',  #974 ) ;
#1101 = CARTESIAN_POINT ( 'NONE',  ( -1.500000000000000666, 1.300000000000000266, 1.649999999999999689 ) ) ;
#1102 = CONTEXT_DEPENDENT_SHAPE_REPRESENTATION ( #969, #651 ) ;
#1103 = CARTESIAN_POINT ( 'NONE',  ( -0.4349598108994752188, -1.499999999999999778, 4.658681209898651095E-18 ) ) ;
#1104 = ORIENTED_EDGE ( 'NONE', *, *, #47, .F. ) ;
#1105 = CARTESIAN_POINT ( 'NONE',  ( 0.5624448543291491465, 1.500000000000000444, -0.008092736116425140042 ) ) ;
#1106 = ORIENTED_EDGE ( 'NONE', *, *, #1065, .T. ) ;
#1107 = DIRECTION ( 'NONE',  ( 0.000000000000000000, 0.000000000000000000, -1.000000000000000000 ) ) ;
#1108 = CARTESIAN_POINT ( 'NONE',  ( 1.409999999999999254, 1.500000000000000222, -0.08999999999999999667 ) ) ;
#1110 = DIRECTION ( 'NONE',  ( -0.000000000000000000, -0.000000000000000000, 1.000000000000000000 ) ) ;
#1109 = AXIS2_PLACEMENT_3D ( 'NONE', #1538, #137, #926 ) ;
#1111 = EDGE_CURVE ( 'NONE', #1650, #853, #1022, .T. ) ;
#1112 = EDGE_CURVE ( 'NONE', #1332, #305, #1628, .T. ) ;
#1113 = ORIENTED_EDGE ( 'NONE', *, *, #894, .F. ) ;
#1114 = SHAPE_DEFINITION_REPRESENTATION ( #1790, #1802 ) ;
#1115 = DIRECTION ( 'NONE',  ( 1.000000000000000000, 0.000000000000000000, 0.000000000000000000 ) ) ;
#1116 = ADVANCED_FACE ( 'NONE', ( #1333 ), #1011, .T. ) ;
#1117 = PRODUCT_DEFINITION_SHAPE ( 'NONE', 'NONE',  #2045 ) ;
#1118 = ORIENTED_EDGE ( 'NONE', *, *, #1078, .T. ) ;
#1119 = LINE ( 'NONE', #36, #466 ) ;
#1120 = AXIS2_PLACEMENT_3D ( 'NONE', #572, #1840, #717 ) ;
#1121 = CYLINDRICAL_SURFACE ( 'NONE', #237, 0.1100000000000000144 ) ;
#1122 = AXIS2_PLACEMENT_3D ( 'NONE', #441, #1068, #451 ) ;
#1123 = VECTOR ( 'NONE', #1186, 1000.000000000000000 ) ;
#1124 = CARTESIAN_POINT ( 'NONE',  ( -1.440000000000000391, -2.081668171172169006E-16, 1.709999999999999964 ) ) ;
#1125 = CARTESIAN_POINT ( 'NONE',  ( 1.299999999999999378, 1.300000000000000266, -0.08999999999999999667 ) ) ;
#1126 = ORIENTED_EDGE ( 'NONE', *, *, #57, .F. ) ;
#1127 = VECTOR ( 'NONE', #1362, 1000.000000000000000 ) ;
#1128 = PRESENTATION_STYLE_ASSIGNMENT (( #508 ) ) ;
#1129 = ORIENTED_EDGE ( 'NONE', *, *, #367, .T. ) ;
#1130 = CARTESIAN_POINT ( 'NONE',  ( 0.000000000000000000, 1.440000000000000169, 1.709999999999999964 ) ) ;
#1131 = CONICAL_SURFACE ( 'NONE', #891, 0.1100000000000011524, 0.7853981633974479459 ) ;
#1132 = ORIENTED_EDGE ( 'NONE', *, *, #1638, .F. ) ;
#1133 = CARTESIAN_POINT ( 'NONE',  ( -0.3463603896932108683, 2.503497913122034239E-17, -0.02636038969321075065 ) ) ;
#1134 = DIRECTION ( 'NONE',  ( -1.000000000000000000, 0.000000000000000000, 0.000000000000000000 ) ) ;
#1135 = FILL_AREA_STYLE_COLOUR ( '', #390 ) ;
#1136 = AXIS2_PLACEMENT_3D ( 'NONE', #1986, #1200, #888 ) ;
#1137 = EDGE_CURVE ( 'NONE', #1627, #1095, #1813, .T. ) ;
#1138 = B_SPLINE_CURVE_WITH_KNOTS ( 'NONE', 3,
 ( #1392, #1689, #472, #1267, #1103, #949 ),
 .UNSPECIFIED., .F., .F.,
 ( 4, 2, 4 ),
 ( 0.000000000000000000, 0.0001281368641731376386, 0.0002562737283462752772 ),
 .UNSPECIFIED. ) ;
#1139 = VERTEX_POINT ( 'NONE', #880 ) ;
#1140 = DIRECTION ( 'NONE',  ( -0.000000000000000000, 0.7071067811865475727, 0.7071067811865475727 ) ) ;
#1141 = ORIENTED_EDGE ( 'NONE', *, *, #1828, .F. ) ;
#1142 = EDGE_CURVE ( 'NONE', #1963, #1921, #100, .T. ) ;
#1143 = DIRECTION ( 'NONE',  ( 1.000000000000000000, 0.000000000000000000, 0.000000000000000000 ) ) ;
#1144 = DIRECTION ( 'NONE',  ( 1.000000000000000000, 0.000000000000000000, 0.000000000000000000 ) ) ;
#1145 = VECTOR ( 'NONE', #605, 1000.000000000000000 ) ;
#1146 = VECTOR ( 'NONE', #1867, 1000.000000000000000 ) ;
#1147 = ORIENTED_EDGE ( 'NONE', *, *, #1244, .T. ) ;
#1148 = CARTESIAN_POINT ( 'NONE',  ( -1.300000000000000488, 1.500000000000000222, 1.649999999999999689 ) ) ;
#1149 = ORIENTED_EDGE ( 'NONE', *, *, #622, .F. ) ;
#1150 = AXIS2_PLACEMENT_3D ( 'NONE', #308, #419, #582 ) ;
#1151 = DIRECTION ( 'NONE',  ( -1.000000000000000000, 0.000000000000000000, 0.000000000000000000 ) ) ;
#1152 = FACE_OUTER_BOUND ( 'NONE', #197, .T. ) ;
#1153 =( GEOMETRIC_REPRESENTATION_CONTEXT ( 3 ) GLOBAL_UNCERTAINTY_ASSIGNED_CONTEXT ( ( #1439 ) ) GLOBAL_UNIT_ASSIGNED_CONTEXT ( ( #1866, #1835, #114 ) ) REPRESENTATION_CONTEXT ( 'NONE', 'WORKASPACE' ) );
#1154 = EDGE_LOOP ( 'NONE', ( #436, #16, #846, #90 ) ) ;
#1155 = SURFACE_SIDE_STYLE ('',( #1783 ) ) ;
#1156 = ORIENTED_EDGE ( 'NONE', *, *, #1400, .F. ) ;
#1157 = CARTESIAN_POINT ( 'NONE',  ( -0.3923229521997492197, 1.500000000000000222, 0.000000000000000000 ) ) ;
#1158 = DIRECTION ( 'NONE',  ( 0.000000000000000000, -0.000000000000000000, 1.000000000000000000 ) ) ;
#1159 = ORIENTED_EDGE ( 'NONE', *, *, #1142, .F. ) ;
#1160 = B_SPLINE_CURVE_WITH_KNOTS ( 'NONE', 3,
 ( #1157, #1005, #407, #224, #1464, #1953 ),
 .UNSPECIFIED., .F., .F.,
 ( 4, 2, 4 ),
 ( 5.429003655944318910E-20, 0.0001281368641731378555, 0.0002562737283462756567 ),
 .UNSPECIFIED. ) ;
#1161 = ADVANCED_FACE ( 'NONE', ( #1354 ), #275, .F. ) ;
#1162 = CARTESIAN_POINT ( 'NONE',  ( -0.5200000000000012390, -1.299999999999999822, -0.08999999999999999667 ) ) ;
#1163 = CARTESIAN_POINT ( 'NONE',  ( -1.300000000000000711, -1.409999999999999698, 0.000000000000000000 ) ) ;
#1164 = ORIENTED_EDGE ( 'NONE', *, *, #596, .F. ) ;
#1165 = DIRECTION ( 'NONE',  ( 0.000000000000000000, -0.000000000000000000, 1.000000000000000000 ) ) ;
#1166 = ORIENTED_EDGE ( 'NONE', *, *, #1572, .F. ) ;
#1167 = LINE ( 'NONE', #1258, #1023 ) ;
#1168 = EDGE_LOOP ( 'NONE', ( #29, #1817, #191, #530 ) ) ;
#1169 = CARTESIAN_POINT ( 'NONE',  ( -0.5200000000000013500, -1.473639610306789915, -0.02636038969321079922 ) ) ;
#1170 = DIRECTION ( 'NONE',  ( -0.000000000000000000, 0.000000000000000000, -1.000000000000000000 ) ) ;
#1171 = ORIENTED_EDGE ( 'NONE', *, *, #1303, .F. ) ;
#1172 = LINE ( 'NONE', #74, #354 ) ;
#1173 = VECTOR ( 'NONE', #98, 1000.000000000000000 ) ;
#1174 = EDGE_CURVE ( 'NONE', #931, #348, #1172, .T. ) ;
#1175 = EDGE_CURVE ( 'NONE', #1682, #1139, #1656, .T. ) ;
#1176 = DIRECTION ( 'NONE',  ( -0.000000000000000000, 0.000000000000000000, 1.000000000000000000 ) ) ;
#1177 = LINE ( 'NONE', #862, #1206 ) ;
#1178 = VECTOR ( 'NONE', #1681, 1000.000000000000000 ) ;
#1179 = EDGE_LOOP ( 'NONE', ( #1850, #744, #1257, #1171 ) ) ;
#1180 = CARTESIAN_POINT ( 'NONE',  ( 0.000000000000000000, -1.410000000000000808, -0.08999999999999999667 ) ) ;
#1181 = CIRCLE ( 'NONE', #63, 0.1100000000000000699 ) ;
#1182 = VERTEX_POINT ( 'NONE', #1326 ) ;
#1183 = DIRECTION ( 'NONE',  ( 1.837630800822889799E-16, 1.000000000000000000, 0.000000000000000000 ) ) ;
#1184 = AXIS2_PLACEMENT_3D ( 'NONE', #705, #1176, #1940 ) ;
#1185 = ORIENTED_EDGE ( 'NONE', *, *, #1260, .T. ) ;
#1186 = DIRECTION ( 'NONE',  ( 1.445602896647339410E-16, 1.000000000000000000, 0.000000000000000000 ) ) ;
#1187 = CARTESIAN_POINT ( 'NONE',  ( 0.4350985898570375321, -1.499999999999999778, 1.238785685359413784E-17 ) ) ;
#1188 = ORIENTED_EDGE ( 'NONE', *, *, #447, .T. ) ;
#1189 = CARTESIAN_POINT ( 'NONE',  ( -1.500000000000000666, 1.500000000000000222, 1.709999999999999964 ) ) ;
#1190 = VECTOR ( 'NONE', #1775, 1000.000000000000114 ) ;
#1191 = CARTESIAN_POINT ( 'NONE',  ( 0.6476770478002518150, 1.500000000000000222, -1.084202172485504434E-15 ) ) ;
#1192 = ORIENTED_EDGE ( 'NONE', *, *, #434, .T. ) ;
#1193 = CARTESIAN_POINT ( 'NONE',  ( 0.5199999999999991296, -1.410000000000000808, -0.08999999999999999667 ) ) ;
#1194 = ADVANCED_FACE ( 'NONE', ( #1805 ), #860, .F. ) ;
#1195 = DIRECTION ( 'NONE',  ( -0.7071067811865474617, -1.022195611122249179E-16, -0.7071067811865476838 ) ) ;
#1196 = ORIENTED_EDGE ( 'NONE', *, *, #766, .F. ) ;
#1197 = AXIS2_PLACEMENT_3D ( 'NONE', #1977, #1522, #750 ) ;
#1198 = ADVANCED_FACE ( 'NONE', ( #584 ), #1370, .T. ) ;
#1199 = DIRECTION ( 'NONE',  ( -0.7071067811865477948, 0.000000000000000000, -0.7071067811865473507 ) ) ;
#1200 = DIRECTION ( 'NONE',  ( 0.000000000000000000, 1.000000000000000000, 0.000000000000000000 ) ) ;
#1201 = ORIENTED_EDGE ( 'NONE', *, *, #119, .F. ) ;
#1202 = FACE_OUTER_BOUND ( 'NONE', #1993, .T. ) ;
#1203 = ORIENTED_EDGE ( 'NONE', *, *, #618, .T. ) ;
#1204 = SURFACE_SIDE_STYLE ('',( #1507 ) ) ;
#1205 = DIRECTION ( 'NONE',  ( 0.000000000000000000, 0.000000000000000000, 1.000000000000000000 ) ) ;
#1206 = VECTOR ( 'NONE', #1826, 1000.000000000000000 ) ;
#1207 = ORIENTED_EDGE ( 'NONE', *, *, #1112, .T. ) ;
#1208 = DIRECTION ( 'NONE',  ( -1.000000000000000000, 0.000000000000000000, 0.000000000000000000 ) ) ;
#1209 = LINE ( 'NONE', #433, #1745 ) ;
#1210 = DIRECTION ( 'NONE',  ( 1.000000000000000000, 0.000000000000000000, 0.000000000000000000 ) ) ;
#1211 = CARTESIAN_POINT ( 'NONE',  ( -1.410000000000000586, 1.300000000000000044, 0.000000000000000000 ) ) ;
#1212 = CIRCLE ( 'NONE', #1120, 0.1399999999999999301 ) ;
#1213 = ORIENTED_EDGE ( 'NONE', *, *, #1719, .T. ) ;
#1214 = DIRECTION ( 'NONE',  ( 0.000000000000000000, 0.000000000000000000, 1.000000000000000000 ) ) ;
#1215 = ORIENTED_EDGE ( 'NONE', *, *, #6, .T. ) ;
#1216 = CARTESIAN_POINT ( 'NONE',  ( 1.299999999999999822, -1.299999999999999822, -0.09000000000000002442 ) ) ;
#1217 = AXIS2_PLACEMENT_3D ( 'NONE', #670, #636, #1144 ) ;
#1218 = FACE_OUTER_BOUND ( 'NONE', #620, .T. ) ;
#1219 = EDGE_CURVE ( 'NONE', #1983, #1383, #1361, .T. ) ;
#1220 = CARTESIAN_POINT ( 'NONE',  ( 1.299999999999999822, -1.499999999999999778, 1.709999999999999964 ) ) ;
#1221 = CARTESIAN_POINT ( 'NONE',  ( 1.499999999999998890, -1.409999999999999698, -0.000000000000000000 ) ) ;
#1222 = AXIS2_PLACEMENT_3D ( 'NONE', #1130, #1140, #1293 ) ;
#1223 = ORIENTED_EDGE ( 'NONE', *, *, #2010, .F. ) ;
#1224 = LINE ( 'NONE', #754, #1667 ) ;
#1225 = EDGE_CURVE ( 'NONE', #56, #867, #2021, .T. ) ;
#1226 = ORIENTED_EDGE ( 'NONE', *, *, #828, .F. ) ;
#1227 = DIRECTION ( 'NONE',  ( 1.000000000000000000, 0.000000000000000000, 0.000000000000000000 ) ) ;
#1228 = AXIS2_PLACEMENT_3D ( 'NONE', #770, #162, #1803 ) ;
#1229 = VECTOR ( 'NONE', #1481, 1000.000000000000000 ) ;
#1230 = CARTESIAN_POINT ( 'NONE',  ( -1.300000000000000488, 1.300000000000000044, -0.08999999999999999667 ) ) ;
#1231 = FACE_OUTER_BOUND ( 'NONE', #520, .T. ) ;
#1232 = DIRECTION ( 'NONE',  ( 0.7071067811865475727, 1.022195611122249302E-16, 0.7071067811865475727 ) ) ;
#1233 = CYLINDRICAL_SURFACE ( 'NONE', #1109, 0.2000000000000000944 ) ;
#1234 = ORIENTED_EDGE ( 'NONE', *, *, #240, .T. ) ;
#1235 = DIRECTION ( 'NONE',  ( 0.7071067811865474617, 1.022195611122249179E-16, -0.7071067811865476838 ) ) ;
#1236 = EDGE_CURVE ( 'NONE', #1028, #82, #1865, .T. ) ;
#1237 = STYLED_ITEM ( 'NONE', ( #1128 ), #996 ) ;
#1238 = ORIENTED_EDGE ( 'NONE', *, *, #67, .F. ) ;
#1239 = CARTESIAN_POINT ( 'NONE',  ( 0.6476770478002515929, -1.499999999999999778, -1.084202172485504434E-15 ) ) ;
#1240 = DIRECTION ( 'NONE',  ( -0.000000000000000000, 0.000000000000000000, 1.000000000000000000 ) ) ;
#1241 = DIRECTION ( 'NONE',  ( -1.000000000000000000, 0.000000000000000000, 0.000000000000000000 ) ) ;
#1242 = ORIENTED_EDGE ( 'NONE', *, *, #523, .T. ) ;
#1243 = DIRECTION ( 'NONE',  ( -0.000000000000000000, 0.000000000000000000, 1.000000000000000000 ) ) ;
#1244 = EDGE_CURVE ( 'NONE', #853, #1682, #25, .T. ) ;
#1245 = ORIENTED_EDGE ( 'NONE', *, *, #536, .F. ) ;
#1246 = DIRECTION ( 'NONE',  ( 0.000000000000000000, 0.000000000000000000, 1.000000000000000000 ) ) ;
#1247 = CARTESIAN_POINT ( 'NONE',  ( 1.499999999999999778, -1.299999999999999822, 1.709999999999999964 ) ) ;
#1248 = CARTESIAN_POINT ( 'NONE',  ( 0.000000000000000000, 0.000000000000000000, 1.709999999999999964 ) ) ;
#1249 = CARTESIAN_POINT ( 'NONE',  ( 0.5199999999999994627, 1.410000000000000142, -0.08999999999999999667 ) ) ;
#1250 = EDGE_LOOP ( 'NONE', ( #2015, #102, #136, #661 ) ) ;
#1251 =( NAMED_UNIT ( * ) PLANE_ANGLE_UNIT ( ) SI_UNIT ( $, .RADIAN. ) );
#1252 = CARTESIAN_POINT ( 'NONE',  ( -1.300000000000000488, 1.410000000000000142, 0.000000000000000000 ) ) ;
#1253 = EDGE_CURVE ( 'NONE', #1489, #1433, #452, .T. ) ;
#1254 = AXIS2_PLACEMENT_3D ( 'NONE', #1570, #171, #8 ) ;
#1255 = ORIENTED_EDGE ( 'NONE', *, *, #119, .T. ) ;
#1256 = CARTESIAN_POINT ( 'NONE',  ( -0.5200000000000013500, -1.499999999999999778, -1.084202172485504434E-15 ) ) ;
#1257 = ORIENTED_EDGE ( 'NONE', *, *, #1137, .F. ) ;
#1258 = CARTESIAN_POINT ( 'NONE',  ( 0.4099999999999979217, -1.299999999999999822, -0.08999999999999999667 ) ) ;
#1259 = EDGE_CURVE ( 'NONE', #1549, #1890, #1352, .T. ) ;
#1260 = EDGE_CURVE ( 'NONE', #348, #886, #707, .T. ) ;
#1261 = EDGE_CURVE ( 'NONE', #415, #1335, #122, .T. ) ;
#1262 = CARTESIAN_POINT ( 'NONE',  ( -0.3899999999999997358, -1.410000000000000142, 0.000000000000000000 ) ) ;
#1263 = DIRECTION ( 'NONE',  ( 0.000000000000000000, 0.000000000000000000, -1.000000000000000000 ) ) ;
#1264 = VECTOR ( 'NONE', #1616, 1000.000000000000000 ) ;
#1265 = ORIENTED_EDGE ( 'NONE', *, *, #126, .T. ) ;
#1266 = CARTESIAN_POINT ( 'NONE',  ( -0.9100000000000009193, 1.626303258728256651E-16, -5.082197683525802034E-18 ) ) ;
#1267 = CARTESIAN_POINT ( 'NONE',  ( -0.4773708162663923282, -1.499999999999999556, -0.008074894734483530415 ) ) ;
#1268 = PRODUCT_DEFINITION_CONTEXT ( 'detailed design', #374, 'design' ) ;
#1269 = ORIENTED_EDGE ( 'NONE', *, *, #2020, .T. ) ;
#1270 = CARTESIAN_POINT ( 'NONE',  ( 1.299999999999998934, -1.299999999999999378, -0.08999999999999999667 ) ) ;
#1271 = DIRECTION ( 'NONE',  ( 1.445602896647339163E-16, -1.000000000000000000, 0.000000000000000000 ) ) ;
#1272 = AXIS2_PLACEMENT_3D ( 'NONE', #414, #1494, #1968 ) ;
#1273 = CARTESIAN_POINT ( 'NONE',  ( 1.409999999999999254, 1.500000000000000222, -0.08999999999999999667 ) ) ;
#1275 = LINE ( 'NONE', #988, #924 ) ;
#1274 = MECHANICAL_DESIGN_GEOMETRIC_PRESENTATION_REPRESENTATION (  '', ( #484 ), #1044 ) ;
#1276 = FACE_OUTER_BOUND ( 'NONE', #247, .T. ) ;
#1277 = EDGE_CURVE ( 'NONE', #1309, #510, #1069, .T. ) ;
#1278 = VERTEX_POINT ( 'NONE', #910 ) ;
#1279 = CARTESIAN_POINT ( 'NONE',  ( 0.5199999999999994627, 1.473639610306790360, -0.02636038969321077841 ) ) ;
#1280 = ORIENTED_EDGE ( 'NONE', *, *, #1219, .T. ) ;
#1281 = CARTESIAN_POINT ( 'NONE',  ( -1.300000000000000488, 1.500000000000000222, -1.084202172485504434E-15 ) ) ;
#1282 = VECTOR ( 'NONE', #856, 1000.000000000000000 ) ;
#1283 = ORIENTED_EDGE ( 'NONE', *, *, #286, .T. ) ;
#1284 = LINE ( 'NONE', #338, #990 ) ;
#1285 = AXIS2_PLACEMENT_3D ( 'NONE', #1585, #488, #541 ) ;
#1286 = CIRCLE ( 'NONE', #37, 0.2000000000000000944 ) ;
#1287 = EDGE_CURVE ( 'NONE', #671, #314, #1502, .T. ) ;
#1288 = CARTESIAN_POINT ( 'NONE',  ( -0.4100000000000010303, 1.300000000000000044, -0.08999999999999999667 ) ) ;
#1289 = CARTESIAN_POINT ( 'NONE',  ( 1.299999999999998934, -1.409999999999999698, -0.08999999999999999667 ) ) ;
#1290 = ORIENTED_EDGE ( 'NONE', *, *, #877, .T. ) ;
#1291 = CARTESIAN_POINT ( 'NONE',  ( 0.9099999999999998090, 1.626303258728256651E-16, 0.000000000000000000 ) ) ;
#1292 = ADVANCED_FACE ( 'NONE', ( #110 ), #1007, .F. ) ;
#1293 = DIRECTION ( 'NONE',  ( 1.000000000000000000, 0.000000000000000000, 0.000000000000000000 ) ) ;
#1294 = AXIS2_PLACEMENT_3D ( 'NONE', #1759, #984, #777 ) ;
#1295 = ORIENTED_EDGE ( 'NONE', *, *, #1030, .F. ) ;
#1296 = CARTESIAN_POINT ( 'NONE',  ( -0.4100000000000012523, -1.299999999999999822, 0.000000000000000000 ) ) ;
#1297 = LINE ( 'NONE', #825, #786 ) ;
#1298 = PRODUCT ( 'FTC303018S', 'FTC303018S', '', ( #1434 ) ) ;
#1299 = EDGE_LOOP ( 'NONE', ( #258, #1147, #226, #1980, #598, #49, #1774, #1467 ) ) ;
#1300 = DIRECTION ( 'NONE',  ( -0.000000000000000000, 0.000000000000000000, -1.000000000000000000 ) ) ;
#1301 = CARTESIAN_POINT ( 'NONE',  ( 0.6049014101429615042, 1.500000000000000000, -9.820949976719583034E-16 ) ) ;
#1302 = ORIENTED_EDGE ( 'NONE', *, *, #1311, .F. ) ;
#1303 = EDGE_CURVE ( 'NONE', #352, #1627, #764, .T. ) ;
#1304 = CARTESIAN_POINT ( 'NONE',  ( -1.300000000000000711, -1.299999999999999822, -0.08999999999999999667 ) ) ;
#1305 = CARTESIAN_POINT ( 'NONE',  ( -1.300000000000000266, -1.499999999999999778, 1.709999999999999964 ) ) ;
#1306 = AXIS2_PLACEMENT_3D ( 'NONE', #192, #960, #1580 ) ;
#1307 = EDGE_LOOP ( 'NONE', ( #1356, #250, #450, #1045 ) ) ;
#1308 = DIRECTION ( 'NONE',  ( 1.445602896647339410E-16, 1.000000000000000000, -1.276394085033044491E-33 ) ) ;
#1309 = VERTEX_POINT ( 'NONE', #573 ) ;
#1310 = CARTESIAN_POINT ( 'NONE',  ( -0.6476770478002535913, 1.500000000000000222, -1.084202172485504434E-15 ) ) ;
#1311 = EDGE_CURVE ( 'NONE', #1687, #1939, #1821, .T. ) ;
#1312 = EDGE_CURVE ( 'NONE', #305, #1449, #473, .T. ) ;
#1313 = ORIENTED_EDGE ( 'NONE', *, *, #523, .F. ) ;
#1314 = DIRECTION ( 'NONE',  ( 0.000000000000000000, -0.000000000000000000, 1.000000000000000000 ) ) ;
#1315 = DIRECTION ( 'NONE',  ( -0.000000000000000000, 0.000000000000000000, -1.000000000000000000 ) ) ;
#1316 = ORIENTED_EDGE ( 'NONE', *, *, #1244, .F. ) ;
#1317 = APPLICATION_CONTEXT ( 'automotive_design' ) ;
#1318 = DIRECTION ( 'NONE',  ( 0.000000000000000000, -0.000000000000000000, 1.000000000000000000 ) ) ;
#1319 = CARTESIAN_POINT ( 'NONE',  ( 1.299999999999999822, -1.439999999999999725, 1.709999999999999964 ) ) ;
#1320 = EDGE_LOOP ( 'NONE', ( #875, #1349, #1132, #194, #542 ) ) ;
#1321 = CARTESIAN_POINT ( 'NONE',  ( -0.4100000000000011413, 2.963485938127053876E-17, 0.000000000000000000 ) ) ;
#1322 = CARTESIAN_POINT ( 'NONE',  ( -0.5200000000000010170, 1.300000000000000266, -0.08999999999999999667 ) ) ;
#1323 = ADVANCED_FACE ( 'NONE', ( #1676 ), #564, .T. ) ;
#1324 = EDGE_CURVE ( 'NONE', #415, #413, #1380, .T. ) ;
#1325 = VERTEX_POINT ( 'NONE', #435 ) ;
#1326 = CARTESIAN_POINT ( 'NONE',  ( -1.440000000000000169, -1.299999999999999822, 1.709999999999999964 ) ) ;
#1327 = VECTOR ( 'NONE', #1811, 1000.000000000000000 ) ;
#1328 = CARTESIAN_POINT ( 'NONE',  ( -1.300000000000000266, -1.299999999999999822, 1.649999999999999689 ) ) ;
#1329 = CARTESIAN_POINT ( 'NONE',  ( -0.3900000000000000688, 1.299999999999999822, 0.000000000000000000 ) ) ;
#1330 = ORIENTED_EDGE ( 'NONE', *, *, #822, .T. ) ;
#1331 = FACE_OUTER_BOUND ( 'NONE', #2002, .T. ) ;
#1332 = VERTEX_POINT ( 'NONE', #1059 ) ;
#1333 = FACE_OUTER_BOUND ( 'NONE', #716, .T. ) ;
#1334 = AXIS2_PLACEMENT_3D ( 'NONE', #899, #284, #731 ) ;
#1335 = VERTEX_POINT ( 'NONE', #1685 ) ;
#1336 = DIRECTION ( 'NONE',  ( 0.000000000000000000, 0.7071067811865474617, -0.7071067811865476838 ) ) ;
#1337 = CARTESIAN_POINT ( 'NONE',  ( -0.3923229521997492197, 1.500000000000000222, 0.000000000000000000 ) ) ;
#1338 = ORIENTED_EDGE ( 'NONE', *, *, #409, .F. ) ;
#1339 = CARTESIAN_POINT ( 'NONE',  ( -0.4999999999999996669, -1.300000000000000044, 0.000000000000000000 ) ) ;
#1340 = EDGE_CURVE ( 'NONE', #1055, #1599, #1091, .T. ) ;
#1341 = EDGE_CURVE ( 'NONE', #556, #1549, #81, .T. ) ;
#1342 = CARTESIAN_POINT ( 'NONE',  ( 0.3900000000000003464, -1.299999999999999600, 0.08999999999999999667 ) ) ;
#1343 = ORIENTED_EDGE ( 'NONE', *, *, #221, .T. ) ;
#1344 = CARTESIAN_POINT ( 'NONE',  ( 1.499999999999999778, -1.299999999999999822, 1.649999999999999689 ) ) ;
#1345 = ORIENTED_EDGE ( 'NONE', *, *, #1605, .F. ) ;
#1346 = DIRECTION ( 'NONE',  ( -1.000000000000000000, -0.000000000000000000, -0.000000000000000000 ) ) ;
#1347 = DIRECTION ( 'NONE',  ( 1.000000000000000000, 0.000000000000000000, 0.000000000000000000 ) ) ;
#1348 = ADVANCED_FACE ( 'NONE', ( #1276 ), #1922, .T. ) ;
#1349 = ORIENTED_EDGE ( 'NONE', *, *, #1581, .F. ) ;
#1350 = VECTOR ( 'NONE', #628, 1000.000000000000000 ) ;
#1351 = DIRECTION ( 'NONE',  ( 0.000000000000000000, -0.7071067811865474617, -0.7071067811865476838 ) ) ;
#1352 = LINE ( 'NONE', #292, #1173 ) ;
#1353 = ORIENTED_EDGE ( 'NONE', *, *, #536, .T. ) ;
#1354 = FACE_OUTER_BOUND ( 'NONE', #1636, .T. ) ;
#1355 = CARTESIAN_POINT ( 'NONE',  ( -1.300000000000000488, 1.410000000000000142, -0.08999999999999999667 ) ) ;
#1356 = ORIENTED_EDGE ( 'NONE', *, *, #490, .T. ) ;
#1357 = LINE ( 'NONE', #904, #1651 ) ;
#1358 = AXIS2_PLACEMENT_3D ( 'NONE', #459, #933, #1874 ) ;
#1359 = ADVANCED_FACE ( 'NONE', ( #922 ), #772, .T. ) ;
#1360 = CYLINDRICAL_SURFACE ( 'NONE', #881, 0.08999999999999999667 ) ;
#1361 = LINE ( 'NONE', #742, #979 ) ;
#1362 = DIRECTION ( 'NONE',  ( 0.000000000000000000, 0.7071067811865476838, -0.7071067811865474617 ) ) ;
#1363 = ORIENTED_EDGE ( 'NONE', *, *, #368, .F. ) ;
#1364 = DIRECTION ( 'NONE',  ( 0.000000000000000000, 0.000000000000000000, -1.000000000000000000 ) ) ;
#1365 = AXIS2_PLACEMENT_3D ( 'NONE', #992, #1444, #1757 ) ;
#1366 = ORIENTED_EDGE ( 'NONE', *, *, #1906, .F. ) ;
#1367 = FACE_OUTER_BOUND ( 'NONE', #1483, .T. ) ;
#1368 = ADVANCED_FACE ( 'NONE', ( #1554 ), #113, .T. ) ;
#1369 = CARTESIAN_POINT ( 'NONE',  ( -0.2827207793864214835, 1.300000000000000266, -0.08999999999999999667 ) ) ;
#1370 = PLANE ( 'NONE',  #1334 ) ;
#1371 = CARTESIAN_POINT ( 'NONE',  ( -0.4100000000000012523, -1.299999999999999822, 0.000000000000000000 ) ) ;
#1372 = AXIS2_PLACEMENT_3D ( 'NONE', #1038, #835, #1653 ) ;
#1373 = VERTEX_POINT ( 'NONE', #491 ) ;
#1374 = CARTESIAN_POINT ( 'NONE',  ( -0.5000000000000000000, 1.409999999999999698, 0.08999999999999999667 ) ) ;
#1375 = ORIENTED_EDGE ( 'NONE', *, *, #1807, .T. ) ;
#1376 = CARTESIAN_POINT ( 'NONE',  ( -0.5000000000000000000, 1.409999999999999698, 0.000000000000000000 ) ) ;
#1377 = ORIENTED_EDGE ( 'NONE', *, *, #1030, .T. ) ;
#1378 = CLOSED_SHELL ( 'NONE', ( #41, #595, #309, #537, #1194, #1359, #1198, #985, #965, #1116, #1468, #1323, #188, #1845, #1406, #1071, #724, #259, #1445, #946, #1517, #802, #1064, #704, #1864, #571, #337, #201, #1418, #1368, #1995, #1426, #1844, #118, #1557, #20, #538, #5, #1348, #761, #1927, #1675, #336, #2026, #345, #657, #1691, #672, #1793, #738, #726, #643, #1292, #480, #384, #1713, #1615, #323 ) ) ;
#1379 = FACE_OUTER_BOUND ( 'NONE', #1480, .T. ) ;
#1380 = LINE ( 'NONE', #253, #1990 ) ;
#1381 = EDGE_LOOP ( 'NONE', ( #798, #972, #870, #574 ) ) ;
#1382 = CIRCLE ( 'NONE', #662, 0.2000000000000000944 ) ;
#1383 = VERTEX_POINT ( 'NONE', #1430 ) ;
#1384 = CARTESIAN_POINT ( 'NONE',  ( 0.4099999999999991429, -1.299999999999999822, -0.08999999999999999667 ) ) ;
#1385 = ORIENTED_EDGE ( 'NONE', *, *, #1712, .F. ) ;
#1386 = DIRECTION ( 'NONE',  ( 1.153406566473941013E-16, -1.000000000000000000, 0.000000000000000000 ) ) ;
#1387 = VECTOR ( 'NONE', #1788, 1000.000000000000000 ) ;
#1388 = DIRECTION ( 'NONE',  ( -1.000000000000000000, 0.000000000000000000, 0.000000000000000000 ) ) ;
#1389 = DIRECTION ( 'NONE',  ( 0.000000000000000000, 0.000000000000000000, -1.000000000000000000 ) ) ;
#1390 = LINE ( 'NONE', #774, #597 ) ;
#1391 = FILL_AREA_STYLE_COLOUR ( '', #683 ) ;
#1392 = CARTESIAN_POINT ( 'NONE',  ( -0.6476770478002538134, -1.499999999999999778, -1.084202172485504434E-15 ) ) ;
#1393 = ORIENTED_EDGE ( 'NONE', *, *, #278, .T. ) ;
#1394 = DIRECTION ( 'NONE',  ( -1.000000000000000000, 0.000000000000000000, 0.000000000000000000 ) ) ;
#1395 = VECTOR ( 'NONE', #1663, 1000.000000000000000 ) ;
#1396 = ORIENTED_EDGE ( 'NONE', *, *, #828, .T. ) ;
#1397 = DIRECTION ( 'NONE',  ( -1.000000000000000000, 0.000000000000000000, 0.000000000000000000 ) ) ;
#1398 = DIRECTION ( 'NONE',  ( 0.000000000000000000, 0.000000000000000000, -1.000000000000000000 ) ) ;
#1399 = CARTESIAN_POINT ( 'NONE',  ( 0.5199999999999991296, -1.473639610306789915, -0.02636038969321077841 ) ) ;
#1400 = EDGE_CURVE ( 'NONE', #1139, #1650, #379, .T. ) ;
#1401 = VERTEX_POINT ( 'NONE', #1752 ) ;
#1402 = AXIS2_PLACEMENT_3D ( 'NONE', #1369, #760, #729 ) ;
#1403 = FACE_OUTER_BOUND ( 'NONE', #1504, .T. ) ;
#1404 = ORIENTED_EDGE ( 'NONE', *, *, #841, .T. ) ;
#1405 = CYLINDRICAL_SURFACE ( 'NONE', #307, 0.1100000000000000699 ) ;
#1406 = ADVANCED_FACE ( 'NONE', ( #31 ), #310, .F. ) ;
#1407 = ORIENTED_EDGE ( 'NONE', *, *, #497, .T. ) ;
#1408 = DIRECTION ( 'NONE',  ( 0.000000000000000000, -0.000000000000000000, -1.000000000000000000 ) ) ;
#1409 = DIRECTION ( 'NONE',  ( -1.000000000000000000, 0.000000000000000000, -0.000000000000000000 ) ) ;
#1410 = FACE_OUTER_BOUND ( 'NONE', #1558, .T. ) ;
#1411 = ORIENTED_EDGE ( 'NONE', *, *, #894, .T. ) ;
#1412 = DIRECTION ( 'NONE',  ( 0.000000000000000000, 0.000000000000000000, 1.000000000000000000 ) ) ;
#1413 = DIRECTION ( 'NONE',  ( -1.153406566473941013E-16, 1.000000000000000000, -0.000000000000000000 ) ) ;
#1414 = VECTOR ( 'NONE', #326, 1000.000000000000000 ) ;
#1415 = ORIENTED_EDGE ( 'NONE', *, *, #1649, .T. ) ;
#1416 = DIRECTION ( 'NONE',  ( 0.000000000000000000, -0.000000000000000000, -1.000000000000000000 ) ) ;
#1417 = CARTESIAN_POINT ( 'NONE',  ( 0.000000000000000000, 1.410000000000001252, -0.08999999999999999667 ) ) ;
#1418 = ADVANCED_FACE ( 'NONE', ( #1231 ), #1100, .T. ) ;
#1419 = EDGE_CURVE ( 'NONE', #510, #1325, #143, .T. ) ;
#1420 = DIRECTION ( 'NONE',  ( -1.445602896647339656E-16, -1.000000000000000000, 0.000000000000000000 ) ) ;
#1421 = CARTESIAN_POINT ( 'NONE',  ( -1.300000000000000266, -1.410000000000000808, -0.08999999999999999667 ) ) ;
#1422 = ORIENTED_EDGE ( 'NONE', *, *, #596, .T. ) ;
#1423 = FILL_AREA_STYLE_COLOUR ( '', #1561 ) ;
#1424 = ORIENTED_EDGE ( 'NONE', *, *, #915, .T. ) ;
#1425 = CARTESIAN_POINT ( 'NONE',  ( -0.5200000000000012390, -1.409999999999999920, -0.08999999999999999667 ) ) ;
#1426 = ADVANCED_FACE ( 'NONE', ( #792 ), #329, .T. ) ;
#1427 = ORIENTED_EDGE ( 'NONE', *, *, #766, .T. ) ;
#1428 = CARTESIAN_POINT ( 'NONE',  ( -0.3923229521997496638, -1.499999999999999778, 0.000000000000000000 ) ) ;
#1429 = AXIS2_PLACEMENT_3D ( 'NONE', #424, #403, #265 ) ;
#1430 = CARTESIAN_POINT ( 'NONE',  ( 0.5000000000000000000, 1.299999999999999822, 0.08999999999999999667 ) ) ;
#1431 = FACE_OUTER_BOUND ( 'NONE', #1764, .T. ) ;
#1432 = EDGE_CURVE ( 'NONE', #1401, #780, #1731, .T. ) ;
#1433 = VERTEX_POINT ( 'NONE', #1587 ) ;
#1434 = PRODUCT_CONTEXT ( 'NONE', #164, 'mechanical' ) ;
#1435 = ORIENTED_EDGE ( 'NONE', *, *, #1637, .T. ) ;
#1436 = DIRECTION ( 'NONE',  ( 0.000000000000000000, -0.7071067811865474617, 0.7071067811865474617 ) ) ;
#1437 = AXIS2_PLACEMENT_3D ( 'NONE', #1915, #971, #656 ) ;
#1438 = ORIENTED_EDGE ( 'NONE', *, *, #1733, .F. ) ;
#1439 = UNCERTAINTY_MEASURE_WITH_UNIT (LENGTH_MEASURE( 1.000000000000000082E-05 ), #1866, 'distance_accuracy_value', 'NONE');
#1440 = CARTESIAN_POINT ( 'NONE',  ( -0.5200000000000012390, -1.409999999999999920, -0.08999999999999999667 ) ) ;
#1441 = LINE ( 'NONE', #1742, #232 ) ;
#1442 = ORIENTED_EDGE ( 'NONE', *, *, #1432, .F. ) ;
#1443 = AXIS2_PLACEMENT_3D ( 'NONE', #1843, #1535, #1060 ) ;
#1444 = DIRECTION ( 'NONE',  ( -1.000000000000000000, 7.228014483236698281E-17, 0.000000000000000000 ) ) ;
#1445 = ADVANCED_FACE ( 'NONE', ( #783 ), #803, .T. ) ;
#1446 = ORIENTED_EDGE ( 'NONE', *, *, #1996, .T. ) ;
#1447 = DIRECTION ( 'NONE',  ( 0.7071067811865475727, -5.110978055611247743E-17, -0.7071067811865475727 ) ) ;
#1448 = AXIS2_PLACEMENT_3D ( 'NONE', #1216, #1088, #1693 ) ;
#1449 = VERTEX_POINT ( 'NONE', #1862 ) ;
#1450 = CARTESIAN_POINT ( 'NONE',  ( -0.6476770478002538134, -1.499999999999999778, -1.084202172485504434E-15 ) ) ;
#1451 = LINE ( 'NONE', #1101, #2006 ) ;
#1452 = ORIENTED_EDGE ( 'NONE', *, *, #1046, .F. ) ;
#1453 = VECTOR ( 'NONE', #340, 1000.000000000000000 ) ;
#1454 = EDGE_CURVE ( 'NONE', #859, #1335, #453, .T. ) ;
#1455 = ORIENTED_EDGE ( 'NONE', *, *, #1956, .F. ) ;
#1456 = DIRECTION ( 'NONE',  ( 0.000000000000000000, -0.000000000000000000, -1.000000000000000000 ) ) ;
#1457 = ORIENTED_EDGE ( 'NONE', *, *, #715, .T. ) ;
#1458 = CARTESIAN_POINT ( 'NONE',  ( 0.5199999999999994627, 1.300000000000000266, -0.02636038969321068126 ) ) ;
#1459 = DIRECTION ( 'NONE',  ( 0.000000000000000000, -0.7071067811865474617, -0.7071067811865476838 ) ) ;
#1460 = AXIS2_PLACEMENT_3D ( 'NONE', #788, #15, #639 ) ;
#1461 = VERTEX_POINT ( 'NONE', #1081 ) ;
#1462 = CARTESIAN_POINT ( 'NONE',  ( -0.3899999999999997358, -1.300000000000000266, 0.000000000000000000 ) ) ;
#1463 = VERTEX_POINT ( 'NONE', #1262 ) ;
#1464 = CARTESIAN_POINT ( 'NONE',  ( -0.6050401891005281474, 1.500000000000000444, 1.071496678276689436E-16 ) ) ;
#1465 = LINE ( 'NONE', #388, #493 ) ;
#1466 = PRODUCT_DEFINITION_FORMATION_WITH_SPECIFIED_SOURCE ( 'ANY', '', #1298, .NOT_KNOWN. ) ;
#1467 = ORIENTED_EDGE ( 'NONE', *, *, #1469, .T. ) ;
#1468 = ADVANCED_FACE ( 'NONE', ( #1894 ), #477, .T. ) ;
#1469 = EDGE_CURVE ( 'NONE', #35, #1608, #1620, .T. ) ;
#1470 = VECTOR ( 'NONE', #1673, 1000.000000000000000 ) ;
#1471 = EDGE_CURVE ( 'NONE', #406, #9, #1769, .T. ) ;
#1472 = CARTESIAN_POINT ( 'NONE',  ( -0.4999999999999996669, -1.410000000000000142, 0.08999999999999999667 ) ) ;
#1473 = CARTESIAN_POINT ( 'NONE',  ( -0.4100000000000010303, 1.300000000000000044, 0.000000000000000000 ) ) ;
#1474 = CIRCLE ( 'NONE', #1710, 0.1100000000000000144 ) ;
#1475 = STYLED_ITEM ( 'NONE', ( #599 ), #709 ) ;
#1476 = ORIENTED_EDGE ( 'NONE', *, *, #895, .F. ) ;
#1477 = DIRECTION ( 'NONE',  ( -0.000000000000000000, -0.000000000000000000, 1.000000000000000000 ) ) ;
#1478 = AXIS2_PLACEMENT_3D ( 'NONE', #320, #341, #1607 ) ;
#1479 = CARTESIAN_POINT ( 'NONE',  ( 0.6050401891005261490, -1.499999999999999778, 1.088437337221775443E-16 ) ) ;
#1480 = EDGE_LOOP ( 'NONE', ( #1207, #86, #610, #1166 ) ) ;
#1481 = DIRECTION ( 'NONE',  ( 7.228014483236697048E-17, 1.000000000000000000, -0.000000000000000000 ) ) ;
#1482 = DIRECTION ( 'NONE',  ( 0.000000000000000000, -0.000000000000000000, -1.000000000000000000 ) ) ;
#1483 = EDGE_LOOP ( 'NONE', ( #570, #1129, #61, #1438 ) ) ;
#1484 = CARTESIAN_POINT ( 'NONE',  ( 0.000000000000000000, 0.000000000000000000, 0.000000000000000000 ) ) ;
#1485 = PRODUCT_DEFINITION_CONTEXT ( 'detailed design', #1716, 'design' ) ;
#1486 = CIRCLE ( 'NONE', #252, 0.1736396103067903984 ) ;
#1487 = LINE ( 'NONE', #1634, #1054 ) ;
#1488 = CARTESIAN_POINT ( 'NONE',  ( -0.3900000000000000688, 1.409999999999999698, 0.08999999999999999667 ) ) ;
#1489 = VERTEX_POINT ( 'NONE', #1288 ) ;
#1490 = EDGE_CURVE ( 'NONE', #1493, #159, #1891, .T. ) ;
#1491 = CARTESIAN_POINT ( 'NONE',  ( 1.299999999999999822, -1.439999999999999725, 1.709999999999999964 ) ) ;
#1492 = DIRECTION ( 'NONE',  ( -0.000000000000000000, -0.000000000000000000, 1.000000000000000000 ) ) ;
#1493 = VERTEX_POINT ( 'NONE', #1440 ) ;
#1494 = DIRECTION ( 'NONE',  ( 0.000000000000000000, -1.000000000000000000, 0.000000000000000000 ) ) ;
#1495 = VECTOR ( 'NONE', #1492, 1000.000000000000000 ) ;
#1496 = EDGE_CURVE ( 'NONE', #980, #305, #1606, .T. ) ;
#1497 = ORIENTED_EDGE ( 'NONE', *, *, #1312, .F. ) ;
#1498 = PLANE ( 'NONE',  #398 ) ;
#1499 = LINE ( 'NONE', #548, #1178 ) ;
#1500 = ORIENTED_EDGE ( 'NONE', *, *, #321, .T. ) ;
#1501 = DIRECTION ( 'NONE',  ( -0.000000000000000000, -0.000000000000000000, -1.000000000000000000 ) ) ;
#1502 = LINE ( 'NONE', #1853, #831 ) ;
#1504 = EDGE_LOOP ( 'NONE', ( #361, #1910, #753, #1411 ) ) ;
#1503 = AXIS2_PLACEMENT_3D ( 'NONE', #1734, #1746, #1897 ) ;
#1505 = DIRECTION ( 'NONE',  ( 0.7071067811865474617, 0.000000000000000000, -0.7071067811865474617 ) ) ;
#1506 = ORIENTED_EDGE ( 'NONE', *, *, #1989, .T. ) ;
#1507 = SURFACE_STYLE_FILL_AREA ( #883 ) ;
#1508 = DIRECTION ( 'NONE',  ( -1.000000000000000000, 0.000000000000000000, 0.000000000000000000 ) ) ;
#1509 = EDGE_CURVE ( 'NONE', #393, #35, #1762, .T. ) ;
#1510 = EDGE_LOOP ( 'NONE', ( #1739, #1978, #1943, #687, #1758, #1896, #646, #1929 ) ) ;
#1511 = CARTESIAN_POINT ( 'NONE',  ( 0.6024333804600614517, -1.500000000000000000, -9.751948782156243263E-16 ) ) ;
#1512 = VECTOR ( 'NONE', #2039, 1000.000000000000000 ) ;
#1513 = DIRECTION ( 'NONE',  ( 1.000000000000000000, 0.000000000000000000, 0.000000000000000000 ) ) ;
#1514 = CARTESIAN_POINT ( 'NONE',  ( -1.440000000000000169, -1.299999999999999822, 1.709999999999999964 ) ) ;
#1515 = DIRECTION ( 'NONE',  ( 0.000000000000000000, -1.000000000000000000, 0.000000000000000000 ) ) ;
#1516 = FACE_OUTER_BOUND ( 'NONE', #79, .T. ) ;
#1517 = ADVANCED_FACE ( 'NONE', ( #1914 ), #824, .F. ) ;
#1518 = ORIENTED_EDGE ( 'NONE', *, *, #2040, .T. ) ;
#1519 = FACE_OUTER_BOUND ( 'NONE', #215, .T. ) ;
#1520 = VECTOR ( 'NONE', #207, 1000.000000000000000 ) ;
#1521 = DIRECTION ( 'NONE',  ( -1.445602896647339163E-16, 1.000000000000000000, 0.000000000000000000 ) ) ;
#1522 = DIRECTION ( 'NONE',  ( 0.000000000000000000, -0.000000000000000000, -1.000000000000000000 ) ) ;
#1523 = CARTESIAN_POINT ( 'NONE',  ( 1.299999999999999822, -1.499999999999999778, -1.084202172485504434E-15 ) ) ;
#1524 = VERTEX_POINT ( 'NONE', #855 ) ;
#1525 =( NAMED_UNIT ( * ) PLANE_ANGLE_UNIT ( ) SI_UNIT ( $, .RADIAN. ) );
#1526 = CARTESIAN_POINT ( 'NONE',  ( 0.5199999999999992406, -1.409999999999999698, 0.000000000000000000 ) ) ;
#1527 = AXIS2_PLACEMENT_3D ( 'NONE', #555, #1183, #1679 ) ;
#1528 = AXIS2_PLACEMENT_3D ( 'NONE', #397, #1195, #427 ) ;
#1529 = ORIENTED_EDGE ( 'NONE', *, *, #196, .T. ) ;
#1530 = DIRECTION ( 'NONE',  ( 0.000000000000000000, 0.000000000000000000, 1.000000000000000000 ) ) ;
#1531 = EDGE_CURVE ( 'NONE', #1449, #712, #930, .T. ) ;
#1532 = EDGE_CURVE ( 'NONE', #1608, #853, #217, .T. ) ;
#1533 = CARTESIAN_POINT ( 'NONE',  ( -1.300000000000000488, 1.500000000000000222, 1.649999999999999689 ) ) ;
#1534 = DIRECTION ( 'NONE',  ( -0.000000000000000000, 0.000000000000000000, 1.000000000000000000 ) ) ;
#1535 = DIRECTION ( 'NONE',  ( 0.000000000000000000, 0.000000000000000000, 1.000000000000000000 ) ) ;
#1536 = AXIS2_PLACEMENT_3D ( 'NONE', #1810, #1031, #88 ) ;
#1537 = ORIENTED_EDGE ( 'NONE', *, *, #6, .F. ) ;
#1538 = CARTESIAN_POINT ( 'NONE',  ( -1.300000000000000266, -1.299999999999999822, 1.709999999999999964 ) ) ;
#1539 = B_SPLINE_CURVE_WITH_KNOTS ( 'NONE', 3,
 ( #1825, #376, #830, #1794 ),
 .UNSPECIFIED., .F., .F.,
 ( 4, 4 ),
 ( 0.000000000000000000, 0.0001338257826121592553 ),
 .UNSPECIFIED. ) ;
#1540 = EDGE_LOOP ( 'NONE', ( #840, #727, #796, #1950 ) ) ;
#1541 = CARTESIAN_POINT ( 'NONE',  ( 1.410000000000000586, 2.038300084272749075E-16, -0.08999999999999999667 ) ) ;
#1542 = AXIS2_PLACEMENT_3D ( 'NONE', #454, #285, #1082 ) ;
#1543 = CARTESIAN_POINT ( 'NONE',  ( -0.5000000000000000000, 1.409999999999999698, 0.08999999999999999667 ) ) ;
#1544 = DIRECTION ( 'NONE',  ( 1.000000000000000000, 0.000000000000000000, 0.000000000000000000 ) ) ;
#1545 = DIRECTION ( 'NONE',  ( -1.000000000000000000, 0.000000000000000000, 0.000000000000000000 ) ) ;
#1546 = AXIS2_PLACEMENT_3D ( 'NONE', #1702, #128, #590 ) ;
#1547 = PRESENTATION_STYLE_ASSIGNMENT (( #426 ) ) ;
#1548 = CARTESIAN_POINT ( 'NONE',  ( 0.5199999999999991296, -1.299999999999999822, 0.000000000000000000 ) ) ;
#1549 = VERTEX_POINT ( 'NONE', #1798 ) ;
#1550 = VERTEX_POINT ( 'NONE', #1596 ) ;
#1551 = EDGE_CURVE ( 'NONE', #677, #995, #350, .T. ) ;
#1552 = VECTOR ( 'NONE', #515, 1000.000000000000000 ) ;
#1553 = LINE ( 'NONE', #1543, #1839 ) ;
#1554 = FACE_OUTER_BOUND ( 'NONE', #837, .T. ) ;
#1555 = CARTESIAN_POINT ( 'NONE',  ( 0.000000000000000000, 0.000000000000000000, 0.000000000000000000 ) ) ;
#1556 = CARTESIAN_POINT ( 'NONE',  ( -1.440000000000000613, 1.300000000000000266, 1.709999999999999964 ) ) ;
#1557 = ADVANCED_FACE ( 'NONE', ( #504 ), #1729, .T. ) ;
#1558 = EDGE_LOOP ( 'NONE', ( #334, #513, #1658, #1778 ) ) ;
#1559 = CARTESIAN_POINT ( 'NONE',  ( -1.300000000000000711, -1.409999999999999698, -0.08999999999999999667 ) ) ;
#1560 =( REPRESENTATION_RELATIONSHIP ('NONE','NONE', #1802, #676 ) REPRESENTATION_RELATIONSHIP_WITH_TRANSFORMATION ( #981 )SHAPE_REPRESENTATION_RELATIONSHIP( ) );
#1561 = COLOUR_RGB ( '',0.8980392156862745390, 0.9215686274509803377, 0.9294117647058823817 ) ;
#1562 = AXIS2_PLACEMENT_3D ( 'NONE', #1881, #1786, #467 ) ;
#1563 = LINE ( 'NONE', #686, #1877 ) ;
#1564 = DIRECTION ( 'NONE',  ( -0.000000000000000000, -0.000000000000000000, 1.000000000000000000 ) ) ;
#1565 = LINE ( 'NONE', #1421, #437 ) ;
#1566 = ORIENTED_EDGE ( 'NONE', *, *, #1111, .F. ) ;
#1567 = CONICAL_SURFACE ( 'NONE', #1639, 0.1100000000000011524, 0.7853981633974479459 ) ;
#1568 = CARTESIAN_POINT ( 'NONE',  ( 1.299999999999999822, -1.499999999999999778, 1.649999999999999689 ) ) ;
#1569 = VERTEX_POINT ( 'NONE', #51 ) ;
#1570 = CARTESIAN_POINT ( 'NONE',  ( -0.3900000000000000688, 1.299999999999999822, 0.08999999999999999667 ) ) ;
#1571 = AXIS2_PLACEMENT_3D ( 'NONE', #2013, #608, #1669 ) ;
#1572 = EDGE_CURVE ( 'NONE', #1332, #785, #1009, .T. ) ;
#1573 = ORIENTED_EDGE ( 'NONE', *, *, #349, .F. ) ;
#1574 = CARTESIAN_POINT ( 'NONE',  ( -1.440000000000000169, -1.299999999999999822, 1.709999999999999964 ) ) ;
#1575 = VECTOR ( 'NONE', #1875, 1000.000000000000000 ) ;
#1576 = CARTESIAN_POINT ( 'NONE',  ( 1.299999999999999378, 1.300000000000000266, 1.709999999999999964 ) ) ;
#1577 = FACE_OUTER_BOUND ( 'NONE', #264, .T. ) ;
#1578 = ORIENTED_EDGE ( 'NONE', *, *, #1605, .T. ) ;
#1579 = DIRECTION ( 'NONE',  ( 1.000000000000000000, 0.000000000000000000, 0.000000000000000000 ) ) ;
#1580 = DIRECTION ( 'NONE',  ( 1.000000000000000000, 0.000000000000000000, 0.000000000000000000 ) ) ;
#1581 = EDGE_CURVE ( 'NONE', #1325, #1028, #1486, .T. ) ;
#1582 = ORIENTED_EDGE ( 'NONE', *, *, #989, .F. ) ;
#1583 = FACE_OUTER_BOUND ( 'NONE', #399, .T. ) ;
#1584 = ORIENTED_EDGE ( 'NONE', *, *, #1400, .T. ) ;
#1585 = CARTESIAN_POINT ( 'NONE',  ( 0.5199999999999991296, -1.299999999999999822, -0.08999999999999999667 ) ) ;
#1586 = VECTOR ( 'NONE', #1564, 1000.000000000000000 ) ;
#1587 = CARTESIAN_POINT ( 'NONE',  ( -0.5200000000000009059, 1.409999999999999920, -0.08999999999999999667 ) ) ;
#1588 = PLANE ( 'NONE',  #1478 ) ;
#1589 = ORIENTED_EDGE ( 'NONE', *, *, #1893, .F. ) ;
#1590 = APPLICATION_PROTOCOL_DEFINITION ( 'draft international standard', 'automotive_design', 1998, #1317 ) ;
#1591 = DIRECTION ( 'NONE',  ( 0.000000000000000000, 0.000000000000000000, 1.000000000000000000 ) ) ;
#1592 = ORIENTED_EDGE ( 'NONE', *, *, #2020, .F. ) ;
#1593 = FACE_OUTER_BOUND ( 'NONE', #1036, .T. ) ;
#1594 = ORIENTED_EDGE ( 'NONE', *, *, #1341, .F. ) ;
#1595 = VECTOR ( 'NONE', #1477, 1000.000000000000000 ) ;
#1596 = CARTESIAN_POINT ( 'NONE',  ( 1.409999999999999032, -1.299999999999999378, 0.000000000000000000 ) ) ;
#1597 = CARTESIAN_POINT ( 'NONE',  ( -0.4999999999999996669, -1.410000000000000142, 0.08999999999999999667 ) ) ;
#1598 = EDGE_CURVE ( 'NONE', #219, #1604, #59, .T. ) ;
#1599 = VERTEX_POINT ( 'NONE', #663 ) ;
#1600 =( LENGTH_UNIT ( ) NAMED_UNIT ( * ) SI_UNIT ( .MILLI., .METRE. ) );
#1601 = PRODUCT_DEFINITION_SHAPE ( 'NONE', 'NONE',  #2043 ) ;
#1602 = EDGE_LOOP ( 'NONE', ( #1701, #155, #1692, #1040 ) ) ;
#1603 = CARTESIAN_POINT ( 'NONE',  ( -1.300000000000000711, -1.409999999999999698, 0.000000000000000000 ) ) ;
#1604 = VERTEX_POINT ( 'NONE', #358 ) ;
#1605 = EDGE_CURVE ( 'NONE', #159, #9, #228, .T. ) ;
#1606 = LINE ( 'NONE', #1133, #1520 ) ;
#1607 = DIRECTION ( 'NONE',  ( 1.445602896647339656E-16, 1.000000000000000000, 0.000000000000000000 ) ) ;
#1608 = VERTEX_POINT ( 'NONE', #525 ) ;
#1609 = AXIS2_PLACEMENT_3D ( 'NONE', #1555, #2009, #1696 ) ;
#1610 = PLANE ( 'NONE',  #1365 ) ;
#1611 = ORIENTED_EDGE ( 'NONE', *, *, #1621, .F. ) ;
#1612 = FACE_OUTER_BOUND ( 'NONE', #1066, .T. ) ;
#1613 = AXIS2_PLACEMENT_3D ( 'NONE', #736, #2005, #1227 ) ;
#1614 = ORIENTED_EDGE ( 'NONE', *, *, #1311, .T. ) ;
#1615 = ADVANCED_FACE ( 'NONE', ( #534 ), #1944, .F. ) ;
#1616 = DIRECTION ( 'NONE',  ( 1.153406566473941013E-16, -1.000000000000000000, 0.000000000000000000 ) ) ;
#1617 = DIRECTION ( 'NONE',  ( 1.445602896647339163E-16, -1.000000000000000000, 0.000000000000000000 ) ) ;
#1618 = ORIENTED_EDGE ( 'NONE', *, *, #1324, .F. ) ;
#1619 = SURFACE_SIDE_STYLE ('',( #1002 ) ) ;
#1620 = CIRCLE ( 'NONE', #935, 0.1100000000000000144 ) ;
#1621 = EDGE_CURVE ( 'NONE', #1524, #53, #987, .T. ) ;
#1622 = EDGE_CURVE ( 'NONE', #53, #1028, #999, .T. ) ;
#1623 = EDGE_CURVE ( 'NONE', #1278, #464, #1984, .T. ) ;
#1624 = ORIENTED_EDGE ( 'NONE', *, *, #447, .F. ) ;
#1625 = DIRECTION ( 'NONE',  ( 1.000000000000000000, 0.000000000000000000, 0.000000000000000000 ) ) ;
#1626 = DIRECTION ( 'NONE',  ( -1.000000000000000000, 1.837630800822889552E-16, 0.000000000000000000 ) ) ;
#1627 = VERTEX_POINT ( 'NONE', #621 ) ;
#1628 = CIRCLE ( 'NONE', #1272, 0.08999999999999999667 ) ;
#1629 = CARTESIAN_POINT ( 'NONE',  ( 0.5199999999999994627, 1.410000000000001252, -0.08999999999999999667 ) ) ;
#1630 = DIRECTION ( 'NONE',  ( 0.000000000000000000, 0.000000000000000000, 1.000000000000000000 ) ) ;
#1631 = VECTOR ( 'NONE', #1053, 1000.000000000000000 ) ;
#1632 = ORIENTED_EDGE ( 'NONE', *, *, #553, .F. ) ;
#1633 = PLANE ( 'NONE',  #1964 ) ;
#1634 = CARTESIAN_POINT ( 'NONE',  ( 1.499999999999999334, 1.300000000000000266, 1.649999999999999689 ) ) ;
#1635 = CARTESIAN_POINT ( 'NONE',  ( 0.5199999999999994627, 1.300000000000000266, -0.09000000000000002442 ) ) ;
#1636 = EDGE_LOOP ( 'NONE', ( #1097, #652, #1869, #836 ) ) ;
#1637 = EDGE_CURVE ( 'NONE', #809, #1433, #2016, .T. ) ;
#1638 = EDGE_CURVE ( 'NONE', #485, #1325, #722, .T. ) ;
#1639 = AXIS2_PLACEMENT_3D ( 'NONE', #865, #1630, #71 ) ;
#1640 = CARTESIAN_POINT ( 'NONE',  ( 1.299999999999999378, 1.500000000000000222, 1.709999999999999964 ) ) ;
#1641 = DIRECTION ( 'NONE',  ( 0.000000000000000000, 0.000000000000000000, 1.000000000000000000 ) ) ;
#1642 = AXIS2_PLACEMENT_3D ( 'NONE', #1042, #3, #24 ) ;
#1643 = ORIENTED_EDGE ( 'NONE', *, *, #240, .F. ) ;
#1644 = CYLINDRICAL_SURFACE ( 'NONE', #1429, 0.1099999999999999589 ) ;
#1645 = VECTOR ( 'NONE', #460, 1000.000000000000114 ) ;
#1646 = EDGE_LOOP ( 'NONE', ( #2023, #1051, #1025, #1295 ) ) ;
#1647 = DIRECTION ( 'NONE',  ( 1.000000000000000000, 0.000000000000000000, 0.000000000000000000 ) ) ;
#1648 = CARTESIAN_POINT ( 'NONE',  ( 0.5626291837336088175, -1.499999999999999556, -0.008074894734483490516 ) ) ;
#1649 = EDGE_CURVE ( 'NONE', #53, #510, #1917, .T. ) ;
#1650 = VERTEX_POINT ( 'NONE', #917 ) ;
#1651 = VECTOR ( 'NONE', #1715, 1000.000000000000000 ) ;
#1652 = EDGE_CURVE ( 'NONE', #1921, #882, #1818, .T. ) ;
#1653 = DIRECTION ( 'NONE',  ( 1.000000000000000000, 0.000000000000000000, 0.000000000000000000 ) ) ;
#1654 = DIRECTION ( 'NONE',  ( -1.000000000000000000, 0.000000000000000000, 0.000000000000000000 ) ) ;
#1655 = EDGE_LOOP ( 'NONE', ( #708, #1255, #1363, #1506 ) ) ;
#1656 = LINE ( 'NONE', #112, #193 ) ;
#1657 = VECTOR ( 'NONE', #1314, 1000.000000000000000 ) ;
#1658 = ORIENTED_EDGE ( 'NONE', *, *, #1277, .T. ) ;
#1659 =( LENGTH_UNIT ( ) NAMED_UNIT ( * ) SI_UNIT ( .MILLI., .METRE. ) );
#1660 = CARTESIAN_POINT ( 'NONE',  ( -0.6476770478002538134, -1.499999999999999778, -1.084202172485504434E-15 ) ) ;
#1661 = ORIENTED_EDGE ( 'NONE', *, *, #105, .F. ) ;
#1662 = DIRECTION ( 'NONE',  ( -0.000000000000000000, 0.000000000000000000, 1.000000000000000000 ) ) ;
#1663 = DIRECTION ( 'NONE',  ( 1.445602896647339410E-16, 1.000000000000000000, 0.000000000000000000 ) ) ;
#1664 = ORIENTED_EDGE ( 'NONE', *, *, #212, .T. ) ;
#1665 = PRODUCT_DEFINITION ( 'UNKNOWN', '', #909, #1485 ) ;
#1666 = CARTESIAN_POINT ( 'NONE',  ( 1.439999999999999725, -1.299999999999999822, 1.709999999999999964 ) ) ;
#1667 = VECTOR ( 'NONE', #1856, 1000.000000000000000 ) ;
#1668 = EDGE_LOOP ( 'NONE', ( #829, #1771, #1226, #288 ) ) ;
#1669 = DIRECTION ( 'NONE',  ( 1.000000000000000000, 0.000000000000000000, 0.000000000000000000 ) ) ;
#1670 = CARTESIAN_POINT ( 'NONE',  ( 0.3923229521997472768, -1.499999999999999778, 0.000000000000000000 ) ) ;
#1671 = EDGE_LOOP ( 'NONE', ( #106, #1141, #612, #1855, #1831 ) ) ;
#1672 = AXIS2_PLACEMENT_3D ( 'NONE', #604, #1351, #1861 ) ;
#1673 = DIRECTION ( 'NONE',  ( 0.000000000000000000, 0.000000000000000000, 1.000000000000000000 ) ) ;
#1674 = ADVANCED_FACE ( 'NONE', ( #457 ), #140, .T. ) ;
#1675 = ADVANCED_FACE ( 'NONE', ( #1994 ), #1131, .T. ) ;
#1676 = FACE_OUTER_BOUND ( 'NONE', #756, .T. ) ;
#1678 = LINE ( 'NONE', #1211, #1575 ) ;
#1677 = VECTOR ( 'NONE', #1625, 1000.000000000000000 ) ;
#1679 = DIRECTION ( 'NONE',  ( -1.000000000000000000, 1.837630800822889799E-16, 0.000000000000000000 ) ) ;
#1680 =( LENGTH_UNIT ( ) NAMED_UNIT ( * ) SI_UNIT ( .MILLI., .METRE. ) );
#1681 = DIRECTION ( 'NONE',  ( 1.000000000000000000, 0.000000000000000000, 0.000000000000000000 ) ) ;
#1682 = VERTEX_POINT ( 'NONE', #1683 ) ;
#1683 = CARTESIAN_POINT ( 'NONE',  ( 0.5000000000000003331, -1.299999999999999600, 0.08999999999999999667 ) ) ;
#1684 = DIRECTION ( 'NONE',  ( 1.000000000000000000, -1.837630800822889799E-16, -0.000000000000000000 ) ) ;
#1685 = CARTESIAN_POINT ( 'NONE',  ( 1.409999999999999032, -1.299999999999999378, -0.08999999999999999667 ) ) ;
#1686 = LINE ( 'NONE', #1221, #72 ) ;
#1687 = VERTEX_POINT ( 'NONE', #1851 ) ;
#1688 = CARTESIAN_POINT ( 'NONE',  ( 0.000000000000000000, 0.000000000000000000, 0.000000000000000000 ) ) ;
#1689 = CARTESIAN_POINT ( 'NONE',  ( -0.6049014101429635026, -1.499999999999999778, -9.820949976719583034E-16 ) ) ;
#1690 = EDGE_CURVE ( 'NONE', #342, #402, #440, .T. ) ;
#1691 = ADVANCED_FACE ( 'NONE', ( #1367 ), #998, .T. ) ;
#1692 = ORIENTED_EDGE ( 'NONE', *, *, #759, .F. ) ;
#1693 = DIRECTION ( 'NONE',  ( 1.000000000000000000, 0.000000000000000000, 0.000000000000000000 ) ) ;
#1694 = LINE ( 'NONE', #1998, #779 ) ;
#1695 = DIRECTION ( 'NONE',  ( -0.000000000000000000, 0.000000000000000000, 1.000000000000000000 ) ) ;
#1696 = DIRECTION ( 'NONE',  ( 1.000000000000000000, 0.000000000000000000, 0.000000000000000000 ) ) ;
#1697 = VERTEX_POINT ( 'NONE', #1727 ) ;
#1698 = LINE ( 'NONE', #1526, #262 ) ;
#1699 = MECHANICAL_DESIGN_GEOMETRIC_PRESENTATION_REPRESENTATION (  '', ( #1237 ), #157 ) ;
#1700 = CIRCLE ( 'NONE', #1738, 0.1099999999999999589 ) ;
#1701 = ORIENTED_EDGE ( 'NONE', *, *, #559, .F. ) ;
#1702 = CARTESIAN_POINT ( 'NONE',  ( -1.300000000000000488, 1.300000000000000266, 1.649999999999999689 ) ) ;
#1703 = CARTESIAN_POINT ( 'NONE',  ( 1.499999999999999778, -1.299999999999999822, -1.084202172485504434E-15 ) ) ;
#1704 = PRODUCT_DEFINITION_FORMATION_WITH_SPECIFIED_SOURCE ( 'ANY', '', #509, .NOT_KNOWN. ) ;
#1705 = CARTESIAN_POINT ( 'NONE',  ( -1.300000000000000266, -1.439999999999999725, 1.709999999999999964 ) ) ;
#1706 = CARTESIAN_POINT ( 'NONE',  ( 0.6476770478002518150, 1.500000000000000222, -1.084202172485504434E-15 ) ) ;
#1707 = CIRCLE ( 'NONE', #1020, 0.08999999999999999667 ) ;
#1708 = SURFACE_SIDE_STYLE ('',( #912 ) ) ;
#1709 = DIRECTION ( 'NONE',  ( -0.000000000000000000, 0.000000000000000000, 1.000000000000000000 ) ) ;
#1710 = AXIS2_PLACEMENT_3D ( 'NONE', #177, #1158, #1006 ) ;
#1711 =( GEOMETRIC_REPRESENTATION_CONTEXT ( 3 ) GLOBAL_UNCERTAINTY_ASSIGNED_CONTEXT ( ( #961 ) ) GLOBAL_UNIT_ASSIGNED_CONTEXT ( ( #1600, #1251, #482 ) ) REPRESENTATION_CONTEXT ( 'NONE', 'WORKASPACE' ) );
#1712 = EDGE_CURVE ( 'NONE', #939, #1401, #1056, .T. ) ;
#1713 = ADVANCED_FACE ( 'NONE', ( #297 ), #141, .F. ) ;
#1714 = EDGE_LOOP ( 'NONE', ( #2012, #1594, #849, #1632 ) ) ;
#1715 = DIRECTION ( 'NONE',  ( -0.000000000000000000, -0.000000000000000000, 1.000000000000000000 ) ) ;
#1716 = APPLICATION_CONTEXT ( 'automotive_design' ) ;
#1717 = AXIS2_PLACEMENT_3D ( 'NONE', #585, #2022, #1241 ) ;
#1718 = DIRECTION ( 'NONE',  ( 0.000000000000000000, -0.000000000000000000, -1.000000000000000000 ) ) ;
#1719 = EDGE_CURVE ( 'NONE', #413, #1973, #1357, .T. ) ;
#1720 = CARTESIAN_POINT ( 'NONE',  ( 0.3900000000000003464, -1.299999999999999600, 0.000000000000000000 ) ) ;
#1721 = CARTESIAN_POINT ( 'NONE',  ( 0.2827207793864194851, -1.299999999999999822, 0.000000000000000000 ) ) ;
#1722 = VECTOR ( 'NONE', #306, 1000.000000000000114 ) ;
#1723 = ORIENTED_EDGE ( 'NONE', *, *, #321, .F. ) ;
#1724 = SHAPE_DEFINITION_REPRESENTATION ( #844, #676 ) ;
#1725 = LINE ( 'NONE', #169, #1016 ) ;
#1726 = ORIENTED_EDGE ( 'NONE', *, *, #1174, .F. ) ;
#1727 = CARTESIAN_POINT ( 'NONE',  ( -0.5200000000000012390, -1.409999999999999920, 0.000000000000000000 ) ) ;
#1728 = EDGE_LOOP ( 'NONE', ( #1782, #1784, #366, #1345 ) ) ;
#1729 = CONICAL_SURFACE ( 'NONE', #1857, 0.1399999999999999301, 0.7853981633974476129 ) ;
#1730 = LINE ( 'NONE', #942, #1631 ) ;
#1731 = LINE ( 'NONE', #943, #1586 ) ;
#1732 = DIRECTION ( 'NONE',  ( 1.000000000000000000, 0.000000000000000000, 0.000000000000000000 ) ) ;
#1733 = EDGE_CURVE ( 'NONE', #56, #415, #1382, .T. ) ;
#1734 = CARTESIAN_POINT ( 'NONE',  ( 2.646275325441467500E-16, -2.168404344971008868E-16, 0.08999999999999999667 ) ) ;
#1735 = CARTESIAN_POINT ( 'NONE',  ( -1.500000000000000666, 1.300000000000000266, -1.084202172485504434E-15 ) ) ;
#1736 = ORIENTED_EDGE ( 'NONE', *, *, #1551, .T. ) ;
#1737 = CARTESIAN_POINT ( 'NONE',  ( 0.3923229521997477209, 1.500000000000000222, 0.000000000000000000 ) ) ;
#1738 = AXIS2_PLACEMENT_3D ( 'NONE', #1074, #322, #446 ) ;
#1739 = ORIENTED_EDGE ( 'NONE', *, *, #1572, .T. ) ;
#1740 = DIRECTION ( 'NONE',  ( -1.000000000000000000, 0.000000000000000000, 0.000000000000000000 ) ) ;
#1741 = DIRECTION ( 'NONE',  ( -0.000000000000000000, 0.000000000000000000, 1.000000000000000000 ) ) ;
#1742 = CARTESIAN_POINT ( 'NONE',  ( 1.409999999999999032, -1.299999999999999378, 0.000000000000000000 ) ) ;
#1743 = CIRCLE ( 'NONE', #1150, 0.1100000000000000699 ) ;
#1744 = ORIENTED_EDGE ( 'NONE', *, *, #1905, .F. ) ;
#1745 = VECTOR ( 'NONE', #932, 1000.000000000000000 ) ;
#1746 = DIRECTION ( 'NONE',  ( 0.000000000000000000, 0.000000000000000000, 1.000000000000000000 ) ) ;
#1747 = EDGE_LOOP ( 'NONE', ( #976, #1452, #256, #806 ) ) ;
#1748 = DIRECTION ( 'NONE',  ( 0.000000000000000000, -0.7071067811865476838, -0.7071067811865474617 ) ) ;
#1749 = AXIS2_PLACEMENT_3D ( 'NONE', #1688, #2024, #817 ) ;
#1750 = CARTESIAN_POINT ( 'NONE',  ( 0.5199999999999992406, -1.299999999999999822, -0.08999999999999999667 ) ) ;
#1751 = AXIS2_PLACEMENT_3D ( 'NONE', #784, #978, #32 ) ;
#1752 = CARTESIAN_POINT ( 'NONE',  ( -0.3900000000000000688, 1.409999999999999698, 0.000000000000000000 ) ) ;
#1753 = DIRECTION ( 'NONE',  ( 0.000000000000000000, -0.000000000000000000, 1.000000000000000000 ) ) ;
#1754 = ORIENTED_EDGE ( 'NONE', *, *, #1312, .T. ) ;
#1755 = VECTOR ( 'NONE', #335, 1000.000000000000000 ) ;
#1756 = SHAPE_DEFINITION_REPRESENTATION ( #487, #1949 ) ;
#1757 = DIRECTION ( 'NONE',  ( -7.228014483236698281E-17, -1.000000000000000000, 0.000000000000000000 ) ) ;
#1758 = ORIENTED_EDGE ( 'NONE', *, *, #1947, .T. ) ;
#1759 = CARTESIAN_POINT ( 'NONE',  ( 1.499999999999999334, 1.410000000000000142, -0.08999999999999999667 ) ) ;
#1760 = EDGE_LOOP ( 'NONE', ( #1726, #270, #1446, #116 ) ) ;
#1761 = AXIS2_PLACEMENT_3D ( 'NONE', #1576, #1741, #762 ) ;
#1762 = LINE ( 'NONE', #1018, #1264 ) ;
#1763 = DIRECTION ( 'NONE',  ( 0.000000000000000000, 0.000000000000000000, -1.000000000000000000 ) ) ;
#1764 = EDGE_LOOP ( 'NONE', ( #183, #1338, #1912, #375 ) ) ;
#1765 = FILL_AREA_STYLE ('',( #1135 ) ) ;
#1766 = CARTESIAN_POINT ( 'NONE',  ( 0.3900000000000000688, 1.299999999999999822, 0.000000000000000000 ) ) ;
#1767 = ORIENTED_EDGE ( 'NONE', *, *, #739, .F. ) ;
#1768 = CIRCLE ( 'NONE', #420, 0.2372792206135796722 ) ;
#1769 = LINE ( 'NONE', #1321, #1552 ) ;
#1770 = CARTESIAN_POINT ( 'NONE',  ( 1.299999999999999378, 1.300000000000000266, -0.08999999999999999667 ) ) ;
#1771 = ORIENTED_EDGE ( 'NONE', *, *, #947, .F. ) ;
#1772 = CARTESIAN_POINT ( 'NONE',  ( 0.3463603896932089254, -5.006995826244041360E-17, -0.02636038969321068126 ) ) ;
#1773 = VECTOR ( 'NONE', #1617, 1000.000000000000000 ) ;
#1774 = ORIENTED_EDGE ( 'NONE', *, *, #1509, .T. ) ;
#1775 = DIRECTION ( 'NONE',  ( 0.000000000000000000, -0.7071067811865474617, 0.7071067811865474617 ) ) ;
#1776 = EDGE_CURVE ( 'NONE', #886, #821, #579, .T. ) ;
#1777 = PRESENTATION_LAYER_ASSIGNMENT (  '', '', ( #1475 ) ) ;
#1778 = ORIENTED_EDGE ( 'NONE', *, *, #906, .T. ) ;
#1779 = CARTESIAN_POINT ( 'NONE',  ( 0.2827207793864196517, -4.087019776234016261E-17, -0.08999999999999999667 ) ) ;
#1780 = DIRECTION ( 'NONE',  ( -1.000000000000000000, 0.000000000000000000, 0.000000000000000000 ) ) ;
#1781 = ADVANCED_FACE ( 'NONE', ( #1519 ), #117, .F. ) ;
#1782 = ORIENTED_EDGE ( 'NONE', *, *, #1490, .F. ) ;
#1783 = SURFACE_STYLE_FILL_AREA ( #1765 ) ;
#1784 = ORIENTED_EDGE ( 'NONE', *, *, #1882, .F. ) ;
#1785 = DIRECTION ( 'NONE',  ( 0.000000000000000000, 0.000000000000000000, -1.000000000000000000 ) ) ;
#1786 = DIRECTION ( 'NONE',  ( 0.000000000000000000, 0.000000000000000000, -1.000000000000000000 ) ) ;
#1787 = EDGE_LOOP ( 'NONE', ( #1614, #702, #425, #1959 ) ) ;
#1788 = DIRECTION ( 'NONE',  ( -1.000000000000000000, 0.000000000000000000, 0.000000000000000000 ) ) ;
#1789 = CARTESIAN_POINT ( 'NONE',  ( 0.2827207793864194851, -1.299999999999999822, -0.08999999999999999667 ) ) ;
#1790 = PRODUCT_DEFINITION_SHAPE ( 'NONE', 'NONE',  #1090 ) ;
#1791 = ORIENTED_EDGE ( 'NONE', *, *, #317, .T. ) ;
#1792 = CARTESIAN_POINT ( 'NONE',  ( -1.300000000000000266, -1.439999999999999725, 1.709999999999999964 ) ) ;
#1793 = ADVANCED_FACE ( 'NONE', ( #1859 ), #1076, .T. ) ;
#1794 = CARTESIAN_POINT ( 'NONE',  ( -0.5200000000000011280, 1.473639610306790360, -0.02636038969321079575 ) ) ;
#1795 = CARTESIAN_POINT ( 'NONE',  ( -1.500000000000000222, -1.299999999999999822, -1.097754699641573239E-15 ) ) ;
#1796 = VERTEX_POINT ( 'NONE', #951 ) ;
#1797 = VECTOR ( 'NONE', #1591, 1000.000000000000000 ) ;
#1798 = CARTESIAN_POINT ( 'NONE',  ( 1.299999999999999378, 1.440000000000000169, 1.709999999999999964 ) ) ;
#1799 = CARTESIAN_POINT ( 'NONE',  ( -1.410000000000000586, 1.300000000000000044, 0.000000000000000000 ) ) ;
#1800 = EDGE_CURVE ( 'NONE', #517, #1550, #160, .T. ) ;
#1801 = AXIS2_PLACEMENT_3D ( 'NONE', #1992, #577, #1836 ) ;
#1802 = SHAPE_REPRESENTATION ( 'FTC303018S', ( #1642, #1503, #1, #848 ), #1711 ) ;
#1803 = DIRECTION ( 'NONE',  ( -1.445602896647339410E-16, -1.000000000000000000, 0.000000000000000000 ) ) ;
#1804 = EDGE_LOOP ( 'NONE', ( #668, #816, #1001, #1661 ) ) ;
#1805 = FACE_OUTER_BOUND ( 'NONE', #461, .T. ) ;
#1806 = DIRECTION ( 'NONE',  ( 0.000000000000000000, 0.000000000000000000, -1.000000000000000000 ) ) ;
#1807 = EDGE_CURVE ( 'NONE', #939, #1983, #282, .T. ) ;
#1808 = ORIENTED_EDGE ( 'NONE', *, *, #1219, .F. ) ;
#1809 = VECTOR ( 'NONE', #1199, 999.9999999999998863 ) ;
#1810 = CARTESIAN_POINT ( 'NONE',  ( 1.299999999999998934, -1.299999999999999378, -0.08999999999999999667 ) ) ;
#1811 = DIRECTION ( 'NONE',  ( -0.7071067811865476838, 0.000000000000000000, 0.7071067811865474617 ) ) ;
#1812 = ORIENTED_EDGE ( 'NONE', *, *, #1905, .T. ) ;
#1813 = LINE ( 'NONE', #1666, #1013 ) ;
#1814 = AXIS2_PLACEMENT_3D ( 'NONE', #664, #52, #1884 ) ;
#1815 = DIRECTION ( 'NONE',  ( -1.000000000000000000, 0.000000000000000000, 0.000000000000000000 ) ) ;
#1816 = DIRECTION ( 'NONE',  ( 0.000000000000000000, 0.000000000000000000, -1.000000000000000000 ) ) ;
#1817 = ORIENTED_EDGE ( 'NONE', *, *, #266, .T. ) ;
#1818 = CIRCLE ( 'NONE', #632, 0.2000000000000000944 ) ;
#1819 = ADVANCED_FACE ( 'NONE', ( #659 ), #963, .T. ) ;
#1820 = DIRECTION ( 'NONE',  ( 0.000000000000000000, 1.000000000000000000, 0.000000000000000000 ) ) ;
#1821 = LINE ( 'NONE', #134, #1327 ) ;
#1822 = ORIENTED_EDGE ( 'NONE', *, *, #173, .T. ) ;
#1823 = CARTESIAN_POINT ( 'NONE',  ( 0.3900000000000003464, -1.410000000000000142, 0.08999999999999999667 ) ) ;
#1824 = AXIS2_PLACEMENT_3D ( 'NONE', #165, #152, #1409 ) ;
#1825 = CARTESIAN_POINT ( 'NONE',  ( -0.6476770478002535913, 1.500000000000000222, -1.084202172485504434E-15 ) ) ;
#1826 = DIRECTION ( 'NONE',  ( 0.000000000000000000, 0.000000000000000000, -1.000000000000000000 ) ) ;
#1827 = ORIENTED_EDGE ( 'NONE', *, *, #634, .F. ) ;
#1828 = EDGE_CURVE ( 'NONE', #809, #980, #405, .T. ) ;
#1829 = CARTESIAN_POINT ( 'NONE',  ( -1.410000000000000586, 1.300000000000000044, -0.08999999999999999667 ) ) ;
#1830 = CARTESIAN_POINT ( 'NONE',  ( 0.5585654064778380334, 1.489945330760819697, -0.01005466923918152400 ) ) ;
#1831 = ORIENTED_EDGE ( 'NONE', *, *, #132, .F. ) ;
#1832 = CYLINDRICAL_SURFACE ( 'NONE', #260, 0.1099999999999999589 ) ;
#1833 = VECTOR ( 'NONE', #383, 1000.000000000000000 ) ;
#1834 = AXIS2_PLACEMENT_3D ( 'NONE', #115, #1364, #734 ) ;
#1835 =( NAMED_UNIT ( * ) PLANE_ANGLE_UNIT ( ) SI_UNIT ( $, .RADIAN. ) );
#1836 = DIRECTION ( 'NONE',  ( -1.000000000000000000, 0.000000000000000000, 0.000000000000000000 ) ) ;
#1837 = ORIENTED_EDGE ( 'NONE', *, *, #1471, .T. ) ;
#1838 = CARTESIAN_POINT ( 'NONE',  ( -0.5200000000000011280, 1.500000000000000222, -1.057097118173366823E-15 ) ) ;
#1839 = VECTOR ( 'NONE', #1089, 1000.000000000000000 ) ;
#1840 = DIRECTION ( 'NONE',  ( -0.000000000000000000, 0.000000000000000000, 1.000000000000000000 ) ) ;
#1841 = AXIS2_PLACEMENT_3D ( 'NONE', #327, #1408, #642 ) ;
#1842 = CARTESIAN_POINT ( 'NONE',  ( 1.299999999999999822, -1.299999999999999822, 1.709999999999999964 ) ) ;
#1843 = CARTESIAN_POINT ( 'NONE',  ( -1.300000000000000266, -1.299999999999999822, -0.09000000000000002442 ) ) ;
#1844 = ADVANCED_FACE ( 'NONE', ( #1583 ), #184, .T. ) ;
#1845 = ADVANCED_FACE ( 'NONE', ( #1911 ), #499, .T. ) ;
#1846 = EDGE_CURVE ( 'NONE', #677, #1549, #666, .T. ) ;
#1847 = ORIENTED_EDGE ( 'NONE', *, *, #468, .T. ) ;
#1848 = DIRECTION ( 'NONE',  ( 1.000000000000000000, 0.000000000000000000, 0.000000000000000000 ) ) ;
#1849 = CIRCLE ( 'NONE', #304, 0.1100000000000000699 ) ;
#1850 = ORIENTED_EDGE ( 'NONE', *, *, #622, .T. ) ;
#1851 = CARTESIAN_POINT ( 'NONE',  ( -1.410000000000001030, -1.299999999999999822, -0.08999999999999999667 ) ) ;
#1852 = CARTESIAN_POINT ( 'NONE',  ( 1.299999999999999378, 1.410000000000000142, 0.000000000000000000 ) ) ;
#1853 = CARTESIAN_POINT ( 'NONE',  ( -1.500000000000000222, -1.499999999999999778, 0.000000000000000000 ) ) ;
#1854 = DIRECTION ( 'NONE',  ( -1.000000000000000000, 0.000000000000000000, 0.000000000000000000 ) ) ;
#1855 = ORIENTED_EDGE ( 'NONE', *, *, #2040, .F. ) ;
#1856 = DIRECTION ( 'NONE',  ( 0.000000000000000000, 0.000000000000000000, 1.000000000000000000 ) ) ;
#1857 = AXIS2_PLACEMENT_3D ( 'NONE', #391, #1934, #241 ) ;
#1858 = ORIENTED_EDGE ( 'NONE', *, *, #854, .F. ) ;
#1859 = FACE_OUTER_BOUND ( 'NONE', #602, .T. ) ;
#1860 = PRODUCT ( 'body_\X2\9ed88ba4\X0\', 'body_\X2\9ed88ba4\X0\', '', ( #807 ) ) ;
#1861 = DIRECTION ( 'NONE',  ( 1.000000000000000000, -0.000000000000000000, 0.000000000000000000 ) ) ;
#1862 = CARTESIAN_POINT ( 'NONE',  ( -0.5200000000000013500, -1.473639610306789915, -0.02636038969321079922 ) ) ;
#1863 = LINE ( 'NONE', #594, #500 ) ;
#1864 = ADVANCED_FACE ( 'NONE', ( #641 ), #1405, .F. ) ;
#1865 = B_SPLINE_CURVE_WITH_KNOTS ( 'NONE', 3,
 ( #1999, #1830, #263, #1191 ),
 .UNSPECIFIED., .F., .F.,
 ( 4, 4 ),
 ( -3.134140097916921490E-06, 0.0001316671675465464863 ),
 .UNSPECIFIED. ) ;
#1866 =( LENGTH_UNIT ( ) NAMED_UNIT ( * ) SI_UNIT ( .MILLI., .METRE. ) );
#1867 = DIRECTION ( 'NONE',  ( 0.000000000000000000, 0.7071067811865476838, 0.7071067811865474617 ) ) ;
#1868 = AXIS2_PLACEMENT_3D ( 'NONE', #593, #421, #442 ) ;
#1869 = ORIENTED_EDGE ( 'NONE', *, *, #479, .F. ) ;
#1870 = DIRECTION ( 'NONE',  ( -1.445602896647339163E-16, 1.000000000000000000, 0.000000000000000000 ) ) ;
#1871 = EDGE_CURVE ( 'NONE', #82, #950, #50, .T. ) ;
#1872 = ORIENTED_EDGE ( 'NONE', *, *, #905, .F. ) ;
#1873 = DIRECTION ( 'NONE',  ( 1.000000000000000000, -7.228014483236697048E-17, 0.000000000000000000 ) ) ;
#1874 = DIRECTION ( 'NONE',  ( 1.000000000000000000, 0.000000000000000000, 0.000000000000000000 ) ) ;
#1875 = DIRECTION ( 'NONE',  ( 0.000000000000000000, 0.000000000000000000, 1.000000000000000000 ) ) ;
#1876 = EDGE_LOOP ( 'NONE', ( #44, #1611, #1223, #693 ) ) ;
#1877 = VECTOR ( 'NONE', #952, 1000.000000000000000 ) ;
#1878 = ORIENTED_EDGE ( 'NONE', *, *, #173, .F. ) ;
#1879 = CARTESIAN_POINT ( 'NONE',  ( 0.2827207793864198182, 1.300000000000000266, -0.08999999999999999667 ) ) ;
#1880 = CIRCLE ( 'NONE', #243, 0.2000000000000000944 ) ;
#1881 = CARTESIAN_POINT ( 'NONE',  ( 0.3900000000000000688, 1.299999999999999822, 0.08999999999999999667 ) ) ;
#1882 = EDGE_CURVE ( 'NONE', #1697, #1493, #797, .T. ) ;
#1883 = CARTESIAN_POINT ( 'NONE',  ( 0.4099999999999983658, 1.300000000000000266, -0.08999999999999999667 ) ) ;
#1884 = DIRECTION ( 'NONE',  ( 1.000000000000000000, 0.000000000000000000, 0.000000000000000000 ) ) ;
#1885 = VECTOR ( 'NONE', #1386, 1000.000000000000000 ) ;
#1886 = ORIENTED_EDGE ( 'NONE', *, *, #212, .F. ) ;
#1887 = APPLICATION_PROTOCOL_DEFINITION ( 'draft international standard', 'automotive_design', 1998, #1716 ) ;
#1888 = ORIENTED_EDGE ( 'NONE', *, *, #1846, .F. ) ;
#1889 = CARTESIAN_POINT ( 'NONE',  ( -1.500000000000000222, -1.299999999999999822, -1.084202172485504434E-15 ) ) ;
#1890 = VERTEX_POINT ( 'NONE', #486 ) ;
#1891 = CIRCLE ( 'NONE', #667, 0.1099999999999999589 ) ;
#1892 = FACE_OUTER_BOUND ( 'NONE', #1250, .T. ) ;
#1893 = EDGE_CURVE ( 'NONE', #995, #1373, #1119, .T. ) ;
#1894 = FACE_OUTER_BOUND ( 'NONE', #1168, .T. ) ;
#1895 = CYLINDRICAL_SURFACE ( 'NONE', #563, 0.1100000000000000699 ) ;
#1896 = ORIENTED_EDGE ( 'NONE', *, *, #964, .T. ) ;
#1897 = DIRECTION ( 'NONE',  ( 1.000000000000000000, 0.000000000000000000, 0.000000000000000000 ) ) ;
#1898 = LINE ( 'NONE', #4, #944 ) ;
#1899 = EDGE_LOOP ( 'NONE', ( #73, #1188, #684, #640, #223 ) ) ;
#1900 = DIRECTION ( 'NONE',  ( 0.000000000000000000, 0.000000000000000000, -1.000000000000000000 ) ) ;
#1901 = AXIS2_PLACEMENT_3D ( 'NONE', #85, #587, #1981 ) ;
#1902 = LINE ( 'NONE', #1574, #953 ) ;
#1903 = CARTESIAN_POINT ( 'NONE',  ( -1.300000000000000266, -1.299999999999999822, 1.709999999999999964 ) ) ;
#1904 = LINE ( 'NONE', #470, #101 ) ;
#1905 = EDGE_CURVE ( 'NONE', #474, #712, #195, .T. ) ;
#1906 = EDGE_CURVE ( 'NONE', #53, #1373, #27, .T. ) ;
#1907 = VERTEX_POINT ( 'NONE', #1603 ) ;
#1908 = VECTOR ( 'NONE', #1501, 1000.000000000000000 ) ;
#1909 = PRODUCT_DEFINITION_CONTEXT ( 'detailed design', #1317, 'design' ) ;
#1910 = ORIENTED_EDGE ( 'NONE', *, *, #39, .T. ) ;
#1911 = FACE_OUTER_BOUND ( 'NONE', #1075, .T. ) ;
#1912 = ORIENTED_EDGE ( 'NONE', *, *, #514, .F. ) ;
#1913 = CIRCLE ( 'NONE', #1814, 0.1099999999999999589 ) ;
#1914 = FACE_OUTER_BOUND ( 'NONE', #161, .T. ) ;
#1915 = CARTESIAN_POINT ( 'NONE',  ( -0.5200000000000012390, -1.299999999999999822, 0.000000000000000000 ) ) ;
#1916 = ORIENTED_EDGE ( 'NONE', *, *, #1490, .T. ) ;
#1917 = CIRCLE ( 'NONE', #567, 0.1100000000000000144 ) ;
#1918 = CARTESIAN_POINT ( 'NONE',  ( -0.5200000000000009059, 1.409999999999999920, 0.000000000000000000 ) ) ;
#1919 = ORIENTED_EDGE ( 'NONE', *, *, #665, .F. ) ;
#1920 = CARTESIAN_POINT ( 'NONE',  ( 0.4773708162663903298, 1.499999999999999778, -0.008074894734483530415 ) ) ;
#1921 = VERTEX_POINT ( 'NONE', #1281 ) ;
#1922 = CONICAL_SURFACE ( 'NONE', #607, 0.1100000000000010414, 0.7853981633974485010 ) ;
#1923 = CARTESIAN_POINT ( 'NONE',  ( 0.5199999999999995737, 1.410000000000000142, -0.08999999999999999667 ) ) ;
#1924 = LINE ( 'NONE', #190, #489 ) ;
#1925 = APPLICATION_CONTEXT ( 'automotive_design' ) ;
#1926 = ORIENTED_EDGE ( 'NONE', *, *, #222, .F. ) ;
#1927 = ADVANCED_FACE ( 'NONE', ( #1593 ), #511, .T. ) ;
#1928 = CARTESIAN_POINT ( 'NONE',  ( 1.299999999999999378, 1.500000000000000222, -1.084202172485504434E-15 ) ) ;
#1929 = ORIENTED_EDGE ( 'NONE', *, *, #1956, .T. ) ;
#1930 = DIRECTION ( 'NONE',  ( 1.000000000000000000, 0.000000000000000000, 0.000000000000000000 ) ) ;
#1931 = ORIENTED_EDGE ( 'NONE', *, *, #2010, .T. ) ;
#1932 = EDGE_CURVE ( 'NONE', #464, #1890, #521, .T. ) ;
#1933 = CONICAL_SURFACE ( 'NONE', #551, 0.1100000000000011524, 0.7853981633974479459 ) ;
#1934 = DIRECTION ( 'NONE',  ( 0.000000000000000000, 0.000000000000000000, -1.000000000000000000 ) ) ;
#1935 = CARTESIAN_POINT ( 'NONE',  ( -0.3463603896932109794, -1.299999999999999600, -0.02636038969321071943 ) ) ;
#1936 = VERTEX_POINT ( 'NONE', #1559 ) ;
#1937 = FACE_OUTER_BOUND ( 'NONE', #1154, .T. ) ;
#1938 = AXIS2_PLACEMENT_3D ( 'NONE', #1189, #701, #1482 ) ;
#1939 = VERTEX_POINT ( 'NONE', #1889 ) ;
#1940 = DIRECTION ( 'NONE',  ( 1.000000000000000000, 0.000000000000000000, 0.000000000000000000 ) ) ;
#1941 = CARTESIAN_POINT ( 'NONE',  ( 1.299999999999999378, 1.500000000000000222, 1.649999999999999689 ) ) ;
#1942 = MECHANICAL_DESIGN_GEOMETRIC_PRESENTATION_REPRESENTATION (  '', ( #1024 ), #1153 ) ;
#1943 = ORIENTED_EDGE ( 'NONE', *, *, #1982, .F. ) ;
#1944 = CYLINDRICAL_SURFACE ( 'NONE', #13, 0.08999999999999999667 ) ;
#1945 = LINE ( 'NONE', #1305, #163 ) ;
#1946 = EDGE_CURVE ( 'NONE', #1939, #439, #65, .T. ) ;
#1947 = EDGE_CURVE ( 'NONE', #485, #76, #838, .T. ) ;
#1948 = CONICAL_SURFACE ( 'NONE', #1443, 0.1100000000000011524, 0.7853981633974479459 ) ;
#1949 = SHAPE_REPRESENTATION ( 'body_\X2\9ed88ba4\X0\', ( #1571 ), #782 ) ;
#1950 = ORIENTED_EDGE ( 'NONE', *, *, #266, .F. ) ;
#1951 = DIRECTION ( 'NONE',  ( 0.000000000000000000, 0.000000000000000000, -1.000000000000000000 ) ) ;
#1952 = ORIENTED_EDGE ( 'NONE', *, *, #411, .T. ) ;
#1953 = CARTESIAN_POINT ( 'NONE',  ( -0.6476770478002535913, 1.500000000000000222, -1.084202172485504434E-15 ) ) ;
#1954 = PLANE ( 'NONE',  #431 ) ;
#1955 = ORIENTED_EDGE ( 'NONE', *, *, #1972, .T. ) ;
#1956 = EDGE_CURVE ( 'NONE', #671, #1332, #432, .T. ) ;
#1957 = DIRECTION ( 'NONE',  ( 0.000000000000000000, 0.000000000000000000, -1.000000000000000000 ) ) ;
#1958 = CARTESIAN_POINT ( 'NONE',  ( -1.410000000000001030, -1.299999999999999822, -0.08999999999999999667 ) ) ;
#1959 = ORIENTED_EDGE ( 'NONE', *, *, #1996, .F. ) ;
#1960 = DIRECTION ( 'NONE',  ( 1.000000000000000000, 0.000000000000000000, 0.000000000000000000 ) ) ;
#1961 = DIRECTION ( 'NONE',  ( 1.000000000000000000, 0.000000000000000000, 0.000000000000000000 ) ) ;
#1962 = DIRECTION ( 'NONE',  ( 1.000000000000000000, 0.000000000000000000, 0.000000000000000000 ) ) ;
#1963 = VERTEX_POINT ( 'NONE', #1310 ) ;
#1964 = AXIS2_PLACEMENT_3D ( 'NONE', #245, #575, #566 ) ;
#1965 = FACE_OUTER_BOUND ( 'NONE', #1876, .T. ) ;
#1966 = CIRCLE ( 'NONE', #1460, 0.1100000000000000144 ) ;
#1967 = ORIENTED_EDGE ( 'NONE', *, *, #175, .T. ) ;
#1968 = DIRECTION ( 'NONE',  ( 0.000000000000000000, 0.000000000000000000, -1.000000000000000000 ) ) ;
#1969 = EDGE_LOOP ( 'NONE', ( #1316, #1566, #1156, #1987 ) ) ;
#1970 = CARTESIAN_POINT ( 'NONE',  ( -1.300000000000000488, 1.300000000000000266, 1.709999999999999964 ) ) ;
#1971 = LINE ( 'NONE', #558, #324 ) ;
#1972 = EDGE_CURVE ( 'NONE', #1963, #809, #1539, .T. ) ;
#1973 = VERTEX_POINT ( 'NONE', #557 ) ;
#1974 = VECTOR ( 'NONE', #1170, 1000.000000000000000 ) ;
#1975 = PLANE ( 'NONE',  #395 ) ;
#1976 = AXIS2_PLACEMENT_3D ( 'NONE', #839, #799, #10 ) ;
#1977 = CARTESIAN_POINT ( 'NONE',  ( -0.5200000000000013500, -1.299999999999999822, -0.02636038969321068126 ) ) ;
#1978 = ORIENTED_EDGE ( 'NONE', *, *, #132, .T. ) ;
#1979 = PLANE ( 'NONE',  #673 ) ;
#1980 = ORIENTED_EDGE ( 'NONE', *, *, #154, .T. ) ;
#1981 = DIRECTION ( 'NONE',  ( -1.000000000000000000, 0.000000000000000000, 0.000000000000000000 ) ) ;
#1982 = EDGE_CURVE ( 'NONE', #950, #794, #696, .T. ) ;
#1983 = VERTEX_POINT ( 'NONE', #77 ) ;
#1984 = CIRCLE ( 'NONE', #1546, 0.2000000000000000944 ) ;
#1985 = DIRECTION ( 'NONE',  ( 1.000000000000000000, 0.000000000000000000, 0.000000000000000000 ) ) ;
#1986 = CARTESIAN_POINT ( 'NONE',  ( 1.499999999999998890, -1.409999999999999698, -0.08999999999999999667 ) ) ;
#1987 = ORIENTED_EDGE ( 'NONE', *, *, #1175, .F. ) ;
#1988 = DIRECTION ( 'NONE',  ( 0.000000000000000000, -0.7071067811865476838, 0.7071067811865474617 ) ) ;
#1989 = EDGE_CURVE ( 'NONE', #1599, #439, #1286, .T. ) ;
#1990 = VECTOR ( 'NONE', #866, 1000.000000000000000 ) ;
#1991 = ORIENTED_EDGE ( 'NONE', *, *, #47, .T. ) ;
#1992 = CARTESIAN_POINT ( 'NONE',  ( 1.299999999999999378, 1.300000000000000266, -1.084202172485504434E-15 ) ) ;
#1993 = EDGE_LOOP ( 'NONE', ( #723, #554, #896, #1280 ) ) ;
#1994 = FACE_OUTER_BOUND ( 'NONE', #1307, .T. ) ;
#1995 = ADVANCED_FACE ( 'NONE', ( #396 ), #625, .T. ) ;
#1996 = EDGE_CURVE ( 'NONE', #1687, #429, #850, .T. ) ;
#1997 = EDGE_CURVE ( 'NONE', #1973, #556, #1487, .T. ) ;
#1998 = CARTESIAN_POINT ( 'NONE',  ( -1.410000000000001696, 1.300000000000000266, -0.08999999999999999667 ) ) ;
#1999 = CARTESIAN_POINT ( 'NONE',  ( 0.5199999999999994627, 1.473639610306790360, -0.02636038969321077841 ) ) ;
#2000 = PLANE ( 'NONE',  #1609 ) ;
#2001 = VECTOR ( 'NONE', #2025, 1000.000000000000000 ) ;
#2002 = EDGE_LOOP ( 'NONE', ( #545, #735, #1952, #649 ) ) ;
#2003 = CYLINDRICAL_SURFACE ( 'NONE', #1901, 0.2000000000000000944 ) ;
#2004 = ORIENTED_EDGE ( 'NONE', *, *, #2011, .F. ) ;
#2005 = DIRECTION ( 'NONE',  ( -0.000000000000000000, 0.000000000000000000, 1.000000000000000000 ) ) ;
#2006 = VECTOR ( 'NONE', #956, 1000.000000000000000 ) ;
#2007 = CARTESIAN_POINT ( 'NONE',  ( -1.500000000000000666, 1.500000000000000222, 1.709999999999999964 ) ) ;
#2008 = DIRECTION ( 'NONE',  ( 1.000000000000000000, 0.000000000000000000, 0.000000000000000000 ) ) ;
#2009 = DIRECTION ( 'NONE',  ( -0.000000000000000000, 0.000000000000000000, 1.000000000000000000 ) ) ;
#2010 = EDGE_CURVE ( 'NONE', #879, #1524, #271, .T. ) ;
#2011 = EDGE_CURVE ( 'NONE', #464, #677, #214, .T. ) ;
#2012 = ORIENTED_EDGE ( 'NONE', *, *, #1846, .T. ) ;
#2013 = CARTESIAN_POINT ( 'NONE',  ( 0.000000000000000000, 0.000000000000000000, 0.000000000000000000 ) ) ;
#2014 = DIRECTION ( 'NONE',  ( 1.000000000000000000, 1.153406566473941260E-16, -0.000000000000000000 ) ) ;
#2015 = ORIENTED_EDGE ( 'NONE', *, *, #665, .T. ) ;
#2016 = LINE ( 'NONE', #1838, #1722 ) ;
#2017 = VERTEX_POINT ( 'NONE', #84 ) ;
#2018 = VECTOR ( 'NONE', #1930, 1000.000000000000000 ) ;
#2019 = CARTESIAN_POINT ( 'NONE',  ( 1.409999999999999254, 1.300000000000000266, 0.000000000000000000 ) ) ;
#2020 = EDGE_CURVE ( 'NONE', #1489, #159, #55, .T. ) ;
#2021 = LINE ( 'NONE', #1220, #1495 ) ;
#2022 = DIRECTION ( 'NONE',  ( 0.000000000000000000, 0.000000000000000000, -1.000000000000000000 ) ) ;
#2023 = ORIENTED_EDGE ( 'NONE', *, *, #1469, .F. ) ;
#2024 = DIRECTION ( 'NONE',  ( 0.000000000000000000, 0.000000000000000000, 1.000000000000000000 ) ) ;
#2025 = DIRECTION ( 'NONE',  ( -0.000000000000000000, -0.000000000000000000, -1.000000000000000000 ) ) ;
#2026 = ADVANCED_FACE ( 'NONE', ( #1612 ), #1498, .T. ) ;
#2027 = AXIS2_PLACEMENT_3D ( 'NONE', #11, #1389, #2031 ) ;
#2028 = ORIENTED_EDGE ( 'NONE', *, *, #618, .F. ) ;
#2029 = CARTESIAN_POINT ( 'NONE',  ( -1.300000000000000488, 1.410000000000000142, -0.08999999999999999667 ) ) ;
#2030 = DIRECTION ( 'NONE',  ( -7.228014483236697048E-17, -1.000000000000000000, 0.000000000000000000 ) ) ;
#2031 = DIRECTION ( 'NONE',  ( -1.000000000000000000, 0.000000000000000000, 0.000000000000000000 ) ) ;
#2032 = DIRECTION ( 'NONE',  ( 1.445602896647339410E-16, 1.000000000000000000, 0.000000000000000000 ) ) ;
#2033 = APPLICATION_CONTEXT ( 'automotive_design' ) ;
#2034 =( NAMED_UNIT ( * ) SI_UNIT ( $, .STERADIAN. ) SOLID_ANGLE_UNIT ( ) );
#2035 = DIRECTION ( 'NONE',  ( 0.000000000000000000, 0.000000000000000000, -1.000000000000000000 ) ) ;
#2036 = AXIS2_PLACEMENT_3D ( 'NONE', #878, #1039, #1654 ) ;
#2037 = AXIS2_PLACEMENT_3D ( 'NONE', #1374, #2014, #295 ) ;
#2038 = ORIENTED_EDGE ( 'NONE', *, *, #57, .T. ) ;
#2039 = DIRECTION ( 'NONE',  ( 0.000000000000000000, 0.7071067811865476838, 0.7071067811865474617 ) ) ;
#2040 = EDGE_CURVE ( 'NONE', #794, #1963, #1160, .T. ) ;
#2041 = ORIENTED_EDGE ( 'NONE', *, *, #759, .T. ) ;
#2042 = CARTESIAN_POINT ( 'NONE',  ( -0.5200000000000010170, 1.300000000000000266, 0.000000000000000000 ) ) ;
#2043 = NEXT_ASSEMBLY_USAGE_OCCURRENCE ( 'NAUO1', ' ', ' ', #1090, #1665, $ ) ;
#2044 = NEXT_ASSEMBLY_USAGE_OCCURRENCE ( 'NAUO2', ' ', ' ', #1090, #868, $ ) ;
#2045 = NEXT_ASSEMBLY_USAGE_OCCURRENCE ( 'NAUO3', ' ', ' ', #1090, #868, $ ) ;
ENDSEC;
END-ISO-10303-21;
