ISO-10303-21;
HEADER;
FILE_DESCRIPTION (( 'STEP AP214' ),
    '1' );
FILE_NAME ('FTC404015S.step',
    '2026-10-09T15:44:07',
    ( '' ),
    ( '' ),
    'SwSTEP 2.0',
    'SolidWorks 2025',
    '' );
FILE_SCHEMA (( 'AUTOMOTIVE_DESIGN' ));
ENDSEC;

DATA;
#1 = CARTESIAN_POINT ( 'NONE',  ( 1.776666666666666394, 2.049999999999999378, 1.399999999999999911 ) ) ;
#2 = FILL_AREA_STYLE_COLOUR ( '', #1197 ) ;
#3 = EDGE_LOOP ( 'NONE', ( #1941, #357, #1458, #1383 ) ) ;
#4 = VERTEX_POINT ( 'NONE', #404 ) ;
#5 = LINE ( 'NONE', #366, #60 ) ;
#6 = ADVANCED_FACE ( 'NONE', ( #590 ), #1064, .F. ) ;
#7 = EDGE_LOOP ( 'NONE', ( #1327, #1599, #311, #788, #118 ) ) ;
#8 = EDGE_CURVE ( 'NONE', #922, #1666, #1501, .T. ) ;
#9 = FACE_OUTER_BOUND ( 'NONE', #1353, .T. ) ;
#10 = FACE_OUTER_BOUND ( 'NONE', #3, .T. ) ;
#11 = CARTESIAN_POINT ( 'NONE',  ( -0.6750000000000003775, 1.776666666666667060, 0.1000000000000000056 ) ) ;
#12 = CARTESIAN_POINT ( 'NONE',  ( -6.063311920150458020E-17, 2.168404344971008868E-16, 0.1000000000000000056 ) ) ;
#13 = ORIENTED_EDGE ( 'NONE', *, *, #1617, .F. ) ;
#14 = ORIENTED_EDGE ( 'NONE', *, *, #1530, .F. ) ;
#15 = LINE ( 'NONE', #992, #1099 ) ;
#16 = VERTEX_POINT ( 'NONE', #570 ) ;
#17 = AXIS2_PLACEMENT_3D ( 'NONE', #642, #1261, #464 ) ;
#18 = DIRECTION ( 'NONE',  ( -0.000000000000000000, 0.000000000000000000, 1.000000000000000000 ) ) ;
#19 = LINE ( 'NONE', #1288, #827 ) ;
#20 = EDGE_CURVE ( 'NONE', #1831, #860, #1609, .T. ) ;
#21 = VECTOR ( 'NONE', #1652, 1000.000000000000000 ) ;
#22 = ADVANCED_FACE ( 'NONE', ( #1531 ), #1849, .T. ) ;
#23 = CARTESIAN_POINT ( 'NONE',  ( -1.950000000000000400, 2.062628523265106550E-16, -0.1000000000000000056 ) ) ;
#24 = ORIENTED_EDGE ( 'NONE', *, *, #374, .T. ) ;
#25 = VERTEX_POINT ( 'NONE', #1538 ) ;
#26 = DIRECTION ( 'NONE',  ( 1.000000000000000000, 0.000000000000000000, 0.000000000000000000 ) ) ;
#27 = EDGE_LOOP ( 'NONE', ( #494, #793, #1508, #678, #842, #717, #1073, #1729 ) ) ;
#28 = VECTOR ( 'NONE', #1466, 1000.000000000000000 ) ;
#29 = CARTESIAN_POINT ( 'NONE',  ( 1.776666666666667282, -1.968000000000000194, 1.399999999999999911 ) ) ;
#30 = DIRECTION ( 'NONE',  ( -0.000000000000000000, 0.000000000000000000, 1.000000000000000000 ) ) ;
#31 = EDGE_CURVE ( 'NONE', #1940, #974, #109, .T. ) ;
#32 = CARTESIAN_POINT ( 'NONE',  ( 0.000000000000000000, 0.000000000000000000, 1.399999999999999911 ) ) ;
#33 = EDGE_CURVE ( 'NONE', #1752, #1308, #386, .T. ) ;
#34 = ORIENTED_EDGE ( 'NONE', *, *, #8, .F. ) ;
#35 = ORIENTED_EDGE ( 'NONE', *, *, #2009, .T. ) ;
#36 = AXIS2_PLACEMENT_3D ( 'NONE', #550, #58, #719 ) ;
#37 = DIRECTION ( 'NONE',  ( 1.000000000000000000, 0.000000000000000000, 0.000000000000000000 ) ) ;
#38 = VERTEX_POINT ( 'NONE', #117 ) ;
#39 = LINE ( 'NONE', #1754, #1935 ) ;
#40 = LINE ( 'NONE', #1159, #1614 ) ;
#41 = DIRECTION ( 'NONE',  ( 0.7071067811865505703, -7.479480081382346149E-17, -0.7071067811865444641 ) ) ;
#42 = CARTESIAN_POINT ( 'NONE',  ( -1.776666666666666394, -1.968000000000000194, 1.399999999999999911 ) ) ;
#43 = PRODUCT_CONTEXT ( 'NONE', #1124, 'mechanical' ) ;
#44 = ORIENTED_EDGE ( 'NONE', *, *, #689, .T. ) ;
#45 = ORIENTED_EDGE ( 'NONE', *, *, #31, .F. ) ;
#46 = PRODUCT_DEFINITION_SHAPE ( 'NONE', 'NONE',  #1503 ) ;
#47 = LINE ( 'NONE', #873, #891 ) ;
#48 = ORIENTED_EDGE ( 'NONE', *, *, #2025, .T. ) ;
#49 = DIRECTION ( 'NONE',  ( -1.000000000000000000, 0.000000000000000000, 0.000000000000000000 ) ) ;
#50 = DIRECTION ( 'NONE',  ( 1.112002228190261198E-16, -1.000000000000000000, 0.000000000000000000 ) ) ;
#51 = CIRCLE ( 'NONE', #1869, 0.1733333333333332837 ) ;
#52 = CARTESIAN_POINT ( 'NONE',  ( -2.050000000000000266, 1.776666666666665950, 1.317999999999999616 ) ) ;
#53 = VECTOR ( 'NONE', #99, 1000.000000000000000 ) ;
#54 = DIRECTION ( 'NONE',  ( 1.000000000000000000, 0.000000000000000000, 0.000000000000000000 ) ) ;
#55 = ORIENTED_EDGE ( 'NONE', *, *, #233, .F. ) ;
#56 = VERTEX_POINT ( 'NONE', #606 ) ;
#57 = EDGE_CURVE ( 'NONE', #1403, #323, #1715, .T. ) ;
#58 = DIRECTION ( 'NONE',  ( 0.000000000000000000, -0.000000000000000000, -1.000000000000000000 ) ) ;
#59 = DIRECTION ( 'NONE',  ( -0.7071067811865445751, 0.000000000000000000, 0.7071067811865504593 ) ) ;
#60 = VECTOR ( 'NONE', #673, 1000.000000000000000 ) ;
#61 = DIRECTION ( 'NONE',  ( 0.000000000000000000, -0.000000000000000000, -1.000000000000000000 ) ) ;
#62 = CARTESIAN_POINT ( 'NONE',  ( -0.9294083265116129811, -2.049999999999999822, 1.078588531933030785E-15 ) ) ;
#63 = CARTESIAN_POINT ( 'NONE',  ( 1.275000000000000133, -9.215718466126787689E-16, 0.000000000000000000 ) ) ;
#64 = VERTEX_POINT ( 'NONE', #1587 ) ;
#65 = ORIENTED_EDGE ( 'NONE', *, *, #1772, .T. ) ;
#66 = CARTESIAN_POINT ( 'NONE',  ( -1.968000000000001082, 1.776666666666665950, 1.399999999999999911 ) ) ;
#67 = EDGE_CURVE ( 'NONE', #1157, #860, #949, .T. ) ;
#68 = DIRECTION ( 'NONE',  ( 0.7071067811865504593, 1.495896016276468983E-16, -0.7071067811865445751 ) ) ;
#69 = DIRECTION ( 'NONE',  ( 1.586637325588543158E-16, 1.000000000000000000, 3.081487911019577365E-33 ) ) ;
#70 = ADVANCED_FACE ( 'NONE', ( #2005 ), #1249, .T. ) ;
#71 = CARTESIAN_POINT ( 'NONE',  ( 0.5016666666666667052, -1.776666666666665950, 0.1000000000000000056 ) ) ;
#72 = FACE_OUTER_BOUND ( 'NONE', #872, .T. ) ;
#73 = ORIENTED_EDGE ( 'NONE', *, *, #1216, .F. ) ;
#74 = ORIENTED_EDGE ( 'NONE', *, *, #1122, .F. ) ;
#75 = DIRECTION ( 'NONE',  ( -1.586637325588543158E-16, -1.000000000000000000, 0.000000000000000000 ) ) ;
#76 = DIRECTION ( 'NONE',  ( 1.000000000000000000, 0.000000000000000000, 0.000000000000000000 ) ) ;
#77 = CIRCLE ( 'NONE', #511, 0.3147546895706418990 ) ;
#78 = EDGE_CURVE ( 'NONE', #526, #1646, #441, .T. ) ;
#79 = CARTESIAN_POINT ( 'NONE',  ( -0.7733333333333337611, -1.949999999999999734, -0.1000000000000000056 ) ) ;
#80 = EDGE_CURVE ( 'NONE', #4, #467, #632, .T. ) ;
#81 = DIRECTION ( 'NONE',  ( 0.000000000000000000, 0.000000000000000000, 1.000000000000000000 ) ) ;
#82 = AXIS2_PLACEMENT_3D ( 'NONE', #1139, #193, #843 ) ;
#83 = ORIENTED_EDGE ( 'NONE', *, *, #1643, .T. ) ;
#84 = CIRCLE ( 'NONE', #1248, 0.3147546895706420100 ) ;
#85 = ORIENTED_EDGE ( 'NONE', *, *, #501, .F. ) ;
#86 = DIRECTION ( 'NONE',  ( -1.000000000000000000, 0.000000000000000000, 0.000000000000000000 ) ) ;
#87 = DIRECTION ( 'NONE',  ( 1.000000000000000000, 1.251002506714044033E-15, 0.000000000000000000 ) ) ;
#88 = CIRCLE ( 'NONE', #150, 0.1733333333333332837 ) ;
#89 = LINE ( 'NONE', #1663, #615 ) ;
#90 = DIRECTION ( 'NONE',  ( 1.000000000000000000, -0.000000000000000000, 0.000000000000000000 ) ) ;
#91 = ORIENTED_EDGE ( 'NONE', *, *, #1266, .F. ) ;
#92 = AXIS2_PLACEMENT_3D ( 'NONE', #393, #734, #1062 ) ;
#93 = ADVANCED_FACE ( 'NONE', ( #1272 ), #288, .T. ) ;
#94 = DIRECTION ( 'NONE',  ( 1.000000000000000000, 0.000000000000000000, 0.000000000000000000 ) ) ;
#95 = ORIENTED_EDGE ( 'NONE', *, *, #474, .F. ) ;
#96 = VECTOR ( 'NONE', #240, 1000.000000000000000 ) ;
#97 = DIRECTION ( 'NONE',  ( 1.000000000000000000, 0.000000000000000000, 0.000000000000000000 ) ) ;
#98 = DIRECTION ( 'NONE',  ( 0.000000000000000000, 1.000000000000000000, 0.000000000000000000 ) ) ;
#99 = DIRECTION ( 'NONE',  ( -2.115516434118057709E-16, 1.000000000000000000, 0.000000000000000000 ) ) ;
#100 = DIRECTION ( 'NONE',  ( -1.057758217059028854E-16, -1.000000000000000000, 0.000000000000000000 ) ) ;
#101 = VERTEX_POINT ( 'NONE', #1727 ) ;
#102 = ADVANCED_FACE ( 'NONE', ( #786 ), #1545, .F. ) ;
#103 = ORIENTED_EDGE ( 'NONE', *, *, #1036, .T. ) ;
#104 = DIRECTION ( 'NONE',  ( 0.000000000000000000, -0.000000000000000000, -1.000000000000000000 ) ) ;
#105 = LINE ( 'NONE', #293, #1937 ) ;
#106 = CARTESIAN_POINT ( 'NONE',  ( 0.4585786437626909184, 1.776666666666665950, 0.000000000000000000 ) ) ;
#107 = CARTESIAN_POINT ( 'NONE',  ( -0.7733333333333333171, 1.949999999999999289, -0.1000000000000000056 ) ) ;
#108 = VECTOR ( 'NONE', #1873, 1000.000000000000000 ) ;
#109 = LINE ( 'NONE', #756, #144 ) ;
#110 = CIRCLE ( 'NONE', #180, 0.3147546895706418990 ) ;
#111 =( REPRESENTATION_RELATIONSHIP ('NONE','NONE', #1371, #449 ) REPRESENTATION_RELATIONSHIP_WITH_TRANSFORMATION ( #674 )SHAPE_REPRESENTATION_RELATIONSHIP( ) );
#112 = CARTESIAN_POINT ( 'NONE',  ( -1.776666666666666838, 1.776666666666665950, 1.399999999999999911 ) ) ;
#113 = ADVANCED_FACE ( 'NONE', ( #936 ), #309, .T. ) ;
#114 = DIRECTION ( 'NONE',  ( 0.000000000000000000, 0.000000000000000000, -1.000000000000000000 ) ) ;
#115 = DIRECTION ( 'NONE',  ( 0.000000000000000000, 0.000000000000000000, 1.000000000000000000 ) ) ;
#116 = DIRECTION ( 'NONE',  ( 0.000000000000000000, 0.000000000000000000, -1.000000000000000000 ) ) ;
#117 = CARTESIAN_POINT ( 'NONE',  ( 1.776666666666666394, 1.949999999999999289, -0.1000000000000000056 ) ) ;
#118 = ORIENTED_EDGE ( 'NONE', *, *, #864, .F. ) ;
#119 = AXIS2_PLACEMENT_3D ( 'NONE', #568, #558, #1529 ) ;
#120 = B_SPLINE_CURVE_WITH_KNOTS ( 'NONE', 3,
 ( #1179, #1798, #1369, #532, #1668, #1171 ),
 .UNSPECIFIED., .F., .F.,
 ( 4, 2, 4 ),
 ( 0.000000000000000000, 0.0001559754116685717188, 0.0003119508233371434376 ),
 .UNSPECIFIED. ) ;
#121 = ORIENTED_EDGE ( 'NONE', *, *, #1999, .F. ) ;
#122 = LINE ( 'NONE', #1376, #1077 ) ;
#123 = CARTESIAN_POINT ( 'NONE',  ( -2.049999999999999822, -1.776666666666666394, 1.084202172485504040E-15 ) ) ;
#124 = AXIS2_PLACEMENT_3D ( 'NONE', #1436, #1784, #359 ) ;
#125 = ORIENTED_EDGE ( 'NONE', *, *, #1834, .F. ) ;
#126 = CYLINDRICAL_SURFACE ( 'NONE', #1642, 0.1733333333333332837 ) ;
#127 = DIRECTION ( 'NONE',  ( 0.000000000000000000, -0.000000000000000000, -1.000000000000000000 ) ) ;
#128 = EDGE_CURVE ( 'NONE', #848, #922, #1230, .T. ) ;
#129 = CARTESIAN_POINT ( 'NONE',  ( 1.776666666666667282, -1.776666666666666394, 1.399999999999999911 ) ) ;
#130 = ORIENTED_EDGE ( 'NONE', *, *, #1706, .T. ) ;
#131 = ORIENTED_EDGE ( 'NONE', *, *, #847, .F. ) ;
#132 = FACE_OUTER_BOUND ( 'NONE', #981, .T. ) ;
#133 = DIRECTION ( 'NONE',  ( 0.000000000000000000, 0.000000000000000000, -1.000000000000000000 ) ) ;
#134 = ORIENTED_EDGE ( 'NONE', *, *, #711, .T. ) ;
#135 = DIRECTION ( 'NONE',  ( 2.115516434118057709E-16, -1.000000000000000000, 0.000000000000000000 ) ) ;
#136 = DIRECTION ( 'NONE',  ( 0.000000000000000000, -0.7071067811865445751, 0.7071067811865504593 ) ) ;
#137 = ADVANCED_FACE ( 'NONE', ( #1401 ), #766, .T. ) ;
#138 = ADVANCED_FACE ( 'NONE', ( #475 ), #2033, .F. ) ;
#139 = DIRECTION ( 'NONE',  ( -0.000000000000000000, 0.7071067811865512365, 0.7071067811865439090 ) ) ;
#140 = ORIENTED_EDGE ( 'NONE', *, *, #1554, .F. ) ;
#141 = EDGE_LOOP ( 'NONE', ( #1861, #1394, #479, #125 ) ) ;
#142 = CIRCLE ( 'NONE', #1014, 0.1000000000000000056 ) ;
#143 = CARTESIAN_POINT ( 'NONE',  ( -0.4585786437626917511, -1.776666666666666394, -0.1000000000000000056 ) ) ;
#144 = VECTOR ( 'NONE', #1959, 1000.000000000000000 ) ;
#145 = CIRCLE ( 'NONE', #818, 0.1733333333333332837 ) ;
#146 = CARTESIAN_POINT ( 'NONE',  ( 0.8250340571146104196, -2.049999999999999822, -0.009010199065917101624 ) ) ;
#147 = ORIENTED_EDGE ( 'NONE', *, *, #1790, .T. ) ;
#148 = CARTESIAN_POINT ( 'NONE',  ( 2.049999999999999822, 1.949999999999999289, -0.1000000000000000056 ) ) ;
#149 = DIRECTION ( 'NONE',  ( 1.586637325588543158E-16, 1.000000000000000000, 0.000000000000000000 ) ) ;
#150 = AXIS2_PLACEMENT_3D ( 'NONE', #1322, #985, #844 ) ;
#151 = SHAPE_REPRESENTATION_RELATIONSHIP ( 'NONE' , 'NONE' ,  #183, #571 ) ;
#152 = ORIENTED_EDGE ( 'NONE', *, *, #1144, .F. ) ;
#153 = EDGE_CURVE ( 'NONE', #1098, #1879, #2021, .T. ) ;
#154 = ORIENTED_EDGE ( 'NONE', *, *, #387, .T. ) ;
#155 = CARTESIAN_POINT ( 'NONE',  ( -0.6000000000000003109, 6.346549302354176085E-17, -0.1000000000000000056 ) ) ;
#156 = VECTOR ( 'NONE', #507, 1000.000000000000000 ) ;
#157 = EDGE_CURVE ( 'NONE', #1446, #1573, #1898, .T. ) ;
#158 = AXIS2_PLACEMENT_3D ( 'NONE', #452, #127, #1260 ) ;
#159 = DIRECTION ( 'NONE',  ( 0.000000000000000000, 1.000000000000000000, 0.000000000000000000 ) ) ;
#160 = ORIENTED_EDGE ( 'NONE', *, *, #1706, .F. ) ;
#161 = PLANE ( 'NONE',  #1441 ) ;
#162 = DIRECTION ( 'NONE',  ( -1.000000000000000000, 0.000000000000000000, 0.000000000000000000 ) ) ;
#163 = DIRECTION ( 'NONE',  ( -1.586637325588543158E-16, -1.000000000000000000, -0.000000000000000000 ) ) ;
#164 = EDGE_LOOP ( 'NONE', ( #1242, #1274, #290, #623 ) ) ;
#165 = ADVANCED_FACE ( 'NONE', ( #960 ), #1857, .T. ) ;
#166 = ORIENTED_EDGE ( 'NONE', *, *, #1187, .T. ) ;
#167 = EDGE_CURVE ( 'NONE', #1113, #1221, #2016, .T. ) ;
#168 = PLANE ( 'NONE',  #124 ) ;
#169 = EDGE_LOOP ( 'NONE', ( #1468, #491, #1147, #1138, #95 ) ) ;
#170 = DIRECTION ( 'NONE',  ( 1.000000000000000000, 0.000000000000000000, 0.000000000000000000 ) ) ;
#171 = DIRECTION ( 'NONE',  ( -0.000000000000000000, -0.000000000000000000, 1.000000000000000000 ) ) ;
#172 = CARTESIAN_POINT ( 'NONE',  ( -0.5016666666666665941, -1.776666666666665728, 0.1000000000000000056 ) ) ;
#173 = ORIENTED_EDGE ( 'NONE', *, *, #1438, .T. ) ;
#174 = ORIENTED_EDGE ( 'NONE', *, *, #800, .T. ) ;
#175 = AXIS2_PLACEMENT_3D ( 'NONE', #1091, #448, #1406 ) ;
#176 = VECTOR ( 'NONE', #1473, 1000.000000000000000 ) ;
#177 = ORIENTED_EDGE ( 'NONE', *, *, #350, .F. ) ;
#178 = CIRCLE ( 'NONE', #1082, 0.2440440114519869252 ) ;
#179 = ADVANCED_FACE ( 'NONE', ( #695 ), #1997, .F. ) ;
#180 = AXIS2_PLACEMENT_3D ( 'NONE', #1938, #1141, #1132 ) ;
#181 = DIRECTION ( 'NONE',  ( 0.000000000000000000, -0.7071067811865444641, -0.7071067811865505703 ) ) ;
#182 = CARTESIAN_POINT ( 'NONE',  ( -0.6750000000000003775, 1.950000000000000400, 0.000000000000000000 ) ) ;
#183 = SHAPE_REPRESENTATION ( 'body_\X2\9ed88ba4\X0\', ( #564 ), #188 ) ;
#184 = CYLINDRICAL_SURFACE ( 'NONE', #655, 0.1733333333333332837 ) ;
#185 = DIRECTION ( 'NONE',  ( 0.000000000000000000, 0.000000000000000000, 1.000000000000000000 ) ) ;
#186 = ORIENTED_EDGE ( 'NONE', *, *, #459, .T. ) ;
#187 = ORIENTED_EDGE ( 'NONE', *, *, #1343, .F. ) ;
#188 =( GEOMETRIC_REPRESENTATION_CONTEXT ( 3 ) GLOBAL_UNCERTAINTY_ASSIGNED_CONTEXT ( ( #1234 ) ) GLOBAL_UNIT_ASSIGNED_CONTEXT ( ( #1971, #1514, #1029 ) ) REPRESENTATION_CONTEXT ( 'NONE', 'WORKASPACE' ) );
#189 = AXIS2_PLACEMENT_3D ( 'NONE', #798, #559, #870 ) ;
#190 = FILL_AREA_STYLE_COLOUR ( '', #1245 ) ;
#191 = ORIENTED_EDGE ( 'NONE', *, *, #711, .F. ) ;
#192 = AXIS2_PLACEMENT_3D ( 'NONE', #1993, #1809, #754 ) ;
#193 = DIRECTION ( 'NONE',  ( -0.000000000000000000, 0.000000000000000000, 1.000000000000000000 ) ) ;
#194 = CARTESIAN_POINT ( 'NONE',  ( -1.776666666666666394, -1.776666666666666394, -0.1000000000000000472 ) ) ;
#195 = CARTESIAN_POINT ( 'NONE',  ( 0.8214564974381793894, 2.038819255415464493, -0.01118074458453397098 ) ) ;
#196 = LINE ( 'NONE', #2038, #528 ) ;
#197 = ADVANCED_FACE ( 'NONE', ( #1620 ), #1163, .T. ) ;
#198 = ORIENTED_EDGE ( 'NONE', *, *, #1011, .T. ) ;
#199 = AXIS2_PLACEMENT_3D ( 'NONE', #502, #964, #1773 ) ;
#200 = EDGE_LOOP ( 'NONE', ( #917, #618, #1345, #829 ) ) ;
#201 = DIRECTION ( 'NONE',  ( -1.000000000000000000, 0.000000000000000000, 0.000000000000000000 ) ) ;
#202 = VERTEX_POINT ( 'NONE', #11 ) ;
#203 = DIRECTION ( 'NONE',  ( 0.7071067811865419106, 0.000000000000000000, 0.7071067811865531239 ) ) ;
#204 = DIRECTION ( 'NONE',  ( -1.000000000000000000, 0.000000000000000000, 0.000000000000000000 ) ) ;
#205 = DIRECTION ( 'NONE',  ( 1.000000000000000000, 0.000000000000000000, 0.000000000000000000 ) ) ;
#206 = CYLINDRICAL_SURFACE ( 'NONE', #959, 0.1733333333333332837 ) ;
#207 = ORIENTED_EDGE ( 'NONE', *, *, #33, .F. ) ;
#208 = ADVANCED_FACE ( 'NONE', ( #1475 ), #1323, .F. ) ;
#209 = EDGE_LOOP ( 'NONE', ( #1012, #1601, #1357, #160 ) ) ;
#210 = FACE_OUTER_BOUND ( 'NONE', #2030, .T. ) ;
#211 = VECTOR ( 'NONE', #1389, 1000.000000000000000 ) ;
#212 = CARTESIAN_POINT ( 'NONE',  ( -0.5016666666666665941, -1.776666666666665728, 0.000000000000000000 ) ) ;
#213 = LINE ( 'NONE', #485, #1818 ) ;
#214 = CARTESIAN_POINT ( 'NONE',  ( -0.6000000000000005329, -1.776666666666666394, -0.1000000000000000056 ) ) ;
#215 = CARTESIAN_POINT ( 'NONE',  ( 1.776666666666665950, -1.949999999999999734, 0.000000000000000000 ) ) ;
#216 = CONTEXT_DEPENDENT_SHAPE_REPRESENTATION ( #1162, #509 ) ;
#217 = ORIENTED_EDGE ( 'NONE', *, *, #1253, .T. ) ;
#218 = VERTEX_POINT ( 'NONE', #488 ) ;
#219 = ADVANCED_FACE ( 'NONE', ( #1292 ), #184, .T. ) ;
#220 = CARTESIAN_POINT ( 'NONE',  ( 0.5999999999999997558, -9.519823953531254266E-17, -0.1000000000000000056 ) ) ;
#221 = AXIS2_PLACEMENT_3D ( 'NONE', #659, #533, #372 ) ;
#222 = EDGE_CURVE ( 'NONE', #1437, #1157, #660, .T. ) ;
#223 = B_SPLINE_CURVE_WITH_KNOTS ( 'NONE', 3,
 ( #893, #1525, #1954, #721 ),
 .UNSPECIFIED., .F., .F.,
 ( 4, 4 ),
 ( 0.000000000000000000, 0.0001621110874658998320 ),
 .UNSPECIFIED. ) ;
#224 = CARTESIAN_POINT ( 'NONE',  ( 0.8256865391466439164, 2.049999999999999378, -0.008953679497709837731 ) ) ;
#225 = AXIS2_PLACEMENT_3D ( 'NONE', #887, #1020, #1693 ) ;
#226 = B_SPLINE_CURVE_WITH_KNOTS ( 'NONE', 3,
 ( #1723, #460, #434, #146, #1102, #1078 ),
 .UNSPECIFIED., .F., .F.,
 ( 4, 2, 4 ),
 ( 2.169910588581649498E-19, 0.0001559754116685718272, 0.0003119508233371434376 ),
 .UNSPECIFIED. ) ;
#227 = DIRECTION ( 'NONE',  ( -0.000000000000000000, 0.000000000000000000, 1.000000000000000000 ) ) ;
#228 = CARTESIAN_POINT ( 'NONE',  ( 1.968000000000001082, -1.776666666666666394, 1.399999999999999911 ) ) ;
#229 = ORIENTED_EDGE ( 'NONE', *, *, #1533, .F. ) ;
#230 = ORIENTED_EDGE ( 'NONE', *, *, #972, .T. ) ;
#231 = VECTOR ( 'NONE', #513, 999.9999999999998863 ) ;
#232 = DIRECTION ( 'NONE',  ( 0.000000000000000000, 0.000000000000000000, 1.000000000000000000 ) ) ;
#233 = EDGE_CURVE ( 'NONE', #101, #328, #1905, .T. ) ;
#234 = DIRECTION ( 'NONE',  ( -0.000000000000000000, -0.000000000000000000, 1.000000000000000000 ) ) ;
#235 = CARTESIAN_POINT ( 'NONE',  ( 1.776666666666666394, 1.776666666666665950, 1.399999999999999911 ) ) ;
#236 = LINE ( 'NONE', #421, #312 ) ;
#237 = CARTESIAN_POINT ( 'NONE',  ( 1.968000000000001082, -1.776666666666666394, 1.399999999999999911 ) ) ;
#238 = ORIENTED_EDGE ( 'NONE', *, *, #1697, .F. ) ;
#239 = ORIENTED_EDGE ( 'NONE', *, *, #1878, .T. ) ;
#240 = DIRECTION ( 'NONE',  ( 0.000000000000000000, 0.7071067811865445751, 0.7071067811865504593 ) ) ;
#241 = PRODUCT_RELATED_PRODUCT_CATEGORY ( 'part', '', ( #1310 ) ) ;
#242 = DIRECTION ( 'NONE',  ( 0.000000000000000000, 0.000000000000000000, 1.000000000000000000 ) ) ;
#243 = EDGE_CURVE ( 'NONE', #526, #1553, #1814, .T. ) ;
#244 = ADVANCED_FACE ( 'NONE', ( #1909 ), #814, .T. ) ;
#245 = AXIS2_PLACEMENT_3D ( 'NONE', #913, #1733, #274 ) ;
#246 = LINE ( 'NONE', #1040, #1843 ) ;
#247 = LINE ( 'NONE', #237, #634 ) ;
#248 = CIRCLE ( 'NONE', #692, 0.1733333333333332837 ) ;
#249 = ORIENTED_EDGE ( 'NONE', *, *, #898, .T. ) ;
#250 = VECTOR ( 'NONE', #340, 1000.000000000000000 ) ;
#251 = ORIENTED_EDGE ( 'NONE', *, *, #574, .T. ) ;
#252 = DIRECTION ( 'NONE',  ( 1.057758217059028854E-16, -1.000000000000000000, 0.000000000000000000 ) ) ;
#253 = AXIS2_PLACEMENT_3D ( 'NONE', #835, #694, #650 ) ;
#254 = DIRECTION ( 'NONE',  ( -1.000000000000000000, 0.000000000000000000, 0.000000000000000000 ) ) ;
#255 = UNCERTAINTY_MEASURE_WITH_UNIT (LENGTH_MEASURE( 1.000000000000000082E-05 ), #1910, 'distance_accuracy_value', 'NONE');
#256 = EDGE_CURVE ( 'NONE', #1560, #526, #110, .T. ) ;
#257 = DIRECTION ( 'NONE',  ( 0.000000000000000000, 0.000000000000000000, 1.000000000000000000 ) ) ;
#258 = AXIS2_PLACEMENT_3D ( 'NONE', #259, #1683, #588 ) ;
#259 = CARTESIAN_POINT ( 'NONE',  ( -0.7733333333333333171, 1.776666666666665950, -0.1000000000000000056 ) ) ;
#260 = CIRCLE ( 'NONE', #158, 0.1733333333333332837 ) ;
#261 = VERTEX_POINT ( 'NONE', #506 ) ;
#262 = ORIENTED_EDGE ( 'NONE', *, *, #1988, .T. ) ;
#263 = VECTOR ( 'NONE', #841, 1000.000000000000000 ) ;
#264 = APPLICATION_CONTEXT ( 'automotive_design' ) ;
#265 = CARTESIAN_POINT ( 'NONE',  ( -0.7733333333333337611, -1.776666666666666394, -0.1000000000000000056 ) ) ;
#266 = CARTESIAN_POINT ( 'NONE',  ( -0.5016666666666667052, -1.949999999999999067, 0.1000000000000000056 ) ) ;
#267 = CARTESIAN_POINT ( 'NONE',  ( -1.776666666666666394, -1.949999999999999512, -0.1000000000000000056 ) ) ;
#268 = LINE ( 'NONE', #1517, #892 ) ;
#269 = EDGE_LOOP ( 'NONE', ( #333, #154, #35, #1737, #1839, #342, #1109, #1900 ) ) ;
#270 = VERTEX_POINT ( 'NONE', #1948 ) ;
#271 = EDGE_CURVE ( 'NONE', #1520, #467, #1918, .T. ) ;
#272 = DIRECTION ( 'NONE',  ( 0.000000000000000000, -0.000000000000000000, 1.000000000000000000 ) ) ;
#273 = CARTESIAN_POINT ( 'NONE',  ( -0.5016666666666667052, -1.949999999999999067, 0.000000000000000000 ) ) ;
#274 = DIRECTION ( 'NONE',  ( 1.000000000000000000, 0.000000000000000000, 0.000000000000000000 ) ) ;
#275 = SURFACE_STYLE_FILL_AREA ( #2020 ) ;
#276 = CONICAL_SURFACE ( 'NONE', #1405, 0.1733333333333330617, 0.7853981633974439491 ) ;
#277 = DIRECTION ( 'NONE',  ( -1.000000000000000000, 0.000000000000000000, 0.000000000000000000 ) ) ;
#278 = ORIENTED_EDGE ( 'NONE', *, *, #1813, .T. ) ;
#279 = AXIS2_PLACEMENT_3D ( 'NONE', #1004, #242, #1636 ) ;
#280 = AXIS2_PLACEMENT_3D ( 'NONE', #32, #373, #1432 ) ;
#281 = VERTEX_POINT ( 'NONE', #1173 ) ;
#282 = CARTESIAN_POINT ( 'NONE',  ( -0.7733333333333337611, -1.949999999999999734, 0.000000000000000000 ) ) ;
#283 = CYLINDRICAL_SURFACE ( 'NONE', #1709, 0.2733333333333333171 ) ;
#284 = EDGE_CURVE ( 'NONE', #790, #1024, #498, .T. ) ;
#285 = ORIENTED_EDGE ( 'NONE', *, *, #677, .T. ) ;
#286 = CARTESIAN_POINT ( 'NONE',  ( -1.776666666666666838, 1.967999999999999750, 1.399999999999999911 ) ) ;
#287 = CONICAL_SURFACE ( 'NONE', #1384, 0.1733333333333330617, 0.7853981633974439491 ) ;
#288 = PLANE ( 'NONE',  #1674 ) ;
#289 = ORIENTED_EDGE ( 'NONE', *, *, #271, .T. ) ;
#290 = ORIENTED_EDGE ( 'NONE', *, *, #1414, .F. ) ;
#291 = DIRECTION ( 'NONE',  ( -0.000000000000000000, 0.000000000000000000, 1.000000000000000000 ) ) ;
#292 = AXIS2_PLACEMENT_3D ( 'NONE', #529, #1960, #1201 ) ;
#293 = CARTESIAN_POINT ( 'NONE',  ( 1.776666666666667282, -1.968000000000000194, 1.399999999999999911 ) ) ;
#294 = ORIENTED_EDGE ( 'NONE', *, *, #256, .F. ) ;
#295 = ADVANCED_FACE ( 'NONE', ( #1455 ), #332, .T. ) ;
#296 = EDGE_CURVE ( 'NONE', #328, #1995, #1597, .T. ) ;
#297 = DIRECTION ( 'NONE',  ( -1.000000000000000000, 0.000000000000000000, -0.000000000000000000 ) ) ;
#298 = LINE ( 'NONE', #1565, #1487 ) ;
#299 = DIRECTION ( 'NONE',  ( -1.000000000000000000, 0.000000000000000000, 0.000000000000000000 ) ) ;
#300 =( LENGTH_UNIT ( ) NAMED_UNIT ( * ) SI_UNIT ( .MILLI., .METRE. ) );
#301 = VERTEX_POINT ( 'NONE', #1927 ) ;
#302 = ORIENTED_EDGE ( 'NONE', *, *, #1802, .F. ) ;
#303 = CARTESIAN_POINT ( 'NONE',  ( 0.7733333333333328730, 1.949999999999999067, -0.1000000000000000056 ) ) ;
#304 = CARTESIAN_POINT ( 'NONE',  ( 1.949999999999999734, 1.776666666666665950, 0.000000000000000000 ) ) ;
#305 = EDGE_LOOP ( 'NONE', ( #1685, #1748, #414, #1429, #1774 ) ) ;
#306 = PLANE ( 'NONE',  #1740 ) ;
#307 = CARTESIAN_POINT ( 'NONE',  ( -1.776666666666666838, 2.049999999999999378, 1.084202172485504434E-15 ) ) ;
#308 = ADVANCED_FACE ( 'NONE', ( #1149 ), #1349, .T. ) ;
#309 = PLANE ( 'NONE',  #787 ) ;
#310 = EDGE_CURVE ( 'NONE', #1752, #1437, #555, .T. ) ;
#311 = ORIENTED_EDGE ( 'NONE', *, *, #1494, .F. ) ;
#312 = VECTOR ( 'NONE', #705, 1000.000000000000000 ) ;
#313 = EDGE_LOOP ( 'NONE', ( #500, #977, #1559, #73 ) ) ;
#314 = CIRCLE ( 'NONE', #1963, 0.1733333333333332837 ) ;
#315 = DIRECTION ( 'NONE',  ( 1.000000000000000000, 1.251002506714044033E-15, 0.000000000000000000 ) ) ;
#316 = AXIS2_PLACEMENT_3D ( 'NONE', #424, #1815, #1977 ) ;
#317 = CARTESIAN_POINT ( 'NONE',  ( -0.6750000000000003775, 1.950000000000000400, 0.000000000000000000 ) ) ;
#318 = VERTEX_POINT ( 'NONE', #557 ) ;
#319 = FACE_OUTER_BOUND ( 'NONE', #1375, .T. ) ;
#320 = CARTESIAN_POINT ( 'NONE',  ( -1.776666666666666838, 1.776666666666665950, 1.399999999999999911 ) ) ;
#321 = DIRECTION ( 'NONE',  ( 1.000000000000000000, -1.586637325588543158E-16, 0.000000000000000000 ) ) ;
#322 = MECHANICAL_DESIGN_GEOMETRIC_PRESENTATION_REPRESENTATION (  '', ( #1651 ), #1355 ) ;
#323 = VERTEX_POINT ( 'NONE', #409 ) ;
#324 = EDGE_CURVE ( 'NONE', #611, #261, #415, .T. ) ;
#325 = ORIENTED_EDGE ( 'NONE', *, *, #1634, .F. ) ;
#326 = AXIS2_PLACEMENT_3D ( 'NONE', #1998, #1174, #696 ) ;
#327 = DIRECTION ( 'NONE',  ( 1.112002228190261198E-16, -1.000000000000000000, 0.000000000000000000 ) ) ;
#328 = VERTEX_POINT ( 'NONE', #724 ) ;
#329 =( GEOMETRIC_REPRESENTATION_CONTEXT ( 3 ) GLOBAL_UNCERTAINTY_ASSIGNED_CONTEXT ( ( #534 ) ) GLOBAL_UNIT_ASSIGNED_CONTEXT ( ( #1112, #1600, #469 ) ) REPRESENTATION_CONTEXT ( 'NONE', 'WORKASPACE' ) );
#330 = DIRECTION ( 'NONE',  ( -1.000000000000000000, -0.000000000000000000, -0.000000000000000000 ) ) ;
#331 = FACE_OUTER_BOUND ( 'NONE', #368, .T. ) ;
#332 = PLANE ( 'NONE',  #280 ) ;
#333 = ORIENTED_EDGE ( 'NONE', *, *, #1521, .T. ) ;
#334 = VERTEX_POINT ( 'NONE', #214 ) ;
#335 = EDGE_CURVE ( 'NONE', #101, #611, #84, .T. ) ;
#336 = SURFACE_STYLE_FILL_AREA ( #1461 ) ;
#337 = ORIENTED_EDGE ( 'NONE', *, *, #1343, .T. ) ;
#338 = CYLINDRICAL_SURFACE ( 'NONE', #1606, 0.2733333333333333171 ) ;
#339 = DIRECTION ( 'NONE',  ( 1.000000000000000000, -1.057758217059029101E-16, 0.000000000000000000 ) ) ;
#340 = DIRECTION ( 'NONE',  ( 0.000000000000000000, 0.000000000000000000, -1.000000000000000000 ) ) ;
#341 = DIRECTION ( 'NONE',  ( 1.000000000000000000, 0.000000000000000000, 0.000000000000000000 ) ) ;
#342 = ORIENTED_EDGE ( 'NONE', *, *, #1356, .T. ) ;
#343 = ORIENTED_EDGE ( 'NONE', *, *, #1037, .F. ) ;
#344 = CIRCLE ( 'NONE', #407, 0.1733333333333332837 ) ;
#345 = AXIS2_PLACEMENT_3D ( 'NONE', #658, #649, #1915 ) ;
#346 = CARTESIAN_POINT ( 'NONE',  ( 0.000000000000000000, -1.949999999999999734, -0.1000000000000000056 ) ) ;
#347 = ORIENTED_EDGE ( 'NONE', *, *, #1802, .T. ) ;
#348 = AXIS2_PLACEMENT_3D ( 'NONE', #427, #418, #1562 ) ;
#349 = CLOSED_SHELL ( 'NONE', ( #487, #740, #6, #561, #1848, #295, #197, #1647, #165, #1063, #93, #749, #113, #430, #1955, #622, #70, #946, #1060, #703, #1484, #208, #662, #1237, #102, #1290, #512, #1291, #22, #1990, #1722, #1978, #137, #308, #932, #648, #1669, #1979, #1092, #1866, #244, #1469, #1592, #902, #1135, #445, #1365, #1280, #837, #1660, #1694, #1155, #1377, #1911, #545, #179, #1590, #761 ) ) ;
#350 = EDGE_CURVE ( 'NONE', #1666, #1337, #896, .T. ) ;
#351 = DIRECTION ( 'NONE',  ( 2.115516434118057709E-16, -1.000000000000000000, 0.000000000000000000 ) ) ;
#352 = CYLINDRICAL_SURFACE ( 'NONE', #1717, 0.09999999999999999167 ) ;
#353 = CARTESIAN_POINT ( 'NONE',  ( -0.7733333333333337611, -1.776666666666666394, -0.1000000000000000056 ) ) ;
#354 = CARTESIAN_POINT ( 'NONE',  ( 0.6172583401550528759, 2.049999999999999378, 0.000000000000000000 ) ) ;
#355 = ORIENTED_EDGE ( 'NONE', *, *, #531, .T. ) ;
#356 = VECTOR ( 'NONE', #1452, 1000.000000000000000 ) ;
#357 = ORIENTED_EDGE ( 'NONE', *, *, #875, .F. ) ;
#358 =( GEOMETRIC_REPRESENTATION_CONTEXT ( 3 ) GLOBAL_UNCERTAINTY_ASSIGNED_CONTEXT ( ( #577 ) ) GLOBAL_UNIT_ASSIGNED_CONTEXT ( ( #1821, #538, #1021 ) ) REPRESENTATION_CONTEXT ( 'NONE', 'WORKASPACE' ) );
#359 = DIRECTION ( 'NONE',  ( 1.000000000000000000, 0.000000000000000000, 0.000000000000000000 ) ) ;
#360 = ORIENTED_EDGE ( 'NONE', *, *, #1027, .T. ) ;
#361 = CIRCLE ( 'NONE', #991, 0.1733333333333332837 ) ;
#362 = CARTESIAN_POINT ( 'NONE',  ( 0.7733333333333324289, -2.020710678118653458, -0.02928932188134548281 ) ) ;
#363 = CARTESIAN_POINT ( 'NONE',  ( -0.7733333333333337611, -2.020710678118653458, -0.02928932188134549669 ) ) ;
#364 = EDGE_CURVE ( 'NONE', #927, #1446, #248, .T. ) ;
#365 = CARTESIAN_POINT ( 'NONE',  ( 0.7733333333333328730, 2.020710678118653014, -0.02928932188134550710 ) ) ;
#366 = CARTESIAN_POINT ( 'NONE',  ( 0.5999999999999998668, 1.776666666666665950, 0.000000000000000000 ) ) ;
#367 = APPLICATION_PROTOCOL_DEFINITION ( 'draft international standard', 'automotive_design', 1998, #1049 ) ;
#368 = EDGE_LOOP ( 'NONE', ( #888, #1578, #1397, #413, #799, #1125, #1563, #490 ) ) ;
#369 = ORIENTED_EDGE ( 'NONE', *, *, #167, .F. ) ;
#370 = LINE ( 'NONE', #1003, #96 ) ;
#371 = CARTESIAN_POINT ( 'NONE',  ( 0.7733333333333324289, -1.949999999999999734, -0.1000000000000000056 ) ) ;
#372 = DIRECTION ( 'NONE',  ( 0.000000000000000000, -0.000000000000000000, 1.000000000000000000 ) ) ;
#373 = DIRECTION ( 'NONE',  ( -0.000000000000000000, 0.000000000000000000, 1.000000000000000000 ) ) ;
#374 = EDGE_CURVE ( 'NONE', #840, #1418, #755, .T. ) ;
#375 = CARTESIAN_POINT ( 'NONE',  ( -1.968000000000000638, -1.776666666666666394, 1.399999999999999911 ) ) ;
#376 = ORIENTED_EDGE ( 'NONE', *, *, #1786, .F. ) ;
#377 = ORIENTED_EDGE ( 'NONE', *, *, #1145, .T. ) ;
#378 = PRODUCT ( 'FTC404015S', 'FTC404015S', '', ( #43 ) ) ;
#379 = CARTESIAN_POINT ( 'NONE',  ( 0.9294083265116120929, 2.049999999999999378, 1.078588531933030785E-15 ) ) ;
#380 = CARTESIAN_POINT ( 'NONE',  ( 0.4585786437626905299, -1.776666666666666394, -0.1000000000000000056 ) ) ;
#381 = AXIS2_PLACEMENT_3D ( 'NONE', #1213, #1220, #1673 ) ;
#382 = DIRECTION ( 'NONE',  ( -1.000000000000000000, 0.000000000000000000, 0.000000000000000000 ) ) ;
#383 = CARTESIAN_POINT ( 'NONE',  ( 1.776666666666666394, 1.776666666666665950, -0.1000000000000000472 ) ) ;
#384 = DIRECTION ( 'NONE',  ( 1.000000000000000000, 0.000000000000000000, 0.000000000000000000 ) ) ;
#385 = EDGE_LOOP ( 'NONE', ( #889, #44, #1134, #2013 ) ) ;
#386 = LINE ( 'NONE', #549, #883 ) ;
#387 = EDGE_CURVE ( 'NONE', #1568, #1623, #1181, .T. ) ;
#388 = EDGE_CURVE ( 'NONE', #1176, #1995, #1964, .T. ) ;
#389 = CARTESIAN_POINT ( 'NONE',  ( 0.000000000000000000, 1.949999999999999067, -0.1000000000000000056 ) ) ;
#390 = PRODUCT_DEFINITION_FORMATION_WITH_SPECIFIED_SOURCE ( 'ANY', '', #378, .NOT_KNOWN. ) ;
#391 = LINE ( 'NONE', #742, #1281 ) ;
#392 = CARTESIAN_POINT ( 'NONE',  ( 2.049999999999999822, 1.949999999999999289, -0.1000000000000000056 ) ) ;
#393 = CARTESIAN_POINT ( 'NONE',  ( -1.776666666666666838, 1.776666666666665950, -0.1000000000000000056 ) ) ;
#394 = ORIENTED_EDGE ( 'NONE', *, *, #447, .T. ) ;
#395 = AXIS2_PLACEMENT_3D ( 'NONE', #389, #729, #710 ) ;
#396 = ORIENTED_EDGE ( 'NONE', *, *, #222, .F. ) ;
#397 = AXIS2_PLACEMENT_3D ( 'NONE', #112, #1239, #1056 ) ;
#398 = EDGE_CURVE ( 'NONE', #261, #1952, #520, .T. ) ;
#399 = LINE ( 'NONE', #1471, #1825 ) ;
#400 = CARTESIAN_POINT ( 'NONE',  ( -1.776666666666666838, 1.949999999999999289, 0.000000000000000000 ) ) ;
#401 = CARTESIAN_POINT ( 'NONE',  ( 1.776666666666665950, -1.949999999999999734, -0.1000000000000000056 ) ) ;
#402 = FACE_OUTER_BOUND ( 'NONE', #1822, .T. ) ;
#403 = ORIENTED_EDGE ( 'NONE', *, *, #1330, .T. ) ;
#404 = CARTESIAN_POINT ( 'NONE',  ( 1.776666666666667282, -2.049999999999999822, 1.084202172485504434E-15 ) ) ;
#405 = DIRECTION ( 'NONE',  ( -1.000000000000000000, 0.000000000000000000, 0.000000000000000000 ) ) ;
#406 = DIRECTION ( 'NONE',  ( 0.000000000000000000, 0.000000000000000000, 1.000000000000000000 ) ) ;
#407 = AXIS2_PLACEMENT_3D ( 'NONE', #595, #1855, #1258 ) ;
#408 = VECTOR ( 'NONE', #1970, 1000.000000000000000 ) ;
#409 = CARTESIAN_POINT ( 'NONE',  ( -1.950000000000000178, 1.776666666666665950, -0.1000000000000000056 ) ) ;
#410 = CARTESIAN_POINT ( 'NONE',  ( -2.049999999999999822, -1.776666666666666394, 1.084202172485504434E-15 ) ) ;
#411 = VECTOR ( 'NONE', #163, 1000.000000000000000 ) ;
#412 = AXIS2_PLACEMENT_3D ( 'NONE', #904, #1572, #780 ) ;
#413 = ORIENTED_EDGE ( 'NONE', *, *, #1634, .T. ) ;
#414 = ORIENTED_EDGE ( 'NONE', *, *, #1745, .F. ) ;
#415 = B_SPLINE_CURVE_WITH_KNOTS ( 'NONE', 3,
 ( #1218, #1019, #876, #1670, #1050, #1061 ),
 .UNSPECIFIED., .F., .F.,
 ( 4, 2, 4 ),
 ( 0.000000000000000000, 0.0001559754116685717188, 0.0003119508233371434376 ),
 .UNSPECIFIED. ) ;
#416 = CARTESIAN_POINT ( 'NONE',  ( 0.7733333333333324289, -1.776666666666666394, -0.1000000000000000056 ) ) ;
#417 = AXIS2_PLACEMENT_3D ( 'NONE', #1691, #1650, #731 ) ;
#418 = DIRECTION ( 'NONE',  ( 0.000000000000000000, 0.000000000000000000, -1.000000000000000000 ) ) ;
#419 = LINE ( 'NONE', #1486, #1518 ) ;
#420 = EDGE_CURVE ( 'NONE', #1423, #974, #857, .T. ) ;
#421 = CARTESIAN_POINT ( 'NONE',  ( 1.949999999999999289, -1.776666666666666394, 0.000000000000000000 ) ) ;
#422 = EDGE_CURVE ( 'NONE', #1423, #1732, #246, .T. ) ;
#423 = CARTESIAN_POINT ( 'NONE',  ( -1.949999999999999956, 1.776666666666665950, -0.1000000000000000056 ) ) ;
#424 = CARTESIAN_POINT ( 'NONE',  ( -2.050000000000000266, 2.049999999999999378, 1.399999999999999911 ) ) ;
#425 = ORIENTED_EDGE ( 'NONE', *, *, #388, .F. ) ;
#426 = CYLINDRICAL_SURFACE ( 'NONE', #1496, 0.1733333333333332837 ) ;
#427 = CARTESIAN_POINT ( 'NONE',  ( 1.776666666666666394, 1.776666666666665950, 1.399999999999999911 ) ) ;
#428 = CARTESIAN_POINT ( 'NONE',  ( 2.050000000000000711, -1.776666666666666394, 1.317999999999999616 ) ) ;
#429 = LINE ( 'NONE', #1247, #1450 ) ;
#430 = ADVANCED_FACE ( 'NONE', ( #1992 ), #1819, .T. ) ;
#431 = CARTESIAN_POINT ( 'NONE',  ( -0.6000000000000003109, 6.346549302354176085E-17, -0.1000000000000000056 ) ) ;
#432 = ORIENTED_EDGE ( 'NONE', *, *, #1045, .T. ) ;
#433 = DIRECTION ( 'NONE',  ( 0.000000000000000000, -0.000000000000000000, 1.000000000000000000 ) ) ;
#434 = CARTESIAN_POINT ( 'NONE',  ( 0.7209801275200209414, -2.049999999999999822, -0.008953679497709796098 ) ) ;
#435 = VECTOR ( 'NONE', #910, 1000.000000000000000 ) ;
#436 = ORIENTED_EDGE ( 'NONE', *, *, #736, .F. ) ;
#437 = CARTESIAN_POINT ( 'NONE',  ( 0.5999999999999994227, -1.776666666666666394, -0.1000000000000000056 ) ) ;
#438 = PLANE ( 'NONE',  #1947 ) ;
#439 = VECTOR ( 'NONE', #203, 1000.000000000000000 ) ;
#440 = AXIS2_PLACEMENT_3D ( 'NONE', #811, #1906, #1615 ) ;
#441 = LINE ( 'NONE', #454, #411 ) ;
#442 = AXIS2_PLACEMENT_3D ( 'NONE', #656, #1612, #26 ) ;
#443 = AXIS2_PLACEMENT_3D ( 'NONE', #1982, #567, #1956 ) ;
#444 = ORIENTED_EDGE ( 'NONE', *, *, #1052, .F. ) ;
#445 = ADVANCED_FACE ( 'NONE', ( #1203 ), #276, .T. ) ;
#446 = CARTESIAN_POINT ( 'NONE',  ( 1.776666666666666394, 2.049999999999999378, 1.084202172485504040E-15 ) ) ;
#447 = EDGE_CURVE ( 'NONE', #778, #16, #587, .T. ) ;
#448 = DIRECTION ( 'NONE',  ( 0.000000000000000000, 0.7071067811865504593, -0.7071067811865445751 ) ) ;
#449 = SHAPE_REPRESENTATION ( 'pin_\X2\9ed88ba4\X0\', ( #564 ), #627 ) ;
#450 = ORIENTED_EDGE ( 'NONE', *, *, #635, .T. ) ;
#451 = CARTESIAN_POINT ( 'NONE',  ( 0.5016666666666664831, 1.776666666666667060, 0.1000000000000000056 ) ) ;
#452 = CARTESIAN_POINT ( 'NONE',  ( 0.7733333333333330950, 1.776666666666665950, 0.000000000000000000 ) ) ;
#453 = STYLED_ITEM ( 'NONE', ( #476 ), #1782 ) ;
#454 = CARTESIAN_POINT ( 'NONE',  ( 0.4585786437626908074, -7.275979929116570266E-17, 0.000000000000000000 ) ) ;
#455 = VERTEX_POINT ( 'NONE', #1828 ) ;
#456 = AXIS2_PLACEMENT_3D ( 'NONE', #143, #1302, #1949 ) ;
#457 = ORIENTED_EDGE ( 'NONE', *, *, #420, .T. ) ;
#458 = DIRECTION ( 'NONE',  ( -1.000000000000000000, 0.000000000000000000, 0.000000000000000000 ) ) ;
#459 = EDGE_CURVE ( 'NONE', #1447, #334, #89, .T. ) ;
#460 = CARTESIAN_POINT ( 'NONE',  ( 0.6692863599258193075, -2.049999999999999822, -2.144052147737446963E-18 ) ) ;
#461 = ORIENTED_EDGE ( 'NONE', *, *, #1878, .F. ) ;
#462 = DIRECTION ( 'NONE',  ( 1.000000000000000000, 0.000000000000000000, 0.000000000000000000 ) ) ;
#463 = DIRECTION ( 'NONE',  ( 0.000000000000000000, 0.000000000000000000, -1.000000000000000000 ) ) ;
#464 = DIRECTION ( 'NONE',  ( 8.340016711426958986E-17, -1.000000000000000000, 0.000000000000000000 ) ) ;
#465 = SURFACE_STYLE_USAGE ( .BOTH. , #815 ) ;
#466 = ORIENTED_EDGE ( 'NONE', *, *, #1883, .F. ) ;
#467 = VERTEX_POINT ( 'NONE', #401 ) ;
#468 = DIRECTION ( 'NONE',  ( 1.000000000000000000, 0.000000000000000000, 0.000000000000000000 ) ) ;
#469 =( NAMED_UNIT ( * ) SI_UNIT ( $, .STERADIAN. ) SOLID_ANGLE_UNIT ( ) );
#470 = EDGE_CURVE ( 'NONE', #455, #2037, #236, .T. ) ;
#471 = EDGE_LOOP ( 'NONE', ( #699, #2018, #1522, #174 ) ) ;
#472 = CARTESIAN_POINT ( 'NONE',  ( -2.050000000000000266, 2.049999999999999378, 1.399999999999999911 ) ) ;
#473 = CARTESIAN_POINT ( 'NONE',  ( 0.7733333333333324289, -1.949999999999999512, -0.1000000000000000056 ) ) ;
#474 = EDGE_CURVE ( 'NONE', #1646, #1363, #77, .T. ) ;
#475 = FACE_OUTER_BOUND ( 'NONE', #1850, .T. ) ;
#476 = PRESENTATION_STYLE_ASSIGNMENT (( #465 ) ) ;
#477 = EDGE_LOOP ( 'NONE', ( #74, #1738, #134, #34, #503 ) ) ;
#478 = VECTOR ( 'NONE', #135, 1000.000000000000000 ) ;
#479 = ORIENTED_EDGE ( 'NONE', *, *, #1550, .F. ) ;
#480 = AXIS2_PLACEMENT_3D ( 'NONE', #1678, #1495, #704 ) ;
#481 = VECTOR ( 'NONE', #1006, 1000.000000000000000 ) ;
#482 = CARTESIAN_POINT ( 'NONE',  ( 1.776666666666666394, 2.049999999999999378, 1.317999999999999616 ) ) ;
#483 = ORIENTED_EDGE ( 'NONE', *, *, #803, .T. ) ;
#484 = CARTESIAN_POINT ( 'NONE',  ( -0.4585786437626915291, 4.850653286077722139E-17, 0.000000000000000000 ) ) ;
#485 = CARTESIAN_POINT ( 'NONE',  ( 0.6749999999999997113, 1.776666666666667060, 0.1000000000000000056 ) ) ;
#486 = PRODUCT_RELATED_PRODUCT_CATEGORY ( 'part', '', ( #378 ) ) ;
#487 = ADVANCED_FACE ( 'NONE', ( #753 ), #1536, .F. ) ;
#488 = CARTESIAN_POINT ( 'NONE',  ( -1.776666666666667282, -1.949999999999999734, -0.1000000000000000056 ) ) ;
#489 = CONICAL_SURFACE ( 'NONE', #417, 0.1913333333333337161, 0.7853981633974428389 ) ;
#490 = ORIENTED_EDGE ( 'NONE', *, *, #1786, .T. ) ;
#491 = ORIENTED_EDGE ( 'NONE', *, *, #1424, .F. ) ;
#492 = VECTOR ( 'NONE', #1335, 1000.000000000000000 ) ;
#493 = CARTESIAN_POINT ( 'NONE',  ( -0.6749999999999999334, -1.949999999999999067, 0.000000000000000000 ) ) ;
#494 = ORIENTED_EDGE ( 'NONE', *, *, #422, .T. ) ;
#495 = CIRCLE ( 'NONE', #292, 0.1733333333333332837 ) ;
#496 = PLANE ( 'NONE',  #1117 ) ;
#497 = CARTESIAN_POINT ( 'NONE',  ( 1.949999999999999734, 1.776666666666665950, -0.1000000000000000056 ) ) ;
#498 = LINE ( 'NONE', #1801, #250 ) ;
#499 = ORIENTED_EDGE ( 'NONE', *, *, #983, .T. ) ;
#500 = ORIENTED_EDGE ( 'NONE', *, *, #676, .F. ) ;
#501 = EDGE_CURVE ( 'NONE', #1127, #270, #1105, .T. ) ;
#502 = CARTESIAN_POINT ( 'NONE',  ( -0.7733333333333337611, -1.776666666666666394, -0.1000000000000000472 ) ) ;
#503 = ORIENTED_EDGE ( 'NONE', *, *, #1266, .T. ) ;
#504 = CARTESIAN_POINT ( 'NONE',  ( -0.7733333333333333171, 2.049999999999999378, 1.124859753953710850E-15 ) ) ;
#505 = CARTESIAN_POINT ( 'NONE',  ( 0.000000000000000000, 0.000000000000000000, 0.000000000000000000 ) ) ;
#506 = CARTESIAN_POINT ( 'NONE',  ( -0.9294083265116125370, 2.049999999999999378, 1.078588531933030785E-15 ) ) ;
#507 = DIRECTION ( 'NONE',  ( 0.000000000000000000, 0.7071067811865445751, 0.7071067811865504593 ) ) ;
#508 = VERTEX_POINT ( 'NONE', #1564 ) ;
#509 = PRODUCT_DEFINITION_SHAPE ( 'NONE', 'NONE',  #2044 ) ;
#510 = EDGE_LOOP ( 'NONE', ( #1591, #607, #608, #187 ) ) ;
#511 = AXIS2_PLACEMENT_3D ( 'NONE', #1506, #1380, #773 ) ;
#512 = ADVANCED_FACE ( 'NONE', ( #2010 ), #126, .F. ) ;
#513 = DIRECTION ( 'NONE',  ( 0.000000000000000000, -0.7071067811865439090, 0.7071067811865512365 ) ) ;
#514 = VECTOR ( 'NONE', #1577, 1000.000000000000000 ) ;
#515 = ORIENTED_EDGE ( 'NONE', *, *, #1391, .F. ) ;
#516 = VECTOR ( 'NONE', #1387, 1000.000000000000000 ) ;
#517 = FACE_OUTER_BOUND ( 'NONE', #1206, .T. ) ;
#518 = DIRECTION ( 'NONE',  ( -0.000000000000000000, -0.7071067811865512365, 0.7071067811865439090 ) ) ;
#519 = VECTOR ( 'NONE', #544, 1000.000000000000000 ) ;
#520 = B_SPLINE_CURVE_WITH_KNOTS ( 'NONE', 3,
 ( #1361, #1372, #1210, #1808 ),
 .UNSPECIFIED., .F., .F.,
 ( 4, 4 ),
 ( 0.000000000000000000, 0.0001621110874658998320 ),
 .UNSPECIFIED. ) ;
#521 = CARTESIAN_POINT ( 'NONE',  ( 0.8746274775235304277, 2.049999999999999378, 9.894982587078136157E-16 ) ) ;
#522 = LINE ( 'NONE', #1416, #764 ) ;
#523 = DIRECTION ( 'NONE',  ( 1.000000000000000000, 0.000000000000000000, 0.000000000000000000 ) ) ;
#524 = ORIENTED_EDGE ( 'NONE', *, *, #1931, .T. ) ;
#525 = VECTOR ( 'NONE', #1776, 999.9999999999998863 ) ;
#526 = VERTEX_POINT ( 'NONE', #106 ) ;
#527 = AXIS2_PLACEMENT_3D ( 'NONE', #1273, #1433, #341 ) ;
#528 = VECTOR ( 'NONE', #999, 1000.000000000000000 ) ;
#529 = CARTESIAN_POINT ( 'NONE',  ( 0.5016666666666667052, -1.776666666666665950, 0.000000000000000000 ) ) ;
#530 = STYLED_ITEM ( 'NONE', ( #1115 ), #1777 ) ;
#531 = EDGE_CURVE ( 'NONE', #38, #56, #603, .T. ) ;
#532 = CARTESIAN_POINT ( 'NONE',  ( -0.7216326095520549933, -2.049999999999999822, -0.009010199065917063460 ) ) ;
#533 = DIRECTION ( 'NONE',  ( 0.000000000000000000, 1.000000000000000000, 0.000000000000000000 ) ) ;
#534 = UNCERTAINTY_MEASURE_WITH_UNIT (LENGTH_MEASURE( 1.000000000000000082E-05 ), #1112, 'distance_accuracy_value', 'NONE');
#535 = EDGE_CURVE ( 'NONE', #218, #1308, #1235, .T. ) ;
#536 = CARTESIAN_POINT ( 'NONE',  ( 1.776666666666665950, -1.949999999999999734, -0.1000000000000000056 ) ) ;
#537 = LINE ( 'NONE', #155, #28 ) ;
#538 =( NAMED_UNIT ( * ) PLANE_ANGLE_UNIT ( ) SI_UNIT ( $, .RADIAN. ) );
#539 = ORIENTED_EDGE ( 'NONE', *, *, #1330, .F. ) ;
#540 = ORIENTED_EDGE ( 'NONE', *, *, #824, .T. ) ;
#541 = CYLINDRICAL_SURFACE ( 'NONE', #966, 0.1733333333333332837 ) ;
#542 = LINE ( 'NONE', #1981, #408 ) ;
#543 = LINE ( 'NONE', #1018, #1055 ) ;
#544 = DIRECTION ( 'NONE',  ( 0.000000000000000000, -0.000000000000000000, -1.000000000000000000 ) ) ;
#545 = ADVANCED_FACE ( 'NONE', ( #2031 ), #752, .F. ) ;
#546 = CARTESIAN_POINT ( 'NONE',  ( -1.776666666666666838, 1.776666666666665950, -0.1000000000000000472 ) ) ;
#547 = CONTEXT_DEPENDENT_SHAPE_REPRESENTATION ( #612, #1010 ) ;
#548 = ORIENTED_EDGE ( 'NONE', *, *, #1424, .T. ) ;
#549 = CARTESIAN_POINT ( 'NONE',  ( -1.776666666666666394, -2.049999999999999822, 1.399999999999999911 ) ) ;
#550 = CARTESIAN_POINT ( 'NONE',  ( -0.7733333333333333171, 1.776666666666665950, 0.000000000000000000 ) ) ;
#551 = VECTOR ( 'NONE', #882, 1000.000000000000000 ) ;
#552 = LINE ( 'NONE', #1017, #1705 ) ;
#553 = VECTOR ( 'NONE', #1844, 1000.000000000000000 ) ;
#554 = UNCERTAINTY_MEASURE_WITH_UNIT (LENGTH_MEASURE( 1.000000000000000082E-05 ), #300, 'distance_accuracy_value', 'NONE');
#555 = CIRCLE ( 'NONE', #443, 0.2733333333333333171 ) ;
#556 = VECTOR ( 'NONE', #252, 1000.000000000000000 ) ;
#557 = CARTESIAN_POINT ( 'NONE',  ( -1.950000000000000178, 1.776666666666665950, 0.000000000000000000 ) ) ;
#558 = DIRECTION ( 'NONE',  ( 1.586637325588543158E-16, 1.000000000000000000, 0.000000000000000000 ) ) ;
#559 = DIRECTION ( 'NONE',  ( 0.000000000000000000, 0.000000000000000000, 1.000000000000000000 ) ) ;
#560 = VERTEX_POINT ( 'NONE', #905 ) ;
#561 = ADVANCED_FACE ( 'NONE', ( #628 ), #1692, .F. ) ;
#562 = ORIENTED_EDGE ( 'NONE', *, *, #1856, .T. ) ;
#563 = DIRECTION ( 'NONE',  ( 0.000000000000000000, -0.000000000000000000, 1.000000000000000000 ) ) ;
#564 = AXIS2_PLACEMENT_3D ( 'NONE', #1757, #1142, #1875 ) ;
#565 = CARTESIAN_POINT ( 'NONE',  ( 1.776666666666665950, -1.776666666666666394, 0.000000000000000000 ) ) ;
#566 = AXIS2_PLACEMENT_3D ( 'NONE', #1385, #1987, #1859 ) ;
#567 = DIRECTION ( 'NONE',  ( 0.000000000000000000, 0.000000000000000000, -1.000000000000000000 ) ) ;
#568 = CARTESIAN_POINT ( 'NONE',  ( 0.4585786437626908074, -7.275979929116570266E-17, -0.1000000000000000056 ) ) ;
#569 = ORIENTED_EDGE ( 'NONE', *, *, #911, .T. ) ;
#570 = CARTESIAN_POINT ( 'NONE',  ( 0.7733333333333324289, -1.949999999999999734, 0.000000000000000000 ) ) ;
#571 = ADVANCED_BREP_SHAPE_REPRESENTATION ( '', ( #1777, #564 ), #188 ) ;
#572 = AXIS2_PLACEMENT_3D ( 'NONE', #220, #702, #75 ) ;
#573 = DIRECTION ( 'NONE',  ( -0.7071067811865444641, 0.000000000000000000, 0.7071067811865505703 ) ) ;
#574 = EDGE_CURVE ( 'NONE', #1205, #38, #1544, .T. ) ;
#575 = DIRECTION ( 'NONE',  ( -0.000000000000000000, 0.000000000000000000, 1.000000000000000000 ) ) ;
#576 = FACE_OUTER_BOUND ( 'NONE', #735, .T. ) ;
#577 = UNCERTAINTY_MEASURE_WITH_UNIT (LENGTH_MEASURE( 1.000000000000000082E-05 ), #1821, 'distance_accuracy_value', 'NONE');
#578 = DIRECTION ( 'NONE',  ( 1.000000000000000000, 0.000000000000000000, 0.000000000000000000 ) ) ;
#579 = LINE ( 'NONE', #423, #2039 ) ;
#580 = ORIENTED_EDGE ( 'NONE', *, *, #271, .F. ) ;
#581 = DIRECTION ( 'NONE',  ( -0.7071067811865521247, -7.479480081382362173E-17, 0.7071067811865429098 ) ) ;
#582 = ORIENTED_EDGE ( 'NONE', *, *, #983, .F. ) ;
#583 = LINE ( 'NONE', #601, #556 ) ;
#584 = EDGE_CURVE ( 'NONE', #1995, #1666, #344, .T. ) ;
#585 = EDGE_CURVE ( 'NONE', #1024, #281, #1509, .T. ) ;
#586 = DIRECTION ( 'NONE',  ( -1.000000000000000000, 0.000000000000000000, 0.000000000000000000 ) ) ;
#587 = LINE ( 'NONE', #1516, #21 ) ;
#588 = DIRECTION ( 'NONE',  ( 1.000000000000000000, 0.000000000000000000, 0.000000000000000000 ) ) ;
#589 = VECTOR ( 'NONE', #617, 1000.000000000000000 ) ;
#590 = FACE_OUTER_BOUND ( 'NONE', #1811, .T. ) ;
#591 = EDGE_LOOP ( 'NONE', ( #1966, #1951, #1519, #540, #816, #970, #1686, #644 ) ) ;
#592 = CARTESIAN_POINT ( 'NONE',  ( -0.6749999999999999334, -1.949999999999999067, 0.1000000000000000056 ) ) ;
#593 = VECTOR ( 'NONE', #743, 1000.000000000000000 ) ;
#594 = FACE_OUTER_BOUND ( 'NONE', #1434, .T. ) ;
#595 = CARTESIAN_POINT ( 'NONE',  ( -0.7733333333333333171, 1.776666666666665950, -0.1000000000000000056 ) ) ;
#596 = CONICAL_SURFACE ( 'NONE', #1200, 0.1733333333333330617, 0.7853981633974439491 ) ;
#597 =( NAMED_UNIT ( * ) SI_UNIT ( $, .STERADIAN. ) SOLID_ANGLE_UNIT ( ) );
#598 = EDGE_CURVE ( 'NONE', #965, #626, #794, .T. ) ;
#599 = CARTESIAN_POINT ( 'NONE',  ( -2.050000000000000266, 1.776666666666665950, 1.399999999999999911 ) ) ;
#600 = ORIENTED_EDGE ( 'NONE', *, *, #1492, .T. ) ;
#601 = CARTESIAN_POINT ( 'NONE',  ( -1.968000000000000638, -1.776666666666666394, 1.399999999999999911 ) ) ;
#602 = DIRECTION ( 'NONE',  ( -1.000000000000000000, 0.000000000000000000, 0.000000000000000000 ) ) ;
#603 = LINE ( 'NONE', #1228, #1013 ) ;
#604 = ADVANCED_FACE ( 'NONE', ( #1270 ), #1886, .F. ) ;
#605 = EDGE_CURVE ( 'NONE', #25, #1749, #1896, .T. ) ;
#606 = CARTESIAN_POINT ( 'NONE',  ( 1.776666666666666394, 1.949999999999999289, 0.000000000000000000 ) ) ;
#607 = ORIENTED_EDGE ( 'NONE', *, *, #605, .F. ) ;
#608 = ORIENTED_EDGE ( 'NONE', *, *, #1104, .F. ) ;
#609 = DIRECTION ( 'NONE',  ( -1.000000000000000000, 0.000000000000000000, 0.000000000000000000 ) ) ;
#610 = CARTESIAN_POINT ( 'NONE',  ( -0.7733333333333337611, -1.776666666666666394, -0.1000000000000000056 ) ) ;
#611 = VERTEX_POINT ( 'NONE', #923 ) ;
#612 =( REPRESENTATION_RELATIONSHIP ('NONE','NONE', #1371, #183 ) REPRESENTATION_RELATIONSHIP_WITH_TRANSFORMATION ( #1631 )SHAPE_REPRESENTATION_RELATIONSHIP( ) );
#613 = CARTESIAN_POINT ( 'NONE',  ( -0.6750000000000003775, 1.950000000000000400, 0.1000000000000000056 ) ) ;
#614 = DIRECTION ( 'NONE',  ( 1.000000000000000000, 0.000000000000000000, 0.000000000000000000 ) ) ;
#615 = VECTOR ( 'NONE', #1334, 1000.000000000000000 ) ;
#616 = EDGE_CURVE ( 'NONE', #1317, #965, #1556, .T. ) ;
#617 = DIRECTION ( 'NONE',  ( 0.000000000000000000, 0.000000000000000000, -1.000000000000000000 ) ) ;
#618 = ORIENTED_EDGE ( 'NONE', *, *, #1856, .F. ) ;
#619 = PRESENTATION_LAYER_ASSIGNMENT (  '', '', ( #1511 ) ) ;
#620 = EDGE_CURVE ( 'NONE', #1573, #790, #1810, .T. ) ;
#621 = AXIS2_PLACEMENT_3D ( 'NONE', #1985, #581, #907 ) ;
#622 = ADVANCED_FACE ( 'NONE', ( #934 ), #306, .F. ) ;
#623 = ORIENTED_EDGE ( 'NONE', *, *, #800, .F. ) ;
#624 = DIRECTION ( 'NONE',  ( -1.000000000000000000, 0.000000000000000000, 0.000000000000000000 ) ) ;
#625 = DIRECTION ( 'NONE',  ( 0.000000000000000000, -0.000000000000000000, -1.000000000000000000 ) ) ;
#626 = VERTEX_POINT ( 'NONE', #1603 ) ;
#627 =( GEOMETRIC_REPRESENTATION_CONTEXT ( 3 ) GLOBAL_UNCERTAINTY_ASSIGNED_CONTEXT ( ( #554 ) ) GLOBAL_UNIT_ASSIGNED_CONTEXT ( ( #300, #643, #937 ) ) REPRESENTATION_CONTEXT ( 'NONE', 'WORKASPACE' ) );
#628 = FACE_OUTER_BOUND ( 'NONE', #1325, .T. ) ;
#629 = DIRECTION ( 'NONE',  ( 0.000000000000000000, -0.000000000000000000, 1.000000000000000000 ) ) ;
#630 =( GEOMETRIC_REPRESENTATION_CONTEXT ( 3 ) GLOBAL_UNCERTAINTY_ASSIGNED_CONTEXT ( ( #255 ) ) GLOBAL_UNIT_ASSIGNED_CONTEXT ( ( #1910, #1108, #1747 ) ) REPRESENTATION_CONTEXT ( 'NONE', 'WORKASPACE' ) );
#631 = AXIS2_PLACEMENT_3D ( 'NONE', #383, #1983, #1051 ) ;
#632 = LINE ( 'NONE', #1097, #1870 ) ;
#633 = EDGE_LOOP ( 'NONE', ( #1315, #377, #817, #879 ) ) ;
#634 = VECTOR ( 'NONE', #1653, 999.9999999999998863 ) ;
#635 = EDGE_CURVE ( 'NONE', #790, #1491, #1595, .T. ) ;
#636 = ORIENTED_EDGE ( 'NONE', *, *, #1908, .T. ) ;
#637 = LINE ( 'NONE', #685, #665 ) ;
#638 = DIRECTION ( 'NONE',  ( 0.000000000000000000, 0.000000000000000000, -1.000000000000000000 ) ) ;
#639 = ORIENTED_EDGE ( 'NONE', *, *, #714, .T. ) ;
#640 = DIRECTION ( 'NONE',  ( 1.000000000000000000, 0.000000000000000000, 0.000000000000000000 ) ) ;
#641 = DIRECTION ( 'NONE',  ( 1.000000000000000000, 0.000000000000000000, 0.000000000000000000 ) ) ;
#642 = CARTESIAN_POINT ( 'NONE',  ( 0.6749999999999997113, 1.950000000000000400, 0.1000000000000000056 ) ) ;
#643 =( NAMED_UNIT ( * ) PLANE_ANGLE_UNIT ( ) SI_UNIT ( $, .RADIAN. ) );
#644 = ORIENTED_EDGE ( 'NONE', *, *, #585, .T. ) ;
#645 = ORIENTED_EDGE ( 'NONE', *, *, #736, .T. ) ;
#646 = FACE_OUTER_BOUND ( 'NONE', #1264, .T. ) ;
#647 = ORIENTED_EDGE ( 'NONE', *, *, #676, .T. ) ;
#648 = ADVANCED_FACE ( 'NONE', ( #1944 ), #496, .T. ) ;
#649 = DIRECTION ( 'NONE',  ( 0.000000000000000000, 0.000000000000000000, 1.000000000000000000 ) ) ;
#650 = DIRECTION ( 'NONE',  ( 1.057758217059028854E-16, -1.000000000000000000, 0.000000000000000000 ) ) ;
#651 = DIRECTION ( 'NONE',  ( 0.000000000000000000, 0.000000000000000000, -1.000000000000000000 ) ) ;
#652 = SURFACE_STYLE_FILL_AREA ( #1588 ) ;
#653 = ORIENTED_EDGE ( 'NONE', *, *, #20, .F. ) ;
#654 = ORIENTED_EDGE ( 'NONE', *, *, #364, .T. ) ;
#655 = AXIS2_PLACEMENT_3D ( 'NONE', #172, #1792, #986 ) ;
#656 = CARTESIAN_POINT ( 'NONE',  ( -1.776666666666666838, 1.776666666666665950, 0.000000000000000000 ) ) ;
#657 = ORIENTED_EDGE ( 'NONE', *, *, #1457, .F. ) ;
#658 = CARTESIAN_POINT ( 'NONE',  ( 1.776666666666666394, 1.776666666666665950, 1.084202172485504434E-15 ) ) ;
#659 = CARTESIAN_POINT ( 'NONE',  ( -2.049999999999999822, -2.049999999999999822, 1.399999999999999911 ) ) ;
#660 = LINE ( 'NONE', #52, #481 ) ;
#661 = VECTOR ( 'NONE', #1360, 1000.000000000000000 ) ;
#662 = ADVANCED_FACE ( 'NONE', ( #9 ), #1114, .F. ) ;
#663 = ORIENTED_EDGE ( 'NONE', *, *, #296, .T. ) ;
#664 = ORIENTED_EDGE ( 'NONE', *, *, #57, .T. ) ;
#665 = VECTOR ( 'NONE', #1164, 1000.000000000000000 ) ;
#666 = LINE ( 'NONE', #1902, #900 ) ;
#667 = EDGE_LOOP ( 'NONE', ( #1165, #600, #1876, #1858 ) ) ;
#668 = CIRCLE ( 'NONE', #1460, 0.1733333333333332837 ) ;
#669 = DIRECTION ( 'NONE',  ( 1.057758217059028854E-16, 1.000000000000000000, -0.000000000000000000 ) ) ;
#670 = DIRECTION ( 'NONE',  ( -1.000000000000000000, 0.000000000000000000, -0.000000000000000000 ) ) ;
#671 = CIRCLE ( 'NONE', #813, 0.1733333333333332837 ) ;
#672 = DIRECTION ( 'NONE',  ( -0.7071067811865447972, 0.000000000000000000, -0.7071067811865502373 ) ) ;
#673 = DIRECTION ( 'NONE',  ( 0.000000000000000000, 0.000000000000000000, 1.000000000000000000 ) ) ;
#674 = ITEM_DEFINED_TRANSFORMATION ( 'NONE', 'NONE', #1225,  #564 ) ;
#675 = VERTEX_POINT ( 'NONE', #957 ) ;
#676 = EDGE_CURVE ( 'NONE', #1177, #979, #720, .T. ) ;
#677 = EDGE_CURVE ( 'NONE', #16, #1317, #978, .T. ) ;
#678 = ORIENTED_EDGE ( 'NONE', *, *, #1037, .T. ) ;
#679 = CARTESIAN_POINT ( 'NONE',  ( 0.9294083265116116488, -2.049999999999999822, 1.078588531933030785E-15 ) ) ;
#680 = ORIENTED_EDGE ( 'NONE', *, *, #714, .F. ) ;
#681 = LINE ( 'NONE', #996, #439 ) ;
#682 = FACE_OUTER_BOUND ( 'NONE', #746, .T. ) ;
#683 = PRODUCT_DEFINITION_CONTEXT ( 'detailed design', #941, 'design' ) ;
#684 = DIRECTION ( 'NONE',  ( 0.000000000000000000, 0.000000000000000000, -1.000000000000000000 ) ) ;
#685 = CARTESIAN_POINT ( 'NONE',  ( 0.000000000000000000, 1.949999999999999289, 0.000000000000000000 ) ) ;
#686 = PRODUCT_CONTEXT ( 'NONE', #1223, 'mechanical' ) ;
#687 = ORIENTED_EDGE ( 'NONE', *, *, #324, .F. ) ;
#688 = ORIENTED_EDGE ( 'NONE', *, *, #1629, .F. ) ;
#689 = EDGE_CURVE ( 'NONE', #1758, #1879, #1868, .T. ) ;
#690 = CARTESIAN_POINT ( 'NONE',  ( 0.000000000000000000, -1.949999999999999512, -0.1000000000000000056 ) ) ;
#691 = ORIENTED_EDGE ( 'NONE', *, *, #616, .T. ) ;
#692 = AXIS2_PLACEMENT_3D ( 'NONE', #71, #1194, #1342 ) ;
#693 = FACE_OUTER_BOUND ( 'NONE', #169, .T. ) ;
#694 = DIRECTION ( 'NONE',  ( -0.7071067811865504593, -7.479480081382344916E-17, -0.7071067811865445751 ) ) ;
#695 = FACE_OUTER_BOUND ( 'NONE', #1043, .T. ) ;
#696 = DIRECTION ( 'NONE',  ( 1.000000000000000000, 0.000000000000000000, 0.000000000000000000 ) ) ;
#697 = ORIENTED_EDGE ( 'NONE', *, *, #420, .F. ) ;
#698 = VECTOR ( 'NONE', #1734, 1000.000000000000000 ) ;
#699 = ORIENTED_EDGE ( 'NONE', *, *, #1400, .F. ) ;
#700 = PRODUCT_DEFINITION_FORMATION_WITH_SPECIFIED_SOURCE ( 'ANY', '', #1916, .NOT_KNOWN. ) ;
#701 = CIRCLE ( 'NONE', #1881, 0.1733333333333332837 ) ;
#702 = DIRECTION ( 'NONE',  ( -0.7071067811865505703, 1.121922012207351861E-16, -0.7071067811865444641 ) ) ;
#703 = ADVANCED_FACE ( 'NONE', ( #319 ), #338, .T. ) ;
#704 = DIRECTION ( 'NONE',  ( 1.000000000000000000, 0.000000000000000000, 0.000000000000000000 ) ) ;
#705 = DIRECTION ( 'NONE',  ( 0.000000000000000000, -0.000000000000000000, 1.000000000000000000 ) ) ;
#706 = CARTESIAN_POINT ( 'NONE',  ( -1.950000000000000400, 2.062628523265106550E-16, 0.000000000000000000 ) ) ;
#707 = APPLICATION_PROTOCOL_DEFINITION ( 'draft international standard', 'automotive_design', 1998, #1124 ) ;
#708 = ORIENTED_EDGE ( 'NONE', *, *, #422, .F. ) ;
#709 = ORIENTED_EDGE ( 'NONE', *, *, #1492, .F. ) ;
#710 = DIRECTION ( 'NONE',  ( -1.000000000000000000, 0.000000000000000000, 0.000000000000000000 ) ) ;
#711 = EDGE_CURVE ( 'NONE', #1952, #1666, #805, .T. ) ;
#712 = LINE ( 'NONE', #1485, #1188 ) ;
#713 = DIRECTION ( 'NONE',  ( 1.000000000000000000, 0.000000000000000000, 0.000000000000000000 ) ) ;
#714 = EDGE_CURVE ( 'NONE', #1317, #1930, #822, .T. ) ;
#715 = CARTESIAN_POINT ( 'NONE',  ( -0.7733333333333333171, 1.949999999999999289, 0.000000000000000000 ) ) ;
#716 = CARTESIAN_POINT ( 'NONE',  ( -1.776666666666667282, -1.776666666666666394, -0.1000000000000000056 ) ) ;
#717 = ORIENTED_EDGE ( 'NONE', *, *, #1144, .T. ) ;
#718 = ORIENTED_EDGE ( 'NONE', *, *, #1617, .T. ) ;
#719 = DIRECTION ( 'NONE',  ( 1.000000000000000000, 0.000000000000000000, 0.000000000000000000 ) ) ;
#720 = CIRCLE ( 'NONE', #82, 0.1733333333333332837 ) ;
#721 = CARTESIAN_POINT ( 'NONE',  ( 0.7733333333333324289, -2.020710678118653458, -0.02928932188134548281 ) ) ;
#722 = CARTESIAN_POINT ( 'NONE',  ( 1.949999999999999289, -1.776666666666666394, 0.000000000000000000 ) ) ;
#723 = AXIS2_PLACEMENT_3D ( 'NONE', #1582, #638, #1751 ) ;
#724 = CARTESIAN_POINT ( 'NONE',  ( -0.5292893218813463641, 1.776666666666665950, -0.02928932188134550016 ) ) ;
#725 = CARTESIAN_POINT ( 'NONE',  ( 0.000000000000000000, -1.949999999999999512, -0.1000000000000000056 ) ) ;
#726 = VERTEX_POINT ( 'NONE', #29 ) ;
#727 = ORIENTED_EDGE ( 'NONE', *, *, #1074, .T. ) ;
#728 = EDGE_CURVE ( 'NONE', #1418, #101, #1626, .T. ) ;
#729 = DIRECTION ( 'NONE',  ( 0.000000000000000000, 0.7071067811865504593, -0.7071067811865445751 ) ) ;
#730 = PLANE ( 'NONE',  #1904 ) ;
#731 = DIRECTION ( 'NONE',  ( -1.000000000000000000, 0.000000000000000000, 0.000000000000000000 ) ) ;
#732 = CIRCLE ( 'NONE', #1753, 0.1913333333333337161 ) ;
#733 = DIRECTION ( 'NONE',  ( -0.000000000000000000, 0.000000000000000000, -1.000000000000000000 ) ) ;
#734 = DIRECTION ( 'NONE',  ( -0.000000000000000000, -0.000000000000000000, 1.000000000000000000 ) ) ;
#735 = EDGE_LOOP ( 'NONE', ( #173, #1407, #466, #1613 ) ) ;
#736 = EDGE_CURVE ( 'NONE', #955, #1403, #1299, .T. ) ;
#737 = ORIENTED_EDGE ( 'NONE', *, *, #635, .F. ) ;
#738 = AXIS2_PLACEMENT_3D ( 'NONE', #690, #1806, #1797 ) ;
#739 = ORIENTED_EDGE ( 'NONE', *, *, #1438, .F. ) ;
#740 = ADVANCED_FACE ( 'NONE', ( #1129 ), #161, .F. ) ;
#741 = CARTESIAN_POINT ( 'NONE',  ( -1.776666666666666838, 2.049999999999999378, 1.317999999999999616 ) ) ;
#742 = CARTESIAN_POINT ( 'NONE',  ( 1.776666666666667282, -2.049999999999999822, 1.399999999999999911 ) ) ;
#743 = DIRECTION ( 'NONE',  ( -8.340016711426958986E-17, 1.000000000000000000, -0.000000000000000000 ) ) ;
#744 = CARTESIAN_POINT ( 'NONE',  ( -0.6000000000000000888, 1.776666666666665950, -0.1000000000000000056 ) ) ;
#745 = DIRECTION ( 'NONE',  ( -0.000000000000000000, -0.000000000000000000, 1.000000000000000000 ) ) ;
#746 = EDGE_LOOP ( 'NONE', ( #1001, #515, #55, #1100 ) ) ;
#747 = ORIENTED_EDGE ( 'NONE', *, *, #598, .T. ) ;
#748 = FACE_OUTER_BOUND ( 'NONE', #1598, .T. ) ;
#749 = ADVANCED_FACE ( 'NONE', ( #517 ), #1158, .T. ) ;
#750 = LINE ( 'NONE', #2017, #1048 ) ;
#751 = EDGE_CURVE ( 'NONE', #467, #778, #39, .T. ) ;
#752 = TOROIDAL_SURFACE ( 'NONE', #245, 0.3147546895706420100, 0.1000000000000000056 ) ;
#753 = FACE_OUTER_BOUND ( 'NONE', #1002, .T. ) ;
#754 = DIRECTION ( 'NONE',  ( 1.000000000000000000, 0.000000000000000000, 0.000000000000000000 ) ) ;
#755 = CIRCLE ( 'NONE', #885, 0.3147546895706420100 ) ;
#756 = CARTESIAN_POINT ( 'NONE',  ( -0.7733333333333337611, -2.049999999999999822, 1.078588531933030785E-15 ) ) ;
#757 = VERTEX_POINT ( 'NONE', #362 ) ;
#758 = DIRECTION ( 'NONE',  ( -1.000000000000000000, 0.000000000000000000, 0.000000000000000000 ) ) ;
#759 = EDGE_CURVE ( 'NONE', #1157, #1236, #681, .T. ) ;
#760 = DIRECTION ( 'NONE',  ( 0.000000000000000000, -0.7071067811865439090, -0.7071067811865512365 ) ) ;
#761 = ADVANCED_FACE ( 'NONE', ( #693 ), #1812, .F. ) ;
#762 = EDGE_CURVE ( 'NONE', #989, #1920, #1662, .T. ) ;
#763 = DIRECTION ( 'NONE',  ( 1.000000000000000000, 1.057758217059028854E-16, -0.000000000000000000 ) ) ;
#764 = VECTOR ( 'NONE', #1621, 1000.000000000000000 ) ;
#765 = CARTESIAN_POINT ( 'NONE',  ( 1.776666666666666394, 1.776666666666665950, 1.317999999999999616 ) ) ;
#766 = PLANE ( 'NONE',  #1645 ) ;
#767 = ORIENTED_EDGE ( 'NONE', *, *, #128, .F. ) ;
#768 = ORIENTED_EDGE ( 'NONE', *, *, #470, .F. ) ;
#769 = DIRECTION ( 'NONE',  ( -1.057758217059028854E-16, -1.000000000000000000, 1.540743955509788682E-33 ) ) ;
#770 = PRODUCT_DEFINITION_SHAPE ( 'NONE', 'NONE',  #919 ) ;
#771 = CARTESIAN_POINT ( 'NONE',  ( 0.7733333333333328730, 1.776666666666665950, -0.02928932188134554873 ) ) ;
#772 = ORIENTED_EDGE ( 'NONE', *, *, #774, .F. ) ;
#773 = DIRECTION ( 'NONE',  ( 1.000000000000000000, 0.000000000000000000, 0.000000000000000000 ) ) ;
#774 = EDGE_CURVE ( 'NONE', #1646, #626, #142, .T. ) ;
#775 = SURFACE_SIDE_STYLE ('',( #275 ) ) ;
#776 = CARTESIAN_POINT ( 'NONE',  ( -1.776666666666666838, 1.949999999999999289, -0.1000000000000000056 ) ) ;
#777 = EDGE_LOOP ( 'NONE', ( #1903, #1718, #1214, #13 ) ) ;
#778 = VERTEX_POINT ( 'NONE', #371 ) ;
#779 = LINE ( 'NONE', #1842, #435 ) ;
#780 = DIRECTION ( 'NONE',  ( 1.000000000000000000, 0.000000000000000000, 0.000000000000000000 ) ) ;
#781 = ORIENTED_EDGE ( 'NONE', *, *, #2011, .T. ) ;
#782 = DIRECTION ( 'NONE',  ( 0.000000000000000000, 0.000000000000000000, -1.000000000000000000 ) ) ;
#783 = DIRECTION ( 'NONE',  ( -1.000000000000000000, -0.000000000000000000, -0.000000000000000000 ) ) ;
#784 = EDGE_CURVE ( 'NONE', #1491, #202, #1080, .T. ) ;
#785 = VECTOR ( 'NONE', #1925, 1000.000000000000000 ) ;
#786 = FACE_OUTER_BOUND ( 'NONE', #1770, .T. ) ;
#787 = AXIS2_PLACEMENT_3D ( 'NONE', #1382, #321, #149 ) ;
#788 = ORIENTED_EDGE ( 'NONE', *, *, #374, .F. ) ;
#789 = AXIS2_PLACEMENT_3D ( 'NONE', #1543, #114, #602 ) ;
#790 = VERTEX_POINT ( 'NONE', #1028 ) ;
#791 = CARTESIAN_POINT ( 'NONE',  ( 1.776666666666667282, -1.776666666666666394, 1.399999999999999911 ) ) ;
#792 = CARTESIAN_POINT ( 'NONE',  ( 2.049999999999999822, 1.776666666666665950, 1.317999999999999616 ) ) ;
#793 = ORIENTED_EDGE ( 'NONE', *, *, #1199, .T. ) ;
#794 = LINE ( 'NONE', #437, #1478 ) ;
#795 = DIRECTION ( 'NONE',  ( -0.000000000000000000, -0.000000000000000000, -1.000000000000000000 ) ) ;
#796 = VECTOR ( 'NONE', #769, 1000.000000000000000 ) ;
#797 = DIRECTION ( 'NONE',  ( 1.000000000000000000, 0.000000000000000000, 0.000000000000000000 ) ) ;
#798 = CARTESIAN_POINT ( 'NONE',  ( 0.000000000000000000, 0.000000000000000000, 0.000000000000000000 ) ) ;
#799 = ORIENTED_EDGE ( 'NONE', *, *, #908, .T. ) ;
#800 = EDGE_CURVE ( 'NONE', #1157, #1366, #851, .T. ) ;
#801 = EDGE_LOOP ( 'NONE', ( #1238, #808, #238, #861 ) ) ;
#802 = CARTESIAN_POINT ( 'NONE',  ( -0.5016666666666670382, 1.776666666666667060, 0.000000000000000000 ) ) ;
#803 = EDGE_CURVE ( 'NONE', #974, #218, #552, .T. ) ;
#804 = ORIENTED_EDGE ( 'NONE', *, *, #470, .T. ) ;
#805 = LINE ( 'NONE', #504, #1081 ) ;
#806 = LINE ( 'NONE', #1070, #1789 ) ;
#807 = EDGE_LOOP ( 'NONE', ( #217, #569, #14, #278 ) ) ;
#808 = ORIENTED_EDGE ( 'NONE', *, *, #972, .F. ) ;
#809 = EDGE_CURVE ( 'NONE', #1088, #757, #223, .T. ) ;
#810 = ORIENTED_EDGE ( 'NONE', *, *, #1391, .T. ) ;
#811 = CARTESIAN_POINT ( 'NONE',  ( -0.7733333333333333171, 1.776666666666665950, -0.1000000000000000056 ) ) ;
#812 = PLANE ( 'NONE',  #253 ) ;
#813 = AXIS2_PLACEMENT_3D ( 'NONE', #416, #272, #758 ) ;
#814 = PLANE ( 'NONE',  #819 ) ;
#815 = SURFACE_SIDE_STYLE ('',( #1889 ) ) ;
#816 = ORIENTED_EDGE ( 'NONE', *, *, #1931, .F. ) ;
#817 = ORIENTED_EDGE ( 'NONE', *, *, #1007, .F. ) ;
#818 = AXIS2_PLACEMENT_3D ( 'NONE', #610, #2008, #1233 ) ;
#819 = AXIS2_PLACEMENT_3D ( 'NONE', #998, #41, #1608 ) ;
#820 = FACE_OUTER_BOUND ( 'NONE', #471, .T. ) ;
#821 = EDGE_LOOP ( 'NONE', ( #191, #1794, #663, #1922 ) ) ;
#822 = LINE ( 'NONE', #1451, #176 ) ;
#823 = CARTESIAN_POINT ( 'NONE',  ( -0.7733333333333337611, -2.020710678118653458, -0.02928932188134549669 ) ) ;
#824 = EDGE_CURVE ( 'NONE', #909, #508, #1605, .T. ) ;
#825 = EDGE_CURVE ( 'NONE', #979, #927, #542, .T. ) ;
#826 = DIRECTION ( 'NONE',  ( 0.000000000000000000, 0.000000000000000000, 1.000000000000000000 ) ) ;
#827 = VECTOR ( 'NONE', #171, 1000.000000000000000 ) ;
#828 = SHAPE_DEFINITION_REPRESENTATION ( #46, #449 ) ;
#829 = ORIENTED_EDGE ( 'NONE', *, *, #284, .F. ) ;
#830 = ORIENTED_EDGE ( 'NONE', *, *, #920, .T. ) ;
#831 = AXIS2_PLACEMENT_3D ( 'NONE', #725, #1352, #90 ) ;
#832 = PLANE ( 'NONE',  #1574 ) ;
#833 = ORIENTED_EDGE ( 'NONE', *, *, #1319, .T. ) ;
#834 = CARTESIAN_POINT ( 'NONE',  ( -0.6750000000000003775, 1.950000000000000400, 0.1000000000000000056 ) ) ;
#835 = CARTESIAN_POINT ( 'NONE',  ( -1.949999999999999734, -2.062628523265105810E-16, -0.1000000000000000056 ) ) ;
#836 = DIRECTION ( 'NONE',  ( -1.000000000000000000, 0.000000000000000000, 0.000000000000000000 ) ) ;
#837 = ADVANCED_FACE ( 'NONE', ( #1038 ), #730, .T. ) ;
#838 = DIRECTION ( 'NONE',  ( 1.057758217059028854E-16, 1.000000000000000000, 0.000000000000000000 ) ) ;
#839 = ORIENTED_EDGE ( 'NONE', *, *, #762, .T. ) ;
#840 = VERTEX_POINT ( 'NONE', #1350 ) ;
#841 = DIRECTION ( 'NONE',  ( 1.000000000000000000, 0.000000000000000000, 0.000000000000000000 ) ) ;
#842 = ORIENTED_EDGE ( 'NONE', *, *, #1533, .T. ) ;
#843 = DIRECTION ( 'NONE',  ( 1.000000000000000000, 0.000000000000000000, 0.000000000000000000 ) ) ;
#844 = DIRECTION ( 'NONE',  ( -1.000000000000000000, 0.000000000000000000, 0.000000000000000000 ) ) ;
#845 = DIRECTION ( 'NONE',  ( 1.000000000000000000, -1.057758217059028854E-16, 0.000000000000000000 ) ) ;
#846 = CARTESIAN_POINT ( 'NONE',  ( 1.776666666666667282, -2.049999999999999822, 1.317999999999999616 ) ) ;
#847 = EDGE_CURVE ( 'NONE', #4, #1510, #391, .T. ) ;
#848 = VERTEX_POINT ( 'NONE', #400 ) ;
#849 = ORIENTED_EDGE ( 'NONE', *, *, #1457, .T. ) ;
#850 = EDGE_CURVE ( 'NONE', #2037, #1520, #314, .T. ) ;
#851 = CIRCLE ( 'NONE', #480, 0.2733333333333333171 ) ;
#852 = PLANE ( 'NONE',  #572 ) ;
#853 = AXIS2_PLACEMENT_3D ( 'NONE', #1756, #969, #205 ) ;
#854 = AXIS2_PLACEMENT_3D ( 'NONE', #392, #1031, #61 ) ;
#855 = DIRECTION ( 'NONE',  ( 0.000000000000000000, -0.000000000000000000, -1.000000000000000000 ) ) ;
#856 = CARTESIAN_POINT ( 'NONE',  ( -0.8214564974381802775, -2.038819255415464937, -0.01118074458453397098 ) ) ;
#857 = LINE ( 'NONE', #79, #519 ) ;
#858 = CARTESIAN_POINT ( 'NONE',  ( -0.7733333333333337611, -1.776666666666666394, -0.02928932188134554873 ) ) ;
#859 = APPLICATION_PROTOCOL_DEFINITION ( 'draft international standard', 'automotive_design', 1998, #1223 ) ;
#860 = VERTEX_POINT ( 'NONE', #1359 ) ;
#861 = ORIENTED_EDGE ( 'NONE', *, *, #57, .F. ) ;
#862 = PRODUCT_DEFINITION ( 'UNKNOWN', '', #390, #683 ) ;
#863 = VECTOR ( 'NONE', #1232, 1000.000000000000000 ) ;
#864 = EDGE_CURVE ( 'NONE', #1470, #840, #120, .T. ) ;
#865 = CARTESIAN_POINT ( 'NONE',  ( 0.7733333333333324289, -1.776666666666666394, -0.1000000000000000056 ) ) ;
#866 = CARTESIAN_POINT ( 'NONE',  ( 0.7216326095520542161, 2.049999999999999378, -0.009010199065917049582 ) ) ;
#867 = UNCERTAINTY_MEASURE_WITH_UNIT (LENGTH_MEASURE( 1.000000000000000082E-05 ), #1121, 'distance_accuracy_value', 'NONE');
#868 = DIRECTION ( 'NONE',  ( 1.000000000000000000, 0.000000000000000000, 0.000000000000000000 ) ) ;
#869 = CARTESIAN_POINT ( 'NONE',  ( -0.6000000000000003109, 6.346549302354176085E-17, 0.000000000000000000 ) ) ;
#870 = DIRECTION ( 'NONE',  ( 1.000000000000000000, 0.000000000000000000, 0.000000000000000000 ) ) ;
#871 = ORIENTED_EDGE ( 'NONE', *, *, #474, .T. ) ;
#872 = EDGE_LOOP ( 'NONE', ( #916, #1472, #772, #1449 ) ) ;
#873 = CARTESIAN_POINT ( 'NONE',  ( 0.6000000000000000888, 1.776666666666665950, -0.1000000000000000056 ) ) ;
#874 = DIRECTION ( 'NONE',  ( -2.115516434118057709E-16, 1.000000000000000000, 0.000000000000000000 ) ) ;
#875 = EDGE_CURVE ( 'NONE', #1655, #1308, #1189, .T. ) ;
#876 = CARTESIAN_POINT ( 'NONE',  ( -0.7209801275200219406, 2.049999999999999378, -0.008953679497709780485 ) ) ;
#877 = DIRECTION ( 'NONE',  ( -1.000000000000000000, 0.000000000000000000, 0.000000000000000000 ) ) ;
#878 = EDGE_LOOP ( 'NONE', ( #1695, #961, #1284, #687, #1579 ) ) ;
#879 = ORIENTED_EDGE ( 'NONE', *, *, #1229, .F. ) ;
#880 = FACE_OUTER_BOUND ( 'NONE', #305, .T. ) ;
#881 = AXIS2_PLACEMENT_3D ( 'NONE', #472, #763, #1069 ) ;
#882 = DIRECTION ( 'NONE',  ( -0.000000000000000000, 0.000000000000000000, -1.000000000000000000 ) ) ;
#883 = VECTOR ( 'NONE', #1657, 1000.000000000000000 ) ;
#884 = DIRECTION ( 'NONE',  ( 0.000000000000000000, 0.000000000000000000, 1.000000000000000000 ) ) ;
#885 = AXIS2_PLACEMENT_3D ( 'NONE', #1528, #227, #1973 ) ;
#886 = EDGE_CURVE ( 'NONE', #1403, #1655, #712, .T. ) ;
#887 = CARTESIAN_POINT ( 'NONE',  ( 0.000000000000000000, 1.949999999999999289, -0.1000000000000000056 ) ) ;
#888 = ORIENTED_EDGE ( 'NONE', *, *, #33, .T. ) ;
#889 = ORIENTED_EDGE ( 'NONE', *, *, #1071, .F. ) ;
#890 = CARTESIAN_POINT ( 'NONE',  ( 0.6172583401550524318, -2.049999999999999822, 0.000000000000000000 ) ) ;
#891 = VECTOR ( 'NONE', #573, 1000.000000000000000 ) ;
#892 = VECTOR ( 'NONE', #877, 1000.000000000000000 ) ;
#893 = CARTESIAN_POINT ( 'NONE',  ( 0.9294083265116116488, -2.049999999999999822, 1.078588531933030785E-15 ) ) ;
#894 = LINE ( 'NONE', #1193, #593 ) ;
#895 = VECTOR ( 'NONE', #136, 1000.000000000000000 ) ;
#896 = LINE ( 'NONE', #715, #1410 ) ;
#897 = DIRECTION ( 'NONE',  ( 1.000000000000000000, 0.000000000000000000, 0.000000000000000000 ) ) ;
#898 = EDGE_CURVE ( 'NONE', #1221, #1560, #1368, .T. ) ;
#899 = ORIENTED_EDGE ( 'NONE', *, *, #1229, .T. ) ;
#900 = VECTOR ( 'NONE', #1448, 1000.000000000000000 ) ;
#901 = ORIENTED_EDGE ( 'NONE', *, *, #350, .T. ) ;
#902 = ADVANCED_FACE ( 'NONE', ( #1192 ), #1817, .T. ) ;
#903 = CARTESIAN_POINT ( 'NONE',  ( -0.5292893218813465861, 5.598601294215957124E-17, -0.02928932188134553485 ) ) ;
#904 = CARTESIAN_POINT ( 'NONE',  ( 1.776666666666667282, -1.776666666666666394, 1.317999999999999616 ) ) ;
#905 = CARTESIAN_POINT ( 'NONE',  ( -0.6750000000000003775, 1.776666666666667060, 0.000000000000000000 ) ) ;
#906 = FACE_OUTER_BOUND ( 'NONE', #821, .T. ) ;
#907 = DIRECTION ( 'NONE',  ( -1.057758217059028854E-16, 1.000000000000000000, 0.000000000000000000 ) ) ;
#908 = EDGE_CURVE ( 'NONE', #1363, #1088, #226, .T. ) ;
#909 = VERTEX_POINT ( 'NONE', #273 ) ;
#910 = DIRECTION ( 'NONE',  ( -0.000000000000000000, -0.000000000000000000, 1.000000000000000000 ) ) ;
#911 = EDGE_CURVE ( 'NONE', #1553, #1113, #178, .T. ) ;
#912 = CARTESIAN_POINT ( 'NONE',  ( -0.7733333333333337611, -1.776666666666666394, 0.000000000000000000 ) ) ;
#913 = CARTESIAN_POINT ( 'NONE',  ( -0.7733333333333333171, 1.776666666666665950, -0.1000000000000000056 ) ) ;
#914 = DIRECTION ( 'NONE',  ( -1.000000000000000000, 0.000000000000000000, 0.000000000000000000 ) ) ;
#915 = DIRECTION ( 'NONE',  ( 0.000000000000000000, 0.7071067811865445751, -0.7071067811865504593 ) ) ;
#916 = ORIENTED_EDGE ( 'NONE', *, *, #243, .T. ) ;
#917 = ORIENTED_EDGE ( 'NONE', *, *, #620, .F. ) ;
#918 = DIRECTION ( 'NONE',  ( 0.000000000000000000, 1.000000000000000000, 0.000000000000000000 ) ) ;
#919 = PRODUCT_DEFINITION ( 'UNKNOWN', '', #700, #1800 ) ;
#920 = EDGE_CURVE ( 'NONE', #323, #318, #1217, .T. ) ;
#921 = DIRECTION ( 'NONE',  ( 1.000000000000000000, 0.000000000000000000, 0.000000000000000000 ) ) ;
#922 = VERTEX_POINT ( 'NONE', #1853 ) ;
#923 = CARTESIAN_POINT ( 'NONE',  ( -0.6172583401550535420, 2.049999999999999378, 0.000000000000000000 ) ) ;
#924 = VECTOR ( 'NONE', #1664, 1000.000000000000000 ) ;
#925 = CARTESIAN_POINT ( 'NONE',  ( 2.049999999999999822, 1.776666666666665950, 1.084202172485504434E-15 ) ) ;
#926 = DIRECTION ( 'NONE',  ( -1.057758217059028854E-16, -1.000000000000000000, 0.000000000000000000 ) ) ;
#927 = VERTEX_POINT ( 'NONE', #1067 ) ;
#928 = CIRCLE ( 'NONE', #1526, 0.2733333333333333171 ) ;
#929 = EDGE_LOOP ( 'NONE', ( #1022, #1305, #1103, #140 ) ) ;
#930 = LINE ( 'NONE', #1852, #1946 ) ;
#931 = CARTESIAN_POINT ( 'NONE',  ( 0.5999999999999992006, -1.776666666666666394, -0.1000000000000000056 ) ) ;
#932 = ADVANCED_FACE ( 'NONE', ( #594 ), #1675, .T. ) ;
#933 = ORIENTED_EDGE ( 'NONE', *, *, #982, .F. ) ;
#934 = FACE_OUTER_BOUND ( 'NONE', #1123, .T. ) ;
#935 = CARTESIAN_POINT ( 'NONE',  ( -0.6750000000000003775, 1.776666666666667060, 0.1000000000000000056 ) ) ;
#936 = FACE_OUTER_BOUND ( 'NONE', #1033, .T. ) ;
#937 =( NAMED_UNIT ( * ) SI_UNIT ( $, .STERADIAN. ) SOLID_ANGLE_UNIT ( ) );
#938 = ORIENTED_EDGE ( 'NONE', *, *, #1530, .T. ) ;
#939 = ORIENTED_EDGE ( 'NONE', *, *, #751, .T. ) ;
#940 = CARTESIAN_POINT ( 'NONE',  ( 0.6750000000000000444, -1.776666666666665950, 0.1000000000000000056 ) ) ;
#941 = APPLICATION_CONTEXT ( 'automotive_design' ) ;
#942 = LINE ( 'NONE', #792, #980 ) ;
#943 = ORIENTED_EDGE ( 'NONE', *, *, #1745, .T. ) ;
#944 = CARTESIAN_POINT ( 'NONE',  ( 0.000000000000000000, 0.000000000000000000, 0.000000000000000000 ) ) ;
#945 = LINE ( 'NONE', #1576, #1547 ) ;
#946 = ADVANCED_FACE ( 'NONE', ( #1699 ), #283, .T. ) ;
#947 = AXIS2_PLACEMENT_3D ( 'NONE', #451, #1725, #462 ) ;
#948 = EDGE_CURVE ( 'NONE', #301, #1423, #51, .T. ) ;
#949 = LINE ( 'NONE', #599, #1840 ) ;
#950 = ORIENTED_EDGE ( 'NONE', *, *, #850, .F. ) ;
#951 = CIRCLE ( 'NONE', #412, 0.2733333333333333171 ) ;
#952 = EDGE_LOOP ( 'NONE', ( #539, #1275, #1053, #1610 ) ) ;
#953 = LINE ( 'NONE', #1150, #1823 ) ;
#954 = CARTESIAN_POINT ( 'NONE',  ( 1.776666666666667282, -1.968000000000000194, 1.399999999999999911 ) ) ;
#955 = VERTEX_POINT ( 'NONE', #1552 ) ;
#956 = AXIS2_PLACEMENT_3D ( 'NONE', #1799, #518, #670 ) ;
#957 = CARTESIAN_POINT ( 'NONE',  ( 0.6750000000000000444, -1.776666666666665950, 0.000000000000000000 ) ) ;
#958 = SURFACE_STYLE_USAGE ( .BOTH. , #775 ) ;
#959 = AXIS2_PLACEMENT_3D ( 'NONE', #1803, #1324, #1265 ) ;
#960 = FACE_OUTER_BOUND ( 'NONE', #667, .T. ) ;
#961 = ORIENTED_EDGE ( 'NONE', *, *, #1182, .F. ) ;
#962 = EDGE_LOOP ( 'NONE', ( #499, #933, #1198, #1034 ) ) ;
#963 = ADVANCED_FACE ( 'NONE', ( #1882 ), #1058, .T. ) ;
#964 = DIRECTION ( 'NONE',  ( 0.000000000000000000, 0.000000000000000000, 1.000000000000000000 ) ) ;
#965 = VERTEX_POINT ( 'NONE', #931 ) ;
#966 = AXIS2_PLACEMENT_3D ( 'NONE', #865, #1493, #458 ) ;
#967 = DIRECTION ( 'NONE',  ( -1.000000000000000000, 0.000000000000000000, 0.000000000000000000 ) ) ;
#968 = DIRECTION ( 'NONE',  ( 0.000000000000000000, 0.000000000000000000, 1.000000000000000000 ) ) ;
#969 = DIRECTION ( 'NONE',  ( -0.000000000000000000, 0.000000000000000000, 1.000000000000000000 ) ) ;
#970 = ORIENTED_EDGE ( 'NONE', *, *, #1541, .T. ) ;
#971 = EDGE_LOOP ( 'NONE', ( #1672, #810, #186, #1805 ) ) ;
#972 = EDGE_CURVE ( 'NONE', #860, #1655, #1535, .T. ) ;
#973 = PRESENTATION_STYLE_ASSIGNMENT (( #1307 ) ) ;
#974 = VERTEX_POINT ( 'NONE', #2029 ) ;
#975 = DIRECTION ( 'NONE',  ( -0.000000000000000000, 0.000000000000000000, -1.000000000000000000 ) ) ;
#976 = DIRECTION ( 'NONE',  ( -0.000000000000000000, -0.000000000000000000, 1.000000000000000000 ) ) ;
#977 = ORIENTED_EDGE ( 'NONE', *, *, #1187, .F. ) ;
#978 = CIRCLE ( 'NONE', #1244, 0.1733333333333332837 ) ;
#979 = VERTEX_POINT ( 'NONE', #266 ) ;
#980 = VECTOR ( 'NONE', #1241, 999.9999999999998863 ) ;
#981 = EDGE_LOOP ( 'NONE', ( #461, #1251, #1569, #1065 ) ) ;
#982 = EDGE_CURVE ( 'NONE', #270, #1510, #951, .T. ) ;
#983 = EDGE_CURVE ( 'NONE', #726, #1510, #105, .T. ) ;
#984 = DIRECTION ( 'NONE',  ( 0.000000000000000000, 1.000000000000000000, 0.000000000000000000 ) ) ;
#985 = DIRECTION ( 'NONE',  ( 0.000000000000000000, -0.000000000000000000, 1.000000000000000000 ) ) ;
#986 = DIRECTION ( 'NONE',  ( -1.000000000000000000, 0.000000000000000000, 0.000000000000000000 ) ) ;
#987 = MECHANICAL_DESIGN_GEOMETRIC_PRESENTATION_REPRESENTATION (  '', ( #453 ), #630 ) ;
#988 = DIRECTION ( 'NONE',  ( 0.000000000000000000, 0.000000000000000000, 1.000000000000000000 ) ) ;
#989 = VERTEX_POINT ( 'NONE', #304 ) ;
#990 = ORIENTED_EDGE ( 'NONE', *, *, #803, .F. ) ;
#991 = AXIS2_PLACEMENT_3D ( 'NONE', #716, #745, #1032 ) ;
#992 = CARTESIAN_POINT ( 'NONE',  ( -1.776666666666666838, 2.049999999999999378, 1.078588531933030785E-15 ) ) ;
#993 = ORIENTED_EDGE ( 'NONE', *, *, #243, .F. ) ;
#994 = CIRCLE ( 'NONE', #1659, 0.2440440114519870363 ) ;
#995 = EDGE_CURVE ( 'NONE', #270, #1633, #750, .T. ) ;
#996 = CARTESIAN_POINT ( 'NONE',  ( -2.050000000000000266, 1.776666666666665950, 1.317999999999999616 ) ) ;
#997 = FACE_OUTER_BOUND ( 'NONE', #27, .T. ) ;
#998 = CARTESIAN_POINT ( 'NONE',  ( -0.6000000000000005329, 6.346549302354178550E-17, -0.1000000000000000056 ) ) ;
#999 = DIRECTION ( 'NONE',  ( 0.000000000000000000, -0.000000000000000000, 1.000000000000000000 ) ) ;
#1000 = APPLICATION_PROTOCOL_DEFINITION ( 'draft international standard', 'automotive_design', 1998, #264 ) ;
#1001 = ORIENTED_EDGE ( 'NONE', *, *, #1494, .T. ) ;
#1002 = EDGE_LOOP ( 'NONE', ( #1548, #1958, #302, #1996, #1093, #871, #325, #24 ) ) ;
#1003 = CARTESIAN_POINT ( 'NONE',  ( -1.776666666666666838, 1.949999999999999067, -0.1000000000000000056 ) ) ;
#1004 = CARTESIAN_POINT ( 'NONE',  ( -1.776666666666666394, -1.776666666666666394, 1.084202172485504434E-15 ) ) ;
#1005 = CARTESIAN_POINT ( 'NONE',  ( -0.8746274775235312049, -2.049999999999999822, 9.894982587078136157E-16 ) ) ;
#1006 = DIRECTION ( 'NONE',  ( -1.057758217059028854E-16, 1.000000000000000000, 0.000000000000000000 ) ) ;
#1007 = EDGE_CURVE ( 'NONE', #1633, #455, #1989, .T. ) ;
#1008 = FACE_OUTER_BOUND ( 'NONE', #200, .T. ) ;
#1009 = ORIENTED_EDGE ( 'NONE', *, *, #1145, .F. ) ;
#1010 = PRODUCT_DEFINITION_SHAPE ( 'NONE', 'NONE',  #2043 ) ;
#1011 = EDGE_CURVE ( 'NONE', #1127, #1623, #942, .T. ) ;
#1012 = ORIENTED_EDGE ( 'NONE', *, *, #784, .F. ) ;
#1013 = VECTOR ( 'NONE', #115, 1000.000000000000000 ) ;
#1014 = AXIS2_PLACEMENT_3D ( 'NONE', #380, #98, #406 ) ;
#1015 = FACE_OUTER_BOUND ( 'NONE', #1943, .T. ) ;
#1016 = AXIS2_PLACEMENT_3D ( 'NONE', #431, #1072, #1702 ) ;
#1017 = CARTESIAN_POINT ( 'NONE',  ( 0.000000000000000000, -1.949999999999999734, -0.1000000000000000056 ) ) ;
#1018 = CARTESIAN_POINT ( 'NONE',  ( 0.5292893218813458089, -8.397901941323922127E-17, -0.02928932188134554873 ) ) ;
#1019 = CARTESIAN_POINT ( 'NONE',  ( -0.6692863599258200846, 2.049999999999999822, -1.191140082076359467E-18 ) ) ;
#1020 = DIRECTION ( 'NONE',  ( 0.000000000000000000, -1.000000000000000000, 0.000000000000000000 ) ) ;
#1021 =( NAMED_UNIT ( * ) SI_UNIT ( $, .STERADIAN. ) SOLID_ANGLE_UNIT ( ) );
#1022 = ORIENTED_EDGE ( 'NONE', *, *, #1813, .F. ) ;
#1023 = AXIS2_PLACEMENT_3D ( 'NONE', #505, #30, #1934 ) ;
#1024 = VERTEX_POINT ( 'NONE', #2000 ) ;
#1025 = AXIS2_PLACEMENT_3D ( 'NONE', #265, #291, #97 ) ;
#1026 = PLANE ( 'NONE',  #738 ) ;
#1027 = EDGE_CURVE ( 'NONE', #974, #334, #145, .T. ) ;
#1028 = CARTESIAN_POINT ( 'NONE',  ( 0.5016666666666660390, 1.950000000000000400, 0.1000000000000000056 ) ) ;
#1029 =( NAMED_UNIT ( * ) SI_UNIT ( $, .STERADIAN. ) SOLID_ANGLE_UNIT ( ) );
#1030 = VECTOR ( 'NONE', #1923, 1000.000000000000000 ) ;
#1031 = DIRECTION ( 'NONE',  ( 0.000000000000000000, -1.000000000000000000, 0.000000000000000000 ) ) ;
#1032 = DIRECTION ( 'NONE',  ( -1.000000000000000000, 0.000000000000000000, 0.000000000000000000 ) ) ;
#1033 = EDGE_LOOP ( 'NONE', ( #680, #691, #849, #1783 ) ) ;
#1034 = ORIENTED_EDGE ( 'NONE', *, *, #1521, .F. ) ;
#1035 = DIRECTION ( 'NONE',  ( -1.000000000000000000, 0.000000000000000000, 0.000000000000000000 ) ) ;
#1036 = EDGE_CURVE ( 'NONE', #202, #1177, #1871, .T. ) ;
#1037 = EDGE_CURVE ( 'NONE', #318, #848, #1318, .T. ) ;
#1038 = FACE_OUTER_BOUND ( 'NONE', #141, .T. ) ;
#1039 = DIRECTION ( 'NONE',  ( 1.000000000000000000, 0.000000000000000000, 0.000000000000000000 ) ) ;
#1040 = CARTESIAN_POINT ( 'NONE',  ( 0.000000000000000000, -1.949999999999999734, 0.000000000000000000 ) ) ;
#1041 = DIRECTION ( 'NONE',  ( -0.7071067811865445751, 0.000000000000000000, 0.7071067811865504593 ) ) ;
#1042 = ORIENTED_EDGE ( 'NONE', *, *, #850, .T. ) ;
#1043 = EDGE_LOOP ( 'NONE', ( #369, #1716, #993, #294, #1110 ) ) ;
#1044 = CARTESIAN_POINT ( 'NONE',  ( 0.7733333333333330950, 1.949999999999999289, 0.000000000000000000 ) ) ;
#1045 = EDGE_CURVE ( 'NONE', #909, #1087, #1684, .T. ) ;
#1046 = DIRECTION ( 'NONE',  ( -0.000000000000000000, 0.000000000000000000, 1.000000000000000000 ) ) ;
#1047 = LINE ( 'NONE', #1332, #1161 ) ;
#1048 = VECTOR ( 'NONE', #1379, 1000.000000000000000 ) ;
#1049 = APPLICATION_CONTEXT ( 'automotive_design' ) ;
#1050 = CARTESIAN_POINT ( 'NONE',  ( -0.8770280035026181142, 2.049999999999999378, -6.437450399132680112E-17 ) ) ;
#1051 = DIRECTION ( 'NONE',  ( 1.000000000000000000, 0.000000000000000000, 0.000000000000000000 ) ) ;
#1052 = EDGE_CURVE ( 'NONE', #1532, #726, #1137, .T. ) ;
#1053 = ORIENTED_EDGE ( 'NONE', *, *, #677, .F. ) ;
#1054 = ORIENTED_EDGE ( 'NONE', *, *, #574, .F. ) ;
#1055 = VECTOR ( 'NONE', #69, 1000.000000000000000 ) ;
#1056 = DIRECTION ( 'NONE',  ( 1.000000000000000000, 0.000000000000000000, 0.000000000000000000 ) ) ;
#1057 = VECTOR ( 'NONE', #838, 1000.000000000000000 ) ;
#1058 = CYLINDRICAL_SURFACE ( 'NONE', #789, 0.1733333333333332837 ) ;
#1059 = CIRCLE ( 'NONE', #1168, 0.1913333333333337161 ) ;
#1060 = ADVANCED_FACE ( 'NONE', ( #820 ), #1763, .T. ) ;
#1061 = CARTESIAN_POINT ( 'NONE',  ( -0.9294083265116125370, 2.049999999999999378, 1.078588531933030785E-15 ) ) ;
#1062 = DIRECTION ( 'NONE',  ( -1.000000000000000000, 0.000000000000000000, 0.000000000000000000 ) ) ;
#1063 = ADVANCED_FACE ( 'NONE', ( #1146 ), #832, .T. ) ;
#1064 = PLANE ( 'NONE',  #316 ) ;
#1065 = ORIENTED_EDGE ( 'NONE', *, *, #531, .F. ) ;
#1066 = PLANE ( 'NONE',  #1961 ) ;
#1067 = CARTESIAN_POINT ( 'NONE',  ( 0.5016666666666662611, -1.949999999999999067, 0.1000000000000000056 ) ) ;
#1068 = MANIFOLD_SOLID_BREP ( '\X2\570689d2\X0\1', #1936 ) ;
#1069 = DIRECTION ( 'NONE',  ( -1.057758217059028854E-16, 1.000000000000000000, 0.000000000000000000 ) ) ;
#1070 = CARTESIAN_POINT ( 'NONE',  ( 0.7733333333333333171, 2.049999999999999378, 1.078588531933030785E-15 ) ) ;
#1071 = EDGE_CURVE ( 'NONE', #1758, #1127, #666, .T. ) ;
#1072 = DIRECTION ( 'NONE',  ( -1.000000000000000000, 1.057758217059028854E-16, 0.000000000000000000 ) ) ;
#1073 = ORIENTED_EDGE ( 'NONE', *, *, #1618, .T. ) ;
#1074 = EDGE_CURVE ( 'NONE', #1024, #2026, #1297, .T. ) ;
#1075 = ORIENTED_EDGE ( 'NONE', *, *, #8, .T. ) ;
#1076 = DIRECTION ( 'NONE',  ( -0.000000000000000000, -0.000000000000000000, 1.000000000000000000 ) ) ;
#1077 = VECTOR ( 'NONE', #1367, 1000.000000000000000 ) ;
#1078 = CARTESIAN_POINT ( 'NONE',  ( 0.9294083265116116488, -2.049999999999999822, 1.078588531933030785E-15 ) ) ;
#1079 = ORIENTED_EDGE ( 'NONE', *, *, #982, .T. ) ;
#1080 = CIRCLE ( 'NONE', #1480, 0.1733333333333332837 ) ;
#1081 = VECTOR ( 'NONE', #181, 1000.000000000000000 ) ;
#1082 = AXIS2_PLACEMENT_3D ( 'NONE', #771, #625, #586 ) ;
#1083 = DIRECTION ( 'NONE',  ( -1.112002228190261198E-16, 1.000000000000000000, 0.000000000000000000 ) ) ;
#1084 = DIRECTION ( 'NONE',  ( 0.000000000000000000, -1.000000000000000000, 0.000000000000000000 ) ) ;
#1085 = VECTOR ( 'NONE', #733, 1000.000000000000000 ) ;
#1086 = CARTESIAN_POINT ( 'NONE',  ( 1.949999999999999734, 2.049999999999999378, -0.1000000000000000056 ) ) ;
#1087 = VERTEX_POINT ( 'NONE', #1126 ) ;
#1088 = VERTEX_POINT ( 'NONE', #679 ) ;
#1089 = LINE ( 'NONE', #446, #1761 ) ;
#1090 = AXIS2_PLACEMENT_3D ( 'NONE', #1766, #1604, #204 ) ;
#1091 = CARTESIAN_POINT ( 'NONE',  ( 0.000000000000000000, 1.949999999999999067, -0.1000000000000000056 ) ) ;
#1092 = ADVANCED_FACE ( 'NONE', ( #646 ), #1759, .T. ) ;
#1093 = ORIENTED_EDGE ( 'NONE', *, *, #78, .T. ) ;
#1094 = DIRECTION ( 'NONE',  ( 0.000000000000000000, -0.7071067811865445751, 0.7071067811865504593 ) ) ;
#1095 = CIRCLE ( 'NONE', #192, 0.1733333333333332837 ) ;
#1096 = CARTESIAN_POINT ( 'NONE',  ( -0.6750000000000003775, 1.950000000000000400, 0.1000000000000000056 ) ) ;
#1097 = CARTESIAN_POINT ( 'NONE',  ( 1.776666666666667282, -2.049999999999999822, 1.078588531933030785E-15 ) ) ;
#1098 = VERTEX_POINT ( 'NONE', #1276 ) ;
#1099 = VECTOR ( 'NONE', #201, 1000.000000000000000 ) ;
#1100 = ORIENTED_EDGE ( 'NONE', *, *, #728, .F. ) ;
#1101 = CARTESIAN_POINT ( 'NONE',  ( 1.776666666666666394, 1.776666666666665950, -0.1000000000000000056 ) ) ;
#1102 = CARTESIAN_POINT ( 'NONE',  ( 0.8770280035026175591, -2.049999999999999822, -6.479802046495395129E-17 ) ) ;
#1103 = ORIENTED_EDGE ( 'NONE', *, *, #1772, .F. ) ;
#1104 = EDGE_CURVE ( 'NONE', #1098, #25, #1624, .T. ) ;
#1105 = LINE ( 'NONE', #428, #478 ) ;
#1106 = CARTESIAN_POINT ( 'NONE',  ( -1.776666666666666394, -2.049999999999999822, 1.317999999999999616 ) ) ;
#1107 = DIRECTION ( 'NONE',  ( 0.000000000000000000, 0.000000000000000000, -1.000000000000000000 ) ) ;
#1108 =( NAMED_UNIT ( * ) PLANE_ANGLE_UNIT ( ) SI_UNIT ( $, .RADIAN. ) );
#1109 = ORIENTED_EDGE ( 'NONE', *, *, #1771, .T. ) ;
#1110 = ORIENTED_EDGE ( 'NONE', *, *, #898, .F. ) ;
#1111 = CARTESIAN_POINT ( 'NONE',  ( -2.049999999999999822, -1.776666666666666394, 1.317999999999999616 ) ) ;
#1112 =( LENGTH_UNIT ( ) NAMED_UNIT ( * ) SI_UNIT ( .MILLI., .METRE. ) );
#1113 = VERTEX_POINT ( 'NONE', #1593 ) ;
#1114 = CYLINDRICAL_SURFACE ( 'NONE', #440, 0.1733333333333332837 ) ;
#1115 = PRESENTATION_STYLE_ASSIGNMENT (( #958 ) ) ;
#1116 = ADVANCED_FACE ( 'NONE', ( #1156 ), #168, .F. ) ;
#1117 = AXIS2_PLACEMENT_3D ( 'NONE', #1287, #1787, #1439 ) ;
#1118 = AXIS2_PLACEMENT_3D ( 'NONE', #1743, #984, #1430 ) ;
#1119 = CARTESIAN_POINT ( 'NONE',  ( 0.6749999999999997113, 1.950000000000000400, 0.1000000000000000056 ) ) ;
#1120 = AXIS2_PLACEMENT_3D ( 'NONE', #23, #845, #1444 ) ;
#1121 =( LENGTH_UNIT ( ) NAMED_UNIT ( * ) SI_UNIT ( .MILLI., .METRE. ) );
#1122 = EDGE_CURVE ( 'NONE', #261, #1831, #15, .T. ) ;
#1123 = EDGE_LOOP ( 'NONE', ( #2014, #1042, #1546, #285, #639, #65, #147, #1136 ) ) ;
#1124 = APPLICATION_CONTEXT ( 'automotive_design' ) ;
#1125 = ORIENTED_EDGE ( 'NONE', *, *, #2040, .T. ) ;
#1126 = CARTESIAN_POINT ( 'NONE',  ( 0.5016666666666662611, -1.949999999999999067, 0.000000000000000000 ) ) ;
#1127 = VERTEX_POINT ( 'NONE', #1417 ) ;
#1128 = AXIS2_PLACEMENT_3D ( 'NONE', #1409, #629, #914 ) ;
#1129 = FACE_OUTER_BOUND ( 'NONE', #1884, .T. ) ;
#1130 = DIRECTION ( 'NONE',  ( 1.000000000000000000, 0.000000000000000000, 0.000000000000000000 ) ) ;
#1131 = CIRCLE ( 'NONE', #92, 0.1733333333333332837 ) ;
#1132 = DIRECTION ( 'NONE',  ( 1.000000000000000000, 0.000000000000000000, 0.000000000000000000 ) ) ;
#1133 = PRESENTATION_STYLE_ASSIGNMENT (( #1293 ) ) ;
#1134 = ORIENTED_EDGE ( 'NONE', *, *, #153, .F. ) ;
#1135 = ADVANCED_FACE ( 'NONE', ( #880 ), #1026, .T. ) ;
#1136 = ORIENTED_EDGE ( 'NONE', *, *, #1682, .T. ) ;
#1137 = LINE ( 'NONE', #954, #1607 ) ;
#1138 = ORIENTED_EDGE ( 'NONE', *, *, #908, .F. ) ;
#1139 = CARTESIAN_POINT ( 'NONE',  ( -0.5016666666666665941, -1.776666666666665728, 0.1000000000000000056 ) ) ;
#1140 = CYLINDRICAL_SURFACE ( 'NONE', #1090, 0.1733333333333332837 ) ;
#1141 = DIRECTION ( 'NONE',  ( -0.000000000000000000, 0.000000000000000000, 1.000000000000000000 ) ) ;
#1142 = DIRECTION ( 'NONE',  ( 0.000000000000000000, 0.000000000000000000, 1.000000000000000000 ) ) ;
#1143 = EDGE_LOOP ( 'NONE', ( #1796, #396, #739, #1769 ) ) ;
#1144 = EDGE_CURVE ( 'NONE', #1337, #1176, #1888, .T. ) ;
#1145 = EDGE_CURVE ( 'NONE', #467, #455, #1388, .T. ) ;
#1146 = FACE_OUTER_BOUND ( 'NONE', #1703, .T. ) ;
#1147 = ORIENTED_EDGE ( 'NONE', *, *, #809, .F. ) ;
#1148 = PLANE ( 'NONE',  #956 ) ;
#1149 = FACE_OUTER_BOUND ( 'NONE', #962, .T. ) ;
#1150 = CARTESIAN_POINT ( 'NONE',  ( 2.049999999999999822, 1.776666666666665950, 1.084202172485504040E-15 ) ) ;
#1151 = DIRECTION ( 'NONE',  ( 0.000000000000000000, 0.000000000000000000, 1.000000000000000000 ) ) ;
#1152 = VERTEX_POINT ( 'NONE', #1044 ) ;
#1153 = MECHANICAL_DESIGN_GEOMETRIC_PRESENTATION_REPRESENTATION (  '', ( #1511 ), #329 ) ;
#1154 = AXIS2_PLACEMENT_3D ( 'NONE', #129, #1874, #277 ) ;
#1155 = ADVANCED_FACE ( 'NONE', ( #1512 ), #1483, .T. ) ;
#1156 = FACE_OUTER_BOUND ( 'NONE', #591, .T. ) ;
#1157 = VERTEX_POINT ( 'NONE', #1348 ) ;
#1158 = PLANE ( 'NONE',  #1118 ) ;
#1159 = CARTESIAN_POINT ( 'NONE',  ( 2.049999999999999822, 1.776666666666665950, 1.084202172485504040E-15 ) ) ;
#1160 = UNCERTAINTY_MEASURE_WITH_UNIT (LENGTH_MEASURE( 1.000000000000000082E-05 ), #2032, 'distance_accuracy_value', 'NONE');
#1161 = VECTOR ( 'NONE', #1679, 1000.000000000000000 ) ;
#1162 =( REPRESENTATION_RELATIONSHIP ('NONE','NONE', #1371, #449 ) REPRESENTATION_RELATIONSHIP_WITH_TRANSFORMATION ( #1456 )SHAPE_REPRESENTATION_RELATIONSHIP( ) );
#1163 = PLANE ( 'NONE',  #1120 ) ;
#1164 = DIRECTION ( 'NONE',  ( 1.000000000000000000, 0.000000000000000000, 0.000000000000000000 ) ) ;
#1165 = ORIENTED_EDGE ( 'NONE', *, *, #1515, .T. ) ;
#1166 = CONICAL_SURFACE ( 'NONE', #258, 0.1733333333333330617, 0.7853981633974439491 ) ;
#1167 = ORIENTED_EDGE ( 'NONE', *, *, #284, .T. ) ;
#1168 = AXIS2_PLACEMENT_3D ( 'NONE', #1744, #2012, #641 ) ;
#1169 = CYLINDRICAL_SURFACE ( 'NONE', #1263, 0.1733333333333332837 ) ;
#1170 = EDGE_CURVE ( 'NONE', #675, #1087, #495, .T. ) ;
#1171 = CARTESIAN_POINT ( 'NONE',  ( -0.6172583401550539861, -2.049999999999999822, 0.000000000000000000 ) ) ;
#1172 = LINE ( 'NONE', #182, #1750 ) ;
#1173 = CARTESIAN_POINT ( 'NONE',  ( 0.6749999999999997113, 1.776666666666667060, 0.000000000000000000 ) ) ;
#1174 = DIRECTION ( 'NONE',  ( -0.000000000000000000, 0.000000000000000000, 1.000000000000000000 ) ) ;
#1175 = APPLICATION_PROTOCOL_DEFINITION ( 'draft international standard', 'automotive_design', 1998, #1854 ) ;
#1176 = VERTEX_POINT ( 'NONE', #1178 ) ;
#1177 = VERTEX_POINT ( 'NONE', #1969 ) ;
#1178 = CARTESIAN_POINT ( 'NONE',  ( -0.6000000000000000888, 1.776666666666665950, 0.000000000000000000 ) ) ;
#1179 = CARTESIAN_POINT ( 'NONE',  ( -0.9294083265116129811, -2.049999999999999822, 1.078588531933030785E-15 ) ) ;
#1180 = CARTESIAN_POINT ( 'NONE',  ( -0.6000000000000000888, 1.776666666666665950, -0.1000000000000000056 ) ) ;
#1181 = LINE ( 'NONE', #1846, #53 ) ;
#1182 = EDGE_CURVE ( 'NONE', #1952, #328, #994, .T. ) ;
#1183 = CARTESIAN_POINT ( 'NONE',  ( 0.4585786437626905299, -1.776666666666666394, 0.000000000000000000 ) ) ;
#1184 = CARTESIAN_POINT ( 'NONE',  ( -1.275000000000000133, -9.215718466126787689E-16, 1.694065894508600678E-18 ) ) ;
#1185 = ORIENTED_EDGE ( 'NONE', *, *, #1400, .T. ) ;
#1186 = EDGE_LOOP ( 'NONE', ( #1075, #901, #229, #1891 ) ) ;
#1187 = EDGE_CURVE ( 'NONE', #508, #1177, #1826, .T. ) ;
#1188 = VECTOR ( 'NONE', #59, 1000.000000000000000 ) ;
#1189 = CIRCLE ( 'NONE', #279, 0.2733333333333333171 ) ;
#1190 = CARTESIAN_POINT ( 'NONE',  ( 1.776666666666665950, -1.776666666666666394, -0.1000000000000000056 ) ) ;
#1191 = AXIS2_PLACEMENT_3D ( 'NONE', #1312, #1465, #826 ) ;
#1192 = FACE_OUTER_BOUND ( 'NONE', #477, .T. ) ;
#1193 = CARTESIAN_POINT ( 'NONE',  ( 0.6749999999999997113, 1.950000000000000400, 0.000000000000000000 ) ) ;
#1194 = DIRECTION ( 'NONE',  ( -0.000000000000000000, 0.000000000000000000, 1.000000000000000000 ) ) ;
#1195 = CARTESIAN_POINT ( 'NONE',  ( 0.6750000000000000444, -1.776666666666665950, 0.1000000000000000056 ) ) ;
#1196 = ORIENTED_EDGE ( 'NONE', *, *, #1555, .T. ) ;
#1197 = COLOUR_RGB ( '',0.8705882352941176627, 0.9098039215686274384, 1.000000000000000000 ) ;
#1198 = ORIENTED_EDGE ( 'NONE', *, *, #1643, .F. ) ;
#1199 = EDGE_CURVE ( 'NONE', #1732, #955, #668, .T. ) ;
#1200 = AXIS2_PLACEMENT_3D ( 'NONE', #546, #988, #54 ) ;
#1201 = DIRECTION ( 'NONE',  ( 1.000000000000000000, 0.000000000000000000, 0.000000000000000000 ) ) ;
#1202 = CARTESIAN_POINT ( 'NONE',  ( 1.949999999999999956, 4.125257046530212113E-16, -0.1000000000000000056 ) ) ;
#1203 = FACE_OUTER_BOUND ( 'NONE', #1781, .T. ) ;
#1204 = CARTESIAN_POINT ( 'NONE',  ( 0.5999999999999998668, 1.776666666666665950, -0.1000000000000000056 ) ) ;
#1205 = VERTEX_POINT ( 'NONE', #1980 ) ;
#1206 = EDGE_LOOP ( 'NONE', ( #1435, #289, #939, #394 ) ) ;
#1207 = LINE ( 'NONE', #1832, #263 ) ;
#1208 = DIRECTION ( 'NONE',  ( 1.000000000000000000, 0.000000000000000000, 0.000000000000000000 ) ) ;
#1209 = DIRECTION ( 'NONE',  ( -0.000000000000000000, 0.000000000000000000, 1.000000000000000000 ) ) ;
#1210 = CARTESIAN_POINT ( 'NONE',  ( -0.8210362148200177623, 2.038661104545315794, -0.01133889545468272537 ) ) ;
#1211 = LINE ( 'NONE', #935, #1619 ) ;
#1212 = ORIENTED_EDGE ( 'NONE', *, *, #167, .T. ) ;
#1213 = CARTESIAN_POINT ( 'NONE',  ( -1.776666666666666838, 1.776666666666665950, 1.084202172485504434E-15 ) ) ;
#1214 = ORIENTED_EDGE ( 'NONE', *, *, #1170, .F. ) ;
#1215 = FACE_OUTER_BOUND ( 'NONE', #7, .T. ) ;
#1216 = EDGE_CURVE ( 'NONE', #979, #909, #399, .T. ) ;
#1217 = LINE ( 'NONE', #1711, #1841 ) ;
#1218 = CARTESIAN_POINT ( 'NONE',  ( -0.6172583401550535420, 2.049999999999999378, 0.000000000000000000 ) ) ;
#1219 = PLANE ( 'NONE',  #225 ) ;
#1220 = DIRECTION ( 'NONE',  ( 0.000000000000000000, 0.000000000000000000, 1.000000000000000000 ) ) ;
#1221 = VERTEX_POINT ( 'NONE', #379 ) ;
#1222 = PRESENTATION_LAYER_ASSIGNMENT (  '', '', ( #1651 ) ) ;
#1223 = APPLICATION_CONTEXT ( 'automotive_design' ) ;
#1224 = DIRECTION ( 'NONE',  ( 0.000000000000000000, -0.7071067811865445751, -0.7071067811865504593 ) ) ;
#1225 = AXIS2_PLACEMENT_3D ( 'NONE', #1184, #1641, #523 ) ;
#1226 = CIRCLE ( 'NONE', #1326, 0.2440440114519870363 ) ;
#1227 = CARTESIAN_POINT ( 'NONE',  ( 2.050000000000000711, -1.776666666666666394, 1.084202172485504040E-15 ) ) ;
#1228 = CARTESIAN_POINT ( 'NONE',  ( 1.776666666666666394, 1.949999999999999289, 0.000000000000000000 ) ) ;
#1229 = EDGE_CURVE ( 'NONE', #4, #1633, #928, .T. ) ;
#1230 = LINE ( 'NONE', #776, #1481 ) ;
#1231 = ORIENTED_EDGE ( 'NONE', *, *, #1399, .F. ) ;
#1232 = DIRECTION ( 'NONE',  ( -1.057758217059028854E-16, -1.000000000000000000, 0.000000000000000000 ) ) ;
#1233 = DIRECTION ( 'NONE',  ( -1.000000000000000000, 0.000000000000000000, 0.000000000000000000 ) ) ;
#1234 = UNCERTAINTY_MEASURE_WITH_UNIT (LENGTH_MEASURE( 1.000000000000000082E-05 ), #1971, 'distance_accuracy_value', 'NONE');
#1235 = LINE ( 'NONE', #267, #1314 ) ;
#1236 = VERTEX_POINT ( 'NONE', #66 ) ;
#1237 = ADVANCED_FACE ( 'NONE', ( #1015 ), #1169, .F. ) ;
#1238 = ORIENTED_EDGE ( 'NONE', *, *, #886, .T. ) ;
#1239 = DIRECTION ( 'NONE',  ( -0.000000000000000000, 0.000000000000000000, 1.000000000000000000 ) ) ;
#1240 = AXIS2_PLACEMENT_3D ( 'NONE', #1575, #2001, #640 ) ;
#1241 = DIRECTION ( 'NONE',  ( -0.7071067811865439090, 0.000000000000000000, 0.7071067811865512365 ) ) ;
#1242 = ORIENTED_EDGE ( 'NONE', *, *, #759, .T. ) ;
#1243 = AXIS2_PLACEMENT_3D ( 'NONE', #1331, #575, #1208 ) ;
#1244 = AXIS2_PLACEMENT_3D ( 'NONE', #1933, #1765, #1585 ) ;
#1245 = COLOUR_RGB ( '',0.8980392156862745390, 0.9215686274509803377, 0.9294117647058823817 ) ;
#1246 = CARTESIAN_POINT ( 'NONE',  ( 0.5999999999999992006, -1.776666666666666394, -0.1000000000000000056 ) ) ;
#1247 = CARTESIAN_POINT ( 'NONE',  ( 2.049999999999999822, 1.949999999999999289, 0.000000000000000000 ) ) ;
#1248 = AXIS2_PLACEMENT_3D ( 'NONE', #1498, #1681, #868 ) ;
#1249 = CYLINDRICAL_SURFACE ( 'NONE', #1154, 0.2733333333333333171 ) ;
#1250 = EDGE_LOOP ( 'NONE', ( #45, #1924, #1500, #1644, #990 ) ) ;
#1251 = ORIENTED_EDGE ( 'NONE', *, *, #762, .F. ) ;
#1252 = CARTESIAN_POINT ( 'NONE',  ( 0.5999999999999992006, -1.776666666666666394, 0.000000000000000000 ) ) ;
#1253 = EDGE_CURVE ( 'NONE', #1632, #1553, #47, .T. ) ;
#1254 = CIRCLE ( 'NONE', #1581, 0.1913333333333337161 ) ;
#1255 = COLOUR_RGB ( '',0.2509803921568627416, 0.2509803921568627416, 0.2509803921568627416 ) ;
#1256 = DIRECTION ( 'NONE',  ( 0.000000000000000000, 0.000000000000000000, 1.000000000000000000 ) ) ;
#1257 = ORIENTED_EDGE ( 'NONE', *, *, #157, .F. ) ;
#1258 = DIRECTION ( 'NONE',  ( -1.000000000000000000, 0.000000000000000000, 0.000000000000000000 ) ) ;
#1259 = VECTOR ( 'NONE', #2027, 999.9999999999998863 ) ;
#1260 = DIRECTION ( 'NONE',  ( 1.000000000000000000, 0.000000000000000000, 0.000000000000000000 ) ) ;
#1261 = DIRECTION ( 'NONE',  ( -1.000000000000000000, -8.340016711426958986E-17, 0.000000000000000000 ) ) ;
#1262 = ORIENTED_EDGE ( 'NONE', *, *, #598, .F. ) ;
#1263 = AXIS2_PLACEMENT_3D ( 'NONE', #1648, #1667, #405 ) ;
#1264 = EDGE_LOOP ( 'NONE', ( #1741, #1196, #1482, #360 ) ) ;
#1265 = DIRECTION ( 'NONE',  ( -1.000000000000000000, 0.000000000000000000, 0.000000000000000000 ) ) ;
#1266 = EDGE_CURVE ( 'NONE', #922, #1831, #370, .T. ) ;
#1267 = DIRECTION ( 'NONE',  ( 0.000000000000000000, -0.000000000000000000, 1.000000000000000000 ) ) ;
#1268 = ORIENTED_EDGE ( 'NONE', *, *, #1216, .T. ) ;
#1269 = EDGE_CURVE ( 'NONE', #1308, #1470, #1207, .T. ) ;
#1270 = FACE_OUTER_BOUND ( 'NONE', #1929, .T. ) ;
#1271 = FACE_OUTER_BOUND ( 'NONE', #164, .T. ) ;
#1272 = FACE_OUTER_BOUND ( 'NONE', #1459, .T. ) ;
#1273 = CARTESIAN_POINT ( 'NONE',  ( 0.000000000000000000, 0.000000000000000000, 0.000000000000000000 ) ) ;
#1274 = ORIENTED_EDGE ( 'NONE', *, *, #1306, .F. ) ;
#1275 = ORIENTED_EDGE ( 'NONE', *, *, #616, .F. ) ;
#1276 = CARTESIAN_POINT ( 'NONE',  ( 1.776666666666666394, 2.049999999999999378, 1.317999999999999616 ) ) ;
#1277 = EDGE_LOOP ( 'NONE', ( #1724, #653, #91, #1932 ) ) ;
#1278 = CARTESIAN_POINT ( 'NONE',  ( -1.776666666666666394, -1.776666666666666394, 1.399999999999999911 ) ) ;
#1279 = CARTESIAN_POINT ( 'NONE',  ( -0.9294083265116129811, -2.049999999999999822, 1.078588531933030785E-15 ) ) ;
#1280 = ADVANCED_FACE ( 'NONE', ( #210 ), #852, .T. ) ;
#1281 = VECTOR ( 'NONE', #234, 1000.000000000000000 ) ;
#1282 = CARTESIAN_POINT ( 'NONE',  ( -0.5000000000000000000, 1.776666666666665950, 1.138412281109779853E-15 ) ) ;
#1283 = VECTOR ( 'NONE', #1639, 1000.000000000000000 ) ;
#1284 = ORIENTED_EDGE ( 'NONE', *, *, #398, .F. ) ;
#1285 = ORIENTED_EDGE ( 'NONE', *, *, #1721, .F. ) ;
#1286 = ORIENTED_EDGE ( 'NONE', *, *, #875, .T. ) ;
#1287 = CARTESIAN_POINT ( 'NONE',  ( 1.968000000000000638, 4.163336342344338999E-16, 1.399999999999999911 ) ) ;
#1288 = CARTESIAN_POINT ( 'NONE',  ( 0.5016666666666665941, -1.949999999999999067, 0.1000000000000000056 ) ) ;
#1289 = AXIS2_PLACEMENT_3D ( 'NONE', #63, #185, #1654 ) ;
#1290 = ADVANCED_FACE ( 'NONE', ( #1329 ), #541, .F. ) ;
#1291 = ADVANCED_FACE ( 'NONE', ( #132 ), #426, .F. ) ;
#1292 = FACE_OUTER_BOUND ( 'NONE', #313, .T. ) ;
#1293 = SURFACE_STYLE_USAGE ( .BOTH. , #2022 ) ;
#1294 = ORIENTED_EDGE ( 'NONE', *, *, #1253, .F. ) ;
#1295 = ORIENTED_EDGE ( 'NONE', *, *, #157, .T. ) ;
#1296 = VECTOR ( 'NONE', #1942, 1000.000000000000000 ) ;
#1297 = LINE ( 'NONE', #317, #1030 ) ;
#1298 = ORIENTED_EDGE ( 'NONE', *, *, #387, .F. ) ;
#1299 = LINE ( 'NONE', #1463, #785 ) ;
#1300 = CARTESIAN_POINT ( 'NONE',  ( -1.776666666666666394, -1.968000000000000194, 1.399999999999999911 ) ) ;
#1301 = CARTESIAN_POINT ( 'NONE',  ( -0.4585786437626913625, 1.776666666666665950, -0.1000000000000000056 ) ) ;
#1302 = DIRECTION ( 'NONE',  ( 0.000000000000000000, -1.000000000000000000, 0.000000000000000000 ) ) ;
#1303 = PRODUCT_CONTEXT ( 'NONE', #1049, 'mechanical' ) ;
#1304 = ORIENTED_EDGE ( 'NONE', *, *, #1071, .T. ) ;
#1305 = ORIENTED_EDGE ( 'NONE', *, *, #1833, .F. ) ;
#1306 = EDGE_CURVE ( 'NONE', #1749, #1236, #1497, .T. ) ;
#1307 = SURFACE_STYLE_USAGE ( .BOTH. , #1428 ) ;
#1308 = VERTEX_POINT ( 'NONE', #1395 ) ;
#1309 = CARTESIAN_POINT ( 'NONE',  ( 2.049999999999999822, 2.049999999999999378, 1.399999999999999911 ) ) ;
#1310 = PRODUCT ( 'pin_\X2\9ed88ba4\X0\', 'pin_\X2\9ed88ba4\X0\', '', ( #1303 ) ) ;
#1311 = FACE_OUTER_BOUND ( 'NONE', #777, .T. ) ;
#1312 = CARTESIAN_POINT ( 'NONE',  ( 0.4585786437626909184, 1.776666666666665950, -0.1000000000000000056 ) ) ;
#1313 = CYLINDRICAL_SURFACE ( 'NONE', #1584, 0.1733333333333332837 ) ;
#1314 = VECTOR ( 'NONE', #1094, 1000.000000000000000 ) ;
#1315 = ORIENTED_EDGE ( 'NONE', *, *, #80, .T. ) ;
#1316 = AXIS2_PLACEMENT_3D ( 'NONE', #212, #855, #87 ) ;
#1317 = VERTEX_POINT ( 'NONE', #1252 ) ;
#1318 = CIRCLE ( 'NONE', #442, 0.1733333333333332837 ) ;
#1319 = EDGE_CURVE ( 'NONE', #1879, #38, #1089, .T. ) ;
#1320 = DIRECTION ( 'NONE',  ( 1.000000000000000000, 0.000000000000000000, 0.000000000000000000 ) ) ;
#1321 = ORIENTED_EDGE ( 'NONE', *, *, #1845, .T. ) ;
#1322 = CARTESIAN_POINT ( 'NONE',  ( 1.776666666666666394, 1.776666666666665950, -0.1000000000000000056 ) ) ;
#1323 = CYLINDRICAL_SURFACE ( 'NONE', #1378, 0.1733333333333332837 ) ;
#1324 = DIRECTION ( 'NONE',  ( 0.000000000000000000, 0.000000000000000000, -1.000000000000000000 ) ) ;
#1325 = EDGE_LOOP ( 'NONE', ( #1968, #230, #48, #1764 ) ) ;
#1326 = AXIS2_PLACEMENT_3D ( 'NONE', #858, #1928, #1780 ) ;
#1327 = ORIENTED_EDGE ( 'NONE', *, *, #1895, .F. ) ;
#1328 = COLOUR_RGB ( '',0.2509803921568627416, 0.2509803921568627416, 0.2509803921568627416 ) ;
#1329 = FACE_OUTER_BOUND ( 'NONE', #952, .T. ) ;
#1330 = EDGE_CURVE ( 'NONE', #965, #778, #671, .T. ) ;
#1331 = CARTESIAN_POINT ( 'NONE',  ( 0.7733333333333324289, -1.776666666666666394, -0.1000000000000000056 ) ) ;
#1332 = CARTESIAN_POINT ( 'NONE',  ( -1.776666666666667282, -1.949999999999999734, 0.000000000000000000 ) ) ;
#1333 = ADVANCED_FACE ( 'NONE', ( #1719 ), #1066, .F. ) ;
#1334 = DIRECTION ( 'NONE',  ( -0.7071067811865445751, 0.000000000000000000, -0.7071067811865504593 ) ) ;
#1335 = DIRECTION ( 'NONE',  ( -0.7071067811865419106, 0.000000000000000000, -0.7071067811865531239 ) ) ;
#1336 = SHAPE_DEFINITION_REPRESENTATION ( #770, #183 ) ;
#1337 = VERTEX_POINT ( 'NONE', #1698 ) ;
#1338 = ORIENTED_EDGE ( 'NONE', *, *, #324, .T. ) ;
#1339 = DIRECTION ( 'NONE',  ( 0.000000000000000000, -0.000000000000000000, -1.000000000000000000 ) ) ;
#1340 = CARTESIAN_POINT ( 'NONE',  ( 0.6696386631640476317, 2.049999999999999378, -4.235164736271501695E-18 ) ) ;
#1341 = LINE ( 'NONE', #1370, #661 ) ;
#1342 = DIRECTION ( 'NONE',  ( 1.000000000000000000, 0.000000000000000000, 0.000000000000000000 ) ) ;
#1343 = EDGE_CURVE ( 'NONE', #1366, #1098, #122, .T. ) ;
#1344 = CARTESIAN_POINT ( 'NONE',  ( 0.6749999999999997113, 1.776666666666667060, 0.1000000000000000056 ) ) ;
#1345 = ORIENTED_EDGE ( 'NONE', *, *, #585, .F. ) ;
#1346 = ORIENTED_EDGE ( 'NONE', *, *, #920, .F. ) ;
#1347 = VECTOR ( 'NONE', #669, 1000.000000000000000 ) ;
#1348 = CARTESIAN_POINT ( 'NONE',  ( -2.050000000000000266, 1.776666666666665950, 1.317999999999999616 ) ) ;
#1349 = CONICAL_SURFACE ( 'NONE', #2028, 0.1913333333333337161, 0.7853981633974428389 ) ;
#1350 = CARTESIAN_POINT ( 'NONE',  ( -0.6172583401550539861, -2.049999999999999822, 0.000000000000000000 ) ) ;
#1351 = DIRECTION ( 'NONE',  ( -1.000000000000000000, 0.000000000000000000, 0.000000000000000000 ) ) ;
#1352 = DIRECTION ( 'NONE',  ( 0.000000000000000000, -0.7071067811865504593, -0.7071067811865445751 ) ) ;
#1353 = EDGE_LOOP ( 'NONE', ( #1912, #425, #152, #177 ) ) ;
#1354 = EDGE_CURVE ( 'NONE', #2026, #1491, #779, .T. ) ;
#1355 =( GEOMETRIC_REPRESENTATION_CONTEXT ( 3 ) GLOBAL_UNCERTAINTY_ASSIGNED_CONTEXT ( ( #867 ) ) GLOBAL_UNIT_ASSIGNED_CONTEXT ( ( #1121, #1736, #1412 ) ) REPRESENTATION_CONTEXT ( 'NONE', 'WORKASPACE' ) );
#1356 = EDGE_CURVE ( 'NONE', #1236, #64, #583, .T. ) ;
#1357 = ORIENTED_EDGE ( 'NONE', *, *, #1541, .F. ) ;
#1358 = CARTESIAN_POINT ( 'NONE',  ( -1.776666666666667282, -1.776666666666666394, 0.000000000000000000 ) ) ;
#1359 = CARTESIAN_POINT ( 'NONE',  ( -2.050000000000000266, 1.776666666666665950, 1.084202172485504434E-15 ) ) ;
#1360 = DIRECTION ( 'NONE',  ( 0.000000000000000000, -0.000000000000000000, 1.000000000000000000 ) ) ;
#1361 = CARTESIAN_POINT ( 'NONE',  ( -0.9294083265116125370, 2.049999999999999378, 1.078588531933030785E-15 ) ) ;
#1362 = CARTESIAN_POINT ( 'NONE',  ( 1.968000000000000194, 1.776666666666665950, 1.399999999999999911 ) ) ;
#1363 = VERTEX_POINT ( 'NONE', #890 ) ;
#1364 = CARTESIAN_POINT ( 'NONE',  ( 0.000000000000000000, 1.949999999999999289, -0.1000000000000000056 ) ) ;
#1365 = ADVANCED_FACE ( 'NONE', ( #1689 ), #1656, .T. ) ;
#1366 = VERTEX_POINT ( 'NONE', #1524 ) ;
#1367 = DIRECTION ( 'NONE',  ( 1.000000000000000000, 0.000000000000000000, 0.000000000000000000 ) ) ;
#1368 = B_SPLINE_CURVE_WITH_KNOTS ( 'NONE', 3,
 ( #1807, #1649, #224, #866, #1340, #1962 ),
 .UNSPECIFIED., .F., .F.,
 ( 4, 2, 4 ),
 ( 0.000000000000000000, 0.0001559754116685718272, 0.0003119508233371436545 ),
 .UNSPECIFIED. ) ;
#1369 = CARTESIAN_POINT ( 'NONE',  ( -0.8256865391466446935, -2.049999999999999822, -0.008953679497709834262 ) ) ;
#1370 = CARTESIAN_POINT ( 'NONE',  ( -2.049999999999999822, -1.776666666666666394, 1.399999999999999911 ) ) ;
#1371 = SHAPE_REPRESENTATION ( 'FTC404015S', ( #189, #2036, #1289, #1225 ), #358 ) ;
#1372 = CARTESIAN_POINT ( 'NONE',  ( -0.8746162547646726404, 2.049999999999999378, 9.894800070985106781E-16 ) ) ;
#1373 = CARTESIAN_POINT ( 'NONE',  ( -2.049999999999999822, -2.049999999999999822, 0.000000000000000000 ) ) ;
#1374 = ORIENTED_EDGE ( 'NONE', *, *, #995, .T. ) ;
#1375 = EDGE_LOOP ( 'NONE', ( #1539, #1286, #207, #1611 ) ) ;
#1376 = CARTESIAN_POINT ( 'NONE',  ( 1.776666666666666394, 2.049999999999999378, 1.317999999999999616 ) ) ;
#1377 = ADVANCED_FACE ( 'NONE', ( #1215 ), #1851, .F. ) ;
#1378 = AXIS2_PLACEMENT_3D ( 'NONE', #353, #684, #836 ) ;
#1379 = DIRECTION ( 'NONE',  ( 0.000000000000000000, 0.000000000000000000, -1.000000000000000000 ) ) ;
#1380 = DIRECTION ( 'NONE',  ( -0.000000000000000000, 0.000000000000000000, 1.000000000000000000 ) ) ;
#1381 = LINE ( 'NONE', #1195, #1523 ) ;
#1382 = CARTESIAN_POINT ( 'NONE',  ( 0.5999999999999998668, 2.049999999999999378, -0.1000000000000000056 ) ) ;
#1383 = ORIENTED_EDGE ( 'NONE', *, *, #1602, .T. ) ;
#1384 = AXIS2_PLACEMENT_3D ( 'NONE', #194, #968, #1130 ) ;
#1385 = CARTESIAN_POINT ( 'NONE',  ( 1.776666666666667282, -1.776666666666666394, -0.1000000000000000472 ) ) ;
#1386 = CIRCLE ( 'NONE', #1551, 0.2440440114519869252 ) ;
#1387 = DIRECTION ( 'NONE',  ( -0.7071067811865445751, 0.000000000000000000, -0.7071067811865504593 ) ) ;
#1388 = CIRCLE ( 'NONE', #1885, 0.1733333333333332837 ) ;
#1389 = DIRECTION ( 'NONE',  ( 1.000000000000000000, 0.000000000000000000, 0.000000000000000000 ) ) ;
#1390 = CARTESIAN_POINT ( 'NONE',  ( -1.776666666666666394, -2.049999999999999822, 1.317999999999999616 ) ) ;
#1391 = EDGE_CURVE ( 'NONE', #328, #1447, #1707, .T. ) ;
#1392 = DIRECTION ( 'NONE',  ( -1.000000000000000000, 1.057758217059028854E-16, 0.000000000000000000 ) ) ;
#1393 = ORIENTED_EDGE ( 'NONE', *, *, #620, .T. ) ;
#1394 = ORIENTED_EDGE ( 'NONE', *, *, #1845, .F. ) ;
#1395 = CARTESIAN_POINT ( 'NONE',  ( -1.776666666666666394, -2.049999999999999822, 1.084202172485504434E-15 ) ) ;
#1396 = DIRECTION ( 'NONE',  ( -1.000000000000000000, 0.000000000000000000, 0.000000000000000000 ) ) ;
#1397 = ORIENTED_EDGE ( 'NONE', *, *, #864, .T. ) ;
#1398 = LINE ( 'NONE', #1106, #698 ) ;
#1399 = EDGE_CURVE ( 'NONE', #989, #2037, #1561, .T. ) ;
#1400 = EDGE_CURVE ( 'NONE', #1831, #1366, #930, .T. ) ;
#1401 = FACE_OUTER_BOUND ( 'NONE', #510, .T. ) ;
#1402 = ORIENTED_EDGE ( 'NONE', *, *, #1027, .F. ) ;
#1403 = VERTEX_POINT ( 'NONE', #1404 ) ;
#1404 = CARTESIAN_POINT ( 'NONE',  ( -1.950000000000000622, -1.776666666666666394, -0.1000000000000000056 ) ) ;
#1405 = AXIS2_PLACEMENT_3D ( 'NONE', #1836, #884, #578 ) ;
#1406 = DIRECTION ( 'NONE',  ( -1.000000000000000000, 0.000000000000000000, 0.000000000000000000 ) ) ;
#1407 = ORIENTED_EDGE ( 'NONE', *, *, #310, .F. ) ;
#1408 = DIRECTION ( 'NONE',  ( -0.7071067811865444641, 0.000000000000000000, 0.7071067811865505703 ) ) ;
#1409 = CARTESIAN_POINT ( 'NONE',  ( 0.7733333333333330950, 1.776666666666665950, -0.1000000000000000056 ) ) ;
#1410 = VECTOR ( 'NONE', #257, 1000.000000000000000 ) ;
#1411 = CARTESIAN_POINT ( 'NONE',  ( 0.000000000000000000, 1.967999999999999750, 1.399999999999999911 ) ) ;
#1412 =( NAMED_UNIT ( * ) SI_UNIT ( $, .STERADIAN. ) SOLID_ANGLE_UNIT ( ) );
#1413 = EDGE_LOOP ( 'NONE', ( #1804, #376, #582, #444 ) ) ;
#1414 = EDGE_CURVE ( 'NONE', #1366, #1749, #2007, .T. ) ;
#1415 = EDGE_LOOP ( 'NONE', ( #432, #636, #1665, #1268 ) ) ;
#1416 = CARTESIAN_POINT ( 'NONE',  ( 0.5999999999999998668, 2.049999999999999378, -0.1000000000000000056 ) ) ;
#1417 = CARTESIAN_POINT ( 'NONE',  ( 2.049999999999999822, 1.776666666666665950, 1.317999999999999616 ) ) ;
#1418 = VERTEX_POINT ( 'NONE', #2015 ) ;
#1419 = CIRCLE ( 'NONE', #1687, 0.2733333333333333171 ) ;
#1420 = DIRECTION ( 'NONE',  ( -1.000000000000000000, 0.000000000000000000, 0.000000000000000000 ) ) ;
#1421 = AXIS2_PLACEMENT_3D ( 'NONE', #320, #1701, #162 ) ;
#1422 = CARTESIAN_POINT ( 'NONE',  ( -1.776666666666667282, -1.949999999999999734, 0.000000000000000000 ) ) ;
#1423 = VERTEX_POINT ( 'NONE', #282 ) ;
#1424 = EDGE_CURVE ( 'NONE', #757, #626, #1386, .T. ) ;
#1425 = ORIENTED_EDGE ( 'NONE', *, *, #1833, .T. ) ;
#1426 = DIRECTION ( 'NONE',  ( 0.000000000000000000, -0.000000000000000000, -1.000000000000000000 ) ) ;
#1427 = ADVANCED_FACE ( 'NONE', ( #748 ), #1880, .T. ) ;
#1428 = SURFACE_SIDE_STYLE ('',( #336 ) ) ;
#1429 = ORIENTED_EDGE ( 'NONE', *, *, #751, .F. ) ;
#1430 = DIRECTION ( 'NONE',  ( 0.000000000000000000, -0.000000000000000000, 1.000000000000000000 ) ) ;
#1431 = FACE_OUTER_BOUND ( 'NONE', #1462, .T. ) ;
#1432 = DIRECTION ( 'NONE',  ( 1.000000000000000000, 0.000000000000000000, 0.000000000000000000 ) ) ;
#1433 = DIRECTION ( 'NONE',  ( 0.000000000000000000, 0.000000000000000000, 1.000000000000000000 ) ) ;
#1434 = EDGE_LOOP ( 'NONE', ( #1894, #2023, #1838, #1285 ) ) ;
#1435 = ORIENTED_EDGE ( 'NONE', *, *, #1658, .F. ) ;
#1436 = CARTESIAN_POINT ( 'NONE',  ( 0.000000000000000000, 0.000000000000000000, 0.000000000000000000 ) ) ;
#1437 = VERTEX_POINT ( 'NONE', #1111 ) ;
#1438 = EDGE_CURVE ( 'NONE', #64, #1437, #1489, .T. ) ;
#1439 = DIRECTION ( 'NONE',  ( 2.115516434118057709E-16, -1.000000000000000000, 0.000000000000000000 ) ) ;
#1440 = LINE ( 'NONE', #1300, #525 ) ;
#1441 = AXIS2_PLACEMENT_3D ( 'NONE', #1309, #1775, #351 ) ;
#1442 = VECTOR ( 'NONE', #297, 1000.000000000000000 ) ;
#1443 = VECTOR ( 'NONE', #37, 1000.000000000000000 ) ;
#1444 = DIRECTION ( 'NONE',  ( 1.057758217059028854E-16, 1.000000000000000000, 0.000000000000000000 ) ) ;
#1445 = VECTOR ( 'NONE', #672, 1000.000000000000000 ) ;
#1446 = VERTEX_POINT ( 'NONE', #940 ) ;
#1447 = VERTEX_POINT ( 'NONE', #1939 ) ;
#1448 = DIRECTION ( 'NONE',  ( -0.000000000000000000, -0.000000000000000000, 1.000000000000000000 ) ) ;
#1449 = ORIENTED_EDGE ( 'NONE', *, *, #78, .F. ) ;
#1450 = VECTOR ( 'NONE', #614, 1000.000000000000000 ) ;
#1451 = CARTESIAN_POINT ( 'NONE',  ( 0.5999999999999998668, 2.049999999999999378, 0.000000000000000000 ) ) ;
#1452 = DIRECTION ( 'NONE',  ( -1.057758217059028854E-16, -1.000000000000000000, 0.000000000000000000 ) ) ;
#1453 = EDGE_LOOP ( 'NONE', ( #1704, #1425, #251, #355 ) ) ;
#1454 = CONICAL_SURFACE ( 'NONE', #1720, 0.1733333333333330617, 0.7853981633974439491 ) ;
#1455 = FACE_OUTER_BOUND ( 'NONE', #269, .T. ) ;
#1456 = ITEM_DEFINED_TRANSFORMATION ( 'NONE', 'NONE', #1289,  #564 ) ;
#1457 = EDGE_CURVE ( 'NONE', #965, #1632, #522, .T. ) ;
#1458 = ORIENTED_EDGE ( 'NONE', *, *, #886, .F. ) ;
#1459 = EDGE_LOOP ( 'NONE', ( #1321, #804, #1231, #839 ) ) ;
#1460 = AXIS2_PLACEMENT_3D ( 'NONE', #1358, #1339, #1320 ) ;
#1461 = FILL_AREA_STYLE ('',( #190 ) ) ;
#1462 = EDGE_LOOP ( 'NONE', ( #727, #1760, #737, #1167 ) ) ;
#1463 = CARTESIAN_POINT ( 'NONE',  ( -1.950000000000000622, -1.776666666666666394, -0.1000000000000000056 ) ) ;
#1464 = LINE ( 'NONE', #1788, #356 ) ;
#1465 = DIRECTION ( 'NONE',  ( 0.000000000000000000, 1.000000000000000000, 0.000000000000000000 ) ) ;
#1466 = DIRECTION ( 'NONE',  ( -1.057758217059028854E-16, -1.000000000000000000, 0.000000000000000000 ) ) ;
#1467 = SHAPE_DEFINITION_REPRESENTATION ( #1637, #1371 ) ;
#1468 = ORIENTED_EDGE ( 'NONE', *, *, #774, .T. ) ;
#1469 = ADVANCED_FACE ( 'NONE', ( #1640 ), #596, .T. ) ;
#1470 = VERTEX_POINT ( 'NONE', #62 ) ;
#1471 = CARTESIAN_POINT ( 'NONE',  ( -0.5016666666666665941, -1.949999999999999067, 0.1000000000000000056 ) ) ;
#1472 = ORIENTED_EDGE ( 'NONE', *, *, #1988, .F. ) ;
#1473 = DIRECTION ( 'NONE',  ( 1.586637325588543158E-16, 1.000000000000000000, 0.000000000000000000 ) ) ;
#1474 = PLANE ( 'NONE',  #221 ) ;
#1475 = FACE_OUTER_BOUND ( 'NONE', #1824, .T. ) ;
#1476 = DIRECTION ( 'NONE',  ( -0.7071067811865439090, 0.000000000000000000, -0.7071067811865512365 ) ) ;
#1477 = CONTEXT_DEPENDENT_SHAPE_REPRESENTATION ( #111, #1795 ) ;
#1478 = VECTOR ( 'NONE', #1408, 1000.000000000000000 ) ;
#1479 = ORIENTED_EDGE ( 'NONE', *, *, #825, .T. ) ;
#1480 = AXIS2_PLACEMENT_3D ( 'NONE', #1513, #1046, #76 ) ;
#1481 = VECTOR ( 'NONE', #1567, 1000.000000000000000 ) ;
#1482 = ORIENTED_EDGE ( 'NONE', *, *, #31, .T. ) ;
#1483 = PLANE ( 'NONE',  #395 ) ;
#1484 = ADVANCED_FACE ( 'NONE', ( #1957 ), #206, .F. ) ;
#1485 = CARTESIAN_POINT ( 'NONE',  ( -1.949999999999999512, -1.776666666666666394, -0.1000000000000000056 ) ) ;
#1486 = CARTESIAN_POINT ( 'NONE',  ( 1.776666666666667282, -2.049999999999999822, 1.078588531933030785E-15 ) ) ;
#1487 = VECTOR ( 'NONE', #783, 1000.000000000000000 ) ;
#1488 = DIRECTION ( 'NONE',  ( 0.000000000000000000, 0.000000000000000000, -1.000000000000000000 ) ) ;
#1489 = LINE ( 'NONE', #375, #492 ) ;
#1490 = EDGE_LOOP ( 'NONE', ( #1594, #645, #664, #830 ) ) ;
#1491 = VERTEX_POINT ( 'NONE', #1630 ) ;
#1492 = EDGE_CURVE ( 'NONE', #334, #301, #196, .T. ) ;
#1493 = DIRECTION ( 'NONE',  ( 0.000000000000000000, 0.000000000000000000, -1.000000000000000000 ) ) ;
#1494 = EDGE_CURVE ( 'NONE', #1418, #1447, #2006, .T. ) ;
#1495 = DIRECTION ( 'NONE',  ( 0.000000000000000000, 0.000000000000000000, -1.000000000000000000 ) ) ;
#1496 = AXIS2_PLACEMENT_3D ( 'NONE', #1101, #1540, #609 ) ;
#1497 = CIRCLE ( 'NONE', #397, 0.1913333333333337161 ) ;
#1498 = CARTESIAN_POINT ( 'NONE',  ( -0.7733333333333333171, 1.776666666666665950, 0.000000000000000000 ) ) ;
#1499 = CYLINDRICAL_SURFACE ( 'NONE', #119, 0.09999999999999999167 ) ;
#1500 = ORIENTED_EDGE ( 'NONE', *, *, #1269, .F. ) ;
#1501 = LINE ( 'NONE', #1364, #1779 ) ;
#1502 = CARTESIAN_POINT ( 'NONE',  ( 1.776666666666667282, -1.776666666666666394, 1.084202172485504434E-15 ) ) ;
#1503 = PRODUCT_DEFINITION ( 'UNKNOWN', '', #2004, #1527 ) ;
#1504 = DIRECTION ( 'NONE',  ( 1.000000000000000000, 0.000000000000000000, 0.000000000000000000 ) ) ;
#1505 = EDGE_CURVE ( 'NONE', #955, #318, #1892, .T. ) ;
#1506 = CARTESIAN_POINT ( 'NONE',  ( 0.7733333333333324289, -1.776666666666666394, 0.000000000000000000 ) ) ;
#1507 = PLANE ( 'NONE',  #831 ) ;
#1508 = ORIENTED_EDGE ( 'NONE', *, *, #1505, .T. ) ;
#1509 = CIRCLE ( 'NONE', #1571, 0.1733333333333332837 ) ;
#1510 = VERTEX_POINT ( 'NONE', #846 ) ;
#1511 = STYLED_ITEM ( 'NONE', ( #973 ), #1068 ) ;
#1512 = FACE_OUTER_BOUND ( 'NONE', #1913, .T. ) ;
#1513 = CARTESIAN_POINT ( 'NONE',  ( -0.5016666666666670382, 1.776666666666667060, 0.1000000000000000056 ) ) ;
#1514 =( NAMED_UNIT ( * ) PLANE_ANGLE_UNIT ( ) SI_UNIT ( $, .RADIAN. ) );
#1515 = EDGE_CURVE ( 'NONE', #1995, #334, #537, .T. ) ;
#1516 = CARTESIAN_POINT ( 'NONE',  ( 0.7733333333333324289, -1.949999999999999734, 0.000000000000000000 ) ) ;
#1517 = CARTESIAN_POINT ( 'NONE',  ( 2.049999999999999378, -1.949999999999999734, -0.000000000000000000 ) ) ;
#1518 = VECTOR ( 'NONE', #1039, 1000.000000000000000 ) ;
#1519 = ORIENTED_EDGE ( 'NONE', *, *, #1045, .F. ) ;
#1520 = VERTEX_POINT ( 'NONE', #215 ) ;
#1521 = EDGE_CURVE ( 'NONE', #726, #1568, #732, .T. ) ;
#1522 = ORIENTED_EDGE ( 'NONE', *, *, #67, .F. ) ;
#1523 = VECTOR ( 'NONE', #1965, 1000.000000000000000 ) ;
#1524 = CARTESIAN_POINT ( 'NONE',  ( -1.776666666666666838, 2.049999999999999378, 1.317999999999999616 ) ) ;
#1525 = CARTESIAN_POINT ( 'NONE',  ( 0.8746162547646717522, -2.049999999999999822, 9.894800070985106781E-16 ) ) ;
#1526 = AXIS2_PLACEMENT_3D ( 'NONE', #1502, #232, #1035 ) ;
#1527 = PRODUCT_DEFINITION_CONTEXT ( 'detailed design', #264, 'design' ) ;
#1528 = CARTESIAN_POINT ( 'NONE',  ( -0.7733333333333337611, -1.776666666666666394, 0.000000000000000000 ) ) ;
#1529 = DIRECTION ( 'NONE',  ( -1.000000000000000000, 1.586637325588543651E-16, 0.000000000000000000 ) ) ;
#1530 = EDGE_CURVE ( 'NONE', #1205, #1113, #1739, .T. ) ;
#1531 = FACE_OUTER_BOUND ( 'NONE', #1143, .T. ) ;
#1532 = VERTEX_POINT ( 'NONE', #42 ) ;
#1533 = EDGE_CURVE ( 'NONE', #848, #1337, #637, .T. ) ;
#1534 = CARTESIAN_POINT ( 'NONE',  ( 1.949999999999999734, 2.049999999999999378, 0.000000000000000000 ) ) ;
#1535 = LINE ( 'NONE', #123, #553 ) ;
#1536 = PLANE ( 'NONE',  #1240 ) ;
#1537 = FACE_OUTER_BOUND ( 'NONE', #1186, .T. ) ;
#1538 = CARTESIAN_POINT ( 'NONE',  ( 1.776666666666666394, 1.967999999999999750, 1.399999999999999911 ) ) ;
#1539 = ORIENTED_EDGE ( 'NONE', *, *, #2025, .F. ) ;
#1540 = DIRECTION ( 'NONE',  ( 0.000000000000000000, 0.000000000000000000, -1.000000000000000000 ) ) ;
#1541 = EDGE_CURVE ( 'NONE', #560, #2026, #701, .T. ) ;
#1542 = AXIS2_PLACEMENT_3D ( 'NONE', #1735, #1558, #299 ) ;
#1543 = CARTESIAN_POINT ( 'NONE',  ( -0.5016666666666670382, 1.776666666666667060, 0.1000000000000000056 ) ) ;
#1544 = LINE ( 'NONE', #148, #211 ) ;
#1545 = CYLINDRICAL_SURFACE ( 'NONE', #1542, 0.1733333333333332837 ) ;
#1546 = ORIENTED_EDGE ( 'NONE', *, *, #1658, .T. ) ;
#1547 = VECTOR ( 'NONE', #795, 1000.000000000000000 ) ;
#1548 = ORIENTED_EDGE ( 'NONE', *, *, #728, .T. ) ;
#1549 = CARTESIAN_POINT ( 'NONE',  ( 0.7733333333333324289, -1.776666666666666394, -0.02928932188134554873 ) ) ;
#1550 = EDGE_CURVE ( 'NONE', #1758, #1920, #953, .T. ) ;
#1551 = AXIS2_PLACEMENT_3D ( 'NONE', #1549, #104, #624 ) ;
#1552 = CARTESIAN_POINT ( 'NONE',  ( -1.950000000000000622, -1.776666666666666394, 0.000000000000000000 ) ) ;
#1553 = VERTEX_POINT ( 'NONE', #1580 ) ;
#1554 = EDGE_CURVE ( 'NONE', #1632, #1930, #5, .T. ) ;
#1555 = EDGE_CURVE ( 'NONE', #1447, #1940, #1226, .T. ) ;
#1556 = LINE ( 'NONE', #1246, #108 ) ;
#1557 = DIRECTION ( 'NONE',  ( -1.000000000000000000, 0.000000000000000000, 0.000000000000000000 ) ) ;
#1558 = DIRECTION ( 'NONE',  ( 0.000000000000000000, 0.000000000000000000, -1.000000000000000000 ) ) ;
#1559 = ORIENTED_EDGE ( 'NONE', *, *, #824, .F. ) ;
#1560 = VERTEX_POINT ( 'NONE', #354 ) ;
#1561 = LINE ( 'NONE', #1534, #863 ) ;
#1562 = DIRECTION ( 'NONE',  ( -1.000000000000000000, 0.000000000000000000, 0.000000000000000000 ) ) ;
#1563 = ORIENTED_EDGE ( 'NONE', *, *, #847, .T. ) ;
#1564 = CARTESIAN_POINT ( 'NONE',  ( -0.6749999999999999334, -1.776666666666665950, 0.000000000000000000 ) ) ;
#1565 = CARTESIAN_POINT ( 'NONE',  ( -2.050000000000000266, 2.049999999999999378, 0.000000000000000000 ) ) ;
#1566 = ADVANCED_FACE ( 'NONE', ( #1008 ), #1313, .T. ) ;
#1567 = DIRECTION ( 'NONE',  ( -0.000000000000000000, -0.000000000000000000, -1.000000000000000000 ) ) ;
#1568 = VERTEX_POINT ( 'NONE', #228 ) ;
#1569 = ORIENTED_EDGE ( 'NONE', *, *, #1682, .F. ) ;
#1570 = CARTESIAN_POINT ( 'NONE',  ( 0.5016666666666664831, 1.776666666666667060, 0.1000000000000000056 ) ) ;
#1571 = AXIS2_PLACEMENT_3D ( 'NONE', #2019, #1700, #1862 ) ;
#1572 = DIRECTION ( 'NONE',  ( 0.000000000000000000, 0.000000000000000000, -1.000000000000000000 ) ) ;
#1573 = VERTEX_POINT ( 'NONE', #1344 ) ;
#1574 = AXIS2_PLACEMENT_3D ( 'NONE', #346, #159, #1267 ) ;
#1575 = CARTESIAN_POINT ( 'NONE',  ( 0.000000000000000000, 0.000000000000000000, 0.000000000000000000 ) ) ;
#1576 = CARTESIAN_POINT ( 'NONE',  ( 0.7733333333333330950, 1.949999999999999289, -0.1000000000000000056 ) ) ;
#1577 = DIRECTION ( 'NONE',  ( 1.057758217059028854E-16, 1.000000000000000000, 0.000000000000000000 ) ) ;
#1578 = ORIENTED_EDGE ( 'NONE', *, *, #1269, .T. ) ;
#1579 = ORIENTED_EDGE ( 'NONE', *, *, #335, .F. ) ;
#1580 = CARTESIAN_POINT ( 'NONE',  ( 0.5292893218813460310, 1.776666666666665950, -0.02928932188134542730 ) ) ;
#1581 = AXIS2_PLACEMENT_3D ( 'NONE', #235, #1209, #713 ) ;
#1582 = CARTESIAN_POINT ( 'NONE',  ( -1.776666666666666838, 1.776666666666665950, 1.399999999999999911 ) ) ;
#1583 = EDGE_LOOP ( 'NONE', ( #1696, #436, #1975, #121 ) ) ;
#1584 = AXIS2_PLACEMENT_3D ( 'NONE', #1570, #1793, #1837 ) ;
#1585 = DIRECTION ( 'NONE',  ( 1.000000000000000000, 0.000000000000000000, 0.000000000000000000 ) ) ;
#1586 =( NAMED_UNIT ( * ) PLANE_ANGLE_UNIT ( ) SI_UNIT ( $, .RADIAN. ) );
#1587 = CARTESIAN_POINT ( 'NONE',  ( -1.968000000000000638, -1.776666666666666394, 1.399999999999999911 ) ) ;
#1588 = FILL_AREA_STYLE ('',( #1919 ) ) ;
#1589 = ORIENTED_EDGE ( 'NONE', *, *, #1036, .F. ) ;
#1590 = ADVANCED_FACE ( 'NONE', ( #72 ), #1499, .F. ) ;
#1591 = ORIENTED_EDGE ( 'NONE', *, *, #1414, .T. ) ;
#1592 = ADVANCED_FACE ( 'NONE', ( #906 ), #1166, .T. ) ;
#1593 = CARTESIAN_POINT ( 'NONE',  ( 0.7733333333333328730, 2.020710678118653014, -0.02928932188134550710 ) ) ;
#1594 = ORIENTED_EDGE ( 'NONE', *, *, #1505, .F. ) ;
#1595 = LINE ( 'NONE', #834, #1994 ) ;
#1596 = CARTESIAN_POINT ( 'NONE',  ( 1.776666666666666394, 2.049999999999999378, 1.084202172485504434E-15 ) ) ;
#1597 = LINE ( 'NONE', #1282, #1445 ) ;
#1598 = EDGE_LOOP ( 'NONE', ( #1479, #654, #1295, #1393, #450, #1785, #103, #647 ) ) ;
#1599 = ORIENTED_EDGE ( 'NONE', *, *, #1555, .F. ) ;
#1600 =( NAMED_UNIT ( * ) PLANE_ANGLE_UNIT ( ) SI_UNIT ( $, .RADIAN. ) );
#1601 = ORIENTED_EDGE ( 'NONE', *, *, #1354, .F. ) ;
#1602 = EDGE_CURVE ( 'NONE', #1403, #218, #361, .T. ) ;
#1603 = CARTESIAN_POINT ( 'NONE',  ( 0.5292893218813455869, -1.776666666666666394, -0.02928932188134559036 ) ) ;
#1604 = DIRECTION ( 'NONE',  ( 0.000000000000000000, 0.000000000000000000, -1.000000000000000000 ) ) ;
#1605 = CIRCLE ( 'NONE', #1316, 0.1733333333333332837 ) ;
#1606 = AXIS2_PLACEMENT_3D ( 'NONE', #1278, #975, #967 ) ;
#1607 = VECTOR ( 'NONE', #1893, 1000.000000000000000 ) ;
#1608 = DIRECTION ( 'NONE',  ( 1.057758217059028854E-16, 1.000000000000000000, 0.000000000000000000 ) ) ;
#1609 = CIRCLE ( 'NONE', #381, 0.2733333333333333171 ) ;
#1610 = ORIENTED_EDGE ( 'NONE', *, *, #447, .F. ) ;
#1611 = ORIENTED_EDGE ( 'NONE', *, *, #310, .T. ) ;
#1612 = DIRECTION ( 'NONE',  ( 0.000000000000000000, -0.000000000000000000, -1.000000000000000000 ) ) ;
#1613 = ORIENTED_EDGE ( 'NONE', *, *, #1771, .F. ) ;
#1614 = VECTOR ( 'NONE', #1627, 1000.000000000000000 ) ;
#1615 = DIRECTION ( 'NONE',  ( -1.000000000000000000, 0.000000000000000000, 0.000000000000000000 ) ) ;
#1616 = FACE_OUTER_BOUND ( 'NONE', #801, .T. ) ;
#1617 = EDGE_CURVE ( 'NONE', #1446, #675, #1381, .T. ) ;
#1618 = EDGE_CURVE ( 'NONE', #1176, #301, #1820, .T. ) ;
#1619 = VECTOR ( 'NONE', #463, 1000.000000000000000 ) ;
#1620 = FACE_OUTER_BOUND ( 'NONE', #1490, .T. ) ;
#1621 = DIRECTION ( 'NONE',  ( 1.586637325588543158E-16, 1.000000000000000000, 0.000000000000000000 ) ) ;
#1622 = EDGE_LOOP ( 'NONE', ( #131, #899, #1728, #1079 ) ) ;
#1623 = VERTEX_POINT ( 'NONE', #1362 ) ;
#1624 = LINE ( 'NONE', #482, #231 ) ;
#1625 = ORIENTED_EDGE ( 'NONE', *, *, #1122, .T. ) ;
#1626 = LINE ( 'NONE', #484, #1347 ) ;
#1627 = DIRECTION ( 'NONE',  ( -2.115516434118057709E-16, 1.000000000000000000, 0.000000000000000000 ) ) ;
#1628 = DIRECTION ( 'NONE',  ( 0.000000000000000000, -1.000000000000000000, 0.000000000000000000 ) ) ;
#1629 = EDGE_CURVE ( 'NONE', #922, #323, #1131, .T. ) ;
#1630 = CARTESIAN_POINT ( 'NONE',  ( -0.5016666666666671492, 1.950000000000000400, 0.1000000000000000056 ) ) ;
#1631 = ITEM_DEFINED_TRANSFORMATION ( 'NONE', 'NONE', #2036,  #564 ) ;
#1632 = VERTEX_POINT ( 'NONE', #1204 ) ;
#1633 = VERTEX_POINT ( 'NONE', #2002 ) ;
#1634 = EDGE_CURVE ( 'NONE', #840, #1363, #1974, .T. ) ;
#1635 = CARTESIAN_POINT ( 'NONE',  ( -0.7733333333333333171, 1.776666666666665950, -0.02928932188134554873 ) ) ;
#1636 = DIRECTION ( 'NONE',  ( -1.000000000000000000, 0.000000000000000000, 0.000000000000000000 ) ) ;
#1637 = PRODUCT_DEFINITION_SHAPE ( 'NONE', 'NONE',  #862 ) ;
#1638 = CARTESIAN_POINT ( 'NONE',  ( 0.5999999999999998668, 1.776666666666665950, 0.000000000000000000 ) ) ;
#1639 = DIRECTION ( 'NONE',  ( 0.000000000000000000, -0.000000000000000000, -1.000000000000000000 ) ) ;
#1640 = FACE_OUTER_BOUND ( 'NONE', #1277, .T. ) ;
#1641 = DIRECTION ( 'NONE',  ( 0.000000000000000000, 0.000000000000000000, 1.000000000000000000 ) ) ;
#1642 = AXIS2_PLACEMENT_3D ( 'NONE', #1713, #782, #1420 ) ;
#1643 = EDGE_CURVE ( 'NONE', #1568, #270, #247, .T. ) ;
#1644 = ORIENTED_EDGE ( 'NONE', *, *, #535, .F. ) ;
#1645 = AXIS2_PLACEMENT_3D ( 'NONE', #1411, #139, #797 ) ;
#1646 = VERTEX_POINT ( 'NONE', #1183 ) ;
#1647 = ADVANCED_FACE ( 'NONE', ( #1537 ), #1219, .T. ) ;
#1648 = CARTESIAN_POINT ( 'NONE',  ( -1.776666666666666838, 1.776666666666665950, -0.1000000000000000056 ) ) ;
#1649 = CARTESIAN_POINT ( 'NONE',  ( 0.8773803067408451062, 2.049999999999999822, 9.931726004352684500E-16 ) ) ;
#1650 = DIRECTION ( 'NONE',  ( 0.000000000000000000, 0.000000000000000000, -1.000000000000000000 ) ) ;
#1651 = STYLED_ITEM ( 'NONE', ( #1133 ), #571 ) ;
#1652 = DIRECTION ( 'NONE',  ( -0.000000000000000000, 0.000000000000000000, 1.000000000000000000 ) ) ;
#1653 = DIRECTION ( 'NONE',  ( 0.7071067811865439090, 0.000000000000000000, -0.7071067811865512365 ) ) ;
#1654 = DIRECTION ( 'NONE',  ( 1.000000000000000000, 0.000000000000000000, 0.000000000000000000 ) ) ;
#1655 = VERTEX_POINT ( 'NONE', #410 ) ;
#1656 = CONICAL_SURFACE ( 'NONE', #566, 0.1733333333333330617, 0.7853981633974439491 ) ;
#1657 = DIRECTION ( 'NONE',  ( -0.000000000000000000, 0.000000000000000000, -1.000000000000000000 ) ) ;
#1658 = EDGE_CURVE ( 'NONE', #1520, #16, #268, .T. ) ;
#1659 = AXIS2_PLACEMENT_3D ( 'NONE', #1635, #1661, #86 ) ;
#1660 = ADVANCED_FACE ( 'NONE', ( #1829 ), #1454, .T. ) ;
#1661 = DIRECTION ( 'NONE',  ( 0.000000000000000000, -0.000000000000000000, -1.000000000000000000 ) ) ;
#1662 = LINE ( 'NONE', #1835, #551 ) ;
#1663 = CARTESIAN_POINT ( 'NONE',  ( -0.5000000000000004441, -1.776666666666666394, 1.084202172485504040E-15 ) ) ;
#1664 = DIRECTION ( 'NONE',  ( 1.000000000000000000, 0.000000000000000000, 0.000000000000000000 ) ) ;
#1665 = ORIENTED_EDGE ( 'NONE', *, *, #825, .F. ) ;
#1666 = VERTEX_POINT ( 'NONE', #107 ) ;
#1667 = DIRECTION ( 'NONE',  ( 0.000000000000000000, 0.000000000000000000, -1.000000000000000000 ) ) ;
#1668 = CARTESIAN_POINT ( 'NONE',  ( -0.6696386631640484088, -2.049999999999999822, -4.658681209898651865E-18 ) ) ;
#1669 = ADVANCED_FACE ( 'NONE', ( #1671 ), #1507, .T. ) ;
#1670 = CARTESIAN_POINT ( 'NONE',  ( -0.8250340571146113078, 2.049999999999999378, -0.009010199065917103359 ) ) ;
#1671 = FACE_OUTER_BOUND ( 'NONE', #1250, .T. ) ;
#1672 = ORIENTED_EDGE ( 'NONE', *, *, #296, .F. ) ;
#1673 = DIRECTION ( 'NONE',  ( -1.000000000000000000, 0.000000000000000000, 0.000000000000000000 ) ) ;
#1674 = AXIS2_PLACEMENT_3D ( 'NONE', #1086, #1392, #926 ) ;
#1675 = CONICAL_SURFACE ( 'NONE', #348, 0.1913333333333337161, 0.7853981633974428389 ) ;
#1676 = DIRECTION ( 'NONE',  ( -1.000000000000000000, 0.000000000000000000, 0.000000000000000000 ) ) ;
#1677 = B_SPLINE_CURVE_WITH_KNOTS ( 'NONE', 3,
 ( #363, #856, #1005, #1279 ),
 .UNSPECIFIED., .F., .F.,
 ( 4, 4 ),
 ( -3.715578841217037218E-06, 0.0001598237760615729057 ),
 .UNSPECIFIED. ) ;
#1678 = CARTESIAN_POINT ( 'NONE',  ( -1.776666666666666838, 1.776666666666665950, 1.317999999999999616 ) ) ;
#1679 = DIRECTION ( 'NONE',  ( -0.000000000000000000, 0.000000000000000000, 1.000000000000000000 ) ) ;
#1680 = PRODUCT_RELATED_PRODUCT_CATEGORY ( 'part', '', ( #1916 ) ) ;
#1681 = DIRECTION ( 'NONE',  ( -0.000000000000000000, 0.000000000000000000, 1.000000000000000000 ) ) ;
#1682 = EDGE_CURVE ( 'NONE', #56, #989, #1095, .T. ) ;
#1683 = DIRECTION ( 'NONE',  ( 0.000000000000000000, 0.000000000000000000, 1.000000000000000000 ) ) ;
#1684 = LINE ( 'NONE', #493, #1443 ) ;
#1685 = ORIENTED_EDGE ( 'NONE', *, *, #2040, .F. ) ;
#1686 = ORIENTED_EDGE ( 'NONE', *, *, #1074, .F. ) ;
#1687 = AXIS2_PLACEMENT_3D ( 'NONE', #765, #116, #1887 ) ;
#1688 = CONICAL_SURFACE ( 'NONE', #1421, 0.1913333333333337161, 0.7853981633974428389 ) ;
#1689 = FACE_OUTER_BOUND ( 'NONE', #633, .T. ) ;
#1690 = DIRECTION ( 'NONE',  ( 0.000000000000000000, -0.000000000000000000, -1.000000000000000000 ) ) ;
#1691 = CARTESIAN_POINT ( 'NONE',  ( -1.776666666666666394, -1.776666666666666394, 1.399999999999999911 ) ) ;
#1692 = PLANE ( 'NONE',  #881 ) ;
#1693 = DIRECTION ( 'NONE',  ( 0.000000000000000000, -0.000000000000000000, -1.000000000000000000 ) ) ;
#1694 = ADVANCED_FACE ( 'NONE', ( #402 ), #1791, .T. ) ;
#1695 = ORIENTED_EDGE ( 'NONE', *, *, #233, .T. ) ;
#1696 = ORIENTED_EDGE ( 'NONE', *, *, #1602, .F. ) ;
#1697 = EDGE_CURVE ( 'NONE', #323, #860, #579, .T. ) ;
#1698 = CARTESIAN_POINT ( 'NONE',  ( -0.7733333333333333171, 1.949999999999999289, 0.000000000000000000 ) ) ;
#1699 = FACE_OUTER_BOUND ( 'NONE', #385, .T. ) ;
#1700 = DIRECTION ( 'NONE',  ( 0.000000000000000000, -0.000000000000000000, -1.000000000000000000 ) ) ;
#1701 = DIRECTION ( 'NONE',  ( 0.000000000000000000, 0.000000000000000000, -1.000000000000000000 ) ) ;
#1702 = DIRECTION ( 'NONE',  ( -1.057758217059028854E-16, -1.000000000000000000, 0.000000000000000000 ) ) ;
#1703 = EDGE_LOOP ( 'NONE', ( #483, #1890, #708, #457 ) ) ;
#1704 = ORIENTED_EDGE ( 'NONE', *, *, #1790, .F. ) ;
#1705 = VECTOR ( 'NONE', #254, 1000.000000000000000 ) ;
#1706 = EDGE_CURVE ( 'NONE', #202, #560, #1211, .T. ) ;
#1707 = LINE ( 'NONE', #903, #796 ) ;
#1708 = EDGE_CURVE ( 'NONE', #1879, #1221, #806, .T. ) ;
#1709 = AXIS2_PLACEMENT_3D ( 'NONE', #1731, #133, #1396 ) ;
#1710 = AXIS2_PLACEMENT_3D ( 'NONE', #1301, #1628, #651 ) ;
#1711 = CARTESIAN_POINT ( 'NONE',  ( -1.950000000000000178, 1.776666666666665950, 0.000000000000000000 ) ) ;
#1712 = ORIENTED_EDGE ( 'NONE', *, *, #948, .F. ) ;
#1713 = CARTESIAN_POINT ( 'NONE',  ( 0.7733333333333330950, 1.776666666666665950, -0.1000000000000000056 ) ) ;
#1714 = DIRECTION ( 'NONE',  ( 0.000000000000000000, -0.000000000000000000, -1.000000000000000000 ) ) ;
#1715 = LINE ( 'NONE', #1864, #514 ) ;
#1716 = ORIENTED_EDGE ( 'NONE', *, *, #911, .F. ) ;
#1717 = AXIS2_PLACEMENT_3D ( 'NONE', #1917, #1907, #339 ) ;
#1718 = ORIENTED_EDGE ( 'NONE', *, *, #1908, .F. ) ;
#1719 = FACE_OUTER_BOUND ( 'NONE', #1415, .T. ) ;
#1720 = AXIS2_PLACEMENT_3D ( 'NONE', #1847, #81, #897 ) ;
#1721 = EDGE_CURVE ( 'NONE', #1098, #1127, #1419, .T. ) ;
#1722 = ADVANCED_FACE ( 'NONE', ( #1271 ), #1688, .T. ) ;
#1723 = CARTESIAN_POINT ( 'NONE',  ( 0.6172583401550524318, -2.049999999999999822, 0.000000000000000000 ) ) ;
#1724 = ORIENTED_EDGE ( 'NONE', *, *, #1697, .T. ) ;
#1725 = DIRECTION ( 'NONE',  ( -0.000000000000000000, 0.000000000000000000, 1.000000000000000000 ) ) ;
#1726 = FILL_AREA_STYLE_COLOUR ( '', #1328 ) ;
#1727 = CARTESIAN_POINT ( 'NONE',  ( -0.4585786437626913625, 1.776666666666665950, 0.000000000000000000 ) ) ;
#1728 = ORIENTED_EDGE ( 'NONE', *, *, #995, .F. ) ;
#1729 = ORIENTED_EDGE ( 'NONE', *, *, #948, .T. ) ;
#1730 = DIRECTION ( 'NONE',  ( -0.000000000000000000, 0.000000000000000000, 1.000000000000000000 ) ) ;
#1731 = CARTESIAN_POINT ( 'NONE',  ( 1.776666666666666394, 1.776666666666665950, 1.399999999999999911 ) ) ;
#1732 = VERTEX_POINT ( 'NONE', #1422 ) ;
#1733 = DIRECTION ( 'NONE',  ( -0.000000000000000000, 0.000000000000000000, 1.000000000000000000 ) ) ;
#1734 = DIRECTION ( 'NONE',  ( -1.000000000000000000, 0.000000000000000000, 0.000000000000000000 ) ) ;
#1735 = CARTESIAN_POINT ( 'NONE',  ( 1.776666666666665950, -1.776666666666666394, -0.1000000000000000056 ) ) ;
#1736 =( NAMED_UNIT ( * ) PLANE_ANGLE_UNIT ( ) SI_UNIT ( $, .RADIAN. ) );
#1737 = ORIENTED_EDGE ( 'NONE', *, *, #605, .T. ) ;
#1738 = ORIENTED_EDGE ( 'NONE', *, *, #398, .T. ) ;
#1739 = LINE ( 'NONE', #303, #156 ) ;
#1740 = AXIS2_PLACEMENT_3D ( 'NONE', #944, #18, #170 ) ;
#1741 = ORIENTED_EDGE ( 'NONE', *, *, #459, .F. ) ;
#1742 = VECTOR ( 'NONE', #1746, 1000.000000000000000 ) ;
#1743 = CARTESIAN_POINT ( 'NONE',  ( 2.049999999999999378, -1.949999999999999734, -0.1000000000000000056 ) ) ;
#1744 = CARTESIAN_POINT ( 'NONE',  ( -1.776666666666666394, -1.776666666666666394, 1.399999999999999911 ) ) ;
#1745 = EDGE_CURVE ( 'NONE', #778, #757, #1897, .T. ) ;
#1746 = DIRECTION ( 'NONE',  ( -8.340016711426958986E-17, 1.000000000000000000, -0.000000000000000000 ) ) ;
#1747 =( NAMED_UNIT ( * ) SI_UNIT ( $, .STERADIAN. ) SOLID_ANGLE_UNIT ( ) );
#1748 = ORIENTED_EDGE ( 'NONE', *, *, #809, .T. ) ;
#1749 = VERTEX_POINT ( 'NONE', #1863 ) ;
#1750 = VECTOR ( 'NONE', #50, 1000.000000000000000 ) ;
#1751 = DIRECTION ( 'NONE',  ( -1.000000000000000000, 0.000000000000000000, 0.000000000000000000 ) ) ;
#1752 = VERTEX_POINT ( 'NONE', #1390 ) ;
#1753 = AXIS2_PLACEMENT_3D ( 'NONE', #791, #1730, #468 ) ;
#1754 = CARTESIAN_POINT ( 'NONE',  ( 2.049999999999999378, -1.949999999999999734, -0.1000000000000000056 ) ) ;
#1755 = PLANE ( 'NONE',  #1023 ) ;
#1756 = CARTESIAN_POINT ( 'NONE',  ( 0.7733333333333328730, 1.776666666666665950, -0.1000000000000000056 ) ) ;
#1757 = CARTESIAN_POINT ( 'NONE',  ( 0.000000000000000000, 0.000000000000000000, 0.000000000000000000 ) ) ;
#1758 = VERTEX_POINT ( 'NONE', #925 ) ;
#1759 = CONICAL_SURFACE ( 'NONE', #199, 0.1733333333333330617, 0.7853981633974439491 ) ;
#1760 = ORIENTED_EDGE ( 'NONE', *, *, #1354, .T. ) ;
#1761 = VECTOR ( 'NONE', #1224, 1000.000000000000000 ) ;
#1762 = ADVANCED_FACE ( 'NONE', ( #1431 ), #438, .F. ) ;
#1763 = CYLINDRICAL_SURFACE ( 'NONE', #723, 0.2733333333333333171 ) ;
#1764 = ORIENTED_EDGE ( 'NONE', *, *, #222, .T. ) ;
#1765 = DIRECTION ( 'NONE',  ( 0.000000000000000000, -0.000000000000000000, -1.000000000000000000 ) ) ;
#1766 = CARTESIAN_POINT ( 'NONE',  ( 0.5016666666666667052, -1.776666666666665950, 0.1000000000000000056 ) ) ;
#1767 = CARTESIAN_POINT ( 'NONE',  ( 0.9294083265116120929, 2.049999999999999378, 1.078588531933030785E-15 ) ) ;
#1768 = FILL_AREA_STYLE ('',( #2 ) ) ;
#1769 = ORIENTED_EDGE ( 'NONE', *, *, #1356, .F. ) ;
#1770 = EDGE_LOOP ( 'NONE', ( #1009, #580, #950, #768 ) ) ;
#1771 = EDGE_CURVE ( 'NONE', #64, #1532, #1059, .T. ) ;
#1772 = EDGE_CURVE ( 'NONE', #1930, #1152, #260, .T. ) ;
#1773 = DIRECTION ( 'NONE',  ( 1.000000000000000000, 0.000000000000000000, 0.000000000000000000 ) ) ;
#1774 = ORIENTED_EDGE ( 'NONE', *, *, #80, .F. ) ;
#1775 = DIRECTION ( 'NONE',  ( -1.000000000000000000, -2.115516434118057709E-16, 0.000000000000000000 ) ) ;
#1776 = DIRECTION ( 'NONE',  ( 0.000000000000000000, -0.7071067811865439090, -0.7071067811865512365 ) ) ;
#1777 = MANIFOLD_SOLID_BREP ( '\X2\570689d2\X0\4', #349 ) ;
#1778 = CARTESIAN_POINT ( 'NONE',  ( 1.776666666666667282, -1.776666666666666394, 1.399999999999999911 ) ) ;
#1779 = VECTOR ( 'NONE', #94, 1000.000000000000000 ) ;
#1780 = DIRECTION ( 'NONE',  ( -1.000000000000000000, 0.000000000000000000, 0.000000000000000000 ) ) ;
#1781 = EDGE_LOOP ( 'NONE', ( #943, #548, #1262, #403 ) ) ;
#1782 = ADVANCED_BREP_SHAPE_REPRESENTATION ( '', ( #1068, #564 ), #627 ) ;
#1783 = ORIENTED_EDGE ( 'NONE', *, *, #1554, .T. ) ;
#1784 = DIRECTION ( 'NONE',  ( -0.000000000000000000, 0.000000000000000000, 1.000000000000000000 ) ) ;
#1785 = ORIENTED_EDGE ( 'NONE', *, *, #784, .T. ) ;
#1786 = EDGE_CURVE ( 'NONE', #1510, #1752, #1398, .T. ) ;
#1787 = DIRECTION ( 'NONE',  ( 0.7071067811865512365, 1.495896016276470462E-16, 0.7071067811865439090 ) ) ;
#1788 = CARTESIAN_POINT ( 'NONE',  ( 1.949999999999999734, 2.049999999999999378, -0.1000000000000000056 ) ) ;
#1789 = VECTOR ( 'NONE', #1557, 1000.000000000000000 ) ;
#1790 = EDGE_CURVE ( 'NONE', #1152, #56, #429, .T. ) ;
#1791 = CONICAL_SURFACE ( 'NONE', #631, 0.1733333333333330617, 0.7853981633974439491 ) ;
#1792 = DIRECTION ( 'NONE',  ( -0.000000000000000000, 0.000000000000000000, -1.000000000000000000 ) ) ;
#1793 = DIRECTION ( 'NONE',  ( 0.000000000000000000, 0.000000000000000000, -1.000000000000000000 ) ) ;
#1794 = ORIENTED_EDGE ( 'NONE', *, *, #1182, .T. ) ;
#1795 = PRODUCT_DEFINITION_SHAPE ( 'NONE', 'NONE',  #2045 ) ;
#1796 = ORIENTED_EDGE ( 'NONE', *, *, #759, .F. ) ;
#1797 = DIRECTION ( 'NONE',  ( 1.000000000000000000, 0.000000000000000000, 0.000000000000000000 ) ) ;
#1798 = CARTESIAN_POINT ( 'NONE',  ( -0.8773803067408463274, -2.049999999999999822, 9.926961444024379061E-16 ) ) ;
#1799 = CARTESIAN_POINT ( 'NONE',  ( 0.000000000000000000, -1.968000000000000194, 1.399999999999999911 ) ) ;
#1800 = PRODUCT_DEFINITION_CONTEXT ( 'detailed design', #1854, 'design' ) ;
#1801 = CARTESIAN_POINT ( 'NONE',  ( 0.5016666666666664831, 1.950000000000000400, 0.1000000000000000056 ) ) ;
#1802 = EDGE_CURVE ( 'NONE', #1560, #611, #298, .T. ) ;
#1803 = CARTESIAN_POINT ( 'NONE',  ( -1.776666666666667282, -1.776666666666666394, -0.1000000000000000056 ) ) ;
#1804 = ORIENTED_EDGE ( 'NONE', *, *, #1883, .T. ) ;
#1805 = ORIENTED_EDGE ( 'NONE', *, *, #1515, .F. ) ;
#1806 = DIRECTION ( 'NONE',  ( 0.000000000000000000, -0.7071067811865504593, -0.7071067811865445751 ) ) ;
#1807 = CARTESIAN_POINT ( 'NONE',  ( 0.9294083265116120929, 2.049999999999999378, 1.078588531933030785E-15 ) ) ;
#1808 = CARTESIAN_POINT ( 'NONE',  ( -0.7733333333333333171, 2.020710678118653014, -0.02928932188134547240 ) ) ;
#1809 = DIRECTION ( 'NONE',  ( 0.000000000000000000, -0.000000000000000000, -1.000000000000000000 ) ) ;
#1810 = CIRCLE ( 'NONE', #947, 0.1733333333333332837 ) ;
#1811 = EDGE_LOOP ( 'NONE', ( #1986, #249, #347, #1338, #1625, #1185, #337, #1984 ) ) ;
#1812 = TOROIDAL_SURFACE ( 'NONE', #1243, 0.3147546895706420100, 0.1000000000000000056 ) ;
#1813 = EDGE_CURVE ( 'NONE', #1205, #1632, #2034, .T. ) ;
#1814 = CIRCLE ( 'NONE', #1191, 0.1000000000000000056 ) ;
#1815 = DIRECTION ( 'NONE',  ( 0.000000000000000000, -1.000000000000000000, 0.000000000000000000 ) ) ;
#1816 = DIRECTION ( 'NONE',  ( -0.000000000000000000, 0.000000000000000000, -1.000000000000000000 ) ) ;
#1817 = PLANE ( 'NONE',  #175 ) ;
#1818 = VECTOR ( 'NONE', #976, 1000.000000000000000 ) ;
#1819 = PLANE ( 'NONE',  #854 ) ;
#1820 = LINE ( 'NONE', #869, #1976 ) ;
#1821 =( LENGTH_UNIT ( ) NAMED_UNIT ( * ) SI_UNIT ( .MILLI., .METRE. ) );
#1822 = EDGE_LOOP ( 'NONE', ( #1867, #239, #1901, #1865 ) ) ;
#1823 = VECTOR ( 'NONE', #1476, 999.9999999999998863 ) ;
#1824 = EDGE_LOOP ( 'NONE', ( #1402, #697, #1712, #709 ) ) ;
#1825 = VECTOR ( 'NONE', #1816, 1000.000000000000000 ) ;
#1826 = LINE ( 'NONE', #1953, #1296 ) ;
#1827 = DIRECTION ( 'NONE',  ( 0.000000000000000000, -0.000000000000000000, -1.000000000000000000 ) ) ;
#1828 = CARTESIAN_POINT ( 'NONE',  ( 1.949999999999999289, -1.776666666666666394, -0.1000000000000000056 ) ) ;
#1829 = FACE_OUTER_BOUND ( 'NONE', #807, .T. ) ;
#1830 = ORIENTED_EDGE ( 'NONE', *, *, #501, .T. ) ;
#1831 = VERTEX_POINT ( 'NONE', #307 ) ;
#1832 = CARTESIAN_POINT ( 'NONE',  ( -0.7733333333333337611, -2.049999999999999822, 1.078588531933030785E-15 ) ) ;
#1833 = EDGE_CURVE ( 'NONE', #1152, #1205, #945, .T. ) ;
#1834 = EDGE_CURVE ( 'NONE', #1633, #1758, #40, .T. ) ;
#1835 = CARTESIAN_POINT ( 'NONE',  ( 1.949999999999999734, 1.776666666666665950, -0.1000000000000000056 ) ) ;
#1836 = CARTESIAN_POINT ( 'NONE',  ( 0.7733333333333324289, -1.776666666666666394, -0.1000000000000000056 ) ) ;
#1837 = DIRECTION ( 'NONE',  ( -1.000000000000000000, 0.000000000000000000, 0.000000000000000000 ) ) ;
#1838 = ORIENTED_EDGE ( 'NONE', *, *, #1011, .F. ) ;
#1839 = ORIENTED_EDGE ( 'NONE', *, *, #1306, .T. ) ;
#1840 = VECTOR ( 'NONE', #1107, 1000.000000000000000 ) ;
#1841 = VECTOR ( 'NONE', #1256, 1000.000000000000000 ) ;
#1842 = CARTESIAN_POINT ( 'NONE',  ( -0.5016666666666670382, 1.950000000000000400, 0.1000000000000000056 ) ) ;
#1843 = VECTOR ( 'NONE', #1351, 1000.000000000000000 ) ;
#1844 = DIRECTION ( 'NONE',  ( 1.057758217059028854E-16, -1.000000000000000000, 0.000000000000000000 ) ) ;
#1845 = EDGE_CURVE ( 'NONE', #1920, #455, #1464, .T. ) ;
#1846 = CARTESIAN_POINT ( 'NONE',  ( 1.968000000000000194, 1.776666666666665950, 1.399999999999999911 ) ) ;
#1847 = CARTESIAN_POINT ( 'NONE',  ( 0.7733333333333328730, 1.776666666666665950, -0.1000000000000000472 ) ) ;
#1848 = ADVANCED_FACE ( 'NONE', ( #331 ), #1474, .F. ) ;
#1849 = PLANE ( 'NONE',  #621 ) ;
#1850 = EDGE_LOOP ( 'NONE', ( #1257, #718, #781, #562 ) ) ;
#1851 = TOROIDAL_SURFACE ( 'NONE', #1025, 0.3147546895706420100, 0.1000000000000000056 ) ;
#1852 = CARTESIAN_POINT ( 'NONE',  ( -1.776666666666666838, 2.049999999999999378, 1.399999999999999911 ) ) ;
#1853 = CARTESIAN_POINT ( 'NONE',  ( -1.776666666666666838, 1.949999999999999289, -0.1000000000000000056 ) ) ;
#1854 = APPLICATION_CONTEXT ( 'automotive_design' ) ;
#1855 = DIRECTION ( 'NONE',  ( -0.000000000000000000, -0.000000000000000000, 1.000000000000000000 ) ) ;
#1856 = EDGE_CURVE ( 'NONE', #281, #1573, #213, .T. ) ;
#1857 = PLANE ( 'NONE',  #1016 ) ;
#1858 = ORIENTED_EDGE ( 'NONE', *, *, #388, .T. ) ;
#1859 = DIRECTION ( 'NONE',  ( 1.000000000000000000, 0.000000000000000000, 0.000000000000000000 ) ) ;
#1860 = CARTESIAN_POINT ( 'NONE',  ( -0.6750000000000003775, 1.950000000000000400, 0.1000000000000000056 ) ) ;
#1861 = ORIENTED_EDGE ( 'NONE', *, *, #1007, .T. ) ;
#1862 = DIRECTION ( 'NONE',  ( 1.000000000000000000, 0.000000000000000000, 0.000000000000000000 ) ) ;
#1863 = CARTESIAN_POINT ( 'NONE',  ( -1.776666666666666838, 1.967999999999999750, 1.399999999999999911 ) ) ;
#1864 = CARTESIAN_POINT ( 'NONE',  ( -1.950000000000000400, 2.062628523265106550E-16, -0.1000000000000000056 ) ) ;
#1865 = ORIENTED_EDGE ( 'NONE', *, *, #689, .F. ) ;
#1866 = ADVANCED_FACE ( 'NONE', ( #1616 ), #812, .T. ) ;
#1867 = ORIENTED_EDGE ( 'NONE', *, *, #1550, .T. ) ;
#1868 = CIRCLE ( 'NONE', #345, 0.2733333333333333171 ) ;
#1869 = AXIS2_PLACEMENT_3D ( 'NONE', #912, #1690, #921 ) ;
#1870 = VECTOR ( 'NONE', #915, 1000.000000000000000 ) ;
#1871 = LINE ( 'NONE', #1860, #1967 ) ;
#1872 = EDGE_LOOP ( 'NONE', ( #83, #85, #198, #1298 ) ) ;
#1873 = DIRECTION ( 'NONE',  ( -0.000000000000000000, -0.000000000000000000, -1.000000000000000000 ) ) ;
#1874 = DIRECTION ( 'NONE',  ( 0.000000000000000000, 0.000000000000000000, -1.000000000000000000 ) ) ;
#1875 = DIRECTION ( 'NONE',  ( 1.000000000000000000, 0.000000000000000000, 0.000000000000000000 ) ) ;
#1876 = ORIENTED_EDGE ( 'NONE', *, *, #1618, .F. ) ;
#1877 = PRESENTATION_LAYER_ASSIGNMENT (  '', '', ( #453 ) ) ;
#1878 = EDGE_CURVE ( 'NONE', #1920, #38, #88, .T. ) ;
#1879 = VERTEX_POINT ( 'NONE', #1596 ) ;
#1880 = PLANE ( 'NONE',  #326 ) ;
#1881 = AXIS2_PLACEMENT_3D ( 'NONE', #802, #1426, #315 ) ;
#1882 = FACE_OUTER_BOUND ( 'NONE', #209, .T. ) ;
#1883 = EDGE_CURVE ( 'NONE', #1532, #1752, #1440, .T. ) ;
#1884 = EDGE_LOOP ( 'NONE', ( #1374, #2035, #1304, #1830 ) ) ;
#1885 = AXIS2_PLACEMENT_3D ( 'NONE', #1190, #563, #1676 ) ;
#1886 = PLANE ( 'NONE',  #2024 ) ;
#1887 = DIRECTION ( 'NONE',  ( 1.000000000000000000, 0.000000000000000000, 0.000000000000000000 ) ) ;
#1888 = CIRCLE ( 'NONE', #36, 0.1733333333333332837 ) ;
#1889 = SURFACE_STYLE_FILL_AREA ( #1768 ) ;
#1890 = ORIENTED_EDGE ( 'NONE', *, *, #1999, .T. ) ;
#1891 = ORIENTED_EDGE ( 'NONE', *, *, #128, .T. ) ;
#1892 = LINE ( 'NONE', #706, #1057 ) ;
#1893 = DIRECTION ( 'NONE',  ( 1.000000000000000000, 0.000000000000000000, 0.000000000000000000 ) ) ;
#1894 = ORIENTED_EDGE ( 'NONE', *, *, #1104, .T. ) ;
#1895 = EDGE_CURVE ( 'NONE', #1940, #1470, #1677, .T. ) ;
#1896 = LINE ( 'NONE', #286, #1442 ) ;
#1897 = LINE ( 'NONE', #473, #895 ) ;
#1898 = LINE ( 'NONE', #1119, #1742 ) ;
#1899 = SHAPE_REPRESENTATION_RELATIONSHIP ( 'NONE' , 'NONE' ,  #449, #1782 ) ;
#1900 = ORIENTED_EDGE ( 'NONE', *, *, #1052, .T. ) ;
#1901 = ORIENTED_EDGE ( 'NONE', *, *, #1319, .F. ) ;
#1902 = CARTESIAN_POINT ( 'NONE',  ( 2.049999999999999822, 1.776666666666665950, 1.399999999999999911 ) ) ;
#1903 = ORIENTED_EDGE ( 'NONE', *, *, #364, .F. ) ;
#1904 = AXIS2_PLACEMENT_3D ( 'NONE', #1202, #68, #874 ) ;
#1905 = CIRCLE ( 'NONE', #1710, 0.1000000000000000056 ) ;
#1906 = DIRECTION ( 'NONE',  ( 0.000000000000000000, 0.000000000000000000, -1.000000000000000000 ) ) ;
#1907 = DIRECTION ( 'NONE',  ( -1.057758217059028854E-16, -1.000000000000000000, 0.000000000000000000 ) ) ;
#1908 = EDGE_CURVE ( 'NONE', #1087, #927, #19, .T. ) ;
#1909 = FACE_OUTER_BOUND ( 'NONE', #971, .T. ) ;
#1910 =( LENGTH_UNIT ( ) NAMED_UNIT ( * ) SI_UNIT ( .MILLI., .METRE. ) );
#1911 = ADVANCED_FACE ( 'NONE', ( #682 ), #352, .F. ) ;
#1912 = ORIENTED_EDGE ( 'NONE', *, *, #584, .F. ) ;
#1913 = EDGE_LOOP ( 'NONE', ( #938, #1212, #1914, #833, #1054 ) ) ;
#1914 = ORIENTED_EDGE ( 'NONE', *, *, #1708, .F. ) ;
#1915 = DIRECTION ( 'NONE',  ( -1.000000000000000000, 0.000000000000000000, 0.000000000000000000 ) ) ;
#1916 = PRODUCT ( 'body_\X2\9ed88ba4\X0\', 'body_\X2\9ed88ba4\X0\', '', ( #686 ) ) ;
#1917 = CARTESIAN_POINT ( 'NONE',  ( -0.4585786437626915291, 4.850653286077722139E-17, -0.1000000000000000056 ) ) ;
#1918 = LINE ( 'NONE', #536, #1283 ) ;
#1919 = FILL_AREA_STYLE_COLOUR ( '', #1255 ) ;
#1920 = VERTEX_POINT ( 'NONE', #497 ) ;
#1921 = ADVANCED_FACE ( 'NONE', ( #1311 ), #1140, .T. ) ;
#1922 = ORIENTED_EDGE ( 'NONE', *, *, #584, .T. ) ;
#1923 = DIRECTION ( 'NONE',  ( -1.000000000000000000, -0.000000000000000000, -0.000000000000000000 ) ) ;
#1924 = ORIENTED_EDGE ( 'NONE', *, *, #1895, .T. ) ;
#1925 = DIRECTION ( 'NONE',  ( -0.000000000000000000, -0.000000000000000000, -1.000000000000000000 ) ) ;
#1926 = CARTESIAN_POINT ( 'NONE',  ( -0.7733333333333333171, 2.020710678118653014, -0.02928932188134547240 ) ) ;
#1927 = CARTESIAN_POINT ( 'NONE',  ( -0.6000000000000005329, -1.776666666666666394, 0.000000000000000000 ) ) ;
#1928 = DIRECTION ( 'NONE',  ( 0.000000000000000000, -0.000000000000000000, -1.000000000000000000 ) ) ;
#1929 = EDGE_LOOP ( 'NONE', ( #524, #166, #1589, #130 ) ) ;
#1930 = VERTEX_POINT ( 'NONE', #1638 ) ;
#1931 = EDGE_CURVE ( 'NONE', #560, #508, #1172, .T. ) ;
#1932 = ORIENTED_EDGE ( 'NONE', *, *, #1629, .T. ) ;
#1933 = CARTESIAN_POINT ( 'NONE',  ( 0.7733333333333324289, -1.776666666666666394, 0.000000000000000000 ) ) ;
#1934 = DIRECTION ( 'NONE',  ( 1.000000000000000000, 0.000000000000000000, 0.000000000000000000 ) ) ;
#1935 = VECTOR ( 'NONE', #49, 1000.000000000000000 ) ;
#1936 = CLOSED_SHELL ( 'NONE', ( #138, #1762, #604, #1333, #1427, #1116, #1921, #219, #963, #1566 ) ) ;
#1937 = VECTOR ( 'NONE', #760, 999.9999999999998863 ) ;
#1938 = CARTESIAN_POINT ( 'NONE',  ( 0.7733333333333328730, 1.776666666666665950, 0.000000000000000000 ) ) ;
#1939 = CARTESIAN_POINT ( 'NONE',  ( -0.5292893218813468081, -1.776666666666666394, -0.02928932188134553832 ) ) ;
#1940 = VERTEX_POINT ( 'NONE', #823 ) ;
#1941 = ORIENTED_EDGE ( 'NONE', *, *, #535, .T. ) ;
#1942 = DIRECTION ( 'NONE',  ( 0.000000000000000000, -0.000000000000000000, 1.000000000000000000 ) ) ;
#1943 = EDGE_LOOP ( 'NONE', ( #688, #767, #343, #1346 ) ) ;
#1944 = FACE_OUTER_BOUND ( 'NONE', #1872, .T. ) ;
#1945 = FACE_OUTER_BOUND ( 'NONE', #1413, .T. ) ;
#1946 = VECTOR ( 'NONE', #1076, 1000.000000000000000 ) ;
#1947 = AXIS2_PLACEMENT_3D ( 'NONE', #1096, #1084, #1714 ) ;
#1948 = CARTESIAN_POINT ( 'NONE',  ( 2.050000000000000711, -1.776666666666666394, 1.317999999999999616 ) ) ;
#1949 = DIRECTION ( 'NONE',  ( 0.000000000000000000, 0.000000000000000000, -1.000000000000000000 ) ) ;
#1950 = APPLICATION_PROTOCOL_DEFINITION ( 'draft international standard', 'automotive_design', 1998, #941 ) ;
#1951 = ORIENTED_EDGE ( 'NONE', *, *, #1170, .T. ) ;
#1952 = VERTEX_POINT ( 'NONE', #1926 ) ;
#1953 = CARTESIAN_POINT ( 'NONE',  ( -0.6749999999999999334, -1.776666666666665950, 0.1000000000000000056 ) ) ;
#1954 = CARTESIAN_POINT ( 'NONE',  ( 0.8210362148200169852, -2.038661104545316238, -0.01133889545468272537 ) ) ;
#1955 = ADVANCED_FACE ( 'NONE', ( #997 ), #1755, .F. ) ;
#1956 = DIRECTION ( 'NONE',  ( 1.000000000000000000, 0.000000000000000000, 0.000000000000000000 ) ) ;
#1957 = FACE_OUTER_BOUND ( 'NONE', #1583, .T. ) ;
#1958 = ORIENTED_EDGE ( 'NONE', *, *, #335, .T. ) ;
#1959 = DIRECTION ( 'NONE',  ( 0.000000000000000000, 0.7071067811865445751, -0.7071067811865504593 ) ) ;
#1960 = DIRECTION ( 'NONE',  ( 0.000000000000000000, -0.000000000000000000, -1.000000000000000000 ) ) ;
#1961 = AXIS2_PLACEMENT_3D ( 'NONE', #592, #918, #433 ) ;
#1962 = CARTESIAN_POINT ( 'NONE',  ( 0.6172583401550528759, 2.049999999999999378, 0.000000000000000000 ) ) ;
#1963 = AXIS2_PLACEMENT_3D ( 'NONE', #565, #1827, #1504 ) ;
#1964 = LINE ( 'NONE', #744, #1085 ) ;
#1965 = DIRECTION ( 'NONE',  ( 0.000000000000000000, 0.000000000000000000, -1.000000000000000000 ) ) ;
#1966 = ORIENTED_EDGE ( 'NONE', *, *, #2011, .F. ) ;
#1967 = VECTOR ( 'NONE', #327, 1000.000000000000000 ) ;
#1968 = ORIENTED_EDGE ( 'NONE', *, *, #67, .T. ) ;
#1969 = CARTESIAN_POINT ( 'NONE',  ( -0.6749999999999999334, -1.776666666666665950, 0.1000000000000000056 ) ) ;
#1970 = DIRECTION ( 'NONE',  ( 1.000000000000000000, 0.000000000000000000, 0.000000000000000000 ) ) ;
#1971 =( LENGTH_UNIT ( ) NAMED_UNIT ( * ) SI_UNIT ( .MILLI., .METRE. ) );
#1972 =( GEOMETRIC_REPRESENTATION_CONTEXT ( 3 ) GLOBAL_UNCERTAINTY_ASSIGNED_CONTEXT ( ( #1160 ) ) GLOBAL_UNIT_ASSIGNED_CONTEXT ( ( #2032, #1586, #597 ) ) REPRESENTATION_CONTEXT ( 'NONE', 'WORKASPACE' ) );
#1973 = DIRECTION ( 'NONE',  ( 1.000000000000000000, 0.000000000000000000, 0.000000000000000000 ) ) ;
#1974 = LINE ( 'NONE', #1373, #924 ) ;
#1975 = ORIENTED_EDGE ( 'NONE', *, *, #1199, .F. ) ;
#1976 = VECTOR ( 'NONE', #100, 1000.000000000000000 ) ;
#1977 = DIRECTION ( 'NONE',  ( 0.000000000000000000, -0.000000000000000000, -1.000000000000000000 ) ) ;
#1978 = ADVANCED_FACE ( 'NONE', ( #1945 ), #1148, .T. ) ;
#1979 = ADVANCED_FACE ( 'NONE', ( #10 ), #287, .T. ) ;
#1980 = CARTESIAN_POINT ( 'NONE',  ( 0.7733333333333330950, 1.949999999999999289, -0.1000000000000000056 ) ) ;
#1981 = CARTESIAN_POINT ( 'NONE',  ( -0.6749999999999999334, -1.949999999999999067, 0.1000000000000000056 ) ) ;
#1982 = CARTESIAN_POINT ( 'NONE',  ( -1.776666666666666394, -1.776666666666666394, 1.317999999999999616 ) ) ;
#1983 = DIRECTION ( 'NONE',  ( 0.000000000000000000, 0.000000000000000000, 1.000000000000000000 ) ) ;
#1984 = ORIENTED_EDGE ( 'NONE', *, *, #153, .T. ) ;
#1985 = CARTESIAN_POINT ( 'NONE',  ( -1.968000000000000638, -2.081668171172169499E-16, 1.399999999999999911 ) ) ;
#1986 = ORIENTED_EDGE ( 'NONE', *, *, #1708, .T. ) ;
#1987 = DIRECTION ( 'NONE',  ( 0.000000000000000000, 0.000000000000000000, 1.000000000000000000 ) ) ;
#1988 = EDGE_CURVE ( 'NONE', #626, #1553, #543, .T. ) ;
#1989 = LINE ( 'NONE', #1227, #516 ) ;
#1990 = ADVANCED_FACE ( 'NONE', ( #576 ), #489, .T. ) ;
#1991 = CARTESIAN_POINT ( 'NONE',  ( -0.5016666666666671492, 1.950000000000000400, 0.000000000000000000 ) ) ;
#1992 = FACE_OUTER_BOUND ( 'NONE', #1453, .T. ) ;
#1993 = CARTESIAN_POINT ( 'NONE',  ( 1.776666666666666394, 1.776666666666665950, 0.000000000000000000 ) ) ;
#1994 = VECTOR ( 'NONE', #330, 1000.000000000000000 ) ;
#1995 = VERTEX_POINT ( 'NONE', #1180 ) ;
#1996 = ORIENTED_EDGE ( 'NONE', *, *, #256, .T. ) ;
#1997 = TOROIDAL_SURFACE ( 'NONE', #853, 0.3147546895706420100, 0.1000000000000000056 ) ;
#1998 = CARTESIAN_POINT ( 'NONE',  ( 0.000000000000000000, 0.000000000000000000, 0.1000000000000000056 ) ) ;
#1999 = EDGE_CURVE ( 'NONE', #218, #1732, #1047, .T. ) ;
#2000 = CARTESIAN_POINT ( 'NONE',  ( 0.5016666666666660390, 1.950000000000000400, 0.000000000000000000 ) ) ;
#2001 = DIRECTION ( 'NONE',  ( -0.000000000000000000, 0.000000000000000000, 1.000000000000000000 ) ) ;
#2002 = CARTESIAN_POINT ( 'NONE',  ( 2.050000000000000711, -1.776666666666666394, 1.084202172485504434E-15 ) ) ;
#2003 = MECHANICAL_DESIGN_GEOMETRIC_PRESENTATION_REPRESENTATION (  '', ( #530 ), #1972 ) ;
#2004 = PRODUCT_DEFINITION_FORMATION_WITH_SPECIFIED_SOURCE ( 'ANY', '', #1310, .NOT_KNOWN. ) ;
#2005 = FACE_OUTER_BOUND ( 'NONE', #1622, .T. ) ;
#2006 = CIRCLE ( 'NONE', #456, 0.1000000000000000056 ) ;
#2007 = LINE ( 'NONE', #741, #1259 ) ;
#2008 = DIRECTION ( 'NONE',  ( -0.000000000000000000, -0.000000000000000000, 1.000000000000000000 ) ) ;
#2009 = EDGE_CURVE ( 'NONE', #1623, #25, #1254, .T. ) ;
#2010 = FACE_OUTER_BOUND ( 'NONE', #929, .T. ) ;
#2011 = EDGE_CURVE ( 'NONE', #675, #281, #894, .T. ) ;
#2012 = DIRECTION ( 'NONE',  ( -0.000000000000000000, 0.000000000000000000, 1.000000000000000000 ) ) ;
#2013 = ORIENTED_EDGE ( 'NONE', *, *, #1721, .T. ) ;
#2014 = ORIENTED_EDGE ( 'NONE', *, *, #1399, .T. ) ;
#2015 = CARTESIAN_POINT ( 'NONE',  ( -0.4585786437626917511, -1.776666666666666394, 0.000000000000000000 ) ) ;
#2016 = B_SPLINE_CURVE_WITH_KNOTS ( 'NONE', 3,
 ( #365, #195, #521, #1767 ),
 .UNSPECIFIED., .F., .F.,
 ( 4, 4 ),
 ( -3.715578841217037218E-06, 0.0001598237760615729057 ),
 .UNSPECIFIED. ) ;
#2017 = CARTESIAN_POINT ( 'NONE',  ( 2.050000000000000711, -1.776666666666666394, 1.399999999999999911 ) ) ;
#2018 = ORIENTED_EDGE ( 'NONE', *, *, #20, .T. ) ;
#2019 = CARTESIAN_POINT ( 'NONE',  ( 0.5016666666666664831, 1.776666666666667060, 0.000000000000000000 ) ) ;
#2020 = FILL_AREA_STYLE ('',( #1726 ) ) ;
#2021 = LINE ( 'NONE', #1, #589 ) ;
#2022 = SURFACE_SIDE_STYLE ('',( #652 ) ) ;
#2023 = ORIENTED_EDGE ( 'NONE', *, *, #2009, .F. ) ;
#2024 = AXIS2_PLACEMENT_3D ( 'NONE', #613, #2042, #1083 ) ;
#2025 = EDGE_CURVE ( 'NONE', #1655, #1437, #1341, .T. ) ;
#2026 = VERTEX_POINT ( 'NONE', #1991 ) ;
#2027 = DIRECTION ( 'NONE',  ( 0.000000000000000000, -0.7071067811865439090, 0.7071067811865512365 ) ) ;
#2028 = AXIS2_PLACEMENT_3D ( 'NONE', #1778, #1488, #382 ) ;
#2029 = CARTESIAN_POINT ( 'NONE',  ( -0.7733333333333337611, -1.949999999999999734, -0.1000000000000000056 ) ) ;
#2030 = EDGE_LOOP ( 'NONE', ( #747, #262, #1294, #657 ) ) ;
#2031 = FACE_OUTER_BOUND ( 'NONE', #878, .T. ) ;
#2032 =( LENGTH_UNIT ( ) NAMED_UNIT ( * ) SI_UNIT ( .MILLI., .METRE. ) );
#2033 = PLANE ( 'NONE',  #17 ) ;
#2034 = CIRCLE ( 'NONE', #1128, 0.1733333333333332837 ) ;
#2035 = ORIENTED_EDGE ( 'NONE', *, *, #1834, .T. ) ;
#2036 = AXIS2_PLACEMENT_3D ( 'NONE', #12, #1151, #384 ) ;
#2037 = VERTEX_POINT ( 'NONE', #722 ) ;
#2038 = CARTESIAN_POINT ( 'NONE',  ( -0.6000000000000005329, -1.776666666666666394, 0.000000000000000000 ) ) ;
#2039 = VECTOR ( 'NONE', #1041, 1000.000000000000000 ) ;
#2040 = EDGE_CURVE ( 'NONE', #1088, #4, #419, .T. ) ;
#2041 = PRESENTATION_LAYER_ASSIGNMENT (  '', '', ( #530 ) ) ;
#2042 = DIRECTION ( 'NONE',  ( 1.000000000000000000, 1.112002228190261198E-16, -0.000000000000000000 ) ) ;
#2043 = NEXT_ASSEMBLY_USAGE_OCCURRENCE ( 'NAUO1', ' ', ' ', #862, #919, $ ) ;
#2044 = NEXT_ASSEMBLY_USAGE_OCCURRENCE ( 'NAUO2', ' ', ' ', #862, #1503, $ ) ;
#2045 = NEXT_ASSEMBLY_USAGE_OCCURRENCE ( 'NAUO3', ' ', ' ', #862, #1503, $ ) ;
ENDSEC;
END-ISO-10303-21;
