ISO-10303-21;
HEADER;
FILE_DESCRIPTION (( 'STEP AP214' ),
    '1' );
FILE_NAME ('FXL1040.step',
    '2026-09-01T13:23:24',
    ( '' ),
    ( '' ),
    'SwSTEP 2.0',
    'SolidWorks 2025',
    '' );
FILE_SCHEMA (( 'AUTOMOTIVE_DESIGN' ));
ENDSEC;

DATA;
#1 = CARTESIAN_POINT ( 'NONE',  ( 4.999999999999999112, 3.799999999999999822, -5.750000000000000000 ) ) ;
#2 = ORIENTED_EDGE ( 'NONE', *, *, #1960, .T. ) ;
#3 = CARTESIAN_POINT ( 'NONE',  ( -4.500000000000000000, 3.799999999999999822, 4.749999999999998224 ) ) ;
#4 = ORIENTED_EDGE ( 'NONE', *, *, #1636, .F. ) ;
#5 = VECTOR ( 'NONE', #89, 1000.000000000000000 ) ;
#6 = DIRECTION ( 'NONE',  ( -1.000000000000000000, 0.000000000000000000, 0.000000000000000000 ) ) ;
#7 = CARTESIAN_POINT ( 'NONE',  ( -4.828519787169308408, 0.1622929048023052101, -4.750000000000000000 ) ) ;
#8 = CARTESIAN_POINT ( 'NONE',  ( -4.500000000000001776, 3.799999999999999822, -4.750000000000000000 ) ) ;
#9 = EDGE_CURVE ( 'NONE', #1349, #1473, #376, .T. ) ;
#10 = AXIS2_PLACEMENT_3D ( 'NONE', #1470, #460, #989 ) ;
#11 = VECTOR ( 'NONE', #1302, 1000.000000000000000 ) ;
#12 = DIRECTION ( 'NONE',  ( 0.000000000000000000, 0.000000000000000000, -1.000000000000000000 ) ) ;
#13 = ORIENTED_EDGE ( 'NONE', *, *, #165, .T. ) ;
#14 = DIRECTION ( 'NONE',  ( 1.000000000000000000, -0.000000000000000000, 1.314184451497581259E-16 ) ) ;
#15 = CARTESIAN_POINT ( 'NONE',  ( 0.03000000000000021746, -2.169999999999999929, 3.000000000000000000 ) ) ;
#16 = ORIENTED_EDGE ( 'NONE', *, *, #725, .T. ) ;
#17 = FACE_OUTER_BOUND ( 'NONE', #2056, .T. ) ;
#18 = DIRECTION ( 'NONE',  ( 0.000000000000000000, 0.000000000000000000, 1.000000000000000000 ) ) ;
#19 = LINE ( 'NONE', #1987, #1976 ) ;
#20 = CARTESIAN_POINT ( 'NONE',  ( 1.649999999999999023, 0.1500000000000000222, 5.580378705966810848 ) ) ;
#21 = CARTESIAN_POINT ( 'NONE',  ( 0.000000000000000000, 0.1499999999999999944, 0.000000000000000000 ) ) ;
#22 = LINE ( 'NONE', #1346, #944 ) ;
#23 = CARTESIAN_POINT ( 'NONE',  ( 1.649999999999999023, 0.1499999999999999944, 3.450000000000000178 ) ) ;
#24 = MANIFOLD_SOLID_BREP ( '\X2\955c5411\X0\2', #1829 ) ;
#25 = CARTESIAN_POINT ( 'NONE',  ( 4.445475778292074409, 3.799999999999999822, 5.011833010021003787 ) ) ;
#26 = CARTESIAN_POINT ( 'NONE',  ( 0.000000000000000000, 0.000000000000000000, 0.000000000000000000 ) ) ;
#27 = CARTESIAN_POINT ( 'NONE',  ( -4.000000000000000888, 3.550000000000000266, 5.750000000000000000 ) ) ;
#28 = CARTESIAN_POINT ( 'NONE',  ( 1.649999999999999023, 0.1415872036875897855, 5.569373307212827307 ) ) ;
#29 = CARTESIAN_POINT ( 'NONE',  ( -1.649999999999999467, 0.03403694547841895623, -5.466982343680882650 ) ) ;
#30 = VERTEX_POINT ( 'NONE', #1519 ) ;
#31 = PLANE ( 'NONE',  #77 ) ;
#32 = ADVANCED_FACE ( 'NONE', ( #1853 ), #1998, .F. ) ;
#33 = CONTEXT_DEPENDENT_SHAPE_REPRESENTATION ( #232, #1296 ) ;
#34 = ORIENTED_EDGE ( 'NONE', *, *, #619, .F. ) ;
#35 = FACE_OUTER_BOUND ( 'NONE', #504, .T. ) ;
#36 = LINE ( 'NONE', #849, #666 ) ;
#37 = FACE_OUTER_BOUND ( 'NONE', #931, .T. ) ;
#38 = ADVANCED_FACE ( 'NONE', ( #1538 ), #1345, .F. ) ;
#39 = AXIS2_PLACEMENT_3D ( 'NONE', #957, #1442, #159 ) ;
#40 = CARTESIAN_POINT ( 'NONE',  ( -4.576545663354565363, 0.2499999999999998057, -5.734225011576271847 ) ) ;
#41 = APPLICATION_CONTEXT ( 'automotive_design' ) ;
#42 = CARTESIAN_POINT ( 'NONE',  ( 0.02999999999999994338, 0.3300000000000000155, 1.200000000000000178 ) ) ;
#43 = AXIS2_PLACEMENT_3D ( 'NONE', #1484, #142, #1288 ) ;
#44 = CARTESIAN_POINT ( 'NONE',  ( 4.000000000000001776, 3.799999999999999822, 5.270272631416467846 ) ) ;
#45 =( NAMED_UNIT ( * ) SI_UNIT ( $, .STERADIAN. ) SOLID_ANGLE_UNIT ( ) );
#46 = AXIS2_PLACEMENT_3D ( 'NONE', #1561, #261, #2055 ) ;
#47 = ADVANCED_FACE ( 'NONE', ( #381 ), #1687, .T. ) ;
#48 = EDGE_CURVE ( 'NONE', #1278, #1773, #361, .T. ) ;
#49 = ORIENTED_EDGE ( 'NONE', *, *, #269, .F. ) ;
#50 = CARTESIAN_POINT ( 'NONE',  ( -1.650000000000000355, 0.1499999999999999944, 5.580378705966810848 ) ) ;
#51 = DIRECTION ( 'NONE',  ( 9.427844978134822666E-17, 0.000000000000000000, 1.000000000000000000 ) ) ;
#52 = CARTESIAN_POINT ( 'NONE',  ( 4.000000000000001776, 0.000000000000000000, 5.270272631416467846 ) ) ;
#53 = CARTESIAN_POINT ( 'NONE',  ( -1.575000000000027267, 0.2349536822125349866, 5.711952135849498902 ) ) ;
#54 = PLANE ( 'NONE',  #1934 ) ;
#55 = CARTESIAN_POINT ( 'NONE',  ( 4.292893218813446765, 0.000000000000000000, 5.249999999999996447 ) ) ;
#56 = DIRECTION ( 'NONE',  ( 0.000000000000000000, -0.000000000000000000, 1.000000000000000000 ) ) ;
#57 = DIRECTION ( 'NONE',  ( -1.314184451497581259E-16, 0.000000000000000000, 1.000000000000000000 ) ) ;
#58 = ORIENTED_EDGE ( 'NONE', *, *, #1348, .T. ) ;
#59 =( BOUNDED_CURVE ( )  B_SPLINE_CURVE ( 3, ( #1848, #168, #1365, #706 ),
 .UNSPECIFIED., .F., .F. ) 
 B_SPLINE_CURVE_WITH_KNOTS ( ( 4, 4 ),
 ( 0.000000000000000000, 1.000000000000000000 ),
 .UNSPECIFIED. ) 
 CURVE ( )  GEOMETRIC_REPRESENTATION_ITEM ( )  RATIONAL_B_SPLINE_CURVE ( ( 1.000000000000000000, 0.8047378541243652705, 0.8047378541243652705, 1.000000000000000000 ) ) 
 REPRESENTATION_ITEM ( '' )  );
#60 = CARTESIAN_POINT ( 'NONE',  ( -4.000000000000000000, 3.637707095197694862, -5.578519787169307520 ) ) ;
#61 = CARTESIAN_POINT ( 'NONE',  ( -0.2999999999999999889, -3.701165704306833206E-17, 3.000000000000000000 ) ) ;
#62 = EDGE_CURVE ( 'NONE', #447, #1739, #441, .T. ) ;
#63 = CARTESIAN_POINT ( 'NONE',  ( -4.000000000000001776, 3.799999999999999822, -5.250000000000000000 ) ) ;
#64 = EDGE_CURVE ( 'NONE', #474, #1971, #600, .T. ) ;
#65 = DIRECTION ( 'NONE',  ( -0.000000000000000000, -0.000000000000000000, -1.000000000000000000 ) ) ;
#66 = CARTESIAN_POINT ( 'NONE',  ( -4.716982343680882650, 3.765963054521580755, -5.169998532946213921 ) ) ;
#67 = DIRECTION ( 'NONE',  ( 0.000000000000000000, 0.000000000000000000, 1.000000000000000000 ) ) ;
#68 = CARTESIAN_POINT ( 'NONE',  ( 0.02999999999999994338, 0.3300000000000000155, 1.800000000000000044 ) ) ;
#69 = ORIENTED_EDGE ( 'NONE', *, *, #1798, .F. ) ;
#70 = EDGE_CURVE ( 'NONE', #447, #1092, #1914, .T. ) ;
#71 = DIRECTION ( 'NONE',  ( -0.000000000000000000, 0.000000000000000000, -1.000000000000000000 ) ) ;
#72 = VERTEX_POINT ( 'NONE', #278 ) ;
#73 = CARTESIAN_POINT ( 'NONE',  ( 1.650000000000000355, 0.1500000000000000222, -5.580378705966810848 ) ) ;
#74 = DIRECTION ( 'NONE',  ( 0.000000000000000000, -0.000000000000000000, 1.000000000000000000 ) ) ;
#75 = CARTESIAN_POINT ( 'NONE',  ( -1.650000000000000355, 0.000000000000000000, -5.250000000000000000 ) ) ;
#76 = CARTESIAN_POINT ( 'NONE',  ( 1.649999999999999911, 0.1499999999999999944, -3.450000000000001066 ) ) ;
#77 = AXIS2_PLACEMENT_3D ( 'NONE', #1539, #1335, #869 ) ;
#78 = LINE ( 'NONE', #751, #1830 ) ;
#79 = VECTOR ( 'NONE', #620, 1000.000000000000000 ) ;
#80 = EDGE_LOOP ( 'NONE', ( #982, #1615, #105, #567 ) ) ;
#81 = ORIENTED_EDGE ( 'NONE', *, *, #498, .F. ) ;
#82 = VECTOR ( 'NONE', #1211, 1000.000000000000000 ) ;
#83 = CARTESIAN_POINT ( 'NONE',  ( 0.03000000000000022093, -2.169999999999999929, 0.000000000000000000 ) ) ;
#84 = FILL_AREA_STYLE ('',( #404 ) ) ;
#85 = ORIENTED_EDGE ( 'NONE', *, *, #417, .T. ) ;
#86 = ORIENTED_EDGE ( 'NONE', *, *, #1882, .F. ) ;
#87 = CARTESIAN_POINT ( 'NONE',  ( -4.500000000000001776, 0.000000000000000000, -4.750000000000000000 ) ) ;
#88 = CARTESIAN_POINT ( 'NONE',  ( 4.499999999999994671, 3.800000000000000266, 5.042893218813452094 ) ) ;
#89 = DIRECTION ( 'NONE',  ( -1.885568995626964287E-16, -0.000000000000000000, -1.000000000000000000 ) ) ;
#90 = PRODUCT_RELATED_PRODUCT_CATEGORY ( 'part', '', ( #1453 ) ) ;
#91 = CARTESIAN_POINT ( 'NONE',  ( -1.575000000000027267, 2.349999999999999645, 5.674999999999998934 ) ) ;
#92 = ORIENTED_EDGE ( 'NONE', *, *, #1654, .F. ) ;
#93 = ORIENTED_EDGE ( 'NONE', *, *, #1769, .T. ) ;
#94 = CARTESIAN_POINT ( 'NONE',  ( 4.000000000000001776, 3.799999999999999822, 5.250000000000000000 ) ) ;
#95 = DIRECTION ( 'NONE',  ( 1.000000000000000000, 0.000000000000000000, 0.000000000000000000 ) ) ;
#96 = ORIENTED_EDGE ( 'NONE', *, *, #1050, .F. ) ;
#97 = CARTESIAN_POINT ( 'NONE',  ( 0.03000000000000022093, -2.169999999999999929, 3.000000000000000000 ) ) ;
#98 = DIRECTION ( 'NONE',  ( -0.000000000000000000, -0.000000000000000000, -1.000000000000000000 ) ) ;
#99 = DIRECTION ( 'NONE',  ( 1.314184451497581259E-16, 0.000000000000000000, -1.000000000000000000 ) ) ;
#100 = VERTEX_POINT ( 'NONE', #573 ) ;
#101 = B_SPLINE_CURVE_WITH_KNOTS ( 'NONE', 3,
 ( #524, #1502, #2131, #1144 ),
 .UNSPECIFIED., .F., .F.,
 ( 4, 4 ),
 ( 1.897353801849632760E-19, 8.383976104500604854E-05 ),
 .UNSPECIFIED. ) ;
#102 = ORIENTED_EDGE ( 'NONE', *, *, #1977, .T. ) ;
#103 = EDGE_CURVE ( 'NONE', #1012, #1076, #731, .T. ) ;
#104 = FACE_OUTER_BOUND ( 'NONE', #1742, .T. ) ;
#105 = ORIENTED_EDGE ( 'NONE', *, *, #1576, .F. ) ;
#106 = CARTESIAN_POINT ( 'NONE',  ( 4.000000000000000000, 0.1622929048023052101, -5.578519787169307520 ) ) ;
#107 = CARTESIAN_POINT ( 'NONE',  ( -5.000000000000000888, 3.799999999999999822, -4.750000000000000000 ) ) ;
#108 = EDGE_CURVE ( 'NONE', #1957, #2079, #1555, .T. ) ;
#109 = LINE ( 'NONE', #1574, #1359 ) ;
#110 = CARTESIAN_POINT ( 'NONE',  ( -4.000000000000000000, 3.799999999999999822, 5.750000000000000000 ) ) ;
#111 = ORIENTED_EDGE ( 'NONE', *, *, #1253, .F. ) ;
#112 = VECTOR ( 'NONE', #700, 1000.000000000000000 ) ;
#113 = AXIS2_PLACEMENT_3D ( 'NONE', #166, #6, #1005 ) ;
#114 = DIRECTION ( 'NONE',  ( -4.336808689942032724E-15, 0.000000000000000000, 1.000000000000000000 ) ) ;
#115 = EDGE_CURVE ( 'NONE', #779, #1878, #235, .T. ) ;
#116 = ORIENTED_EDGE ( 'NONE', *, *, #115, .T. ) ;
#117 = CIRCLE ( 'NONE', #1501, 0.9999999999999965583 ) ;
#118 = ORIENTED_EDGE ( 'NONE', *, *, #103, .T. ) ;
#119 = CARTESIAN_POINT ( 'NONE',  ( 0.02999999999999999889, 0.000000000000000000, 0.000000000000000000 ) ) ;
#120 = CARTESIAN_POINT ( 'NONE',  ( 3.999999999999997335, 3.550000000000000266, -5.734225011576272735 ) ) ;
#121 = CARTESIAN_POINT ( 'NONE',  ( -5.000000000000000888, 3.550000000000000266, -4.750000000000000888 ) ) ;
#122 = CARTESIAN_POINT ( 'NONE',  ( 4.500000000000000000, 0.000000000000000000, -4.750000000000000888 ) ) ;
#123 = VERTEX_POINT ( 'NONE', #1257 ) ;
#124 = CARTESIAN_POINT ( 'NONE',  ( -1.650000000000000355, 0.000000000000000000, -5.250000000000000000 ) ) ;
#125 = ORIENTED_EDGE ( 'NONE', *, *, #1420, .F. ) ;
#126 = EDGE_LOOP ( 'NONE', ( #1954, #86, #755 ) ) ;
#127 = ADVANCED_FACE ( 'NONE', ( #1906 ), #1387, .T. ) ;
#128 = CARTESIAN_POINT ( 'NONE',  ( 3.999999999999998224, 3.550000000000000266, -4.750000000000000000 ) ) ;
#129 = EDGE_CURVE ( 'NONE', #1572, #1698, #1709, .T. ) ;
#130 = CARTESIAN_POINT ( 'NONE',  ( -4.000000000000001776, 3.550000000000000266, -5.750000000000000000 ) ) ;
#131 = CARTESIAN_POINT ( 'NONE',  ( -4.500000000000000888, 0.000000000000000000, -5.042893218813452982 ) ) ;
#132 = ORIENTED_EDGE ( 'NONE', *, *, #1716, .T. ) ;
#133 = CARTESIAN_POINT ( 'NONE',  ( 4.999999999999999112, 3.550000000000000266, -4.750000000000000888 ) ) ;
#134 = DIRECTION ( 'NONE',  ( -0.000000000000000000, -0.000000000000000000, -1.000000000000000000 ) ) ;
#135 = CARTESIAN_POINT ( 'NONE',  ( -1.500000000000000000, 2.169999999999999041, 5.704999999999997407 ) ) ;
#136 = VERTEX_POINT ( 'NONE', #255 ) ;
#137 = VERTEX_POINT ( 'NONE', #2038 ) ;
#138 = CARTESIAN_POINT ( 'NONE',  ( 1.574999999999973088, 2.349999999999999645, 5.674999999999998046 ) ) ;
#139 = PRODUCT ( 'FXL1040', 'FXL1040', '', ( #1644 ) ) ;
#140 = CARTESIAN_POINT ( 'NONE',  ( -4.000000000000000000, 0.000000000000000000, -5.250000000000000000 ) ) ;
#141 = CARTESIAN_POINT ( 'NONE',  ( 2.000000000000000444, -1.869999999999999885, 3.000000000000000000 ) ) ;
#142 = DIRECTION ( 'NONE',  ( 1.000000000000000000, 1.233721901435611192E-16, -0.000000000000000000 ) ) ;
#143 = ORIENTED_EDGE ( 'NONE', *, *, #482, .F. ) ;
#144 = DIRECTION ( 'NONE',  ( 1.000000000000000000, 0.000000000000000000, -2.753529326947312927E-16 ) ) ;
#145 = ORIENTED_EDGE ( 'NONE', *, *, #1859, .T. ) ;
#146 = PRESENTATION_LAYER_ASSIGNMENT (  '', '', ( #1285 ) ) ;
#147 = AXIS2_PLACEMENT_3D ( 'NONE', #227, #1570, #1241 ) ;
#148 = PRESENTATION_LAYER_ASSIGNMENT (  '', '', ( #634 ) ) ;
#149 = CARTESIAN_POINT ( 'NONE',  ( 0.000000000000000000, 0.000000000000000000, 3.000000000000000000 ) ) ;
#150 = CARTESIAN_POINT ( 'NONE',  ( 0.03000000000000021746, -1.869999999999999885, 0.000000000000000000 ) ) ;
#151 = DIRECTION ( 'NONE',  ( 1.000000000000000000, 0.000000000000000000, 0.000000000000000000 ) ) ;
#152 =( BOUNDED_CURVE ( )  B_SPLINE_CURVE ( 3, ( #342, #1178, #365, #185 ),
 .UNSPECIFIED., .F., .F. ) 
 B_SPLINE_CURVE_WITH_KNOTS ( ( 4, 4 ),
 ( 0.000000000000000000, 1.000000000000000000 ),
 .UNSPECIFIED. ) 
 CURVE ( )  GEOMETRIC_REPRESENTATION_ITEM ( )  RATIONAL_B_SPLINE_CURVE ( ( 1.000000000000000000, 0.8047378541243652705, 0.8047378541243652705, 1.000000000000000000 ) ) 
 REPRESENTATION_ITEM ( '' )  );
#153 = ORIENTED_EDGE ( 'NONE', *, *, #1039, .T. ) ;
#154 = CARTESIAN_POINT ( 'NONE',  ( 0.000000000000000000, 0.000000000000000000, 0.000000000000000000 ) ) ;
#155 = EDGE_LOOP ( 'NONE', ( #145, #346, #429, #846 ) ) ;
#156 = DIRECTION ( 'NONE',  ( -1.000000000000000000, 0.000000000000000000, 2.753529326947312433E-16 ) ) ;
#157 = FACE_OUTER_BOUND ( 'NONE', #1433, .T. ) ;
#158 = CARTESIAN_POINT ( 'NONE',  ( 4.984225011576270958, 3.550000000000000266, -5.326545663354564475 ) ) ;
#159 = DIRECTION ( 'NONE',  ( -8.673617379884035472E-16, 0.000000000000000000, -1.000000000000000000 ) ) ;
#160 = CARTESIAN_POINT ( 'NONE',  ( -4.000000000000000888, 0.000000000000000000, -5.250000000000000000 ) ) ;
#161 = ORIENTED_EDGE ( 'NONE', *, *, #1198, .T. ) ;
#162 = LINE ( 'NONE', #681, #563 ) ;
#163 = APPLICATION_PROTOCOL_DEFINITION ( 'draft international standard', 'automotive_design', 1998, #669 ) ;
#164 = VERTEX_POINT ( 'NONE', #1417 ) ;
#165 = EDGE_CURVE ( 'NONE', #1569, #438, #1247, .T. ) ;
#166 = CARTESIAN_POINT ( 'NONE',  ( 1.574999999999973088, 2.349999999999999645, 5.674999999999998046 ) ) ;
#167 = FACE_OUTER_BOUND ( 'NONE', #220, .T. ) ;
#168 = CARTESIAN_POINT ( 'NONE',  ( -4.292893218813452982, 0.000000000000000000, -5.250000000000000000 ) ) ;
#169 = DIRECTION ( 'NONE',  ( -0.000000000000000000, 1.000000000000000000, -0.000000000000000000 ) ) ;
#170 = ORIENTED_EDGE ( 'NONE', *, *, #1360, .F. ) ;
#171 =( LENGTH_UNIT ( ) NAMED_UNIT ( * ) SI_UNIT ( .MILLI., .METRE. ) );
#172 = CARTESIAN_POINT ( 'NONE',  ( -4.132058246306034910, 3.800000000000000266, 5.250000000000000000 ) ) ;
#173 = ORIENTED_EDGE ( 'NONE', *, *, #677, .F. ) ;
#174 = AXIS2_PLACEMENT_3D ( 'NONE', #1679, #536, #880 ) ;
#175 = CARTESIAN_POINT ( 'NONE',  ( -0.2999999999999999889, -3.701165704306833206E-17, 0.000000000000000000 ) ) ;
#176 = CIRCLE ( 'NONE', #1559, 0.3300000000000000155 ) ;
#177 = DIRECTION ( 'NONE',  ( 1.000000000000000000, -0.000000000000000000, 2.828353493440446800E-16 ) ) ;
#178 = CARTESIAN_POINT ( 'NONE',  ( 1.574999999999973088, 2.349999999999999645, 5.674999999999998046 ) ) ;
#179 = VECTOR ( 'NONE', #156, 1000.000000000000000 ) ;
#180 = VECTOR ( 'NONE', #1474, 1000.000000000000000 ) ;
#181 = CARTESIAN_POINT ( 'NONE',  ( 1.574999999999973088, 2.349999999999999645, 5.674999999999998046 ) ) ;
#182 = STYLED_ITEM ( 'NONE', ( #754 ), #1950 ) ;
#183 = VERTEX_POINT ( 'NONE', #564 ) ;
#184 = CARTESIAN_POINT ( 'NONE',  ( 4.000000000000000000, 3.637707095197694862, -5.578519787169307520 ) ) ;
#185 = CARTESIAN_POINT ( 'NONE',  ( 4.000000000000000000, 0.000000000000000000, -5.250000000000000000 ) ) ;
#186 = EDGE_CURVE ( 'NONE', #183, #468, #408, .T. ) ;
#187 = FACE_OUTER_BOUND ( 'NONE', #1944, .T. ) ;
#188 = DIRECTION ( 'NONE',  ( 0.000000000000000000, 0.000000000000000000, 1.000000000000000000 ) ) ;
#189 = EDGE_CURVE ( 'NONE', #1994, #1196, #1064, .T. ) ;
#190 = ADVANCED_FACE ( 'NONE', ( #749 ), #1400, .F. ) ;
#191 = CARTESIAN_POINT ( 'NONE',  ( 1.649999999999999023, 0.1165146364067247975, 5.538708841533044769 ) ) ;
#192 = ORIENTED_EDGE ( 'NONE', *, *, #1344, .F. ) ;
#193 = PRESENTATION_STYLE_ASSIGNMENT (( #1055 ) ) ;
#194 = LINE ( 'NONE', #1955, #180 ) ;
#195 = APPLICATION_PROTOCOL_DEFINITION ( 'draft international standard', 'automotive_design', 1998, #454 ) ;
#196 = ORIENTED_EDGE ( 'NONE', *, *, #1398, .T. ) ;
#197 = CARTESIAN_POINT ( 'NONE',  ( 1.649999999999999023, 0.1499999999999999944, 3.450000000000000178 ) ) ;
#198 = ADVANCED_FACE ( 'NONE', ( #1895 ), #1886, .F. ) ;
#199 = CARTESIAN_POINT ( 'NONE',  ( -1.575000000000027267, 0.2131152455460245954, 5.674999999999999822 ) ) ;
#200 = DIRECTION ( 'NONE',  ( 1.508455196501571429E-16, 0.000000000000000000, 1.000000000000000000 ) ) ;
#201 = ADVANCED_FACE ( 'NONE', ( #2051 ), #1238, .T. ) ;
#202 = CARTESIAN_POINT ( 'NONE',  ( -4.984225011576273623, 0.2499999999999998057, 5.326545663354562699 ) ) ;
#203 = EDGE_CURVE ( 'NONE', #1878, #788, #109, .T. ) ;
#204 = CARTESIAN_POINT ( 'NONE',  ( -4.520272631416467846, 3.800000000000000266, -5.054768651352230080 ) ) ;
#205 = ORIENTED_EDGE ( 'NONE', *, *, #2049, .F. ) ;
#206 = CARTESIAN_POINT ( 'NONE',  ( 1.649999999999999911, 0.1499999999999999944, -3.450000000000001066 ) ) ;
#207 = ORIENTED_EDGE ( 'NONE', *, *, #549, .F. ) ;
#208 = CARTESIAN_POINT ( 'NONE',  ( -4.000000000000000000, 3.550000000000000266, 5.734225011576272735 ) ) ;
#209 = COLOUR_RGB ( '',0.5019607843137254832, 0.5019607843137254832, 0.5019607843137254832 ) ;
#210 = PLANE ( 'NONE',  #1011 ) ;
#211 = CARTESIAN_POINT ( 'NONE',  ( -4.000000000000000000, 3.765963054521581199, 5.466982343680882650 ) ) ;
#212 = AXIS2_PLACEMENT_3D ( 'NONE', #2037, #222, #1874 ) ;
#213 = CARTESIAN_POINT ( 'NONE',  ( 1.649999999999999911, 0.000000000000000000, -5.250000000000000000 ) ) ;
#214 = FACE_OUTER_BOUND ( 'NONE', #764, .T. ) ;
#215 = AXIS2_PLACEMENT_3D ( 'NONE', #1, #1980, #1788 ) ;
#216 = PRODUCT_DEFINITION_FORMATION_WITH_SPECIFIED_SOURCE ( 'ANY', '', #1023, .NOT_KNOWN. ) ;
#217 = ORIENTED_EDGE ( 'NONE', *, *, #575, .T. ) ;
#218 = DIRECTION ( 'NONE',  ( 1.000000000000000000, 0.000000000000000000, 0.000000000000000000 ) ) ;
#219 =( NAMED_UNIT ( * ) PLANE_ANGLE_UNIT ( ) SI_UNIT ( $, .RADIAN. ) );
#220 = EDGE_LOOP ( 'NONE', ( #953, #920, #395, #862, #405, #871, #1540, #1337, #1447, #1444 ) ) ;
#221 = CARTESIAN_POINT ( 'NONE',  ( -1.575000000000027267, 0.2499999999999997780, 5.742592785759245366 ) ) ;
#222 = DIRECTION ( 'NONE',  ( 0.000000000000000000, 0.000000000000000000, 1.000000000000000000 ) ) ;
#223 = ORIENTED_EDGE ( 'NONE', *, *, #351, .F. ) ;
#224 = DIRECTION ( 'NONE',  ( 0.000000000000000000, -1.000000000000000000, 0.000000000000000000 ) ) ;
#225 = B_SPLINE_CURVE_WITH_KNOTS ( 'NONE', 3,
 ( #1622, #1612, #1273, #1975, #1150, #1131 ),
 .UNSPECIFIED., .F., .F.,
 ( 4, 1, 1, 4 ),
 ( 0.000000000000000000, 0.4640831497600454991, 0.5830142621255676172, 1.000000000000000000 ),
 .UNSPECIFIED. ) ;
#226 = ORIENTED_EDGE ( 'NONE', *, *, #2023, .T. ) ;
#227 = CARTESIAN_POINT ( 'NONE',  ( -4.999999999999999112, 3.799999999999999822, 5.750000000000000000 ) ) ;
#228 = CARTESIAN_POINT ( 'NONE',  ( 0.000000000000000000, 0.000000000000000000, 0.000000000000000000 ) ) ;
#229 = ORIENTED_EDGE ( 'NONE', *, *, #1718, .F. ) ;
#230 = DIRECTION ( 'NONE',  ( 0.000000000000000000, -1.000000000000000000, 0.000000000000000000 ) ) ;
#231 = CARTESIAN_POINT ( 'NONE',  ( 4.000000000000000000, 0.000000000000000000, -5.270272631416467846 ) ) ;
#232 =( REPRESENTATION_RELATIONSHIP ('NONE','NONE', #276, #1038 ) REPRESENTATION_RELATIONSHIP_WITH_TRANSFORMATION ( #1328 )SHAPE_REPRESENTATION_RELATIONSHIP( ) );
#233 = CARTESIAN_POINT ( 'NONE',  ( -4.716982343680881762, 0.03403694547841895623, 4.749999999999998224 ) ) ;
#234 = CARTESIAN_POINT ( 'NONE',  ( -1.650000000000000799, 0.1499999999999999944, 3.449999999999999734 ) ) ;
#235 = LINE ( 'NONE', #914, #941 ) ;
#236 = CARTESIAN_POINT ( 'NONE',  ( 3.999999999999997335, 0.1622929048023052101, -5.578519787169307520 ) ) ;
#237 = EDGE_LOOP ( 'NONE', ( #1711, #1783, #69, #1817, #1515, #319, #1139, #1845, #2101, #633 ) ) ;
#238 = ORIENTED_EDGE ( 'NONE', *, *, #1106, .T. ) ;
#239 = CARTESIAN_POINT ( 'NONE',  ( -4.000000000000000000, 3.799999999999999822, 5.270272631416467846 ) ) ;
#240 = SURFACE_SIDE_STYLE ('',( #1881 ) ) ;
#241 = LINE ( 'NONE', #107, #1592 ) ;
#242 = VECTOR ( 'NONE', #398, 1000.000000000000000 ) ;
#243 = CARTESIAN_POINT ( 'NONE',  ( 0.000000000000000000, 2.349999999999999645, 0.000000000000000000 ) ) ;
#244 = CIRCLE ( 'NONE', #2042, 1.000000000000000000 ) ;
#245 = CARTESIAN_POINT ( 'NONE',  ( 4.716982343680881762, 0.03403694547841895623, -4.750000000000000888 ) ) ;
#246 = VECTOR ( 'NONE', #951, 1000.000000000000000 ) ;
#247 = ORIENTED_EDGE ( 'NONE', *, *, #1398, .F. ) ;
#248 = FACE_OUTER_BOUND ( 'NONE', #896, .T. ) ;
#249 =( LENGTH_UNIT ( ) NAMED_UNIT ( * ) SI_UNIT ( .MILLI., .METRE. ) );
#250 = EDGE_LOOP ( 'NONE', ( #1329, #448, #1127, #424 ) ) ;
#251 = EDGE_LOOP ( 'NONE', ( #306, #281, #1897, #2064 ) ) ;
#252 = CARTESIAN_POINT ( 'NONE',  ( 1.650000000000000355, 0.1165146364067247281, -5.538708841533044769 ) ) ;
#253 = CARTESIAN_POINT ( 'NONE',  ( -5.000000000000000888, 0.2499999999999998057, 5.335786437626905077 ) ) ;
#254 = DIRECTION ( 'NONE',  ( -0.000000000000000000, -1.000000000000000000, -0.000000000000000000 ) ) ;
#255 = CARTESIAN_POINT ( 'NONE',  ( 2.000000000000000444, -1.869999999999999885, 3.000000000000000000 ) ) ;
#256 = EDGE_CURVE ( 'NONE', #1879, #639, #2108, .T. ) ;
#257 = CARTESIAN_POINT ( 'NONE',  ( 4.485335654629307278, 0.1622929048023052101, -5.578519787169308408 ) ) ;
#258 = EDGE_LOOP ( 'NONE', ( #1301, #884, #733, #1378 ) ) ;
#259 = ORIENTED_EDGE ( 'NONE', *, *, #1253, .T. ) ;
#260 = CARTESIAN_POINT ( 'NONE',  ( 1.649999999999998579, 0.000000000000000000, 5.250000000000000000 ) ) ;
#261 = DIRECTION ( 'NONE',  ( 0.000000000000000000, 0.000000000000000000, 1.000000000000000000 ) ) ;
#262 = VERTEX_POINT ( 'NONE', #1964 ) ;
#263 = ORIENTED_EDGE ( 'NONE', *, *, #1860, .T. ) ;
#264 = CARTESIAN_POINT ( 'NONE',  ( 1.574999999999973532, 0.2349536822125618818, -5.711952135849553081 ) ) ;
#265 = EDGE_CURVE ( 'NONE', #1669, #1701, #968, .T. ) ;
#266 = CARTESIAN_POINT ( 'NONE',  ( -0.3000000000000000999, 0.02999999999999970746, 1.800000000000000044 ) ) ;
#267 = DIRECTION ( 'NONE',  ( -0.000000000000000000, -0.000000000000000000, -1.000000000000000000 ) ) ;
#268 = EDGE_CURVE ( 'NONE', #123, #635, #1286, .T. ) ;
#269 = EDGE_CURVE ( 'NONE', #2067, #970, #991, .T. ) ;
#270 = CARTESIAN_POINT ( 'NONE',  ( 4.716982343680883538, 0.03403694547841895623, 4.749999999999997335 ) ) ;
#271 = EDGE_LOOP ( 'NONE', ( #1476, #2090, #196, #1824 ) ) ;
#272 = VERTEX_POINT ( 'NONE', #150 ) ;
#273 = CARTESIAN_POINT ( 'NONE',  ( -4.999999999999999112, 0.2499999999999997780, 4.749999999999998224 ) ) ;
#274 = ORIENTED_EDGE ( 'NONE', *, *, #962, .T. ) ;
#275 = EDGE_LOOP ( 'NONE', ( #714, #1651, #1728, #1060 ) ) ;
#276 = SHAPE_REPRESENTATION ( 'FXL1040', ( #1981, #913, #2116, #1189 ), #425 ) ;
#277 = DIRECTION ( 'NONE',  ( 1.000000000000000000, 0.000000000000000000, -8.673617379884035472E-16 ) ) ;
#278 = CARTESIAN_POINT ( 'NONE',  ( -4.500000000000001776, 3.799999999999999822, -4.750000000000000000 ) ) ;
#279 = CARTESIAN_POINT ( 'NONE',  ( -4.419998532946214809, 0.03403694547841895623, -5.466982343680882650 ) ) ;
#280 = VECTOR ( 'NONE', #545, 1000.000000000000000 ) ;
#281 = ORIENTED_EDGE ( 'NONE', *, *, #1941, .F. ) ;
#282 = EDGE_CURVE ( 'NONE', #2112, #907, #1274, .T. ) ;
#283 = AXIS2_PLACEMENT_3D ( 'NONE', #942, #470, #439 ) ;
#284 = LINE ( 'NONE', #971, #631 ) ;
#285 = ADVANCED_FACE ( 'NONE', ( #1624 ), #313, .T. ) ;
#286 =( NAMED_UNIT ( * ) PLANE_ANGLE_UNIT ( ) SI_UNIT ( $, .RADIAN. ) );
#287 = ORIENTED_EDGE ( 'NONE', *, *, #348, .T. ) ;
#288 = VECTOR ( 'NONE', #396, 1000.000000000000000 ) ;
#289 = VERTEX_POINT ( 'NONE', #2119 ) ;
#290 = ADVANCED_FACE ( 'NONE', ( #499 ), #1638, .F. ) ;
#291 = VECTOR ( 'NONE', #254, 1000.000000000000000 ) ;
#292 = CARTESIAN_POINT ( 'NONE',  ( 1.574999999999973088, 2.349999999999999645, -5.750000000000000000 ) ) ;
#293 = DIRECTION ( 'NONE',  ( -0.000000000000000000, -0.000000000000000000, -1.000000000000000000 ) ) ;
#294 = CARTESIAN_POINT ( 'NONE',  ( 0.03000000000000022093, -1.869999999999999885, 3.000000000000000000 ) ) ;
#295 = FACE_OUTER_BOUND ( 'NONE', #436, .T. ) ;
#296 = ADVANCED_FACE ( 'NONE', ( #1132 ), #646, .F. ) ;
#297 = B_SPLINE_SURFACE_WITH_KNOTS ( 'NONE', 3, 1, ( 
 ( #1250, #959 ),
 ( #1608, #308 ),
 ( #2089, #446 ),
 ( #797, #1111 ),
 ( #1089, #621 ),
 ( #1770, #1909 ) ),
 .UNSPECIFIED., .F., .F., .F.,
 ( 4, 1, 1, 4 ),
 ( 2, 2 ),
 ( 0.000000000000000000, 0.4169857378744323828, 0.5359168502399545009, 1.000000000000000000 ),
 ( 0.000000000000000000, 1.000000000000000000 ),
 .UNSPECIFIED. ) ;
#298 = ORIENTED_EDGE ( 'NONE', *, *, #654, .T. ) ;
#299 = DIRECTION ( 'NONE',  ( -3.771137991253928573E-16, 0.000000000000000000, 1.000000000000000000 ) ) ;
#300 = ORIENTED_EDGE ( 'NONE', *, *, #186, .T. ) ;
#301 = ORIENTED_EDGE ( 'NONE', *, *, #186, .F. ) ;
#302 = CARTESIAN_POINT ( 'NONE',  ( 4.716982343680880874, 3.765963054521581199, -4.750000000000000000 ) ) ;
#303 = UNCERTAINTY_MEASURE_WITH_UNIT (LENGTH_MEASURE( 1.000000000000000082E-05 ), #249, 'distance_accuracy_value', 'NONE');
#304 = CARTESIAN_POINT ( 'NONE',  ( -4.485335654629311719, 3.637707095197694862, -5.578519787169306632 ) ) ;
#305 = CYLINDRICAL_SURFACE ( 'NONE', #1729, 1.000000000000000000 ) ;
#306 = ORIENTED_EDGE ( 'NONE', *, *, #1057, .T. ) ;
#307 = APPLICATION_CONTEXT ( 'automotive_design' ) ;
#308 = CARTESIAN_POINT ( 'NONE',  ( -4.984225011576271847, 3.550000000000000266, 4.749999999999998224 ) ) ;
#309 =( NAMED_UNIT ( * ) SI_UNIT ( $, .STERADIAN. ) SOLID_ANGLE_UNIT ( ) );
#310 = ORIENTED_EDGE ( 'NONE', *, *, #2082, .T. ) ;
#311 = ORIENTED_EDGE ( 'NONE', *, *, #817, .T. ) ;
#312 = CARTESIAN_POINT ( 'NONE',  ( 4.485335654629307278, 3.637707095197694862, -5.578519787169308408 ) ) ;
#313 = PLANE ( 'NONE',  #704 ) ;
#314 = CARTESIAN_POINT ( 'NONE',  ( 1.574999999999973088, 2.349999999999999645, -5.674999999999998046 ) ) ;
#315 = EDGE_LOOP ( 'NONE', ( #311, #2057, #643, #622 ) ) ;
#316 = CARTESIAN_POINT ( 'NONE',  ( 1.574999999999973088, 0.2131152455460238737, -5.674999999999998046 ) ) ;
#317 = B_SPLINE_CURVE_WITH_KNOTS ( 'NONE', 3,
 ( #1872, #231, #479, #106, #1750, #1589 ),
 .UNSPECIFIED., .F., .F.,
 ( 4, 1, 1, 4 ),
 ( 0.000000000000000000, 0.4640831497600454991, 0.5830142621255676172, 1.000000000000000000 ),
 .UNSPECIFIED. ) ;
#318 = VECTOR ( 'NONE', #1736, 1000.000000000000000 ) ;
#319 = ORIENTED_EDGE ( 'NONE', *, *, #2093, .F. ) ;
#320 = VECTOR ( 'NONE', #1819, 1000.000000000000000 ) ;
#321 = CARTESIAN_POINT ( 'NONE',  ( 4.261631002894469944, 3.800000000000000711, 5.195273771165535237 ) ) ;
#322 = AXIS2_PLACEMENT_3D ( 'NONE', #119, #188, #357 ) ;
#323 = CARTESIAN_POINT ( 'NONE',  ( 4.984225011576267406, 0.2499999999999998057, 5.326545663354564475 ) ) ;
#324 = COLOUR_RGB ( '',0.8666666666666666963, 0.9098039215686274384, 1.000000000000000000 ) ;
#325 = CARTESIAN_POINT ( 'NONE',  ( 4.984225011576270958, 3.550000000000000266, -4.750000000000000888 ) ) ;
#326 = DIRECTION ( 'NONE',  ( -0.000000000000000000, -0.000000000000000000, -1.000000000000000000 ) ) ;
#327 = CARTESIAN_POINT ( 'NONE',  ( 4.000000000000000000, 3.799999999999999822, -5.250000000000000000 ) ) ;
#328 = CARTESIAN_POINT ( 'NONE',  ( 4.999999999999999112, 3.550000000000000266, -4.750000000000000888 ) ) ;
#329 = EDGE_CURVE ( 'NONE', #1414, #1609, #981, .T. ) ;
#330 = EDGE_LOOP ( 'NONE', ( #928, #263, #1001, #782, #2126, #2100, #544, #590 ) ) ;
#331 = CARTESIAN_POINT ( 'NONE',  ( -1.575000000000027267, 0.2131152455460247619, -5.674999999999998934 ) ) ;
#332 = EDGE_LOOP ( 'NONE', ( #486, #1717, #2122, #993, #392, #1597, #752, #576 ) ) ;
#333 = DIRECTION ( 'NONE',  ( -1.694065894508600185E-16, 1.000000000000000000, 0.000000000000000000 ) ) ;
#334 = CARTESIAN_POINT ( 'NONE',  ( -4.000000000000001776, 0.2499999999999997780, -5.750000000000000000 ) ) ;
#335 = CARTESIAN_POINT ( 'NONE',  ( -4.828519787169308408, 0.1622929048023052101, -4.750000000000000000 ) ) ;
#336 = CARTESIAN_POINT ( 'NONE',  ( -4.828519787169306632, 3.637707095197694862, 4.749999999999998224 ) ) ;
#337 = CARTESIAN_POINT ( 'NONE',  ( -4.828519787169308408, 0.1622929048023052101, -5.235335654629311719 ) ) ;
#338 = EDGE_CURVE ( 'NONE', #413, #1855, #1594, .T. ) ;
#339 = ORIENTED_EDGE ( 'NONE', *, *, #1317, .F. ) ;
#340 = CARTESIAN_POINT ( 'NONE',  ( 0.000000000000000000, 0.1500000000000000222, -5.580378705966810848 ) ) ;
#341 = VERTEX_POINT ( 'NONE', #1937 ) ;
#342 = CARTESIAN_POINT ( 'NONE',  ( 4.500000000000000000, 0.000000000000000000, -4.750000000000000888 ) ) ;
#343 = CARTESIAN_POINT ( 'NONE',  ( 4.716982343680879985, 0.03403694547841895623, 4.750000000000001776 ) ) ;
#344 = CARTESIAN_POINT ( 'NONE',  ( -4.984225011576273623, 3.549999999999999822, 5.326545663354562699 ) ) ;
#345 = B_SPLINE_CURVE_WITH_KNOTS ( 'NONE', 3,
 ( #2083, #1775, #955, #481, #2127, #1593 ),
 .UNSPECIFIED., .F., .F.,
 ( 4, 1, 1, 4 ),
 ( 0.000000000000000000, 0.4169857378744323828, 0.5359168502399545009, 1.000000000000000000 ),
 .UNSPECIFIED. ) ;
#346 = ORIENTED_EDGE ( 'NONE', *, *, #282, .F. ) ;
#347 = CARTESIAN_POINT ( 'NONE',  ( -1.575000000000027267, 2.349999999999999645, 5.674999999999998934 ) ) ;
#348 = EDGE_CURVE ( 'NONE', #136, #413, #1299, .T. ) ;
#349 = LINE ( 'NONE', #340, #11 ) ;
#350 = VERTEX_POINT ( 'NONE', #1777 ) ;
#351 = EDGE_CURVE ( 'NONE', #649, #350, #803, .T. ) ;
#352 = VECTOR ( 'NONE', #1086, 1000.000000000000000 ) ;
#353 = CARTESIAN_POINT ( 'NONE',  ( -4.000000000000000000, 0.2499999999999997780, 5.750000000000000000 ) ) ;
#354 = VECTOR ( 'NONE', #14, 1000.000000000000000 ) ;
#355 = ADVANCED_FACE ( 'NONE', ( #1471 ), #1098, .F. ) ;
#356 = CARTESIAN_POINT ( 'NONE',  ( 0.02999999999999994338, 0.3300000000000000155, 3.000000000000000000 ) ) ;
#357 = DIRECTION ( 'NONE',  ( 1.000000000000000000, 0.000000000000000000, 0.000000000000000000 ) ) ;
#358 = AXIS2_PLACEMENT_3D ( 'NONE', #1478, #1734, #1158 ) ;
#359 = VECTOR ( 'NONE', #1372, 1000.000000000000000 ) ;
#360 = CARTESIAN_POINT ( 'NONE',  ( -5.000000000000000888, 0.2499999999999997780, -4.750000000000000888 ) ) ;
#361 = LINE ( 'NONE', #1377, #1619 ) ;
#362 = FACE_OUTER_BOUND ( 'NONE', #604, .T. ) ;
#363 = EDGE_CURVE ( 'NONE', #136, #478, #2028, .T. ) ;
#364 = APPLICATION_PROTOCOL_DEFINITION ( 'draft international standard', 'automotive_design', 1998, #1913 ) ;
#365 = CARTESIAN_POINT ( 'NONE',  ( 4.292893218813450318, 0.000000000000000000, -5.250000000000000888 ) ) ;
#366 = CARTESIAN_POINT ( 'NONE',  ( 2.000000000000000444, -1.869999999999999885, 0.000000000000000000 ) ) ;
#367 = CARTESIAN_POINT ( 'NONE',  ( -4.500000000000000000, 0.000000000000000000, 4.749999999999998224 ) ) ;
#368 = CARTESIAN_POINT ( 'NONE',  ( -4.000000000000000888, 0.1622929048023052101, 5.578519787169307520 ) ) ;
#369 = CARTESIAN_POINT ( 'NONE',  ( 2.000000000000000444, -2.169999999999999929, 3.000000000000000000 ) ) ;
#370 = FILL_AREA_STYLE_COLOUR ( '', #209 ) ;
#371 = CARTESIAN_POINT ( 'NONE',  ( 1.649999999999999911, 0.000000000000000000, -3.450000000000001066 ) ) ;
#372 = ORIENTED_EDGE ( 'NONE', *, *, #679, .F. ) ;
#373 = CARTESIAN_POINT ( 'NONE',  ( 4.000000000000000000, 3.550000000000000266, -5.734225011576272735 ) ) ;
#374 =( BOUNDED_SURFACE ( )  B_SPLINE_SURFACE ( 3, 3, ( 
 ( #1671, #1010, #1466, #1743 ),
 ( #1072, #1385, #1399, #1256 ),
 ( #1520, #1246, #407, #2084 ),
 ( #1415, #1894, #925, #1580 ),
 ( #609, #2036, #1062, #433 ),
 ( #1873, #585, #88, #1719 ) ),
 .UNSPECIFIED., .F., .F., .F. ) 
 B_SPLINE_SURFACE_WITH_KNOTS ( ( 4, 1, 1, 4 ),
 ( 4, 4 ),
 ( 0.000000000000000000, 0.4169857378744323828, 0.5359168502399545009, 1.000000000000000000 ),
 ( 0.000000000000000000, 1.000000000000000000 ),
 .UNSPECIFIED. ) 
 GEOMETRIC_REPRESENTATION_ITEM ( )  RATIONAL_B_SPLINE_SURFACE ( (
 ( 1.000000000000000000, 0.8047378541243652705, 0.8047378541243652705, 1.000000000000000000),
 ( 1.000000000000000000, 0.8047378541243652705, 0.8047378541243652705, 1.000000000000000000),
 ( 1.000000000000000000, 0.8047378541243652705, 0.8047378541243652705, 1.000000000000000000),
 ( 1.000000000000000000, 0.8047378541243652705, 0.8047378541243652705, 1.000000000000000000),
 ( 1.000000000000000000, 0.8047378541243652705, 0.8047378541243652705, 1.000000000000000000),
 ( 1.000000000000000000, 0.8047378541243652705, 0.8047378541243652705, 1.000000000000000000) ) ) 
 REPRESENTATION_ITEM ( '' )  SURFACE ( )  );
#375 = APPLICATION_CONTEXT ( 'automotive_design' ) ;
#376 = B_SPLINE_CURVE_WITH_KNOTS ( 'NONE', 3,
 ( #2029, #1863, #1833, #1042, #44, #1368 ),
 .UNSPECIFIED., .F., .F.,
 ( 4, 1, 1, 4 ),
 ( 0.000000000000000000, 0.4169857378744323828, 0.5359168502399545009, 1.000000000000000000 ),
 .UNSPECIFIED. ) ;
#377 = CARTESIAN_POINT ( 'NONE',  ( -4.500000000000000000, 3.799999999999999822, 4.749999999999998224 ) ) ;
#378 = CARTESIAN_POINT ( 'NONE',  ( -4.130577306269329618, 3.799999999999999822, -5.250000000000000000 ) ) ;
#379 = CARTESIAN_POINT ( 'NONE',  ( 1.649999999999998579, 0.000000000000000000, 5.250000000000000000 ) ) ;
#380 = CARTESIAN_POINT ( 'NONE',  ( -4.292893218813452982, 3.800000000000000266, -5.250000000000000000 ) ) ;
#381 = FACE_OUTER_BOUND ( 'NONE', #80, .T. ) ;
#382 = CARTESIAN_POINT ( 'NONE',  ( 4.000000000000000888, 3.550000000000000266, 4.749999999999997335 ) ) ;
#383 = CARTESIAN_POINT ( 'NONE',  ( 4.000000000000000000, 0.2499999999999997780, -5.750000000000000000 ) ) ;
#384 = LINE ( 'NONE', #1847, #1186 ) ;
#385 = AXIS2_PLACEMENT_3D ( 'NONE', #537, #2018, #2030 ) ;
#386 = VECTOR ( 'NONE', #1837, 1000.000000000000000 ) ;
#387 = CARTESIAN_POINT ( 'NONE',  ( -4.500000000000000888, 3.800000000000000266, -5.042893218813452982 ) ) ;
#388 = VECTOR ( 'NONE', #820, 1000.000000000000000 ) ;
#389 = ORIENTED_EDGE ( 'NONE', *, *, #1918, .F. ) ;
#390 = FACE_OUTER_BOUND ( 'NONE', #1135, .T. ) ;
#391 = EDGE_CURVE ( 'NONE', #438, #1939, #1554, .T. ) ;
#392 = ORIENTED_EDGE ( 'NONE', *, *, #1636, .T. ) ;
#393 = CARTESIAN_POINT ( 'NONE',  ( 4.520272631416466957, 3.799999999999999822, -4.750000000000000888 ) ) ;
#394 = CARTESIAN_POINT ( 'NONE',  ( 0.02999999999999999889, 0.000000000000000000, 1.200000000000000178 ) ) ;
#395 = ORIENTED_EDGE ( 'NONE', *, *, #1448, .F. ) ;
#396 = DIRECTION ( 'NONE',  ( 1.000000000000000000, -9.035018104045871927E-17, -0.000000000000000000 ) ) ;
#397 = DIRECTION ( 'NONE',  ( 0.000000000000000000, -1.000000000000000000, 0.000000000000000000 ) ) ;
#398 = DIRECTION ( 'NONE',  ( -0.000000000000000000, -0.000000000000000000, 1.000000000000000000 ) ) ;
#399 = LINE ( 'NONE', #1065, #2114 ) ;
#400 = ADVANCED_FACE ( 'NONE', ( #550 ), #1526, .T. ) ;
#401 = VERTEX_POINT ( 'NONE', #1195 ) ;
#402 = ORIENTED_EDGE ( 'NONE', *, *, #1027, .T. ) ;
#403 = CARTESIAN_POINT ( 'NONE',  ( -4.000000000000000000, 3.550000000000000266, -5.750000000000000000 ) ) ;
#404 = FILL_AREA_STYLE_COLOUR ( '', #2009 ) ;
#405 = ORIENTED_EDGE ( 'NONE', *, *, #265, .T. ) ;
#406 = CARTESIAN_POINT ( 'NONE',  ( 3.999999999999998224, 3.799999999999999822, -5.750000000000000000 ) ) ;
#407 = CARTESIAN_POINT ( 'NONE',  ( 4.828519787169301303, 3.637707095197694862, 5.235335654629311719 ) ) ;
#408 = LINE ( 'NONE', #1875, #242 ) ;
#409 = CARTESIAN_POINT ( 'NONE',  ( -1.650000000000000799, 0.000000000000000000, 3.449999999999999734 ) ) ;
#410 = ORIENTED_EDGE ( 'NONE', *, *, #648, .T. ) ;
#411 = CARTESIAN_POINT ( 'NONE',  ( 4.716982343680883538, 3.765963054521581199, 4.749999999999997335 ) ) ;
#412 = CARTESIAN_POINT ( 'NONE',  ( -0.2999999999999999889, -3.701165704306833206E-17, 0.000000000000000000 ) ) ;
#413 = VERTEX_POINT ( 'NONE', #369 ) ;
#414 = ORIENTED_EDGE ( 'NONE', *, *, #1918, .T. ) ;
#415 = CARTESIAN_POINT ( 'NONE',  ( 4.000000000000001776, 0.2499999999999997780, 5.750000000000000000 ) ) ;
#416 = CARTESIAN_POINT ( 'NONE',  ( -4.000000000000000000, 3.799999999999999822, 5.270272631416467846 ) ) ;
#417 = EDGE_CURVE ( 'NONE', #907, #2043, #1053, .T. ) ;
#418 = CARTESIAN_POINT ( 'NONE',  ( -1.650000000000000799, 0.000000000000000000, 3.449999999999999734 ) ) ;
#419 = DIRECTION ( 'NONE',  ( -1.000000000000000000, 0.000000000000000000, -0.000000000000000000 ) ) ;
#420 = VECTOR ( 'NONE', #889, 1000.000000000000000 ) ;
#421 = DIRECTION ( 'NONE',  ( -1.885568995626964287E-16, -0.000000000000000000, -1.000000000000000000 ) ) ;
#422 = VECTOR ( 'NONE', #1480, 1000.000000000000000 ) ;
#423 = ORIENTED_EDGE ( 'NONE', *, *, #70, .F. ) ;
#424 = ORIENTED_EDGE ( 'NONE', *, *, #2019, .T. ) ;
#425 =( GEOMETRIC_REPRESENTATION_CONTEXT ( 3 ) GLOBAL_UNCERTAINTY_ASSIGNED_CONTEXT ( ( #1676 ) ) GLOBAL_UNIT_ASSIGNED_CONTEXT ( ( #995, #525, #821 ) ) REPRESENTATION_CONTEXT ( 'NONE', 'WORKASPACE' ) );
#426 = DIRECTION ( 'NONE',  ( -9.035018104045870694E-17, -1.000000000000000000, -1.355252715606881282E-16 ) ) ;
#427 = DIRECTION ( 'NONE',  ( -1.000000000000000000, 0.000000000000000000, 0.000000000000000000 ) ) ;
#428 = VERTEX_POINT ( 'NONE', #1367 ) ;
#429 = ORIENTED_EDGE ( 'NONE', *, *, #1586, .F. ) ;
#430 = CARTESIAN_POINT ( 'NONE',  ( 1.574999999999973088, 0.2499999999999997780, -5.750000000000000000 ) ) ;
#431 = ADVANCED_FACE ( 'NONE', ( #214 ), #1841, .F. ) ;
#432 = ADVANCED_FACE ( 'NONE', ( #2016 ), #1700, .F. ) ;
#433 = CARTESIAN_POINT ( 'NONE',  ( 4.520272631416466069, 3.799999999999999822, 4.750000000000001776 ) ) ;
#434 = CARTESIAN_POINT ( 'NONE',  ( -1.650000000000000799, 0.1499999999999999944, 3.449999999999999734 ) ) ;
#435 = CARTESIAN_POINT ( 'NONE',  ( 3.999999999999998224, 0.03403694547841895623, -5.466982343680882650 ) ) ;
#436 = EDGE_LOOP ( 'NONE', ( #963, #1486, #274, #372 ) ) ;
#437 = CARTESIAN_POINT ( 'NONE',  ( -5.000000000000000888, 3.550000000000000266, -4.750000000000000000 ) ) ;
#438 = VERTEX_POINT ( 'NONE', #234 ) ;
#439 = DIRECTION ( 'NONE',  ( -1.000000000000000000, 0.000000000000000000, 0.000000000000000000 ) ) ;
#440 = CARTESIAN_POINT ( 'NONE',  ( 2.270048298641524909E-16, -1.839999999999999858, 3.000000000000000000 ) ) ;
#441 = LINE ( 'NONE', #1107, #1861 ) ;
#442 = EDGE_CURVE ( 'NONE', #1698, #1879, #562, .T. ) ;
#443 = CARTESIAN_POINT ( 'NONE',  ( 4.520272631416466069, 0.000000000000000000, -4.750000000000000000 ) ) ;
#444 = ORIENTED_EDGE ( 'NONE', *, *, #819, .T. ) ;
#445 = EDGE_CURVE ( 'NONE', #1601, #818, #1339, .T. ) ;
#446 = CARTESIAN_POINT ( 'NONE',  ( -4.828519787169306632, 3.637707095197694862, 4.749999999999998224 ) ) ;
#447 = VERTEX_POINT ( 'NONE', #543 ) ;
#448 = ORIENTED_EDGE ( 'NONE', *, *, #642, .F. ) ;
#449 = ADVANCED_FACE ( 'NONE', ( #1207 ), #742, .F. ) ;
#450 = CARTESIAN_POINT ( 'NONE',  ( 4.828519787169305744, 3.637707095197694862, -5.235335654629311719 ) ) ;
#451 = CARTESIAN_POINT ( 'NONE',  ( -4.000000000000000888, 0.03403694547841895623, -5.466982343680882650 ) ) ;
#452 = AXIS2_PLACEMENT_3D ( 'NONE', #824, #1666, #1006 ) ;
#453 = ORIENTED_EDGE ( 'NONE', *, *, #1041, .F. ) ;
#454 = APPLICATION_CONTEXT ( 'automotive_design' ) ;
#455 = VECTOR ( 'NONE', #1421, 1000.000000000000000 ) ;
#456 = FACE_OUTER_BOUND ( 'NONE', #1174, .T. ) ;
#457 = DIRECTION ( 'NONE',  ( 0.000000000000000000, 0.000000000000000000, 1.000000000000000000 ) ) ;
#458 = VERTEX_POINT ( 'NONE', #26 ) ;
#459 = VECTOR ( 'NONE', #1176, 1000.000000000000000 ) ;
#460 = DIRECTION ( 'NONE',  ( 0.000000000000000000, 0.000000000000000000, 1.000000000000000000 ) ) ;
#461 = CARTESIAN_POINT ( 'NONE',  ( -4.576545663354565363, 3.550000000000000266, -5.734225011576271847 ) ) ;
#462 = CARTESIAN_POINT ( 'NONE',  ( 4.500000000000000000, 3.799999999999999822, -4.750000000000000888 ) ) ;
#463 = PRODUCT_DEFINITION_SHAPE ( 'NONE', 'NONE',  #629 ) ;
#464 = ORIENTED_EDGE ( 'NONE', *, *, #1096, .T. ) ;
#465 = CARTESIAN_POINT ( 'NONE',  ( 4.520272631416466957, 3.799999999999999822, -4.750000000000001776 ) ) ;
#466 = DIRECTION ( 'NONE',  ( -1.694065894508600185E-16, 1.000000000000000000, 0.000000000000000000 ) ) ;
#467 =( NAMED_UNIT ( * ) SI_UNIT ( $, .STERADIAN. ) SOLID_ANGLE_UNIT ( ) );
#468 = VERTEX_POINT ( 'NONE', #1179 ) ;
#469 = ORIENTED_EDGE ( 'NONE', *, *, #129, .T. ) ;
#470 = DIRECTION ( 'NONE',  ( 0.000000000000000000, 0.000000000000000000, 1.000000000000000000 ) ) ;
#471 = CARTESIAN_POINT ( 'NONE',  ( 4.499999999999995559, 0.000000000000000000, 5.042893218813451206 ) ) ;
#472 = CARTESIAN_POINT ( 'NONE',  ( -0.3000000000000000999, 0.02999999999999978725, 1.200000000000000178 ) ) ;
#473 = PLANE ( 'NONE',  #532 ) ;
#474 = VERTEX_POINT ( 'NONE', #199 ) ;
#475 = CARTESIAN_POINT ( 'NONE',  ( -4.000000000000000000, 0.2499999999999997780, 5.750000000000000000 ) ) ;
#476 = SURFACE_STYLE_USAGE ( .BOTH. , #1446 ) ;
#477 = VERTEX_POINT ( 'NONE', #1191 ) ;
#478 = VERTEX_POINT ( 'NONE', #366 ) ;
#479 = CARTESIAN_POINT ( 'NONE',  ( 4.000000000000000000, 0.03403694547841895623, -5.466982343680882650 ) ) ;
#480 = CARTESIAN_POINT ( 'NONE',  ( 4.520272631416466069, 0.000000000000000000, 4.750000000000001776 ) ) ;
#481 = CARTESIAN_POINT ( 'NONE',  ( 4.716982343680883538, 3.765963054521581199, 4.749999999999997335 ) ) ;
#482 = EDGE_CURVE ( 'NONE', #272, #478, #36, .T. ) ;
#483 = CARTESIAN_POINT ( 'NONE',  ( 1.574999999999973088, 2.349999999999999645, 5.750000000000000000 ) ) ;
#484 = CARTESIAN_POINT ( 'NONE',  ( -4.000000000000001776, 3.550000000000000266, -5.734225011576272735 ) ) ;
#485 = DIRECTION ( 'NONE',  ( 0.000000000000000000, 0.000000000000000000, -1.000000000000000000 ) ) ;
#486 = ORIENTED_EDGE ( 'NONE', *, *, #498, .T. ) ;
#487 = DIRECTION ( 'NONE',  ( 1.000000000000000000, -0.000000000000000000, 2.753529326947312433E-16 ) ) ;
#488 = DIRECTION ( 'NONE',  ( -0.000000000000000000, -0.000000000000000000, -1.000000000000000000 ) ) ;
#489 = VECTOR ( 'NONE', #1214, 1000.000000000000000 ) ;
#490 = EDGE_LOOP ( 'NONE', ( #389, #1499, #1054, #2044 ) ) ;
#491 = EDGE_CURVE ( 'NONE', #1969, #1103, #1647, .T. ) ;
#492 = AXIS2_PLACEMENT_3D ( 'NONE', #1708, #397, #1852 ) ;
#493 = DIRECTION ( 'NONE',  ( 1.000000000000000000, 1.694065894508600185E-16, -0.000000000000000000 ) ) ;
#494 = CARTESIAN_POINT ( 'NONE',  ( -4.000000000000001776, 0.1622929048023052101, -5.578519787169307520 ) ) ;
#495 = AXIS2_PLACEMENT_3D ( 'NONE', #228, #894, #95 ) ;
#496 = FACE_OUTER_BOUND ( 'NONE', #2091, .T. ) ;
#497 = CARTESIAN_POINT ( 'NONE',  ( 4.499999999999998224, 0.000000000000000000, 4.749999999999997335 ) ) ;
#498 = EDGE_CURVE ( 'NONE', #779, #1468, #999, .T. ) ;
#499 = FACE_OUTER_BOUND ( 'NONE', #1268, .T. ) ;
#500 = CARTESIAN_POINT ( 'NONE',  ( -1.575000000000027267, 2.349999999999999645, 5.674999999999998934 ) ) ;
#501 = ORIENTED_EDGE ( 'NONE', *, *, #559, .T. ) ;
#502 = DIRECTION ( 'NONE',  ( 1.000000000000000000, 0.000000000000000000, 0.000000000000000000 ) ) ;
#503 = CARTESIAN_POINT ( 'NONE',  ( -4.445273771165228816, 3.800000000000000711, 5.011631002894787024 ) ) ;
#504 = EDGE_LOOP ( 'NONE', ( #2125, #653, #1112, #1792 ) ) ;
#505 = DIRECTION ( 'NONE',  ( 1.233721901435611192E-16, -1.000000000000000000, 0.000000000000000000 ) ) ;
#506 = DIRECTION ( 'NONE',  ( 2.828353493440446800E-16, 0.000000000000000000, -1.000000000000000000 ) ) ;
#507 = CARTESIAN_POINT ( 'NONE',  ( -4.292893218813452982, 0.000000000000000000, 5.250000000000000000 ) ) ;
#508 = CARTESIAN_POINT ( 'NONE',  ( -4.000000000000000000, 0.000000000000000000, 5.270272631416467846 ) ) ;
#509 = ADVANCED_FACE ( 'NONE', ( #167 ), #988, .F. ) ;
#510 = ORIENTED_EDGE ( 'NONE', *, *, #1857, .F. ) ;
#511 = DIRECTION ( 'NONE',  ( 1.000000000000000000, 0.000000000000000000, 1.314184451497581259E-16 ) ) ;
#512 = LINE ( 'NONE', #15, #1226 ) ;
#513 = DIRECTION ( 'NONE',  ( 1.000000000000000000, 0.000000000000000000, 0.000000000000000000 ) ) ;
#514 = ADVANCED_FACE ( 'NONE', ( #157 ), #1016, .F. ) ;
#515 = ORIENTED_EDGE ( 'NONE', *, *, #2082, .F. ) ;
#516 =( BOUNDED_SURFACE ( )  B_SPLINE_SURFACE ( 3, 3, ( 
 ( #160, #1443, #131, #816 ),
 ( #638, #1108, #1927, #1754 ),
 ( #451, #279, #1595, #1767 ),
 ( #1343, #1525, #337, #1812 ),
 ( #1375, #40, #878, #1497 ),
 ( #1019, #1535, #1366, #360 ) ),
 .UNSPECIFIED., .F., .F., .F. ) 
 B_SPLINE_SURFACE_WITH_KNOTS ( ( 4, 1, 1, 4 ),
 ( 4, 4 ),
 ( 0.000000000000000000, 0.4640831497600454991, 0.5830142621255676172, 1.000000000000000000 ),
 ( 0.000000000000000000, 1.000000000000000000 ),
 .UNSPECIFIED. ) 
 GEOMETRIC_REPRESENTATION_ITEM ( )  RATIONAL_B_SPLINE_SURFACE ( (
 ( 1.000000000000000000, 0.8047378541243652705, 0.8047378541243652705, 1.000000000000000000),
 ( 1.000000000000000000, 0.8047378541243652705, 0.8047378541243652705, 1.000000000000000000),
 ( 1.000000000000000000, 0.8047378541243652705, 0.8047378541243652705, 1.000000000000000000),
 ( 1.000000000000000000, 0.8047378541243652705, 0.8047378541243652705, 1.000000000000000000),
 ( 1.000000000000000000, 0.8047378541243652705, 0.8047378541243652705, 1.000000000000000000),
 ( 1.000000000000000000, 0.8047378541243652705, 0.8047378541243652705, 1.000000000000000000) ) ) 
 REPRESENTATION_ITEM ( '' )  SURFACE ( )  );
#517 = CARTESIAN_POINT ( 'NONE',  ( -1.649999999999999911, 0.1499999999999999944, -3.450000000000001510 ) ) ;
#518 = CARTESIAN_POINT ( 'NONE',  ( 3.999999999999996447, 0.2499999999999997780, 5.749999999999993783 ) ) ;
#519 = CARTESIAN_POINT ( 'NONE',  ( -4.828519787169306632, 0.1622929048023052101, 4.749999999999998224 ) ) ;
#520 = CARTESIAN_POINT ( 'NONE',  ( -4.419998532946214809, 3.765963054521580755, -5.466982343680882650 ) ) ;
#521 = CYLINDRICAL_SURFACE ( 'NONE', #1832, 1.000000000000000000 ) ;
#522 = CARTESIAN_POINT ( 'NONE',  ( 4.000000000000000888, 3.799999999999999822, 4.749999999999997335 ) ) ;
#523 = LINE ( 'NONE', #1184, #280 ) ;
#524 = CARTESIAN_POINT ( 'NONE',  ( 1.574999999999973088, 0.2131152455460247619, 5.674999999999998046 ) ) ;
#525 =( NAMED_UNIT ( * ) PLANE_ANGLE_UNIT ( ) SI_UNIT ( $, .RADIAN. ) );
#526 = ORIENTED_EDGE ( 'NONE', *, *, #1004, .F. ) ;
#527 = MECHANICAL_DESIGN_GEOMETRIC_PRESENTATION_REPRESENTATION (  '', ( #1081 ), #662 ) ;
#528 = CARTESIAN_POINT ( 'NONE',  ( 4.000000000000001776, 0.000000000000000000, 5.250000000000000000 ) ) ;
#529 = VECTOR ( 'NONE', #421, 1000.000000000000000 ) ;
#530 = CARTESIAN_POINT ( 'NONE',  ( -4.716982343680883538, 0.03403694547841895623, -4.750000000000000000 ) ) ;
#531 = CARTESIAN_POINT ( 'NONE',  ( -4.716982343680882650, 3.765963054521581199, 4.750000000000000000 ) ) ;
#532 = AXIS2_PLACEMENT_3D ( 'NONE', #1464, #2129, #947 ) ;
#533 = DIRECTION ( 'NONE',  ( 1.000000000000000000, 0.000000000000000000, -0.000000000000000000 ) ) ;
#534 = CARTESIAN_POINT ( 'NONE',  ( -4.716982343680882650, 0.03403694547841895623, 5.169998532946213032 ) ) ;
#535 = DIRECTION ( 'NONE',  ( -1.000000000000000000, 0.000000000000000000, 0.000000000000000000 ) ) ;
#536 = DIRECTION ( 'NONE',  ( 1.000000000000000000, 0.000000000000000000, -9.427844978134821433E-17 ) ) ;
#537 = CARTESIAN_POINT ( 'NONE',  ( 0.000000000000000000, 0.000000000000000000, 3.000000000000000000 ) ) ;
#538 = FACE_OUTER_BOUND ( 'NONE', #1310, .T. ) ;
#539 = FACE_OUTER_BOUND ( 'NONE', #1966, .T. ) ;
#540 = CARTESIAN_POINT ( 'NONE',  ( -4.000000000000000000, 0.000000000000000000, 5.250000000000000000 ) ) ;
#541 = CARTESIAN_POINT ( 'NONE',  ( -4.000000000000000000, 0.2499999999999997780, 5.750000000000000000 ) ) ;
#542 = B_SPLINE_CURVE_WITH_KNOTS ( 'NONE', 3,
 ( #133, #630, #1291, #1940, #465, #841 ),
 .UNSPECIFIED., .F., .F.,
 ( 4, 1, 1, 4 ),
 ( 0.000000000000000000, 0.4169857378744323828, 0.5359168502399545009, 1.000000000000000000 ),
 .UNSPECIFIED. ) ;
#543 = CARTESIAN_POINT ( 'NONE',  ( -4.000000000000000000, 0.000000000000000000, 5.250000000000000000 ) ) ;
#544 = ORIENTED_EDGE ( 'NONE', *, *, #268, .T. ) ;
#545 = DIRECTION ( 'NONE',  ( -1.000000000000000000, 0.000000000000000000, -0.000000000000000000 ) ) ;
#546 = CARTESIAN_POINT ( 'NONE',  ( -4.000000000000000000, 3.799999999999999822, 5.250000000000000000 ) ) ;
#547 = DIRECTION ( 'NONE',  ( 0.000000000000000000, -1.000000000000000000, 0.000000000000000000 ) ) ;
#548 = CARTESIAN_POINT ( 'NONE',  ( -1.649999999999999911, 0.1499999999999999944, -3.450000000000001510 ) ) ;
#549 = EDGE_CURVE ( 'NONE', #907, #1701, #1351, .T. ) ;
#550 = FACE_OUTER_BOUND ( 'NONE', #607, .T. ) ;
#551 = ORIENTED_EDGE ( 'NONE', *, *, #417, .F. ) ;
#552 = DIRECTION ( 'NONE',  ( -2.828353493440446307E-16, -0.000000000000000000, 1.000000000000000000 ) ) ;
#553 = PLANE ( 'NONE',  #147 ) ;
#554 = ORIENTED_EDGE ( 'NONE', *, *, #338, .F. ) ;
#555 = AXIS2_PLACEMENT_3D ( 'NONE', #21, #689, #56 ) ;
#556 = DIRECTION ( 'NONE',  ( 3.771137991253928573E-16, 0.000000000000000000, -1.000000000000000000 ) ) ;
#557 = DIRECTION ( 'NONE',  ( 1.000000000000000000, 0.000000000000000000, 0.000000000000000000 ) ) ;
#558 = VECTOR ( 'NONE', #1582, 1000.000000000000000 ) ;
#559 = EDGE_CURVE ( 'NONE', #1888, #401, #1968, .T. ) ;
#560 = VECTOR ( 'NONE', #1704, 1000.000000000000000 ) ;
#561 = CARTESIAN_POINT ( 'NONE',  ( -4.999999999999999112, 3.550000000000000266, 4.749999999999998224 ) ) ;
#562 = LINE ( 'NONE', #900, #1424 ) ;
#563 = VECTOR ( 'NONE', #1805, 1000.000000000000000 ) ;
#564 = CARTESIAN_POINT ( 'NONE',  ( 1.574999999999973088, 2.349999999999999645, -5.750000000000000000 ) ) ;
#565 = CARTESIAN_POINT ( 'NONE',  ( 4.999999999999999112, 0.2499999999999997780, -4.750000000000000888 ) ) ;
#566 = VECTOR ( 'NONE', #326, 1000.000000000000000 ) ;
#567 = ORIENTED_EDGE ( 'NONE', *, *, #1977, .F. ) ;
#568 = ORIENTED_EDGE ( 'NONE', *, *, #2040, .F. ) ;
#569 = CARTESIAN_POINT ( 'NONE',  ( 4.000000000000000000, 0.2499999999999997780, -5.750000000000000000 ) ) ;
#570 = ORIENTED_EDGE ( 'NONE', *, *, #593, .F. ) ;
#571 = CARTESIAN_POINT ( 'NONE',  ( -1.575000000000027267, 0.2131152455460247619, -5.674999999999998934 ) ) ;
#572 = ADVANCED_FACE ( 'NONE', ( #187 ), #835, .F. ) ;
#573 = CARTESIAN_POINT ( 'NONE',  ( 4.000000000000001776, 0.2499999999999997780, 5.750000000000000000 ) ) ;
#574 = DIRECTION ( 'NONE',  ( 0.000000000000000000, -1.000000000000000000, 0.000000000000000000 ) ) ;
#575 = EDGE_CURVE ( 'NONE', #596, #1572, #1100, .T. ) ;
#576 = ORIENTED_EDGE ( 'NONE', *, *, #1477, .F. ) ;
#577 = EDGE_CURVE ( 'NONE', #1436, #1103, #1706, .T. ) ;
#578 = FACE_OUTER_BOUND ( 'NONE', #940, .T. ) ;
#579 = CARTESIAN_POINT ( 'NONE',  ( 1.649999999999999023, 0.000000000000000000, 3.450000000000000178 ) ) ;
#580 = ORIENTED_EDGE ( 'NONE', *, *, #817, .F. ) ;
#581 = EDGE_LOOP ( 'NONE', ( #1457, #301, #1551, #790 ) ) ;
#582 = CARTESIAN_POINT ( 'NONE',  ( 4.132058246305926552, 3.800000000000000266, -5.250000000000000000 ) ) ;
#583 = CARTESIAN_POINT ( 'NONE',  ( -4.292893218813453871, 3.800000000000000266, 5.250000000000000000 ) ) ;
#584 = SHAPE_REPRESENTATION ( '\X2\96f64ef6\X0\1_\X2\9ed88ba4\X0\', ( #495 ), #1227 ) ;
#585 = CARTESIAN_POINT ( 'NONE',  ( 4.292893218813446765, 3.800000000000000266, 5.249999999999996447 ) ) ;
#586 = EDGE_CURVE ( 'NONE', #289, #2113, #1543, .T. ) ;
#587 = DIRECTION ( 'NONE',  ( -1.508455196501571429E-16, 0.000000000000000000, -1.000000000000000000 ) ) ;
#588 = LINE ( 'NONE', #68, #558 ) ;
#589 = ORIENTED_EDGE ( 'NONE', *, *, #1213, .F. ) ;
#590 = ORIENTED_EDGE ( 'NONE', *, *, #1262, .T. ) ;
#591 = EDGE_CURVE ( 'NONE', #1103, #1601, #384, .T. ) ;
#592 = DIRECTION ( 'NONE',  ( 1.000000000000000000, 1.694065894508600185E-16, -0.000000000000000000 ) ) ;
#593 = EDGE_CURVE ( 'NONE', #970, #123, #1858, .T. ) ;
#594 = CARTESIAN_POINT ( 'NONE',  ( 4.000000000000000000, 0.2499999999999997780, -5.734225011576272735 ) ) ;
#595 = ORIENTED_EDGE ( 'NONE', *, *, #1232, .F. ) ;
#596 = VERTEX_POINT ( 'NONE', #87 ) ;
#597 = CARTESIAN_POINT ( 'NONE',  ( 1.574999999999973088, 0.2131152455460238737, -5.674999999999998046 ) ) ;
#598 = CARTESIAN_POINT ( 'NONE',  ( -4.500000000000000888, 3.799999999999999822, 4.750000000000000000 ) ) ;
#599 = CARTESIAN_POINT ( 'NONE',  ( -1.575000000000027711, 0.2349536822125350977, -5.711952135849499790 ) ) ;
#600 = LINE ( 'NONE', #1917, #352 ) ;
#601 = VECTOR ( 'NONE', #1883, 1000.000000000000000 ) ;
#602 = CARTESIAN_POINT ( 'NONE',  ( 4.500000000000000000, 0.000000000000000000, -4.750000000000000888 ) ) ;
#603 = VECTOR ( 'NONE', #1452, 1000.000000000000000 ) ;
#604 = EDGE_LOOP ( 'NONE', ( #1563, #996, #1779, #173 ) ) ;
#605 = DIRECTION ( 'NONE',  ( -1.457167719820517959E-16, -6.339482406289404815E-17, 1.000000000000000222 ) ) ;
#606 = ORIENTED_EDGE ( 'NONE', *, *, #654, .F. ) ;
#607 = EDGE_LOOP ( 'NONE', ( #903, #13, #1390, #1432 ) ) ;
#608 = DIRECTION ( 'NONE',  ( 1.000000000000000000, 0.000000000000000000, -8.673617379884035472E-16 ) ) ;
#609 = CARTESIAN_POINT ( 'NONE',  ( 3.999999999999996447, 3.799999999999999822, 5.270272631416461628 ) ) ;
#610 = DIRECTION ( 'NONE',  ( 1.000000000000000000, 0.000000000000000000, 0.000000000000000000 ) ) ;
#611 = CARTESIAN_POINT ( 'NONE',  ( 4.984225011576270958, 0.2499999999999997780, -4.750000000000000888 ) ) ;
#612 = ORIENTED_EDGE ( 'NONE', *, *, #48, .F. ) ;
#613 = ORIENTED_EDGE ( 'NONE', *, *, #1506, .T. ) ;
#614 = DIRECTION ( 'NONE',  ( 2.753529326947312927E-16, 0.000000000000000000, 1.000000000000000000 ) ) ;
#615 = EDGE_LOOP ( 'NONE', ( #143, #1681, #1458, #737 ) ) ;
#616 = ORIENTED_EDGE ( 'NONE', *, *, #1348, .F. ) ;
#617 = CARTESIAN_POINT ( 'NONE',  ( 4.585786437626902412, 3.550000000000000266, -5.750000000000000888 ) ) ;
#618 = CARTESIAN_POINT ( 'NONE',  ( 4.500000000000001776, 3.799999999999999822, 4.749999999999997335 ) ) ;
#619 = EDGE_CURVE ( 'NONE', #262, #1349, #1892, .T. ) ;
#620 = DIRECTION ( 'NONE',  ( 1.000000000000000000, 0.000000000000000000, 0.000000000000000000 ) ) ;
#621 = CARTESIAN_POINT ( 'NONE',  ( -4.520272631416466957, 3.799999999999999822, 4.749999999999998224 ) ) ;
#622 = ORIENTED_EDGE ( 'NONE', *, *, #391, .T. ) ;
#623 = ORIENTED_EDGE ( 'NONE', *, *, #62, .T. ) ;
#624 = CARTESIAN_POINT ( 'NONE',  ( 4.716982343680880874, 3.765963054521580755, -5.169998532946213921 ) ) ;
#625 = DIRECTION ( 'NONE',  ( 0.000000000000000000, 1.000000000000000000, 0.000000000000000000 ) ) ;
#626 = CARTESIAN_POINT ( 'NONE',  ( 1.574999999999973088, 2.349999999999999645, -5.750000000000000000 ) ) ;
#627 = VECTOR ( 'NONE', #552, 1000.000000000000000 ) ;
#628 = EDGE_LOOP ( 'NONE', ( #958, #554, #96, #1920 ) ) ;
#629 = PRODUCT_DEFINITION ( 'UNKNOWN', '', #216, #1037 ) ;
#630 = CARTESIAN_POINT ( 'NONE',  ( 4.984225011576271847, 3.550000000000000266, -4.750000000000001776 ) ) ;
#631 = VECTOR ( 'NONE', #1585, 1000.000000000000000 ) ;
#632 = LINE ( 'NONE', #938, #748 ) ;
#633 = ORIENTED_EDGE ( 'NONE', *, *, #2110, .T. ) ;
#634 = STYLED_ITEM ( 'NONE', ( #1281 ), #2086 ) ;
#635 = VERTEX_POINT ( 'NONE', #63 ) ;
#636 = DIRECTION ( 'NONE',  ( 1.233721901435611438E-16, -1.000000000000000000, 0.000000000000000000 ) ) ;
#637 = DIRECTION ( 'NONE',  ( 0.000000000000000000, -0.000000000000000000, 1.000000000000000000 ) ) ;
#638 = CARTESIAN_POINT ( 'NONE',  ( -4.000000000000000888, 0.000000000000000000, -5.270272631416467846 ) ) ;
#639 = VERTEX_POINT ( 'NONE', #377 ) ;
#640 = CARTESIAN_POINT ( 'NONE',  ( 4.000000000000000000, 3.550000000000000266, -5.750000000000000000 ) ) ;
#641 = EDGE_LOOP ( 'NONE', ( #1664, #81, #116, #1782 ) ) ;
#642 = EDGE_CURVE ( 'NONE', #477, #100, #2072, .T. ) ;
#643 = ORIENTED_EDGE ( 'NONE', *, *, #1332, .F. ) ;
#644 = CARTESIAN_POINT ( 'NONE',  ( 4.828519787169305744, 3.637707095197694862, -4.750000000000000888 ) ) ;
#645 = LINE ( 'NONE', #483, #1627 ) ;
#646 = PLANE ( 'NONE',  #873 ) ;
#647 = CARTESIAN_POINT ( 'NONE',  ( 4.716982343680881762, 0.03403694547841895623, -4.750000000000001776 ) ) ;
#648 = EDGE_CURVE ( 'NONE', #1569, #1739, #998, .T. ) ;
#649 = VERTEX_POINT ( 'NONE', #1406 ) ;
#650 =( BOUNDED_SURFACE ( )  B_SPLINE_SURFACE ( 3, 3, ( 
 ( #2103, #1621, #617, #1915 ),
 ( #325, #158, #1611, #120 ),
 ( #644, #450, #312, #801 ),
 ( #302, #624, #1306, #1264 ),
 ( #1936, #965, #1603, #1947 ),
 ( #792, #1149, #1284, #1765 ) ),
 .UNSPECIFIED., .F., .F., .T. ) 
 B_SPLINE_SURFACE_WITH_KNOTS ( ( 4, 1, 1, 4 ),
 ( 4, 4 ),
 ( 0.000000000000000000, 0.4169857378744323828, 0.5359168502399545009, 1.000000000000000000 ),
 ( 0.000000000000000000, 1.000000000000000000 ),
 .UNSPECIFIED. ) 
 GEOMETRIC_REPRESENTATION_ITEM ( )  RATIONAL_B_SPLINE_SURFACE ( (
 ( 1.000000000000000000, 0.8047378541243652705, 0.8047378541243652705, 1.000000000000000000),
 ( 1.000000000000000000, 0.8047378541243652705, 0.8047378541243652705, 1.000000000000000000),
 ( 1.000000000000000000, 0.8047378541243652705, 0.8047378541243652705, 1.000000000000000000),
 ( 1.000000000000000000, 0.8047378541243652705, 0.8047378541243652705, 1.000000000000000000),
 ( 1.000000000000000000, 0.8047378541243652705, 0.8047378541243652705, 1.000000000000000000),
 ( 1.000000000000000000, 0.8047378541243652705, 0.8047378541243652705, 1.000000000000000000) ) ) 
 REPRESENTATION_ITEM ( '' )  SURFACE ( )  );
#651 = CARTESIAN_POINT ( 'NONE',  ( -4.000000000000001776, 3.550000000000000266, -5.734225011576272735 ) ) ;
#652 = DIRECTION ( 'NONE',  ( -0.000000000000000000, -0.000000000000000000, -1.000000000000000000 ) ) ;
#653 = ORIENTED_EDGE ( 'NONE', *, *, #2034, .F. ) ;
#654 = EDGE_CURVE ( 'NONE', #1994, #1076, #1591, .T. ) ;
#655 = ADVANCED_FACE ( 'NONE', ( #539 ), #210, .F. ) ;
#656 = LINE ( 'NONE', #197, #1323 ) ;
#657 = CARTESIAN_POINT ( 'NONE',  ( 0.02999999999999999542, 0.02999999999999999889, 3.000000000000000000 ) ) ;
#658 = CARTESIAN_POINT ( 'NONE',  ( -0.2999999999999997669, -1.839999999999999858, 0.000000000000000000 ) ) ;
#659 = CARTESIAN_POINT ( 'NONE',  ( -4.520272631416466957, 3.799999999999999822, 4.749999999999998224 ) ) ;
#660 = LINE ( 'NONE', #804, #1255 ) ;
#661 = ORIENTED_EDGE ( 'NONE', *, *, #189, .T. ) ;
#662 =( GEOMETRIC_REPRESENTATION_CONTEXT ( 3 ) GLOBAL_UNCERTAINTY_ASSIGNED_CONTEXT ( ( #1849 ) ) GLOBAL_UNIT_ASSIGNED_CONTEXT ( ( #1527, #711, #2017 ) ) REPRESENTATION_CONTEXT ( 'NONE', 'WORKASPACE' ) );
#663 = LINE ( 'NONE', #1136, #2005 ) ;
#664 = DIRECTION ( 'NONE',  ( 3.771137991253928573E-16, 0.000000000000000000, -1.000000000000000000 ) ) ;
#665 = CONTEXT_DEPENDENT_SHAPE_REPRESENTATION ( #1128, #1825 ) ;
#666 = VECTOR ( 'NONE', #673, 1000.000000000000000 ) ;
#667 = EDGE_LOOP ( 'NONE', ( #1405, #1304, #2068, #985 ) ) ;
#668 = CIRCLE ( 'NONE', #358, 0.3300000000000000155 ) ;
#669 = APPLICATION_CONTEXT ( 'automotive_design' ) ;
#670 = CARTESIAN_POINT ( 'NONE',  ( 4.000000000000001776, 0.1622929048023052101, 5.578519787169307520 ) ) ;
#671 = AXIS2_PLACEMENT_3D ( 'NONE', #770, #2098, #1280 ) ;
#672 = B_SPLINE_CURVE_WITH_KNOTS ( 'NONE', 3,
 ( #1265, #1707, #233, #1094, #932, #899 ),
 .UNSPECIFIED., .F., .F.,
 ( 4, 1, 1, 4 ),
 ( 0.000000000000000000, 0.4640831497600454991, 0.5830142621255676172, 1.000000000000000000 ),
 .UNSPECIFIED. ) ;
#673 = DIRECTION ( 'NONE',  ( 1.000000000000000000, 0.000000000000000000, 0.000000000000000000 ) ) ;
#674 = AXIS2_PLACEMENT_3D ( 'NONE', #1696, #2066, #427 ) ;
#675 = DIRECTION ( 'NONE',  ( 0.000000000000000000, 1.000000000000000000, 0.000000000000000000 ) ) ;
#676 = EDGE_CURVE ( 'NONE', #1414, #635, #1799, .T. ) ;
#677 = EDGE_CURVE ( 'NONE', #1583, #1804, #663, .T. ) ;
#678 = FACE_OUTER_BOUND ( 'NONE', #581, .T. ) ;
#679 = EDGE_CURVE ( 'NONE', #1234, #975, #1165, .T. ) ;
#680 = PRESENTATION_STYLE_ASSIGNMENT (( #1512 ) ) ;
#681 = CARTESIAN_POINT ( 'NONE',  ( -4.000000000000000000, 0.000000000000000000, 5.250000000000000000 ) ) ;
#682 = ORIENTED_EDGE ( 'NONE', *, *, #1353, .T. ) ;
#683 = B_SPLINE_SURFACE_WITH_KNOTS ( 'NONE', 3, 1, ( 
 ( #1796, #140 ),
 ( #802, #990 ),
 ( #1460, #1948 ),
 ( #1786, #1069 ),
 ( #594, #2022 ),
 ( #383, #763 ) ),
 .UNSPECIFIED., .F., .F., .F.,
 ( 4, 1, 1, 4 ),
 ( 2, 2 ),
 ( 0.000000000000000000, 0.4640831497600454991, 0.5830142621255676172, 1.000000000000000000 ),
 ( 0.000000000000000000, 1.000000000000000000 ),
 .UNSPECIFIED. ) ;
#684 = PLANE ( 'NONE',  #113 ) ;
#685 = EDGE_CURVE ( 'NONE', #1789, #2063, #726, .T. ) ;
#686 = CARTESIAN_POINT ( 'NONE',  ( 3.999999999999996447, 0.2499999999999997780, 5.734225011576266517 ) ) ;
#687 = CARTESIAN_POINT ( 'NONE',  ( -4.585786437626906853, 3.549999999999999822, 5.749999999999999112 ) ) ;
#688 = CARTESIAN_POINT ( 'NONE',  ( -4.485335654629311719, 0.1622929048023052101, 5.578519787169306632 ) ) ;
#689 = DIRECTION ( 'NONE',  ( 0.000000000000000000, 1.000000000000000000, 0.000000000000000000 ) ) ;
#690 = LINE ( 'NONE', #1022, #1396 ) ;
#691 = PRODUCT_CONTEXT ( 'NONE', #375, 'mechanical' ) ;
#692 = CARTESIAN_POINT ( 'NONE',  ( 4.499999999999998224, 3.800000000000000266, 4.882058246306027804 ) ) ;
#693 = CARTESIAN_POINT ( 'NONE',  ( 4.999999999999993783, 0.2499999999999998057, 5.335786437626904188 ) ) ;
#694 = CARTESIAN_POINT ( 'NONE',  ( -4.485335654629311719, 3.637707095197695306, 5.578519787169306632 ) ) ;
#695 = CARTESIAN_POINT ( 'NONE',  ( 5.000000000000000888, 0.2499999999999997780, 4.749999999999997335 ) ) ;
#696 = CARTESIAN_POINT ( 'NONE',  ( -4.500000000000001776, 3.799999999999999822, -4.750000000000000888 ) ) ;
#697 = B_SPLINE_SURFACE_WITH_KNOTS ( 'NONE', 3, 1, ( 
 ( #1880, #403 ),
 ( #373, #1201 ),
 ( #1068, #60 ),
 ( #1846, #905 ),
 ( #1560, #885 ),
 ( #872, #1033 ) ),
 .UNSPECIFIED., .F., .F., .F.,
 ( 4, 1, 1, 4 ),
 ( 2, 2 ),
 ( 0.000000000000000000, 0.4169857378744323828, 0.5359168502399545009, 1.000000000000000000 ),
 ( 0.000000000000000000, 1.000000000000000000 ),
 .UNSPECIFIED. ) ;
#698 = SURFACE_SIDE_STYLE ('',( #1356 ) ) ;
#699 = B_SPLINE_CURVE_WITH_KNOTS ( 'NONE', 3,
 ( #3, #1815, #503, #1650, #172, #843 ),
 .UNSPECIFIED., .F., .F.,
 ( 4, 2, 4 ),
 ( 0.000000000000000000, 0.5000000000000000000, 1.000000000000000000 ),
 .UNSPECIFIED. ) ;
#700 = DIRECTION ( 'NONE',  ( -0.000000000000000000, -1.000000000000000000, -0.000000000000000000 ) ) ;
#701 = PRODUCT_RELATED_PRODUCT_CATEGORY ( 'part', '', ( #139 ) ) ;
#702 = ORIENTED_EDGE ( 'NONE', *, *, #834, .T. ) ;
#703 = CARTESIAN_POINT ( 'NONE',  ( -5.000000000000000888, 3.550000000000000266, -4.750000000000000000 ) ) ;
#704 = AXIS2_PLACEMENT_3D ( 'NONE', #294, #1483, #2132 ) ;
#705 = CARTESIAN_POINT ( 'NONE',  ( 3.999999999999996447, 0.1622929048023052101, 5.578519787169301303 ) ) ;
#706 = CARTESIAN_POINT ( 'NONE',  ( -4.500000000000001776, 0.000000000000000000, -4.750000000000000000 ) ) ;
#707 = AXIS2_PLACEMENT_3D ( 'NONE', #2111, #426, #1434 ) ;
#708 = VECTOR ( 'NONE', #51, 1000.000000000000000 ) ;
#709 = DIRECTION ( 'NONE',  ( -8.673617379884035472E-16, 0.000000000000000000, -1.000000000000000000 ) ) ;
#710 = DIRECTION ( 'NONE',  ( -1.694065894508600432E-16, 1.000000000000000000, 0.000000000000000000 ) ) ;
#711 =( NAMED_UNIT ( * ) PLANE_ANGLE_UNIT ( ) SI_UNIT ( $, .RADIAN. ) );
#712 = B_SPLINE_CURVE_WITH_KNOTS ( 'NONE', 3,
 ( #1224, #221, #53, #719 ),
 .UNSPECIFIED., .F., .F.,
 ( 4, 4 ),
 ( 8.824766327896537836E-19, 8.385346860483815885E-05 ),
 .UNSPECIFIED. ) ;
#713 = PLANE ( 'NONE',  #385 ) ;
#714 = ORIENTED_EDGE ( 'NONE', *, *, #1448, .T. ) ;
#715 = CARTESIAN_POINT ( 'NONE',  ( 4.000000000000001776, 3.550000000000000266, 5.734225011576272735 ) ) ;
#716 = DIRECTION ( 'NONE',  ( 0.000000000000000000, -0.000000000000000000, 1.000000000000000000 ) ) ;
#717 = EDGE_CURVE ( 'NONE', #1240, #1164, #176, .T. ) ;
#718 = DIRECTION ( 'NONE',  ( -1.000000000000000000, 0.000000000000000000, 1.885568995626964287E-16 ) ) ;
#719 = CARTESIAN_POINT ( 'NONE',  ( -1.575000000000027267, 0.2131152455460245954, 5.674999999999999822 ) ) ;
#720 = LINE ( 'NONE', #500, #777 ) ;
#721 = CARTESIAN_POINT ( 'NONE',  ( -4.000000000000000888, 3.799999999999999822, -5.270272631416467846 ) ) ;
#722 = DIRECTION ( 'NONE',  ( 0.000000000000000000, -1.000000000000000000, 0.000000000000000000 ) ) ;
#723 = SURFACE_SIDE_STYLE ('',( #1854 ) ) ;
#724 = CARTESIAN_POINT ( 'NONE',  ( 5.000000000000000888, 3.550000000000000266, 4.749999999999997335 ) ) ;
#725 = EDGE_CURVE ( 'NONE', #975, #970, #542, .T. ) ;
#726 = B_SPLINE_CURVE_WITH_KNOTS ( 'NONE', 3,
 ( #597, #264, #1903, #430 ),
 .UNSPECIFIED., .F., .F.,
 ( 4, 4 ),
 ( 2.710505431213761085E-20, 8.383976104500615696E-05 ),
 .UNSPECIFIED. ) ;
#727 = ORIENTED_EDGE ( 'NONE', *, *, #442, .T. ) ;
#728 = CARTESIAN_POINT ( 'NONE',  ( 4.000000000000001776, 0.000000000000000000, 5.250000000000000000 ) ) ;
#729 = DIRECTION ( 'NONE',  ( 0.000000000000000000, 1.000000000000000000, 0.000000000000000000 ) ) ;
#730 = CARTESIAN_POINT ( 'NONE',  ( -4.000000000000000888, 3.799999999999999822, -5.250000000000000000 ) ) ;
#731 = LINE ( 'NONE', #901, #1759 ) ;
#732 = DIRECTION ( 'NONE',  ( 0.000000000000000000, -1.000000000000000000, 0.000000000000000000 ) ) ;
#733 = ORIENTED_EDGE ( 'NONE', *, *, #1576, .T. ) ;
#734 = VERTEX_POINT ( 'NONE', #1043 ) ;
#735 = CARTESIAN_POINT ( 'NONE',  ( 4.520272631416468734, 3.799999999999999822, 4.749999999999997335 ) ) ;
#736 = DIRECTION ( 'NONE',  ( 0.000000000000000000, 0.000000000000000000, -1.000000000000000000 ) ) ;
#737 = ORIENTED_EDGE ( 'NONE', *, *, #363, .T. ) ;
#738 = AXIS2_PLACEMENT_3D ( 'NONE', #522, #722, #1182 ) ;
#739 = CARTESIAN_POINT ( 'NONE',  ( -4.419998532946213921, 3.765963054521580755, 5.466982343680882650 ) ) ;
#740 = ADVANCED_FACE ( 'NONE', ( #1528 ), #31, .F. ) ;
#741 = AXIS2_PLACEMENT_3D ( 'NONE', #1073, #1581, #926 ) ;
#742 =( BOUNDED_SURFACE ( )  B_SPLINE_SURFACE ( 3, 3, ( 
 ( #1537, #55, #1025, #1961 ),
 ( #1675, #1986, #1838, #480 ),
 ( #1827, #864, #1507, #343 ),
 ( #705, #1996, #1794, #1159 ),
 ( #686, #1170, #323, #1523 ),
 ( #518, #1973, #693, #1331 ) ),
 .UNSPECIFIED., .F., .F., .F. ) 
 B_SPLINE_SURFACE_WITH_KNOTS ( ( 4, 1, 1, 4 ),
 ( 4, 4 ),
 ( 0.000000000000000000, 0.4640831497600454991, 0.5830142621255676172, 1.000000000000000000 ),
 ( 0.000000000000000000, 1.000000000000000000 ),
 .UNSPECIFIED. ) 
 GEOMETRIC_REPRESENTATION_ITEM ( )  RATIONAL_B_SPLINE_SURFACE ( (
 ( 1.000000000000000000, 0.8047378541243652705, 0.8047378541243652705, 1.000000000000000000),
 ( 1.000000000000000000, 0.8047378541243652705, 0.8047378541243652705, 1.000000000000000000),
 ( 1.000000000000000000, 0.8047378541243652705, 0.8047378541243652705, 1.000000000000000000),
 ( 1.000000000000000000, 0.8047378541243652705, 0.8047378541243652705, 1.000000000000000000),
 ( 1.000000000000000000, 0.8047378541243652705, 0.8047378541243652705, 1.000000000000000000),
 ( 1.000000000000000000, 0.8047378541243652705, 0.8047378541243652705, 1.000000000000000000) ) ) 
 REPRESENTATION_ITEM ( '' )  SURFACE ( )  );
#743 = EDGE_CURVE ( 'NONE', #1196, #1969, #1217, .T. ) ;
#744 = VECTOR ( 'NONE', #2118, 1000.000000000000000 ) ;
#745 = FACE_OUTER_BOUND ( 'NONE', #1600, .T. ) ;
#746 = CARTESIAN_POINT ( 'NONE',  ( -1.649999999999999467, 0.000000000000000000, -5.270272631416467846 ) ) ;
#747 = MECHANICAL_DESIGN_GEOMETRIC_PRESENTATION_REPRESENTATION (  '', ( #634 ), #1803 ) ;
#748 = VECTOR ( 'NONE', #1598, 1000.000000000000000 ) ;
#749 = FACE_OUTER_BOUND ( 'NONE', #954, .T. ) ;
#750 = ADVANCED_FACE ( 'NONE', ( #1992 ), #1689, .F. ) ;
#751 = CARTESIAN_POINT ( 'NONE',  ( -1.575000000000027267, 2.349999999999999645, 5.749999999999999112 ) ) ;
#752 = ORIENTED_EDGE ( 'NONE', *, *, #108, .F. ) ;
#753 = CARTESIAN_POINT ( 'NONE',  ( 4.000000000000001776, 3.550000000000000266, 5.750000000000000000 ) ) ;
#754 = PRESENTATION_STYLE_ASSIGNMENT (( #906 ) ) ;
#755 = ORIENTED_EDGE ( 'NONE', *, *, #2117, .F. ) ;
#756 = VERTEX_POINT ( 'NONE', #347 ) ;
#757 = CARTESIAN_POINT ( 'NONE',  ( -1.650000000000000799, 0.1165146364067246726, 5.538708841533044769 ) ) ;
#758 = CARTESIAN_POINT ( 'NONE',  ( 4.000000000000001776, 3.799999999999999822, 5.750000000000000000 ) ) ;
#759 = DIRECTION ( 'NONE',  ( 1.694065894508600432E-16, -1.000000000000000000, 0.000000000000000000 ) ) ;
#760 = CARTESIAN_POINT ( 'NONE',  ( 4.520272631416466957, 0.000000000000000000, -4.750000000000000888 ) ) ;
#761 = ORIENTED_EDGE ( 'NONE', *, *, #559, .F. ) ;
#762 = CARTESIAN_POINT ( 'NONE',  ( 4.984225011576273623, 3.550000000000000266, 4.749999999999997335 ) ) ;
#763 = CARTESIAN_POINT ( 'NONE',  ( -4.000000000000000000, 0.2499999999999997780, -5.750000000000000000 ) ) ;
#764 = EDGE_LOOP ( 'NONE', ( #1921, #822, #1645, #1236 ) ) ;
#765 = ORIENTED_EDGE ( 'NONE', *, *, #834, .F. ) ;
#766 = CARTESIAN_POINT ( 'NONE',  ( 5.000000000000000888, 3.550000000000000266, 4.749999999999997335 ) ) ;
#767 = CARTESIAN_POINT ( 'NONE',  ( -0.2999999999999999889, -3.701165704306833206E-17, 3.000000000000000000 ) ) ;
#768 = CARTESIAN_POINT ( 'NONE',  ( -4.000000000000000000, 0.2499999999999997780, 5.750000000000000000 ) ) ;
#769 = ORIENTED_EDGE ( 'NONE', *, *, #363, .F. ) ;
#770 = CARTESIAN_POINT ( 'NONE',  ( 3.999999999999998224, 3.799999999999999822, -4.750000000000000000 ) ) ;
#771 = DIRECTION ( 'NONE',  ( 1.000000000000000000, 0.000000000000000000, 0.000000000000000000 ) ) ;
#772 = DIRECTION ( 'NONE',  ( -4.336808689942032724E-15, 0.000000000000000000, 1.000000000000000000 ) ) ;
#773 = VECTOR ( 'NONE', #1479, 1000.000000000000000 ) ;
#774 = CARTESIAN_POINT ( 'NONE',  ( -1.575000000000027267, 2.349999999999999645, -5.674999999999998934 ) ) ;
#775 = VECTOR ( 'NONE', #200, 1000.000000000000000 ) ;
#776 = CARTESIAN_POINT ( 'NONE',  ( 4.828519787169305744, 0.1622929048023052101, -5.235335654629311719 ) ) ;
#777 = VECTOR ( 'NONE', #1162, 1000.000000000000000 ) ;
#778 = ORIENTED_EDGE ( 'NONE', *, *, #679, .T. ) ;
#779 = VERTEX_POINT ( 'NONE', #1865 ) ;
#780 = PLANE ( 'NONE',  #1625 ) ;
#781 = VERTEX_POINT ( 'NONE', #1822 ) ;
#782 = ORIENTED_EDGE ( 'NONE', *, *, #1439, .T. ) ;
#783 = ADVANCED_FACE ( 'NONE', ( #362 ), #1369, .T. ) ;
#784 = PLANE ( 'NONE',  #10 ) ;
#785 = MANIFOLD_SOLID_BREP ( '\X2\52079664\X0\-\X2\62c94f38\X0\1', #1357 ) ;
#786 = CARTESIAN_POINT ( 'NONE',  ( -4.828519787169308408, 3.637707095197694862, -4.750000000000000888 ) ) ;
#787 = DIRECTION ( 'NONE',  ( 0.000000000000000000, -1.000000000000000000, 0.000000000000000000 ) ) ;
#788 = VERTEX_POINT ( 'NONE', #881 ) ;
#789 = CYLINDRICAL_SURFACE ( 'NONE', #671, 1.000000000000000000 ) ;
#790 = ORIENTED_EDGE ( 'NONE', *, *, #685, .F. ) ;
#791 = ORIENTED_EDGE ( 'NONE', *, *, #743, .F. ) ;
#792 = CARTESIAN_POINT ( 'NONE',  ( 4.499999999999999112, 3.799999999999999822, -4.750000000000000000 ) ) ;
#793 = DIRECTION ( 'NONE',  ( -1.508455196501571676E-16, 0.000000000000000000, -1.000000000000000000 ) ) ;
#794 = CARTESIAN_POINT ( 'NONE',  ( -4.000000000000000888, 3.799999999999999822, -4.750000000000000000 ) ) ;
#795 = ORIENTED_EDGE ( 'NONE', *, *, #338, .T. ) ;
#796 = DIRECTION ( 'NONE',  ( 0.000000000000000000, 0.000000000000000000, 1.000000000000000000 ) ) ;
#797 = CARTESIAN_POINT ( 'NONE',  ( -4.716982343680883538, 3.765963054521581199, -4.750000000000000000 ) ) ;
#798 = DIRECTION ( 'NONE',  ( -1.000000000000000222, 2.198530575857118866E-16, -1.457167719820517959E-16 ) ) ;
#799 = ORIENTED_EDGE ( 'NONE', *, *, #1509, .F. ) ;
#800 = ORIENTED_EDGE ( 'NONE', *, *, #1785, .T. ) ;
#801 = CARTESIAN_POINT ( 'NONE',  ( 3.999999999999997335, 3.637707095197694862, -5.578519787169307520 ) ) ;
#802 = CARTESIAN_POINT ( 'NONE',  ( 4.000000000000000000, 0.000000000000000000, -5.270272631416467846 ) ) ;
#803 = LINE ( 'NONE', #1604, #2076 ) ;
#804 = CARTESIAN_POINT ( 'NONE',  ( 1.649999999999999911, 0.1499999999999999944, -3.450000000000001066 ) ) ;
#805 = ADVANCED_FACE ( 'NONE', ( #390 ), #713, .T. ) ;
#806 = VECTOR ( 'NONE', #1070, 1000.000000000000000 ) ;
#807 = ORIENTED_EDGE ( 'NONE', *, *, #1129, .F. ) ;
#808 = VECTOR ( 'NONE', #1965, 1000.000000000000000 ) ;
#809 = CARTESIAN_POINT ( 'NONE',  ( 0.03000000000000021746, -1.869999999999999885, 3.000000000000000000 ) ) ;
#810 = EDGE_LOOP ( 'NONE', ( #1813, #207, #2075, #1606, #1746, #226 ) ) ;
#811 = VECTOR ( 'NONE', #547, 1000.000000000000000 ) ;
#812 = ORIENTED_EDGE ( 'NONE', *, *, #1713, .T. ) ;
#813 = FACE_OUTER_BOUND ( 'NONE', #237, .T. ) ;
#814 = CARTESIAN_POINT ( 'NONE',  ( 4.292893218813447653, 0.000000000000000000, 5.249999999999996447 ) ) ;
#815 = DIRECTION ( 'NONE',  ( 1.000000000000000000, 0.000000000000000000, -1.508455196501571676E-16 ) ) ;
#816 = CARTESIAN_POINT ( 'NONE',  ( -4.500000000000001776, 0.000000000000000000, -4.750000000000000888 ) ) ;
#817 = EDGE_CURVE ( 'NONE', #1939, #781, #853, .T. ) ;
#818 = VERTEX_POINT ( 'NONE', #1844 ) ;
#819 = EDGE_CURVE ( 'NONE', #1076, #1969, #1513, .T. ) ;
#820 = DIRECTION ( 'NONE',  ( 1.233721901435611438E-16, -1.000000000000000000, 0.000000000000000000 ) ) ;
#821 =( NAMED_UNIT ( * ) SI_UNIT ( $, .STERADIAN. ) SOLID_ANGLE_UNIT ( ) );
#822 = ORIENTED_EDGE ( 'NONE', *, *, #966, .F. ) ;
#823 = LINE ( 'NONE', #1665, #386 ) ;
#824 = CARTESIAN_POINT ( 'NONE',  ( 1.574999999999973088, 2.349999999999999645, -5.674999999999998046 ) ) ;
#825 = CARTESIAN_POINT ( 'NONE',  ( -4.261631002894574749, 3.800000000000000711, -5.195273771165537013 ) ) ;
#826 = CARTESIAN_POINT ( 'NONE',  ( 0.02999999999999994338, 0.3300000000000000155, 0.000000000000000000 ) ) ;
#827 = LINE ( 'NONE', #969, #603 ) ;
#828 = ORIENTED_EDGE ( 'NONE', *, *, #282, .T. ) ;
#829 = B_SPLINE_CURVE_WITH_KNOTS ( 'NONE', 3,
 ( #1085, #1565, #599, #571 ),
 .UNSPECIFIED., .F., .F.,
 ( 4, 4 ),
 ( 8.824766327896537836E-19, 8.385346860483917529E-05 ),
 .UNSPECIFIED. ) ;
#830 = DIRECTION ( 'NONE',  ( 1.000000000000000000, 0.000000000000000000, 0.000000000000000000 ) ) ;
#831 = ORIENTED_EDGE ( 'NONE', *, *, #1628, .F. ) ;
#832 = EDGE_CURVE ( 'NONE', #468, #1789, #22, .T. ) ;
#833 = PLANE ( 'NONE',  #946 ) ;
#834 = EDGE_CURVE ( 'NONE', #2113, #2063, #523, .T. ) ;
#835 = PLANE ( 'NONE',  #1623 ) ;
#836 = PLANE ( 'NONE',  #1694 ) ;
#837 = CARTESIAN_POINT ( 'NONE',  ( -4.000000000000000888, 3.765963054521581199, -5.466982343680882650 ) ) ;
#838 = CARTESIAN_POINT ( 'NONE',  ( -4.000000000000000000, 3.799999999999999822, 4.750000000000000000 ) ) ;
#839 = VERTEX_POINT ( 'NONE', #1834 ) ;
#840 = VECTOR ( 'NONE', #1095, 1000.000000000000000 ) ;
#841 = CARTESIAN_POINT ( 'NONE',  ( 4.500000000000000000, 3.799999999999999822, -4.750000000000000888 ) ) ;
#842 = EDGE_CURVE ( 'NONE', #596, #1722, #1680, .T. ) ;
#843 = CARTESIAN_POINT ( 'NONE',  ( -4.000000000000000000, 3.799999999999999822, 5.250000000000000000 ) ) ;
#844 = SHAPE_DEFINITION_REPRESENTATION ( #1988, #1038 ) ;
#845 = MECHANICAL_DESIGN_GEOMETRIC_PRESENTATION_REPRESENTATION (  '', ( #1285 ), #1588 ) ;
#846 = ORIENTED_EDGE ( 'NONE', *, *, #1882, .T. ) ;
#847 = CIRCLE ( 'NONE', #1393, 0.9999999999999965583 ) ;
#848 = CARTESIAN_POINT ( 'NONE',  ( 4.000000000000001776, 3.800000000000001155, 5.250000000015722534 ) ) ;
#849 = CARTESIAN_POINT ( 'NONE',  ( 0.03000000000000022093, -1.869999999999999885, 0.000000000000000000 ) ) ;
#850 = CARTESIAN_POINT ( 'NONE',  ( -4.828519787169307520, 3.637707095197694862, 4.749999999999999112 ) ) ;
#851 = CARTESIAN_POINT ( 'NONE',  ( -1.649999999999999911, 0.000000000000000000, -3.450000000000001510 ) ) ;
#852 = ORIENTED_EDGE ( 'NONE', *, *, #1960, .F. ) ;
#853 = LINE ( 'NONE', #1197, #354 ) ;
#854 = CARTESIAN_POINT ( 'NONE',  ( 4.500000000000000000, 0.000000000000000000, -4.750000000000000888 ) ) ;
#855 = ORIENTED_EDGE ( 'NONE', *, *, #1213, .T. ) ;
#856 = CARTESIAN_POINT ( 'NONE',  ( 4.000000000000001776, 0.2499999999999997780, 5.734225011576272735 ) ) ;
#857 = CARTESIAN_POINT ( 'NONE',  ( 1.649999999999999911, 0.1499999999999999944, -3.450000000000001066 ) ) ;
#858 = CARTESIAN_POINT ( 'NONE',  ( -4.445475778291975821, 3.799999999999999822, -5.011833010021008228 ) ) ;
#859 = LINE ( 'NONE', #181, #1530 ) ;
#860 = CARTESIAN_POINT ( 'NONE',  ( 0.03000000000000022440, -1.839999999999999858, 3.000000000000000000 ) ) ;
#861 = ITEM_DEFINED_TRANSFORMATION ( 'NONE', 'NONE', #2116,  #495 ) ;
#862 = ORIENTED_EDGE ( 'NONE', *, *, #1225, .F. ) ;
#863 = CARTESIAN_POINT ( 'NONE',  ( 0.03000000000000022440, -1.839999999999999858, 0.000000000000000000 ) ) ;
#864 = CARTESIAN_POINT ( 'NONE',  ( 4.419998532946207703, 0.03403694547841895623, 5.466982343680879097 ) ) ;
#865 = CARTESIAN_POINT ( 'NONE',  ( -4.000000000000000000, 3.550000000000000266, 4.750000000000000000 ) ) ;
#866 = PRODUCT_DEFINITION_CONTEXT ( 'detailed design', #454, 'design' ) ;
#867 = CARTESIAN_POINT ( 'NONE',  ( -4.716982343680882650, 0.03403694547841895623, 4.750000000000000000 ) ) ;
#868 = CARTESIAN_POINT ( 'NONE',  ( -1.650000000000000799, 0.1499999999999999944, 3.449999999999999734 ) ) ;
#869 = DIRECTION ( 'NONE',  ( 1.000000000000000000, 0.000000000000000000, -0.000000000000000000 ) ) ;
#870 = ADVANCED_FACE ( 'NONE', ( #1258 ), #1536, .F. ) ;
#871 = ORIENTED_EDGE ( 'NONE', *, *, #1173, .T. ) ;
#872 = CARTESIAN_POINT ( 'NONE',  ( 4.000000000000000000, 3.799999999999999822, -5.250000000000000000 ) ) ;
#873 = AXIS2_PLACEMENT_3D ( 'NONE', #2096, #815, #793 ) ;
#874 = CARTESIAN_POINT ( 'NONE',  ( -1.650000000000000799, 0.1499999999999999944, 3.449999999999999734 ) ) ;
#875 = CIRCLE ( 'NONE', #283, 0.02999999999999999889 ) ;
#876 = AXIS2_PLACEMENT_3D ( 'NONE', #1242, #1220, #1741 ) ;
#877 = EDGE_CURVE ( 'NONE', #1468, #788, #588, .T. ) ;
#878 = CARTESIAN_POINT ( 'NONE',  ( -4.984225011576272735, 0.2499999999999998057, -5.326545663354564475 ) ) ;
#879 = CARTESIAN_POINT ( 'NONE',  ( -1.649999999999999467, 0.1415872036875897855, -5.569373307212827307 ) ) ;
#880 = DIRECTION ( 'NONE',  ( -9.427844978134821433E-17, 0.000000000000000000, -1.000000000000000000 ) ) ;
#881 = CARTESIAN_POINT ( 'NONE',  ( 0.02999999999999986011, 0.02999999999999967623, 1.800000000000000044 ) ) ;
#882 = EDGE_CURVE ( 'NONE', #1739, #1939, #2052, .T. ) ;
#883 = EDGE_CURVE ( 'NONE', #1583, #1261, #78, .T. ) ;
#884 = ORIENTED_EDGE ( 'NONE', *, *, #9, .F. ) ;
#885 = CARTESIAN_POINT ( 'NONE',  ( -4.000000000000000000, 3.799999999999999822, -5.270272631416467846 ) ) ;
#886 = CARTESIAN_POINT ( 'NONE',  ( -1.575000000000027267, 2.349999999999999645, -5.749999999999999112 ) ) ;
#887 = CARTESIAN_POINT ( 'NONE',  ( -1.650000000000000799, 0.000000000000000000, 5.270272631416467846 ) ) ;
#888 = DIRECTION ( 'NONE',  ( 1.508455196501571429E-16, 0.000000000000000000, 1.000000000000000000 ) ) ;
#889 = DIRECTION ( 'NONE',  ( -0.000000000000000000, -0.000000000000000000, -1.000000000000000000 ) ) ;
#890 = ORIENTED_EDGE ( 'NONE', *, *, #648, .F. ) ;
#891 = CARTESIAN_POINT ( 'NONE',  ( 4.500000000000001776, 0.000000000000000000, 4.749999999999997335 ) ) ;
#892 = EDGE_LOOP ( 'NONE', ( #1404, #761, #259, #217 ) ) ;
#893 = CARTESIAN_POINT ( 'NONE',  ( -4.000000000000000000, 3.765963054521581199, 5.466982343680882650 ) ) ;
#894 = DIRECTION ( 'NONE',  ( 0.000000000000000000, 0.000000000000000000, 1.000000000000000000 ) ) ;
#895 = EDGE_CURVE ( 'NONE', #756, #474, #1568, .T. ) ;
#896 = EDGE_LOOP ( 'NONE', ( #510, #1958, #1761, #1003 ) ) ;
#897 = CARTESIAN_POINT ( 'NONE',  ( 4.500000000000000000, 3.799999999999999822, -4.750000000000000888 ) ) ;
#898 = EDGE_CURVE ( 'NONE', #262, #1092, #1745, .T. ) ;
#899 = CARTESIAN_POINT ( 'NONE',  ( -4.999999999999999112, 0.2499999999999997780, 4.749999999999998224 ) ) ;
#900 = CARTESIAN_POINT ( 'NONE',  ( -4.999999999999999112, 3.799999999999999822, 4.749999999999999112 ) ) ;
#901 = CARTESIAN_POINT ( 'NONE',  ( 4.000000000000000000, 0.000000000000000000, -5.250000000000000000 ) ) ;
#902 = CARTESIAN_POINT ( 'NONE',  ( 3.999999999999997335, 0.2499999999999997780, -5.750000000000000000 ) ) ;
#903 = ORIENTED_EDGE ( 'NONE', *, *, #974, .F. ) ;
#904 = EDGE_LOOP ( 'NONE', ( #1633, #921, #1114, #2109 ) ) ;
#905 = CARTESIAN_POINT ( 'NONE',  ( -4.000000000000000000, 3.765963054521581199, -5.466982343680882650 ) ) ;
#906 = SURFACE_STYLE_USAGE ( .BOTH. , #240 ) ;
#907 = VERTEX_POINT ( 'NONE', #1239 ) ;
#908 = VECTOR ( 'NONE', #267, 1000.000000000000000 ) ;
#909 = CARTESIAN_POINT ( 'NONE',  ( -4.520272631416467846, 3.799999999999999822, 4.750000000000000000 ) ) ;
#910 = AXIS2_PLACEMENT_3D ( 'NONE', #1074, #99, #934 ) ;
#911 = AXIS2_PLACEMENT_3D ( 'NONE', #863, #1169, #1522 ) ;
#912 = LINE ( 'NONE', #758, #2045 ) ;
#913 = AXIS2_PLACEMENT_3D ( 'NONE', #1930, #457, #1423 ) ;
#914 = CARTESIAN_POINT ( 'NONE',  ( 0.02999999999999994338, 0.3300000000000000155, 3.000000000000000000 ) ) ;
#915 = CARTESIAN_POINT ( 'NONE',  ( 4.304768651352227415, 0.000000000000000000, -5.270272631416467846 ) ) ;
#916 = B_SPLINE_CURVE_WITH_KNOTS ( 'NONE', 3,
 ( #379, #1000, #1040, #191, #28, #20 ),
 .UNSPECIFIED., .F., .F.,
 ( 4, 1, 1, 4 ),
 ( 8.781904073963151377E-34, 0.0002690932306754709462, 0.0003380540564904423281, 0.0003728772723993542407 ),
 .UNSPECIFIED. ) ;
#917 = EDGE_LOOP ( 'NONE', ( #1768, #1760, #1912, #2130 ) ) ;
#918 = FACE_OUTER_BOUND ( 'NONE', #1923, .T. ) ;
#919 = LINE ( 'NONE', #1571, #359 ) ;
#920 = ORIENTED_EDGE ( 'NONE', *, *, #717, .F. ) ;
#921 = ORIENTED_EDGE ( 'NONE', *, *, #586, .F. ) ;
#922 = CARTESIAN_POINT ( 'NONE',  ( 1.650000000000000355, 0.03403694547841895623, -5.466982343680882650 ) ) ;
#923 = CARTESIAN_POINT ( 'NONE',  ( -4.000000000000000000, 3.799999999999999822, 5.250000000000000000 ) ) ;
#924 = CARTESIAN_POINT ( 'NONE',  ( -4.585786437626906853, 0.2499999999999998057, 5.749999999999999112 ) ) ;
#925 = CARTESIAN_POINT ( 'NONE',  ( 4.716982343680878209, 3.765963054521580755, 5.169998532946213032 ) ) ;
#926 = DIRECTION ( 'NONE',  ( -1.000000000000000000, 0.000000000000000000, 0.000000000000000000 ) ) ;
#927 = CARTESIAN_POINT ( 'NONE',  ( 4.999999999999996447, 0.2499999999999998057, -5.335786437626905077 ) ) ;
#928 = ORIENTED_EDGE ( 'NONE', *, *, #1263, .T. ) ;
#929 = LINE ( 'NONE', #475, #1326 ) ;
#930 = SHAPE_REPRESENTATION_RELATIONSHIP ( 'NONE' , 'NONE' ,  #584, #1950 ) ;
#931 = EDGE_LOOP ( 'NONE', ( #1044, #1610, #238, #1088 ) ) ;
#932 = CARTESIAN_POINT ( 'NONE',  ( -4.984225011576271847, 0.2499999999999997780, 4.749999999999998224 ) ) ;
#933 = CARTESIAN_POINT ( 'NONE',  ( -4.000000000000000000, 0.000000000000000000, 5.270272631416467846 ) ) ;
#934 = DIRECTION ( 'NONE',  ( -1.000000000000000000, 0.000000000000000000, -1.314184451497581259E-16 ) ) ;
#935 = ORIENTED_EDGE ( 'NONE', *, *, #974, .T. ) ;
#936 = ORIENTED_EDGE ( 'NONE', *, *, #1041, .T. ) ;
#937 = ADVANCED_FACE ( 'NONE', ( #1887 ), #1577, .F. ) ;
#938 = CARTESIAN_POINT ( 'NONE',  ( 2.000000000000000444, -1.869999999999999885, 0.000000000000000000 ) ) ;
#939 = ORIENTED_EDGE ( 'NONE', *, *, #549, .T. ) ;
#940 = EDGE_LOOP ( 'NONE', ( #1843, #1521, #1370, #812, #102, #34, #1419, #682 ) ) ;
#941 = VECTOR ( 'NONE', #759, 1000.000000000000000 ) ;
#942 = CARTESIAN_POINT ( 'NONE',  ( 0.02999999999999999889, 0.000000000000000000, 0.000000000000000000 ) ) ;
#943 = CARTESIAN_POINT ( 'NONE',  ( 0.000000000000000000, 0.000000000000000000, 3.000000000000000000 ) ) ;
#944 = VECTOR ( 'NONE', #1031, 1000.000000000000000 ) ;
#945 = CARTESIAN_POINT ( 'NONE',  ( -0.2999999999999999889, -3.701165704306833206E-17, 3.000000000000000000 ) ) ;
#946 = AXIS2_PLACEMENT_3D ( 'NONE', #1492, #1818, #71 ) ;
#947 = DIRECTION ( 'NONE',  ( 0.000000000000000000, -0.000000000000000000, 1.000000000000000000 ) ) ;
#948 = AXIS2_PLACEMENT_3D ( 'NONE', #1124, #1942, #299 ) ;
#949 = CIRCLE ( 'NONE', #2047, 0.3300000000000000155 ) ;
#950 = ADVANCED_FACE ( 'NONE', ( #1431 ), #2104, .F. ) ;
#951 = DIRECTION ( 'NONE',  ( -0.000000000000000000, -0.000000000000000000, -1.000000000000000000 ) ) ;
#952 =( LENGTH_UNIT ( ) NAMED_UNIT ( * ) SI_UNIT ( .MILLI., .METRE. ) );
#953 = ORIENTED_EDGE ( 'NONE', *, *, #1575, .F. ) ;
#954 = EDGE_LOOP ( 'NONE', ( #85, #568, #828 ) ) ;
#955 = CARTESIAN_POINT ( 'NONE',  ( 4.828519787169308408, 3.637707095197694862, 4.749999999999997335 ) ) ;
#956 = LINE ( 'NONE', #943, #566 ) ;
#957 = CARTESIAN_POINT ( 'NONE',  ( -4.000000000000000888, 3.550000000000000266, -4.750000000000000000 ) ) ;
#958 = ORIENTED_EDGE ( 'NONE', *, *, #1575, .T. ) ;
#959 = CARTESIAN_POINT ( 'NONE',  ( -4.999999999999999112, 3.550000000000000266, 4.749999999999998224 ) ) ;
#960 = SHAPE_REPRESENTATION_RELATIONSHIP ( 'NONE' , 'NONE' ,  #1038, #2086 ) ;
#961 = VERTEX_POINT ( 'NONE', #1231 ) ;
#962 = EDGE_CURVE ( 'NONE', #734, #975, #399, .T. ) ;
#963 = ORIENTED_EDGE ( 'NONE', *, *, #2106, .T. ) ;
#964 = EDGE_CURVE ( 'NONE', #1698, #1092, #244, .T. ) ;
#965 = CARTESIAN_POINT ( 'NONE',  ( 4.520272631416466069, 3.800000000000000266, -5.054768651352229192 ) ) ;
#966 = EDGE_CURVE ( 'NONE', #1902, #428, #827, .T. ) ;
#967 = CARTESIAN_POINT ( 'NONE',  ( 4.000000000000001776, 0.000000000000000000, 5.250000000000000000 ) ) ;
#968 = LINE ( 'NONE', #826, #1045 ) ;
#969 = CARTESIAN_POINT ( 'NONE',  ( 2.270048298641524909E-16, -1.839999999999999858, 3.000000000000000000 ) ) ;
#970 = VERTEX_POINT ( 'NONE', #462 ) ;
#971 = CARTESIAN_POINT ( 'NONE',  ( 0.000000000000000000, 0.2131152455460245954, -5.674999999999999822 ) ) ;
#972 = CARTESIAN_POINT ( 'NONE',  ( 0.000000000000000000, 0.000000000000000000, 0.000000000000000000 ) ) ;
#973 = ORIENTED_EDGE ( 'NONE', *, *, #1850, .T. ) ;
#974 = EDGE_CURVE ( 'NONE', #1569, #961, #992, .T. ) ;
#975 = VERTEX_POINT ( 'NONE', #328 ) ;
#976 = CARTESIAN_POINT ( 'NONE',  ( 3.999999999999998224, 0.2499999999999997780, -4.750000000000000000 ) ) ;
#977 = ADVANCED_FACE ( 'NONE', ( #1639 ), #305, .T. ) ;
#978 = ADVANCED_FACE ( 'NONE', ( #295 ), #1605, .F. ) ;
#979 = DIRECTION ( 'NONE',  ( -1.508455196501571429E-16, -0.000000000000000000, -1.000000000000000000 ) ) ;
#980 = FACE_OUTER_BOUND ( 'NONE', #275, .T. ) ;
#981 = CIRCLE ( 'NONE', #39, 1.000000000000000000 ) ;
#982 = ORIENTED_EDGE ( 'NONE', *, *, #1945, .T. ) ;
#983 = VECTOR ( 'NONE', #1962, 1000.000000000000000 ) ;
#984 = CARTESIAN_POINT ( 'NONE',  ( 4.000000000000000000, 3.799999999999999822, -5.270272631416467846 ) ) ;
#985 = ORIENTED_EDGE ( 'NONE', *, *, #442, .F. ) ;
#986 = CIRCLE ( 'NONE', #46, 0.3300000000000000155 ) ;
#987 = LINE ( 'NONE', #175, #1590 ) ;
#988 = PLANE ( 'NONE',  #1864 ) ;
#989 = DIRECTION ( 'NONE',  ( 1.000000000000000000, 0.000000000000000000, -0.000000000000000000 ) ) ;
#990 = CARTESIAN_POINT ( 'NONE',  ( -4.000000000000000000, 0.000000000000000000, -5.270272631416467846 ) ) ;
#991 = LINE ( 'NONE', #618, #1933 ) ;
#992 = LINE ( 'NONE', #1119, #2008 ) ;
#993 = ORIENTED_EDGE ( 'NONE', *, *, #2040, .T. ) ;
#994 = CARTESIAN_POINT ( 'NONE',  ( 4.000000000000000000, 3.765963054521581199, -5.466982343680882650 ) ) ;
#995 =( LENGTH_UNIT ( ) NAMED_UNIT ( * ) SI_UNIT ( .MILLI., .METRE. ) );
#996 = ORIENTED_EDGE ( 'NONE', *, *, #1361, .F. ) ;
#997 = PLANE ( 'NONE',  #1287 ) ;
#998 = B_SPLINE_CURVE_WITH_KNOTS ( 'NONE', 3,
 ( #1731, #1364, #757, #1035, #887, #1552 ),
 .UNSPECIFIED., .F., .F.,
 ( 4, 1, 1, 4 ),
 ( 0.000000000000000000, 3.398238005293333899E-05, 0.0001012780886899061425, 0.0003638738368369182465 ),
 .UNSPECIFIED. ) ;
#999 = LINE ( 'NONE', #356, #320 ) ;
#1000 = CARTESIAN_POINT ( 'NONE',  ( 1.649999999999999023, 0.000000000000000000, 5.270272631416467846 ) ) ;
#1001 = ORIENTED_EDGE ( 'NONE', *, *, #1857, .T. ) ;
#1002 = CARTESIAN_POINT ( 'NONE',  ( 2.000000000000000444, -2.169999999999999929, 0.000000000000000000 ) ) ;
#1003 = ORIENTED_EDGE ( 'NONE', *, *, #9, .T. ) ;
#1004 = EDGE_CURVE ( 'NONE', #183, #2063, #2107, .T. ) ;
#1005 = DIRECTION ( 'NONE',  ( 0.000000000000000000, 0.000000000000000000, 1.000000000000000000 ) ) ;
#1006 = DIRECTION ( 'NONE',  ( 1.000000000000000000, 0.000000000000000000, 2.753529326947312927E-16 ) ) ;
#1007 = CARTESIAN_POINT ( 'NONE',  ( -4.576545663354565363, 3.549999999999999822, 5.734225011576271847 ) ) ;
#1008 = CARTESIAN_POINT ( 'NONE',  ( -4.500000000000000000, 0.000000000000000000, 5.042893218813453871 ) ) ;
#1009 = DIRECTION ( 'NONE',  ( 0.000000000000000000, -1.000000000000000000, 0.000000000000000000 ) ) ;
#1010 = CARTESIAN_POINT ( 'NONE',  ( 4.585786437626898859, 3.550000000000000266, 5.749999999999996447 ) ) ;
#1011 = AXIS2_PLACEMENT_3D ( 'NONE', #874, #718, #2025 ) ;
#1012 = VERTEX_POINT ( 'NONE', #1778 ) ;
#1013 = ADVANCED_FACE ( 'NONE', ( #980 ), #1133, .F. ) ;
#1014 = CIRCLE ( 'NONE', #911, 0.03000000000000004052 ) ;
#1015 = CARTESIAN_POINT ( 'NONE',  ( 4.130577306269329618, 3.799999999999999822, 5.249999999999995559 ) ) ;
#1016 = PLANE ( 'NONE',  #452 ) ;
#1017 = CARTESIAN_POINT ( 'NONE',  ( -4.500000000000000888, 0.000000000000000000, 5.042893218813452982 ) ) ;
#1018 = B_SPLINE_CURVE_WITH_KNOTS ( 'NONE', 3,
 ( #1341, #378, #825, #858, #1316, #8 ),
 .UNSPECIFIED., .F., .F.,
 ( 4, 2, 4 ),
 ( 0.000000000000000000, 0.5000000000000000000, 1.000000000000000000 ),
 .UNSPECIFIED. ) ;
#1019 = CARTESIAN_POINT ( 'NONE',  ( -4.000000000000001776, 0.2499999999999997780, -5.750000000000000000 ) ) ;
#1020 = ORIENTED_EDGE ( 'NONE', *, *, #165, .F. ) ;
#1021 = CARTESIAN_POINT ( 'NONE',  ( -4.500000000000001776, 0.000000000000000000, -4.750000000000000000 ) ) ;
#1022 = CARTESIAN_POINT ( 'NONE',  ( -0.2999999999999997669, -1.839999999999999858, 3.000000000000000000 ) ) ;
#1023 = PRODUCT ( '\X2\96f64ef6\X0\1_\X2\9ed88ba4\X0\', '\X2\96f64ef6\X0\1_\X2\9ed88ba4\X0\', '', ( #1199 ) ) ;
#1024 = CARTESIAN_POINT ( 'NONE',  ( -4.520272631416468734, 3.799999999999999822, -4.750000000000000000 ) ) ;
#1025 = CARTESIAN_POINT ( 'NONE',  ( 4.499999999999994671, 0.000000000000000000, 5.042893218813452094 ) ) ;
#1026 = CARTESIAN_POINT ( 'NONE',  ( -4.716982343680881762, 0.03403694547841895623, 4.749999999999998224 ) ) ;
#1027 = EDGE_CURVE ( 'NONE', #1196, #1436, #660, .T. ) ;
#1028 = CARTESIAN_POINT ( 'NONE',  ( -4.984225011576272735, 0.2499999999999997780, 4.749999999999999112 ) ) ;
#1029 = DIRECTION ( 'NONE',  ( -0.000000000000000000, -0.000000000000000000, -1.000000000000000000 ) ) ;
#1030 = ORIENTED_EDGE ( 'NONE', *, *, #842, .T. ) ;
#1031 = DIRECTION ( 'NONE',  ( 0.000000000000000000, -1.000000000000000000, 0.000000000000000000 ) ) ;
#1032 = ORIENTED_EDGE ( 'NONE', *, *, #842, .F. ) ;
#1033 = CARTESIAN_POINT ( 'NONE',  ( -4.000000000000000000, 3.799999999999999822, -5.250000000000000000 ) ) ;
#1034 = ADVANCED_FACE ( 'NONE', ( #1153 ), #473, .T. ) ;
#1035 = CARTESIAN_POINT ( 'NONE',  ( -1.650000000000000799, 0.03403694547841895623, 5.466982343680882650 ) ) ;
#1036 = LINE ( 'NONE', #2004, #422 ) ;
#1037 = PRODUCT_DEFINITION_CONTEXT ( 'detailed design', #307, 'design' ) ;
#1038 = SHAPE_REPRESENTATION ( '\X2\96f64ef6\X0\2_\X2\9ed88ba4\X0\', ( #495 ), #1661 ) ;
#1039 = EDGE_CURVE ( 'NONE', #1773, #734, #1113, .T. ) ;
#1040 = CARTESIAN_POINT ( 'NONE',  ( 1.649999999999999023, 0.03403694547841895623, 5.466982343680882650 ) ) ;
#1041 = EDGE_CURVE ( 'NONE', #468, #649, #1142, .T. ) ;
#1042 = CARTESIAN_POINT ( 'NONE',  ( 4.000000000000001776, 3.765963054521581199, 5.466982343680882650 ) ) ;
#1043 = CARTESIAN_POINT ( 'NONE',  ( 4.999999999999999112, 0.2499999999999997780, -4.750000000000000888 ) ) ;
#1044 = ORIENTED_EDGE ( 'NONE', *, *, #1344, .T. ) ;
#1045 = VECTOR ( 'NONE', #2128, 1000.000000000000000 ) ;
#1046 = DIRECTION ( 'NONE',  ( 0.000000000000000000, 1.000000000000000000, 0.000000000000000000 ) ) ;
#1047 = LINE ( 'NONE', #886, #811 ) ;
#1048 = VECTOR ( 'NONE', #888, 1000.000000000000000 ) ;
#1049 = CARTESIAN_POINT ( 'NONE',  ( 4.000000000000001776, 0.03403694547841895623, 5.466982343680882650 ) ) ;
#1050 = EDGE_CURVE ( 'NONE', #137, #413, #1300, .T. ) ;
#1051 = VECTOR ( 'NONE', #830, 1000.000000000000000 ) ;
#1052 = PRODUCT_DEFINITION_FORMATION_WITH_SPECIFIED_SOURCE ( 'ANY', '', #139, .NOT_KNOWN. ) ;
#1053 = LINE ( 'NONE', #42, #1083 ) ;
#1054 = ORIENTED_EDGE ( 'NONE', *, *, #70, .T. ) ;
#1055 = SURFACE_STYLE_USAGE ( .BOTH. , #723 ) ;
#1056 = ADVANCED_FACE ( 'NONE', ( #1626 ), #516, .F. ) ;
#1057 = EDGE_CURVE ( 'NONE', #401, #1572, #1866, .T. ) ;
#1058 = DIRECTION ( 'NONE',  ( -0.000000000000000000, 1.000000000000000000, -0.000000000000000000 ) ) ;
#1059 = EDGE_CURVE ( 'NONE', #1804, #1305, #859, .T. ) ;
#1060 = ORIENTED_EDGE ( 'NONE', *, *, #108, .T. ) ;
#1061 = CARTESIAN_POINT ( 'NONE',  ( -5.000000000000000888, 0.2499999999999997780, -4.750000000000000000 ) ) ;
#1062 = CARTESIAN_POINT ( 'NONE',  ( 4.520272631416463405, 3.800000000000000266, 5.054768651352227415 ) ) ;
#1063 = ADVANCED_FACE ( 'NONE', ( #678 ), #54, .F. ) ;
#1064 = LINE ( 'NONE', #76, #840 ) ;
#1065 = CARTESIAN_POINT ( 'NONE',  ( 4.999999999999999112, 3.799999999999999822, -4.750000000000000000 ) ) ;
#1066 = EDGE_LOOP ( 'NONE', ( #1200, #1755, #1030, #414 ) ) ;
#1067 = ORIENTED_EDGE ( 'NONE', *, *, #491, .T. ) ;
#1068 = CARTESIAN_POINT ( 'NONE',  ( 4.000000000000000000, 3.637707095197694862, -5.578519787169307520 ) ) ;
#1069 = CARTESIAN_POINT ( 'NONE',  ( -4.000000000000000000, 0.1622929048023052101, -5.578519787169307520 ) ) ;
#1070 = DIRECTION ( 'NONE',  ( 1.000000000000000000, 0.000000000000000000, 0.000000000000000000 ) ) ;
#1071 = CARTESIAN_POINT ( 'NONE',  ( -4.716982343680882650, 3.765963054521580755, 5.169998532946213032 ) ) ;
#1072 = CARTESIAN_POINT ( 'NONE',  ( 3.999999999999996447, 3.550000000000000266, 5.734225011576266517 ) ) ;
#1073 = CARTESIAN_POINT ( 'NONE',  ( 0.02999999999999999889, 0.000000000000000000, 3.000000000000000000 ) ) ;
#1074 = CARTESIAN_POINT ( 'NONE',  ( 1.649999999999999023, 0.1499999999999999944, 3.450000000000000178 ) ) ;
#1075 = ORIENTED_EDGE ( 'NONE', *, *, #1383, .F. ) ;
#1076 = VERTEX_POINT ( 'NONE', #213 ) ;
#1077 = CARTESIAN_POINT ( 'NONE',  ( -4.000000000000000000, 3.637707095197694862, 5.578519787169307520 ) ) ;
#1078 = DIRECTION ( 'NONE',  ( 1.000000000000000000, 0.000000000000000000, 0.000000000000000000 ) ) ;
#1079 = EDGE_LOOP ( 'NONE', ( #1747, #1629, #1618, #153 ) ) ;
#1080 = ORIENTED_EDGE ( 'NONE', *, *, #1990, .T. ) ;
#1081 = STYLED_ITEM ( 'NONE', ( #680 ), #24 ) ;
#1082 = CARTESIAN_POINT ( 'NONE',  ( 1.650000000000000355, 0.1415872036875896745, -5.569373307212827307 ) ) ;
#1083 = VECTOR ( 'NONE', #710, 1000.000000000000000 ) ;
#1084 = AXIS2_PLACEMENT_3D ( 'NONE', #1677, #169, #709 ) ;
#1085 = CARTESIAN_POINT ( 'NONE',  ( -1.575000000000027267, 0.2499999999999997780, -5.749999999999999112 ) ) ;
#1086 = DIRECTION ( 'NONE',  ( 1.000000000000000000, 0.000000000000000000, 0.000000000000000000 ) ) ;
#1087 = CARTESIAN_POINT ( 'NONE',  ( 4.499999999999999112, 0.000000000000000000, -4.750000000000000000 ) ) ;
#1088 = ORIENTED_EDGE ( 'NONE', *, *, #883, .T. ) ;
#1089 = CARTESIAN_POINT ( 'NONE',  ( -4.520272631416468734, 3.799999999999999822, -4.750000000000000000 ) ) ;
#1090 = CARTESIAN_POINT ( 'NONE',  ( 4.499999999999998224, 3.799999999999999822, 4.749999999999997335 ) ) ;
#1091 = ORIENTED_EDGE ( 'NONE', *, *, #1550, .T. ) ;
#1092 = VERTEX_POINT ( 'NONE', #541 ) ;
#1093 = B_SPLINE_CURVE_WITH_KNOTS ( 'NONE', 3,
 ( #703, #2011, #1338, #1314, #1024, #1674 ),
 .UNSPECIFIED., .F., .F.,
 ( 4, 1, 1, 4 ),
 ( 0.000000000000000000, 0.4169857378744323828, 0.5359168502399545009, 1.000000000000000000 ),
 .UNSPECIFIED. ) ;
#1094 = CARTESIAN_POINT ( 'NONE',  ( -4.828519787169306632, 0.1622929048023052101, 4.749999999999998224 ) ) ;
#1095 = DIRECTION ( 'NONE',  ( -2.828353493440446307E-16, -0.000000000000000000, 1.000000000000000000 ) ) ;
#1096 = EDGE_CURVE ( 'NONE', #1712, #961, #916, .T. ) ;
#1097 = CARTESIAN_POINT ( 'NONE',  ( 4.716982343680880874, 0.03403694547841895623, -4.750000000000000000 ) ) ;
#1098 =( BOUNDED_SURFACE ( )  B_SPLINE_SURFACE ( 3, 3, ( 
 ( #130, #1949, #1308, #121 ),
 ( #484, #461, #1800, #1451 ),
 ( #2105, #304, #1978, #786 ),
 ( #837, #520, #66, #1376 ),
 ( #721, #1686, #204, #1545 ),
 ( #730, #380, #387, #696 ) ),
 .UNSPECIFIED., .F., .F., .F. ) 
 B_SPLINE_SURFACE_WITH_KNOTS ( ( 4, 1, 1, 4 ),
 ( 4, 4 ),
 ( 0.000000000000000000, 0.4169857378744323828, 0.5359168502399545009, 1.000000000000000000 ),
 ( 0.000000000000000000, 1.000000000000000000 ),
 .UNSPECIFIED. ) 
 GEOMETRIC_REPRESENTATION_ITEM ( )  RATIONAL_B_SPLINE_SURFACE ( (
 ( 1.000000000000000000, 0.8047378541243652705, 0.8047378541243652705, 1.000000000000000000),
 ( 1.000000000000000000, 0.8047378541243652705, 0.8047378541243652705, 1.000000000000000000),
 ( 1.000000000000000000, 0.8047378541243652705, 0.8047378541243652705, 1.000000000000000000),
 ( 1.000000000000000000, 0.8047378541243652705, 0.8047378541243652705, 1.000000000000000000),
 ( 1.000000000000000000, 0.8047378541243652705, 0.8047378541243652705, 1.000000000000000000),
 ( 1.000000000000000000, 0.8047378541243652705, 0.8047378541243652705, 1.000000000000000000) ) ) 
 REPRESENTATION_ITEM ( '' )  SURFACE ( )  );
#1099 = VERTEX_POINT ( 'NONE', #695 ) ;
#1100 = B_SPLINE_CURVE_WITH_KNOTS ( 'NONE', 3,
 ( #2003, #1493, #530, #7, #1533, #1061 ),
 .UNSPECIFIED., .F., .F.,
 ( 4, 1, 1, 4 ),
 ( 0.000000000000000000, 0.4640831497600454991, 0.5830142621255676172, 1.000000000000000000 ),
 .UNSPECIFIED. ) ;
#1101 = CARTESIAN_POINT ( 'NONE',  ( 0.02999999999999994338, 0.3300000000000000155, 3.000000000000000000 ) ) ;
#1102 =( LENGTH_UNIT ( ) NAMED_UNIT ( * ) SI_UNIT ( .MILLI., .METRE. ) );
#1103 = VERTEX_POINT ( 'NONE', #851 ) ;
#1104 = CARTESIAN_POINT ( 'NONE',  ( -4.000000000000000888, 0.2499999999999997780, 5.750000000000000000 ) ) ;
#1105 = CYLINDRICAL_SURFACE ( 'NONE', #1121, 0.3300000000000000155 ) ;
#1106 = EDGE_CURVE ( 'NONE', #756, #1583, #720, .T. ) ;
#1107 = CARTESIAN_POINT ( 'NONE',  ( -4.000000000000000000, 0.000000000000000000, 5.250000000000000000 ) ) ;
#1108 = CARTESIAN_POINT ( 'NONE',  ( -4.304768651352230080, 0.000000000000000000, -5.270272631416467846 ) ) ;
#1109 = ORIENTED_EDGE ( 'NONE', *, *, #1509, .T. ) ;
#1110 = PRODUCT_DEFINITION_SHAPE ( 'NONE', 'NONE',  #2133 ) ;
#1111 = CARTESIAN_POINT ( 'NONE',  ( -4.716982343680881762, 3.765963054521581199, 4.749999999999998224 ) ) ;
#1112 = ORIENTED_EDGE ( 'NONE', *, *, #1059, .T. ) ;
#1113 = B_SPLINE_CURVE_WITH_KNOTS ( 'NONE', 3,
 ( #122, #1276, #647, #1802, #2097, #2120 ),
 .UNSPECIFIED., .F., .F.,
 ( 4, 1, 1, 4 ),
 ( 0.000000000000000000, 0.4640831497600454991, 0.5830142621255676172, 1.000000000000000000 ),
 .UNSPECIFIED. ) ;
#1114 = ORIENTED_EDGE ( 'NONE', *, *, #1202, .F. ) ;
#1115 = LINE ( 'NONE', #149, #1463 ) ;
#1116 = VECTOR ( 'NONE', #574, 1000.000000000000000 ) ;
#1117 = DIRECTION ( 'NONE',  ( 1.000000000000000000, -9.035018104045871927E-17, -0.000000000000000000 ) ) ;
#1118 = AXIS2_PLACEMENT_3D ( 'NONE', #128, #1140, #608 ) ;
#1119 = CARTESIAN_POINT ( 'NONE',  ( 8.673617379884035472E-16, 0.1500000000000000222, 5.580378705966810848 ) ) ;
#1120 = ADVANCED_FACE ( 'NONE', ( #1172 ), #521, .T. ) ;
#1121 = AXIS2_PLACEMENT_3D ( 'NONE', #860, #65, #2050 ) ;
#1122 = ORIENTED_EDGE ( 'NONE', *, *, #1733, .F. ) ;
#1123 = ADVANCED_FACE ( 'NONE', ( #1821 ), #1620, .F. ) ;
#1124 = CARTESIAN_POINT ( 'NONE',  ( -1.649999999999999911, 0.1499999999999999944, -3.450000000000001510 ) ) ;
#1125 =( NAMED_UNIT ( * ) PLANE_ANGLE_UNIT ( ) SI_UNIT ( $, .RADIAN. ) );
#1126 = ORIENTED_EDGE ( 'NONE', *, *, #265, .F. ) ;
#1127 = ORIENTED_EDGE ( 'NONE', *, *, #2024, .T. ) ;
#1128 =( REPRESENTATION_RELATIONSHIP ('NONE','NONE', #276, #1038 ) REPRESENTATION_RELATIONSHIP_WITH_TRANSFORMATION ( #861 )SHAPE_REPRESENTATION_RELATIONSHIP( ) );
#1129 = EDGE_CURVE ( 'NONE', #1305, #1971, #1784, .T. ) ;
#1130 = CARTESIAN_POINT ( 'NONE',  ( -4.500000000000000000, 0.000000000000000000, 4.749999999999998224 ) ) ;
#1131 = CARTESIAN_POINT ( 'NONE',  ( 5.000000000000000888, 0.2499999999999997780, 4.749999999999997335 ) ) ;
#1132 = FACE_OUTER_BOUND ( 'NONE', #1673, .T. ) ;
#1133 = PLANE ( 'NONE',  #43 ) ;
#1134 = EDGE_CURVE ( 'NONE', #1234, #2067, #345, .T. ) ;
#1135 = EDGE_LOOP ( 'NONE', ( #1282, #1269, #161, #1984 ) ) ;
#1136 = CARTESIAN_POINT ( 'NONE',  ( 1.574999999999973088, 2.349999999999999645, 5.750000000000000000 ) ) ;
#1137 = PLANE ( 'NONE',  #948 ) ;
#1138 = ORIENTED_EDGE ( 'NONE', *, *, #577, .F. ) ;
#1139 = ORIENTED_EDGE ( 'NONE', *, *, #115, .F. ) ;
#1140 = DIRECTION ( 'NONE',  ( 0.000000000000000000, 1.000000000000000000, 0.000000000000000000 ) ) ;
#1141 = CARTESIAN_POINT ( 'NONE',  ( 0.000000000000000000, 0.000000000000000000, 0.000000000000000000 ) ) ;
#1142 = LINE ( 'NONE', #314, #808 ) ;
#1143 = ORIENTED_EDGE ( 'NONE', *, *, #642, .T. ) ;
#1144 = CARTESIAN_POINT ( 'NONE',  ( 1.574999999999973088, 0.2499999999999997780, 5.750000000000000000 ) ) ;
#1145 = ORIENTED_EDGE ( 'NONE', *, *, #743, .T. ) ;
#1146 = B_SPLINE_SURFACE_WITH_KNOTS ( 'NONE', 3, 1, ( 
 ( #1637, #1130 ),
 ( #1427, #1272 ),
 ( #1924, #1026 ),
 ( #335, #519 ),
 ( #1684, #1839 ),
 ( #1192, #1828 ) ),
 .UNSPECIFIED., .F., .F., .F.,
 ( 4, 1, 1, 4 ),
 ( 2, 2 ),
 ( 0.000000000000000000, 0.4640831497600454991, 0.5830142621255676172, 1.000000000000000000 ),
 ( 0.000000000000000000, 1.000000000000000000 ),
 .UNSPECIFIED. ) ;
#1147 = CARTESIAN_POINT ( 'NONE',  ( 4.499999999999998224, 3.799999999999999822, 4.749999999999997335 ) ) ;
#1148 = CARTESIAN_POINT ( 'NONE',  ( 1.649999999999999911, 0.000000000000000000, -3.450000000000001066 ) ) ;
#1149 = CARTESIAN_POINT ( 'NONE',  ( 4.499999999999999112, 3.800000000000000266, -5.042893218813452094 ) ) ;
#1150 = CARTESIAN_POINT ( 'NONE',  ( 4.984225011576273623, 0.2499999999999997780, 4.749999999999997335 ) ) ;
#1151 = UNCERTAINTY_MEASURE_WITH_UNIT (LENGTH_MEASURE( 1.000000000000000082E-05 ), #952, 'distance_accuracy_value', 'NONE');
#1152 = CARTESIAN_POINT ( 'NONE',  ( -4.984225011576271847, 3.550000000000000266, 4.749999999999998224 ) ) ;
#1153 = FACE_OUTER_BOUND ( 'NONE', #330, .T. ) ;
#1154 = ORIENTED_EDGE ( 'NONE', *, *, #1275, .T. ) ;
#1155 = AXIS2_PLACEMENT_3D ( 'NONE', #865, #675, #1648 ) ;
#1156 = LINE ( 'NONE', #1643, #1979 ) ;
#1157 = ORIENTED_EDGE ( 'NONE', *, *, #832, .T. ) ;
#1158 = DIRECTION ( 'NONE',  ( 1.000000000000000000, 0.000000000000000000, 0.000000000000000000 ) ) ;
#1159 = CARTESIAN_POINT ( 'NONE',  ( 4.828519787169305744, 0.1622929048023052101, 4.750000000000002665 ) ) ;
#1160 = FACE_OUTER_BOUND ( 'NONE', #1529, .T. ) ;
#1161 = CARTESIAN_POINT ( 'NONE',  ( -4.500000000000000000, 3.799999999999999822, 4.749999999999998224 ) ) ;
#1162 = DIRECTION ( 'NONE',  ( 0.000000000000000000, 0.000000000000000000, 1.000000000000000000 ) ) ;
#1163 = EDGE_CURVE ( 'NONE', #734, #2113, #1692, .T. ) ;
#1164 = VERTEX_POINT ( 'NONE', #1450 ) ;
#1165 = LINE ( 'NONE', #766, #1688 ) ;
#1166 = CARTESIAN_POINT ( 'NONE',  ( 4.000000000000000000, 3.799999999999999822, -5.250000000000000000 ) ) ;
#1167 = APPLICATION_PROTOCOL_DEFINITION ( 'draft international standard', 'automotive_design', 1998, #307 ) ;
#1168 = ORIENTED_EDGE ( 'NONE', *, *, #2049, .T. ) ;
#1169 = DIRECTION ( 'NONE',  ( 0.000000000000000000, 0.000000000000000000, 1.000000000000000000 ) ) ;
#1170 = CARTESIAN_POINT ( 'NONE',  ( 4.576545663354558258, 0.2499999999999998057, 5.734225011576270070 ) ) ;
#1171 = CARTESIAN_POINT ( 'NONE',  ( -4.500000000000001776, 3.799999999999999822, -4.750000000000000000 ) ) ;
#1172 = FACE_OUTER_BOUND ( 'NONE', #667, .T. ) ;
#1173 = EDGE_CURVE ( 'NONE', #1701, #458, #875, .T. ) ;
#1174 = EDGE_LOOP ( 'NONE', ( #1243, #1578, #1891, #1928 ) ) ;
#1175 =( NAMED_UNIT ( * ) PLANE_ANGLE_UNIT ( ) SI_UNIT ( $, .RADIAN. ) );
#1176 = DIRECTION ( 'NONE',  ( -2.295887403949781110E-32, 1.355252715606881282E-16, -1.000000000000000000 ) ) ;
#1177 = ORIENTED_EDGE ( 'NONE', *, *, #1027, .F. ) ;
#1178 = CARTESIAN_POINT ( 'NONE',  ( 4.499999999999999112, 0.000000000000000000, -5.042893218813451206 ) ) ;
#1179 = CARTESIAN_POINT ( 'NONE',  ( 1.574999999999973088, 2.349999999999999645, -5.674999999999998046 ) ) ;
#1180 = CARTESIAN_POINT ( 'NONE',  ( -4.000000000000000888, 3.637707095197694862, 5.578519787169307520 ) ) ;
#1181 = DIRECTION ( 'NONE',  ( 0.000000000000000000, -1.000000000000000000, 0.000000000000000000 ) ) ;
#1182 = DIRECTION ( 'NONE',  ( 0.000000000000000000, 0.000000000000000000, -1.000000000000000000 ) ) ;
#1183 = AXIS2_PLACEMENT_3D ( 'NONE', #243, #2073, #67 ) ;
#1184 = CARTESIAN_POINT ( 'NONE',  ( 4.000000000000000000, 0.2499999999999997780, -5.750000000000000000 ) ) ;
#1185 = CARTESIAN_POINT ( 'NONE',  ( 0.03000000000000022093, -1.869999999999999885, 3.000000000000000000 ) ) ;
#1186 = VECTOR ( 'NONE', #556, 1000.000000000000000 ) ;
#1187 = ORIENTED_EDGE ( 'NONE', *, *, #1134, .F. ) ;
#1188 = VECTOR ( 'NONE', #134, 1000.000000000000000 ) ;
#1189 = AXIS2_PLACEMENT_3D ( 'NONE', #2078, #798, #605 ) ;
#1190 = ADVANCED_FACE ( 'NONE', ( #1751 ), #650, .F. ) ;
#1191 = CARTESIAN_POINT ( 'NONE',  ( 4.000000000000001776, 0.000000000000000000, 5.250000000000000000 ) ) ;
#1192 = CARTESIAN_POINT ( 'NONE',  ( -5.000000000000000888, 0.2499999999999997780, -4.750000000000000000 ) ) ;
#1193 = UNCERTAINTY_MEASURE_WITH_UNIT (LENGTH_MEASURE( 1.000000000000000082E-05 ), #1102, 'distance_accuracy_value', 'NONE');
#1194 = CARTESIAN_POINT ( 'NONE',  ( -4.419998532946213921, 0.03403694547841895623, 5.466982343680882650 ) ) ;
#1195 = CARTESIAN_POINT ( 'NONE',  ( -4.000000000000001776, 0.2499999999999997780, -5.750000000000000000 ) ) ;
#1196 = VERTEX_POINT ( 'NONE', #1459 ) ;
#1197 = CARTESIAN_POINT ( 'NONE',  ( 1.649999999999999023, 0.000000000000000000, 3.450000000000000178 ) ) ;
#1198 = EDGE_CURVE ( 'NONE', #164, #1902, #1115, .T. ) ;
#1199 = PRODUCT_CONTEXT ( 'NONE', #669, 'mechanical' ) ;
#1200 = ORIENTED_EDGE ( 'NONE', *, *, #129, .F. ) ;
#1201 = CARTESIAN_POINT ( 'NONE',  ( -4.000000000000000000, 3.550000000000000266, -5.734225011576272735 ) ) ;
#1202 = EDGE_CURVE ( 'NONE', #975, #289, #2115, .T. ) ;
#1203 = ADVANCED_FACE ( 'NONE', ( #813 ), #784, .T. ) ;
#1204 = CARTESIAN_POINT ( 'NONE',  ( 4.261833010021313761, 3.799999999999999822, -5.195475778291766211 ) ) ;
#1205 = CARTESIAN_POINT ( 'NONE',  ( 4.999999999999997335, 3.550000000000000266, 4.749999999999997335 ) ) ;
#1206 = CARTESIAN_POINT ( 'NONE',  ( -4.520272631416468734, 0.000000000000000000, 5.054768651352229192 ) ) ;
#1207 = FACE_OUTER_BOUND ( 'NONE', #250, .T. ) ;
#1208 = DIRECTION ( 'NONE',  ( 1.508455196501571429E-16, 0.000000000000000000, 1.000000000000000000 ) ) ;
#1209 = EDGE_LOOP ( 'NONE', ( #1067, #1138, #1177, #1145 ) ) ;
#1210 = LINE ( 'NONE', #83, #1763 ) ;
#1211 = DIRECTION ( 'NONE',  ( 1.233721901435611192E-16, -1.000000000000000000, 0.000000000000000000 ) ) ;
#1212 = CARTESIAN_POINT ( 'NONE',  ( -4.000000000000000000, 0.2499999999999997780, 5.750000000000000000 ) ) ;
#1213 = EDGE_CURVE ( 'NONE', #350, #183, #1440, .T. ) ;
#1214 = DIRECTION ( 'NONE',  ( -0.000000000000000000, -1.000000000000000000, -0.000000000000000000 ) ) ;
#1215 = ORIENTED_EDGE ( 'NONE', *, *, #819, .F. ) ;
#1216 = ADVANCED_FACE ( 'NONE', ( #2094 ), #1146, .F. ) ;
#1217 = LINE ( 'NONE', #206, #112 ) ;
#1218 = AXIS2_PLACEMENT_3D ( 'NONE', #1670, #1009, #1999 ) ;
#1219 = CARTESIAN_POINT ( 'NONE',  ( 4.828519787169306632, 3.637707095197694862, -4.750000000000000888 ) ) ;
#1220 = DIRECTION ( 'NONE',  ( 0.000000000000000000, 0.000000000000000000, 1.000000000000000000 ) ) ;
#1221 = VECTOR ( 'NONE', #1058, 1000.000000000000000 ) ;
#1222 = ORIENTED_EDGE ( 'NONE', *, *, #882, .T. ) ;
#1223 = CARTESIAN_POINT ( 'NONE',  ( 4.000000000000001776, 0.2499999999999997780, 5.734225011576272735 ) ) ;
#1224 = CARTESIAN_POINT ( 'NONE',  ( -1.575000000000027267, 0.2499999999999997780, 5.749999999999999112 ) ) ;
#1225 = EDGE_CURVE ( 'NONE', #1669, #2079, #1426, .T. ) ;
#1226 = VECTOR ( 'NONE', #488, 1000.000000000000000 ) ;
#1227 =( GEOMETRIC_REPRESENTATION_CONTEXT ( 3 ) GLOBAL_UNCERTAINTY_ASSIGNED_CONTEXT ( ( #303 ) ) GLOBAL_UNIT_ASSIGNED_CONTEXT ( ( #249, #219, #1380 ) ) REPRESENTATION_CONTEXT ( 'NONE', 'WORKASPACE' ) );
#1228 = LINE ( 'NONE', #266, #288 ) ;
#1229 = DIRECTION ( 'NONE',  ( -0.000000000000000000, 1.000000000000000000, -0.000000000000000000 ) ) ;
#1230 = CARTESIAN_POINT ( 'NONE',  ( -4.000000000000000000, 0.2499999999999997780, 5.734225011576272735 ) ) ;
#1231 = CARTESIAN_POINT ( 'NONE',  ( 1.649999999999999023, 0.1500000000000000222, 5.580378705966810848 ) ) ;
#1232 = EDGE_CURVE ( 'NONE', #1722, #447, #1599, .T. ) ;
#1233 = ORIENTED_EDGE ( 'NONE', *, *, #256, .F. ) ;
#1234 = VERTEX_POINT ( 'NONE', #1205 ) ;
#1235 = CARTESIAN_POINT ( 'NONE',  ( -4.000000000000000000, 3.637707095197694862, 5.578519787169307520 ) ) ;
#1236 = ORIENTED_EDGE ( 'NONE', *, *, #1640, .T. ) ;
#1237 = CARTESIAN_POINT ( 'NONE',  ( 1.649999999999999911, 0.000000000000000000, -3.450000000000001510 ) ) ;
#1238 = CYLINDRICAL_SURFACE ( 'NONE', #741, 0.3300000000000000155 ) ;
#1239 = CARTESIAN_POINT ( 'NONE',  ( 0.02999999999999986011, 0.02999999999999975603, 1.200000000000000178 ) ) ;
#1240 = VERTEX_POINT ( 'NONE', #658 ) ;
#1241 = DIRECTION ( 'NONE',  ( -1.000000000000000000, 0.000000000000000000, -0.000000000000000000 ) ) ;
#1242 = CARTESIAN_POINT ( 'NONE',  ( 0.03000000000000022440, -1.839999999999999858, 3.000000000000000000 ) ) ;
#1243 = ORIENTED_EDGE ( 'NONE', *, *, #591, .T. ) ;
#1244 = ORIENTED_EDGE ( 'NONE', *, *, #268, .F. ) ;
#1245 = CARTESIAN_POINT ( 'NONE',  ( 4.445273771165229704, 3.800000000000000711, -5.011631002894781695 ) ) ;
#1246 = CARTESIAN_POINT ( 'NONE',  ( 4.485335654629304614, 3.637707095197694862, 5.578519787169303967 ) ) ;
#1247 = LINE ( 'NONE', #434, #5 ) ;
#1248 = CARTESIAN_POINT ( 'NONE',  ( 4.499999999999999112, 0.000000000000000000, -5.042893218813452094 ) ) ;
#1249 = ORIENTED_EDGE ( 'NONE', *, *, #1096, .F. ) ;
#1250 = CARTESIAN_POINT ( 'NONE',  ( -5.000000000000000888, 3.550000000000000266, -4.750000000000000000 ) ) ;
#1251 = DIRECTION ( 'NONE',  ( -1.000000000000000000, 0.000000000000000000, 0.000000000000000000 ) ) ;
#1252 = CARTESIAN_POINT ( 'NONE',  ( -5.000000000000000888, 3.550000000000000266, -4.750000000000000000 ) ) ;
#1253 = EDGE_CURVE ( 'NONE', #1888, #596, #59, .T. ) ;
#1254 = AXIS2_PLACEMENT_3D ( 'NONE', #1386, #1029, #535 ) ;
#1255 = VECTOR ( 'NONE', #1309, 1000.000000000000000 ) ;
#1256 = CARTESIAN_POINT ( 'NONE',  ( 4.984225011576270070, 3.550000000000000266, 4.750000000000002665 ) ) ;
#1257 = CARTESIAN_POINT ( 'NONE',  ( 4.000000000000000000, 3.799999999999999822, -5.250000000000000000 ) ) ;
#1258 = FACE_OUTER_BOUND ( 'NONE', #271, .T. ) ;
#1259 = ORIENTED_EDGE ( 'NONE', *, *, #1416, .F. ) ;
#1260 = FACE_OUTER_BOUND ( 'NONE', #1362, .T. ) ;
#1261 = VERTEX_POINT ( 'NONE', #1667 ) ;
#1262 = EDGE_CURVE ( 'NONE', #635, #72, #1018, .T. ) ;
#1263 = EDGE_CURVE ( 'NONE', #72, #639, #2014, .T. ) ;
#1264 = CARTESIAN_POINT ( 'NONE',  ( 3.999999999999998224, 3.765963054521581199, -5.466982343680882650 ) ) ;
#1265 = CARTESIAN_POINT ( 'NONE',  ( -4.500000000000000000, 0.000000000000000000, 4.749999999999998224 ) ) ;
#1266 = CARTESIAN_POINT ( 'NONE',  ( -0.3000000000000000999, 0.02999999999999978725, 1.200000000000000178 ) ) ;
#1267 = CARTESIAN_POINT ( 'NONE',  ( 4.984225011576273623, 0.2499999999999997780, 4.749999999999997335 ) ) ;
#1268 = EDGE_LOOP ( 'NONE', ( #1215, #1584, #247, #612, #1946, #1991, #515, #580, #1465, #1381, #595, #1032, #111, #1075, #1389, #1435 ) ) ;
#1269 = ORIENTED_EDGE ( 'NONE', *, *, #2023, .F. ) ;
#1270 = LINE ( 'NONE', #1922, #455 ) ;
#1271 = ORIENTED_EDGE ( 'NONE', *, *, #1202, .T. ) ;
#1272 = CARTESIAN_POINT ( 'NONE',  ( -4.520272631416466957, 0.000000000000000000, 4.749999999999998224 ) ) ;
#1273 = CARTESIAN_POINT ( 'NONE',  ( 4.716982343680883538, 0.03403694547841895623, 4.749999999999997335 ) ) ;
#1274 = LINE ( 'NONE', #472, #1657 ) ;
#1275 = EDGE_CURVE ( 'NONE', #1879, #262, #1498, .T. ) ;
#1276 = CARTESIAN_POINT ( 'NONE',  ( 4.520272631416466957, 0.000000000000000000, -4.750000000000001776 ) ) ;
#1277 = PRODUCT_DEFINITION_SHAPE ( 'NONE', 'NONE',  #1774 ) ;
#1278 = VERTEX_POINT ( 'NONE', #1974 ) ;
#1279 = ADVANCED_FACE ( 'NONE', ( #37 ), #836, .T. ) ;
#1280 = DIRECTION ( 'NONE',  ( 0.000000000000000000, 0.000000000000000000, -1.000000000000000000 ) ) ;
#1281 = PRESENTATION_STYLE_ASSIGNMENT (( #476 ) ) ;
#1282 = ORIENTED_EDGE ( 'NONE', *, *, #1724, .F. ) ;
#1283 = ORIENTED_EDGE ( 'NONE', *, *, #1353, .F. ) ;
#1284 = CARTESIAN_POINT ( 'NONE',  ( 4.292893218813450318, 3.800000000000000266, -5.250000000000000888 ) ) ;
#1285 = STYLED_ITEM ( 'NONE', ( #193 ), #785 ) ;
#1286 = LINE ( 'NONE', #327, #1898 ) ;
#1287 = AXIS2_PLACEMENT_3D ( 'NONE', #1970, #493, #333 ) ;
#1288 = DIRECTION ( 'NONE',  ( -1.233721901435611192E-16, 1.000000000000000000, 0.000000000000000000 ) ) ;
#1289 = AXIS2_PLACEMENT_3D ( 'NONE', #972, #2099, #771 ) ;
#1290 = VERTEX_POINT ( 'NONE', #1518 ) ;
#1291 = CARTESIAN_POINT ( 'NONE',  ( 4.828519787169306632, 3.637707095197694862, -4.750000000000001776 ) ) ;
#1292 = FACE_OUTER_BOUND ( 'NONE', #904, .T. ) ;
#1293 = CARTESIAN_POINT ( 'NONE',  ( 0.000000000000000000, 0.000000000000000000, 0.000000000000000000 ) ) ;
#1294 = ORIENTED_EDGE ( 'NONE', *, *, #64, .T. ) ;
#1295 = EDGE_LOOP ( 'NONE', ( #1294, #807, #1771, #1932 ) ) ;
#1296 = PRODUCT_DEFINITION_SHAPE ( 'NONE', 'NONE',  #2135 ) ;
#1297 = CARTESIAN_POINT ( 'NONE',  ( 1.650000000000000355, 0.1500000000000000222, -5.580378705966810848 ) ) ;
#1298 = UNCERTAINTY_MEASURE_WITH_UNIT (LENGTH_MEASURE( 1.000000000000000082E-05 ), #1943, 'distance_accuracy_value', 'NONE');
#1299 = LINE ( 'NONE', #141, #2039 ) ;
#1300 = LINE ( 'NONE', #1322, #79 ) ;
#1301 = ORIENTED_EDGE ( 'NONE', *, *, #1439, .F. ) ;
#1302 = DIRECTION ( 'NONE',  ( 1.000000000000000000, -0.000000000000000000, -0.000000000000000000 ) ) ;
#1303 =( NAMED_UNIT ( * ) PLANE_ANGLE_UNIT ( ) SI_UNIT ( $, .RADIAN. ) );
#1304 = ORIENTED_EDGE ( 'NONE', *, *, #898, .F. ) ;
#1305 = VERTEX_POINT ( 'NONE', #178 ) ;
#1306 = CARTESIAN_POINT ( 'NONE',  ( 4.419998532946212144, 3.765963054521580755, -5.466982343680882650 ) ) ;
#1307 = DIRECTION ( 'NONE',  ( -1.000000000000000000, 0.000000000000000000, 0.000000000000000000 ) ) ;
#1308 = CARTESIAN_POINT ( 'NONE',  ( -5.000000000000000000, 3.550000000000000266, -5.335786437626905077 ) ) ;
#1309 = DIRECTION ( 'NONE',  ( -1.000000000000000000, 0.000000000000000000, -1.314184451497581259E-16 ) ) ;
#1310 = EDGE_LOOP ( 'NONE', ( #1244, #1394, #132, #1587 ) ) ;
#1311 = CARTESIAN_POINT ( 'NONE',  ( -4.000000000000001776, 3.799999999999999822, -5.250000000000000000 ) ) ;
#1312 = CARTESIAN_POINT ( 'NONE',  ( -4.500000000000000000, 0.000000000000000000, 4.749999999999998224 ) ) ;
#1313 = EDGE_LOOP ( 'NONE', ( #2020, #1756, #661, #402 ) ) ;
#1314 = CARTESIAN_POINT ( 'NONE',  ( -4.716982343680883538, 3.765963054521581199, -4.750000000000000000 ) ) ;
#1315 = CARTESIAN_POINT ( 'NONE',  ( -4.000000000000001776, 0.000000000000000000, -5.250000000000000000 ) ) ;
#1316 = CARTESIAN_POINT ( 'NONE',  ( -4.500000000000001776, 3.800000000000000266, -4.882058246305927440 ) ) ;
#1317 = EDGE_CURVE ( 'NONE', #649, #1738, #1036, .T. ) ;
#1318 = CARTESIAN_POINT ( 'NONE',  ( 0.02999999999999999889, 0.000000000000000000, 3.000000000000000000 ) ) ;
#1319 = PRESENTATION_LAYER_ASSIGNMENT (  '', '', ( #1081 ) ) ;
#1320 = DIRECTION ( 'NONE',  ( -0.000000000000000000, -0.000000000000000000, -1.000000000000000000 ) ) ;
#1321 = COLOUR_RGB ( '',0.8941176470588234615, 0.9137254901960784048, 0.9294117647058823817 ) ;
#1322 = CARTESIAN_POINT ( 'NONE',  ( 0.03000000000000022093, -2.169999999999999929, 3.000000000000000000 ) ) ;
#1323 = VECTOR ( 'NONE', #1995, 1000.000000000000000 ) ;
#1324 = ORIENTED_EDGE ( 'NONE', *, *, #391, .F. ) ;
#1325 = DIRECTION ( 'NONE',  ( -1.508455196501571429E-16, -0.000000000000000000, -1.000000000000000000 ) ) ;
#1326 = VECTOR ( 'NONE', #2123, 1000.000000000000000 ) ;
#1327 = LINE ( 'NONE', #1983, #1051 ) ;
#1328 = ITEM_DEFINED_TRANSFORMATION ( 'NONE', 'NONE', #1189,  #495 ) ;
#1329 = ORIENTED_EDGE ( 'NONE', *, *, #1945, .F. ) ;
#1330 = CARTESIAN_POINT ( 'NONE',  ( -4.000000000000000000, 0.000000000000000000, 5.270272631416467846 ) ) ;
#1331 = CARTESIAN_POINT ( 'NONE',  ( 4.999999999999997335, 0.2499999999999997780, 4.750000000000002665 ) ) ;
#1332 = EDGE_CURVE ( 'NONE', #438, #1730, #19, .T. ) ;
#1333 = DIRECTION ( 'NONE',  ( 1.000000000000000000, 0.000000000000000000, -0.000000000000000000 ) ) ;
#1334 = CARTESIAN_POINT ( 'NONE',  ( -4.520272631416467846, 0.000000000000000000, 4.750000000000000000 ) ) ;
#1335 = DIRECTION ( 'NONE',  ( 0.000000000000000000, -0.000000000000000000, 1.000000000000000000 ) ) ;
#1336 = LINE ( 'NONE', #1488, #459 ) ;
#1337 = ORIENTED_EDGE ( 'NONE', *, *, #1422, .T. ) ;
#1338 = CARTESIAN_POINT ( 'NONE',  ( -4.828519787169308408, 3.637707095197694862, -4.750000000000000000 ) ) ;
#1339 = B_SPLINE_CURVE_WITH_KNOTS ( 'NONE', 3,
 ( #75, #746, #29, #1355, #879, #2007 ),
 .UNSPECIFIED., .F., .F.,
 ( 4, 1, 1, 4 ),
 ( 1.463650678993858164E-33, 0.0002690932306754709462, 0.0003380540564904423281, 0.0003728772723993542407 ),
 .UNSPECIFIED. ) ;
#1340 = DIRECTION ( 'NONE',  ( -1.000000000000000000, 0.000000000000000000, -1.314184451497581259E-16 ) ) ;
#1341 = CARTESIAN_POINT ( 'NONE',  ( -4.000000000000001776, 3.799999999999999822, -5.250000000000000000 ) ) ;
#1342 = ADVANCED_FACE ( 'NONE', ( #496 ), #2070, .F. ) ;
#1343 = CARTESIAN_POINT ( 'NONE',  ( -4.000000000000001776, 0.1622929048023052101, -5.578519787169307520 ) ) ;
#1344 = EDGE_CURVE ( 'NONE', #1261, #474, #712, .T. ) ;
#1345 = PLANE ( 'NONE',  #174 ) ;
#1346 = CARTESIAN_POINT ( 'NONE',  ( 1.574999999999973088, 2.349999999999999645, -5.674999999999998046 ) ) ;
#1347 = LINE ( 'NONE', #1185, #1935 ) ;
#1348 = EDGE_CURVE ( 'NONE', #1609, #1879, #1374, .T. ) ;
#1349 = VERTEX_POINT ( 'NONE', #1544 ) ;
#1350 = FACE_OUTER_BOUND ( 'NONE', #641, .T. ) ;
#1351 = LINE ( 'NONE', #657, #773 ) ;
#1352 = CARTESIAN_POINT ( 'NONE',  ( -4.984225011576272735, 3.550000000000000266, 4.749999999999999112 ) ) ;
#1353 = EDGE_CURVE ( 'NONE', #1092, #1261, #2026, .T. ) ;
#1354 = CARTESIAN_POINT ( 'NONE',  ( -4.500000000000000888, 0.000000000000000000, 4.750000000000000000 ) ) ;
#1355 = CARTESIAN_POINT ( 'NONE',  ( -1.649999999999999467, 0.1165146364067247975, -5.538708841533044769 ) ) ;
#1356 = SURFACE_STYLE_FILL_AREA ( #1546 ) ;
#1357 = CLOSED_SHELL ( 'NONE', ( #1441, #1953, #1485, #285, #431, #805, #2012, #1602, #201, #1013, #1959, #1203, #509, #740, #190, #1652 ) ) ;
#1358 = CARTESIAN_POINT ( 'NONE',  ( 1.649999999999999911, 0.1499999999999999944, -3.450000000000001066 ) ) ;
#1359 = VECTOR ( 'NONE', #98, 1000.000000000000000 ) ;
#1360 = EDGE_CURVE ( 'NONE', #1012, #2113, #317, .T. ) ;
#1361 = EDGE_CURVE ( 'NONE', #1305, #756, #1437, .T. ) ;
#1362 = EDGE_LOOP ( 'NONE', ( #1749, #1259, #58, #1617 ) ) ;
#1363 = CARTESIAN_POINT ( 'NONE',  ( 4.000000000000001776, 0.2499999999999997780, 5.750000000000000000 ) ) ;
#1364 = CARTESIAN_POINT ( 'NONE',  ( -1.650000000000000799, 0.1415872036875895634, 5.569373307212827307 ) ) ;
#1365 = CARTESIAN_POINT ( 'NONE',  ( -4.500000000000000888, 0.000000000000000000, -5.042893218813452982 ) ) ;
#1366 = CARTESIAN_POINT ( 'NONE',  ( -5.000000000000000000, 0.2499999999999998057, -5.335786437626905077 ) ) ;
#1367 = CARTESIAN_POINT ( 'NONE',  ( 2.270048298641524909E-16, -1.839999999999999858, 0.000000000000000000 ) ) ;
#1368 = CARTESIAN_POINT ( 'NONE',  ( 4.000000000000001776, 3.800000000000001155, 5.250000000015722534 ) ) ;
#1369 = PLANE ( 'NONE',  #1218 ) ;
#1370 = ORIENTED_EDGE ( 'NONE', *, *, #2034, .T. ) ;
#1371 = CARTESIAN_POINT ( 'NONE',  ( -4.000000000000000000, 3.550000000000000266, 5.734225011576272735 ) ) ;
#1372 = DIRECTION ( 'NONE',  ( 0.000000000000000000, -1.000000000000000000, 0.000000000000000000 ) ) ;
#1373 = CARTESIAN_POINT ( 'NONE',  ( -4.000000000000000000, 3.550000000000000266, 5.750000000000000000 ) ) ;
#1374 = LINE ( 'NONE', #1252, #1048 ) ;
#1375 = CARTESIAN_POINT ( 'NONE',  ( -4.000000000000001776, 0.2499999999999997780, -5.734225011576272735 ) ) ;
#1376 = CARTESIAN_POINT ( 'NONE',  ( -4.716982343680883538, 3.765963054521581199, -4.750000000000000888 ) ) ;
#1377 = CARTESIAN_POINT ( 'NONE',  ( 4.500000000000001776, 0.000000000000000000, 4.749999999999997335 ) ) ;
#1378 = ORIENTED_EDGE ( 'NONE', *, *, #1134, .T. ) ;
#1379 = CARTESIAN_POINT ( 'NONE',  ( 4.000000000000001776, 3.765963054521581199, 5.466982343680882650 ) ) ;
#1380 =( NAMED_UNIT ( * ) SI_UNIT ( $, .STERADIAN. ) SOLID_ANGLE_UNIT ( ) );
#1381 = ORIENTED_EDGE ( 'NONE', *, *, #62, .F. ) ;
#1382 = CARTESIAN_POINT ( 'NONE',  ( 4.499999999999999112, 3.799999999999999822, -4.880577306269327842 ) ) ;
#1383 = EDGE_CURVE ( 'NONE', #1601, #1888, #823, .T. ) ;
#1384 = CARTESIAN_POINT ( 'NONE',  ( -4.576545663354565363, 0.2499999999999998057, 5.734225011576271847 ) ) ;
#1385 = CARTESIAN_POINT ( 'NONE',  ( 4.576545663354558258, 3.550000000000000266, 5.734225011576270070 ) ) ;
#1386 = CARTESIAN_POINT ( 'NONE',  ( 0.03000000000000022440, -1.839999999999999858, 3.000000000000000000 ) ) ;
#1387 = PLANE ( 'NONE',  #1183 ) ;
#1388 = CARTESIAN_POINT ( 'NONE',  ( 4.828519787169308408, 0.1622929048023052101, 4.749999999999997335 ) ) ;
#1389 = ORIENTED_EDGE ( 'NONE', *, *, #591, .F. ) ;
#1390 = ORIENTED_EDGE ( 'NONE', *, *, #1332, .T. ) ;
#1391 = CARTESIAN_POINT ( 'NONE',  ( -4.000000000000000000, 3.765963054521581199, 5.466982343680882650 ) ) ;
#1392 = CARTESIAN_POINT ( 'NONE',  ( 0.02999999999999999889, 0.000000000000000000, 1.800000000000000044 ) ) ;
#1393 = AXIS2_PLACEMENT_3D ( 'NONE', #382, #1046, #114 ) ;
#1394 = ORIENTED_EDGE ( 'NONE', *, *, #1769, .F. ) ;
#1395 =( GEOMETRIC_REPRESENTATION_CONTEXT ( 3 ) GLOBAL_UNCERTAINTY_ASSIGNED_CONTEXT ( ( #1193 ) ) GLOBAL_UNIT_ASSIGNED_CONTEXT ( ( #1102, #286, #2124 ) ) REPRESENTATION_CONTEXT ( 'NONE', 'WORKASPACE' ) );
#1396 = VECTOR ( 'NONE', #652, 1000.000000000000000 ) ;
#1397 = PRESENTATION_LAYER_ASSIGNMENT (  '', '', ( #182 ) ) ;
#1398 = EDGE_CURVE ( 'NONE', #1773, #1012, #152, .T. ) ;
#1399 = CARTESIAN_POINT ( 'NONE',  ( 4.984225011576267406, 3.550000000000000266, 5.326545663354564475 ) ) ;
#1400 = PLANE ( 'NONE',  #1931 ) ;
#1401 = CARTESIAN_POINT ( 'NONE',  ( 4.984225011576270958, 0.2499999999999998057, -5.326545663354564475 ) ) ;
#1402 = ORIENTED_EDGE ( 'NONE', *, *, #64, .F. ) ;
#1403 = LINE ( 'NONE', #1856, #1221 ) ;
#1404 = ORIENTED_EDGE ( 'NONE', *, *, #1057, .F. ) ;
#1405 = ORIENTED_EDGE ( 'NONE', *, *, #964, .T. ) ;
#1406 = CARTESIAN_POINT ( 'NONE',  ( -1.575000000000027267, 2.349999999999999645, -5.674999999999998934 ) ) ;
#1407 = DIRECTION ( 'NONE',  ( -0.000000000000000000, 1.000000000000000000, -0.000000000000000000 ) ) ;
#1408 = DIRECTION ( 'NONE',  ( 0.000000000000000000, 0.000000000000000000, -1.000000000000000000 ) ) ;
#1409 = CARTESIAN_POINT ( 'NONE',  ( 5.000000000000000888, 0.2499999999999997780, 4.749999999999997335 ) ) ;
#1410 = ORIENTED_EDGE ( 'NONE', *, *, #351, .T. ) ;
#1411 = ADVANCED_FACE ( 'NONE', ( #35 ), #684, .T. ) ;
#1412 = CARTESIAN_POINT ( 'NONE',  ( -4.000000000000000000, 3.550000000000000266, 5.750000000000000000 ) ) ;
#1413 = CARTESIAN_POINT ( 'NONE',  ( 0.03000000000000002665, 0.3299999999999996825, 1.200000000000000178 ) ) ;
#1414 = VERTEX_POINT ( 'NONE', #1793 ) ;
#1415 = CARTESIAN_POINT ( 'NONE',  ( 3.999999999999996447, 3.765963054521581199, 5.466982343680876433 ) ) ;
#1416 = EDGE_CURVE ( 'NONE', #1609, #72, #1093, .T. ) ;
#1417 = CARTESIAN_POINT ( 'NONE',  ( 0.000000000000000000, 0.000000000000000000, 3.000000000000000000 ) ) ;
#1418 = CARTESIAN_POINT ( 'NONE',  ( 4.292893218813450318, 0.000000000000000000, -5.250000000000000888 ) ) ;
#1419 = ORIENTED_EDGE ( 'NONE', *, *, #898, .T. ) ;
#1420 = EDGE_CURVE ( 'NONE', #1730, #961, #656, .T. ) ;
#1421 = DIRECTION ( 'NONE',  ( -0.000000000000000000, -0.000000000000000000, -1.000000000000000000 ) ) ;
#1422 = EDGE_CURVE ( 'NONE', #428, #272, #1014, .T. ) ;
#1423 = DIRECTION ( 'NONE',  ( 1.000000000000000000, 0.000000000000000000, 0.000000000000000000 ) ) ;
#1424 = VECTOR ( 'NONE', #1229, 1000.000000000000000 ) ;
#1425 = AXIS2_PLACEMENT_3D ( 'NONE', #1358, #57, #511 ) ;
#1426 = CIRCLE ( 'NONE', #322, 0.3300000000000000155 ) ;
#1427 = CARTESIAN_POINT ( 'NONE',  ( -4.520272631416468734, 0.000000000000000000, -4.750000000000000000 ) ) ;
#1428 = CARTESIAN_POINT ( 'NONE',  ( 0.02999999999999999542, 0.02999999999999999889, 3.000000000000000000 ) ) ;
#1429 = AXIS2_PLACEMENT_3D ( 'NONE', #394, #736, #1251 ) ;
#1430 = CARTESIAN_POINT ( 'NONE',  ( -4.000000000000000000, 0.1622929048023052101, 5.578519787169307520 ) ) ;
#1431 = FACE_OUTER_BOUND ( 'NONE', #1079, .T. ) ;
#1432 = ORIENTED_EDGE ( 'NONE', *, *, #1420, .T. ) ;
#1433 = EDGE_LOOP ( 'NONE', ( #339, #453, #1157, #831 ) ) ;
#1434 = DIRECTION ( 'NONE',  ( 0.000000000000000000, 1.355252715606881282E-16, -1.000000000000000000 ) ) ;
#1435 = ORIENTED_EDGE ( 'NONE', *, *, #491, .F. ) ;
#1436 = VERTEX_POINT ( 'NONE', #517 ) ;
#1437 = LINE ( 'NONE', #2092, #179 ) ;
#1438 = ADVANCED_FACE ( 'NONE', ( #1826 ), #2001, .F. ) ;
#1439 = EDGE_CURVE ( 'NONE', #1473, #2067, #1884, .T. ) ;
#1440 = LINE ( 'NONE', #292, #983 ) ;
#1441 = ADVANCED_FACE ( 'NONE', ( #1350 ), #997, .T. ) ;
#1442 = DIRECTION ( 'NONE',  ( 0.000000000000000000, 1.000000000000000000, 0.000000000000000000 ) ) ;
#1443 = CARTESIAN_POINT ( 'NONE',  ( -4.292893218813452982, 0.000000000000000000, -5.250000000000000000 ) ) ;
#1444 = ORIENTED_EDGE ( 'NONE', *, *, #1654, .T. ) ;
#1445 = FACE_OUTER_BOUND ( 'NONE', #1295, .T. ) ;
#1446 = SURFACE_SIDE_STYLE ('',( #1781 ) ) ;
#1447 = ORIENTED_EDGE ( 'NONE', *, *, #482, .T. ) ;
#1448 = EDGE_CURVE ( 'NONE', #2079, #1240, #987, .T. ) ;
#1449 = ORIENTED_EDGE ( 'NONE', *, *, #189, .F. ) ;
#1450 = CARTESIAN_POINT ( 'NONE',  ( 0.03000000000000021746, -2.169999999999999929, 0.000000000000000000 ) ) ;
#1451 = CARTESIAN_POINT ( 'NONE',  ( -4.984225011576273623, 3.550000000000000266, -4.750000000000000888 ) ) ;
#1452 = DIRECTION ( 'NONE',  ( -0.000000000000000000, -0.000000000000000000, -1.000000000000000000 ) ) ;
#1453 = PRODUCT ( '\X2\96f64ef6\X0\2_\X2\9ed88ba4\X0\', '\X2\96f64ef6\X0\2_\X2\9ed88ba4\X0\', '', ( #691 ) ) ;
#1454 = EDGE_LOOP ( 'NONE', ( #310, #464, #125, #1080 ) ) ;
#1455 = CARTESIAN_POINT ( 'NONE',  ( -4.000000000000001776, 3.765963054521581199, -5.466982343680882650 ) ) ;
#1456 = PLANE ( 'NONE',  #707 ) ;
#1457 = ORIENTED_EDGE ( 'NONE', *, *, #832, .F. ) ;
#1458 = ORIENTED_EDGE ( 'NONE', *, *, #1798, .T. ) ;
#1459 = CARTESIAN_POINT ( 'NONE',  ( 1.649999999999999911, 0.1499999999999999944, -3.450000000000001066 ) ) ;
#1460 = CARTESIAN_POINT ( 'NONE',  ( 4.000000000000000000, 0.03403694547841895623, -5.466982343680882650 ) ) ;
#1461 = AXIS2_PLACEMENT_3D ( 'NONE', #1141, #625, #637 ) ;
#1462 = CARTESIAN_POINT ( 'NONE',  ( -4.716982343680881762, 3.765963054521581199, 4.749999999999998224 ) ) ;
#1463 = VECTOR ( 'NONE', #636, 1000.000000000000000 ) ;
#1464 = CARTESIAN_POINT ( 'NONE',  ( 0.000000000000000000, 3.799999999999999822, 0.000000000000000000 ) ) ;
#1465 = ORIENTED_EDGE ( 'NONE', *, *, #882, .F. ) ;
#1466 = CARTESIAN_POINT ( 'NONE',  ( 4.999999999999993783, 3.550000000000000266, 5.335786437626904188 ) ) ;
#1467 = DIRECTION ( 'NONE',  ( 1.000000000000000222, -2.198530575857117141E-16, -6.938893903907228378E-18 ) ) ;
#1468 = VERTEX_POINT ( 'NONE', #1646 ) ;
#1469 = EDGE_LOOP ( 'NONE', ( #570, #1901, #1271, #93 ) ) ;
#1470 = CARTESIAN_POINT ( 'NONE',  ( 0.03000000000000022440, -1.839999999999999858, 3.000000000000000000 ) ) ;
#1471 = FACE_OUTER_BOUND ( 'NONE', #917, .T. ) ;
#1472 = CARTESIAN_POINT ( 'NONE',  ( -4.000000000000000000, 0.2499999999999997780, 4.750000000000000000 ) ) ;
#1473 = VERTEX_POINT ( 'NONE', #848 ) ;
#1474 = DIRECTION ( 'NONE',  ( -1.508455196501571429E-16, 0.000000000000000000, -1.000000000000000000 ) ) ;
#1475 = CONTEXT_DEPENDENT_SHAPE_REPRESENTATION ( #1482, #1110 ) ;
#1476 = ORIENTED_EDGE ( 'NONE', *, *, #1163, .F. ) ;
#1477 = EDGE_CURVE ( 'NONE', #779, #1957, #668, .T. ) ;
#1478 = CARTESIAN_POINT ( 'NONE',  ( 0.02999999999999999889, 0.000000000000000000, 3.000000000000000000 ) ) ;
#1479 = DIRECTION ( 'NONE',  ( -0.000000000000000000, -0.000000000000000000, -1.000000000000000000 ) ) ;
#1480 = DIRECTION ( 'NONE',  ( 0.000000000000000000, -1.000000000000000000, 0.000000000000000000 ) ) ;
#1481 = CYLINDRICAL_SURFACE ( 'NONE', #1869, 0.02999999999999999889 ) ;
#1482 =( REPRESENTATION_RELATIONSHIP ('NONE','NONE', #276, #584 ) REPRESENTATION_RELATIONSHIP_WITH_TRANSFORMATION ( #1672 )SHAPE_REPRESENTATION_RELATIONSHIP( ) );
#1483 = DIRECTION ( 'NONE',  ( 0.000000000000000000, 1.000000000000000000, 0.000000000000000000 ) ) ;
#1484 = CARTESIAN_POINT ( 'NONE',  ( -0.2999999999999999889, -3.701165704306833206E-17, 3.000000000000000000 ) ) ;
#1485 = ADVANCED_FACE ( 'NONE', ( #17 ), #833, .T. ) ;
#1486 = ORIENTED_EDGE ( 'NONE', *, *, #1757, .T. ) ;
#1487 = CARTESIAN_POINT ( 'NONE',  ( -4.000000000000001776, 3.637707095197694862, -5.578519787169307520 ) ) ;
#1488 = CARTESIAN_POINT ( 'NONE',  ( 0.02999999999999999542, 0.02999999999999948194, 3.000000000000000000 ) ) ;
#1489 = APPLICATION_PROTOCOL_DEFINITION ( 'draft international standard', 'automotive_design', 1998, #375 ) ;
#1490 = EDGE_LOOP ( 'NONE', ( #589, #1168, #1109, #613, #1641, #1911, #702, #526 ) ) ;
#1491 = ADVANCED_FACE ( 'NONE', ( #918 ), #1842, .F. ) ;
#1492 = CARTESIAN_POINT ( 'NONE',  ( 2.000000000000000444, -1.869999999999999885, 3.000000000000000000 ) ) ;
#1493 = CARTESIAN_POINT ( 'NONE',  ( -4.520272631416468734, 0.000000000000000000, -4.750000000000000000 ) ) ;
#1494 = DIRECTION ( 'NONE',  ( -0.000000000000000000, 0.000000000000000000, -1.000000000000000000 ) ) ;
#1495 = UNCERTAINTY_MEASURE_WITH_UNIT (LENGTH_MEASURE( 1.000000000000000082E-05 ), #171, 'distance_accuracy_value', 'NONE');
#1496 = VECTOR ( 'NONE', #1208, 1000.000000000000000 ) ;
#1497 = CARTESIAN_POINT ( 'NONE',  ( -4.984225011576273623, 0.2499999999999997780, -4.750000000000000888 ) ) ;
#1498 = CIRCLE ( 'NONE', #1155, 1.000000000000000000 ) ;
#1499 = ORIENTED_EDGE ( 'NONE', *, *, #1232, .T. ) ;
#1500 = FILL_AREA_STYLE ('',( #1660 ) ) ;
#1501 = AXIS2_PLACEMENT_3D ( 'NONE', #1553, #1916, #772 ) ;
#1502 = CARTESIAN_POINT ( 'NONE',  ( 1.574999999999973532, 0.2349536822125618818, 5.711952135849553081 ) ) ;
#1503 = ORIENTED_EDGE ( 'NONE', *, *, #1713, .F. ) ;
#1504 = MECHANICAL_DESIGN_GEOMETRIC_PRESENTATION_REPRESENTATION (  '', ( #182 ), #1395 ) ;
#1505 = CARTESIAN_POINT ( 'NONE',  ( -4.000000000000000000, 0.1622929048023052101, 5.578519787169307520 ) ) ;
#1506 = EDGE_CURVE ( 'NONE', #401, #1414, #1403, .T. ) ;
#1507 = CARTESIAN_POINT ( 'NONE',  ( 4.716982343680878209, 0.03403694547841895623, 5.169998532946213032 ) ) ;
#1508 = DIRECTION ( 'NONE',  ( 1.000000000000000000, -0.000000000000000000, 1.314184451497581259E-16 ) ) ;
#1509 = EDGE_CURVE ( 'NONE', #30, #401, #1695, .T. ) ;
#1510 = CARTESIAN_POINT ( 'NONE',  ( -4.828519787169308408, 0.1622929048023052101, 5.235335654629309943 ) ) ;
#1511 = ADVANCED_FACE ( 'NONE', ( #578 ), #553, .F. ) ;
#1512 = SURFACE_STYLE_USAGE ( .BOTH. , #698 ) ;
#1513 = LINE ( 'NONE', #371, #627 ) ;
#1514 = DIRECTION ( 'NONE',  ( -1.000000000000000000, -0.000000000000000000, -0.000000000000000000 ) ) ;
#1515 = ORIENTED_EDGE ( 'NONE', *, *, #1198, .F. ) ;
#1516 = CARTESIAN_POINT ( 'NONE',  ( -4.000000000000000000, 0.03403694547841895623, 5.466982343680882650 ) ) ;
#1517 = CARTESIAN_POINT ( 'NONE',  ( -4.000000000000001776, 0.2499999999999997780, -5.734225011576272735 ) ) ;
#1518 = CARTESIAN_POINT ( 'NONE',  ( 1.574999999999973088, 0.2499999999999997780, 5.750000000000000000 ) ) ;
#1519 = CARTESIAN_POINT ( 'NONE',  ( -1.575000000000027267, 0.2499999999999997780, -5.749999999999999112 ) ) ;
#1520 = CARTESIAN_POINT ( 'NONE',  ( 3.999999999999996447, 3.637707095197694862, 5.578519787169301303 ) ) ;
#1521 = ORIENTED_EDGE ( 'NONE', *, *, #677, .T. ) ;
#1522 = DIRECTION ( 'NONE',  ( 1.000000000000000000, 0.000000000000000000, 0.000000000000000000 ) ) ;
#1523 = CARTESIAN_POINT ( 'NONE',  ( 4.984225011576270070, 0.2499999999999997780, 4.750000000000002665 ) ) ;
#1524 = CARTESIAN_POINT ( 'NONE',  ( -1.575000000000027267, 2.349999999999999645, 5.674999999999998934 ) ) ;
#1525 = CARTESIAN_POINT ( 'NONE',  ( -4.485335654629311719, 0.1622929048023052101, -5.578519787169306632 ) ) ;
#1526 = PLANE ( 'NONE',  #492 ) ;
#1527 =( LENGTH_UNIT ( ) NAMED_UNIT ( * ) SI_UNIT ( .MILLI., .METRE. ) );
#1528 = FACE_OUTER_BOUND ( 'NONE', #126, .T. ) ;
#1529 = EDGE_LOOP ( 'NONE', ( #799, #2, #2088, #1982, #765, #170, #118, #606, #229, #1557, #1807, #501 ) ) ;
#1530 = VECTOR ( 'NONE', #1685, 1000.000000000000000 ) ;
#1531 = CARTESIAN_POINT ( 'NONE',  ( 4.000000000000001776, 3.637707095197694862, 5.578519787169307520 ) ) ;
#1532 = CARTESIAN_POINT ( 'NONE',  ( 4.000000000000000000, 0.2499999999999997780, -5.750000000000000000 ) ) ;
#1533 = CARTESIAN_POINT ( 'NONE',  ( -4.984225011576273623, 0.2499999999999997780, -4.750000000000000000 ) ) ;
#1534 = CARTESIAN_POINT ( 'NONE',  ( -4.304768651352229192, 3.800000000000000266, 5.270272631416467846 ) ) ;
#1535 = CARTESIAN_POINT ( 'NONE',  ( -4.585786437626906853, 0.2499999999999998057, -5.749999999999999112 ) ) ;
#1536 =( BOUNDED_SURFACE ( )  B_SPLINE_SURFACE ( 3, 3, ( 
 ( #1087, #1248, #1418, #1737 ),
 ( #443, #1919, #915, #1556 ),
 ( #1097, #1876, #1547, #435 ),
 ( #1702, #776, #257, #236 ),
 ( #611, #1401, #1907, #1896 ),
 ( #2062, #927, #2074, #902 ) ),
 .UNSPECIFIED., .F., .F., .T. ) 
 B_SPLINE_SURFACE_WITH_KNOTS ( ( 4, 1, 1, 4 ),
 ( 4, 4 ),
 ( 0.000000000000000000, 0.4640831497600454991, 0.5830142621255676172, 1.000000000000000000 ),
 ( 0.000000000000000000, 1.000000000000000000 ),
 .UNSPECIFIED. ) 
 GEOMETRIC_REPRESENTATION_ITEM ( )  RATIONAL_B_SPLINE_SURFACE ( (
 ( 1.000000000000000000, 0.8047378541243652705, 0.8047378541243652705, 1.000000000000000000),
 ( 1.000000000000000000, 0.8047378541243652705, 0.8047378541243652705, 1.000000000000000000),
 ( 1.000000000000000000, 0.8047378541243652705, 0.8047378541243652705, 1.000000000000000000),
 ( 1.000000000000000000, 0.8047378541243652705, 0.8047378541243652705, 1.000000000000000000),
 ( 1.000000000000000000, 0.8047378541243652705, 0.8047378541243652705, 1.000000000000000000),
 ( 1.000000000000000000, 0.8047378541243652705, 0.8047378541243652705, 1.000000000000000000) ) ) 
 REPRESENTATION_ITEM ( '' )  SURFACE ( )  );
#1537 = CARTESIAN_POINT ( 'NONE',  ( 3.999999999999996447, 0.000000000000000000, 5.249999999999994671 ) ) ;
#1538 = FACE_OUTER_BOUND ( 'NONE', #1454, .T. ) ;
#1539 = CARTESIAN_POINT ( 'NONE',  ( -0.3000000000000000999, 0.02999999999999970746, 1.800000000000000044 ) ) ;
#1540 = ORIENTED_EDGE ( 'NONE', *, *, #1724, .T. ) ;
#1541 = CARTESIAN_POINT ( 'NONE',  ( 4.984225011576271847, 3.550000000000000266, -4.750000000000000888 ) ) ;
#1542 = ADVANCED_FACE ( 'NONE', ( #248 ), #1772, .F. ) ;
#1543 = LINE ( 'NONE', #406, #1972 ) ;
#1544 = CARTESIAN_POINT ( 'NONE',  ( 4.000000000000001776, 3.550000000000000266, 5.750000000000000000 ) ) ;
#1545 = CARTESIAN_POINT ( 'NONE',  ( -4.520272631416468734, 3.799999999999999822, -4.750000000000000888 ) ) ;
#1546 = FILL_AREA_STYLE ('',( #370 ) ) ;
#1547 = CARTESIAN_POINT ( 'NONE',  ( 4.419998532946212144, 0.03403694547841895623, -5.466982343680882650 ) ) ;
#1548 = ORIENTED_EDGE ( 'NONE', *, *, #1941, .T. ) ;
#1549 = CARTESIAN_POINT ( 'NONE',  ( -4.000000000000000000, 3.799999999999999822, 5.270272631416467846 ) ) ;
#1550 = EDGE_CURVE ( 'NONE', #262, #2033, #1951, .T. ) ;
#1551 = ORIENTED_EDGE ( 'NONE', *, *, #1004, .T. ) ;
#1552 = CARTESIAN_POINT ( 'NONE',  ( -1.650000000000000799, 0.000000000000000000, 5.250000000000000000 ) ) ;
#1553 = CARTESIAN_POINT ( 'NONE',  ( 4.000000000000000888, 0.2499999999999997780, 4.749999999999997335 ) ) ;
#1554 = LINE ( 'NONE', #868, #489 ) ;
#1555 = LINE ( 'NONE', #945, #908 ) ;
#1556 = CARTESIAN_POINT ( 'NONE',  ( 3.999999999999998224, 0.000000000000000000, -5.270272631416467846 ) ) ;
#1557 = ORIENTED_EDGE ( 'NONE', *, *, #445, .F. ) ;
#1558 = AXIS2_PLACEMENT_3D ( 'NONE', #774, #419, #2085 ) ;
#1559 = AXIS2_PLACEMENT_3D ( 'NONE', #1607, #796, #502 ) ;
#1560 = CARTESIAN_POINT ( 'NONE',  ( 4.000000000000000000, 3.799999999999999822, -5.270272631416467846 ) ) ;
#1561 = CARTESIAN_POINT ( 'NONE',  ( 0.03000000000000022440, -1.839999999999999858, 3.000000000000000000 ) ) ;
#1562 = AXIS2_PLACEMENT_3D ( 'NONE', #1579, #592, #466 ) ;
#1563 = ORIENTED_EDGE ( 'NONE', *, *, #1106, .F. ) ;
#1564 = CARTESIAN_POINT ( 'NONE',  ( -4.500000000000000000, 3.800000000000000266, 5.042893218813453871 ) ) ;
#1565 = CARTESIAN_POINT ( 'NONE',  ( -1.575000000000027711, 0.2499999999999997780, -5.742592785759245366 ) ) ;
#1566 = CARTESIAN_POINT ( 'NONE',  ( -5.000000000000000888, 0.2499999999999997780, -4.750000000000000000 ) ) ;
#1567 = ADVANCED_FACE ( 'NONE', ( #538 ), #697, .F. ) ;
#1568 = LINE ( 'NONE', #91, #1116 ) ;
#1569 = VERTEX_POINT ( 'NONE', #50 ) ;
#1570 = DIRECTION ( 'NONE',  ( 0.000000000000000000, 0.000000000000000000, -1.000000000000000000 ) ) ;
#1571 = CARTESIAN_POINT ( 'NONE',  ( 5.000000000000000888, 3.799999999999999822, 4.749999999999997335 ) ) ;
#1572 = VERTEX_POINT ( 'NONE', #2021 ) ;
#1573 = FACE_OUTER_BOUND ( 'NONE', #628, .T. ) ;
#1574 = CARTESIAN_POINT ( 'NONE',  ( 0.02999999999999999542, 0.02999999999999999889, 3.000000000000000000 ) ) ;
#1575 = EDGE_CURVE ( 'NONE', #1164, #1855, #1210, .T. ) ;
#1576 = EDGE_CURVE ( 'NONE', #1349, #1234, #847, .T. ) ;
#1577 = PLANE ( 'NONE',  #910 ) ;
#1578 = ORIENTED_EDGE ( 'NONE', *, *, #445, .T. ) ;
#1579 = CARTESIAN_POINT ( 'NONE',  ( 0.02999999999999994338, 0.3300000000000000155, 3.000000000000000000 ) ) ;
#1580 = CARTESIAN_POINT ( 'NONE',  ( 4.716982343680879985, 3.765963054521581199, 4.750000000000001776 ) ) ;
#1581 = DIRECTION ( 'NONE',  ( -0.000000000000000000, -0.000000000000000000, -1.000000000000000000 ) ) ;
#1582 = DIRECTION ( 'NONE',  ( 1.694065894508600432E-16, -1.000000000000000000, 0.000000000000000000 ) ) ;
#1583 = VERTEX_POINT ( 'NONE', #1758 ) ;
#1584 = ORIENTED_EDGE ( 'NONE', *, *, #103, .F. ) ;
#1585 = DIRECTION ( 'NONE',  ( 1.000000000000000000, -0.000000000000000000, -0.000000000000000000 ) ) ;
#1586 = EDGE_CURVE ( 'NONE', #341, #2112, #1270, .T. ) ;
#1587 = ORIENTED_EDGE ( 'NONE', *, *, #676, .T. ) ;
#1588 =( GEOMETRIC_REPRESENTATION_CONTEXT ( 3 ) GLOBAL_UNCERTAINTY_ASSIGNED_CONTEXT ( ( #1495 ) ) GLOBAL_UNIT_ASSIGNED_CONTEXT ( ( #171, #1175, #45 ) ) REPRESENTATION_CONTEXT ( 'NONE', 'WORKASPACE' ) );
#1589 = CARTESIAN_POINT ( 'NONE',  ( 4.000000000000000000, 0.2499999999999997780, -5.750000000000000000 ) ) ;
#1590 = VECTOR ( 'NONE', #505, 1000.000000000000000 ) ;
#1591 = B_SPLINE_CURVE_WITH_KNOTS ( 'NONE', 3,
 ( #73, #1082, #252, #922, #2013, #1683 ),
 .UNSPECIFIED., .F., .F.,
 ( 4, 1, 1, 4 ),
 ( 0.000000000000000000, 3.398238005293358971E-05, 0.0001012780886899064000, 0.0003638738368369184633 ),
 .UNSPECIFIED. ) ;
#1592 = VECTOR ( 'NONE', #2071, 1000.000000000000000 ) ;
#1593 = CARTESIAN_POINT ( 'NONE',  ( 4.499999999999998224, 3.799999999999999822, 4.749999999999997335 ) ) ;
#1594 = LINE ( 'NONE', #1613, #1725 ) ;
#1595 = CARTESIAN_POINT ( 'NONE',  ( -4.716982343680882650, 0.03403694547841895623, -5.169998532946213921 ) ) ;
#1596 = ADVANCED_FACE ( 'NONE', ( #1260 ), #297, .F. ) ;
#1597 = ORIENTED_EDGE ( 'NONE', *, *, #1225, .T. ) ;
#1598 = DIRECTION ( 'NONE',  ( 0.000000000000000000, -1.000000000000000000, 0.000000000000000000 ) ) ;
#1599 =( BOUNDED_CURVE ( )  B_SPLINE_CURVE ( 3, ( #367, #1017, #507, #540 ),
 .UNSPECIFIED., .F., .F. ) 
 B_SPLINE_CURVE_WITH_KNOTS ( ( 4, 4 ),
 ( 0.000000000000000000, 1.000000000000000000 ),
 .UNSPECIFIED. ) 
 CURVE ( )  GEOMETRIC_REPRESENTATION_ITEM ( )  RATIONAL_B_SPLINE_CURVE ( ( 1.000000000000000000, 0.8047378541243648264, 0.8047378541243648264, 1.000000000000000000 ) ) 
 REPRESENTATION_ITEM ( '' )  );
#1600 = EDGE_LOOP ( 'NONE', ( #2048, #1870, #1908, #800 ) ) ;
#1601 = VERTEX_POINT ( 'NONE', #124 ) ;
#1602 = ADVANCED_FACE ( 'NONE', ( #104 ), #1616, .T. ) ;
#1603 = CARTESIAN_POINT ( 'NONE',  ( 4.304768651352227415, 3.800000000000000266, -5.270272631416467846 ) ) ;
#1604 = CARTESIAN_POINT ( 'NONE',  ( -1.575000000000027267, 2.349999999999999645, -5.674999999999998934 ) ) ;
#1605 = PLANE ( 'NONE',  #215 ) ;
#1606 = ORIENTED_EDGE ( 'NONE', *, *, #203, .F. ) ;
#1607 = CARTESIAN_POINT ( 'NONE',  ( 0.03000000000000022440, -1.839999999999999858, 0.000000000000000000 ) ) ;
#1608 = CARTESIAN_POINT ( 'NONE',  ( -4.984225011576273623, 3.550000000000000266, -4.750000000000000000 ) ) ;
#1609 = VERTEX_POINT ( 'NONE', #437 ) ;
#1610 = ORIENTED_EDGE ( 'NONE', *, *, #895, .F. ) ;
#1611 = CARTESIAN_POINT ( 'NONE',  ( 4.576545663354560922, 3.550000000000000266, -5.734225011576274511 ) ) ;
#1612 = CARTESIAN_POINT ( 'NONE',  ( 4.520272631416468734, 0.000000000000000000, 4.749999999999997335 ) ) ;
#1613 = CARTESIAN_POINT ( 'NONE',  ( 2.000000000000000444, -2.169999999999999929, 3.000000000000000000 ) ) ;
#1614 = DIRECTION ( 'NONE',  ( 0.000000000000000000, -1.000000000000000000, 0.000000000000000000 ) ) ;
#1615 = ORIENTED_EDGE ( 'NONE', *, *, #2106, .F. ) ;
#1616 = PLANE ( 'NONE',  #1562 ) ;
#1617 = ORIENTED_EDGE ( 'NONE', *, *, #256, .T. ) ;
#1618 = ORIENTED_EDGE ( 'NONE', *, *, #48, .T. ) ;
#1619 = VECTOR ( 'NONE', #587, 1000.000000000000000 ) ;
#1620 =( BOUNDED_SURFACE ( )  B_SPLINE_SURFACE ( 3, 3, ( 
 ( #1354, #1008, #2006, #1831 ),
 ( #1334, #1206, #1989, #508 ),
 ( #867, #534, #1194, #1840 ),
 ( #1658, #1510, #688, #368 ),
 ( #1028, #202, #1384, #2059 ),
 ( #1893, #253, #924, #1104 ) ),
 .UNSPECIFIED., .F., .F., .T. ) 
 B_SPLINE_SURFACE_WITH_KNOTS ( ( 4, 1, 1, 4 ),
 ( 4, 4 ),
 ( 0.000000000000000000, 0.4640831497600454991, 0.5830142621255676172, 1.000000000000000000 ),
 ( 0.000000000000000000, 1.000000000000000000 ),
 .UNSPECIFIED. ) 
 GEOMETRIC_REPRESENTATION_ITEM ( )  RATIONAL_B_SPLINE_SURFACE ( (
 ( 1.000000000000000000, 0.8047378541243648264, 0.8047378541243648264, 1.000000000000000000),
 ( 1.000000000000000000, 0.8047378541243648264, 0.8047378541243648264, 1.000000000000000000),
 ( 1.000000000000000000, 0.8047378541243648264, 0.8047378541243648264, 1.000000000000000000),
 ( 1.000000000000000000, 0.8047378541243648264, 0.8047378541243648264, 1.000000000000000000),
 ( 1.000000000000000000, 0.8047378541243648264, 0.8047378541243648264, 1.000000000000000000),
 ( 1.000000000000000000, 0.8047378541243648264, 0.8047378541243648264, 1.000000000000000000) ) ) 
 REPRESENTATION_ITEM ( '' )  SURFACE ( )  );
#1621 = CARTESIAN_POINT ( 'NONE',  ( 4.999999999999996447, 3.550000000000000266, -5.335786437626905077 ) ) ;
#1622 = CARTESIAN_POINT ( 'NONE',  ( 4.499999999999998224, 0.000000000000000000, 4.749999999999997335 ) ) ;
#1623 = AXIS2_PLACEMENT_3D ( 'NONE', #857, #177, #506 ) ;
#1624 = FACE_OUTER_BOUND ( 'NONE', #615, .T. ) ;
#1625 = AXIS2_PLACEMENT_3D ( 'NONE', #1780, #614, #144 ) ;
#1626 = FACE_OUTER_BOUND ( 'NONE', #892, .T. ) ;
#1627 = VECTOR ( 'NONE', #1925, 1000.000000000000000 ) ;
#1628 = EDGE_CURVE ( 'NONE', #1738, #1789, #284, .T. ) ;
#1629 = ORIENTED_EDGE ( 'NONE', *, *, #2019, .F. ) ;
#1630 = CARTESIAN_POINT ( 'NONE',  ( -4.000000000000001776, 3.550000000000000266, -5.750000000000000000 ) ) ;
#1631 = LINE ( 'NONE', #640, #1662 ) ;
#1632 = SHAPE_DEFINITION_REPRESENTATION ( #463, #584 ) ;
#1633 = ORIENTED_EDGE ( 'NONE', *, *, #1163, .T. ) ;
#1634 = CARTESIAN_POINT ( 'NONE',  ( 4.000000000000001776, 0.000000000000000000, 5.270272631416467846 ) ) ;
#1635 = CARTESIAN_POINT ( 'NONE',  ( 0.03000000000000022440, -1.839999999999999858, 0.000000000000000000 ) ) ;
#1636 = EDGE_CURVE ( 'NONE', #2043, #1669, #1899, .T. ) ;
#1637 = CARTESIAN_POINT ( 'NONE',  ( -4.500000000000001776, 0.000000000000000000, -4.750000000000000000 ) ) ;
#1638 = PLANE ( 'NONE',  #1461 ) ;
#1639 = FACE_OUTER_BOUND ( 'NONE', #251, .T. ) ;
#1640 = EDGE_CURVE ( 'NONE', #1693, #272, #2077, .T. ) ;
#1641 = ORIENTED_EDGE ( 'NONE', *, *, #1716, .F. ) ;
#1642 = ADVANCED_FACE ( 'NONE', ( #1445 ), #780, .T. ) ;
#1643 = CARTESIAN_POINT ( 'NONE',  ( -1.649999999999999911, 0.1499999999999999944, -3.450000000000001510 ) ) ;
#1644 = PRODUCT_CONTEXT ( 'NONE', #41, 'mechanical' ) ;
#1645 = ORIENTED_EDGE ( 'NONE', *, *, #2102, .T. ) ;
#1646 = CARTESIAN_POINT ( 'NONE',  ( 0.02999999999999991562, 0.3299999999999996825, 1.800000000000000044 ) ) ;
#1647 = LINE ( 'NONE', #1148, #1797 ) ;
#1648 = DIRECTION ( 'NONE',  ( -1.000000000000000000, 0.000000000000000000, -8.673617379884035472E-16 ) ) ;
#1649 = ORIENTED_EDGE ( 'NONE', *, *, #1317, .T. ) ;
#1650 = CARTESIAN_POINT ( 'NONE',  ( -4.261833010021321755, 3.799999999999999822, 5.195475778291761770 ) ) ;
#1651 = ORIENTED_EDGE ( 'NONE', *, *, #1785, .F. ) ;
#1652 = ADVANCED_FACE ( 'NONE', ( #2065 ), #1456, .F. ) ;
#1653 = CARTESIAN_POINT ( 'NONE',  ( -4.000000000000000000, 0.2499999999999997780, 5.734225011576272735 ) ) ;
#1654 = EDGE_CURVE ( 'NONE', #478, #1855, #632, .T. ) ;
#1655 = CARTESIAN_POINT ( 'NONE',  ( -4.000000000000001776, 0.03403694547841895623, -5.466982343680882650 ) ) ;
#1656 = CARTESIAN_POINT ( 'NONE',  ( -4.000000000000000888, 3.550000000000000266, 5.734225011576272735 ) ) ;
#1657 = VECTOR ( 'NONE', #1117, 1000.000000000000000 ) ;
#1658 = CARTESIAN_POINT ( 'NONE',  ( -4.828519787169307520, 0.1622929048023052101, 4.749999999999999112 ) ) ;
#1659 = VECTOR ( 'NONE', #557, 1000.000000000000000 ) ;
#1660 = FILL_AREA_STYLE_COLOUR ( '', #1321 ) ;
#1661 =( GEOMETRIC_REPRESENTATION_CONTEXT ( 3 ) GLOBAL_UNCERTAINTY_ASSIGNED_CONTEXT ( ( #1298 ) ) GLOBAL_UNIT_ASSIGNED_CONTEXT ( ( #1943, #1303, #467 ) ) REPRESENTATION_CONTEXT ( 'NONE', 'WORKASPACE' ) );
#1662 = VECTOR ( 'NONE', #1514, 1000.000000000000000 ) ;
#1663 = CARTESIAN_POINT ( 'NONE',  ( -1.650000000000000799, 0.000000000000000000, 5.250000000000000000 ) ) ;
#1664 = ORIENTED_EDGE ( 'NONE', *, *, #877, .F. ) ;
#1665 = CARTESIAN_POINT ( 'NONE',  ( 4.000000000000000000, 0.000000000000000000, -5.250000000000000000 ) ) ;
#1666 = DIRECTION ( 'NONE',  ( -2.753529326947312927E-16, 0.000000000000000000, 1.000000000000000000 ) ) ;
#1667 = CARTESIAN_POINT ( 'NONE',  ( -1.575000000000027267, 0.2499999999999997780, 5.749999999999999112 ) ) ;
#1668 = DIRECTION ( 'NONE',  ( 1.000000000000000000, 0.000000000000000000, 0.000000000000000000 ) ) ;
#1669 = VERTEX_POINT ( 'NONE', #1748 ) ;
#1670 = CARTESIAN_POINT ( 'NONE',  ( 0.000000000000000000, 2.349999999999999645, 0.000000000000000000 ) ) ;
#1671 = CARTESIAN_POINT ( 'NONE',  ( 3.999999999999996447, 3.550000000000000266, 5.749999999999993783 ) ) ;
#1672 = ITEM_DEFINED_TRANSFORMATION ( 'NONE', 'NONE', #913,  #495 ) ;
#1673 = EDGE_LOOP ( 'NONE', ( #1548, #469, #727, #616 ) ) ;
#1674 = CARTESIAN_POINT ( 'NONE',  ( -4.500000000000001776, 3.799999999999999822, -4.750000000000000000 ) ) ;
#1675 = CARTESIAN_POINT ( 'NONE',  ( 3.999999999999996447, 0.000000000000000000, 5.270272631416461628 ) ) ;
#1676 = UNCERTAINTY_MEASURE_WITH_UNIT (LENGTH_MEASURE( 1.000000000000000082E-05 ), #995, 'distance_accuracy_value', 'NONE');
#1677 = CARTESIAN_POINT ( 'NONE',  ( -4.000000000000000888, 0.2499999999999997780, -4.750000000000000000 ) ) ;
#1678 = PRODUCT_RELATED_PRODUCT_CATEGORY ( 'part', '', ( #1023 ) ) ;
#1679 = CARTESIAN_POINT ( 'NONE',  ( 1.649999999999999023, 0.1499999999999999944, 3.450000000000000178 ) ) ;
#1680 = LINE ( 'NONE', #1021, #1496 ) ;
#1681 = ORIENTED_EDGE ( 'NONE', *, *, #1640, .F. ) ;
#1682 = CARTESIAN_POINT ( 'NONE',  ( 4.828519787169308408, 3.637707095197694862, 4.749999999999997335 ) ) ;
#1683 = CARTESIAN_POINT ( 'NONE',  ( 1.649999999999999911, 0.000000000000000000, -5.250000000000000000 ) ) ;
#1684 = CARTESIAN_POINT ( 'NONE',  ( -4.984225011576273623, 0.2499999999999997780, -4.750000000000000000 ) ) ;
#1685 = DIRECTION ( 'NONE',  ( -0.000000000000000000, -0.000000000000000000, -1.000000000000000000 ) ) ;
#1686 = CARTESIAN_POINT ( 'NONE',  ( -4.304768651352230080, 3.800000000000000266, -5.270272631416467846 ) ) ;
#1687 = CYLINDRICAL_SURFACE ( 'NONE', #738, 1.000000000000000000 ) ;
#1688 = VECTOR ( 'NONE', #1325, 1000.000000000000000 ) ;
#1689 = PLANE ( 'NONE',  #1425 ) ;
#1690 =( BOUNDED_CURVE ( )  B_SPLINE_CURVE ( 3, ( #967, #814, #471, #497 ),
 .UNSPECIFIED., .F., .F. ) 
 B_SPLINE_CURVE_WITH_KNOTS ( ( 4, 4 ),
 ( 0.000000000000000000, 1.000000000000000000 ),
 .UNSPECIFIED. ) 
 CURVE ( )  GEOMETRIC_REPRESENTATION_ITEM ( )  RATIONAL_B_SPLINE_CURVE ( ( 1.000000000000000000, 0.8047378541243652705, 0.8047378541243652705, 1.000000000000000000 ) ) 
 REPRESENTATION_ITEM ( '' )  );
#1691 = ADVANCED_FACE ( 'NONE', ( #1292 ), #789, .T. ) ;
#1692 = CIRCLE ( 'NONE', #1801, 1.000000000000000000 ) ;
#1693 = VERTEX_POINT ( 'NONE', #1929 ) ;
#1694 = AXIS2_PLACEMENT_3D ( 'NONE', #1524, #1333, #1494 ) ;
#1695 = LINE ( 'NONE', #569, #560 ) ;
#1696 = CARTESIAN_POINT ( 'NONE',  ( 0.02999999999999999889, 0.000000000000000000, 3.000000000000000000 ) ) ;
#1697 = PRODUCT_DEFINITION_FORMATION_WITH_SPECIFIED_SOURCE ( 'ANY', '', #1453, .NOT_KNOWN. ) ;
#1698 = VERTEX_POINT ( 'NONE', #273 ) ;
#1699 = CARTESIAN_POINT ( 'NONE',  ( -4.520272631416468734, 3.800000000000000266, 5.054768651352229192 ) ) ;
#1700 = PLANE ( 'NONE',  #212 ) ;
#1701 = VERTEX_POINT ( 'NONE', #1740 ) ;
#1702 = CARTESIAN_POINT ( 'NONE',  ( 4.828519787169305744, 0.1622929048023052101, -4.750000000000000888 ) ) ;
#1703 = ADVANCED_FACE ( 'NONE', ( #456 ), #1137, .F. ) ;
#1704 = DIRECTION ( 'NONE',  ( -1.000000000000000000, 0.000000000000000000, -0.000000000000000000 ) ) ;
#1705 = EDGE_LOOP ( 'NONE', ( #192, #1283, #423, #623, #890, #935, #1249, #973, #1143, #1503, #1122, #1402 ) ) ;
#1706 = LINE ( 'NONE', #548, #601 ) ;
#1707 = CARTESIAN_POINT ( 'NONE',  ( -4.520272631416466957, 0.000000000000000000, 4.749999999999998224 ) ) ;
#1708 = CARTESIAN_POINT ( 'NONE',  ( 0.000000000000000000, 0.1499999999999999944, 0.000000000000000000 ) ) ;
#1709 = LINE ( 'NONE', #1566, #318 ) ;
#1710 = DIRECTION ( 'NONE',  ( -0.000000000000000000, 1.000000000000000000, -0.000000000000000000 ) ) ;
#1711 = ORIENTED_EDGE ( 'NONE', *, *, #1050, .T. ) ;
#1712 = VERTEX_POINT ( 'NONE', #260 ) ;
#1713 = EDGE_CURVE ( 'NONE', #1290, #100, #929, .T. ) ;
#1714 = B_SPLINE_CURVE_WITH_KNOTS ( 'NONE', 3,
 ( #1993, #1790, #184, #994, #984, #1166 ),
 .UNSPECIFIED., .F., .F.,
 ( 4, 1, 1, 4 ),
 ( 0.000000000000000000, 0.4169857378744323828, 0.5359168502399545009, 1.000000000000000000 ),
 .UNSPECIFIED. ) ;
#1715 = CARTESIAN_POINT ( 'NONE',  ( 4.000000000000001776, 3.799999999999999822, 5.270272631416467846 ) ) ;
#1716 = EDGE_CURVE ( 'NONE', #289, #1414, #1631, .T. ) ;
#1717 = ORIENTED_EDGE ( 'NONE', *, *, #2117, .T. ) ;
#1718 = EDGE_CURVE ( 'NONE', #818, #1994, #349, .T. ) ;
#1719 = CARTESIAN_POINT ( 'NONE',  ( 4.499999999999998224, 3.799999999999999822, 4.750000000000001776 ) ) ;
#1720 = DIRECTION ( 'NONE',  ( -1.000000000000000000, 0.000000000000000000, -0.000000000000000000 ) ) ;
#1721 = CARTESIAN_POINT ( 'NONE',  ( 4.520272631416468734, 0.000000000000000000, 4.749999999999997335 ) ) ;
#1722 = VERTEX_POINT ( 'NONE', #1312 ) ;
#1723 = EDGE_LOOP ( 'NONE', ( #205, #223, #1649, #852 ) ) ;
#1724 = EDGE_CURVE ( 'NONE', #458, #428, #1835, .T. ) ;
#1725 = VECTOR ( 'NONE', #1320, 1000.000000000000000 ) ;
#1726 = CARTESIAN_POINT ( 'NONE',  ( 4.500000000000001776, 3.799999999999999822, 4.749999999999997335 ) ) ;
#1727 = CARTESIAN_POINT ( 'NONE',  ( -0.2986335345030996513, 0.02999999999999953745, 1.200000000000000178 ) ) ;
#1728 = ORIENTED_EDGE ( 'NONE', *, *, #2121, .F. ) ;
#1729 = AXIS2_PLACEMENT_3D ( 'NONE', #794, #787, #485 ) ;
#1730 = VERTEX_POINT ( 'NONE', #23 ) ;
#1731 = CARTESIAN_POINT ( 'NONE',  ( -1.650000000000000355, 0.1499999999999999944, 5.580378705966810848 ) ) ;
#1732 = CIRCLE ( 'NONE', #1429, 0.3300000000000000155 ) ;
#1733 = EDGE_CURVE ( 'NONE', #1971, #1290, #101, .T. ) ;
#1734 = DIRECTION ( 'NONE',  ( 0.000000000000000000, 0.000000000000000000, 1.000000000000000000 ) ) ;
#1735 = CARTESIAN_POINT ( 'NONE',  ( 1.649999999999999023, 0.1499999999999999944, 3.450000000000000178 ) ) ;
#1736 = DIRECTION ( 'NONE',  ( 1.508455196501571429E-16, 0.000000000000000000, 1.000000000000000000 ) ) ;
#1737 = CARTESIAN_POINT ( 'NONE',  ( 3.999999999999997335, 0.000000000000000000, -5.250000000000000000 ) ) ;
#1738 = VERTEX_POINT ( 'NONE', #331 ) ;
#1739 = VERTEX_POINT ( 'NONE', #1663 ) ;
#1740 = CARTESIAN_POINT ( 'NONE',  ( 0.02999999999999999542, 0.02999999999999999889, 0.000000000000000000 ) ) ;
#1741 = DIRECTION ( 'NONE',  ( 1.000000000000000000, 0.000000000000000000, 0.000000000000000000 ) ) ;
#1742 = EDGE_LOOP ( 'NONE', ( #551, #939, #1126, #4 ) ) ;
#1743 = CARTESIAN_POINT ( 'NONE',  ( 4.999999999999997335, 3.550000000000000266, 4.750000000000002665 ) ) ;
#1744 = DIRECTION ( 'NONE',  ( -1.000000000000000000, 0.000000000000000000, -0.000000000000000000 ) ) ;
#1745 = LINE ( 'NONE', #110, #1762 ) ;
#1746 = ORIENTED_EDGE ( 'NONE', *, *, #2093, .T. ) ;
#1747 = ORIENTED_EDGE ( 'NONE', *, *, #1757, .F. ) ;
#1748 = CARTESIAN_POINT ( 'NONE',  ( 0.02999999999999994338, 0.3300000000000000155, 0.000000000000000000 ) ) ;
#1749 = ORIENTED_EDGE ( 'NONE', *, *, #1263, .F. ) ;
#1750 = CARTESIAN_POINT ( 'NONE',  ( 4.000000000000000000, 0.2499999999999997780, -5.734225011576272735 ) ) ;
#1751 = FACE_OUTER_BOUND ( 'NONE', #1469, .T. ) ;
#1752 = PLANE ( 'NONE',  #1764 ) ;
#1753 = CARTESIAN_POINT ( 'NONE',  ( -4.000000000000000000, 0.000000000000000000, 5.250000000000000000 ) ) ;
#1754 = CARTESIAN_POINT ( 'NONE',  ( -4.520272631416468734, 0.000000000000000000, -4.750000000000000888 ) ) ;
#1755 = ORIENTED_EDGE ( 'NONE', *, *, #575, .F. ) ;
#1756 = ORIENTED_EDGE ( 'NONE', *, *, #1718, .T. ) ;
#1757 = EDGE_CURVE ( 'NONE', #1099, #734, #194, .T. ) ;
#1758 = CARTESIAN_POINT ( 'NONE',  ( -1.575000000000027267, 2.349999999999999645, 5.749999999999999112 ) ) ;
#1759 = VECTOR ( 'NONE', #1720, 1000.000000000000000 ) ;
#1760 = ORIENTED_EDGE ( 'NONE', *, *, #676, .F. ) ;
#1761 = ORIENTED_EDGE ( 'NONE', *, *, #619, .T. ) ;
#1762 = VECTOR ( 'NONE', #224, 1000.000000000000000 ) ;
#1763 = VECTOR ( 'NONE', #218, 1000.000000000000000 ) ;
#1764 = AXIS2_PLACEMENT_3D ( 'NONE', #97, #729, #74 ) ;
#1765 = CARTESIAN_POINT ( 'NONE',  ( 3.999999999999997335, 3.799999999999999822, -5.250000000000000000 ) ) ;
#1766 = CARTESIAN_POINT ( 'NONE',  ( -4.999999999999999112, 3.550000000000000266, 4.749999999999998224 ) ) ;
#1767 = CARTESIAN_POINT ( 'NONE',  ( -4.716982343680883538, 0.03403694547841895623, -4.750000000000000888 ) ) ;
#1768 = ORIENTED_EDGE ( 'NONE', *, *, #1262, .F. ) ;
#1769 = EDGE_CURVE ( 'NONE', #289, #123, #1714, .T. ) ;
#1770 = CARTESIAN_POINT ( 'NONE',  ( -4.500000000000001776, 3.799999999999999822, -4.750000000000000000 ) ) ;
#1771 = ORIENTED_EDGE ( 'NONE', *, *, #1361, .T. ) ;
#1772 = B_SPLINE_SURFACE_WITH_KNOTS ( 'NONE', 3, 1, ( 
 ( #1889, #753 ),
 ( #208, #715 ),
 ( #1077, #1531 ),
 ( #893, #1379 ),
 ( #1549, #1715 ),
 ( #546, #94 ) ),
 .UNSPECIFIED., .F., .F., .F.,
 ( 4, 1, 1, 4 ),
 ( 2, 2 ),
 ( 0.000000000000000000, 0.4169857378744323828, 0.5359168502399545009, 1.000000000000000000 ),
 ( 0.000000000000000000, 1.000000000000000000 ),
 .UNSPECIFIED. ) ;
#1773 = VERTEX_POINT ( 'NONE', #854 ) ;
#1774 = PRODUCT_DEFINITION ( 'UNKNOWN', '', #1052, #2027 ) ;
#1775 = CARTESIAN_POINT ( 'NONE',  ( 4.984225011576273623, 3.550000000000000266, 4.749999999999997335 ) ) ;
#1776 = FACE_OUTER_BOUND ( 'NONE', #810, .T. ) ;
#1777 = CARTESIAN_POINT ( 'NONE',  ( -1.575000000000027267, 2.349999999999999645, -5.749999999999999112 ) ) ;
#1778 = CARTESIAN_POINT ( 'NONE',  ( 4.000000000000000000, 0.000000000000000000, -5.250000000000000000 ) ) ;
#1779 = ORIENTED_EDGE ( 'NONE', *, *, #1059, .F. ) ;
#1780 = CARTESIAN_POINT ( 'NONE',  ( 1.574999999999973088, 2.349999999999999645, 5.674999999999998046 ) ) ;
#1781 = SURFACE_STYLE_FILL_AREA ( #1956 ) ;
#1782 = ORIENTED_EDGE ( 'NONE', *, *, #203, .T. ) ;
#1783 = ORIENTED_EDGE ( 'NONE', *, *, #348, .F. ) ;
#1784 = LINE ( 'NONE', #138, #744 ) ;
#1785 = EDGE_CURVE ( 'NONE', #839, #1240, #690, .T. ) ;
#1786 = CARTESIAN_POINT ( 'NONE',  ( 4.000000000000000000, 0.1622929048023052101, -5.578519787169307520 ) ) ;
#1787 = DIRECTION ( 'NONE',  ( -1.000000000000000000, -0.000000000000000000, -0.000000000000000000 ) ) ;
#1788 = DIRECTION ( 'NONE',  ( 1.508455196501571676E-16, 0.000000000000000000, 1.000000000000000000 ) ) ;
#1789 = VERTEX_POINT ( 'NONE', #316 ) ;
#1790 = CARTESIAN_POINT ( 'NONE',  ( 4.000000000000000000, 3.550000000000000266, -5.734225011576272735 ) ) ;
#1791 = FILL_AREA_STYLE_COLOUR ( '', #324 ) ;
#1792 = ORIENTED_EDGE ( 'NONE', *, *, #1129, .T. ) ;
#1793 = CARTESIAN_POINT ( 'NONE',  ( -4.000000000000001776, 3.550000000000000266, -5.750000000000000000 ) ) ;
#1794 = CARTESIAN_POINT ( 'NONE',  ( 4.828519787169301303, 0.1622929048023052101, 5.235335654629311719 ) ) ;
#1795 = DIRECTION ( 'NONE',  ( -0.000000000000000000, 1.000000000000000000, -0.000000000000000000 ) ) ;
#1796 = CARTESIAN_POINT ( 'NONE',  ( 4.000000000000000000, 0.000000000000000000, -5.250000000000000000 ) ) ;
#1797 = VECTOR ( 'NONE', #1340, 1000.000000000000000 ) ;
#1798 = EDGE_CURVE ( 'NONE', #1693, #136, #1347, .T. ) ;
#1799 = B_SPLINE_CURVE_WITH_KNOTS ( 'NONE', 3,
 ( #1630, #651, #1487, #1455, #2069, #1311 ),
 .UNSPECIFIED., .F., .F.,
 ( 4, 1, 1, 4 ),
 ( 0.000000000000000000, 0.4169857378744323828, 0.5359168502399545009, 1.000000000000000000 ),
 .UNSPECIFIED. ) ;
#1800 = CARTESIAN_POINT ( 'NONE',  ( -4.984225011576272735, 3.550000000000000266, -5.326545663354564475 ) ) ;
#1801 = AXIS2_PLACEMENT_3D ( 'NONE', #976, #1795, #277 ) ;
#1802 = CARTESIAN_POINT ( 'NONE',  ( 4.828519787169306632, 0.1622929048023052101, -4.750000000000001776 ) ) ;
#1803 =( GEOMETRIC_REPRESENTATION_CONTEXT ( 3 ) GLOBAL_UNCERTAINTY_ASSIGNED_CONTEXT ( ( #1151 ) ) GLOBAL_UNIT_ASSIGNED_CONTEXT ( ( #952, #1125, #309 ) ) REPRESENTATION_CONTEXT ( 'NONE', 'WORKASPACE' ) );
#1804 = VERTEX_POINT ( 'NONE', #2000 ) ;
#1805 = DIRECTION ( 'NONE',  ( 1.000000000000000000, 0.000000000000000000, 0.000000000000000000 ) ) ;
#1806 = DIRECTION ( 'NONE',  ( 0.000000000000000000, 0.000000000000000000, 1.000000000000000000 ) ) ;
#1807 = ORIENTED_EDGE ( 'NONE', *, *, #1383, .T. ) ;
#1808 = CARTESIAN_POINT ( 'NONE',  ( 4.000000000000001776, 0.03403694547841895623, 5.466982343680882650 ) ) ;
#1809 = CARTESIAN_POINT ( 'NONE',  ( -4.000000000000001776, 0.000000000000000000, -5.270272631416467846 ) ) ;
#1810 = CARTESIAN_POINT ( 'NONE',  ( -5.000000000000000888, 3.549999999999999822, 5.335786437626905077 ) ) ;
#1811 = DIRECTION ( 'NONE',  ( 0.000000000000000000, 0.000000000000000000, -1.000000000000000000 ) ) ;
#1812 = CARTESIAN_POINT ( 'NONE',  ( -4.828519787169308408, 0.1622929048023052101, -4.750000000000000888 ) ) ;
#1813 = ORIENTED_EDGE ( 'NONE', *, *, #1173, .F. ) ;
#1814 = EDGE_CURVE ( 'NONE', #137, #1164, #512, .T. ) ;
#1815 = CARTESIAN_POINT ( 'NONE',  ( -4.500000000000000888, 3.799999999999999822, 4.880577306269326954 ) ) ;
#1816 = EDGE_CURVE ( 'NONE', #1436, #818, #1156, .T. ) ;
#1817 = ORIENTED_EDGE ( 'NONE', *, *, #2102, .F. ) ;
#1818 = DIRECTION ( 'NONE',  ( 1.000000000000000000, 0.000000000000000000, -0.000000000000000000 ) ) ;
#1819 = DIRECTION ( 'NONE',  ( -0.000000000000000000, -0.000000000000000000, -1.000000000000000000 ) ) ;
#1820 = CARTESIAN_POINT ( 'NONE',  ( -5.000000000000000000, 3.550000000000000266, 4.749999999999999112 ) ) ;
#1821 = FACE_OUTER_BOUND ( 'NONE', #490, .T. ) ;
#1822 = CARTESIAN_POINT ( 'NONE',  ( 1.649999999999999023, 0.000000000000000000, 3.450000000000000178 ) ) ;
#1823 = FACE_OUTER_BOUND ( 'NONE', #258, .T. ) ;
#1824 = ORIENTED_EDGE ( 'NONE', *, *, #1360, .T. ) ;
#1825 = PRODUCT_DEFINITION_SHAPE ( 'NONE', 'NONE',  #2134 ) ;
#1826 = FACE_OUTER_BOUND ( 'NONE', #1705, .T. ) ;
#1827 = CARTESIAN_POINT ( 'NONE',  ( 3.999999999999996447, 0.03403694547841895623, 5.466982343680876433 ) ) ;
#1828 = CARTESIAN_POINT ( 'NONE',  ( -4.999999999999999112, 0.2499999999999997780, 4.749999999999998224 ) ) ;
#1829 = CLOSED_SHELL ( 'NONE', ( #1511, #1438, #978, #432, #296, #1691, #977, #1120, #47, #1342, #1596, #355, #1567, #1190, #1491, #1877, #1542, #1034, #2035, #1216, #1056, #870, #950, #449, #1123, #750, #937, #400, #38, #655, #32, #1703, #572, #290, #1279, #1411, #1642, #783, #198, #514, #1063, #127 ) ) ;
#1830 = VECTOR ( 'NONE', #732, 1000.000000000000000 ) ;
#1831 = CARTESIAN_POINT ( 'NONE',  ( -4.000000000000000000, 0.000000000000000000, 5.250000000000000000 ) ) ;
#1832 = AXIS2_PLACEMENT_3D ( 'NONE', #838, #1181, #12 ) ;
#1833 = CARTESIAN_POINT ( 'NONE',  ( 4.000000000000001776, 3.637707095197694862, 5.578519787169307520 ) ) ;
#1834 = CARTESIAN_POINT ( 'NONE',  ( -0.2999999999999997669, -1.839999999999999858, 3.000000000000000000 ) ) ;
#1835 = LINE ( 'NONE', #154, #388 ) ;
#1836 = APPLICATION_PROTOCOL_DEFINITION ( 'draft international standard', 'automotive_design', 1998, #41 ) ;
#1837 = DIRECTION ( 'NONE',  ( -1.000000000000000000, 0.000000000000000000, -0.000000000000000000 ) ) ;
#1838 = CARTESIAN_POINT ( 'NONE',  ( 4.520272631416463405, 0.000000000000000000, 5.054768651352227415 ) ) ;
#1839 = CARTESIAN_POINT ( 'NONE',  ( -4.984225011576271847, 0.2499999999999997780, 4.749999999999998224 ) ) ;
#1840 = CARTESIAN_POINT ( 'NONE',  ( -4.000000000000000000, 0.03403694547841895623, 5.466982343680882650 ) ) ;
#1841 = CYLINDRICAL_SURFACE ( 'NONE', #1254, 0.03000000000000003705 ) ;
#1842 = B_SPLINE_SURFACE_WITH_KNOTS ( 'NONE', 3, 1, ( 
 ( #724, #2032 ),
 ( #762, #1541 ),
 ( #1682, #1219 ),
 ( #411, #2054 ),
 ( #735, #393 ),
 ( #1726, #1867 ) ),
 .UNSPECIFIED., .F., .F., .F.,
 ( 4, 1, 1, 4 ),
 ( 2, 2 ),
 ( 0.000000000000000000, 0.4169857378744323828, 0.5359168502399545009, 1.000000000000000000 ),
 ( 0.000000000000000000, 1.000000000000000000 ),
 .UNSPECIFIED. ) ;
#1843 = ORIENTED_EDGE ( 'NONE', *, *, #883, .F. ) ;
#1844 = CARTESIAN_POINT ( 'NONE',  ( -1.649999999999999467, 0.1500000000000000222, -5.580378705966810848 ) ) ;
#1845 = ORIENTED_EDGE ( 'NONE', *, *, #1477, .T. ) ;
#1846 = CARTESIAN_POINT ( 'NONE',  ( 4.000000000000000000, 3.765963054521581199, -5.466982343680882650 ) ) ;
#1847 = CARTESIAN_POINT ( 'NONE',  ( -1.649999999999999911, 0.000000000000000000, -3.450000000000001510 ) ) ;
#1848 = CARTESIAN_POINT ( 'NONE',  ( -4.000000000000001776, 0.000000000000000000, -5.250000000000000000 ) ) ;
#1849 = UNCERTAINTY_MEASURE_WITH_UNIT (LENGTH_MEASURE( 1.000000000000000082E-05 ), #1527, 'distance_accuracy_value', 'NONE');
#1850 = EDGE_CURVE ( 'NONE', #1712, #477, #162, .T. ) ;
#1851 = DIRECTION ( 'NONE',  ( 0.000000000000000000, 0.000000000000000000, -1.000000000000000000 ) ) ;
#1852 = DIRECTION ( 'NONE',  ( 0.000000000000000000, -0.000000000000000000, -1.000000000000000000 ) ) ;
#1853 = FACE_OUTER_BOUND ( 'NONE', #1313, .T. ) ;
#1854 = SURFACE_STYLE_FILL_AREA ( #1500 ) ;
#1855 = VERTEX_POINT ( 'NONE', #1002 ) ;
#1856 = CARTESIAN_POINT ( 'NONE',  ( -4.000000000000000888, 3.799999999999999822, -5.750000000000000000 ) ) ;
#1857 = EDGE_CURVE ( 'NONE', #2033, #1473, #1327, .T. ) ;
#1858 = B_SPLINE_CURVE_WITH_KNOTS ( 'NONE', 3,
 ( #897, #1382, #1245, #1204, #582, #1871 ),
 .UNSPECIFIED., .F., .F.,
 ( 4, 2, 4 ),
 ( 0.000000000000000000, 0.5000000000000000000, 1.000000000000000000 ),
 .UNSPECIFIED. ) ;
#1859 = EDGE_CURVE ( 'NONE', #788, #907, #1336, .T. ) ;
#1860 = EDGE_CURVE ( 'NONE', #639, #2033, #699, .T. ) ;
#1861 = VECTOR ( 'NONE', #610, 1000.000000000000000 ) ;
#1862 = CARTESIAN_POINT ( 'NONE',  ( 2.000000000000000444, -1.869999999999999885, 3.000000000000000000 ) ) ;
#1863 = CARTESIAN_POINT ( 'NONE',  ( 4.000000000000001776, 3.550000000000000266, 5.734225011576272735 ) ) ;
#1864 = AXIS2_PLACEMENT_3D ( 'NONE', #1635, #18, #533 ) ;
#1865 = CARTESIAN_POINT ( 'NONE',  ( 0.02999999999999994338, 0.3300000000000000155, 3.000000000000000000 ) ) ;
#1866 = CIRCLE ( 'NONE', #1084, 1.000000000000000000 ) ;
#1867 = CARTESIAN_POINT ( 'NONE',  ( 4.500000000000000000, 3.799999999999999822, -4.750000000000000888 ) ) ;
#1868 = LINE ( 'NONE', #61, #82 ) ;
#1869 = AXIS2_PLACEMENT_3D ( 'NONE', #1318, #293, #1307 ) ;
#1870 = ORIENTED_EDGE ( 'NONE', *, *, #1814, .F. ) ;
#1871 = CARTESIAN_POINT ( 'NONE',  ( 4.000000000000000000, 3.799999999999999822, -5.250000000000000000 ) ) ;
#1872 = CARTESIAN_POINT ( 'NONE',  ( 4.000000000000000000, 0.000000000000000000, -5.250000000000000000 ) ) ;
#1873 = CARTESIAN_POINT ( 'NONE',  ( 3.999999999999996447, 3.799999999999999822, 5.249999999999994671 ) ) ;
#1874 = DIRECTION ( 'NONE',  ( 1.000000000000000000, 0.000000000000000000, -0.000000000000000000 ) ) ;
#1875 = CARTESIAN_POINT ( 'NONE',  ( 1.574999999999973088, 2.349999999999999645, -5.674999999999998046 ) ) ;
#1876 = CARTESIAN_POINT ( 'NONE',  ( 4.716982343680880874, 0.03403694547841895623, -5.169998532946213921 ) ) ;
#1877 = ADVANCED_FACE ( 'NONE', ( #1823 ), #374, .F. ) ;
#1878 = VERTEX_POINT ( 'NONE', #1428 ) ;
#1879 = VERTEX_POINT ( 'NONE', #561 ) ;
#1880 = CARTESIAN_POINT ( 'NONE',  ( 4.000000000000000000, 3.550000000000000266, -5.750000000000000000 ) ) ;
#1881 = SURFACE_STYLE_FILL_AREA ( #84 ) ;
#1882 = EDGE_CURVE ( 'NONE', #341, #788, #1228, .T. ) ;
#1883 = DIRECTION ( 'NONE',  ( -0.000000000000000000, -1.000000000000000000, -0.000000000000000000 ) ) ;
#1884 = B_SPLINE_CURVE_WITH_KNOTS ( 'NONE', 3,
 ( #1985, #1015, #321, #25, #692, #1147 ),
 .UNSPECIFIED., .F., .F.,
 ( 4, 2, 4 ),
 ( 0.000000000000000000, 0.5000000000000000000, 1.000000000000000000 ),
 .UNSPECIFIED. ) ;
#1885 = CARTESIAN_POINT ( 'NONE',  ( 1.574999999999973088, 0.2131152455460247619, 5.674999999999998046 ) ) ;
#1886 = PLANE ( 'NONE',  #1558 ) ;
#1887 = FACE_OUTER_BOUND ( 'NONE', #315, .T. ) ;
#1888 = VERTEX_POINT ( 'NONE', #1905 ) ;
#1889 = CARTESIAN_POINT ( 'NONE',  ( -4.000000000000000000, 3.550000000000000266, 5.750000000000000000 ) ) ;
#1890 = LINE ( 'NONE', #579, #708 ) ;
#1891 = ORIENTED_EDGE ( 'NONE', *, *, #1816, .F. ) ;
#1892 = LINE ( 'NONE', #1373, #806 ) ;
#1893 = CARTESIAN_POINT ( 'NONE',  ( -5.000000000000000000, 0.2499999999999997780, 4.749999999999999112 ) ) ;
#1894 = CARTESIAN_POINT ( 'NONE',  ( 4.419998532946207703, 3.765963054521580755, 5.466982343680879097 ) ) ;
#1895 = FACE_OUTER_BOUND ( 'NONE', #1723, .T. ) ;
#1896 = CARTESIAN_POINT ( 'NONE',  ( 3.999999999999997335, 0.2499999999999997780, -5.734225011576272735 ) ) ;
#1897 = ORIENTED_EDGE ( 'NONE', *, *, #329, .F. ) ;
#1898 = VECTOR ( 'NONE', #1787, 1000.000000000000000 ) ;
#1899 = LINE ( 'NONE', #1101, #1188 ) ;
#1900 = CARTESIAN_POINT ( 'NONE',  ( 1.574999999999973088, 0.2499999999999997780, -5.750000000000000000 ) ) ;
#1901 = ORIENTED_EDGE ( 'NONE', *, *, #725, .F. ) ;
#1902 = VERTEX_POINT ( 'NONE', #440 ) ;
#1903 = CARTESIAN_POINT ( 'NONE',  ( 1.574999999999973754, 0.2499999999999997780, -5.742592785759252472 ) ) ;
#1904 = CIRCLE ( 'NONE', #876, 0.03000000000000004052 ) ;
#1905 = CARTESIAN_POINT ( 'NONE',  ( -4.000000000000001776, 0.000000000000000000, -5.250000000000000000 ) ) ;
#1906 = FACE_OUTER_BOUND ( 'NONE', #2031, .T. ) ;
#1907 = CARTESIAN_POINT ( 'NONE',  ( 4.576545663354560922, 0.2499999999999998057, -5.734225011576274511 ) ) ;
#1908 = ORIENTED_EDGE ( 'NONE', *, *, #2110, .F. ) ;
#1909 = CARTESIAN_POINT ( 'NONE',  ( -4.500000000000000000, 3.799999999999999822, 4.749999999999998224 ) ) ;
#1910 = DIRECTION ( 'NONE',  ( -6.938893903907228378E-18, -2.295939601195177286E-16, -1.000000000000000222 ) ) ;
#1911 = ORIENTED_EDGE ( 'NONE', *, *, #586, .T. ) ;
#1912 = ORIENTED_EDGE ( 'NONE', *, *, #329, .T. ) ;
#1913 = APPLICATION_CONTEXT ( 'automotive_design' ) ;
#1914 = B_SPLINE_CURVE_WITH_KNOTS ( 'NONE', 3,
 ( #1753, #933, #2061, #1430, #1230, #768 ),
 .UNSPECIFIED., .F., .F.,
 ( 4, 1, 1, 4 ),
 ( 0.000000000000000000, 0.4640831497600454991, 0.5830142621255676172, 1.000000000000000000 ),
 .UNSPECIFIED. ) ;
#1915 = CARTESIAN_POINT ( 'NONE',  ( 3.999999999999997335, 3.550000000000000266, -5.750000000000000000 ) ) ;
#1916 = DIRECTION ( 'NONE',  ( -0.000000000000000000, 1.000000000000000000, -0.000000000000000000 ) ) ;
#1917 = CARTESIAN_POINT ( 'NONE',  ( 8.673617379884035472E-16, 0.2131152455460245954, 5.674999999999999822 ) ) ;
#1918 = EDGE_CURVE ( 'NONE', #1722, #1698, #672, .T. ) ;
#1919 = CARTESIAN_POINT ( 'NONE',  ( 4.520272631416466069, 0.000000000000000000, -5.054768651352229192 ) ) ;
#1920 = ORIENTED_EDGE ( 'NONE', *, *, #1814, .T. ) ;
#1921 = ORIENTED_EDGE ( 'NONE', *, *, #1422, .F. ) ;
#1922 = CARTESIAN_POINT ( 'NONE',  ( -0.2986335345030996513, 0.02999999999999953745, 3.000000000000000000 ) ) ;
#1923 = EDGE_LOOP ( 'NONE', ( #49, #1187, #778, #16 ) ) ;
#1924 = CARTESIAN_POINT ( 'NONE',  ( -4.716982343680883538, 0.03403694547841895623, -4.750000000000000000 ) ) ;
#1925 = DIRECTION ( 'NONE',  ( 0.000000000000000000, -1.000000000000000000, 0.000000000000000000 ) ) ;
#1926 = DIRECTION ( 'NONE',  ( 0.000000000000000000, -1.000000000000000000, 0.000000000000000000 ) ) ;
#1927 = CARTESIAN_POINT ( 'NONE',  ( -4.520272631416467846, 0.000000000000000000, -5.054768651352230080 ) ) ;
#1928 = ORIENTED_EDGE ( 'NONE', *, *, #577, .T. ) ;
#1929 = CARTESIAN_POINT ( 'NONE',  ( 0.03000000000000021746, -1.869999999999999885, 3.000000000000000000 ) ) ;
#1930 = CARTESIAN_POINT ( 'NONE',  ( 9.215718466126787689E-16, 0.1500000000000006883, -4.336808689942017736E-16 ) ) ;
#1931 = AXIS2_PLACEMENT_3D ( 'NONE', #1266, #1408, #1744 ) ;
#1932 = ORIENTED_EDGE ( 'NONE', *, *, #895, .T. ) ;
#1933 = VECTOR ( 'NONE', #979, 1000.000000000000000 ) ;
#1934 = AXIS2_PLACEMENT_3D ( 'NONE', #2015, #1668, #1851 ) ;
#1935 = VECTOR ( 'NONE', #1967, 1000.000000000000000 ) ;
#1936 = CARTESIAN_POINT ( 'NONE',  ( 4.520272631416466069, 3.799999999999999822, -4.750000000000000000 ) ) ;
#1937 = CARTESIAN_POINT ( 'NONE',  ( -0.2986335345030996513, 0.02999999999999970746, 1.800000000000000044 ) ) ;
#1938 = DIRECTION ( 'NONE',  ( -1.000000000000000000, 0.000000000000000000, -8.673617379884035472E-16 ) ) ;
#1939 = VERTEX_POINT ( 'NONE', #418 ) ;
#1940 = CARTESIAN_POINT ( 'NONE',  ( 4.716982343680881762, 3.765963054521581199, -4.750000000000001776 ) ) ;
#1941 = EDGE_CURVE ( 'NONE', #1609, #1572, #241, .T. ) ;
#1942 = DIRECTION ( 'NONE',  ( -1.000000000000000000, 0.000000000000000000, -3.771137991253928573E-16 ) ) ;
#1943 =( LENGTH_UNIT ( ) NAMED_UNIT ( * ) SI_UNIT ( .MILLI., .METRE. ) );
#1944 = EDGE_LOOP ( 'NONE', ( #1449, #298, #444, #791 ) ) ;
#1945 = EDGE_CURVE ( 'NONE', #100, #1099, #117, .T. ) ;
#1946 = ORIENTED_EDGE ( 'NONE', *, *, #2024, .F. ) ;
#1947 = CARTESIAN_POINT ( 'NONE',  ( 3.999999999999998224, 3.799999999999999822, -5.270272631416467846 ) ) ;
#1948 = CARTESIAN_POINT ( 'NONE',  ( -4.000000000000000000, 0.03403694547841895623, -5.466982343680882650 ) ) ;
#1949 = CARTESIAN_POINT ( 'NONE',  ( -4.585786437626906853, 3.550000000000000266, -5.749999999999999112 ) ) ;
#1950 = ADVANCED_BREP_SHAPE_REPRESENTATION ( '', ( #24, #495 ), #1227 ) ;
#1951 = B_SPLINE_CURVE_WITH_KNOTS ( 'NONE', 3,
 ( #1412, #1371, #1235, #1391, #239, #2046 ),
 .UNSPECIFIED., .F., .F.,
 ( 4, 1, 1, 4 ),
 ( 0.000000000000000000, 0.4169857378744323828, 0.5359168502399545009, 1.000000000000000000 ),
 .UNSPECIFIED. ) ;
#1952 = DIRECTION ( 'NONE',  ( -0.000000000000000000, 1.000000000000000000, -0.000000000000000000 ) ) ;
#1953 = ADVANCED_FACE ( 'NONE', ( #1573 ), #1752, .F. ) ;
#1954 = ORIENTED_EDGE ( 'NONE', *, *, #877, .T. ) ;
#1955 = CARTESIAN_POINT ( 'NONE',  ( 5.000000000000000888, 0.2499999999999997780, 4.749999999999997335 ) ) ;
#1956 = FILL_AREA_STYLE ('',( #1791 ) ) ;
#1957 = VERTEX_POINT ( 'NONE', #767 ) ;
#1958 = ORIENTED_EDGE ( 'NONE', *, *, #1550, .F. ) ;
#1959 = ADVANCED_FACE ( 'NONE', ( #745 ), #1105, .T. ) ;
#1960 = EDGE_CURVE ( 'NONE', #30, #1738, #829, .T. ) ;
#1961 = CARTESIAN_POINT ( 'NONE',  ( 4.499999999999998224, 0.000000000000000000, 4.750000000000001776 ) ) ;
#1962 = DIRECTION ( 'NONE',  ( 1.000000000000000000, 0.000000000000000000, -2.753529326947312433E-16 ) ) ;
#1963 = CARTESIAN_POINT ( 'NONE',  ( -4.000000000000000000, 3.799999999999999822, 5.250000000000000000 ) ) ;
#1964 = CARTESIAN_POINT ( 'NONE',  ( -4.000000000000000000, 3.550000000000000266, 5.750000000000000000 ) ) ;
#1965 = DIRECTION ( 'NONE',  ( -1.000000000000000000, 0.000000000000000000, -2.753529326947312433E-16 ) ) ;
#1966 = EDGE_LOOP ( 'NONE', ( #1020, #410, #1222, #1324 ) ) ;
#1967 = DIRECTION ( 'NONE',  ( 1.000000000000000000, 0.000000000000000000, 0.000000000000000000 ) ) ;
#1968 = B_SPLINE_CURVE_WITH_KNOTS ( 'NONE', 3,
 ( #1315, #1809, #1655, #494, #1517, #334 ),
 .UNSPECIFIED., .F., .F.,
 ( 4, 1, 1, 4 ),
 ( 0.000000000000000000, 0.4640831497600454991, 0.5830142621255676172, 1.000000000000000000 ),
 .UNSPECIFIED. ) ;
#1969 = VERTEX_POINT ( 'NONE', #1237 ) ;
#1970 = CARTESIAN_POINT ( 'NONE',  ( 0.02999999999999994338, 0.3300000000000000155, 3.000000000000000000 ) ) ;
#1971 = VERTEX_POINT ( 'NONE', #1885 ) ;
#1972 = VECTOR ( 'NONE', #230, 1000.000000000000000 ) ;
#1973 = CARTESIAN_POINT ( 'NONE',  ( 4.585786437626898859, 0.2499999999999998057, 5.749999999999996447 ) ) ;
#1974 = CARTESIAN_POINT ( 'NONE',  ( 4.499999999999998224, 0.000000000000000000, 4.749999999999997335 ) ) ;
#1975 = CARTESIAN_POINT ( 'NONE',  ( 4.828519787169308408, 0.1622929048023052101, 4.749999999999997335 ) ) ;
#1976 = VECTOR ( 'NONE', #1508, 1000.000000000000000 ) ;
#1977 = EDGE_CURVE ( 'NONE', #100, #1349, #912, .T. ) ;
#1978 = CARTESIAN_POINT ( 'NONE',  ( -4.828519787169308408, 3.637707095197694862, -5.235335654629311719 ) ) ;
#1979 = VECTOR ( 'NONE', #664, 1000.000000000000000 ) ;
#1980 = DIRECTION ( 'NONE',  ( -1.000000000000000000, 0.000000000000000000, 1.508455196501571676E-16 ) ) ;
#1981 = AXIS2_PLACEMENT_3D ( 'NONE', #1293, #1806, #513 ) ;
#1982 = ORIENTED_EDGE ( 'NONE', *, *, #685, .T. ) ;
#1983 = CARTESIAN_POINT ( 'NONE',  ( -4.000000000000000000, 3.799999999999999822, 5.250000000000000000 ) ) ;
#1984 = ORIENTED_EDGE ( 'NONE', *, *, #966, .T. ) ;
#1985 = CARTESIAN_POINT ( 'NONE',  ( 4.000000000000001776, 3.800000000000001155, 5.250000000015722534 ) ) ;
#1986 = CARTESIAN_POINT ( 'NONE',  ( 4.304768651352222975, 0.000000000000000000, 5.270272631416465181 ) ) ;
#1987 = CARTESIAN_POINT ( 'NONE',  ( 1.649999999999999023, 0.1499999999999999944, 3.450000000000000178 ) ) ;
#1988 = PRODUCT_DEFINITION_SHAPE ( 'NONE', 'NONE',  #2095 ) ;
#1989 = CARTESIAN_POINT ( 'NONE',  ( -4.304768651352229192, 0.000000000000000000, 5.270272631416467846 ) ) ;
#1990 = EDGE_CURVE ( 'NONE', #1730, #781, #2060, .T. ) ;
#1991 = ORIENTED_EDGE ( 'NONE', *, *, #1850, .F. ) ;
#1992 = FACE_OUTER_BOUND ( 'NONE', #1209, .T. ) ;
#1993 = CARTESIAN_POINT ( 'NONE',  ( 4.000000000000000000, 3.550000000000000266, -5.750000000000000000 ) ) ;
#1994 = VERTEX_POINT ( 'NONE', #1297 ) ;
#1995 = DIRECTION ( 'NONE',  ( 9.427844978134822666E-17, 0.000000000000000000, 1.000000000000000000 ) ) ;
#1996 = CARTESIAN_POINT ( 'NONE',  ( 4.485335654629304614, 0.1622929048023052101, 5.578519787169303967 ) ) ;
#1997 = CARTESIAN_POINT ( 'NONE',  ( -4.828519787169308408, 3.637707095197695306, 5.235335654629309943 ) ) ;
#1998 = PLANE ( 'NONE',  #555 ) ;
#1999 = DIRECTION ( 'NONE',  ( 0.000000000000000000, -0.000000000000000000, -1.000000000000000000 ) ) ;
#2000 = CARTESIAN_POINT ( 'NONE',  ( 1.574999999999973088, 2.349999999999999645, 5.750000000000000000 ) ) ;
#2001 = B_SPLINE_SURFACE_WITH_KNOTS ( 'NONE', 3, 1, ( 
 ( #2002, #528 ),
 ( #1330, #1634 ),
 ( #1516, #1808 ),
 ( #1505, #670 ),
 ( #1653, #856 ),
 ( #353, #1363 ) ),
 .UNSPECIFIED., .F., .F., .F.,
 ( 4, 1, 1, 4 ),
 ( 2, 2 ),
 ( 0.000000000000000000, 0.4640831497600454991, 0.5830142621255676172, 1.000000000000000000 ),
 ( 0.000000000000000000, 1.000000000000000000 ),
 .UNSPECIFIED. ) ;
#2002 = CARTESIAN_POINT ( 'NONE',  ( -4.000000000000000000, 0.000000000000000000, 5.250000000000000000 ) ) ;
#2003 = CARTESIAN_POINT ( 'NONE',  ( -4.500000000000001776, 0.000000000000000000, -4.750000000000000000 ) ) ;
#2004 = CARTESIAN_POINT ( 'NONE',  ( -1.575000000000027267, 2.349999999999999645, -5.674999999999998934 ) ) ;
#2005 = VECTOR ( 'NONE', #487, 1000.000000000000000 ) ;
#2006 = CARTESIAN_POINT ( 'NONE',  ( -4.292893218813453871, 0.000000000000000000, 5.250000000000000000 ) ) ;
#2007 = CARTESIAN_POINT ( 'NONE',  ( -1.649999999999999467, 0.1500000000000000222, -5.580378705966810848 ) ) ;
#2008 = VECTOR ( 'NONE', #151, 1000.000000000000000 ) ;
#2009 = COLOUR_RGB ( '',0.3058823529411764941, 0.3058823529411764941, 0.3058823529411764941 ) ;
#2010 = SHAPE_DEFINITION_REPRESENTATION ( #1277, #276 ) ;
#2011 = CARTESIAN_POINT ( 'NONE',  ( -4.984225011576273623, 3.550000000000000266, -4.750000000000000000 ) ) ;
#2012 = ADVANCED_FACE ( 'NONE', ( #1776 ), #1481, .F. ) ;
#2013 = CARTESIAN_POINT ( 'NONE',  ( 1.650000000000000355, 0.000000000000000000, -5.270272631416467846 ) ) ;
#2014 = LINE ( 'NONE', #1171, #775 ) ;
#2015 = CARTESIAN_POINT ( 'NONE',  ( 1.574999999999973088, 2.349999999999999645, -5.674999999999998046 ) ) ;
#2016 = FACE_OUTER_BOUND ( 'NONE', #1490, .T. ) ;
#2017 =( NAMED_UNIT ( * ) SI_UNIT ( $, .STERADIAN. ) SOLID_ANGLE_UNIT ( ) );
#2018 = DIRECTION ( 'NONE',  ( 1.000000000000000000, 1.233721901435611438E-16, -0.000000000000000000 ) ) ;
#2019 = EDGE_CURVE ( 'NONE', #1278, #1099, #225, .T. ) ;
#2020 = ORIENTED_EDGE ( 'NONE', *, *, #1816, .T. ) ;
#2021 = CARTESIAN_POINT ( 'NONE',  ( -5.000000000000000888, 0.2499999999999997780, -4.750000000000000000 ) ) ;
#2022 = CARTESIAN_POINT ( 'NONE',  ( -4.000000000000000000, 0.2499999999999997780, -5.734225011576272735 ) ) ;
#2023 = EDGE_CURVE ( 'NONE', #164, #458, #956, .T. ) ;
#2024 = EDGE_CURVE ( 'NONE', #477, #1278, #1690, .T. ) ;
#2025 = DIRECTION ( 'NONE',  ( 1.885568995626964287E-16, 0.000000000000000000, 1.000000000000000000 ) ) ;
#2026 = LINE ( 'NONE', #1212, #1659 ) ;
#2027 = PRODUCT_DEFINITION_CONTEXT ( 'detailed design', #1913, 'design' ) ;
#2028 = LINE ( 'NONE', #1862, #420 ) ;
#2029 = CARTESIAN_POINT ( 'NONE',  ( 4.000000000000001776, 3.550000000000000266, 5.750000000000000000 ) ) ;
#2030 = DIRECTION ( 'NONE',  ( -1.233721901435611438E-16, 1.000000000000000000, 0.000000000000000000 ) ) ;
#2031 = EDGE_LOOP ( 'NONE', ( #1410, #855, #300, #936 ) ) ;
#2032 = CARTESIAN_POINT ( 'NONE',  ( 4.999999999999999112, 3.550000000000000266, -4.750000000000000888 ) ) ;
#2033 = VERTEX_POINT ( 'NONE', #1963 ) ;
#2034 = EDGE_CURVE ( 'NONE', #1804, #1290, #645, .T. ) ;
#2035 = ADVANCED_FACE ( 'NONE', ( #1160 ), #683, .F. ) ;
#2036 = CARTESIAN_POINT ( 'NONE',  ( 4.304768651352222975, 3.800000000000000266, 5.270272631416465181 ) ) ;
#2037 = CARTESIAN_POINT ( 'NONE',  ( -5.000000000000000888, 3.799999999999999822, -5.750000000000000000 ) ) ;
#2038 = CARTESIAN_POINT ( 'NONE',  ( 0.03000000000000021746, -2.169999999999999929, 3.000000000000000000 ) ) ;
#2039 = VECTOR ( 'NONE', #1926, 1000.000000000000000 ) ;
#2040 = EDGE_CURVE ( 'NONE', #2112, #2043, #1732, .T. ) ;
#2041 = CARTESIAN_POINT ( 'NONE',  ( 4.984225011576271847, 0.2499999999999997780, -4.750000000000000888 ) ) ;
#2042 = AXIS2_PLACEMENT_3D ( 'NONE', #1472, #1952, #1938 ) ;
#2043 = VERTEX_POINT ( 'NONE', #1413 ) ;
#2044 = ORIENTED_EDGE ( 'NONE', *, *, #964, .F. ) ;
#2045 = VECTOR ( 'NONE', #1407, 1000.000000000000000 ) ;
#2046 = CARTESIAN_POINT ( 'NONE',  ( -4.000000000000000000, 3.799999999999999822, 5.250000000000000000 ) ) ;
#2047 = AXIS2_PLACEMENT_3D ( 'NONE', #1392, #716, #1078 ) ;
#2048 = ORIENTED_EDGE ( 'NONE', *, *, #717, .T. ) ;
#2049 = EDGE_CURVE ( 'NONE', #350, #30, #1047, .T. ) ;
#2050 = DIRECTION ( 'NONE',  ( -1.000000000000000000, 0.000000000000000000, 0.000000000000000000 ) ) ;
#2051 = FACE_OUTER_BOUND ( 'NONE', #332, .T. ) ;
#2052 = LINE ( 'NONE', #409, #529 ) ;
#2053 = ORIENTED_EDGE ( 'NONE', *, *, #1860, .F. ) ;
#2054 = CARTESIAN_POINT ( 'NONE',  ( 4.716982343680881762, 3.765963054521581199, -4.750000000000000888 ) ) ;
#2055 = DIRECTION ( 'NONE',  ( 1.000000000000000000, 0.000000000000000000, 0.000000000000000000 ) ) ;
#2056 = EDGE_LOOP ( 'NONE', ( #92, #769, #287, #795 ) ) ;
#2057 = ORIENTED_EDGE ( 'NONE', *, *, #1990, .F. ) ;
#2058 = CARTESIAN_POINT ( 'NONE',  ( 4.000000000000001776, 0.1622929048023052101, 5.578519787169307520 ) ) ;
#2059 = CARTESIAN_POINT ( 'NONE',  ( -4.000000000000000888, 0.2499999999999997780, 5.734225011576272735 ) ) ;
#2060 = LINE ( 'NONE', #1735, #291 ) ;
#2061 = CARTESIAN_POINT ( 'NONE',  ( -4.000000000000000000, 0.03403694547841895623, 5.466982343680882650 ) ) ;
#2062 = CARTESIAN_POINT ( 'NONE',  ( 4.999999999999998224, 0.2499999999999997780, -4.750000000000000888 ) ) ;
#2063 = VERTEX_POINT ( 'NONE', #1900 ) ;
#2064 = ORIENTED_EDGE ( 'NONE', *, *, #1506, .F. ) ;
#2065 = FACE_OUTER_BOUND ( 'NONE', #155, .T. ) ;
#2066 = DIRECTION ( 'NONE',  ( 0.000000000000000000, 0.000000000000000000, 1.000000000000000000 ) ) ;
#2067 = VERTEX_POINT ( 'NONE', #1090 ) ;
#2068 = ORIENTED_EDGE ( 'NONE', *, *, #1275, .F. ) ;
#2069 = CARTESIAN_POINT ( 'NONE',  ( -4.000000000000001776, 3.799999999999999822, -5.270272631416467846 ) ) ;
#2070 =( BOUNDED_SURFACE ( )  B_SPLINE_SURFACE ( 3, 3, ( 
 ( #1820, #1810, #687, #27 ),
 ( #1352, #344, #1007, #1656 ),
 ( #850, #1997, #694, #1180 ),
 ( #531, #1071, #739, #211 ),
 ( #909, #1699, #1534, #416 ),
 ( #598, #1564, #583, #923 ) ),
 .UNSPECIFIED., .F., .F., .F. ) 
 B_SPLINE_SURFACE_WITH_KNOTS ( ( 4, 1, 1, 4 ),
 ( 4, 4 ),
 ( 0.000000000000000000, 0.4169857378744323828, 0.5359168502399545009, 1.000000000000000000 ),
 ( 0.000000000000000000, 1.000000000000000000 ),
 .UNSPECIFIED. ) 
 GEOMETRIC_REPRESENTATION_ITEM ( )  RATIONAL_B_SPLINE_SURFACE ( (
 ( 1.000000000000000000, 0.8047378541243648264, 0.8047378541243648264, 1.000000000000000000),
 ( 1.000000000000000000, 0.8047378541243648264, 0.8047378541243648264, 1.000000000000000000),
 ( 1.000000000000000000, 0.8047378541243648264, 0.8047378541243648264, 1.000000000000000000),
 ( 1.000000000000000000, 0.8047378541243648264, 0.8047378541243648264, 1.000000000000000000),
 ( 1.000000000000000000, 0.8047378541243648264, 0.8047378541243648264, 1.000000000000000000),
 ( 1.000000000000000000, 0.8047378541243648264, 0.8047378541243648264, 1.000000000000000000) ) ) 
 REPRESENTATION_ITEM ( '' )  SURFACE ( )  );
#2071 = DIRECTION ( 'NONE',  ( 0.000000000000000000, -1.000000000000000000, 0.000000000000000000 ) ) ;
#2072 = B_SPLINE_CURVE_WITH_KNOTS ( 'NONE', 3,
 ( #728, #52, #1049, #2058, #1223, #415 ),
 .UNSPECIFIED., .F., .F.,
 ( 4, 1, 1, 4 ),
 ( 0.000000000000000000, 0.4640831497600454991, 0.5830142621255676172, 1.000000000000000000 ),
 .UNSPECIFIED. ) ;
#2073 = DIRECTION ( 'NONE',  ( 0.000000000000000000, -1.000000000000000000, 0.000000000000000000 ) ) ;
#2074 = CARTESIAN_POINT ( 'NONE',  ( 4.585786437626902412, 0.2499999999999998057, -5.750000000000000888 ) ) ;
#2075 = ORIENTED_EDGE ( 'NONE', *, *, #1859, .F. ) ;
#2076 = VECTOR ( 'NONE', #1811, 1000.000000000000000 ) ;
#2077 = LINE ( 'NONE', #809, #246 ) ;
#2078 = CARTESIAN_POINT ( 'NONE',  ( 1.499999999999998668, 2.169999999999999485, -5.674999999999998046 ) ) ;
#2079 = VERTEX_POINT ( 'NONE', #412 ) ;
#2080 = VECTOR ( 'NONE', #1614, 1000.000000000000000 ) ;
#2081 = CIRCLE ( 'NONE', #674, 0.02999999999999999889 ) ;
#2082 = EDGE_CURVE ( 'NONE', #781, #1712, #1890, .T. ) ;
#2083 = CARTESIAN_POINT ( 'NONE',  ( 4.999999999999997335, 3.550000000000000266, 4.749999999999997335 ) ) ;
#2084 = CARTESIAN_POINT ( 'NONE',  ( 4.828519787169305744, 3.637707095197694862, 4.750000000000002665 ) ) ;
#2085 = DIRECTION ( 'NONE',  ( -0.000000000000000000, 0.000000000000000000, 1.000000000000000000 ) ) ;
#2086 = ADVANCED_BREP_SHAPE_REPRESENTATION ( '', ( #785, #495 ), #1661 ) ;
#2087 = CARTESIAN_POINT ( 'NONE',  ( 4.828519787169306632, 0.1622929048023052101, -4.750000000000000888 ) ) ;
#2088 = ORIENTED_EDGE ( 'NONE', *, *, #1628, .T. ) ;
#2089 = CARTESIAN_POINT ( 'NONE',  ( -4.828519787169308408, 3.637707095197694862, -4.750000000000000000 ) ) ;
#2090 = ORIENTED_EDGE ( 'NONE', *, *, #1039, .F. ) ;
#2091 = EDGE_LOOP ( 'NONE', ( #1154, #1091, #2053, #1233 ) ) ;
#2092 = CARTESIAN_POINT ( 'NONE',  ( 1.574999999999973088, 2.349999999999999645, 5.674999999999998046 ) ) ;
#2093 = EDGE_CURVE ( 'NONE', #1878, #164, #2081, .T. ) ;
#2094 = FACE_OUTER_BOUND ( 'NONE', #1066, .T. ) ;
#2095 = PRODUCT_DEFINITION ( 'UNKNOWN', '', #1697, #866 ) ;
#2096 = CARTESIAN_POINT ( 'NONE',  ( -5.000000000000000888, 3.799999999999999822, -5.750000000000000000 ) ) ;
#2097 = CARTESIAN_POINT ( 'NONE',  ( 4.984225011576271847, 0.2499999999999997780, -4.750000000000001776 ) ) ;
#2098 = DIRECTION ( 'NONE',  ( 0.000000000000000000, -1.000000000000000000, 0.000000000000000000 ) ) ;
#2099 = DIRECTION ( 'NONE',  ( 0.000000000000000000, 0.000000000000000000, 1.000000000000000000 ) ) ;
#2100 = ORIENTED_EDGE ( 'NONE', *, *, #593, .T. ) ;
#2101 = ORIENTED_EDGE ( 'NONE', *, *, #2121, .T. ) ;
#2102 = EDGE_CURVE ( 'NONE', #1902, #1693, #1904, .T. ) ;
#2103 = CARTESIAN_POINT ( 'NONE',  ( 4.999999999999998224, 3.550000000000000266, -4.750000000000000888 ) ) ;
#2104 = B_SPLINE_SURFACE_WITH_KNOTS ( 'NONE', 3, 1, ( 
 ( #891, #602 ),
 ( #1721, #760 ),
 ( #270, #245 ),
 ( #1388, #2087 ),
 ( #1267, #2041 ),
 ( #1409, #565 ) ),
 .UNSPECIFIED., .F., .F., .F.,
 ( 4, 1, 1, 4 ),
 ( 2, 2 ),
 ( 0.000000000000000000, 0.4640831497600454991, 0.5830142621255676172, 1.000000000000000000 ),
 ( 0.000000000000000000, 1.000000000000000000 ),
 .UNSPECIFIED. ) ;
#2105 = CARTESIAN_POINT ( 'NONE',  ( -4.000000000000001776, 3.637707095197694862, -5.578519787169307520 ) ) ;
#2106 = EDGE_CURVE ( 'NONE', #1234, #1099, #919, .T. ) ;
#2107 = LINE ( 'NONE', #626, #2080 ) ;
#2108 = B_SPLINE_CURVE_WITH_KNOTS ( 'NONE', 3,
 ( #1766, #1152, #336, #1462, #659, #1161 ),
 .UNSPECIFIED., .F., .F.,
 ( 4, 1, 1, 4 ),
 ( 0.000000000000000000, 0.4169857378744323828, 0.5359168502399545009, 1.000000000000000000 ),
 .UNSPECIFIED. ) ;
#2109 = ORIENTED_EDGE ( 'NONE', *, *, #962, .F. ) ;
#2110 = EDGE_CURVE ( 'NONE', #839, #137, #986, .T. ) ;
#2111 = CARTESIAN_POINT ( 'NONE',  ( -0.3000000000000000999, 0.02999999999999978725, 1.200000000000000178 ) ) ;
#2112 = VERTEX_POINT ( 'NONE', #1727 ) ;
#2113 = VERTEX_POINT ( 'NONE', #1532 ) ;
#2114 = VECTOR ( 'NONE', #1710, 1000.000000000000000 ) ;
#2115 = CIRCLE ( 'NONE', #1118, 1.000000000000000000 ) ;
#2116 = AXIS2_PLACEMENT_3D ( 'NONE', #135, #1467, #1910 ) ;
#2117 = EDGE_CURVE ( 'NONE', #1468, #341, #949, .T. ) ;
#2118 = DIRECTION ( 'NONE',  ( 0.000000000000000000, -1.000000000000000000, 0.000000000000000000 ) ) ;
#2119 = CARTESIAN_POINT ( 'NONE',  ( 4.000000000000000000, 3.550000000000000266, -5.750000000000000000 ) ) ;
#2120 = CARTESIAN_POINT ( 'NONE',  ( 4.999999999999999112, 0.2499999999999997780, -4.750000000000000888 ) ) ;
#2121 = EDGE_CURVE ( 'NONE', #1957, #839, #1868, .T. ) ;
#2122 = ORIENTED_EDGE ( 'NONE', *, *, #1586, .T. ) ;
#2123 = DIRECTION ( 'NONE',  ( 1.000000000000000000, 0.000000000000000000, 0.000000000000000000 ) ) ;
#2124 =( NAMED_UNIT ( * ) SI_UNIT ( $, .STERADIAN. ) SOLID_ANGLE_UNIT ( ) );
#2125 = ORIENTED_EDGE ( 'NONE', *, *, #1733, .T. ) ;
#2126 = ORIENTED_EDGE ( 'NONE', *, *, #269, .T. ) ;
#2127 = CARTESIAN_POINT ( 'NONE',  ( 4.520272631416468734, 3.799999999999999822, 4.749999999999997335 ) ) ;
#2128 = DIRECTION ( 'NONE',  ( 1.694065894508600432E-16, -1.000000000000000000, 0.000000000000000000 ) ) ;
#2129 = DIRECTION ( 'NONE',  ( 0.000000000000000000, 1.000000000000000000, 0.000000000000000000 ) ) ;
#2130 = ORIENTED_EDGE ( 'NONE', *, *, #1416, .T. ) ;
#2131 = CARTESIAN_POINT ( 'NONE',  ( 1.574999999999973754, 0.2499999999999997780, 5.742592785759252472 ) ) ;
#2132 = DIRECTION ( 'NONE',  ( 0.000000000000000000, -0.000000000000000000, 1.000000000000000000 ) ) ;
#2133 = NEXT_ASSEMBLY_USAGE_OCCURRENCE ( 'NAUO1', ' ', ' ', #1774, #629, $ ) ;
#2134 = NEXT_ASSEMBLY_USAGE_OCCURRENCE ( 'NAUO2', ' ', ' ', #1774, #2095, $ ) ;
#2135 = NEXT_ASSEMBLY_USAGE_OCCURRENCE ( 'NAUO3', ' ', ' ', #1774, #2095, $ ) ;
ENDSEC;
END-ISO-10303-21;
