ISO-10303-21;
HEADER;
FILE_DESCRIPTION (( 'STEP AP214' ),
    '1' );
FILE_NAME ('FXL0530.step',
    '2026-09-01T13:26:31',
    ( '' ),
    ( '' ),
    'SwSTEP 2.0',
    'SolidWorks 2025',
    '' );
FILE_SCHEMA (( 'AUTOMOTIVE_DESIGN' ));
ENDSEC;

DATA;
#1 = CARTESIAN_POINT ( 'NONE',  ( -1.209999999999999742, 0.1000000000000000056, -2.641050166233642749 ) ) ;
#2 = ORIENTED_EDGE ( 'NONE', *, *, #185, .F. ) ;
#3 = CARTESIAN_POINT ( 'NONE',  ( -2.297478593680252867, 2.782300788351221854, -2.551259182034469664 ) ) ;
#4 = VERTEX_POINT ( 'NONE', #345 ) ;
#5 = CARTESIAN_POINT ( 'NONE',  ( -2.244179906321773110, 0.000000000000000000, -2.460272631416467348 ) ) ;
#6 = AXIS2_PLACEMENT_3D ( 'NONE', #531, #493, #341 ) ;
#7 = VECTOR ( 'NONE', #1391, 1000.000000000000000 ) ;
#8 = CARTESIAN_POINT ( 'NONE',  ( -2.451259182034471795, 2.782300788351221854, -2.180000000000000604 ) ) ;
#9 = CARTESIAN_POINT ( 'NONE',  ( 2.599999999999998312, 0.1299999999999998934, -2.180000000000001048 ) ) ;
#10 = VERTEX_POINT ( 'NONE', #2033 ) ;
#11 = CARTESIAN_POINT ( 'NONE',  ( 0.02000000000000017042, -1.359999999999999876, 0.000000000000000000 ) ) ;
#12 = VERTEX_POINT ( 'NONE', #849 ) ;
#13 = ORIENTED_EDGE ( 'NONE', *, *, #781, .T. ) ;
#14 = CARTESIAN_POINT ( 'NONE',  ( -2.080000000000000515, 2.669999999999999929, 2.699999999999997957 ) ) ;
#15 = B_SPLINE_CURVE_WITH_KNOTS ( 'NONE', 3,
 ( #817, #526, #211, #2005 ),
 .UNSPECIFIED., .F., .F.,
 ( 4, 4 ),
 ( 4.910804546211189694E-19, 5.585069730138693552E-05 ),
 .UNSPECIFIED. ) ;
#16 = CIRCLE ( 'NONE', #1069, 0.02000000000000000389 ) ;
#17 = DIRECTION ( 'NONE',  ( 1.000000000000000000, 0.000000000000000000, -1.877406359282259082E-16 ) ) ;
#18 = CARTESIAN_POINT ( 'NONE',  ( 1.209999999999999298, 0.1000000000000000056, 1.279999999999998694 ) ) ;
#19 = CARTESIAN_POINT ( 'NONE',  ( 2.360272631416466371, 2.799999999999999822, 2.179999999999998384 ) ) ;
#20 = ORIENTED_EDGE ( 'NONE', *, *, #1235, .F. ) ;
#21 = EDGE_LOOP ( 'NONE', ( #333, #779, #2102, #1891 ) ) ;
#22 = CARTESIAN_POINT ( 'NONE',  ( 2.080000000000000515, 2.669999999999999929, -2.700000000000000622 ) ) ;
#23 = LINE ( 'NONE', #1015, #300 ) ;
#24 = CARTESIAN_POINT ( 'NONE',  ( 1.155000000000003579, 1.699999999999999956, 2.649999999999997691 ) ) ;
#25 = CARTESIAN_POINT ( 'NONE',  ( 2.079999999999998295, 2.670000000000000373, -2.700000000000001066 ) ) ;
#26 = CARTESIAN_POINT ( 'NONE',  ( 2.339999999999997637, 2.799999999999999822, 2.179999999999998384 ) ) ;
#27 = CARTESIAN_POINT ( 'NONE',  ( -2.340000000000001634, 0.000000000000000000, -2.180000000000000604 ) ) ;
#28 = ORIENTED_EDGE ( 'NONE', *, *, #595, .F. ) ;
#29 = CARTESIAN_POINT ( 'NONE',  ( -2.600000000000002753, 2.670000000000000373, -2.484608947565991155 ) ) ;
#30 = DIRECTION ( 'NONE',  ( -1.000000000000000000, 0.000000000000000000, -0.000000000000000000 ) ) ;
#31 = DIRECTION ( 'NONE',  ( 1.000000000000000000, -6.776263578034402713E-17, 0.000000000000000000 ) ) ;
#32 = VECTOR ( 'NONE', #1202, 1000.000000000000000 ) ;
#33 = CARTESIAN_POINT ( 'NONE',  ( -2.080000000000000515, 0.1299999999999998934, 2.699999999999997957 ) ) ;
#34 = CARTESIAN_POINT ( 'NONE',  ( 0.02000000000000016695, -1.379999999999999893, 2.200000000000000178 ) ) ;
#35 = DIRECTION ( 'NONE',  ( 0.000000000000000000, 0.000000000000000000, 1.000000000000000000 ) ) ;
#36 = ORIENTED_EDGE ( 'NONE', *, *, #1379, .T. ) ;
#37 = CARTESIAN_POINT ( 'NONE',  ( -2.384608947565992842, 2.670000000000000373, -2.700000000000000178 ) ) ;
#38 = CARTESIAN_POINT ( 'NONE',  ( -2.600000000000001421, 2.670000000000000373, 2.484608947565988046 ) ) ;
#39 = STYLED_ITEM ( 'NONE', ( #627 ), #620 ) ;
#40 = CARTESIAN_POINT ( 'NONE',  ( 1.209999999999999520, 0.000000000000000000, -1.279999999999998916 ) ) ;
#41 = EDGE_CURVE ( 'NONE', #170, #1356, #1021, .T. ) ;
#42 = ADVANCED_FACE ( 'NONE', ( #1518 ), #99, .F. ) ;
#43 = EDGE_CURVE ( 'NONE', #209, #647, #253, .T. ) ;
#44 = CARTESIAN_POINT ( 'NONE',  ( 1.099999999999999645, 1.579999999999999849, -2.649999999999997247 ) ) ;
#45 = EDGE_CURVE ( 'NONE', #1444, #1126, #2106, .T. ) ;
#46 = PLANE ( 'NONE',  #1875 ) ;
#47 = VECTOR ( 'NONE', #1097, 1000.000000000000000 ) ;
#48 = DIRECTION ( 'NONE',  ( 1.000000000000000000, 0.000000000000000000, 0.000000000000000000 ) ) ;
#49 = AXIS2_PLACEMENT_3D ( 'NONE', #1249, #216, #382 ) ;
#50 = FACE_OUTER_BOUND ( 'NONE', #1612, .T. ) ;
#51 = ADVANCED_FACE ( 'NONE', ( #100 ), #1047, .F. ) ;
#52 = FACE_OUTER_BOUND ( 'NONE', #992, .T. ) ;
#53 = CARTESIAN_POINT ( 'NONE',  ( -2.080000000000001403, 0.1299999999999998934, -2.699999999999997957 ) ) ;
#54 = CARTESIAN_POINT ( 'NONE',  ( -1.154999999999996474, 0.1299999999999994771, 2.691568531934235509 ) ) ;
#55 = CARTESIAN_POINT ( 'NONE',  ( -2.080000000000000515, 2.670000000000000373, 2.684225011576270692 ) ) ;
#56 = CARTESIAN_POINT ( 'NONE',  ( -2.340000000000001634, 2.799999999999999822, -2.180000000000000604 ) ) ;
#57 = CARTESIAN_POINT ( 'NONE',  ( 2.080000000000000515, 0.08439231049719866928, -2.612239872198208079 ) ) ;
#58 = EDGE_CURVE ( 'NONE', #966, #83, #2073, .T. ) ;
#59 = CARTESIAN_POINT ( 'NONE',  ( 2.080000000000000515, 0.000000000000000000, -2.439999999999998170 ) ) ;
#60 = B_SPLINE_CURVE_WITH_KNOTS ( 'NONE', 3,
 ( #1006, #1688, #1521, #676, #1366, #2075 ),
 .UNSPECIFIED., .F., .F.,
 ( 4, 1, 1, 4 ),
 ( 0.000000000000000000, 0.4640831497600452771, 0.5830142621255670621, 1.000000000000000000 ),
 .UNSPECIFIED. ) ;
#61 = CARTESIAN_POINT ( 'NONE',  ( -2.360272631416468148, 0.000000000000000000, 2.179999999999997939 ) ) ;
#62 = VERTEX_POINT ( 'NONE', #564 ) ;
#63 = CARTESIAN_POINT ( 'NONE',  ( 2.339999999999998970, 0.000000000000000000, -2.180000000000001492 ) ) ;
#64 = DIRECTION ( 'NONE',  ( -1.000000000000000000, 0.000000000000000000, 0.000000000000000000 ) ) ;
#65 = CARTESIAN_POINT ( 'NONE',  ( 1.209999999999999520, 0.000000000000000000, -1.279999999999998916 ) ) ;
#66 = CARTESIAN_POINT ( 'NONE',  ( -2.080000000000000515, 2.669999999999999929, 2.699999999999997957 ) ) ;
#67 = SHAPE_REPRESENTATION_RELATIONSHIP ( 'NONE' , 'NONE' ,  #239, #198 ) ;
#68 = DIRECTION ( 'NONE',  ( 1.000000000000000000, 0.000000000000000000, 0.000000000000000000 ) ) ;
#69 = EDGE_CURVE ( 'NONE', #1929, #857, #234, .T. ) ;
#70 = CARTESIAN_POINT ( 'NONE',  ( 1.209999999999999520, 0.000000000000000000, 2.460272631416465572 ) ) ;
#71 = ORIENTED_EDGE ( 'NONE', *, *, #544, .T. ) ;
#72 = CYLINDRICAL_SURFACE ( 'NONE', #657, 0.02000000000000000389 ) ;
#73 = VERTEX_POINT ( 'NONE', #1756 ) ;
#74 = CARTESIAN_POINT ( 'NONE',  ( 2.360272631416465483, 0.000000000000000000, -2.344179906321772755 ) ) ;
#75 = CARTESIAN_POINT ( 'NONE',  ( 2.339999999999999414, 0.000000000000000000, 2.179999999999998384 ) ) ;
#76 = CARTESIAN_POINT ( 'NONE',  ( -2.600000000000000977, 0.1299999999999994771, 2.179999999999998828 ) ) ;
#77 = ORIENTED_EDGE ( 'NONE', *, *, #1796, .F. ) ;
#78 = DIRECTION ( 'NONE',  ( -0.000000000000000000, 1.000000000000000000, -0.000000000000000000 ) ) ;
#79 =( LENGTH_UNIT ( ) NAMED_UNIT ( * ) SI_UNIT ( .MILLI., .METRE. ) );
#80 = LINE ( 'NONE', #1044, #1586 ) ;
#81 = UNCERTAINTY_MEASURE_WITH_UNIT (LENGTH_MEASURE( 1.000000000000000082E-05 ), #1977, 'distance_accuracy_value', 'NONE');
#82 = CARTESIAN_POINT ( 'NONE',  ( 2.080000000000000515, 2.799999999999999822, -2.460272631416465572 ) ) ;
#83 = VERTEX_POINT ( 'NONE', #1767 ) ;
#84 = AXIS2_PLACEMENT_3D ( 'NONE', #870, #724, #879 ) ;
#85 = VECTOR ( 'NONE', #551, 1000.000000000000000 ) ;
#86 = DIRECTION ( 'NONE',  ( -0.000000000000000000, -0.000000000000000000, -1.000000000000000000 ) ) ;
#87 = ORIENTED_EDGE ( 'NONE', *, *, #1470, .F. ) ;
#88 = CARTESIAN_POINT ( 'NONE',  ( -8.673617379884035472E-16, 0.1000000000000000056, 2.641050166233642749 ) ) ;
#89 = DIRECTION ( 'NONE',  ( 0.000000000000000000, 0.000000000000000000, 1.000000000000000000 ) ) ;
#90 = CARTESIAN_POINT ( 'NONE',  ( -1.210000000000000187, 0.1000000000000000056, 2.641050166233641860 ) ) ;
#91 = ORIENTED_EDGE ( 'NONE', *, *, #1421, .T. ) ;
#92 = LINE ( 'NONE', #1467, #775 ) ;
#93 = APPLICATION_PROTOCOL_DEFINITION ( 'draft international standard', 'automotive_design', 1998, #682 ) ;
#94 = CARTESIAN_POINT ( 'NONE',  ( 1.209999999999999520, 0.1000000000000000056, -1.279999999999998916 ) ) ;
#95 = LINE ( 'NONE', #763, #650 ) ;
#96 = VECTOR ( 'NONE', #157, 1000.000000000000000 ) ;
#97 = ORIENTED_EDGE ( 'NONE', *, *, #677, .F. ) ;
#98 = CARTESIAN_POINT ( 'NONE',  ( -2.360272631416468148, 2.799999999999999822, 2.179999999999998828 ) ) ;
#99 =( BOUNDED_SURFACE ( )  B_SPLINE_SURFACE ( 3, 3, ( 
 ( #210, #37, #29, #858 ),
 ( #711, #1014, #1198, #1698 ),
 ( #2039, #365, #1706, #189 ),
 ( #543, #3, #1882, #1181 ),
 ( #1531, #1551, #2098, #1052 ),
 ( #722, #1400, #898, #578 ) ),
 .UNSPECIFIED., .F., .F., .F. ) 
 B_SPLINE_SURFACE_WITH_KNOTS ( ( 4, 1, 1, 4 ),
 ( 4, 4 ),
 ( 0.000000000000000000, 0.4169857378744329379, 0.5359168502399547229, 1.000000000000000000 ),
 ( 0.000000000000000000, 1.000000000000000000 ),
 .UNSPECIFIED. ) 
 GEOMETRIC_REPRESENTATION_ITEM ( )  RATIONAL_B_SPLINE_SURFACE ( (
 ( 1.000000000000000000, 0.8047378541243652705, 0.8047378541243652705, 1.000000000000000000),
 ( 1.000000000000000000, 0.8047378541243652705, 0.8047378541243652705, 1.000000000000000000),
 ( 1.000000000000000000, 0.8047378541243652705, 0.8047378541243652705, 1.000000000000000000),
 ( 1.000000000000000000, 0.8047378541243652705, 0.8047378541243652705, 1.000000000000000000),
 ( 1.000000000000000000, 0.8047378541243652705, 0.8047378541243652705, 1.000000000000000000),
 ( 1.000000000000000000, 0.8047378541243652705, 0.8047378541243652705, 1.000000000000000000) ) ) 
 REPRESENTATION_ITEM ( '' )  SURFACE ( )  );
#100 = FACE_OUTER_BOUND ( 'NONE', #1607, .T. ) ;
#101 = DIRECTION ( 'NONE',  ( -1.000000000000000000, 0.000000000000000000, 0.000000000000000000 ) ) ;
#102 = VERTEX_POINT ( 'NONE', #265 ) ;
#103 = CARTESIAN_POINT ( 'NONE',  ( 2.339999999999998526, 2.799999999999999822, -2.180000000000001048 ) ) ;
#104 = CARTESIAN_POINT ( 'NONE',  ( 2.451259182034469131, 2.782300788351221854, 2.179999999999998384 ) ) ;
#105 = CARTESIAN_POINT ( 'NONE',  ( -2.079999999999999627, 0.01769921164877829092, -2.551259182034467887 ) ) ;
#106 = CARTESIAN_POINT ( 'NONE',  ( 2.339999999999998526, 0.000000000000000000, -2.180000000000001048 ) ) ;
#107 = ORIENTED_EDGE ( 'NONE', *, *, #185, .T. ) ;
#108 = VECTOR ( 'NONE', #2068, 1000.000000000000000 ) ;
#109 = DIRECTION ( 'NONE',  ( 0.000000000000000000, -1.000000000000000000, 0.000000000000000000 ) ) ;
#110 = ORIENTED_EDGE ( 'NONE', *, *, #1100, .F. ) ;
#111 = CARTESIAN_POINT ( 'NONE',  ( -2.451259182034470907, 0.01769921164877829092, 2.179999999999998828 ) ) ;
#112 = VERTEX_POINT ( 'NONE', #427 ) ;
#113 = CARTESIAN_POINT ( 'NONE',  ( 2.360272631416465483, 2.799999999999999822, -2.180000000000001492 ) ) ;
#114 = EDGE_CURVE ( 'NONE', #740, #73, #767, .T. ) ;
#115 = EDGE_CURVE ( 'NONE', #1588, #170, #1454, .T. ) ;
#116 = CARTESIAN_POINT ( 'NONE',  ( 2.599999999999997424, 2.669999999999999929, 2.179999999999998384 ) ) ;
#117 = AXIS2_PLACEMENT_3D ( 'NONE', #1761, #571, #246 ) ;
#118 = EDGE_CURVE ( 'NONE', #273, #1024, #222, .T. ) ;
#119 = CARTESIAN_POINT ( 'NONE',  ( 2.339999999999998526, 0.000000000000000000, -2.332304473782996546 ) ) ;
#120 = ORIENTED_EDGE ( 'NONE', *, *, #118, .F. ) ;
#121 = CARTESIAN_POINT ( 'NONE',  ( 1.155000000000003579, 1.699999999999999956, 2.699999999999997513 ) ) ;
#122 = B_SPLINE_SURFACE_WITH_KNOTS ( 'NONE', 3, 1, ( 
 ( #974, #1987 ),
 ( #1792, #1828 ),
 ( #1309, #1975 ),
 ( #2159, #1999 ),
 ( #441, #1471 ),
 ( #1953, #134 ) ),
 .UNSPECIFIED., .F., .F., .F.,
 ( 4, 1, 1, 4 ),
 ( 2, 2 ),
 ( 0.000000000000000000, 0.4640831497600452771, 0.5830142621255670621, 1.000000000000000000 ),
 ( 0.000000000000000000, 1.000000000000000000 ),
 .UNSPECIFIED. ) ;
#123 = ORIENTED_EDGE ( 'NONE', *, *, #758, .T. ) ;
#124 = VECTOR ( 'NONE', #1719, 1000.000000000000000 ) ;
#125 = SURFACE_SIDE_STYLE ('',( #1682 ) ) ;
#126 = EDGE_CURVE ( 'NONE', #681, #1592, #1703, .T. ) ;
#127 = CARTESIAN_POINT ( 'NONE',  ( 2.079999999999997407, 2.799999999999999822, 2.439999999999996838 ) ) ;
#128 = EDGE_LOOP ( 'NONE', ( #750, #524, #611, #1687 ) ) ;
#129 = CARTESIAN_POINT ( 'NONE',  ( -2.600000000000000533, 0.1299999999999998934, 2.179999999999997939 ) ) ;
#130 = CONTEXT_DEPENDENT_SHAPE_REPRESENTATION ( #1428, #630 ) ;
#131 = CARTESIAN_POINT ( 'NONE',  ( 2.599999999999997868, 0.1299999999999994771, 2.180000000000000604 ) ) ;
#132 = CARTESIAN_POINT ( 'NONE',  ( -2.080000000000001403, 0.000000000000000000, -2.439999999999998170 ) ) ;
#133 = ORIENTED_EDGE ( 'NONE', *, *, #439, .T. ) ;
#134 = CARTESIAN_POINT ( 'NONE',  ( 2.079999999999999627, 0.1299999999999994771, 2.699999999999998401 ) ) ;
#135 = ORIENTED_EDGE ( 'NONE', *, *, #643, .T. ) ;
#136 = CARTESIAN_POINT ( 'NONE',  ( -2.079999999999999627, 2.799999999999999822, -2.460272631416465572 ) ) ;
#137 = CARTESIAN_POINT ( 'NONE',  ( 2.079999999999999627, 0.01769921164877829092, 2.551259182034467887 ) ) ;
#138 = ORIENTED_EDGE ( 'NONE', *, *, #502, .T. ) ;
#139 = DIRECTION ( 'NONE',  ( 0.000000000000000000, -0.000000000000000000, 1.000000000000000000 ) ) ;
#140 = CARTESIAN_POINT ( 'NONE',  ( 0.02000000000000020511, -1.580000000000000071, 2.200000000000000178 ) ) ;
#141 = CARTESIAN_POINT ( 'NONE',  ( -2.600000000000001421, 2.669999999999999929, -2.180000000000000604 ) ) ;
#142 = ADVANCED_FACE ( 'NONE', ( #1786 ), #1150, .T. ) ;
#143 = VERTEX_POINT ( 'NONE', #140 ) ;
#144 = EDGE_CURVE ( 'NONE', #1784, #1585, #293, .T. ) ;
#145 = CARTESIAN_POINT ( 'NONE',  ( 1.155000000000003579, 0.1198625164961195227, 2.671642991825625035 ) ) ;
#146 = VERTEX_POINT ( 'NONE', #1486 ) ;
#147 = AXIS2_PLACEMENT_3D ( 'NONE', #1556, #698, #689 ) ;
#148 =( LENGTH_UNIT ( ) NAMED_UNIT ( * ) SI_UNIT ( .MILLI., .METRE. ) );
#149 = ADVANCED_FACE ( 'NONE', ( #1306 ), #458, .F. ) ;
#150 = CARTESIAN_POINT ( 'NONE',  ( 2.079999999999997407, 2.799999999999999822, 2.460272631416464240 ) ) ;
#151 = EDGE_LOOP ( 'NONE', ( #1541, #606, #770, #2019 ) ) ;
#152 = PLANE ( 'NONE',  #1031 ) ;
#153 = AXIS2_PLACEMENT_3D ( 'NONE', #1130, #1657, #1268 ) ;
#154 = CARTESIAN_POINT ( 'NONE',  ( -2.080000000000000515, 2.670000000000000373, 2.684225011576270692 ) ) ;
#155 = CARTESIAN_POINT ( 'NONE',  ( -2.080000000000001403, 2.715607689502801403, -2.612239872198210300 ) ) ;
#156 = VERTEX_POINT ( 'NONE', #796 ) ;
#157 = DIRECTION ( 'NONE',  ( -1.606225440719266367E-16, 0.000000000000000000, -1.000000000000000000 ) ) ;
#158 = ORIENTED_EDGE ( 'NONE', *, *, #2101, .F. ) ;
#159 = CARTESIAN_POINT ( 'NONE',  ( 2.079999999999999627, 0.1299999999999998934, 2.699999999999997957 ) ) ;
#160 = VERTEX_POINT ( 'NONE', #787 ) ;
#161 = CARTESIAN_POINT ( 'NONE',  ( -2.333200254935300144, 0.08439231049719868316, -2.612239872198209856 ) ) ;
#162 = AXIS2_PLACEMENT_3D ( 'NONE', #213, #367, #1225 ) ;
#163 = VECTOR ( 'NONE', #1407, 1000.000000000000000 ) ;
#164 = AXIS2_PLACEMENT_3D ( 'NONE', #572, #584, #1092 ) ;
#165 = ADVANCED_FACE ( 'NONE', ( #981 ), #1595, .F. ) ;
#166 = FACE_OUTER_BOUND ( 'NONE', #451, .T. ) ;
#167 = CARTESIAN_POINT ( 'NONE',  ( 2.339999999999998970, 2.799999999999999822, -2.180000000000001492 ) ) ;
#168 = VERTEX_POINT ( 'NONE', #2145 ) ;
#169 = CARTESIAN_POINT ( 'NONE',  ( 2.339999999999997637, 2.799999999999999822, 2.180000000000000604 ) ) ;
#170 = VERTEX_POINT ( 'NONE', #1634 ) ;
#171 = EDGE_LOOP ( 'NONE', ( #1847, #285, #575, #107 ) ) ;
#172 = ORIENTED_EDGE ( 'NONE', *, *, #691, .F. ) ;
#173 = LINE ( 'NONE', #510, #714 ) ;
#174 = AXIS2_PLACEMENT_3D ( 'NONE', #603, #789, #2137 ) ;
#175 = CARTESIAN_POINT ( 'NONE',  ( -2.080000000000001403, 2.799999999999999822, -2.439999999999998170 ) ) ;
#176 = DIRECTION ( 'NONE',  ( 1.000000000000000000, 0.000000000000000000, 0.000000000000000000 ) ) ;
#177 = ORIENTED_EDGE ( 'NONE', *, *, #1216, .T. ) ;
#178 = CARTESIAN_POINT ( 'NONE',  ( -2.232304473782997345, 0.000000000000000000, -2.440000000000000835 ) ) ;
#179 = ORIENTED_EDGE ( 'NONE', *, *, #1849, .F. ) ;
#180 = VERTEX_POINT ( 'NONE', #471 ) ;
#181 = AXIS2_PLACEMENT_3D ( 'NONE', #11, #207, #2047 ) ;
#182 = LINE ( 'NONE', #519, #1104 ) ;
#183 = EDGE_CURVE ( 'NONE', #1952, #812, #678, .T. ) ;
#184 = CARTESIAN_POINT ( 'NONE',  ( 2.080000000000000515, 2.799999999999999822, -2.440000000000000835 ) ) ;
#185 = EDGE_CURVE ( 'NONE', #170, #1185, #601, .T. ) ;
#186 = CARTESIAN_POINT ( 'NONE',  ( 2.512239872198208435, 2.715607689502801403, -2.180000000000001492 ) ) ;
#187 = LINE ( 'NONE', #2031, #375 ) ;
#188 = ORIENTED_EDGE ( 'NONE', *, *, #757, .F. ) ;
#189 = CARTESIAN_POINT ( 'NONE',  ( -2.512239872198211543, 2.715607689502801403, -2.180000000000000160 ) ) ;
#190 = CARTESIAN_POINT ( 'NONE',  ( -2.333200254935298812, 2.715607689502801403, 2.612239872198207635 ) ) ;
#191 = FACE_OUTER_BOUND ( 'NONE', #924, .T. ) ;
#192 = VECTOR ( 'NONE', #1148, 1000.000000000000000 ) ;
#193 = FACE_OUTER_BOUND ( 'NONE', #199, .T. ) ;
#194 = CARTESIAN_POINT ( 'NONE',  ( 2.297478593680248427, 2.782300788351221854, -2.551259182034470996 ) ) ;
#195 = PLANE ( 'NONE',  #928 ) ;
#196 = B_SPLINE_CURVE_WITH_KNOTS ( 'NONE', 3,
 ( #940, #1790, #155, #818, #1985, #1624 ),
 .UNSPECIFIED., .F., .F.,
 ( 4, 1, 1, 4 ),
 ( 0.000000000000000000, 0.4169857378744329379, 0.5359168502399547229, 1.000000000000000000 ),
 .UNSPECIFIED. ) ;
#197 = CARTESIAN_POINT ( 'NONE',  ( 2.079999999999999627, 2.670000000000000373, 2.699999999999998401 ) ) ;
#198 = ADVANCED_BREP_SHAPE_REPRESENTATION ( '', ( #1451, #1499 ), #994 ) ;
#199 = EDGE_LOOP ( 'NONE', ( #1669, #1900, #2158, #1142 ) ) ;
#200 = ORIENTED_EDGE ( 'NONE', *, *, #1618, .F. ) ;
#201 = LINE ( 'NONE', #1726, #393 ) ;
#202 = FACE_OUTER_BOUND ( 'NONE', #788, .T. ) ;
#203 = DIRECTION ( 'NONE',  ( 0.000000000000000000, 0.000000000000000000, 1.000000000000000000 ) ) ;
#204 = CARTESIAN_POINT ( 'NONE',  ( 2.080000000000000515, 0.1299999999999994771, -2.684225011576270692 ) ) ;
#205 = DIRECTION ( 'NONE',  ( 0.000000000000000000, -1.000000000000000000, 0.000000000000000000 ) ) ;
#206 = ADVANCED_FACE ( 'NONE', ( #774 ), #971, .F. ) ;
#207 = DIRECTION ( 'NONE',  ( 0.000000000000000000, 0.000000000000000000, 1.000000000000000000 ) ) ;
#208 = EDGE_CURVE ( 'NONE', #559, #335, #1948, .T. ) ;
#209 = VERTEX_POINT ( 'NONE', #608 ) ;
#210 = CARTESIAN_POINT ( 'NONE',  ( -2.080000000000001847, 2.670000000000000373, -2.700000000000001066 ) ) ;
#211 = CARTESIAN_POINT ( 'NONE',  ( 1.155000000000003579, 0.1299999999999994771, -2.691568531935131237 ) ) ;
#212 = EDGE_CURVE ( 'NONE', #581, #1929, #712, .T. ) ;
#213 = CARTESIAN_POINT ( 'NONE',  ( -0.2000000000000000389, -7.634590297918759979E-17, 0.8799999999999998934 ) ) ;
#214 = COLOUR_RGB ( '',0.8941176470588234615, 0.9137254901960784048, 0.9294117647058823817 ) ;
#215 = CARTESIAN_POINT ( 'NONE',  ( 0.000000000000000000, 0.000000000000000000, 0.000000000000000000 ) ) ;
#216 = DIRECTION ( 'NONE',  ( 0.000000000000000000, -1.000000000000000000, 0.000000000000000000 ) ) ;
#217 = AXIS2_PLACEMENT_3D ( 'NONE', #1893, #1365, #696 ) ;
#218 = CARTESIAN_POINT ( 'NONE',  ( 2.080000000000000515, 0.000000000000000000, -2.440000000000000835 ) ) ;
#219 = CARTESIAN_POINT ( 'NONE',  ( -2.232304473782996013, 0.000000000000000000, 2.439999999999997726 ) ) ;
#220 = PLANE ( 'NONE',  #1209 ) ;
#221 = VERTEX_POINT ( 'NONE', #535 ) ;
#222 = LINE ( 'NONE', #932, #1489 ) ;
#223 = DIRECTION ( 'NONE',  ( 1.000000000000000000, -9.035018104045870694E-17, -0.000000000000000000 ) ) ;
#224 = CARTESIAN_POINT ( 'NONE',  ( -0.2000000000000000111, -2.441447906791807820E-17, 0.8799999999999998934 ) ) ;
#225 = EDGE_CURVE ( 'NONE', #1716, #951, #1054, .T. ) ;
#226 = B_SPLINE_CURVE_WITH_KNOTS ( 'NONE', 3,
 ( #236, #1923, #409, #933 ),
 .UNSPECIFIED., .F., .F.,
 ( 4, 4 ),
 ( 4.370558682921689079E-19, 5.598802588361428262E-05 ),
 .UNSPECIFIED. ) ;
#227 = FACE_OUTER_BOUND ( 'NONE', #1155, .T. ) ;
#228 = ADVANCED_FACE ( 'NONE', ( #2169 ), #1498, .T. ) ;
#229 = CARTESIAN_POINT ( 'NONE',  ( 1.209999999999999298, 0.1000000000000000056, 1.279999999999998694 ) ) ;
#230 = AXIS2_PLACEMENT_3D ( 'NONE', #1925, #68, #880 ) ;
#231 = CARTESIAN_POINT ( 'NONE',  ( 0.02000000000000002470, 0.2199999999999999178, 0.8799999999999998934 ) ) ;
#232 = CARTESIAN_POINT ( 'NONE',  ( -2.340000000000000746, 0.000000000000000000, 2.179999999999997939 ) ) ;
#233 = EDGE_LOOP ( 'NONE', ( #2010, #36, #2142, #1310, #492, #867, #588, #467 ) ) ;
#234 = LINE ( 'NONE', #1921, #1772 ) ;
#235 = CARTESIAN_POINT ( 'NONE',  ( 2.512239872198208879, 0.08439231049719866928, 2.179999999999998384 ) ) ;
#236 = CARTESIAN_POINT ( 'NONE',  ( -1.154999999999996696, 0.1299999999999998934, -2.699999999999997957 ) ) ;
#237 = CARTESIAN_POINT ( 'NONE',  ( 2.232304473782991572, 0.000000000000000000, 2.439999999999997726 ) ) ;
#238 = CARTESIAN_POINT ( 'NONE',  ( 2.079999999999998295, 2.799999999999999822, -2.180000000000000604 ) ) ;
#239 = SHAPE_REPRESENTATION ( '\X2\96f64ef6\X0\2_\X2\9ed88ba4\X0\', ( #1499 ), #994 ) ;
#240 = ORIENTED_EDGE ( 'NONE', *, *, #1218, .T. ) ;
#241 = DIRECTION ( 'NONE',  ( -1.606225440719266367E-16, -0.000000000000000000, -1.000000000000000000 ) ) ;
#242 = CARTESIAN_POINT ( 'NONE',  ( 2.079999999999998295, 0.000000000000000000, -2.460272631416468236 ) ) ;
#243 = CARTESIAN_POINT ( 'NONE',  ( -2.340000000000001190, 2.800000000000000266, 2.332304473782993437 ) ) ;
#244 = LINE ( 'NONE', #65, #859 ) ;
#245 = CARTESIAN_POINT ( 'NONE',  ( 1.155000000000003579, 1.699999999999999956, -2.649999999999997691 ) ) ;
#246 = DIRECTION ( 'NONE',  ( -6.938893903907228378E-18, -2.295939601195177286E-16, -1.000000000000000222 ) ) ;
#247 = VECTOR ( 'NONE', #1574, 1000.000000000000000 ) ;
#248 = DIRECTION ( 'NONE',  ( 0.000000000000000000, 0.000000000000000000, 1.000000000000000000 ) ) ;
#249 = VECTOR ( 'NONE', #48, 1000.000000000000000 ) ;
#250 = CYLINDRICAL_SURFACE ( 'NONE', #954, 0.02000000000000002817 ) ;
#251 = ORIENTED_EDGE ( 'NONE', *, *, #1289, .F. ) ;
#252 = CARTESIAN_POINT ( 'NONE',  ( -2.360272631416469036, 2.799999999999999822, -2.180000000000000604 ) ) ;
#253 = LINE ( 'NONE', #88, #1983 ) ;
#254 = CARTESIAN_POINT ( 'NONE',  ( -2.451259182034470463, 2.782300788351221854, 2.397478593680248959 ) ) ;
#255 = PLANE ( 'NONE',  #1744 ) ;
#256 = ORIENTED_EDGE ( 'NONE', *, *, #1728, .T. ) ;
#257 = DIRECTION ( 'NONE',  ( 0.000000000000000000, -1.000000000000000000, 0.000000000000000000 ) ) ;
#258 = LINE ( 'NONE', #94, #339 ) ;
#259 = PRODUCT_DEFINITION_CONTEXT ( 'detailed design', #1635, 'design' ) ;
#260 = CARTESIAN_POINT ( 'NONE',  ( -1.154999999999996696, 1.699999999999999956, 2.699999999999997957 ) ) ;
#261 = VERTEX_POINT ( 'NONE', #22 ) ;
#262 = CIRCLE ( 'NONE', #1887, 0.02000000000000002817 ) ;
#263 = VECTOR ( 'NONE', #392, 1000.000000000000000 ) ;
#264 = CARTESIAN_POINT ( 'NONE',  ( 2.339999999999999414, 2.799999999999999822, 2.179999999999998384 ) ) ;
#265 = CARTESIAN_POINT ( 'NONE',  ( 1.660184576618428665E-16, -1.359999999999999876, 2.200000000000000178 ) ) ;
#266 = CARTESIAN_POINT ( 'NONE',  ( -1.210000000000000187, 0.08908390417750451651, 2.624948717045785695 ) ) ;
#267 = ORIENTED_EDGE ( 'NONE', *, *, #304, .T. ) ;
#268 = LINE ( 'NONE', #66, #598 ) ;
#269 = CARTESIAN_POINT ( 'NONE',  ( 2.079999999999997407, 0.000000000000000000, 2.460272631416464240 ) ) ;
#270 = DIRECTION ( 'NONE',  ( -0.000000000000000000, -0.000000000000000000, -1.000000000000000000 ) ) ;
#271 = AXIS2_PLACEMENT_3D ( 'NONE', #1299, #461, #1670 ) ;
#272 = CARTESIAN_POINT ( 'NONE',  ( -2.080000000000000515, 2.799999999999999822, 2.439999999999998170 ) ) ;
#273 = VERTEX_POINT ( 'NONE', #1571 ) ;
#274 = CARTESIAN_POINT ( 'NONE',  ( 0.02000000000000016695, -1.379999999999999893, 2.200000000000000178 ) ) ;
#275 = ORIENTED_EDGE ( 'NONE', *, *, #212, .T. ) ;
#276 = DIRECTION ( 'NONE',  ( -1.000000000000000000, 0.000000000000000000, -0.000000000000000000 ) ) ;
#277 = ADVANCED_FACE ( 'NONE', ( #1042 ), #1552, .F. ) ;
#278 = ADVANCED_FACE ( 'NONE', ( #1189 ), #387, .F. ) ;
#279 = ORIENTED_EDGE ( 'NONE', *, *, #1874, .T. ) ;
#280 = LINE ( 'NONE', #946, #1731 ) ;
#281 = EDGE_CURVE ( 'NONE', #1222, #1517, #305, .T. ) ;
#282 = DIRECTION ( 'NONE',  ( -0.000000000000000000, -0.000000000000000000, -1.000000000000000000 ) ) ;
#283 = DIRECTION ( 'NONE',  ( 1.000000000000000000, 0.000000000000000000, 1.877406359282259082E-16 ) ) ;
#284 = EDGE_CURVE ( 'NONE', #1952, #857, #201, .T. ) ;
#285 = ORIENTED_EDGE ( 'NONE', *, *, #1295, .F. ) ;
#286 = AXIS2_PLACEMENT_3D ( 'NONE', #491, #666, #2017 ) ;
#287 = FACE_OUTER_BOUND ( 'NONE', #311, .T. ) ;
#288 = EDGE_LOOP ( 'NONE', ( #1344, #943, #2022, #2038 ) ) ;
#289 = CARTESIAN_POINT ( 'NONE',  ( -2.080000000000000515, 0.08439231049719866928, 2.612239872198208079 ) ) ;
#290 = ORIENTED_EDGE ( 'NONE', *, *, #225, .T. ) ;
#291 = CARTESIAN_POINT ( 'NONE',  ( -2.080000000000000515, 0.000000000000000000, 2.439999999999998170 ) ) ;
#292 = SHAPE_DEFINITION_REPRESENTATION ( #1972, #1440 ) ;
#293 = LINE ( 'NONE', #1799, #780 ) ;
#294 = PRODUCT_DEFINITION_FORMATION_WITH_SPECIFIED_SOURCE ( 'ANY', '', #432, .NOT_KNOWN. ) ;
#295 = EDGE_CURVE ( 'NONE', #845, #1126, #886, .T. ) ;
#296 = PLANE ( 'NONE',  #1485 ) ;
#297 = ORIENTED_EDGE ( 'NONE', *, *, #639, .F. ) ;
#298 = DIRECTION ( 'NONE',  ( 1.000000000000000000, 0.000000000000000000, 0.000000000000000000 ) ) ;
#299 = ORIENTED_EDGE ( 'NONE', *, *, #1295, .T. ) ;
#300 = VECTOR ( 'NONE', #1043, 1000.000000000000000 ) ;
#301 = CARTESIAN_POINT ( 'NONE',  ( 2.079999999999997407, 2.715607689502801403, 2.612239872198206747 ) ) ;
#302 = ORIENTED_EDGE ( 'NONE', *, *, #1191, .T. ) ;
#303 = CARTESIAN_POINT ( 'NONE',  ( -2.384608947565992842, 0.1299999999999994771, -2.700000000000000178 ) ) ;
#304 = EDGE_CURVE ( 'NONE', #156, #487, #357, .T. ) ;
#305 = B_SPLINE_CURVE_WITH_KNOTS ( 'NONE', 3,
 ( #1033, #54, #379, #860 ),
 .UNSPECIFIED., .F., .F.,
 ( 4, 4 ),
 ( 4.370558682921689079E-19, 5.598802588361450624E-05 ),
 .UNSPECIFIED. ) ;
#306 = DIRECTION ( 'NONE',  ( 0.000000000000000000, 0.000000000000000000, 1.000000000000000000 ) ) ;
#307 = EDGE_CURVE ( 'NONE', #180, #951, #2061, .T. ) ;
#308 = CARTESIAN_POINT ( 'NONE',  ( 0.02000000000000017042, -1.359999999999999876, 2.200000000000000178 ) ) ;
#309 = ORIENTED_EDGE ( 'NONE', *, *, #511, .T. ) ;
#310 = FACE_OUTER_BOUND ( 'NONE', #1836, .T. ) ;
#311 = EDGE_LOOP ( 'NONE', ( #1135, #1764, #669, #135 ) ) ;
#312 = CARTESIAN_POINT ( 'NONE',  ( 2.080000000000000515, 2.799999999999999822, -2.439999999999998170 ) ) ;
#313 = CARTESIAN_POINT ( 'NONE',  ( 2.079999999999997407, 2.782300788351221854, 2.551259182034466555 ) ) ;
#314 = ORIENTED_EDGE ( 'NONE', *, *, #1710, .F. ) ;
#315 = CARTESIAN_POINT ( 'NONE',  ( -2.080000000000001847, 0.000000000000000000, -2.460272631416468236 ) ) ;
#316 = DIRECTION ( 'NONE',  ( 0.000000000000000000, 0.000000000000000000, -1.000000000000000000 ) ) ;
#317 = CARTESIAN_POINT ( 'NONE',  ( 2.232304473782993348, 0.000000000000000000, -2.440000000000001279 ) ) ;
#318 = EDGE_LOOP ( 'NONE', ( #1096, #240, #1472, #158 ) ) ;
#319 = EDGE_CURVE ( 'NONE', #636, #1504, #15, .T. ) ;
#320 = DIRECTION ( 'NONE',  ( 0.000000000000000000, -1.000000000000000000, 0.000000000000000000 ) ) ;
#321 = ORIENTED_EDGE ( 'NONE', *, *, #781, .F. ) ;
#322 = AXIS2_PLACEMENT_3D ( 'NONE', #24, #1258, #2113 ) ;
#323 = CARTESIAN_POINT ( 'NONE',  ( 2.080000000000000515, 2.715607689502801403, -2.612239872198208079 ) ) ;
#324 = CARTESIAN_POINT ( 'NONE',  ( -1.209999999999999520, 0.000000000000000000, -2.460272631416465572 ) ) ;
#325 = ORIENTED_EDGE ( 'NONE', *, *, #1566, .F. ) ;
#326 = CARTESIAN_POINT ( 'NONE',  ( -2.360272631416469036, 0.000000000000000000, -2.180000000000000160 ) ) ;
#327 = EDGE_CURVE ( 'NONE', #800, #2049, #1872, .T. ) ;
#328 =( BOUNDED_SURFACE ( )  B_SPLINE_SURFACE ( 3, 3, ( 
 ( #1482, #1169, #2153, #1840 ),
 ( #1654, #638, #991, #1313 ),
 ( #301, #1301, #1852, #1818 ),
 ( #313, #334, #651, #1002 ),
 ( #150, #1684, #672, #1991 ),
 ( #127, #1146, #466, #169 ) ),
 .UNSPECIFIED., .F., .F., .F. ) 
 B_SPLINE_SURFACE_WITH_KNOTS ( ( 4, 1, 1, 4 ),
 ( 4, 4 ),
 ( 0.000000000000000000, 0.4169857378744329379, 0.5359168502399547229, 1.000000000000000000 ),
 ( 0.000000000000000000, 1.000000000000000000 ),
 .UNSPECIFIED. ) 
 GEOMETRIC_REPRESENTATION_ITEM ( )  RATIONAL_B_SPLINE_SURFACE ( (
 ( 1.000000000000000000, 0.8047378541243652705, 0.8047378541243652705, 1.000000000000000000),
 ( 1.000000000000000000, 0.8047378541243652705, 0.8047378541243652705, 1.000000000000000000),
 ( 1.000000000000000000, 0.8047378541243652705, 0.8047378541243652705, 1.000000000000000000),
 ( 1.000000000000000000, 0.8047378541243652705, 0.8047378541243652705, 1.000000000000000000),
 ( 1.000000000000000000, 0.8047378541243652705, 0.8047378541243652705, 1.000000000000000000),
 ( 1.000000000000000000, 0.8047378541243652705, 0.8047378541243652705, 1.000000000000000000) ) ) 
 REPRESENTATION_ITEM ( '' )  SURFACE ( )  );
#329 = MECHANICAL_DESIGN_GEOMETRIC_PRESENTATION_REPRESENTATION (  '', ( #39 ), #1201 ) ;
#330 = DIRECTION ( 'NONE',  ( -0.000000000000000000, -0.000000000000000000, -1.000000000000000000 ) ) ;
#331 = ORIENTED_EDGE ( 'NONE', *, *, #1049, .T. ) ;
#332 = CARTESIAN_POINT ( 'NONE',  ( 2.079999999999998295, 2.715607689502801403, -2.612239872198210300 ) ) ;
#333 = ORIENTED_EDGE ( 'NONE', *, *, #504, .T. ) ;
#334 = CARTESIAN_POINT ( 'NONE',  ( 2.297478593680246650, 2.782300788351221854, 2.551259182034467443 ) ) ;
#335 = VERTEX_POINT ( 'NONE', #1883 ) ;
#336 = ORIENTED_EDGE ( 'NONE', *, *, #295, .T. ) ;
#337 = ORIENTED_EDGE ( 'NONE', *, *, #1700, .F. ) ;
#338 = DIRECTION ( 'NONE',  ( 0.000000000000000000, 0.000000000000000000, -1.000000000000000000 ) ) ;
#339 = VECTOR ( 'NONE', #738, 1000.000000000000000 ) ;
#340 = DIRECTION ( 'NONE',  ( 1.000000000000000000, 0.000000000000000000, 3.584139413175222736E-16 ) ) ;
#341 = DIRECTION ( 'NONE',  ( 1.000000000000000000, 0.000000000000000000, 0.000000000000000000 ) ) ;
#342 = ORIENTED_EDGE ( 'NONE', *, *, #1218, .F. ) ;
#343 = FACE_OUTER_BOUND ( 'NONE', #1479, .T. ) ;
#344 = ORIENTED_EDGE ( 'NONE', *, *, #1689, .F. ) ;
#345 = CARTESIAN_POINT ( 'NONE',  ( 0.02000000000000002470, 0.2199999999999998623, 1.320000000000000062 ) ) ;
#346 = CARTESIAN_POINT ( 'NONE',  ( -2.080000000000001847, 0.08439231049719866928, -2.612239872198210300 ) ) ;
#347 = EDGE_CURVE ( 'NONE', #1592, #966, #1563, .T. ) ;
#348 = ADVANCED_FACE ( 'NONE', ( #1022 ), #1282, .F. ) ;
#349 = EDGE_CURVE ( 'NONE', #261, #1966, #1580, .T. ) ;
#350 = CARTESIAN_POINT ( 'NONE',  ( -2.600000000000001421, 0.1299999999999998934, -2.180000000000000604 ) ) ;
#351 = CARTESIAN_POINT ( 'NONE',  ( 2.360272631416465483, 2.800000000000000266, -2.344179906321772755 ) ) ;
#352 = ORIENTED_EDGE ( 'NONE', *, *, #1774, .T. ) ;
#353 = EDGE_CURVE ( 'NONE', #1784, #1315, #1959, .T. ) ;
#354 = CARTESIAN_POINT ( 'NONE',  ( 2.584225011576270603, 2.670000000000000373, -2.180000000000001048 ) ) ;
#355 = ORIENTED_EDGE ( 'NONE', *, *, #889, .T. ) ;
#356 = ORIENTED_EDGE ( 'NONE', *, *, #707, .T. ) ;
#357 = LINE ( 'NONE', #1326, #1783 ) ;
#358 = CARTESIAN_POINT ( 'NONE',  ( -2.080000000000000515, 2.799999999999999822, 2.439999999999998170 ) ) ;
#359 = VECTOR ( 'NONE', #407, 1000.000000000000000 ) ;
#360 = LINE ( 'NONE', #995, #948 ) ;
#361 = CARTESIAN_POINT ( 'NONE',  ( -4.336808689942017736E-16, 0.1059178328973457012, 2.649999999999998135 ) ) ;
#362 = CARTESIAN_POINT ( 'NONE',  ( -2.340000000000000746, 0.000000000000000000, 2.332304473782992993 ) ) ;
#363 = PLANE ( 'NONE',  #807 ) ;
#364 = EDGE_LOOP ( 'NONE', ( #1870, #1112, #1652, #514, #1770, #1717, #352, #839, #1562, #753 ) ) ;
#365 = CARTESIAN_POINT ( 'NONE',  ( -2.333200254935300144, 2.715607689502801403, -2.612239872198209856 ) ) ;
#366 = CARTESIAN_POINT ( 'NONE',  ( -2.600000000000000977, 2.670000000000000373, 2.179999999999997939 ) ) ;
#367 = DIRECTION ( 'NONE',  ( -9.035018104045870694E-17, -1.000000000000000000, -1.232047923278982199E-16 ) ) ;
#368 = VECTOR ( 'NONE', #713, 1000.000000000000000 ) ;
#369 = EDGE_CURVE ( 'NONE', #112, #647, #565, .T. ) ;
#370 = ADVANCED_FACE ( 'NONE', ( #1922 ), #1820, .F. ) ;
#371 = CARTESIAN_POINT ( 'NONE',  ( -2.340000000000001634, 2.799999999999999822, -2.180000000000000604 ) ) ;
#372 = CARTESIAN_POINT ( 'NONE',  ( 2.451259182034468243, 0.01769921164877829092, -2.180000000000001492 ) ) ;
#373 = ADVANCED_FACE ( 'NONE', ( #1937 ), #1427, .F. ) ;
#374 = LINE ( 'NONE', #1752, #163 ) ;
#375 = VECTOR ( 'NONE', #1861, 1000.000000000000000 ) ;
#376 = CARTESIAN_POINT ( 'NONE',  ( 2.079999999999999627, 2.799999999999999822, 2.460272631416465572 ) ) ;
#377 = ORIENTED_EDGE ( 'NONE', *, *, #1285, .F. ) ;
#378 = ORIENTED_EDGE ( 'NONE', *, *, #891, .T. ) ;
#379 = CARTESIAN_POINT ( 'NONE',  ( -1.154999999999996474, 0.1198625164939654542, 2.671642991821391533 ) ) ;
#380 = CARTESIAN_POINT ( 'NONE',  ( -2.451259182034471795, 0.01769921164877829092, -2.180000000000000604 ) ) ;
#381 = VECTOR ( 'NONE', #109, 1000.000000000000000 ) ;
#382 = DIRECTION ( 'NONE',  ( 0.000000000000000000, 0.000000000000000000, -1.000000000000000000 ) ) ;
#383 = CARTESIAN_POINT ( 'NONE',  ( -2.080000000000000515, 2.799999999999999822, 2.439999999999998170 ) ) ;
#384 = DIRECTION ( 'NONE',  ( 0.000000000000000000, 0.000000000000000000, 1.000000000000000000 ) ) ;
#385 = CARTESIAN_POINT ( 'NONE',  ( -2.340000000000000746, 2.799999999999999822, 2.179999999999998828 ) ) ;
#386 = DIRECTION ( 'NONE',  ( 1.000000000000000000, 0.000000000000000000, 0.000000000000000000 ) ) ;
#387 = PLANE ( 'NONE',  #217 ) ;
#388 = CARTESIAN_POINT ( 'NONE',  ( 1.155000000000003579, 1.699999999999999956, 2.699999999999997513 ) ) ;
#389 = EDGE_CURVE ( 'NONE', #1126, #444, #1237, .T. ) ;
#390 = ADVANCED_FACE ( 'NONE', ( #1583 ), #2053, .T. ) ;
#391 = AXIS2_PLACEMENT_3D ( 'NONE', #229, #893, #1575 ) ;
#392 = DIRECTION ( 'NONE',  ( 1.000000000000000000, -9.035018104045870694E-17, -0.000000000000000000 ) ) ;
#393 = VECTOR ( 'NONE', #223, 1000.000000000000000 ) ;
#394 = LINE ( 'NONE', #719, #108 ) ;
#395 = LINE ( 'NONE', #2057, #1105 ) ;
#396 = CARTESIAN_POINT ( 'NONE',  ( -2.584225011576273268, 0.1299999999999994771, 2.179999999999997939 ) ) ;
#397 = CARTESIAN_POINT ( 'NONE',  ( 0.02000000000000000389, 0.000000000000000000, 2.200000000000000178 ) ) ;
#398 = CARTESIAN_POINT ( 'NONE',  ( -2.584225011576273268, 2.670000000000000373, 2.475368173293647445 ) ) ;
#399 = PRODUCT_DEFINITION_FORMATION_WITH_SPECIFIED_SOURCE ( 'ANY', '', #804, .NOT_KNOWN. ) ;
#400 = CARTESIAN_POINT ( 'NONE',  ( 0.02000000000000020511, -1.580000000000000071, 2.200000000000000178 ) ) ;
#401 = SURFACE_STYLE_FILL_AREA ( #583 ) ;
#402 = CARTESIAN_POINT ( 'NONE',  ( -2.080000000000000515, 2.669999999999999929, 2.179999999999997939 ) ) ;
#403 = VECTOR ( 'NONE', #1023, 1000.000000000000000 ) ;
#404 = CARTESIAN_POINT ( 'NONE',  ( -1.154999999999996696, 0.1299999999999998934, -2.699999999999997957 ) ) ;
#405 = ORIENTED_EDGE ( 'NONE', *, *, #1981, .T. ) ;
#406 = LINE ( 'NONE', #264, #1390 ) ;
#407 = DIRECTION ( 'NONE',  ( 1.000000000000000000, 0.000000000000000000, 0.000000000000000000 ) ) ;
#408 = CARTESIAN_POINT ( 'NONE',  ( -2.080000000000000515, 2.715607689502801403, 2.612239872198208079 ) ) ;
#409 = CARTESIAN_POINT ( 'NONE',  ( -1.154999999999996252, 0.1198625164939654958, -2.671642991821390645 ) ) ;
#410 = B_SPLINE_CURVE_WITH_KNOTS ( 'NONE', 3,
 ( #861, #536, #380, #1543, #2062, #546 ),
 .UNSPECIFIED., .F., .F.,
 ( 4, 1, 1, 4 ),
 ( 0.000000000000000000, 0.4640831497600452771, 0.5830142621255670621, 1.000000000000000000 ),
 .UNSPECIFIED. ) ;
#411 = DIRECTION ( 'NONE',  ( -0.000000000000000000, -0.000000000000000000, -1.000000000000000000 ) ) ;
#412 = SURFACE_STYLE_USAGE ( .BOTH. , #1213 ) ;
#413 = CARTESIAN_POINT ( 'NONE',  ( 2.339999999999996305, 0.000000000000000000, 2.332304473782994769 ) ) ;
#414 = FACE_OUTER_BOUND ( 'NONE', #764, .T. ) ;
#415 = ORIENTED_EDGE ( 'NONE', *, *, #58, .F. ) ;
#416 = CARTESIAN_POINT ( 'NONE',  ( 1.200000000000000178, -1.379999999999999671, 0.000000000000000000 ) ) ;
#417 = DIRECTION ( 'NONE',  ( 1.000000000000000000, 0.000000000000000000, 0.000000000000000000 ) ) ;
#418 = CARTESIAN_POINT ( 'NONE',  ( 2.451259182034468243, 0.01769921164877829092, -2.180000000000001048 ) ) ;
#419 = CARTESIAN_POINT ( 'NONE',  ( 1.209999999999999298, 0.000000000000000000, 2.439999999999998170 ) ) ;
#420 = ORIENTED_EDGE ( 'NONE', *, *, #569, .T. ) ;
#421 = CARTESIAN_POINT ( 'NONE',  ( 0.000000000000000000, 0.000000000000000000, 0.000000000000000000 ) ) ;
#422 = CARTESIAN_POINT ( 'NONE',  ( -2.080000000000001403, 2.799999999999999822, -2.700000000000000622 ) ) ;
#423 = AXIS2_PLACEMENT_3D ( 'NONE', #831, #843, #1165 ) ;
#424 = CARTESIAN_POINT ( 'NONE',  ( 2.080000000000000515, 0.1299999999999994771, -2.699999999999998401 ) ) ;
#425 = ORIENTED_EDGE ( 'NONE', *, *, #114, .F. ) ;
#426 = CARTESIAN_POINT ( 'NONE',  ( -0.2000000000000000111, -2.441447906791807820E-17, 2.200000000000000178 ) ) ;
#427 = CARTESIAN_POINT ( 'NONE',  ( 1.209999999999999298, 0.1000000000000000056, 1.279999999999998694 ) ) ;
#428 = CARTESIAN_POINT ( 'NONE',  ( 2.079999999999998739, 0.1299999999999998934, 2.179999999999998384 ) ) ;
#429 = ORIENTED_EDGE ( 'NONE', *, *, #319, .F. ) ;
#430 = LINE ( 'NONE', #1267, #1053 ) ;
#431 = CARTESIAN_POINT ( 'NONE',  ( 2.384608947565987069, 0.1299999999999994771, 2.699999999999997513 ) ) ;
#432 = PRODUCT ( '\X2\96f64ef6\X0\2_\X2\9ed88ba4\X0\', '\X2\96f64ef6\X0\2_\X2\9ed88ba4\X0\', '', ( #1114 ) ) ;
#433 = LINE ( 'NONE', #260, #560 ) ;
#434 = DIRECTION ( 'NONE',  ( 0.000000000000000000, -1.000000000000000000, 0.000000000000000000 ) ) ;
#435 = ADVANCED_FACE ( 'NONE', ( #2104 ), #2064, .F. ) ;
#436 = VERTEX_POINT ( 'NONE', #1773 ) ;
#437 = AXIS2_PLACEMENT_3D ( 'NONE', #1435, #591, #101 ) ;
#438 = VECTOR ( 'NONE', #1918, 1000.000000000000000 ) ;
#439 = EDGE_CURVE ( 'NONE', #1997, #1929, #1415, .T. ) ;
#440 = AXIS2_PLACEMENT_3D ( 'NONE', #402, #1916, #926 ) ;
#441 = CARTESIAN_POINT ( 'NONE',  ( -2.080000000000000515, 0.1299999999999994771, 2.684225011576270692 ) ) ;
#442 = ORIENTED_EDGE ( 'NONE', *, *, #1728, .F. ) ;
#443 = CARTESIAN_POINT ( 'NONE',  ( -2.340000000000000746, 0.000000000000000000, 2.179999999999998828 ) ) ;
#444 = VERTEX_POINT ( 'NONE', #2091 ) ;
#445 = CARTESIAN_POINT ( 'NONE',  ( 2.584225011576270603, 2.670000000000000373, -2.180000000000001492 ) ) ;
#446 = APPLICATION_PROTOCOL_DEFINITION ( 'draft international standard', 'automotive_design', 1998, #1635 ) ;
#447 = EDGE_CURVE ( 'NONE', #956, #794, #258, .T. ) ;
#448 = CARTESIAN_POINT ( 'NONE',  ( 0.02000000000000017042, -1.359999999999999876, 0.000000000000000000 ) ) ;
#449 = DIRECTION ( 'NONE',  ( -0.000000000000000000, 1.000000000000000000, -0.000000000000000000 ) ) ;
#450 = DIRECTION ( 'NONE',  ( 0.000000000000000000, 0.000000000000000000, -1.000000000000000000 ) ) ;
#451 = EDGE_LOOP ( 'NONE', ( #1697, #542, #1300, #1020 ) ) ;
#452 = DIRECTION ( 'NONE',  ( -0.000000000000000000, -0.000000000000000000, -1.000000000000000000 ) ) ;
#453 = EDGE_LOOP ( 'NONE', ( #1083, #838, #987, #1119 ) ) ;
#454 = CARTESIAN_POINT ( 'NONE',  ( 0.02000000000000020511, -1.580000000000000071, 2.200000000000000178 ) ) ;
#455 = EDGE_CURVE ( 'NONE', #1585, #1578, #890, .T. ) ;
#456 = EDGE_LOOP ( 'NONE', ( #1528, #1819, #1686, #1627 ) ) ;
#457 = DIRECTION ( 'NONE',  ( -6.776263578034402713E-17, -1.000000000000000000, 0.000000000000000000 ) ) ;
#458 = PLANE ( 'NONE',  #1058 ) ;
#459 = DIRECTION ( 'NONE',  ( 1.606225440719266367E-16, 0.000000000000000000, 1.000000000000000000 ) ) ;
#460 = ORIENTED_EDGE ( 'NONE', *, *, #1618, .T. ) ;
#461 = DIRECTION ( 'NONE',  ( 0.000000000000000000, 1.000000000000000000, 0.000000000000000000 ) ) ;
#462 = ORIENTED_EDGE ( 'NONE', *, *, #304, .F. ) ;
#463 = FILL_AREA_STYLE_COLOUR ( '', #823 ) ;
#464 = ADVANCED_FACE ( 'NONE', ( #1072 ), #725, .F. ) ;
#465 = VECTOR ( 'NONE', #2060, 1000.000000000000000 ) ;
#466 = CARTESIAN_POINT ( 'NONE',  ( 2.339999999999996305, 2.800000000000000266, 2.332304473782994769 ) ) ;
#467 = ORIENTED_EDGE ( 'NONE', *, *, #1332, .T. ) ;
#468 = CARTESIAN_POINT ( 'NONE',  ( 2.599999999999998312, 0.1299999999999998934, -2.180000000000001048 ) ) ;
#469 = SHAPE_DEFINITION_REPRESENTATION ( #509, #239 ) ;
#470 = B_SPLINE_CURVE_WITH_KNOTS ( 'NONE', 3,
 ( #709, #70, #2046, #1385, #1073, #1064 ),
 .UNSPECIFIED., .F., .F.,
 ( 4, 1, 1, 4 ),
 ( 0.000000000000000000, 0.0001416228839943309357, 0.0001779167402538566617, 0.0002278536533739050575 ),
 .UNSPECIFIED. ) ;
#471 = CARTESIAN_POINT ( 'NONE',  ( 0.02000000000000016695, -1.379999999999999893, 0.000000000000000000 ) ) ;
#472 = DIRECTION ( 'NONE',  ( 4.581135940079598894E-16, 0.000000000000000000, -1.000000000000000000 ) ) ;
#473 = VERTEX_POINT ( 'NONE', #1751 ) ;
#474 = CARTESIAN_POINT ( 'NONE',  ( 0.02000000000000001776, 0.2200000000000000011, 1.320000000000000062 ) ) ;
#475 = ORIENTED_EDGE ( 'NONE', *, *, #829, .F. ) ;
#476 = CIRCLE ( 'NONE', #1886, 0.02000000000000000389 ) ;
#477 = CARTESIAN_POINT ( 'NONE',  ( 0.000000000000000000, 0.000000000000000000, 0.000000000000000000 ) ) ;
#478 = CARTESIAN_POINT ( 'NONE',  ( 1.155000000000003579, 0.1059178328973460065, -2.649999999999997691 ) ) ;
#479 = ORIENTED_EDGE ( 'NONE', *, *, #208, .F. ) ;
#480 = CARTESIAN_POINT ( 'NONE',  ( 1.210000000000000409, 0.08908390417750451651, -2.624948717045785695 ) ) ;
#481 = CARTESIAN_POINT ( 'NONE',  ( 2.599999999999996536, 0.1299999999999994771, 2.484608947565990267 ) ) ;
#482 = EDGE_CURVE ( 'NONE', #1122, #984, #1683, .T. ) ;
#483 = DIRECTION ( 'NONE',  ( -1.000000000000000000, 0.000000000000000000, -0.000000000000000000 ) ) ;
#484 = ORIENTED_EDGE ( 'NONE', *, *, #389, .F. ) ;
#485 = DIRECTION ( 'NONE',  ( 1.000000000000000000, -6.776263578034402713E-17, 0.000000000000000000 ) ) ;
#486 = VECTOR ( 'NONE', #1175, 1000.000000000000000 ) ;
#487 = VERTEX_POINT ( 'NONE', #913 ) ;
#488 = CARTESIAN_POINT ( 'NONE',  ( 2.079999999999999627, 0.1299999999999994771, 2.684225011576270692 ) ) ;
#489 = ORIENTED_EDGE ( 'NONE', *, *, #349, .F. ) ;
#490 = CARTESIAN_POINT ( 'NONE',  ( -2.512239872198211543, 0.08439231049719868316, -2.433200254935298013 ) ) ;
#491 = CARTESIAN_POINT ( 'NONE',  ( 0.02000000000000000389, 0.000000000000000000, 0.8799999999999998934 ) ) ;
#492 = ORIENTED_EDGE ( 'NONE', *, *, #888, .T. ) ;
#493 = DIRECTION ( 'NONE',  ( 0.000000000000000000, -0.000000000000000000, 1.000000000000000000 ) ) ;
#494 = ORIENTED_EDGE ( 'NONE', *, *, #2008, .F. ) ;
#495 = VECTOR ( 'NONE', #472, 1000.000000000000000 ) ;
#496 = CARTESIAN_POINT ( 'NONE',  ( -1.209999999999999520, 0.01769921164877829092, -2.551259182034467887 ) ) ;
#497 = ORIENTED_EDGE ( 'NONE', *, *, #1938, .F. ) ;
#498 = DIRECTION ( 'NONE',  ( -4.581135940079598894E-16, 0.000000000000000000, 1.000000000000000000 ) ) ;
#499 = CARTESIAN_POINT ( 'NONE',  ( -2.600000000000000533, 2.669999999999999929, 2.179999999999997939 ) ) ;
#500 = CARTESIAN_POINT ( 'NONE',  ( 2.079999999999999183, 2.669999999999999929, 2.699999999999997957 ) ) ;
#501 = ORIENTED_EDGE ( 'NONE', *, *, #891, .F. ) ;
#502 = EDGE_CURVE ( 'NONE', #221, #2082, #1565, .T. ) ;
#503 = EDGE_CURVE ( 'NONE', #10, #1466, #1178, .T. ) ;
#504 = EDGE_CURVE ( 'NONE', #1802, #473, #80, .T. ) ;
#505 = ADVANCED_FACE ( 'NONE', ( #227 ), #46, .T. ) ;
#506 = CARTESIAN_POINT ( 'NONE',  ( -2.080000000000000515, 2.799999999999999822, 2.460272631416465572 ) ) ;
#507 = VERTEX_POINT ( 'NONE', #1227 ) ;
#508 = VERTEX_POINT ( 'NONE', #1905 ) ;
#509 = PRODUCT_DEFINITION_SHAPE ( 'NONE', 'NONE',  #1660 ) ;
#510 = CARTESIAN_POINT ( 'NONE',  ( 2.339999999999999414, 0.000000000000000000, 2.179999999999998384 ) ) ;
#511 = EDGE_CURVE ( 'NONE', #507, #661, #1060, .T. ) ;
#512 = CARTESIAN_POINT ( 'NONE',  ( -2.080000000000000515, 2.669999999999999929, 2.699999999999997957 ) ) ;
#513 = CARTESIAN_POINT ( 'NONE',  ( 2.451259182034468243, 2.782300788351221854, -2.397478593680252068 ) ) ;
#514 = ORIENTED_EDGE ( 'NONE', *, *, #503, .F. ) ;
#515 = CARTESIAN_POINT ( 'NONE',  ( 2.599999999999998757, 2.670000000000000373, -2.180000000000001048 ) ) ;
#516 = ORIENTED_EDGE ( 'NONE', *, *, #2135, .T. ) ;
#517 = VERTEX_POINT ( 'NONE', #56 ) ;
#518 = CARTESIAN_POINT ( 'NONE',  ( 0.02000000000000000389, 0.000000000000000000, 2.200000000000000178 ) ) ;
#519 = CARTESIAN_POINT ( 'NONE',  ( -0.2000000000000000111, -2.441447906791807820E-17, 0.000000000000000000 ) ) ;
#520 = CARTESIAN_POINT ( 'NONE',  ( 0.02000000000000000389, 0.02000000000000000389, 2.200000000000000178 ) ) ;
#521 = CARTESIAN_POINT ( 'NONE',  ( 2.375368173293647356, 2.670000000000000373, -2.684225011576273801 ) ) ;
#522 = CARTESIAN_POINT ( 'NONE',  ( 0.02000000000000000389, 0.000000000000000000, 2.200000000000000178 ) ) ;
#523 = CARTESIAN_POINT ( 'NONE',  ( 2.339999999999999414, 2.799999999999999822, 2.179999999999998384 ) ) ;
#524 = ORIENTED_EDGE ( 'NONE', *, *, #1689, .T. ) ;
#525 = VERTEX_POINT ( 'NONE', #1405 ) ;
#526 = CARTESIAN_POINT ( 'NONE',  ( 1.155000000000003579, 0.1198625164961194811, -2.671642991825625035 ) ) ;
#527 = DIRECTION ( 'NONE',  ( 0.000000000000000000, 0.000000000000000000, -1.000000000000000000 ) ) ;
#528 = ADVANCED_FACE ( 'NONE', ( #2078 ), #1161, .F. ) ;
#529 = EDGE_CURVE ( 'NONE', #1444, #834, #1154, .T. ) ;
#530 = CARTESIAN_POINT ( 'NONE',  ( -0.2000000000000000111, -2.441447906791807820E-17, 2.200000000000000178 ) ) ;
#531 = CARTESIAN_POINT ( 'NONE',  ( 0.02000000000000000389, 0.000000000000000000, 1.320000000000000062 ) ) ;
#532 = DIRECTION ( 'NONE',  ( 1.000000000000000000, 0.000000000000000000, -0.000000000000000000 ) ) ;
#533 = ORIENTED_EDGE ( 'NONE', *, *, #639, .T. ) ;
#534 = ORIENTED_EDGE ( 'NONE', *, *, #447, .T. ) ;
#535 = CARTESIAN_POINT ( 'NONE',  ( 1.209999999999999298, 0.000000000000000000, 1.279999999999998694 ) ) ;
#536 = CARTESIAN_POINT ( 'NONE',  ( -2.360272631416469036, 0.000000000000000000, -2.180000000000000604 ) ) ;
#537 = VECTOR ( 'NONE', #1781, 1000.000000000000000 ) ;
#538 = CARTESIAN_POINT ( 'NONE',  ( 0.02000000000000000389, 0.000000000000000000, 0.000000000000000000 ) ) ;
#539 = CARTESIAN_POINT ( 'NONE',  ( -2.340000000000002078, 2.799999999999999822, -2.249020029537874610 ) ) ;
#540 = CARTESIAN_POINT ( 'NONE',  ( -2.340000000000001634, 0.000000000000000000, -2.180000000000000604 ) ) ;
#541 = DIRECTION ( 'NONE',  ( -0.000000000000000000, -0.000000000000000000, -1.000000000000000000 ) ) ;
#542 = ORIENTED_EDGE ( 'NONE', *, *, #439, .F. ) ;
#543 = CARTESIAN_POINT ( 'NONE',  ( -2.080000000000001847, 2.782300788351221854, -2.551259182034470552 ) ) ;
#544 = EDGE_CURVE ( 'NONE', #1997, #1952, #1196, .T. ) ;
#545 = CARTESIAN_POINT ( 'NONE',  ( 0.000000000000000000, 0.000000000000000000, 2.200000000000000178 ) ) ;
#546 = CARTESIAN_POINT ( 'NONE',  ( -2.600000000000001421, 0.1299999999999998934, -2.180000000000000604 ) ) ;
#547 = VECTOR ( 'NONE', #1370, 1000.000000000000000 ) ;
#548 = DIRECTION ( 'NONE',  ( -1.000000000000000000, -1.837630800822889059E-16, 0.000000000000000000 ) ) ;
#549 = CARTESIAN_POINT ( 'NONE',  ( 2.232304473782993348, 2.800000000000000266, -2.440000000000001279 ) ) ;
#550 = DIRECTION ( 'NONE',  ( -1.220723953395903633E-16, 1.000000000000000000, 0.000000000000000000 ) ) ;
#551 = DIRECTION ( 'NONE',  ( -6.776263578034402713E-17, -1.000000000000000000, 0.000000000000000000 ) ) ;
#552 = CARTESIAN_POINT ( 'NONE',  ( -2.080000000000001403, 0.08439231049719866928, -2.612239872198210300 ) ) ;
#553 = DIRECTION ( 'NONE',  ( 1.220723953395903879E-16, -1.000000000000000000, 0.000000000000000000 ) ) ;
#554 = CARTESIAN_POINT ( 'NONE',  ( -2.340000000000001634, 2.799999999999999822, -2.180000000000000604 ) ) ;
#555 = B_SPLINE_CURVE_WITH_KNOTS ( 'NONE', 3,
 ( #736, #445, #786, #1924, #113, #925 ),
 .UNSPECIFIED., .F., .F.,
 ( 4, 1, 1, 4 ),
 ( 0.000000000000000000, 0.4169857378744329379, 0.5359168502399547229, 1.000000000000000000 ),
 .UNSPECIFIED. ) ;
#556 = VECTOR ( 'NONE', #1413, 1000.000000000000000 ) ;
#557 = CARTESIAN_POINT ( 'NONE',  ( 2.599999999999998757, 0.1299999999999994771, -2.180000000000001048 ) ) ;
#558 = CARTESIAN_POINT ( 'NONE',  ( 2.216498651222479133, 2.799999999999998934, 2.410996974397319192 ) ) ;
#559 = VERTEX_POINT ( 'NONE', #684 ) ;
#560 = VECTOR ( 'NONE', #2126, 1000.000000000000000 ) ;
#561 = B_SPLINE_CURVE_WITH_KNOTS ( 'NONE', 3,
 ( #1576, #728, #1743, #882, #720, #2069 ),
 .UNSPECIFIED., .F., .F.,
 ( 4, 1, 1, 4 ),
 ( 0.000000000000000000, 0.4169857378744329379, 0.5359168502399547229, 1.000000000000000000 ),
 .UNSPECIFIED. ) ;
#562 = DIRECTION ( 'NONE',  ( 0.000000000000000000, -1.000000000000000000, 0.000000000000000000 ) ) ;
#563 = ADVANCED_FACE ( 'NONE', ( #1529 ), #363, .T. ) ;
#564 = CARTESIAN_POINT ( 'NONE',  ( 0.02000000000000000389, 0.01999999999999999695, 1.320000000000000062 ) ) ;
#565 = LINE ( 'NONE', #1603, #1001 ) ;
#566 =( GEOMETRIC_REPRESENTATION_CONTEXT ( 3 ) GLOBAL_UNCERTAINTY_ASSIGNED_CONTEXT ( ( #2092 ) ) GLOBAL_UNIT_ASSIGNED_CONTEXT ( ( #1404, #1059, #1935 ) ) REPRESENTATION_CONTEXT ( 'NONE', 'WORKASPACE' ) );
#567 = PRODUCT_DEFINITION ( 'UNKNOWN', '', #853, #1458 ) ;
#568 = CARTESIAN_POINT ( 'NONE',  ( -2.512239872198210655, 0.08439231049719866928, 2.179999999999998828 ) ) ;
#569 = EDGE_CURVE ( 'NONE', #83, #507, #1368, .T. ) ;
#570 = DIRECTION ( 'NONE',  ( -0.000000000000000000, -0.000000000000000000, -1.000000000000000000 ) ) ;
#571 = DIRECTION ( 'NONE',  ( 1.000000000000000222, -2.198530575857117141E-16, -6.938893903907228378E-18 ) ) ;
#572 = CARTESIAN_POINT ( 'NONE',  ( 1.209999999999999520, 0.1000000000000000056, -1.279999999999998916 ) ) ;
#573 = VECTOR ( 'NONE', #1675, 1000.000000000000000 ) ;
#574 = DIRECTION ( 'NONE',  ( 1.000000000000000000, 1.220723953395903633E-16, -0.000000000000000000 ) ) ;
#575 = ORIENTED_EDGE ( 'NONE', *, *, #115, .T. ) ;
#576 = CARTESIAN_POINT ( 'NONE',  ( -2.512239872198211543, 2.715607689502801403, -2.180000000000000604 ) ) ;
#577 = ORIENTED_EDGE ( 'NONE', *, *, #115, .F. ) ;
#578 = CARTESIAN_POINT ( 'NONE',  ( -2.340000000000001634, 2.799999999999999822, -2.180000000000000160 ) ) ;
#579 = CARTESIAN_POINT ( 'NONE',  ( 2.360272631416465483, 0.000000000000000000, -2.180000000000001048 ) ) ;
#580 = CARTESIAN_POINT ( 'NONE',  ( -1.210000000000000187, 0.01769921164877829092, 2.551259182034468331 ) ) ;
#581 = VERTEX_POINT ( 'NONE', #874 ) ;
#582 = DIRECTION ( 'NONE',  ( 1.000000000000000000, 0.000000000000000000, -1.668003342285391452E-15 ) ) ;
#583 = FILL_AREA_STYLE ('',( #1236 ) ) ;
#584 = DIRECTION ( 'NONE',  ( 1.000000000000000000, -0.000000000000000000, 3.054090626719730460E-16 ) ) ;
#585 = UNCERTAINTY_MEASURE_WITH_UNIT (LENGTH_MEASURE( 1.000000000000000082E-05 ), #1582, 'distance_accuracy_value', 'NONE');
#586 = CARTESIAN_POINT ( 'NONE',  ( 2.080000000000000515, 2.799999999999999822, -2.440000000000000835 ) ) ;
#587 = B_SPLINE_CURVE_WITH_KNOTS ( 'NONE', 3,
 ( #14, #55, #1699, #706, #1572, #358 ),
 .UNSPECIFIED., .F., .F.,
 ( 4, 1, 1, 4 ),
 ( 0.000000000000000000, 0.4169857378744329379, 0.5359168502399547229, 1.000000000000000000 ),
 .UNSPECIFIED. ) ;
#588 = ORIENTED_EDGE ( 'NONE', *, *, #1500, .T. ) ;
#589 = CARTESIAN_POINT ( 'NONE',  ( -2.600000000000000977, 2.670000000000000373, 2.179999999999998828 ) ) ;
#590 = CARTESIAN_POINT ( 'NONE',  ( 2.079999999999998295, 0.08439231049719866928, -2.612239872198210300 ) ) ;
#591 = DIRECTION ( 'NONE',  ( -0.000000000000000000, -0.000000000000000000, -1.000000000000000000 ) ) ;
#592 = VERTEX_POINT ( 'NONE', #1354 ) ;
#593 = LINE ( 'NONE', #1934, #1265 ) ;
#594 = DIRECTION ( 'NONE',  ( 0.000000000000000000, 0.000000000000000000, 1.000000000000000000 ) ) ;
#595 = EDGE_CURVE ( 'NONE', #1705, #581, #1408, .T. ) ;
#596 = EDGE_CURVE ( 'NONE', #951, #661, #187, .T. ) ;
#597 = DIRECTION ( 'NONE',  ( -1.000000000000000000, 0.000000000000000000, 0.000000000000000000 ) ) ;
#598 = VECTOR ( 'NONE', #1127, 1000.000000000000000 ) ;
#599 = ADVANCED_FACE ( 'NONE', ( #343 ), #1520, .F. ) ;
#600 = CARTESIAN_POINT ( 'NONE',  ( -2.080000000000000515, 0.1299999999999994771, 2.699999999999998401 ) ) ;
#601 = B_SPLINE_CURVE_WITH_KNOTS ( 'NONE', 3,
 ( #116, #1139, #960, #104, #1971, #1824 ),
 .UNSPECIFIED., .F., .F.,
 ( 4, 1, 1, 4 ),
 ( 0.000000000000000000, 0.4169857378744329379, 0.5359168502399547229, 1.000000000000000000 ),
 .UNSPECIFIED. ) ;
#602 = ORIENTED_EDGE ( 'NONE', *, *, #307, .F. ) ;
#603 = CARTESIAN_POINT ( 'NONE',  ( -2.080000000000001403, 0.1299999999999998934, -2.180000000000000604 ) ) ;
#604 = CARTESIAN_POINT ( 'NONE',  ( 2.079999999999998739, 2.669999999999999929, 2.179999999999998384 ) ) ;
#605 = CARTESIAN_POINT ( 'NONE',  ( -1.210000000000000409, 0.1000000000000000056, 1.279999999999998694 ) ) ;
#606 = ORIENTED_EDGE ( 'NONE', *, *, #1215, .F. ) ;
#607 = CARTESIAN_POINT ( 'NONE',  ( 1.200000000000000178, -1.579999999999999849, 2.200000000000000178 ) ) ;
#608 = CARTESIAN_POINT ( 'NONE',  ( -1.210000000000000187, 0.1000000000000000056, 2.641050166233641860 ) ) ;
#609 = CARTESIAN_POINT ( 'NONE',  ( 2.080000000000000515, 0.000000000000000000, -2.460272631416465572 ) ) ;
#610 =( NAMED_UNIT ( * ) PLANE_ANGLE_UNIT ( ) SI_UNIT ( $, .RADIAN. ) );
#611 = ORIENTED_EDGE ( 'NONE', *, *, #183, .F. ) ;
#612 = VECTOR ( 'NONE', #1402, 1000.000000000000000 ) ;
#613 = EDGE_CURVE ( 'NONE', #473, #1650, #2044, .T. ) ;
#614 = DIRECTION ( 'NONE',  ( 6.776263578034402713E-17, 1.000000000000000000, 0.000000000000000000 ) ) ;
#615 = ORIENTED_EDGE ( 'NONE', *, *, #2070, .F. ) ;
#616 = CARTESIAN_POINT ( 'NONE',  ( -2.340000000000001634, 0.000000000000000000, -2.180000000000000604 ) ) ;
#617 = ADVANCED_FACE ( 'NONE', ( #801 ), #328, .F. ) ;
#618 = VERTEX_POINT ( 'NONE', #968 ) ;
#619 = LINE ( 'NONE', #2089, #1843 ) ;
#620 = ADVANCED_BREP_SHAPE_REPRESENTATION ( '', ( #2179, #1499 ), #1208 ) ;
#621 = CONTEXT_DEPENDENT_SHAPE_REPRESENTATION ( #1163, #1442 ) ;
#622 = DIRECTION ( 'NONE',  ( -0.000000000000000000, 1.000000000000000000, -0.000000000000000000 ) ) ;
#623 = CARTESIAN_POINT ( 'NONE',  ( -2.149020029537874521, 2.799999999999999822, 2.439999999999998170 ) ) ;
#624 = ORIENTED_EDGE ( 'NONE', *, *, #895, .T. ) ;
#625 = PLANE ( 'NONE',  #271 ) ;
#626 = ORIENTED_EDGE ( 'NONE', *, *, #2164, .T. ) ;
#627 = PRESENTATION_STYLE_ASSIGNMENT (( #967 ) ) ;
#628 = CARTESIAN_POINT ( 'NONE',  ( 2.079999999999999627, 0.000000000000000000, 2.460272631416465572 ) ) ;
#629 = EDGE_LOOP ( 'NONE', ( #1992, #930, #1659, #910 ) ) ;
#630 = PRODUCT_DEFINITION_SHAPE ( 'NONE', 'NONE',  #2185 ) ;
#631 = CARTESIAN_POINT ( 'NONE',  ( -2.512239872198211543, 0.08439231049719866928, -2.180000000000000160 ) ) ;
#632 = CARTESIAN_POINT ( 'NONE',  ( 0.02000000000000000389, 0.000000000000000000, 0.8799999999999998934 ) ) ;
#633 = LINE ( 'NONE', #1141, #495 ) ;
#634 = ORIENTED_EDGE ( 'NONE', *, *, #529, .F. ) ;
#635 = CARTESIAN_POINT ( 'NONE',  ( 1.209999999999999520, 0.000000000000000000, -1.279999999999998916 ) ) ;
#636 = VERTEX_POINT ( 'NONE', #478 ) ;
#637 = FILL_AREA_STYLE ('',( #2152 ) ) ;
#638 = CARTESIAN_POINT ( 'NONE',  ( 2.375368173293645579, 2.670000000000000373, 2.684225011576269804 ) ) ;
#639 = EDGE_CURVE ( 'NONE', #1122, #1881, #1555, .T. ) ;
#640 = ORIENTED_EDGE ( 'NONE', *, *, #43, .T. ) ;
#641 = CARTESIAN_POINT ( 'NONE',  ( -2.340000000000000746, 0.000000000000000000, 2.179999999999997939 ) ) ;
#642 = CARTESIAN_POINT ( 'NONE',  ( 2.244179906321766893, 0.000000000000000000, 2.460272631416464684 ) ) ;
#643 = EDGE_CURVE ( 'NONE', #335, #2176, #989, .T. ) ;
#644 =( LENGTH_UNIT ( ) NAMED_UNIT ( * ) SI_UNIT ( .MILLI., .METRE. ) );
#645 = EDGE_LOOP ( 'NONE', ( #953, #1674, #1488, #1321 ) ) ;
#646 = CARTESIAN_POINT ( 'NONE',  ( 1.155000000000003579, 0.1299999999999994771, 2.691568531935131237 ) ) ;
#647 = VERTEX_POINT ( 'NONE', #836 ) ;
#648 = VECTOR ( 'NONE', #1932, 1000.000000000000000 ) ;
#649 =( NAMED_UNIT ( * ) SI_UNIT ( $, .STERADIAN. ) SOLID_ANGLE_UNIT ( ) );
#650 = VECTOR ( 'NONE', #449, 1000.000000000000000 ) ;
#651 = CARTESIAN_POINT ( 'NONE',  ( 2.451259182034466022, 2.782300788351221854, 2.397478593680250292 ) ) ;
#652 = ORIENTED_EDGE ( 'NONE', *, *, #1910, .T. ) ;
#653 = CARTESIAN_POINT ( 'NONE',  ( 1.210000000000000409, 0.01769921164877829092, -2.551259182034467887 ) ) ;
#654 = DIRECTION ( 'NONE',  ( -1.000000000000000000, 0.000000000000000000, 1.527045313359865723E-16 ) ) ;
#655 = CARTESIAN_POINT ( 'NONE',  ( -2.512239872198211543, 2.715607689502801403, -2.180000000000000604 ) ) ;
#656 = ORIENTED_EDGE ( 'NONE', *, *, #1351, .F. ) ;
#657 = AXIS2_PLACEMENT_3D ( 'NONE', #741, #541, #2083 ) ;
#658 = ORIENTED_EDGE ( 'NONE', *, *, #613, .F. ) ;
#659 =( LENGTH_UNIT ( ) NAMED_UNIT ( * ) SI_UNIT ( .MILLI., .METRE. ) );
#660 = CARTESIAN_POINT ( 'NONE',  ( -2.451259182034470463, 0.01769921164877829092, 2.397478593680248959 ) ) ;
#661 = VERTEX_POINT ( 'NONE', #977 ) ;
#662 = DIRECTION ( 'NONE',  ( -1.000000000000000000, 0.000000000000000000, -4.581135940079598894E-16 ) ) ;
#663 = ADVANCED_FACE ( 'NONE', ( #1978 ), #1610, .F. ) ;
#664 = EDGE_CURVE ( 'NONE', #261, #1147, #2042, .T. ) ;
#665 = ADVANCED_FACE ( 'NONE', ( #1106 ), #250, .F. ) ;
#666 = DIRECTION ( 'NONE',  ( 0.000000000000000000, 0.000000000000000000, -1.000000000000000000 ) ) ;
#667 = ADVANCED_FACE ( 'NONE', ( #414 ), #1121, .F. ) ;
#668 = DIRECTION ( 'NONE',  ( -8.340016711426957261E-16, 0.000000000000000000, -1.000000000000000000 ) ) ;
#669 = ORIENTED_EDGE ( 'NONE', *, *, #208, .T. ) ;
#670 = CIRCLE ( 'NONE', #286, 0.02000000000000000389 ) ;
#671 = PLANE ( 'NONE',  #1994 ) ;
#672 = CARTESIAN_POINT ( 'NONE',  ( 2.360272631416463707, 2.800000000000000266, 2.344179906321770535 ) ) ;
#673 = ORIENTED_EDGE ( 'NONE', *, *, #1800, .F. ) ;
#674 = ORIENTED_EDGE ( 'NONE', *, *, #888, .F. ) ;
#675 = EDGE_LOOP ( 'NONE', ( #87, #1108, #1188, #1474 ) ) ;
#676 = CARTESIAN_POINT ( 'NONE',  ( 2.512239872198208879, 0.08439231049719866928, 2.179999999999998384 ) ) ;
#677 = EDGE_CURVE ( 'NONE', #1334, #592, #1459, .T. ) ;
#678 = CIRCLE ( 'NONE', #1913, 0.2200000000000000011 ) ;
#679 = CARTESIAN_POINT ( 'NONE',  ( 2.310996974397350634, 2.799999999999998934, -2.316498651222476557 ) ) ;
#680 = DIRECTION ( 'NONE',  ( 0.000000000000000000, 1.000000000000000000, 0.000000000000000000 ) ) ;
#681 = VERTEX_POINT ( 'NONE', #1637 ) ;
#682 = APPLICATION_CONTEXT ( 'automotive_design' ) ;
#683 = EDGE_CURVE ( 'NONE', #800, #1222, #433, .T. ) ;
#684 = CARTESIAN_POINT ( 'NONE',  ( 1.155000000000003579, 1.699999999999999956, -2.699999999999997513 ) ) ;
#685 = EDGE_LOOP ( 'NONE', ( #1180, #2139, #1029, #686 ) ) ;
#686 = ORIENTED_EDGE ( 'NONE', *, *, #1071, .T. ) ;
#687 = COLOUR_RGB ( '',0.5019607843137254832, 0.5019607843137254832, 0.5019607843137254832 ) ;
#688 = LINE ( 'NONE', #554, #1677 ) ;
#689 = DIRECTION ( 'NONE',  ( 8.673617379884089115E-15, 0.000000000000000000, -1.000000000000000000 ) ) ;
#690 = LINE ( 'NONE', #1858, #96 ) ;
#691 = EDGE_CURVE ( 'NONE', #209, #1940, #1611, .T. ) ;
#692 = EDGE_CURVE ( 'NONE', #1881, #1588, #95, .T. ) ;
#693 = CARTESIAN_POINT ( 'NONE',  ( 2.360272631416465483, 2.799999999999999822, -2.180000000000001048 ) ) ;
#694 = EDGE_LOOP ( 'NONE', ( #1530, #1662, #1827, #1642 ) ) ;
#695 = ORIENTED_EDGE ( 'NONE', *, *, #1379, .F. ) ;
#696 = DIRECTION ( 'NONE',  ( 1.000000000000000000, 0.000000000000000000, -0.000000000000000000 ) ) ;
#697 = CYLINDRICAL_SURFACE ( 'NONE', #1822, 0.5200000000000000178 ) ;
#698 = DIRECTION ( 'NONE',  ( 1.000000000000000000, 0.000000000000000000, 8.673617379884089115E-15 ) ) ;
#699 = CARTESIAN_POINT ( 'NONE',  ( 2.079999999999998295, 2.670000000000000373, -2.684225011576272912 ) ) ;
#700 = CARTESIAN_POINT ( 'NONE',  ( 0.02000000000000017042, -1.359999999999999876, 2.200000000000000178 ) ) ;
#701 = CARTESIAN_POINT ( 'NONE',  ( 0.000000000000000000, 2.799999999999999822, 0.000000000000000000 ) ) ;
#702 = ORIENTED_EDGE ( 'NONE', *, *, #938, .T. ) ;
#703 = EDGE_LOOP ( 'NONE', ( #1432, #120, #1892, #1013 ) ) ;
#704 = MECHANICAL_DESIGN_GEOMETRIC_PRESENTATION_REPRESENTATION (  '', ( #1193 ), #1941 ) ;
#705 = CARTESIAN_POINT ( 'NONE',  ( -2.080000000000000515, 2.670000000000000373, 2.699999999999998401 ) ) ;
#706 = CARTESIAN_POINT ( 'NONE',  ( -2.080000000000000515, 2.782300788351221854, 2.551259182034467887 ) ) ;
#707 = EDGE_CURVE ( 'NONE', #102, #160, #1118, .T. ) ;
#708 = FACE_OUTER_BOUND ( 'NONE', #1492, .T. ) ;
#709 = CARTESIAN_POINT ( 'NONE',  ( 1.209999999999999298, 0.000000000000000000, 2.439999999999998170 ) ) ;
#710 = ORIENTED_EDGE ( 'NONE', *, *, #126, .F. ) ;
#711 = CARTESIAN_POINT ( 'NONE',  ( -2.080000000000001847, 2.670000000000000373, -2.684225011576272912 ) ) ;
#712 = LINE ( 'NONE', #545, #1093 ) ;
#713 = DIRECTION ( 'NONE',  ( -1.527045313359865723E-16, -0.000000000000000000, -1.000000000000000000 ) ) ;
#714 = VECTOR ( 'NONE', #1304, 1000.000000000000000 ) ;
#715 = VECTOR ( 'NONE', #721, 1000.000000000000000 ) ;
#716 = DIRECTION ( 'NONE',  ( -1.457167719820517959E-16, -6.339482406289404815E-17, 1.000000000000000222 ) ) ;
#717 = VECTOR ( 'NONE', #553, 1000.000000000000000 ) ;
#718 = CARTESIAN_POINT ( 'NONE',  ( 0.02000000000000016695, -1.379999999999999893, 2.200000000000000178 ) ) ;
#719 = CARTESIAN_POINT ( 'NONE',  ( 1.209999999999999298, 0.000000000000000000, 1.279999999999998694 ) ) ;
#720 = CARTESIAN_POINT ( 'NONE',  ( -2.360272631416468148, 2.799999999999999822, 2.179999999999997939 ) ) ;
#721 = DIRECTION ( 'NONE',  ( 1.000000000000000000, -0.000000000000000000, -0.000000000000000000 ) ) ;
#722 = CARTESIAN_POINT ( 'NONE',  ( -2.080000000000001847, 2.799999999999999822, -2.440000000000000835 ) ) ;
#723 = CARTESIAN_POINT ( 'NONE',  ( 1.155000000000003579, 1.699999999999999956, 2.699999999999997513 ) ) ;
#724 = DIRECTION ( 'NONE',  ( -1.000000000000000000, 0.000000000000000000, 8.673617379884089115E-15 ) ) ;
#725 = PLANE ( 'NONE',  #230 ) ;
#726 = ADVANCED_FACE ( 'NONE', ( #949 ), #2093, .T. ) ;
#727 = DIRECTION ( 'NONE',  ( 1.000000000000000000, 0.000000000000000000, -0.000000000000000000 ) ) ;
#728 = CARTESIAN_POINT ( 'NONE',  ( -2.584225011576273268, 2.670000000000000373, 2.179999999999997939 ) ) ;
#729 = ADVANCED_FACE ( 'NONE', ( #864 ), #195, .T. ) ;
#730 = CYLINDRICAL_SURFACE ( 'NONE', #2167, 0.2200000000000000289 ) ;
#731 = ORIENTED_EDGE ( 'NONE', *, *, #959, .F. ) ;
#732 = CARTESIAN_POINT ( 'NONE',  ( 2.360272631416465927, 0.000000000000000000, -2.180000000000001492 ) ) ;
#733 = CARTESIAN_POINT ( 'NONE',  ( 2.079999999999998295, 2.799999999999999822, -2.700000000000000622 ) ) ;
#734 = FACE_OUTER_BOUND ( 'NONE', #837, .T. ) ;
#735 = EDGE_CURVE ( 'NONE', #592, #1185, #1759, .T. ) ;
#736 = CARTESIAN_POINT ( 'NONE',  ( 2.599999999999998312, 2.669999999999999929, -2.180000000000001048 ) ) ;
#737 = CARTESIAN_POINT ( 'NONE',  ( 0.000000000000000000, 0.1000000000000005607, 8.673617379884035472E-16 ) ) ;
#738 = DIRECTION ( 'NONE',  ( -3.054090626719730460E-16, -0.000000000000000000, 1.000000000000000000 ) ) ;
#739 = FACE_OUTER_BOUND ( 'NONE', #1841, .T. ) ;
#740 = VERTEX_POINT ( 'NONE', #1733 ) ;
#741 = CARTESIAN_POINT ( 'NONE',  ( 0.02000000000000000389, 0.000000000000000000, 2.200000000000000178 ) ) ;
#742 = CARTESIAN_POINT ( 'NONE',  ( 2.333200254935296147, 0.08439231049719868316, -2.612239872198211188 ) ) ;
#743 = CARTESIAN_POINT ( 'NONE',  ( -2.080000000000000515, 2.782300788351221854, 2.551259182034467887 ) ) ;
#744 = CARTESIAN_POINT ( 'NONE',  ( -1.210000000000000187, 0.000000000000000000, 2.460272631416465572 ) ) ;
#745 = ORIENTED_EDGE ( 'NONE', *, *, #2067, .F. ) ;
#746 = CARTESIAN_POINT ( 'NONE',  ( -2.080000000000000515, 0.1299999999999998934, 2.699999999999997957 ) ) ;
#747 = DIRECTION ( 'NONE',  ( 0.000000000000000000, 1.000000000000000000, 0.000000000000000000 ) ) ;
#748 =( GEOMETRIC_REPRESENTATION_CONTEXT ( 3 ) GLOBAL_UNCERTAINTY_ASSIGNED_CONTEXT ( ( #1787 ) ) GLOBAL_UNIT_ASSIGNED_CONTEXT ( ( #148, #835, #649 ) ) REPRESENTATION_CONTEXT ( 'NONE', 'WORKASPACE' ) );
#749 = CARTESIAN_POINT ( 'NONE',  ( 2.080000000000000515, 0.1299999999999994771, -2.684225011576270692 ) ) ;
#750 = ORIENTED_EDGE ( 'NONE', *, *, #1584, .T. ) ;
#751 = CARTESIAN_POINT ( 'NONE',  ( 4.336808689942017736E-16, 0.1000000000000000056, -2.641050166233642749 ) ) ;
#752 = ADVANCED_FACE ( 'NONE', ( #50 ), #1027, .T. ) ;
#753 = ORIENTED_EDGE ( 'NONE', *, *, #596, .T. ) ;
#754 = DIRECTION ( 'NONE',  ( -0.000000000000000000, -0.000000000000000000, -1.000000000000000000 ) ) ;
#755 = CARTESIAN_POINT ( 'NONE',  ( 2.584225011576270603, 0.1299999999999994771, -2.180000000000001048 ) ) ;
#756 = CYLINDRICAL_SURFACE ( 'NONE', #437, 0.02000000000000000389 ) ;
#757 = EDGE_CURVE ( 'NONE', #1797, #740, #1990, .T. ) ;
#758 = EDGE_CURVE ( 'NONE', #525, #1881, #395, .T. ) ;
#759 = VERTEX_POINT ( 'NONE', #34 ) ;
#760 = CARTESIAN_POINT ( 'NONE',  ( -2.080000000000000515, 0.000000000000000000, 2.460272631416465572 ) ) ;
#761 = VECTOR ( 'NONE', #452, 1000.000000000000000 ) ;
#762 = CARTESIAN_POINT ( 'NONE',  ( 2.512239872198207102, 0.08439231049719866928, 2.180000000000000604 ) ) ;
#763 = CARTESIAN_POINT ( 'NONE',  ( 2.079999999999999183, 2.799999999999999822, 2.699999999999997957 ) ) ;
#764 = EDGE_LOOP ( 'NONE', ( #1242, #516, #2154, #1620, #1463, #2094, #267, #673, #1919, #658, #1777, #1373 ) ) ;
#765 = CARTESIAN_POINT ( 'NONE',  ( 2.079999999999998295, 2.669999999999999929, -2.180000000000000604 ) ) ;
#766 = B_SPLINE_SURFACE_WITH_KNOTS ( 'NONE', 3, 1, ( 
 ( #1418, #589 ),
 ( #1262, #1766 ),
 ( #576, #1613 ),
 ( #1253, #883 ),
 ( #252, #98 ),
 ( #1899, #385 ) ),
 .UNSPECIFIED., .F., .F., .F.,
 ( 4, 1, 1, 4 ),
 ( 2, 2 ),
 ( 0.000000000000000000, 0.4169857378744329379, 0.5359168502399547229, 1.000000000000000000 ),
 ( 0.000000000000000000, 1.000000000000000000 ),
 .UNSPECIFIED. ) ;
#767 = LINE ( 'NONE', #1446, #359 ) ;
#768 = FACE_OUTER_BOUND ( 'NONE', #897, .T. ) ;
#769 = B_SPLINE_CURVE_WITH_KNOTS ( 'NONE', 3,
 ( #2009, #1337, #679, #1711, #2028, #184 ),
 .UNSPECIFIED., .F., .F.,
 ( 4, 2, 4 ),
 ( 0.000000000000000000, 0.5000000000000000000, 1.000000000000000000 ),
 .UNSPECIFIED. ) ;
#770 = ORIENTED_EDGE ( 'NONE', *, *, #2066, .F. ) ;
#771 = CARTESIAN_POINT ( 'NONE',  ( 0.02000000000000000389, 0.02000000000000000389, 2.200000000000000178 ) ) ;
#772 = B_SPLINE_CURVE_WITH_KNOTS ( 'NONE', 3,
 ( #1228, #1384, #1567, #1395, #539, #1217 ),
 .UNSPECIFIED., .F., .F.,
 ( 4, 2, 4 ),
 ( 0.000000000000000000, 0.5000000000000000000, 1.000000000000000000 ),
 .UNSPECIFIED. ) ;
#773 =( BOUNDED_SURFACE ( )  B_SPLINE_SURFACE ( 3, 3, ( 
 ( #1680, #1330, #1194, #25 ),
 ( #844, #1527, #521, #699 ),
 ( #186, #2029, #1878, #332 ),
 ( #1026, #513, #194, #1184 ),
 ( #1867, #351, #863, #998 ),
 ( #167, #855, #549, #1406 ) ),
 .UNSPECIFIED., .F., .F., .F. ) 
 B_SPLINE_SURFACE_WITH_KNOTS ( ( 4, 1, 1, 4 ),
 ( 4, 4 ),
 ( 0.000000000000000000, 0.4169857378744329379, 0.5359168502399547229, 1.000000000000000000 ),
 ( 0.000000000000000000, 1.000000000000000000 ),
 .UNSPECIFIED. ) 
 GEOMETRIC_REPRESENTATION_ITEM ( )  RATIONAL_B_SPLINE_SURFACE ( (
 ( 1.000000000000000000, 0.8047378541243652705, 0.8047378541243652705, 1.000000000000000000),
 ( 1.000000000000000000, 0.8047378541243652705, 0.8047378541243652705, 1.000000000000000000),
 ( 1.000000000000000000, 0.8047378541243652705, 0.8047378541243652705, 1.000000000000000000),
 ( 1.000000000000000000, 0.8047378541243652705, 0.8047378541243652705, 1.000000000000000000),
 ( 1.000000000000000000, 0.8047378541243652705, 0.8047378541243652705, 1.000000000000000000),
 ( 1.000000000000000000, 0.8047378541243652705, 0.8047378541243652705, 1.000000000000000000) ) ) 
 REPRESENTATION_ITEM ( '' )  SURFACE ( )  );
#774 = FACE_OUTER_BOUND ( 'NONE', #318, .T. ) ;
#775 = VECTOR ( 'NONE', #2133, 1000.000000000000000 ) ;
#776 = EDGE_CURVE ( 'NONE', #473, #1444, #1568, .T. ) ;
#777 = CARTESIAN_POINT ( 'NONE',  ( -2.079999999999999627, 0.1299999999999994771, -2.699999999999998401 ) ) ;
#778 = FILL_AREA_STYLE ('',( #797 ) ) ;
#779 = ORIENTED_EDGE ( 'NONE', *, *, #613, .T. ) ;
#780 = VECTOR ( 'NONE', #622, 1000.000000000000000 ) ;
#781 = EDGE_CURVE ( 'NONE', #2082, #647, #470, .T. ) ;
#782 = CARTESIAN_POINT ( 'NONE',  ( 1.155000000000003579, 0.1300000000000003375, 2.699999999999997513 ) ) ;
#783 = ORIENTED_EDGE ( 'NONE', *, *, #1775, .F. ) ;
#784 = CARTESIAN_POINT ( 'NONE',  ( -1.210000000000000409, 0.000000000000000000, 2.439999999999998170 ) ) ;
#785 = ORIENTED_EDGE ( 'NONE', *, *, #1690, .T. ) ;
#786 = CARTESIAN_POINT ( 'NONE',  ( 2.512239872198207991, 2.715607689502801403, -2.180000000000001492 ) ) ;
#787 = CARTESIAN_POINT ( 'NONE',  ( 1.660184576618428665E-16, -1.359999999999999876, 0.000000000000000000 ) ) ;
#788 = EDGE_LOOP ( 'NONE', ( #1430, #1279, #1387, #133 ) ) ;
#789 = DIRECTION ( 'NONE',  ( -0.000000000000000000, 1.000000000000000000, -0.000000000000000000 ) ) ;
#790 = ORIENTED_EDGE ( 'NONE', *, *, #1396, .T. ) ;
#791 = SURFACE_STYLE_FILL_AREA ( #637 ) ;
#792 = CARTESIAN_POINT ( 'NONE',  ( -2.360272631416468148, 0.000000000000000000, 2.344179906321769202 ) ) ;
#793 =( REPRESENTATION_RELATIONSHIP ('NONE','NONE', #1904, #239 ) REPRESENTATION_RELATIONSHIP_WITH_TRANSFORMATION ( #1439 )SHAPE_REPRESENTATION_RELATIONSHIP( ) );
#794 = VERTEX_POINT ( 'NONE', #1889 ) ;
#795 = LINE ( 'NONE', #970, #192 ) ;
#796 = CARTESIAN_POINT ( 'NONE',  ( 2.080000000000000515, 0.000000000000000000, -2.440000000000000835 ) ) ;
#797 = FILL_AREA_STYLE_COLOUR ( '', #214 ) ;
#798 = EDGE_LOOP ( 'NONE', ( #1960, #702, #534, #1074 ) ) ;
#799 = PLANE ( 'NONE',  #1398 ) ;
#800 = VERTEX_POINT ( 'NONE', #1898 ) ;
#801 = FACE_OUTER_BOUND ( 'NONE', #171, .T. ) ;
#802 = EDGE_CURVE ( 'NONE', #1585, #815, #561, .T. ) ;
#803 = EDGE_LOOP ( 'NONE', ( #2173, #1275, #1630, #200 ) ) ;
#804 = PRODUCT ( 'FXL0530', 'FXL0530', '', ( #1947 ) ) ;
#805 = LINE ( 'NONE', #1864, #573 ) ;
#806 = DIRECTION ( 'NONE',  ( 0.000000000000000000, 0.000000000000000000, -1.000000000000000000 ) ) ;
#807 = AXIS2_PLACEMENT_3D ( 'NONE', #701, #1039, #1028 ) ;
#808 = VECTOR ( 'NONE', #434, 1000.000000000000000 ) ;
#809 = CARTESIAN_POINT ( 'NONE',  ( 1.155000000000003579, 1.699999999999999956, 2.649999999999997691 ) ) ;
#810 = ORIENTED_EDGE ( 'NONE', *, *, #1285, .T. ) ;
#811 = CARTESIAN_POINT ( 'NONE',  ( 2.079999999999999627, 0.000000000000000000, 2.439999999999998170 ) ) ;
#812 = VERTEX_POINT ( 'NONE', #231 ) ;
#813 = AXIS2_PLACEMENT_3D ( 'NONE', #1648, #1116, #806 ) ;
#814 = CARTESIAN_POINT ( 'NONE',  ( -2.340000000000000746, 0.000000000000000000, 2.179999999999997939 ) ) ;
#815 = VERTEX_POINT ( 'NONE', #894 ) ;
#816 = DIRECTION ( 'NONE',  ( 0.000000000000000000, -0.000000000000000000, -1.000000000000000000 ) ) ;
#817 = CARTESIAN_POINT ( 'NONE',  ( 1.155000000000003579, 0.1059178328973460065, -2.649999999999997691 ) ) ;
#818 = CARTESIAN_POINT ( 'NONE',  ( -2.080000000000001403, 2.782300788351221854, -2.551259182034470552 ) ) ;
#819 = ORIENTED_EDGE ( 'NONE', *, *, #126, .T. ) ;
#820 = CARTESIAN_POINT ( 'NONE',  ( -1.210000000000000409, 0.000000000000000000, 1.279999999999998694 ) ) ;
#821 = B_SPLINE_SURFACE_WITH_KNOTS ( 'NONE', 3, 1, ( 
 ( #616, #443 ),
 ( #1422, #1956 ),
 ( #1412, #111 ),
 ( #2100, #568 ),
 ( #2130, #1291 ),
 ( #1246, #76 ) ),
 .UNSPECIFIED., .F., .F., .F.,
 ( 4, 1, 1, 4 ),
 ( 2, 2 ),
 ( 0.000000000000000000, 0.4640831497600452771, 0.5830142621255670621, 1.000000000000000000 ),
 ( 0.000000000000000000, 1.000000000000000000 ),
 .UNSPECIFIED. ) ;
#822 = ORIENTED_EDGE ( 'NONE', *, *, #1775, .T. ) ;
#823 = COLOUR_RGB ( '',0.3058823529411764941, 0.3058823529411764941, 0.3058823529411764941 ) ;
#824 = FILL_AREA_STYLE ('',( #463 ) ) ;
#825 = AXIS2_PLACEMENT_3D ( 'NONE', #700, #384, #532 ) ;
#826 = CARTESIAN_POINT ( 'NONE',  ( -2.360272631416468148, 0.000000000000000000, 2.179999999999997939 ) ) ;
#827 = EDGE_LOOP ( 'NONE', ( #172, #1240, #1437, #615 ) ) ;
#828 = FACE_OUTER_BOUND ( 'NONE', #288, .T. ) ;
#829 = EDGE_CURVE ( 'NONE', #834, #1797, #374, .T. ) ;
#830 = ADVANCED_FACE ( 'NONE', ( #2081 ), #1723, .T. ) ;
#831 = CARTESIAN_POINT ( 'NONE',  ( -0.2000000000000000389, -1.305560116034628092E-16, 1.320000000000000062 ) ) ;
#832 = CARTESIAN_POINT ( 'NONE',  ( 2.079999999999999627, 2.782300788351221854, 2.551259182034467887 ) ) ;
#833 = VECTOR ( 'NONE', #1702, 1000.000000000000000 ) ;
#834 = VERTEX_POINT ( 'NONE', #540 ) ;
#835 =( NAMED_UNIT ( * ) PLANE_ANGLE_UNIT ( ) SI_UNIT ( $, .RADIAN. ) );
#836 = CARTESIAN_POINT ( 'NONE',  ( 1.209999999999999298, 0.1000000000000000056, 2.641050166233642749 ) ) ;
#837 = EDGE_LOOP ( 'NONE', ( #497, #1090, #1417, #1287 ) ) ;
#838 = ORIENTED_EDGE ( 'NONE', *, *, #1700, .T. ) ;
#839 = ORIENTED_EDGE ( 'NONE', *, *, #1151, .T. ) ;
#840 = CARTESIAN_POINT ( 'NONE',  ( -1.154999999999996252, 0.1059178328973462146, -2.649999999999998135 ) ) ;
#841 = B_SPLINE_SURFACE_WITH_KNOTS ( 'NONE', 3, 1, ( 
 ( #1447, #2121 ),
 ( #1111, #1794 ),
 ( #323, #1493 ),
 ( #1653, #2182 ),
 ( #1830, #136 ),
 ( #312, #976 ) ),
 .UNSPECIFIED., .F., .F., .F.,
 ( 4, 1, 1, 4 ),
 ( 2, 2 ),
 ( 0.000000000000000000, 0.4169857378744329379, 0.5359168502399547229, 1.000000000000000000 ),
 ( 0.000000000000000000, 1.000000000000000000 ),
 .UNSPECIFIED. ) ;
#842 = EDGE_CURVE ( 'NONE', #794, #146, #1239, .T. ) ;
#843 = DIRECTION ( 'NONE',  ( 0.000000000000000000, -0.000000000000000000, 1.000000000000000000 ) ) ;
#844 = CARTESIAN_POINT ( 'NONE',  ( 2.584225011576271047, 2.670000000000000373, -2.180000000000001492 ) ) ;
#845 = VERTEX_POINT ( 'NONE', #404 ) ;
#846 = VECTOR ( 'NONE', #330, 1000.000000000000000 ) ;
#847 = CARTESIAN_POINT ( 'NONE',  ( -2.340000000000002078, 0.000000000000000000, -2.332304473782995213 ) ) ;
#848 = EDGE_LOOP ( 'NONE', ( #138, #13, #1364, #1599 ) ) ;
#849 = CARTESIAN_POINT ( 'NONE',  ( -2.600000000000001421, 2.669999999999999929, -2.180000000000000604 ) ) ;
#850 = DIRECTION ( 'NONE',  ( -0.000000000000000000, -0.000000000000000000, -1.000000000000000000 ) ) ;
#851 = B_SPLINE_CURVE_WITH_KNOTS ( 'NONE', 3,
 ( #1079, #760, #1760, #1248, #1113, #746 ),
 .UNSPECIFIED., .F., .F.,
 ( 4, 1, 1, 4 ),
 ( 0.000000000000000000, 0.4640831497600452771, 0.5830142621255670621, 1.000000000000000000 ),
 .UNSPECIFIED. ) ;
#852 = ADVANCED_FACE ( 'NONE', ( #739 ), #1416, .T. ) ;
#853 = PRODUCT_DEFINITION_FORMATION_WITH_SPECIFIED_SOURCE ( 'ANY', '', #1954, .NOT_KNOWN. ) ;
#854 = LINE ( 'NONE', #2035, #846 ) ;
#855 = CARTESIAN_POINT ( 'NONE',  ( 2.339999999999998082, 2.800000000000000266, -2.332304473782996546 ) ) ;
#856 = CARTESIAN_POINT ( 'NONE',  ( 2.599999999999999645, 2.670000000000000373, 2.179999999999998384 ) ) ;
#857 = VERTEX_POINT ( 'NONE', #1409 ) ;
#858 = CARTESIAN_POINT ( 'NONE',  ( -2.600000000000001865, 2.670000000000000373, -2.180000000000000160 ) ) ;
#859 = VECTOR ( 'NONE', #1758, 1000.000000000000000 ) ;
#860 = CARTESIAN_POINT ( 'NONE',  ( -1.154999999999996252, 0.1059178328973457012, 2.649999999999998135 ) ) ;
#861 = CARTESIAN_POINT ( 'NONE',  ( -2.340000000000001634, 0.000000000000000000, -2.180000000000000604 ) ) ;
#862 = FACE_OUTER_BOUND ( 'NONE', #456, .T. ) ;
#863 = CARTESIAN_POINT ( 'NONE',  ( 2.244179906321769113, 2.800000000000000266, -2.460272631416468680 ) ) ;
#864 = FACE_OUTER_BOUND ( 'NONE', #694, .T. ) ;
#865 = PRODUCT_RELATED_PRODUCT_CATEGORY ( 'part', '', ( #432 ) ) ;
#866 = CARTESIAN_POINT ( 'NONE',  ( 2.079999999999999627, 2.782300788351221854, 2.551259182034467887 ) ) ;
#867 = ORIENTED_EDGE ( 'NONE', *, *, #1470, .T. ) ;
#868 = ORIENTED_EDGE ( 'NONE', *, *, #2135, .F. ) ;
#869 = CARTESIAN_POINT ( 'NONE',  ( -2.512239872198210655, 2.715607689502801403, 2.179999999999997939 ) ) ;
#870 = CARTESIAN_POINT ( 'NONE',  ( -1.154999999999996252, 1.699999999999999956, -2.649999999999998135 ) ) ;
#871 = DIRECTION ( 'NONE',  ( 1.000000000000000000, 0.000000000000000000, 0.000000000000000000 ) ) ;
#872 = CARTESIAN_POINT ( 'NONE',  ( 1.200000000000000178, -1.379999999999999671, 2.200000000000000178 ) ) ;
#873 = CARTESIAN_POINT ( 'NONE',  ( 2.148573155890565189, 2.799999999999999378, 2.439999999999996838 ) ) ;
#874 = CARTESIAN_POINT ( 'NONE',  ( 0.000000000000000000, 0.000000000000000000, 2.200000000000000178 ) ) ;
#875 = ORIENTED_EDGE ( 'NONE', *, *, #1911, .F. ) ;
#876 = ORIENTED_EDGE ( 'NONE', *, *, #1216, .F. ) ;
#877 = AXIS2_PLACEMENT_3D ( 'NONE', #1107, #450, #483 ) ;
#878 = DIRECTION ( 'NONE',  ( -0.000000000000000000, -0.000000000000000000, -1.000000000000000000 ) ) ;
#879 = DIRECTION ( 'NONE',  ( 8.673617379884089115E-15, 0.000000000000000000, 1.000000000000000000 ) ) ;
#880 = DIRECTION ( 'NONE',  ( 0.000000000000000000, 0.000000000000000000, -1.000000000000000000 ) ) ;
#881 = CARTESIAN_POINT ( 'NONE',  ( -2.080000000000000515, 0.1299999999999998934, 2.699999999999997957 ) ) ;
#882 = CARTESIAN_POINT ( 'NONE',  ( -2.451259182034470907, 2.782300788351221854, 2.179999999999997939 ) ) ;
#883 = CARTESIAN_POINT ( 'NONE',  ( -2.451259182034470907, 2.782300788351221854, 2.179999999999998828 ) ) ;
#884 = ORIENTED_EDGE ( 'NONE', *, *, #1286, .T. ) ;
#885 = CARTESIAN_POINT ( 'NONE',  ( 2.079999999999998295, 0.1299999999999994771, -2.684225011576272912 ) ) ;
#886 = LINE ( 'NONE', #2050, #1573 ) ;
#887 = CARTESIAN_POINT ( 'NONE',  ( -2.600000000000001421, 0.1299999999999998934, -2.180000000000000604 ) ) ;
#888 = EDGE_CURVE ( 'NONE', #1185, #1639, #406, .T. ) ;
#889 = EDGE_CURVE ( 'NONE', #12, #1514, #1600, .T. ) ;
#890 = CIRCLE ( 'NONE', #440, 0.5200000000000000178 ) ;
#891 = EDGE_CURVE ( 'NONE', #559, #1504, #1399, .T. ) ;
#892 = DIRECTION ( 'NONE',  ( -0.000000000000000000, 1.000000000000000000, -0.000000000000000000 ) ) ;
#893 = DIRECTION ( 'NONE',  ( 0.000000000000000000, 0.000000000000000000, -1.000000000000000000 ) ) ;
#894 = CARTESIAN_POINT ( 'NONE',  ( -2.340000000000000746, 2.799999999999999822, 2.179999999999997939 ) ) ;
#895 = EDGE_CURVE ( 'NONE', #1592, #1997, #1920, .T. ) ;
#896 = FACE_OUTER_BOUND ( 'NONE', #1101, .T. ) ;
#897 = EDGE_LOOP ( 'NONE', ( #1976, #1862, #1207, #790 ) ) ;
#898 = CARTESIAN_POINT ( 'NONE',  ( -2.340000000000002522, 2.800000000000000266, -2.332304473782995213 ) ) ;
#899 = CARTESIAN_POINT ( 'NONE',  ( 2.599999999999999645, 0.1299999999999994771, 2.179999999999998384 ) ) ;
#900 = CARTESIAN_POINT ( 'NONE',  ( 1.209999999999999298, 0.1000000000000000056, 1.279999999999998694 ) ) ;
#901 =( NAMED_UNIT ( * ) SI_UNIT ( $, .STERADIAN. ) SOLID_ANGLE_UNIT ( ) );
#902 = CARTESIAN_POINT ( 'NONE',  ( 0.000000000000000000, 0.000000000000000000, 0.000000000000000000 ) ) ;
#903 = DIRECTION ( 'NONE',  ( 0.000000000000000000, 0.000000000000000000, -1.000000000000000000 ) ) ;
#904 = ORIENTED_EDGE ( 'NONE', *, *, #1774, .F. ) ;
#905 = DIRECTION ( 'NONE',  ( -0.000000000000000000, -0.000000000000000000, -1.000000000000000000 ) ) ;
#906 = CARTESIAN_POINT ( 'NONE',  ( 2.451259182034468243, 0.01769921164877829092, -2.397478593680252068 ) ) ;
#907 = CARTESIAN_POINT ( 'NONE',  ( -2.297478593680251091, 2.782300788351221854, 2.551259182034468331 ) ) ;
#908 = DIRECTION ( 'NONE',  ( -0.000000000000000000, -1.000000000000000000, -0.000000000000000000 ) ) ;
#909 = AXIS2_PLACEMENT_3D ( 'NONE', #872, #727, #2080 ) ;
#910 = ORIENTED_EDGE ( 'NONE', *, *, #1851, .F. ) ;
#911 = LINE ( 'NONE', #421, #1336 ) ;
#912 = DIRECTION ( 'NONE',  ( 1.000000000000000000, 0.000000000000000000, 0.000000000000000000 ) ) ;
#913 = CARTESIAN_POINT ( 'NONE',  ( 1.209999999999999520, 0.000000000000000000, -2.439999999999998170 ) ) ;
#914 = EDGE_CURVE ( 'NONE', #1797, #1784, #1495, .T. ) ;
#915 = EDGE_CURVE ( 'NONE', #508, #845, #1386, .T. ) ;
#916 = CARTESIAN_POINT ( 'NONE',  ( -2.079999999999999627, 0.000000000000000000, -2.460272631416465572 ) ) ;
#917 = EDGE_LOOP ( 'NONE', ( #1519, #1030, #785, #1290 ) ) ;
#918 = CARTESIAN_POINT ( 'NONE',  ( -2.600000000000000533, 0.1299999999999998934, 2.179999999999997939 ) ) ;
#919 = ORIENTED_EDGE ( 'NONE', *, *, #1691, .F. ) ;
#920 = CARTESIAN_POINT ( 'NONE',  ( 2.232304473782993348, 0.000000000000000000, -2.440000000000001279 ) ) ;
#921 = CARTESIAN_POINT ( 'NONE',  ( -2.080000000000000515, 2.799999999999999822, 2.460272631416465572 ) ) ;
#922 = AXIS2_PLACEMENT_3D ( 'NONE', #737, #1740, #912 ) ;
#923 = FACE_OUTER_BOUND ( 'NONE', #453, .T. ) ;
#924 = EDGE_LOOP ( 'NONE', ( #1469, #2129, #331, #868 ) ) ;
#925 = CARTESIAN_POINT ( 'NONE',  ( 2.339999999999998526, 2.799999999999999822, -2.180000000000001048 ) ) ;
#926 = DIRECTION ( 'NONE',  ( -1.000000000000000000, 0.000000000000000000, 0.000000000000000000 ) ) ;
#927 = VECTOR ( 'NONE', #1515, 1000.000000000000000 ) ;
#928 = AXIS2_PLACEMENT_3D ( 'NONE', #1219, #1546, #1714 ) ;
#929 = CARTESIAN_POINT ( 'NONE',  ( -2.079999999999999627, 0.08439231049719866928, -2.612239872198208079 ) ) ;
#930 = ORIENTED_EDGE ( 'NONE', *, *, #643, .F. ) ;
#931 = CARTESIAN_POINT ( 'NONE',  ( -2.600000000000001421, 2.799999999999999822, -2.700000000000000622 ) ) ;
#932 = CARTESIAN_POINT ( 'NONE',  ( 1.155000000000003579, 1.699999999999999956, 2.649999999999997691 ) ) ;
#933 = CARTESIAN_POINT ( 'NONE',  ( -1.154999999999996252, 0.1059178328973462146, -2.649999999999998135 ) ) ;
#934 = ORIENTED_EDGE ( 'NONE', *, *, #802, .T. ) ;
#935 = DIRECTION ( 'NONE',  ( 1.220723953395903633E-16, -1.000000000000000000, 0.000000000000000000 ) ) ;
#936 = AXIS2_PLACEMENT_3D ( 'NONE', #765, #2128, #1322 ) ;
#937 = CARTESIAN_POINT ( 'NONE',  ( 2.079999999999997407, 0.01769921164877829092, 2.551259182034466555 ) ) ;
#938 = EDGE_CURVE ( 'NONE', #1650, #956, #1779, .T. ) ;
#939 = CARTESIAN_POINT ( 'NONE',  ( 2.080000000000000515, 0.000000000000000000, -2.439999999999998170 ) ) ;
#940 = CARTESIAN_POINT ( 'NONE',  ( -2.080000000000001403, 2.669999999999999929, -2.699999999999997957 ) ) ;
#941 = ORIENTED_EDGE ( 'NONE', *, *, #1080, .F. ) ;
#942 = DIRECTION ( 'NONE',  ( 1.000000000000000000, 0.000000000000000000, 1.877406359282258343E-16 ) ) ;
#943 = ORIENTED_EDGE ( 'NONE', *, *, #45, .F. ) ;
#944 = DIRECTION ( 'NONE',  ( -0.000000000000000000, 1.000000000000000000, -0.000000000000000000 ) ) ;
#945 = ORIENTED_EDGE ( 'NONE', *, *, #503, .T. ) ;
#946 = CARTESIAN_POINT ( 'NONE',  ( -1.154999999999996252, 1.699999999999999956, 2.649999999999998135 ) ) ;
#947 = CARTESIAN_POINT ( 'NONE',  ( 2.360272631416463707, 0.000000000000000000, 2.344179906321770535 ) ) ;
#948 = VECTOR ( 'NONE', #1009, 1000.000000000000000 ) ;
#949 = FACE_OUTER_BOUND ( 'NONE', #1853, .T. ) ;
#950 = FACE_OUTER_BOUND ( 'NONE', #1496, .T. ) ;
#951 = VERTEX_POINT ( 'NONE', #416 ) ;
#952 = CARTESIAN_POINT ( 'NONE',  ( -2.080000000000001403, 0.1299999999999998934, -2.699999999999997957 ) ) ;
#953 = ORIENTED_EDGE ( 'NONE', *, *, #353, .T. ) ;
#954 = AXIS2_PLACEMENT_3D ( 'NONE', #2115, #270, #1926 ) ;
#955 = CARTESIAN_POINT ( 'NONE',  ( -2.584225011576273268, 0.1299999999999994771, 2.179999999999997939 ) ) ;
#956 = VERTEX_POINT ( 'NONE', #1569 ) ;
#957 = CARTESIAN_POINT ( 'NONE',  ( -1.209999999999999742, 0.1000000000000000056, -2.641050166233642749 ) ) ;
#958 = ITEM_DEFINED_TRANSFORMATION ( 'NONE', 'NONE', #922,  #1499 ) ;
#959 = EDGE_CURVE ( 'NONE', #10, #2122, #2096, .T. ) ;
#960 = CARTESIAN_POINT ( 'NONE',  ( 2.512239872198208879, 2.715607689502801403, 2.179999999999998384 ) ) ;
#961 = PRODUCT_DEFINITION_SHAPE ( 'NONE', 'NONE',  #1456 ) ;
#962 = ADVANCED_FACE ( 'NONE', ( #52 ), #730, .T. ) ;
#963 = CARTESIAN_POINT ( 'NONE',  ( -2.340000000000000746, 2.799999999999999822, 2.179999999999997939 ) ) ;
#964 = ORIENTED_EDGE ( 'NONE', *, *, #692, .T. ) ;
#965 = FACE_OUTER_BOUND ( 'NONE', #917, .T. ) ;
#966 = VERTEX_POINT ( 'NONE', #1734 ) ;
#967 = SURFACE_STYLE_USAGE ( .BOTH. , #125 ) ;
#968 = CARTESIAN_POINT ( 'NONE',  ( 1.155000000000003579, 0.1059178328973462146, 2.649999999999997691 ) ) ;
#969 = ORIENTED_EDGE ( 'NONE', *, *, #69, .F. ) ;
#970 = CARTESIAN_POINT ( 'NONE',  ( -1.154999999999996252, 1.699999999999999956, -2.649999999999998135 ) ) ;
#971 = PLANE ( 'NONE',  #153 ) ;
#972 = CARTESIAN_POINT ( 'NONE',  ( 1.155000000000003579, 1.699999999999999956, -2.649999999999997691 ) ) ;
#973 = ORIENTED_EDGE ( 'NONE', *, *, #1152, .T. ) ;
#974 = CARTESIAN_POINT ( 'NONE',  ( -2.080000000000000515, 0.000000000000000000, 2.439999999999998170 ) ) ;
#975 = ORIENTED_EDGE ( 'NONE', *, *, #683, .F. ) ;
#976 = CARTESIAN_POINT ( 'NONE',  ( -2.079999999999999627, 2.799999999999999822, -2.439999999999998170 ) ) ;
#977 = CARTESIAN_POINT ( 'NONE',  ( 1.200000000000000178, -1.579999999999999849, 0.000000000000000000 ) ) ;
#978 = ORIENTED_EDGE ( 'NONE', *, *, #1071, .F. ) ;
#979 = CARTESIAN_POINT ( 'NONE',  ( -2.297478593680252867, 0.01769921164877829092, -2.551259182034469664 ) ) ;
#980 = PRODUCT_CONTEXT ( 'NONE', #1358, 'mechanical' ) ;
#981 = FACE_OUTER_BOUND ( 'NONE', #1863, .T. ) ;
#982 = AXIS2_PLACEMENT_3D ( 'NONE', #308, #203, #871 ) ;
#983 = SURFACE_STYLE_FILL_AREA ( #778 ) ;
#984 = VERTEX_POINT ( 'NONE', #1745 ) ;
#985 = EDGE_CURVE ( 'NONE', #102, #759, #262, .T. ) ;
#986 = CARTESIAN_POINT ( 'NONE',  ( 2.080000000000000515, 2.799999999999999822, -2.440000000000000835 ) ) ;
#987 = ORIENTED_EDGE ( 'NONE', *, *, #2138, .F. ) ;
#988 = ADVANCED_FACE ( 'NONE', ( #896 ), #220, .F. ) ;
#989 = LINE ( 'NONE', #1672, #927 ) ;
#990 = ADVANCED_FACE ( 'NONE', ( #1084 ), #72, .F. ) ;
#991 = CARTESIAN_POINT ( 'NONE',  ( 2.584225011576268383, 2.670000000000000373, 2.475368173293649221 ) ) ;
#992 = EDGE_LOOP ( 'NONE', ( #420, #2160, #1266, #1257 ) ) ;
#993 = CARTESIAN_POINT ( 'NONE',  ( -2.600000000000002753, 0.1299999999999994771, -2.484608947565991155 ) ) ;
#994 =( GEOMETRIC_REPRESENTATION_CONTEXT ( 3 ) GLOBAL_UNCERTAINTY_ASSIGNED_CONTEXT ( ( #1477 ) ) GLOBAL_UNIT_ASSIGNED_CONTEXT ( ( #79, #2077, #901 ) ) REPRESENTATION_CONTEXT ( 'NONE', 'WORKASPACE' ) );
#995 = CARTESIAN_POINT ( 'NONE',  ( 2.080000000000000515, 2.799999999999999822, -2.439999999999998170 ) ) ;
#996 =( BOUNDED_CURVE ( )  B_SPLINE_CURVE ( 3, ( #106, #119, #317, #1297 ),
 .UNSPECIFIED., .F., .F. ) 
 B_SPLINE_CURVE_WITH_KNOTS ( ( 4, 4 ),
 ( 0.000000000000000000, 1.000000000000000000 ),
 .UNSPECIFIED. ) 
 CURVE ( )  GEOMETRIC_REPRESENTATION_ITEM ( )  RATIONAL_B_SPLINE_CURVE ( ( 1.000000000000000000, 0.8047378541243652705, 0.8047378541243652705, 1.000000000000000000 ) ) 
 REPRESENTATION_ITEM ( '' )  );
#997 = ORIENTED_EDGE ( 'NONE', *, *, #144, .T. ) ;
#998 = CARTESIAN_POINT ( 'NONE',  ( 2.079999999999998295, 2.799999999999999822, -2.460272631416468236 ) ) ;
#999 = ORIENTED_EDGE ( 'NONE', *, *, #1938, .T. ) ;
#1000 = VECTOR ( 'NONE', #1371, 1000.000000000000000 ) ;
#1001 = VECTOR ( 'NONE', #89, 1000.000000000000000 ) ;
#1002 = CARTESIAN_POINT ( 'NONE',  ( 2.451259182034467354, 2.782300788351221854, 2.180000000000000604 ) ) ;
#1003 = ORIENTED_EDGE ( 'NONE', *, *, #1421, .F. ) ;
#1004 = VERTEX_POINT ( 'NONE', #1221 ) ;
#1005 = ORIENTED_EDGE ( 'NONE', *, *, #1619, .T. ) ;
#1006 = CARTESIAN_POINT ( 'NONE',  ( 2.339999999999997637, 0.000000000000000000, 2.179999999999998384 ) ) ;
#1007 = ADVANCED_FACE ( 'NONE', ( #1431 ), #766, .F. ) ;
#1008 = ADVANCED_FACE ( 'NONE', ( #310 ), #122, .F. ) ;
#1009 = DIRECTION ( 'NONE',  ( -1.000000000000000000, -0.000000000000000000, -0.000000000000000000 ) ) ;
#1010 = CARTESIAN_POINT ( 'NONE',  ( -2.080000000000001403, 2.669999999999999929, -2.180000000000000604 ) ) ;
#1011 = ORIENTED_EDGE ( 'NONE', *, *, #895, .F. ) ;
#1012 = CARTESIAN_POINT ( 'NONE',  ( 2.079999999999999627, 2.670000000000000373, 2.684225011576270692 ) ) ;
#1013 = ORIENTED_EDGE ( 'NONE', *, *, #327, .F. ) ;
#1014 = CARTESIAN_POINT ( 'NONE',  ( -2.375368173293650909, 2.670000000000000373, -2.684225011576272912 ) ) ;
#1015 = CARTESIAN_POINT ( 'NONE',  ( 0.02000000000000000389, 0.02000000000000000389, 2.200000000000000178 ) ) ;
#1016 = LINE ( 'NONE', #520, #2079 ) ;
#1017 = CARTESIAN_POINT ( 'NONE',  ( 2.079999999999999627, 2.715607689502801403, 2.612239872198208079 ) ) ;
#1018 = ORIENTED_EDGE ( 'NONE', *, *, #212, .F. ) ;
#1019 = CARTESIAN_POINT ( 'NONE',  ( 2.512239872198208879, 2.715607689502801403, 2.179999999999998384 ) ) ;
#1020 = ORIENTED_EDGE ( 'NONE', *, *, #1094, .T. ) ;
#1021 = LINE ( 'NONE', #1374, #465 ) ;
#1022 = FACE_OUTER_BOUND ( 'NONE', #1671, .T. ) ;
#1023 = DIRECTION ( 'NONE',  ( -1.000000000000000000, 0.000000000000000000, -0.000000000000000000 ) ) ;
#1024 = VERTEX_POINT ( 'NONE', #1989 ) ;
#1025 = PLANE ( 'NONE',  #1666 ) ;
#1026 = CARTESIAN_POINT ( 'NONE',  ( 2.451259182034468687, 2.782300788351221854, -2.180000000000001492 ) ) ;
#1027 = PLANE ( 'NONE',  #825 ) ;
#1028 = DIRECTION ( 'NONE',  ( 0.000000000000000000, -0.000000000000000000, 1.000000000000000000 ) ) ;
#1029 = ORIENTED_EDGE ( 'NONE', *, *, #985, .T. ) ;
#1030 = ORIENTED_EDGE ( 'NONE', *, *, #1478, .F. ) ;
#1031 = AXIS2_PLACEMENT_3D ( 'NONE', #2166, #662, #498 ) ;
#1032 = VECTOR ( 'NONE', #86, 1000.000000000000000 ) ;
#1033 = CARTESIAN_POINT ( 'NONE',  ( -1.154999999999996696, 0.1299999999999998934, 2.699999999999997957 ) ) ;
#1034 = DIRECTION ( 'NONE',  ( 1.220723953395903879E-16, -1.000000000000000000, 0.000000000000000000 ) ) ;
#1035 = PLANE ( 'NONE',  #147 ) ;
#1036 = CARTESIAN_POINT ( 'NONE',  ( 2.512239872198207991, 0.08439231049719866928, -2.180000000000001492 ) ) ;
#1037 = DIRECTION ( 'NONE',  ( 1.000000000000000000, 0.000000000000000000, 0.000000000000000000 ) ) ;
#1038 = AXIS2_PLACEMENT_3D ( 'NONE', #1837, #2119, #1143 ) ;
#1039 = DIRECTION ( 'NONE',  ( 0.000000000000000000, 1.000000000000000000, 0.000000000000000000 ) ) ;
#1040 = ORIENTED_EDGE ( 'NONE', *, *, #389, .T. ) ;
#1041 = EDGE_LOOP ( 'NONE', ( #875, #325, #1859, #934 ) ) ;
#1042 = FACE_OUTER_BOUND ( 'NONE', #827, .T. ) ;
#1043 = DIRECTION ( 'NONE',  ( -0.000000000000000000, -0.000000000000000000, -1.000000000000000000 ) ) ;
#1044 = CARTESIAN_POINT ( 'NONE',  ( -1.210000000000000187, 0.000000000000000000, -1.279999999999999805 ) ) ;
#1045 = CARTESIAN_POINT ( 'NONE',  ( 0.02000000000000000389, 0.01999999999999999695, 0.8799999999999998934 ) ) ;
#1046 = CARTESIAN_POINT ( 'NONE',  ( 1.209999999999999520, 0.1000000000000000056, -1.279999999999998916 ) ) ;
#1047 =( BOUNDED_SURFACE ( )  B_SPLINE_SURFACE ( 3, 3, ( 
 ( #63, #1243, #920, #1930 ),
 ( #732, #74, #1066, #242 ),
 ( #1746, #906, #1076, #1943 ),
 ( #1263, #2120, #742, #590 ),
 ( #1602, #1912, #1410, #885 ),
 ( #2109, #1570, #1086, #1614 ) ),
 .UNSPECIFIED., .F., .F., .F. ) 
 B_SPLINE_SURFACE_WITH_KNOTS ( ( 4, 1, 1, 4 ),
 ( 4, 4 ),
 ( 0.000000000000000000, 0.4640831497600452771, 0.5830142621255670621, 1.000000000000000000 ),
 ( 0.000000000000000000, 1.000000000000000000 ),
 .UNSPECIFIED. ) 
 GEOMETRIC_REPRESENTATION_ITEM ( )  RATIONAL_B_SPLINE_SURFACE ( (
 ( 1.000000000000000000, 0.8047378541243652705, 0.8047378541243652705, 1.000000000000000000),
 ( 1.000000000000000000, 0.8047378541243652705, 0.8047378541243652705, 1.000000000000000000),
 ( 1.000000000000000000, 0.8047378541243652705, 0.8047378541243652705, 1.000000000000000000),
 ( 1.000000000000000000, 0.8047378541243652705, 0.8047378541243652705, 1.000000000000000000),
 ( 1.000000000000000000, 0.8047378541243652705, 0.8047378541243652705, 1.000000000000000000),
 ( 1.000000000000000000, 0.8047378541243652705, 0.8047378541243652705, 1.000000000000000000) ) ) 
 REPRESENTATION_ITEM ( '' )  SURFACE ( )  );
#1048 = CARTESIAN_POINT ( 'NONE',  ( -1.154999999999996696, 1.699999999999999956, -2.699999999999997957 ) ) ;
#1049 = EDGE_CURVE ( 'NONE', #2176, #1804, #1626, .T. ) ;
#1050 = EDGE_CURVE ( 'NONE', #508, #559, #1288, .T. ) ;
#1051 = ORIENTED_EDGE ( 'NONE', *, *, #2007, .F. ) ;
#1052 = CARTESIAN_POINT ( 'NONE',  ( -2.360272631416469036, 2.799999999999999822, -2.180000000000000160 ) ) ;
#1053 = VECTOR ( 'NONE', #1798, 1000.000000000000000 ) ;
#1054 = LINE ( 'NONE', #1224, #7 ) ;
#1055 = PRODUCT_RELATED_PRODUCT_CATEGORY ( 'part', '', ( #804 ) ) ;
#1056 = EDGE_CURVE ( 'NONE', #1024, #1517, #1134, .T. ) ;
#1057 = FACE_OUTER_BOUND ( 'NONE', #1685, .T. ) ;
#1058 = AXIS2_PLACEMENT_3D ( 'NONE', #448, #306, #1622 ) ;
#1059 =( NAMED_UNIT ( * ) PLANE_ANGLE_UNIT ( ) SI_UNIT ( $, .RADIAN. ) );
#1060 = LINE ( 'NONE', #1741, #247 ) ;
#1061 = ADVANCED_FACE ( 'NONE', ( #965 ), #799, .T. ) ;
#1062 = AXIS2_PLACEMENT_3D ( 'NONE', #1426, #1382, #1729 ) ;
#1063 = FACE_OUTER_BOUND ( 'NONE', #151, .T. ) ;
#1064 = CARTESIAN_POINT ( 'NONE',  ( 1.209999999999999298, 0.1000000000000000056, 2.641050166233642749 ) ) ;
#1065 = DIRECTION ( 'NONE',  ( -1.000000000000000000, 0.000000000000000000, 0.000000000000000000 ) ) ;
#1066 = CARTESIAN_POINT ( 'NONE',  ( 2.244179906321769113, 0.000000000000000000, -2.460272631416468680 ) ) ;
#1067 = CARTESIAN_POINT ( 'NONE',  ( -2.375368173293650020, 2.670000000000000373, 2.684225011576270692 ) ) ;
#1068 = DIRECTION ( 'NONE',  ( 0.000000000000000000, -1.000000000000000000, 0.000000000000000000 ) ) ;
#1069 = AXIS2_PLACEMENT_3D ( 'NONE', #1842, #139, #1475 ) ;
#1070 = PRESENTATION_STYLE_ASSIGNMENT (( #412 ) ) ;
#1071 = EDGE_CURVE ( 'NONE', #759, #180, #1480, .T. ) ;
#1072 = FACE_OUTER_BOUND ( 'NONE', #848, .T. ) ;
#1073 = CARTESIAN_POINT ( 'NONE',  ( 1.209999999999999520, 0.08908390417750511325, 2.624948717045785695 ) ) ;
#1074 = ORIENTED_EDGE ( 'NONE', *, *, #842, .T. ) ;
#1075 = CARTESIAN_POINT ( 'NONE',  ( 1.155000000000003579, 1.699999999999999956, -2.699999999999997513 ) ) ;
#1076 = CARTESIAN_POINT ( 'NONE',  ( 2.297478593680248427, 0.01769921164877829092, -2.551259182034470996 ) ) ;
#1077 = CARTESIAN_POINT ( 'NONE',  ( -2.360272631416468148, 2.800000000000000266, 2.344179906321769202 ) ) ;
#1078 = LINE ( 'NONE', #900, #1389 ) ;
#1079 = CARTESIAN_POINT ( 'NONE',  ( -2.080000000000000515, 0.000000000000000000, 2.439999999999998170 ) ) ;
#1080 = EDGE_CURVE ( 'NONE', #618, #525, #1597, .T. ) ;
#1081 = CARTESIAN_POINT ( 'NONE',  ( 1.209999999999999298, 0.000000000000000000, 1.279999999999998694 ) ) ;
#1082 = DIRECTION ( 'NONE',  ( 1.000000000000000000, 0.000000000000000000, 0.000000000000000000 ) ) ;
#1083 = ORIENTED_EDGE ( 'NONE', *, *, #1584, .F. ) ;
#1084 = FACE_OUTER_BOUND ( 'NONE', #1753, .T. ) ;
#1085 = B_SPLINE_CURVE_WITH_KNOTS ( 'NONE', 3,
 ( #500, #1361, #1017, #832, #1693, #1349 ),
 .UNSPECIFIED., .F., .F.,
 ( 4, 1, 1, 4 ),
 ( 0.000000000000000000, 0.4169857378744329379, 0.5359168502399547229, 1.000000000000000000 ),
 .UNSPECIFIED. ) ;
#1086 = CARTESIAN_POINT ( 'NONE',  ( 2.384608947565988402, 0.1299999999999994771, -2.700000000000001510 ) ) ;
#1087 = CARTESIAN_POINT ( 'NONE',  ( 2.584225011576271491, 0.1299999999999994771, 2.179999999999998384 ) ) ;
#1088 = CARTESIAN_POINT ( 'NONE',  ( 0.02000000000000000389, 0.02000000000000000389, 0.000000000000000000 ) ) ;
#1089 = AXIS2_PLACEMENT_3D ( 'NONE', #1844, #1866, #340 ) ;
#1090 = ORIENTED_EDGE ( 'NONE', *, *, #2026, .F. ) ;
#1091 = CARTESIAN_POINT ( 'NONE',  ( 0.02000000000000001776, 0.2200000000000000011, 0.8799999999999998934 ) ) ;
#1092 = DIRECTION ( 'NONE',  ( 3.054090626719730460E-16, 0.000000000000000000, -1.000000000000000000 ) ) ;
#1093 = VECTOR ( 'NONE', #878, 1000.000000000000000 ) ;
#1094 = EDGE_CURVE ( 'NONE', #4, #62, #1109, .T. ) ;
#1095 = CARTESIAN_POINT ( 'NONE',  ( -2.080000000000000515, 2.799999999999999822, 2.439999999999998170 ) ) ;
#1096 = ORIENTED_EDGE ( 'NONE', *, *, #41, .T. ) ;
#1097 = DIRECTION ( 'NONE',  ( 0.000000000000000000, -1.000000000000000000, 0.000000000000000000 ) ) ;
#1098 = DIRECTION ( 'NONE',  ( 0.000000000000000000, 1.000000000000000000, 0.000000000000000000 ) ) ;
#1099 = LINE ( 'NONE', #1256, #537 ) ;
#1100 = EDGE_CURVE ( 'NONE', #436, #261, #1115, .T. ) ;
#1101 = EDGE_LOOP ( 'NONE', ( #355, #999, #997, #1845 ) ) ;
#1102 = LINE ( 'NONE', #1091, #1629 ) ;
#1103 = CARTESIAN_POINT ( 'NONE',  ( 2.079999999999997407, 0.000000000000000000, 2.439999999999996838 ) ) ;
#1104 = VECTOR ( 'NONE', #1034, 1000.000000000000000 ) ;
#1105 = VECTOR ( 'NONE', #1037, 1000.000000000000000 ) ;
#1106 = FACE_OUTER_BOUND ( 'NONE', #685, .T. ) ;
#1107 = CARTESIAN_POINT ( 'NONE',  ( -2.600000000000000533, 2.799999999999999822, 2.699999999999997957 ) ) ;
#1108 = ORIENTED_EDGE ( 'NONE', *, *, #1619, .F. ) ;
#1109 = LINE ( 'NONE', #474, #2178 ) ;
#1110 = ORIENTED_EDGE ( 'NONE', *, *, #1690, .F. ) ;
#1111 = CARTESIAN_POINT ( 'NONE',  ( 2.080000000000000515, 2.670000000000000373, -2.684225011576270692 ) ) ;
#1112 = ORIENTED_EDGE ( 'NONE', *, *, #569, .F. ) ;
#1113 = CARTESIAN_POINT ( 'NONE',  ( -2.080000000000000515, 0.1299999999999994771, 2.684225011576270692 ) ) ;
#1114 = PRODUCT_CONTEXT ( 'NONE', #1245, 'mechanical' ) ;
#1115 = CIRCLE ( 'NONE', #936, 0.5200000000000000178 ) ;
#1116 = DIRECTION ( 'NONE',  ( 0.000000000000000000, -1.000000000000000000, 0.000000000000000000 ) ) ;
#1117 = UNCERTAINTY_MEASURE_WITH_UNIT (LENGTH_MEASURE( 1.000000000000000082E-05 ), #659, 'distance_accuracy_value', 'NONE');
#1118 = LINE ( 'NONE', #1801, #1319 ) ;
#1119 = ORIENTED_EDGE ( 'NONE', *, *, #1910, .F. ) ;
#1120 = CARTESIAN_POINT ( 'NONE',  ( 1.155000000000003579, 1.699999999999999956, -2.699999999999997513 ) ) ;
#1121 = B_SPLINE_SURFACE_WITH_KNOTS ( 'NONE', 3, 1, ( 
 ( #939, #1623 ),
 ( #609, #916 ),
 ( #1776, #105 ),
 ( #1598, #929 ),
 ( #749, #1939 ),
 ( #424, #777 ) ),
 .UNSPECIFIED., .F., .F., .F.,
 ( 4, 1, 1, 4 ),
 ( 2, 2 ),
 ( 0.000000000000000000, 0.4640831497600452771, 0.5830142621255670621, 1.000000000000000000 ),
 ( 0.000000000000000000, 1.000000000000000000 ),
 .UNSPECIFIED. ) ;
#1122 = VERTEX_POINT ( 'NONE', #811 ) ;
#1123 = DIRECTION ( 'NONE',  ( -1.837630800822889059E-16, 1.000000000000000000, 0.000000000000000000 ) ) ;
#1124 = ADVANCED_FACE ( 'NONE', ( #287 ), #1156, .T. ) ;
#1125 = CARTESIAN_POINT ( 'NONE',  ( -2.512239872198211099, 0.08439231049719868316, 2.433200254935296236 ) ) ;
#1126 = VERTEX_POINT ( 'NONE', #952 ) ;
#1127 = DIRECTION ( 'NONE',  ( 1.000000000000000000, 0.000000000000000000, 0.000000000000000000 ) ) ;
#1128 = EDGE_CURVE ( 'NONE', #2049, #525, #1641, .T. ) ;
#1129 = DIRECTION ( 'NONE',  ( 1.000000000000000000, 0.000000000000000000, 0.000000000000000000 ) ) ;
#1130 = CARTESIAN_POINT ( 'NONE',  ( 2.599999999999998312, 2.799999999999999822, -2.700000000000000622 ) ) ;
#1131 = SURFACE_SIDE_STYLE ('',( #983 ) ) ;
#1132 = EDGE_CURVE ( 'NONE', #1126, #1514, #1436, .T. ) ;
#1133 = ORIENTED_EDGE ( 'NONE', *, *, #596, .F. ) ;
#1134 = LINE ( 'NONE', #2148, #381 ) ;
#1135 = ORIENTED_EDGE ( 'NONE', *, *, #1825, .T. ) ;
#1136 = CARTESIAN_POINT ( 'NONE',  ( -1.209999999999999520, 0.08908390417750511325, -2.624948717045785695 ) ) ;
#1137 = ORIENTED_EDGE ( 'NONE', *, *, #502, .F. ) ;
#1138 = CARTESIAN_POINT ( 'NONE',  ( -2.451259182034472239, 0.01769921164877829092, -2.397478593680250736 ) ) ;
#1139 = CARTESIAN_POINT ( 'NONE',  ( 2.584225011576271491, 2.670000000000000373, 2.179999999999998384 ) ) ;
#1140 = PRESENTATION_LAYER_ASSIGNMENT (  '', '', ( #2027 ) ) ;
#1141 = CARTESIAN_POINT ( 'NONE',  ( -1.210000000000000187, 0.1000000000000000056, -1.279999999999999805 ) ) ;
#1142 = ORIENTED_EDGE ( 'NONE', *, *, #1381, .T. ) ;
#1143 = DIRECTION ( 'NONE',  ( 0.000000000000000000, 0.000000000000000000, 1.000000000000000000 ) ) ;
#1144 = ORIENTED_EDGE ( 'NONE', *, *, #1636, .F. ) ;
#1145 = DIRECTION ( 'NONE',  ( -1.000000000000000000, -1.837630800822889059E-16, 0.000000000000000000 ) ) ;
#1146 = CARTESIAN_POINT ( 'NONE',  ( 2.232304473782991572, 2.800000000000000266, 2.439999999999997726 ) ) ;
#1147 = VERTEX_POINT ( 'NONE', #986 ) ;
#1148 = DIRECTION ( 'NONE',  ( -8.673617379884087537E-15, 0.000000000000000000, -1.000000000000000000 ) ) ;
#1149 = ADVANCED_FACE ( 'NONE', ( #1491 ), #625, .F. ) ;
#1150 = CYLINDRICAL_SURFACE ( 'NONE', #813, 0.5200000000000000178 ) ;
#1151 = EDGE_CURVE ( 'NONE', #160, #180, #1617, .T. ) ;
#1152 = EDGE_CURVE ( 'NONE', #1988, #1802, #1651, .T. ) ;
#1153 = CARTESIAN_POINT ( 'NONE',  ( 1.155000000000003579, 1.699999999999999956, 2.649999999999997691 ) ) ;
#1154 =( BOUNDED_CURVE ( )  B_SPLINE_CURVE ( 3, ( #1205, #178, #847, #27 ),
 .UNSPECIFIED., .F., .F. ) 
 B_SPLINE_CURVE_WITH_KNOTS ( ( 4, 4 ),
 ( 0.000000000000000000, 1.000000000000000000 ),
 .UNSPECIFIED. ) 
 CURVE ( )  GEOMETRIC_REPRESENTATION_ITEM ( )  RATIONAL_B_SPLINE_CURVE ( ( 1.000000000000000000, 0.8047378541243652705, 0.8047378541243652705, 1.000000000000000000 ) ) 
 REPRESENTATION_ITEM ( '' )  );
#1155 = EDGE_LOOP ( 'NONE', ( #602, #978, #302, #290 ) ) ;
#1156 = PLANE ( 'NONE',  #1038 ) ;
#1157 = ORIENTED_EDGE ( 'NONE', *, *, #1172, .T. ) ;
#1158 = FACE_OUTER_BOUND ( 'NONE', #1625, .T. ) ;
#1159 = CARTESIAN_POINT ( 'NONE',  ( -2.340000000000001190, 0.000000000000000000, 2.332304473782993437 ) ) ;
#1160 = ORIENTED_EDGE ( 'NONE', *, *, #1754, .F. ) ;
#1161 = B_SPLINE_SURFACE_WITH_KNOTS ( 'NONE', 3, 1, ( 
 ( #1715, #197 ),
 ( #1869, #1012 ),
 ( #1372, #1696 ),
 ( #1724, #866 ),
 ( #506, #376 ),
 ( #1549, #1362 ) ),
 .UNSPECIFIED., .F., .F., .F.,
 ( 4, 1, 1, 4 ),
 ( 2, 2 ),
 ( 0.000000000000000000, 0.4169857378744329379, 0.5359168502399547229, 1.000000000000000000 ),
 ( 0.000000000000000000, 1.000000000000000000 ),
 .UNSPECIFIED. ) ;
#1162 = CARTESIAN_POINT ( 'NONE',  ( -2.584225011576274156, 0.1299999999999994771, -2.180000000000000160 ) ) ;
#1163 =( REPRESENTATION_RELATIONSHIP ('NONE','NONE', #1904, #1440 ) REPRESENTATION_RELATIONSHIP_WITH_TRANSFORMATION ( #958 )SHAPE_REPRESENTATION_RELATIONSHIP( ) );
#1164 = VECTOR ( 'NONE', #570, 1000.000000000000000 ) ;
#1165 = DIRECTION ( 'NONE',  ( 1.000000000000000000, 0.000000000000000000, -0.000000000000000000 ) ) ;
#1166 = ORIENTED_EDGE ( 'NONE', *, *, #1056, .T. ) ;
#1167 = DIRECTION ( 'NONE',  ( -1.000000000000000000, 0.000000000000000000, -3.584139413175222243E-16 ) ) ;
#1168 = EDGE_LOOP ( 'NONE', ( #97, #1323, #1979, #299 ) ) ;
#1169 = CARTESIAN_POINT ( 'NONE',  ( 2.384608947565987069, 2.670000000000000373, 2.699999999999997513 ) ) ;
#1170 = ORIENTED_EDGE ( 'NONE', *, *, #1381, .F. ) ;
#1171 = CARTESIAN_POINT ( 'NONE',  ( -2.080000000000001847, 0.1299999999999994771, -2.700000000000001066 ) ) ;
#1172 = EDGE_CURVE ( 'NONE', #168, #1813, #1676, .T. ) ;
#1173 = PRESENTATION_LAYER_ASSIGNMENT (  '', '', ( #39 ) ) ;
#1174 = LINE ( 'NONE', #1367, #32 ) ;
#1175 = DIRECTION ( 'NONE',  ( -0.000000000000000000, -1.000000000000000000, -0.000000000000000000 ) ) ;
#1176 = ORIENTED_EDGE ( 'NONE', *, *, #1050, .F. ) ;
#1177 =( NAMED_UNIT ( * ) PLANE_ANGLE_UNIT ( ) SI_UNIT ( $, .RADIAN. ) );
#1178 = CIRCLE ( 'NONE', #1305, 0.2200000000000000011 ) ;
#1179 = DIRECTION ( 'NONE',  ( -1.000000000000000000, 0.000000000000000000, 0.000000000000000000 ) ) ;
#1180 = ORIENTED_EDGE ( 'NONE', *, *, #1151, .F. ) ;
#1181 = CARTESIAN_POINT ( 'NONE',  ( -2.451259182034471795, 2.782300788351221854, -2.180000000000000160 ) ) ;
#1182 = CARTESIAN_POINT ( 'NONE',  ( -2.584225011576274600, 0.1299999999999994771, -2.475368173293649665 ) ) ;
#1183 = PLANE ( 'NONE',  #322 ) ;
#1184 = CARTESIAN_POINT ( 'NONE',  ( 2.079999999999998295, 2.782300788351221854, -2.551259182034470552 ) ) ;
#1185 = VERTEX_POINT ( 'NONE', #1846 ) ;
#1186 = CARTESIAN_POINT ( 'NONE',  ( 2.584225011576271491, 2.670000000000000373, 2.179999999999998384 ) ) ;
#1187 = VERTEX_POINT ( 'NONE', #820 ) ;
#1188 = ORIENTED_EDGE ( 'NONE', *, *, #1100, .T. ) ;
#1189 = FACE_OUTER_BOUND ( 'NONE', #2171, .T. ) ;
#1190 = LINE ( 'NONE', #1403, #1605 ) ;
#1191 = EDGE_CURVE ( 'NONE', #759, #1716, #1512, .T. ) ;
#1192 = FACE_OUTER_BOUND ( 'NONE', #1339, .T. ) ;
#1193 = STYLED_ITEM ( 'NONE', ( #1487 ), #1451 ) ;
#1194 = CARTESIAN_POINT ( 'NONE',  ( 2.384608947565988402, 2.670000000000000373, -2.700000000000001510 ) ) ;
#1195 = DIRECTION ( 'NONE',  ( -0.000000000000000000, -0.000000000000000000, -1.000000000000000000 ) ) ;
#1196 = LINE ( 'NONE', #1880, #2150 ) ;
#1197 = ORIENTED_EDGE ( 'NONE', *, *, #915, .T. ) ;
#1198 = CARTESIAN_POINT ( 'NONE',  ( -2.584225011576274600, 2.670000000000000373, -2.475368173293649665 ) ) ;
#1199 = CARTESIAN_POINT ( 'NONE',  ( -0.2000000000000000111, -2.441447906791807820E-17, 2.200000000000000178 ) ) ;
#1200 = CARTESIAN_POINT ( 'NONE',  ( 0.02000000000000001776, 0.2200000000000000011, 2.200000000000000178 ) ) ;
#1201 =( GEOMETRIC_REPRESENTATION_CONTEXT ( 3 ) GLOBAL_UNCERTAINTY_ASSIGNED_CONTEXT ( ( #81 ) ) GLOBAL_UNIT_ASSIGNED_CONTEXT ( ( #1977, #1177, #1341 ) ) REPRESENTATION_CONTEXT ( 'NONE', 'WORKASPACE' ) );
#1202 = DIRECTION ( 'NONE',  ( -0.000000000000000000, 1.000000000000000000, -0.000000000000000000 ) ) ;
#1203 = CARTESIAN_POINT ( 'NONE',  ( 2.080000000000000515, 2.669999999999999929, -2.699999999999997957 ) ) ;
#1204 = CARTESIAN_POINT ( 'NONE',  ( -2.340000000000000746, 0.000000000000000000, 2.179999999999997939 ) ) ;
#1205 = CARTESIAN_POINT ( 'NONE',  ( -2.080000000000001403, 0.000000000000000000, -2.439999999999998170 ) ) ;
#1206 = ORIENTED_EDGE ( 'NONE', *, *, #1478, .T. ) ;
#1207 = ORIENTED_EDGE ( 'NONE', *, *, #1289, .T. ) ;
#1208 =( GEOMETRIC_REPRESENTATION_CONTEXT ( 3 ) GLOBAL_UNCERTAINTY_ASSIGNED_CONTEXT ( ( #1117 ) ) GLOBAL_UNIT_ASSIGNED_CONTEXT ( ( #659, #2174, #1817 ) ) REPRESENTATION_CONTEXT ( 'NONE', 'WORKASPACE' ) );
#1209 = AXIS2_PLACEMENT_3D ( 'NONE', #931, #1577, #2071 ) ;
#1210 = DIRECTION ( 'NONE',  ( 1.527045313359865723E-16, 0.000000000000000000, 1.000000000000000000 ) ) ;
#1211 = CARTESIAN_POINT ( 'NONE',  ( 2.080000000000000515, 0.1299999999999998934, -2.699999999999997957 ) ) ;
#1212 = AXIS2_PLACEMENT_3D ( 'NONE', #1768, #1411, #64 ) ;
#1213 = SURFACE_SIDE_STYLE ('',( #401 ) ) ;
#1214 = CARTESIAN_POINT ( 'NONE',  ( 2.339999999999997637, 0.000000000000000000, 2.179999999999998384 ) ) ;
#1215 = EDGE_CURVE ( 'NONE', #112, #221, #2045, .T. ) ;
#1216 = EDGE_CURVE ( 'NONE', #1517, #618, #2018, .T. ) ;
#1217 = CARTESIAN_POINT ( 'NONE',  ( -2.340000000000001634, 2.799999999999999822, -2.180000000000000604 ) ) ;
#1218 = EDGE_CURVE ( 'NONE', #1356, #1813, #690, .T. ) ;
#1219 = CARTESIAN_POINT ( 'NONE',  ( 0.000000000000000000, 0.1000000000000000056, 0.000000000000000000 ) ) ;
#1220 = VECTOR ( 'NONE', #320, 1000.000000000000000 ) ;
#1221 = CARTESIAN_POINT ( 'NONE',  ( 0.000000000000000000, 0.000000000000000000, 0.000000000000000000 ) ) ;
#1222 = VERTEX_POINT ( 'NONE', #2011 ) ;
#1223 = ORIENTED_EDGE ( 'NONE', *, *, #2117, .T. ) ;
#1224 = CARTESIAN_POINT ( 'NONE',  ( 1.200000000000000178, -1.379999999999999671, 2.200000000000000178 ) ) ;
#1225 = DIRECTION ( 'NONE',  ( 0.000000000000000000, 1.232047923278982199E-16, -1.000000000000000000 ) ) ;
#1226 =( NAMED_UNIT ( * ) SI_UNIT ( $, .STERADIAN. ) SOLID_ANGLE_UNIT ( ) );
#1227 = CARTESIAN_POINT ( 'NONE',  ( 0.02000000000000020511, -1.580000000000000071, 0.000000000000000000 ) ) ;
#1228 = CARTESIAN_POINT ( 'NONE',  ( -2.080000000000001403, 2.799999999999999822, -2.439999999999998170 ) ) ;
#1229 = CARTESIAN_POINT ( 'NONE',  ( 2.339999999999997637, 2.799999999999999822, 2.249020029537871945 ) ) ;
#1230 = CARTESIAN_POINT ( 'NONE',  ( -2.451259182034470907, 0.01769921164877829092, 2.179999999999997939 ) ) ;
#1231 = DIRECTION ( 'NONE',  ( -0.000000000000000000, -0.000000000000000000, -1.000000000000000000 ) ) ;
#1232 = VECTOR ( 'NONE', #2146, 1000.000000000000000 ) ;
#1233 = CARTESIAN_POINT ( 'NONE',  ( 0.02000000000000016695, -1.379999999999999893, 0.000000000000000000 ) ) ;
#1234 = DIRECTION ( 'NONE',  ( 1.606225440719266367E-16, 0.000000000000000000, 1.000000000000000000 ) ) ;
#1235 = EDGE_CURVE ( 'NONE', #444, #12, #2004, .T. ) ;
#1236 = FILL_AREA_STYLE_COLOUR ( '', #1949 ) ;
#1237 = LINE ( 'NONE', #422, #1856 ) ;
#1238 = AXIS2_PLACEMENT_3D ( 'NONE', #215, #594, #1129 ) ;
#1239 = LINE ( 'NONE', #1046, #438 ) ;
#1240 = ORIENTED_EDGE ( 'NONE', *, *, #2088, .T. ) ;
#1241 = DIRECTION ( 'NONE',  ( 0.000000000000000000, 0.000000000000000000, 1.000000000000000000 ) ) ;
#1242 = ORIENTED_EDGE ( 'NONE', *, *, #295, .F. ) ;
#1243 = CARTESIAN_POINT ( 'NONE',  ( 2.339999999999998082, 0.000000000000000000, -2.332304473782996546 ) ) ;
#1244 = CARTESIAN_POINT ( 'NONE',  ( -2.244179906321771778, 2.800000000000000266, 2.460272631416465128 ) ) ;
#1245 = APPLICATION_CONTEXT ( 'automotive_design' ) ;
#1246 = CARTESIAN_POINT ( 'NONE',  ( -2.600000000000001865, 0.1299999999999994771, -2.180000000000000604 ) ) ;
#1247 = VECTOR ( 'NONE', #1068, 1000.000000000000000 ) ;
#1248 = CARTESIAN_POINT ( 'NONE',  ( -2.080000000000000515, 0.08439231049719866928, 2.612239872198208079 ) ) ;
#1249 = CARTESIAN_POINT ( 'NONE',  ( 2.079999999999998739, 2.799999999999999822, 2.179999999999998384 ) ) ;
#1250 = PRODUCT_DEFINITION_CONTEXT ( 'detailed design', #1860, 'design' ) ;
#1251 = CARTESIAN_POINT ( 'NONE',  ( 0.000000000000000000, 0.000000000000000000, 2.200000000000000178 ) ) ;
#1252 = ORIENTED_EDGE ( 'NONE', *, *, #1351, .T. ) ;
#1253 = CARTESIAN_POINT ( 'NONE',  ( -2.451259182034471795, 2.782300788351221854, -2.180000000000000604 ) ) ;
#1254 = ORIENTED_EDGE ( 'NONE', *, *, #692, .F. ) ;
#1255 = CARTESIAN_POINT ( 'NONE',  ( 2.451259182034469131, 0.01769921164877829092, 2.179999999999998384 ) ) ;
#1256 = CARTESIAN_POINT ( 'NONE',  ( 2.599999999999999201, 2.669999999999999929, 2.179999999999998384 ) ) ;
#1257 = ORIENTED_EDGE ( 'NONE', *, *, #58, .T. ) ;
#1258 = DIRECTION ( 'NONE',  ( -1.000000000000000000, 0.000000000000000000, 0.000000000000000000 ) ) ;
#1259 = CARTESIAN_POINT ( 'NONE',  ( -0.2000000000000000389, -1.305560116034628092E-16, 1.320000000000000062 ) ) ;
#1260 = CARTESIAN_POINT ( 'NONE',  ( -2.600000000000001421, 0.1299999999999994771, 2.484608947565988046 ) ) ;
#1261 = ORIENTED_EDGE ( 'NONE', *, *, #1548, .F. ) ;
#1262 = CARTESIAN_POINT ( 'NONE',  ( -2.584225011576274156, 2.670000000000000373, -2.180000000000000604 ) ) ;
#1263 = CARTESIAN_POINT ( 'NONE',  ( 2.512239872198208435, 0.08439231049719866928, -2.180000000000001492 ) ) ;
#1264 = CARTESIAN_POINT ( 'NONE',  ( -2.080000000000000515, 2.799999999999999822, 2.699999999999997957 ) ) ;
#1265 = VECTOR ( 'NONE', #935, 1000.000000000000000 ) ;
#1266 = ORIENTED_EDGE ( 'NONE', *, *, #1465, .F. ) ;
#1267 = CARTESIAN_POINT ( 'NONE',  ( 1.209999999999999520, 0.1000000000000000056, -1.279999999999998916 ) ) ;
#1268 = DIRECTION ( 'NONE',  ( 1.606225440719266613E-16, 0.000000000000000000, 1.000000000000000000 ) ) ;
#1269 = B_SPLINE_CURVE_WITH_KNOTS ( 'NONE', 3,
 ( #218, #1558, #1722, #57, #204, #1897 ),
 .UNSPECIFIED., .F., .F.,
 ( 4, 1, 1, 4 ),
 ( 0.000000000000000000, 0.4640831497600452771, 0.5830142621255670621, 1.000000000000000000 ),
 .UNSPECIFIED. ) ;
#1270 = APPLICATION_CONTEXT ( 'automotive_design' ) ;
#1271 = UNCERTAINTY_MEASURE_WITH_UNIT (LENGTH_MEASURE( 1.000000000000000082E-05 ), #644, 'distance_accuracy_value', 'NONE');
#1272 = CARTESIAN_POINT ( 'NONE',  ( 2.080000000000000515, 2.782300788351221854, -2.551259182034467887 ) ) ;
#1273 = CARTESIAN_POINT ( 'NONE',  ( -2.216698551819682006, 2.799999999999998934, 2.411196874994524286 ) ) ;
#1274 = B_SPLINE_CURVE_WITH_KNOTS ( 'NONE', 3,
 ( #90, #266, #1591, #580, #744, #784 ),
 .UNSPECIFIED., .F., .F.,
 ( 4, 1, 1, 4 ),
 ( 6.641782598700976038E-17, 5.101594188430720746E-05, 8.809402993592208215E-05, 0.0002327770783647379953 ),
 .UNSPECIFIED. ) ;
#1275 = ORIENTED_EDGE ( 'NONE', *, *, #1800, .T. ) ;
#1276 = CARTESIAN_POINT ( 'NONE',  ( 0.02000000000000017042, -1.359999999999999876, 0.000000000000000000 ) ) ;
#1277 = ORIENTED_EDGE ( 'NONE', *, *, #327, .T. ) ;
#1278 = CARTESIAN_POINT ( 'NONE',  ( -0.2000000000000000389, -7.634590297918759979E-17, 0.8799999999999998934 ) ) ;
#1279 = ORIENTED_EDGE ( 'NONE', *, *, #284, .F. ) ;
#1280 = DIRECTION ( 'NONE',  ( 6.776263578034402713E-17, 1.000000000000000000, 0.000000000000000000 ) ) ;
#1281 = APPLICATION_PROTOCOL_DEFINITION ( 'draft international standard', 'automotive_design', 1998, #1270 ) ;
#1282 =( BOUNDED_SURFACE ( )  B_SPLINE_SURFACE ( 3, 3, ( 
 ( #366, #38, #1542, #705 ),
 ( #1718, #398, #1067, #154 ),
 ( #869, #1707, #190, #408 ),
 ( #1434, #254, #907, #743 ),
 ( #2086, #1077, #1244, #921 ),
 ( #1757, #243, #1931, #1420 ) ),
 .UNSPECIFIED., .F., .F., .F. ) 
 B_SPLINE_SURFACE_WITH_KNOTS ( ( 4, 1, 1, 4 ),
 ( 4, 4 ),
 ( 0.000000000000000000, 0.4169857378744329379, 0.5359168502399547229, 1.000000000000000000 ),
 ( 0.000000000000000000, 1.000000000000000000 ),
 .UNSPECIFIED. ) 
 GEOMETRIC_REPRESENTATION_ITEM ( )  RATIONAL_B_SPLINE_SURFACE ( (
 ( 1.000000000000000000, 0.8047378541243652705, 0.8047378541243652705, 1.000000000000000000),
 ( 1.000000000000000000, 0.8047378541243652705, 0.8047378541243652705, 1.000000000000000000),
 ( 1.000000000000000000, 0.8047378541243652705, 0.8047378541243652705, 1.000000000000000000),
 ( 1.000000000000000000, 0.8047378541243652705, 0.8047378541243652705, 1.000000000000000000),
 ( 1.000000000000000000, 0.8047378541243652705, 0.8047378541243652705, 1.000000000000000000),
 ( 1.000000000000000000, 0.8047378541243652705, 0.8047378541243652705, 1.000000000000000000) ) ) 
 REPRESENTATION_ITEM ( '' )  SURFACE ( )  );
#1283 = CARTESIAN_POINT ( 'NONE',  ( 2.079999999999997407, 0.1299999999999994771, 2.699999999999997069 ) ) ;
#1284 = CARTESIAN_POINT ( 'NONE',  ( -1.210000000000000409, 0.1000000000000000056, 1.279999999999998694 ) ) ;
#1285 = EDGE_CURVE ( 'NONE', #143, #2000, #1713, .T. ) ;
#1286 = EDGE_CURVE ( 'NONE', #4, #1997, #1805, .T. ) ;
#1287 = ORIENTED_EDGE ( 'NONE', *, *, #914, .T. ) ;
#1288 = LINE ( 'NONE', #1120, #2065 ) ;
#1289 = EDGE_CURVE ( 'NONE', #261, #444, #2172, .T. ) ;
#1290 = ORIENTED_EDGE ( 'NONE', *, *, #1548, .T. ) ;
#1291 = CARTESIAN_POINT ( 'NONE',  ( -2.584225011576273268, 0.1299999999999994771, 2.179999999999998828 ) ) ;
#1292 = ORIENTED_EDGE ( 'NONE', *, *, #1152, .F. ) ;
#1293 = DIRECTION ( 'NONE',  ( 1.220723953395903633E-16, -1.000000000000000000, 0.000000000000000000 ) ) ;
#1294 = ITEM_DEFINED_TRANSFORMATION ( 'NONE', 'NONE', #1814,  #1499 ) ;
#1295 = EDGE_CURVE ( 'NONE', #1588, #592, #1085, .T. ) ;
#1296 = CARTESIAN_POINT ( 'NONE',  ( 2.584225011576268383, 0.1299999999999994771, 2.475368173293649221 ) ) ;
#1297 = CARTESIAN_POINT ( 'NONE',  ( 2.080000000000000515, 0.000000000000000000, -2.440000000000000835 ) ) ;
#1298 = EDGE_LOOP ( 'NONE', ( #1331, #2032, #1506, #1871 ) ) ;
#1299 = CARTESIAN_POINT ( 'NONE',  ( 0.000000000000000000, 0.1000000000000000056, 0.000000000000000000 ) ) ;
#1300 = ORIENTED_EDGE ( 'NONE', *, *, #1286, .F. ) ;
#1301 = CARTESIAN_POINT ( 'NONE',  ( 2.333200254935293927, 2.715607689502801403, 2.612239872198207191 ) ) ;
#1302 = ADVANCED_FACE ( 'NONE', ( #2036 ), #773, .F. ) ;
#1303 = ORIENTED_EDGE ( 'NONE', *, *, #114, .T. ) ;
#1304 = DIRECTION ( 'NONE',  ( -1.606225440719266367E-16, 0.000000000000000000, -1.000000000000000000 ) ) ;
#1305 = AXIS2_PLACEMENT_3D ( 'NONE', #538, #1895, #1596 ) ;
#1306 = FACE_OUTER_BOUND ( 'NONE', #364, .T. ) ;
#1307 = DIRECTION ( 'NONE',  ( -1.220723953395903879E-16, 1.000000000000000000, 0.000000000000000000 ) ) ;
#1308 = ORIENTED_EDGE ( 'NONE', *, *, #889, .F. ) ;
#1309 = CARTESIAN_POINT ( 'NONE',  ( -2.080000000000000515, 0.01769921164877829092, 2.551259182034467887 ) ) ;
#1310 = ORIENTED_EDGE ( 'NONE', *, *, #735, .T. ) ;
#1311 = SURFACE_STYLE_USAGE ( .BOTH. , #1663 ) ;
#1312 = EDGE_CURVE ( 'NONE', #156, #1966, #1269, .T. ) ;
#1313 = CARTESIAN_POINT ( 'NONE',  ( 2.584225011576269715, 2.670000000000000373, 2.180000000000000604 ) ) ;
#1314 = ADVANCED_FACE ( 'NONE', ( #708 ), #2055, .T. ) ;
#1315 = VERTEX_POINT ( 'NONE', #33 ) ;
#1316 = CARTESIAN_POINT ( 'NONE',  ( 1.210000000000000409, 0.06749576215331834494, -2.596790549896711209 ) ) ;
#1317 = CARTESIAN_POINT ( 'NONE',  ( 2.584225011576269715, 0.1299999999999994771, 2.180000000000000604 ) ) ;
#1318 = AXIS2_PLACEMENT_3D ( 'NONE', #1200, #31, #1376 ) ;
#1319 = VECTOR ( 'NONE', #282, 1000.000000000000000 ) ;
#1320 = DIRECTION ( 'NONE',  ( 1.000000000000000000, 1.220723953395903879E-16, -0.000000000000000000 ) ) ;
#1321 = ORIENTED_EDGE ( 'NONE', *, *, #144, .F. ) ;
#1322 = DIRECTION ( 'NONE',  ( 1.000000000000000000, 0.000000000000000000, -1.668003342285391452E-15 ) ) ;
#1323 = ORIENTED_EDGE ( 'NONE', *, *, #1981, .F. ) ;
#1324 = EDGE_LOOP ( 'NONE', ( #177, #1170, #1481, #1166 ) ) ;
#1325 = CARTESIAN_POINT ( 'NONE',  ( -2.080000000000001847, 0.01769921164877829092, -2.551259182034470552 ) ) ;
#1326 = CARTESIAN_POINT ( 'NONE',  ( 2.080000000000000515, 0.000000000000000000, -2.439999999999998170 ) ) ;
#1327 = VECTOR ( 'NONE', #1661, 1000.000000000000000 ) ;
#1328 = PLANE ( 'NONE',  #423 ) ;
#1329 = VERTEX_POINT ( 'NONE', #1045 ) ;
#1330 = CARTESIAN_POINT ( 'NONE',  ( 2.599999999999998757, 2.670000000000000373, -2.484608947565992043 ) ) ;
#1331 = ORIENTED_EDGE ( 'NONE', *, *, #914, .F. ) ;
#1332 = EDGE_CURVE ( 'NONE', #1483, #517, #772, .T. ) ;
#1333 = CARTESIAN_POINT ( 'NONE',  ( -2.297478593680251091, 0.01769921164877829092, 2.551259182034468331 ) ) ;
#1334 = VERTEX_POINT ( 'NONE', #383 ) ;
#1335 = FACE_OUTER_BOUND ( 'NONE', #21, .T. ) ;
#1336 = VECTOR ( 'NONE', #1293, 1000.000000000000000 ) ;
#1337 = CARTESIAN_POINT ( 'NONE',  ( 2.339999999999998970, 2.799999999999999378, -2.248573155890502218 ) ) ;
#1338 = CARTESIAN_POINT ( 'NONE',  ( 2.584225011576270603, 0.1299999999999994771, -2.180000000000001492 ) ) ;
#1339 = EDGE_LOOP ( 'NONE', ( #973, #1160, #2024, #460 ) ) ;
#1340 = VECTOR ( 'NONE', #2124, 1000.000000000000000 ) ;
#1341 =( NAMED_UNIT ( * ) SI_UNIT ( $, .STERADIAN. ) SOLID_ANGLE_UNIT ( ) );
#1342 = CARTESIAN_POINT ( 'NONE',  ( -1.209999999999999520, 0.06749576215331859474, -2.596790549896711209 ) ) ;
#1343 = ORIENTED_EDGE ( 'NONE', *, *, #2164, .F. ) ;
#1344 = ORIENTED_EDGE ( 'NONE', *, *, #1132, .F. ) ;
#1345 = ORIENTED_EDGE ( 'NONE', *, *, #1332, .F. ) ;
#1346 = CARTESIAN_POINT ( 'NONE',  ( 1.209999999999999742, 0.1000000000000000056, -2.641050166233642749 ) ) ;
#1347 = LINE ( 'NONE', #530, #1876 ) ;
#1348 = AXIS2_PLACEMENT_3D ( 'NONE', #1970, #78, #582 ) ;
#1349 = CARTESIAN_POINT ( 'NONE',  ( 2.079999999999999627, 2.799999999999999822, 2.439999999999998170 ) ) ;
#1350 = ORIENTED_EDGE ( 'NONE', *, *, #2101, .T. ) ;
#1351 = EDGE_CURVE ( 'NONE', #1315, #1222, #1732, .T. ) ;
#1352 = PRODUCT_RELATED_PRODUCT_CATEGORY ( 'part', '', ( #1954 ) ) ;
#1353 = EDGE_CURVE ( 'NONE', #1187, #221, #394, .T. ) ;
#1354 = CARTESIAN_POINT ( 'NONE',  ( 2.079999999999999627, 2.799999999999999822, 2.439999999999998170 ) ) ;
#1355 = EDGE_LOOP ( 'NONE', ( #342, #2127, #1508, #1157 ) ) ;
#1356 = VERTEX_POINT ( 'NONE', #1907 ) ;
#1357 = FACE_OUTER_BOUND ( 'NONE', #1793, .T. ) ;
#1358 = APPLICATION_CONTEXT ( 'automotive_design' ) ;
#1359 = ADVANCED_FACE ( 'NONE', ( #1063 ), #1742, .F. ) ;
#1360 = PLANE ( 'NONE',  #1089 ) ;
#1361 = CARTESIAN_POINT ( 'NONE',  ( 2.079999999999999627, 2.670000000000000373, 2.684225011576270692 ) ) ;
#1362 = CARTESIAN_POINT ( 'NONE',  ( 2.079999999999999627, 2.799999999999999822, 2.439999999999998170 ) ) ;
#1363 = ORIENTED_EDGE ( 'NONE', *, *, #1353, .F. ) ;
#1364 = ORIENTED_EDGE ( 'NONE', *, *, #369, .F. ) ;
#1365 = DIRECTION ( 'NONE',  ( 0.000000000000000000, 0.000000000000000000, 1.000000000000000000 ) ) ;
#1366 = CARTESIAN_POINT ( 'NONE',  ( 2.584225011576271491, 0.1299999999999994771, 2.179999999999998384 ) ) ;
#1367 = CARTESIAN_POINT ( 'NONE',  ( 2.599999999999998312, 2.799999999999999822, -2.180000000000000604 ) ) ;
#1368 = CIRCLE ( 'NONE', #181, 0.2200000000000000289 ) ;
#1369 = VECTOR ( 'NONE', #1545, 1000.000000000000000 ) ;
#1370 = DIRECTION ( 'NONE',  ( 1.000000000000000000, 1.837630800822889059E-16, 0.000000000000000000 ) ) ;
#1371 = DIRECTION ( 'NONE',  ( -1.000000000000000000, 0.000000000000000000, -0.000000000000000000 ) ) ;
#1372 = CARTESIAN_POINT ( 'NONE',  ( -2.080000000000000515, 2.715607689502801403, 2.612239872198208079 ) ) ;
#1373 = ORIENTED_EDGE ( 'NONE', *, *, #45, .T. ) ;
#1374 = CARTESIAN_POINT ( 'NONE',  ( 2.599999999999999201, 2.799999999999999822, 2.179999999999998384 ) ) ;
#1375 = DIRECTION ( 'NONE',  ( -0.000000000000000000, -0.000000000000000000, -1.000000000000000000 ) ) ;
#1376 = DIRECTION ( 'NONE',  ( 6.776263578034402713E-17, 1.000000000000000000, 0.000000000000000000 ) ) ;
#1377 = ADVANCED_FACE ( 'NONE', ( #1503 ), #1668, .F. ) ;
#1378 = AXIS2_PLACEMENT_3D ( 'NONE', #1737, #654, #1210 ) ;
#1379 = EDGE_CURVE ( 'NONE', #815, #1334, #1964, .T. ) ;
#1380 = B_SPLINE_CURVE_WITH_KNOTS ( 'NONE', 3,
 ( #1346, #480, #1316, #653, #2003, #1980 ),
 .UNSPECIFIED., .F., .F.,
 ( 4, 1, 1, 4 ),
 ( 6.735432156575142413E-17, 5.101594188430831199E-05, 8.809402993592332898E-05, 0.0002327770783647397301 ),
 .UNSPECIFIED. ) ;
#1381 = EDGE_CURVE ( 'NONE', #273, #618, #1951, .T. ) ;
#1382 = DIRECTION ( 'NONE',  ( 0.000000000000000000, 0.000000000000000000, 1.000000000000000000 ) ) ;
#1383 = ADVANCED_FACE ( 'NONE', ( #950 ), #1835, .F. ) ;
#1384 = CARTESIAN_POINT ( 'NONE',  ( -2.148573155890503905, 2.799999999999999378, -2.440000000000000835 ) ) ;
#1385 = CARTESIAN_POINT ( 'NONE',  ( 1.209999999999999520, 0.06749576215331859474, 2.596790549896711209 ) ) ;
#1386 = LINE ( 'NONE', #1048, #1606 ) ;
#1387 = ORIENTED_EDGE ( 'NONE', *, *, #544, .F. ) ;
#1388 = ORIENTED_EDGE ( 'NONE', *, *, #2020, .T. ) ;
#1389 = VECTOR ( 'NONE', #1581, 1000.000000000000000 ) ;
#1390 = VECTOR ( 'NONE', #241, 1000.000000000000000 ) ;
#1391 = DIRECTION ( 'NONE',  ( -0.000000000000000000, -0.000000000000000000, -1.000000000000000000 ) ) ;
#1392 = CARTESIAN_POINT ( 'NONE',  ( 0.000000000000000000, -1.486260478115545579E-16, 1.320000000000000062 ) ) ;
#1393 = VECTOR ( 'NONE', #2110, 1000.000000000000000 ) ;
#1394 = DIRECTION ( 'NONE',  ( -1.837630800822889059E-16, 1.000000000000000000, 0.000000000000000000 ) ) ;
#1395 = CARTESIAN_POINT ( 'NONE',  ( -2.311196874994471351, 2.799999999999998934, -2.316698551819737162 ) ) ;
#1396 = EDGE_CURVE ( 'NONE', #444, #1483, #196, .T. ) ;
#1397 = CARTESIAN_POINT ( 'NONE',  ( 2.079999999999999627, 2.799999999999999822, 2.439999999999998170 ) ) ;
#1398 = AXIS2_PLACEMENT_3D ( 'NONE', #1462, #485, #614 ) ;
#1399 = LINE ( 'NONE', #1075, #1678 ) ;
#1400 = CARTESIAN_POINT ( 'NONE',  ( -2.232304473782997345, 2.800000000000000266, -2.440000000000000835 ) ) ;
#1401 = ADVANCED_FACE ( 'NONE', ( #1638 ), #296, .F. ) ;
#1402 = DIRECTION ( 'NONE',  ( 1.000000000000000000, -0.000000000000000000, -1.877406359282258343E-16 ) ) ;
#1403 = CARTESIAN_POINT ( 'NONE',  ( 0.02000000000000001776, 0.2200000000000000011, 2.200000000000000178 ) ) ;
#1404 =( LENGTH_UNIT ( ) NAMED_UNIT ( * ) SI_UNIT ( .MILLI., .METRE. ) );
#1405 = CARTESIAN_POINT ( 'NONE',  ( 1.155000000000003579, 0.1300000000000003375, 2.699999999999997513 ) ) ;
#1406 = CARTESIAN_POINT ( 'NONE',  ( 2.079999999999998295, 2.799999999999999822, -2.440000000000000835 ) ) ;
#1407 = DIRECTION ( 'NONE',  ( 1.606225440719266367E-16, 0.000000000000000000, 1.000000000000000000 ) ) ;
#1408 = CIRCLE ( 'NONE', #1789, 0.02000000000000000389 ) ;
#1409 = CARTESIAN_POINT ( 'NONE',  ( 0.000000000000000000, -9.441593918727934857E-17, 0.8799999999999998934 ) ) ;
#1410 = CARTESIAN_POINT ( 'NONE',  ( 2.375368173293647356, 0.1299999999999994771, -2.684225011576273801 ) ) ;
#1411 = DIRECTION ( 'NONE',  ( -0.000000000000000000, 1.000000000000000000, -0.000000000000000000 ) ) ;
#1412 = CARTESIAN_POINT ( 'NONE',  ( -2.451259182034471795, 0.01769921164877829092, -2.180000000000000604 ) ) ;
#1413 = DIRECTION ( 'NONE',  ( 0.000000000000000000, -1.000000000000000000, 0.000000000000000000 ) ) ;
#1414 =( NAMED_UNIT ( * ) PLANE_ANGLE_UNIT ( ) SI_UNIT ( $, .RADIAN. ) );
#1415 = LINE ( 'NONE', #1259, #263 ) ;
#1416 = CYLINDRICAL_SURFACE ( 'NONE', #1958, 0.2200000000000000011 ) ;
#1417 = ORIENTED_EDGE ( 'NONE', *, *, #829, .T. ) ;
#1418 = CARTESIAN_POINT ( 'NONE',  ( -2.600000000000001865, 2.670000000000000373, -2.180000000000000604 ) ) ;
#1419 = CARTESIAN_POINT ( 'NONE',  ( -2.080000000000001403, 0.1299999999999994771, -2.684225011576272912 ) ) ;
#1420 = CARTESIAN_POINT ( 'NONE',  ( -2.080000000000000515, 2.799999999999999822, 2.439999999999998170 ) ) ;
#1421 = EDGE_CURVE ( 'NONE', #168, #156, #996, .T. ) ;
#1422 = CARTESIAN_POINT ( 'NONE',  ( -2.360272631416469036, 0.000000000000000000, -2.180000000000000604 ) ) ;
#1423 = AXIS2_PLACEMENT_3D ( 'NONE', #1854, #2155, #338 ) ;
#1424 = ORIENTED_EDGE ( 'NONE', *, *, #1553, .T. ) ;
#1425 = LINE ( 'NONE', #291, #2118 ) ;
#1426 = CARTESIAN_POINT ( 'NONE',  ( 0.000000000000000000, 0.000000000000000000, 0.000000000000000000 ) ) ;
#1427 = PLANE ( 'NONE',  #2056 ) ;
#1428 =( REPRESENTATION_RELATIONSHIP ('NONE','NONE', #1904, #239 ) REPRESENTATION_RELATIONSHIP_WITH_TRANSFORMATION ( #1294 )SHAPE_REPRESENTATION_RELATIONSHIP( ) );
#1429 = CARTESIAN_POINT ( 'NONE',  ( 2.080000000000000515, 2.670000000000000373, -2.684225011576270692 ) ) ;
#1430 = ORIENTED_EDGE ( 'NONE', *, *, #69, .T. ) ;
#1431 = FACE_OUTER_BOUND ( 'NONE', #1041, .T. ) ;
#1432 = ORIENTED_EDGE ( 'NONE', *, *, #1750, .F. ) ;
#1433 = CARTESIAN_POINT ( 'NONE',  ( -2.080000000000001403, 0.01769921164877829092, -2.551259182034470552 ) ) ;
#1434 = CARTESIAN_POINT ( 'NONE',  ( -2.451259182034470907, 2.782300788351221854, 2.179999999999997939 ) ) ;
#1435 = CARTESIAN_POINT ( 'NONE',  ( 0.02000000000000000389, 0.000000000000000000, 2.200000000000000178 ) ) ;
#1436 = CIRCLE ( 'NONE', #174, 0.5200000000000000178 ) ;
#1437 = ORIENTED_EDGE ( 'NONE', *, *, #2007, .T. ) ;
#1438 = CARTESIAN_POINT ( 'NONE',  ( 0.000000000000000000, 1.699999999999999956, 0.000000000000000000 ) ) ;
#1439 = ITEM_DEFINED_TRANSFORMATION ( 'NONE', 'NONE', #117,  #1499 ) ;
#1440 = SHAPE_REPRESENTATION ( '\X2\96f64ef6\X0\1_\X2\9ed88ba4\X0\', ( #1499 ), #1208 ) ;
#1441 = CARTESIAN_POINT ( 'NONE',  ( 2.512239872198206214, 0.08439231049719868316, 2.433200254935297568 ) ) ;
#1442 = PRODUCT_DEFINITION_SHAPE ( 'NONE', 'NONE',  #2183 ) ;
#1443 = CARTESIAN_POINT ( 'NONE',  ( -2.080000000000000515, 0.1299999999999994771, 2.684225011576270692 ) ) ;
#1444 = VERTEX_POINT ( 'NONE', #132 ) ;
#1445 = CARTESIAN_POINT ( 'NONE',  ( -1.154999999999996252, 1.699999999999999956, -2.649999999999998135 ) ) ;
#1446 = CARTESIAN_POINT ( 'NONE',  ( -2.080000000000000515, 0.000000000000000000, 2.439999999999998170 ) ) ;
#1447 = CARTESIAN_POINT ( 'NONE',  ( 2.080000000000000515, 2.670000000000000373, -2.699999999999998401 ) ) ;
#1448 = VECTOR ( 'NONE', #459, 1000.000000000000000 ) ;
#1449 = ORIENTED_EDGE ( 'NONE', *, *, #1132, .T. ) ;
#1450 = DIRECTION ( 'NONE',  ( 0.000000000000000000, -1.000000000000000000, 0.000000000000000000 ) ) ;
#1451 = MANIFOLD_SOLID_BREP ( '\X2\52079664\X0\-\X2\62c94f38\X0\1', #2085 ) ;
#1452 = EDGE_CURVE ( 'NONE', #12, #1585, #1973, .T. ) ;
#1453 = EDGE_CURVE ( 'NONE', #2049, #273, #1812, .T. ) ;
#1454 = CIRCLE ( 'NONE', #2156, 0.5199999999999983524 ) ;
#1455 = CARTESIAN_POINT ( 'NONE',  ( 1.155000000000003579, 1.699999999999999956, -2.649999999999997691 ) ) ;
#1456 = PRODUCT_DEFINITION ( 'UNKNOWN', '', #399, #1250 ) ;
#1457 = EDGE_CURVE ( 'NONE', #146, #1650, #633, .T. ) ;
#1458 = PRODUCT_DEFINITION_CONTEXT ( 'detailed design', #682, 'design' ) ;
#1459 = LINE ( 'NONE', #1095, #1533 ) ;
#1460 = SURFACE_STYLE_USAGE ( .BOTH. , #1131 ) ;
#1461 = EDGE_LOOP ( 'NONE', ( #1681, #1986, #2132, #945 ) ) ;
#1462 = CARTESIAN_POINT ( 'NONE',  ( 0.02000000000000001776, 0.2200000000000000011, 2.200000000000000178 ) ) ;
#1463 = ORIENTED_EDGE ( 'NONE', *, *, #2020, .F. ) ;
#1464 = FACE_OUTER_BOUND ( 'NONE', #128, .T. ) ;
#1465 = EDGE_CURVE ( 'NONE', #966, #143, #2015, .T. ) ;
#1466 = VERTEX_POINT ( 'NONE', #1692 ) ;
#1467 = CARTESIAN_POINT ( 'NONE',  ( -1.210000000000000187, 0.1000000000000000056, -1.279999999999999805 ) ) ;
#1468 = CARTESIAN_POINT ( 'NONE',  ( 2.339999999999996305, 0.000000000000000000, 2.332304473782994769 ) ) ;
#1469 = ORIENTED_EDGE ( 'NONE', *, *, #915, .F. ) ;
#1470 = EDGE_CURVE ( 'NONE', #1639, #1147, #769, .T. ) ;
#1471 = CARTESIAN_POINT ( 'NONE',  ( 2.079999999999999627, 0.1299999999999994771, 2.684225011576270692 ) ) ;
#1472 = ORIENTED_EDGE ( 'NONE', *, *, #1547, .T. ) ;
#1473 = CARTESIAN_POINT ( 'NONE',  ( -2.375368173293650020, 0.1299999999999994771, 2.684225011576270692 ) ) ;
#1474 = ORIENTED_EDGE ( 'NONE', *, *, #664, .T. ) ;
#1475 = DIRECTION ( 'NONE',  ( 1.000000000000000000, 0.000000000000000000, 0.000000000000000000 ) ) ;
#1476 = CARTESIAN_POINT ( 'NONE',  ( 2.339999999999997637, 0.000000000000000000, 2.180000000000000604 ) ) ;
#1477 = UNCERTAINTY_MEASURE_WITH_UNIT (LENGTH_MEASURE( 1.000000000000000082E-05 ), #79, 'distance_accuracy_value', 'NONE');
#1478 = EDGE_CURVE ( 'NONE', #681, #4, #854, .T. ) ;
#1479 = EDGE_LOOP ( 'NONE', ( #674, #2, #1350, #1005 ) ) ;
#1480 = LINE ( 'NONE', #274, #761 ) ;
#1481 = ORIENTED_EDGE ( 'NONE', *, *, #118, .T. ) ;
#1482 = CARTESIAN_POINT ( 'NONE',  ( 2.079999999999997407, 2.670000000000000373, 2.699999999999997069 ) ) ;
#1483 = VERTEX_POINT ( 'NONE', #175 ) ;
#1484 = PLANE ( 'NONE',  #1423 ) ;
#1485 = AXIS2_PLACEMENT_3D ( 'NONE', #972, #1826, #283 ) ;
#1486 = CARTESIAN_POINT ( 'NONE',  ( -1.210000000000000187, 0.1000000000000000056, -1.279999999999999805 ) ) ;
#1487 = PRESENTATION_STYLE_ASSIGNMENT (( #1460 ) ) ;
#1488 = ORIENTED_EDGE ( 'NONE', *, *, #455, .F. ) ;
#1489 = VECTOR ( 'NONE', #1901, 1000.000000000000000 ) ;
#1490 = B_SPLINE_CURVE_WITH_KNOTS ( 'NONE', 3,
 ( #1701, #1885, #655, #8, #2181, #371 ),
 .UNSPECIFIED., .F., .F.,
 ( 4, 1, 1, 4 ),
 ( 0.000000000000000000, 0.4169857378744329379, 0.5359168502399547229, 1.000000000000000000 ),
 .UNSPECIFIED. ) ;
#1491 = FACE_OUTER_BOUND ( 'NONE', #798, .T. ) ;
#1492 = EDGE_LOOP ( 'NONE', ( #1133, #1791, #1816, #256 ) ) ;
#1493 = CARTESIAN_POINT ( 'NONE',  ( -2.079999999999999627, 2.715607689502801403, -2.612239872198208079 ) ) ;
#1494 = CARTESIAN_POINT ( 'NONE',  ( -2.232304473782996013, 0.000000000000000000, 2.439999999999997726 ) ) ;
#1495 = B_SPLINE_CURVE_WITH_KNOTS ( 'NONE', 3,
 ( #232, #61, #1230, #1755, #396, #918 ),
 .UNSPECIFIED., .F., .F.,
 ( 4, 1, 1, 4 ),
 ( 0.000000000000000000, 0.4640831497600452771, 0.5830142621255670621, 1.000000000000000000 ),
 .UNSPECIFIED. ) ;
#1496 = EDGE_LOOP ( 'NONE', ( #975, #1277, #1694, #123, #964, #919, #1725, #1252 ) ) ;
#1497 = CARTESIAN_POINT ( 'NONE',  ( -2.600000000000001865, 0.1299999999999994771, -2.180000000000000160 ) ) ;
#1498 = CYLINDRICAL_SURFACE ( 'NONE', #2016, 0.2200000000000000011 ) ;
#1499 = AXIS2_PLACEMENT_3D ( 'NONE', #477, #2140, #1850 ) ;
#1500 = EDGE_CURVE ( 'NONE', #1147, #1483, #360, .T. ) ;
#1501 = AXIS2_PLACEMENT_3D ( 'NONE', #238, #205, #903 ) ;
#1502 = VECTOR ( 'NONE', #2074, 1000.000000000000000 ) ;
#1503 = FACE_OUTER_BOUND ( 'NONE', #1968, .T. ) ;
#1504 = VERTEX_POINT ( 'NONE', #1679 ) ;
#1505 = CARTESIAN_POINT ( 'NONE',  ( 0.02000000000000020511, -1.580000000000000071, 2.200000000000000178 ) ) ;
#1506 = ORIENTED_EDGE ( 'NONE', *, *, #1749, .T. ) ;
#1507 = CARTESIAN_POINT ( 'NONE',  ( -2.080000000000000515, 0.000000000000000000, 2.460272631416465572 ) ) ;
#1508 = ORIENTED_EDGE ( 'NONE', *, *, #1849, .T. ) ;
#1509 = CARTESIAN_POINT ( 'NONE',  ( -2.360272631416469480, 0.000000000000000000, -2.344179906321771423 ) ) ;
#1510 = VECTOR ( 'NONE', #1167, 1000.000000000000000 ) ;
#1511 = DIRECTION ( 'NONE',  ( 1.877406359282259082E-16, 0.000000000000000000, 1.000000000000000000 ) ) ;
#1512 = LINE ( 'NONE', #1640, #547 ) ;
#1513 =( BOUNDED_SURFACE ( )  B_SPLINE_SURFACE ( 3, 3, ( 
 ( #2025, #2143, #1833, #1993 ),
 ( #315, #5, #1509, #326 ),
 ( #1325, #979, #1138, #1821 ),
 ( #346, #161, #490, #631 ),
 ( #1646, #1665, #1182, #1162 ),
 ( #1171, #303, #993, #1497 ) ),
 .UNSPECIFIED., .F., .F., .F. ) 
 B_SPLINE_SURFACE_WITH_KNOTS ( ( 4, 1, 1, 4 ),
 ( 4, 4 ),
 ( 0.000000000000000000, 0.4640831497600452771, 0.5830142621255670621, 1.000000000000000000 ),
 ( 0.000000000000000000, 1.000000000000000000 ),
 .UNSPECIFIED. ) 
 GEOMETRIC_REPRESENTATION_ITEM ( )  RATIONAL_B_SPLINE_SURFACE ( (
 ( 1.000000000000000000, 0.8047378541243652705, 0.8047378541243652705, 1.000000000000000000),
 ( 1.000000000000000000, 0.8047378541243652705, 0.8047378541243652705, 1.000000000000000000),
 ( 1.000000000000000000, 0.8047378541243652705, 0.8047378541243652705, 1.000000000000000000),
 ( 1.000000000000000000, 0.8047378541243652705, 0.8047378541243652705, 1.000000000000000000),
 ( 1.000000000000000000, 0.8047378541243652705, 0.8047378541243652705, 1.000000000000000000),
 ( 1.000000000000000000, 0.8047378541243652705, 0.8047378541243652705, 1.000000000000000000) ) ) 
 REPRESENTATION_ITEM ( '' )  SURFACE ( )  );
#1514 = VERTEX_POINT ( 'NONE', #350 ) ;
#1515 = DIRECTION ( 'NONE',  ( -1.000000000000000000, 0.000000000000000000, -1.877406359282258836E-16 ) ) ;
#1516 = CARTESIAN_POINT ( 'NONE',  ( -2.080000000000000515, 0.000000000000000000, 2.439999999999998170 ) ) ;
#1517 = VERTEX_POINT ( 'NONE', #1720 ) ;
#1518 = FACE_OUTER_BOUND ( 'NONE', #2112, .T. ) ;
#1519 = ORIENTED_EDGE ( 'NONE', *, *, #1094, .F. ) ;
#1520 = B_SPLINE_SURFACE_WITH_KNOTS ( 'NONE', 3, 1, ( 
 ( #856, #515 ),
 ( #1186, #354 ),
 ( #1019, #1704 ),
 ( #1539, #2037 ),
 ( #19, #693 ),
 ( #523, #1673 ) ),
 .UNSPECIFIED., .F., .F., .F.,
 ( 4, 1, 1, 4 ),
 ( 2, 2 ),
 ( 0.000000000000000000, 0.4169857378744329379, 0.5359168502399547229, 1.000000000000000000 ),
 ( 0.000000000000000000, 1.000000000000000000 ),
 .UNSPECIFIED. ) ;
#1521 = CARTESIAN_POINT ( 'NONE',  ( 2.451259182034469131, 0.01769921164877829092, 2.179999999999998384 ) ) ;
#1522 = ADVANCED_FACE ( 'NONE', ( #1192 ), #1360, .F. ) ;
#1523 = VECTOR ( 'NONE', #411, 1000.000000000000000 ) ;
#1524 = ADVANCED_FACE ( 'NONE', ( #862 ), #1035, .T. ) ;
#1525 = CARTESIAN_POINT ( 'NONE',  ( -0.2000000000000000111, -2.441447906791807820E-17, 2.200000000000000178 ) ) ;
#1526 = ADVANCED_FACE ( 'NONE', ( #166 ), #1328, .F. ) ;
#1527 = CARTESIAN_POINT ( 'NONE',  ( 2.584225011576270603, 2.670000000000000373, -2.475368173293650553 ) ) ;
#1528 = ORIENTED_EDGE ( 'NONE', *, *, #281, .T. ) ;
#1529 = FACE_OUTER_BOUND ( 'NONE', #233, .T. ) ;
#1530 = ORIENTED_EDGE ( 'NONE', *, *, #43, .F. ) ;
#1531 = CARTESIAN_POINT ( 'NONE',  ( -2.080000000000001847, 2.799999999999999822, -2.460272631416468236 ) ) ;
#1532 = LINE ( 'NONE', #1211, #403 ) ;
#1533 = VECTOR ( 'NONE', #1082, 1000.000000000000000 ) ;
#1534 = ADVANCED_FACE ( 'NONE', ( #1877 ), #1025, .T. ) ;
#1535 =( GEOMETRIC_REPRESENTATION_CONTEXT ( 3 ) GLOBAL_UNCERTAINTY_ASSIGNED_CONTEXT ( ( #585 ) ) GLOBAL_UNIT_ASSIGNED_CONTEXT ( ( #1582, #1414, #1226 ) ) REPRESENTATION_CONTEXT ( 'NONE', 'WORKASPACE' ) );
#1536 = CARTESIAN_POINT ( 'NONE',  ( 1.155000000000003579, 1.699999999999999956, 2.649999999999997691 ) ) ;
#1537 = CIRCLE ( 'NONE', #2095, 0.5199999999999983524 ) ;
#1538 = CARTESIAN_POINT ( 'NONE',  ( 2.339999999999998526, 0.000000000000000000, -2.180000000000001048 ) ) ;
#1539 = CARTESIAN_POINT ( 'NONE',  ( 2.451259182034469131, 2.782300788351221854, 2.179999999999998384 ) ) ;
#1540 = ORIENTED_EDGE ( 'NONE', *, *, #1235, .T. ) ;
#1541 = ORIENTED_EDGE ( 'NONE', *, *, #1353, .T. ) ;
#1542 = CARTESIAN_POINT ( 'NONE',  ( -2.384608947565991510, 2.670000000000000373, 2.699999999999997957 ) ) ;
#1543 = CARTESIAN_POINT ( 'NONE',  ( -2.512239872198211543, 0.08439231049719866928, -2.180000000000000604 ) ) ;
#1544 = DIRECTION ( 'NONE',  ( -0.000000000000000000, -0.000000000000000000, -1.000000000000000000 ) ) ;
#1545 = DIRECTION ( 'NONE',  ( -1.000000000000000000, -0.000000000000000000, -0.000000000000000000 ) ) ;
#1546 = DIRECTION ( 'NONE',  ( 0.000000000000000000, -1.000000000000000000, 0.000000000000000000 ) ) ;
#1547 = EDGE_CURVE ( 'NONE', #1813, #436, #1174, .T. ) ;
#1548 = EDGE_CURVE ( 'NONE', #1705, #62, #1016, .T. ) ;
#1549 = CARTESIAN_POINT ( 'NONE',  ( -2.080000000000000515, 2.799999999999999822, 2.439999999999998170 ) ) ;
#1550 = ORIENTED_EDGE ( 'NONE', *, *, #1636, .T. ) ;
#1551 = CARTESIAN_POINT ( 'NONE',  ( -2.244179906321773110, 2.800000000000000266, -2.460272631416467348 ) ) ;
#1552 = PLANE ( 'NONE',  #1378 ) ;
#1553 = EDGE_CURVE ( 'NONE', #1952, #1466, #1347, .T. ) ;
#1554 = CARTESIAN_POINT ( 'NONE',  ( -2.080000000000001403, 2.799999999999999822, -2.180000000000000604 ) ) ;
#1555 = B_SPLINE_CURVE_WITH_KNOTS ( 'NONE', 3,
 ( #2141, #628, #137, #2001, #488, #159 ),
 .UNSPECIFIED., .F., .F.,
 ( 4, 1, 1, 4 ),
 ( 0.000000000000000000, 0.4640831497600452771, 0.5830142621255670621, 1.000000000000000000 ),
 .UNSPECIFIED. ) ;
#1556 = CARTESIAN_POINT ( 'NONE',  ( -1.154999999999996252, 1.699999999999999956, 2.649999999999998135 ) ) ;
#1557 = VECTOR ( 'NONE', #457, 1000.000000000000000 ) ;
#1558 = CARTESIAN_POINT ( 'NONE',  ( 2.080000000000000515, 0.000000000000000000, -2.460272631416465572 ) ) ;
#1559 = CARTESIAN_POINT ( 'NONE',  ( 2.311196874994522421, 2.799999999999998934, 2.316698551819679430 ) ) ;
#1560 = CARTESIAN_POINT ( 'NONE',  ( 0.02000000000000000389, 0.000000000000000000, 2.200000000000000178 ) ) ;
#1561 = ORIENTED_EDGE ( 'NONE', *, *, #776, .F. ) ;
#1562 = ORIENTED_EDGE ( 'NONE', *, *, #307, .T. ) ;
#1563 = LINE ( 'NONE', #1199, #717 ) ;
#1564 = CARTESIAN_POINT ( 'NONE',  ( 2.080000000000000515, 0.1299999999999998934, -2.700000000000000622 ) ) ;
#1565 = LINE ( 'NONE', #1081, #2131 ) ;
#1566 = EDGE_CURVE ( 'NONE', #12, #517, #1490, .T. ) ;
#1567 = CARTESIAN_POINT ( 'NONE',  ( -2.216498651222537308, 2.799999999999998934, -2.410996974397268566 ) ) ;
#1568 = LINE ( 'NONE', #59, #1000 ) ;
#1569 = CARTESIAN_POINT ( 'NONE',  ( 1.209999999999999742, 0.1000000000000000056, -2.641050166233642749 ) ) ;
#1570 = CARTESIAN_POINT ( 'NONE',  ( 2.599999999999998757, 0.1299999999999994771, -2.484608947565992043 ) ) ;
#1571 = CARTESIAN_POINT ( 'NONE',  ( 1.155000000000003579, 1.699999999999999956, 2.649999999999997691 ) ) ;
#1572 = CARTESIAN_POINT ( 'NONE',  ( -2.080000000000000515, 2.799999999999999822, 2.460272631416465572 ) ) ;
#1573 = VECTOR ( 'NONE', #2040, 1000.000000000000000 ) ;
#1574 = DIRECTION ( 'NONE',  ( 1.000000000000000000, 1.837630800822889059E-16, 0.000000000000000000 ) ) ;
#1575 = DIRECTION ( 'NONE',  ( -1.000000000000000000, 0.000000000000000000, -0.000000000000000000 ) ) ;
#1576 = CARTESIAN_POINT ( 'NONE',  ( -2.600000000000000533, 2.669999999999999929, 2.179999999999997939 ) ) ;
#1577 = DIRECTION ( 'NONE',  ( 1.000000000000000000, 0.000000000000000000, -1.606225440719266613E-16 ) ) ;
#1578 = VERTEX_POINT ( 'NONE', #512 ) ;
#1579 = CARTESIAN_POINT ( 'NONE',  ( -2.080000000000001403, 0.000000000000000000, -2.460272631416468236 ) ) ;
#1580 = LINE ( 'NONE', #733, #1393 ) ;
#1581 = DIRECTION ( 'NONE',  ( 1.000000000000000000, -0.000000000000000000, -0.000000000000000000 ) ) ;
#1582 =( LENGTH_UNIT ( ) NAMED_UNIT ( * ) SI_UNIT ( .MILLI., .METRE. ) );
#1583 = FACE_OUTER_BOUND ( 'NONE', #1644, .T. ) ;
#1584 = EDGE_CURVE ( 'NONE', #857, #1329, #670, .T. ) ;
#1585 = VERTEX_POINT ( 'NONE', #499 ) ;
#1586 = VECTOR ( 'NONE', #1730, 1000.000000000000000 ) ;
#1587 = CARTESIAN_POINT ( 'NONE',  ( 0.02000000000000017042, -1.359999999999999876, 2.200000000000000178 ) ) ;
#1588 = VERTEX_POINT ( 'NONE', #1857 ) ;
#1589 = CARTESIAN_POINT ( 'NONE',  ( -2.080000000000001403, 0.000000000000000000, -2.439999999999998170 ) ) ;
#1590 = CARTESIAN_POINT ( 'NONE',  ( 2.339999999999998526, 0.000000000000000000, -2.180000000000001048 ) ) ;
#1591 = CARTESIAN_POINT ( 'NONE',  ( -1.210000000000000187, 0.06749576215331834494, 2.596790549896711209 ) ) ;
#1592 = VERTEX_POINT ( 'NONE', #1525 ) ;
#1593 = LINE ( 'NONE', #245, #556 ) ;
#1594 = AXIS2_PLACEMENT_3D ( 'NONE', #397, #1736, #386 ) ;
#1595 =( BOUNDED_SURFACE ( )  B_SPLINE_SURFACE ( 3, 3, ( 
 ( #1103, #2157, #1468, #1476 ),
 ( #269, #642, #947, #1834 ),
 ( #937, #2114, #1995, #1811 ),
 ( #2134, #1667, #1441, #762 ),
 ( #1984, #1963, #1296, #1317 ),
 ( #1283, #431, #481, #131 ) ),
 .UNSPECIFIED., .F., .F., .F. ) 
 B_SPLINE_SURFACE_WITH_KNOTS ( ( 4, 1, 1, 4 ),
 ( 4, 4 ),
 ( 0.000000000000000000, 0.4640831497600452771, 0.5830142621255670621, 1.000000000000000000 ),
 ( 0.000000000000000000, 1.000000000000000000 ),
 .UNSPECIFIED. ) 
 GEOMETRIC_REPRESENTATION_ITEM ( )  RATIONAL_B_SPLINE_SURFACE ( (
 ( 1.000000000000000000, 0.8047378541243652705, 0.8047378541243652705, 1.000000000000000000),
 ( 1.000000000000000000, 0.8047378541243652705, 0.8047378541243652705, 1.000000000000000000),
 ( 1.000000000000000000, 0.8047378541243652705, 0.8047378541243652705, 1.000000000000000000),
 ( 1.000000000000000000, 0.8047378541243652705, 0.8047378541243652705, 1.000000000000000000),
 ( 1.000000000000000000, 0.8047378541243652705, 0.8047378541243652705, 1.000000000000000000),
 ( 1.000000000000000000, 0.8047378541243652705, 0.8047378541243652705, 1.000000000000000000) ) ) 
 REPRESENTATION_ITEM ( '' )  SURFACE ( )  );
#1596 = DIRECTION ( 'NONE',  ( 1.000000000000000000, 0.000000000000000000, 0.000000000000000000 ) ) ;
#1597 = B_SPLINE_CURVE_WITH_KNOTS ( 'NONE', 3,
 ( #1967, #145, #646, #782 ),
 .UNSPECIFIED., .F., .F.,
 ( 4, 4 ),
 ( 2.710505431213761085E-20, 5.585069730138584454E-05 ),
 .UNSPECIFIED. ) ;
#1598 = CARTESIAN_POINT ( 'NONE',  ( 2.080000000000000515, 0.08439231049719866928, -2.612239872198208079 ) ) ;
#1599 = ORIENTED_EDGE ( 'NONE', *, *, #1215, .T. ) ;
#1600 = LINE ( 'NONE', #2058, #47 ) ;
#1601 = ORIENTED_EDGE ( 'NONE', *, *, #802, .F. ) ;
#1602 = CARTESIAN_POINT ( 'NONE',  ( 2.584225011576271047, 0.1299999999999994771, -2.180000000000001492 ) ) ;
#1603 = CARTESIAN_POINT ( 'NONE',  ( 1.209999999999999298, 0.1000000000000000056, 1.279999999999998694 ) ) ;
#1604 = LINE ( 'NONE', #400, #648 ) ;
#1605 = VECTOR ( 'NONE', #850, 1000.000000000000000 ) ;
#1606 = VECTOR ( 'NONE', #562, 1000.000000000000000 ) ;
#1607 = EDGE_LOOP ( 'NONE', ( #783, #2147, #91, #1927 ) ) ;
#1608 = LINE ( 'NONE', #607, #1164 ) ;
#1609 = DIRECTION ( 'NONE',  ( 0.000000000000000000, -0.000000000000000000, 1.000000000000000000 ) ) ;
#1610 =( BOUNDED_SURFACE ( )  B_SPLINE_SURFACE ( 3, 3, ( 
 ( #814, #1159, #1494, #1516 ),
 ( #826, #792, #2163, #1507 ),
 ( #2175, #660, #1333, #2013 ),
 ( #2021, #1125, #1806, #289 ),
 ( #955, #1643, #1473, #1443 ),
 ( #1788, #1260, #1763, #600 ) ),
 .UNSPECIFIED., .F., .F., .F. ) 
 B_SPLINE_SURFACE_WITH_KNOTS ( ( 4, 1, 1, 4 ),
 ( 4, 4 ),
 ( 0.000000000000000000, 0.4640831497600452771, 0.5830142621255670621, 1.000000000000000000 ),
 ( 0.000000000000000000, 1.000000000000000000 ),
 .UNSPECIFIED. ) 
 GEOMETRIC_REPRESENTATION_ITEM ( )  RATIONAL_B_SPLINE_SURFACE ( (
 ( 1.000000000000000000, 0.8047378541243652705, 0.8047378541243652705, 1.000000000000000000),
 ( 1.000000000000000000, 0.8047378541243652705, 0.8047378541243652705, 1.000000000000000000),
 ( 1.000000000000000000, 0.8047378541243652705, 0.8047378541243652705, 1.000000000000000000),
 ( 1.000000000000000000, 0.8047378541243652705, 0.8047378541243652705, 1.000000000000000000),
 ( 1.000000000000000000, 0.8047378541243652705, 0.8047378541243652705, 1.000000000000000000),
 ( 1.000000000000000000, 0.8047378541243652705, 0.8047378541243652705, 1.000000000000000000) ) ) 
 REPRESENTATION_ITEM ( '' )  SURFACE ( )  );
#1611 = LINE ( 'NONE', #1284, #1998 ) ;
#1612 = EDGE_LOOP ( 'NONE', ( #810, #314, #1838, #2116, #1144, #28, #1110, #819, #2014, #1945 ) ) ;
#1613 = CARTESIAN_POINT ( 'NONE',  ( -2.512239872198210655, 2.715607689502801403, 2.179999999999998828 ) ) ;
#1614 = CARTESIAN_POINT ( 'NONE',  ( 2.079999999999998295, 0.1299999999999994771, -2.700000000000001066 ) ) ;
#1615 = DIRECTION ( 'NONE',  ( 0.000000000000000000, 0.000000000000000000, 1.000000000000000000 ) ) ;
#1616 = ADVANCED_FACE ( 'NONE', ( #193 ), #1183, .T. ) ;
#1617 = CIRCLE ( 'NONE', #1896, 0.02000000000000002817 ) ;
#1618 = EDGE_CURVE ( 'NONE', #794, #1988, #430, .T. ) ;
#1619 = EDGE_CURVE ( 'NONE', #436, #1639, #555, .T. ) ;
#1620 = ORIENTED_EDGE ( 'NONE', *, *, #319, .T. ) ;
#1621 = CARTESIAN_POINT ( 'NONE',  ( 0.000000000000000000, 0.000000000000000000, 2.200000000000000178 ) ) ;
#1622 = DIRECTION ( 'NONE',  ( 1.000000000000000000, 0.000000000000000000, -0.000000000000000000 ) ) ;
#1623 = CARTESIAN_POINT ( 'NONE',  ( -2.079999999999999627, 0.000000000000000000, -2.439999999999998170 ) ) ;
#1624 = CARTESIAN_POINT ( 'NONE',  ( -2.080000000000001403, 2.799999999999999822, -2.439999999999998170 ) ) ;
#1625 = EDGE_LOOP ( 'NONE', ( #309, #442, #377, #1223 ) ) ;
#1626 = LINE ( 'NONE', #1445, #1327 ) ;
#1627 = ORIENTED_EDGE ( 'NONE', *, *, #683, .T. ) ;
#1628 = DIRECTION ( 'NONE',  ( -3.336006684570793554E-15, 0.000000000000000000, 1.000000000000000000 ) ) ;
#1629 = VECTOR ( 'NONE', #1280, 1000.000000000000000 ) ;
#1630 = ORIENTED_EDGE ( 'NONE', *, *, #2067, .T. ) ;
#1631 = DIRECTION ( 'NONE',  ( -8.673617379884087537E-15, 0.000000000000000000, 1.000000000000000000 ) ) ;
#1632 = APPLICATION_PROTOCOL_DEFINITION ( 'draft international standard', 'automotive_design', 1998, #1358 ) ;
#1633 = CLOSED_SHELL ( 'NONE', ( #1383, #1008, #206, #278, #988, #830, #1915, #142, #390, #348, #1007, #42, #2168, #1302, #599, #617, #528, #563, #667, #2097, #1848, #51, #370, #165, #663, #1522, #1359, #1149, #1855, #435, #729, #464, #277, #373, #1524, #1616, #1534, #1778, #2006, #1401, #1865, #1124 ) ) ;
#1634 = CARTESIAN_POINT ( 'NONE',  ( 2.599999999999997424, 2.669999999999999929, 2.179999999999998384 ) ) ;
#1635 = APPLICATION_CONTEXT ( 'automotive_design' ) ;
#1636 = EDGE_CURVE ( 'NONE', #581, #102, #593, .T. ) ;
#1637 = CARTESIAN_POINT ( 'NONE',  ( 0.02000000000000001776, 0.2200000000000000011, 2.200000000000000178 ) ) ;
#1638 = FACE_OUTER_BOUND ( 'NONE', #629, .T. ) ;
#1639 = VERTEX_POINT ( 'NONE', #103 ) ;
#1640 = CARTESIAN_POINT ( 'NONE',  ( 0.02000000000000016695, -1.379999999999999893, 2.200000000000000178 ) ) ;
#1641 = LINE ( 'NONE', #121, #1220 ) ;
#1642 = ORIENTED_EDGE ( 'NONE', *, *, #369, .T. ) ;
#1643 = CARTESIAN_POINT ( 'NONE',  ( -2.584225011576273268, 0.1299999999999994771, 2.475368173293647445 ) ) ;
#1644 = EDGE_LOOP ( 'NONE', ( #626, #1969, #577, #1254 ) ) ;
#1645 = PRODUCT_DEFINITION_SHAPE ( 'NONE', 'NONE',  #2184 ) ;
#1646 = CARTESIAN_POINT ( 'NONE',  ( -2.080000000000001847, 0.1299999999999994771, -2.684225011576272912 ) ) ;
#1647 = VECTOR ( 'NONE', #908, 1000.000000000000000 ) ;
#1648 = CARTESIAN_POINT ( 'NONE',  ( -2.080000000000000515, 2.799999999999999822, 2.179999999999997939 ) ) ;
#1649 = CARTESIAN_POINT ( 'NONE',  ( -2.340000000000000302, 2.799999999999999378, 2.248573155890499553 ) ) ;
#1650 = VERTEX_POINT ( 'NONE', #957 ) ;
#1651 = LINE ( 'NONE', #635, #1510 ) ;
#1652 = ORIENTED_EDGE ( 'NONE', *, *, #1917, .F. ) ;
#1653 = CARTESIAN_POINT ( 'NONE',  ( 2.080000000000000515, 2.782300788351221854, -2.551259182034467887 ) ) ;
#1654 = CARTESIAN_POINT ( 'NONE',  ( 2.079999999999997407, 2.670000000000000373, 2.684225011576269360 ) ) ;
#1655 = EDGE_LOOP ( 'NONE', ( #2012, #479, #378, #429 ) ) ;
#1656 = FACE_OUTER_BOUND ( 'NONE', #1655, .T. ) ;
#1657 = DIRECTION ( 'NONE',  ( -1.000000000000000000, 0.000000000000000000, 1.606225440719266613E-16 ) ) ;
#1658 =( NAMED_UNIT ( * ) SI_UNIT ( $, .STERADIAN. ) SOLID_ANGLE_UNIT ( ) );
#1659 = ORIENTED_EDGE ( 'NONE', *, *, #1709, .T. ) ;
#1660 = PRODUCT_DEFINITION ( 'UNKNOWN', '', #294, #259 ) ;
#1661 = DIRECTION ( 'NONE',  ( 0.000000000000000000, -1.000000000000000000, 0.000000000000000000 ) ) ;
#1662 = ORIENTED_EDGE ( 'NONE', *, *, #691, .T. ) ;
#1663 = SURFACE_SIDE_STYLE ('',( #791 ) ) ;
#1664 = ORIENTED_EDGE ( 'NONE', *, *, #349, .T. ) ;
#1665 = CARTESIAN_POINT ( 'NONE',  ( -2.375368173293650909, 0.1299999999999994771, -2.684225011576272912 ) ) ;
#1666 = AXIS2_PLACEMENT_3D ( 'NONE', #1536, #1511, #17 ) ;
#1667 = CARTESIAN_POINT ( 'NONE',  ( 2.333200254935293927, 0.08439231049719868316, 2.612239872198207191 ) ) ;
#1668 = PLANE ( 'NONE',  #2151 ) ;
#1669 = ORIENTED_EDGE ( 'NONE', *, *, #1080, .T. ) ;
#1670 = DIRECTION ( 'NONE',  ( 0.000000000000000000, -0.000000000000000000, 1.000000000000000000 ) ) ;
#1671 = EDGE_LOOP ( 'NONE', ( #2149, #405, #695, #1601 ) ) ;
#1672 = CARTESIAN_POINT ( 'NONE',  ( 1.155000000000003579, 1.699999999999999956, -2.649999999999997691 ) ) ;
#1673 = CARTESIAN_POINT ( 'NONE',  ( 2.339999999999998526, 2.799999999999999822, -2.180000000000001048 ) ) ;
#1674 = ORIENTED_EDGE ( 'NONE', *, *, #2162, .F. ) ;
#1675 = DIRECTION ( 'NONE',  ( 1.000000000000000000, -0.000000000000000000, -0.000000000000000000 ) ) ;
#1676 = B_SPLINE_CURVE_WITH_KNOTS ( 'NONE', 3,
 ( #1538, #1888, #372, #1036, #1338, #9 ),
 .UNSPECIFIED., .F., .F.,
 ( 4, 1, 1, 4 ),
 ( 0.000000000000000000, 0.4640831497600452771, 0.5830142621255670621, 1.000000000000000000 ),
 .UNSPECIFIED. ) ;
#1677 = VECTOR ( 'NONE', #1234, 1000.000000000000000 ) ;
#1678 = VECTOR ( 'NONE', #1928, 1000.000000000000000 ) ;
#1679 = CARTESIAN_POINT ( 'NONE',  ( 1.155000000000003579, 0.1299999999999998934, -2.699999999999997957 ) ) ;
#1680 = CARTESIAN_POINT ( 'NONE',  ( 2.599999999999999201, 2.670000000000000373, -2.180000000000001492 ) ) ;
#1681 = ORIENTED_EDGE ( 'NONE', *, *, #1553, .F. ) ;
#1682 = SURFACE_STYLE_FILL_AREA ( #824 ) ;
#1683 =( BOUNDED_CURVE ( )  B_SPLINE_CURVE ( 3, ( #1762, #237, #413, #1214 ),
 .UNSPECIFIED., .F., .F. ) 
 B_SPLINE_CURVE_WITH_KNOTS ( ( 4, 4 ),
 ( 0.000000000000000000, 1.000000000000000000 ),
 .UNSPECIFIED. ) 
 CURVE ( )  GEOMETRIC_REPRESENTATION_ITEM ( )  RATIONAL_B_SPLINE_CURVE ( ( 1.000000000000000000, 0.8047378541243652705, 0.8047378541243652705, 1.000000000000000000 ) ) 
 REPRESENTATION_ITEM ( '' )  );
#1684 = CARTESIAN_POINT ( 'NONE',  ( 2.244179906321766893, 2.800000000000000266, 2.460272631416464684 ) ) ;
#1685 = EDGE_LOOP ( 'NONE', ( #344, #652, #731, #494 ) ) ;
#1686 = ORIENTED_EDGE ( 'NONE', *, *, #1750, .T. ) ;
#1687 = ORIENTED_EDGE ( 'NONE', *, *, #284, .T. ) ;
#1688 = CARTESIAN_POINT ( 'NONE',  ( 2.360272631416466371, 0.000000000000000000, 2.179999999999998384 ) ) ;
#1689 = EDGE_CURVE ( 'NONE', #1329, #812, #1102, .T. ) ;
#1690 = EDGE_CURVE ( 'NONE', #681, #1705, #1946, .T. ) ;
#1691 = EDGE_CURVE ( 'NONE', #1578, #1588, #268, .T. ) ;
#1692 = CARTESIAN_POINT ( 'NONE',  ( -0.2000000000000000111, -2.441447906791807820E-17, 0.000000000000000000 ) ) ;
#1693 = CARTESIAN_POINT ( 'NONE',  ( 2.079999999999999627, 2.799999999999999822, 2.460272631416465572 ) ) ;
#1694 = ORIENTED_EDGE ( 'NONE', *, *, #1128, .T. ) ;
#1695 = EDGE_CURVE ( 'NONE', #2082, #1122, #1425, .T. ) ;
#1696 = CARTESIAN_POINT ( 'NONE',  ( 2.079999999999999627, 2.715607689502801403, 2.612239872198208079 ) ) ;
#1697 = ORIENTED_EDGE ( 'NONE', *, *, #1796, .T. ) ;
#1698 = CARTESIAN_POINT ( 'NONE',  ( -2.584225011576274156, 2.670000000000000373, -2.180000000000000160 ) ) ;
#1699 = CARTESIAN_POINT ( 'NONE',  ( -2.080000000000000515, 2.715607689502801403, 2.612239872198208079 ) ) ;
#1700 = EDGE_CURVE ( 'NONE', #857, #1004, #1808, .T. ) ;
#1701 = CARTESIAN_POINT ( 'NONE',  ( -2.600000000000001421, 2.669999999999999929, -2.180000000000000604 ) ) ;
#1702 = DIRECTION ( 'NONE',  ( 1.000000000000000000, 1.837630800822889059E-16, 0.000000000000000000 ) ) ;
#1703 = CIRCLE ( 'NONE', #1594, 0.2200000000000000011 ) ;
#1704 = CARTESIAN_POINT ( 'NONE',  ( 2.512239872198207991, 2.715607689502801403, -2.180000000000001048 ) ) ;
#1705 = VERTEX_POINT ( 'NONE', #771 ) ;
#1706 = CARTESIAN_POINT ( 'NONE',  ( -2.512239872198211543, 2.715607689502801403, -2.433200254935298013 ) ) ;
#1707 = CARTESIAN_POINT ( 'NONE',  ( -2.512239872198211099, 2.715607689502801403, 2.433200254935296236 ) ) ;
#1708 = CARTESIAN_POINT ( 'NONE',  ( 2.079999999999999627, 0.1299999999999998934, 2.699999999999997957 ) ) ;
#1709 = EDGE_CURVE ( 'NONE', #335, #636, #1593, .T. ) ;
#1710 = EDGE_CURVE ( 'NONE', #1716, #2000, #619, .T. ) ;
#1711 = CARTESIAN_POINT ( 'NONE',  ( 2.216698551819652696, 2.799999999999998934, -2.411196874994527839 ) ) ;
#1712 = MECHANICAL_DESIGN_GEOMETRIC_PRESENTATION_REPRESENTATION (  '', ( #2027 ), #748 ) ;
#1713 = LINE ( 'NONE', #1505, #833 ) ;
#1714 = DIRECTION ( 'NONE',  ( 0.000000000000000000, -0.000000000000000000, -1.000000000000000000 ) ) ;
#1715 = CARTESIAN_POINT ( 'NONE',  ( -2.080000000000000515, 2.670000000000000373, 2.699999999999998401 ) ) ;
#1716 = VERTEX_POINT ( 'NONE', #2123 ) ;
#1717 = ORIENTED_EDGE ( 'NONE', *, *, #2138, .T. ) ;
#1718 = CARTESIAN_POINT ( 'NONE',  ( -2.584225011576273268, 2.670000000000000373, 2.179999999999997939 ) ) ;
#1719 = DIRECTION ( 'NONE',  ( 1.606225440719266367E-16, 0.000000000000000000, 1.000000000000000000 ) ) ;
#1720 = CARTESIAN_POINT ( 'NONE',  ( -1.154999999999996252, 0.1059178328973457012, 2.649999999999998135 ) ) ;
#1721 = VECTOR ( 'NONE', #176, 1000.000000000000000 ) ;
#1722 = CARTESIAN_POINT ( 'NONE',  ( 2.080000000000000515, 0.01769921164877829092, -2.551259182034467887 ) ) ;
#1723 = CYLINDRICAL_SURFACE ( 'NONE', #1501, 0.5200000000000000178 ) ;
#1724 = CARTESIAN_POINT ( 'NONE',  ( -2.080000000000000515, 2.782300788351221854, 2.551259182034467887 ) ) ;
#1725 = ORIENTED_EDGE ( 'NONE', *, *, #2162, .T. ) ;
#1726 = CARTESIAN_POINT ( 'NONE',  ( -0.2000000000000000389, -7.634590297918759979E-17, 0.8799999999999998934 ) ) ;
#1727 = LINE ( 'NONE', #887, #124 ) ;
#1728 = EDGE_CURVE ( 'NONE', #2000, #661, #1608, .T. ) ;
#1729 = DIRECTION ( 'NONE',  ( 1.000000000000000000, 0.000000000000000000, 0.000000000000000000 ) ) ;
#1730 = DIRECTION ( 'NONE',  ( 4.581135940079598894E-16, 0.000000000000000000, -1.000000000000000000 ) ) ;
#1731 = VECTOR ( 'NONE', #1631, 1000.000000000000000 ) ;
#1732 = LINE ( 'NONE', #881, #249 ) ;
#1733 = CARTESIAN_POINT ( 'NONE',  ( -2.080000000000000515, 0.000000000000000000, 2.439999999999998170 ) ) ;
#1734 = CARTESIAN_POINT ( 'NONE',  ( -0.1999999999999998723, -1.359999999999999876, 2.200000000000000178 ) ) ;
#1735 = ORIENTED_EDGE ( 'NONE', *, *, #1695, .F. ) ;
#1736 = DIRECTION ( 'NONE',  ( 0.000000000000000000, 0.000000000000000000, 1.000000000000000000 ) ) ;
#1737 = CARTESIAN_POINT ( 'NONE',  ( -1.210000000000000409, 0.1000000000000000056, 1.279999999999998694 ) ) ;
#1738 = PLANE ( 'NONE',  #162 ) ;
#1739 = PRESENTATION_LAYER_ASSIGNMENT (  '', '', ( #2125 ) ) ;
#1740 = DIRECTION ( 'NONE',  ( 0.000000000000000000, 0.000000000000000000, 1.000000000000000000 ) ) ;
#1741 = CARTESIAN_POINT ( 'NONE',  ( 0.02000000000000020511, -1.580000000000000071, 0.000000000000000000 ) ) ;
#1742 = PLANE ( 'NONE',  #391 ) ;
#1743 = CARTESIAN_POINT ( 'NONE',  ( -2.512239872198210655, 2.715607689502801403, 2.179999999999997939 ) ) ;
#1744 = AXIS2_PLACEMENT_3D ( 'NONE', #1278, #2087, #276 ) ;
#1745 = CARTESIAN_POINT ( 'NONE',  ( 2.339999999999997637, 0.000000000000000000, 2.179999999999998384 ) ) ;
#1746 = CARTESIAN_POINT ( 'NONE',  ( 2.451259182034468687, 0.01769921164877829092, -2.180000000000001492 ) ) ;
#1747 = CARTESIAN_POINT ( 'NONE',  ( 2.512239872198207991, 0.08439231049719866928, -2.180000000000001048 ) ) ;
#1748 = LINE ( 'NONE', #605, #1647 ) ;
#1749 = EDGE_CURVE ( 'NONE', #740, #1315, #851, .T. ) ;
#1750 = EDGE_CURVE ( 'NONE', #1024, #800, #280, .T. ) ;
#1751 = CARTESIAN_POINT ( 'NONE',  ( -1.210000000000000187, 0.000000000000000000, -2.439999999999998170 ) ) ;
#1752 = CARTESIAN_POINT ( 'NONE',  ( -2.340000000000001634, 0.000000000000000000, -2.180000000000000604 ) ) ;
#1753 = EDGE_LOOP ( 'NONE', ( #77, #1261, #1807, #275 ) ) ;
#1754 = EDGE_CURVE ( 'NONE', #146, #1802, #92, .T. ) ;
#1755 = CARTESIAN_POINT ( 'NONE',  ( -2.512239872198210655, 0.08439231049719866928, 2.179999999999997939 ) ) ;
#1756 = CARTESIAN_POINT ( 'NONE',  ( -1.210000000000000409, 0.000000000000000000, 2.439999999999998170 ) ) ;
#1757 = CARTESIAN_POINT ( 'NONE',  ( -2.340000000000000746, 2.799999999999999822, 2.179999999999997939 ) ) ;
#1758 = DIRECTION ( 'NONE',  ( -3.054090626719730460E-16, -0.000000000000000000, 1.000000000000000000 ) ) ;
#1759 = B_SPLINE_CURVE_WITH_KNOTS ( 'NONE', 3,
 ( #1397, #873, #558, #1559, #1229, #26 ),
 .UNSPECIFIED., .F., .F.,
 ( 4, 2, 4 ),
 ( 0.000000000000000000, 0.5000000000000000000, 1.000000000000000000 ),
 .UNSPECIFIED. ) ;
#1760 = CARTESIAN_POINT ( 'NONE',  ( -2.080000000000000515, 0.01769921164877829092, 2.551259182034467887 ) ) ;
#1761 = CARTESIAN_POINT ( 'NONE',  ( -1.099999999999999645, 1.580000000000000737, 2.669999999999998597 ) ) ;
#1762 = CARTESIAN_POINT ( 'NONE',  ( 2.079999999999999627, 0.000000000000000000, 2.439999999999998170 ) ) ;
#1763 = CARTESIAN_POINT ( 'NONE',  ( -2.384608947565991510, 0.1299999999999994771, 2.699999999999997957 ) ) ;
#1764 = ORIENTED_EDGE ( 'NONE', *, *, #1050, .T. ) ;
#1765 = PRESENTATION_LAYER_ASSIGNMENT (  '', '', ( #1193 ) ) ;
#1766 = CARTESIAN_POINT ( 'NONE',  ( -2.584225011576273268, 2.670000000000000373, 2.179999999999998828 ) ) ;
#1767 = CARTESIAN_POINT ( 'NONE',  ( -0.1999999999999998723, -1.359999999999999876, 0.000000000000000000 ) ) ;
#1768 = CARTESIAN_POINT ( 'NONE',  ( -2.080000000000000515, 0.1299999999999998934, 2.179999999999997939 ) ) ;
#1769 = CARTESIAN_POINT ( 'NONE',  ( 0.02000000000000000389, 0.000000000000000000, 0.000000000000000000 ) ) ;
#1770 = ORIENTED_EDGE ( 'NONE', *, *, #959, .T. ) ;
#1771 = PLANE ( 'NONE',  #2054 ) ;
#1772 = VECTOR ( 'NONE', #1231, 1000.000000000000000 ) ;
#1773 = CARTESIAN_POINT ( 'NONE',  ( 2.599999999999998312, 2.669999999999999929, -2.180000000000001048 ) ) ;
#1774 = EDGE_CURVE ( 'NONE', #1004, #160, #911, .T. ) ;
#1775 = EDGE_CURVE ( 'NONE', #1813, #1966, #1906, .T. ) ;
#1776 = CARTESIAN_POINT ( 'NONE',  ( 2.080000000000000515, 0.01769921164877829092, -2.551259182034467887 ) ) ;
#1777 = ORIENTED_EDGE ( 'NONE', *, *, #776, .T. ) ;
#1778 = ADVANCED_FACE ( 'NONE', ( #2103 ), #1771, .T. ) ;
#1779 = LINE ( 'NONE', #751, #715 ) ;
#1780 = DIRECTION ( 'NONE',  ( -3.336006684570793554E-15, 0.000000000000000000, 1.000000000000000000 ) ) ;
#1781 = DIRECTION ( 'NONE',  ( -1.606225440719266367E-16, -0.000000000000000000, -1.000000000000000000 ) ) ;
#1782 = AXIS2_PLACEMENT_3D ( 'NONE', #1251, #574, #550 ) ;
#1783 = VECTOR ( 'NONE', #30, 1000.000000000000000 ) ;
#1784 = VERTEX_POINT ( 'NONE', #129 ) ;
#1785 = CARTESIAN_POINT ( 'NONE',  ( 0.02000000000000001776, 0.2200000000000000011, 2.200000000000000178 ) ) ;
#1786 = FACE_OUTER_BOUND ( 'NONE', #645, .T. ) ;
#1787 = UNCERTAINTY_MEASURE_WITH_UNIT (LENGTH_MEASURE( 1.000000000000000082E-05 ), #148, 'distance_accuracy_value', 'NONE');
#1788 = CARTESIAN_POINT ( 'NONE',  ( -2.600000000000000977, 0.1299999999999994771, 2.179999999999997939 ) ) ;
#1789 = AXIS2_PLACEMENT_3D ( 'NONE', #1560, #35, #1179 ) ;
#1790 = CARTESIAN_POINT ( 'NONE',  ( -2.080000000000001403, 2.670000000000000373, -2.684225011576272912 ) ) ;
#1791 = ORIENTED_EDGE ( 'NONE', *, *, #225, .F. ) ;
#1792 = CARTESIAN_POINT ( 'NONE',  ( -2.080000000000000515, 0.000000000000000000, 2.460272631416465572 ) ) ;
#1793 = EDGE_LOOP ( 'NONE', ( #1449, #1308, #20, #484 ) ) ;
#1794 = CARTESIAN_POINT ( 'NONE',  ( -2.079999999999999627, 2.670000000000000373, -2.684225011576270692 ) ) ;
#1795 = AXIS2_PLACEMENT_3D ( 'NONE', #1010, #680, #668 ) ;
#1796 = EDGE_CURVE ( 'NONE', #62, #1929, #16, .T. ) ;
#1797 = VERTEX_POINT ( 'NONE', #641 ) ;
#1798 = DIRECTION ( 'NONE',  ( -0.000000000000000000, -1.000000000000000000, -0.000000000000000000 ) ) ;
#1799 = CARTESIAN_POINT ( 'NONE',  ( -2.600000000000000533, 2.799999999999999822, 2.179999999999998384 ) ) ;
#1800 = EDGE_CURVE ( 'NONE', #956, #487, #1380, .T. ) ;
#1801 = CARTESIAN_POINT ( 'NONE',  ( 1.660184576618428665E-16, -1.359999999999999876, 2.200000000000000178 ) ) ;
#1802 = VERTEX_POINT ( 'NONE', #2177 ) ;
#1803 = DIRECTION ( 'NONE',  ( -6.776263578034402713E-17, -1.000000000000000000, 0.000000000000000000 ) ) ;
#1804 = VERTEX_POINT ( 'NONE', #840 ) ;
#1805 = CIRCLE ( 'NONE', #6, 0.2200000000000000011 ) ;
#1806 = CARTESIAN_POINT ( 'NONE',  ( -2.333200254935298812, 0.08439231049719868316, 2.612239872198207635 ) ) ;
#1807 = ORIENTED_EDGE ( 'NONE', *, *, #595, .T. ) ;
#1808 = LINE ( 'NONE', #1621, #1523 ) ;
#1809 = APPLICATION_PROTOCOL_DEFINITION ( 'draft international standard', 'automotive_design', 1998, #1245 ) ;
#1810 = VECTOR ( 'NONE', #754, 1000.000000000000000 ) ;
#1811 = CARTESIAN_POINT ( 'NONE',  ( 2.451259182034467354, 0.01769921164877829092, 2.180000000000000604 ) ) ;
#1812 = LINE ( 'NONE', #809, #1232 ) ;
#1813 = VERTEX_POINT ( 'NONE', #468 ) ;
#1814 = AXIS2_PLACEMENT_3D ( 'NONE', #44, #2052, #716 ) ;
#1815 = DIRECTION ( 'NONE',  ( 0.000000000000000000, 0.000000000000000000, 1.000000000000000000 ) ) ;
#1816 = ORIENTED_EDGE ( 'NONE', *, *, #1710, .T. ) ;
#1817 =( NAMED_UNIT ( * ) SI_UNIT ( $, .STERADIAN. ) SOLID_ANGLE_UNIT ( ) );
#1818 = CARTESIAN_POINT ( 'NONE',  ( 2.512239872198207102, 2.715607689502801403, 2.180000000000000604 ) ) ;
#1819 = ORIENTED_EDGE ( 'NONE', *, *, #1056, .F. ) ;
#1820 = B_SPLINE_SURFACE_WITH_KNOTS ( 'NONE', 3, 1, ( 
 ( #75, #1590 ),
 ( #2099, #579 ),
 ( #1255, #418 ),
 ( #235, #1747 ),
 ( #1087, #755 ),
 ( #899, #557 ) ),
 .UNSPECIFIED., .F., .F., .F.,
 ( 4, 1, 1, 4 ),
 ( 2, 2 ),
 ( 0.000000000000000000, 0.4640831497600452771, 0.5830142621255670621, 1.000000000000000000 ),
 ( 0.000000000000000000, 1.000000000000000000 ),
 .UNSPECIFIED. ) ;
#1821 = CARTESIAN_POINT ( 'NONE',  ( -2.451259182034471795, 0.01769921164877829092, -2.180000000000000160 ) ) ;
#1822 = AXIS2_PLACEMENT_3D ( 'NONE', #1554, #1914, #527 ) ;
#1823 = CONTEXT_DEPENDENT_SHAPE_REPRESENTATION ( #793, #1645 ) ;
#1824 = CARTESIAN_POINT ( 'NONE',  ( 2.339999999999997637, 2.799999999999999822, 2.179999999999998384 ) ) ;
#1825 = EDGE_CURVE ( 'NONE', #2176, #508, #795, .T. ) ;
#1826 = DIRECTION ( 'NONE',  ( -1.877406359282259082E-16, 0.000000000000000000, 1.000000000000000000 ) ) ;
#1827 = ORIENTED_EDGE ( 'NONE', *, *, #2066, .T. ) ;
#1828 = CARTESIAN_POINT ( 'NONE',  ( 2.079999999999999627, 0.000000000000000000, 2.460272631416465572 ) ) ;
#1829 = ORIENTED_EDGE ( 'NONE', *, *, #1749, .F. ) ;
#1830 = CARTESIAN_POINT ( 'NONE',  ( 2.080000000000000515, 2.799999999999999822, -2.460272631416465572 ) ) ;
#1831 = CARTESIAN_POINT ( 'NONE',  ( -1.210000000000000187, 0.000000000000000000, -2.439999999999998170 ) ) ;
#1832 = ORIENTED_EDGE ( 'NONE', *, *, #482, .F. ) ;
#1833 = CARTESIAN_POINT ( 'NONE',  ( -2.340000000000002522, 0.000000000000000000, -2.332304473782995213 ) ) ;
#1834 = CARTESIAN_POINT ( 'NONE',  ( 2.360272631416464595, 0.000000000000000000, 2.180000000000000604 ) ) ;
#1835 = PLANE ( 'NONE',  #877 ) ;
#1836 = EDGE_LOOP ( 'NONE', ( #1933, #656, #1829, #1303, #2030, #640, #321, #2023, #533, #1974, #941, #876 ) ) ;
#1837 = CARTESIAN_POINT ( 'NONE',  ( 0.000000000000000000, 1.699999999999999956, 0.000000000000000000 ) ) ;
#1838 = ORIENTED_EDGE ( 'NONE', *, *, #1191, .F. ) ;
#1839 = PRESENTATION_STYLE_ASSIGNMENT (( #1311 ) ) ;
#1840 = CARTESIAN_POINT ( 'NONE',  ( 2.599999999999997868, 2.670000000000000373, 2.180000000000000604 ) ) ;
#1841 = EDGE_LOOP ( 'NONE', ( #1206, #884, #1011, #710 ) ) ;
#1842 = CARTESIAN_POINT ( 'NONE',  ( 0.02000000000000000389, 0.000000000000000000, 1.320000000000000062 ) ) ;
#1843 = VECTOR ( 'NONE', #1450, 1000.000000000000000 ) ;
#1844 = CARTESIAN_POINT ( 'NONE',  ( 1.209999999999999520, 0.1000000000000000056, -1.279999999999998916 ) ) ;
#1845 = ORIENTED_EDGE ( 'NONE', *, *, #1452, .F. ) ;
#1846 = CARTESIAN_POINT ( 'NONE',  ( 2.339999999999997637, 2.799999999999999822, 2.179999999999998384 ) ) ;
#1847 = ORIENTED_EDGE ( 'NONE', *, *, #735, .F. ) ;
#1848 = ADVANCED_FACE ( 'NONE', ( #828 ), #1513, .F. ) ;
#1849 = EDGE_CURVE ( 'NONE', #984, #168, #173, .T. ) ;
#1850 = DIRECTION ( 'NONE',  ( 1.000000000000000000, 0.000000000000000000, 0.000000000000000000 ) ) ;
#1851 = EDGE_CURVE ( 'NONE', #1804, #636, #805, .T. ) ;
#1852 = CARTESIAN_POINT ( 'NONE',  ( 2.512239872198206214, 2.715607689502801403, 2.433200254935297568 ) ) ;
#1853 = EDGE_LOOP ( 'NONE', ( #904, #337, #969, #1018, #1550, #356 ) ) ;
#1854 = CARTESIAN_POINT ( 'NONE',  ( 1.155000000000003579, 1.699999999999999956, -2.649999999999997691 ) ) ;
#1855 = ADVANCED_FACE ( 'NONE', ( #1335 ), #152, .F. ) ;
#1856 = VECTOR ( 'NONE', #892, 1000.000000000000000 ) ;
#1857 = CARTESIAN_POINT ( 'NONE',  ( 2.079999999999999183, 2.669999999999999929, 2.699999999999997957 ) ) ;
#1858 = CARTESIAN_POINT ( 'NONE',  ( 2.599999999999999201, 0.1299999999999998934, 2.179999999999998384 ) ) ;
#1859 = ORIENTED_EDGE ( 'NONE', *, *, #1452, .T. ) ;
#1860 = APPLICATION_CONTEXT ( 'automotive_design' ) ;
#1861 = DIRECTION ( 'NONE',  ( 0.000000000000000000, -1.000000000000000000, 0.000000000000000000 ) ) ;
#1862 = ORIENTED_EDGE ( 'NONE', *, *, #664, .F. ) ;
#1863 = EDGE_LOOP ( 'NONE', ( #1343, #297, #2165, #279 ) ) ;
#1864 = CARTESIAN_POINT ( 'NONE',  ( 4.336808689942017736E-16, 0.1059178328973457012, -2.649999999999998135 ) ) ;
#1865 = ADVANCED_FACE ( 'NONE', ( #1656 ), #1484, .F. ) ;
#1866 = DIRECTION ( 'NONE',  ( -3.584139413175222736E-16, 0.000000000000000000, 1.000000000000000000 ) ) ;
#1867 = CARTESIAN_POINT ( 'NONE',  ( 2.360272631416465927, 2.799999999999999822, -2.180000000000001492 ) ) ;
#1868 = ORIENTED_EDGE ( 'NONE', *, *, #1917, .T. ) ;
#1869 = CARTESIAN_POINT ( 'NONE',  ( -2.080000000000000515, 2.670000000000000373, 2.684225011576270692 ) ) ;
#1870 = ORIENTED_EDGE ( 'NONE', *, *, #511, .F. ) ;
#1871 = ORIENTED_EDGE ( 'NONE', *, *, #353, .F. ) ;
#1872 = LINE ( 'NONE', #723, #612 ) ;
#1873 = CARTESIAN_POINT ( 'NONE',  ( -1.210000000000000409, 0.000000000000000000, 1.279999999999998694 ) ) ;
#1874 = EDGE_CURVE ( 'NONE', #984, #1356, #60, .T. ) ;
#1875 = AXIS2_PLACEMENT_3D ( 'NONE', #718, #1394, #548 ) ;
#1876 = VECTOR ( 'NONE', #1544, 1000.000000000000000 ) ;
#1877 = FACE_OUTER_BOUND ( 'NONE', #1324, .T. ) ;
#1878 = CARTESIAN_POINT ( 'NONE',  ( 2.333200254935296147, 2.715607689502801403, -2.612239872198211188 ) ) ;
#1879 = DIRECTION ( 'NONE',  ( -1.000000000000000000, 0.000000000000000000, 0.000000000000000000 ) ) ;
#1880 = CARTESIAN_POINT ( 'NONE',  ( -0.2000000000000000389, -7.634590297918759979E-17, 0.8799999999999998934 ) ) ;
#1881 = VERTEX_POINT ( 'NONE', #1708 ) ;
#1882 = CARTESIAN_POINT ( 'NONE',  ( -2.451259182034472239, 2.782300788351221854, -2.397478593680250736 ) ) ;
#1883 = CARTESIAN_POINT ( 'NONE',  ( 1.155000000000003579, 1.699999999999999956, -2.649999999999997691 ) ) ;
#1884 = CARTESIAN_POINT ( 'NONE',  ( -1.210000000000000409, 0.1000000000000000056, 1.279999999999998694 ) ) ;
#1885 = CARTESIAN_POINT ( 'NONE',  ( -2.584225011576274156, 2.670000000000000373, -2.180000000000000604 ) ) ;
#1886 = AXIS2_PLACEMENT_3D ( 'NONE', #1769, #1615, #2111 ) ;
#1887 = AXIS2_PLACEMENT_3D ( 'NONE', #1587, #1241, #1942 ) ;
#1888 = CARTESIAN_POINT ( 'NONE',  ( 2.360272631416465483, 0.000000000000000000, -2.180000000000001492 ) ) ;
#1889 = CARTESIAN_POINT ( 'NONE',  ( 1.209999999999999520, 0.1000000000000000056, -1.279999999999998916 ) ) ;
#1890 = DIRECTION ( 'NONE',  ( -0.000000000000000000, 1.232047923278982199E-16, -1.000000000000000000 ) ) ;
#1891 = ORIENTED_EDGE ( 'NONE', *, *, #1754, .T. ) ;
#1892 = ORIENTED_EDGE ( 'NONE', *, *, #1453, .F. ) ;
#1893 = CARTESIAN_POINT ( 'NONE',  ( -2.600000000000001421, 2.799999999999999822, -2.700000000000000622 ) ) ;
#1894 = LINE ( 'NONE', #1873, #368 ) ;
#1895 = DIRECTION ( 'NONE',  ( 0.000000000000000000, 0.000000000000000000, 1.000000000000000000 ) ) ;
#1896 = AXIS2_PLACEMENT_3D ( 'NONE', #1276, #1815, #298 ) ;
#1897 = CARTESIAN_POINT ( 'NONE',  ( 2.080000000000000515, 0.1299999999999998934, -2.700000000000000622 ) ) ;
#1898 = CARTESIAN_POINT ( 'NONE',  ( -1.154999999999996696, 1.699999999999999956, 2.699999999999997957 ) ) ;
#1899 = CARTESIAN_POINT ( 'NONE',  ( -2.340000000000001634, 2.799999999999999822, -2.180000000000000604 ) ) ;
#1900 = ORIENTED_EDGE ( 'NONE', *, *, #1128, .F. ) ;
#1901 = DIRECTION ( 'NONE',  ( -1.000000000000000000, 0.000000000000000000, 1.877406359282258836E-16 ) ) ;
#1902 = DIRECTION ( 'NONE',  ( -1.000000000000000000, 0.000000000000000000, 0.000000000000000000 ) ) ;
#1903 = CARTESIAN_POINT ( 'NONE',  ( 1.200000000000000178, -1.579999999999999849, 2.200000000000000178 ) ) ;
#1904 = SHAPE_REPRESENTATION ( 'FXL0530', ( #1238, #922, #117, #1814 ), #566 ) ;
#1905 = CARTESIAN_POINT ( 'NONE',  ( -1.154999999999996696, 1.699999999999999956, -2.699999999999997957 ) ) ;
#1906 = CIRCLE ( 'NONE', #1348, 0.5200000000000000178 ) ;
#1907 = CARTESIAN_POINT ( 'NONE',  ( 2.599999999999999201, 0.1299999999999994771, 2.179999999999998384 ) ) ;
#1908 = CARTESIAN_POINT ( 'NONE',  ( -2.080000000000000515, 0.000000000000000000, 2.439999999999998170 ) ) ;
#1909 = CARTESIAN_POINT ( 'NONE',  ( 0.02000000000000017042, -1.359999999999999876, 2.200000000000000178 ) ) ;
#1910 = EDGE_CURVE ( 'NONE', #1329, #2122, #23, .T. ) ;
#1911 = EDGE_CURVE ( 'NONE', #517, #815, #688, .T. ) ;
#1912 = CARTESIAN_POINT ( 'NONE',  ( 2.584225011576270603, 0.1299999999999994771, -2.475368173293650553 ) ) ;
#1913 = AXIS2_PLACEMENT_3D ( 'NONE', #632, #316, #597 ) ;
#1914 = DIRECTION ( 'NONE',  ( 0.000000000000000000, -1.000000000000000000, 0.000000000000000000 ) ) ;
#1915 = ADVANCED_FACE ( 'NONE', ( #1357 ), #697, .T. ) ;
#1916 = DIRECTION ( 'NONE',  ( 0.000000000000000000, 1.000000000000000000, 0.000000000000000000 ) ) ;
#1917 = EDGE_CURVE ( 'NONE', #1466, #83, #182, .T. ) ;
#1918 = DIRECTION ( 'NONE',  ( -1.000000000000000000, 0.000000000000000000, -3.584139413175222243E-16 ) ) ;
#1919 = ORIENTED_EDGE ( 'NONE', *, *, #938, .F. ) ;
#1920 = LINE ( 'NONE', #426, #1032 ) ;
#1921 = CARTESIAN_POINT ( 'NONE',  ( 0.000000000000000000, -2.570462650601050260E-16, 2.200000000000000178 ) ) ;
#1922 = FACE_OUTER_BOUND ( 'NONE', #1355, .T. ) ;
#1923 = CARTESIAN_POINT ( 'NONE',  ( -1.154999999999996252, 0.1299999999999994771, -2.691568531934235509 ) ) ;
#1924 = CARTESIAN_POINT ( 'NONE',  ( 2.451259182034468243, 2.782300788351221854, -2.180000000000001492 ) ) ;
#1925 = CARTESIAN_POINT ( 'NONE',  ( 1.209999999999999298, 0.1000000000000000056, 1.279999999999998694 ) ) ;
#1926 = DIRECTION ( 'NONE',  ( -1.000000000000000000, 0.000000000000000000, 0.000000000000000000 ) ) ;
#1927 = ORIENTED_EDGE ( 'NONE', *, *, #1312, .T. ) ;
#1928 = DIRECTION ( 'NONE',  ( 0.000000000000000000, -1.000000000000000000, 0.000000000000000000 ) ) ;
#1929 = VERTEX_POINT ( 'NONE', #1392 ) ;
#1930 = CARTESIAN_POINT ( 'NONE',  ( 2.079999999999998295, 0.000000000000000000, -2.440000000000000835 ) ) ;
#1931 = CARTESIAN_POINT ( 'NONE',  ( -2.232304473782996013, 2.800000000000000266, 2.439999999999997726 ) ) ;
#1932 = DIRECTION ( 'NONE',  ( -0.000000000000000000, -0.000000000000000000, -1.000000000000000000 ) ) ;
#1933 = ORIENTED_EDGE ( 'NONE', *, *, #281, .F. ) ;
#1934 = CARTESIAN_POINT ( 'NONE',  ( 0.000000000000000000, 0.000000000000000000, 2.200000000000000178 ) ) ;
#1935 =( NAMED_UNIT ( * ) SI_UNIT ( $, .STERADIAN. ) SOLID_ANGLE_UNIT ( ) );
#1936 = ADVANCED_FACE ( 'NONE', ( #1057 ), #2041, .T. ) ;
#1937 = FACE_OUTER_BOUND ( 'NONE', #2048, .T. ) ;
#1938 = EDGE_CURVE ( 'NONE', #1514, #1784, #1727, .T. ) ;
#1939 = CARTESIAN_POINT ( 'NONE',  ( -2.079999999999999627, 0.1299999999999994771, -2.684225011576270692 ) ) ;
#1940 = VERTEX_POINT ( 'NONE', #1884 ) ;
#1941 =( GEOMETRIC_REPRESENTATION_CONTEXT ( 3 ) GLOBAL_UNCERTAINTY_ASSIGNED_CONTEXT ( ( #1271 ) ) GLOBAL_UNIT_ASSIGNED_CONTEXT ( ( #644, #610, #1658 ) ) REPRESENTATION_CONTEXT ( 'NONE', 'WORKASPACE' ) );
#1942 = DIRECTION ( 'NONE',  ( 1.000000000000000000, 0.000000000000000000, 0.000000000000000000 ) ) ;
#1943 = CARTESIAN_POINT ( 'NONE',  ( 2.079999999999998295, 0.01769921164877829092, -2.551259182034470552 ) ) ;
#1944 = LINE ( 'NONE', #1264, #1247 ) ;
#1945 = ORIENTED_EDGE ( 'NONE', *, *, #1465, .T. ) ;
#1946 = LINE ( 'NONE', #1785, #1557 ) ;
#1947 = PRODUCT_CONTEXT ( 'NONE', #1270, 'mechanical' ) ;
#1948 = LINE ( 'NONE', #1455, #1340 ) ;
#1949 = COLOUR_RGB ( '',0.8666666666666666963, 0.9098039215686274384, 1.000000000000000000 ) ;
#1950 = CARTESIAN_POINT ( 'NONE',  ( 2.080000000000000515, 2.715607689502801403, -2.612239872198208079 ) ) ;
#1951 = LINE ( 'NONE', #1153, #808 ) ;
#1952 = VERTEX_POINT ( 'NONE', #224 ) ;
#1953 = CARTESIAN_POINT ( 'NONE',  ( -2.080000000000000515, 0.1299999999999994771, 2.699999999999998401 ) ) ;
#1954 = PRODUCT ( '\X2\96f64ef6\X0\1_\X2\9ed88ba4\X0\', '\X2\96f64ef6\X0\1_\X2\9ed88ba4\X0\', '', ( #980 ) ) ;
#1955 = ORIENTED_EDGE ( 'NONE', *, *, #1396, .F. ) ;
#1956 = CARTESIAN_POINT ( 'NONE',  ( -2.360272631416468148, 0.000000000000000000, 2.179999999999998828 ) ) ;
#1957 = ADVANCED_FACE ( 'NONE', ( #202 ), #1738, .F. ) ;
#1958 = AXIS2_PLACEMENT_3D ( 'NONE', #522, #1195, #1879 ) ;
#1959 = CIRCLE ( 'NONE', #1212, 0.5200000000000000178 ) ;
#1960 = ORIENTED_EDGE ( 'NONE', *, *, #1457, .T. ) ;
#1961 = DIRECTION ( 'NONE',  ( 1.000000000000000000, 0.000000000000000000, 0.000000000000000000 ) ) ;
#1962 = SHAPE_DEFINITION_REPRESENTATION ( #961, #1904 ) ;
#1963 = CARTESIAN_POINT ( 'NONE',  ( 2.375368173293645579, 0.1299999999999994771, 2.684225011576269804 ) ) ;
#1964 = B_SPLINE_CURVE_WITH_KNOTS ( 'NONE', 3,
 ( #963, #1649, #1996, #1273, #623, #272 ),
 .UNSPECIFIED., .F., .F.,
 ( 4, 2, 4 ),
 ( 0.000000000000000000, 0.5000000000000000000, 1.000000000000000000 ),
 .UNSPECIFIED. ) ;
#1965 = DIRECTION ( 'NONE',  ( -1.527045313359865723E-16, -0.000000000000000000, -1.000000000000000000 ) ) ;
#1966 = VERTEX_POINT ( 'NONE', #1564 ) ;
#1967 = CARTESIAN_POINT ( 'NONE',  ( 1.155000000000003579, 0.1059178328973462146, 2.649999999999997691 ) ) ;
#1968 = EDGE_LOOP ( 'NONE', ( #1868, #415, #2059, #624, #71, #1424 ) ) ;
#1969 = ORIENTED_EDGE ( 'NONE', *, *, #41, .F. ) ;
#1970 = CARTESIAN_POINT ( 'NONE',  ( 2.079999999999998295, 0.1299999999999998934, -2.180000000000000604 ) ) ;
#1971 = CARTESIAN_POINT ( 'NONE',  ( 2.360272631416466371, 2.799999999999999822, 2.179999999999998384 ) ) ;
#1972 = PRODUCT_DEFINITION_SHAPE ( 'NONE', 'NONE',  #567 ) ;
#1973 = LINE ( 'NONE', #141, #1448 ) ;
#1974 = ORIENTED_EDGE ( 'NONE', *, *, #758, .F. ) ;
#1975 = CARTESIAN_POINT ( 'NONE',  ( 2.079999999999999627, 0.01769921164877829092, 2.551259182034467887 ) ) ;
#1976 = ORIENTED_EDGE ( 'NONE', *, *, #1500, .F. ) ;
#1977 =( LENGTH_UNIT ( ) NAMED_UNIT ( * ) SI_UNIT ( .MILLI., .METRE. ) );
#1978 = FACE_OUTER_BOUND ( 'NONE', #1298, .T. ) ;
#1979 = ORIENTED_EDGE ( 'NONE', *, *, #1691, .T. ) ;
#1980 = CARTESIAN_POINT ( 'NONE',  ( 1.209999999999999520, 0.000000000000000000, -2.439999999999998170 ) ) ;
#1981 = EDGE_CURVE ( 'NONE', #1578, #1334, #587, .T. ) ;
#1982 = APPLICATION_PROTOCOL_DEFINITION ( 'draft international standard', 'automotive_design', 1998, #1860 ) ;
#1983 = VECTOR ( 'NONE', #417, 1000.000000000000000 ) ;
#1984 = CARTESIAN_POINT ( 'NONE',  ( 2.079999999999997407, 0.1299999999999994771, 2.684225011576269360 ) ) ;
#1985 = CARTESIAN_POINT ( 'NONE',  ( -2.080000000000001403, 2.799999999999999822, -2.460272631416468236 ) ) ;
#1986 = ORIENTED_EDGE ( 'NONE', *, *, #183, .T. ) ;
#1987 = CARTESIAN_POINT ( 'NONE',  ( 2.079999999999999627, 0.000000000000000000, 2.439999999999998170 ) ) ;
#1988 = VERTEX_POINT ( 'NONE', #40 ) ;
#1989 = CARTESIAN_POINT ( 'NONE',  ( -1.154999999999996252, 1.699999999999999956, 2.649999999999998135 ) ) ;
#1990 =( BOUNDED_CURVE ( )  B_SPLINE_CURVE ( 3, ( #1204, #362, #219, #1908 ),
 .UNSPECIFIED., .F., .F. ) 
 B_SPLINE_CURVE_WITH_KNOTS ( ( 4, 4 ),
 ( 0.000000000000000000, 1.000000000000000000 ),
 .UNSPECIFIED. ) 
 CURVE ( )  GEOMETRIC_REPRESENTATION_ITEM ( )  RATIONAL_B_SPLINE_CURVE ( ( 1.000000000000000000, 0.8047378541243652705, 0.8047378541243652705, 1.000000000000000000 ) ) 
 REPRESENTATION_ITEM ( '' )  );
#1991 = CARTESIAN_POINT ( 'NONE',  ( 2.360272631416464595, 2.799999999999999822, 2.180000000000000604 ) ) ;
#1992 = ORIENTED_EDGE ( 'NONE', *, *, #1049, .F. ) ;
#1993 = CARTESIAN_POINT ( 'NONE',  ( -2.340000000000001634, 0.000000000000000000, -2.180000000000000160 ) ) ;
#1994 = AXIS2_PLACEMENT_3D ( 'NONE', #454, #1123, #1145 ) ;
#1995 = CARTESIAN_POINT ( 'NONE',  ( 2.451259182034466022, 0.01769921164877829092, 2.397478593680250292 ) ) ;
#1996 = CARTESIAN_POINT ( 'NONE',  ( -2.310996974397323989, 2.799999999999998934, 2.316498651222477445 ) ) ;
#1997 = VERTEX_POINT ( 'NONE', #2051 ) ;
#1998 = VECTOR ( 'NONE', #1965, 1000.000000000000000 ) ;
#1999 = CARTESIAN_POINT ( 'NONE',  ( 2.079999999999999627, 0.08439231049719866928, 2.612239872198208079 ) ) ;
#2000 = VERTEX_POINT ( 'NONE', #1903 ) ;
#2001 = CARTESIAN_POINT ( 'NONE',  ( 2.079999999999999627, 0.08439231049719866928, 2.612239872198208079 ) ) ;
#2002 = ORIENTED_EDGE ( 'NONE', *, *, #1566, .T. ) ;
#2003 = CARTESIAN_POINT ( 'NONE',  ( 1.210000000000000409, 0.000000000000000000, -2.460272631416465572 ) ) ;
#2004 = CIRCLE ( 'NONE', #1795, 0.5200000000000000178 ) ;
#2005 = CARTESIAN_POINT ( 'NONE',  ( 1.155000000000003579, 0.1299999999999998934, -2.699999999999997957 ) ) ;
#2006 = ADVANCED_FACE ( 'NONE', ( #191 ), #2034, .F. ) ;
#2007 = EDGE_CURVE ( 'NONE', #73, #1187, #1894, .T. ) ;
#2008 = EDGE_CURVE ( 'NONE', #812, #10, #1190, .T. ) ;
#2009 = CARTESIAN_POINT ( 'NONE',  ( 2.339999999999998526, 2.799999999999999822, -2.180000000000001048 ) ) ;
#2010 = ORIENTED_EDGE ( 'NONE', *, *, #1911, .T. ) ;
#2011 = CARTESIAN_POINT ( 'NONE',  ( -1.154999999999996696, 0.1299999999999998934, 2.699999999999997957 ) ) ;
#2012 = ORIENTED_EDGE ( 'NONE', *, *, #1709, .F. ) ;
#2013 = CARTESIAN_POINT ( 'NONE',  ( -2.080000000000000515, 0.01769921164877829092, 2.551259182034467887 ) ) ;
#2014 = ORIENTED_EDGE ( 'NONE', *, *, #347, .T. ) ;
#2015 = CIRCLE ( 'NONE', #982, 0.2200000000000000289 ) ;
#2016 = AXIS2_PLACEMENT_3D ( 'NONE', #518, #1375, #1902 ) ;
#2017 = DIRECTION ( 'NONE',  ( -1.000000000000000000, 0.000000000000000000, 0.000000000000000000 ) ) ;
#2018 = LINE ( 'NONE', #361, #1721 ) ;
#2019 = ORIENTED_EDGE ( 'NONE', *, *, #2070, .T. ) ;
#2020 = EDGE_CURVE ( 'NONE', #1966, #1504, #1532, .T. ) ;
#2021 = CARTESIAN_POINT ( 'NONE',  ( -2.512239872198210655, 0.08439231049719866928, 2.179999999999997939 ) ) ;
#2022 = ORIENTED_EDGE ( 'NONE', *, *, #529, .T. ) ;
#2023 = ORIENTED_EDGE ( 'NONE', *, *, #1695, .T. ) ;
#2024 = ORIENTED_EDGE ( 'NONE', *, *, #842, .F. ) ;
#2025 = CARTESIAN_POINT ( 'NONE',  ( -2.080000000000001847, 0.000000000000000000, -2.440000000000000835 ) ) ;
#2026 = EDGE_CURVE ( 'NONE', #834, #1514, #410, .T. ) ;
#2027 = STYLED_ITEM ( 'NONE', ( #1839 ), #2179 ) ;
#2028 = CARTESIAN_POINT ( 'NONE',  ( 2.149020029537867416, 2.799999999999999822, -2.440000000000000835 ) ) ;
#2029 = CARTESIAN_POINT ( 'NONE',  ( 2.512239872198208435, 2.715607689502801403, -2.433200254935298901 ) ) ;
#2030 = ORIENTED_EDGE ( 'NONE', *, *, #2088, .F. ) ;
#2031 = CARTESIAN_POINT ( 'NONE',  ( 1.200000000000000178, -1.379999999999999671, 0.000000000000000000 ) ) ;
#2032 = ORIENTED_EDGE ( 'NONE', *, *, #757, .T. ) ;
#2033 = CARTESIAN_POINT ( 'NONE',  ( 0.02000000000000001776, 0.2200000000000000011, 0.000000000000000000 ) ) ;
#2034 = PLANE ( 'NONE',  #84 ) ;
#2035 = CARTESIAN_POINT ( 'NONE',  ( 0.02000000000000001776, 0.2200000000000000011, 2.200000000000000178 ) ) ;
#2036 = FACE_OUTER_BOUND ( 'NONE', #675, .T. ) ;
#2037 = CARTESIAN_POINT ( 'NONE',  ( 2.451259182034468243, 2.782300788351221854, -2.180000000000001048 ) ) ;
#2038 = ORIENTED_EDGE ( 'NONE', *, *, #2026, .T. ) ;
#2039 = CARTESIAN_POINT ( 'NONE',  ( -2.080000000000001847, 2.715607689502801403, -2.612239872198210300 ) ) ;
#2040 = DIRECTION ( 'NONE',  ( -1.000000000000000000, 0.000000000000000000, -0.000000000000000000 ) ) ;
#2041 = PLANE ( 'NONE',  #1318 ) ;
#2042 = B_SPLINE_CURVE_WITH_KNOTS ( 'NONE', 3,
 ( #2105, #1429, #1950, #1272, #82, #586 ),
 .UNSPECIFIED., .F., .F.,
 ( 4, 1, 1, 4 ),
 ( 0.000000000000000000, 0.4169857378744329379, 0.5359168502399547229, 1.000000000000000000 ),
 .UNSPECIFIED. ) ;
#2043 = DIRECTION ( 'NONE',  ( -0.000000000000000000, -0.000000000000000000, -1.000000000000000000 ) ) ;
#2044 = B_SPLINE_CURVE_WITH_KNOTS ( 'NONE', 3,
 ( #1831, #324, #496, #1342, #1136, #1 ),
 .UNSPECIFIED., .F., .F.,
 ( 4, 1, 1, 4 ),
 ( 2.663567233992752418E-34, 0.0001416228839943309899, 0.0001779167402538567430, 0.0002278536533739051659 ),
 .UNSPECIFIED. ) ;
#2045 = LINE ( 'NONE', #18, #486 ) ;
#2046 = CARTESIAN_POINT ( 'NONE',  ( 1.209999999999999520, 0.01769921164877829092, 2.551259182034467887 ) ) ;
#2047 = DIRECTION ( 'NONE',  ( 1.000000000000000000, 0.000000000000000000, 0.000000000000000000 ) ) ;
#2048 = EDGE_LOOP ( 'NONE', ( #462, #1003, #179, #1832, #1735, #1137, #1363, #1051, #425, #188, #475, #634, #1561, #2107, #1292, #745 ) ) ;
#2049 = VERTEX_POINT ( 'NONE', #388 ) ;
#2050 = CARTESIAN_POINT ( 'NONE',  ( 2.080000000000000515, 0.1299999999999998934, -2.699999999999997957 ) ) ;
#2051 = CARTESIAN_POINT ( 'NONE',  ( -0.2000000000000000389, -1.305560116034628092E-16, 1.320000000000000062 ) ) ;
#2052 = DIRECTION ( 'NONE',  ( -1.000000000000000222, 2.198530575857118866E-16, -1.457167719820517959E-16 ) ) ;
#2053 = CYLINDRICAL_SURFACE ( 'NONE', #49, 0.5200000000000000178 ) ;
#2054 = AXIS2_PLACEMENT_3D ( 'NONE', #1438, #257, #816 ) ;
#2055 = PLANE ( 'NONE',  #909 ) ;
#2056 = AXIS2_PLACEMENT_3D ( 'NONE', #902, #747, #1609 ) ;
#2057 = CARTESIAN_POINT ( 'NONE',  ( -2.080000000000000515, 0.1299999999999998934, 2.699999999999997957 ) ) ;
#2058 = CARTESIAN_POINT ( 'NONE',  ( -2.600000000000001421, 2.799999999999999822, -2.180000000000000604 ) ) ;
#2059 = ORIENTED_EDGE ( 'NONE', *, *, #347, .F. ) ;
#2060 = DIRECTION ( 'NONE',  ( 0.000000000000000000, -1.000000000000000000, 0.000000000000000000 ) ) ;
#2061 = LINE ( 'NONE', #1233, #1502 ) ;
#2062 = CARTESIAN_POINT ( 'NONE',  ( -2.584225011576274156, 0.1299999999999994771, -2.180000000000000604 ) ) ;
#2063 = SHAPE_REPRESENTATION_RELATIONSHIP ( 'NONE' , 'NONE' ,  #1440, #620 ) ;
#2064 = PLANE ( 'NONE',  #164 ) ;
#2065 = VECTOR ( 'NONE', #942, 1000.000000000000000 ) ;
#2066 = EDGE_CURVE ( 'NONE', #1940, #112, #1078, .T. ) ;
#2067 = EDGE_CURVE ( 'NONE', #487, #1988, #244, .T. ) ;
#2068 = DIRECTION ( 'NONE',  ( 1.000000000000000000, -0.000000000000000000, -0.000000000000000000 ) ) ;
#2069 = CARTESIAN_POINT ( 'NONE',  ( -2.340000000000000746, 2.799999999999999822, 2.179999999999997939 ) ) ;
#2070 = EDGE_CURVE ( 'NONE', #1940, #1187, #1748, .T. ) ;
#2071 = DIRECTION ( 'NONE',  ( -1.606225440719266613E-16, 0.000000000000000000, -1.000000000000000000 ) ) ;
#2072 = ORIENTED_EDGE ( 'NONE', *, *, #1547, .F. ) ;
#2073 = LINE ( 'NONE', #2084, #1810 ) ;
#2074 = DIRECTION ( 'NONE',  ( 1.000000000000000000, 1.837630800822889059E-16, 0.000000000000000000 ) ) ;
#2075 = CARTESIAN_POINT ( 'NONE',  ( 2.599999999999999201, 0.1299999999999994771, 2.179999999999998384 ) ) ;
#2076 = ADVANCED_FACE ( 'NONE', ( #1464 ), #255, .F. ) ;
#2077 =( NAMED_UNIT ( * ) PLANE_ANGLE_UNIT ( ) SI_UNIT ( $, .RADIAN. ) );
#2078 = FACE_OUTER_BOUND ( 'NONE', #1168, .T. ) ;
#2079 = VECTOR ( 'NONE', #2043, 1000.000000000000000 ) ;
#2080 = DIRECTION ( 'NONE',  ( -0.000000000000000000, 0.000000000000000000, -1.000000000000000000 ) ) ;
#2081 = FACE_OUTER_BOUND ( 'NONE', #2136, .T. ) ;
#2082 = VERTEX_POINT ( 'NONE', #419 ) ;
#2083 = DIRECTION ( 'NONE',  ( -1.000000000000000000, 0.000000000000000000, 0.000000000000000000 ) ) ;
#2084 = CARTESIAN_POINT ( 'NONE',  ( -0.1999999999999998723, -1.359999999999999876, 2.200000000000000178 ) ) ;
#2085 = CLOSED_SHELL ( 'NONE', ( #990, #1061, #852, #2180, #1314, #505, #665, #726, #2144, #1936, #228, #1377, #962, #752, #149, #1526, #2076, #1957 ) ) ;
#2086 = CARTESIAN_POINT ( 'NONE',  ( -2.360272631416468148, 2.799999999999999822, 2.179999999999997939 ) ) ;
#2087 = DIRECTION ( 'NONE',  ( 0.000000000000000000, 0.000000000000000000, -1.000000000000000000 ) ) ;
#2088 = EDGE_CURVE ( 'NONE', #209, #73, #1274, .T. ) ;
#2089 = CARTESIAN_POINT ( 'NONE',  ( 1.200000000000000178, -1.379999999999999671, 2.200000000000000178 ) ) ;
#2090 = MECHANICAL_DESIGN_GEOMETRIC_PRESENTATION_REPRESENTATION (  '', ( #2125 ), #1535 ) ;
#2091 = CARTESIAN_POINT ( 'NONE',  ( -2.080000000000001403, 2.669999999999999929, -2.699999999999997957 ) ) ;
#2092 = UNCERTAINTY_MEASURE_WITH_UNIT (LENGTH_MEASURE( 1.000000000000000082E-05 ), #1404, 'distance_accuracy_value', 'NONE');
#2093 = PLANE ( 'NONE',  #1782 ) ;
#2094 = ORIENTED_EDGE ( 'NONE', *, *, #1312, .F. ) ;
#2095 = AXIS2_PLACEMENT_3D ( 'NONE', #428, #944, #1628 ) ;
#2096 = LINE ( 'NONE', #2108, #85 ) ;
#2097 = ADVANCED_FACE ( 'NONE', ( #734 ), #821, .F. ) ;
#2098 = CARTESIAN_POINT ( 'NONE',  ( -2.360272631416469480, 2.800000000000000266, -2.344179906321771423 ) ) ;
#2099 = CARTESIAN_POINT ( 'NONE',  ( 2.360272631416466371, 0.000000000000000000, 2.179999999999998384 ) ) ;
#2100 = CARTESIAN_POINT ( 'NONE',  ( -2.512239872198211543, 0.08439231049719866928, -2.180000000000000604 ) ) ;
#2101 = EDGE_CURVE ( 'NONE', #170, #436, #1099, .T. ) ;
#2102 = ORIENTED_EDGE ( 'NONE', *, *, #1457, .F. ) ;
#2103 = FACE_OUTER_BOUND ( 'NONE', #703, .T. ) ;
#2104 = FACE_OUTER_BOUND ( 'NONE', #803, .T. ) ;
#2105 = CARTESIAN_POINT ( 'NONE',  ( 2.080000000000000515, 2.669999999999999929, -2.700000000000000622 ) ) ;
#2106 = B_SPLINE_CURVE_WITH_KNOTS ( 'NONE', 3,
 ( #1589, #1579, #1433, #552, #1419, #53 ),
 .UNSPECIFIED., .F., .F.,
 ( 4, 1, 1, 4 ),
 ( 0.000000000000000000, 0.4640831497600452771, 0.5830142621255670621, 1.000000000000000000 ),
 .UNSPECIFIED. ) ;
#2107 = ORIENTED_EDGE ( 'NONE', *, *, #504, .F. ) ;
#2108 = CARTESIAN_POINT ( 'NONE',  ( 0.02000000000000001776, 0.2200000000000000011, 0.000000000000000000 ) ) ;
#2109 = CARTESIAN_POINT ( 'NONE',  ( 2.599999999999999201, 0.1299999999999994771, -2.180000000000001492 ) ) ;
#2110 = DIRECTION ( 'NONE',  ( 0.000000000000000000, -1.000000000000000000, 0.000000000000000000 ) ) ;
#2111 = DIRECTION ( 'NONE',  ( -1.000000000000000000, 0.000000000000000000, 0.000000000000000000 ) ) ;
#2112 = EDGE_LOOP ( 'NONE', ( #1345, #1955, #1540, #2002 ) ) ;
#2113 = DIRECTION ( 'NONE',  ( 0.000000000000000000, 0.000000000000000000, 1.000000000000000000 ) ) ;
#2114 = CARTESIAN_POINT ( 'NONE',  ( 2.297478593680246650, 0.01769921164877829092, 2.551259182034467443 ) ) ;
#2115 = CARTESIAN_POINT ( 'NONE',  ( 0.02000000000000017042, -1.359999999999999876, 2.200000000000000178 ) ) ;
#2116 = ORIENTED_EDGE ( 'NONE', *, *, #985, .F. ) ;
#2117 = EDGE_CURVE ( 'NONE', #143, #507, #1604, .T. ) ;
#2118 = VECTOR ( 'NONE', #1961, 1000.000000000000000 ) ;
#2119 = DIRECTION ( 'NONE',  ( 0.000000000000000000, -1.000000000000000000, 0.000000000000000000 ) ) ;
#2120 = CARTESIAN_POINT ( 'NONE',  ( 2.512239872198208435, 0.08439231049719868316, -2.433200254935298901 ) ) ;
#2121 = CARTESIAN_POINT ( 'NONE',  ( -2.079999999999999627, 2.670000000000000373, -2.699999999999998401 ) ) ;
#2122 = VERTEX_POINT ( 'NONE', #1088 ) ;
#2123 = CARTESIAN_POINT ( 'NONE',  ( 1.200000000000000178, -1.379999999999999671, 2.200000000000000178 ) ) ;
#2124 = DIRECTION ( 'NONE',  ( -0.000000000000000000, -0.000000000000000000, 1.000000000000000000 ) ) ;
#2125 = STYLED_ITEM ( 'NONE', ( #1070 ), #198 ) ;
#2126 = DIRECTION ( 'NONE',  ( 0.000000000000000000, -1.000000000000000000, 0.000000000000000000 ) ) ;
#2127 = ORIENTED_EDGE ( 'NONE', *, *, #1874, .F. ) ;
#2128 = DIRECTION ( 'NONE',  ( 0.000000000000000000, 1.000000000000000000, 0.000000000000000000 ) ) ;
#2129 = ORIENTED_EDGE ( 'NONE', *, *, #1825, .F. ) ;
#2130 = CARTESIAN_POINT ( 'NONE',  ( -2.584225011576274156, 0.1299999999999994771, -2.180000000000000604 ) ) ;
#2131 = VECTOR ( 'NONE', #248, 1000.000000000000000 ) ;
#2132 = ORIENTED_EDGE ( 'NONE', *, *, #2008, .T. ) ;
#2133 = DIRECTION ( 'NONE',  ( -0.000000000000000000, -1.000000000000000000, -0.000000000000000000 ) ) ;
#2134 = CARTESIAN_POINT ( 'NONE',  ( 2.079999999999997407, 0.08439231049719866928, 2.612239872198206747 ) ) ;
#2135 = EDGE_CURVE ( 'NONE', #845, #1804, #226, .T. ) ;
#2136 = EDGE_LOOP ( 'NONE', ( #822, #489, #110, #2072 ) ) ;
#2137 = DIRECTION ( 'NONE',  ( -8.340016711426957261E-16, 0.000000000000000000, -1.000000000000000000 ) ) ;
#2138 = EDGE_CURVE ( 'NONE', #2122, #1004, #476, .T. ) ;
#2139 = ORIENTED_EDGE ( 'NONE', *, *, #707, .F. ) ;
#2140 = DIRECTION ( 'NONE',  ( 0.000000000000000000, 0.000000000000000000, 1.000000000000000000 ) ) ;
#2141 = CARTESIAN_POINT ( 'NONE',  ( 2.079999999999999627, 0.000000000000000000, 2.439999999999998170 ) ) ;
#2142 = ORIENTED_EDGE ( 'NONE', *, *, #677, .T. ) ;
#2143 = CARTESIAN_POINT ( 'NONE',  ( -2.232304473782997345, 0.000000000000000000, -2.440000000000000835 ) ) ;
#2144 = ADVANCED_FACE ( 'NONE', ( #923 ), #756, .F. ) ;
#2145 = CARTESIAN_POINT ( 'NONE',  ( 2.339999999999998526, 0.000000000000000000, -2.180000000000001048 ) ) ;
#2146 = DIRECTION ( 'NONE',  ( -0.000000000000000000, -0.000000000000000000, -1.000000000000000000 ) ) ;
#2147 = ORIENTED_EDGE ( 'NONE', *, *, #1172, .F. ) ;
#2148 = CARTESIAN_POINT ( 'NONE',  ( -1.154999999999996252, 1.699999999999999956, 2.649999999999998135 ) ) ;
#2149 = ORIENTED_EDGE ( 'NONE', *, *, #455, .T. ) ;
#2150 = VECTOR ( 'NONE', #1890, 1000.000000000000000 ) ;
#2151 = AXIS2_PLACEMENT_3D ( 'NONE', #2170, #1320, #1307 ) ;
#2152 = FILL_AREA_STYLE_COLOUR ( '', #687 ) ;
#2153 = CARTESIAN_POINT ( 'NONE',  ( 2.599999999999996536, 2.670000000000000373, 2.484608947565990267 ) ) ;
#2154 = ORIENTED_EDGE ( 'NONE', *, *, #1851, .T. ) ;
#2155 = DIRECTION ( 'NONE',  ( 1.000000000000000000, 0.000000000000000000, 0.000000000000000000 ) ) ;
#2156 = AXIS2_PLACEMENT_3D ( 'NONE', #604, #1098, #1780 ) ;
#2157 = CARTESIAN_POINT ( 'NONE',  ( 2.232304473782991572, 0.000000000000000000, 2.439999999999997726 ) ) ;
#2158 = ORIENTED_EDGE ( 'NONE', *, *, #1453, .T. ) ;
#2159 = CARTESIAN_POINT ( 'NONE',  ( -2.080000000000000515, 0.08439231049719866928, 2.612239872198208079 ) ) ;
#2160 = ORIENTED_EDGE ( 'NONE', *, *, #2117, .F. ) ;
#2161 = CARTESIAN_POINT ( 'NONE',  ( -1.154999999999996252, 1.699999999999999956, -2.649999999999998135 ) ) ;
#2162 = EDGE_CURVE ( 'NONE', #1578, #1315, #1944, .T. ) ;
#2163 = CARTESIAN_POINT ( 'NONE',  ( -2.244179906321771778, 0.000000000000000000, 2.460272631416465128 ) ) ;
#2164 = EDGE_CURVE ( 'NONE', #1881, #1356, #1537, .T. ) ;
#2165 = ORIENTED_EDGE ( 'NONE', *, *, #482, .T. ) ;
#2166 = CARTESIAN_POINT ( 'NONE',  ( -1.210000000000000187, 0.1000000000000000056, -1.279999999999999805 ) ) ;
#2167 = AXIS2_PLACEMENT_3D ( 'NONE', #1909, #905, #1065 ) ;
#2168 = ADVANCED_FACE ( 'NONE', ( #768 ), #841, .F. ) ;
#2169 = FACE_OUTER_BOUND ( 'NONE', #1461, .T. ) ;
#2170 = CARTESIAN_POINT ( 'NONE',  ( -0.2000000000000000111, -2.441447906791807820E-17, 2.200000000000000178 ) ) ;
#2171 = EDGE_LOOP ( 'NONE', ( #1176, #1197, #336, #1040, #251, #1664, #1388, #501 ) ) ;
#2172 = LINE ( 'NONE', #1203, #1369 ) ;
#2173 = ORIENTED_EDGE ( 'NONE', *, *, #447, .F. ) ;
#2174 =( NAMED_UNIT ( * ) PLANE_ANGLE_UNIT ( ) SI_UNIT ( $, .RADIAN. ) );
#2175 = CARTESIAN_POINT ( 'NONE',  ( -2.451259182034470907, 0.01769921164877829092, 2.179999999999997939 ) ) ;
#2176 = VERTEX_POINT ( 'NONE', #2161 ) ;
#2177 = CARTESIAN_POINT ( 'NONE',  ( -1.210000000000000187, 0.000000000000000000, -1.279999999999999805 ) ) ;
#2178 = VECTOR ( 'NONE', #1803, 1000.000000000000000 ) ;
#2179 = MANIFOLD_SOLID_BREP ( '\X2\955c5411\X0\2', #1633 ) ;
#2180 = ADVANCED_FACE ( 'NONE', ( #1158 ), #671, .F. ) ;
#2181 = CARTESIAN_POINT ( 'NONE',  ( -2.360272631416469036, 2.799999999999999822, -2.180000000000000604 ) ) ;
#2182 = CARTESIAN_POINT ( 'NONE',  ( -2.079999999999999627, 2.782300788351221854, -2.551259182034467887 ) ) ;
#2183 = NEXT_ASSEMBLY_USAGE_OCCURRENCE ( 'NAUO1', ' ', ' ', #1456, #567, $ ) ;
#2184 = NEXT_ASSEMBLY_USAGE_OCCURRENCE ( 'NAUO2', ' ', ' ', #1456, #1660, $ ) ;
#2185 = NEXT_ASSEMBLY_USAGE_OCCURRENCE ( 'NAUO3', ' ', ' ', #1456, #1660, $ ) ;
ENDSEC;
END-ISO-10303-21;
