ISO-10303-21;
HEADER;
FILE_DESCRIPTION (( 'STEP AP214' ),
    '1' );
FILE_NAME ('header-2.54-1x12.step',
    '2026-08-30T12:37:45',
    ( '' ),
    ( '' ),
    'SwSTEP 2.0',
    'SolidWorks 2025',
    '' );
FILE_SCHEMA (( 'AUTOMOTIVE_DESIGN' ));
ENDSEC;

DATA;
#1 = EDGE_LOOP ( 'NONE', ( #685, #1607, #151, #1211 ) ) ;
#2 = DIRECTION ( 'NONE',  ( 0.000000000000000000, 0.000000000000000000, -1.000000000000000000 ) ) ;
#3 = VECTOR ( 'NONE', #113, 1000.000000000000000 ) ;
#4 = ORIENTED_EDGE ( 'NONE', *, *, #2232, .F. ) ;
#5 = AXIS2_PLACEMENT_3D ( 'NONE', #3065, #3707, #3002 ) ;
#6 = CARTESIAN_POINT ( 'NONE',  ( 0.1142264973081031088, 11.49000000000000021, -0.1142264973081030394 ) ) ;
#7 = DIRECTION ( 'NONE',  ( -0.7071067811865475727, -0.000000000000000000, -0.7071067811865474617 ) ) ;
#8 = DIRECTION ( 'NONE',  ( -0.8660254037844379305, -0.5000000000000014433, 0.000000000000000000 ) ) ;
#9 = CARTESIAN_POINT ( 'NONE',  ( 1.269999999999999796, 2.350000000000000089, -0.5000000000000011102 ) ) ;
#10 = CARTESIAN_POINT ( 'NONE',  ( -0.1142264973081042051, 0.000000000000000000, -0.1142264973081040941 ) ) ;
#11 = CARTESIAN_POINT ( 'NONE',  ( -1.170857864376269042, 2.500000000000000000, -0.5041421356237317797 ) ) ;
#12 = ORIENTED_EDGE ( 'NONE', *, *, #2740, .T. ) ;
#13 = CARTESIAN_POINT ( 'NONE',  ( 15.24000000000000377, 0.000000000000000000, -2.463001775203396408E-15 ) ) ;
#14 = DIRECTION ( 'NONE',  ( 0.000000000000000000, -1.000000000000000000, 0.000000000000000000 ) ) ;
#15 = CARTESIAN_POINT ( 'NONE',  ( 0.1142264973081031088, 11.49000000000000021, 0.1142264973081031781 ) ) ;
#16 = ORIENTED_EDGE ( 'NONE', *, *, #1326, .F. ) ;
#17 = ORIENTED_EDGE ( 'NONE', *, *, #1219, .F. ) ;
#18 = CARTESIAN_POINT ( 'NONE',  ( -1.269999999999999796, -1.503005322678532707, 0.7500000000000004441 ) ) ;
#19 = EDGE_LOOP ( 'NONE', ( #1995, #248, #3748, #3821 ) ) ;
#20 = CARTESIAN_POINT ( 'NONE',  ( 1.269999999999999796, 2.489999999999999769, -0.7500000000000001110 ) ) ;
#21 = DIRECTION ( 'NONE',  ( 0.000000000000000000, -1.000000000000000000, 0.000000000000000000 ) ) ;
#22 = DIRECTION ( 'NONE',  ( -5.421010862427507655E-14, 1.000000000000000000, 0.000000000000000000 ) ) ;
#23 = CARTESIAN_POINT ( 'NONE',  ( 1.175000000000000044, 2.490000000000000213, -0.5000000000000011102 ) ) ;
#24 = LINE ( 'NONE', #291, #787 ) ;
#25 = EDGE_CURVE ( 'NONE', #2270, #2455, #59, .T. ) ;
#26 = VERTEX_POINT ( 'NONE', #1834 ) ;
#27 = ADVANCED_FACE ( 'NONE', ( #2736 ), #608, .T. ) ;
#28 = CARTESIAN_POINT ( 'NONE',  ( 0.3199999999999998956, 0.3464101615137729628, -0.3099999999999999423 ) ) ;
#29 = CARTESIAN_POINT ( 'NONE',  ( -0.6708578643762688198, 0.01000000000000002623, -1.239999999999999769 ) ) ;
#30 = VERTEX_POINT ( 'NONE', #1582 ) ;
#31 = ORIENTED_EDGE ( 'NONE', *, *, #2950, .F. ) ;
#32 = CARTESIAN_POINT ( 'NONE',  ( -0.6749999999999997113, 0.01000000000000002623, -1.249999999999999778 ) ) ;
#33 = VECTOR ( 'NONE', #3885, 1000.000000000000000 ) ;
#34 = DIRECTION ( 'NONE',  ( -0.4472135954999866270, 0.7745966692414790744, -0.4472135954999368890 ) ) ;
#35 = ORIENTED_EDGE ( 'NONE', *, *, #653, .F. ) ;
#36 = CIRCLE ( 'NONE', #534, 0.01000000000000002623 ) ;
#37 = PRODUCT ( 'header-2.54-pin_\X2\9ed88ba4\X0\', 'header-2.54-pin_\X2\9ed88ba4\X0\', '', ( #429 ) ) ;
#38 = DIRECTION ( 'NONE',  ( 3.252606517456504467E-14, 0.000000000000000000, -1.000000000000000000 ) ) ;
#39 = CARTESIAN_POINT ( 'NONE',  ( 1.174999999999999822, 0.01000000000000002623, -0.7500000000000001110 ) ) ;
#40 = CARTESIAN_POINT ( 'NONE',  ( 0.3199999999999998956, 0.3464101615137729628, -0.3199999999999999512 ) ) ;
#41 = CIRCLE ( 'NONE', #3131, 0.02000000000000005246 ) ;
#42 = CARTESIAN_POINT ( 'NONE',  ( 0.1850717967697235733, 0.1277076581449564652, -0.1937320508075680570 ) ) ;
#43 = CARTESIAN_POINT ( 'NONE',  ( 1.260000000000000009, 2.490000000000000213, -3.642919299551295391E-16 ) ) ;
#44 = ORIENTED_EDGE ( 'NONE', *, *, #3888, .T. ) ;
#45 = AXIS2_PLACEMENT_3D ( 'NONE', #2686, #3905, #2704 ) ;
#46 = AXIS2_PLACEMENT_3D ( 'NONE', #343, #3361, #3601 ) ;
#47 = DIRECTION ( 'NONE',  ( 1.000000000000000000, 0.000000000000000000, 0.000000000000000000 ) ) ;
#48 = DIRECTION ( 'NONE',  ( -0.000000000000000000, 0.000000000000000000, -1.000000000000000000 ) ) ;
#49 = VECTOR ( 'NONE', #2432, 1000.000000000000000 ) ;
#50 = LINE ( 'NONE', #906, #1125 ) ;
#51 = VERTEX_POINT ( 'NONE', #913 ) ;
#52 = VECTOR ( 'NONE', #14, 1000.000000000000000 ) ;
#53 = CARTESIAN_POINT ( 'NONE',  ( -1.179142135623730825, 2.500000000000000000, 0.7600000000000004530 ) ) ;
#54 = EDGE_CURVE ( 'NONE', #3876, #3761, #3850, .T. ) ;
#55 = VECTOR ( 'NONE', #1490, 999.9999999999998863 ) ;
#56 = EDGE_CURVE ( 'NONE', #51, #951, #2124, .T. ) ;
#57 = DIRECTION ( 'NONE',  ( 0.000000000000000000, 0.000000000000000000, 1.000000000000000000 ) ) ;
#58 = CARTESIAN_POINT ( 'NONE',  ( 1.165000000000000702, -4.182922390780818322E-17, 0.7541421356237311135 ) ) ;
#59 = LINE ( 'NONE', #2136, #2330 ) ;
#60 = DIRECTION ( 'NONE',  ( -0.000000000000000000, 1.000000000000000000, -0.000000000000000000 ) ) ;
#61 = CARTESIAN_POINT ( 'NONE',  ( -0.1142264973081042051, 0.01000000000000001929, 0.1142264973081041912 ) ) ;
#62 = CARTESIAN_POINT ( 'NONE',  ( 0.1228867513459484251, 0.004999999999999981022, -0.1142264973081041218 ) ) ;
#63 = VERTEX_POINT ( 'NONE', #978 ) ;
#64 =( NAMED_UNIT ( * ) SI_UNIT ( $, .STERADIAN. ) SOLID_ANGLE_UNIT ( ) );
#65 = FACE_OUTER_BOUND ( 'NONE', #1330, .T. ) ;
#66 = EDGE_LOOP ( 'NONE', ( #2531, #1626, #2656, #1206 ) ) ;
#67 = ADVANCED_FACE ( 'NONE', ( #1228 ), #2096, .T. ) ;
#68 = VERTEX_POINT ( 'NONE', #3046 ) ;
#69 = CARTESIAN_POINT ( 'NONE',  ( -0.1142264973081031781, 11.50000000000000000, 1.935072133388360662E-17 ) ) ;
#70 = DIRECTION ( 'NONE',  ( 0.7071067811865474617, 0.000000000000000000, 0.7071067811865474617 ) ) ;
#71 = EDGE_LOOP ( 'NONE', ( #204, #3034, #1590, #1510, #2769, #200 ) ) ;
#72 = EDGE_CURVE ( 'NONE', #1646, #3258, #3109, .T. ) ;
#73 = DIRECTION ( 'NONE',  ( 0.000000000000000000, -0.4999999999999815148, 0.8660254037844492547 ) ) ;
#74 = ADVANCED_FACE ( 'NONE', ( #3064 ), #307, .T. ) ;
#75 = DIRECTION ( 'NONE',  ( -0.000000000000000000, 0.000000000000000000, -1.000000000000000000 ) ) ;
#76 = EDGE_CURVE ( 'NONE', #2493, #3906, #2755, .T. ) ;
#77 = CARTESIAN_POINT ( 'NONE',  ( 0.3099999999999999978, 11.15358983848622287, 0.3200000000000000622 ) ) ;
#78 = FACE_OUTER_BOUND ( 'NONE', #500, .T. ) ;
#79 = EDGE_LOOP ( 'NONE', ( #3872, #2538, #3292, #2649 ) ) ;
#80 = PRODUCT_CONTEXT ( 'NONE', #3713, 'mechanical' ) ;
#81 = CARTESIAN_POINT ( 'NONE',  ( -0.1142264973081041635, 0.000000000000000000, 0.1142264973081042190 ) ) ;
#82 = DIRECTION ( 'NONE',  ( 1.000000000000000000, 0.000000000000000000, -0.000000000000000000 ) ) ;
#83 = CYLINDRICAL_SURFACE ( 'NONE', #673, 0.01000000000000002623 ) ;
#84 = VERTEX_POINT ( 'NONE', #39 ) ;
#85 = DIRECTION ( 'NONE',  ( 0.000000000000000000, 0.000000000000000000, -1.000000000000000000 ) ) ;
#86 = FACE_OUTER_BOUND ( 'NONE', #3492, .T. ) ;
#87 = ORIENTED_EDGE ( 'NONE', *, *, #3606, .T. ) ;
#88 = VERTEX_POINT ( 'NONE', #1516 ) ;
#89 = LINE ( 'NONE', #3163, #2525 ) ;
#90 = DIRECTION ( 'NONE',  ( 1.000000000000000000, 0.000000000000000000, -0.000000000000000000 ) ) ;
#91 = CONTEXT_DEPENDENT_SHAPE_REPRESENTATION ( #1264, #486 ) ;
#92 = CARTESIAN_POINT ( 'NONE',  ( -1.175000000000000044, 2.490000000000000213, 0.4999999999999991673 ) ) ;
#93 = EDGE_CURVE ( 'NONE', #3582, #2510, #2468, .T. ) ;
#94 = VECTOR ( 'NONE', #320, 1000.000000000000000 ) ;
#95 = EDGE_CURVE ( 'NONE', #3815, #691, #3689, .T. ) ;
#96 =( REPRESENTATION_RELATIONSHIP ('NONE','NONE', #695, #3423 ) REPRESENTATION_RELATIONSHIP_WITH_TRANSFORMATION ( #465 )SHAPE_REPRESENTATION_RELATIONSHIP( ) );
#97 = DIRECTION ( 'NONE',  ( -1.000000000000000000, 0.000000000000000000, 1.694065894508600925E-16 ) ) ;
#98 = VERTEX_POINT ( 'NONE', #961 ) ;
#99 = ORIENTED_EDGE ( 'NONE', *, *, #3574, .F. ) ;
#100 = EDGE_CURVE ( 'NONE', #3117, #2565, #666, .T. ) ;
#101 = CIRCLE ( 'NONE', #3026, 0.01000000000000000021 ) ;
#102 = CARTESIAN_POINT ( 'NONE',  ( -0.1142264973081041912, 0.01000000000000000368, -0.1142264973081040802 ) ) ;
#103 = VECTOR ( 'NONE', #2609, 1000.000000000000000 ) ;
#104 = DIRECTION ( 'NONE',  ( 0.000000000000000000, 0.000000000000000000, -1.000000000000000000 ) ) ;
#105 = ORIENTED_EDGE ( 'NONE', *, *, #3214, .F. ) ;
#106 = ORIENTED_EDGE ( 'NONE', *, *, #1221, .T. ) ;
#107 = VECTOR ( 'NONE', #886, 1000.000000000000000 ) ;
#108 = CARTESIAN_POINT ( 'NONE',  ( 0.3108419876365757784, 0.3463640836734995232, -0.3199733969465143324 ) ) ;
#109 = CARTESIAN_POINT ( 'NONE',  ( 0.000000000000000000, 2.490000000000000213, 0.7400000000000004352 ) ) ;
#110 = ORIENTED_EDGE ( 'NONE', *, *, #1121, .T. ) ;
#111 = VECTOR ( 'NONE', #2897, 1000.000000000000000 ) ;
#112 = CIRCLE ( 'NONE', #615, 0.01000000000000002623 ) ;
#113 = DIRECTION ( 'NONE',  ( -0.000000000000000000, 1.000000000000000000, -0.000000000000000000 ) ) ;
#114 = CIRCLE ( 'NONE', #2980, 0.009999999999999774694 ) ;
#115 = CARTESIAN_POINT ( 'NONE',  ( -0.3112600429262813995, 11.15372788819387395, -0.3199202969641255501 ) ) ;
#116 = CARTESIAN_POINT ( 'NONE',  ( 0.08907179676972412641, 11.53856921938165137, -0.09773205080756842966 ) ) ;
#117 = FACE_OUTER_BOUND ( 'NONE', #333, .T. ) ;
#118 = AXIS2_PLACEMENT_3D ( 'NONE', #3458, #1930, #73 ) ;
#119 = ORIENTED_EDGE ( 'NONE', *, *, #2601, .F. ) ;
#120 = APPLICATION_PROTOCOL_DEFINITION ( 'draft international standard', 'automotive_design', 1998, #2199 ) ;
#121 = CARTESIAN_POINT ( 'NONE',  ( -0.3200000000000000622, 2.490000000000000213, 0.3300000000000000155 ) ) ;
#122 = DIRECTION ( 'NONE',  ( 5.007715329123870038E-14, 8.673617379884404028E-14, 1.000000000000000000 ) ) ;
#123 = ADVANCED_FACE ( 'NONE', ( #1498 ), #2721, .T. ) ;
#124 = CARTESIAN_POINT ( 'NONE',  ( -0.6708578643762688198, 0.000000000000000000, -1.239999999999999769 ) ) ;
#125 = EDGE_CURVE ( 'NONE', #3316, #750, #3486, .T. ) ;
#126 = DIRECTION ( 'NONE',  ( -0.4472135954999594820, 0.7745966692414817389, -0.4472135954999594265 ) ) ;
#127 = VERTEX_POINT ( 'NONE', #2443 ) ;
#128 = ORIENTED_EDGE ( 'NONE', *, *, #3900, .T. ) ;
#129 = CARTESIAN_POINT ( 'NONE',  ( 0.3099999999999998868, 11.50000000000000000, -0.3199999999999999512 ) ) ;
#130 = ADVANCED_FACE ( 'NONE', ( #2423 ), #2489, .T. ) ;
#131 = DIRECTION ( 'NONE',  ( 1.000000000000000000, 0.000000000000000000, 0.000000000000000000 ) ) ;
#132 = ORIENTED_EDGE ( 'NONE', *, *, #2478, .F. ) ;
#133 = VERTEX_POINT ( 'NONE', #725 ) ;
#134 = CARTESIAN_POINT ( 'NONE',  ( 0.3099999999999998868, 0.3464101615137729628, -0.3199999999999999512 ) ) ;
#135 = EDGE_CURVE ( 'NONE', #2023, #1692, #942, .T. ) ;
#136 = LINE ( 'NONE', #2258, #679 ) ;
#137 = CARTESIAN_POINT ( 'NONE',  ( 1.175000000000000044, 2.350000000000000089, -0.5000000000000011102 ) ) ;
#138 = ORIENTED_EDGE ( 'NONE', *, *, #425, .T. ) ;
#139 = ORIENTED_EDGE ( 'NONE', *, *, #3776, .T. ) ;
#140 =( NAMED_UNIT ( * ) SI_UNIT ( $, .STERADIAN. ) SOLID_ANGLE_UNIT ( ) );
#141 = CARTESIAN_POINT ( 'NONE',  ( 1.175000000000000044, 2.500000000000000000, -0.7400000000000001021 ) ) ;
#142 = EDGE_CURVE ( 'NONE', #3906, #2593, #1652, .T. ) ;
#143 = LINE ( 'NONE', #1345, #667 ) ;
#144 = VERTEX_POINT ( 'NONE', #1301 ) ;
#145 = ADVANCED_FACE ( 'NONE', ( #2527 ), #440, .T. ) ;
#146 = ORIENTED_EDGE ( 'NONE', *, *, #3135, .T. ) ;
#147 = PLANE ( 'NONE',  #1753 ) ;
#148 = EDGE_CURVE ( 'NONE', #3816, #3386, #3764, .T. ) ;
#149 = FACE_OUTER_BOUND ( 'NONE', #2674, .T. ) ;
#150 = ORIENTED_EDGE ( 'NONE', *, *, #2154, .T. ) ;
#151 = ORIENTED_EDGE ( 'NONE', *, *, #2430, .T. ) ;
#152 = DIRECTION ( 'NONE',  ( 1.000000000000000000, -0.000000000000000000, -0.000000000000000000 ) ) ;
#153 = LINE ( 'NONE', #2844, #819 ) ;
#154 = DIRECTION ( 'NONE',  ( 1.000000000000000000, -0.000000000000000000, -0.000000000000000000 ) ) ;
#155 = CARTESIAN_POINT ( 'NONE',  ( -1.269999999999999796, 2.489999999999999769, 0.7500000000000004441 ) ) ;
#156 = ORIENTED_EDGE ( 'NONE', *, *, #3261, .T. ) ;
#157 = CIRCLE ( 'NONE', #661, 0.009999999999999592548 ) ;
#158 = ITEM_DEFINED_TRANSFORMATION ( 'NONE', 'NONE', #2885,  #1173 ) ;
#159 = FILL_AREA_STYLE_COLOUR ( '', #1374 ) ;
#160 = CARTESIAN_POINT ( 'NONE',  ( -0.3100000000000001088, 11.15358983848622287, -0.3199999999999999512 ) ) ;
#161 = CARTESIAN_POINT ( 'NONE',  ( 0.3200000000000000067, 11.15358983848622287, 0.3200000000000000067 ) ) ;
#162 = ORIENTED_EDGE ( 'NONE', *, *, #903, .T. ) ;
#163 = FACE_OUTER_BOUND ( 'NONE', #2370, .T. ) ;
#164 = CARTESIAN_POINT ( 'NONE',  ( 1.170857864376269042, 2.500000000000000000, -0.5041421356237320017 ) ) ;
#165 = VECTOR ( 'NONE', #1152, 1000.000000000000000 ) ;
#166 = ORIENTED_EDGE ( 'NONE', *, *, #3456, .F. ) ;
#167 = VECTOR ( 'NONE', #3250, 1000.000000000000000 ) ;
#168 = ORIENTED_EDGE ( 'NONE', *, *, #2335, .F. ) ;
#169 = EDGE_CURVE ( 'NONE', #2821, #3075, #1931, .T. ) ;
#170 = DIRECTION ( 'NONE',  ( 0.000000000000000000, 0.000000000000000000, -1.000000000000000000 ) ) ;
#171 =( REPRESENTATION_RELATIONSHIP ('NONE','NONE', #695, #3423 ) REPRESENTATION_RELATIONSHIP_WITH_TRANSFORMATION ( #3822 )SHAPE_REPRESENTATION_RELATIONSHIP( ) );
#172 = CARTESIAN_POINT ( 'NONE',  ( -0.3112600429262814550, 0.3462721118061212189, 0.3199202969641258276 ) ) ;
#173 = AXIS2_PLACEMENT_3D ( 'NONE', #2071, #2678, #1437 ) ;
#174 = DIRECTION ( 'NONE',  ( 0.7071067811865475727, 0.000000000000000000, 0.7071067811865475727 ) ) ;
#175 = ORIENTED_EDGE ( 'NONE', *, *, #592, .T. ) ;
#176 = CONTEXT_DEPENDENT_SHAPE_REPRESENTATION ( #171, #893 ) ;
#177 = DIRECTION ( 'NONE',  ( 1.000000000000000000, 0.000000000000000000, -1.606225440719266613E-16 ) ) ;
#178 = CARTESIAN_POINT ( 'NONE',  ( -0.3159672026817048063, 0.3452365399626433073, 0.3193224092811601800 ) ) ;
#179 = DIRECTION ( 'NONE',  ( 0.7071067811865479058, -0.000000000000000000, 0.7071067811865472397 ) ) ;
#180 = LINE ( 'NONE', #2306, #2127 ) ;
#181 = ORIENTED_EDGE ( 'NONE', *, *, #2236, .T. ) ;
#182 = VECTOR ( 'NONE', #2737, 1000.000000000000000 ) ;
#183 = ORIENTED_EDGE ( 'NONE', *, *, #653, .T. ) ;
#184 =( LENGTH_UNIT ( ) NAMED_UNIT ( * ) SI_UNIT ( .MILLI., .METRE. ) );
#185 = LINE ( 'NONE', #3869, #2977 ) ;
#186 = FACE_OUTER_BOUND ( 'NONE', #1371, .T. ) ;
#187 = EDGE_LOOP ( 'NONE', ( #1456, #2002, #443, #2611 ) ) ;
#188 = EDGE_CURVE ( 'NONE', #2105, #1783, #1339, .T. ) ;
#189 =( BOUNDED_CURVE ( )  B_SPLINE_CURVE ( 3, ( #3419, #3124, #1052, #3480 ),
 .UNSPECIFIED., .F., .T. ) 
 B_SPLINE_CURVE_WITH_KNOTS ( ( 4, 4 ),
 ( 5.624127271420919172, 6.942243342938268391 ),
 .UNSPECIFIED. ) 
 CURVE ( )  GEOMETRIC_REPRESENTATION_ITEM ( )  RATIONAL_B_SPLINE_CURVE ( ( 1.000000000000000000, 0.8603796100557155047, 0.8603796100557155047, 1.000000000000000000 ) ) 
 REPRESENTATION_ITEM ( '' )  );
#190 = EDGE_LOOP ( 'NONE', ( #1406, #195, #3717, #2177 ) ) ;
#191 = CARTESIAN_POINT ( 'NONE',  ( -0.3200000000000001177, 11.15358983848622287, -0.3099999999999999423 ) ) ;
#192 = PLANE ( 'NONE',  #669 ) ;
#193 = ADVANCED_FACE ( 'NONE', ( #1614 ), #1674, .T. ) ;
#194 = ADVANCED_FACE ( 'NONE', ( #3422 ), #1055, .F. ) ;
#195 = ORIENTED_EDGE ( 'NONE', *, *, #3383, .T. ) ;
#196 = CONTEXT_DEPENDENT_SHAPE_REPRESENTATION ( #371, #282 ) ;
#197 = SURFACE_STYLE_FILL_AREA ( #854 ) ;
#198 = LINE ( 'NONE', #2647, #2442 ) ;
#199 = CARTESIAN_POINT ( 'NONE',  ( -0.3108419876365758894, 11.15363591632649509, -0.3199733969465143879 ) ) ;
#200 = ORIENTED_EDGE ( 'NONE', *, *, #3581, .T. ) ;
#201 = EDGE_LOOP ( 'NONE', ( #1733, #897, #280, #2448 ) ) ;
#202 = CARTESIAN_POINT ( 'NONE',  ( 0.6779289321881343255, 0.01000000000000002623, -1.247071067811865497 ) ) ;
#203 = DIRECTION ( 'NONE',  ( -0.7071067811865472397, 0.000000000000000000, 0.7071067811865479058 ) ) ;
#204 = ORIENTED_EDGE ( 'NONE', *, *, #1519, .F. ) ;
#205 = ORIENTED_EDGE ( 'NONE', *, *, #1353, .F. ) ;
#206 = CARTESIAN_POINT ( 'NONE',  ( -1.269999999999999574, 0.5000000000000000000, 0.7499999999999997780 ) ) ;
#207 =( BOUNDED_CURVE ( )  B_SPLINE_CURVE ( 3, ( #3842, #2907, #469, #793 ),
 .UNSPECIFIED., .F., .T. ) 
 B_SPLINE_CURVE_WITH_KNOTS ( ( 4, 4 ),
 ( 2.482534617831140267, 3.800650689348524125 ),
 .UNSPECIFIED. ) 
 CURVE ( )  GEOMETRIC_REPRESENTATION_ITEM ( )  RATIONAL_B_SPLINE_CURVE ( ( 1.000000000000000000, 0.8603796100557086213, 0.8603796100557086213, 1.000000000000000000 ) ) 
 REPRESENTATION_ITEM ( '' )  );
#208 = DIRECTION ( 'NONE',  ( 1.000000000000000000, 0.000000000000000000, 0.000000000000000000 ) ) ;
#209 = DIRECTION ( 'NONE',  ( -1.000000000000000000, 0.000000000000000000, 4.336808689942016257E-16 ) ) ;
#210 = LINE ( 'NONE', #768, #724 ) ;
#211 = EDGE_CURVE ( 'NONE', #68, #2638, #1893, .T. ) ;
#212 = ORIENTED_EDGE ( 'NONE', *, *, #3509, .T. ) ;
#213 = EDGE_CURVE ( 'NONE', #2307, #602, #3613, .T. ) ;
#214 = AXIS2_PLACEMENT_3D ( 'NONE', #902, #2160, #3387 ) ;
#215 = CARTESIAN_POINT ( 'NONE',  ( -0.1142264973081041912, 0.004999999999999983624, -0.1228867513459484528 ) ) ;
#216 = VECTOR ( 'NONE', #3431, 1000.000000000000000 ) ;
#217 = FACE_OUTER_BOUND ( 'NONE', #3596, .T. ) ;
#218 = CARTESIAN_POINT ( 'NONE',  ( 0.3199733969465143879, 11.15363591632649687, -0.3108419876365757784 ) ) ;
#219 = EDGE_CURVE ( 'NONE', #127, #2474, #1019, .T. ) ;
#220 = ORIENTED_EDGE ( 'NONE', *, *, #932, .T. ) ;
#221 = VECTOR ( 'NONE', #3184, 1000.000000000000000 ) ;
#222 = DIRECTION ( 'NONE',  ( 1.000000000000000000, 0.000000000000000000, 0.000000000000000000 ) ) ;
#223 = DIRECTION ( 'NONE',  ( -0.000000000000000000, 1.000000000000000000, -0.000000000000000000 ) ) ;
#224 = CARTESIAN_POINT ( 'NONE',  ( -0.6749999999999997113, 2.490000000000000213, -1.249999999999999778 ) ) ;
#225 = ORIENTED_EDGE ( 'NONE', *, *, #1095, .F. ) ;
#226 = ORIENTED_EDGE ( 'NONE', *, *, #649, .F. ) ;
#227 = AXIS2_PLACEMENT_3D ( 'NONE', #2229, #1609, #85 ) ;
#228 = VECTOR ( 'NONE', #1132, 1000.000000000000000 ) ;
#229 = CARTESIAN_POINT ( 'NONE',  ( 1.260000000000000231, 2.500000000000000000, 0.7400000000000001021 ) ) ;
#230 = VERTEX_POINT ( 'NONE', #2842 ) ;
#231 = CIRCLE ( 'NONE', #1250, 0.01000000000000002623 ) ;
#232 = CIRCLE ( 'NONE', #3223, 0.01000000000000002623 ) ;
#233 = LINE ( 'NONE', #543, #165 ) ;
#234 = AXIS2_PLACEMENT_3D ( 'NONE', #1744, #821, #2935 ) ;
#235 = DIRECTION ( 'NONE',  ( -1.000000000000000000, -0.000000000000000000, -0.000000000000000000 ) ) ;
#236 = DIRECTION ( 'NONE',  ( 0.000000000000000000, 1.000000000000000000, 0.000000000000000000 ) ) ;
#237 = EDGE_LOOP ( 'NONE', ( #2683, #620, #501 ) ) ;
#238 = ADVANCED_FACE ( 'NONE', ( #1321 ), #3164, .T. ) ;
#239 = FACE_OUTER_BOUND ( 'NONE', #1402, .T. ) ;
#240 = DIRECTION ( 'NONE',  ( 1.000000000000000000, 0.000000000000000000, 0.000000000000000000 ) ) ;
#241 = DIRECTION ( 'NONE',  ( 1.000000000000000000, 0.000000000000000000, -1.606225440719265874E-16 ) ) ;
#242 = ORIENTED_EDGE ( 'NONE', *, *, #1470, .T. ) ;
#243 = EDGE_CURVE ( 'NONE', #3185, #1785, #136, .T. ) ;
#244 = EDGE_CURVE ( 'NONE', #3740, #3761, #3418, .T. ) ;
#245 = CARTESIAN_POINT ( 'NONE',  ( 1.179142135623731047, 0.5000000000000000000, -0.7500000000000001110 ) ) ;
#246 = FACE_OUTER_BOUND ( 'NONE', #1631, .T. ) ;
#247 = ORIENTED_EDGE ( 'NONE', *, *, #2463, .T. ) ;
#248 = ORIENTED_EDGE ( 'NONE', *, *, #3252, .T. ) ;
#249 = ADVANCED_FACE ( 'NONE', ( #3182 ), #1358, .F. ) ;
#250 = ORIENTED_EDGE ( 'NONE', *, *, #3170, .T. ) ;
#251 = DIRECTION ( 'NONE',  ( 0.000000000000000000, -1.000000000000000000, 0.000000000000000000 ) ) ;
#252 = CARTESIAN_POINT ( 'NONE',  ( 0.000000000000000000, 2.500000000000000000, 0.3300000000000000155 ) ) ;
#253 = CARTESIAN_POINT ( 'NONE',  ( -0.3100000000000001088, 11.50000000000000000, -0.3199999999999999512 ) ) ;
#254 = ORIENTED_EDGE ( 'NONE', *, *, #1148, .F. ) ;
#255 = CARTESIAN_POINT ( 'NONE',  ( -0.1228867513459485639, 0.004999999999999980155, -0.1142264973081040663 ) ) ;
#256 = ORIENTED_EDGE ( 'NONE', *, *, #3804, .F. ) ;
#257 = DIRECTION ( 'NONE',  ( 1.000000000000000000, 0.000000000000000000, 0.000000000000000000 ) ) ;
#258 = DIRECTION ( 'NONE',  ( -0.7071067811865475727, 0.000000000000000000, -0.7071067811865475727 ) ) ;
#259 = DIRECTION ( 'NONE',  ( -1.000000000000000000, -0.000000000000000000, 9.389466242107271309E-15 ) ) ;
#260 = ADVANCED_FACE ( 'NONE', ( #2277 ), #3505, .F. ) ;
#261 = ADVANCED_FACE ( 'NONE', ( #457 ), #3599, .T. ) ;
#262 = ORIENTED_EDGE ( 'NONE', *, *, #2035, .T. ) ;
#263 = EDGE_CURVE ( 'NONE', #972, #3665, #3897, .T. ) ;
#264 = DIRECTION ( 'NONE',  ( 1.000000000000000000, -0.000000000000000000, -0.000000000000000000 ) ) ;
#265 = CARTESIAN_POINT ( 'NONE',  ( 1.179142135623731491, 2.500000000000000000, 0.7400000000000001021 ) ) ;
#266 = ORIENTED_EDGE ( 'NONE', *, *, #2491, .F. ) ;
#267 = CARTESIAN_POINT ( 'NONE',  ( -0.3112600429262813440, 11.15372788819387395, 0.3199202969641256611 ) ) ;
#268 = CARTESIAN_POINT ( 'NONE',  ( 1.164999999999999813, 2.490000000000000213, -0.7458578643762693305 ) ) ;
#269 = ORIENTED_EDGE ( 'NONE', *, *, #334, .F. ) ;
#270 = EDGE_LOOP ( 'NONE', ( #1775, #589, #3831, #660 ) ) ;
#271 = CARTESIAN_POINT ( 'NONE',  ( 0.1142264973081041218, 0.01000000000000001582, 0.1142264973081041912 ) ) ;
#272 = CARTESIAN_POINT ( 'NONE',  ( 1.179142135623730825, 2.490000000000000213, -0.7600000000000001199 ) ) ;
#273 = CARTESIAN_POINT ( 'NONE',  ( 0.1142264973081041218, 0.004999999999999995767, 0.1228867513459485639 ) ) ;
#274 = EDGE_LOOP ( 'NONE', ( #2433, #1126, #3794, #281 ) ) ;
#275 = DIRECTION ( 'NONE',  ( 1.000000000000000000, 0.000000000000000000, 0.000000000000000000 ) ) ;
#276 = DIRECTION ( 'NONE',  ( -8.470329472543003391E-17, -0.000000000000000000, -1.000000000000000000 ) ) ;
#277 = DIRECTION ( 'NONE',  ( 2.891205793294678819E-16, -0.000000000000000000, 1.000000000000000000 ) ) ;
#278 = AXIS2_PLACEMENT_3D ( 'NONE', #2707, #885, #297 ) ;
#279 = VECTOR ( 'NONE', #2702, 1000.000000000000000 ) ;
#280 = ORIENTED_EDGE ( 'NONE', *, *, #1379, .F. ) ;
#281 = ORIENTED_EDGE ( 'NONE', *, *, #678, .F. ) ;
#282 = PRODUCT_DEFINITION_SHAPE ( 'NONE', 'NONE',  #3927 ) ;
#283 = CARTESIAN_POINT ( 'NONE',  ( -0.3200000000000001177, 2.490000000000000213, -0.3200000000000000622 ) ) ;
#284 = ORIENTED_EDGE ( 'NONE', *, *, #2839, .F. ) ;
#285 = VECTOR ( 'NONE', #3432, 1000.000000000000000 ) ;
#286 = CARTESIAN_POINT ( 'NONE',  ( -0.1199999999999995515, 11.50000000000000000, 2.032879073410313418E-17 ) ) ;
#287 = CARTESIAN_POINT ( 'NONE',  ( -1.269999999999999796, 2.489999999999999769, -0.7499999999999997780 ) ) ;
#288 = DIRECTION ( 'NONE',  ( -4.336808689942016257E-16, -0.000000000000000000, -1.000000000000000000 ) ) ;
#289 = AXIS2_PLACEMENT_3D ( 'NONE', #1715, #3837, #3224 ) ;
#290 = CARTESIAN_POINT ( 'NONE',  ( -1.269999999999999574, 0.5000000000000000000, 0.7499999999999997780 ) ) ;
#291 = CARTESIAN_POINT ( 'NONE',  ( 0.6750000000000003775, 2.490000000000000213, 1.250000000000000444 ) ) ;
#292 = DIRECTION ( 'NONE',  ( -0.000000000000000000, 1.000000000000000000, -0.000000000000000000 ) ) ;
#293 = ORIENTED_EDGE ( 'NONE', *, *, #1933, .T. ) ;
#294 = AXIS2_PLACEMENT_3D ( 'NONE', #665, #3379, #401 ) ;
#295 = STYLED_ITEM ( 'NONE', ( #2646 ), #829 ) ;
#296 = DIRECTION ( 'NONE',  ( 1.000000000000000000, 0.000000000000000000, 0.000000000000000000 ) ) ;
#297 = DIRECTION ( 'NONE',  ( -1.000000000000000000, 0.000000000000000000, -0.000000000000000000 ) ) ;
#298 = AXIS2_PLACEMENT_3D ( 'NONE', #1187, #580, #1787 ) ;
#299 = ORIENTED_EDGE ( 'NONE', *, *, #3165, .T. ) ;
#300 = ADVANCED_FACE ( 'NONE', ( #2921 ), #192, .F. ) ;
#301 = CARTESIAN_POINT ( 'NONE',  ( -0.1142264973081033030, 11.49000000000000021, -0.1142264973081030671 ) ) ;
#302 = AXIS2_PLACEMENT_3D ( 'NONE', #2857, #2801, #3106 ) ;
#303 = ORIENTED_EDGE ( 'NONE', *, *, #641, .T. ) ;
#304 = VECTOR ( 'NONE', #386, 1000.000000000000000 ) ;
#305 = CARTESIAN_POINT ( 'NONE',  ( 0.000000000000000000, 2.500000000000000000, -0.3300000000000001266 ) ) ;
#306 = LINE ( 'NONE', #2734, #1357 ) ;
#307 = CYLINDRICAL_SURFACE ( 'NONE', #3036, 0.009999999999999903064 ) ;
#308 = EDGE_CURVE ( 'NONE', #1291, #51, #1696, .T. ) ;
#309 = CARTESIAN_POINT ( 'NONE',  ( -0.3112600429262814550, 0.3462721118061212189, 0.3199202969641258276 ) ) ;
#310 = FACE_OUTER_BOUND ( 'NONE', #539, .T. ) ;
#311 = CARTESIAN_POINT ( 'NONE',  ( -0.7200000000000010836, 0.5000000000000000000, 0.7200000000000009726 ) ) ;
#312 = PRODUCT_DEFINITION_SHAPE ( 'NONE', 'NONE',  #3922 ) ;
#313 = ORIENTED_EDGE ( 'NONE', *, *, #404, .T. ) ;
#314 = SHAPE_REPRESENTATION_RELATIONSHIP ( 'NONE' , 'NONE' ,  #1525, #3560 ) ;
#315 = LINE ( 'NONE', #2368, #2718 ) ;
#316 = DIRECTION ( 'NONE',  ( 1.000000000000000000, 0.000000000000000000, 0.000000000000000000 ) ) ;
#317 = EDGE_LOOP ( 'NONE', ( #3661, #3433, #2420, #1571 ) ) ;
#318 = ORIENTED_EDGE ( 'NONE', *, *, #2497, .F. ) ;
#319 = CARTESIAN_POINT ( 'NONE',  ( 1.175000000000000488, 2.490000000000000213, 0.4999999999999991673 ) ) ;
#320 = DIRECTION ( 'NONE',  ( 0.000000000000000000, -1.000000000000000000, 0.000000000000000000 ) ) ;
#321 = CARTESIAN_POINT ( 'NONE',  ( 0.6708578643762689309, 0.01000000000000002623, -1.250000000000000000 ) ) ;
#322 = DIRECTION ( 'NONE',  ( -1.000000000000000000, 0.000000000000000000, 2.710505431213757930E-15 ) ) ;
#323 = CARTESIAN_POINT ( 'NONE',  ( -0.3200000000000001177, 2.490000000000000213, -0.3200000000000000622 ) ) ;
#324 = DIRECTION ( 'NONE',  ( -0.4472135954999630902, 0.7745966692414802957, 0.4472135954999584828 ) ) ;
#325 = ADVANCED_FACE ( 'NONE', ( #2618 ), #2295, .F. ) ;
#326 = CARTESIAN_POINT ( 'NONE',  ( -1.269999999999999796, 2.495857864376268331, 0.4999999999999990563 ) ) ;
#327 = ORIENTED_EDGE ( 'NONE', *, *, #3605, .T. ) ;
#328 =( BOUNDED_CURVE ( )  B_SPLINE_CURVE ( 3, ( #2775, #1628, #377, #1283 ),
 .UNSPECIFIED., .F., .T. ) 
 B_SPLINE_CURVE_WITH_KNOTS ( ( 4, 4 ),
 ( 1.570796326794896558, 3.141592653589836193 ),
 .UNSPECIFIED. ) 
 CURVE ( )  GEOMETRIC_REPRESENTATION_ITEM ( )  RATIONAL_B_SPLINE_CURVE ( ( 1.000000000000000000, 0.8047378541243548344, 0.8047378541243548344, 1.000000000000000000 ) ) 
 REPRESENTATION_ITEM ( '' )  );
#329 = DIRECTION ( 'NONE',  ( 1.000000000000000000, 0.000000000000000000, 0.000000000000000000 ) ) ;
#330 = PLANE ( 'NONE',  #2257 ) ;
#331 = EDGE_CURVE ( 'NONE', #1342, #1438, #233, .T. ) ;
#332 = CARTESIAN_POINT ( 'NONE',  ( -0.3199733969465143879, 11.15363591632649509, 0.3108419876365758894 ) ) ;
#333 = EDGE_LOOP ( 'NONE', ( #3234, #3672, #1295, #266 ) ) ;
#334 = EDGE_CURVE ( 'NONE', #1949, #3775, #2960, .T. ) ;
#335 = ORIENTED_EDGE ( 'NONE', *, *, #3436, .F. ) ;
#336 = CARTESIAN_POINT ( 'NONE',  ( -0.3159672026817049728, 0.3452365399626432518, -0.3193224092811602355 ) ) ;
#337 = DIRECTION ( 'NONE',  ( -0.5773502691896260641, 0.5773502691896250649, 0.5773502691896261751 ) ) ;
#338 = AXIS2_PLACEMENT_3D ( 'NONE', #1235, #2449, #3615 ) ;
#339 = CIRCLE ( 'NONE', #3399, 0.01000000000000001409 ) ;
#340 = DIRECTION ( 'NONE',  ( 1.000000000000000000, 0.000000000000000000, -5.706327223607941615E-15 ) ) ;
#341 = EDGE_LOOP ( 'NONE', ( #1419, #2392, #3069, #3186 ) ) ;
#342 = VECTOR ( 'NONE', #583, 999.9999999999998863 ) ;
#343 = CARTESIAN_POINT ( 'NONE',  ( -0.1142264973081031643, 11.49000000000000021, 0.1142264973081031781 ) ) ;
#344 = CARTESIAN_POINT ( 'NONE',  ( 1.150857864376269690, 0.000000000000000000, 0.7599999999999997868 ) ) ;
#345 = DIRECTION ( 'NONE',  ( 1.000000000000000000, 5.421010862427508286E-14, 0.000000000000000000 ) ) ;
#346 = CIRCLE ( 'NONE', #3095, 0.009999999999999998473 ) ;
#347 = DIRECTION ( 'NONE',  ( 0.000000000000000000, 1.000000000000000000, -2.710505431213760691E-15 ) ) ;
#348 = LINE ( 'NONE', #3344, #3462 ) ;
#349 = EDGE_CURVE ( 'NONE', #2100, #972, #1185, .T. ) ;
#350 = DIRECTION ( 'NONE',  ( -0.000000000000000000, 1.000000000000000000, -0.000000000000000000 ) ) ;
#351 = ORIENTED_EDGE ( 'NONE', *, *, #1762, .F. ) ;
#352 = AXIS2_PLACEMENT_3D ( 'NONE', #788, #174, #1653 ) ;
#353 = DIRECTION ( 'NONE',  ( 0.000000000000000000, 0.000000000000000000, 1.000000000000000000 ) ) ;
#354 = CARTESIAN_POINT ( 'NONE',  ( -0.6708578643762688198, 0.01000000000000002623, 1.240000000000000657 ) ) ;
#355 = AXIS2_PLACEMENT_3D ( 'NONE', #2065, #841, #537 ) ;
#356 = DIRECTION ( 'NONE',  ( -1.000000000000000000, 0.000000000000000000, 0.000000000000000000 ) ) ;
#357 = ORIENTED_EDGE ( 'NONE', *, *, #1097, .F. ) ;
#358 = ADVANCED_FACE ( 'NONE', ( #871 ), #1441, .T. ) ;
#359 = ORIENTED_EDGE ( 'NONE', *, *, #2918, .F. ) ;
#360 = ADVANCED_FACE ( 'NONE', ( #2031 ), #3853, .T. ) ;
#361 = DIRECTION ( 'NONE',  ( 0.000000000000000000, 0.000000000000000000, 1.000000000000000000 ) ) ;
#362 = AXIS2_PLACEMENT_3D ( 'NONE', #364, #1845, #2 ) ;
#363 = CARTESIAN_POINT ( 'NONE',  ( -1.269999999999999796, -1.503005322678532707, -0.7499999999999997780 ) ) ;
#364 = CARTESIAN_POINT ( 'NONE',  ( 1.179142135623731491, 2.500000000000000000, 0.7600000000000001199 ) ) ;
#365 = ORIENTED_EDGE ( 'NONE', *, *, #3070, .F. ) ;
#366 = ADVANCED_FACE ( 'NONE', ( #3562 ), #1727, .T. ) ;
#367 = LINE ( 'NONE', #439, #1823 ) ;
#368 = FACE_OUTER_BOUND ( 'NONE', #1945, .T. ) ;
#369 = DIRECTION ( 'NONE',  ( 0.4472135954999578722, 0.7745966692414835153, -0.4472135954999579277 ) ) ;
#370 = AXIS2_PLACEMENT_3D ( 'NONE', #1445, #3227, #2665 ) ;
#371 =( REPRESENTATION_RELATIONSHIP ('NONE','NONE', #695, #1525 ) REPRESENTATION_RELATIONSHIP_WITH_TRANSFORMATION ( #1385 )SHAPE_REPRESENTATION_RELATIONSHIP( ) );
#372 = DIRECTION ( 'NONE',  ( -0.7071067811865474617, 0.000000000000000000, -0.7071067811865474617 ) ) ;
#373 = ORIENTED_EDGE ( 'NONE', *, *, #1643, .F. ) ;
#374 = CARTESIAN_POINT ( 'NONE',  ( 1.270000000000000240, 2.490000000000000213, 0.7500000000000001110 ) ) ;
#375 = CARTESIAN_POINT ( 'NONE',  ( -0.1142264973081032892, 11.49499999999999922, -0.1228867513459474259 ) ) ;
#376 = ORIENTED_EDGE ( 'NONE', *, *, #1874, .F. ) ;
#377 = CARTESIAN_POINT ( 'NONE',  ( 1.270000000000000240, 2.495857864376268775, -0.7500000000000003331 ) ) ;
#378 = CARTESIAN_POINT ( 'NONE',  ( -1.175000000000000044, 2.350000000000000089, 0.4999999999999991673 ) ) ;
#379 = ADVANCED_FACE ( 'NONE', ( #521 ), #3280, .F. ) ;
#380 = ORIENTED_EDGE ( 'NONE', *, *, #3067, .T. ) ;
#381 = EDGE_CURVE ( 'NONE', #3317, #51, #2898, .T. ) ;
#382 = ORIENTED_EDGE ( 'NONE', *, *, #3261, .F. ) ;
#383 = EDGE_CURVE ( 'NONE', #1451, #3298, #2582, .T. ) ;
#384 = DIRECTION ( 'NONE',  ( 0.000000000000000000, 0.000000000000000000, 1.000000000000000000 ) ) ;
#385 = CARTESIAN_POINT ( 'NONE',  ( 0.09773205080756840191, 11.53856921938165137, -0.08907179676972416804 ) ) ;
#386 = DIRECTION ( 'NONE',  ( -1.000000000000000000, 0.000000000000000000, 0.000000000000000000 ) ) ;
#387 = DIRECTION ( 'NONE',  ( 0.000000000000000000, -1.000000000000000000, 0.000000000000000000 ) ) ;
#388 = ORIENTED_EDGE ( 'NONE', *, *, #2430, .F. ) ;
#389 = ORIENTED_EDGE ( 'NONE', *, *, #3868, .T. ) ;
#390 = CARTESIAN_POINT ( 'NONE',  ( 25.40000000000000568, 0.000000000000000000, -4.105002958672327084E-15 ) ) ;
#391 = DIRECTION ( 'NONE',  ( 0.000000000000000000, 1.000000000000000000, 0.000000000000000000 ) ) ;
#392 = CARTESIAN_POINT ( 'NONE',  ( 1.175000000000000044, 0.5000000000000000000, -0.7500000000000001110 ) ) ;
#393 = EDGE_LOOP ( 'NONE', ( #1699, #559, #2861, #106 ) ) ;
#394 = ORIENTED_EDGE ( 'NONE', *, *, #1620, .T. ) ;
#395 = CARTESIAN_POINT ( 'NONE',  ( -1.259999999999999787, 0.5000000000000000000, 0.7499999999999997780 ) ) ;
#396 = DIRECTION ( 'NONE',  ( 0.000000000000000000, -1.000000000000000000, 0.000000000000000000 ) ) ;
#397 = ORIENTED_EDGE ( 'NONE', *, *, #2149, .T. ) ;
#398 = ORIENTED_EDGE ( 'NONE', *, *, #2650, .F. ) ;
#399 = PRODUCT_DEFINITION_FORMATION_WITH_SPECIFIED_SOURCE ( 'ANY', '', #927, .NOT_KNOWN. ) ;
#400 = CARTESIAN_POINT ( 'NONE',  ( -1.269999999999999796, 2.350000000000000089, -0.5000000000000008882 ) ) ;
#401 = DIRECTION ( 'NONE',  ( -1.000000000000000000, 0.000000000000000000, 0.000000000000000000 ) ) ;
#402 = VECTOR ( 'NONE', #628, 1000.000000000000000 ) ;
#403 = DIRECTION ( 'NONE',  ( -0.4472135954999578722, -0.7745966692414835153, 0.4472135954999579277 ) ) ;
#404 = EDGE_CURVE ( 'NONE', #3298, #230, #3221, .T. ) ;
#405 = ADVANCED_FACE ( 'NONE', ( #3242 ), #505, .F. ) ;
#406 = VECTOR ( 'NONE', #605, 1000.000000000000000 ) ;
#407 = PLANE ( 'NONE',  #3559 ) ;
#408 = DIRECTION ( 'NONE',  ( 1.000000000000000000, 0.000000000000000000, 0.000000000000000000 ) ) ;
#409 = ADVANCED_FACE ( 'NONE', ( #65 ), #1898, .T. ) ;
#410 = CARTESIAN_POINT ( 'NONE',  ( 27.94000000000000483, -2.200000000000000622, -4.949184123533762118E-15 ) ) ;
#411 = LINE ( 'NONE', #2534, #2696 ) ;
#412 = AXIS2_PLACEMENT_3D ( 'NONE', #1912, #3144, #3746 ) ;
#413 = FACE_OUTER_BOUND ( 'NONE', #3052, .T. ) ;
#414 = AXIS2_PLACEMENT_3D ( 'NONE', #3384, #427, #3765 ) ;
#415 = LINE ( 'NONE', #2850, #1539 ) ;
#416 = ORIENTED_EDGE ( 'NONE', *, *, #3900, .F. ) ;
#417 = ORIENTED_EDGE ( 'NONE', *, *, #2178, .F. ) ;
#418 = VECTOR ( 'NONE', #154, 1000.000000000000000 ) ;
#419 = ORIENTED_EDGE ( 'NONE', *, *, #2658, .T. ) ;
#420 = ORIENTED_EDGE ( 'NONE', *, *, #1527, .T. ) ;
#421 = AXIS2_PLACEMENT_3D ( 'NONE', #206, #1990, #1397 ) ;
#422 = DIRECTION ( 'NONE',  ( 1.000000000000000000, 0.000000000000000000, 0.000000000000000000 ) ) ;
#423 = AXIS2_PLACEMENT_3D ( 'NONE', #1087, #2953, #1691 ) ;
#424 = DIRECTION ( 'NONE',  ( 0.000000000000000000, -1.000000000000000000, 0.000000000000000000 ) ) ;
#425 = EDGE_CURVE ( 'NONE', #2210, #1065, #2528, .T. ) ;
#426 = ADVANCED_FACE ( 'NONE', ( #1919 ), #2703, .T. ) ;
#427 = DIRECTION ( 'NONE',  ( 0.000000000000000000, -1.000000000000000000, 0.000000000000000000 ) ) ;
#428 = ORIENTED_EDGE ( 'NONE', *, *, #425, .F. ) ;
#429 = PRODUCT_CONTEXT ( 'NONE', #2199, 'mechanical' ) ;
#430 = CARTESIAN_POINT ( 'NONE',  ( -0.6708578643762688198, 2.490000000000000213, -1.239999999999999769 ) ) ;
#431 = PLANE ( 'NONE',  #2186 ) ;
#432 = CARTESIAN_POINT ( 'NONE',  ( -0.3300000000000001821, 2.500000000000000000, -0.3300000000000001266 ) ) ;
#433 = ORIENTED_EDGE ( 'NONE', *, *, #3293, .T. ) ;
#434 = ORIENTED_EDGE ( 'NONE', *, *, #1186, .T. ) ;
#435 = DIRECTION ( 'NONE',  ( 0.000000000000000000, -1.000000000000000000, 0.000000000000000000 ) ) ;
#436 = LINE ( 'NONE', #1649, #947 ) ;
#437 = EDGE_LOOP ( 'NONE', ( #474, #1395, #456, #105 ) ) ;
#438 = ORIENTED_EDGE ( 'NONE', *, *, #1346, .T. ) ;
#439 = CARTESIAN_POINT ( 'NONE',  ( 0.1200000000000003425, 0.004999999999999980155, 0.1228867513459485916 ) ) ;
#440 = PLANE ( 'NONE',  #412 ) ;
#441 =( REPRESENTATION_RELATIONSHIP ('NONE','NONE', #695, #3423 ) REPRESENTATION_RELATIONSHIP_WITH_TRANSFORMATION ( #2945 )SHAPE_REPRESENTATION_RELATIONSHIP( ) );
#442 = CARTESIAN_POINT ( 'NONE',  ( 0.6708578643762693750, 0.01000000000000002623, 1.250000000000000444 ) ) ;
#443 = ORIENTED_EDGE ( 'NONE', *, *, #2424, .T. ) ;
#444 = ORIENTED_EDGE ( 'NONE', *, *, #2743, .F. ) ;
#445 = DIRECTION ( 'NONE',  ( 1.000000000000000000, 0.000000000000000000, 0.000000000000000000 ) ) ;
#446 = CARTESIAN_POINT ( 'NONE',  ( 0.000000000000000000, 11.50000000000000000, -0.1142264973081030810 ) ) ;
#447 = LINE ( 'NONE', #2284, #3403 ) ;
#448 = CARTESIAN_POINT ( 'NONE',  ( -0.3104214140871993100, 11.15358983848622110, -0.3199999999999998956 ) ) ;
#449 = FACE_OUTER_BOUND ( 'NONE', #1009, .T. ) ;
#450 = ORIENTED_EDGE ( 'NONE', *, *, #675, .F. ) ;
#451 = ORIENTED_EDGE ( 'NONE', *, *, #3383, .F. ) ;
#452 = ADVANCED_FACE ( 'NONE', ( #413 ), #2225, .T. ) ;
#453 = DIRECTION ( 'NONE',  ( 0.000000000000000000, 0.000000000000000000, 1.000000000000000000 ) ) ;
#454 = CARTESIAN_POINT ( 'NONE',  ( 0.1228867513459474259, 11.49499999999999922, -2.081782543421284250E-17 ) ) ;
#455 = VERTEX_POINT ( 'NONE', #392 ) ;
#456 = ORIENTED_EDGE ( 'NONE', *, *, #1784, .F. ) ;
#457 = FACE_OUTER_BOUND ( 'NONE', #697, .T. ) ;
#458 = LINE ( 'NONE', #2923, #1825 ) ;
#459 = AXIS2_PLACEMENT_3D ( 'NONE', #2128, #2981, #2677 ) ;
#460 = AXIS2_PLACEMENT_3D ( 'NONE', #390, #1602, #3495 ) ;
#461 = AXIS2_PLACEMENT_3D ( 'NONE', #1872, #3110, #2804 ) ;
#462 = FACE_OUTER_BOUND ( 'NONE', #3653, .T. ) ;
#463 = ORIENTED_EDGE ( 'NONE', *, *, #931, .T. ) ;
#464 = VECTOR ( 'NONE', #1004, 1000.000000000000000 ) ;
#465 = ITEM_DEFINED_TRANSFORMATION ( 'NONE', 'NONE', #1050,  #1173 ) ;
#466 = CARTESIAN_POINT ( 'NONE',  ( -1.269999999999999574, 0.5000000000000000000, -0.7500000000000001110 ) ) ;
#467 = LINE ( 'NONE', #2590, #1362 ) ;
#468 = EDGE_CURVE ( 'NONE', #98, #750, #2767, .T. ) ;
#469 = CARTESIAN_POINT ( 'NONE',  ( 0.3193224092811621229, 11.15476346003734420, 0.3159672026817062496 ) ) ;
#470 = EDGE_LOOP ( 'NONE', ( #2026, #636, #416 ) ) ;
#471 = ORIENTED_EDGE ( 'NONE', *, *, #1346, .F. ) ;
#472 = DIRECTION ( 'NONE',  ( 0.000000000000000000, 0.4999999999999999445, -0.8660254037844387076 ) ) ;
#473 = DIRECTION ( 'NONE',  ( 0.7071067811865474617, 0.000000000000000000, -0.7071067811865474617 ) ) ;
#474 = ORIENTED_EDGE ( 'NONE', *, *, #3706, .T. ) ;
#475 = ADVANCED_FACE ( 'NONE', ( #2790 ), #1623, .T. ) ;
#476 = ADVANCED_FACE ( 'NONE', ( #1880 ), #330, .F. ) ;
#477 = AXIS2_PLACEMENT_3D ( 'NONE', #1034, #2787, #647 ) ;
#478 = EDGE_LOOP ( 'NONE', ( #2416, #87, #571, #303, #1026, #2816 ) ) ;
#479 = DIRECTION ( 'NONE',  ( 0.000000000000000000, -0.000000000000000000, -1.000000000000000000 ) ) ;
#480 = CARTESIAN_POINT ( 'NONE',  ( -0.3300000000000001266, 2.500000000000000000, 0.3300000000000000155 ) ) ;
#481 = EDGE_CURVE ( 'NONE', #758, #1974, #651, .T. ) ;
#482 = VECTOR ( 'NONE', #730, 1000.000000000000000 ) ;
#483 = DIRECTION ( 'NONE',  ( -0.7071067811865473507, 0.000000000000000000, 0.7071067811865476838 ) ) ;
#484 = CARTESIAN_POINT ( 'NONE',  ( 0.6708578643762688198, 0.01000000000000000021, -1.239999999999999991 ) ) ;
#485 = CARTESIAN_POINT ( 'NONE',  ( -0.6708578643762688198, 0.01000000000000002623, 1.250000000000000666 ) ) ;
#486 = PRODUCT_DEFINITION_SHAPE ( 'NONE', 'NONE',  #3940 ) ;
#487 = ORIENTED_EDGE ( 'NONE', *, *, #551, .T. ) ;
#488 = CONTEXT_DEPENDENT_SHAPE_REPRESENTATION ( #3356, #3664 ) ;
#489 = CARTESIAN_POINT ( 'NONE',  ( 0.3099999999999999978, 0.3464101615137729628, 0.3200000000000000622 ) ) ;
#490 = LINE ( 'NONE', #1116, #1610 ) ;
#491 = CARTESIAN_POINT ( 'NONE',  ( 0.3199999999999998956, 2.490000000000000213, 0.3199999999999999512 ) ) ;
#492 = DIRECTION ( 'NONE',  ( 0.7071067811865474617, 0.000000000000000000, -0.7071067811865475727 ) ) ;
#493 = ORIENTED_EDGE ( 'NONE', *, *, #2030, .T. ) ;
#494 = VECTOR ( 'NONE', #1562, 1000.000000000000000 ) ;
#495 = EDGE_LOOP ( 'NONE', ( #924, #1305, #818, #2793 ) ) ;
#496 = FILL_AREA_STYLE ('',( #3867 ) ) ;
#497 = DIRECTION ( 'NONE',  ( 4.336808689942016257E-16, 0.000000000000000000, 1.000000000000000000 ) ) ;
#498 = DIRECTION ( 'NONE',  ( 0.000000000000000000, 0.000000000000000000, -1.000000000000000000 ) ) ;
#499 =( REPRESENTATION_RELATIONSHIP ('NONE','NONE', #695, #1525 ) REPRESENTATION_RELATIONSHIP_WITH_TRANSFORMATION ( #945 )SHAPE_REPRESENTATION_RELATIONSHIP( ) );
#500 = EDGE_LOOP ( 'NONE', ( #2598, #3778, #1170, #3572 ) ) ;
#501 = ORIENTED_EDGE ( 'NONE', *, *, #1527, .F. ) ;
#502 = ADVANCED_FACE ( 'NONE', ( #3676 ), #946, .F. ) ;
#503 = CARTESIAN_POINT ( 'NONE',  ( 0.000000000000000000, 2.490000000000000213, -0.7400000000000001021 ) ) ;
#504 = EDGE_CURVE ( 'NONE', #2231, #3269, #2207, .T. ) ;
#505 = PLANE ( 'NONE',  #1248 ) ;
#506 = DIRECTION ( 'NONE',  ( 0.8660254037844475894, -0.4999999999999844569, 0.000000000000000000 ) ) ;
#507 = ADVANCED_FACE ( 'NONE', ( #2515 ), #694, .T. ) ;
#508 = DIRECTION ( 'NONE',  ( -0.7071067811865475727, 0.000000000000000000, -0.7071067811865475727 ) ) ;
#509 = VERTEX_POINT ( 'NONE', #3072 ) ;
#510 = CARTESIAN_POINT ( 'NONE',  ( 1.179142135623730825, 0.5000000000000000000, -0.7600000000000001199 ) ) ;
#511 = DIRECTION ( 'NONE',  ( 1.000000000000000000, 0.000000000000000000, -2.891205793294678819E-16 ) ) ;
#512 = CARTESIAN_POINT ( 'NONE',  ( 0.6708578643762693750, 2.500000000000000000, 1.250000000000000444 ) ) ;
#513 = PLANE ( 'NONE',  #3737 ) ;
#514 = EDGE_LOOP ( 'NONE', ( #1669, #578, #2281, #1511, #3450 ) ) ;
#515 = AXIS2_PLACEMENT_3D ( 'NONE', #3773, #1044, #3392 ) ;
#516 = CARTESIAN_POINT ( 'NONE',  ( 1.175000000000000044, 2.350000000000000089, -0.5000000000000011102 ) ) ;
#517 = DIRECTION ( 'NONE',  ( 1.355252715606879556E-15, -0.5000000000000024425, -0.8660254037844371533 ) ) ;
#518 = ORIENTED_EDGE ( 'NONE', *, *, #2650, .T. ) ;
#519 = CARTESIAN_POINT ( 'NONE',  ( -1.175000000000000044, 0.01000000000000000021, 0.7499999999999997780 ) ) ;
#520 = ORIENTED_EDGE ( 'NONE', *, *, #2950, .T. ) ;
#521 = FACE_OUTER_BOUND ( 'NONE', #2916, .T. ) ;
#522 = CARTESIAN_POINT ( 'NONE',  ( -1.165000000000000480, -4.124589821249880973E-17, 0.7541421356237308915 ) ) ;
#523 = DIRECTION ( 'NONE',  ( 1.000000000000000000, -0.000000000000000000, 0.000000000000000000 ) ) ;
#524 = VERTEX_POINT ( 'NONE', #375 ) ;
#525 = EDGE_CURVE ( 'NONE', #1281, #3246, #3407, .T. ) ;
#526 = EDGE_CURVE ( 'NONE', #2973, #926, #711, .T. ) ;
#527 = FACE_OUTER_BOUND ( 'NONE', #317, .T. ) ;
#528 = AXIS2_PLACEMENT_3D ( 'NONE', #3187, #1289, #445 ) ;
#529 = DIRECTION ( 'NONE',  ( -1.000000000000000000, -4.336808689942006376E-14, 0.000000000000000000 ) ) ;
#530 = AXIS2_PLACEMENT_3D ( 'NONE', #3862, #2364, #815 ) ;
#531 = CARTESIAN_POINT ( 'NONE',  ( 0.3112600429262815105, 0.3462721118061211079, 0.3199202969641257166 ) ) ;
#532 = EDGE_LOOP ( 'NONE', ( #1861, #1147, #542, #3233, #3010 ) ) ;
#533 = EDGE_CURVE ( 'NONE', #2937, #2821, #101, .T. ) ;
#534 = AXIS2_PLACEMENT_3D ( 'NONE', #875, #3022, #1168 ) ;
#535 = DIRECTION ( 'NONE',  ( 0.000000000000000000, 0.4999999999999804046, 0.8660254037844500319 ) ) ;
#536 = VECTOR ( 'NONE', #810, 1000.000000000000000 ) ;
#537 = DIRECTION ( 'NONE',  ( 0.000000000000000000, 0.000000000000000000, 1.000000000000000000 ) ) ;
#538 = ORIENTED_EDGE ( 'NONE', *, *, #3871, .F. ) ;
#539 = EDGE_LOOP ( 'NONE', ( #3772, #2537, #2700, #3217 ) ) ;
#540 = DIRECTION ( 'NONE',  ( 0.000000000000000000, 0.000000000000000000, 1.000000000000000000 ) ) ;
#541 = LINE ( 'NONE', #2355, #3295 ) ;
#542 = ORIENTED_EDGE ( 'NONE', *, *, #717, .T. ) ;
#543 = CARTESIAN_POINT ( 'NONE',  ( -1.174999999999999822, 2.500000000000000000, -0.7500000000000001110 ) ) ;
#544 = VECTOR ( 'NONE', #1588, 1000.000000000000000 ) ;
#545 = LINE ( 'NONE', #3243, #2056 ) ;
#546 = CARTESIAN_POINT ( 'NONE',  ( 1.174999999999999822, 0.01000000000000002623, -0.7500000000000001110 ) ) ;
#547 = VERTEX_POINT ( 'NONE', #2828 ) ;
#548 = VECTOR ( 'NONE', #223, 1000.000000000000000 ) ;
#549 = PLANE ( 'NONE',  #2084 ) ;
#550 = CARTESIAN_POINT ( 'NONE',  ( 1.269999999999999796, 2.350000000000000089, -0.5000000000000011102 ) ) ;
#551 = EDGE_CURVE ( 'NONE', #3740, #3876, #865, .T. ) ;
#552 = DIRECTION ( 'NONE',  ( -1.141265444721588244E-15, 0.000000000000000000, 1.000000000000000000 ) ) ;
#553 = VECTOR ( 'NONE', #3474, 1000.000000000000000 ) ;
#554 = VERTEX_POINT ( 'NONE', #3512 ) ;
#555 = EDGE_CURVE ( 'NONE', #2201, #2106, #604, .T. ) ;
#556 =( NAMED_UNIT ( * ) PLANE_ANGLE_UNIT ( ) SI_UNIT ( $, .RADIAN. ) );
#557 = DIRECTION ( 'NONE',  ( 1.000000000000000000, 0.000000000000000000, -1.694065894508600678E-16 ) ) ;
#558 = DIRECTION ( 'NONE',  ( 0.4472135954999567620, 0.7745966692414830712, -0.4472135954999600371 ) ) ;
#559 = ORIENTED_EDGE ( 'NONE', *, *, #2185, .T. ) ;
#560 = VERTEX_POINT ( 'NONE', #1963 ) ;
#561 = CARTESIAN_POINT ( 'NONE',  ( -0.3200000000000000067, 11.15358983848622287, 0.3200000000000000622 ) ) ;
#562 = CARTESIAN_POINT ( 'NONE',  ( -0.3199733969465146100, 11.15363591632649509, -0.3108419876365752788 ) ) ;
#563 = ORIENTED_EDGE ( 'NONE', *, *, #2070, .T. ) ;
#564 = DIRECTION ( 'NONE',  ( 1.000000000000000000, 0.000000000000000000, 0.000000000000000000 ) ) ;
#565 = CARTESIAN_POINT ( 'NONE',  ( 0.3299999999999999600, 2.500000000000000000, 0.000000000000000000 ) ) ;
#566 = DIRECTION ( 'NONE',  ( 0.000000000000000000, -0.000000000000000000, 1.000000000000000000 ) ) ;
#567 = ORIENTED_EDGE ( 'NONE', *, *, #3547, .T. ) ;
#568 = LINE ( 'NONE', #23, #182 ) ;
#569 = LINE ( 'NONE', #2078, #402 ) ;
#570 = CARTESIAN_POINT ( 'NONE',  ( 1.269999999999999796, 2.350000000000000089, -0.5000000000000011102 ) ) ;
#571 = ORIENTED_EDGE ( 'NONE', *, *, #1812, .T. ) ;
#572 = PRODUCT_DEFINITION ( 'UNKNOWN', '', #2695, #3820 ) ;
#573 = DIRECTION ( 'NONE',  ( 1.000000000000000000, 0.000000000000000000, 0.000000000000000000 ) ) ;
#574 =( REPRESENTATION_RELATIONSHIP ('NONE','NONE', #695, #3423 ) REPRESENTATION_RELATIONSHIP_WITH_TRANSFORMATION ( #2037 )SHAPE_REPRESENTATION_RELATIONSHIP( ) );
#575 = DIRECTION ( 'NONE',  ( -0.000000000000000000, 1.000000000000000000, -0.000000000000000000 ) ) ;
#576 = CARTESIAN_POINT ( 'NONE',  ( -0.3199202969641258276, 0.3462721118061212189, -0.3112600429262812884 ) ) ;
#577 = ITEM_DEFINED_TRANSFORMATION ( 'NONE', 'NONE', #3335,  #1173 ) ;
#578 = ORIENTED_EDGE ( 'NONE', *, *, #2079, .T. ) ;
#579 = ORIENTED_EDGE ( 'NONE', *, *, #663, .T. ) ;
#580 = DIRECTION ( 'NONE',  ( 0.000000000000000000, -1.000000000000000000, 0.000000000000000000 ) ) ;
#581 = VERTEX_POINT ( 'NONE', #491 ) ;
#582 = CARTESIAN_POINT ( 'NONE',  ( 1.179142135623731491, 2.489999999999999769, 0.7600000000000001199 ) ) ;
#583 = DIRECTION ( 'NONE',  ( 0.7071067811865479058, -0.000000000000000000, 0.7071067811865472397 ) ) ;
#584 = DIRECTION ( 'NONE',  ( -0.000000000000000000, 1.000000000000000000, -0.000000000000000000 ) ) ;
#585 =( BOUNDED_CURVE ( )  B_SPLINE_CURVE ( 3, ( #2213, #656, #108, #2539 ),
 .UNSPECIFIED., .F., .T. ) 
 B_SPLINE_CURVE_WITH_KNOTS ( ( 4, 4 ),
 ( 3.141592653589793116, 3.267932781228569006 ),
 .UNSPECIFIED. ) 
 CURVE ( )  GEOMETRIC_REPRESENTATION_ITEM ( )  RATIONAL_B_SPLINE_CURVE ( ( 1.000000000000000000, 0.9986702899464854344, 0.9986702899464854344, 1.000000000000000000 ) ) 
 REPRESENTATION_ITEM ( '' )  );
#586 = DIRECTION ( 'NONE',  ( -1.564911040351217078E-15, -2.710505431213763057E-15, -1.000000000000000000 ) ) ;
#587 = LINE ( 'NONE', #1563, #2247 ) ;
#588 = CARTESIAN_POINT ( 'NONE',  ( -0.3099999999999999978, 0.3464101615137729628, 0.3200000000000000622 ) ) ;
#589 = ORIENTED_EDGE ( 'NONE', *, *, #2296, .F. ) ;
#590 = AXIS2_PLACEMENT_3D ( 'NONE', #3788, #674, #1022 ) ;
#591 = DIRECTION ( 'NONE',  ( 0.000000000000000000, 0.000000000000000000, 1.000000000000000000 ) ) ;
#592 = EDGE_CURVE ( 'NONE', #1868, #524, #346, .T. ) ;
#593 = CONTEXT_DEPENDENT_SHAPE_REPRESENTATION ( #441, #1798 ) ;
#594 = CARTESIAN_POINT ( 'NONE',  ( -0.3200000000000001177, 11.50000000000000000, -0.3199999999999999512 ) ) ;
#595 = FACE_OUTER_BOUND ( 'NONE', #1448, .T. ) ;
#596 = AXIS2_PLACEMENT_3D ( 'NONE', #3349, #919, #296 ) ;
#597 = CIRCLE ( 'NONE', #1415, 0.01000000000000001409 ) ;
#598 = EDGE_LOOP ( 'NONE', ( #2308, #1970, #2371, #1811, #2411, #843, #2763, #2479 ) ) ;
#599 = PRODUCT_DEFINITION_SHAPE ( 'NONE', 'NONE',  #3930 ) ;
#600 = EDGE_CURVE ( 'NONE', #2287, #3358, #1282, .T. ) ;
#601 = LINE ( 'NONE', #3685, #3299 ) ;
#602 = VERTEX_POINT ( 'NONE', #124 ) ;
#603 = EDGE_LOOP ( 'NONE', ( #2604, #1335, #1149, #2403 ) ) ;
#604 = CIRCLE ( 'NONE', #3796, 0.01000000000000002623 ) ;
#605 = DIRECTION ( 'NONE',  ( -0.000000000000000000, -0.000000000000000000, 1.000000000000000000 ) ) ;
#606 = AXIS2_PLACEMENT_3D ( 'NONE', #3290, #552, #1894 ) ;
#607 = FACE_OUTER_BOUND ( 'NONE', #1164, .T. ) ;
#608 = SPHERICAL_SURFACE ( 'NONE', #2465, 0.01000000000000000021 ) ;
#609 = AXIS2_PLACEMENT_3D ( 'NONE', #2043, #3272, #1161 ) ;
#610 = DIRECTION ( 'NONE',  ( 1.000000000000000000, -0.000000000000000000, -0.000000000000000000 ) ) ;
#611 = CARTESIAN_POINT ( 'NONE',  ( 1.260000000000000453, 0.5000000000000000000, 0.7499999999999997780 ) ) ;
#612 = CARTESIAN_POINT ( 'NONE',  ( -1.165000000000000036, 2.500000000000000000, -0.5100000000000008971 ) ) ;
#613 = ORIENTED_EDGE ( 'NONE', *, *, #3313, .F. ) ;
#614 =( BOUNDED_CURVE ( )  B_SPLINE_CURVE ( 3, ( #1174, #2365, #900, #2427 ),
 .UNSPECIFIED., .F., .T. ) 
 B_SPLINE_CURVE_WITH_KNOTS ( ( 4, 4 ),
 ( 3.015252525951017226, 3.141592653589793116 ),
 .UNSPECIFIED. ) 
 CURVE ( )  GEOMETRIC_REPRESENTATION_ITEM ( )  RATIONAL_B_SPLINE_CURVE ( ( 1.000000000000000000, 0.9986702899464854344, 0.9986702899464854344, 1.000000000000000000 ) ) 
 REPRESENTATION_ITEM ( '' )  );
#615 = AXIS2_PLACEMENT_3D ( 'NONE', #3520, #826, #1725 ) ;
#616 = DIRECTION ( 'NONE',  ( 1.000000000000000000, 0.000000000000000000, 0.000000000000000000 ) ) ;
#617 = CARTESIAN_POINT ( 'NONE',  ( 0.3199999999999998956, 0.000000000000000000, -0.3200000000000000622 ) ) ;
#618 = AXIS2_PLACEMENT_3D ( 'NONE', #3739, #2230, #2273 ) ;
#619 = DIRECTION ( 'NONE',  ( -1.000000000000000000, -0.000000000000000000, 1.606225440719265874E-16 ) ) ;
#620 = ORIENTED_EDGE ( 'NONE', *, *, #3194, .T. ) ;
#621 = CARTESIAN_POINT ( 'NONE',  ( -0.3200000000000000067, 0.3464101615137729628, 0.3100000000000000533 ) ) ;
#622 = ORIENTED_EDGE ( 'NONE', *, *, #2163, .F. ) ;
#623 = EDGE_CURVE ( 'NONE', #3317, #951, #3281, .T. ) ;
#624 = CARTESIAN_POINT ( 'NONE',  ( 0.3200000000000000067, 11.50000000000000000, 0.3100000000000000533 ) ) ;
#625 = CARTESIAN_POINT ( 'NONE',  ( -0.3200000000000001177, 0.000000000000000000, -0.3200000000000000622 ) ) ;
#626 = CARTESIAN_POINT ( 'NONE',  ( -0.9554289321881341834, 2.490000000000000213, -0.9554289321881347385 ) ) ;
#627 = EDGE_CURVE ( 'NONE', #127, #2638, #3598, .T. ) ;
#628 = DIRECTION ( 'NONE',  ( 0.000000000000000000, 0.000000000000000000, -1.000000000000000000 ) ) ;
#629 = EDGE_CURVE ( 'NONE', #2036, #2077, #1676, .T. ) ;
#630 = DIRECTION ( 'NONE',  ( 0.000000000000000000, 0.000000000000000000, 1.000000000000000000 ) ) ;
#631 = PRODUCT_DEFINITION_SHAPE ( 'NONE', 'NONE',  #3917 ) ;
#632 = ORIENTED_EDGE ( 'NONE', *, *, #2743, .T. ) ;
#633 = DIRECTION ( 'NONE',  ( 0.000000000000000000, 0.000000000000000000, 1.000000000000000000 ) ) ;
#634 = DIRECTION ( 'NONE',  ( 0.000000000000000000, 0.000000000000000000, 1.000000000000000000 ) ) ;
#635 = LINE ( 'NONE', #2690, #1434 ) ;
#636 = ORIENTED_EDGE ( 'NONE', *, *, #3734, .T. ) ;
#637 = PLANE ( 'NONE',  #370 ) ;
#638 = CARTESIAN_POINT ( 'NONE',  ( -0.1142264973081032198, 11.49000000000000021, 0.1142264973081031504 ) ) ;
#639 = DIRECTION ( 'NONE',  ( 0.000000000000000000, -1.000000000000000000, 0.000000000000000000 ) ) ;
#640 = DIRECTION ( 'NONE',  ( 1.000000000000000000, -0.000000000000000000, 0.000000000000000000 ) ) ;
#641 = EDGE_CURVE ( 'NONE', #2830, #1218, #467, .T. ) ;
#642 = CARTESIAN_POINT ( 'NONE',  ( 0.3199999999999998956, 2.490000000000000213, 0.3199999999999999512 ) ) ;
#643 = DIRECTION ( 'NONE',  ( -0.8660254037844475894, -0.4999999999999844569, 0.000000000000000000 ) ) ;
#644 = LINE ( 'NONE', #9, #494 ) ;
#645 = CARTESIAN_POINT ( 'NONE',  ( 1.259999999999999787, 2.500000000000000000, -0.5100000000000011191 ) ) ;
#646 = ADVANCED_FACE ( 'NONE', ( #1682 ), #2906, .T. ) ;
#647 = DIRECTION ( 'NONE',  ( 0.000000000000000000, 0.000000000000000000, -1.000000000000000000 ) ) ;
#648 = EDGE_LOOP ( 'NONE', ( #3192, #1199, #2942, #1207 ) ) ;
#649 = EDGE_CURVE ( 'NONE', #877, #3269, #3016, .T. ) ;
#650 = DIRECTION ( 'NONE',  ( 0.000000000000000000, 0.000000000000000000, 1.000000000000000000 ) ) ;
#651 = LINE ( 'NONE', #1604, #3537 ) ;
#652 = LINE ( 'NONE', #2244, #544 ) ;
#653 = EDGE_CURVE ( 'NONE', #554, #560, #2021, .T. ) ;
#654 = EDGE_LOOP ( 'NONE', ( #2116, #1706, #1661, #3437 ) ) ;
#655 = DIRECTION ( 'NONE',  ( -1.000000000000000000, -0.000000000000000000, -0.000000000000000000 ) ) ;
#656 = CARTESIAN_POINT ( 'NONE',  ( 0.3104214140871991434, 0.3464101615137729073, -0.3199999999999999512 ) ) ;
#657 = DIRECTION ( 'NONE',  ( 0.000000000000000000, -1.000000000000000000, 0.000000000000000000 ) ) ;
#658 =( GEOMETRIC_REPRESENTATION_CONTEXT ( 3 ) GLOBAL_UNCERTAINTY_ASSIGNED_CONTEXT ( ( #2300 ) ) GLOBAL_UNIT_ASSIGNED_CONTEXT ( ( #184, #3551, #1429 ) ) REPRESENTATION_CONTEXT ( 'NONE', 'WORKASPACE' ) );
#659 = CYLINDRICAL_SURFACE ( 'NONE', #298, 0.01000000000000002623 ) ;
#660 = ORIENTED_EDGE ( 'NONE', *, *, #93, .F. ) ;
#661 = AXIS2_PLACEMENT_3D ( 'NONE', #3809, #122, #1082 ) ;
#662 = CIRCLE ( 'NONE', #3413, 0.01000000000000002623 ) ;
#663 = EDGE_CURVE ( 'NONE', #2419, #3681, #1421, .T. ) ;
#664 = CYLINDRICAL_SURFACE ( 'NONE', #3100, 0.01000000000000002623 ) ;
#665 = CARTESIAN_POINT ( 'NONE',  ( 1.260000000000000009, 0.5100000000000000089, -0.7500000000000001110 ) ) ;
#666 = LINE ( 'NONE', #2112, #3858 ) ;
#667 = VECTOR ( 'NONE', #2567, 1000.000000000000000 ) ;
#668 = PLANE ( 'NONE',  #461 ) ;
#669 = AXIS2_PLACEMENT_3D ( 'NONE', #1398, #1413, #3834 ) ;
#670 = CARTESIAN_POINT ( 'NONE',  ( 0.9554289321881350716, 2.490000000000000213, 0.9554289321881346275 ) ) ;
#671 =( BOUNDED_CURVE ( )  B_SPLINE_CURVE ( 3, ( #287, #852, #2052, #1460 ),
 .UNSPECIFIED., .F., .T. ) 
 B_SPLINE_CURVE_WITH_KNOTS ( ( 4, 4 ),
 ( -4.352074256530613638E-14, 1.570796326794896558 ),
 .UNSPECIFIED. ) 
 CURVE ( )  GEOMETRIC_REPRESENTATION_ITEM ( )  RATIONAL_B_SPLINE_CURVE ( ( 1.000000000000000000, 0.8047378541243547234, 0.8047378541243547234, 1.000000000000000000 ) ) 
 REPRESENTATION_ITEM ( '' )  );
#672 = ORIENTED_EDGE ( 'NONE', *, *, #3777, .T. ) ;
#673 = AXIS2_PLACEMENT_3D ( 'NONE', #2516, #3733, #1006 ) ;
#674 = DIRECTION ( 'NONE',  ( 0.000000000000000000, 0.000000000000000000, 1.000000000000000000 ) ) ;
#675 = EDGE_CURVE ( 'NONE', #1031, #554, #1941, .T. ) ;
#676 = CARTESIAN_POINT ( 'NONE',  ( 0.3199733969465142769, 0.3463640836734994677, -0.3108419876365757784 ) ) ;
#677 = CARTESIAN_POINT ( 'NONE',  ( -0.3200000000000001177, 0.000000000000000000, -0.3200000000000000622 ) ) ;
#678 = EDGE_CURVE ( 'NONE', #3317, #3887, #756, .T. ) ;
#679 = VECTOR ( 'NONE', #152, 1000.000000000000000 ) ;
#680 = EDGE_LOOP ( 'NONE', ( #1407, #823, #318, #2893 ) ) ;
#681 = VECTOR ( 'NONE', #435, 1000.000000000000000 ) ;
#682 = DIRECTION ( 'NONE',  ( 0.000000000000000000, 1.000000000000000000, 0.000000000000000000 ) ) ;
#683 = DIRECTION ( 'NONE',  ( 0.000000000000000000, -1.000000000000000000, 0.000000000000000000 ) ) ;
#684 = ORIENTED_EDGE ( 'NONE', *, *, #3365, .F. ) ;
#685 = ORIENTED_EDGE ( 'NONE', *, *, #3612, .T. ) ;
#686 = FACE_OUTER_BOUND ( 'NONE', #3757, .T. ) ;
#687 = TOROIDAL_SURFACE ( 'NONE', #2915, 0.02000000000000000042, 0.01000000000000000021 ) ;
#688 = LINE ( 'NONE', #1848, #3543 ) ;
#689 = CARTESIAN_POINT ( 'NONE',  ( 0.1228867513459484528, 0.004999999999999965410, -0.1200000000000003147 ) ) ;
#690 = DIRECTION ( 'NONE',  ( -0.000000000000000000, 1.000000000000000000, -0.000000000000000000 ) ) ;
#691 = VERTEX_POINT ( 'NONE', #2323 ) ;
#692 = ITEM_DEFINED_TRANSFORMATION ( 'NONE', 'NONE', #338,  #1173 ) ;
#693 = LINE ( 'NONE', #2205, #3149 ) ;
#694 = CYLINDRICAL_SURFACE ( 'NONE', #2520, 0.01000000000000002623 ) ;
#695 = SHAPE_REPRESENTATION ( 'header-2.54-1x12', ( #720, #1795, #3529, #338, #2570, #596, #2441, #2885, #1050, #2819, #2376, #2511, #2313, #2111, #2246, #2824, #214, #1233, #3273, #1728, #590, #460, #3335, #3398, #528 ), #1111 ) ;
#696 = PLANE ( 'NONE',  #2645 ) ;
#697 = EDGE_LOOP ( 'NONE', ( #3735, #1473, #1979, #1565 ) ) ;
#698 = ORIENTED_EDGE ( 'NONE', *, *, #1748, .T. ) ;
#699 = DIRECTION ( 'NONE',  ( 0.000000000000000000, -1.000000000000000000, 0.000000000000000000 ) ) ;
#700 = ORIENTED_EDGE ( 'NONE', *, *, #2211, .F. ) ;
#701 = ORIENTED_EDGE ( 'NONE', *, *, #2597, .F. ) ;
#702 = DIRECTION ( 'NONE',  ( -1.000000000000000000, 0.000000000000000000, 0.000000000000000000 ) ) ;
#703 = LINE ( 'NONE', #3143, #3617 ) ;
#704 = DIRECTION ( 'NONE',  ( 0.000000000000000000, 0.000000000000000000, -1.000000000000000000 ) ) ;
#705 = CARTESIAN_POINT ( 'NONE',  ( -1.259999999999999787, 0.5100000000000000089, 0.7500000000000004441 ) ) ;
#706 = EDGE_LOOP ( 'NONE', ( #389, #749, #2823, #3698 ) ) ;
#707 = ORIENTED_EDGE ( 'NONE', *, *, #54, .T. ) ;
#708 = ADVANCED_FACE ( 'NONE', ( #3546 ), #3189, .T. ) ;
#709 = DIRECTION ( 'NONE',  ( 1.000000000000000000, 0.000000000000000000, 0.000000000000000000 ) ) ;
#710 = CARTESIAN_POINT ( 'NONE',  ( 1.260000000000000231, 2.500000000000000000, 0.5099999999999987876 ) ) ;
#711 = LINE ( 'NONE', #2161, #797 ) ;
#712 = DIRECTION ( 'NONE',  ( 1.000000000000000000, -0.000000000000000000, 3.252606517456505098E-14 ) ) ;
#713 = ORIENTED_EDGE ( 'NONE', *, *, #849, .T. ) ;
#714 = ORIENTED_EDGE ( 'NONE', *, *, #3456, .T. ) ;
#715 = LINE ( 'NONE', #3158, #729 ) ;
#716 = CYLINDRICAL_SURFACE ( 'NONE', #811, 0.01000000000000002623 ) ;
#717 = EDGE_CURVE ( 'NONE', #972, #3394, #143, .T. ) ;
#718 = ORIENTED_EDGE ( 'NONE', *, *, #1148, .T. ) ;
#719 = ORIENTED_EDGE ( 'NONE', *, *, #2800, .T. ) ;
#720 = AXIS2_PLACEMENT_3D ( 'NONE', #3253, #2951, #222 ) ;
#721 = AXIS2_PLACEMENT_3D ( 'NONE', #772, #511, #1157 ) ;
#722 = EDGE_CURVE ( 'NONE', #1438, #2956, #1659, .T. ) ;
#723 = DIRECTION ( 'NONE',  ( 0.000000000000000000, 0.000000000000000000, -1.000000000000000000 ) ) ;
#724 = VECTOR ( 'NONE', #1417, 1000.000000000000000 ) ;
#725 = CARTESIAN_POINT ( 'NONE',  ( -1.179142135623731047, 0.5000000000000000000, -0.7500000000000001110 ) ) ;
#726 = CARTESIAN_POINT ( 'NONE',  ( 1.174999999999999822, 2.500000000000000000, -0.7500000000000001110 ) ) ;
#727 = ORIENTED_EDGE ( 'NONE', *, *, #3362, .F. ) ;
#728 = ORIENTED_EDGE ( 'NONE', *, *, #263, .T. ) ;
#729 = VECTOR ( 'NONE', #337, 999.9999999999998863 ) ;
#730 = DIRECTION ( 'NONE',  ( -1.000000000000000000, 0.000000000000000000, 0.000000000000000000 ) ) ;
#731 = CARTESIAN_POINT ( 'NONE',  ( 0.3299999999999999600, 2.500000000000000000, -0.3300000000000001266 ) ) ;
#732 = DIRECTION ( 'NONE',  ( 0.000000000000000000, 0.000000000000000000, 1.000000000000000000 ) ) ;
#733 = VECTOR ( 'NONE', #350, 1000.000000000000000 ) ;
#734 = CARTESIAN_POINT ( 'NONE',  ( 1.165000000000000480, 2.500000000000000000, 0.7458578643762692195 ) ) ;
#735 = ORIENTED_EDGE ( 'NONE', *, *, #2796, .T. ) ;
#736 = ORIENTED_EDGE ( 'NONE', *, *, #3494, .T. ) ;
#737 = AXIS2_PLACEMENT_3D ( 'NONE', #3033, #3770, #2568 ) ;
#738 = DIRECTION ( 'NONE',  ( 0.7071067811865473507, -0.000000000000000000, 0.7071067811865477948 ) ) ;
#739 = DIRECTION ( 'NONE',  ( 1.000000000000000000, 0.000000000000000000, 0.000000000000000000 ) ) ;
#740 = EDGE_LOOP ( 'NONE', ( #2352, #789, #847, #714, #1747, #434 ) ) ;
#741 =( BOUNDED_CURVE ( )  B_SPLINE_CURVE ( 3, ( #2148, #2418, #3375, #3103 ),
 .UNSPECIFIED., .F., .T. ) 
 B_SPLINE_CURVE_WITH_KNOTS ( ( 4, 4 ),
 ( 6.156845179540811230, 6.283185307179586232 ),
 .UNSPECIFIED. ) 
 CURVE ( )  GEOMETRIC_REPRESENTATION_ITEM ( )  RATIONAL_B_SPLINE_CURVE ( ( 1.000000000000000000, 0.9986702899464854344, 0.9986702899464854344, 1.000000000000000000 ) ) 
 REPRESENTATION_ITEM ( '' )  );
#742 = EDGE_LOOP ( 'NONE', ( #1985, #994, #3035, #3518 ) ) ;
#743 = AXIS2_PLACEMENT_3D ( 'NONE', #301, #3038, #1224 ) ;
#744 = CYLINDRICAL_SURFACE ( 'NONE', #3238, 0.009999999999999903064 ) ;
#745 = PRODUCT_DEFINITION_SHAPE ( 'NONE', 'NONE',  #3935 ) ;
#746 = VECTOR ( 'NONE', #340, 1000.000000000000000 ) ;
#747 = DIRECTION ( 'NONE',  ( -0.4472135954999595375, 0.7745966692414821830, -0.4472135954999585383 ) ) ;
#748 = CARTESIAN_POINT ( 'NONE',  ( -0.9554289321881346275, 2.490000000000000213, 0.9554289321881347385 ) ) ;
#749 = ORIENTED_EDGE ( 'NONE', *, *, #1326, .T. ) ;
#750 = VERTEX_POINT ( 'NONE', #1139 ) ;
#751 = ADVANCED_FACE ( 'NONE', ( #217 ), #836, .T. ) ;
#752 = VECTOR ( 'NONE', #2097, 1000.000000000000000 ) ;
#753 = DIRECTION ( 'NONE',  ( 1.000000000000000000, 0.000000000000000000, 0.000000000000000000 ) ) ;
#754 = CARTESIAN_POINT ( 'NONE',  ( -1.259999999999999787, 2.490000000000000213, 0.000000000000000000 ) ) ;
#755 = CARTESIAN_POINT ( 'NONE',  ( 1.270000000000000240, -1.503005322678532707, 0.7500000000000001110 ) ) ;
#756 = LINE ( 'NONE', #512, #3600 ) ;
#757 = LINE ( 'NONE', #2883, #103 ) ;
#758 = VERTEX_POINT ( 'NONE', #1425 ) ;
#759 = VERTEX_POINT ( 'NONE', #2648 ) ;
#760 = DIRECTION ( 'NONE',  ( 5.706327223607941615E-15, 0.000000000000000000, 1.000000000000000000 ) ) ;
#761 = EDGE_CURVE ( 'NONE', #1630, #1783, #3219, .T. ) ;
#762 = CARTESIAN_POINT ( 'NONE',  ( -1.179142135623730825, 2.490000000000000213, 0.7600000000000004530 ) ) ;
#763 = ORIENTED_EDGE ( 'NONE', *, *, #1268, .T. ) ;
#764 = ORIENTED_EDGE ( 'NONE', *, *, #957, .F. ) ;
#765 =( BOUNDED_CURVE ( )  B_SPLINE_CURVE ( 3, ( #3875, #562, #2617, #191 ),
 .UNSPECIFIED., .F., .T. ) 
 B_SPLINE_CURVE_WITH_KNOTS ( ( 4, 4 ),
 ( 6.156845179540893831, 6.283185307179586232 ),
 .UNSPECIFIED. ) 
 CURVE ( )  GEOMETRIC_REPRESENTATION_ITEM ( )  RATIONAL_B_SPLINE_CURVE ( ( 1.000000000000000000, 0.9986702899464872107, 0.9986702899464872107, 1.000000000000000000 ) ) 
 REPRESENTATION_ITEM ( '' )  );
#766 = DIRECTION ( 'NONE',  ( -1.606225440719265874E-16, 0.000000000000000000, -1.000000000000000000 ) ) ;
#767 = EDGE_CURVE ( 'NONE', #3775, #1868, #1656, .T. ) ;
#768 = CARTESIAN_POINT ( 'NONE',  ( -0.6708578643762688198, 2.500000000000000000, 1.250000000000000666 ) ) ;
#769 = VERTEX_POINT ( 'NONE', #1530 ) ;
#770 = CONTEXT_DEPENDENT_SHAPE_REPRESENTATION ( #2119, #2698 ) ;
#771 = FILL_AREA_STYLE ('',( #159 ) ) ;
#772 = CARTESIAN_POINT ( 'NONE',  ( 1.270000000000000240, -1.503005322678532707, 0.7500000000000001110 ) ) ;
#773 = EDGE_CURVE ( 'NONE', #1411, #2209, #1975, .T. ) ;
#774 = CARTESIAN_POINT ( 'NONE',  ( 1.179142135623731491, 2.490000000000000213, 0.7400000000000001021 ) ) ;
#775 = EDGE_CURVE ( 'NONE', #2434, #1331, #3470, .T. ) ;
#776 = FACE_OUTER_BOUND ( 'NONE', #740, .T. ) ;
#777 = EDGE_LOOP ( 'NONE', ( #128, #538, #3180, #398 ) ) ;
#778 = FILL_AREA_STYLE ('',( #1981 ) ) ;
#779 = CYLINDRICAL_SURFACE ( 'NONE', #1024, 0.009999999999999998473 ) ;
#780 = ADVANCED_FACE ( 'NONE', ( #1324 ), #1865, .F. ) ;
#781 = CARTESIAN_POINT ( 'NONE',  ( 1.165000000000000036, 2.500000000000000000, -0.5100000000000011191 ) ) ;
#782 = ORIENTED_EDGE ( 'NONE', *, *, #2798, .F. ) ;
#783 = ORIENTED_EDGE ( 'NONE', *, *, #3841, .F. ) ;
#784 = LINE ( 'NONE', #3259, #3860 ) ;
#785 = CARTESIAN_POINT ( 'NONE',  ( 0.6679289321881348718, 0.01000000000000002623, 1.242928932188134938 ) ) ;
#786 = LINE ( 'NONE', #2464, #3597 ) ;
#787 = VECTOR ( 'NONE', #1230, 999.9999999999998863 ) ;
#788 = CARTESIAN_POINT ( 'NONE',  ( -0.6708578643762688198, 0.01000000000000002623, 1.240000000000000657 ) ) ;
#789 = ORIENTED_EDGE ( 'NONE', *, *, #1835, .T. ) ;
#790 = CARTESIAN_POINT ( 'NONE',  ( -0.3200000000000000067, 11.15358983848622287, 0.3099999999999999978 ) ) ;
#791 = LINE ( 'NONE', #1446, #1729 ) ;
#792 = DIRECTION ( 'NONE',  ( -0.000000000000000000, 1.000000000000000000, -0.000000000000000000 ) ) ;
#793 = CARTESIAN_POINT ( 'NONE',  ( 0.3199202969641257166, 11.15372788819387395, 0.3112600429262805668 ) ) ;
#794 = ORIENTED_EDGE ( 'NONE', *, *, #3360, .T. ) ;
#795 = VERTEX_POINT ( 'NONE', #973 ) ;
#796 = ADVANCED_FACE ( 'NONE', ( #3204 ), #3171, .T. ) ;
#797 = VECTOR ( 'NONE', #3388, 1000.000000000000000 ) ;
#798 = LINE ( 'NONE', #3254, #681 ) ;
#799 = VECTOR ( 'NONE', #2987, 1000.000000000000000 ) ;
#800 = ADVANCED_FACE ( 'NONE', ( #1553 ), #2480, .T. ) ;
#801 = DIRECTION ( 'NONE',  ( -0.7071067811865474617, 0.000000000000000000, 0.7071067811865474617 ) ) ;
#802 = ORIENTED_EDGE ( 'NONE', *, *, #2424, .F. ) ;
#803 = VECTOR ( 'NONE', #292, 1000.000000000000000 ) ;
#804 = ADVANCED_FACE ( 'NONE', ( #1639 ), #2458, .T. ) ;
#805 = ORIENTED_EDGE ( 'NONE', *, *, #1143, .T. ) ;
#806 = CARTESIAN_POINT ( 'NONE',  ( 0.3159672026817041401, 0.3452365399626404763, -0.3193224092811596249 ) ) ;
#807 = AXIS2_PLACEMENT_3D ( 'NONE', #1871, #1274, #8 ) ;
#808 = AXIS2_PLACEMENT_3D ( 'NONE', #3082, #1320, #977 ) ;
#809 = DIRECTION ( 'NONE',  ( -1.000000000000000000, 0.000000000000000000, -0.000000000000000000 ) ) ;
#810 = DIRECTION ( 'NONE',  ( 1.000000000000000000, 0.000000000000000000, -0.000000000000000000 ) ) ;
#811 = AXIS2_PLACEMENT_3D ( 'NONE', #109, #1592, #1667 ) ;
#812 = DIRECTION ( 'NONE',  ( -1.000000000000000000, 0.000000000000000000, 0.000000000000000000 ) ) ;
#813 = ORIENTED_EDGE ( 'NONE', *, *, #3579, .T. ) ;
#814 = CYLINDRICAL_SURFACE ( 'NONE', #1579, 0.01000000000000002623 ) ;
#815 = DIRECTION ( 'NONE',  ( 0.000000000000000000, 0.000000000000000000, 1.000000000000000000 ) ) ;
#816 = MANIFOLD_SOLID_BREP ( 'Fillet2', #1439 ) ;
#817 = CARTESIAN_POINT ( 'NONE',  ( 0.000000000000000000, 2.500000000000000000, 0.000000000000000000 ) ) ;
#818 = ORIENTED_EDGE ( 'NONE', *, *, #1648, .T. ) ;
#819 = VECTOR ( 'NONE', #3807, 1000.000000000000000 ) ;
#820 = CARTESIAN_POINT ( 'NONE',  ( -0.1142264973081041635, 0.01000000000000000021, 0.1142264973081042190 ) ) ;
#821 = DIRECTION ( 'NONE',  ( 0.7071067811865475727, 2.299940125025055044E-14, -0.7071067811865475727 ) ) ;
#822 = EDGE_LOOP ( 'NONE', ( #2408, #2254, #3648, #1771 ) ) ;
#823 = ORIENTED_EDGE ( 'NONE', *, *, #504, .F. ) ;
#824 = DIRECTION ( 'NONE',  ( 1.000000000000000000, 0.000000000000000000, 0.000000000000000000 ) ) ;
#825 = EDGE_CURVE ( 'NONE', #2023, #759, #2551, .T. ) ;
#826 = DIRECTION ( 'NONE',  ( 0.000000000000000000, 0.000000000000000000, -1.000000000000000000 ) ) ;
#827 = ADVANCED_FACE ( 'NONE', ( #3496 ), #3682, .F. ) ;
#828 = CARTESIAN_POINT ( 'NONE',  ( 0.6708578643762693750, 2.490000000000000213, 1.240000000000000435 ) ) ;
#829 = MANIFOLD_SOLID_BREP ( 'Fillet1', #3741 ) ;
#830 = SPHERICAL_SURFACE ( 'NONE', #1420, 0.01000000000000000021 ) ;
#831 = ADVANCED_FACE ( 'NONE', ( #1718 ), #637, .F. ) ;
#832 = CARTESIAN_POINT ( 'NONE',  ( 0.3199999999999998956, 0.000000000000000000, 0.3199999999999999512 ) ) ;
#833 = EDGE_LOOP ( 'NONE', ( #2325, #1336, #911, #1685 ) ) ;
#834 = DIRECTION ( 'NONE',  ( 0.000000000000000000, 0.5000000000000019984, -0.8660254037844374864 ) ) ;
#835 = DIRECTION ( 'NONE',  ( 0.000000000000000000, 0.000000000000000000, -1.000000000000000000 ) ) ;
#836 = SPHERICAL_SURFACE ( 'NONE', #1182, 0.01000000000000000021 ) ;
#837 = DIRECTION ( 'NONE',  ( -0.000000000000000000, -0.000000000000000000, -1.000000000000000000 ) ) ;
#838 = EDGE_LOOP ( 'NONE', ( #1284, #1000, #1896, #1258 ) ) ;
#839 = PRESENTATION_STYLE_ASSIGNMENT (( #2348 ) ) ;
#840 = PLANE ( 'NONE',  #278 ) ;
#841 = DIRECTION ( 'NONE',  ( -1.000000000000000000, 0.000000000000000000, 0.000000000000000000 ) ) ;
#842 = ITEM_DEFINED_TRANSFORMATION ( 'NONE', 'NONE', #460,  #1173 ) ;
#843 = ORIENTED_EDGE ( 'NONE', *, *, #2305, .F. ) ;
#844 = ORIENTED_EDGE ( 'NONE', *, *, #3477, .T. ) ;
#845 = EDGE_CURVE ( 'NONE', #3117, #63, #2087, .T. ) ;
#846 = PLANE ( 'NONE',  #421 ) ;
#847 = ORIENTED_EDGE ( 'NONE', *, *, #882, .T. ) ;
#848 = DIRECTION ( 'NONE',  ( 0.000000000000000000, 0.000000000000000000, -1.000000000000000000 ) ) ;
#849 = EDGE_CURVE ( 'NONE', #2909, #926, #3755, .T. ) ;
#850 = CARTESIAN_POINT ( 'NONE',  ( -1.175000000000000044, 2.350000000000000089, -0.5000000000000008882 ) ) ;
#851 = ADVANCED_FACE ( 'NONE', ( #2684 ), #3565, .F. ) ;
#852 = CARTESIAN_POINT ( 'NONE',  ( -1.270000000000000018, 2.495857864376268775, -0.7499999999999998890 ) ) ;
#853 = ORIENTED_EDGE ( 'NONE', *, *, #1186, .F. ) ;
#854 = FILL_AREA_STYLE ('',( #3077 ) ) ;
#855 = CARTESIAN_POINT ( 'NONE',  ( 15.24000000000000377, -2.200000000000000622, -2.896682644197598182E-15 ) ) ;
#856 = DIRECTION ( 'NONE',  ( 1.000000000000000000, -0.000000000000000000, -0.000000000000000000 ) ) ;
#857 = VECTOR ( 'NONE', #3467, 1000.000000000000000 ) ;
#858 = CARTESIAN_POINT ( 'NONE',  ( -1.259999999999999787, 2.500000000000000000, 0.5099999999999990097 ) ) ;
#859 = ORIENTED_EDGE ( 'NONE', *, *, #1998, .F. ) ;
#860 = AXIS2_PLACEMENT_3D ( 'NONE', #2405, #236, #2984 ) ;
#861 = DIRECTION ( 'NONE',  ( 0.7071067811865474617, 0.000000000000000000, -0.7071067811865474617 ) ) ;
#862 = CARTESIAN_POINT ( 'NONE',  ( -0.3200000000000000067, 11.15358983848622287, 0.3099999999999999978 ) ) ;
#863 = ITEM_DEFINED_TRANSFORMATION ( 'NONE', 'NONE', #590,  #1173 ) ;
#864 = ORIENTED_EDGE ( 'NONE', *, *, #592, .F. ) ;
#865 = CIRCLE ( 'NONE', #1060, 0.01000000000000000021 ) ;
#866 = ORIENTED_EDGE ( 'NONE', *, *, #2924, .F. ) ;
#867 = AXIS2_PLACEMENT_3D ( 'NONE', #1382, #1991, #2600 ) ;
#868 = DIRECTION ( 'NONE',  ( -0.4472135954999578167, 0.7745966692414834043, 0.4472135954999578722 ) ) ;
#869 = ORIENTED_EDGE ( 'NONE', *, *, #169, .F. ) ;
#870 = CIRCLE ( 'NONE', #2836, 0.01000000000000002623 ) ;
#871 = FACE_OUTER_BOUND ( 'NONE', #2245, .T. ) ;
#872 = LINE ( 'NONE', #1514, #2383 ) ;
#873 = PRODUCT_DEFINITION ( 'UNKNOWN', '', #399, #1037 ) ;
#874 = AXIS2_PLACEMENT_3D ( 'NONE', #754, #3101, #2794 ) ;
#875 = CARTESIAN_POINT ( 'NONE',  ( -1.179142135623731047, 0.5000000000000000000, -0.7599999999999997868 ) ) ;
#876 = VERTEX_POINT ( 'NONE', #2038 ) ;
#877 = VERTEX_POINT ( 'NONE', #3884 ) ;
#878 = VECTOR ( 'NONE', #3640, 1000.000000000000000 ) ;
#879 = CARTESIAN_POINT ( 'NONE',  ( -0.3200000000000000622, 0.9000000000000002442, 0.3199999999999999512 ) ) ;
#880 = DIRECTION ( 'NONE',  ( 1.000000000000000000, -0.000000000000000000, -0.000000000000000000 ) ) ;
#881 = CARTESIAN_POINT ( 'NONE',  ( -1.172071067811865319, 0.5000000000000000000, 0.7529289321881350583 ) ) ;
#882 = EDGE_CURVE ( 'NONE', #1281, #1721, #3265, .T. ) ;
#883 = VERTEX_POINT ( 'NONE', #790 ) ;
#884 = CARTESIAN_POINT ( 'NONE',  ( 12.70000000000000284, -2.200000000000000622, -2.486182348330365316E-15 ) ) ;
#885 = DIRECTION ( 'NONE',  ( 0.000000000000000000, 0.000000000000000000, -1.000000000000000000 ) ) ;
#886 = DIRECTION ( 'NONE',  ( 1.000000000000000000, -0.000000000000000000, -0.000000000000000000 ) ) ;
#887 = CONTEXT_DEPENDENT_SHAPE_REPRESENTATION ( #1014, #3491 ) ;
#888 = ORIENTED_EDGE ( 'NONE', *, *, #525, .T. ) ;
#889 = ORIENTED_EDGE ( 'NONE', *, *, #2360, .T. ) ;
#890 =( GEOMETRIC_REPRESENTATION_CONTEXT ( 3 ) GLOBAL_UNCERTAINTY_ASSIGNED_CONTEXT ( ( #2548 ) ) GLOBAL_UNIT_ASSIGNED_CONTEXT ( ( #3903, #3823, #1137 ) ) REPRESENTATION_CONTEXT ( 'NONE', 'WORKASPACE' ) );
#891 = LINE ( 'NONE', #319, #746 ) ;
#892 = ORIENTED_EDGE ( 'NONE', *, *, #125, .F. ) ;
#893 = PRODUCT_DEFINITION_SHAPE ( 'NONE', 'NONE',  #3925 ) ;
#894 = CARTESIAN_POINT ( 'NONE',  ( -0.3112600429262813440, 11.15372788819387395, 0.3199202969641256611 ) ) ;
#895 = DIRECTION ( 'NONE',  ( 1.000000000000000000, 0.000000000000000000, 0.000000000000000000 ) ) ;
#896 = ADVANCED_FACE ( 'NONE', ( #527 ), #814, .T. ) ;
#897 = ORIENTED_EDGE ( 'NONE', *, *, #3050, .F. ) ;
#898 = CARTESIAN_POINT ( 'NONE',  ( -0.1200000000000004535, 0.004999999999999966277, -0.1228867513459484806 ) ) ;
#899 = DIRECTION ( 'NONE',  ( 0.8660254037844348218, 0.5000000000000066613, -2.710505431213759902E-15 ) ) ;
#900 = CARTESIAN_POINT ( 'NONE',  ( -0.3104214140871993655, 0.3464101615137729073, -0.3199999999999999512 ) ) ;
#901 = EDGE_LOOP ( 'NONE', ( #719, #520, #2992, #1288, #1102, #1049 ) ) ;
#902 = CARTESIAN_POINT ( 'NONE',  ( 17.78000000000000469, 0.000000000000000000, -2.873502071070628880E-15 ) ) ;
#903 = EDGE_CURVE ( 'NONE', #3902, #3815, #2363, .T. ) ;
#904 = ADVANCED_FACE ( 'NONE', ( #239 ), #549, .F. ) ;
#905 = CARTESIAN_POINT ( 'NONE',  ( -1.269999999999999796, 2.350000000000000089, -0.5000000000000008882 ) ) ;
#906 = CARTESIAN_POINT ( 'NONE',  ( 1.269999999999999796, 2.490000000000000213, -0.5000000000000011102 ) ) ;
#907 = VERTEX_POINT ( 'NONE', #3247 ) ;
#908 = ORIENTED_EDGE ( 'NONE', *, *, #1418, .T. ) ;
#909 = DIRECTION ( 'NONE',  ( -0.4472135954999579277, -0.7745966692414834043, -0.4472135954999578167 ) ) ;
#910 = LINE ( 'NONE', #3357, #2784 ) ;
#911 = ORIENTED_EDGE ( 'NONE', *, *, #2175, .F. ) ;
#912 = CARTESIAN_POINT ( 'NONE',  ( 0.3199999999999998956, 11.15358983848622287, -0.3099999999999998868 ) ) ;
#913 = CARTESIAN_POINT ( 'NONE',  ( 0.6708578643762693750, 0.000000000000000000, 1.240000000000000435 ) ) ;
#914 = CARTESIAN_POINT ( 'NONE',  ( -0.6708578643762688198, 2.490000000000000213, -1.239999999999999769 ) ) ;
#915 = DIRECTION ( 'NONE',  ( 0.000000000000000000, 0.000000000000000000, -1.000000000000000000 ) ) ;
#916 = DIRECTION ( 'NONE',  ( 1.000000000000000000, 0.000000000000000000, -2.891205793294689666E-16 ) ) ;
#917 = ORIENTED_EDGE ( 'NONE', *, *, #1097, .T. ) ;
#918 = CIRCLE ( 'NONE', #1234, 0.009999999999999998473 ) ;
#919 = DIRECTION ( 'NONE',  ( 0.000000000000000000, 0.000000000000000000, 1.000000000000000000 ) ) ;
#920 = CONTEXT_DEPENDENT_SHAPE_REPRESENTATION ( #3179, #1654 ) ;
#921 = LINE ( 'NONE', #3570, #52 ) ;
#922 = DIRECTION ( 'NONE',  ( 0.7071067811865473507, 0.000000000000000000, -0.7071067811865477948 ) ) ;
#923 = AXIS2_PLACEMENT_3D ( 'NONE', #272, #1820, #915 ) ;
#924 = ORIENTED_EDGE ( 'NONE', *, *, #3502, .T. ) ;
#925 = ADVANCED_FACE ( 'NONE', ( #3583 ), #1386, .T. ) ;
#926 = VERTEX_POINT ( 'NONE', #489 ) ;
#927 = PRODUCT ( 'header-2.54-body_\X2\9ed88ba4\X0\', 'header-2.54-body_\X2\9ed88ba4\X0\', '', ( #80 ) ) ;
#928 = EDGE_CURVE ( 'NONE', #2312, #1924, #1891, .T. ) ;
#929 = LINE ( 'NONE', #3079, #55 ) ;
#930 = ORIENTED_EDGE ( 'NONE', *, *, #1338, .T. ) ;
#931 = EDGE_CURVE ( 'NONE', #3417, #1576, #2470, .T. ) ;
#932 = EDGE_CURVE ( 'NONE', #3075, #3405, #1208, .T. ) ;
#933 = VECTOR ( 'NONE', #3724, 1000.000000000000000 ) ;
#934 = VECTOR ( 'NONE', #1404, 1000.000000000000000 ) ;
#935 = AXIS2_PLACEMENT_3D ( 'NONE', #3747, #1322, #97 ) ;
#936 = LINE ( 'NONE', #253, #2758 ) ;
#937 = ORIENTED_EDGE ( 'NONE', *, *, #629, .F. ) ;
#938 = CARTESIAN_POINT ( 'NONE',  ( -0.3108419876365758894, 0.3463640836734994677, 0.3199733969465145544 ) ) ;
#939 = CARTESIAN_POINT ( 'NONE',  ( 1.165000000000000480, 2.490000000000000213, 0.7458578643762692195 ) ) ;
#940 = CARTESIAN_POINT ( 'NONE',  ( 1.175000000000000488, 2.350000000000000089, 0.4999999999999991673 ) ) ;
#941 = VERTEX_POINT ( 'NONE', #1794 ) ;
#942 = CIRCLE ( 'NONE', #2834, 0.01000000000000002623 ) ;
#943 = VECTOR ( 'NONE', #3031, 999.9999999999998863 ) ;
#944 = CARTESIAN_POINT ( 'NONE',  ( 2.540000000000000480, 0.000000000000000000, -4.105002958672327183E-16 ) ) ;
#945 = ITEM_DEFINED_TRANSFORMATION ( 'NONE', 'NONE', #3273,  #1173 ) ;
#946 = PLANE ( 'NONE',  #2766 ) ;
#947 = VECTOR ( 'NONE', #2871, 1000.000000000000000 ) ;
#948 = DIRECTION ( 'NONE',  ( 1.694065894508600678E-16, -0.000000000000000000, 1.000000000000000000 ) ) ;
#949 = EDGE_LOOP ( 'NONE', ( #3464, #3514, #1461, #380 ) ) ;
#950 = EDGE_CURVE ( 'NONE', #547, #509, #3434, .T. ) ;
#951 = VERTEX_POINT ( 'NONE', #2756 ) ;
#952 = CARTESIAN_POINT ( 'NONE',  ( -1.269999999999999574, 0.5000000000000000000, -0.7500000000000001110 ) ) ;
#953 = LINE ( 'NONE', #561, #1670 ) ;
#954 = LINE ( 'NONE', #1810, #2592 ) ;
#955 = VERTEX_POINT ( 'NONE', #3690 ) ;
#956 = VECTOR ( 'NONE', #3645, 1000.000000000000000 ) ;
#957 = EDGE_CURVE ( 'NONE', #2939, #1280, #568, .T. ) ;
#958 = DIRECTION ( 'NONE',  ( 0.000000000000000000, -1.000000000000000000, 0.000000000000000000 ) ) ;
#959 = EDGE_CURVE ( 'NONE', #1594, #1031, #1275, .T. ) ;
#960 = CARTESIAN_POINT ( 'NONE',  ( 0.3199202969641257166, 11.15372788819387395, 0.3112600429262805668 ) ) ;
#961 = CARTESIAN_POINT ( 'NONE',  ( 1.164999999999999591, 2.500000000000000000, -0.7458578643762692195 ) ) ;
#962 = CARTESIAN_POINT ( 'NONE',  ( 1.270000000000000240, 0.5100000000000000089, 0.7500000000000001110 ) ) ;
#963 = ADVANCED_FACE ( 'NONE', ( #2490 ), #1776, .T. ) ;
#964 = LINE ( 'NONE', #611, #2049 ) ;
#965 = CARTESIAN_POINT ( 'NONE',  ( -1.259999999999999787, 0.5100000000000000089, 0.7500000000000004441 ) ) ;
#966 = PRODUCT_DEFINITION_SHAPE ( 'NONE', 'NONE',  #2101 ) ;
#967 = ORIENTED_EDGE ( 'NONE', *, *, #2055, .F. ) ;
#968 = CARTESIAN_POINT ( 'NONE',  ( 12.70000000000000284, 0.000000000000000000, -2.052501479336163542E-15 ) ) ;
#969 = CARTESIAN_POINT ( 'NONE',  ( 0.3199999999999998956, 11.50000000000000000, -0.3199999999999999512 ) ) ;
#970 = CARTESIAN_POINT ( 'NONE',  ( 0.3112600429262812884, 11.15372788819387395, -0.3199202969641256056 ) ) ;
#971 = ORIENTED_EDGE ( 'NONE', *, *, #3506, .F. ) ;
#972 = VERTEX_POINT ( 'NONE', #962 ) ;
#973 = CARTESIAN_POINT ( 'NONE',  ( 0.3199999999999998956, 0.9000000000000002442, -0.3200000000000000622 ) ) ;
#974 = DIRECTION ( 'NONE',  ( 1.000000000000000000, -0.000000000000000000, -1.606225440719266613E-16 ) ) ;
#975 = CARTESIAN_POINT ( 'NONE',  ( -0.3199202969641257721, 0.3462721118061212189, 0.3112600429262815105 ) ) ;
#976 = LINE ( 'NONE', #2256, #3 ) ;
#977 = DIRECTION ( 'NONE',  ( 0.000000000000000000, 0.000000000000000000, -1.000000000000000000 ) ) ;
#978 = CARTESIAN_POINT ( 'NONE',  ( 1.175000000000000488, 2.490000000000000213, 0.4999999999999991673 ) ) ;
#979 = EDGE_CURVE ( 'NONE', #1766, #1630, #2155, .T. ) ;
#980 = EDGE_CURVE ( 'NONE', #1451, #2100, #1836, .T. ) ;
#981 = CARTESIAN_POINT ( 'NONE',  ( -0.3104214140871992544, 0.3464101615137730183, 0.3200000000000000622 ) ) ;
#982 = CARTESIAN_POINT ( 'NONE',  ( 0.3108419876365757784, 11.15363591632649509, 0.3199733969465144989 ) ) ;
#983 = EDGE_CURVE ( 'NONE', #2973, #1171, #3877, .T. ) ;
#984 = FACE_OUTER_BOUND ( 'NONE', #598, .T. ) ;
#985 = EDGE_LOOP ( 'NONE', ( #2385, #463, #2159, #2831 ) ) ;
#986 = CARTESIAN_POINT ( 'NONE',  ( 0.000000000000000000, 0.01000000000000000021, 0.7599999999999997868 ) ) ;
#987 = ORIENTED_EDGE ( 'NONE', *, *, #381, .T. ) ;
#988 = ORIENTED_EDGE ( 'NONE', *, *, #3314, .F. ) ;
#989 = VECTOR ( 'NONE', #264, 1000.000000000000000 ) ;
#990 = FACE_OUTER_BOUND ( 'NONE', #1950, .T. ) ;
#991 = AXIS2_PLACEMENT_3D ( 'NONE', #2563, #424, #3483 ) ;
#992 = DIRECTION ( 'NONE',  ( 1.694065894508600678E-16, -0.000000000000000000, 1.000000000000000000 ) ) ;
#993 = ORIENTED_EDGE ( 'NONE', *, *, #2505, .T. ) ;
#994 = ORIENTED_EDGE ( 'NONE', *, *, #2083, .T. ) ;
#995 = FACE_OUTER_BOUND ( 'NONE', #66, .T. ) ;
#996 = DIRECTION ( 'NONE',  ( -1.000000000000000000, 0.000000000000000000, 0.000000000000000000 ) ) ;
#997 = DIRECTION ( 'NONE',  ( -1.694065894508600432E-16, -1.232595164407836146E-32, -1.000000000000000000 ) ) ;
#998 = AXIS2_PLACEMENT_3D ( 'NONE', #1367, #1117, #3230 ) ;
#999 = LINE ( 'NONE', #2859, #3673 ) ;
#1000 = ORIENTED_EDGE ( 'NONE', *, *, #1418, .F. ) ;
#1001 = ORIENTED_EDGE ( 'NONE', *, *, #1932, .F. ) ;
#1002 = VECTOR ( 'NONE', #2238, 1000.000000000000000 ) ;
#1003 = ITEM_DEFINED_TRANSFORMATION ( 'NONE', 'NONE', #3529,  #1173 ) ;
#1004 = DIRECTION ( 'NONE',  ( 1.000000000000000000, -0.000000000000000000, -0.000000000000000000 ) ) ;
#1005 = CARTESIAN_POINT ( 'NONE',  ( 0.1142264973081040802, 0.01000000000000000021, -1.935072133388376070E-17 ) ) ;
#1006 = DIRECTION ( 'NONE',  ( -1.000000000000000000, 0.000000000000000000, 0.000000000000000000 ) ) ;
#1007 = AXIS2_PLACEMENT_3D ( 'NONE', #3084, #345, #22 ) ;
#1008 = COLOUR_RGB ( '',0.2980392156862745057, 0.2980392156862745057, 0.2980392156862745057 ) ;
#1009 = EDGE_LOOP ( 'NONE', ( #373, #1678, #2275, #2517, #226, #2240, #908, #1936, #2806, #3916, #2532, #3327, #3891, #1114, #327, #518, #4, #718, #2733, #247, #3279, #1705, #1453, #1124 ) ) ;
#1010 = VERTEX_POINT ( 'NONE', #1850 ) ;
#1011 = AXIS2_PLACEMENT_3D ( 'NONE', #1581, #2503, #3704 ) ;
#1012 = CARTESIAN_POINT ( 'NONE',  ( -1.265857864376269015, 2.500000000000000000, -0.5041421356237317797 ) ) ;
#1013 = CARTESIAN_POINT ( 'NONE',  ( 0.6708578643762689309, 2.500000000000000000, -1.239999999999999991 ) ) ;
#1014 =( REPRESENTATION_RELATIONSHIP ('NONE','NONE', #695, #3423 ) REPRESENTATION_RELATIONSHIP_WITH_TRANSFORMATION ( #842 )SHAPE_REPRESENTATION_RELATIONSHIP( ) );
#1015 = VERTEX_POINT ( 'NONE', #1215 ) ;
#1016 = ORIENTED_EDGE ( 'NONE', *, *, #2874, .F. ) ;
#1017 = CARTESIAN_POINT ( 'NONE',  ( -0.08907179676972414029, 11.53356921938165236, 0.08907179676972415416 ) ) ;
#1018 = CARTESIAN_POINT ( 'NONE',  ( 0.6708578643762687088, 0.01000000000000000021, -1.239999999999999991 ) ) ;
#1019 = LINE ( 'NONE', #385, #1373 ) ;
#1020 = EDGE_CURVE ( 'NONE', #3771, #3887, #2276, .T. ) ;
#1021 = FACE_OUTER_BOUND ( 'NONE', #2228, .T. ) ;
#1022 = DIRECTION ( 'NONE',  ( 1.000000000000000000, 0.000000000000000000, 0.000000000000000000 ) ) ;
#1023 = DIRECTION ( 'NONE',  ( -1.000000000000000000, 0.000000000000000000, 1.694065894508600678E-16 ) ) ;
#1024 = AXIS2_PLACEMENT_3D ( 'NONE', #1086, #3845, #3235 ) ;
#1025 = DIRECTION ( 'NONE',  ( 0.000000000000000000, -1.000000000000000000, 4.065758146820641628E-15 ) ) ;
#1026 = ORIENTED_EDGE ( 'NONE', *, *, #3188, .T. ) ;
#1027 = EDGE_CURVE ( 'NONE', #3710, #2937, #1952, .T. ) ;
#1028 = ORIENTED_EDGE ( 'NONE', *, *, #3200, .F. ) ;
#1029 = FACE_OUTER_BOUND ( 'NONE', #237, .T. ) ;
#1030 = DIRECTION ( 'NONE',  ( 0.7071067811865530128, -0.000000000000000000, -0.7071067811865421326 ) ) ;
#1031 = VERTEX_POINT ( 'NONE', #2409 ) ;
#1032 = CARTESIAN_POINT ( 'NONE',  ( -0.6708578643762688198, 0.01000000000000002623, -1.239999999999999769 ) ) ;
#1033 = CARTESIAN_POINT ( 'NONE',  ( -0.1142264973081041912, 0.01000000000000000021, -0.1142264973081040663 ) ) ;
#1034 = CARTESIAN_POINT ( 'NONE',  ( -1.179142135623731047, 2.489999999999999769, -0.7599999999999997868 ) ) ;
#1035 = ORIENTED_EDGE ( 'NONE', *, *, #2329, .F. ) ;
#1036 = PRODUCT_DEFINITION_SHAPE ( 'NONE', 'NONE',  #3933 ) ;
#1037 = PRODUCT_DEFINITION_CONTEXT ( 'detailed design', #1863, 'design' ) ;
#1038 = ORIENTED_EDGE ( 'NONE', *, *, #526, .F. ) ;
#1039 = CARTESIAN_POINT ( 'NONE',  ( 0.1142264973081041080, 0.01000000000000000021, 0.1142264973081042190 ) ) ;
#1040 = CARTESIAN_POINT ( 'NONE',  ( -0.1142264973081032059, 11.49000000000000021, -0.1142264973081030810 ) ) ;
#1041 = CARTESIAN_POINT ( 'NONE',  ( -1.269999999999999574, 0.01000000000000002623, -0.7600000000000001199 ) ) ;
#1042 = ORIENTED_EDGE ( 'NONE', *, *, #1831, .T. ) ;
#1043 = EDGE_LOOP ( 'NONE', ( #3251, #2985, #3177, #162 ) ) ;
#1044 = DIRECTION ( 'NONE',  ( -9.389466242107283931E-15, 0.000000000000000000, -1.000000000000000000 ) ) ;
#1045 = PRODUCT_RELATED_PRODUCT_CATEGORY ( 'part', '', ( #927 ) ) ;
#1046 = DIRECTION ( 'NONE',  ( 8.470329472543003391E-17, 0.000000000000000000, 1.000000000000000000 ) ) ;
#1047 = EDGE_CURVE ( 'NONE', #2288, #3740, #3627, .T. ) ;
#1048 = EDGE_LOOP ( 'NONE', ( #394, #1394, #3555, #1096 ) ) ;
#1049 = ORIENTED_EDGE ( 'NONE', *, *, #1047, .T. ) ;
#1050 = AXIS2_PLACEMENT_3D ( 'NONE', #3328, #633, #573 ) ;
#1051 = VECTOR ( 'NONE', #2302, 1000.000000000000000 ) ;
#1052 = CARTESIAN_POINT ( 'NONE',  ( 0.3193224092811614567, 0.3452365399626488585, 0.3159672026817060275 ) ) ;
#1053 = EDGE_CURVE ( 'NONE', #554, #2979, #644, .T. ) ;
#1054 = AXIS2_PLACEMENT_3D ( 'NONE', #2298, #508, #2877 ) ;
#1055 = CYLINDRICAL_SURFACE ( 'NONE', #3226, 0.01000000000000002623 ) ;
#1056 = EDGE_CURVE ( 'NONE', #2287, #691, #2785, .T. ) ;
#1057 = CARTESIAN_POINT ( 'NONE',  ( -0.1066666666666664237, 1.113333333333333286, 0.1066666666666663682 ) ) ;
#1058 = ORIENTED_EDGE ( 'NONE', *, *, #3436, .T. ) ;
#1059 = ORIENTED_EDGE ( 'NONE', *, *, #3790, .T. ) ;
#1060 = AXIS2_PLACEMENT_3D ( 'NONE', #102, #1308, #1642 ) ;
#1061 = SURFACE_STYLE_FILL_AREA ( #771 ) ;
#1062 = CARTESIAN_POINT ( 'NONE',  ( -0.3199202969641257721, 0.3462721118061212189, 0.3112600429262815105 ) ) ;
#1063 = DIRECTION ( 'NONE',  ( 1.000000000000000000, -0.000000000000000000, -0.000000000000000000 ) ) ;
#1064 = FACE_OUTER_BOUND ( 'NONE', #2089, .T. ) ;
#1065 = VERTEX_POINT ( 'NONE', #2113 ) ;
#1066 = ORIENTED_EDGE ( 'NONE', *, *, #3365, .T. ) ;
#1067 = AXIS2_PLACEMENT_3D ( 'NONE', #1375, #2672, #801 ) ;
#1068 = DIRECTION ( 'NONE',  ( 1.000000000000000000, 0.000000000000000000, -5.706327223607941615E-15 ) ) ;
#1069 = LINE ( 'NONE', #3415, #1817 ) ;
#1070 = ORIENTED_EDGE ( 'NONE', *, *, #1080, .F. ) ;
#1071 = EDGE_CURVE ( 'NONE', #2660, #883, #1229, .T. ) ;
#1072 = ORIENTED_EDGE ( 'NONE', *, *, #1831, .F. ) ;
#1073 = VECTOR ( 'NONE', #657, 1000.000000000000000 ) ;
#1074 = AXIS2_PLACEMENT_3D ( 'NONE', #53, #639, #1531 ) ;
#1075 = DIRECTION ( 'NONE',  ( 1.694065894508600678E-16, -0.000000000000000000, 1.000000000000000000 ) ) ;
#1076 = ADVANCED_FACE ( 'NONE', ( #2444 ), #3666, .F. ) ;
#1077 = EDGE_CURVE ( 'NONE', #877, #876, #3145, .T. ) ;
#1078 = CARTESIAN_POINT ( 'NONE',  ( -0.08907179676972416804, 11.53356921938165236, -0.08907179676972404314 ) ) ;
#1079 = CARTESIAN_POINT ( 'NONE',  ( 1.175000000000000488, 0.000000000000000000, 0.7599999999999997868 ) ) ;
#1080 = EDGE_CURVE ( 'NONE', #2123, #3611, #153, .T. ) ;
#1081 = DIRECTION ( 'NONE',  ( 1.000000000000000000, 0.000000000000000000, 0.000000000000000000 ) ) ;
#1082 = DIRECTION ( 'NONE',  ( -2.710505431213871526E-15, 1.000000000000000000, -8.673617379884388882E-14 ) ) ;
#1083 = DIRECTION ( 'NONE',  ( -0.000000000000000000, 1.000000000000000000, -0.000000000000000000 ) ) ;
#1084 = DIRECTION ( 'NONE',  ( 0.000000000000000000, 0.000000000000000000, 1.000000000000000000 ) ) ;
#1085 = ORIENTED_EDGE ( 'NONE', *, *, #663, .F. ) ;
#1086 = CARTESIAN_POINT ( 'NONE',  ( 0.1850717967697235733, 0.1327076581449564696, -0.1850717967697236566 ) ) ;
#1087 = CARTESIAN_POINT ( 'NONE',  ( 1.260000000000000009, 2.490000000000000213, -3.642919299551295391E-16 ) ) ;
#1088 = ADVANCED_FACE ( 'NONE', ( #1913 ), #407, .F. ) ;
#1089 = ORIENTED_EDGE ( 'NONE', *, *, #3461, .F. ) ;
#1090 = ORIENTED_EDGE ( 'NONE', *, *, #3338, .T. ) ;
#1091 = CARTESIAN_POINT ( 'NONE',  ( 0.000000000000000000, 2.350000000000000089, 0.000000000000000000 ) ) ;
#1092 = CARTESIAN_POINT ( 'NONE',  ( 0.6708578643762693750, 0.01000000000000002623, 1.240000000000000435 ) ) ;
#1093 = DIRECTION ( 'NONE',  ( -0.7071067811865475727, 0.000000000000000000, -0.7071067811865474617 ) ) ;
#1094 = DIRECTION ( 'NONE',  ( -0.5773502691896261751, -0.5773502691896250649, 0.5773502691896261751 ) ) ;
#1095 = EDGE_CURVE ( 'NONE', #1549, #2712, #458, .T. ) ;
#1096 = ORIENTED_EDGE ( 'NONE', *, *, #3629, .F. ) ;
#1097 = EDGE_CURVE ( 'NONE', #2362, #1949, #1734, .T. ) ;
#1098 = DIRECTION ( 'NONE',  ( 0.000000000000000000, 0.000000000000000000, -1.000000000000000000 ) ) ;
#1099 = CARTESIAN_POINT ( 'NONE',  ( 0.3199202969641257721, 0.3462721118061212744, 0.3112600429262813440 ) ) ;
#1100 = CARTESIAN_POINT ( 'NONE',  ( 1.175000000000000488, 2.350000000000000089, 0.4999999999999991673 ) ) ;
#1101 = FACE_OUTER_BOUND ( 'NONE', #1958, .T. ) ;
#1102 = ORIENTED_EDGE ( 'NONE', *, *, #3874, .T. ) ;
#1103 = ORIENTED_EDGE ( 'NONE', *, *, #928, .F. ) ;
#1104 = PRODUCT_DEFINITION_SHAPE ( 'NONE', 'NONE',  #3934 ) ;
#1105 = DIRECTION ( 'NONE',  ( 1.000000000000000000, 0.000000000000000000, 0.000000000000000000 ) ) ;
#1106 = LINE ( 'NONE', #1432, #2587 ) ;
#1107 = ORIENTED_EDGE ( 'NONE', *, *, #211, .T. ) ;
#1108 = ORIENTED_EDGE ( 'NONE', *, *, #2874, .T. ) ;
#1109 = CARTESIAN_POINT ( 'NONE',  ( -0.3200000000000000622, 2.495857864376268331, 0.3199999999999999512 ) ) ;
#1110 = DIRECTION ( 'NONE',  ( 0.000000000000000000, 0.000000000000000000, 1.000000000000000000 ) ) ;
#1111 =( GEOMETRIC_REPRESENTATION_CONTEXT ( 3 ) GLOBAL_UNCERTAINTY_ASSIGNED_CONTEXT ( ( #2822 ) ) GLOBAL_UNIT_ASSIGNED_CONTEXT ( ( #2513, #2533, #64 ) ) REPRESENTATION_CONTEXT ( 'NONE', 'WORKASPACE' ) );
#1112 = DIRECTION ( 'NONE',  ( 1.000000000000000000, -0.000000000000000000, 0.000000000000000000 ) ) ;
#1113 = CARTESIAN_POINT ( 'NONE',  ( 0.1142264973081030949, 11.49000000000000021, 0.1142264973081031781 ) ) ;
#1114 = ORIENTED_EDGE ( 'NONE', *, *, #1095, .T. ) ;
#1115 = SURFACE_STYLE_USAGE ( .BOTH. , #2057 ) ;
#1116 = CARTESIAN_POINT ( 'NONE',  ( -0.6749999999999997113, 2.490000000000000213, -1.249999999999999778 ) ) ;
#1117 = DIRECTION ( 'NONE',  ( -0.000000000000000000, 1.000000000000000000, -0.000000000000000000 ) ) ;
#1118 = LINE ( 'NONE', #2022, #167 ) ;
#1119 = ORIENTED_EDGE ( 'NONE', *, *, #717, .F. ) ;
#1120 = AXIS2_PLACEMENT_3D ( 'NONE', #986, #1858, #634 ) ;
#1121 = EDGE_CURVE ( 'NONE', #1612, #1183, #1399, .T. ) ;
#1122 = DIRECTION ( 'NONE',  ( -0.7071067811865477948, 0.000000000000000000, -0.7071067811865473507 ) ) ;
#1123 = CIRCLE ( 'NONE', #2966, 0.01000000000000002623 ) ;
#1124 = ORIENTED_EDGE ( 'NONE', *, *, #3629, .T. ) ;
#1125 = VECTOR ( 'NONE', #277, 1000.000000000000000 ) ;
#1126 = ORIENTED_EDGE ( 'NONE', *, *, #3485, .F. ) ;
#1127 = ADVANCED_FACE ( 'NONE', ( #3262 ), #1153, .F. ) ;
#1128 = DIRECTION ( 'NONE',  ( 0.000000000000000000, 0.000000000000000000, -1.000000000000000000 ) ) ;
#1129 = DIRECTION ( 'NONE',  ( 0.000000000000000000, -0.4999999999999844569, 0.8660254037844475894 ) ) ;
#1130 = AXIS2_PLACEMENT_3D ( 'NONE', #626, #1252, #3644 ) ;
#1131 = CIRCLE ( 'NONE', #3107, 0.01000000000000002623 ) ;
#1132 = DIRECTION ( 'NONE',  ( -2.891205793294678819E-16, -0.000000000000000000, -1.000000000000000000 ) ) ;
#1133 = SPHERICAL_SURFACE ( 'NONE', #3092, 0.01000000000000000021 ) ;
#1134 = AXIS2_PLACEMENT_3D ( 'NONE', #1013, #3453, #3501 ) ;
#1135 = CARTESIAN_POINT ( 'NONE',  ( -1.270000000000000240, 2.495857864376268775, 0.7500000000000007772 ) ) ;
#1136 = ORIENTED_EDGE ( 'NONE', *, *, #54, .F. ) ;
#1137 =( NAMED_UNIT ( * ) SI_UNIT ( $, .STERADIAN. ) SOLID_ANGLE_UNIT ( ) );
#1138 = CARTESIAN_POINT ( 'NONE',  ( 0.1142264973081041080, 0.000000000000000000, 0.1142264973081042190 ) ) ;
#1139 = CARTESIAN_POINT ( 'NONE',  ( 0.6708578643762684868, 2.500000000000000000, -1.239999999999999991 ) ) ;
#1140 = DIRECTION ( 'NONE',  ( 0.000000000000000000, 0.000000000000000000, -1.000000000000000000 ) ) ;
#1141 = ORIENTED_EDGE ( 'NONE', *, *, #2282, .F. ) ;
#1142 = AXIS2_PLACEMENT_3D ( 'NONE', #1818, #2138, #3024 ) ;
#1143 = EDGE_CURVE ( 'NONE', #1726, #1433, #1972, .T. ) ;
#1144 = SURFACE_SIDE_STYLE ('',( #3532 ) ) ;
#1145 = LINE ( 'NONE', #2086, #1073 ) ;
#1146 = DIRECTION ( 'NONE',  ( -0.7071067811865473507, 0.000000000000000000, 0.7071067811865477948 ) ) ;
#1147 = ORIENTED_EDGE ( 'NONE', *, *, #349, .T. ) ;
#1148 = EDGE_CURVE ( 'NONE', #2201, #2123, #2359, .T. ) ;
#1149 = ORIENTED_EDGE ( 'NONE', *, *, #1741, .F. ) ;
#1150 = LINE ( 'NONE', #519, #1624 ) ;
#1151 = ORIENTED_EDGE ( 'NONE', *, *, #3660, .T. ) ;
#1152 = DIRECTION ( 'NONE',  ( 0.000000000000000000, 1.000000000000000000, 0.000000000000000000 ) ) ;
#1153 = PLANE ( 'NONE',  #2386 ) ;
#1154 = CARTESIAN_POINT ( 'NONE',  ( 1.265857864376269237, 2.500000000000000000, 0.5041421356237296703 ) ) ;
#1155 = ORIENTED_EDGE ( 'NONE', *, *, #404, .F. ) ;
#1156 = CARTESIAN_POINT ( 'NONE',  ( -0.6779289321881342145, 2.500000000000000000, 1.247071067811866163 ) ) ;
#1157 = DIRECTION ( 'NONE',  ( -2.891205793294678819E-16, 0.000000000000000000, -1.000000000000000000 ) ) ;
#1158 = DIRECTION ( 'NONE',  ( 0.000000000000000000, -1.000000000000000000, 0.000000000000000000 ) ) ;
#1159 = ORIENTED_EDGE ( 'NONE', *, *, #3654, .F. ) ;
#1160 = CARTESIAN_POINT ( 'NONE',  ( -1.150857864376268580, 0.000000000000000000, -0.7600000000000001199 ) ) ;
#1161 = DIRECTION ( 'NONE',  ( -1.000000000000000000, 0.000000000000000000, 0.000000000000000000 ) ) ;
#1162 = ORIENTED_EDGE ( 'NONE', *, *, #93, .T. ) ;
#1163 = CARTESIAN_POINT ( 'NONE',  ( 0.3199202969641256056, 0.3462721118061212189, -0.3112600429262813440 ) ) ;
#1164 = EDGE_LOOP ( 'NONE', ( #2319, #2852, #1188, #2460 ) ) ;
#1165 = DIRECTION ( 'NONE',  ( 0.000000000000000000, 0.7071067811865483499, 0.7071067811865466846 ) ) ;
#1166 = DIRECTION ( 'NONE',  ( 0.000000000000000000, 0.000000000000000000, -1.000000000000000000 ) ) ;
#1167 = ADVANCED_FACE ( 'NONE', ( #3879 ), #2681, .T. ) ;
#1168 = DIRECTION ( 'NONE',  ( 0.000000000000000000, 0.000000000000000000, 1.000000000000000000 ) ) ;
#1169 = ADVANCED_FACE ( 'NONE', ( #2016 ), #830, .T. ) ;
#1170 = ORIENTED_EDGE ( 'NONE', *, *, #1472, .F. ) ;
#1171 = VERTEX_POINT ( 'NONE', #172 ) ;
#1172 = ORIENTED_EDGE ( 'NONE', *, *, #3680, .T. ) ;
#1173 = AXIS2_PLACEMENT_3D ( 'NONE', #2688, #3211, #257 ) ;
#1174 = CARTESIAN_POINT ( 'NONE',  ( -0.3112600429262814550, 0.3462721118061212189, -0.3199202969641256611 ) ) ;
#1175 = VERTEX_POINT ( 'NONE', #850 ) ;
#1176 =( BOUNDED_CURVE ( )  B_SPLINE_CURVE ( 3, ( #1163, #2373, #806, #2314 ),
 .UNSPECIFIED., .F., .T. ) 
 B_SPLINE_CURVE_WITH_KNOTS ( ( 4, 4 ),
 ( 5.624127271420887197, 6.942243342938290596 ),
 .UNSPECIFIED. ) 
 CURVE ( )  GEOMETRIC_REPRESENTATION_ITEM ( )  RATIONAL_B_SPLINE_CURVE ( ( 1.000000000000000000, 0.8603796100557046245, 0.8603796100557046245, 1.000000000000000000 ) ) 
 REPRESENTATION_ITEM ( '' )  );
#1177 = AXIS2_PLACEMENT_3D ( 'NONE', #2682, #1443, #1497 ) ;
#1178 =( NAMED_UNIT ( * ) SI_UNIT ( $, .STERADIAN. ) SOLID_ANGLE_UNIT ( ) );
#1179 = FACE_OUTER_BOUND ( 'NONE', #514, .T. ) ;
#1180 = DIRECTION ( 'NONE',  ( 0.7071067811865477948, -0.000000000000000000, -0.7071067811865473507 ) ) ;
#1181 = EDGE_LOOP ( 'NONE', ( #2387, #2438, #2001, #3679 ) ) ;
#1182 = AXIS2_PLACEMENT_3D ( 'NONE', #2040, #3267, #1720 ) ;
#1183 = VERTEX_POINT ( 'NONE', #2641 ) ;
#1184 = PLANE ( 'NONE',  #459 ) ;
#1185 = CIRCLE ( 'NONE', #2393, 0.01000000000000002623 ) ;
#1186 = EDGE_CURVE ( 'NONE', #2959, #3185, #545, .T. ) ;
#1187 = CARTESIAN_POINT ( 'NONE',  ( 0.3099999999999999978, 11.50000000000000000, 0.3100000000000000533 ) ) ;
#1188 = ORIENTED_EDGE ( 'NONE', *, *, #1053, .T. ) ;
#1189 = SPHERICAL_SURFACE ( 'NONE', #46, 0.01000000000000000021 ) ;
#1190 = AXIS2_PLACEMENT_3D ( 'NONE', #3705, #3342, #1816 ) ;
#1191 = DIRECTION ( 'NONE',  ( 0.7071067811865474617, 0.000000000000000000, -0.7071067811865474617 ) ) ;
#1192 = EDGE_LOOP ( 'NONE', ( #139, #242, #471 ) ) ;
#1193 = ADVANCED_FACE ( 'NONE', ( #3201 ), #1133, .T. ) ;
#1194 = EDGE_CURVE ( 'NONE', #769, #88, #1846, .T. ) ;
#1195 = CIRCLE ( 'NONE', #2331, 0.01000000000000002623 ) ;
#1196 = DIRECTION ( 'NONE',  ( 0.000000000000000000, 0.000000000000000000, 1.000000000000000000 ) ) ;
#1197 = DIRECTION ( 'NONE',  ( 0.7071067811865475727, 0.000000000000000000, -0.7071067811865475727 ) ) ;
#1198 = CARTESIAN_POINT ( 'NONE',  ( 1.179142135623730825, 2.490000000000000213, -0.7400000000000001021 ) ) ;
#1199 = ORIENTED_EDGE ( 'NONE', *, *, #3170, .F. ) ;
#1200 = ADVANCED_FACE ( 'NONE', ( #2050 ), #1993, .T. ) ;
#1201 = DIRECTION ( 'NONE',  ( 1.000000000000000000, 0.000000000000000000, 0.000000000000000000 ) ) ;
#1202 = CONTEXT_DEPENDENT_SHAPE_REPRESENTATION ( #1992, #599 ) ;
#1203 = VECTOR ( 'NONE', #2894, 1000.000000000000000 ) ;
#1204 = DIRECTION ( 'NONE',  ( 2.168404344971008868E-16, 0.000000000000000000, 1.000000000000000000 ) ) ;
#1205 = CARTESIAN_POINT ( 'NONE',  ( -0.3199733969465144989, 0.3463640836734995232, -0.3108419876365758339 ) ) ;
#1206 = ORIENTED_EDGE ( 'NONE', *, *, #1643, .T. ) ;
#1207 = ORIENTED_EDGE ( 'NONE', *, *, #1047, .F. ) ;
#1208 = CIRCLE ( 'NONE', #2278, 0.01000000000000000194 ) ;
#1209 = DIRECTION ( 'NONE',  ( -1.000000000000000000, -0.000000000000000000, -1.141265444721588244E-15 ) ) ;
#1210 = ORIENTED_EDGE ( 'NONE', *, *, #3556, .F. ) ;
#1211 = ORIENTED_EDGE ( 'NONE', *, *, #1071, .T. ) ;
#1212 = LINE ( 'NONE', #2421, #2315 ) ;
#1213 = CARTESIAN_POINT ( 'NONE',  ( 1.175000000000000044, 0.004142135623730936606, -0.7500000000000001110 ) ) ;
#1214 = DIRECTION ( 'NONE',  ( -0.4472135954999578722, 0.7745966692414834043, -0.4472135954999578722 ) ) ;
#1215 = CARTESIAN_POINT ( 'NONE',  ( 0.3200000000000000067, 11.15358983848622287, 0.3100000000000000533 ) ) ;
#1216 = DIRECTION ( 'NONE',  ( 1.694065894508600678E-16, -0.000000000000000000, 1.000000000000000000 ) ) ;
#1217 = EDGE_CURVE ( 'NONE', #2565, #1223, #786, .T. ) ;
#1218 = VERTEX_POINT ( 'NONE', #2631 ) ;
#1219 = EDGE_CURVE ( 'NONE', #1015, #2419, #2133, .T. ) ;
#1220 = FACE_OUTER_BOUND ( 'NONE', #2141, .T. ) ;
#1221 = EDGE_CURVE ( 'NONE', #1175, #2334, #1212, .T. ) ;
#1222 = CARTESIAN_POINT ( 'NONE',  ( -0.3200000000000000067, 11.15358983848622287, 0.3104214140871992544 ) ) ;
#1223 = VERTEX_POINT ( 'NONE', #1790 ) ;
#1224 = DIRECTION ( 'NONE',  ( -0.8660254037844434816, 0.4999999999999915068, 0.000000000000000000 ) ) ;
#1225 = ORIENTED_EDGE ( 'NONE', *, *, #1666, .F. ) ;
#1226 = FACE_OUTER_BOUND ( 'NONE', #3140, .T. ) ;
#1227 = LINE ( 'NONE', #625, #1860 ) ;
#1228 = FACE_OUTER_BOUND ( 'NONE', #680, .T. ) ;
#1229 = LINE ( 'NONE', #1535, #1633 ) ;
#1230 = DIRECTION ( 'NONE',  ( -0.7071067811865473507, -0.000000000000000000, 0.7071067811865477948 ) ) ;
#1231 = PRODUCT_DEFINITION_CONTEXT ( 'detailed design', #2735, 'design' ) ;
#1232 = VERTEX_POINT ( 'NONE', #912 ) ;
#1233 = AXIS2_PLACEMENT_3D ( 'NONE', #1857, #3312, #3093 ) ;
#1234 = AXIS2_PLACEMENT_3D ( 'NONE', #1481, #2724, #3325 ) ;
#1235 = CARTESIAN_POINT ( 'NONE',  ( 2.540000000000000480, -2.200000000000000622, -8.441811648614345412E-16 ) ) ;
#1236 = DIRECTION ( 'NONE',  ( 1.694065894508600678E-16, -0.000000000000000000, 1.000000000000000000 ) ) ;
#1237 = DIRECTION ( 'NONE',  ( 4.336808689942016257E-16, 0.000000000000000000, 1.000000000000000000 ) ) ;
#1238 = VECTOR ( 'NONE', #3245, 1000.000000000000000 ) ;
#1239 = EDGE_LOOP ( 'NONE', ( #1136, #3257, #3446, #1001 ) ) ;
#1240 = EDGE_CURVE ( 'NONE', #1924, #30, #1532, .T. ) ;
#1241 = EDGE_LOOP ( 'NONE', ( #3209, #3626, #2248, #1351, #313, #2994 ) ) ;
#1242 = PRODUCT_DEFINITION_SHAPE ( 'NONE', 'NONE',  #873 ) ;
#1243 = EDGE_CURVE ( 'NONE', #3576, #1612, #2697, .T. ) ;
#1244 = SURFACE_STYLE_USAGE ( .BOTH. , #1363 ) ;
#1245 = CARTESIAN_POINT ( 'NONE',  ( 0.1142264973081032059, 11.49000000000000021, 0.1142264973081031781 ) ) ;
#1246 = ORIENTED_EDGE ( 'NONE', *, *, #3780, .F. ) ;
#1247 = ADVANCED_FACE ( 'NONE', ( #1847 ), #2109, .T. ) ;
#1248 = AXIS2_PLACEMENT_3D ( 'NONE', #1712, #2940, #208 ) ;
#1249 = CARTESIAN_POINT ( 'NONE',  ( 1.179142135623730825, -1.503005322678532707, -0.7500000000000001110 ) ) ;
#1250 = AXIS2_PLACEMENT_3D ( 'NONE', #705, #1852, #408 ) ;
#1251 = CARTESIAN_POINT ( 'NONE',  ( -1.175000000000000044, 2.495857864376268331, 0.4999999999999991673 ) ) ;
#1252 = DIRECTION ( 'NONE',  ( -0.7071067811865477948, 0.000000000000000000, 0.7071067811865473507 ) ) ;
#1253 = AXIS2_PLACEMENT_3D ( 'NONE', #29, #316, #3696 ) ;
#1254 = DIRECTION ( 'NONE',  ( -0.8660254037844374864, 0.5000000000000019984, 1.467104100329255226E-16 ) ) ;
#1255 = CARTESIAN_POINT ( 'NONE',  ( -1.269999999999999574, 2.490000000000000213, 0.4999999999999990563 ) ) ;
#1256 = AXIS2_PLACEMENT_3D ( 'NONE', #3863, #655, #1266 ) ;
#1257 = DIRECTION ( 'NONE',  ( -0.000000000000000000, 1.000000000000000000, -0.000000000000000000 ) ) ;
#1258 = ORIENTED_EDGE ( 'NONE', *, *, #3381, .F. ) ;
#1259 = VECTOR ( 'NONE', #1204, 1000.000000000000000 ) ;
#1260 = DIRECTION ( 'NONE',  ( 0.000000000000000000, 0.000000000000000000, 1.000000000000000000 ) ) ;
#1261 = CARTESIAN_POINT ( 'NONE',  ( -1.991719546491890275E-16, 2.490000000000000213, -1.239999999999999769 ) ) ;
#1262 = AXIS2_PLACEMENT_3D ( 'NONE', #2500, #3716, #2833 ) ;
#1263 = CARTESIAN_POINT ( 'NONE',  ( 0.9554289321881350716, 2.500000000000000000, 0.9554289321881346275 ) ) ;
#1264 =( REPRESENTATION_RELATIONSHIP ('NONE','NONE', #695, #3423 ) REPRESENTATION_RELATIONSHIP_WITH_TRANSFORMATION ( #2710 )SHAPE_REPRESENTATION_RELATIONSHIP( ) );
#1265 = ORIENTED_EDGE ( 'NONE', *, *, #2175, .T. ) ;
#1266 = DIRECTION ( 'NONE',  ( 0.000000000000000000, 0.000000000000000000, -1.000000000000000000 ) ) ;
#1267 = CARTESIAN_POINT ( 'NONE',  ( -1.164999999999999813, 2.500000000000000000, 0.7458578643762696636 ) ) ;
#1268 = EDGE_CURVE ( 'NONE', #3358, #3576, #3043, .T. ) ;
#1269 = ORIENTED_EDGE ( 'NONE', *, *, #2491, .T. ) ;
#1270 = EDGE_CURVE ( 'NONE', #3333, #2959, #872, .T. ) ;
#1271 = APPLICATION_CONTEXT ( 'automotive_design' ) ;
#1272 = CYLINDRICAL_SURFACE ( 'NONE', #1318, 0.01000000000000002623 ) ;
#1273 = CARTESIAN_POINT ( 'NONE',  ( 1.175000000000000711, 0.004142135623730927065, 0.7499999999999997780 ) ) ;
#1274 = DIRECTION ( 'NONE',  ( -0.4472135954999593710, 0.7745966692414816279, -0.4472135954999593155 ) ) ;
#1275 = LINE ( 'NONE', #2425, #1319 ) ;
#1276 = DIRECTION ( 'NONE',  ( 0.7071067811865475727, -0.000000000000000000, -0.7071067811865475727 ) ) ;
#1277 = FACE_OUTER_BOUND ( 'NONE', #777, .T. ) ;
#1278 = ORIENTED_EDGE ( 'NONE', *, *, #100, .F. ) ;
#1279 = APPLICATION_PROTOCOL_DEFINITION ( 'draft international standard', 'automotive_design', 1998, #3713 ) ;
#1280 = VERTEX_POINT ( 'NONE', #3687 ) ;
#1281 = VERTEX_POINT ( 'NONE', #1832 ) ;
#1282 =( BOUNDED_CURVE ( )  B_SPLINE_CURVE ( 3, ( #1703, #1977, #2881, #432 ),
 .UNSPECIFIED., .F., .T. ) 
 B_SPLINE_CURVE_WITH_KNOTS ( ( 4, 4 ),
 ( 0.000000000000000000, 1.570796326794896558 ),
 .UNSPECIFIED. ) 
 CURVE ( )  GEOMETRIC_REPRESENTATION_ITEM ( )  RATIONAL_B_SPLINE_CURVE ( ( 1.000000000000000000, 0.8047378541243649375, 0.8047378541243649375, 1.000000000000000000 ) ) 
 REPRESENTATION_ITEM ( '' )  );
#1283 = CARTESIAN_POINT ( 'NONE',  ( 1.269999999999999796, 2.489999999999999769, -0.7500000000000001110 ) ) ;
#1284 = ORIENTED_EDGE ( 'NONE', *, *, #1621, .T. ) ;
#1285 = CARTESIAN_POINT ( 'NONE',  ( -0.08907179676972420967, 11.53856921938165137, 0.09773205080756851293 ) ) ;
#1286 = LINE ( 'NONE', #2546, #3032 ) ;
#1287 = VERTEX_POINT ( 'NONE', #20 ) ;
#1288 = ORIENTED_EDGE ( 'NONE', *, *, #1577, .T. ) ;
#1289 = DIRECTION ( 'NONE',  ( 0.000000000000000000, 0.000000000000000000, 1.000000000000000000 ) ) ;
#1290 = CARTESIAN_POINT ( 'NONE',  ( -0.9554289321881342945, 2.500000000000000000, -0.9554289321881349606 ) ) ;
#1291 = VERTEX_POINT ( 'NONE', #3622 ) ;
#1292 = DIRECTION ( 'NONE',  ( 0.000000000000000000, -1.000000000000000000, 0.000000000000000000 ) ) ;
#1293 = CARTESIAN_POINT ( 'NONE',  ( -0.6708578643762688198, 2.490000000000000213, 1.240000000000000657 ) ) ;
#1294 = DIRECTION ( 'NONE',  ( 0.000000000000000000, -1.000000000000000000, 0.000000000000000000 ) ) ;
#1295 = ORIENTED_EDGE ( 'NONE', *, *, #3172, .F. ) ;
#1296 =( BOUNDED_CURVE ( )  B_SPLINE_CURVE ( 3, ( #1826, #3352, #1205, #576 ),
 .UNSPECIFIED., .F., .T. ) 
 B_SPLINE_CURVE_WITH_KNOTS ( ( 4, 4 ),
 ( 3.141592653589793116, 3.267932781228569006 ),
 .UNSPECIFIED. ) 
 CURVE ( )  GEOMETRIC_REPRESENTATION_ITEM ( )  RATIONAL_B_SPLINE_CURVE ( ( 1.000000000000000000, 0.9986702899464854344, 0.9986702899464854344, 1.000000000000000000 ) ) 
 REPRESENTATION_ITEM ( '' )  );
#1297 = ORIENTED_EDGE ( 'NONE', *, *, #526, .T. ) ;
#1298 = DIRECTION ( 'NONE',  ( -0.000000000000000000, 1.000000000000000000, -0.000000000000000000 ) ) ;
#1299 = EDGE_CURVE ( 'NONE', #1974, #877, #232, .T. ) ;
#1300 = CARTESIAN_POINT ( 'NONE',  ( 1.175000000000000488, 2.490000000000000213, 0.7500000000000001110 ) ) ;
#1301 = CARTESIAN_POINT ( 'NONE',  ( 0.3099999999999999978, 11.15358983848622287, 0.3200000000000000622 ) ) ;
#1302 = VECTOR ( 'NONE', #2495, 999.9999999999998863 ) ;
#1303 = ADVANCED_FACE ( 'NONE', ( #1226 ), #2439, .T. ) ;
#1304 = DIRECTION ( 'NONE',  ( -1.694065894508600678E-16, 0.000000000000000000, -1.000000000000000000 ) ) ;
#1305 = ORIENTED_EDGE ( 'NONE', *, *, #1143, .F. ) ;
#1306 = ORIENTED_EDGE ( 'NONE', *, *, #555, .T. ) ;
#1307 = FACE_OUTER_BOUND ( 'NONE', #3136, .T. ) ;
#1308 = DIRECTION ( 'NONE',  ( -1.000000000000000000, 1.355252715606880937E-15, -7.824555201756080460E-16 ) ) ;
#1309 = CARTESIAN_POINT ( 'NONE',  ( -0.1142264973081041635, 0.009999999999999998473, 0.1142264973081041773 ) ) ;
#1310 = AXIS2_PLACEMENT_3D ( 'NONE', #2975, #258, #861 ) ;
#1311 = PRESENTATION_LAYER_ASSIGNMENT (  '', '', ( #295 ) ) ;
#1312 = EDGE_LOOP ( 'NONE', ( #2560, #444, #2615, #2108 ) ) ;
#1313 = ORIENTED_EDGE ( 'NONE', *, *, #950, .F. ) ;
#1314 = CIRCLE ( 'NONE', #1442, 0.01000000000000001409 ) ;
#1315 = DIRECTION ( 'NONE',  ( 0.000000000000000000, -0.000000000000000000, -1.000000000000000000 ) ) ;
#1316 = CARTESIAN_POINT ( 'NONE',  ( -1.179142135623731047, -1.503005322678532707, -0.7599999999999997868 ) ) ;
#1317 = VERTEX_POINT ( 'NONE', #1495 ) ;
#1318 = AXIS2_PLACEMENT_3D ( 'NONE', #2838, #3779, #2523 ) ;
#1319 = VECTOR ( 'NONE', #3307, 1000.000000000000000 ) ;
#1320 = DIRECTION ( 'NONE',  ( 1.000000000000000000, 0.000000000000000000, -5.706327223607941615E-15 ) ) ;
#1321 = FACE_OUTER_BOUND ( 'NONE', #2867, .T. ) ;
#1322 = DIRECTION ( 'NONE',  ( -1.694065894508600678E-16, 0.000000000000000000, -1.000000000000000000 ) ) ;
#1323 = ORIENTED_EDGE ( 'NONE', *, *, #1056, .F. ) ;
#1324 = FACE_OUTER_BOUND ( 'NONE', #985, .T. ) ;
#1325 = CARTESIAN_POINT ( 'NONE',  ( -0.3199202969641258831, 11.15372788819387395, -0.3112600429262804558 ) ) ;
#1326 = EDGE_CURVE ( 'NONE', #230, #2106, #662, .T. ) ;
#1327 = CARTESIAN_POINT ( 'NONE',  ( 0.3193224092811616233, 11.15476346003734598, -0.3159672026817065826 ) ) ;
#1328 = CARTESIAN_POINT ( 'NONE',  ( -0.3217320508075690033, 0.3494101615137729655, -0.3130717967697244641 ) ) ;
#1329 = ADVANCED_FACE ( 'NONE', ( #2719 ), #1189, .T. ) ;
#1330 = EDGE_LOOP ( 'NONE', ( #1521, #3531, #3440, #3160 ) ) ;
#1331 = VERTEX_POINT ( 'NONE', #2752 ) ;
#1332 = EDGE_CURVE ( 'NONE', #1890, #3386, #3730, .T. ) ;
#1333 = CARTESIAN_POINT ( 'NONE',  ( 1.179142135623730825, 2.500000000000000000, -0.7600000000000001199 ) ) ;
#1334 = CYLINDRICAL_SURFACE ( 'NONE', #3865, 0.01000000000000002623 ) ;
#1335 = ORIENTED_EDGE ( 'NONE', *, *, #1466, .F. ) ;
#1336 = ORIENTED_EDGE ( 'NONE', *, *, #641, .F. ) ;
#1337 = LINE ( 'NONE', #2235, #2015 ) ;
#1338 = EDGE_CURVE ( 'NONE', #1549, #1783, #2457, .T. ) ;
#1339 = LINE ( 'NONE', #2197, #111 ) ;
#1340 = DIRECTION ( 'NONE',  ( 0.7071067811865475727, 0.000000000000000000, 0.7071067811865474617 ) ) ;
#1341 = ORIENTED_EDGE ( 'NONE', *, *, #95, .F. ) ;
#1342 = VERTEX_POINT ( 'NONE', #3321 ) ;
#1343 = ITEM_DEFINED_TRANSFORMATION ( 'NONE', 'NONE', #1795,  #1173 ) ;
#1344 = DIRECTION ( 'NONE',  ( -1.000000000000000000, 0.000000000000000000, 0.000000000000000000 ) ) ;
#1345 = CARTESIAN_POINT ( 'NONE',  ( 1.270000000000000240, -1.503005322678532707, 0.7500000000000001110 ) ) ;
#1346 = EDGE_CURVE ( 'NONE', #3775, #68, #3738, .T. ) ;
#1347 = ORIENTED_EDGE ( 'NONE', *, *, #1240, .F. ) ;
#1348 = ORIENTED_EDGE ( 'NONE', *, *, #211, .F. ) ;
#1349 = PLANE ( 'NONE',  #2908 ) ;
#1350 = CARTESIAN_POINT ( 'NONE',  ( 0.3200000000000000067, 0.3464101615137729628, 0.3100000000000000533 ) ) ;
#1351 = ORIENTED_EDGE ( 'NONE', *, *, #2535, .T. ) ;
#1352 = ADVANCED_FACE ( 'NONE', ( #3743 ), #3442, .F. ) ;
#1353 = EDGE_CURVE ( 'NONE', #1655, #795, #89, .T. ) ;
#1354 = ORIENTED_EDGE ( 'NONE', *, *, #1194, .F. ) ;
#1355 = CARTESIAN_POINT ( 'NONE',  ( 0.1142264973081040663, 0.01000000000000000021, -0.1142264973081040941 ) ) ;
#1356 = VECTOR ( 'NONE', #1976, 1000.000000000000000 ) ;
#1357 = VECTOR ( 'NONE', #21, 1000.000000000000000 ) ;
#1358 = PLANE ( 'NONE',  #3603 ) ;
#1359 = AXIS2_PLACEMENT_3D ( 'NONE', #1813, #3019, #3898 ) ;
#1360 = AXIS2_PLACEMENT_3D ( 'NONE', #484, #2619, #3836 ) ;
#1361 = CARTESIAN_POINT ( 'NONE',  ( -1.265857864376269459, 2.500000000000000000, 0.7458578643762698857 ) ) ;
#1362 = VECTOR ( 'NONE', #179, 999.9999999999998863 ) ;
#1363 = SURFACE_SIDE_STYLE ('',( #1061 ) ) ;
#1364 = ADVANCED_FACE ( 'NONE', ( #2562 ), #664, .T. ) ;
#1365 = DIRECTION ( 'NONE',  ( 1.000000000000000000, 0.000000000000000000, -1.606225440719265874E-16 ) ) ;
#1366 = AXIS2_PLACEMENT_3D ( 'NONE', #1772, #251, #1457 ) ;
#1367 = CARTESIAN_POINT ( 'NONE',  ( -1.179142135623731047, 2.500000000000000000, -0.7599999999999997868 ) ) ;
#1368 = AXIS2_PLACEMENT_3D ( 'NONE', #1564, #1636, #2847 ) ;
#1369 = FACE_OUTER_BOUND ( 'NONE', #3005, .T. ) ;
#1370 = ORIENTED_EDGE ( 'NONE', *, *, #1615, .T. ) ;
#1371 = EDGE_LOOP ( 'NONE', ( #132, #220, #256 ) ) ;
#1372 = CARTESIAN_POINT ( 'NONE',  ( -1.179142135623730825, 0.5000000000000000000, 0.7499999999999997780 ) ) ;
#1373 = VECTOR ( 'NONE', #1598, 1000.000000000000000 ) ;
#1374 = COLOUR_RGB ( '',0.9686274509803921573, 0.8784313725490195957, 0.5999999999999999778 ) ;
#1375 = CARTESIAN_POINT ( 'NONE',  ( -0.6679289321881342056, 0.01000000000000002623, 1.242928932188135160 ) ) ;
#1376 = ORIENTED_EDGE ( 'NONE', *, *, #1466, .T. ) ;
#1377 = ORIENTED_EDGE ( 'NONE', *, *, #1299, .F. ) ;
#1378 = AXIS2_PLACEMENT_3D ( 'NONE', #1018, #2753, #38 ) ;
#1379 = EDGE_CURVE ( 'NONE', #2307, #759, #2261, .T. ) ;
#1380 = ADVANCED_FACE ( 'NONE', ( #2194 ), #744, .T. ) ;
#1381 = EDGE_CURVE ( 'NONE', #750, #2231, #3703, .T. ) ;
#1382 = CARTESIAN_POINT ( 'NONE',  ( 1.179142135623731491, 0.5000000000000000000, 0.7600000000000001199 ) ) ;
#1383 = DIRECTION ( 'NONE',  ( 0.000000000000000000, -1.000000000000000000, -8.538092108323695779E-14 ) ) ;
#1384 = LINE ( 'NONE', #832, #2888 ) ;
#1385 = ITEM_DEFINED_TRANSFORMATION ( 'NONE', 'NONE', #2511,  #1173 ) ;
#1386 = CYLINDRICAL_SURFACE ( 'NONE', #1387, 0.01000000000000001409 ) ;
#1387 = AXIS2_PLACEMENT_3D ( 'NONE', #2301, #3524, #1996 ) ;
#1388 = CARTESIAN_POINT ( 'NONE',  ( -0.3200000000000001177, 2.490000000000000213, -0.3300000000000001266 ) ) ;
#1389 = CARTESIAN_POINT ( 'NONE',  ( -0.6749999999999997113, 2.500000000000000000, 1.250000000000000666 ) ) ;
#1390 = ORIENTED_EDGE ( 'NONE', *, *, #213, .F. ) ;
#1391 = ORIENTED_EDGE ( 'NONE', *, *, #2676, .F. ) ;
#1392 = CARTESIAN_POINT ( 'NONE',  ( -0.6779289321881342145, 2.490000000000000213, 1.247071067811866163 ) ) ;
#1393 = FACE_OUTER_BOUND ( 'NONE', #2848, .T. ) ;
#1394 = ORIENTED_EDGE ( 'NONE', *, *, #2054, .F. ) ;
#1395 = ORIENTED_EDGE ( 'NONE', *, *, #957, .T. ) ;
#1396 = FACE_OUTER_BOUND ( 'NONE', #648, .T. ) ;
#1397 = DIRECTION ( 'NONE',  ( 0.000000000000000000, -0.000000000000000000, 1.000000000000000000 ) ) ;
#1398 = CARTESIAN_POINT ( 'NONE',  ( 0.3199999999999998956, 0.000000000000000000, -0.3200000000000000622 ) ) ;
#1399 = LINE ( 'NONE', #252, #2639 ) ;
#1400 =( BOUNDED_CURVE ( )  B_SPLINE_CURVE ( 3, ( #2952, #1687, #2024, #1707 ),
 .UNSPECIFIED., .F., .T. ) 
 B_SPLINE_CURVE_WITH_KNOTS ( ( 4, 4 ),
 ( 6.156845179540893831, 6.283185307179586232 ),
 .UNSPECIFIED. ) 
 CURVE ( )  GEOMETRIC_REPRESENTATION_ITEM ( )  RATIONAL_B_SPLINE_CURVE ( ( 1.000000000000000000, 0.9986702899464872107, 0.9986702899464872107, 1.000000000000000000 ) ) 
 REPRESENTATION_ITEM ( '' )  );
#1401 = CARTESIAN_POINT ( 'NONE',  ( -0.3200000000000001177, 0.9000000000000002442, -0.3200000000000000622 ) ) ;
#1402 = EDGE_LOOP ( 'NONE', ( #3091, #2452, #3285, #2018 ) ) ;
#1403 = FACE_OUTER_BOUND ( 'NONE', #2501, .T. ) ;
#1404 = DIRECTION ( 'NONE',  ( -0.000000000000000000, 1.000000000000000000, -0.000000000000000000 ) ) ;
#1405 = CYLINDRICAL_SURFACE ( 'NONE', #2583, 0.01000000000000002623 ) ;
#1406 = ORIENTED_EDGE ( 'NONE', *, *, #773, .T. ) ;
#1407 = ORIENTED_EDGE ( 'NONE', *, *, #2372, .T. ) ;
#1408 = DIRECTION ( 'NONE',  ( -0.7071067811865473507, 0.000000000000000000, 0.7071067811865477948 ) ) ;
#1409 = DIRECTION ( 'NONE',  ( 0.7071067811865479058, 0.000000000000000000, 0.7071067811865472397 ) ) ;
#1410 = ORIENTED_EDGE ( 'NONE', *, *, #2327, .T. ) ;
#1411 = VERTEX_POINT ( 'NONE', #134 ) ;
#1412 = DIRECTION ( 'NONE',  ( 1.000000000000000000, 0.000000000000000000, 0.000000000000000000 ) ) ;
#1413 = DIRECTION ( 'NONE',  ( 1.000000000000000000, 0.000000000000000000, -0.000000000000000000 ) ) ;
#1414 = COLOUR_RGB ( '',1.000000000000000000, 0.8078431372549019773, 0.4980392156862745168 ) ;
#1415 = AXIS2_PLACEMENT_3D ( 'NONE', #3066, #1276, #1536 ) ;
#1416 = DIRECTION ( 'NONE',  ( 4.336808689942016257E-16, 0.000000000000000000, 1.000000000000000000 ) ) ;
#1417 = DIRECTION ( 'NONE',  ( 0.000000000000000000, -1.000000000000000000, 0.000000000000000000 ) ) ;
#1418 = EDGE_CURVE ( 'NONE', #876, #2192, #1337, .T. ) ;
#1419 = ORIENTED_EDGE ( 'NONE', *, *, #1784, .T. ) ;
#1420 = AXIS2_PLACEMENT_3D ( 'NONE', #2279, #1112, #3855 ) ;
#1421 =( BOUNDED_CURVE ( )  B_SPLINE_CURVE ( 3, ( #2243, #3497, #2608, #3468 ),
 .UNSPECIFIED., .F., .T. ) 
 B_SPLINE_CURVE_WITH_KNOTS ( ( 4, 4 ),
 ( 3.141592653589793116, 3.267932781228558792 ),
 .UNSPECIFIED. ) 
 CURVE ( )  GEOMETRIC_REPRESENTATION_ITEM ( )  RATIONAL_B_SPLINE_CURVE ( ( 1.000000000000000000, 0.9986702899464856564, 0.9986702899464856564, 1.000000000000000000 ) ) 
 REPRESENTATION_ITEM ( '' )  );
#1422 = CARTESIAN_POINT ( 'NONE',  ( 1.165000000000000480, 2.500000000000000000, 0.5099999999999992317 ) ) ;
#1423 = FACE_OUTER_BOUND ( 'NONE', #2572, .T. ) ;
#1424 = ADVANCED_FACE ( 'NONE', ( #686 ), #1272, .T. ) ;
#1425 = CARTESIAN_POINT ( 'NONE',  ( -1.269999999999999796, 2.489999999999999769, -0.7499999999999997780 ) ) ;
#1426 = CARTESIAN_POINT ( 'NONE',  ( 0.3199999999999998956, 11.50000000000000000, -0.3099999999999999423 ) ) ;
#1427 = ORIENTED_EDGE ( 'NONE', *, *, #481, .F. ) ;
#1428 = AXIS2_PLACEMENT_3D ( 'NONE', #3438, #699, #1315 ) ;
#1429 =( NAMED_UNIT ( * ) SI_UNIT ( $, .STERADIAN. ) SOLID_ANGLE_UNIT ( ) );
#1430 = CARTESIAN_POINT ( 'NONE',  ( 1.175000000000000488, 0.5000000000000000000, 0.7499999999999997780 ) ) ;
#1431 = VECTOR ( 'NONE', #1304, 1000.000000000000000 ) ;
#1432 = CARTESIAN_POINT ( 'NONE',  ( -1.269999999999999796, 0.5100000000000000089, 0.7499999999999997780 ) ) ;
#1433 = VERTEX_POINT ( 'NONE', #3719 ) ;
#1434 = VECTOR ( 'NONE', #1180, 1000.000000000000000 ) ;
#1435 = ORIENTED_EDGE ( 'NONE', *, *, #3579, .F. ) ;
#1436 = MECHANICAL_DESIGN_GEOMETRIC_PRESENTATION_REPRESENTATION (  '', ( #2714 ), #2401 ) ;
#1437 = DIRECTION ( 'NONE',  ( 0.000000000000000000, 0.000000000000000000, 1.000000000000000000 ) ) ;
#1438 = VERTEX_POINT ( 'NONE', #2217 ) ;
#1439 = CLOSED_SHELL ( 'NONE', ( #502, #831, #1882, #2184, #2623, #3594, #1763, #1303, #145, #2579, #851, #1076, #249, #1088, #452, #2540, #2993, #1496, #1732, #3190, #1960, #708, #2722, #130, #2337, #1193, #123, #2157, #3098, #74, #1247, #2882, #1459, #3332, #3062, #1167, #1738, #475, #1380, #1169, #1329, #2605 ) ) ;
#1440 = AXIS2_PLACEMENT_3D ( 'NONE', #3833, #2046, #3278 ) ;
#1441 = CYLINDRICAL_SURFACE ( 'NONE', #3475, 0.01000000000000002623 ) ;
#1442 = AXIS2_PLACEMENT_3D ( 'NONE', #2854, #1030, #70 ) ;
#1443 = DIRECTION ( 'NONE',  ( 0.7071067811865475727, -1.533293416683370135E-14, 0.7071067811865475727 ) ) ;
#1444 = ORIENTED_EDGE ( 'NONE', *, *, #2010, .F. ) ;
#1445 = CARTESIAN_POINT ( 'NONE',  ( -0.3200000000000001177, 11.50000000000000000, -0.3199999999999999512 ) ) ;
#1446 = CARTESIAN_POINT ( 'NONE',  ( 0.1937320508075680570, 0.1277076581449564374, 0.1850717967697236288 ) ) ;
#1447 = LINE ( 'NONE', #161, #2773 ) ;
#1448 = EDGE_LOOP ( 'NONE', ( #487, #707, #2068 ) ) ;
#1449 = DIRECTION ( 'NONE',  ( 1.000000000000000000, 0.000000000000000000, -1.606225440719265874E-16 ) ) ;
#1450 = CARTESIAN_POINT ( 'NONE',  ( 1.175000000000000044, 2.495857864376268331, -0.5000000000000011102 ) ) ;
#1451 = VERTEX_POINT ( 'NONE', #3142 ) ;
#1452 = EDGE_CURVE ( 'NONE', #2956, #3564, #976, .T. ) ;
#1453 = ORIENTED_EDGE ( 'NONE', *, *, #1494, .T. ) ;
#1454 = EDGE_CURVE ( 'NONE', #2334, #1576, #3395, .T. ) ;
#1455 = DIRECTION ( 'NONE',  ( -1.000000000000000000, 0.000000000000000000, -0.000000000000000000 ) ) ;
#1456 = ORIENTED_EDGE ( 'NONE', *, *, #767, .T. ) ;
#1457 = DIRECTION ( 'NONE',  ( 0.000000000000000000, 0.000000000000000000, -1.000000000000000000 ) ) ;
#1458 = DIRECTION ( 'NONE',  ( -1.694065894508600678E-16, -0.000000000000000000, -1.000000000000000000 ) ) ;
#1459 = ADVANCED_FACE ( 'NONE', ( #1951 ), #3762, .T. ) ;
#1460 = CARTESIAN_POINT ( 'NONE',  ( -1.259999999999999787, 2.500000000000000000, -0.7399999999999997691 ) ) ;
#1461 = ORIENTED_EDGE ( 'NONE', *, *, #2372, .F. ) ;
#1462 = CARTESIAN_POINT ( 'NONE',  ( 0.3104214140871992544, 0.3464101615137729628, 0.3200000000000000622 ) ) ;
#1463 = CARTESIAN_POINT ( 'NONE',  ( -0.3193224092811601800, 0.3452365399626433073, 0.3159672026817048063 ) ) ;
#1464 = FACE_OUTER_BOUND ( 'NONE', #2437, .T. ) ;
#1465 = EDGE_LOOP ( 'NONE', ( #567, #2644, #700, #1072 ) ) ;
#1466 = EDGE_CURVE ( 'NONE', #2164, #2937, #367, .T. ) ;
#1467 = DIRECTION ( 'NONE',  ( 0.000000000000000000, 0.000000000000000000, -1.000000000000000000 ) ) ;
#1468 = DIRECTION ( 'NONE',  ( 0.000000000000000000, -0.000000000000000000, 1.000000000000000000 ) ) ;
#1469 = EDGE_LOOP ( 'NONE', ( #3586, #1788, #3472, #2311, #1016, #428, #3060, #3122 ) ) ;
#1470 = EDGE_CURVE ( 'NONE', #2474, #68, #2407, .T. ) ;
#1471 = FACE_OUTER_BOUND ( 'NONE', #1048, .T. ) ;
#1472 = EDGE_CURVE ( 'NONE', #2909, #3681, #189, .T. ) ;
#1473 = ORIENTED_EDGE ( 'NONE', *, *, #3636, .F. ) ;
#1474 = DIRECTION ( 'NONE',  ( -0.000000000000000000, 1.000000000000000000, -0.000000000000000000 ) ) ;
#1475 = ADVANCED_FACE ( 'NONE', ( #995 ), #687, .T. ) ;
#1476 = CARTESIAN_POINT ( 'NONE',  ( 1.270000000000000240, 2.489999999999999769, 0.7500000000000001110 ) ) ;
#1477 = ORIENTED_EDGE ( 'NONE', *, *, #983, .T. ) ;
#1478 = AXIS2_PLACEMENT_3D ( 'NONE', #2069, #3722, #540 ) ;
#1479 = DIRECTION ( 'NONE',  ( 1.355252715606880345E-15, 1.000000000000000000, 0.000000000000000000 ) ) ;
#1480 = DIRECTION ( 'NONE',  ( -1.000000000000000000, 1.355252715606880345E-15, 7.824555201756075530E-16 ) ) ;
#1481 = CARTESIAN_POINT ( 'NONE',  ( 0.1142264973081030671, 11.49000000000000021, -0.1142264973081030810 ) ) ;
#1482 = CIRCLE ( 'NONE', #530, 0.01000000000000002623 ) ;
#1483 = CARTESIAN_POINT ( 'NONE',  ( 0.000000000000000000, 11.49499999999999922, 0.1228867513459475369 ) ) ;
#1484 = ORIENTED_EDGE ( 'NONE', *, *, #3880, .F. ) ;
#1485 = DIRECTION ( 'NONE',  ( 0.000000000000000000, 0.000000000000000000, 1.000000000000000000 ) ) ;
#1486 = LINE ( 'NONE', #1802, #2845 ) ;
#1487 = LINE ( 'NONE', #1263, #3351 ) ;
#1488 = AXIS2_PLACEMENT_3D ( 'NONE', #1005, #1236, #3133 ) ;
#1489 = ORIENTED_EDGE ( 'NONE', *, *, #3318, .F. ) ;
#1490 = DIRECTION ( 'NONE',  ( 0.4472135954999594820, 0.7745966692414817389, 0.4472135954999594265 ) ) ;
#1491 = ORIENTED_EDGE ( 'NONE', *, *, #349, .F. ) ;
#1492 = VECTOR ( 'NONE', #2805, 1000.000000000000000 ) ;
#1493 = AXIS2_PLACEMENT_3D ( 'NONE', #2150, #1474, #2094 ) ;
#1494 = EDGE_CURVE ( 'NONE', #1223, #3471, #1596, .T. ) ;
#1495 = CARTESIAN_POINT ( 'NONE',  ( -0.3199202969641258831, 11.15372788819387395, -0.3112600429262804558 ) ) ;
#1496 = ADVANCED_FACE ( 'NONE', ( #1396 ), #2599, .T. ) ;
#1497 = DIRECTION ( 'NONE',  ( -0.7071067811865474617, 0.000000000000000000, 0.7071067811865474617 ) ) ;
#1498 = FACE_OUTER_BOUND ( 'NONE', #822, .T. ) ;
#1499 = ADVANCED_FACE ( 'NONE', ( #2027 ), #3817, .F. ) ;
#1500 = VECTOR ( 'NONE', #3397, 1000.000000000000000 ) ;
#1501 = DIRECTION ( 'NONE',  ( 8.470329472543003391E-17, 0.000000000000000000, 1.000000000000000000 ) ) ;
#1502 = CARTESIAN_POINT ( 'NONE',  ( 1.269999999999999796, 2.490000000000000213, -0.5000000000000011102 ) ) ;
#1503 = DIRECTION ( 'NONE',  ( -1.000000000000000000, 0.000000000000000000, -0.000000000000000000 ) ) ;
#1504 =( BOUNDED_CURVE ( )  B_SPLINE_CURVE ( 3, ( #645, #3087, #1851, #1502 ),
 .UNSPECIFIED., .F., .T. ) 
 B_SPLINE_CURVE_WITH_KNOTS ( ( 4, 4 ),
 ( 1.570796326794896558, 3.141592653589793116 ),
 .UNSPECIFIED. ) 
 CURVE ( )  GEOMETRIC_REPRESENTATION_ITEM ( )  RATIONAL_B_SPLINE_CURVE ( ( 1.000000000000000000, 0.8047378541243649375, 0.8047378541243649375, 1.000000000000000000 ) ) 
 REPRESENTATION_ITEM ( '' )  );
#1505 = ORIENTED_EDGE ( 'NONE', *, *, #3172, .T. ) ;
#1506 = CONTEXT_DEPENDENT_SHAPE_REPRESENTATION ( #2413, #1036 ) ;
#1507 = VECTOR ( 'NONE', #1869, 1000.000000000000000 ) ;
#1508 = LINE ( 'NONE', #617, #3744 ) ;
#1509 = LINE ( 'NONE', #1328, #3677 ) ;
#1510 = ORIENTED_EDGE ( 'NONE', *, *, #2943, .T. ) ;
#1511 = ORIENTED_EDGE ( 'NONE', *, *, #481, .T. ) ;
#1512 = DIRECTION ( 'NONE',  ( 0.000000000000000000, 0.000000000000000000, -1.000000000000000000 ) ) ;
#1513 = ORIENTED_EDGE ( 'NONE', *, *, #3044, .T. ) ;
#1514 = CARTESIAN_POINT ( 'NONE',  ( -1.172071067811865319, 2.500000000000000000, 0.7529289321881351693 ) ) ;
#1515 = CARTESIAN_POINT ( 'NONE',  ( 1.270000000000000018, 2.490000000000000213, 0.4999999999999986122 ) ) ;
#1516 = CARTESIAN_POINT ( 'NONE',  ( -1.175000000000000711, 0.01000000000000002623, 0.7499999999999997780 ) ) ;
#1517 = CARTESIAN_POINT ( 'NONE',  ( -1.175000000000000044, 2.490000000000000213, -0.5000000000000008882 ) ) ;
#1518 = CYLINDRICAL_SURFACE ( 'NONE', #3657, 0.01000000000000002623 ) ;
#1519 = EDGE_CURVE ( 'NONE', #144, #3196, #953, .T. ) ;
#1520 = DIRECTION ( 'NONE',  ( 0.000000000000000000, 0.000000000000000000, 1.000000000000000000 ) ) ;
#1521 = ORIENTED_EDGE ( 'NONE', *, *, #1194, .T. ) ;
#1522 = EDGE_CURVE ( 'NONE', #1433, #1317, #1769, .T. ) ;
#1523 = DIRECTION ( 'NONE',  ( 1.000000000000000000, 0.000000000000000000, 0.000000000000000000 ) ) ;
#1524 = DIRECTION ( 'NONE',  ( -1.606225440719263902E-16, 0.000000000000000000, -1.000000000000000000 ) ) ;
#1525 = SHAPE_REPRESENTATION ( 'header-2.54-pin_\X2\9ed88ba4\X0\', ( #1173 ), #3339 ) ;
#1526 = DIRECTION ( 'NONE',  ( 0.000000000000000000, -0.000000000000000000, 1.000000000000000000 ) ) ;
#1527 = EDGE_CURVE ( 'NONE', #3246, #907, #2694, .T. ) ;
#1528 = AXIS2_PLACEMENT_3D ( 'NONE', #2290, #738, #3473 ) ;
#1529 = VERTEX_POINT ( 'NONE', #1809 ) ;
#1530 = CARTESIAN_POINT ( 'NONE',  ( -1.150857864376269468, 0.000000000000000000, 0.7599999999999997868 ) ) ;
#1531 = DIRECTION ( 'NONE',  ( 0.000000000000000000, 0.000000000000000000, -1.000000000000000000 ) ) ;
#1532 = LINE ( 'NONE', #1249, #3846 ) ;
#1533 = CYLINDRICAL_SURFACE ( 'NONE', #808, 0.01000000000000002623 ) ;
#1534 = CARTESIAN_POINT ( 'NONE',  ( 0.6708578643762693750, 0.01000000000000000021, 1.240000000000000435 ) ) ;
#1535 = CARTESIAN_POINT ( 'NONE',  ( -0.3200000000000000067, 11.50000000000000000, 0.3100000000000000533 ) ) ;
#1536 = DIRECTION ( 'NONE',  ( 0.7071067811865474617, 0.000000000000000000, 0.7071067811865474617 ) ) ;
#1537 = CARTESIAN_POINT ( 'NONE',  ( -1.172071067811865541, 0.5000000000000000000, -0.7529289321881343922 ) ) ;
#1538 = ORIENTED_EDGE ( 'NONE', *, *, #2478, .T. ) ;
#1539 = VECTOR ( 'NONE', #126, 999.9999999999998863 ) ;
#1540 = VECTOR ( 'NONE', #2322, 1000.000000000000000 ) ;
#1541 = CARTESIAN_POINT ( 'NONE',  ( 17.78000000000000469, -2.200000000000000622, -3.307182940064830654E-15 ) ) ;
#1542 = ADVANCED_FACE ( 'NONE', ( #3655 ), #1184, .T. ) ;
#1543 = ITEM_DEFINED_TRANSFORMATION ( 'NONE', 'NONE', #214,  #1173 ) ;
#1544 = DIRECTION ( 'NONE',  ( 0.000000000000000000, 0.000000000000000000, -1.000000000000000000 ) ) ;
#1545 = CARTESIAN_POINT ( 'NONE',  ( -1.175000000000000044, 0.000000000000000000, -0.7600000000000001199 ) ) ;
#1546 = EDGE_CURVE ( 'NONE', #2192, #1625, #3593, .T. ) ;
#1547 = VECTOR ( 'NONE', #7, 1000.000000000000000 ) ;
#1548 = ORIENTED_EDGE ( 'NONE', *, *, #3835, .T. ) ;
#1549 = VERTEX_POINT ( 'NONE', #1267 ) ;
#1550 = PRODUCT_DEFINITION_SHAPE ( 'NONE', 'NONE',  #3921 ) ;
#1551 = AXIS2_PLACEMENT_3D ( 'NONE', #2900, #2662, #1383 ) ;
#1552 =( BOUNDED_CURVE ( )  B_SPLINE_CURVE ( 3, ( #975, #2751, #1575, #621 ),
 .UNSPECIFIED., .F., .T. ) 
 B_SPLINE_CURVE_WITH_KNOTS ( ( 4, 4 ),
 ( 3.015252525951011453, 3.141592653589793116 ),
 .UNSPECIFIED. ) 
 CURVE ( )  GEOMETRIC_REPRESENTATION_ITEM ( )  RATIONAL_B_SPLINE_CURVE ( ( 1.000000000000000000, 0.9986702899464853234, 0.9986702899464853234, 1.000000000000000000 ) ) 
 REPRESENTATION_ITEM ( '' )  );
#1553 = FACE_OUTER_BOUND ( 'NONE', #1901, .T. ) ;
#1554 = CARTESIAN_POINT ( 'NONE',  ( 0.1142264973081040247, 0.004999999999999983624, -0.1228867513459484528 ) ) ;
#1555 = AXIS2_PLACEMENT_3D ( 'NONE', #1388, #3769, #3792 ) ;
#1556 = VECTOR ( 'NONE', #2358, 1000.000000000000000 ) ;
#1557 = CARTESIAN_POINT ( 'NONE',  ( -0.3199202969641256056, 11.15372788819387395, 0.3112600429262813995 ) ) ;
#1558 = AXIS2_PLACEMENT_3D ( 'NONE', #1032, #2486, #723 ) ;
#1559 = CYLINDRICAL_SURFACE ( 'NONE', #1011, 0.009999999999999998473 ) ;
#1560 = DIRECTION ( 'NONE',  ( 0.7071067811865474617, 0.000000000000000000, 0.7071067811865474617 ) ) ;
#1561 = VECTOR ( 'NONE', #2889, 1000.000000000000000 ) ;
#1562 = DIRECTION ( 'NONE',  ( -2.168404344971009854E-16, -0.000000000000000000, -1.000000000000000000 ) ) ;
#1563 = CARTESIAN_POINT ( 'NONE',  ( 0.1142264973081041080, 0.000000000000000000, 0.1200000000000004258 ) ) ;
#1564 = CARTESIAN_POINT ( 'NONE',  ( -0.6749999999999997113, 0.01000000000000002623, 1.240000000000000657 ) ) ;
#1565 = ORIENTED_EDGE ( 'NONE', *, *, #308, .F. ) ;
#1566 = VECTOR ( 'NONE', #276, 1000.000000000000000 ) ;
#1567 = CARTESIAN_POINT ( 'NONE',  ( 20.32000000000000384, -2.200000000000000622, -3.717683235932063914E-15 ) ) ;
#1568 = CARTESIAN_POINT ( 'NONE',  ( 0.1142264973081041080, 0.009999999999999991535, 0.1142264973081040663 ) ) ;
#1569 = AXIS2_PLACEMENT_3D ( 'NONE', #18, #2436, #2130 ) ;
#1570 = PRODUCT_RELATED_PRODUCT_CATEGORY ( 'part', '', ( #3310 ) ) ;
#1571 = ORIENTED_EDGE ( 'NONE', *, *, #1635, .F. ) ;
#1572 = VERTEX_POINT ( 'NONE', #3414 ) ;
#1573 = DIRECTION ( 'NONE',  ( 0.000000000000000000, 0.000000000000000000, -1.000000000000000000 ) ) ;
#1574 = CARTESIAN_POINT ( 'NONE',  ( -1.269999999999999796, 2.495857864376268331, -0.5000000000000008882 ) ) ;
#1575 = CARTESIAN_POINT ( 'NONE',  ( -0.3199999999999999512, 0.3464101615137730183, 0.3104214140871993100 ) ) ;
#1576 = VERTEX_POINT ( 'NONE', #3078 ) ;
#1577 = EDGE_CURVE ( 'NONE', #1411, #2496, #585, .T. ) ;
#1578 =( BOUNDED_CURVE ( )  B_SPLINE_CURVE ( 3, ( #781, #164, #1450, #3534 ),
 .UNSPECIFIED., .F., .T. ) 
 B_SPLINE_CURVE_WITH_KNOTS ( ( 4, 4 ),
 ( 1.570796326794896558, 3.141592653589793116 ),
 .UNSPECIFIED. ) 
 CURVE ( )  GEOMETRIC_REPRESENTATION_ITEM ( )  RATIONAL_B_SPLINE_CURVE ( ( 1.000000000000000000, 0.8047378541243649375, 0.8047378541243649375, 1.000000000000000000 ) ) 
 REPRESENTATION_ITEM ( '' )  );
#1579 = AXIS2_PLACEMENT_3D ( 'NONE', #2019, #1735, #1098 ) ;
#1580 = DIRECTION ( 'NONE',  ( 0.000000000000000000, -0.4999999999999844569, -0.8660254037844475894 ) ) ;
#1581 = CARTESIAN_POINT ( 'NONE',  ( 0.000000000000000000, 0.01000000000000000021, 0.1142264973081042190 ) ) ;
#1582 = CARTESIAN_POINT ( 'NONE',  ( 1.179142135623730825, 2.490000000000000213, -0.7500000000000001110 ) ) ;
#1583 = CARTESIAN_POINT ( 'NONE',  ( -1.175000000000000044, 0.5000000000000000000, 0.7499999999999997780 ) ) ;
#1584 = ORIENTED_EDGE ( 'NONE', *, *, #142, .F. ) ;
#1585 = PRODUCT_CONTEXT ( 'NONE', #2543, 'mechanical' ) ;
#1586 = CARTESIAN_POINT ( 'NONE',  ( -0.3112600429262813440, 11.15372788819387395, 0.3199202969641256611 ) ) ;
#1587 = DIRECTION ( 'NONE',  ( 0.8660254037844378194, -0.5000000000000017764, -1.355252715606880543E-15 ) ) ;
#1588 = DIRECTION ( 'NONE',  ( 0.000000000000000000, 0.000000000000000000, 1.000000000000000000 ) ) ;
#1589 = EDGE_CURVE ( 'NONE', #3816, #3848, #1986, .T. ) ;
#1590 = ORIENTED_EDGE ( 'NONE', *, *, #25, .T. ) ;
#1591 = CARTESIAN_POINT ( 'NONE',  ( 0.6749999999999997113, 0.000000000000000000, -1.239999999999999991 ) ) ;
#1592 = DIRECTION ( 'NONE',  ( -1.000000000000000000, 0.000000000000000000, 0.000000000000000000 ) ) ;
#1593 = ORIENTED_EDGE ( 'NONE', *, *, #1219, .T. ) ;
#1594 = VERTEX_POINT ( 'NONE', #3760 ) ;
#1595 = ADVANCED_FACE ( 'NONE', ( #1029 ), #3120, .T. ) ;
#1596 = LINE ( 'NONE', #2636, #1203 ) ;
#1597 = ADVANCED_FACE ( 'NONE', ( #3452 ), #2795, .T. ) ;
#1598 = DIRECTION ( 'NONE',  ( -0.4472135954999578722, 0.7745966692414835153, 0.4472135954999579277 ) ) ;
#1599 = LINE ( 'NONE', #2473, #1002 ) ;
#1600 = ORIENTED_EDGE ( 'NONE', *, *, #533, .F. ) ;
#1601 = EDGE_LOOP ( 'NONE', ( #2693, #3157, #3376, #859 ) ) ;
#1602 = DIRECTION ( 'NONE',  ( 0.000000000000000000, 0.000000000000000000, 1.000000000000000000 ) ) ;
#1603 = DIRECTION ( 'NONE',  ( -0.000000000000000000, 1.000000000000000000, -0.000000000000000000 ) ) ;
#1604 = CARTESIAN_POINT ( 'NONE',  ( -1.175000000000000044, 2.490000000000000213, -0.7499999999999997780 ) ) ;
#1605 = CARTESIAN_POINT ( 'NONE',  ( 1.175000000000000044, 2.350000000000000089, -0.5000000000000011102 ) ) ;
#1606 = ORIENTED_EDGE ( 'NONE', *, *, #629, .T. ) ;
#1607 = ORIENTED_EDGE ( 'NONE', *, *, #2206, .T. ) ;
#1608 = ORIENTED_EDGE ( 'NONE', *, *, #1859, .F. ) ;
#1609 = DIRECTION ( 'NONE',  ( 1.000000000000000000, 0.000000000000000000, 0.000000000000000000 ) ) ;
#1610 = VECTOR ( 'NONE', #3248, 1000.000000000000000 ) ;
#1611 = CYLINDRICAL_SURFACE ( 'NONE', #1134, 0.01000000000000002623 ) ;
#1612 = VERTEX_POINT ( 'NONE', #1925 ) ;
#1613 = DIRECTION ( 'NONE',  ( -4.065758146820807288E-15, 1.000000000000000000, -4.065758146820807288E-15 ) ) ;
#1614 = FACE_OUTER_BOUND ( 'NONE', #1906, .T. ) ;
#1615 = EDGE_CURVE ( 'NONE', #1529, #795, #715, .T. ) ;
#1616 = CARTESIAN_POINT ( 'NONE',  ( -0.3200000000000001177, 0.3464101615137729628, -0.3199999999999999512 ) ) ;
#1617 = EDGE_CURVE ( 'NONE', #2561, #758, #1902, .T. ) ;
#1618 = CARTESIAN_POINT ( 'NONE',  ( 1.172071067811865319, 2.500000000000000000, -0.7529289321881348362 ) ) ;
#1619 = CIRCLE ( 'NONE', #3854, 0.009999999999999998473 ) ;
#1620 = EDGE_CURVE ( 'NONE', #3471, #1287, #328, .T. ) ;
#1621 = EDGE_CURVE ( 'NONE', #1576, #2192, #2265, .T. ) ;
#1622 = CARTESIAN_POINT ( 'NONE',  ( -0.3200000000000001177, 11.15358983848622287, -0.3199999999999998956 ) ) ;
#1623 = CYLINDRICAL_SURFACE ( 'NONE', #3851, 0.009999999999999998473 ) ;
#1624 = VECTOR ( 'NONE', #1455, 1000.000000000000000 ) ;
#1625 = VERTEX_POINT ( 'NONE', #3137 ) ;
#1626 = ORIENTED_EDGE ( 'NONE', *, *, #3880, .T. ) ;
#1627 = PRODUCT_DEFINITION_SHAPE ( 'NONE', 'NONE',  #3936 ) ;
#1628 = CARTESIAN_POINT ( 'NONE',  ( 1.265857864376269459, 2.500000000000000000, -0.7458578643762693305 ) ) ;
#1629 = CARTESIAN_POINT ( 'NONE',  ( 0.1228867513459474814, 11.49499999999999922, 0.1142264973081023177 ) ) ;
#1630 = VERTEX_POINT ( 'NONE', #3700 ) ;
#1631 = EDGE_LOOP ( 'NONE', ( #844, #3758, #1876, #1854 ) ) ;
#1632 = DIRECTION ( 'NONE',  ( -0.4472135954999578167, -0.7745966692414834043, 0.4472135954999578722 ) ) ;
#1633 = VECTOR ( 'NONE', #60, 1000.000000000000000 ) ;
#1634 = CARTESIAN_POINT ( 'NONE',  ( 1.179142135623730825, 2.500000000000000000, -0.7600000000000001199 ) ) ;
#1635 = EDGE_CURVE ( 'NONE', #602, #1663, #2853, .T. ) ;
#1636 = DIRECTION ( 'NONE',  ( -1.000000000000000000, 0.000000000000000000, 1.606225440719265874E-16 ) ) ;
#1637 = ORIENTED_EDGE ( 'NONE', *, *, #125, .T. ) ;
#1638 = CARTESIAN_POINT ( 'NONE',  ( 22.86000000000000654, -2.200000000000000622, -4.128183531799296386E-15 ) ) ;
#1639 = FACE_OUTER_BOUND ( 'NONE', #654, .T. ) ;
#1640 = CARTESIAN_POINT ( 'NONE',  ( 0.6749999999999997113, 0.01000000000000002623, -1.250000000000000000 ) ) ;
#1641 = EDGE_CURVE ( 'NONE', #941, #1411, #3102, .T. ) ;
#1642 = DIRECTION ( 'NONE',  ( -1.355252715606880543E-15, -1.000000000000000000, 0.000000000000000000 ) ) ;
#1643 = EDGE_CURVE ( 'NONE', #98, #955, #41, .T. ) ;
#1644 = DIRECTION ( 'NONE',  ( -1.000000000000000000, 0.000000000000000000, -0.000000000000000000 ) ) ;
#1645 = ORIENTED_EDGE ( 'NONE', *, *, #3318, .T. ) ;
#1646 = VERTEX_POINT ( 'NONE', #395 ) ;
#1647 = CARTESIAN_POINT ( 'NONE',  ( -1.179142135623730825, 2.500000000000000000, 0.7400000000000004352 ) ) ;
#1648 = EDGE_CURVE ( 'NONE', #1726, #3848, #1903, .T. ) ;
#1649 = CARTESIAN_POINT ( 'NONE',  ( 2.910226884040083805E-15, 2.500000000000000000, 0.5100000000000058931 ) ) ;
#1650 = ORIENTED_EDGE ( 'NONE', *, *, #3752, .F. ) ;
#1651 = ORIENTED_EDGE ( 'NONE', *, *, #3425, .F. ) ;
#1652 = LINE ( 'NONE', #92, #933 ) ;
#1653 = DIRECTION ( 'NONE',  ( 0.7071067811865474617, 0.000000000000000000, -0.7071067811865474617 ) ) ;
#1654 = PRODUCT_DEFINITION_SHAPE ( 'NONE', 'NONE',  #3932 ) ;
#1655 = VERTEX_POINT ( 'NONE', #1866 ) ;
#1656 = LINE ( 'NONE', #446, #482 ) ;
#1657 = CARTESIAN_POINT ( 'NONE',  ( -0.3159672026817069712, 11.15476346003734420, -0.3193224092811617343 ) ) ;
#1658 =( REPRESENTATION_RELATIONSHIP ('NONE','NONE', #695, #3423 ) REPRESENTATION_RELATIONSHIP_WITH_TRANSFORMATION ( #1343 )SHAPE_REPRESENTATION_RELATIONSHIP( ) );
#1659 = LINE ( 'NONE', #2947, #2895 ) ;
#1660 = CARTESIAN_POINT ( 'NONE',  ( -1.165000000000000036, 2.490000000000000213, -0.5000000000000008882 ) ) ;
#1661 = ORIENTED_EDGE ( 'NONE', *, *, #2129, .F. ) ;
#1662 = EDGE_CURVE ( 'NONE', #1868, #3848, #2832, .T. ) ;
#1663 = VERTEX_POINT ( 'NONE', #3715 ) ;
#1664 = ADVANCED_FACE ( 'NONE', ( #990 ), #2188, .F. ) ;
#1665 = LINE ( 'NONE', #2912, #3488 ) ;
#1666 = EDGE_CURVE ( 'NONE', #1280, #63, #1665, .T. ) ;
#1667 = DIRECTION ( 'NONE',  ( 0.000000000000000000, 0.000000000000000000, 1.000000000000000000 ) ) ;
#1668 = ORIENTED_EDGE ( 'NONE', *, *, #2255, .T. ) ;
#1669 = ORIENTED_EDGE ( 'NONE', *, *, #2673, .F. ) ;
#1670 = VECTOR ( 'NONE', #3300, 1000.000000000000000 ) ;
#1671 =( GEOMETRIC_REPRESENTATION_CONTEXT ( 3 ) GLOBAL_UNCERTAINTY_ASSIGNED_CONTEXT ( ( #3671 ) ) GLOBAL_UNIT_ASSIGNED_CONTEXT ( ( #2367, #556, #1178 ) ) REPRESENTATION_CONTEXT ( 'NONE', 'WORKASPACE' ) );
#1672 = COLOUR_RGB ( '',0.2980392156862745057, 0.2980392156862745057, 0.2980392156862745057 ) ;
#1673 = VECTOR ( 'NONE', #1094, 1000.000000000000000 ) ;
#1674 = CYLINDRICAL_SURFACE ( 'NONE', #991, 0.01000000000000002623 ) ;
#1675 = DIRECTION ( 'NONE',  ( 0.7071067811865475727, 0.000000000000000000, 0.7071067811865474617 ) ) ;
#1676 =( BOUNDED_CURVE ( )  B_SPLINE_CURVE ( 3, ( #160, #448, #199, #3825 ),
 .UNSPECIFIED., .F., .T. ) 
 B_SPLINE_CURVE_WITH_KNOTS ( ( 4, 4 ),
 ( 0.000000000000000000, 0.1263401276387656758 ),
 .UNSPECIFIED. ) 
 CURVE ( )  GEOMETRIC_REPRESENTATION_ITEM ( )  RATIONAL_B_SPLINE_CURVE ( ( 1.000000000000000000, 0.9986702899464856564, 0.9986702899464856564, 1.000000000000000000 ) ) 
 REPRESENTATION_ITEM ( '' )  );
#1677 = CARTESIAN_POINT ( 'NONE',  ( -1.172071067811865319, 2.490000000000000213, 0.7529289321881350583 ) ) ;
#1678 = ORIENTED_EDGE ( 'NONE', *, *, #468, .T. ) ;
#1679 = DIRECTION ( 'NONE',  ( -1.000000000000000000, 0.000000000000000000, 0.000000000000000000 ) ) ;
#1680 = CARTESIAN_POINT ( 'NONE',  ( 0.6708578643762693750, 2.500000000000000000, 1.240000000000000435 ) ) ;
#1681 = AXIS2_PLACEMENT_3D ( 'NONE', #1092, #2316, #170 ) ;
#1682 = FACE_OUTER_BOUND ( 'NONE', #2216, .T. ) ;
#1683 = AXIS2_PLACEMENT_3D ( 'NONE', #1041, #356, #3409 ) ;
#1684 = VECTOR ( 'NONE', #1773, 1000.000000000000000 ) ;
#1685 = ORIENTED_EDGE ( 'NONE', *, *, #468, .F. ) ;
#1686 =( LENGTH_UNIT ( ) NAMED_UNIT ( * ) SI_UNIT ( .MILLI., .METRE. ) );
#1687 = CARTESIAN_POINT ( 'NONE',  ( 0.3199733969465144989, 11.15363591632649509, 0.3108419876365753898 ) ) ;
#1688 = PRODUCT_RELATED_PRODUCT_CATEGORY ( 'part', '', ( #37 ) ) ;
#1689 = AXIS2_PLACEMENT_3D ( 'NONE', #1033, #747, #1953 ) ;
#1690 = VECTOR ( 'NONE', #3699, 1000.000000000000000 ) ;
#1691 = DIRECTION ( 'NONE',  ( 1.000000000000000000, 0.000000000000000000, -2.891205793294689666E-16 ) ) ;
#1692 = VERTEX_POINT ( 'NONE', #202 ) ;
#1693 = ORIENTED_EDGE ( 'NONE', *, *, #761, .F. ) ;
#1694 = VECTOR ( 'NONE', #3350, 1000.000000000000000 ) ;
#1695 = CARTESIAN_POINT ( 'NONE',  ( -1.259999999999999787, 2.500000000000000000, 0.7400000000000004352 ) ) ;
#1696 = LINE ( 'NONE', #2339, #2453 ) ;
#1697 = CARTESIAN_POINT ( 'NONE',  ( 1.175000000000000044, 2.350000000000000089, -0.5000000000000011102 ) ) ;
#1698 = LINE ( 'NONE', #1079, #1926 ) ;
#1699 = ORIENTED_EDGE ( 'NONE', *, *, #1908, .T. ) ;
#1700 =( BOUNDED_CURVE ( )  B_SPLINE_CURVE ( 3, ( #3268, #3886, #218, #1964 ),
 .UNSPECIFIED., .F., .T. ) 
 B_SPLINE_CURVE_WITH_KNOTS ( ( 4, 4 ),
 ( -5.329070518200751394E-15, 0.1263401276387751404 ),
 .UNSPECIFIED. ) 
 CURVE ( )  GEOMETRIC_REPRESENTATION_ITEM ( )  RATIONAL_B_SPLINE_CURVE ( ( 1.000000000000000000, 0.9986702899464853234, 0.9986702899464853234, 1.000000000000000000 ) ) 
 REPRESENTATION_ITEM ( '' )  );
#1701 = DIRECTION ( 'NONE',  ( 0.000000000000000000, 1.000000000000000000, 0.000000000000000000 ) ) ;
#1702 = CARTESIAN_POINT ( 'NONE',  ( 1.260000000000000231, 2.500000000000000000, 0.7400000000000001021 ) ) ;
#1703 = CARTESIAN_POINT ( 'NONE',  ( -0.3200000000000001177, 2.490000000000000213, -0.3200000000000000622 ) ) ;
#1704 = CARTESIAN_POINT ( 'NONE',  ( 0.3199999999999998956, 2.490000000000000213, -0.3200000000000000622 ) ) ;
#1705 = ORIENTED_EDGE ( 'NONE', *, *, #1217, .T. ) ;
#1706 = ORIENTED_EDGE ( 'NONE', *, *, #2252, .F. ) ;
#1707 = CARTESIAN_POINT ( 'NONE',  ( 0.3200000000000000067, 11.15358983848622287, 0.3100000000000000533 ) ) ;
#1708 = PLANE ( 'NONE',  #3289 ) ;
#1709 = ORIENTED_EDGE ( 'NONE', *, *, #3477, .F. ) ;
#1710 = ADVANCED_FACE ( 'NONE', ( #2934 ), #147, .F. ) ;
#1711 = ORIENTED_EDGE ( 'NONE', *, *, #1452, .T. ) ;
#1712 = CARTESIAN_POINT ( 'NONE',  ( -0.3200000000000000622, 0.000000000000000000, 0.3199999999999999512 ) ) ;
#1713 = EDGE_CURVE ( 'NONE', #2036, #941, #185, .T. ) ;
#1714 = CARTESIAN_POINT ( 'NONE',  ( 1.270000000000000240, 2.500000000000000000, 0.7400000000000001021 ) ) ;
#1715 = CARTESIAN_POINT ( 'NONE',  ( 0.1850717967697236843, 0.1327076581449564419, 0.1850717967697236288 ) ) ;
#1716 = ORIENTED_EDGE ( 'NONE', *, *, #1270, .F. ) ;
#1717 = CONTEXT_DEPENDENT_SHAPE_REPRESENTATION ( #574, #2417 ) ;
#1718 = FACE_OUTER_BOUND ( 'NONE', #190, .T. ) ;
#1719 = LINE ( 'NONE', #3545, #2955 ) ;
#1720 = DIRECTION ( 'NONE',  ( 0.000000000000000000, 0.000000000000000000, 1.000000000000000000 ) ) ;
#1721 = VERTEX_POINT ( 'NONE', #1392 ) ;
#1722 = CARTESIAN_POINT ( 'NONE',  ( 0.6750000000000003775, 2.500000000000000000, 1.250000000000000444 ) ) ;
#1723 = CYLINDRICAL_SURFACE ( 'NONE', #2971, 0.01000000000000001409 ) ;
#1724 = ORIENTED_EDGE ( 'NONE', *, *, #2924, .T. ) ;
#1725 = DIRECTION ( 'NONE',  ( -1.000000000000000000, 0.000000000000000000, 0.000000000000000000 ) ) ;
#1726 = VERTEX_POINT ( 'NONE', #3813 ) ;
#1727 = SPHERICAL_SURFACE ( 'NONE', #3799, 0.01000000000000000021 ) ;
#1728 = AXIS2_PLACEMENT_3D ( 'NONE', #1638, #2241, #709 ) ;
#1729 = VECTOR ( 'NONE', #2607, 999.9999999999998863 ) ;
#1730 = CIRCLE ( 'NONE', #1177, 0.01000000000000001409 ) ;
#1731 = CARTESIAN_POINT ( 'NONE',  ( -1.259999999999999787, 2.500000000000000000, 0.5099999999999990097 ) ) ;
#1732 = ADVANCED_FACE ( 'NONE', ( #3516 ), #779, .T. ) ;
#1733 = ORIENTED_EDGE ( 'NONE', *, *, #950, .T. ) ;
#1734 = CIRCLE ( 'NONE', #1551, 0.009999999999999592548 ) ;
#1735 = DIRECTION ( 'NONE',  ( 1.000000000000000000, 0.000000000000000000, -1.606225440719266613E-16 ) ) ;
#1736 = CARTESIAN_POINT ( 'NONE',  ( -0.6708578643762688198, 2.490000000000000213, 1.250000000000000666 ) ) ;
#1737 = CYLINDRICAL_SURFACE ( 'NONE', #3286, 0.01000000000000002623 ) ;
#1738 = ADVANCED_FACE ( 'NONE', ( #2887 ), #2249, .T. ) ;
#1739 = EDGE_LOOP ( 'NONE', ( #1637, #1265, #3882 ) ) ;
#1740 = VECTOR ( 'NONE', #974, 1000.000000000000000 ) ;
#1741 = EDGE_CURVE ( 'NONE', #3535, #2164, #1793, .T. ) ;
#1742 = CARTESIAN_POINT ( 'NONE',  ( 0.1142264973081031088, 11.50000000000000000, 0.1142264973081031781 ) ) ;
#1743 = AXIS2_PLACEMENT_3D ( 'NONE', #286, #2380, #2998 ) ;
#1744 = CARTESIAN_POINT ( 'NONE',  ( -0.6708578643762688198, 2.490000000000000213, -1.239999999999999769 ) ) ;
#1745 = EDGE_LOOP ( 'NONE', ( #1444, #2398, #1491, #1246 ) ) ;
#1746 = AXIS2_PLACEMENT_3D ( 'NONE', #1605, #104, #1644 ) ;
#1747 = ORIENTED_EDGE ( 'NONE', *, *, #1270, .T. ) ;
#1748 = EDGE_CURVE ( 'NONE', #2044, #1015, #1400, .T. ) ;
#1749 = DIRECTION ( 'NONE',  ( -0.7071067811865477948, 0.000000000000000000, 0.7071067811865473507 ) ) ;
#1750 = ORIENTED_EDGE ( 'NONE', *, *, #1470, .F. ) ;
#1751 = CIRCLE ( 'NONE', #362, 0.02000000000000005246 ) ;
#1752 = CARTESIAN_POINT ( 'NONE',  ( 0.1142264973081030810, 11.50000000000000000, -1.935072133388359121E-17 ) ) ;
#1753 = AXIS2_PLACEMENT_3D ( 'NONE', #1722, #1122, #1408 ) ;
#1754 = DIRECTION ( 'NONE',  ( 1.000000000000000000, 1.355252715606879754E-15, -3.673419846319646360E-30 ) ) ;
#1755 = VECTOR ( 'NONE', #1512, 1000.000000000000000 ) ;
#1756 = LINE ( 'NONE', #3580, #3277 ) ;
#1757 = EDGE_LOOP ( 'NONE', ( #3216, #1225, #2596, #1278 ) ) ;
#1758 = EDGE_CURVE ( 'NONE', #1630, #3333, #1195, .T. ) ;
#1759 = LINE ( 'NONE', #1483, #799 ) ;
#1760 = ORIENTED_EDGE ( 'NONE', *, *, #2892, .F. ) ;
#1761 = VECTOR ( 'NONE', #2606, 1000.000000000000000 ) ;
#1762 = EDGE_CURVE ( 'NONE', #2712, #3766, #1131, .T. ) ;
#1763 = ADVANCED_FACE ( 'NONE', ( #163 ), #2573, .T. ) ;
#1764 = PLANE ( 'NONE',  #3232 ) ;
#1765 = CARTESIAN_POINT ( 'NONE',  ( -0.1142264973081031781, 11.49000000000000021, 1.935072133388360662E-17 ) ) ;
#1766 = VERTEX_POINT ( 'NONE', #1372 ) ;
#1767 = ORIENTED_EDGE ( 'NONE', *, *, #1381, .F. ) ;
#1768 = EDGE_CURVE ( 'NONE', #3196, #2973, #798, .T. ) ;
#1769 = LINE ( 'NONE', #2435, #2179 ) ;
#1770 = DIRECTION ( 'NONE',  ( 1.000000000000000000, -0.000000000000000000, 1.141265444721588441E-15 ) ) ;
#1771 = ORIENTED_EDGE ( 'NONE', *, *, #2800, .F. ) ;
#1772 = CARTESIAN_POINT ( 'NONE',  ( 1.179142135623731491, -1.503005322678532707, 0.7600000000000001199 ) ) ;
#1773 = DIRECTION ( 'NONE',  ( 1.000000000000000000, -0.000000000000000000, -0.000000000000000000 ) ) ;
#1774 = LINE ( 'NONE', #2999, #1547 ) ;
#1775 = ORIENTED_EDGE ( 'NONE', *, *, #3841, .T. ) ;
#1776 = CYLINDRICAL_SURFACE ( 'NONE', #1142, 0.01000000000000001409 ) ;
#1777 = CARTESIAN_POINT ( 'NONE',  ( 0.1142264973081030671, 11.50000000000000000, -0.1142264973081030810 ) ) ;
#1778 = CARTESIAN_POINT ( 'NONE',  ( -1.175000000000000044, 2.490000000000000213, -0.5000000000000008882 ) ) ;
#1779 = EDGE_LOOP ( 'NONE', ( #2936, #3915, #2522, #1066, #2549, #212, #1089, #2873, #3697, #3569, #3896, #2748, #3659, #2799, #853, #794 ) ) ;
#1780 = DIRECTION ( 'NONE',  ( 0.000000000000000000, 0.000000000000000000, 1.000000000000000000 ) ) ;
#1781 = CARTESIAN_POINT ( 'NONE',  ( -0.3199202969641256056, 11.15372788819387395, 0.3112600429262813995 ) ) ;
#1782 = CARTESIAN_POINT ( 'NONE',  ( -0.3200000000000001177, 0.3464101615137729628, -0.3099999999999999423 ) ) ;
#1783 = VERTEX_POINT ( 'NONE', #1647 ) ;
#1784 = EDGE_CURVE ( 'NONE', #1594, #1280, #2869, .T. ) ;
#1785 = VERTEX_POINT ( 'NONE', #1430 ) ;
#1786 = ADVANCED_FACE ( 'NONE', ( #2652 ), #1349, .F. ) ;
#1787 = DIRECTION ( 'NONE',  ( 0.000000000000000000, 0.000000000000000000, -1.000000000000000000 ) ) ;
#1788 = ORIENTED_EDGE ( 'NONE', *, *, #2236, .F. ) ;
#1789 = ORIENTED_EDGE ( 'NONE', *, *, #1835, .F. ) ;
#1790 = CARTESIAN_POINT ( 'NONE',  ( 1.259999999999999787, 2.500000000000000000, -0.5100000000000011191 ) ) ;
#1791 = DIRECTION ( 'NONE',  ( 0.000000000000000000, 1.000000000000000000, 0.000000000000000000 ) ) ;
#1792 = CARTESIAN_POINT ( 'NONE',  ( -0.3200000000000000622, 0.000000000000000000, 0.3199999999999999512 ) ) ;
#1793 = CIRCLE ( 'NONE', #2134, 0.009999999999999998473 ) ;
#1794 = CARTESIAN_POINT ( 'NONE',  ( 0.3099999999999998868, 11.15358983848622287, -0.3199999999999999512 ) ) ;
#1795 = AXIS2_PLACEMENT_3D ( 'NONE', #3694, #3674, #47 ) ;
#1796 = CARTESIAN_POINT ( 'NONE',  ( -0.7200000000000010836, 0.5000000000000000000, 0.7499999999999997780 ) ) ;
#1797 =( GEOMETRIC_REPRESENTATION_CONTEXT ( 3 ) GLOBAL_UNCERTAINTY_ASSIGNED_CONTEXT ( ( #3428 ) ) GLOBAL_UNIT_ASSIGNED_CONTEXT ( ( #3587, #2289, #2003 ) ) REPRESENTATION_CONTEXT ( 'NONE', 'WORKASPACE' ) );
#1798 = PRODUCT_DEFINITION_SHAPE ( 'NONE', 'NONE',  #3929 ) ;
#1799 = ORIENTED_EDGE ( 'NONE', *, *, #2760, .T. ) ;
#1800 = VECTOR ( 'NONE', #1458, 1000.000000000000000 ) ;
#1801 = DIRECTION ( 'NONE',  ( 1.000000000000000000, 0.000000000000000000, 0.000000000000000000 ) ) ;
#1802 = CARTESIAN_POINT ( 'NONE',  ( -0.1228867513459485639, 0.004999999999999958471, 0.1200000000000004258 ) ) ;
#1803 =( BOUNDED_CURVE ( )  B_SPLINE_CURVE ( 3, ( #3688, #2196, #2219, #642 ),
 .UNSPECIFIED., .F., .T. ) 
 B_SPLINE_CURVE_WITH_KNOTS ( ( 4, 4 ),
 ( 1.570796326794896558, 3.141592653589793116 ),
 .UNSPECIFIED. ) 
 CURVE ( )  GEOMETRIC_REPRESENTATION_ITEM ( )  RATIONAL_B_SPLINE_CURVE ( ( 1.000000000000000000, 0.8047378541243649375, 0.8047378541243649375, 1.000000000000000000 ) ) 
 REPRESENTATION_ITEM ( '' )  );
#1804 = SPHERICAL_SURFACE ( 'NONE', #737, 0.01000000000000000021 ) ;
#1805 = EDGE_LOOP ( 'NONE', ( #2090, #3800, #3039, #1323 ) ) ;
#1806 = VECTOR ( 'NONE', #2153, 1000.000000000000000 ) ;
#1807 = ORIENTED_EDGE ( 'NONE', *, *, #2497, .T. ) ;
#1808 = AXIS2_PLACEMENT_3D ( 'NONE', #817, #1158, #3527 ) ;
#1809 = CARTESIAN_POINT ( 'NONE',  ( 0.7200000000000007505, 0.5000000000000000000, -0.7200000000000009726 ) ) ;
#1810 = CARTESIAN_POINT ( 'NONE',  ( -5.820453768080105291E-16, 2.500000000000000000, 0.5100000000000004530 ) ) ;
#1811 = ORIENTED_EDGE ( 'NONE', *, *, #2581, .F. ) ;
#1812 = EDGE_CURVE ( 'NONE', #1692, #2830, #2272, .T. ) ;
#1813 = CARTESIAN_POINT ( 'NONE',  ( -0.1850717967697237398, 0.1327076581449564696, 0.1850717967697237398 ) ) ;
#1814 = AXIS2_PLACEMENT_3D ( 'NONE', #3108, #384, #90 ) ;
#1815 = CARTESIAN_POINT ( 'NONE',  ( 1.259999999999999787, 2.500000000000000000, -0.7400000000000001021 ) ) ;
#1816 = DIRECTION ( 'NONE',  ( 0.000000000000000000, 0.000000000000000000, -1.000000000000000000 ) ) ;
#1817 = VECTOR ( 'NONE', #131, 1000.000000000000000 ) ;
#1818 = CARTESIAN_POINT ( 'NONE',  ( 0.9554289321881339614, 2.490000000000000213, -0.9554289321881347385 ) ) ;
#1819 = EDGE_CURVE ( 'NONE', #1726, #3816, #3420, .T. ) ;
#1820 = DIRECTION ( 'NONE',  ( 0.000000000000000000, -1.000000000000000000, 0.000000000000000000 ) ) ;
#1821 = FACE_OUTER_BOUND ( 'NONE', #3390, .T. ) ;
#1822 = ORIENTED_EDGE ( 'NONE', *, *, #219, .F. ) ;
#1823 = VECTOR ( 'NONE', #2544, 1000.000000000000000 ) ;
#1824 = DIRECTION ( 'NONE',  ( 1.694065894508600432E-16, -1.232595164407836146E-32, 1.000000000000000000 ) ) ;
#1825 = VECTOR ( 'NONE', #1675, 1000.000000000000000 ) ;
#1826 = CARTESIAN_POINT ( 'NONE',  ( -0.3200000000000001177, 0.3464101615137729628, -0.3099999999999999423 ) ) ;
#1827 = ORIENTED_EDGE ( 'NONE', *, *, #3494, .F. ) ;
#1828 = CARTESIAN_POINT ( 'NONE',  ( -0.6708578643762690419, 2.500000000000000000, -1.239999999999999769 ) ) ;
#1829 =( REPRESENTATION_RELATIONSHIP ('NONE','NONE', #695, #3423 ) REPRESENTATION_RELATIONSHIP_WITH_TRANSFORMATION ( #863 )SHAPE_REPRESENTATION_RELATIONSHIP( ) );
#1830 = EDGE_LOOP ( 'NONE', ( #1538, #3604, #417, #3028 ) ) ;
#1831 = EDGE_CURVE ( 'NONE', #2077, #524, #315, .T. ) ;
#1832 = CARTESIAN_POINT ( 'NONE',  ( -0.6779289321881342145, 0.01000000000000002623, 1.247071067811866163 ) ) ;
#1833 = CARTESIAN_POINT ( 'NONE',  ( -1.179142135623731047, 2.490000000000000213, -0.7499999999999997780 ) ) ;
#1834 = CARTESIAN_POINT ( 'NONE',  ( -1.150857864376268580, 0.000000000000000000, -0.7600000000000001199 ) ) ;
#1835 = EDGE_CURVE ( 'NONE', #88, #1281, #2350, .T. ) ;
#1836 = LINE ( 'NONE', #290, #2917 ) ;
#1837 = LINE ( 'NONE', #42, #2635 ) ;
#1838 = ORIENTED_EDGE ( 'NONE', *, *, #3014, .F. ) ;
#1839 = DIRECTION ( 'NONE',  ( 1.606225440719263902E-16, 0.000000000000000000, 1.000000000000000000 ) ) ;
#1840 = CYLINDRICAL_SURFACE ( 'NONE', #2132, 0.009999999999999998473 ) ;
#1841 = ORIENTED_EDGE ( 'NONE', *, *, #1819, .T. ) ;
#1842 = ORIENTED_EDGE ( 'NONE', *, *, #2839, .T. ) ;
#1843 = CARTESIAN_POINT ( 'NONE',  ( -0.3200000000000001177, 0.3464101615137729628, -0.3199999999999999512 ) ) ;
#1844 = CARTESIAN_POINT ( 'NONE',  ( -1.269999999999999796, 2.490000000000000213, -0.5000000000000008882 ) ) ;
#1845 = DIRECTION ( 'NONE',  ( -0.000000000000000000, 1.000000000000000000, -0.000000000000000000 ) ) ;
#1846 =( BOUNDED_CURVE ( )  B_SPLINE_CURVE ( 3, ( #2297, #522, #3282, #3522 ),
 .UNSPECIFIED., .F., .T. ) 
 B_SPLINE_CURVE_WITH_KNOTS ( ( 4, 4 ),
 ( 4.712388980384680792, 6.283185307179586232 ),
 .UNSPECIFIED. ) 
 CURVE ( )  GEOMETRIC_REPRESENTATION_ITEM ( )  RATIONAL_B_SPLINE_CURVE ( ( 1.000000000000000000, 0.8047378541243628280, 0.8047378541243628280, 1.000000000000000000 ) ) 
 REPRESENTATION_ITEM ( '' )  );
#1847 = FACE_OUTER_BOUND ( 'NONE', #270, .T. ) ;
#1848 = CARTESIAN_POINT ( 'NONE',  ( 1.269999999999999796, 2.490000000000000213, -0.7500000000000001110 ) ) ;
#1849 = DIRECTION ( 'NONE',  ( -0.4472135954999593155, 0.7745966692414818500, 0.4472135954999593710 ) ) ;
#1850 = CARTESIAN_POINT ( 'NONE',  ( -1.269999999999999796, 0.5100000000000000089, 0.7500000000000004441 ) ) ;
#1851 = CARTESIAN_POINT ( 'NONE',  ( 1.269999999999999796, 2.495857864376268331, -0.5000000000000011102 ) ) ;
#1852 = DIRECTION ( 'NONE',  ( 0.000000000000000000, 0.000000000000000000, 1.000000000000000000 ) ) ;
#1853 = UNCERTAINTY_MEASURE_WITH_UNIT (LENGTH_MEASURE( 1.000000000000000082E-05 ), #1686, 'distance_accuracy_value', 'NONE');
#1854 = ORIENTED_EDGE ( 'NONE', *, *, #3606, .F. ) ;
#1855 = VECTOR ( 'NONE', #3818, 1000.000000000000000 ) ;
#1856 = AXIS2_PLACEMENT_3D ( 'NONE', #3132, #391, #2224 ) ;
#1857 = CARTESIAN_POINT ( 'NONE',  ( 20.32000000000000384, 0.000000000000000000, -3.284002366937861746E-15 ) ) ;
#1858 = DIRECTION ( 'NONE',  ( -1.000000000000000000, 0.000000000000000000, 0.000000000000000000 ) ) ;
#1859 = EDGE_CURVE ( 'NONE', #1721, #2712, #3742, .T. ) ;
#1860 = VECTOR ( 'NONE', #1603, 1000.000000000000000 ) ;
#1861 = ORIENTED_EDGE ( 'NONE', *, *, #980, .T. ) ;
#1862 = EDGE_CURVE ( 'NONE', #1663, #3786, #3330, .T. ) ;
#1863 = APPLICATION_CONTEXT ( 'automotive_design' ) ;
#1864 = ORIENTED_EDGE ( 'NONE', *, *, #1522, .T. ) ;
#1865 = PLANE ( 'NONE',  #3805 ) ;
#1866 = CARTESIAN_POINT ( 'NONE',  ( -0.3200000000000001177, 0.9000000000000002442, -0.3200000000000000622 ) ) ;
#1867 = CARTESIAN_POINT ( 'NONE',  ( -0.6779289321881342145, 0.01000000000000002623, -1.247071067811865275 ) ) ;
#1868 = VERTEX_POINT ( 'NONE', #3008 ) ;
#1869 = DIRECTION ( 'NONE',  ( -1.000000000000000000, 0.000000000000000000, 1.606225440719266613E-16 ) ) ;
#1870 = PLANE ( 'NONE',  #1814 ) ;
#1871 = CARTESIAN_POINT ( 'NONE',  ( -0.3130717967697246307, 0.3544101615137729699, -0.3130717967697244641 ) ) ;
#1872 = CARTESIAN_POINT ( 'NONE',  ( -0.3200000000000000067, 11.50000000000000000, 0.3200000000000000622 ) ) ;
#1873 = AXIS2_PLACEMENT_3D ( 'NONE', #2545, #3781, #2818 ) ;
#1874 = EDGE_CURVE ( 'NONE', #1342, #26, #2675, .T. ) ;
#1875 = DIRECTION ( 'NONE',  ( 0.7071067811865473507, 0.000000000000000000, -0.7071067811865476838 ) ) ;
#1876 = ORIENTED_EDGE ( 'NONE', *, *, #3362, .T. ) ;
#1877 = CIRCLE ( 'NONE', #173, 0.01000000000000002623 ) ;
#1878 = DIRECTION ( 'NONE',  ( 0.000000000000000000, 0.000000000000000000, 1.000000000000000000 ) ) ;
#1879 = CARTESIAN_POINT ( 'NONE',  ( -0.3112600429262813995, 11.15372788819387395, -0.3199202969641255501 ) ) ;
#1880 = FACE_OUTER_BOUND ( 'NONE', #2664, .T. ) ;
#1881 = DIRECTION ( 'NONE',  ( -1.000000000000000000, 0.000000000000000000, 8.470329472543003391E-17 ) ) ;
#1882 = ADVANCED_FACE ( 'NONE', ( #2042 ), #3588, .F. ) ;
#1883 = ORIENTED_EDGE ( 'NONE', *, *, #1998, .T. ) ;
#1884 = EDGE_CURVE ( 'NONE', #2106, #1451, #921, .T. ) ;
#1885 = AXIS2_PLACEMENT_3D ( 'NONE', #914, #3343, #2701 ) ;
#1886 = DIRECTION ( 'NONE',  ( -1.000000000000000000, 5.421010862427752517E-15, -3.129822080702418774E-15 ) ) ;
#1887 = CYLINDRICAL_SURFACE ( 'NONE', #3359, 0.01000000000000002623 ) ;
#1888 = ORIENTED_EDGE ( 'NONE', *, *, #2335, .T. ) ;
#1889 = EDGE_CURVE ( 'NONE', #1183, #3358, #2121, .T. ) ;
#1890 = VERTEX_POINT ( 'NONE', #1781 ) ;
#1891 = CIRCLE ( 'NONE', #2412, 0.01000000000000002623 ) ;
#1892 = CARTESIAN_POINT ( 'NONE',  ( -1.259999999999999787, 2.490000000000000213, 0.000000000000000000 ) ) ;
#1893 = LINE ( 'NONE', #116, #2198 ) ;
#1894 = DIRECTION ( 'NONE',  ( 1.000000000000000000, 0.000000000000000000, 1.141265444721588244E-15 ) ) ;
#1895 = VERTEX_POINT ( 'NONE', #3294 ) ;
#1896 = ORIENTED_EDGE ( 'NONE', *, *, #3334, .F. ) ;
#1897 = CARTESIAN_POINT ( 'NONE',  ( -0.3099999999999999978, 11.15358983848622287, 0.3200000000000000622 ) ) ;
#1898 = CYLINDRICAL_SURFACE ( 'NONE', #1120, 0.01000000000000002623 ) ;
#1899 = CARTESIAN_POINT ( 'NONE',  ( 0.7200000000000007505, 0.5000000000000000000, 0.7200000000000009726 ) ) ;
#1900 = ORIENTED_EDGE ( 'NONE', *, *, #2080, .T. ) ;
#1901 = EDGE_LOOP ( 'NONE', ( #1313, #1807, #782 ) ) ;
#1902 = LINE ( 'NONE', #363, #3667 ) ;
#1903 = CIRCLE ( 'NONE', #515, 0.009999999999999998473 ) ;
#1904 = LINE ( 'NONE', #3774, #553 ) ;
#1905 = EDGE_CURVE ( 'NONE', #3185, #88, #1145, .T. ) ;
#1906 = EDGE_LOOP ( 'NONE', ( #888, #1489, #1838, #2851 ) ) ;
#1907 =( BOUNDED_CURVE ( )  B_SPLINE_CURVE ( 3, ( #77, #2174, #982, #3708 ),
 .UNSPECIFIED., .F., .T. ) 
 B_SPLINE_CURVE_WITH_KNOTS ( ( 4, 4 ),
 ( 0.000000000000000000, 0.1263401276387650096 ),
 .UNSPECIFIED. ) 
 CURVE ( )  GEOMETRIC_REPRESENTATION_ITEM ( )  RATIONAL_B_SPLINE_CURVE ( ( 1.000000000000000000, 0.9986702899464856564, 0.9986702899464856564, 1.000000000000000000 ) ) 
 REPRESENTATION_ITEM ( '' )  );
#1908 = EDGE_CURVE ( 'NONE', #2334, #1895, #2745, .T. ) ;
#1909 = ORIENTED_EDGE ( 'NONE', *, *, #2296, .T. ) ;
#1910 = CARTESIAN_POINT ( 'NONE',  ( -1.991719546491890275E-16, 2.500000000000000000, -1.239999999999999769 ) ) ;
#1911 = ADVANCED_FACE ( 'NONE', ( #1179 ), #840, .T. ) ;
#1912 = CARTESIAN_POINT ( 'NONE',  ( 0.1199999999999994404, 11.50000000000000000, -2.032879073410311569E-17 ) ) ;
#1913 = FACE_OUTER_BOUND ( 'NONE', #901, .T. ) ;
#1914 = LINE ( 'NONE', #3404, #1934 ) ;
#1915 = ORIENTED_EDGE ( 'NONE', *, *, #2010, .T. ) ;
#1916 = EDGE_LOOP ( 'NONE', ( #1645, #3727, #3693, #2750 ) ) ;
#1917 = CONTEXT_DEPENDENT_SHAPE_REPRESENTATION ( #3435, #3839 ) ;
#1918 = DIRECTION ( 'NONE',  ( 1.000000000000000000, 0.000000000000000000, -0.000000000000000000 ) ) ;
#1919 = FACE_OUTER_BOUND ( 'NONE', #949, .T. ) ;
#1920 = CARTESIAN_POINT ( 'NONE',  ( 0.09773205080756859620, 11.53856921938165137, 0.08907179676972348803 ) ) ;
#1921 = ORIENTED_EDGE ( 'NONE', *, *, #1472, .T. ) ;
#1922 = STYLED_ITEM ( 'NONE', ( #839 ), #3560 ) ;
#1923 = AXIS2_PLACEMENT_3D ( 'NONE', #1039, #2827, #3511 ) ;
#1924 = VERTEX_POINT ( 'NONE', #245 ) ;
#1925 = CARTESIAN_POINT ( 'NONE',  ( 0.3299999999999999600, 2.500000000000000000, 0.3300000000000000155 ) ) ;
#1926 = VECTOR ( 'NONE', #2925, 1000.000000000000000 ) ;
#1927 = CYLINDRICAL_SURFACE ( 'NONE', #3040, 0.01000000000000002623 ) ;
#1928 = ORIENTED_EDGE ( 'NONE', *, *, #135, .F. ) ;
#1929 = ORIENTED_EDGE ( 'NONE', *, *, #1933, .F. ) ;
#1930 = DIRECTION ( 'NONE',  ( -0.4472135954999464924, 0.7745966692414957278, 0.4472135954999485463 ) ) ;
#1931 = LINE ( 'NONE', #689, #2643 ) ;
#1932 = EDGE_CURVE ( 'NONE', #3761, #3582, #1486, .T. ) ;
#1933 = EDGE_CURVE ( 'NONE', #795, #2890, #1508, .T. ) ;
#1934 = VECTOR ( 'NONE', #1257, 1000.000000000000000 ) ;
#1935 = CARTESIAN_POINT ( 'NONE',  ( 1.165000000000000480, 2.500000000000000000, 0.5099999999999992317 ) ) ;
#1936 = ORIENTED_EDGE ( 'NONE', *, *, #1546, .T. ) ;
#1937 = AXIS2_PLACEMENT_3D ( 'NONE', #1983, #2655, #498 ) ;
#1938 = ADVANCED_FACE ( 'NONE', ( #1220 ), #2431, .T. ) ;
#1939 = DIRECTION ( 'NONE',  ( -1.000000000000000000, 0.000000000000000000, 0.000000000000000000 ) ) ;
#1940 = LINE ( 'NONE', #141, #2632 ) ;
#1941 = LINE ( 'NONE', #1100, #2059 ) ;
#1942 = CARTESIAN_POINT ( 'NONE',  ( 0.1228867513459484806, 0.004999999999999970614, 0.1142264973081040663 ) ) ;
#1943 = VECTOR ( 'NONE', #3241, 1000.000000000000000 ) ;
#1944 = ORIENTED_EDGE ( 'NONE', *, *, #1862, .T. ) ;
#1945 = EDGE_LOOP ( 'NONE', ( #1058, #1141, #2234, #2509 ) ) ;
#1946 = AXIS2_PLACEMENT_3D ( 'NONE', #3830, #558, #517 ) ;
#1947 = CARTESIAN_POINT ( 'NONE',  ( -1.179142135623730825, 2.490000000000000213, 0.7600000000000004530 ) ) ;
#1948 = FACE_OUTER_BOUND ( 'NONE', #2131, .T. ) ;
#1949 = VERTEX_POINT ( 'NONE', #1742 ) ;
#1950 = EDGE_LOOP ( 'NONE', ( #3354, #1900, #3041, #2521, #1711, #3337 ) ) ;
#1951 = FACE_OUTER_BOUND ( 'NONE', #1192, .T. ) ;
#1952 = CIRCLE ( 'NONE', #2212, 0.01000000000000000194 ) ;
#1953 = DIRECTION ( 'NONE',  ( 0.8660254037844379305, 0.5000000000000012212, -1.355252715606880740E-15 ) ) ;
#1954 = ADVANCED_FACE ( 'NONE', ( #2671 ), #1764, .F. ) ;
#1955 =( BOUNDED_CURVE ( )  B_SPLINE_CURVE ( 3, ( #1778, #3004, #11, #612 ),
 .UNSPECIFIED., .F., .T. ) 
 B_SPLINE_CURVE_WITH_KNOTS ( ( 4, 4 ),
 ( 3.141592653589793116, 4.712388980384689674 ),
 .UNSPECIFIED. ) 
 CURVE ( )  GEOMETRIC_REPRESENTATION_ITEM ( )  RATIONAL_B_SPLINE_CURVE ( ( 1.000000000000000000, 0.8047378541243649375, 0.8047378541243649375, 1.000000000000000000 ) ) 
 REPRESENTATION_ITEM ( '' )  );
#1956 = EDGE_CURVE ( 'NONE', #1529, #3058, #3909, .T. ) ;
#1957 = CARTESIAN_POINT ( 'NONE',  ( 1.175000000000000044, 0.01000000000000002623, -0.7500000000000001110 ) ) ;
#1958 = EDGE_LOOP ( 'NONE', ( #262, #1210, #2047, #168 ) ) ;
#1959 = EDGE_LOOP ( 'NONE', ( #1297, #3080, #3134, #3479 ) ) ;
#1960 = ADVANCED_FACE ( 'NONE', ( #2782 ), #1559, .T. ) ;
#1961 = DIRECTION ( 'NONE',  ( 0.000000000000000000, 0.000000000000000000, 1.000000000000000000 ) ) ;
#1962 = CARTESIAN_POINT ( 'NONE',  ( -1.172071067811865541, 2.490000000000000213, -0.7529289321881343922 ) ) ;
#1963 = CARTESIAN_POINT ( 'NONE',  ( 1.270000000000000018, 2.490000000000000213, 0.4999999999999986122 ) ) ;
#1964 = CARTESIAN_POINT ( 'NONE',  ( 0.3199202969641255501, 11.15372788819387395, -0.3112600429262813440 ) ) ;
#1965 = EDGE_LOOP ( 'NONE', ( #1028, #1505, #1980, #3128, #150 ) ) ;
#1966 = ORIENTED_EDGE ( 'NONE', *, *, #2154, .F. ) ;
#1967 = DIRECTION ( 'NONE',  ( -0.000000000000000000, 1.000000000000000000, -0.000000000000000000 ) ) ;
#1968 = CARTESIAN_POINT ( 'NONE',  ( -0.3112600429262814550, 0.3462721118061212189, -0.3199202969641256611 ) ) ;
#1969 = EDGE_LOOP ( 'NONE', ( #397, #3441, #1928, #971 ) ) ;
#1970 = ORIENTED_EDGE ( 'NONE', *, *, #3581, .F. ) ;
#1971 = DIRECTION ( 'NONE',  ( -1.000000000000000000, 0.000000000000000000, 1.606225440719265874E-16 ) ) ;
#1972 = LINE ( 'NONE', #2340, #1800 ) ;
#1973 = CARTESIAN_POINT ( 'NONE',  ( -1.259999999999999787, 0.5000000000000000000, -0.7500000000000001110 ) ) ;
#1974 = VERTEX_POINT ( 'NONE', #1833 ) ;
#1975 = LINE ( 'NONE', #1843, #3482 ) ;
#1976 = DIRECTION ( 'NONE',  ( 1.000000000000000000, 0.000000000000000000, 0.000000000000000000 ) ) ;
#1977 = CARTESIAN_POINT ( 'NONE',  ( -0.3200000000000001732, 2.495857864376268331, -0.3200000000000000622 ) ) ;
#1978 = CARTESIAN_POINT ( 'NONE',  ( 0.6750000000000003775, 0.01000000000000002623, 1.250000000000000444 ) ) ;
#1979 = ORIENTED_EDGE ( 'NONE', *, *, #56, .F. ) ;
#1980 = ORIENTED_EDGE ( 'NONE', *, *, #2602, .T. ) ;
#1981 = FILL_AREA_STYLE_COLOUR ( '', #1672 ) ;
#1982 = CARTESIAN_POINT ( 'NONE',  ( 0.000000000000000000, 11.49000000000000021, -0.1142264973081030810 ) ) ;
#1983 = CARTESIAN_POINT ( 'NONE',  ( 0.1142264973081040663, 0.01000000000000000194, -0.1142264973081040941 ) ) ;
#1984 = ORIENTED_EDGE ( 'NONE', *, *, #2282, .T. ) ;
#1985 = ORIENTED_EDGE ( 'NONE', *, *, #3720, .F. ) ;
#1986 = CIRCLE ( 'NONE', #3208, 0.009999999999999592548 ) ;
#1987 = DIRECTION ( 'NONE',  ( -0.000000000000000000, 0.000000000000000000, -1.000000000000000000 ) ) ;
#1988 = VECTOR ( 'NONE', #2929, 999.9999999999998863 ) ;
#1989 = DIRECTION ( 'NONE',  ( 0.000000000000000000, 0.000000000000000000, -1.000000000000000000 ) ) ;
#1990 = DIRECTION ( 'NONE',  ( 0.000000000000000000, 1.000000000000000000, 0.000000000000000000 ) ) ;
#1991 = DIRECTION ( 'NONE',  ( 0.000000000000000000, 1.000000000000000000, 0.000000000000000000 ) ) ;
#1992 =( REPRESENTATION_RELATIONSHIP ('NONE','NONE', #695, #1525 ) REPRESENTATION_RELATIONSHIP_WITH_TRANSFORMATION ( #3329 )SHAPE_REPRESENTATION_RELATIONSHIP( ) );
#1993 = SPHERICAL_SURFACE ( 'NONE', #1360, 0.01000000000000000021 ) ;
#1994 = DIRECTION ( 'NONE',  ( 0.000000000000000000, 1.000000000000000000, 0.000000000000000000 ) ) ;
#1995 = ORIENTED_EDGE ( 'NONE', *, *, #3141, .T. ) ;
#1996 = DIRECTION ( 'NONE',  ( -0.7071067811865474617, 0.000000000000000000, -0.7071067811865474617 ) ) ;
#1997 = LINE ( 'NONE', #2625, #1540 ) ;
#1998 = EDGE_CURVE ( 'NONE', #3815, #1655, #2467, .T. ) ;
#1999 = VECTOR ( 'NONE', #2158, 1000.000000000000000 ) ;
#2000 = DIRECTION ( 'NONE',  ( -1.000000000000000000, 0.000000000000000000, 0.000000000000000000 ) ) ;
#2001 = ORIENTED_EDGE ( 'NONE', *, *, #3752, .T. ) ;
#2002 = ORIENTED_EDGE ( 'NONE', *, *, #1662, .T. ) ;
#2003 =( NAMED_UNIT ( * ) SI_UNIT ( $, .STERADIAN. ) SOLID_ANGLE_UNIT ( ) );
#2004 = CARTESIAN_POINT ( 'NONE',  ( 0.000000000000000000, 11.50000000000000000, -0.1199999999999994404 ) ) ;
#2005 = VECTOR ( 'NONE', #403, 1000.000000000000000 ) ;
#2006 = PRESENTATION_LAYER_ASSIGNMENT (  '', '', ( #2714 ) ) ;
#2007 = CYLINDRICAL_SURFACE ( 'NONE', #355, 0.01000000000000002623 ) ;
#2008 = ITEM_DEFINED_TRANSFORMATION ( 'NONE', 'NONE', #3398,  #1173 ) ;
#2009 = VERTEX_POINT ( 'NONE', #3063 ) ;
#2010 = EDGE_CURVE ( 'NONE', #3665, #2253, #2203, .T. ) ;
#2011 = EDGE_LOOP ( 'NONE', ( #563, #1650, #613, #2336 ) ) ;
#2012 = AXIS2_PLACEMENT_3D ( 'NONE', #2004, #472, #3178 ) ;
#2013 = LINE ( 'NONE', #2692, #1943 ) ;
#2014 = CARTESIAN_POINT ( 'NONE',  ( 1.260000000000000453, 0.5100000000000000089, 0.7500000000000001110 ) ) ;
#2015 = VECTOR ( 'NONE', #57, 1000.000000000000000 ) ;
#2016 = FACE_OUTER_BOUND ( 'NONE', #3728, .T. ) ;
#2017 = CYLINDRICAL_SURFACE ( 'NONE', #289, 0.009999999999999998473 ) ;
#2018 = ORIENTED_EDGE ( 'NONE', *, *, #3652, .T. ) ;
#2019 = CARTESIAN_POINT ( 'NONE',  ( -0.6749999999999997113, 0.01000000000000002623, -1.239999999999999769 ) ) ;
#2020 = LINE ( 'NONE', #2058, #1356 ) ;
#2021 = LINE ( 'NONE', #3810, #934 ) ;
#2022 = CARTESIAN_POINT ( 'NONE',  ( -1.175000000000000044, 2.350000000000000089, 0.4999999999999991673 ) ) ;
#2023 = VERTEX_POINT ( 'NONE', #321 ) ;
#2024 = CARTESIAN_POINT ( 'NONE',  ( 0.3200000000000000067, 11.15358983848622110, 0.3104214140871990879 ) ) ;
#2025 = FACE_OUTER_BOUND ( 'NONE', #71, .T. ) ;
#2026 = ORIENTED_EDGE ( 'NONE', *, *, #1020, .T. ) ;
#2027 = FACE_OUTER_BOUND ( 'NONE', #393, .T. ) ;
#2028 = ADVANCED_FACE ( 'NONE', ( #368 ), #1533, .T. ) ;
#2029 = CARTESIAN_POINT ( 'NONE',  ( -0.3200000000000000622, 2.490000000000000213, 0.3199999999999999512 ) ) ;
#2030 = EDGE_CURVE ( 'NONE', #1663, #2023, #3037, .T. ) ;
#2031 = FACE_OUTER_BOUND ( 'NONE', #274, .T. ) ;
#2032 = DIRECTION ( 'NONE',  ( 0.000000000000000000, -2.710505431213761479E-15, -1.000000000000000000 ) ) ;
#2033 = EDGE_CURVE ( 'NONE', #1612, #581, #1803, .T. ) ;
#2034 = CARTESIAN_POINT ( 'NONE',  ( -0.3200000000000001177, 0.9000000000000002442, -0.3200000000000000622 ) ) ;
#2035 = EDGE_CURVE ( 'NONE', #2593, #2009, #3086, .T. ) ;
#2036 = VERTEX_POINT ( 'NONE', #2152 ) ;
#2037 = ITEM_DEFINED_TRANSFORMATION ( 'NONE', 'NONE', #2313,  #1173 ) ;
#2038 = CARTESIAN_POINT ( 'NONE',  ( -1.259999999999999787, 2.500000000000000000, -0.7399999999999997691 ) ) ;
#2039 = CARTESIAN_POINT ( 'NONE',  ( 1.270000000000000240, 2.495857864376268775, 0.7500000000000003331 ) ) ;
#2040 = CARTESIAN_POINT ( 'NONE',  ( -0.6708578643762688198, 2.490000000000000213, 1.240000000000000657 ) ) ;
#2041 = ORIENTED_EDGE ( 'NONE', *, *, #1494, .F. ) ;
#2042 = FACE_OUTER_BOUND ( 'NONE', #1, .T. ) ;
#2043 = CARTESIAN_POINT ( 'NONE',  ( 0.000000000000000000, 11.50000000000000000, 0.1199999999999995515 ) ) ;
#2044 = VERTEX_POINT ( 'NONE', #960 ) ;
#2045 = EDGE_CURVE ( 'NONE', #1291, #2856, #2218, .T. ) ;
#2046 = DIRECTION ( 'NONE',  ( -0.7071067811865259234, 0.000000000000000000, -0.7071067811865692221 ) ) ;
#2047 = ORIENTED_EDGE ( 'NONE', *, *, #3013, .F. ) ;
#2048 = AXIS2_PLACEMENT_3D ( 'NONE', #3071, #2394, #329 ) ;
#2049 = VECTOR ( 'NONE', #2786, 1000.000000000000000 ) ;
#2050 = FACE_OUTER_BOUND ( 'NONE', #3639, .T. ) ;
#2051 = AXIS2_PLACEMENT_3D ( 'NONE', #268, #2699, #1191 ) ;
#2052 = CARTESIAN_POINT ( 'NONE',  ( -1.265857864376269237, 2.500000000000000000, -0.7458578643762688865 ) ) ;
#2053 = ORIENTED_EDGE ( 'NONE', *, *, #2233, .F. ) ;
#2054 = EDGE_CURVE ( 'NONE', #30, #1287, #688, .T. ) ;
#2055 = EDGE_CURVE ( 'NONE', #3394, #2106, #3421, .T. ) ;
#2056 = VECTOR ( 'NONE', #1093, 1000.000000000000000 ) ;
#2057 = SURFACE_SIDE_STYLE ('',( #197 ) ) ;
#2058 = CARTESIAN_POINT ( 'NONE',  ( -1.269999999999999574, 0.5000000000000000000, 0.7200000000000009726 ) ) ;
#2059 = VECTOR ( 'NONE', #2304, 1000.000000000000000 ) ;
#2060 = PLANE ( 'NONE',  #606 ) ;
#2061 = ORIENTED_EDGE ( 'NONE', *, *, #1874, .T. ) ;
#2062 = ADVANCED_FACE ( 'NONE', ( #3125 ), #1870, .F. ) ;
#2063 = AXIS2_PLACEMENT_3D ( 'NONE', #785, #483, #3878 ) ;
#2064 = CARTESIAN_POINT ( 'NONE',  ( -1.174999999999999822, 0.004142135623730934871, -0.7499999999999998890 ) ) ;
#2065 = CARTESIAN_POINT ( 'NONE',  ( -1.175000000000000044, 2.490000000000000213, -0.5100000000000008971 ) ) ;
#2066 = EDGE_LOOP ( 'NONE', ( #3264, #1789, #1354, #3590 ) ) ;
#2067 = AXIS2_PLACEMENT_3D ( 'NONE', #2088, #3073, #1526 ) ;
#2068 = ORIENTED_EDGE ( 'NONE', *, *, #244, .F. ) ;
#2069 = CARTESIAN_POINT ( 'NONE',  ( -0.6708578643762688198, 0.01000000000000000021, 1.240000000000000657 ) ) ;
#2070 = EDGE_CURVE ( 'NONE', #3902, #2788, #703, .T. ) ;
#2071 = CARTESIAN_POINT ( 'NONE',  ( 0.6708578643762688198, 2.490000000000000213, -1.239999999999999991 ) ) ;
#2072 = ORIENTED_EDGE ( 'NONE', *, *, #3165, .F. ) ;
#2073 = AXIS2_PLACEMENT_3D ( 'NONE', #2294, #868, #1129 ) ;
#2074 = DIRECTION ( 'NONE',  ( 0.000000000000000000, -1.000000000000000000, 0.000000000000000000 ) ) ;
#2075 = CARTESIAN_POINT ( 'NONE',  ( -0.3193224092811617898, 11.15476346003734065, 0.3159672026817065826 ) ) ;
#2076 = DIRECTION ( 'NONE',  ( -0.000000000000000000, 1.000000000000000000, -0.000000000000000000 ) ) ;
#2077 = VERTEX_POINT ( 'NONE', #115 ) ;
#2078 = CARTESIAN_POINT ( 'NONE',  ( 0.3199999999999998956, 2.490000000000000213, -0.3200000000000000622 ) ) ;
#2079 = EDGE_CURVE ( 'NONE', #3258, #2561, #112, .T. ) ;
#2080 = EDGE_CURVE ( 'NONE', #2307, #1342, #541, .T. ) ;
#2081 = FACE_OUTER_BOUND ( 'NONE', #3801, .T. ) ;
#2082 = ORIENTED_EDGE ( 'NONE', *, *, #2970, .T. ) ;
#2083 = EDGE_CURVE ( 'NONE', #2856, #88, #1150, .T. ) ;
#2084 = AXIS2_PLACEMENT_3D ( 'NONE', #2904, #2968, #177 ) ;
#2085 = DIRECTION ( 'NONE',  ( 0.000000000000000000, 0.000000000000000000, 1.000000000000000000 ) ) ;
#2086 = CARTESIAN_POINT ( 'NONE',  ( -1.175000000000000711, 2.500000000000000000, 0.7499999999999997780 ) ) ;
#2087 =( BOUNDED_CURVE ( )  B_SPLINE_CURVE ( 3, ( #1422, #3608, #2321, #3861 ),
 .UNSPECIFIED., .F., .T. ) 
 B_SPLINE_CURVE_WITH_KNOTS ( ( 4, 4 ),
 ( 1.570796326794896558, 3.141592653589793116 ),
 .UNSPECIFIED. ) 
 CURVE ( )  GEOMETRIC_REPRESENTATION_ITEM ( )  RATIONAL_B_SPLINE_CURVE ( ( 1.000000000000000000, 0.8047378541243649375, 0.8047378541243649375, 1.000000000000000000 ) ) 
 REPRESENTATION_ITEM ( '' )  );
#2088 = CARTESIAN_POINT ( 'NONE',  ( 0.3199999999999998956, 0.9000000000000002442, -0.3200000000000000622 ) ) ;
#2089 = EDGE_LOOP ( 'NONE', ( #2061, #701, #1709, #988 ) ) ;
#2090 = ORIENTED_EDGE ( 'NONE', *, *, #600, .T. ) ;
#2091 = PRODUCT_DEFINITION_SHAPE ( 'NONE', 'NONE',  #572 ) ;
#2092 = DIRECTION ( 'NONE',  ( -1.000000000000000000, -0.000000000000000000, 1.606225440719265874E-16 ) ) ;
#2093 = ORIENTED_EDGE ( 'NONE', *, *, #2080, .F. ) ;
#2094 = DIRECTION ( 'NONE',  ( 0.000000000000000000, 0.000000000000000000, -1.000000000000000000 ) ) ;
#2095 = LINE ( 'NONE', #3322, #342 ) ;
#2096 = CYLINDRICAL_SURFACE ( 'NONE', #1130, 0.01000000000000001409 ) ;
#2097 = DIRECTION ( 'NONE',  ( -1.000000000000000000, 0.000000000000000000, -0.000000000000000000 ) ) ;
#2098 = DIRECTION ( 'NONE',  ( -0.7071067811865474617, 0.000000000000000000, -0.7071067811865474617 ) ) ;
#2099 = DIRECTION ( 'NONE',  ( 2.891205793294678819E-16, 0.000000000000000000, 1.000000000000000000 ) ) ;
#2100 = VERTEX_POINT ( 'NONE', #2958 ) ;
#2101 = PRODUCT_DEFINITION ( 'UNKNOWN', '', #2954, #1231 ) ;
#2102 = CARTESIAN_POINT ( 'NONE',  ( 10.16000000000000192, 0.000000000000000000, -1.642001183468930873E-15 ) ) ;
#2103 = CARTESIAN_POINT ( 'NONE',  ( -1.164999999999999591, -2.716595655254011054E-17, -0.7541421356237311135 ) ) ;
#2104 = DIRECTION ( 'NONE',  ( 1.000000000000000000, 0.000000000000000000, 0.000000000000000000 ) ) ;
#2105 = VERTEX_POINT ( 'NONE', #1695 ) ;
#2106 = VERTEX_POINT ( 'NONE', #2938 ) ;
#2107 = CARTESIAN_POINT ( 'NONE',  ( 1.260000000000000009, 0.5000000000000000000, -0.7500000000000001110 ) ) ;
#2108 = ORIENTED_EDGE ( 'NONE', *, *, #25, .F. ) ;
#2109 = CYLINDRICAL_SURFACE ( 'NONE', #1359, 0.009999999999999998473 ) ;
#2110 = LINE ( 'NONE', #2384, #3662 ) ;
#2111 = AXIS2_PLACEMENT_3D ( 'NONE', #13, #2085, #275 ) ;
#2112 = CARTESIAN_POINT ( 'NONE',  ( 1.165000000000000258, 2.500000000000000000, -5.052382123782449676E-16 ) ) ;
#2113 = CARTESIAN_POINT ( 'NONE',  ( 0.3199999999999998956, 0.3464101615137729628, -0.3099999999999999423 ) ) ;
#2114 = VECTOR ( 'NONE', #880, 1000.000000000000000 ) ;
#2115 = CARTESIAN_POINT ( 'NONE',  ( 0.1142264973081041080, 0.01000000000000000021, 0.1142264973081041773 ) ) ;
#2116 = ORIENTED_EDGE ( 'NONE', *, *, #2033, .T. ) ;
#2117 = AXIS2_PLACEMENT_3D ( 'NONE', #1078, #3578, #506 ) ;
#2118 = CARTESIAN_POINT ( 'NONE',  ( 5.080000000000000959, -2.200000000000000622, -1.254681460728667309E-15 ) ) ;
#2119 =( REPRESENTATION_RELATIONSHIP ('NONE','NONE', #695, #1525 ) REPRESENTATION_RELATIONSHIP_WITH_TRANSFORMATION ( #158 )SHAPE_REPRESENTATION_RELATIONSHIP( ) );
#2120 = ITEM_DEFINED_TRANSFORMATION ( 'NONE', 'NONE', #1728,  #1173 ) ;
#2121 = LINE ( 'NONE', #2414, #1566 ) ;
#2122 = FACE_OUTER_BOUND ( 'NONE', #79, .T. ) ;
#2123 = VERTEX_POINT ( 'NONE', #229 ) ;
#2124 = CIRCLE ( 'NONE', #2653, 0.01000000000000001409 ) ;
#2125 = AXIS2_PLACEMENT_3D ( 'NONE', #2930, #1083, #2285 ) ;
#2126 = ORIENTED_EDGE ( 'NONE', *, *, #1617, .F. ) ;
#2127 = VECTOR ( 'NONE', #837, 1000.000000000000000 ) ;
#2128 = CARTESIAN_POINT ( 'NONE',  ( -1.269999999999999796, -1.503005322678532707, 0.7500000000000004441 ) ) ;
#2129 = EDGE_CURVE ( 'NONE', #1183, #691, #3899, .T. ) ;
#2130 = DIRECTION ( 'NONE',  ( 1.000000000000000000, 0.000000000000000000, -0.000000000000000000 ) ) ;
#2131 = EDGE_LOOP ( 'NONE', ( #433, #930, #1693, #3641 ) ) ;
#2132 = AXIS2_PLACEMENT_3D ( 'NONE', #1765, #948, #3651 ) ;
#2133 = LINE ( 'NONE', #624, #94 ) ;
#2134 = AXIS2_PLACEMENT_3D ( 'NONE', #820, #3213, #3797 ) ;
#2135 = DIRECTION ( 'NONE',  ( 0.000000000000000000, -1.000000000000000000, 0.000000000000000000 ) ) ;
#2136 = CARTESIAN_POINT ( 'NONE',  ( 0.08907179676972415416, 11.53856921938165137, 0.09773205080756852681 ) ) ;
#2137 = CIRCLE ( 'NONE', #1946, 0.01000000000000000715 ) ;
#2138 = DIRECTION ( 'NONE',  ( -0.7071067811865477948, 0.000000000000000000, -0.7071067811865472397 ) ) ;
#2139 = DIRECTION ( 'NONE',  ( 0.000000000000000000, 0.000000000000000000, -1.000000000000000000 ) ) ;
#2140 = CARTESIAN_POINT ( 'NONE',  ( 0.3241421356237307871, 2.500000000000000000, -0.3241421356237310647 ) ) ;
#2141 = EDGE_LOOP ( 'NONE', ( #3499, #119, #3857, #3297 ) ) ;
#2142 = DIRECTION ( 'NONE',  ( 1.000000000000000000, 0.000000000000000000, 0.000000000000000000 ) ) ;
#2143 = CARTESIAN_POINT ( 'NONE',  ( -1.175000000000000044, 2.350000000000000089, -0.5000000000000008882 ) ) ;
#2144 = CARTESIAN_POINT ( 'NONE',  ( 0.000000000000000000, 11.50000000000000000, 0.000000000000000000 ) ) ;
#2145 = ORIENTED_EDGE ( 'NONE', *, *, #1243, .T. ) ;
#2146 = ORIENTED_EDGE ( 'NONE', *, *, #2798, .T. ) ;
#2147 = DIRECTION ( 'NONE',  ( -0.000000000000000000, 0.000000000000000000, -1.000000000000000000 ) ) ;
#2148 = CARTESIAN_POINT ( 'NONE',  ( 0.3112600429262812884, 11.15372788819387395, -0.3199202969641256056 ) ) ;
#2149 = EDGE_CURVE ( 'NONE', #3316, #2830, #1877, .T. ) ;
#2150 = CARTESIAN_POINT ( 'NONE',  ( -1.179142135623730825, 2.500000000000000000, 0.7600000000000004530 ) ) ;
#2151 = PRODUCT_DEFINITION_SHAPE ( 'NONE', 'NONE',  #3924 ) ;
#2152 = CARTESIAN_POINT ( 'NONE',  ( -0.3100000000000001088, 11.15358983848622287, -0.3199999999999999512 ) ) ;
#2153 = DIRECTION ( 'NONE',  ( 0.000000000000000000, -0.000000000000000000, -1.000000000000000000 ) ) ;
#2154 = EDGE_CURVE ( 'NONE', #1630, #2493, #784, .T. ) ;
#2155 = LINE ( 'NONE', #2723, #956 ) ;
#2156 = DIRECTION ( 'NONE',  ( -0.4472135954999592600, -0.7745966692414817389, 0.4472135954999593710 ) ) ;
#2157 = ADVANCED_FACE ( 'NONE', ( #2659 ), #2919, .T. ) ;
#2158 = DIRECTION ( 'NONE',  ( 1.000000000000000000, -0.000000000000000000, -0.000000000000000000 ) ) ;
#2159 = ORIENTED_EDGE ( 'NONE', *, *, #1454, .F. ) ;
#2160 = DIRECTION ( 'NONE',  ( 0.000000000000000000, 0.000000000000000000, 1.000000000000000000 ) ) ;
#2161 = CARTESIAN_POINT ( 'NONE',  ( -0.3200000000000000067, 0.3464101615137729628, 0.3200000000000000622 ) ) ;
#2162 = CARTESIAN_POINT ( 'NONE',  ( -0.3199202969641256056, 11.15372788819387395, 0.3112600429262813995 ) ) ;
#2163 = EDGE_CURVE ( 'NONE', #1317, #1572, #765, .T. ) ;
#2164 = VERTEX_POINT ( 'NONE', #3220 ) ;
#2165 =( BOUNDED_CURVE ( )  B_SPLINE_CURVE ( 3, ( #1879, #1657, #2514, #1325 ),
 .UNSPECIFIED., .F., .T. ) 
 B_SPLINE_CURVE_WITH_KNOTS ( ( 4, 4 ),
 ( 2.482534617831140267, 3.800650689348524125 ),
 .UNSPECIFIED. ) 
 CURVE ( )  GEOMETRIC_REPRESENTATION_ITEM ( )  RATIONAL_B_SPLINE_CURVE ( ( 1.000000000000000000, 0.8603796100557086213, 0.8603796100557086213, 1.000000000000000000 ) ) 
 REPRESENTATION_ITEM ( '' )  );
#2166 = DIRECTION ( 'NONE',  ( -1.000000000000000000, 0.000000000000000000, 0.000000000000000000 ) ) ;
#2167 = DIRECTION ( 'NONE',  ( -0.000000000000000000, 1.000000000000000000, -0.000000000000000000 ) ) ;
#2168 = LINE ( 'NONE', #3393, #1755 ) ;
#2169 = ORIENTED_EDGE ( 'NONE', *, *, #3314, .T. ) ;
#2170 = DIRECTION ( 'NONE',  ( -0.7071067811865466846, 0.7071067811865483499, 5.989427408919423217E-17 ) ) ;
#2171 = ADVANCED_FACE ( 'NONE', ( #3894, #2338 ), #846, .F. ) ;
#2172 = CARTESIAN_POINT ( 'NONE',  ( -1.175000000000000044, 2.490000000000000213, 0.4999999999999991673 ) ) ;
#2173 = CARTESIAN_POINT ( 'NONE',  ( 0.08907179676972407090, 11.53356921938165236, 0.08907179676972415416 ) ) ;
#2174 = CARTESIAN_POINT ( 'NONE',  ( 0.3104214140871991989, 11.15358983848622110, 0.3200000000000000067 ) ) ;
#2175 = EDGE_CURVE ( 'NONE', #750, #2830, #3166, .T. ) ;
#2176 = LINE ( 'NONE', #726, #2708 ) ;
#2177 = ORIENTED_EDGE ( 'NONE', *, *, #1641, .T. ) ;
#2178 = EDGE_CURVE ( 'NONE', #2210, #2496, #1176, .T. ) ;
#2179 = VECTOR ( 'NONE', #909, 1000.000000000000114 ) ;
#2180 = MECHANICAL_DESIGN_GEOMETRIC_PRESENTATION_REPRESENTATION (  '', ( #3018 ), #1797 ) ;
#2181 = APPLICATION_PROTOCOL_DEFINITION ( 'draft international standard', 'automotive_design', 1998, #1863 ) ;
#2182 = DIRECTION ( 'NONE',  ( 0.000000000000000000, 0.000000000000000000, -1.000000000000000000 ) ) ;
#2183 = PLANE ( 'NONE',  #1746 ) ;
#2184 = ADVANCED_FACE ( 'NONE', ( #3402 ), #668, .F. ) ;
#2185 = EDGE_CURVE ( 'NONE', #1895, #2357, #3595, .T. ) ;
#2186 = AXIS2_PLACEMENT_3D ( 'NONE', #755, #2552, #1918 ) ;
#2187 = ORIENTED_EDGE ( 'NONE', *, *, #1713, .F. ) ;
#2188 = PLANE ( 'NONE',  #1528 ) ;
#2189 = FACE_OUTER_BOUND ( 'NONE', #1969, .T. ) ;
#2190 = ORIENTED_EDGE ( 'NONE', *, *, #1268, .F. ) ;
#2191 =( BOUNDED_CURVE ( )  B_SPLINE_CURVE ( 3, ( #1702, #2969, #2039, #2685 ),
 .UNSPECIFIED., .F., .T. ) 
 B_SPLINE_CURVE_WITH_KNOTS ( ( 4, 4 ),
 ( 1.570796326794896558, 3.141592653589836193 ),
 .UNSPECIFIED. ) 
 CURVE ( )  GEOMETRIC_REPRESENTATION_ITEM ( )  RATIONAL_B_SPLINE_CURVE ( ( 1.000000000000000000, 0.8047378541243548344, 0.8047378541243548344, 1.000000000000000000 ) ) 
 REPRESENTATION_ITEM ( '' )  );
#2192 = VERTEX_POINT ( 'NONE', #2996 ) ;
#2193 = AXIS2_PLACEMENT_3D ( 'NONE', #3303, #1165, #809 ) ;
#2194 = FACE_OUTER_BOUND ( 'NONE', #3476, .T. ) ;
#2195 = VECTOR ( 'NONE', #241, 1000.000000000000000 ) ;
#2196 = CARTESIAN_POINT ( 'NONE',  ( 0.3241421356237307871, 2.500000000000000000, 0.3241421356237308982 ) ) ;
#2197 = CARTESIAN_POINT ( 'NONE',  ( -1.175000000000000044, 2.500000000000000000, 0.7400000000000004352 ) ) ;
#2198 = VECTOR ( 'NONE', #2237, 1000.000000000000000 ) ;
#2199 = APPLICATION_CONTEXT ( 'automotive_design' ) ;
#2200 = FACE_OUTER_BOUND ( 'NONE', #3718, .T. ) ;
#2201 = VERTEX_POINT ( 'NONE', #265 ) ;
#2202 = ORIENTED_EDGE ( 'NONE', *, *, #3729, .T. ) ;
#2203 = CIRCLE ( 'NONE', #294, 0.01000000000000002623 ) ;
#2204 = CONTEXT_DEPENDENT_SHAPE_REPRESENTATION ( #3229, #2762 ) ;
#2205 = CARTESIAN_POINT ( 'NONE',  ( -1.165000000000000036, 2.500000000000000000, 0.000000000000000000 ) ) ;
#2206 = EDGE_CURVE ( 'NONE', #1572, #2679, #2013, .T. ) ;
#2207 = LINE ( 'NONE', #1290, #285 ) ;
#2208 = ADVANCED_FACE ( 'NONE', ( #1471 ), #3210, .T. ) ;
#2209 = VERTEX_POINT ( 'NONE', #3852 ) ;
#2210 = VERTEX_POINT ( 'NONE', #3561 ) ;
#2211 = EDGE_CURVE ( 'NONE', #524, #1433, #2466, .T. ) ;
#2212 = AXIS2_PLACEMENT_3D ( 'NONE', #271, #1480, #1479 ) ;
#2213 = CARTESIAN_POINT ( 'NONE',  ( 0.3099999999999998868, 0.3464101615137729628, -0.3199999999999999512 ) ) ;
#2214 = FACE_OUTER_BOUND ( 'NONE', #201, .T. ) ;
#2215 = EDGE_LOOP ( 'NONE', ( #987, #3275, #3542 ) ) ;
#2216 = EDGE_LOOP ( 'NONE', ( #3076, #2190, #3503, #2577 ) ) ;
#2217 = CARTESIAN_POINT ( 'NONE',  ( -1.175000000000000044, 0.5000000000000000000, -0.7500000000000001110 ) ) ;
#2218 =( BOUNDED_CURVE ( )  B_SPLINE_CURVE ( 3, ( #344, #58, #1273, #2802 ),
 .UNSPECIFIED., .F., .T. ) 
 B_SPLINE_CURVE_WITH_KNOTS ( ( 4, 4 ),
 ( 1.570796326794887454, 3.141592653589794448 ),
 .UNSPECIFIED. ) 
 CURVE ( )  GEOMETRIC_REPRESENTATION_ITEM ( )  RATIONAL_B_SPLINE_CURVE ( ( 1.000000000000000000, 0.8047378541243626060, 0.8047378541243626060, 1.000000000000000000 ) ) 
 REPRESENTATION_ITEM ( '' )  );
#2219 = CARTESIAN_POINT ( 'NONE',  ( 0.3199999999999998956, 2.495857864376268331, 0.3199999999999999512 ) ) ;
#2220 = DIRECTION ( 'NONE',  ( 0.000000000000000000, 0.000000000000000000, -1.000000000000000000 ) ) ;
#2221 = LINE ( 'NONE', #1618, #1492 ) ;
#2222 = ORIENTED_EDGE ( 'NONE', *, *, #331, .F. ) ;
#2223 = SHAPE_DEFINITION_REPRESENTATION ( #2091, #695 ) ;
#2224 = DIRECTION ( 'NONE',  ( 0.000000000000000000, -0.000000000000000000, 1.000000000000000000 ) ) ;
#2225 = CYLINDRICAL_SURFACE ( 'NONE', #1488, 0.009999999999999998473 ) ;
#2226 = CARTESIAN_POINT ( 'NONE',  ( -0.6708578643762690419, 2.490000000000000213, -1.239999999999999769 ) ) ;
#2227 = ORIENTED_EDGE ( 'NONE', *, *, #3652, .F. ) ;
#2228 = EDGE_LOOP ( 'NONE', ( #357, #2778, #2569, #269 ) ) ;
#2229 = CARTESIAN_POINT ( 'NONE',  ( -0.6708578643762688198, 0.01000000000000000021, 1.240000000000000657 ) ) ;
#2230 = DIRECTION ( 'NONE',  ( 0.000000000000000000, -1.000000000000000000, 0.000000000000000000 ) ) ;
#2231 = VERTEX_POINT ( 'NONE', #1828 ) ;
#2232 = EDGE_CURVE ( 'NONE', #2201, #2815, #1751, .T. ) ;
#2233 = EDGE_CURVE ( 'NONE', #2009, #3311, #954, .T. ) ;
#2234 = ORIENTED_EDGE ( 'NONE', *, *, #845, .F. ) ;
#2235 = CARTESIAN_POINT ( 'NONE',  ( -1.259999999999999787, 2.500000000000000000, -0.5000000000000008882 ) ) ;
#2236 = EDGE_CURVE ( 'NONE', #2638, #941, #741, .T. ) ;
#2237 = DIRECTION ( 'NONE',  ( 0.4472135954999578722, -0.7745966692414835153, -0.4472135954999579277 ) ) ;
#2238 = DIRECTION ( 'NONE',  ( 0.000000000000000000, 0.000000000000000000, 1.000000000000000000 ) ) ;
#2239 = ORIENTED_EDGE ( 'NONE', *, *, #1635, .T. ) ;
#2240 = ORIENTED_EDGE ( 'NONE', *, *, #1077, .T. ) ;
#2241 = DIRECTION ( 'NONE',  ( 0.000000000000000000, 0.000000000000000000, 1.000000000000000000 ) ) ;
#2242 = PLANE ( 'NONE',  #1856 ) ;
#2243 = CARTESIAN_POINT ( 'NONE',  ( 0.3200000000000000067, 0.3464101615137729628, 0.3100000000000000533 ) ) ;
#2244 = CARTESIAN_POINT ( 'NONE',  ( 0.3199999999999998956, 0.9000000000000002442, -0.3200000000000000622 ) ) ;
#2245 = EDGE_LOOP ( 'NONE', ( #2884, #2932, #1377, #1427 ) ) ;
#2246 = AXIS2_PLACEMENT_3D ( 'NONE', #855, #353, #1201 ) ;
#2247 = VECTOR ( 'NONE', #1216, 1000.000000000000000 ) ;
#2248 = ORIENTED_EDGE ( 'NONE', *, *, #3720, .T. ) ;
#2249 = CYLINDRICAL_SURFACE ( 'NONE', #3153, 0.009999999999999998473 ) ;
#2250 = VECTOR ( 'NONE', #1987, 1000.000000000000000 ) ;
#2251 = FACE_OUTER_BOUND ( 'NONE', #3155, .T. ) ;
#2252 = EDGE_CURVE ( 'NONE', #691, #581, #3658, .T. ) ;
#2253 = VERTEX_POINT ( 'NONE', #2107 ) ;
#2254 = ORIENTED_EDGE ( 'NONE', *, *, #2740, .F. ) ;
#2255 = EDGE_CURVE ( 'NONE', #2937, #2909, #929, .T. ) ;
#2256 = CARTESIAN_POINT ( 'NONE',  ( -1.172071067811865763, 2.500000000000000000, -0.7529289321881342811 ) ) ;
#2257 = AXIS2_PLACEMENT_3D ( 'NONE', #2143, #82, #48 ) ;
#2258 = CARTESIAN_POINT ( 'NONE',  ( -1.269999999999999574, 0.5000000000000000000, 0.7499999999999997780 ) ) ;
#2259 = CIRCLE ( 'NONE', #477, 0.01000000000000002623 ) ;
#2260 = DIRECTION ( 'NONE',  ( -1.694065894508600678E-16, 0.000000000000000000, -1.000000000000000000 ) ) ;
#2261 = CIRCLE ( 'NONE', #1558, 0.01000000000000002623 ) ;
#2262 = DIRECTION ( 'NONE',  ( -1.000000000000000000, -0.000000000000000000, -0.000000000000000000 ) ) ;
#2263 = ORIENTED_EDGE ( 'NONE', *, *, #3574, .T. ) ;
#2264 = ORIENTED_EDGE ( 'NONE', *, *, #1452, .F. ) ;
#2265 =( BOUNDED_CURVE ( )  B_SPLINE_CURVE ( 3, ( #1844, #1574, #1012, #2481 ),
 .UNSPECIFIED., .F., .T. ) 
 B_SPLINE_CURVE_WITH_KNOTS ( ( 4, 4 ),
 ( 3.141592653589793116, 4.712388980384689674 ),
 .UNSPECIFIED. ) 
 CURVE ( )  GEOMETRIC_REPRESENTATION_ITEM ( )  RATIONAL_B_SPLINE_CURVE ( ( 1.000000000000000000, 0.8047378541243649375, 0.8047378541243649375, 1.000000000000000000 ) ) 
 REPRESENTATION_ITEM ( '' )  );
#2266 = FACE_OUTER_BOUND ( 'NONE', #532, .T. ) ;
#2267 = DIRECTION ( 'NONE',  ( 1.084202172485504592E-14, 0.000000000000000000, 1.000000000000000000 ) ) ;
#2268 = AXIS2_PLACEMENT_3D ( 'NONE', #3193, #3616, #535 ) ;
#2269 = ORIENTED_EDGE ( 'NONE', *, *, #3007, .T. ) ;
#2270 = VERTEX_POINT ( 'NONE', #2459 ) ;
#2271 = VECTOR ( 'NONE', #992, 1000.000000000000000 ) ;
#2272 = LINE ( 'NONE', #3500, #2404 ) ;
#2273 = DIRECTION ( 'NONE',  ( 0.000000000000000000, -0.000000000000000000, -1.000000000000000000 ) ) ;
#2274 = ORIENTED_EDGE ( 'NONE', *, *, #1332, .T. ) ;
#2275 = ORIENTED_EDGE ( 'NONE', *, *, #1381, .T. ) ;
#2276 = CIRCLE ( 'NONE', #5, 0.01000000000000002623 ) ;
#2277 = FACE_OUTER_BOUND ( 'NONE', #1916, .T. ) ;
#2278 = AXIS2_PLACEMENT_3D ( 'NONE', #3085, #586, #347 ) ;
#2279 = CARTESIAN_POINT ( 'NONE',  ( -0.1142264973081032059, 11.49000000000000021, -0.1142264973081030671 ) ) ;
#2280 = CARTESIAN_POINT ( 'NONE',  ( 1.172071067811865985, 0.5000000000000000000, 0.7529289321881346142 ) ) ;
#2281 = ORIENTED_EDGE ( 'NONE', *, *, #1617, .T. ) ;
#2282 = EDGE_CURVE ( 'NONE', #63, #560, #891, .T. ) ;
#2283 =( NAMED_UNIT ( * ) PLANE_ANGLE_UNIT ( ) SI_UNIT ( $, .RADIAN. ) );
#2284 = CARTESIAN_POINT ( 'NONE',  ( 0.6708578643762689309, 2.500000000000000000, -1.250000000000000000 ) ) ;
#2285 = DIRECTION ( 'NONE',  ( 0.000000000000000000, 0.000000000000000000, -1.000000000000000000 ) ) ;
#2286 = FACE_OUTER_BOUND ( 'NONE', #3015, .T. ) ;
#2287 = VERTEX_POINT ( 'NONE', #283 ) ;
#2288 = VERTEX_POINT ( 'NONE', #1554 ) ;
#2289 =( NAMED_UNIT ( * ) PLANE_ANGLE_UNIT ( ) SI_UNIT ( $, .RADIAN. ) );
#2290 = CARTESIAN_POINT ( 'NONE',  ( -0.6749999999999997113, 2.500000000000000000, -1.249999999999999778 ) ) ;
#2291 = CARTESIAN_POINT ( 'NONE',  ( -1.269999999999999796, 2.489999999999999769, 0.7500000000000004441 ) ) ;
#2292 = ORIENTED_EDGE ( 'NONE', *, *, #1353, .T. ) ;
#2293 = ORIENTED_EDGE ( 'NONE', *, *, #1454, .T. ) ;
#2294 = CARTESIAN_POINT ( 'NONE',  ( 0.08907179676972404314, 11.53356921938165236, -0.08907179676972405702 ) ) ;
#2295 = PLANE ( 'NONE',  #2193 ) ;
#2296 = EDGE_CURVE ( 'NONE', #1171, #2164, #910, .T. ) ;
#2297 = CARTESIAN_POINT ( 'NONE',  ( -1.150857864376269468, 0.000000000000000000, 0.7599999999999997868 ) ) ;
#2298 = CARTESIAN_POINT ( 'NONE',  ( -1.164999999999999813, 2.490000000000000213, 0.7458578643762696636 ) ) ;
#2299 = PRODUCT_DEFINITION_SHAPE ( 'NONE', 'NONE',  #3938 ) ;
#2300 = UNCERTAINTY_MEASURE_WITH_UNIT (LENGTH_MEASURE( 1.000000000000000082E-05 ), #184, 'distance_accuracy_value', 'NONE');
#2301 = CARTESIAN_POINT ( 'NONE',  ( -0.6679289321881342056, 0.01000000000000002623, -1.242928932188134272 ) ) ;
#2302 = DIRECTION ( 'NONE',  ( -1.000000000000000000, 0.000000000000000000, 0.000000000000000000 ) ) ;
#2303 = ADVANCED_FACE ( 'NONE', ( #3701 ), #2776, .F. ) ;
#2304 = DIRECTION ( 'NONE',  ( 1.000000000000000000, 0.000000000000000000, -5.706327223607942404E-15 ) ) ;
#2305 = EDGE_CURVE ( 'NONE', #2510, #2660, #1552, .T. ) ;
#2306 = CARTESIAN_POINT ( 'NONE',  ( -1.175000000000000044, 2.350000000000000089, -0.5000000000000008882 ) ) ;
#2307 = VERTEX_POINT ( 'NONE', #1867 ) ;
#2308 = ORIENTED_EDGE ( 'NONE', *, *, #1768, .F. ) ;
#2309 = DIRECTION ( 'NONE',  ( -1.000000000000000000, 0.000000000000000000, 0.000000000000000000 ) ) ;
#2310 = FACE_OUTER_BOUND ( 'NONE', #478, .T. ) ;
#2311 = ORIENTED_EDGE ( 'NONE', *, *, #2868, .F. ) ;
#2312 = VERTEX_POINT ( 'NONE', #2482 ) ;
#2313 = AXIS2_PLACEMENT_3D ( 'NONE', #968, #650, #2475 ) ;
#2314 = CARTESIAN_POINT ( 'NONE',  ( 0.3112600429262812884, 0.3462721118061213299, -0.3199202969641257721 ) ) ;
#2315 = VECTOR ( 'NONE', #3642, 1000.000000000000000 ) ;
#2316 = DIRECTION ( 'NONE',  ( 1.000000000000000000, 0.000000000000000000, -0.000000000000000000 ) ) ;
#2317 = CARTESIAN_POINT ( 'NONE',  ( -0.1142264973081041773, 0.01000000000000000541, 0.1142264973081041912 ) ) ;
#2318 = CARTESIAN_POINT ( 'NONE',  ( -1.165000000000000258, 2.500000000000000000, -0.7458578643762689975 ) ) ;
#2319 = ORIENTED_EDGE ( 'NONE', *, *, #959, .T. ) ;
#2320 = VECTOR ( 'NONE', #1503, 1000.000000000000000 ) ;
#2321 = CARTESIAN_POINT ( 'NONE',  ( 1.175000000000000488, 2.495857864376268331, 0.4999999999999991673 ) ) ;
#2322 = DIRECTION ( 'NONE',  ( 0.000000000000000000, 1.000000000000000000, 0.000000000000000000 ) ) ;
#2323 = CARTESIAN_POINT ( 'NONE',  ( -0.3200000000000000622, 2.490000000000000213, 0.3199999999999999512 ) ) ;
#2324 = AXIS2_PLACEMENT_3D ( 'NONE', #2144, #3372, #1468 ) ;
#2325 = ORIENTED_EDGE ( 'NONE', *, *, #3459, .T. ) ;
#2326 =( NAMED_UNIT ( * ) PLANE_ANGLE_UNIT ( ) SI_UNIT ( $, .RADIAN. ) );
#2327 = EDGE_CURVE ( 'NONE', #2455, #2362, #114, .T. ) ;
#2328 = DIRECTION ( 'NONE',  ( 0.000000000000000000, 0.000000000000000000, 1.000000000000000000 ) ) ;
#2329 = EDGE_CURVE ( 'NONE', #51, #907, #601, .T. ) ;
#2330 = VECTOR ( 'NONE', #1214, 1000.000000000000114 ) ;
#2331 = AXIS2_PLACEMENT_3D ( 'NONE', #1947, #2629, #2612 ) ;
#2332 = LINE ( 'NONE', #224, #1561 ) ;
#2333 = CONTEXT_DEPENDENT_SHAPE_REPRESENTATION ( #1829, #1627 ) ;
#2334 = VERTEX_POINT ( 'NONE', #2797 ) ;
#2335 = EDGE_CURVE ( 'NONE', #2593, #3417, #2168, .T. ) ;
#2336 = ORIENTED_EDGE ( 'NONE', *, *, #903, .F. ) ;
#2337 = ADVANCED_FACE ( 'NONE', ( #3319 ), #659, .T. ) ;
#2338 = FACE_OUTER_BOUND ( 'NONE', #1779, .T. ) ;
#2339 = CARTESIAN_POINT ( 'NONE',  ( 0.6679289321881348718, 0.000000000000000000, 1.242928932188134938 ) ) ;
#2340 = CARTESIAN_POINT ( 'NONE',  ( -0.1228867513459475369, 11.49499999999999922, 2.081782543421286098E-17 ) ) ;
#2341 = ADVANCED_FACE ( 'NONE', ( #2716 ), #2732, .T. ) ;
#2342 = CARTESIAN_POINT ( 'NONE',  ( -1.259999999999999787, 2.500000000000000000, 0.7400000000000004352 ) ) ;
#2343 = ORIENTED_EDGE ( 'NONE', *, *, #3067, .F. ) ;
#2344 = CARTESIAN_POINT ( 'NONE',  ( 0.3108419876365760004, 0.3463640836734994122, 0.3199733969465144989 ) ) ;
#2345 = SPHERICAL_SURFACE ( 'NONE', #3723, 0.01000000000000000021 ) ;
#2346 = DIRECTION ( 'NONE',  ( 0.000000000000000000, 0.000000000000000000, -1.000000000000000000 ) ) ;
#2347 = EDGE_LOOP ( 'NONE', ( #1668, #713, #1038, #1477, #1909, #1376 ) ) ;
#2348 = SURFACE_STYLE_USAGE ( .BOTH. , #1144 ) ;
#2349 = ADVANCED_FACE ( 'NONE', ( #2575 ), #716, .T. ) ;
#2350 = LINE ( 'NONE', #3635, #1694 ) ;
#2351 = CARTESIAN_POINT ( 'NONE',  ( 0.6749999999999997113, 2.500000000000000000, -1.250000000000000000 ) ) ;
#2352 = ORIENTED_EDGE ( 'NONE', *, *, #1905, .T. ) ;
#2353 = ORIENTED_EDGE ( 'NONE', *, *, #135, .T. ) ;
#2354 = ADVANCED_FACE ( 'NONE', ( #2251 ), #3138, .T. ) ;
#2355 = CARTESIAN_POINT ( 'NONE',  ( -1.174999999999999822, 0.01000000000000002623, -0.7499999999999998890 ) ) ;
#2356 = ADVANCED_FACE ( 'NONE', ( #2214 ), #1927, .T. ) ;
#2357 = VERTEX_POINT ( 'NONE', #378 ) ;
#2358 = DIRECTION ( 'NONE',  ( -1.694065894508600678E-16, 0.000000000000000000, -1.000000000000000000 ) ) ;
#2359 = LINE ( 'NONE', #1714, #536 ) ;
#2360 = EDGE_CURVE ( 'NONE', #2474, #2362, #3798, .T. ) ;
#2361 = CARTESIAN_POINT ( 'NONE',  ( 0.3217320508075687813, 0.3494101615137729100, -0.3130717967697245196 ) ) ;
#2362 = VERTEX_POINT ( 'NONE', #1629 ) ;
#2363 = LINE ( 'NONE', #879, #3305 ) ;
#2364 = DIRECTION ( 'NONE',  ( 0.000000000000000000, 1.000000000000000000, 0.000000000000000000 ) ) ;
#2365 = CARTESIAN_POINT ( 'NONE',  ( -0.3108419876365760004, 0.3463640836734995232, -0.3199733969465143324 ) ) ;
#2366 = ORIENTED_EDGE ( 'NONE', *, *, #142, .T. ) ;
#2367 =( LENGTH_UNIT ( ) NAMED_UNIT ( * ) SI_UNIT ( .MILLI., .METRE. ) );
#2368 = CARTESIAN_POINT ( 'NONE',  ( -0.08907179676972423743, 11.53856921938165137, -0.09773205080756838803 ) ) ;
#2369 =( BOUNDED_CURVE ( )  B_SPLINE_CURVE ( 3, ( #2447, #3670, #2140, #3367 ),
 .UNSPECIFIED., .F., .T. ) 
 B_SPLINE_CURVE_WITH_KNOTS ( ( 4, 4 ),
 ( 3.141592653589793116, 4.712388980384689674 ),
 .UNSPECIFIED. ) 
 CURVE ( )  GEOMETRIC_REPRESENTATION_ITEM ( )  RATIONAL_B_SPLINE_CURVE ( ( 1.000000000000000000, 0.8047378541243649375, 0.8047378541243649375, 1.000000000000000000 ) ) 
 REPRESENTATION_ITEM ( '' )  );
#2370 = EDGE_LOOP ( 'NONE', ( #2187, #1606, #1042, #1059, #1107, #181 ) ) ;
#2371 = ORIENTED_EDGE ( 'NONE', *, *, #1332, .F. ) ;
#2372 = EDGE_CURVE ( 'NONE', #3564, #3269, #1314, .T. ) ;
#2373 = CARTESIAN_POINT ( 'NONE',  ( 0.3193224092811596249, 0.3452365399626405873, -0.3159672026817041957 ) ) ;
#2374 = EDGE_LOOP ( 'NONE', ( #735, #2668, #783 ) ) ;
#2375 = DIRECTION ( 'NONE',  ( 0.000000000000000000, -0.000000000000000000, 1.000000000000000000 ) ) ;
#2376 = AXIS2_PLACEMENT_3D ( 'NONE', #3053, #1260, #1523 ) ;
#2377 = CIRCLE ( 'NONE', #2512, 0.01000000000000001235 ) ;
#2378 = ADVANCED_FACE ( 'NONE', ( #2189 ), #1611, .T. ) ;
#2379 = ADVANCED_FACE ( 'NONE', ( #3439 ), #2469, .T. ) ;
#2380 = DIRECTION ( 'NONE',  ( -0.8660254037844387076, 0.4999999999999999445, 1.467104100329257198E-16 ) ) ;
#2381 = ADVANCED_FACE ( 'NONE', ( #1948 ), #3549, .T. ) ;
#2382 = CIRCLE ( 'NONE', #860, 0.01000000000000002623 ) ;
#2383 = VECTOR ( 'NONE', #3378, 1000.000000000000000 ) ;
#2384 = CARTESIAN_POINT ( 'NONE',  ( 1.269999999999999796, -1.503005322678532707, -0.7500000000000001110 ) ) ;
#2385 = ORIENTED_EDGE ( 'NONE', *, *, #3684, .T. ) ;
#2386 = AXIS2_PLACEMENT_3D ( 'NONE', #1697, #209, #1416 ) ;
#2387 = ORIENTED_EDGE ( 'NONE', *, *, #1956, .T. ) ;
#2388 = CARTESIAN_POINT ( 'NONE',  ( -0.3200000000000000067, 0.3464101615137729628, 0.3200000000000000622 ) ) ;
#2389 = LINE ( 'NONE', #466, #2886 ) ;
#2390 = AXIS2_PLACEMENT_3D ( 'NONE', #3249, #2849, #2865 ) ;
#2391 = LINE ( 'NONE', #3326, #2320 ) ;
#2392 = ORIENTED_EDGE ( 'NONE', *, *, #1666, .T. ) ;
#2393 = AXIS2_PLACEMENT_3D ( 'NONE', #2014, #2375, #2640 ) ;
#2394 = DIRECTION ( 'NONE',  ( 0.000000000000000000, 0.000000000000000000, 1.000000000000000000 ) ) ;
#2395 = CARTESIAN_POINT ( 'NONE',  ( -1.269999999999999574, 0.5000000000000000000, -0.7200000000000009726 ) ) ;
#2396 = AXIS2_PLACEMENT_3D ( 'NONE', #670, #1875, #372 ) ;
#2397 = CARTESIAN_POINT ( 'NONE',  ( -0.3200000000000000067, 0.3464101615137729628, 0.3100000000000000533 ) ) ;
#2398 = ORIENTED_EDGE ( 'NONE', *, *, #263, .F. ) ;
#2399 = ORIENTED_EDGE ( 'NONE', *, *, #2868, .T. ) ;
#2400 = VECTOR ( 'NONE', #75, 1000.000000000000000 ) ;
#2401 =( GEOMETRIC_REPRESENTATION_CONTEXT ( 3 ) GLOBAL_UNCERTAINTY_ASSIGNED_CONTEXT ( ( #3385 ) ) GLOBAL_UNIT_ASSIGNED_CONTEXT ( ( #2588, #2283, #140 ) ) REPRESENTATION_CONTEXT ( 'NONE', 'WORKASPACE' ) );
#2402 = DIRECTION ( 'NONE',  ( 0.4472135954999592600, -0.7745966692414817389, -0.4472135954999593710 ) ) ;
#2403 = ORIENTED_EDGE ( 'NONE', *, *, #2970, .F. ) ;
#2404 = VECTOR ( 'NONE', #1967, 1000.000000000000000 ) ;
#2405 = CARTESIAN_POINT ( 'NONE',  ( -1.179142135623730825, 0.5000000000000000000, 0.7600000000000004530 ) ) ;
#2406 = DIRECTION ( 'NONE',  ( -0.7071067811865475727, 0.000000000000000000, 0.7071067811865475727 ) ) ;
#2407 = CIRCLE ( 'NONE', #118, 0.009999999999999962044 ) ;
#2408 = ORIENTED_EDGE ( 'NONE', *, *, #244, .T. ) ;
#2409 = CARTESIAN_POINT ( 'NONE',  ( 1.175000000000000488, 2.350000000000000089, 0.4999999999999991673 ) ) ;
#2410 = CARTESIAN_POINT ( 'NONE',  ( 0.000000000000000000, 11.49499999999999922, -0.1228867513459474259 ) ) ;
#2411 = ORIENTED_EDGE ( 'NONE', *, *, #1071, .F. ) ;
#2412 = AXIS2_PLACEMENT_3D ( 'NONE', #510, #1701, #1196 ) ;
#2413 =( REPRESENTATION_RELATIONSHIP ('NONE','NONE', #695, #3423 ) REPRESENTATION_RELATIONSHIP_WITH_TRANSFORMATION ( #3675 )SHAPE_REPRESENTATION_RELATIONSHIP( ) );
#2414 = CARTESIAN_POINT ( 'NONE',  ( -0.3300000000000001266, 2.500000000000000000, 2.795208725939192352E-17 ) ) ;
#2415 = ORIENTED_EDGE ( 'NONE', *, *, #3706, .F. ) ;
#2416 = ORIENTED_EDGE ( 'NONE', *, *, #3074, .T. ) ;
#2417 = PRODUCT_DEFINITION_SHAPE ( 'NONE', 'NONE',  #3928 ) ;
#2418 = CARTESIAN_POINT ( 'NONE',  ( 0.3108419876365757784, 11.15363591632649509, -0.3199733969465143324 ) ) ;
#2419 = VERTEX_POINT ( 'NONE', #1350 ) ;
#2420 = ORIENTED_EDGE ( 'NONE', *, *, #2030, .F. ) ;
#2421 = CARTESIAN_POINT ( 'NONE',  ( -1.175000000000000044, 2.350000000000000089, -0.5000000000000008882 ) ) ;
#2422 = CARTESIAN_POINT ( 'NONE',  ( 1.150857864376268802, 0.000000000000000000, -0.7600000000000001199 ) ) ;
#2423 = FACE_OUTER_BOUND ( 'NONE', #1469, .T. ) ;
#2424 = EDGE_CURVE ( 'NONE', #3848, #1949, #1069, .T. ) ;
#2425 = CARTESIAN_POINT ( 'NONE',  ( 1.175000000000000044, 2.350000000000000089, -0.5000000000000011102 ) ) ;
#2426 = LINE ( 'NONE', #1796, #279 ) ;
#2427 = CARTESIAN_POINT ( 'NONE',  ( -0.3100000000000001088, 0.3464101615137729628, -0.3199999999999999512 ) ) ;
#2428 = ORIENTED_EDGE ( 'NONE', *, *, #3509, .F. ) ;
#2429 = CARTESIAN_POINT ( 'NONE',  ( -1.626303258728256651E-16, -2.200000000000000622, -4.336808689942017736E-16 ) ) ;
#2430 = EDGE_CURVE ( 'NONE', #2679, #2660, #1904, .T. ) ;
#2431 = CYLINDRICAL_SURFACE ( 'NONE', #2976, 0.01000000000000002623 ) ;
#2432 = DIRECTION ( 'NONE',  ( -1.000000000000000000, -0.000000000000000000, 0.000000000000000000 ) ) ;
#2433 = ORIENTED_EDGE ( 'NONE', *, *, #623, .T. ) ;
#2434 = VERTEX_POINT ( 'NONE', #1968 ) ;
#2435 = CARTESIAN_POINT ( 'NONE',  ( -0.09773205080756873497, 11.53856921938165137, -0.08907179676972339089 ) ) ;
#2436 = DIRECTION ( 'NONE',  ( 0.000000000000000000, 0.000000000000000000, 1.000000000000000000 ) ) ;
#2437 = EDGE_LOOP ( 'NONE', ( #1306, #967, #1159, #254 ) ) ;
#2438 = ORIENTED_EDGE ( 'NONE', *, *, #3802, .T. ) ;
#2439 = PLANE ( 'NONE',  #1743 ) ;
#2440 = CARTESIAN_POINT ( 'NONE',  ( 0.1142264973081040663, 0.000000000000000000, -0.1142264973081040941 ) ) ;
#2441 = AXIS2_PLACEMENT_3D ( 'NONE', #2118, #3634, #3369 ) ;
#2442 = VECTOR ( 'NONE', #3525, 1000.000000000000000 ) ;
#2443 = CARTESIAN_POINT ( 'NONE',  ( 0.3199202969641255501, 11.15372788819387395, -0.3112600429262813440 ) ) ;
#2444 = FACE_OUTER_BOUND ( 'NONE', #3347, .T. ) ;
#2445 = CARTESIAN_POINT ( 'NONE',  ( -0.1142264973081031643, 11.50000000000000000, 0.1142264973081031781 ) ) ;
#2446 = VECTOR ( 'NONE', #2262, 1000.000000000000000 ) ;
#2447 = CARTESIAN_POINT ( 'NONE',  ( 0.3199999999999998956, 2.490000000000000213, -0.3200000000000000622 ) ) ;
#2448 = ORIENTED_EDGE ( 'NONE', *, *, #3893, .F. ) ;
#2449 = DIRECTION ( 'NONE',  ( 0.000000000000000000, 0.000000000000000000, 1.000000000000000000 ) ) ;
#2450 = DIRECTION ( 'NONE',  ( 1.000000000000000000, 0.000000000000000000, 0.000000000000000000 ) ) ;
#2451 = LINE ( 'NONE', #2768, #3803 ) ;
#2452 = ORIENTED_EDGE ( 'NONE', *, *, #825, .T. ) ;
#2453 = VECTOR ( 'NONE', #2680, 999.9999999999998863 ) ;
#2454 = ADVANCED_FACE ( 'NONE', ( #86 ), #1887, .F. ) ;
#2455 = VERTEX_POINT ( 'NONE', #2519 ) ;
#2456 = CIRCLE ( 'NONE', #3348, 0.01000000000000002623 ) ;
#2457 = CIRCLE ( 'NONE', #1493, 0.02000000000000005246 ) ;
#2458 = CYLINDRICAL_SURFACE ( 'NONE', #3614, 0.01000000000000002623 ) ;
#2459 = CARTESIAN_POINT ( 'NONE',  ( 0.3112600429262812884, 11.15372788819387395, 0.3199202969641257166 ) ) ;
#2460 = ORIENTED_EDGE ( 'NONE', *, *, #3214, .T. ) ;
#2461 = AXIS2_PLACEMENT_3D ( 'NONE', #2747, #1237, #2104 ) ;
#2462 = ADVANCED_FACE ( 'NONE', ( #2541 ), #1334, .T. ) ;
#2463 = EDGE_CURVE ( 'NONE', #3611, #3117, #436, .T. ) ;
#2464 = CARTESIAN_POINT ( 'NONE',  ( 0.000000000000000000, 2.500000000000000000, -0.5100000000000011191 ) ) ;
#2465 = AXIS2_PLACEMENT_3D ( 'NONE', #1534, #895, #3625 ) ;
#2466 = CIRCLE ( 'NONE', #743, 0.009999999999999762551 ) ;
#2467 = LINE ( 'NONE', #3721, #1500 ) ;
#2468 = LINE ( 'NONE', #2783, #2713 ) ;
#2469 = TOROIDAL_SURFACE ( 'NONE', #1262, 0.02000000000000000042, 0.01000000000000000021 ) ;
#2470 = LINE ( 'NONE', #1517, #2922 ) ;
#2471 = ADVANCED_FACE ( 'NONE', ( #149 ), #3215, .T. ) ;
#2472 = LINE ( 'NONE', #3609, #3147 ) ;
#2473 = CARTESIAN_POINT ( 'NONE',  ( -1.259999999999999787, 2.500000000000000000, 0.7500000000000004441 ) ) ;
#2474 = VERTEX_POINT ( 'NONE', #3296 ) ;
#2475 = DIRECTION ( 'NONE',  ( 1.000000000000000000, 0.000000000000000000, 0.000000000000000000 ) ) ;
#2476 = DIRECTION ( 'NONE',  ( -1.000000000000000000, 0.000000000000000000, 1.606225440719266613E-16 ) ) ;
#2477 = LINE ( 'NONE', #1545, #49 ) ;
#2478 = EDGE_CURVE ( 'NONE', #3075, #2288, #2137, .T. ) ;
#2479 = ORIENTED_EDGE ( 'NONE', *, *, #983, .F. ) ;
#2480 = SPHERICAL_SURFACE ( 'NONE', #3105, 0.01000000000000000021 ) ;
#2481 = CARTESIAN_POINT ( 'NONE',  ( -1.259999999999999787, 2.500000000000000000, -0.5100000000000008971 ) ) ;
#2482 = CARTESIAN_POINT ( 'NONE',  ( 1.172071067811865319, 0.5000000000000000000, -0.7529289321881347252 ) ) ;
#2483 = ORIENTED_EDGE ( 'NONE', *, *, #169, .T. ) ;
#2484 =( BOUNDED_CURVE ( )  B_SPLINE_CURVE ( 3, ( #1062, #1463, #178, #3228 ),
 .UNSPECIFIED., .F., .T. ) 
 B_SPLINE_CURVE_WITH_KNOTS ( ( 4, 4 ),
 ( 5.624127271420897856, 6.942243342938274608 ),
 .UNSPECIFIED. ) 
 CURVE ( )  GEOMETRIC_REPRESENTATION_ITEM ( )  RATIONAL_B_SPLINE_CURVE ( ( 1.000000000000000000, 0.8603796100557099535, 0.8603796100557099535, 1.000000000000000000 ) ) 
 REPRESENTATION_ITEM ( '' )  );
#2485 = ADVANCED_FACE ( 'NONE', ( #1393 ), #2007, .T. ) ;
#2486 = DIRECTION ( 'NONE',  ( 0.000000000000000000, -1.000000000000000000, -0.000000000000000000 ) ) ;
#2487 = EDGE_CURVE ( 'NONE', #3564, #547, #2332, .T. ) ;
#2488 = DIRECTION ( 'NONE',  ( -1.000000000000000000, -0.000000000000000000, 0.000000000000000000 ) ) ;
#2489 = CYLINDRICAL_SURFACE ( 'NONE', #1190, 0.01000000000000002623 ) ;
#2490 = FACE_OUTER_BOUND ( 'NONE', #833, .T. ) ;
#2491 = EDGE_CURVE ( 'NONE', #2561, #1010, #1106, .T. ) ;
#2492 = CYLINDRICAL_SURFACE ( 'NONE', #2396, 0.01000000000000001409 ) ;
#2493 = VERTEX_POINT ( 'NONE', #2291 ) ;
#2494 = CARTESIAN_POINT ( 'NONE',  ( 25.40000000000000568, -2.200000000000000622, -4.538683827666528858E-15 ) ) ;
#2495 = DIRECTION ( 'NONE',  ( -0.7071067811865479058, 0.000000000000000000, -0.7071067811865472397 ) ) ;
#2496 = VERTEX_POINT ( 'NONE', #3553 ) ;
#2497 = EDGE_CURVE ( 'NONE', #547, #2231, #3481, .T. ) ;
#2498 = EDGE_LOOP ( 'NONE', ( #2610, #3490, #382, #1966 ) ) ;
#2499 = DIRECTION ( 'NONE',  ( 1.694065894508600678E-16, -0.000000000000000000, 1.000000000000000000 ) ) ;
#2500 = CARTESIAN_POINT ( 'NONE',  ( 1.179142135623731491, 2.489999999999999769, 0.7600000000000001199 ) ) ;
#2501 = EDGE_LOOP ( 'NONE', ( #1090, #3528, #2415, #2726, #183, #813, #1119, #728 ) ) ;
#2502 = DIRECTION ( 'NONE',  ( 0.000000000000000000, 0.000000000000000000, -1.000000000000000000 ) ) ;
#2503 = DIRECTION ( 'NONE',  ( -1.000000000000000000, 0.000000000000000000, 0.000000000000000000 ) ) ;
#2504 = DIRECTION ( 'NONE',  ( 0.000000000000000000, -1.000000000000000000, 0.000000000000000000 ) ) ;
#2505 = EDGE_CURVE ( 'NONE', #2565, #1280, #1578, .T. ) ;
#2506 = DIRECTION ( 'NONE',  ( -1.000000000000000000, 0.000000000000000000, 0.000000000000000000 ) ) ;
#2507 = ADVANCED_FACE ( 'NONE', ( #2613 ), #3517, .T. ) ;
#2508 = LINE ( 'NONE', #3167, #1431 ) ;
#2509 = ORIENTED_EDGE ( 'NONE', *, *, #2463, .F. ) ;
#2510 = VERTEX_POINT ( 'NONE', #2913 ) ;
#2511 = AXIS2_PLACEMENT_3D ( 'NONE', #884, #2744, #2142 ) ;
#2512 = AXIS2_PLACEMENT_3D ( 'NONE', #1355, #3003, #3025 ) ;
#2513 =( LENGTH_UNIT ( ) NAMED_UNIT ( * ) SI_UNIT ( .MILLI., .METRE. ) );
#2514 = CARTESIAN_POINT ( 'NONE',  ( -0.3193224092811622339, 11.15476346003734420, -0.3159672026817062496 ) ) ;
#2515 = FACE_OUTER_BOUND ( 'NONE', #3523, .T. ) ;
#2516 = CARTESIAN_POINT ( 'NONE',  ( 1.260000000000000453, 0.5100000000000000089, 0.7499999999999990008 ) ) ;
#2517 = ORIENTED_EDGE ( 'NONE', *, *, #504, .T. ) ;
#2518 = DIRECTION ( 'NONE',  ( 1.084202172485501594E-14, 0.000000000000000000, -1.000000000000000000 ) ) ;
#2519 = CARTESIAN_POINT ( 'NONE',  ( 0.1142264973081031920, 11.49499999999999922, 0.1228867513459475369 ) ) ;
#2520 = AXIS2_PLACEMENT_3D ( 'NONE', #1261, #2476, #1839 ) ;
#2521 = ORIENTED_EDGE ( 'NONE', *, *, #722, .T. ) ;
#2522 = ORIENTED_EDGE ( 'NONE', *, *, #2673, .T. ) ;
#2523 = DIRECTION ( 'NONE',  ( 0.000000000000000000, 0.000000000000000000, -1.000000000000000000 ) ) ;
#2524 = CIRCLE ( 'NONE', #352, 0.01000000000000001409 ) ;
#2525 = VECTOR ( 'NONE', #422, 1000.000000000000000 ) ;
#2526 = DIRECTION ( 'NONE',  ( 1.000000000000000000, -0.000000000000000000, -0.000000000000000000 ) ) ;
#2527 = FACE_OUTER_BOUND ( 'NONE', #3104, .T. ) ;
#2528 =( BOUNDED_CURVE ( )  B_SPLINE_CURVE ( 3, ( #3712, #676, #3096, #28 ),
 .UNSPECIFIED., .F., .F. ) 
 B_SPLINE_CURVE_WITH_KNOTS ( ( 4, 4 ),
 ( 3.015252525951016338, 3.141592653589793116 ),
 .UNSPECIFIED. ) 
 CURVE ( )  GEOMETRIC_REPRESENTATION_ITEM ( )  RATIONAL_B_SPLINE_CURVE ( ( 1.000000000000000000, 0.9986702899464854344, 0.9986702899464854344, 1.000000000000000000 ) ) 
 REPRESENTATION_ITEM ( '' )  );
#2529 = VECTOR ( 'NONE', #996, 1000.000000000000000 ) ;
#2530 = LINE ( 'NONE', #3090, #733 ) ;
#2531 = ORIENTED_EDGE ( 'NONE', *, *, #3021, .T. ) ;
#2532 = ORIENTED_EDGE ( 'NONE', *, *, #3089, .T. ) ;
#2533 =( NAMED_UNIT ( * ) PLANE_ANGLE_UNIT ( ) SI_UNIT ( $, .RADIAN. ) );
#2534 = CARTESIAN_POINT ( 'NONE',  ( 1.991719546491890768E-16, 2.500000000000000000, 1.240000000000000657 ) ) ;
#2535 = EDGE_CURVE ( 'NONE', #1785, #3298, #2630, .T. ) ;
#2536 = LINE ( 'NONE', #1920, #2777 ) ;
#2537 = ORIENTED_EDGE ( 'NONE', *, *, #1243, .F. ) ;
#2538 = ORIENTED_EDGE ( 'NONE', *, *, #2864, .F. ) ;
#2539 = CARTESIAN_POINT ( 'NONE',  ( 0.3112600429262812884, 0.3462721118061213299, -0.3199202969641257721 ) ) ;
#2540 = ADVANCED_FACE ( 'NONE', ( #186 ), #2978, .T. ) ;
#2541 = FACE_OUTER_BOUND ( 'NONE', #1805, .T. ) ;
#2542 = ORIENTED_EDGE ( 'NONE', *, *, #627, .T. ) ;
#2543 = APPLICATION_CONTEXT ( 'automotive_design' ) ;
#2544 = DIRECTION ( 'NONE',  ( 1.000000000000000000, -0.000000000000000000, -0.000000000000000000 ) ) ;
#2545 = CARTESIAN_POINT ( 'NONE',  ( 1.269999999999999796, -1.503005322678532707, -0.7500000000000001110 ) ) ;
#2546 = CARTESIAN_POINT ( 'NONE',  ( 0.3099999999999999978, 11.50000000000000000, 0.3200000000000000622 ) ) ;
#2547 = ORIENTED_EDGE ( 'NONE', *, *, #3790, .F. ) ;
#2548 = UNCERTAINTY_MEASURE_WITH_UNIT (LENGTH_MEASURE( 1.000000000000000082E-05 ), #3903, 'distance_accuracy_value', 'NONE');
#2549 = ORIENTED_EDGE ( 'NONE', *, *, #722, .F. ) ;
#2550 = CONTEXT_DEPENDENT_SHAPE_REPRESENTATION ( #3656, #3020 ) ;
#2551 = LINE ( 'NONE', #32, #1690 ) ;
#2552 = DIRECTION ( 'NONE',  ( 0.000000000000000000, -0.000000000000000000, 1.000000000000000000 ) ) ;
#2553 = ADVANCED_FACE ( 'NONE', ( #246 ), #1723, .T. ) ;
#2554 = CARTESIAN_POINT ( 'NONE',  ( 0.3159672026817064716, 11.15476346003734598, -0.3193224092811616788 ) ) ;
#2555 = CYLINDRICAL_SURFACE ( 'NONE', #1683, 0.01000000000000002623 ) ;
#2556 = ORIENTED_EDGE ( 'NONE', *, *, #1932, .T. ) ;
#2557 = ADVANCED_FACE ( 'NONE', ( #2310 ), #1708, .F. ) ;
#2558 = ORIENTED_EDGE ( 'NONE', *, *, #3654, .T. ) ;
#2559 = CARTESIAN_POINT ( 'NONE',  ( -0.3300000000000001821, 2.490000000000000213, -0.3200000000000000622 ) ) ;
#2560 = ORIENTED_EDGE ( 'NONE', *, *, #2918, .T. ) ;
#2561 = VERTEX_POINT ( 'NONE', #3814 ) ;
#2562 = FACE_OUTER_BOUND ( 'NONE', #3785, .T. ) ;
#2563 = CARTESIAN_POINT ( 'NONE',  ( -0.6708578643762688198, 2.500000000000000000, 1.240000000000000657 ) ) ;
#2564 = DIRECTION ( 'NONE',  ( 0.000000000000000000, 0.7071067811865482389, -0.7071067811865469066 ) ) ;
#2565 = VERTEX_POINT ( 'NONE', #3847 ) ;
#2566 = CARTESIAN_POINT ( 'NONE',  ( -0.3112600429262814550, 0.3462721118061212189, -0.3199202969641256611 ) ) ;
#2567 = DIRECTION ( 'NONE',  ( 0.000000000000000000, 1.000000000000000000, 0.000000000000000000 ) ) ;
#2568 = DIRECTION ( 'NONE',  ( 0.000000000000000000, 1.355252715606880740E-15, -1.000000000000000000 ) ) ;
#2569 = ORIENTED_EDGE ( 'NONE', *, *, #3776, .F. ) ;
#2570 = AXIS2_PLACEMENT_3D ( 'NONE', #944, #2764, #3649 ) ;
#2571 = CIRCLE ( 'NONE', #923, 0.01000000000000002623 ) ;
#2572 = EDGE_LOOP ( 'NONE', ( #3276, #1390, #3368 ) ) ;
#2573 = PLANE ( 'NONE',  #2012 ) ;
#2574 = VECTOR ( 'NONE', #3045, 1000.000000000000114 ) ;
#2575 = FACE_OUTER_BOUND ( 'NONE', #2498, .T. ) ;
#2576 = EDGE_LOOP ( 'NONE', ( #17, #3197, #359, #2914, #365, #3519, #1921, #1085 ) ) ;
#2577 = ORIENTED_EDGE ( 'NONE', *, *, #3680, .F. ) ;
#2578 = AXIS2_PLACEMENT_3D ( 'NONE', #354, #3753, #1544 ) ;
#2579 = ADVANCED_FACE ( 'NONE', ( #2025 ), #3255, .T. ) ;
#2580 = CARTESIAN_POINT ( 'NONE',  ( -0.3200000000000001177, 0.3464101615137729628, -0.3199999999999999512 ) ) ;
#2581 = EDGE_CURVE ( 'NONE', #883, #1890, #3623, .T. ) ;
#2582 = CIRCLE ( 'NONE', #867, 0.01000000000000002623 ) ;
#2583 = AXIS2_PLACEMENT_3D ( 'NONE', #3513, #3191, #1140 ) ;
#2584 = AXIS2_PLACEMENT_3D ( 'NONE', #6, #2817, #1613 ) ;
#2585 = DIRECTION ( 'NONE',  ( -0.000000000000000000, 1.000000000000000000, -0.000000000000000000 ) ) ;
#2586 = ORIENTED_EDGE ( 'NONE', *, *, #3612, .F. ) ;
#2587 = VECTOR ( 'NONE', #3236, 1000.000000000000000 ) ;
#2588 =( LENGTH_UNIT ( ) NAMED_UNIT ( * ) SI_UNIT ( .MILLI., .METRE. ) );
#2589 = CARTESIAN_POINT ( 'NONE',  ( -0.3104214140871991989, 11.15358983848622287, 0.3200000000000000622 ) ) ;
#2590 = CARTESIAN_POINT ( 'NONE',  ( 0.6749999999999997113, 2.490000000000000213, -1.250000000000000000 ) ) ;
#2591 = CARTESIAN_POINT ( 'NONE',  ( 1.175000000000000711, 0.01000000000000002623, 0.7499999999999997780 ) ) ;
#2592 = VECTOR ( 'NONE', #1209, 1000.000000000000000 ) ;
#2593 = VERTEX_POINT ( 'NONE', #3589 ) ;
#2594 = CARTESIAN_POINT ( 'NONE',  ( 1.175000000000000488, 2.350000000000000089, 0.4999999999999991673 ) ) ;
#2595 = CARTESIAN_POINT ( 'NONE',  ( 0.6679289321881342056, 0.01000000000000002623, -1.242928932188134494 ) ) ;
#2596 = ORIENTED_EDGE ( 'NONE', *, *, #2505, .F. ) ;
#2597 = EDGE_CURVE ( 'NONE', #3786, #26, #2477, .T. ) ;
#2598 = ORIENTED_EDGE ( 'NONE', *, *, #533, .T. ) ;
#2599 = CYLINDRICAL_SURFACE ( 'NONE', #3396, 0.01000000000000001235 ) ;
#2600 = DIRECTION ( 'NONE',  ( 0.000000000000000000, 0.000000000000000000, 1.000000000000000000 ) ) ;
#2601 = EDGE_CURVE ( 'NONE', #3887, #3766, #2451, .T. ) ;
#2602 = EDGE_CURVE ( 'NONE', #1646, #1766, #3055, .T. ) ;
#2603 = LINE ( 'NONE', #137, #2446 ) ;
#2604 = ORIENTED_EDGE ( 'NONE', *, *, #1027, .T. ) ;
#2605 = ADVANCED_FACE ( 'NONE', ( #3678 ), #1840, .T. ) ;
#2606 = DIRECTION ( 'NONE',  ( -0.000000000000000000, 1.000000000000000000, -0.000000000000000000 ) ) ;
#2607 = DIRECTION ( 'NONE',  ( -0.4472135954999594820, -0.7745966692414817389, -0.4472135954999594265 ) ) ;
#2608 = CARTESIAN_POINT ( 'NONE',  ( 0.3199733969465144434, 0.3463640836734995232, 0.3108419876365758339 ) ) ;
#2609 = DIRECTION ( 'NONE',  ( 0.000000000000000000, 0.000000000000000000, -1.000000000000000000 ) ) ;
#2610 = ORIENTED_EDGE ( 'NONE', *, *, #761, .T. ) ;
#2611 = ORIENTED_EDGE ( 'NONE', *, *, #334, .T. ) ;
#2612 = DIRECTION ( 'NONE',  ( 0.000000000000000000, 0.000000000000000000, -1.000000000000000000 ) ) ;
#2613 = FACE_OUTER_BOUND ( 'NONE', #2066, .T. ) ;
#2614 = ORIENTED_EDGE ( 'NONE', *, *, #3074, .F. ) ;
#2615 = ORIENTED_EDGE ( 'NONE', *, *, #2327, .F. ) ;
#2616 = CARTESIAN_POINT ( 'NONE',  ( 0.000000000000000000, 0.01000000000000000021, -0.1142264973081040941 ) ) ;
#2617 = CARTESIAN_POINT ( 'NONE',  ( -0.3200000000000001177, 11.15358983848622110, -0.3104214140871989769 ) ) ;
#2618 = FACE_OUTER_BOUND ( 'NONE', #2011, .T. ) ;
#2619 = DIRECTION ( 'NONE',  ( 0.000000000000000000, 0.000000000000000000, 1.000000000000000000 ) ) ;
#2620 = SPHERICAL_SURFACE ( 'NONE', #3465, 0.01000000000000000021 ) ;
#2621 = EDGE_CURVE ( 'NONE', #602, #759, #2840, .T. ) ;
#2622 = ORIENTED_EDGE ( 'NONE', *, *, #3188, .F. ) ;
#2623 = ADVANCED_FACE ( 'NONE', ( #2991 ), #3009, .T. ) ;
#2624 = ITEM_DEFINED_TRANSFORMATION ( 'NONE', 'NONE', #2441,  #1173 ) ;
#2625 = CARTESIAN_POINT ( 'NONE',  ( 1.175000000000000711, 2.500000000000000000, 0.7499999999999997780 ) ) ;
#2626 = EDGE_CURVE ( 'NONE', #1287, #2939, #50, .T. ) ;
#2627 = ORIENTED_EDGE ( 'NONE', *, *, #1908, .F. ) ;
#2628 = EDGE_LOOP ( 'NONE', ( #2269, #1984, #35, #450 ) ) ;
#2629 = DIRECTION ( 'NONE',  ( 0.000000000000000000, -1.000000000000000000, 0.000000000000000000 ) ) ;
#2630 = LINE ( 'NONE', #3571, #3540 ) ;
#2631 = CARTESIAN_POINT ( 'NONE',  ( 1.172071067811865319, 2.490000000000000213, -0.7529289321881347252 ) ) ;
#2632 = VECTOR ( 'NONE', #1344, 1000.000000000000000 ) ;
#2633 = EDGE_LOOP ( 'NONE', ( #3320, #3866, #376, #2093 ) ) ;
#2634 = ORIENTED_EDGE ( 'NONE', *, *, #3484, .T. ) ;
#2635 = VECTOR ( 'NONE', #2156, 1000.000000000000227 ) ;
#2636 = CARTESIAN_POINT ( 'NONE',  ( 1.259999999999999787, 2.500000000000000000, -0.7500000000000001110 ) ) ;
#2637 = DIRECTION ( 'NONE',  ( 0.000000000000000000, 0.000000000000000000, -1.000000000000000000 ) ) ;
#2638 = VERTEX_POINT ( 'NONE', #970 ) ;
#2639 = VECTOR ( 'NONE', #235, 1000.000000000000000 ) ;
#2640 = DIRECTION ( 'NONE',  ( 1.000000000000000000, 0.000000000000000000, 0.000000000000000000 ) ) ;
#2641 = CARTESIAN_POINT ( 'NONE',  ( -0.3300000000000001266, 2.500000000000000000, 0.3300000000000000155 ) ) ;
#2642 = FACE_OUTER_BOUND ( 'NONE', #2926, .T. ) ;
#2643 = VECTOR ( 'NONE', #997, 1000.000000000000000 ) ;
#2644 = ORIENTED_EDGE ( 'NONE', *, *, #1522, .F. ) ;
#2645 = AXIS2_PLACEMENT_3D ( 'NONE', #677, #1881, #3469 ) ;
#2646 = PRESENTATION_STYLE_ASSIGNMENT (( #1115 ) ) ;
#2647 = CARTESIAN_POINT ( 'NONE',  ( -1.175000000000000044, 2.350000000000000089, -0.5000000000000008882 ) ) ;
#2648 = CARTESIAN_POINT ( 'NONE',  ( -0.6708578643762688198, 0.01000000000000002623, -1.249999999999999778 ) ) ;
#2649 = ORIENTED_EDGE ( 'NONE', *, *, #2760, .F. ) ;
#2650 = EDGE_CURVE ( 'NONE', #3771, #2815, #1487, .T. ) ;
#2651 = EDGE_CURVE ( 'NONE', #2455, #1949, #1619, .T. ) ;
#2652 = FACE_OUTER_BOUND ( 'NONE', #2628, .T. ) ;
#2653 = AXIS2_PLACEMENT_3D ( 'NONE', #3380, #2406, #1560 ) ;
#2654 = VECTOR ( 'NONE', #2488, 1000.000000000000000 ) ;
#2655 = DIRECTION ( 'NONE',  ( 1.000000000000000000, 0.000000000000000000, 0.000000000000000000 ) ) ;
#2656 = ORIENTED_EDGE ( 'NONE', *, *, #3459, .F. ) ;
#2657 = ORIENTED_EDGE ( 'NONE', *, *, #2626, .F. ) ;
#2658 = EDGE_CURVE ( 'NONE', #26, #602, #635, .T. ) ;
#2659 = FACE_OUTER_BOUND ( 'NONE', #3000, .T. ) ;
#2660 = VERTEX_POINT ( 'NONE', #2397 ) ;
#2661 = CARTESIAN_POINT ( 'NONE',  ( 0.6708578643762693750, 2.500000000000000000, 1.240000000000000435 ) ) ;
#2662 = DIRECTION ( 'NONE',  ( 4.929469777106312783E-14, -8.538092108323715974E-14, 1.000000000000000000 ) ) ;
#2663 = CARTESIAN_POINT ( 'NONE',  ( -1.175000000000000044, 2.490000000000000213, -0.5000000000000008882 ) ) ;
#2664 = EDGE_LOOP ( 'NONE', ( #1724, #1888, #2997, #1760 ) ) ;
#2665 = DIRECTION ( 'NONE',  ( 1.000000000000000000, 0.000000000000000000, -0.000000000000000000 ) ) ;
#2666 = CARTESIAN_POINT ( 'NONE',  ( 1.175000000000000711, 0.01000000000000002623, 0.7499999999999998890 ) ) ;
#2667 = DIRECTION ( 'NONE',  ( 1.694065894508600678E-16, 0.000000000000000000, 1.000000000000000000 ) ) ;
#2668 = ORIENTED_EDGE ( 'NONE', *, *, #1741, .T. ) ;
#2669 = ADVANCED_FACE ( 'NONE', ( #2122 ), #3618, .F. ) ;
#2670 = SHAPE_REPRESENTATION_RELATIONSHIP ( 'NONE' , 'NONE' ,  #3423, #2843 ) ;
#2671 = FACE_OUTER_BOUND ( 'NONE', #3129, .T. ) ;
#2672 = DIRECTION ( 'NONE',  ( -0.7071067811865475727, 0.000000000000000000, -0.7071067811865474617 ) ) ;
#2673 = EDGE_CURVE ( 'NONE', #3258, #133, #3315, .T. ) ;
#2674 = EDGE_LOOP ( 'NONE', ( #44, #2657, #3558, #2041 ) ) ;
#2675 =( BOUNDED_CURVE ( )  B_SPLINE_CURVE ( 3, ( #3889, #2064, #2103, #1160 ),
 .UNSPECIFIED., .F., .T. ) 
 B_SPLINE_CURVE_WITH_KNOTS ( ( 4, 4 ),
 ( 0.000000000000000000, 1.570796326794905884 ),
 .UNSPECIFIED. ) 
 CURVE ( )  GEOMETRIC_REPRESENTATION_ITEM ( )  RATIONAL_B_SPLINE_CURVE ( ( 1.000000000000000000, 0.8047378541243628280, 0.8047378541243628280, 1.000000000000000000 ) ) 
 REPRESENTATION_ITEM ( '' )  );
#2676 = EDGE_CURVE ( 'NONE', #2679, #1331, #1296, .T. ) ;
#2677 = DIRECTION ( 'NONE',  ( 0.000000000000000000, 0.000000000000000000, 1.000000000000000000 ) ) ;
#2678 = DIRECTION ( 'NONE',  ( -0.000000000000000000, -1.000000000000000000, -0.000000000000000000 ) ) ;
#2679 = VERTEX_POINT ( 'NONE', #1782 ) ;
#2680 = DIRECTION ( 'NONE',  ( -0.7071067811865473507, -0.000000000000000000, 0.7071067811865477948 ) ) ;
#2681 = CYLINDRICAL_SURFACE ( 'NONE', #2117, 0.009999999999999903064 ) ;
#2682 = CARTESIAN_POINT ( 'NONE',  ( 0.6708578643762688198, 0.01000000000000002623, -1.239999999999999991 ) ) ;
#2683 = ORIENTED_EDGE ( 'NONE', *, *, #525, .F. ) ;
#2684 = FACE_OUTER_BOUND ( 'NONE', #2347, .T. ) ;
#2685 = CARTESIAN_POINT ( 'NONE',  ( 1.270000000000000240, 2.489999999999999769, 0.7500000000000001110 ) ) ;
#2686 = CARTESIAN_POINT ( 'NONE',  ( 0.000000000000000000, 2.490000000000000213, 0.7400000000000001021 ) ) ;
#2687 = ORIENTED_EDGE ( 'NONE', *, *, #2651, .T. ) ;
#2688 = CARTESIAN_POINT ( 'NONE',  ( 0.000000000000000000, 0.000000000000000000, 0.000000000000000000 ) ) ;
#2689 = DIRECTION ( 'NONE',  ( -1.000000000000000000, 0.000000000000000000, -0.000000000000000000 ) ) ;
#2690 = CARTESIAN_POINT ( 'NONE',  ( -0.6679289321881342056, 0.000000000000000000, -1.242928932188134272 ) ) ;
#2691 = ORIENTED_EDGE ( 'NONE', *, *, #1956, .F. ) ;
#2692 = CARTESIAN_POINT ( 'NONE',  ( -0.3200000000000001177, 11.50000000000000000, -0.3099999999999999423 ) ) ;
#2693 = ORIENTED_EDGE ( 'NONE', *, *, #3313, .T. ) ;
#2694 = CIRCLE ( 'NONE', #1478, 0.01000000000000002623 ) ;
#2695 = PRODUCT_DEFINITION_FORMATION_WITH_SPECIFIED_SOURCE ( 'ANY', '', #3310, .NOT_KNOWN. ) ;
#2696 = VECTOR ( 'NONE', #1365, 1000.000000000000000 ) ;
#2697 = LINE ( 'NONE', #565, #406 ) ;
#2698 = PRODUCT_DEFINITION_SHAPE ( 'NONE', 'NONE',  #3923 ) ;
#2699 = DIRECTION ( 'NONE',  ( -0.7071067811865475727, -7.666467083416850673E-15, -0.7071067811865475727 ) ) ;
#2700 = ORIENTED_EDGE ( 'NONE', *, *, #3042, .F. ) ;
#2701 = DIRECTION ( 'NONE',  ( 0.000000000000000000, 0.000000000000000000, 1.000000000000000000 ) ) ;
#2702 = DIRECTION ( 'NONE',  ( 8.470329472543003391E-17, 0.000000000000000000, 1.000000000000000000 ) ) ;
#2703 = TOROIDAL_SURFACE ( 'NONE', #3345, 0.02000000000000000042, 0.01000000000000000021 ) ;
#2704 = DIRECTION ( 'NONE',  ( 0.000000000000000000, 0.000000000000000000, 1.000000000000000000 ) ) ;
#2705 = ORIENTED_EDGE ( 'NONE', *, *, #1240, .T. ) ;
#2706 = DIRECTION ( 'NONE',  ( 0.000000000000000000, 0.000000000000000000, 1.000000000000000000 ) ) ;
#2707 = CARTESIAN_POINT ( 'NONE',  ( -1.269999999999999796, -1.503005322678532707, -0.7499999999999997780 ) ) ;
#2708 = VECTOR ( 'NONE', #387, 1000.000000000000000 ) ;
#2709 = CARTESIAN_POINT ( 'NONE',  ( -0.6708578643762688198, 2.500000000000000000, 1.240000000000000657 ) ) ;
#2710 = ITEM_DEFINED_TRANSFORMATION ( 'NONE', 'NONE', #528,  #1173 ) ;
#2711 = ORIENTED_EDGE ( 'NONE', *, *, #2597, .T. ) ;
#2712 = VERTEX_POINT ( 'NONE', #2709 ) ;
#2713 = VECTOR ( 'NONE', #1849, 1000.000000000000114 ) ;
#2714 = STYLED_ITEM ( 'NONE', ( #3767 ), #816 ) ;
#2715 = ADVANCED_FACE ( 'NONE', ( #2729 ), #3637, .T. ) ;
#2716 = FACE_OUTER_BOUND ( 'NONE', #1965, .T. ) ;
#2717 = ORIENTED_EDGE ( 'NONE', *, *, #3777, .F. ) ;
#2718 = VECTOR ( 'NONE', #2728, 1000.000000000000114 ) ;
#2719 = FACE_OUTER_BOUND ( 'NONE', #3416, .T. ) ;
#2720 = CARTESIAN_POINT ( 'NONE',  ( -0.3300000000000001821, 2.500000000000000000, -0.3300000000000001266 ) ) ;
#2721 = CYLINDRICAL_SURFACE ( 'NONE', #807, 0.009999999999999998473 ) ;
#2722 = ADVANCED_FACE ( 'NONE', ( #595 ), #1804, .T. ) ;
#2723 = CARTESIAN_POINT ( 'NONE',  ( -1.179142135623730825, -1.503005322678532707, 0.7500000000000004441 ) ) ;
#2724 = DIRECTION ( 'NONE',  ( -1.095437728245848425E-14, 0.000000000000000000, -1.000000000000000000 ) ) ;
#2725 = CYLINDRICAL_SURFACE ( 'NONE', #45, 0.01000000000000002623 ) ;
#2726 = ORIENTED_EDGE ( 'NONE', *, *, #1053, .F. ) ;
#2727 = DIRECTION ( 'NONE',  ( 0.000000000000000000, 0.000000000000000000, 1.000000000000000000 ) ) ;
#2728 = DIRECTION ( 'NONE',  ( 0.4472135954999578722, 0.7745966692414834043, 0.4472135954999578722 ) ) ;
#2729 = FACE_OUTER_BOUND ( 'NONE', #1757, .T. ) ;
#2730 = ORIENTED_EDGE ( 'NONE', *, *, #76, .F. ) ;
#2731 = EDGE_LOOP ( 'NONE', ( #2949, #1548, #1929, #1799 ) ) ;
#2732 = PLANE ( 'NONE',  #1569 ) ;
#2733 = ORIENTED_EDGE ( 'NONE', *, *, #1080, .T. ) ;
#2734 = CARTESIAN_POINT ( 'NONE',  ( 0.6779289321881348807, 2.500000000000000000, 1.247071067811865941 ) ) ;
#2735 = APPLICATION_CONTEXT ( 'automotive_design' ) ;
#2736 = FACE_OUTER_BOUND ( 'NONE', #2215, .T. ) ;
#2737 = DIRECTION ( 'NONE',  ( -1.000000000000000000, 0.000000000000000000, 0.000000000000000000 ) ) ;
#2738 = CARTESIAN_POINT ( 'NONE',  ( 0.3299999999999999600, 2.490000000000000213, -0.3200000000000000622 ) ) ;
#2739 = VECTOR ( 'NONE', #2499, 1000.000000000000000 ) ;
#2740 = EDGE_CURVE ( 'NONE', #1331, #3761, #1509, .T. ) ;
#2741 = DIRECTION ( 'NONE',  ( -1.000000000000000000, 0.000000000000000000, 0.000000000000000000 ) ) ;
#2742 = ORIENTED_EDGE ( 'NONE', *, *, #1589, .T. ) ;
#2743 = EDGE_CURVE ( 'NONE', #2362, #2044, #2536, .T. ) ;
#2744 = DIRECTION ( 'NONE',  ( 0.000000000000000000, 0.000000000000000000, 1.000000000000000000 ) ) ;
#2745 = LINE ( 'NONE', #905, #1259 ) ;
#2746 = ADVANCED_FACE ( 'NONE', ( #2829 ), #2183, .F. ) ;
#2747 = CARTESIAN_POINT ( 'NONE',  ( 1.165000000000000036, 2.490000000000000213, -0.5000000000000011102 ) ) ;
#2748 = ORIENTED_EDGE ( 'NONE', *, *, #383, .T. ) ;
#2749 = ADVANCED_FACE ( 'NONE', ( #1064 ), #2555, .T. ) ;
#2750 = ORIENTED_EDGE ( 'NONE', *, *, #2601, .T. ) ;
#2751 = CARTESIAN_POINT ( 'NONE',  ( -0.3199733969465144989, 0.3463640836734994677, 0.3108419876365759449 ) ) ;
#2752 = CARTESIAN_POINT ( 'NONE',  ( -0.3199202969641258276, 0.3462721118061212189, -0.3112600429262812884 ) ) ;
#2753 = DIRECTION ( 'NONE',  ( 1.000000000000000000, 0.000000000000000000, 3.252606517456505098E-14 ) ) ;
#2754 = PRESENTATION_LAYER_ASSIGNMENT (  '', '', ( #1922 ) ) ;
#2755 = LINE ( 'NONE', #2803, #2400 ) ;
#2756 = CARTESIAN_POINT ( 'NONE',  ( 0.6779289321881348807, 0.01000000000000002623, 1.247071067811865941 ) ) ;
#2757 = CARTESIAN_POINT ( 'NONE',  ( 1.150857864376268802, 0.000000000000000000, -0.7600000000000001199 ) ) ;
#2758 = VECTOR ( 'NONE', #2076, 1000.000000000000000 ) ;
#2759 =( REPRESENTATION_RELATIONSHIP ('NONE','NONE', #695, #3423 ) REPRESENTATION_RELATIONSHIP_WITH_TRANSFORMATION ( #3466 )SHAPE_REPRESENTATION_RELATIONSHIP( ) );
#2760 = EDGE_CURVE ( 'NONE', #795, #3902, #652, .T. ) ;
#2761 = FACE_OUTER_BOUND ( 'NONE', #3139, .T. ) ;
#2762 = PRODUCT_DEFINITION_SHAPE ( 'NONE', 'NONE',  #3918 ) ;
#2763 = ORIENTED_EDGE ( 'NONE', *, *, #3632, .T. ) ;
#2764 = DIRECTION ( 'NONE',  ( 0.000000000000000000, 0.000000000000000000, 1.000000000000000000 ) ) ;
#2765 = CONTEXT_DEPENDENT_SHAPE_REPRESENTATION ( #499, #1104 ) ;
#2766 = AXIS2_PLACEMENT_3D ( 'NONE', #969, #1023, #3449 ) ;
#2767 = LINE ( 'NONE', #3732, #1302 ) ;
#2768 = CARTESIAN_POINT ( 'NONE',  ( -0.6749999999999997113, 2.490000000000000213, 1.250000000000000666 ) ) ;
#2769 = ORIENTED_EDGE ( 'NONE', *, *, #148, .T. ) ;
#2770 = ADVANCED_FACE ( 'NONE', ( #3097 ), #696, .F. ) ;
#2771 = ORIENTED_EDGE ( 'NONE', *, *, #2211, .T. ) ;
#2772 = ADVANCED_FACE ( 'NONE', ( #2810 ), #83, .T. ) ;
#2773 = VECTOR ( 'NONE', #2667, 1000.000000000000000 ) ;
#2774 = DIRECTION ( 'NONE',  ( -1.000000000000000000, -4.336808689942006376E-14, 0.000000000000000000 ) ) ;
#2775 = CARTESIAN_POINT ( 'NONE',  ( 1.259999999999999787, 2.500000000000000000, -0.7400000000000001021 ) ) ;
#2776 = CYLINDRICAL_SURFACE ( 'NONE', #1074, 0.01000000000000002623 ) ;
#2777 = VECTOR ( 'NONE', #3793, 1000.000000000000114 ) ;
#2778 = ORIENTED_EDGE ( 'NONE', *, *, #2360, .F. ) ;
#2779 = DIRECTION ( 'NONE',  ( -8.470329472543003391E-17, 0.000000000000000000, -1.000000000000000000 ) ) ;
#2780 =( BOUNDED_CURVE ( )  B_SPLINE_CURVE ( 3, ( #3068, #326, #3585, #858 ),
 .UNSPECIFIED., .F., .T. ) 
 B_SPLINE_CURVE_WITH_KNOTS ( ( 4, 4 ),
 ( 3.141592653589793116, 4.712388980384689674 ),
 .UNSPECIFIED. ) 
 CURVE ( )  GEOMETRIC_REPRESENTATION_ITEM ( )  RATIONAL_B_SPLINE_CURVE ( ( 1.000000000000000000, 0.8047378541243649375, 0.8047378541243649375, 1.000000000000000000 ) ) 
 REPRESENTATION_ITEM ( '' )  );
#2781 = AXIS2_PLACEMENT_3D ( 'NONE', #594, #557, #3271 ) ;
#2782 = FACE_OUTER_BOUND ( 'NONE', #603, .T. ) ;
#2783 = CARTESIAN_POINT ( 'NONE',  ( -0.1937320508075680847, 0.1277076581449563819, 0.1850717967697238509 ) ) ;
#2784 = VECTOR ( 'NONE', #2402, 1000.000000000000227 ) ;
#2785 = LINE ( 'NONE', #323, #3749 ) ;
#2786 = DIRECTION ( 'NONE',  ( 2.891205793294678819E-16, -0.000000000000000000, 1.000000000000000000 ) ) ;
#2787 = DIRECTION ( 'NONE',  ( 0.000000000000000000, -1.000000000000000000, 0.000000000000000000 ) ) ;
#2788 = VERTEX_POINT ( 'NONE', #1899 ) ;
#2789 = DIRECTION ( 'NONE',  ( 1.000000000000000000, 0.000000000000000000, 0.000000000000000000 ) ) ;
#2790 = FACE_OUTER_BOUND ( 'NONE', #3410, .T. ) ;
#2791 = ORIENTED_EDGE ( 'NONE', *, *, #3044, .F. ) ;
#2792 = MECHANICAL_DESIGN_GEOMETRIC_PRESENTATION_REPRESENTATION (  '', ( #295 ), #890 ) ;
#2793 = ORIENTED_EDGE ( 'NONE', *, *, #1662, .F. ) ;
#2794 = DIRECTION ( 'NONE',  ( -1.000000000000000000, 0.000000000000000000, 0.000000000000000000 ) ) ;
#2795 = PLANE ( 'NONE',  #1428 ) ;
#2796 = EDGE_CURVE ( 'NONE', #3582, #3535, #3478, .T. ) ;
#2797 = CARTESIAN_POINT ( 'NONE',  ( -1.269999999999999796, 2.350000000000000089, -0.5000000000000008882 ) ) ;
#2798 = EDGE_CURVE ( 'NONE', #509, #2231, #1123, .T. ) ;
#2799 = ORIENTED_EDGE ( 'NONE', *, *, #243, .F. ) ;
#2800 = EDGE_CURVE ( 'NONE', #3740, #2434, #415, .T. ) ;
#2801 = DIRECTION ( 'NONE',  ( 1.000000000000000000, -1.355252715606935763E-15, 0.000000000000000000 ) ) ;
#2802 = CARTESIAN_POINT ( 'NONE',  ( 1.175000000000000711, 0.01000000000000002623, 0.7499999999999997780 ) ) ;
#2803 = CARTESIAN_POINT ( 'NONE',  ( -1.269999999999999796, 2.490000000000000213, 0.4999999999999990563 ) ) ;
#2804 = DIRECTION ( 'NONE',  ( -1.000000000000000000, 0.000000000000000000, -0.000000000000000000 ) ) ;
#2805 = DIRECTION ( 'NONE',  ( 0.000000000000000000, -1.000000000000000000, 0.000000000000000000 ) ) ;
#2806 = ORIENTED_EDGE ( 'NONE', *, *, #3556, .T. ) ;
#2807 = DIRECTION ( 'NONE',  ( 1.000000000000000000, 0.000000000000000000, 0.000000000000000000 ) ) ;
#2808 = DIRECTION ( 'NONE',  ( 0.000000000000000000, -1.000000000000000000, 0.000000000000000000 ) ) ;
#2809 = DIRECTION ( 'NONE',  ( 1.000000000000000000, -0.000000000000000000, -0.000000000000000000 ) ) ;
#2810 = FACE_OUTER_BOUND ( 'NONE', #1745, .T. ) ;
#2811 = ORIENTED_EDGE ( 'NONE', *, *, #3013, .T. ) ;
#2812 = ORIENTED_EDGE ( 'NONE', *, *, #3293, .F. ) ;
#2813 = DIRECTION ( 'NONE',  ( -5.421010862427743051E-15, -1.000000000000000000, 0.000000000000000000 ) ) ;
#2814 = DIRECTION ( 'NONE',  ( 0.000000000000000000, 0.000000000000000000, -1.000000000000000000 ) ) ;
#2815 = VERTEX_POINT ( 'NONE', #734 ) ;
#2816 = ORIENTED_EDGE ( 'NONE', *, *, #3461, .T. ) ;
#2817 = DIRECTION ( 'NONE',  ( -1.000000000000000000, -4.065758146820817544E-15, -2.347366560526815855E-15 ) ) ;
#2818 = DIRECTION ( 'NONE',  ( -1.000000000000000000, 0.000000000000000000, -0.000000000000000000 ) ) ;
#2819 = AXIS2_PLACEMENT_3D ( 'NONE', #2102, #1485, #616 ) ;
#2820 = DIRECTION ( 'NONE',  ( -1.000000000000000000, 0.000000000000000000, 0.000000000000000000 ) ) ;
#2821 = VERTEX_POINT ( 'NONE', #1942 ) ;
#2822 = UNCERTAINTY_MEASURE_WITH_UNIT (LENGTH_MEASURE( 1.000000000000000082E-05 ), #2513, 'distance_accuracy_value', 'NONE');
#2823 = ORIENTED_EDGE ( 'NONE', *, *, #555, .F. ) ;
#2824 = AXIS2_PLACEMENT_3D ( 'NONE', #1541, #591, #1801 ) ;
#2825 = AXIS2_PLACEMENT_3D ( 'NONE', #61, #324, #899 ) ;
#2826 = SHAPE_DEFINITION_REPRESENTATION ( #966, #1525 ) ;
#2827 = DIRECTION ( 'NONE',  ( 1.721402144386329970E-14, 0.000000000000000000, 1.000000000000000000 ) ) ;
#2828 = CARTESIAN_POINT ( 'NONE',  ( -0.6779289321881342145, 2.490000000000000213, -1.247071067811865275 ) ) ;
#2829 = FACE_OUTER_BOUND ( 'NONE', #437, .T. ) ;
#2830 = VERTEX_POINT ( 'NONE', #3175 ) ;
#2831 = ORIENTED_EDGE ( 'NONE', *, *, #1221, .F. ) ;
#2832 = LINE ( 'NONE', #69, #2739 ) ;
#2833 = DIRECTION ( 'NONE',  ( 0.000000000000000000, 0.000000000000000000, -1.000000000000000000 ) ) ;
#2834 = AXIS2_PLACEMENT_3D ( 'NONE', #3460, #2504, #2220 ) ;
#2835 = ORIENTED_EDGE ( 'NONE', *, *, #2054, .T. ) ;
#2836 = AXIS2_PLACEMENT_3D ( 'NONE', #1293, #3051, #1520 ) ;
#2837 = ORIENTED_EDGE ( 'NONE', *, *, #2943, .F. ) ;
#2838 = CARTESIAN_POINT ( 'NONE',  ( -1.175000000000000044, 2.490000000000000213, 0.5099999999999991207 ) ) ;
#2839 = EDGE_CURVE ( 'NONE', #1232, #1015, #1447, .T. ) ;
#2840 = CIRCLE ( 'NONE', #1253, 0.01000000000000002623 ) ;
#2841 = DIRECTION ( 'NONE',  ( 0.5773502691896260641, -0.5773502691896250649, 0.5773502691896263972 ) ) ;
#2842 = CARTESIAN_POINT ( 'NONE',  ( 1.172071067811865985, 2.490000000000000213, 0.7529289321881346142 ) ) ;
#2843 = ADVANCED_BREP_SHAPE_REPRESENTATION ( '', ( #829, #1173 ), #658 ) ;
#2844 = CARTESIAN_POINT ( 'NONE',  ( 1.260000000000000231, 2.500000000000000000, 0.4999999999999986122 ) ) ;
#2845 = VECTOR ( 'NONE', #1824, 1000.000000000000000 ) ;
#2846 = ADVANCED_FACE ( 'NONE', ( #449, #3568 ), #3548, .F. ) ;
#2847 = DIRECTION ( 'NONE',  ( 0.000000000000000000, 0.000000000000000000, 1.000000000000000000 ) ) ;
#2848 = EDGE_LOOP ( 'NONE', ( #2811, #3237, #3838, #3591 ) ) ;
#2849 = DIRECTION ( 'NONE',  ( -1.694065894508600678E-16, 0.000000000000000000, -1.000000000000000000 ) ) ;
#2850 = CARTESIAN_POINT ( 'NONE',  ( -0.3130717967697246307, 0.3494101615137729655, -0.3217320508075688368 ) ) ;
#2851 = ORIENTED_EDGE ( 'NONE', *, *, #882, .F. ) ;
#2852 = ORIENTED_EDGE ( 'NONE', *, *, #675, .T. ) ;
#2853 = LINE ( 'NONE', #1591, #1740 ) ;
#2854 = CARTESIAN_POINT ( 'NONE',  ( -1.165000000000000258, 2.490000000000000213, -0.7458578643762689975 ) ) ;
#2855 = ORIENTED_EDGE ( 'NONE', *, *, #76, .T. ) ;
#2856 = VERTEX_POINT ( 'NONE', #2591 ) ;
#2857 = CARTESIAN_POINT ( 'NONE',  ( 0.1142264973081030532, 11.49000000000000021, -0.1142264973081030671 ) ) ;
#2858 = DIRECTION ( 'NONE',  ( -0.7071067811865475727, -0.000000000000000000, 0.7071067811865475727 ) ) ;
#2859 = CARTESIAN_POINT ( 'NONE',  ( -1.167928932188134761, 0.000000000000000000, 0.7429289321881346053 ) ) ;
#2860 = ORIENTED_EDGE ( 'NONE', *, *, #2896, .F. ) ;
#2861 = ORIENTED_EDGE ( 'NONE', *, *, #2892, .T. ) ;
#2862 = APPLICATION_PROTOCOL_DEFINITION ( 'draft international standard', 'automotive_design', 1998, #1271 ) ;
#2863 = DIRECTION ( 'NONE',  ( -0.7071067811865479058, 0.000000000000000000, -0.7071067811865472397 ) ) ;
#2864 = EDGE_CURVE ( 'NONE', #2788, #1529, #757, .T. ) ;
#2865 = DIRECTION ( 'NONE',  ( -1.000000000000000000, 0.000000000000000000, 1.694065894508598706E-16 ) ) ;
#2866 = ORIENTED_EDGE ( 'NONE', *, *, #2035, .F. ) ;
#2867 = EDGE_LOOP ( 'NONE', ( #3373, #1915, #3515, #2705, #2835 ) ) ;
#2868 = EDGE_CURVE ( 'NONE', #1232, #127, #1700, .T. ) ;
#2869 = LINE ( 'NONE', #516, #548 ) ;
#2870 = ADVANCED_FACE ( 'NONE', ( #1369 ), #1737, .T. ) ;
#2871 = DIRECTION ( 'NONE',  ( -1.000000000000000000, -0.000000000000000000, 5.706327223607941615E-15 ) ) ;
#2872 = ORIENTED_EDGE ( 'NONE', *, *, #1884, .F. ) ;
#2873 = ORIENTED_EDGE ( 'NONE', *, *, #928, .T. ) ;
#2874 = EDGE_CURVE ( 'NONE', #1065, #1232, #2948, .T. ) ;
#2875 = DIRECTION ( 'NONE',  ( 0.000000000000000000, -1.000000000000000000, 0.000000000000000000 ) ) ;
#2876 = CARTESIAN_POINT ( 'NONE',  ( -1.269999999999999796, 2.500000000000000000, -0.7399999999999997691 ) ) ;
#2877 = DIRECTION ( 'NONE',  ( -0.7071067811865474617, 0.000000000000000000, 0.7071067811865474617 ) ) ;
#2878 = CONTEXT_DEPENDENT_SHAPE_REPRESENTATION ( #2759, #1550 ) ;
#2879 = DIRECTION ( 'NONE',  ( -0.000000000000000000, 0.000000000000000000, -1.000000000000000000 ) ) ;
#2880 = CARTESIAN_POINT ( 'NONE',  ( -0.1228867513459485361, 0.004999999999999977553, 0.1142264973081041773 ) ) ;
#2881 = CARTESIAN_POINT ( 'NONE',  ( -0.3241421356237310647, 2.500000000000000000, -0.3241421356237310647 ) ) ;
#2882 = ADVANCED_FACE ( 'NONE', ( #2286 ), #1405, .T. ) ;
#2883 = CARTESIAN_POINT ( 'NONE',  ( 0.7200000000000007505, 0.5000000000000000000, 0.7499999999999997780 ) ) ;
#2884 = ORIENTED_EDGE ( 'NONE', *, *, #3334, .T. ) ;
#2885 = AXIS2_PLACEMENT_3D ( 'NONE', #3006, #2727, #3030 ) ;
#2886 = VECTOR ( 'NONE', #856, 1000.000000000000000 ) ;
#2887 = FACE_OUTER_BOUND ( 'NONE', #3812, .T. ) ;
#2888 = VECTOR ( 'NONE', #2585, 1000.000000000000000 ) ;
#2889 = DIRECTION ( 'NONE',  ( 0.7071067811865477948, -0.000000000000000000, -0.7071067811865473507 ) ) ;
#2890 = VERTEX_POINT ( 'NONE', #1704 ) ;
#2891 = ADVANCED_FACE ( 'NONE', ( #1101 ), #3231, .T. ) ;
#2892 = EDGE_CURVE ( 'NONE', #2357, #1175, #180, .T. ) ;
#2893 = ORIENTED_EDGE ( 'NONE', *, *, #2487, .F. ) ;
#2894 = DIRECTION ( 'NONE',  ( -2.891205793294678819E-16, 0.000000000000000000, -1.000000000000000000 ) ) ;
#2895 = VECTOR ( 'NONE', #3567, 1000.000000000000000 ) ;
#2896 = EDGE_CURVE ( 'NONE', #3246, #3317, #3207, .T. ) ;
#2897 = DIRECTION ( 'NONE',  ( 1.000000000000000000, 0.000000000000000000, -0.000000000000000000 ) ) ;
#2898 = CIRCLE ( 'NONE', #1681, 0.01000000000000002623 ) ;
#2899 = AXIS2_PLACEMENT_3D ( 'NONE', #1309, #3754, #1025 ) ;
#2900 = CARTESIAN_POINT ( 'NONE',  ( 0.1142264973081030671, 11.49000000000000021, 0.1142264973081023177 ) ) ;
#2901 = FACE_OUTER_BOUND ( 'NONE', #3123, .T. ) ;
#2902 = AXIS2_PLACEMENT_3D ( 'NONE', #3023, #3364, #322 ) ;
#2903 = AXIS2_PLACEMENT_3D ( 'NONE', #952, #2147, #3374 ) ;
#2904 = CARTESIAN_POINT ( 'NONE',  ( -0.6749999999999997113, 2.500000000000000000, -1.249999999999999778 ) ) ;
#2905 = CARTESIAN_POINT ( 'NONE',  ( -0.3200000000000001177, 2.490000000000000213, -0.3200000000000000622 ) ) ;
#2906 = CYLINDRICAL_SURFACE ( 'NONE', #1555, 0.01000000000000002623 ) ;
#2907 = CARTESIAN_POINT ( 'NONE',  ( 0.3159672026817068602, 11.15476346003734420, 0.3193224092811619008 ) ) ;
#2908 = AXIS2_PLACEMENT_3D ( 'NONE', #2594, #760, #1068 ) ;
#2909 = VERTEX_POINT ( 'NONE', #531 ) ;
#2910 = SURFACE_STYLE_FILL_AREA ( #778 ) ;
#2911 = PRODUCT_DEFINITION_SHAPE ( 'NONE', 'NONE',  #3931 ) ;
#2912 = CARTESIAN_POINT ( 'NONE',  ( 1.175000000000000044, 2.490000000000000213, -0.5000000000000011102 ) ) ;
#2913 = CARTESIAN_POINT ( 'NONE',  ( -0.3199202969641257721, 0.3462721118061212189, 0.3112600429262815105 ) ) ;
#2914 = ORIENTED_EDGE ( 'NONE', *, *, #3083, .F. ) ;
#2915 = AXIS2_PLACEMENT_3D ( 'NONE', #3198, #3240, #1128 ) ;
#2916 = EDGE_LOOP ( 'NONE', ( #3550, #2872, #16, #1155 ) ) ;
#2917 = VECTOR ( 'NONE', #610, 1000.000000000000000 ) ;
#2918 = EDGE_CURVE ( 'NONE', #2270, #2044, #207, .T. ) ;
#2919 = CYLINDRICAL_SURFACE ( 'NONE', #2073, 0.009999999999999903064 ) ;
#2920 = ADVANCED_FACE ( 'NONE', ( #776 ), #513, .F. ) ;
#2921 = FACE_OUTER_BOUND ( 'NONE', #2731, .T. ) ;
#2922 = VECTOR ( 'NONE', #3324, 1000.000000000000000 ) ;
#2923 = CARTESIAN_POINT ( 'NONE',  ( -0.9554289321881346275, 2.500000000000000000, 0.9554289321881347385 ) ) ;
#2924 = EDGE_CURVE ( 'NONE', #2357, #2593, #1118, .T. ) ;
#2925 = DIRECTION ( 'NONE',  ( 1.000000000000000000, 0.000000000000000000, -0.000000000000000000 ) ) ;
#2926 = EDGE_LOOP ( 'NONE', ( #2988, #225, #2812, #166 ) ) ;
#2927 = ITEM_DEFINED_TRANSFORMATION ( 'NONE', 'NONE', #2376,  #1173 ) ;
#2928 = CARTESIAN_POINT ( 'NONE',  ( 0.3099999999999999978, 0.3464101615137729628, 0.3200000000000000622 ) ) ;
#2929 = DIRECTION ( 'NONE',  ( 0.7071067811865473507, 0.000000000000000000, -0.7071067811865477948 ) ) ;
#2930 = CARTESIAN_POINT ( 'NONE',  ( 0.6708578643762693750, 0.01000000000000002623, 1.240000000000000435 ) ) ;
#2931 = DIRECTION ( 'NONE',  ( -0.7071067811865475727, 0.000000000000000000, -0.7071067811865474617 ) ) ;
#2932 = ORIENTED_EDGE ( 'NONE', *, *, #1077, .F. ) ;
#2933 = ORIENTED_EDGE ( 'NONE', *, *, #3291, .F. ) ;
#2934 = FACE_OUTER_BOUND ( 'NONE', #1241, .T. ) ;
#2935 = DIRECTION ( 'NONE',  ( -0.7071067811865474617, 0.000000000000000000, -0.7071067811865474617 ) ) ;
#2936 = ORIENTED_EDGE ( 'NONE', *, *, #2602, .F. ) ;
#2937 = VERTEX_POINT ( 'NONE', #273 ) ;
#2938 = CARTESIAN_POINT ( 'NONE',  ( 1.179142135623731491, 2.490000000000000213, 0.7500000000000001110 ) ) ;
#2939 = VERTEX_POINT ( 'NONE', #3630 ) ;
#2940 = DIRECTION ( 'NONE',  ( -0.000000000000000000, 0.000000000000000000, 1.000000000000000000 ) ) ;
#2941 = CARTESIAN_POINT ( 'NONE',  ( -0.3099999999999999978, 11.15358983848622287, 0.3200000000000000622 ) ) ;
#2942 = ORIENTED_EDGE ( 'NONE', *, *, #551, .F. ) ;
#2943 = EDGE_CURVE ( 'NONE', #2455, #3816, #1759, .T. ) ;
#2944 = ADVANCED_FACE ( 'NONE', ( #1464 ), #2725, .T. ) ;
#2945 = ITEM_DEFINED_TRANSFORMATION ( 'NONE', 'NONE', #2111,  #1173 ) ;
#2946 = CARTESIAN_POINT ( 'NONE',  ( 1.269999999999999796, 0.5100000000000000089, -0.7500000000000001110 ) ) ;
#2947 = CARTESIAN_POINT ( 'NONE',  ( -1.972499999999999476, 0.5000000000000000000, 0.04749999999999936218 ) ) ;
#2948 = LINE ( 'NONE', #1426, #3099 ) ;
#2949 = ORIENTED_EDGE ( 'NONE', *, *, #3212, .T. ) ;
#2950 = EDGE_CURVE ( 'NONE', #2434, #2209, #614, .T. ) ;
#2951 = DIRECTION ( 'NONE',  ( 0.000000000000000000, 0.000000000000000000, 1.000000000000000000 ) ) ;
#2952 = CARTESIAN_POINT ( 'NONE',  ( 0.3199202969641257166, 11.15372788819387395, 0.3112600429262805668 ) ) ;
#2953 = DIRECTION ( 'NONE',  ( 2.891205793294678819E-16, 0.000000000000000000, 1.000000000000000000 ) ) ;
#2954 = PRODUCT_DEFINITION_FORMATION_WITH_SPECIFIED_SOURCE ( 'ANY', '', #37, .NOT_KNOWN. ) ;
#2955 = VECTOR ( 'NONE', #3288, 1000.000000000000000 ) ;
#2956 = VERTEX_POINT ( 'NONE', #1537 ) ;
#2957 = AXIS2_PLACEMENT_3D ( 'NONE', #748, #1340, #3819 ) ;
#2958 = CARTESIAN_POINT ( 'NONE',  ( 1.260000000000000453, 0.5000000000000000000, 0.7499999999999997780 ) ) ;
#2959 = VERTEX_POINT ( 'NONE', #881 ) ;
#2960 = LINE ( 'NONE', #1752, #1556 ) ;
#2961 = VECTOR ( 'NONE', #1292, 1000.000000000000000 ) ;
#2962 = CARTESIAN_POINT ( 'NONE',  ( 1.270000000000000018, 2.495857864376268331, 0.4999999999999986677 ) ) ;
#2963 = AXIS2_PLACEMENT_3D ( 'NONE', #2661, #2074, #848 ) ;
#2964 = ADVANCED_FACE ( 'NONE', ( #1821 ), #3647, .T. ) ;
#2965 = ORIENTED_EDGE ( 'NONE', *, *, #1889, .T. ) ;
#2966 = AXIS2_PLACEMENT_3D ( 'NONE', #2226, #712, #3154 ) ;
#2967 = AXIS2_PLACEMENT_3D ( 'NONE', #3181, #2170, #2779 ) ;
#2968 = DIRECTION ( 'NONE',  ( 1.606225440719266613E-16, -0.000000000000000000, 1.000000000000000000 ) ) ;
#2969 = CARTESIAN_POINT ( 'NONE',  ( 1.265857864376269459, 2.500000000000000000, 0.7458578643762693305 ) ) ;
#2970 = EDGE_CURVE ( 'NONE', #3710, #3535, #2391, .T. ) ;
#2971 = AXIS2_PLACEMENT_3D ( 'NONE', #2595, #3890, #473 ) ;
#2972 = CARTESIAN_POINT ( 'NONE',  ( 1.175000000000000044, 2.490000000000000213, -0.5100000000000011191 ) ) ;
#2973 = VERTEX_POINT ( 'NONE', #588 ) ;
#2974 =( REPRESENTATION_RELATIONSHIP ('NONE','NONE', #695, #1525 ) REPRESENTATION_RELATIONSHIP_WITH_TRANSFORMATION ( #2624 )SHAPE_REPRESENTATION_RELATIONSHIP( ) );
#2975 = CARTESIAN_POINT ( 'NONE',  ( -0.6708578643762688198, 2.490000000000000213, 1.240000000000000657 ) ) ;
#2976 = AXIS2_PLACEMENT_3D ( 'NONE', #3054, #1449, #1524 ) ;
#2977 = VECTOR ( 'NONE', #1105, 1000.000000000000000 ) ;
#2978 = SPHERICAL_SURFACE ( 'NONE', #1937, 0.01000000000000000021 ) ;
#2979 = VERTEX_POINT ( 'NONE', #570 ) ;
#2980 = AXIS2_PLACEMENT_3D ( 'NONE', #1245, #34, #3336 ) ;
#2981 = DIRECTION ( 'NONE',  ( -1.000000000000000000, 0.000000000000000000, 0.000000000000000000 ) ) ;
#2982 = EDGE_LOOP ( 'NONE', ( #3620, #2855, #2072, #2627, #2293, #3225, #2126, #1269 ) ) ;
#2983 = DIRECTION ( 'NONE',  ( 0.000000000000000000, 0.000000000000000000, -1.000000000000000000 ) ) ;
#2984 = DIRECTION ( 'NONE',  ( 0.000000000000000000, 0.000000000000000000, 1.000000000000000000 ) ) ;
#2985 = ORIENTED_EDGE ( 'NONE', *, *, #2252, .T. ) ;
#2986 = DIRECTION ( 'NONE',  ( 0.000000000000000000, 0.000000000000000000, 1.000000000000000000 ) ) ;
#2987 = DIRECTION ( 'NONE',  ( -1.000000000000000000, -0.000000000000000000, 0.000000000000000000 ) ) ;
#2988 = ORIENTED_EDGE ( 'NONE', *, *, #1859, .T. ) ;
#2989 = PRESENTATION_STYLE_ASSIGNMENT (( #3270 ) ) ;
#2990 = CARTESIAN_POINT ( 'NONE',  ( -0.3200000000000001177, 0.000000000000000000, -0.3200000000000000622 ) ) ;
#2991 = FACE_OUTER_BOUND ( 'NONE', #187, .T. ) ;
#2992 = ORIENTED_EDGE ( 'NONE', *, *, #773, .F. ) ;
#2993 = ADVANCED_FACE ( 'NONE', ( #2081 ), #3309, .T. ) ;
#2994 = ORIENTED_EDGE ( 'NONE', *, *, #3871, .T. ) ;
#2995 = CARTESIAN_POINT ( 'NONE',  ( 0.000000000000000000, 2.500000000000000000, -0.5100000000000008971 ) ) ;
#2996 = CARTESIAN_POINT ( 'NONE',  ( -1.259999999999999787, 2.500000000000000000, -0.5100000000000008971 ) ) ;
#2997 = ORIENTED_EDGE ( 'NONE', *, *, #3684, .F. ) ;
#2998 = DIRECTION ( 'NONE',  ( -1.694065894508600678E-16, 0.000000000000000000, -1.000000000000000000 ) ) ;
#2999 = CARTESIAN_POINT ( 'NONE',  ( -0.6749999999999997113, 2.490000000000000213, 1.250000000000000666 ) ) ;
#3000 = EDGE_LOOP ( 'NONE', ( #2542, #1348, #1750, #1822 ) ) ;
#3001 = EDGE_LOOP ( 'NONE', ( #736, #3119, #1341, #1883 ) ) ;
#3002 = DIRECTION ( 'NONE',  ( 0.000000000000000000, 0.000000000000000000, -1.000000000000000000 ) ) ;
#3003 = DIRECTION ( 'NONE',  ( -1.000000000000000000, -0.000000000000000000, 4.694733121053634866E-15 ) ) ;
#3004 = CARTESIAN_POINT ( 'NONE',  ( -1.175000000000000044, 2.495857864376268331, -0.5000000000000008882 ) ) ;
#3005 = EDGE_LOOP ( 'NONE', ( #993, #764, #3429, #3702 ) ) ;
#3006 = CARTESIAN_POINT ( 'NONE',  ( 7.620000000000001883, -2.200000000000000622, -1.665181756595899978E-15 ) ) ;
#3007 = EDGE_CURVE ( 'NONE', #1031, #63, #3346, .T. ) ;
#3008 = CARTESIAN_POINT ( 'NONE',  ( -0.1142264973081032059, 11.50000000000000000, -0.1142264973081030810 ) ) ;
#3009 = PLANE ( 'NONE',  #2324 ) ;
#3010 = ORIENTED_EDGE ( 'NONE', *, *, #1884, .T. ) ;
#3011 =( BOUNDED_CURVE ( )  B_SPLINE_CURVE ( 3, ( #155, #1135, #1361, #2342 ),
 .UNSPECIFIED., .F., .T. ) 
 B_SPLINE_CURVE_WITH_KNOTS ( ( 4, 4 ),
 ( 3.141592653589750039, 4.712388980384689674 ),
 .UNSPECIFIED. ) 
 CURVE ( )  GEOMETRIC_REPRESENTATION_ITEM ( )  RATIONAL_B_SPLINE_CURVE ( ( 1.000000000000000000, 0.8047378541243548344, 0.8047378541243548344, 1.000000000000000000 ) ) 
 REPRESENTATION_ITEM ( '' )  );
#3012 = ORIENTED_EDGE ( 'NONE', *, *, #1758, .F. ) ;
#3013 = EDGE_CURVE ( 'NONE', #3417, #1625, #1955, .T. ) ;
#3014 = EDGE_CURVE ( 'NONE', #1721, #3766, #870, .T. ) ;
#3015 = EDGE_LOOP ( 'NONE', ( #3498, #622, #3057, #937, #451, #31, #3638, #1391 ) ) ;
#3016 = CIRCLE ( 'NONE', #998, 0.02000000000000005246 ) ;
#3017 = VERTEX_POINT ( 'NONE', #311 ) ;
#3018 = STYLED_ITEM ( 'NONE', ( #2989 ), #2843 ) ;
#3019 = DIRECTION ( 'NONE',  ( -0.4472135954999593710, 0.7745966692414818500, 0.4472135954999594265 ) ) ;
#3020 = PRODUCT_DEFINITION_SHAPE ( 'NONE', 'NONE',  #3920 ) ;
#3021 = EDGE_CURVE ( 'NONE', #955, #30, #2456, .T. ) ;
#3022 = DIRECTION ( 'NONE',  ( 0.000000000000000000, 1.000000000000000000, 0.000000000000000000 ) ) ;
#3023 = CARTESIAN_POINT ( 'NONE',  ( -0.1142264973081042051, 0.01000000000000000021, -0.1142264973081040941 ) ) ;
#3024 = DIRECTION ( 'NONE',  ( -0.7071067811865474617, 0.000000000000000000, 0.7071067811865474617 ) ) ;
#3025 = DIRECTION ( 'NONE',  ( -4.065758146820636894E-15, 8.470329472542992544E-16, -1.000000000000000000 ) ) ;
#3026 = AXIS2_PLACEMENT_3D ( 'NONE', #1568, #3115, #1587 ) ;
#3027 = DIRECTION ( 'NONE',  ( 1.000000000000000000, 0.000000000000000000, 0.000000000000000000 ) ) ;
#3028 = ORIENTED_EDGE ( 'NONE', *, *, #3484, .F. ) ;
#3029 = AXIS2_PLACEMENT_3D ( 'NONE', #2115, #3027, #3610 ) ;
#3030 = DIRECTION ( 'NONE',  ( 1.000000000000000000, 0.000000000000000000, 0.000000000000000000 ) ) ;
#3031 = DIRECTION ( 'NONE',  ( 0.7071067811865479058, -0.000000000000000000, 0.7071067811865472397 ) ) ;
#3032 = VECTOR ( 'NONE', #690, 1000.000000000000000 ) ;
#3033 = CARTESIAN_POINT ( 'NONE',  ( -0.1142264973081042190, 0.01000000000000000021, -0.1142264973081040802 ) ) ;
#3034 = ORIENTED_EDGE ( 'NONE', *, *, #3083, .T. ) ;
#3035 = ORIENTED_EDGE ( 'NONE', *, *, #1905, .F. ) ;
#3036 = AXIS2_PLACEMENT_3D ( 'NONE', #2173, #3323, #643 ) ;
#3037 = CIRCLE ( 'NONE', #1378, 0.01000000000000002623 ) ;
#3038 = DIRECTION ( 'NONE',  ( 0.4472135954999866270, 0.7745966692414790744, 0.4472135954999368890 ) ) ;
#3039 = ORIENTED_EDGE ( 'NONE', *, *, #2129, .T. ) ;
#3040 = AXIS2_PLACEMENT_3D ( 'NONE', #3159, #396, #3195 ) ;
#3041 = ORIENTED_EDGE ( 'NONE', *, *, #331, .T. ) ;
#3042 = EDGE_CURVE ( 'NONE', #2890, #3576, #2369, .T. ) ;
#3043 = LINE ( 'NONE', #305, #1684 ) ;
#3044 = EDGE_CURVE ( 'NONE', #3906, #3311, #2780, .T. ) ;
#3045 = DIRECTION ( 'NONE',  ( 0.4472135954999593155, 0.7745966692414818500, -0.4472135954999593710 ) ) ;
#3046 = CARTESIAN_POINT ( 'NONE',  ( 0.1142264973081031226, 11.49499999999999922, -0.1228867513459474536 ) ) ;
#3047 = ADVANCED_FACE ( 'NONE', ( #2761 ), #2060, .F. ) ;
#3048 = CARTESIAN_POINT ( 'NONE',  ( -0.3099999999999999978, 0.3464101615137729628, 0.3200000000000000622 ) ) ;
#3049 = DIRECTION ( 'NONE',  ( 0.000000000000000000, -1.000000000000000000, 0.000000000000000000 ) ) ;
#3050 = EDGE_CURVE ( 'NONE', #759, #509, #2530, .T. ) ;
#3051 = DIRECTION ( 'NONE',  ( 0.000000000000000000, 1.000000000000000000, -0.000000000000000000 ) ) ;
#3052 = EDGE_LOOP ( 'NONE', ( #3892, #869, #99, #2717 ) ) ;
#3053 = CARTESIAN_POINT ( 'NONE',  ( 10.16000000000000192, -2.200000000000000622, -2.075682052463132844E-15 ) ) ;
#3054 = CARTESIAN_POINT ( 'NONE',  ( 1.991719546491890768E-16, 2.490000000000000213, 1.240000000000000657 ) ) ;
#3055 = LINE ( 'NONE', #3911, #107 ) ;
#3056 = ADVANCED_FACE ( 'NONE', ( #2200 ), #3127, .T. ) ;
#3057 = ORIENTED_EDGE ( 'NONE', *, *, #3547, .F. ) ;
#3058 = VERTEX_POINT ( 'NONE', #3426 ) ;
#3059 = CARTESIAN_POINT ( 'NONE',  ( -0.3200000000000000622, 2.490000000000000213, 0.3199999999999999512 ) ) ;
#3060 = ORIENTED_EDGE ( 'NONE', *, *, #2178, .T. ) ;
#3061 = CARTESIAN_POINT ( 'NONE',  ( -1.179142135623731047, 2.490000000000000213, -0.7399999999999997691 ) ) ;
#3062 = ADVANCED_FACE ( 'NONE', ( #984 ), #3709, .T. ) ;
#3063 = CARTESIAN_POINT ( 'NONE',  ( -1.165000000000000036, 2.500000000000000000, 0.5099999999999991207 ) ) ;
#3064 = FACE_OUTER_BOUND ( 'NONE', #1312, .T. ) ;
#3065 = CARTESIAN_POINT ( 'NONE',  ( 0.6708578643762693750, 2.490000000000000213, 1.240000000000000435 ) ) ;
#3066 = CARTESIAN_POINT ( 'NONE',  ( 0.6708578643762693750, 2.490000000000000213, 1.240000000000000435 ) ) ;
#3067 = EDGE_CURVE ( 'NONE', #3564, #1974, #2259, .T. ) ;
#3068 = CARTESIAN_POINT ( 'NONE',  ( -1.269999999999999574, 2.490000000000000213, 0.4999999999999990563 ) ) ;
#3069 = ORIENTED_EDGE ( 'NONE', *, *, #3007, .F. ) ;
#3070 = EDGE_CURVE ( 'NONE', #926, #144, #1286, .T. ) ;
#3071 = CARTESIAN_POINT ( 'NONE',  ( 0.000000000000000000, 0.000000000000000000, 0.000000000000000000 ) ) ;
#3072 = CARTESIAN_POINT ( 'NONE',  ( -0.6708578643762688198, 2.490000000000000213, -1.249999999999999778 ) ) ;
#3073 = DIRECTION ( 'NONE',  ( 0.7071067811865469066, 0.7071067811865482389, 0.000000000000000000 ) ) ;
#3074 = EDGE_CURVE ( 'NONE', #455, #84, #2176, .T. ) ;
#3075 = VERTEX_POINT ( 'NONE', #62 ) ;
#3076 = ORIENTED_EDGE ( 'NONE', *, *, #3042, .T. ) ;
#3077 = FILL_AREA_STYLE_COLOUR ( '', #1008 ) ;
#3078 = CARTESIAN_POINT ( 'NONE',  ( -1.269999999999999796, 2.490000000000000213, -0.5000000000000008882 ) ) ;
#3079 = CARTESIAN_POINT ( 'NONE',  ( 0.1850717967697237953, 0.1277076581449563264, 0.1937320508075680570 ) ) ;
#3080 = ORIENTED_EDGE ( 'NONE', *, *, #3070, .T. ) ;
#3081 = DIRECTION ( 'NONE',  ( -0.000000000000000000, 1.000000000000000000, -0.000000000000000000 ) ) ;
#3082 = CARTESIAN_POINT ( 'NONE',  ( 1.175000000000000488, 2.490000000000000213, 0.5099999999999991207 ) ) ;
#3083 = EDGE_CURVE ( 'NONE', #144, #2270, #1907, .T. ) ;
#3084 = CARTESIAN_POINT ( 'NONE',  ( 0.6708578643762689309, 2.490000000000000213, -1.239999999999999991 ) ) ;
#3085 = CARTESIAN_POINT ( 'NONE',  ( 0.1142264973081040524, 0.01000000000000000194, -0.1142264973081041218 ) ) ;
#3086 =( BOUNDED_CURVE ( )  B_SPLINE_CURVE ( 3, ( #2172, #1251, #3745, #3443 ),
 .UNSPECIFIED., .F., .T. ) 
 B_SPLINE_CURVE_WITH_KNOTS ( ( 4, 4 ),
 ( 3.141592653589793116, 4.712388980384689674 ),
 .UNSPECIFIED. ) 
 CURVE ( )  GEOMETRIC_REPRESENTATION_ITEM ( )  RATIONAL_B_SPLINE_CURVE ( ( 1.000000000000000000, 0.8047378541243649375, 0.8047378541243649375, 1.000000000000000000 ) ) 
 REPRESENTATION_ITEM ( '' )  );
#3087 = CARTESIAN_POINT ( 'NONE',  ( 1.265857864376269015, 2.500000000000000000, -0.5041421356237320017 ) ) ;
#3088 = AXIS2_PLACEMENT_3D ( 'NONE', #3624, #3881, #566 ) ;
#3089 = EDGE_CURVE ( 'NONE', #3311, #2105, #1599, .T. ) ;
#3090 = CARTESIAN_POINT ( 'NONE',  ( -0.6708578643762688198, 2.500000000000000000, -1.249999999999999778 ) ) ;
#3091 = ORIENTED_EDGE ( 'NONE', *, *, #3506, .T. ) ;
#3092 = AXIS2_PLACEMENT_3D ( 'NONE', #2317, #1754, #2032 ) ;
#3093 = DIRECTION ( 'NONE',  ( 1.000000000000000000, 0.000000000000000000, 0.000000000000000000 ) ) ;
#3094 = ADVANCED_FACE ( 'NONE', ( #117 ), #3445, .T. ) ;
#3095 = AXIS2_PLACEMENT_3D ( 'NONE', #1040, #3174, #2267 ) ;
#3096 = CARTESIAN_POINT ( 'NONE',  ( 0.3199999999999998401, 0.3464101615137729073, -0.3104214140871991989 ) ) ;
#3097 = FACE_OUTER_BOUND ( 'NONE', #3001, .T. ) ;
#3098 = ADVANCED_FACE ( 'NONE', ( #1021 ), #3463, .T. ) ;
#3099 = VECTOR ( 'NONE', #3864, 1000.000000000000000 ) ;
#3100 = AXIS2_PLACEMENT_3D ( 'NONE', #1892, #2502, #702 ) ;
#3101 = DIRECTION ( 'NONE',  ( 0.000000000000000000, 0.000000000000000000, -1.000000000000000000 ) ) ;
#3102 = LINE ( 'NONE', #129, #2961 ) ;
#3103 = CARTESIAN_POINT ( 'NONE',  ( 0.3099999999999998868, 11.15358983848622287, -0.3199999999999999512 ) ) ;
#3104 = EDGE_LOOP ( 'NONE', ( #284, #2399, #3451, #889, #632, #698 ) ) ;
#3105 = AXIS2_PLACEMENT_3D ( 'NONE', #430, #361, #2774 ) ;
#3106 = DIRECTION ( 'NONE',  ( 0.000000000000000000, 0.000000000000000000, 1.000000000000000000 ) ) ;
#3107 = AXIS2_PLACEMENT_3D ( 'NONE', #3533, #3829, #453 ) ;
#3108 = CARTESIAN_POINT ( 'NONE',  ( -1.269999999999999574, 0.5000000000000000000, 0.7499999999999997780 ) ) ;
#3109 = LINE ( 'NONE', #3400, #1806 ) ;
#3110 = DIRECTION ( 'NONE',  ( 0.000000000000000000, 0.000000000000000000, -1.000000000000000000 ) ) ;
#3111 = DIRECTION ( 'NONE',  ( -0.7071067811865475727, -0.000000000000000000, -0.7071067811865474617 ) ) ;
#3112 = ORIENTED_EDGE ( 'NONE', *, *, #3089, .F. ) ;
#3113 = DIRECTION ( 'NONE',  ( 1.000000000000000000, 0.000000000000000000, 0.000000000000000000 ) ) ;
#3114 = LINE ( 'NONE', #374, #216 ) ;
#3115 = DIRECTION ( 'NONE',  ( 0.4472135954999613694, 0.7745966692414852917, 0.4472135954999515994 ) ) ;
#3116 = DIRECTION ( 'NONE',  ( 0.4472135954999594820, -0.7745966692414817389, 0.4472135954999594265 ) ) ;
#3117 = VERTEX_POINT ( 'NONE', #1935 ) ;
#3118 = AXIS2_PLACEMENT_3D ( 'NONE', #2388, #834, #3287 ) ;
#3119 = ORIENTED_EDGE ( 'NONE', *, *, #1056, .T. ) ;
#3120 = SPHERICAL_SURFACE ( 'NONE', #227, 0.01000000000000000021 ) ;
#3121 = DIRECTION ( 'NONE',  ( 0.000000000000000000, 0.000000000000000000, -1.000000000000000000 ) ) ;
#3122 = ORIENTED_EDGE ( 'NONE', *, *, #1577, .F. ) ;
#3123 = EDGE_LOOP ( 'NONE', ( #1370, #205, #2933, #2691 ) ) ;
#3124 = CARTESIAN_POINT ( 'NONE',  ( 0.3159672026817061941, 0.3452365399626488585, 0.3193224092811611792 ) ) ;
#3125 = FACE_OUTER_BOUND ( 'NONE', #742, .T. ) ;
#3126 = DIRECTION ( 'NONE',  ( -0.7071067811865474617, 0.000000000000000000, -0.7071067811865474617 ) ) ;
#3127 = CYLINDRICAL_SURFACE ( 'NONE', #1368, 0.01000000000000002623 ) ;
#3128 = ORIENTED_EDGE ( 'NONE', *, *, #979, .T. ) ;
#3129 = EDGE_LOOP ( 'NONE', ( #293, #1172, #1827, #2292 ) ) ;
#3130 = APPLICATION_PROTOCOL_DEFINITION ( 'draft international standard', 'automotive_design', 1998, #2735 ) ;
#3131 = AXIS2_PLACEMENT_3D ( 'NONE', #1333, #2167, #2518 ) ;
#3132 = CARTESIAN_POINT ( 'NONE',  ( 0.000000000000000000, 0.000000000000000000, 0.000000000000000000 ) ) ;
#3133 = DIRECTION ( 'NONE',  ( 1.000000000000000000, 0.000000000000000000, -1.694065894508600925E-16 ) ) ;
#3134 = ORIENTED_EDGE ( 'NONE', *, *, #1519, .T. ) ;
#3135 = EDGE_CURVE ( 'NONE', #3535, #3876, #2508, .T. ) ;
#3136 = EDGE_LOOP ( 'NONE', ( #2082, #146, #250, #672 ) ) ;
#3137 = CARTESIAN_POINT ( 'NONE',  ( -1.165000000000000036, 2.500000000000000000, -0.5100000000000008971 ) ) ;
#3138 = PLANE ( 'NONE',  #618 ) ;
#3139 = EDGE_LOOP ( 'NONE', ( #299, #2366, #866, #3162 ) ) ;
#3140 = EDGE_LOOP ( 'NONE', ( #1864, #3353, #2586, #3714, #3686, #805 ) ) ;
#3141 = EDGE_CURVE ( 'NONE', #907, #769, #999, .T. ) ;
#3142 = CARTESIAN_POINT ( 'NONE',  ( 1.179142135623731491, 0.5000000000000000000, 0.7499999999999997780 ) ) ;
#3143 = CARTESIAN_POINT ( 'NONE',  ( 0.1066666666666664237, 1.113333333333333286, 0.1066666666666663682 ) ) ;
#3144 = DIRECTION ( 'NONE',  ( 0.8660254037844387076, 0.4999999999999999445, -1.467104100329257198E-16 ) ) ;
#3145 = LINE ( 'NONE', #2876, #304 ) ;
#3146 = ORIENTED_EDGE ( 'NONE', *, *, #148, .F. ) ;
#3147 = VECTOR ( 'NONE', #369, 1000.000000000000000 ) ;
#3148 = DIRECTION ( 'NONE',  ( 0.000000000000000000, 0.000000000000000000, -1.000000000000000000 ) ) ;
#3149 = VECTOR ( 'NONE', #3768, 1000.000000000000000 ) ;
#3150 = ITEM_DEFINED_TRANSFORMATION ( 'NONE', 'NONE', #2570,  #1173 ) ;
#3151 = CARTESIAN_POINT ( 'NONE',  ( -0.3108419876365758339, 11.15363591632649509, 0.3199733969465144434 ) ) ;
#3152 = CARTESIAN_POINT ( 'NONE',  ( -1.179142135623731047, 2.489999999999999769, -0.7599999999999997868 ) ) ;
#3153 = AXIS2_PLACEMENT_3D ( 'NONE', #1982, #2309, #2328 ) ;
#3154 = DIRECTION ( 'NONE',  ( -3.252606517456504467E-14, 0.000000000000000000, 1.000000000000000000 ) ) ;
#3155 = EDGE_LOOP ( 'NONE', ( #1944, #2711, #419, #2239 ) ) ;
#3156 =( REPRESENTATION_RELATIONSHIP ('NONE','NONE', #695, #1525 ) REPRESENTATION_RELATIONSHIP_WITH_TRANSFORMATION ( #3370 )SHAPE_REPRESENTATION_RELATIONSHIP( ) );
#3157 = ORIENTED_EDGE ( 'NONE', *, *, #3802, .F. ) ;
#3158 = CARTESIAN_POINT ( 'NONE',  ( 0.3199999999999998956, 0.9000000000000002442, -0.3200000000000000622 ) ) ;
#3159 = CARTESIAN_POINT ( 'NONE',  ( -0.6708578643762688198, 2.500000000000000000, -1.239999999999999769 ) ) ;
#3160 = ORIENTED_EDGE ( 'NONE', *, *, #3252, .F. ) ;
#3161 = AXIS2_PLACEMENT_3D ( 'NONE', #43, #2099, #916 ) ;
#3162 = ORIENTED_EDGE ( 'NONE', *, *, #2185, .F. ) ;
#3163 = CARTESIAN_POINT ( 'NONE',  ( -0.3200000000000001177, 0.9000000000000002442, -0.3200000000000000622 ) ) ;
#3164 = PLANE ( 'NONE',  #1873 ) ;
#3165 = EDGE_CURVE ( 'NONE', #1895, #3906, #1914, .T. ) ;
#3166 = CIRCLE ( 'NONE', #1440, 0.01000000000000001235 ) ;
#3167 = CARTESIAN_POINT ( 'NONE',  ( -0.1142264973081042051, 0.000000000000000000, -0.1200000000000003147 ) ) ;
#3168 = PRODUCT_DEFINITION_SHAPE ( 'NONE', 'NONE',  #3939 ) ;
#3169 = ORIENTED_EDGE ( 'NONE', *, *, #1027, .F. ) ;
#3170 = EDGE_CURVE ( 'NONE', #3876, #3405, #3692, .T. ) ;
#3171 = CYLINDRICAL_SURFACE ( 'NONE', #874, 0.01000000000000002623 ) ;
#3172 = EDGE_CURVE ( 'NONE', #1010, #1646, #231, .T. ) ;
#3173 = LINE ( 'NONE', #3731, #464 ) ;
#3174 = DIRECTION ( 'NONE',  ( -1.000000000000000000, 0.000000000000000000, 1.095437728245850002E-14 ) ) ;
#3175 = CARTESIAN_POINT ( 'NONE',  ( 0.6779289321881343255, 2.490000000000000213, -1.247071067811865497 ) ) ;
#3176 = ORIENTED_EDGE ( 'NONE', *, *, #1648, .F. ) ;
#3177 = ORIENTED_EDGE ( 'NONE', *, *, #3212, .F. ) ;
#3178 = DIRECTION ( 'NONE',  ( 1.000000000000000000, 0.000000000000000000, 0.000000000000000000 ) ) ;
#3179 =( REPRESENTATION_RELATIONSHIP ('NONE','NONE', #695, #3423 ) REPRESENTATION_RELATIONSHIP_WITH_TRANSFORMATION ( #1543 )SHAPE_REPRESENTATION_RELATIONSHIP( ) );
#3180 = ORIENTED_EDGE ( 'NONE', *, *, #3868, .F. ) ;
#3181 = CARTESIAN_POINT ( 'NONE',  ( -0.3200000000000001177, 0.9000000000000002442, -0.3200000000000000622 ) ) ;
#3182 = FACE_OUTER_BOUND ( 'NONE', #3631, .T. ) ;
#3183 = ADVANCED_FACE ( 'NONE', ( #1277 ), #2492, .T. ) ;
#3184 = DIRECTION ( 'NONE',  ( 1.000000000000000000, 0.000000000000000000, 0.000000000000000000 ) ) ;
#3185 = VERTEX_POINT ( 'NONE', #1583 ) ;
#3186 = ORIENTED_EDGE ( 'NONE', *, *, #959, .F. ) ;
#3187 = CARTESIAN_POINT ( 'NONE',  ( 27.94000000000000483, 0.000000000000000000, -4.515503254539560345E-15 ) ) ;
#3188 = EDGE_CURVE ( 'NONE', #1218, #2312, #2221, .T. ) ;
#3189 = CYLINDRICAL_SURFACE ( 'NONE', #2390, 0.01000000000000001235 ) ;
#3190 = ADVANCED_FACE ( 'NONE', ( #78 ), #2017, .T. ) ;
#3191 = DIRECTION ( 'NONE',  ( 0.000000000000000000, -1.000000000000000000, 0.000000000000000000 ) ) ;
#3192 = ORIENTED_EDGE ( 'NONE', *, *, #3804, .T. ) ;
#3193 = CARTESIAN_POINT ( 'NONE',  ( -0.1142264973081031504, 11.49000000000000021, 0.1142264973081032614 ) ) ;
#3194 = EDGE_CURVE ( 'NONE', #1281, #907, #2524, .T. ) ;
#3195 = DIRECTION ( 'NONE',  ( 0.000000000000000000, 0.000000000000000000, -1.000000000000000000 ) ) ;
#3196 = VERTEX_POINT ( 'NONE', #2941 ) ;
#3197 = ORIENTED_EDGE ( 'NONE', *, *, #1748, .F. ) ;
#3198 = CARTESIAN_POINT ( 'NONE',  ( 1.179142135623730825, 2.490000000000000213, -0.7600000000000001199 ) ) ;
#3199 = CARTESIAN_POINT ( 'NONE',  ( -0.6749999999999997113, 2.500000000000000000, 1.250000000000000666 ) ) ;
#3200 = EDGE_CURVE ( 'NONE', #1010, #2493, #3808, .T. ) ;
#3201 = FACE_OUTER_BOUND ( 'NONE', #2374, .T. ) ;
#3202 = LINE ( 'NONE', #2034, #1238 ) ;
#3203 = ORIENTED_EDGE ( 'NONE', *, *, #1819, .F. ) ;
#3204 = FACE_OUTER_BOUND ( 'NONE', #838, .T. ) ;
#3205 = FACE_OUTER_BOUND ( 'NONE', #1739, .T. ) ;
#3206 = CARTESIAN_POINT ( 'NONE',  ( 0.3199202969641255501, 11.15372788819387395, -0.3112600429262813440 ) ) ;
#3207 = LINE ( 'NONE', #1978, #2195 ) ;
#3208 = AXIS2_PLACEMENT_3D ( 'NONE', #638, #1886, #2813 ) ;
#3209 = ORIENTED_EDGE ( 'NONE', *, *, #3485, .T. ) ;
#3210 = CYLINDRICAL_SURFACE ( 'NONE', #3487, 0.01000000000000002623 ) ;
#3211 = DIRECTION ( 'NONE',  ( 0.000000000000000000, 0.000000000000000000, 1.000000000000000000 ) ) ;
#3212 = EDGE_CURVE ( 'NONE', #3902, #581, #1384, .T. ) ;
#3213 = DIRECTION ( 'NONE',  ( -1.000000000000000000, -0.000000000000000000, -4.694733121053642754E-15 ) ) ;
#3214 = EDGE_CURVE ( 'NONE', #2979, #1594, #2603, .T. ) ;
#3215 = CYLINDRICAL_SURFACE ( 'NONE', #423, 0.01000000000000002623 ) ;
#3216 = ORIENTED_EDGE ( 'NONE', *, *, #845, .T. ) ;
#3217 = ORIENTED_EDGE ( 'NONE', *, *, #3835, .F. ) ;
#3218 = DIRECTION ( 'NONE',  ( 0.000000000000000000, -1.000000000000000000, 0.000000000000000000 ) ) ;
#3219 = CIRCLE ( 'NONE', #1256, 0.01000000000000002623 ) ;
#3220 = CARTESIAN_POINT ( 'NONE',  ( -0.1142264973081042051, 0.004999999999999997502, 0.1228867513459485639 ) ) ;
#3221 = LINE ( 'NONE', #3539, #1855 ) ;
#3222 = AXIS2_PLACEMENT_3D ( 'NONE', #965, #3148, #2820 ) ;
#3223 = AXIS2_PLACEMENT_3D ( 'NONE', #3061, #640, #1166 ) ;
#3224 = DIRECTION ( 'NONE',  ( 0.8660254037844379305, -0.5000000000000014433, 0.000000000000000000 ) ) ;
#3225 = ORIENTED_EDGE ( 'NONE', *, *, #3381, .T. ) ;
#3226 = AXIS2_PLACEMENT_3D ( 'NONE', #1634, #2875, #704 ) ;
#3227 = DIRECTION ( 'NONE',  ( 0.000000000000000000, 0.000000000000000000, 1.000000000000000000 ) ) ;
#3228 = CARTESIAN_POINT ( 'NONE',  ( -0.3112600429262814550, 0.3462721118061212189, 0.3199202969641258276 ) ) ;
#3229 =( REPRESENTATION_RELATIONSHIP ('NONE','NONE', #695, #1525 ) REPRESENTATION_RELATIONSHIP_WITH_TRANSFORMATION ( #1003 )SHAPE_REPRESENTATION_RELATIONSHIP( ) );
#3230 = DIRECTION ( 'NONE',  ( -1.084202172485501594E-14, 0.000000000000000000, -1.000000000000000000 ) ) ;
#3231 = CYLINDRICAL_SURFACE ( 'NONE', #3412, 0.01000000000000002623 ) ;
#3232 = AXIS2_PLACEMENT_3D ( 'NONE', #2990, #1467, #2689 ) ;
#3233 = ORIENTED_EDGE ( 'NONE', *, *, #2055, .T. ) ;
#3234 = ORIENTED_EDGE ( 'NONE', *, *, #2079, .F. ) ;
#3235 = DIRECTION ( 'NONE',  ( 0.000000000000000000, -0.5000000000000014433, -0.8660254037844379305 ) ) ;
#3236 = DIRECTION ( 'NONE',  ( 0.000000000000000000, -0.000000000000000000, 1.000000000000000000 ) ) ;
#3237 = ORIENTED_EDGE ( 'NONE', *, *, #1546, .F. ) ;
#3238 = AXIS2_PLACEMENT_3D ( 'NONE', #1017, #1632, #1580 ) ;
#3239 = ORIENTED_EDGE ( 'NONE', *, *, #3907, .F. ) ;
#3240 = DIRECTION ( 'NONE',  ( 0.000000000000000000, -1.000000000000000000, 0.000000000000000000 ) ) ;
#3241 = DIRECTION ( 'NONE',  ( 0.000000000000000000, -1.000000000000000000, 0.000000000000000000 ) ) ;
#3242 = FACE_OUTER_BOUND ( 'NONE', #1043, .T. ) ;
#3243 = CARTESIAN_POINT ( 'NONE',  ( -1.222500000000000142, 0.5000000000000000000, 0.7025000000000003464 ) ) ;
#3244 = ADVANCED_FACE ( 'NONE', ( #2642 ), #3856, .T. ) ;
#3245 = DIRECTION ( 'NONE',  ( 0.5773502691896263972, 0.5773502691896250649, 0.5773502691896259531 ) ) ;
#3246 = VERTEX_POINT ( 'NONE', #485 ) ;
#3247 = CARTESIAN_POINT ( 'NONE',  ( -0.6708578643762688198, 0.000000000000000000, 1.240000000000000657 ) ) ;
#3248 = DIRECTION ( 'NONE',  ( 1.000000000000000000, -0.000000000000000000, -1.606225440719266613E-16 ) ) ;
#3249 = CARTESIAN_POINT ( 'NONE',  ( -0.1142264973081041773, 0.01000000000000000021, 1.935072133388377918E-17 ) ) ;
#3250 = DIRECTION ( 'NONE',  ( -0.000000000000000000, 1.000000000000000000, -0.000000000000000000 ) ) ;
#3251 = ORIENTED_EDGE ( 'NONE', *, *, #95, .T. ) ;
#3252 = EDGE_CURVE ( 'NONE', #769, #1291, #1698, .T. ) ;
#3253 = CARTESIAN_POINT ( 'NONE',  ( 0.000000000000000000, 0.000000000000000000, 0.000000000000000000 ) ) ;
#3254 = CARTESIAN_POINT ( 'NONE',  ( -0.3099999999999999978, 11.50000000000000000, 0.3200000000000000622 ) ) ;
#3255 = PLANE ( 'NONE',  #609 ) ;
#3256 = CONTEXT_DEPENDENT_SHAPE_REPRESENTATION ( #3633, #3168 ) ;
#3257 = ORIENTED_EDGE ( 'NONE', *, *, #3135, .F. ) ;
#3258 = VERTEX_POINT ( 'NONE', #1973 ) ;
#3259 = CARTESIAN_POINT ( 'NONE',  ( -1.269999999999999796, 2.490000000000000213, 0.7500000000000004441 ) ) ;
#3260 = CARTESIAN_POINT ( 'NONE',  ( 0.000000000000000000, 2.490000000000000213, -0.7399999999999997691 ) ) ;
#3261 = EDGE_CURVE ( 'NONE', #2493, #2105, #3011, .T. ) ;
#3262 = FACE_OUTER_BOUND ( 'NONE', #341, .T. ) ;
#3263 = PLANE ( 'NONE',  #3592 ) ;
#3264 = ORIENTED_EDGE ( 'NONE', *, *, #3194, .F. ) ;
#3265 = LINE ( 'NONE', #1156, #1761 ) ;
#3266 = CARTESIAN_POINT ( 'NONE',  ( 0.6708578643762688198, 2.490000000000000213, -1.239999999999999991 ) ) ;
#3267 = DIRECTION ( 'NONE',  ( 1.000000000000000000, 0.000000000000000000, 0.000000000000000000 ) ) ;
#3268 = CARTESIAN_POINT ( 'NONE',  ( 0.3199999999999998956, 11.15358983848622287, -0.3099999999999998868 ) ) ;
#3269 = VERTEX_POINT ( 'NONE', #2318 ) ;
#3270 = SURFACE_STYLE_USAGE ( .BOTH. , #3908 ) ;
#3271 = DIRECTION ( 'NONE',  ( -1.694065894508600678E-16, 0.000000000000000000, -1.000000000000000000 ) ) ;
#3272 = DIRECTION ( 'NONE',  ( 0.000000000000000000, 0.4999999999999999445, 0.8660254037844387076 ) ) ;
#3273 = AXIS2_PLACEMENT_3D ( 'NONE', #1567, #1780, #2807 ) ;
#3274 = VECTOR ( 'NONE', #2863, 999.9999999999998863 ) ;
#3275 = ORIENTED_EDGE ( 'NONE', *, *, #56, .T. ) ;
#3276 = ORIENTED_EDGE ( 'NONE', *, *, #2621, .F. ) ;
#3277 = VECTOR ( 'NONE', #2135, 1000.000000000000000 ) ;
#3278 = DIRECTION ( 'NONE',  ( -0.7071067811865693331, 0.000000000000000000, 0.7071067811865259234 ) ) ;
#3279 = ORIENTED_EDGE ( 'NONE', *, *, #100, .T. ) ;
#3280 = CYLINDRICAL_SURFACE ( 'NONE', #1366, 0.01000000000000002623 ) ;
#3281 = CIRCLE ( 'NONE', #2125, 0.01000000000000002623 ) ;
#3282 = CARTESIAN_POINT ( 'NONE',  ( -1.175000000000000711, 0.004142135623730920993, 0.7499999999999997780 ) ) ;
#3283 = LINE ( 'NONE', #3602, #2250 ) ;
#3284 = AXIS2_PLACEMENT_3D ( 'NONE', #3199, #766, #1971 ) ;
#3285 = ORIENTED_EDGE ( 'NONE', *, *, #3050, .T. ) ;
#3286 = AXIS2_PLACEMENT_3D ( 'NONE', #2972, #3811, #1084 ) ;
#3287 = DIRECTION ( 'NONE',  ( 1.000000000000000000, -0.000000000000000000, 0.000000000000000000 ) ) ;
#3288 = DIRECTION ( 'NONE',  ( -1.694065894508600678E-16, 0.000000000000000000, -1.000000000000000000 ) ) ;
#3289 = AXIS2_PLACEMENT_3D ( 'NONE', #2351, #203, #1409 ) ;
#3290 = CARTESIAN_POINT ( 'NONE',  ( -1.175000000000000044, 2.350000000000000089, 0.4999999999999991673 ) ) ;
#3291 = EDGE_CURVE ( 'NONE', #3058, #1655, #3202, .T. ) ;
#3292 = ORIENTED_EDGE ( 'NONE', *, *, #2070, .F. ) ;
#3293 = EDGE_CURVE ( 'NONE', #3333, #1549, #3782, .T. ) ;
#3294 = CARTESIAN_POINT ( 'NONE',  ( -1.269999999999999574, 2.350000000000000089, 0.4999999999999990563 ) ) ;
#3295 = VECTOR ( 'NONE', #1749, 1000.000000000000000 ) ;
#3296 = CARTESIAN_POINT ( 'NONE',  ( 0.1228867513459474259, 11.49499999999999922, -0.1142264973081031781 ) ) ;
#3297 = ORIENTED_EDGE ( 'NONE', *, *, #3605, .F. ) ;
#3298 = VERTEX_POINT ( 'NONE', #2280 ) ;
#3299 = VECTOR ( 'NONE', #2092, 1000.000000000000000 ) ;
#3300 = DIRECTION ( 'NONE',  ( -1.000000000000000000, 0.000000000000000000, 0.000000000000000000 ) ) ;
#3301 = DIRECTION ( 'NONE',  ( -1.000000000000000000, 0.000000000000000000, -0.000000000000000000 ) ) ;
#3302 = ORIENTED_EDGE ( 'NONE', *, *, #3502, .F. ) ;
#3303 = CARTESIAN_POINT ( 'NONE',  ( -0.3200000000000000622, 0.9000000000000002442, 0.3199999999999999512 ) ) ;
#3304 = CARTESIAN_POINT ( 'NONE',  ( -0.3159672026817064716, 11.15476346003734065, 0.3193224092811617898 ) ) ;
#3305 = VECTOR ( 'NONE', #1679, 1000.000000000000000 ) ;
#3306 = ADVANCED_FACE ( 'NONE', ( #2901 ), #3263, .F. ) ;
#3307 = DIRECTION ( 'NONE',  ( 4.336808689942016750E-16, 0.000000000000000000, 1.000000000000000000 ) ) ;
#3308 = CARTESIAN_POINT ( 'NONE',  ( -0.3200000000000000622, 0.9000000000000002442, 0.3199999999999999512 ) ) ;
#3309 = SPHERICAL_SURFACE ( 'NONE', #3029, 0.01000000000000000021 ) ;
#3310 = PRODUCT ( 'header-2.54-1x12', 'header-2.54-1x12', '', ( #1585 ) ) ;
#3311 = VERTEX_POINT ( 'NONE', #1731 ) ;
#3312 = DIRECTION ( 'NONE',  ( 0.000000000000000000, 0.000000000000000000, 1.000000000000000000 ) ) ;
#3313 = EDGE_CURVE ( 'NONE', #3815, #3017, #3784, .T. ) ;
#3314 = EDGE_CURVE ( 'NONE', #1342, #84, #3489, .T. ) ;
#3315 = LINE ( 'NONE', #3331, #418 ) ;
#3316 = VERTEX_POINT ( 'NONE', #3507 ) ;
#3317 = VERTEX_POINT ( 'NONE', #442 ) ;
#3318 = EDGE_CURVE ( 'NONE', #3766, #3246, #210, .T. ) ;
#3319 = FACE_OUTER_BOUND ( 'NONE', #2576, .T. ) ;
#3320 = ORIENTED_EDGE ( 'NONE', *, *, #213, .T. ) ;
#3321 = CARTESIAN_POINT ( 'NONE',  ( -1.174999999999999822, 0.01000000000000002623, -0.7500000000000001110 ) ) ;
#3322 = CARTESIAN_POINT ( 'NONE',  ( 0.7024999999999993472, 0.5000000000000000000, -1.222500000000000586 ) ) ;
#3323 = DIRECTION ( 'NONE',  ( -0.4472135954999579277, 0.7745966692414834043, -0.4472135954999578722 ) ) ;
#3324 = DIRECTION ( 'NONE',  ( -1.000000000000000000, 0.000000000000000000, 0.000000000000000000 ) ) ;
#3325 = DIRECTION ( 'NONE',  ( -1.000000000000000000, 0.000000000000000000, 1.084202172485504592E-14 ) ) ;
#3326 = CARTESIAN_POINT ( 'NONE',  ( -0.1200000000000003980, 0.000000000000000000, 0.1142264973081042190 ) ) ;
#3327 = ORIENTED_EDGE ( 'NONE', *, *, #188, .T. ) ;
#3328 = CARTESIAN_POINT ( 'NONE',  ( 7.620000000000001883, 0.000000000000000000, -1.231500887601698204E-15 ) ) ;
#3329 = ITEM_DEFINED_TRANSFORMATION ( 'NONE', 'NONE', #2246,  #1173 ) ;
#3330 = LINE ( 'NONE', #3650, #943 ) ;
#3331 = CARTESIAN_POINT ( 'NONE',  ( -1.269999999999999574, 0.5000000000000000000, -0.7500000000000001110 ) ) ;
#3332 = ADVANCED_FACE ( 'NONE', ( #462 ), #2620, .T. ) ;
#3333 = VERTEX_POINT ( 'NONE', #1677 ) ;
#3334 = EDGE_CURVE ( 'NONE', #758, #876, #671, .T. ) ;
#3335 = AXIS2_PLACEMENT_3D ( 'NONE', #2494, #1961, #753 ) ;
#3336 = DIRECTION ( 'NONE',  ( -0.8660254037844438146, -0.4999999999999908962, 0.000000000000000000 ) ) ;
#3337 = ORIENTED_EDGE ( 'NONE', *, *, #2487, .T. ) ;
#3338 = EDGE_CURVE ( 'NONE', #3665, #1287, #2110, .T. ) ;
#3339 =( GEOMETRIC_REPRESENTATION_CONTEXT ( 3 ) GLOBAL_UNCERTAINTY_ASSIGNED_CONTEXT ( ( #1853 ) ) GLOBAL_UNIT_ASSIGNED_CONTEXT ( ( #1686, #2326, #3827 ) ) REPRESENTATION_CONTEXT ( 'NONE', 'WORKASPACE' ) );
#3340 = DIRECTION ( 'NONE',  ( 1.000000000000000000, -0.000000000000000000, -0.000000000000000000 ) ) ;
#3341 = PLANE ( 'NONE',  #3088 ) ;
#3342 = DIRECTION ( 'NONE',  ( 0.000000000000000000, -1.000000000000000000, 0.000000000000000000 ) ) ;
#3343 = DIRECTION ( 'NONE',  ( -0.000000000000000000, -1.000000000000000000, -0.000000000000000000 ) ) ;
#3344 = CARTESIAN_POINT ( 'NONE',  ( -0.6779289321881342145, 2.500000000000000000, -1.247071067811865275 ) ) ;
#3345 = AXIS2_PLACEMENT_3D ( 'NONE', #3152, #3695, #2182 ) ;
#3346 = LINE ( 'NONE', #940, #803 ) ;
#3347 = EDGE_LOOP ( 'NONE', ( #2634, #138, #3736, #579, #1151, #2483 ) ) ;
#3348 = AXIS2_PLACEMENT_3D ( 'NONE', #1198, #2741, #630 ) ;
#3349 = CARTESIAN_POINT ( 'NONE',  ( 5.080000000000000959, 0.000000000000000000, -8.210005917344654365E-16 ) ) ;
#3350 = DIRECTION ( 'NONE',  ( 0.7071067811865475727, 0.000000000000000000, 0.7071067811865474617 ) ) ;
#3351 = VECTOR ( 'NONE', #922, 999.9999999999998863 ) ;
#3352 = CARTESIAN_POINT ( 'NONE',  ( -0.3200000000000000622, 0.3464101615137729073, -0.3104214140871991989 ) ) ;
#3353 = ORIENTED_EDGE ( 'NONE', *, *, #2163, .T. ) ;
#3354 = ORIENTED_EDGE ( 'NONE', *, *, #3893, .T. ) ;
#3355 = VECTOR ( 'NONE', #584, 1000.000000000000000 ) ;
#3356 =( REPRESENTATION_RELATIONSHIP ('NONE','NONE', #695, #1525 ) REPRESENTATION_RELATIONSHIP_WITH_TRANSFORMATION ( #2927 )SHAPE_REPRESENTATION_RELATIONSHIP( ) );
#3357 = CARTESIAN_POINT ( 'NONE',  ( -0.3130717967697245752, 0.3494101615137729100, 0.3217320508075689478 ) ) ;
#3358 = VERTEX_POINT ( 'NONE', #2720 ) ;
#3359 = AXIS2_PLACEMENT_3D ( 'NONE', #1316, #1294, #3121 ) ;
#3360 = EDGE_CURVE ( 'NONE', #2959, #1766, #2382, .T. ) ;
#3361 = DIRECTION ( 'NONE',  ( 1.000000000000000000, 0.000000000000000000, 0.000000000000000000 ) ) ;
#3362 = EDGE_CURVE ( 'NONE', #1663, #1692, #1730, .T. ) ;
#3363 = LINE ( 'NONE', #2361, #2574 ) ;
#3364 = DIRECTION ( 'NONE',  ( -3.129822080702423112E-15, -0.000000000000000000, -1.000000000000000000 ) ) ;
#3365 = EDGE_CURVE ( 'NONE', #133, #2956, #36, .T. ) ;
#3366 = DIRECTION ( 'NONE',  ( -1.000000000000000000, 0.000000000000000000, 0.000000000000000000 ) ) ;
#3367 = CARTESIAN_POINT ( 'NONE',  ( 0.3299999999999999600, 2.500000000000000000, -0.3300000000000001266 ) ) ;
#3368 = ORIENTED_EDGE ( 'NONE', *, *, #1379, .T. ) ;
#3369 = DIRECTION ( 'NONE',  ( 1.000000000000000000, 0.000000000000000000, 0.000000000000000000 ) ) ;
#3370 = ITEM_DEFINED_TRANSFORMATION ( 'NONE', 'NONE', #2824,  #1173 ) ;
#3371 = CARTESIAN_POINT ( 'NONE',  ( 0.000000000000000000, 11.49000000000000021, 0.1142264973081031781 ) ) ;
#3372 = DIRECTION ( 'NONE',  ( 0.000000000000000000, 1.000000000000000000, 0.000000000000000000 ) ) ;
#3373 = ORIENTED_EDGE ( 'NONE', *, *, #3338, .F. ) ;
#3374 = DIRECTION ( 'NONE',  ( -1.000000000000000000, 0.000000000000000000, 0.000000000000000000 ) ) ;
#3375 = CARTESIAN_POINT ( 'NONE',  ( 0.3104214140871991434, 11.15358983848622287, -0.3199999999999999512 ) ) ;
#3376 = ORIENTED_EDGE ( 'NONE', *, *, #3291, .T. ) ;
#3377 =( REPRESENTATION_RELATIONSHIP ('NONE','NONE', #695, #1525 ) REPRESENTATION_RELATIONSHIP_WITH_TRANSFORMATION ( #2120 )SHAPE_REPRESENTATION_RELATIONSHIP( ) );
#3378 = DIRECTION ( 'NONE',  ( 0.000000000000000000, -1.000000000000000000, 0.000000000000000000 ) ) ;
#3379 = DIRECTION ( 'NONE',  ( 0.000000000000000000, 0.000000000000000000, -1.000000000000000000 ) ) ;
#3380 = CARTESIAN_POINT ( 'NONE',  ( 0.6708578643762693750, 0.01000000000000000021, 1.240000000000000435 ) ) ;
#3381 = EDGE_CURVE ( 'NONE', #1576, #758, #3283, .T. ) ;
#3382 = LINE ( 'NONE', #2410, #2114 ) ;
#3383 = EDGE_CURVE ( 'NONE', #2209, #2036, #936, .T. ) ;
#3384 = CARTESIAN_POINT ( 'NONE',  ( -0.3099999999999999978, 11.50000000000000000, 0.3100000000000000533 ) ) ;
#3385 = UNCERTAINTY_MEASURE_WITH_UNIT (LENGTH_MEASURE( 1.000000000000000082E-05 ), #2588, 'distance_accuracy_value', 'NONE');
#3386 = VERTEX_POINT ( 'NONE', #894 ) ;
#3387 = DIRECTION ( 'NONE',  ( 1.000000000000000000, 0.000000000000000000, 0.000000000000000000 ) ) ;
#3388 = DIRECTION ( 'NONE',  ( 1.000000000000000000, 0.000000000000000000, 0.000000000000000000 ) ) ;
#3389 = DIRECTION ( 'NONE',  ( -9.486769009248165375E-15, 0.000000000000000000, -1.000000000000000000 ) ) ;
#3390 = EDGE_LOOP ( 'NONE', ( #2558, #1435, #335, #1070 ) ) ;
#3391 = CARTESIAN_POINT ( 'NONE',  ( -1.175000000000000044, 2.350000000000000089, -0.5000000000000008882 ) ) ;
#3392 = DIRECTION ( 'NONE',  ( 1.000000000000000000, 0.000000000000000000, -9.486769009248165375E-15 ) ) ;
#3393 = CARTESIAN_POINT ( 'NONE',  ( -1.175000000000000044, 2.490000000000000213, -0.5000000000000008882 ) ) ;
#3394 = VERTEX_POINT ( 'NONE', #1476 ) ;
#3395 = LINE ( 'NONE', #400, #3557 ) ;
#3396 = AXIS2_PLACEMENT_3D ( 'NONE', #2616, #824, #1989 ) ;
#3397 = DIRECTION ( 'NONE',  ( -8.470329472543003391E-17, 0.000000000000000000, -1.000000000000000000 ) ) ;
#3398 = AXIS2_PLACEMENT_3D ( 'NONE', #410, #1878, #3113 ) ;
#3399 = AXIS2_PLACEMENT_3D ( 'NONE', #939, #1197, #2098 ) ;
#3400 = CARTESIAN_POINT ( 'NONE',  ( -1.259999999999999787, 0.5000000000000000000, -0.7500000000000000000 ) ) ;
#3401 = DIRECTION ( 'NONE',  ( 0.000000000000000000, 0.5000000000000019984, 0.8660254037844374864 ) ) ;
#3402 = FACE_OUTER_BOUND ( 'NONE', #1959, .T. ) ;
#3403 = VECTOR ( 'NONE', #2808, 1000.000000000000000 ) ;
#3404 = CARTESIAN_POINT ( 'NONE',  ( -1.269999999999999574, 2.350000000000000089, 0.4999999999999990563 ) ) ;
#3405 = VERTEX_POINT ( 'NONE', #2440 ) ;
#3406 = SHAPE_DEFINITION_REPRESENTATION ( #1242, #3423 ) ;
#3407 = CIRCLE ( 'NONE', #2578, 0.01000000000000002623 ) ;
#3408 = DIRECTION ( 'NONE',  ( 0.000000000000000000, 0.000000000000000000, -1.000000000000000000 ) ) ;
#3409 = DIRECTION ( 'NONE',  ( 0.000000000000000000, 0.000000000000000000, 1.000000000000000000 ) ) ;
#3410 = EDGE_LOOP ( 'NONE', ( #2687, #802, #3795, #2837 ) ) ;
#3411 = ORIENTED_EDGE ( 'NONE', *, *, #381, .F. ) ;
#3412 = AXIS2_PLACEMENT_3D ( 'NONE', #1660, #2346, #2000 ) ;
#3413 = AXIS2_PLACEMENT_3D ( 'NONE', #582, #958, #3663 ) ;
#3414 = CARTESIAN_POINT ( 'NONE',  ( -0.3200000000000001177, 11.15358983848622287, -0.3099999999999999423 ) ) ;
#3415 = CARTESIAN_POINT ( 'NONE',  ( 0.000000000000000000, 11.50000000000000000, 0.1142264973081031781 ) ) ;
#3416 = EDGE_LOOP ( 'NONE', ( #1841, #2742, #3176 ) ) ;
#3417 = VERTEX_POINT ( 'NONE', #2663 ) ;
#3418 = CIRCLE ( 'NONE', #1689, 0.009999999999999998473 ) ;
#3419 = CARTESIAN_POINT ( 'NONE',  ( 0.3112600429262815105, 0.3462721118061211079, 0.3199202969641257166 ) ) ;
#3420 = CIRCLE ( 'NONE', #2268, 0.009999999999999984596 ) ;
#3421 = LINE ( 'NONE', #1300, #2654 ) ;
#3422 = FACE_OUTER_BOUND ( 'NONE', #3619, .T. ) ;
#3423 = SHAPE_REPRESENTATION ( 'header-2.54-body_\X2\9ed88ba4\X0\', ( #1173 ), #658 ) ;
#3424 =( REPRESENTATION_RELATIONSHIP ('NONE','NONE', #695, #1525 ) REPRESENTATION_RELATIONSHIP_WITH_TRANSFORMATION ( #577 )SHAPE_REPRESENTATION_RELATIONSHIP( ) );
#3425 = EDGE_CURVE ( 'NONE', #1974, #133, #1756, .T. ) ;
#3426 = CARTESIAN_POINT ( 'NONE',  ( -0.7200000000000011946, 0.5000000000000000000, -0.7200000000000009726 ) ) ;
#3427 = ORIENTED_EDGE ( 'NONE', *, *, #3360, .F. ) ;
#3428 = UNCERTAINTY_MEASURE_WITH_UNIT (LENGTH_MEASURE( 1.000000000000000082E-05 ), #3587, 'distance_accuracy_value', 'NONE');
#3429 = ORIENTED_EDGE ( 'NONE', *, *, #3888, .F. ) ;
#3430 = CONTEXT_DEPENDENT_SHAPE_REPRESENTATION ( #1658, #631 ) ;
#3431 = DIRECTION ( 'NONE',  ( 2.891205793294678819E-16, -0.000000000000000000, 1.000000000000000000 ) ) ;
#3432 = DIRECTION ( 'NONE',  ( -0.7071067811865477948, 0.000000000000000000, 0.7071067811865473507 ) ) ;
#3433 = ORIENTED_EDGE ( 'NONE', *, *, #825, .F. ) ;
#3434 = CIRCLE ( 'NONE', #1885, 0.01000000000000002623 ) ;
#3435 =( REPRESENTATION_RELATIONSHIP ('NONE','NONE', #695, #1525 ) REPRESENTATION_RELATIONSHIP_WITH_TRANSFORMATION ( #692 )SHAPE_REPRESENTATION_RELATIONSHIP( ) );
#3436 = EDGE_CURVE ( 'NONE', #3611, #560, #3828, .T. ) ;
#3437 = ORIENTED_EDGE ( 'NONE', *, *, #1121, .F. ) ;
#3438 = CARTESIAN_POINT ( 'NONE',  ( 0.000000000000000000, 0.000000000000000000, 0.000000000000000000 ) ) ;
#3439 = FACE_OUTER_BOUND ( 'NONE', #706, .T. ) ;
#3440 = ORIENTED_EDGE ( 'NONE', *, *, #2045, .F. ) ;
#3441 = ORIENTED_EDGE ( 'NONE', *, *, #1812, .F. ) ;
#3442 = PLANE ( 'NONE',  #2967 ) ;
#3443 = CARTESIAN_POINT ( 'NONE',  ( -1.165000000000000036, 2.500000000000000000, 0.5099999999999991207 ) ) ;
#3444 = CARTESIAN_POINT ( 'NONE',  ( -0.6708578643762688198, 0.01000000000000000021, -1.239999999999999769 ) ) ;
#3445 = CYLINDRICAL_SURFACE ( 'NONE', #3222, 0.01000000000000002623 ) ;
#3446 = ORIENTED_EDGE ( 'NONE', *, *, #2796, .F. ) ;
#3447 =( BOUNDED_CURVE ( )  B_SPLINE_CURVE ( 3, ( #546, #1213, #3643, #2422 ),
 .UNSPECIFIED., .F., .T. ) 
 B_SPLINE_CURVE_WITH_KNOTS ( ( 4, 4 ),
 ( 3.141592653589793116, 4.712388980384698556 ),
 .UNSPECIFIED. ) 
 CURVE ( )  GEOMETRIC_REPRESENTATION_ITEM ( )  RATIONAL_B_SPLINE_CURVE ( ( 1.000000000000000000, 0.8047378541243628280, 0.8047378541243628280, 1.000000000000000000 ) ) 
 REPRESENTATION_ITEM ( '' )  );
#3448 = LINE ( 'NONE', #1622, #857 ) ;
#3449 = DIRECTION ( 'NONE',  ( 1.694065894508600678E-16, 0.000000000000000000, 1.000000000000000000 ) ) ;
#3450 = ORIENTED_EDGE ( 'NONE', *, *, #3425, .T. ) ;
#3451 = ORIENTED_EDGE ( 'NONE', *, *, #219, .T. ) ;
#3452 = FACE_OUTER_BOUND ( 'NONE', #19, .T. ) ;
#3453 = DIRECTION ( 'NONE',  ( 0.000000000000000000, -1.000000000000000000, 0.000000000000000000 ) ) ;
#3454 = ADVANCED_FACE ( 'NONE', ( #607 ), #3341, .T. ) ;
#3455 = ORIENTED_EDGE ( 'NONE', *, *, #979, .F. ) ;
#3456 = EDGE_CURVE ( 'NONE', #1721, #3333, #1774, .T. ) ;
#3457 = EDGE_LOOP ( 'NONE', ( #110, #2965, #763, #2145 ) ) ;
#3458 = CARTESIAN_POINT ( 'NONE',  ( 0.1142264973081030394, 11.49000000000000021, -0.1142264973081031920 ) ) ;
#3459 = EDGE_CURVE ( 'NONE', #98, #1218, #3787, .T. ) ;
#3460 = CARTESIAN_POINT ( 'NONE',  ( 0.6708578643762689309, 0.01000000000000002623, -1.239999999999999991 ) ) ;
#3461 = EDGE_CURVE ( 'NONE', #2312, #455, #2095, .T. ) ;
#3462 = VECTOR ( 'NONE', #3049, 1000.000000000000000 ) ;
#3463 = CYLINDRICAL_SURFACE ( 'NONE', #935, 0.009999999999999998473 ) ;
#3464 = ORIENTED_EDGE ( 'NONE', *, *, #1299, .T. ) ;
#3465 = AXIS2_PLACEMENT_3D ( 'NONE', #1113, #3541, #812 ) ;
#3466 = ITEM_DEFINED_TRANSFORMATION ( 'NONE', 'NONE', #596,  #1173 ) ;
#3467 = DIRECTION ( 'NONE',  ( -1.694065894508600678E-16, 0.000000000000000000, -1.000000000000000000 ) ) ;
#3468 = CARTESIAN_POINT ( 'NONE',  ( 0.3199202969641257721, 0.3462721118061212744, 0.3112600429262813440 ) ) ;
#3469 = DIRECTION ( 'NONE',  ( 8.470329472543003391E-17, 0.000000000000000000, 1.000000000000000000 ) ) ;
#3470 =( BOUNDED_CURVE ( )  B_SPLINE_CURVE ( 3, ( #2566, #336, #3789, #3510 ),
 .UNSPECIFIED., .F., .T. ) 
 B_SPLINE_CURVE_WITH_KNOTS ( ( 4, 4 ),
 ( 5.624127271420887197, 6.942243342938285267 ),
 .UNSPECIFIED. ) 
 CURVE ( )  GEOMETRIC_REPRESENTATION_ITEM ( )  RATIONAL_B_SPLINE_CURVE ( ( 1.000000000000000000, 0.8603796100557057347, 0.8603796100557057347, 1.000000000000000000 ) ) 
 REPRESENTATION_ITEM ( '' )  );
#3471 = VERTEX_POINT ( 'NONE', #1815 ) ;
#3472 = ORIENTED_EDGE ( 'NONE', *, *, #627, .F. ) ;
#3473 = DIRECTION ( 'NONE',  ( 0.7071067811865477948, 0.000000000000000000, -0.7071067811865473507 ) ) ;
#3474 = DIRECTION ( 'NONE',  ( 1.694065894508600678E-16, 0.000000000000000000, 1.000000000000000000 ) ) ;
#3475 = AXIS2_PLACEMENT_3D ( 'NONE', #3260, #3577, #2983 ) ;
#3476 = EDGE_LOOP ( 'NONE', ( #2274, #3146, #3203, #3239 ) ) ;
#3477 = EDGE_CURVE ( 'NONE', #84, #3786, #3447, .T. ) ;
#3478 = CIRCLE ( 'NONE', #2899, 0.01000000000000000021 ) ;
#3479 = ORIENTED_EDGE ( 'NONE', *, *, #1768, .T. ) ;
#3480 = CARTESIAN_POINT ( 'NONE',  ( 0.3199202969641257721, 0.3462721118061212744, 0.3112600429262813440 ) ) ;
#3481 = CIRCLE ( 'NONE', #234, 0.01000000000000001409 ) ;
#3482 = VECTOR ( 'NONE', #1939, 1000.000000000000000 ) ;
#3483 = DIRECTION ( 'NONE',  ( 0.000000000000000000, 0.000000000000000000, -1.000000000000000000 ) ) ;
#3484 = EDGE_CURVE ( 'NONE', #3075, #2210, #3363, .T. ) ;
#3485 = EDGE_CURVE ( 'NONE', #3826, #951, #306, .T. ) ;
#3486 = CIRCLE ( 'NONE', #1007, 0.01000000000000002623 ) ;
#3487 = AXIS2_PLACEMENT_3D ( 'NONE', #503, #1412, #2637 ) ;
#3488 = VECTOR ( 'NONE', #497, 1000.000000000000000 ) ;
#3489 = LINE ( 'NONE', #1957, #221 ) ;
#3490 = ORIENTED_EDGE ( 'NONE', *, *, #188, .F. ) ;
#3491 = PRODUCT_DEFINITION_SHAPE ( 'NONE', 'NONE',  #3937 ) ;
#3492 = EDGE_LOOP ( 'NONE', ( #684, #1651, #2343, #2264 ) ) ;
#3493 = AXIS2_PLACEMENT_3D ( 'NONE', #762, #683, #2814 ) ;
#3494 = EDGE_CURVE ( 'NONE', #1655, #2287, #1227, .T. ) ;
#3495 = DIRECTION ( 'NONE',  ( 1.000000000000000000, 0.000000000000000000, 0.000000000000000000 ) ) ;
#3496 = FACE_OUTER_BOUND ( 'NONE', #3832, .T. ) ;
#3497 = CARTESIAN_POINT ( 'NONE',  ( 0.3199999999999998956, 0.3464101615137729628, 0.3104214140871992544 ) ) ;
#3498 = ORIENTED_EDGE ( 'NONE', *, *, #2206, .F. ) ;
#3499 = ORIENTED_EDGE ( 'NONE', *, *, #1762, .T. ) ;
#3500 = CARTESIAN_POINT ( 'NONE',  ( 0.6779289321881343255, 2.500000000000000000, -1.247071067811865497 ) ) ;
#3501 = DIRECTION ( 'NONE',  ( 0.000000000000000000, 0.000000000000000000, -1.000000000000000000 ) ) ;
#3502 = EDGE_CURVE ( 'NONE', #1868, #1433, #157, .T. ) ;
#3503 = ORIENTED_EDGE ( 'NONE', *, *, #600, .F. ) ;
#3504 = ORIENTED_EDGE ( 'NONE', *, *, #2676, .T. ) ;
#3505 = PLANE ( 'NONE',  #3284 ) ;
#3506 = EDGE_CURVE ( 'NONE', #3316, #2023, #447, .T. ) ;
#3507 = CARTESIAN_POINT ( 'NONE',  ( 0.6708578643762689309, 2.490000000000000213, -1.250000000000000000 ) ) ;
#3508 = ADVANCED_FACE ( 'NONE', ( #2266 ), #431, .T. ) ;
#3509 = EDGE_CURVE ( 'NONE', #1438, #455, #3173, .T. ) ;
#3510 = CARTESIAN_POINT ( 'NONE',  ( -0.3199202969641258276, 0.3462721118061212189, -0.3112600429262812884 ) ) ;
#3511 = DIRECTION ( 'NONE',  ( 1.000000000000000000, 0.000000000000000000, -1.761828530288945021E-14 ) ) ;
#3512 = CARTESIAN_POINT ( 'NONE',  ( 1.270000000000000240, 2.350000000000000089, 0.4999999999999991673 ) ) ;
#3513 = CARTESIAN_POINT ( 'NONE',  ( -0.3100000000000001088, 11.50000000000000000, -0.3099999999999999423 ) ) ;
#3514 = ORIENTED_EDGE ( 'NONE', *, *, #649, .T. ) ;
#3515 = ORIENTED_EDGE ( 'NONE', *, *, #3763, .F. ) ;
#3516 = FACE_OUTER_BOUND ( 'NONE', #1830, .T. ) ;
#3517 = CYLINDRICAL_SURFACE ( 'NONE', #1067, 0.01000000000000001409 ) ;
#3518 = ORIENTED_EDGE ( 'NONE', *, *, #243, .T. ) ;
#3519 = ORIENTED_EDGE ( 'NONE', *, *, #849, .F. ) ;
#3520 = CARTESIAN_POINT ( 'NONE',  ( -1.259999999999999787, 0.5100000000000000089, -0.7499999999999997780 ) ) ;
#3521 = CARTESIAN_POINT ( 'NONE',  ( 1.269999999999999796, 0.5100000000000000089, -0.7500000000000001110 ) ) ;
#3522 = CARTESIAN_POINT ( 'NONE',  ( -1.175000000000000711, 0.01000000000000002623, 0.7499999999999997780 ) ) ;
#3523 = EDGE_LOOP ( 'NONE', ( #2146, #1767, #892, #2227 ) ) ;
#3524 = DIRECTION ( 'NONE',  ( 0.7071067811865477948, 0.000000000000000000, -0.7071067811865473507 ) ) ;
#3525 = DIRECTION ( 'NONE',  ( -0.000000000000000000, 1.000000000000000000, -0.000000000000000000 ) ) ;
#3526 = CARTESIAN_POINT ( 'NONE',  ( 0.3112600429262812884, 11.15372788819387395, -0.3199202969641256056 ) ) ;
#3527 = DIRECTION ( 'NONE',  ( 0.000000000000000000, -0.000000000000000000, -1.000000000000000000 ) ) ;
#3528 = ORIENTED_EDGE ( 'NONE', *, *, #2626, .T. ) ;
#3529 = AXIS2_PLACEMENT_3D ( 'NONE', #2429, #2706, #2789 ) ;
#3530 = CIRCLE ( 'NONE', #1923, 0.009999999999999998473 ) ;
#3531 = ORIENTED_EDGE ( 'NONE', *, *, #2083, .F. ) ;
#3532 = SURFACE_STYLE_FILL_AREA ( #496 ) ;
#3533 = CARTESIAN_POINT ( 'NONE',  ( -0.6708578643762688198, 2.490000000000000213, 1.240000000000000657 ) ) ;
#3534 = CARTESIAN_POINT ( 'NONE',  ( 1.175000000000000044, 2.490000000000000213, -0.5000000000000011102 ) ) ;
#3535 = VERTEX_POINT ( 'NONE', #81 ) ;
#3536 = ORIENTED_EDGE ( 'NONE', *, *, #3014, .T. ) ;
#3537 = VECTOR ( 'NONE', #2809, 1000.000000000000000 ) ;
#3538 = CARTESIAN_POINT ( 'NONE',  ( -1.175000000000000044, 2.350000000000000089, 0.4999999999999991673 ) ) ;
#3539 = CARTESIAN_POINT ( 'NONE',  ( 1.172071067811865985, 2.500000000000000000, 0.7529289321881346142 ) ) ;
#3540 = VECTOR ( 'NONE', #1146, 999.9999999999998863 ) ;
#3541 = DIRECTION ( 'NONE',  ( 0.000000000000000000, -0.000000000000000000, 1.000000000000000000 ) ) ;
#3542 = ORIENTED_EDGE ( 'NONE', *, *, #623, .F. ) ;
#3543 = VECTOR ( 'NONE', #2526, 1000.000000000000000 ) ;
#3544 = CARTESIAN_POINT ( 'NONE',  ( 0.3112600429262815105, 0.3462721118061211079, 0.3199202969641257166 ) ) ;
#3545 = CARTESIAN_POINT ( 'NONE',  ( 0.3199999999999998956, 0.3464101615137729628, -0.3199999999999999512 ) ) ;
#3546 = FACE_OUTER_BOUND ( 'NONE', #1239, .T. ) ;
#3547 = EDGE_CURVE ( 'NONE', #2077, #1317, #2165, .T. ) ;
#3548 = PLANE ( 'NONE',  #1808 ) ;
#3549 = TOROIDAL_SURFACE ( 'NONE', #3493, 0.02000000000000000042, 0.01000000000000000021 ) ;
#3550 = ORIENTED_EDGE ( 'NONE', *, *, #383, .F. ) ;
#3551 =( NAMED_UNIT ( * ) PLANE_ANGLE_UNIT ( ) SI_UNIT ( $, .RADIAN. ) );
#3552 =( BOUNDED_CURVE ( )  B_SPLINE_CURVE ( 3, ( #1586, #3151, #2589, #1897 ),
 .UNSPECIFIED., .F., .T. ) 
 B_SPLINE_CURVE_WITH_KNOTS ( ( 4, 4 ),
 ( 6.156845179540815671, 6.283185307179586232 ),
 .UNSPECIFIED. ) 
 CURVE ( )  GEOMETRIC_REPRESENTATION_ITEM ( )  RATIONAL_B_SPLINE_CURVE ( ( 1.000000000000000000, 0.9986702899464854344, 0.9986702899464854344, 1.000000000000000000 ) ) 
 REPRESENTATION_ITEM ( '' )  );
#3553 = CARTESIAN_POINT ( 'NONE',  ( 0.3112600429262812884, 0.3462721118061213299, -0.3199202969641257721 ) ) ;
#3554 = CONTEXT_DEPENDENT_SHAPE_REPRESENTATION ( #3424, #2299 ) ;
#3555 = ORIENTED_EDGE ( 'NONE', *, *, #3021, .F. ) ;
#3556 = EDGE_CURVE ( 'NONE', #1625, #2009, #693, .T. ) ;
#3557 = VECTOR ( 'NONE', #1298, 1000.000000000000000 ) ;
#3558 = ORIENTED_EDGE ( 'NONE', *, *, #1620, .F. ) ;
#3559 = AXIS2_PLACEMENT_3D ( 'NONE', #1616, #3401, #2506 ) ;
#3560 = ADVANCED_BREP_SHAPE_REPRESENTATION ( '', ( #816, #1173 ), #3339 ) ;
#3561 = CARTESIAN_POINT ( 'NONE',  ( 0.3199202969641256056, 0.3462721118061212189, -0.3112600429262813440 ) ) ;
#3562 = FACE_OUTER_BOUND ( 'NONE', #470, .T. ) ;
#3563 = CARTESIAN_POINT ( 'NONE',  ( -1.269999999999999796, -1.503005322678532707, 0.7500000000000004441 ) ) ;
#3564 = VERTEX_POINT ( 'NONE', #1962 ) ;
#3565 = PLANE ( 'NONE',  #3118 ) ;
#3566 = SPHERICAL_SURFACE ( 'NONE', #3783, 0.01000000000000000021 ) ;
#3567 = DIRECTION ( 'NONE',  ( 0.7071067811865477948, 0.000000000000000000, -0.7071067811865473507 ) ) ;
#3568 = FACE_BOUND ( 'NONE', #3457, .T. ) ;
#3569 = ORIENTED_EDGE ( 'NONE', *, *, #3780, .T. ) ;
#3570 = CARTESIAN_POINT ( 'NONE',  ( 1.179142135623731491, -1.503005322678532707, 0.7500000000000001110 ) ) ;
#3571 = CARTESIAN_POINT ( 'NONE',  ( -0.04749999999999893197, 0.5000000000000000000, 1.972499999999999920 ) ) ;
#3572 = ORIENTED_EDGE ( 'NONE', *, *, #2255, .F. ) ;
#3573 = EDGE_LOOP ( 'NONE', ( #3427, #1716, #3012, #3455 ) ) ;
#3574 = EDGE_CURVE ( 'NONE', #3710, #2821, #3530, .T. ) ;
#3575 = CARTESIAN_POINT ( 'NONE',  ( -0.3241421356237310647, 2.500000000000000000, 0.3241421356237308982 ) ) ;
#3576 = VERTEX_POINT ( 'NONE', #731 ) ;
#3577 = DIRECTION ( 'NONE',  ( 1.000000000000000000, 0.000000000000000000, 0.000000000000000000 ) ) ;
#3578 = DIRECTION ( 'NONE',  ( -0.4472135954999579277, -0.7745966692414834043, -0.4472135954999578722 ) ) ;
#3579 = EDGE_CURVE ( 'NONE', #560, #3394, #3114, .T. ) ;
#3580 = CARTESIAN_POINT ( 'NONE',  ( -1.179142135623731047, -1.503005322678532707, -0.7499999999999997780 ) ) ;
#3581 = EDGE_CURVE ( 'NONE', #3386, #3196, #3552, .T. ) ;
#3582 = VERTEX_POINT ( 'NONE', #2880 ) ;
#3583 = FACE_OUTER_BOUND ( 'NONE', #2633, .T. ) ;
#3584 = CARTESIAN_POINT ( 'NONE',  ( -0.6708578643762688198, 0.01000000000000000021, -1.239999999999999769 ) ) ;
#3585 = CARTESIAN_POINT ( 'NONE',  ( -1.265857864376269015, 2.500000000000000000, 0.5041421356237300033 ) ) ;
#3586 = ORIENTED_EDGE ( 'NONE', *, *, #1641, .F. ) ;
#3587 =( LENGTH_UNIT ( ) NAMED_UNIT ( * ) SI_UNIT ( .MILLI., .METRE. ) );
#3588 = PLANE ( 'NONE',  #2781 ) ;
#3589 = CARTESIAN_POINT ( 'NONE',  ( -1.175000000000000044, 2.490000000000000213, 0.4999999999999991673 ) ) ;
#3590 = ORIENTED_EDGE ( 'NONE', *, *, #3141, .F. ) ;
#3591 = ORIENTED_EDGE ( 'NONE', *, *, #931, .F. ) ;
#3592 = AXIS2_PLACEMENT_3D ( 'NONE', #1401, #2564, #523 ) ;
#3593 = LINE ( 'NONE', #2995, #989 ) ;
#3594 = ADVANCED_FACE ( 'NONE', ( #1307 ), #2242, .F. ) ;
#3595 = LINE ( 'NONE', #3538, #3683 ) ;
#3596 = EDGE_LOOP ( 'NONE', ( #1608, #3536, #351 ) ) ;
#3597 = VECTOR ( 'NONE', #3340, 1000.000000000000000 ) ;
#3598 =( BOUNDED_CURVE ( )  B_SPLINE_CURVE ( 3, ( #3206, #1327, #2554, #3526 ),
 .UNSPECIFIED., .F., .T. ) 
 B_SPLINE_CURVE_WITH_KNOTS ( ( 4, 4 ),
 ( 2.482534617831145152, 3.800650689348441080 ),
 .UNSPECIFIED. ) 
 CURVE ( )  GEOMETRIC_REPRESENTATION_ITEM ( )  RATIONAL_B_SPLINE_CURVE ( ( 1.000000000000000000, 0.8603796100557264959, 0.8603796100557264959, 1.000000000000000000 ) ) 
 REPRESENTATION_ITEM ( '' )  );
#3599 = CYLINDRICAL_SURFACE ( 'NONE', #2063, 0.01000000000000001409 ) ;
#3600 = VECTOR ( 'NONE', #792, 1000.000000000000000 ) ;
#3601 = DIRECTION ( 'NONE',  ( 0.000000000000000000, 0.000000000000000000, 1.000000000000000000 ) ) ;
#3602 = CARTESIAN_POINT ( 'NONE',  ( -1.269999999999999796, 2.490000000000000213, -0.7499999999999997780 ) ) ;
#3603 = AXIS2_PLACEMENT_3D ( 'NONE', #2580, #3806, #1075 ) ;
#3604 = ORIENTED_EDGE ( 'NONE', *, *, #3874, .F. ) ;
#3605 = EDGE_CURVE ( 'NONE', #2712, #3771, #411, .T. ) ;
#3606 = EDGE_CURVE ( 'NONE', #84, #1692, #3751, .T. ) ;
#3607 = VECTOR ( 'NONE', #1994, 1000.000000000000000 ) ;
#3608 = CARTESIAN_POINT ( 'NONE',  ( 1.170857864376269486, 2.500000000000000000, 0.5041421356237301143 ) ) ;
#3609 = CARTESIAN_POINT ( 'NONE',  ( -0.09773205080756849905, 11.53856921938165137, 0.08907179676972423743 ) ) ;
#3610 = DIRECTION ( 'NONE',  ( 0.000000000000000000, -4.065758146820641628E-15, -1.000000000000000000 ) ) ;
#3611 = VERTEX_POINT ( 'NONE', #710 ) ;
#3612 = EDGE_CURVE ( 'NONE', #883, #1572, #3448, .T. ) ;
#3613 = CIRCLE ( 'NONE', #3669, 0.01000000000000001409 ) ;
#3614 = AXIS2_PLACEMENT_3D ( 'NONE', #121, #1081, #1573 ) ;
#3615 = DIRECTION ( 'NONE',  ( 1.000000000000000000, 0.000000000000000000, 0.000000000000000000 ) ) ;
#3616 = DIRECTION ( 'NONE',  ( 0.4472135954999467145, 0.7745966692414959498, -0.4472135954999473806 ) ) ;
#3617 = VECTOR ( 'NONE', #2841, 1000.000000000000000 ) ;
#3618 = PLANE ( 'NONE',  #2067 ) ;
#3619 = EDGE_LOOP ( 'NONE', ( #1103, #2622, #1484, #1347 ) ) ;
#3620 = ORIENTED_EDGE ( 'NONE', *, *, #3200, .T. ) ;
#3621 = EDGE_LOOP ( 'NONE', ( #2202, #1108, #1842, #1593 ) ) ;
#3622 = CARTESIAN_POINT ( 'NONE',  ( 1.150857864376269690, 0.000000000000000000, 0.7599999999999997868 ) ) ;
#3623 =( BOUNDED_CURVE ( )  B_SPLINE_CURVE ( 3, ( #862, #1222, #332, #2162 ),
 .UNSPECIFIED., .F., .T. ) 
 B_SPLINE_CURVE_WITH_KNOTS ( ( 4, 4 ),
 ( -5.329070518200751394E-15, 0.1263401276387706162 ),
 .UNSPECIFIED. ) 
 CURVE ( )  GEOMETRIC_REPRESENTATION_ITEM ( )  RATIONAL_B_SPLINE_CURVE ( ( 1.000000000000000000, 0.9986702899464854344, 0.9986702899464854344, 1.000000000000000000 ) ) 
 REPRESENTATION_ITEM ( '' )  );
#3624 = CARTESIAN_POINT ( 'NONE',  ( 0.000000000000000000, 2.350000000000000089, 0.000000000000000000 ) ) ;
#3625 = DIRECTION ( 'NONE',  ( 0.000000000000000000, 0.000000000000000000, -1.000000000000000000 ) ) ;
#3626 = ORIENTED_EDGE ( 'NONE', *, *, #3636, .T. ) ;
#3627 = LINE ( 'NONE', #898, #752 ) ;
#3628 = CARTESIAN_POINT ( 'NONE',  ( -0.1142264973081032337, 11.49499999999999922, 0.1228867513459475647 ) ) ;
#3629 = EDGE_CURVE ( 'NONE', #3471, #955, #1940, .T. ) ;
#3630 = CARTESIAN_POINT ( 'NONE',  ( 1.269999999999999796, 2.490000000000000213, -0.5000000000000011102 ) ) ;
#3631 = EDGE_LOOP ( 'NONE', ( #388, #3504, #12, #2556, #1162, #3843 ) ) ;
#3632 = EDGE_CURVE ( 'NONE', #2510, #1171, #2484, .T. ) ;
#3633 =( REPRESENTATION_RELATIONSHIP ('NONE','NONE', #695, #1525 ) REPRESENTATION_RELATIONSHIP_WITH_TRANSFORMATION ( #2008 )SHAPE_REPRESENTATION_RELATIONSHIP( ) );
#3634 = DIRECTION ( 'NONE',  ( 0.000000000000000000, 0.000000000000000000, 1.000000000000000000 ) ) ;
#3635 = CARTESIAN_POINT ( 'NONE',  ( -0.6749999999999997113, 0.01000000000000002623, 1.250000000000000666 ) ) ;
#3636 = EDGE_CURVE ( 'NONE', #951, #2856, #3791, .T. ) ;
#3637 = CYLINDRICAL_SURFACE ( 'NONE', #2461, 0.01000000000000002623 ) ;
#3638 = ORIENTED_EDGE ( 'NONE', *, *, #775, .T. ) ;
#3639 = EDGE_LOOP ( 'NONE', ( #493, #2353, #727 ) ) ;
#3640 = DIRECTION ( 'NONE',  ( 1.000000000000000000, 0.000000000000000000, 0.000000000000000000 ) ) ;
#3641 = ORIENTED_EDGE ( 'NONE', *, *, #1758, .T. ) ;
#3642 = DIRECTION ( 'NONE',  ( -1.000000000000000000, 0.000000000000000000, 0.000000000000000000 ) ) ;
#3643 = CARTESIAN_POINT ( 'NONE',  ( 1.164999999999999813, -2.384716070445022302E-17, -0.7541421356237314466 ) ) ;
#3644 = DIRECTION ( 'NONE',  ( 0.7071067811865474617, 0.000000000000000000, 0.7071067811865474617 ) ) ;
#3645 = DIRECTION ( 'NONE',  ( -0.000000000000000000, 1.000000000000000000, -0.000000000000000000 ) ) ;
#3646 = CARTESIAN_POINT ( 'NONE',  ( 0.6779289321881348807, 2.490000000000000213, 1.247071067811865941 ) ) ;
#3647 = CYLINDRICAL_SURFACE ( 'NONE', #3161, 0.01000000000000002623 ) ;
#3648 = ORIENTED_EDGE ( 'NONE', *, *, #775, .F. ) ;
#3649 = DIRECTION ( 'NONE',  ( 1.000000000000000000, 0.000000000000000000, 0.000000000000000000 ) ) ;
#3650 = CARTESIAN_POINT ( 'NONE',  ( 1.167928932188134317, 0.000000000000000000, -0.7429289321881346053 ) ) ;
#3651 = DIRECTION ( 'NONE',  ( 1.000000000000000000, 0.000000000000000000, -1.694065894508600925E-16 ) ) ;
#3652 = EDGE_CURVE ( 'NONE', #509, #3316, #490, .T. ) ;
#3653 = EDGE_LOOP ( 'NONE', ( #1410, #917, #3870 ) ) ;
#3654 = EDGE_CURVE ( 'NONE', #2123, #3394, #2191, .T. ) ;
#3655 = FACE_OUTER_BOUND ( 'NONE', #2982, .T. ) ;
#3656 =( REPRESENTATION_RELATIONSHIP ('NONE','NONE', #695, #3423 ) REPRESENTATION_RELATIONSHIP_WITH_TRANSFORMATION ( #3150 )SHAPE_REPRESENTATION_RELATIONSHIP( ) );
#3657 = AXIS2_PLACEMENT_3D ( 'NONE', #2738, #2139, #3366 ) ;
#3658 = LINE ( 'NONE', #3059, #878 ) ;
#3659 = ORIENTED_EDGE ( 'NONE', *, *, #2535, .F. ) ;
#3660 = EDGE_CURVE ( 'NONE', #3681, #2821, #791, .T. ) ;
#3661 = ORIENTED_EDGE ( 'NONE', *, *, #2621, .T. ) ;
#3662 = VECTOR ( 'NONE', #1791, 1000.000000000000000 ) ;
#3663 = DIRECTION ( 'NONE',  ( 0.000000000000000000, 0.000000000000000000, -1.000000000000000000 ) ) ;
#3664 = PRODUCT_DEFINITION_SHAPE ( 'NONE', 'NONE',  #3926 ) ;
#3665 = VERTEX_POINT ( 'NONE', #2946 ) ;
#3666 = PLANE ( 'NONE',  #3873 ) ;
#3667 = VECTOR ( 'NONE', #682, 1000.000000000000000 ) ;
#3668 = CARTESIAN_POINT ( 'NONE',  ( 0.6708578643762693750, 2.490000000000000213, 1.250000000000000444 ) ) ;
#3669 = AXIS2_PLACEMENT_3D ( 'NONE', #3444, #2858, #3126 ) ;
#3670 = CARTESIAN_POINT ( 'NONE',  ( 0.3199999999999999512, 2.495857864376268331, -0.3200000000000000622 ) ) ;
#3671 = UNCERTAINTY_MEASURE_WITH_UNIT (LENGTH_MEASURE( 1.000000000000000082E-05 ), #2367, 'distance_accuracy_value', 'NONE');
#3672 = ORIENTED_EDGE ( 'NONE', *, *, #72, .F. ) ;
#3673 = VECTOR ( 'NONE', #3111, 1000.000000000000000 ) ;
#3674 = DIRECTION ( 'NONE',  ( 0.000000000000000000, 0.000000000000000000, 1.000000000000000000 ) ) ;
#3675 = ITEM_DEFINED_TRANSFORMATION ( 'NONE', 'NONE', #1233,  #1173 ) ;
#3676 = FACE_OUTER_BOUND ( 'NONE', #3621, .T. ) ;
#3677 = VECTOR ( 'NONE', #3116, 999.9999999999998863 ) ;
#3678 = FACE_OUTER_BOUND ( 'NONE', #495, .T. ) ;
#3679 = ORIENTED_EDGE ( 'NONE', *, *, #2864, .T. ) ;
#3680 = EDGE_CURVE ( 'NONE', #2890, #2287, #3824, .T. ) ;
#3681 = VERTEX_POINT ( 'NONE', #1099 ) ;
#3682 = PLANE ( 'NONE',  #2903 ) ;
#3683 = VECTOR ( 'NONE', #1770, 1000.000000000000000 ) ;
#3684 = EDGE_CURVE ( 'NONE', #1175, #3417, #198, .T. ) ;
#3685 = CARTESIAN_POINT ( 'NONE',  ( -0.6749999999999997113, 0.000000000000000000, 1.240000000000000657 ) ) ;
#3686 = ORIENTED_EDGE ( 'NONE', *, *, #3907, .T. ) ;
#3687 = CARTESIAN_POINT ( 'NONE',  ( 1.175000000000000044, 2.490000000000000213, -0.5000000000000011102 ) ) ;
#3688 = CARTESIAN_POINT ( 'NONE',  ( 0.3299999999999999600, 2.500000000000000000, 0.3300000000000000155 ) ) ;
#3689 = LINE ( 'NONE', #1792, #3355 ) ;
#3690 = CARTESIAN_POINT ( 'NONE',  ( 1.179142135623730825, 2.500000000000000000, -0.7400000000000001021 ) ) ;
#3691 = CARTESIAN_POINT ( 'NONE',  ( 0.3199999999999998956, 0.9000000000000002442, 0.3199999999999999512 ) ) ;
#3692 = LINE ( 'NONE', #3726, #1999 ) ;
#3693 = ORIENTED_EDGE ( 'NONE', *, *, #678, .T. ) ;
#3694 = CARTESIAN_POINT ( 'NONE',  ( 0.000000000000000000, 0.000000000000000000, 0.000000000000000000 ) ) ;
#3695 = DIRECTION ( 'NONE',  ( 0.000000000000000000, -1.000000000000000000, 0.000000000000000000 ) ) ;
#3696 = DIRECTION ( 'NONE',  ( 0.000000000000000000, 0.000000000000000000, 1.000000000000000000 ) ) ;
#3697 = ORIENTED_EDGE ( 'NONE', *, *, #3763, .T. ) ;
#3698 = ORIENTED_EDGE ( 'NONE', *, *, #2232, .T. ) ;
#3699 = DIRECTION ( 'NONE',  ( -1.000000000000000000, 0.000000000000000000, 1.606225440719266613E-16 ) ) ;
#3700 = CARTESIAN_POINT ( 'NONE',  ( -1.179142135623730825, 2.490000000000000213, 0.7500000000000004441 ) ) ;
#3701 = FACE_OUTER_BOUND ( 'NONE', #3573, .T. ) ;
#3702 = ORIENTED_EDGE ( 'NONE', *, *, #1217, .F. ) ;
#3703 = LINE ( 'NONE', #1910, #1507 ) ;
#3704 = DIRECTION ( 'NONE',  ( 0.000000000000000000, 0.000000000000000000, 1.000000000000000000 ) ) ;
#3705 = CARTESIAN_POINT ( 'NONE',  ( 0.3099999999999998868, 11.50000000000000000, -0.3099999999999999423 ) ) ;
#3706 = EDGE_CURVE ( 'NONE', #2979, #2939, #3904, .T. ) ;
#3707 = DIRECTION ( 'NONE',  ( 1.000000000000000000, 0.000000000000000000, 0.000000000000000000 ) ) ;
#3708 = CARTESIAN_POINT ( 'NONE',  ( 0.3112600429262812884, 11.15372788819387395, 0.3199202969641257166 ) ) ;
#3709 = CYLINDRICAL_SURFACE ( 'NONE', #414, 0.01000000000000002623 ) ;
#3710 = VERTEX_POINT ( 'NONE', #1138 ) ;
#3711 = CONTEXT_DEPENDENT_SHAPE_REPRESENTATION ( #3156, #2911 ) ;
#3712 = CARTESIAN_POINT ( 'NONE',  ( 0.3199202969641256056, 0.3462721118061212189, -0.3112600429262813440 ) ) ;
#3713 = APPLICATION_CONTEXT ( 'automotive_design' ) ;
#3714 = ORIENTED_EDGE ( 'NONE', *, *, #2581, .T. ) ;
#3715 = CARTESIAN_POINT ( 'NONE',  ( 0.6708578643762687088, 0.000000000000000000, -1.239999999999999991 ) ) ;
#3716 = DIRECTION ( 'NONE',  ( 0.000000000000000000, -1.000000000000000000, 0.000000000000000000 ) ) ;
#3717 = ORIENTED_EDGE ( 'NONE', *, *, #1713, .T. ) ;
#3718 = EDGE_LOOP ( 'NONE', ( #420, #1035, #3411, #2860 ) ) ;
#3719 = CARTESIAN_POINT ( 'NONE',  ( -0.1228867513459475647, 11.49499999999999922, -0.1142264973081022067 ) ) ;
#3720 = EDGE_CURVE ( 'NONE', #2856, #1785, #1997, .T. ) ;
#3721 = CARTESIAN_POINT ( 'NONE',  ( -0.3200000000000001177, 0.9000000000000002442, -0.3200000000000000622 ) ) ;
#3722 = DIRECTION ( 'NONE',  ( 1.000000000000000000, -0.000000000000000000, -0.000000000000000000 ) ) ;
#3723 = AXIS2_PLACEMENT_3D ( 'NONE', #3266, #2986, #529 ) ;
#3724 = DIRECTION ( 'NONE',  ( 1.000000000000000000, 0.000000000000000000, 1.141265444721588244E-15 ) ) ;
#3725 = ADVANCED_FACE ( 'NONE', ( #1403 ), #3840, .T. ) ;
#3726 = CARTESIAN_POINT ( 'NONE',  ( 0.1200000000000002870, 0.000000000000000000, -0.1142264973081040941 ) ) ;
#3727 = ORIENTED_EDGE ( 'NONE', *, *, #2896, .T. ) ;
#3728 = EDGE_LOOP ( 'NONE', ( #175, #2771, #3302 ) ) ;
#3729 = EDGE_CURVE ( 'NONE', #2419, #1065, #1719, .T. ) ;
#3730 =( BOUNDED_CURVE ( )  B_SPLINE_CURVE ( 3, ( #1557, #2075, #3304, #267 ),
 .UNSPECIFIED., .F., .T. ) 
 B_SPLINE_CURVE_WITH_KNOTS ( ( 4, 4 ),
 ( 2.482534617831139823, 3.800650689348445965 ),
 .UNSPECIFIED. ) 
 CURVE ( )  GEOMETRIC_REPRESENTATION_ITEM ( )  RATIONAL_B_SPLINE_CURVE ( ( 1.000000000000000000, 0.8603796100557243864, 0.8603796100557243864, 1.000000000000000000 ) ) 
 REPRESENTATION_ITEM ( '' )  );
#3731 = CARTESIAN_POINT ( 'NONE',  ( -1.269999999999999574, 0.5000000000000000000, -0.7500000000000001110 ) ) ;
#3732 = CARTESIAN_POINT ( 'NONE',  ( 0.9554289321881338504, 2.500000000000000000, -0.9554289321881346275 ) ) ;
#3733 = DIRECTION ( 'NONE',  ( -2.891205793294678819E-16, 0.000000000000000000, -1.000000000000000000 ) ) ;
#3734 = EDGE_CURVE ( 'NONE', #3887, #3826, #1482, .T. ) ;
#3735 = ORIENTED_EDGE ( 'NONE', *, *, #2045, .T. ) ;
#3736 = ORIENTED_EDGE ( 'NONE', *, *, #3729, .F. ) ;
#3737 = AXIS2_PLACEMENT_3D ( 'NONE', #1389, #492, #2931 ) ;
#3738 = CIRCLE ( 'NONE', #2584, 0.009999999999999592548 ) ;
#3739 = CARTESIAN_POINT ( 'NONE',  ( 0.000000000000000000, 0.000000000000000000, 0.000000000000000000 ) ) ;
#3740 = VERTEX_POINT ( 'NONE', #215 ) ;
#3741 = CLOSED_SHELL ( 'NONE', ( #2354, #904, #1664, #2920, #260, #1710, #2557, #2846, #1597, #300, #405, #2770, #1954, #1911, #1542, #2341, #238, #3508, #3725, #1127, #2746, #1786, #3454, #780, #476, #3047, #1499, #827, #2062, #2171, #2669, #325, #3306, #1352, #2507, #409, #1595, #261, #3056, #193, #27, #751, #360, #1938, #3244, #2303, #366, #2381, #379, #3183, #2349, #2379, #1364, #2944, #1424, #2964, #2891, #2028, #2485, #2715, #796, #2870, #358, #2454, #2471, #426, #194, #2208, #67, #1475, #800, #963, #507, #2356, #3759, #3756, #925, #2378, #896, #2749, #1200, #2553, #3895, #646, #804, #2462, #3094, #2772 ) ) ;
#3742 = CIRCLE ( 'NONE', #1310, 0.01000000000000001409 ) ;
#3743 = FACE_OUTER_BOUND ( 'NONE', #1601, .T. ) ;
#3744 = VECTOR ( 'NONE', #575, 1000.000000000000000 ) ;
#3745 = CARTESIAN_POINT ( 'NONE',  ( -1.170857864376269042, 2.500000000000000000, 0.5041421356237301143 ) ) ;
#3746 = DIRECTION ( 'NONE',  ( 1.694065894508600678E-16, -0.000000000000000000, 1.000000000000000000 ) ) ;
#3747 = CARTESIAN_POINT ( 'NONE',  ( 0.1142264973081030810, 11.49000000000000021, -1.935072133388359121E-17 ) ) ;
#3748 = ORIENTED_EDGE ( 'NONE', *, *, #308, .T. ) ;
#3749 = VECTOR ( 'NONE', #1501, 1000.000000000000000 ) ;
#3750 = APPLICATION_PROTOCOL_DEFINITION ( 'draft international standard', 'automotive_design', 1998, #2543 ) ;
#3751 = LINE ( 'NONE', #1640, #3274 ) ;
#3752 = EDGE_CURVE ( 'NONE', #3017, #2788, #2020, .T. ) ;
#3753 = DIRECTION ( 'NONE',  ( -0.000000000000000000, 1.000000000000000000, -0.000000000000000000 ) ) ;
#3754 = DIRECTION ( 'NONE',  ( -2.347366560526824138E-15, 4.065758146820642416E-15, 1.000000000000000000 ) ) ;
#3755 =( BOUNDED_CURVE ( )  B_SPLINE_CURVE ( 3, ( #3544, #2344, #1462, #2928 ),
 .UNSPECIFIED., .F., .F. ) 
 B_SPLINE_CURVE_WITH_KNOTS ( ( 4, 4 ),
 ( 3.015252525951000795, 3.141592653589793116 ),
 .UNSPECIFIED. ) 
 CURVE ( )  GEOMETRIC_REPRESENTATION_ITEM ( )  RATIONAL_B_SPLINE_CURVE ( ( 1.000000000000000000, 0.9986702899464852123, 0.9986702899464852123, 1.000000000000000000 ) ) 
 REPRESENTATION_ITEM ( '' )  );
#3756 = ADVANCED_FACE ( 'NONE', ( #1423 ), #3566, .T. ) ;
#3757 = EDGE_LOOP ( 'NONE', ( #1513, #2053, #2866, #1584 ) ) ;
#3758 = ORIENTED_EDGE ( 'NONE', *, *, #1862, .F. ) ;
#3759 = ADVANCED_FACE ( 'NONE', ( #3205 ), #2345, .T. ) ;
#3760 = CARTESIAN_POINT ( 'NONE',  ( 1.175000000000000044, 2.350000000000000089, -0.5000000000000011102 ) ) ;
#3761 = VERTEX_POINT ( 'NONE', #255 ) ;
#3762 = SPHERICAL_SURFACE ( 'NONE', #302, 0.01000000000000000021 ) ;
#3763 = EDGE_CURVE ( 'NONE', #1924, #2253, #2389, .T. ) ;
#3764 = LINE ( 'NONE', #1285, #2005 ) ;
#3765 = DIRECTION ( 'NONE',  ( 0.000000000000000000, 0.000000000000000000, -1.000000000000000000 ) ) ;
#3766 = VERTEX_POINT ( 'NONE', #1736 ) ;
#3767 = PRESENTATION_STYLE_ASSIGNMENT (( #1244 ) ) ;
#3768 = DIRECTION ( 'NONE',  ( -0.000000000000000000, -0.000000000000000000, 1.000000000000000000 ) ) ;
#3769 = DIRECTION ( 'NONE',  ( -1.000000000000000000, 0.000000000000000000, 0.000000000000000000 ) ) ;
#3770 = DIRECTION ( 'NONE',  ( 1.000000000000000000, 1.355252715606880740E-15, 1.836709923159824932E-30 ) ) ;
#3771 = VERTEX_POINT ( 'NONE', #1680 ) ;
#3772 = ORIENTED_EDGE ( 'NONE', *, *, #2033, .F. ) ;
#3773 = CARTESIAN_POINT ( 'NONE',  ( -0.1142264973081031643, 11.49000000000000021, 0.1142264973081031781 ) ) ;
#3774 = CARTESIAN_POINT ( 'NONE',  ( -0.3200000000000001177, 0.3464101615137729628, -0.3199999999999999512 ) ) ;
#3775 = VERTEX_POINT ( 'NONE', #1777 ) ;
#3776 = EDGE_CURVE ( 'NONE', #3775, #2474, #918, .T. ) ;
#3777 = EDGE_CURVE ( 'NONE', #3405, #3710, #587, .T. ) ;
#3778 = ORIENTED_EDGE ( 'NONE', *, *, #3660, .F. ) ;
#3779 = DIRECTION ( 'NONE',  ( 1.000000000000000000, 0.000000000000000000, 1.141265444721588244E-15 ) ) ;
#3780 = EDGE_CURVE ( 'NONE', #2253, #2100, #964, .T. ) ;
#3781 = DIRECTION ( 'NONE',  ( 0.000000000000000000, 0.000000000000000000, -1.000000000000000000 ) ) ;
#3782 = CIRCLE ( 'NONE', #1054, 0.01000000000000001409 ) ;
#3783 = AXIS2_PLACEMENT_3D ( 'NONE', #3584, #240, #835 ) ;
#3784 = LINE ( 'NONE', #1057, #1673 ) ;
#3785 = EDGE_LOOP ( 'NONE', ( #156, #3112, #2791, #2730 ) ) ;
#3786 = VERTEX_POINT ( 'NONE', #2757 ) ;
#3787 = CIRCLE ( 'NONE', #2051, 0.01000000000000001409 ) ;
#3788 = CARTESIAN_POINT ( 'NONE',  ( 22.86000000000000654, 0.000000000000000000, -3.694502662805094612E-15 ) ) ;
#3789 = CARTESIAN_POINT ( 'NONE',  ( -0.3193224092811604020, 0.3452365399626432518, -0.3159672026817048063 ) ) ;
#3790 = EDGE_CURVE ( 'NONE', #524, #68, #3382, .T. ) ;
#3791 = LINE ( 'NONE', #2666, #1988 ) ;
#3792 = DIRECTION ( 'NONE',  ( 0.000000000000000000, 0.000000000000000000, 1.000000000000000000 ) ) ;
#3793 = DIRECTION ( 'NONE',  ( 0.4472135954999579277, -0.7745966692414834043, 0.4472135954999578167 ) ) ;
#3794 = ORIENTED_EDGE ( 'NONE', *, *, #3734, .F. ) ;
#3795 = ORIENTED_EDGE ( 'NONE', *, *, #1589, .F. ) ;
#3796 = AXIS2_PLACEMENT_3D ( 'NONE', #774, #1063, #732 ) ;
#3797 = DIRECTION ( 'NONE',  ( -4.065758146820642416E-15, 0.000000000000000000, 1.000000000000000000 ) ) ;
#3798 = LINE ( 'NONE', #454, #2271 ) ;
#3799 = AXIS2_PLACEMENT_3D ( 'NONE', #828, #564, #1110 ) ;
#3800 = ORIENTED_EDGE ( 'NONE', *, *, #1889, .F. ) ;
#3801 = EDGE_LOOP ( 'NONE', ( #3169, #2263, #1600 ) ) ;
#3802 = EDGE_CURVE ( 'NONE', #3058, #3017, #2426, .T. ) ;
#3803 = VECTOR ( 'NONE', #619, 1000.000000000000000 ) ;
#3804 = EDGE_CURVE ( 'NONE', #2288, #3405, #2377, .T. ) ;
#3805 = AXIS2_PLACEMENT_3D ( 'NONE', #3391, #2879, #2166 ) ;
#3806 = DIRECTION ( 'NONE',  ( 0.8660254037844374864, 0.5000000000000019984, -1.467104100329255226E-16 ) ) ;
#3807 = DIRECTION ( 'NONE',  ( -2.891205793294678819E-16, 0.000000000000000000, -1.000000000000000000 ) ) ;
#3808 = LINE ( 'NONE', #3563, #3607 ) ;
#3809 = CARTESIAN_POINT ( 'NONE',  ( -0.1142264973081031781, 11.49000000000000021, -0.1142264973081022067 ) ) ;
#3810 = CARTESIAN_POINT ( 'NONE',  ( 1.270000000000000018, 2.350000000000000089, 0.4999999999999986122 ) ) ;
#3811 = DIRECTION ( 'NONE',  ( -1.000000000000000000, 0.000000000000000000, 0.000000000000000000 ) ) ;
#3812 = EDGE_LOOP ( 'NONE', ( #438, #2547, #864, #3849 ) ) ;
#3813 = CARTESIAN_POINT ( 'NONE',  ( -0.1228867513459475369, 11.49499999999999922, 0.1142264973081032614 ) ) ;
#3814 = CARTESIAN_POINT ( 'NONE',  ( -1.269999999999999796, 0.5100000000000000089, -0.7499999999999997780 ) ) ;
#3815 = VERTEX_POINT ( 'NONE', #3308 ) ;
#3816 = VERTEX_POINT ( 'NONE', #3628 ) ;
#3817 = PLANE ( 'NONE',  #3910 ) ;
#3818 = DIRECTION ( 'NONE',  ( -0.000000000000000000, 1.000000000000000000, -0.000000000000000000 ) ) ;
#3819 = DIRECTION ( 'NONE',  ( 0.7071067811865474617, 0.000000000000000000, -0.7071067811865474617 ) ) ;
#3820 = PRODUCT_DEFINITION_CONTEXT ( 'detailed design', #1271, 'design' ) ;
#3821 = ORIENTED_EDGE ( 'NONE', *, *, #2329, .T. ) ;
#3822 = ITEM_DEFINED_TRANSFORMATION ( 'NONE', 'NONE', #2819,  #1173 ) ;
#3823 =( NAMED_UNIT ( * ) PLANE_ANGLE_UNIT ( ) SI_UNIT ( $, .RADIAN. ) );
#3824 = LINE ( 'NONE', #2905, #1051 ) ;
#3825 = CARTESIAN_POINT ( 'NONE',  ( -0.3112600429262813995, 11.15372788819387395, -0.3199202969641255501 ) ) ;
#3826 = VERTEX_POINT ( 'NONE', #3646 ) ;
#3827 =( NAMED_UNIT ( * ) SI_UNIT ( $, .STERADIAN. ) SOLID_ANGLE_UNIT ( ) );
#3828 =( BOUNDED_CURVE ( )  B_SPLINE_CURVE ( 3, ( #3901, #1154, #2962, #1515 ),
 .UNSPECIFIED., .F., .T. ) 
 B_SPLINE_CURVE_WITH_KNOTS ( ( 4, 4 ),
 ( 1.570796326794896558, 3.141592653589793116 ),
 .UNSPECIFIED. ) 
 CURVE ( )  GEOMETRIC_REPRESENTATION_ITEM ( )  RATIONAL_B_SPLINE_CURVE ( ( 1.000000000000000000, 0.8047378541243649375, 0.8047378541243649375, 1.000000000000000000 ) ) 
 REPRESENTATION_ITEM ( '' )  );
#3829 = DIRECTION ( 'NONE',  ( 1.000000000000000000, -0.000000000000000000, -0.000000000000000000 ) ) ;
#3830 = CARTESIAN_POINT ( 'NONE',  ( 0.1142264973081040247, 0.01000000000000000368, -0.1142264973081040802 ) ) ;
#3831 = ORIENTED_EDGE ( 'NONE', *, *, #3632, .F. ) ;
#3832 = EDGE_LOOP ( 'NONE', ( #2222, #2169, #2614, #2428 ) ) ;
#3833 = CARTESIAN_POINT ( 'NONE',  ( 0.6708578643762684868, 2.490000000000000213, -1.239999999999999991 ) ) ;
#3834 = DIRECTION ( 'NONE',  ( -0.000000000000000000, 0.000000000000000000, -1.000000000000000000 ) ) ;
#3835 = EDGE_CURVE ( 'NONE', #581, #2890, #569, .T. ) ;
#3836 = DIRECTION ( 'NONE',  ( 1.000000000000000000, -1.084202172485501594E-14, 0.000000000000000000 ) ) ;
#3837 = DIRECTION ( 'NONE',  ( -0.4472135954999593710, -0.7745966692414816279, -0.4472135954999593155 ) ) ;
#3838 = ORIENTED_EDGE ( 'NONE', *, *, #1621, .F. ) ;
#3839 = PRODUCT_DEFINITION_SHAPE ( 'NONE', 'NONE',  #3919 ) ;
#3840 = PLANE ( 'NONE',  #721 ) ;
#3841 = EDGE_CURVE ( 'NONE', #3582, #2164, #3844, .T. ) ;
#3842 = CARTESIAN_POINT ( 'NONE',  ( 0.3112600429262812884, 11.15372788819387395, 0.3199202969641257166 ) ) ;
#3843 = ORIENTED_EDGE ( 'NONE', *, *, #2305, .T. ) ;
#3844 = CIRCLE ( 'NONE', #2825, 0.01000000000000000368 ) ;
#3845 = DIRECTION ( 'NONE',  ( -0.4472135954999593710, -0.7745966692414818500, 0.4472135954999594265 ) ) ;
#3846 = VECTOR ( 'NONE', #3081, 1000.000000000000000 ) ;
#3847 = CARTESIAN_POINT ( 'NONE',  ( 1.165000000000000036, 2.500000000000000000, -0.5100000000000011191 ) ) ;
#3848 = VERTEX_POINT ( 'NONE', #2445 ) ;
#3849 = ORIENTED_EDGE ( 'NONE', *, *, #767, .F. ) ;
#3850 = CIRCLE ( 'NONE', #2902, 0.01000000000000001235 ) ;
#3851 = AXIS2_PLACEMENT_3D ( 'NONE', #3371, #2450, #3408 ) ;
#3852 = CARTESIAN_POINT ( 'NONE',  ( -0.3100000000000001088, 0.3464101615137729628, -0.3199999999999999512 ) ) ;
#3853 = CYLINDRICAL_SURFACE ( 'NONE', #2963, 0.01000000000000002623 ) ;
#3854 = AXIS2_PLACEMENT_3D ( 'NONE', #15, #259, #3389 ) ;
#3855 = DIRECTION ( 'NONE',  ( 0.000000000000000000, 0.000000000000000000, 1.000000000000000000 ) ) ;
#3856 = CYLINDRICAL_SURFACE ( 'NONE', #2957, 0.01000000000000001409 ) ;
#3857 = ORIENTED_EDGE ( 'NONE', *, *, #1020, .F. ) ;
#3858 = VECTOR ( 'NONE', #288, 1000.000000000000000 ) ;
#3859 = CONTEXT_DEPENDENT_SHAPE_REPRESENTATION ( #96, #2151 ) ;
#3860 = VECTOR ( 'NONE', #3301, 1000.000000000000000 ) ;
#3861 = CARTESIAN_POINT ( 'NONE',  ( 1.175000000000000488, 2.490000000000000213, 0.4999999999999991673 ) ) ;
#3862 = CARTESIAN_POINT ( 'NONE',  ( 0.6708578643762693750, 2.490000000000000213, 1.240000000000000435 ) ) ;
#3863 = CARTESIAN_POINT ( 'NONE',  ( -1.179142135623730825, 2.490000000000000213, 0.7400000000000004352 ) ) ;
#3864 = DIRECTION ( 'NONE',  ( -0.000000000000000000, 1.000000000000000000, -0.000000000000000000 ) ) ;
#3865 = AXIS2_PLACEMENT_3D ( 'NONE', #2559, #1046, #739 ) ;
#3866 = ORIENTED_EDGE ( 'NONE', *, *, #2658, .F. ) ;
#3867 = FILL_AREA_STYLE_COLOUR ( '', #1414 ) ;
#3868 = EDGE_CURVE ( 'NONE', #2815, #230, #339, .T. ) ;
#3869 = CARTESIAN_POINT ( 'NONE',  ( 0.3199999999999998956, 11.15358983848622287, -0.3199999999999999512 ) ) ;
#3870 = ORIENTED_EDGE ( 'NONE', *, *, #2651, .F. ) ;
#3871 = EDGE_CURVE ( 'NONE', #230, #3826, #24, .T. ) ;
#3872 = ORIENTED_EDGE ( 'NONE', *, *, #1615, .F. ) ;
#3873 = AXIS2_PLACEMENT_3D ( 'NONE', #40, #1254, #2260 ) ;
#3874 = EDGE_CURVE ( 'NONE', #2496, #2288, #1837, .T. ) ;
#3875 = CARTESIAN_POINT ( 'NONE',  ( -0.3199202969641258831, 11.15372788819387395, -0.3112600429262804558 ) ) ;
#3876 = VERTEX_POINT ( 'NONE', #10 ) ;
#3877 =( BOUNDED_CURVE ( )  B_SPLINE_CURVE ( 3, ( #3048, #981, #938, #309 ),
 .UNSPECIFIED., .F., .T. ) 
 B_SPLINE_CURVE_WITH_KNOTS ( ( 4, 4 ),
 ( 3.141592653589793116, 3.267932781228574779 ),
 .UNSPECIFIED. ) 
 CURVE ( )  GEOMETRIC_REPRESENTATION_ITEM ( )  RATIONAL_B_SPLINE_CURVE ( ( 1.000000000000000000, 0.9986702899464853234, 0.9986702899464853234, 1.000000000000000000 ) ) 
 REPRESENTATION_ITEM ( '' )  );
#3878 = DIRECTION ( 'NONE',  ( 0.7071067811865474617, 0.000000000000000000, 0.7071067811865474617 ) ) ;
#3879 = FACE_OUTER_BOUND ( 'NONE', #1465, .T. ) ;
#3880 = EDGE_CURVE ( 'NONE', #30, #1218, #2571, .T. ) ;
#3881 = DIRECTION ( 'NONE',  ( -0.000000000000000000, 1.000000000000000000, 0.000000000000000000 ) ) ;
#3882 = ORIENTED_EDGE ( 'NONE', *, *, #2149, .F. ) ;
#3883 = CONTEXT_DEPENDENT_SHAPE_REPRESENTATION ( #2974, #312 ) ;
#3884 = CARTESIAN_POINT ( 'NONE',  ( -1.179142135623731047, 2.500000000000000000, -0.7399999999999997691 ) ) ;
#3885 = DIRECTION ( 'NONE',  ( -0.000000000000000000, 1.000000000000000000, -0.000000000000000000 ) ) ;
#3886 = CARTESIAN_POINT ( 'NONE',  ( 0.3199999999999998956, 11.15358983848622287, -0.3104214140871991434 ) ) ;
#3887 = VERTEX_POINT ( 'NONE', #3668 ) ;
#3888 = EDGE_CURVE ( 'NONE', #1223, #2939, #1504, .T. ) ;
#3889 = CARTESIAN_POINT ( 'NONE',  ( -1.174999999999999822, 0.01000000000000002623, -0.7500000000000001110 ) ) ;
#3890 = DIRECTION ( 'NONE',  ( 0.7071067811865477948, 0.000000000000000000, 0.7071067811865472397 ) ) ;
#3891 = ORIENTED_EDGE ( 'NONE', *, *, #1338, .F. ) ;
#3892 = ORIENTED_EDGE ( 'NONE', *, *, #932, .F. ) ;
#3893 = EDGE_CURVE ( 'NONE', #547, #2307, #348, .T. ) ;
#3894 = FACE_BOUND ( 'NONE', #1181, .T. ) ;
#3895 = ADVANCED_FACE ( 'NONE', ( #310 ), #1518, .T. ) ;
#3896 = ORIENTED_EDGE ( 'NONE', *, *, #980, .F. ) ;
#3897 = LINE ( 'NONE', #3521, #228 ) ;
#3898 = DIRECTION ( 'NONE',  ( 0.000000000000000000, -0.5000000000000014433, 0.8660254037844379305 ) ) ;
#3899 =( BOUNDED_CURVE ( )  B_SPLINE_CURVE ( 3, ( #480, #3575, #1109, #2029 ),
 .UNSPECIFIED., .F., .T. ) 
 B_SPLINE_CURVE_WITH_KNOTS ( ( 4, 4 ),
 ( 1.570796326794896558, 3.141592653589793116 ),
 .UNSPECIFIED. ) 
 CURVE ( )  GEOMETRIC_REPRESENTATION_ITEM ( )  RATIONAL_B_SPLINE_CURVE ( ( 1.000000000000000000, 0.8047378541243649375, 0.8047378541243649375, 1.000000000000000000 ) ) 
 REPRESENTATION_ITEM ( '' )  );
#3900 = EDGE_CURVE ( 'NONE', #3771, #3826, #597, .T. ) ;
#3901 = CARTESIAN_POINT ( 'NONE',  ( 1.260000000000000231, 2.500000000000000000, 0.5099999999999987876 ) ) ;
#3902 = VERTEX_POINT ( 'NONE', #3691 ) ;
#3903 =( LENGTH_UNIT ( ) NAMED_UNIT ( * ) SI_UNIT ( .MILLI., .METRE. ) );
#3904 = LINE ( 'NONE', #550, #33 ) ;
#3905 = DIRECTION ( 'NONE',  ( -1.000000000000000000, 0.000000000000000000, 0.000000000000000000 ) ) ;
#3906 = VERTEX_POINT ( 'NONE', #1255 ) ;
#3907 = EDGE_CURVE ( 'NONE', #1890, #1726, #2472, .T. ) ;
#3908 = SURFACE_SIDE_STYLE ('',( #2910 ) ) ;
#3909 = LINE ( 'NONE', #2395, #2529 ) ;
#3910 = AXIS2_PLACEMENT_3D ( 'NONE', #1091, #3218, #479 ) ;
#3911 = CARTESIAN_POINT ( 'NONE',  ( -1.269999999999999574, 0.5000000000000000000, 0.7499999999999997780 ) ) ;
#3912 = MECHANICAL_DESIGN_GEOMETRIC_PRESENTATION_REPRESENTATION (  '', ( #1922 ), #1671 ) ;
#3913 = PRESENTATION_LAYER_ASSIGNMENT (  '', '', ( #3018 ) ) ;
#3914 = CONTEXT_DEPENDENT_SHAPE_REPRESENTATION ( #3377, #745 ) ;
#3915 = ORIENTED_EDGE ( 'NONE', *, *, #72, .T. ) ;
#3916 = ORIENTED_EDGE ( 'NONE', *, *, #2233, .T. ) ;
#3917 = NEXT_ASSEMBLY_USAGE_OCCURRENCE ( 'NAUO1', ' ', ' ', #572, #873, $ ) ;
#3918 = NEXT_ASSEMBLY_USAGE_OCCURRENCE ( 'NAUO2', ' ', ' ', #572, #2101, $ ) ;
#3919 = NEXT_ASSEMBLY_USAGE_OCCURRENCE ( 'NAUO3', ' ', ' ', #572, #2101, $ ) ;
#3920 = NEXT_ASSEMBLY_USAGE_OCCURRENCE ( 'NAUO4', ' ', ' ', #572, #873, $ ) ;
#3921 = NEXT_ASSEMBLY_USAGE_OCCURRENCE ( 'NAUO5', ' ', ' ', #572, #873, $ ) ;
#3922 = NEXT_ASSEMBLY_USAGE_OCCURRENCE ( 'NAUO6', ' ', ' ', #572, #2101, $ ) ;
#3923 = NEXT_ASSEMBLY_USAGE_OCCURRENCE ( 'NAUO7', ' ', ' ', #572, #2101, $ ) ;
#3924 = NEXT_ASSEMBLY_USAGE_OCCURRENCE ( 'NAUO8', ' ', ' ', #572, #873, $ ) ;
#3925 = NEXT_ASSEMBLY_USAGE_OCCURRENCE ( 'NAUO9', ' ', ' ', #572, #873, $ ) ;
#3926 = NEXT_ASSEMBLY_USAGE_OCCURRENCE ( 'NAUO10', ' ', ' ', #572, #2101, $ ) ;
#3927 = NEXT_ASSEMBLY_USAGE_OCCURRENCE ( 'NAUO11', ' ', ' ', #572, #2101, $ ) ;
#3928 = NEXT_ASSEMBLY_USAGE_OCCURRENCE ( 'NAUO12', ' ', ' ', #572, #873, $ ) ;
#3929 = NEXT_ASSEMBLY_USAGE_OCCURRENCE ( 'NAUO13', ' ', ' ', #572, #873, $ ) ;
#3930 = NEXT_ASSEMBLY_USAGE_OCCURRENCE ( 'NAUO14', ' ', ' ', #572, #2101, $ ) ;
#3931 = NEXT_ASSEMBLY_USAGE_OCCURRENCE ( 'NAUO15', ' ', ' ', #572, #2101, $ ) ;
#3932 = NEXT_ASSEMBLY_USAGE_OCCURRENCE ( 'NAUO16', ' ', ' ', #572, #873, $ ) ;
#3933 = NEXT_ASSEMBLY_USAGE_OCCURRENCE ( 'NAUO17', ' ', ' ', #572, #873, $ ) ;
#3934 = NEXT_ASSEMBLY_USAGE_OCCURRENCE ( 'NAUO18', ' ', ' ', #572, #2101, $ ) ;
#3935 = NEXT_ASSEMBLY_USAGE_OCCURRENCE ( 'NAUO19', ' ', ' ', #572, #2101, $ ) ;
#3936 = NEXT_ASSEMBLY_USAGE_OCCURRENCE ( 'NAUO20', ' ', ' ', #572, #873, $ ) ;
#3937 = NEXT_ASSEMBLY_USAGE_OCCURRENCE ( 'NAUO21', ' ', ' ', #572, #873, $ ) ;
#3938 = NEXT_ASSEMBLY_USAGE_OCCURRENCE ( 'NAUO22', ' ', ' ', #572, #2101, $ ) ;
#3939 = NEXT_ASSEMBLY_USAGE_OCCURRENCE ( 'NAUO23', ' ', ' ', #572, #2101, $ ) ;
#3940 = NEXT_ASSEMBLY_USAGE_OCCURRENCE ( 'NAUO24', ' ', ' ', #572, #873, $ ) ;
ENDSEC;
END-ISO-10303-21;
