ISO-10303-21;
HEADER;
FILE_DESCRIPTION (( 'STEP AP214' ),
    '1' );
FILE_NAME ('header-2.54-1x4.step',
    '2026-08-30T12:35:12',
    ( '' ),
    ( '' ),
    'SwSTEP 2.0',
    'SolidWorks 2025',
    '' );
FILE_SCHEMA (( 'AUTOMOTIVE_DESIGN' ));
ENDSEC;

DATA;
#1 = ORIENTED_EDGE ( 'NONE', *, *, #224, .T. ) ;
#2 = DIRECTION ( 'NONE',  ( 0.8660254037844475894, -0.4999999999999844569, 0.000000000000000000 ) ) ;
#3 = CARTESIAN_POINT ( 'NONE',  ( 1.175000000000000044, 2.490000000000000213, -0.5100000000000011191 ) ) ;
#4 = VECTOR ( 'NONE', #2144, 1000.000000000000000 ) ;
#5 = ORIENTED_EDGE ( 'NONE', *, *, #3100, .F. ) ;
#6 = CARTESIAN_POINT ( 'NONE',  ( 1.260000000000000231, 2.500000000000000000, 0.5099999999999987876 ) ) ;
#7 = VECTOR ( 'NONE', #1352, 1000.000000000000000 ) ;
#8 = ORIENTED_EDGE ( 'NONE', *, *, #1379, .F. ) ;
#9 = DIRECTION ( 'NONE',  ( 0.000000000000000000, 0.000000000000000000, 1.000000000000000000 ) ) ;
#10 = CARTESIAN_POINT ( 'NONE',  ( -0.6749999999999997113, 0.01000000000000002623, 1.240000000000000657 ) ) ;
#11 = ORIENTED_EDGE ( 'NONE', *, *, #842, .F. ) ;
#12 = CIRCLE ( 'NONE', #2211, 0.01000000000000001409 ) ;
#13 = CONTEXT_DEPENDENT_SHAPE_REPRESENTATION ( #988, #664 ) ;
#14 = CARTESIAN_POINT ( 'NONE',  ( -1.269999999999999796, -1.503005322678532707, 0.7500000000000004441 ) ) ;
#15 = CIRCLE ( 'NONE', #2146, 0.009999999999999762551 ) ;
#16 =( GEOMETRIC_REPRESENTATION_CONTEXT ( 3 ) GLOBAL_UNCERTAINTY_ASSIGNED_CONTEXT ( ( #3038 ) ) GLOBAL_UNIT_ASSIGNED_CONTEXT ( ( #3548, #904, #3390 ) ) REPRESENTATION_CONTEXT ( 'NONE', 'WORKASPACE' ) );
#17 = CARTESIAN_POINT ( 'NONE',  ( -1.179142135623731047, 0.5000000000000000000, -0.7500000000000001110 ) ) ;
#18 = EDGE_CURVE ( 'NONE', #2282, #1871, #3684, .T. ) ;
#19 = CARTESIAN_POINT ( 'NONE',  ( -0.3112600429262814550, 0.3462721118061212189, -0.3199202969641256611 ) ) ;
#20 =( BOUNDED_CURVE ( )  B_SPLINE_CURVE ( 3, ( #1016, #1053, #1315, #2463 ),
 .UNSPECIFIED., .F., .F. ) 
 B_SPLINE_CURVE_WITH_KNOTS ( ( 4, 4 ),
 ( 1.570796326794887454, 3.141592653589794448 ),
 .UNSPECIFIED. ) 
 CURVE ( )  GEOMETRIC_REPRESENTATION_ITEM ( )  RATIONAL_B_SPLINE_CURVE ( ( 1.000000000000000000, 0.8047378541243626060, 0.8047378541243626060, 1.000000000000000000 ) ) 
 REPRESENTATION_ITEM ( '' )  );
#21 = CARTESIAN_POINT ( 'NONE',  ( 2.910226884040083805E-15, 2.500000000000000000, 0.5100000000000058931 ) ) ;
#22 = ORIENTED_EDGE ( 'NONE', *, *, #776, .F. ) ;
#23 = ORIENTED_EDGE ( 'NONE', *, *, #2465, .T. ) ;
#24 = FACE_OUTER_BOUND ( 'NONE', #535, .T. ) ;
#25 = VECTOR ( 'NONE', #1410, 1000.000000000000000 ) ;
#26 = ORIENTED_EDGE ( 'NONE', *, *, #3510, .T. ) ;
#27 = CARTESIAN_POINT ( 'NONE',  ( -0.6749999999999997113, 2.500000000000000000, 1.250000000000000666 ) ) ;
#28 = EDGE_LOOP ( 'NONE', ( #981, #1281, #3575, #2860, #73 ) ) ;
#29 = FACE_OUTER_BOUND ( 'NONE', #883, .T. ) ;
#30 = CARTESIAN_POINT ( 'NONE',  ( 0.6708578643762693750, 0.01000000000000000021, 1.240000000000000435 ) ) ;
#31 = AXIS2_PLACEMENT_3D ( 'NONE', #3567, #2414, #89 ) ;
#32 = LINE ( 'NONE', #1182, #1754 ) ;
#33 = ADVANCED_FACE ( 'NONE', ( #3507 ), #2816, .T. ) ;
#34 = FACE_OUTER_BOUND ( 'NONE', #444, .T. ) ;
#35 = DIRECTION ( 'NONE',  ( 0.000000000000000000, 0.000000000000000000, -1.000000000000000000 ) ) ;
#36 = CARTESIAN_POINT ( 'NONE',  ( 0.6708578643762693750, 2.500000000000000000, 1.240000000000000435 ) ) ;
#37 = ORIENTED_EDGE ( 'NONE', *, *, #294, .F. ) ;
#38 = ORIENTED_EDGE ( 'NONE', *, *, #2498, .T. ) ;
#39 = ADVANCED_FACE ( 'NONE', ( #2541 ), #1692, .T. ) ;
#40 =( NAMED_UNIT ( * ) SI_UNIT ( $, .STERADIAN. ) SOLID_ANGLE_UNIT ( ) );
#41 = CARTESIAN_POINT ( 'NONE',  ( 1.259999999999999787, 2.500000000000000000, -0.5100000000000011191 ) ) ;
#42 = ORIENTED_EDGE ( 'NONE', *, *, #2899, .T. ) ;
#43 = ORIENTED_EDGE ( 'NONE', *, *, #1213, .F. ) ;
#44 = AXIS2_PLACEMENT_3D ( 'NONE', #3120, #1983, #487 ) ;
#45 = CARTESIAN_POINT ( 'NONE',  ( 0.1142264973081040247, 0.01000000000000000368, -0.1142264973081040802 ) ) ;
#46 = VECTOR ( 'NONE', #2977, 1000.000000000000000 ) ;
#47 = VECTOR ( 'NONE', #3653, 1000.000000000000000 ) ;
#48 = DIRECTION ( 'NONE',  ( 1.000000000000000000, -0.000000000000000000, 3.252606517456505098E-14 ) ) ;
#49 = CONTEXT_DEPENDENT_SHAPE_REPRESENTATION ( #3509, #1547 ) ;
#50 = DIRECTION ( 'NONE',  ( -1.000000000000000000, 0.000000000000000000, 1.084202172485504592E-14 ) ) ;
#51 = UNCERTAINTY_MEASURE_WITH_UNIT (LENGTH_MEASURE( 1.000000000000000082E-05 ), #3274, 'distance_accuracy_value', 'NONE');
#52 = CARTESIAN_POINT ( 'NONE',  ( -0.3193224092811604020, 0.3452365399626432518, -0.3159672026817048063 ) ) ;
#53 = AXIS2_PLACEMENT_3D ( 'NONE', #204, #186, #3414 ) ;
#54 = CARTESIAN_POINT ( 'NONE',  ( 0.3112600429262815105, 0.3462721118061211079, 0.3199202969641257166 ) ) ;
#55 = CARTESIAN_POINT ( 'NONE',  ( 1.175000000000000711, 0.01000000000000002623, 0.7499999999999998890 ) ) ;
#56 = CARTESIAN_POINT ( 'NONE',  ( -0.3112600429262813440, 11.15372788819387395, 0.3199202969641256611 ) ) ;
#57 = VERTEX_POINT ( 'NONE', #2560 ) ;
#58 = AXIS2_PLACEMENT_3D ( 'NONE', #1133, #1732, #3214 ) ;
#59 = EDGE_CURVE ( 'NONE', #736, #3415, #2314, .T. ) ;
#60 = FACE_BOUND ( 'NONE', #2842, .T. ) ;
#61 = DIRECTION ( 'NONE',  ( -1.000000000000000000, 0.000000000000000000, 0.000000000000000000 ) ) ;
#62 = EDGE_LOOP ( 'NONE', ( #401, #1538, #1296, #227 ) ) ;
#63 = ADVANCED_FACE ( 'NONE', ( #3435 ), #2330, .F. ) ;
#64 = CARTESIAN_POINT ( 'NONE',  ( 1.165000000000000480, 2.490000000000000213, 0.7458578643762692195 ) ) ;
#65 = EDGE_CURVE ( 'NONE', #1858, #2509, #1523, .T. ) ;
#66 = CARTESIAN_POINT ( 'NONE',  ( 0.3199999999999998956, 0.3464101615137729628, 0.3104214140871992544 ) ) ;
#67 = ITEM_DEFINED_TRANSFORMATION ( 'NONE', 'NONE', #614,  #672 ) ;
#68 = CARTESIAN_POINT ( 'NONE',  ( 1.179142135623730825, -1.503005322678532707, -0.7500000000000001110 ) ) ;
#69 = LINE ( 'NONE', #668, #3779 ) ;
#70 = SURFACE_STYLE_FILL_AREA ( #85 ) ;
#71 = LINE ( 'NONE', #3594, #2728 ) ;
#72 = ORIENTED_EDGE ( 'NONE', *, *, #2659, .T. ) ;
#73 = ORIENTED_EDGE ( 'NONE', *, *, #342, .T. ) ;
#74 = LINE ( 'NONE', #129, #2470 ) ;
#75 = ORIENTED_EDGE ( 'NONE', *, *, #3023, .T. ) ;
#76 = ORIENTED_EDGE ( 'NONE', *, *, #3608, .F. ) ;
#77 = VECTOR ( 'NONE', #193, 1000.000000000000000 ) ;
#78 = DIRECTION ( 'NONE',  ( 0.000000000000000000, -1.000000000000000000, 4.065758146820641628E-15 ) ) ;
#79 = AXIS2_PLACEMENT_3D ( 'NONE', #2388, #913, #2091 ) ;
#80 = CARTESIAN_POINT ( 'NONE',  ( -0.3112600429262813995, 11.15372788819387395, -0.3199202969641255501 ) ) ;
#81 = ORIENTED_EDGE ( 'NONE', *, *, #299, .T. ) ;
#82 = CARTESIAN_POINT ( 'NONE',  ( -0.3159672026817064716, 11.15476346003734065, 0.3193224092811617898 ) ) ;
#83 = FACE_OUTER_BOUND ( 'NONE', #271, .T. ) ;
#84 = VECTOR ( 'NONE', #540, 999.9999999999998863 ) ;
#85 = FILL_AREA_STYLE ('',( #3003 ) ) ;
#86 = DIRECTION ( 'NONE',  ( 0.000000000000000000, 0.7071067811865482389, -0.7071067811865469066 ) ) ;
#87 = CARTESIAN_POINT ( 'NONE',  ( -1.269999999999999574, 0.5000000000000000000, 0.7499999999999997780 ) ) ;
#88 = VERTEX_POINT ( 'NONE', #3141 ) ;
#89 = DIRECTION ( 'NONE',  ( 0.000000000000000000, -0.000000000000000000, -1.000000000000000000 ) ) ;
#90 = DIRECTION ( 'NONE',  ( -1.000000000000000000, 0.000000000000000000, -0.000000000000000000 ) ) ;
#91 = PRODUCT_DEFINITION_SHAPE ( 'NONE', 'NONE',  #3789 ) ;
#92 = VERTEX_POINT ( 'NONE', #3213 ) ;
#93 = ORIENTED_EDGE ( 'NONE', *, *, #2702, .F. ) ;
#94 =( REPRESENTATION_RELATIONSHIP ('NONE','NONE', #637, #3271 ) REPRESENTATION_RELATIONSHIP_WITH_TRANSFORMATION ( #2349 )SHAPE_REPRESENTATION_RELATIONSHIP( ) );
#95 = CARTESIAN_POINT ( 'NONE',  ( -0.6749999999999997113, 2.490000000000000213, -1.249999999999999778 ) ) ;
#96 = CARTESIAN_POINT ( 'NONE',  ( 1.175000000000000488, 2.490000000000000213, 0.4999999999999991673 ) ) ;
#97 = EDGE_LOOP ( 'NONE', ( #944, #1068, #3735, #3633, #93, #3658, #1720, #1154, #3030, #903, #1785, #945, #3569, #3085, #774, #2413 ) ) ;
#98 = VECTOR ( 'NONE', #1424, 1000.000000000000000 ) ;
#99 = EDGE_CURVE ( 'NONE', #2380, #1305, #511, .T. ) ;
#100 = EDGE_CURVE ( 'NONE', #804, #736, #3751, .T. ) ;
#101 = DIRECTION ( 'NONE',  ( -0.000000000000000000, 1.000000000000000000, -0.000000000000000000 ) ) ;
#102 = AXIS2_PLACEMENT_3D ( 'NONE', #1712, #2594, #3767 ) ;
#103 = ORIENTED_EDGE ( 'NONE', *, *, #1849, .T. ) ;
#104 = DIRECTION ( 'NONE',  ( -1.000000000000000000, 0.000000000000000000, 0.000000000000000000 ) ) ;
#105 = CARTESIAN_POINT ( 'NONE',  ( -0.1142264973081041912, 0.004999999999999983624, -0.1228867513459484528 ) ) ;
#106 = EDGE_CURVE ( 'NONE', #379, #249, #1384, .T. ) ;
#107 = ADVANCED_FACE ( 'NONE', ( #528 ), #3197, .T. ) ;
#108 = CARTESIAN_POINT ( 'NONE',  ( 0.1142264973081040663, 0.000000000000000000, -0.1142264973081040941 ) ) ;
#109 = CARTESIAN_POINT ( 'NONE',  ( -0.3200000000000001177, 11.15358983848622287, -0.3199999999999998956 ) ) ;
#110 = ORIENTED_EDGE ( 'NONE', *, *, #2867, .F. ) ;
#111 = LINE ( 'NONE', #2958, #3299 ) ;
#112 = VERTEX_POINT ( 'NONE', #2288 ) ;
#113 = DIRECTION ( 'NONE',  ( -8.470329472543003391E-17, 0.000000000000000000, -1.000000000000000000 ) ) ;
#114 = CARTESIAN_POINT ( 'NONE',  ( 0.3199999999999998956, 0.9000000000000002442, 0.3199999999999999512 ) ) ;
#115 = VERTEX_POINT ( 'NONE', #2891 ) ;
#116 = DIRECTION ( 'NONE',  ( -8.470329472543003391E-17, -0.000000000000000000, -1.000000000000000000 ) ) ;
#117 = DIRECTION ( 'NONE',  ( 0.000000000000000000, -1.000000000000000000, 0.000000000000000000 ) ) ;
#118 = ORIENTED_EDGE ( 'NONE', *, *, #3641, .T. ) ;
#119 = CARTESIAN_POINT ( 'NONE',  ( -0.3199202969641258831, 11.15372788819387395, -0.3112600429262804558 ) ) ;
#120 = CARTESIAN_POINT ( 'NONE',  ( -0.6779289321881342145, 2.500000000000000000, 1.247071067811866163 ) ) ;
#121 = PRODUCT_DEFINITION_SHAPE ( 'NONE', 'NONE',  #3795 ) ;
#122 = DIRECTION ( 'NONE',  ( 0.000000000000000000, 1.000000000000000000, 0.000000000000000000 ) ) ;
#123 = DIRECTION ( 'NONE',  ( 2.891205793294678819E-16, 0.000000000000000000, 1.000000000000000000 ) ) ;
#124 = EDGE_CURVE ( 'NONE', #1942, #3584, #553, .T. ) ;
#125 = ORIENTED_EDGE ( 'NONE', *, *, #548, .F. ) ;
#126 = DIRECTION ( 'NONE',  ( 1.000000000000000000, 0.000000000000000000, -0.000000000000000000 ) ) ;
#127 = VERTEX_POINT ( 'NONE', #17 ) ;
#128 = AXIS2_PLACEMENT_3D ( 'NONE', #1627, #1018, #181 ) ;
#129 = CARTESIAN_POINT ( 'NONE',  ( -0.3200000000000000622, 2.490000000000000213, 0.3199999999999999512 ) ) ;
#130 = ORIENTED_EDGE ( 'NONE', *, *, #930, .T. ) ;
#131 = STYLED_ITEM ( 'NONE', ( #709 ), #2511 ) ;
#132 = ORIENTED_EDGE ( 'NONE', *, *, #2306, .T. ) ;
#133 =( BOUNDED_CURVE ( )  B_SPLINE_CURVE ( 3, ( #119, #1896, #3273, #1313 ),
 .UNSPECIFIED., .F., .F. ) 
 B_SPLINE_CURVE_WITH_KNOTS ( ( 4, 4 ),
 ( 6.156845179540893831, 6.283185307179586232 ),
 .UNSPECIFIED. ) 
 CURVE ( )  GEOMETRIC_REPRESENTATION_ITEM ( )  RATIONAL_B_SPLINE_CURVE ( ( 1.000000000000000000, 0.9986702899464872107, 0.9986702899464872107, 1.000000000000000000 ) ) 
 REPRESENTATION_ITEM ( '' )  );
#134 = FACE_OUTER_BOUND ( 'NONE', #2521, .T. ) ;
#135 = EDGE_CURVE ( 'NONE', #519, #864, #3577, .T. ) ;
#136 = CARTESIAN_POINT ( 'NONE',  ( -0.3108419876365760004, 0.3463640836734995232, -0.3199733969465143324 ) ) ;
#137 = ORIENTED_EDGE ( 'NONE', *, *, #1853, .F. ) ;
#138 = DIRECTION ( 'NONE',  ( -1.000000000000000000, 0.000000000000000000, 1.694065894508600925E-16 ) ) ;
#139 = VERTEX_POINT ( 'NONE', #1237 ) ;
#140 = AXIS2_PLACEMENT_3D ( 'NONE', #442, #682, #2456 ) ;
#141 = LINE ( 'NONE', #2501, #2313 ) ;
#142 = CARTESIAN_POINT ( 'NONE',  ( 0.000000000000000000, 0.000000000000000000, 0.000000000000000000 ) ) ;
#143 = ADVANCED_FACE ( 'NONE', ( #648 ), #3309, .T. ) ;
#144 = DIRECTION ( 'NONE',  ( 0.000000000000000000, 0.000000000000000000, 1.000000000000000000 ) ) ;
#145 = DIRECTION ( 'NONE',  ( 0.5773502691896263972, 0.5773502691896250649, 0.5773502691896259531 ) ) ;
#146 = ORIENTED_EDGE ( 'NONE', *, *, #2019, .T. ) ;
#147 = CARTESIAN_POINT ( 'NONE',  ( -1.175000000000000044, 0.5000000000000000000, 0.7499999999999997780 ) ) ;
#148 = ORIENTED_EDGE ( 'NONE', *, *, #2191, .T. ) ;
#149 = CYLINDRICAL_SURFACE ( 'NONE', #392, 0.01000000000000001409 ) ;
#150 = CIRCLE ( 'NONE', #458, 0.009999999999999998473 ) ;
#151 = EDGE_LOOP ( 'NONE', ( #2052, #1496, #1001, #1744, #455, #1498, #2442, #2158 ) ) ;
#152 = EDGE_CURVE ( 'NONE', #364, #165, #2651, .T. ) ;
#153 = ORIENTED_EDGE ( 'NONE', *, *, #2780, .T. ) ;
#154 = ADVANCED_FACE ( 'NONE', ( #34 ), #2368, .T. ) ;
#155 = CARTESIAN_POINT ( 'NONE',  ( -0.3200000000000000067, 0.3464101615137729628, 0.3200000000000000622 ) ) ;
#156 = LINE ( 'NONE', #1291, #312 ) ;
#157 = ORIENTED_EDGE ( 'NONE', *, *, #1405, .F. ) ;
#158 = LINE ( 'NONE', #177, #3574 ) ;
#159 = DIRECTION ( 'NONE',  ( 0.000000000000000000, -1.000000000000000000, 0.000000000000000000 ) ) ;
#160 = PLANE ( 'NONE',  #2614 ) ;
#161 = AXIS2_PLACEMENT_3D ( 'NONE', #412, #3579, #3275 ) ;
#162 = CARTESIAN_POINT ( 'NONE',  ( 0.3159672026817041401, 0.3452365399626404763, -0.3193224092811596249 ) ) ;
#163 = CARTESIAN_POINT ( 'NONE',  ( 1.270000000000000240, 2.489999999999999769, 0.7500000000000001110 ) ) ;
#164 = AXIS2_PLACEMENT_3D ( 'NONE', #1113, #560, #1149 ) ;
#165 = VERTEX_POINT ( 'NONE', #595 ) ;
#166 = DIRECTION ( 'NONE',  ( -1.694065894508600678E-16, 0.000000000000000000, -1.000000000000000000 ) ) ;
#167 = AXIS2_PLACEMENT_3D ( 'NONE', #2445, #991, #3348 ) ;
#168 = CARTESIAN_POINT ( 'NONE',  ( 1.175000000000000488, 0.000000000000000000, 0.7599999999999997868 ) ) ;
#169 = CARTESIAN_POINT ( 'NONE',  ( 1.174999999999999822, 0.01000000000000002623, -0.7500000000000001110 ) ) ;
#170 = ORIENTED_EDGE ( 'NONE', *, *, #2951, .F. ) ;
#171 = EDGE_LOOP ( 'NONE', ( #733, #2033, #738, #2731 ) ) ;
#172 = ADVANCED_FACE ( 'NONE', ( #2406 ), #898, .T. ) ;
#173 = DIRECTION ( 'NONE',  ( -1.000000000000000000, -0.000000000000000000, 9.389466242107271309E-15 ) ) ;
#174 = CYLINDRICAL_SURFACE ( 'NONE', #2812, 0.01000000000000002623 ) ;
#175 = ORIENTED_EDGE ( 'NONE', *, *, #3689, .F. ) ;
#176 = EDGE_CURVE ( 'NONE', #2166, #2282, #3542, .T. ) ;
#177 = CARTESIAN_POINT ( 'NONE',  ( -1.175000000000000044, 2.350000000000000089, -0.5000000000000008882 ) ) ;
#178 = DIRECTION ( 'NONE',  ( -1.084202172485501594E-14, 0.000000000000000000, -1.000000000000000000 ) ) ;
#179 = FACE_OUTER_BOUND ( 'NONE', #343, .T. ) ;
#180 = DIRECTION ( 'NONE',  ( 0.000000000000000000, 0.000000000000000000, 1.000000000000000000 ) ) ;
#181 = DIRECTION ( 'NONE',  ( 1.606225440719263902E-16, 0.000000000000000000, 1.000000000000000000 ) ) ;
#182 = LINE ( 'NONE', #3673, #585 ) ;
#183 = AXIS2_PLACEMENT_3D ( 'NONE', #385, #1542, #1231 ) ;
#184 = ORIENTED_EDGE ( 'NONE', *, *, #1703, .T. ) ;
#185 = ADVANCED_FACE ( 'NONE', ( #2927 ), #1752, .T. ) ;
#186 = DIRECTION ( 'NONE',  ( -1.000000000000000000, 0.000000000000000000, 1.694065894508600678E-16 ) ) ;
#187 = ORIENTED_EDGE ( 'NONE', *, *, #1849, .F. ) ;
#188 = CARTESIAN_POINT ( 'NONE',  ( -0.6708578643762688198, 2.490000000000000213, 1.240000000000000657 ) ) ;
#189 = DIRECTION ( 'NONE',  ( -0.7071067811865474617, 0.000000000000000000, 0.7071067811865474617 ) ) ;
#190 = ORIENTED_EDGE ( 'NONE', *, *, #1485, .T. ) ;
#191 = ORIENTED_EDGE ( 'NONE', *, *, #2280, .T. ) ;
#192 = VECTOR ( 'NONE', #937, 1000.000000000000000 ) ;
#193 = DIRECTION ( 'NONE',  ( 0.000000000000000000, 1.000000000000000000, 0.000000000000000000 ) ) ;
#194 = AXIS2_PLACEMENT_3D ( 'NONE', #2848, #2803, #1626 ) ;
#195 = DIRECTION ( 'NONE',  ( -0.4472135954999579277, 0.7745966692414834043, -0.4472135954999578722 ) ) ;
#196 = VERTEX_POINT ( 'NONE', #355 ) ;
#197 = DIRECTION ( 'NONE',  ( 0.7071067811865474617, 0.000000000000000000, -0.7071067811865474617 ) ) ;
#198 = PLANE ( 'NONE',  #926 ) ;
#199 = DIRECTION ( 'NONE',  ( 0.000000000000000000, 1.000000000000000000, 0.000000000000000000 ) ) ;
#200 = LINE ( 'NONE', #3391, #2270 ) ;
#201 = LINE ( 'NONE', #1078, #350 ) ;
#202 = VECTOR ( 'NONE', #1968, 1000.000000000000000 ) ;
#203 = ORIENTED_EDGE ( 'NONE', *, *, #438, .T. ) ;
#204 = CARTESIAN_POINT ( 'NONE',  ( 0.3199999999999998956, 11.50000000000000000, -0.3199999999999999512 ) ) ;
#205 = VERTEX_POINT ( 'NONE', #3000 ) ;
#206 = DIRECTION ( 'NONE',  ( -0.7071067811865474617, 0.000000000000000000, -0.7071067811865474617 ) ) ;
#207 = DIRECTION ( 'NONE',  ( -0.000000000000000000, 1.000000000000000000, -0.000000000000000000 ) ) ;
#208 = EDGE_LOOP ( 'NONE', ( #1426, #1181, #2586, #420 ) ) ;
#209 = ORIENTED_EDGE ( 'NONE', *, *, #2473, .F. ) ;
#210 = DIRECTION ( 'NONE',  ( -0.8660254037844379305, -0.5000000000000014433, 0.000000000000000000 ) ) ;
#211 = CARTESIAN_POINT ( 'NONE',  ( 0.08907179676972407090, 11.53356921938165236, 0.08907179676972415416 ) ) ;
#212 = EDGE_LOOP ( 'NONE', ( #1634, #441, #452, #1138 ) ) ;
#213 = DIRECTION ( 'NONE',  ( -2.891205793294678819E-16, -0.000000000000000000, -1.000000000000000000 ) ) ;
#214 = CARTESIAN_POINT ( 'NONE',  ( -1.175000000000000044, 2.350000000000000089, 0.4999999999999991673 ) ) ;
#215 = EDGE_CURVE ( 'NONE', #249, #2954, #2748, .T. ) ;
#216 = CARTESIAN_POINT ( 'NONE',  ( -1.269999999999999796, 2.489999999999999769, -0.7499999999999997780 ) ) ;
#217 = EDGE_CURVE ( 'NONE', #741, #2295, #876, .T. ) ;
#218 = DIRECTION ( 'NONE',  ( 0.000000000000000000, 0.000000000000000000, 1.000000000000000000 ) ) ;
#219 = DIRECTION ( 'NONE',  ( 0.7071067811865477948, 0.000000000000000000, 0.7071067811865472397 ) ) ;
#220 = CARTESIAN_POINT ( 'NONE',  ( -0.3200000000000000067, 0.3464101615137729628, 0.3200000000000000622 ) ) ;
#221 = ORIENTED_EDGE ( 'NONE', *, *, #1999, .F. ) ;
#222 = EDGE_CURVE ( 'NONE', #1375, #1639, #3721, .T. ) ;
#223 = DIRECTION ( 'NONE',  ( 0.000000000000000000, 0.000000000000000000, -1.000000000000000000 ) ) ;
#224 = EDGE_CURVE ( 'NONE', #846, #3647, #589, .T. ) ;
#225 = CIRCLE ( 'NONE', #408, 0.01000000000000002623 ) ;
#226 = CARTESIAN_POINT ( 'NONE',  ( -0.1142264973081032059, 11.49000000000000021, -0.1142264973081030810 ) ) ;
#227 = ORIENTED_EDGE ( 'NONE', *, *, #1416, .T. ) ;
#228 = ORIENTED_EDGE ( 'NONE', *, *, #1010, .T. ) ;
#229 = VECTOR ( 'NONE', #3508, 1000.000000000000000 ) ;
#230 = CARTESIAN_POINT ( 'NONE',  ( -1.222500000000000142, 0.5000000000000000000, 0.7025000000000003464 ) ) ;
#231 = ORIENTED_EDGE ( 'NONE', *, *, #3255, .F. ) ;
#232 = VECTOR ( 'NONE', #3656, 1000.000000000000000 ) ;
#233 = DIRECTION ( 'NONE',  ( -1.000000000000000000, 0.000000000000000000, 0.000000000000000000 ) ) ;
#234 = ORIENTED_EDGE ( 'NONE', *, *, #567, .F. ) ;
#235 = CARTESIAN_POINT ( 'NONE',  ( -0.6708578643762688198, 0.01000000000000000021, 1.240000000000000657 ) ) ;
#236 = DIRECTION ( 'NONE',  ( -1.000000000000000000, 0.000000000000000000, 0.000000000000000000 ) ) ;
#237 =( BOUNDED_CURVE ( )  B_SPLINE_CURVE ( 3, ( #6, #2051, #3223, #305 ),
 .UNSPECIFIED., .F., .F. ) 
 B_SPLINE_CURVE_WITH_KNOTS ( ( 4, 4 ),
 ( 1.570796326794896558, 3.141592653589793116 ),
 .UNSPECIFIED. ) 
 CURVE ( )  GEOMETRIC_REPRESENTATION_ITEM ( )  RATIONAL_B_SPLINE_CURVE ( ( 1.000000000000000000, 0.8047378541243649375, 0.8047378541243649375, 1.000000000000000000 ) ) 
 REPRESENTATION_ITEM ( '' )  );
#238 = CARTESIAN_POINT ( 'NONE',  ( -1.270000000000000018, 2.495857864376268775, -0.7499999999999998890 ) ) ;
#239 = SHAPE_DEFINITION_REPRESENTATION ( #2688, #257 ) ;
#240 = CARTESIAN_POINT ( 'NONE',  ( 1.175000000000000488, 2.495857864376268331, 0.4999999999999991673 ) ) ;
#241 = DIRECTION ( 'NONE',  ( 0.000000000000000000, -1.000000000000000000, 0.000000000000000000 ) ) ;
#242 = CARTESIAN_POINT ( 'NONE',  ( -1.269999999999999574, 0.5000000000000000000, -0.7200000000000009726 ) ) ;
#243 = CARTESIAN_POINT ( 'NONE',  ( -0.3200000000000001177, 0.000000000000000000, -0.3200000000000000622 ) ) ;
#244 = PLANE ( 'NONE',  #1868 ) ;
#245 = EDGE_CURVE ( 'NONE', #1310, #2070, #3248, .T. ) ;
#246 = EDGE_LOOP ( 'NONE', ( #2029, #72, #475, #2459 ) ) ;
#247 = VERTEX_POINT ( 'NONE', #2966 ) ;
#248 = CARTESIAN_POINT ( 'NONE',  ( -0.6749999999999997113, 0.000000000000000000, 1.240000000000000657 ) ) ;
#249 = VERTEX_POINT ( 'NONE', #2389 ) ;
#250 = FACE_OUTER_BOUND ( 'NONE', #448, .T. ) ;
#251 = EDGE_LOOP ( 'NONE', ( #2228, #389, #3202 ) ) ;
#252 = DIRECTION ( 'NONE',  ( 1.000000000000000000, -0.000000000000000000, -0.000000000000000000 ) ) ;
#253 =( GEOMETRIC_REPRESENTATION_CONTEXT ( 3 ) GLOBAL_UNCERTAINTY_ASSIGNED_CONTEXT ( ( #1033 ) ) GLOBAL_UNIT_ASSIGNED_CONTEXT ( ( #2392, #3026, #3593 ) ) REPRESENTATION_CONTEXT ( 'NONE', 'WORKASPACE' ) );
#254 = EDGE_CURVE ( 'NONE', #2553, #3126, #3559, .T. ) ;
#255 = DIRECTION ( 'NONE',  ( 0.000000000000000000, 0.000000000000000000, 1.000000000000000000 ) ) ;
#256 = VECTOR ( 'NONE', #309, 1000.000000000000000 ) ;
#257 = SHAPE_REPRESENTATION ( 'header-2.54-body_\X2\9ed88ba4\X0\', ( #672 ), #2955 ) ;
#258 = LINE ( 'NONE', #2631, #3229 ) ;
#259 = CARTESIAN_POINT ( 'NONE',  ( 0.6708578643762689309, 2.490000000000000213, -1.239999999999999991 ) ) ;
#260 = LINE ( 'NONE', #1695, #1693 ) ;
#261 = FACE_OUTER_BOUND ( 'NONE', #1723, .T. ) ;
#262 = LINE ( 'NONE', #879, #98 ) ;
#263 = VERTEX_POINT ( 'NONE', #627 ) ;
#264 = AXIS2_PLACEMENT_3D ( 'NONE', #917, #1599, #2164 ) ;
#265 = EDGE_CURVE ( 'NONE', #2166, #588, #1803, .T. ) ;
#266 = ORIENTED_EDGE ( 'NONE', *, *, #3513, .F. ) ;
#267 = DIRECTION ( 'NONE',  ( 0.000000000000000000, -0.5000000000000014433, 0.8660254037844379305 ) ) ;
#268 = EDGE_CURVE ( 'NONE', #736, #626, #1081, .T. ) ;
#269 = EDGE_LOOP ( 'NONE', ( #957, #1254, #3685, #1406, #3224, #3146 ) ) ;
#270 = LINE ( 'NONE', #2605, #2989 ) ;
#271 = EDGE_LOOP ( 'NONE', ( #2141, #2644, #2900, #921 ) ) ;
#272 = ADVANCED_FACE ( 'NONE', ( #3039 ), #1600, .T. ) ;
#273 = ADVANCED_FACE ( 'NONE', ( #667 ), #160, .T. ) ;
#274 = CARTESIAN_POINT ( 'NONE',  ( -1.259999999999999787, 0.5100000000000000089, 0.7500000000000004441 ) ) ;
#275 = ADVANCED_FACE ( 'NONE', ( #179 ), #468, .T. ) ;
#276 = DIRECTION ( 'NONE',  ( 0.000000000000000000, 0.000000000000000000, -1.000000000000000000 ) ) ;
#277 = VERTEX_POINT ( 'NONE', #390 ) ;
#278 = LINE ( 'NONE', #2613, #3355 ) ;
#279 = CARTESIAN_POINT ( 'NONE',  ( 0.3199999999999998956, 0.3464101615137729628, -0.3199999999999999512 ) ) ;
#280 =( BOUNDED_CURVE ( )  B_SPLINE_CURVE ( 3, ( #2581, #1988, #3754, #3164 ),
 .UNSPECIFIED., .F., .F. ) 
 B_SPLINE_CURVE_WITH_KNOTS ( ( 4, 4 ),
 ( 3.141592653589793116, 4.712388980384689674 ),
 .UNSPECIFIED. ) 
 CURVE ( )  GEOMETRIC_REPRESENTATION_ITEM ( )  RATIONAL_B_SPLINE_CURVE ( ( 1.000000000000000000, 0.8047378541243649375, 0.8047378541243649375, 1.000000000000000000 ) ) 
 REPRESENTATION_ITEM ( '' )  );
#281 = CARTESIAN_POINT ( 'NONE',  ( -1.269999999999999796, 2.350000000000000089, -0.5000000000000008882 ) ) ;
#282 = CARTESIAN_POINT ( 'NONE',  ( 0.08907179676972404314, 11.53356921938165236, -0.08907179676972405702 ) ) ;
#283 = VERTEX_POINT ( 'NONE', #1567 ) ;
#284 = ORIENTED_EDGE ( 'NONE', *, *, #384, .T. ) ;
#285 = CARTESIAN_POINT ( 'NONE',  ( -1.175000000000000044, 2.490000000000000213, 0.5099999999999991207 ) ) ;
#286 = VECTOR ( 'NONE', #1717, 1000.000000000000000 ) ;
#287 = ORIENTED_EDGE ( 'NONE', *, *, #1129, .F. ) ;
#288 = DIRECTION ( 'NONE',  ( 4.336808689942016750E-16, 0.000000000000000000, 1.000000000000000000 ) ) ;
#289 = ORIENTED_EDGE ( 'NONE', *, *, #1279, .F. ) ;
#290 = AXIS2_PLACEMENT_3D ( 'NONE', #2743, #2786, #104 ) ;
#291 = CARTESIAN_POINT ( 'NONE',  ( 0.3199999999999998956, 2.490000000000000213, -0.3200000000000000622 ) ) ;
#292 = EDGE_CURVE ( 'NONE', #1837, #3407, #2725, .T. ) ;
#293 = DIRECTION ( 'NONE',  ( -0.8660254037844434816, 0.4999999999999915068, 0.000000000000000000 ) ) ;
#294 = EDGE_CURVE ( 'NONE', #1227, #2197, #1624, .T. ) ;
#295 = DIRECTION ( 'NONE',  ( 0.000000000000000000, 0.000000000000000000, -1.000000000000000000 ) ) ;
#296 = DIRECTION ( 'NONE',  ( 1.000000000000000000, 0.000000000000000000, -5.706327223607941615E-15 ) ) ;
#297 = LINE ( 'NONE', #1772, #3317 ) ;
#298 = DIRECTION ( 'NONE',  ( 0.000000000000000000, 0.000000000000000000, -1.000000000000000000 ) ) ;
#299 = EDGE_CURVE ( 'NONE', #3256, #432, #20, .T. ) ;
#300 = ORIENTED_EDGE ( 'NONE', *, *, #3693, .F. ) ;
#301 = VERTEX_POINT ( 'NONE', #2210 ) ;
#302 = CARTESIAN_POINT ( 'NONE',  ( 1.269999999999999796, 2.490000000000000213, -0.5000000000000011102 ) ) ;
#303 = AXIS2_PLACEMENT_3D ( 'NONE', #1993, #3445, #813 ) ;
#304 = ORIENTED_EDGE ( 'NONE', *, *, #2993, .F. ) ;
#305 = CARTESIAN_POINT ( 'NONE',  ( 1.270000000000000018, 2.490000000000000213, 0.4999999999999986122 ) ) ;
#306 = CIRCLE ( 'NONE', #1892, 0.01000000000000000021 ) ;
#307 = ORIENTED_EDGE ( 'NONE', *, *, #313, .F. ) ;
#308 = CARTESIAN_POINT ( 'NONE',  ( -0.3300000000000001266, 2.500000000000000000, 0.3300000000000000155 ) ) ;
#309 = DIRECTION ( 'NONE',  ( 1.000000000000000000, -0.000000000000000000, -0.000000000000000000 ) ) ;
#310 = ORIENTED_EDGE ( 'NONE', *, *, #383, .F. ) ;
#311 = CARTESIAN_POINT ( 'NONE',  ( 1.165000000000000036, 2.490000000000000213, -0.5000000000000011102 ) ) ;
#312 = VECTOR ( 'NONE', #117, 1000.000000000000000 ) ;
#313 = EDGE_CURVE ( 'NONE', #2795, #3360, #3629, .T. ) ;
#314 = AXIS2_PLACEMENT_3D ( 'NONE', #1666, #218, #2870 ) ;
#315 = DIRECTION ( 'NONE',  ( 0.000000000000000000, 1.000000000000000000, 0.000000000000000000 ) ) ;
#316 = DIRECTION ( 'NONE',  ( -1.000000000000000000, -0.000000000000000000, -0.000000000000000000 ) ) ;
#317 = DIRECTION ( 'NONE',  ( 0.000000000000000000, 1.000000000000000000, 0.000000000000000000 ) ) ;
#318 = DIRECTION ( 'NONE',  ( -0.4472135954999578167, 0.7745966692414834043, 0.4472135954999578722 ) ) ;
#319 = EDGE_CURVE ( 'NONE', #1992, #2957, #1561, .T. ) ;
#320 = ORIENTED_EDGE ( 'NONE', *, *, #2874, .F. ) ;
#321 = ORIENTED_EDGE ( 'NONE', *, *, #1904, .T. ) ;
#322 = DIRECTION ( 'NONE',  ( 0.000000000000000000, 0.000000000000000000, -1.000000000000000000 ) ) ;
#323 = AXIS2_PLACEMENT_3D ( 'NONE', #235, #483, #1071 ) ;
#324 = AXIS2_PLACEMENT_3D ( 'NONE', #3279, #2917, #1760 ) ;
#325 = ORIENTED_EDGE ( 'NONE', *, *, #460, .T. ) ;
#326 = LINE ( 'NONE', #2807, #2440 ) ;
#327 = ORIENTED_EDGE ( 'NONE', *, *, #2768, .T. ) ;
#328 =( GEOMETRIC_REPRESENTATION_CONTEXT ( 3 ) GLOBAL_UNCERTAINTY_ASSIGNED_CONTEXT ( ( #2801 ) ) GLOBAL_UNIT_ASSIGNED_CONTEXT ( ( #3178, #3138, #2827 ) ) REPRESENTATION_CONTEXT ( 'NONE', 'WORKASPACE' ) );
#329 = FACE_OUTER_BOUND ( 'NONE', #1140, .T. ) ;
#330 = CARTESIAN_POINT ( 'NONE',  ( -1.175000000000000044, 2.350000000000000089, -0.5000000000000008882 ) ) ;
#331 = DIRECTION ( 'NONE',  ( -0.000000000000000000, 1.000000000000000000, -0.000000000000000000 ) ) ;
#332 = EDGE_CURVE ( 'NONE', #2200, #3700, #141, .T. ) ;
#333 = DIRECTION ( 'NONE',  ( 0.000000000000000000, -1.000000000000000000, 0.000000000000000000 ) ) ;
#334 = DIRECTION ( 'NONE',  ( -2.168404344971009854E-16, -0.000000000000000000, -1.000000000000000000 ) ) ;
#335 = EDGE_CURVE ( 'NONE', #1517, #1808, #1582, .T. ) ;
#336 = CARTESIAN_POINT ( 'NONE',  ( -1.269999999999999574, 2.490000000000000213, 0.4999999999999990563 ) ) ;
#337 = SURFACE_STYLE_USAGE ( .BOTH. , #3311 ) ;
#338 = DIRECTION ( 'NONE',  ( 4.929469777106312783E-14, -8.538092108323715974E-14, 1.000000000000000000 ) ) ;
#339 = EDGE_CURVE ( 'NONE', #1059, #1948, #1670, .T. ) ;
#340 = ORIENTED_EDGE ( 'NONE', *, *, #3079, .T. ) ;
#341 = ADVANCED_FACE ( 'NONE', ( #688 ), #707, .T. ) ;
#342 = EDGE_CURVE ( 'NONE', #3217, #927, #725, .T. ) ;
#343 = EDGE_LOOP ( 'NONE', ( #3615, #153, #1657, #2623, #3655, #132 ) ) ;
#344 = DIRECTION ( 'NONE',  ( 0.000000000000000000, 0.000000000000000000, -1.000000000000000000 ) ) ;
#345 = DIRECTION ( 'NONE',  ( -1.694065894508600678E-16, 0.000000000000000000, -1.000000000000000000 ) ) ;
#346 = ORIENTED_EDGE ( 'NONE', *, *, #100, .T. ) ;
#347 = CIRCLE ( 'NONE', #2923, 0.009999999999999592548 ) ;
#348 = CARTESIAN_POINT ( 'NONE',  ( -0.3199999999999999512, 0.3464101615137730183, 0.3104214140871993100 ) ) ;
#349 = AXIS2_PLACEMENT_3D ( 'NONE', #2851, #223, #2332 ) ;
#350 = VECTOR ( 'NONE', #2250, 1000.000000000000000 ) ;
#351 = CARTESIAN_POINT ( 'NONE',  ( 0.3199999999999998956, 0.3464101615137729628, -0.3099999999999999423 ) ) ;
#352 = ORIENTED_EDGE ( 'NONE', *, *, #1928, .T. ) ;
#353 = AXIS2_PLACEMENT_3D ( 'NONE', #2058, #333, #295 ) ;
#354 = CARTESIAN_POINT ( 'NONE',  ( 1.260000000000000453, 0.5000000000000000000, 0.7499999999999997780 ) ) ;
#355 = CARTESIAN_POINT ( 'NONE',  ( -0.3300000000000001821, 2.500000000000000000, -0.3300000000000001266 ) ) ;
#356 = DIRECTION ( 'NONE',  ( -0.000000000000000000, 1.000000000000000000, -0.000000000000000000 ) ) ;
#357 = CARTESIAN_POINT ( 'NONE',  ( 1.175000000000000488, 2.350000000000000089, 0.4999999999999991673 ) ) ;
#358 = LINE ( 'NONE', #371, #192 ) ;
#359 = DIRECTION ( 'NONE',  ( 1.694065894508600678E-16, -0.000000000000000000, 1.000000000000000000 ) ) ;
#360 = ORIENTED_EDGE ( 'NONE', *, *, #1456, .T. ) ;
#361 = EDGE_LOOP ( 'NONE', ( #130, #3782, #3495, #495 ) ) ;
#362 = FILL_AREA_STYLE ('',( #2464 ) ) ;
#363 = DIRECTION ( 'NONE',  ( 1.000000000000000000, 0.000000000000000000, -0.000000000000000000 ) ) ;
#364 = VERTEX_POINT ( 'NONE', #1838 ) ;
#365 = ORIENTED_EDGE ( 'NONE', *, *, #3741, .F. ) ;
#366 = CARTESIAN_POINT ( 'NONE',  ( -0.3199202969641257721, 0.3462721118061212189, 0.3112600429262815105 ) ) ;
#367 = CYLINDRICAL_SURFACE ( 'NONE', #3321, 0.01000000000000002623 ) ;
#368 = VECTOR ( 'NONE', #3491, 1000.000000000000000 ) ;
#369 = DIRECTION ( 'NONE',  ( -0.000000000000000000, 1.000000000000000000, -0.000000000000000000 ) ) ;
#370 = CARTESIAN_POINT ( 'NONE',  ( 0.6708578643762693750, 2.490000000000000213, 1.240000000000000435 ) ) ;
#371 = CARTESIAN_POINT ( 'NONE',  ( 0.3199999999999998956, 11.50000000000000000, -0.3099999999999999423 ) ) ;
#372 = CARTESIAN_POINT ( 'NONE',  ( -1.175000000000000044, 2.350000000000000089, 0.4999999999999991673 ) ) ;
#373 = MECHANICAL_DESIGN_GEOMETRIC_PRESENTATION_REPRESENTATION (  '', ( #131 ), #975 ) ;
#374 = ORIENTED_EDGE ( 'NONE', *, *, #3734, .F. ) ;
#375 = FACE_OUTER_BOUND ( 'NONE', #2879, .T. ) ;
#376 = CARTESIAN_POINT ( 'NONE',  ( 1.260000000000000231, 2.500000000000000000, 0.7400000000000001021 ) ) ;
#377 = ADVANCED_FACE ( 'NONE', ( #427 ), #2762, .F. ) ;
#378 = VERTEX_POINT ( 'NONE', #450 ) ;
#379 = VERTEX_POINT ( 'NONE', #1664 ) ;
#380 = CARTESIAN_POINT ( 'NONE',  ( 1.174999999999999822, 0.01000000000000002623, -0.7500000000000001110 ) ) ;
#381 = EDGE_CURVE ( 'NONE', #1776, #1984, #1710, .T. ) ;
#382 = CIRCLE ( 'NONE', #861, 0.01000000000000001409 ) ;
#383 = EDGE_CURVE ( 'NONE', #2258, #1587, #3659, .T. ) ;
#384 = EDGE_CURVE ( 'NONE', #1948, #2934, #1432, .T. ) ;
#385 = CARTESIAN_POINT ( 'NONE',  ( 0.1142264973081041080, 0.01000000000000000021, 0.1142264973081041773 ) ) ;
#386 = AXIS2_PLACEMENT_3D ( 'NONE', #3072, #1562, #630 ) ;
#387 = ORIENTED_EDGE ( 'NONE', *, *, #3099, .F. ) ;
#388 = CARTESIAN_POINT ( 'NONE',  ( -0.3200000000000000622, 0.9000000000000002442, 0.3199999999999999512 ) ) ;
#389 = ORIENTED_EDGE ( 'NONE', *, *, #1811, .T. ) ;
#390 = CARTESIAN_POINT ( 'NONE',  ( -1.150857864376269468, 0.000000000000000000, 0.7599999999999997868 ) ) ;
#391 = LINE ( 'NONE', #3560, #2307 ) ;
#392 = AXIS2_PLACEMENT_3D ( 'NONE', #2488, #3660, #1674 ) ;
#393 =( NAMED_UNIT ( * ) SI_UNIT ( $, .STERADIAN. ) SOLID_ANGLE_UNIT ( ) );
#394 = DIRECTION ( 'NONE',  ( 1.000000000000000000, 0.000000000000000000, -1.761828530288945021E-14 ) ) ;
#395 = ORIENTED_EDGE ( 'NONE', *, *, #1411, .T. ) ;
#396 = CARTESIAN_POINT ( 'NONE',  ( -1.269999999999999796, 2.350000000000000089, -0.5000000000000008882 ) ) ;
#397 = ORIENTED_EDGE ( 'NONE', *, *, #1560, .T. ) ;
#398 = LINE ( 'NONE', #2735, #3461 ) ;
#399 = DIRECTION ( 'NONE',  ( -0.4472135954999593155, 0.7745966692414818500, 0.4472135954999593710 ) ) ;
#400 = PRODUCT ( 'header-2.54-body_\X2\9ed88ba4\X0\', 'header-2.54-body_\X2\9ed88ba4\X0\', '', ( #1689 ) ) ;
#401 = ORIENTED_EDGE ( 'NONE', *, *, #2403, .T. ) ;
#402 = VERTEX_POINT ( 'NONE', #816 ) ;
#403 =( BOUNDED_CURVE ( )  B_SPLINE_CURVE ( 3, ( #2131, #1780, #675, #1429 ),
 .UNSPECIFIED., .F., .F. ) 
 B_SPLINE_CURVE_WITH_KNOTS ( ( 4, 4 ),
 ( 3.141592653589793116, 3.267932781228574779 ),
 .UNSPECIFIED. ) 
 CURVE ( )  GEOMETRIC_REPRESENTATION_ITEM ( )  RATIONAL_B_SPLINE_CURVE ( ( 1.000000000000000000, 0.9986702899464853234, 0.9986702899464853234, 1.000000000000000000 ) ) 
 REPRESENTATION_ITEM ( '' )  );
#404 = DIRECTION ( 'NONE',  ( -1.000000000000000000, 0.000000000000000000, 0.000000000000000000 ) ) ;
#405 = DIRECTION ( 'NONE',  ( 0.000000000000000000, -0.000000000000000000, 1.000000000000000000 ) ) ;
#406 = ORIENTED_EDGE ( 'NONE', *, *, #3622, .F. ) ;
#407 = AXIS2_PLACEMENT_3D ( 'NONE', #2563, #3125, #3733 ) ;
#408 = AXIS2_PLACEMENT_3D ( 'NONE', #3251, #643, #9 ) ;
#409 = ADVANCED_FACE ( 'NONE', ( #485 ), #1727, .T. ) ;
#410 = DIRECTION ( 'NONE',  ( 0.4472135954999579277, -0.7745966692414834043, 0.4472135954999578167 ) ) ;
#411 = DIRECTION ( 'NONE',  ( 0.5773502691896260641, -0.5773502691896250649, 0.5773502691896263972 ) ) ;
#412 = CARTESIAN_POINT ( 'NONE',  ( -0.1142264973081031781, 11.49000000000000021, 1.935072133388360662E-17 ) ) ;
#413 = APPLICATION_CONTEXT ( 'automotive_design' ) ;
#414 = ORIENTED_EDGE ( 'NONE', *, *, #695, .T. ) ;
#415 = DIRECTION ( 'NONE',  ( 0.000000000000000000, 0.000000000000000000, -1.000000000000000000 ) ) ;
#416 = EDGE_LOOP ( 'NONE', ( #3104, #479, #679 ) ) ;
#417 = CARTESIAN_POINT ( 'NONE',  ( -0.6749999999999997113, 2.500000000000000000, -1.249999999999999778 ) ) ;
#418 = DIRECTION ( 'NONE',  ( 0.000000000000000000, 0.000000000000000000, -1.000000000000000000 ) ) ;
#419 = ORIENTED_EDGE ( 'NONE', *, *, #593, .F. ) ;
#420 = ORIENTED_EDGE ( 'NONE', *, *, #1665, .T. ) ;
#421 = CARTESIAN_POINT ( 'NONE',  ( 0.1142264973081031088, 11.49000000000000021, 0.1142264973081031781 ) ) ;
#422 = LINE ( 'NONE', #2757, #1952 ) ;
#423 = ORIENTED_EDGE ( 'NONE', *, *, #3052, .F. ) ;
#424 = ADVANCED_FACE ( 'NONE', ( #1111 ), #2286, .T. ) ;
#425 = DIRECTION ( 'NONE',  ( 4.336808689942016257E-16, 0.000000000000000000, 1.000000000000000000 ) ) ;
#426 = CARTESIAN_POINT ( 'NONE',  ( -1.179142135623730825, 2.500000000000000000, 0.7400000000000004352 ) ) ;
#427 = FACE_OUTER_BOUND ( 'NONE', #706, .T. ) ;
#428 =( LENGTH_UNIT ( ) NAMED_UNIT ( * ) SI_UNIT ( .MILLI., .METRE. ) );
#429 = CARTESIAN_POINT ( 'NONE',  ( -1.179142135623730825, 0.5000000000000000000, 0.7600000000000004530 ) ) ;
#430 = CARTESIAN_POINT ( 'NONE',  ( -0.1142264973081032892, 11.49499999999999922, -0.1228867513459474259 ) ) ;
#431 = ADVANCED_FACE ( 'NONE', ( #2247, #3489 ), #835, .F. ) ;
#432 = VERTEX_POINT ( 'NONE', #3117 ) ;
#433 = EDGE_CURVE ( 'NONE', #2197, #2140, #3129, .T. ) ;
#434 = CARTESIAN_POINT ( 'NONE',  ( 0.1142264973081032059, 11.49000000000000021, 0.1142264973081031781 ) ) ;
#435 = ORIENTED_EDGE ( 'NONE', *, *, #3090, .F. ) ;
#436 = PRESENTATION_LAYER_ASSIGNMENT (  '', '', ( #1342 ) ) ;
#437 = CARTESIAN_POINT ( 'NONE',  ( 0.1142264973081041218, 0.01000000000000001582, 0.1142264973081041912 ) ) ;
#438 = EDGE_CURVE ( 'NONE', #3496, #3788, #2627, .T. ) ;
#439 = ORIENTED_EDGE ( 'NONE', *, *, #1411, .F. ) ;
#440 = VECTOR ( 'NONE', #3573, 1000.000000000000000 ) ;
#441 = ORIENTED_EDGE ( 'NONE', *, *, #1615, .F. ) ;
#442 = CARTESIAN_POINT ( 'NONE',  ( -1.179142135623730825, 2.490000000000000213, 0.7600000000000004530 ) ) ;
#443 = CARTESIAN_POINT ( 'NONE',  ( 1.175000000000000044, 2.490000000000000213, -0.5000000000000011102 ) ) ;
#444 = EDGE_LOOP ( 'NONE', ( #909, #599, #3368, #2565 ) ) ;
#445 = CYLINDRICAL_SURFACE ( 'NONE', #264, 0.01000000000000002623 ) ;
#446 = SPHERICAL_SURFACE ( 'NONE', #1419, 0.01000000000000000021 ) ;
#447 = AXIS2_PLACEMENT_3D ( 'NONE', #2499, #2207, #138 ) ;
#448 = EDGE_LOOP ( 'NONE', ( #1589, #3049, #3034, #3201 ) ) ;
#449 = AXIS2_PLACEMENT_3D ( 'NONE', #1616, #3341, #1539 ) ;
#450 = CARTESIAN_POINT ( 'NONE',  ( 0.6708578643762693750, 0.01000000000000002623, 1.250000000000000444 ) ) ;
#451 = DIRECTION ( 'NONE',  ( -1.000000000000000000, -0.000000000000000000, 1.606225440719265874E-16 ) ) ;
#452 = ORIENTED_EDGE ( 'NONE', *, *, #837, .F. ) ;
#453 = EDGE_CURVE ( 'NONE', #2380, #2070, #3637, .T. ) ;
#454 = DIRECTION ( 'NONE',  ( 0.000000000000000000, 1.000000000000000000, 0.000000000000000000 ) ) ;
#455 = ORIENTED_EDGE ( 'NONE', *, *, #2092, .F. ) ;
#456 = CARTESIAN_POINT ( 'NONE',  ( -0.1142264973081031643, 11.50000000000000000, 0.1142264973081031781 ) ) ;
#457 = CARTESIAN_POINT ( 'NONE',  ( 1.150857864376268802, 0.000000000000000000, -0.7600000000000001199 ) ) ;
#458 = AXIS2_PLACEMENT_3D ( 'NONE', #226, #2790, #3375 ) ;
#459 = VERTEX_POINT ( 'NONE', #3765 ) ;
#460 = EDGE_CURVE ( 'NONE', #3584, #2932, #2906, .T. ) ;
#461 = ORIENTED_EDGE ( 'NONE', *, *, #3058, .F. ) ;
#462 = LINE ( 'NONE', #1854, #622 ) ;
#463 = LINE ( 'NONE', #665, #2941 ) ;
#464 = ORIENTED_EDGE ( 'NONE', *, *, #1233, .T. ) ;
#465 = CARTESIAN_POINT ( 'NONE',  ( -1.175000000000000711, 2.500000000000000000, 0.7499999999999997780 ) ) ;
#466 = AXIS2_PLACEMENT_3D ( 'NONE', #3436, #1588, #1864 ) ;
#467 = DIRECTION ( 'NONE',  ( 0.000000000000000000, 0.000000000000000000, 1.000000000000000000 ) ) ;
#468 = PLANE ( 'NONE',  #2797 ) ;
#469 = SHAPE_REPRESENTATION_RELATIONSHIP ( 'NONE' , 'NONE' ,  #3271, #2511 ) ;
#470 = PLANE ( 'NONE',  #2756 ) ;
#471 = CARTESIAN_POINT ( 'NONE',  ( -1.174999999999999822, 0.01000000000000002623, -0.7499999999999998890 ) ) ;
#472 = VECTOR ( 'NONE', #877, 1000.000000000000000 ) ;
#473 = ORIENTED_EDGE ( 'NONE', *, *, #735, .F. ) ;
#474 = CYLINDRICAL_SURFACE ( 'NONE', #708, 0.01000000000000001235 ) ;
#475 = ORIENTED_EDGE ( 'NONE', *, *, #1615, .T. ) ;
#476 = DIRECTION ( 'NONE',  ( 0.000000000000000000, 0.000000000000000000, -1.000000000000000000 ) ) ;
#477 = PLANE ( 'NONE',  #642 ) ;
#478 = ORIENTED_EDGE ( 'NONE', *, *, #3337, .T. ) ;
#479 = ORIENTED_EDGE ( 'NONE', *, *, #1596, .T. ) ;
#480 = CARTESIAN_POINT ( 'NONE',  ( -1.175000000000000044, 2.350000000000000089, 0.4999999999999991673 ) ) ;
#481 = LINE ( 'NONE', #1638, #7 ) ;
#482 = ORIENTED_EDGE ( 'NONE', *, *, #2187, .F. ) ;
#483 = DIRECTION ( 'NONE',  ( 1.000000000000000000, 0.000000000000000000, 0.000000000000000000 ) ) ;
#484 = DIRECTION ( 'NONE',  ( 0.000000000000000000, -1.000000000000000000, 0.000000000000000000 ) ) ;
#485 = FACE_OUTER_BOUND ( 'NONE', #2691, .T. ) ;
#486 = DIRECTION ( 'NONE',  ( 0.4472135954999594820, 0.7745966692414817389, 0.4472135954999594265 ) ) ;
#487 = DIRECTION ( 'NONE',  ( 0.000000000000000000, 0.000000000000000000, 1.000000000000000000 ) ) ;
#488 = AXIS2_PLACEMENT_3D ( 'NONE', #3601, #968, #405 ) ;
#489 = EDGE_LOOP ( 'NONE', ( #852, #3359, #2931, #76 ) ) ;
#490 = VECTOR ( 'NONE', #3614, 1000.000000000000000 ) ;
#491 = FACE_OUTER_BOUND ( 'NONE', #2716, .T. ) ;
#492 = ORIENTED_EDGE ( 'NONE', *, *, #2945, .F. ) ;
#493 = DIRECTION ( 'NONE',  ( 0.000000000000000000, -0.000000000000000000, 1.000000000000000000 ) ) ;
#494 = ORIENTED_EDGE ( 'NONE', *, *, #2856, .T. ) ;
#495 = ORIENTED_EDGE ( 'NONE', *, *, #2543, .T. ) ;
#496 = VECTOR ( 'NONE', #451, 1000.000000000000000 ) ;
#497 = CARTESIAN_POINT ( 'NONE',  ( 1.270000000000000240, 2.489999999999999769, 0.7500000000000001110 ) ) ;
#498 = ADVANCED_FACE ( 'NONE', ( #1644 ), #2824, .F. ) ;
#499 = AXIS2_PLACEMENT_3D ( 'NONE', #30, #2346, #1214 ) ;
#500 = COLOUR_RGB ( '',1.000000000000000000, 0.8078431372549019773, 0.4980392156862745168 ) ;
#501 = CARTESIAN_POINT ( 'NONE',  ( 0.3099999999999998868, 11.50000000000000000, -0.3099999999999999423 ) ) ;
#502 = EDGE_CURVE ( 'NONE', #2920, #2883, #2825, .T. ) ;
#503 = ORIENTED_EDGE ( 'NONE', *, *, #1775, .T. ) ;
#504 = DIRECTION ( 'NONE',  ( -1.000000000000000000, 0.000000000000000000, 0.000000000000000000 ) ) ;
#505 = FACE_OUTER_BOUND ( 'NONE', #3128, .T. ) ;
#506 =( BOUNDED_CURVE ( )  B_SPLINE_CURVE ( 3, ( #874, #2110, #2940, #351 ),
 .UNSPECIFIED., .F., .F. ) 
 B_SPLINE_CURVE_WITH_KNOTS ( ( 4, 4 ),
 ( 3.015252525951016338, 3.141592653589793116 ),
 .UNSPECIFIED. ) 
 CURVE ( )  GEOMETRIC_REPRESENTATION_ITEM ( )  RATIONAL_B_SPLINE_CURVE ( ( 1.000000000000000000, 0.9986702899464854344, 0.9986702899464854344, 1.000000000000000000 ) ) 
 REPRESENTATION_ITEM ( '' )  );
#507 = CARTESIAN_POINT ( 'NONE',  ( 0.3199733969465144989, 11.15363591632649509, 0.3108419876365753898 ) ) ;
#508 = SHAPE_DEFINITION_REPRESENTATION ( #1239, #3271 ) ;
#509 = LINE ( 'NONE', #3059, #792 ) ;
#510 = CARTESIAN_POINT ( 'NONE',  ( 0.1142264973081041080, 0.009999999999999991535, 0.1142264973081040663 ) ) ;
#511 = LINE ( 'NONE', #840, #2333 ) ;
#512 = AXIS2_PLACEMENT_3D ( 'NONE', #2873, #2577, #529 ) ;
#513 = FACE_OUTER_BOUND ( 'NONE', #1394, .T. ) ;
#514 = DIRECTION ( 'NONE',  ( 1.000000000000000000, 0.000000000000000000, -0.000000000000000000 ) ) ;
#515 = EDGE_LOOP ( 'NONE', ( #327, #1924, #2347 ) ) ;
#516 = ORIENTED_EDGE ( 'NONE', *, *, #1233, .F. ) ;
#517 = VECTOR ( 'NONE', #213, 1000.000000000000000 ) ;
#518 = DIRECTION ( 'NONE',  ( -1.000000000000000000, -0.000000000000000000, -4.694733121053642754E-15 ) ) ;
#519 = VERTEX_POINT ( 'NONE', #1092 ) ;
#520 = CARTESIAN_POINT ( 'NONE',  ( -1.174999999999999822, 0.004142135623730934871, -0.7499999999999998890 ) ) ;
#521 = EDGE_LOOP ( 'NONE', ( #3585, #1656, #1143, #209, #3413, #125, #1543, #387 ) ) ;
#522 = CARTESIAN_POINT ( 'NONE',  ( -0.6708578643762688198, 2.490000000000000213, 1.240000000000000657 ) ) ;
#523 = CARTESIAN_POINT ( 'NONE',  ( 0.1228867513459484806, 0.004999999999999970614, 0.1142264973081040663 ) ) ;
#524 = DIRECTION ( 'NONE',  ( 0.000000000000000000, -1.000000000000000000, 0.000000000000000000 ) ) ;
#525 = ADVANCED_FACE ( 'NONE', ( #3451 ), #3156, .T. ) ;
#526 =( BOUNDED_CURVE ( )  B_SPLINE_CURVE ( 3, ( #719, #136, #1308, #3070 ),
 .UNSPECIFIED., .F., .F. ) 
 B_SPLINE_CURVE_WITH_KNOTS ( ( 4, 4 ),
 ( 3.015252525951017226, 3.141592653589793116 ),
 .UNSPECIFIED. ) 
 CURVE ( )  GEOMETRIC_REPRESENTATION_ITEM ( )  RATIONAL_B_SPLINE_CURVE ( ( 1.000000000000000000, 0.9986702899464854344, 0.9986702899464854344, 1.000000000000000000 ) ) 
 REPRESENTATION_ITEM ( '' )  );
#527 = CARTESIAN_POINT ( 'NONE',  ( 0.3199999999999998956, 11.15358983848622287, -0.3104214140871991434 ) ) ;
#528 = FACE_OUTER_BOUND ( 'NONE', #1738, .T. ) ;
#529 = DIRECTION ( 'NONE',  ( 0.7071067811865474617, 0.000000000000000000, -0.7071067811865474617 ) ) ;
#530 = VECTOR ( 'NONE', #3041, 1000.000000000000000 ) ;
#531 = AXIS2_PLACEMENT_3D ( 'NONE', #1228, #3571, #1747 ) ;
#532 = DIRECTION ( 'NONE',  ( 0.8660254037844348218, 0.5000000000000066613, -2.710505431213759902E-15 ) ) ;
#533 = PLANE ( 'NONE',  #3286 ) ;
#534 = EDGE_LOOP ( 'NONE', ( #2696, #2067, #1162, #2897 ) ) ;
#535 = EDGE_LOOP ( 'NONE', ( #2620, #848, #3062, #110 ) ) ;
#536 = LINE ( 'NONE', #3424, #2836 ) ;
#537 = VERTEX_POINT ( 'NONE', #2868 ) ;
#538 = CARTESIAN_POINT ( 'NONE',  ( 0.1142264973081040247, 0.004999999999999983624, -0.1228867513459484528 ) ) ;
#539 = VERTEX_POINT ( 'NONE', #1399 ) ;
#540 = DIRECTION ( 'NONE',  ( -0.7071067811865473507, -0.000000000000000000, 0.7071067811865477948 ) ) ;
#541 = DIRECTION ( 'NONE',  ( -0.4472135954999594820, -0.7745966692414817389, -0.4472135954999594265 ) ) ;
#542 = CARTESIAN_POINT ( 'NONE',  ( -0.3200000000000000622, 0.000000000000000000, 0.3199999999999999512 ) ) ;
#543 = CARTESIAN_POINT ( 'NONE',  ( -0.3099999999999999978, 11.15358983848622287, 0.3200000000000000622 ) ) ;
#544 = CARTESIAN_POINT ( 'NONE',  ( -0.3200000000000000067, 0.3464101615137729628, 0.3100000000000000533 ) ) ;
#545 = EDGE_CURVE ( 'NONE', #1444, #3565, #3473, .T. ) ;
#546 = DIRECTION ( 'NONE',  ( 0.8660254037844379305, 0.5000000000000012212, -1.355252715606880740E-15 ) ) ;
#547 = FACE_OUTER_BOUND ( 'NONE', #570, .T. ) ;
#548 = EDGE_CURVE ( 'NONE', #3530, #998, #506, .T. ) ;
#549 = ORIENTED_EDGE ( 'NONE', *, *, #3553, .T. ) ;
#550 = ORIENTED_EDGE ( 'NONE', *, *, #2419, .T. ) ;
#551 = EDGE_CURVE ( 'NONE', #3486, #3246, #2579, .T. ) ;
#552 = DIRECTION ( 'NONE',  ( 0.000000000000000000, 0.000000000000000000, -1.000000000000000000 ) ) ;
#553 = CIRCLE ( 'NONE', #1035, 0.01000000000000002623 ) ;
#554 = ORIENTED_EDGE ( 'NONE', *, *, #1607, .T. ) ;
#555 = DIRECTION ( 'NONE',  ( 0.000000000000000000, 0.000000000000000000, -1.000000000000000000 ) ) ;
#556 = VERTEX_POINT ( 'NONE', #1800 ) ;
#557 = CARTESIAN_POINT ( 'NONE',  ( -0.3199733969465144989, 0.3463640836734995232, -0.3108419876365758339 ) ) ;
#558 = DIRECTION ( 'NONE',  ( -4.336808689942016257E-16, -0.000000000000000000, -1.000000000000000000 ) ) ;
#559 = DIRECTION ( 'NONE',  ( 1.694065894508600678E-16, 0.000000000000000000, 1.000000000000000000 ) ) ;
#560 = DIRECTION ( 'NONE',  ( -0.4472135954999593710, -0.7745966692414818500, 0.4472135954999594265 ) ) ;
#561 = VECTOR ( 'NONE', #3361, 1000.000000000000000 ) ;
#562 = LINE ( 'NONE', #2655, #286 ) ;
#563 = EDGE_CURVE ( 'NONE', #112, #2509, #2404, .T. ) ;
#564 = ORIENTED_EDGE ( 'NONE', *, *, #1718, .F. ) ;
#565 = AXIS2_PLACEMENT_3D ( 'NONE', #1356, #159, #1031 ) ;
#566 = ORIENTED_EDGE ( 'NONE', *, *, #956, .F. ) ;
#567 = EDGE_CURVE ( 'NONE', #1587, #2932, #1346, .T. ) ;
#568 = CARTESIAN_POINT ( 'NONE',  ( -1.269999999999999574, 2.490000000000000213, 0.4999999999999990563 ) ) ;
#569 = EDGE_CURVE ( 'NONE', #960, #1591, #2665, .T. ) ;
#570 = EDGE_LOOP ( 'NONE', ( #2344, #3277, #2487 ) ) ;
#571 = CARTESIAN_POINT ( 'NONE',  ( 1.175000000000000044, 2.350000000000000089, -0.5000000000000011102 ) ) ;
#572 = AXIS2_PLACEMENT_3D ( 'NONE', #3047, #2396, #363 ) ;
#573 = ORIENTED_EDGE ( 'NONE', *, *, #641, .T. ) ;
#574 = DIRECTION ( 'NONE',  ( -1.000000000000000000, 0.000000000000000000, 1.606225440719265874E-16 ) ) ;
#575 = EDGE_CURVE ( 'NONE', #247, #1223, #1510, .T. ) ;
#576 = CARTESIAN_POINT ( 'NONE',  ( -1.175000000000000044, 2.490000000000000213, -0.5000000000000008882 ) ) ;
#577 = DIRECTION ( 'NONE',  ( -1.000000000000000000, 0.000000000000000000, 0.000000000000000000 ) ) ;
#578 = LINE ( 'NONE', #2633, #2877 ) ;
#579 = DIRECTION ( 'NONE',  ( 0.4472135954999467145, 0.7745966692414959498, -0.4472135954999473806 ) ) ;
#580 = CARTESIAN_POINT ( 'NONE',  ( 0.6708578643762689309, 2.500000000000000000, -1.250000000000000000 ) ) ;
#581 = ORIENTED_EDGE ( 'NONE', *, *, #2193, .F. ) ;
#582 = VECTOR ( 'NONE', #2430, 999.9999999999998863 ) ;
#583 = EDGE_LOOP ( 'NONE', ( #564, #601, #325, #2830, #1559, #731, #360, #2490, #118, #1067, #1630, #1070, #2433, #2063, #986, #791, #3307, #2911, #1719, #2381, #2474, #1086, #724, #3035 ) ) ;
#584 = CARTESIAN_POINT ( 'NONE',  ( 1.269999999999999796, 2.490000000000000213, -0.5000000000000011102 ) ) ;
#585 = VECTOR ( 'NONE', #2805, 1000.000000000000000 ) ;
#586 = EDGE_LOOP ( 'NONE', ( #1391, #2750, #2007, #3240 ) ) ;
#587 = DIRECTION ( 'NONE',  ( -1.000000000000000000, 0.000000000000000000, -0.000000000000000000 ) ) ;
#588 = VERTEX_POINT ( 'NONE', #2683 ) ;
#589 = CIRCLE ( 'NONE', #1443, 0.01000000000000001235 ) ;
#590 = SPHERICAL_SURFACE ( 'NONE', #2369, 0.01000000000000000021 ) ;
#591 = CARTESIAN_POINT ( 'NONE',  ( 0.3199733969465144434, 0.3463640836734995232, 0.3108419876365758339 ) ) ;
#592 = ORIENTED_EDGE ( 'NONE', *, *, #2280, .F. ) ;
#593 = EDGE_CURVE ( 'NONE', #1598, #1948, #880, .T. ) ;
#594 = CYLINDRICAL_SURFACE ( 'NONE', #2492, 0.01000000000000002623 ) ;
#595 = CARTESIAN_POINT ( 'NONE',  ( 1.172071067811865985, 0.5000000000000000000, 0.7529289321881346142 ) ) ;
#596 = DIRECTION ( 'NONE',  ( 0.7071067811865477948, 0.000000000000000000, -0.7071067811865473507 ) ) ;
#597 = CARTESIAN_POINT ( 'NONE',  ( 0.000000000000000000, 2.500000000000000000, -0.3300000000000001266 ) ) ;
#598 = DIRECTION ( 'NONE',  ( -1.000000000000000000, 5.421010862427752517E-15, -3.129822080702418774E-15 ) ) ;
#599 = ORIENTED_EDGE ( 'NONE', *, *, #384, .F. ) ;
#600 = LINE ( 'NONE', #2032, #2348 ) ;
#601 = ORIENTED_EDGE ( 'NONE', *, *, #3513, .T. ) ;
#602 = DIRECTION ( 'NONE',  ( 1.000000000000000000, 0.000000000000000000, 0.000000000000000000 ) ) ;
#603 = ORIENTED_EDGE ( 'NONE', *, *, #1010, .F. ) ;
#604 = EDGE_CURVE ( 'NONE', #2411, #626, #15, .T. ) ;
#605 = CARTESIAN_POINT ( 'NONE',  ( -0.3200000000000000622, 2.490000000000000213, 0.3199999999999999512 ) ) ;
#606 = EDGE_CURVE ( 'NONE', #3398, #2832, #3210, .T. ) ;
#607 = DIRECTION ( 'NONE',  ( -2.891205793294678819E-16, 0.000000000000000000, -1.000000000000000000 ) ) ;
#608 = ORIENTED_EDGE ( 'NONE', *, *, #1586, .F. ) ;
#609 = AXIS2_PLACEMENT_3D ( 'NONE', #1151, #317, #805 ) ;
#610 = ADVANCED_FACE ( 'NONE', ( #2704 ), #367, .T. ) ;
#611 = EDGE_CURVE ( 'NONE', #1766, #115, #3555, .T. ) ;
#612 = FACE_OUTER_BOUND ( 'NONE', #1801, .T. ) ;
#613 = EDGE_CURVE ( 'NONE', #978, #3126, #2326, .T. ) ;
#614 = AXIS2_PLACEMENT_3D ( 'NONE', #1939, #2000, #3749 ) ;
#615 = CARTESIAN_POINT ( 'NONE',  ( 0.3108419876365760004, 0.3463640836734994122, 0.3199733969465144989 ) ) ;
#616 = DIRECTION ( 'NONE',  ( 0.000000000000000000, -1.000000000000000000, 0.000000000000000000 ) ) ;
#617 =( BOUNDED_CURVE ( )  B_SPLINE_CURVE ( 3, ( #54, #615, #2670, #2984 ),
 .UNSPECIFIED., .F., .F. ) 
 B_SPLINE_CURVE_WITH_KNOTS ( ( 4, 4 ),
 ( 3.015252525951000795, 3.141592653589793116 ),
 .UNSPECIFIED. ) 
 CURVE ( )  GEOMETRIC_REPRESENTATION_ITEM ( )  RATIONAL_B_SPLINE_CURVE ( ( 1.000000000000000000, 0.9986702899464852123, 0.9986702899464852123, 1.000000000000000000 ) ) 
 REPRESENTATION_ITEM ( '' )  );
#618 = VERTEX_POINT ( 'NONE', #2961 ) ;
#619 = FILL_AREA_STYLE ('',( #2990 ) ) ;
#620 = CARTESIAN_POINT ( 'NONE',  ( -0.6708578643762688198, 2.500000000000000000, -1.239999999999999769 ) ) ;
#621 = DIRECTION ( 'NONE',  ( 0.000000000000000000, 0.000000000000000000, -1.000000000000000000 ) ) ;
#622 = VECTOR ( 'NONE', #116, 1000.000000000000000 ) ;
#623 = VERTEX_POINT ( 'NONE', #2037 ) ;
#624 = DIRECTION ( 'NONE',  ( 0.000000000000000000, -1.000000000000000000, 0.000000000000000000 ) ) ;
#625 = DIRECTION ( 'NONE',  ( -3.252606517456504467E-14, 0.000000000000000000, 1.000000000000000000 ) ) ;
#626 = VERTEX_POINT ( 'NONE', #1765 ) ;
#627 = CARTESIAN_POINT ( 'NONE',  ( 0.3112600429262812884, 0.3462721118061213299, -0.3199202969641257721 ) ) ;
#628 = ADVANCED_FACE ( 'NONE', ( #1472 ), #2646, .T. ) ;
#629 = CARTESIAN_POINT ( 'NONE',  ( 0.000000000000000000, 2.490000000000000213, 0.7400000000000001021 ) ) ;
#630 = DIRECTION ( 'NONE',  ( 0.000000000000000000, -0.000000000000000000, 1.000000000000000000 ) ) ;
#631 = DIRECTION ( 'NONE',  ( 0.000000000000000000, -0.000000000000000000, 1.000000000000000000 ) ) ;
#632 = DIRECTION ( 'NONE',  ( -1.000000000000000000, 0.000000000000000000, 2.710505431213757930E-15 ) ) ;
#633 = ORIENTED_EDGE ( 'NONE', *, *, #1125, .F. ) ;
#634 = SURFACE_STYLE_USAGE ( .BOTH. , #922 ) ;
#635 = PLANE ( 'NONE',  #572 ) ;
#636 = DIRECTION ( 'NONE',  ( -2.891205793294678819E-16, 0.000000000000000000, -1.000000000000000000 ) ) ;
#637 = SHAPE_REPRESENTATION ( 'header-2.54-1x4', ( #1848, #1962, #314, #614, #194, #1277, #3452, #2273, #2759 ), #328 ) ;
#638 = ORIENTED_EDGE ( 'NONE', *, *, #604, .F. ) ;
#639 = ORIENTED_EDGE ( 'NONE', *, *, #1455, .T. ) ;
#640 = VECTOR ( 'NONE', #288, 1000.000000000000000 ) ;
#641 = EDGE_CURVE ( 'NONE', #402, #2582, #3539, .T. ) ;
#642 = AXIS2_PLACEMENT_3D ( 'NONE', #2275, #493, #1654 ) ;
#643 = DIRECTION ( 'NONE',  ( 0.000000000000000000, 1.000000000000000000, 0.000000000000000000 ) ) ;
#644 = VECTOR ( 'NONE', #1159, 1000.000000000000000 ) ;
#645 = CARTESIAN_POINT ( 'NONE',  ( -0.1142264973081033030, 11.49000000000000021, -0.1142264973081030671 ) ) ;
#646 = AXIS2_PLACEMENT_3D ( 'NONE', #3605, #2148, #2481 ) ;
#647 = LINE ( 'NONE', #3055, #2556 ) ;
#648 = FACE_OUTER_BOUND ( 'NONE', #3327, .T. ) ;
#649 = PLANE ( 'NONE',  #3106 ) ;
#650 = EDGE_CURVE ( 'NONE', #1123, #364, #1527, .T. ) ;
#651 = LINE ( 'NONE', #3252, #2399 ) ;
#652 = EDGE_CURVE ( 'NONE', #2020, #2835, #895, .T. ) ;
#653 = ORIENTED_EDGE ( 'NONE', *, *, #292, .F. ) ;
#654 = EDGE_CURVE ( 'NONE', #3379, #1375, #3306, .T. ) ;
#655 = FACE_OUTER_BOUND ( 'NONE', #3441, .T. ) ;
#656 = LINE ( 'NONE', #3010, #763 ) ;
#657 = EDGE_CURVE ( 'NONE', #1310, #618, #526, .T. ) ;
#658 = EDGE_CURVE ( 'NONE', #2013, #2896, #156, .T. ) ;
#659 = EDGE_LOOP ( 'NONE', ( #310, #1761, #234 ) ) ;
#660 = ORIENTED_EDGE ( 'NONE', *, *, #1586, .T. ) ;
#661 =( BOUNDED_CURVE ( )  B_SPLINE_CURVE ( 3, ( #3434, #729, #765, #1037 ),
 .UNSPECIFIED., .F., .F. ) 
 B_SPLINE_CURVE_WITH_KNOTS ( ( 4, 4 ),
 ( 1.570796326794896558, 3.141592653589793116 ),
 .UNSPECIFIED. ) 
 CURVE ( )  GEOMETRIC_REPRESENTATION_ITEM ( )  RATIONAL_B_SPLINE_CURVE ( ( 1.000000000000000000, 0.8047378541243649375, 0.8047378541243649375, 1.000000000000000000 ) ) 
 REPRESENTATION_ITEM ( '' )  );
#662 = DIRECTION ( 'NONE',  ( 0.000000000000000000, 0.5000000000000019984, -0.8660254037844374864 ) ) ;
#663 = AXIS2_PLACEMENT_3D ( 'NONE', #2243, #1106, #3406 ) ;
#664 = PRODUCT_DEFINITION_SHAPE ( 'NONE', 'NONE',  #3792 ) ;
#665 = CARTESIAN_POINT ( 'NONE',  ( 0.3200000000000000067, 11.15358983848622287, 0.3200000000000000067 ) ) ;
#666 = ORIENTED_EDGE ( 'NONE', *, *, #2701, .F. ) ;
#667 = FACE_OUTER_BOUND ( 'NONE', #1464, .T. ) ;
#668 = CARTESIAN_POINT ( 'NONE',  ( -0.6708578643762688198, 2.500000000000000000, -1.249999999999999778 ) ) ;
#669 = VECTOR ( 'NONE', #2654, 1000.000000000000000 ) ;
#670 = PRESENTATION_STYLE_ASSIGNMENT (( #337 ) ) ;
#671 = FACE_OUTER_BOUND ( 'NONE', #714, .T. ) ;
#672 = AXIS2_PLACEMENT_3D ( 'NONE', #3094, #1482, #2395 ) ;
#673 = APPLICATION_CONTEXT ( 'automotive_design' ) ;
#674 = VERTEX_POINT ( 'NONE', #443 ) ;
#675 = CARTESIAN_POINT ( 'NONE',  ( -0.3108419876365758894, 0.3463640836734994677, 0.3199733969465145544 ) ) ;
#676 = ORIENTED_EDGE ( 'NONE', *, *, #265, .T. ) ;
#677 = DIRECTION ( 'NONE',  ( 1.000000000000000000, 0.000000000000000000, -1.606225440719266613E-16 ) ) ;
#678 = PRODUCT_RELATED_PRODUCT_CATEGORY ( 'part', '', ( #400 ) ) ;
#679 = ORIENTED_EDGE ( 'NONE', *, *, #3023, .F. ) ;
#680 = ORIENTED_EDGE ( 'NONE', *, *, #2658, .F. ) ;
#681 = ADVANCED_FACE ( 'NONE', ( #2739 ), #2495, .T. ) ;
#682 = DIRECTION ( 'NONE',  ( 0.000000000000000000, -1.000000000000000000, 0.000000000000000000 ) ) ;
#684 = CARTESIAN_POINT ( 'NONE',  ( -0.1142264973081032059, 11.50000000000000000, -0.1142264973081030810 ) ) ;
#683 = PRODUCT_DEFINITION_FORMATION_WITH_SPECIFIED_SOURCE ( 'ANY', '', #2137, .NOT_KNOWN. ) ;
#685 = ORIENTED_EDGE ( 'NONE', *, *, #1745, .F. ) ;
#686 = DIRECTION ( 'NONE',  ( -0.000000000000000000, 0.000000000000000000, 1.000000000000000000 ) ) ;
#687 = VERTEX_POINT ( 'NONE', #985 ) ;
#688 = FACE_OUTER_BOUND ( 'NONE', #586, .T. ) ;
#689 = EDGE_CURVE ( 'NONE', #249, #3680, #740, .T. ) ;
#690 = CARTESIAN_POINT ( 'NONE',  ( 1.260000000000000009, 2.490000000000000213, -3.642919299551295391E-16 ) ) ;
#691 = EDGE_LOOP ( 'NONE', ( #2549, #3161, #3729 ) ) ;
#692 = CARTESIAN_POINT ( 'NONE',  ( -0.3100000000000001088, 11.15358983848622287, -0.3199999999999999512 ) ) ;
#693 = EDGE_LOOP ( 'NONE', ( #856, #890, #603, #3172 ) ) ;
#694 = FACE_OUTER_BOUND ( 'NONE', #583, .T. ) ;
#695 = EDGE_CURVE ( 'NONE', #519, #1708, #1027, .T. ) ;
#696 = EDGE_LOOP ( 'NONE', ( #2074, #1107, #2771, #3699 ) ) ;
#697 = ORIENTED_EDGE ( 'NONE', *, *, #1904, .F. ) ;
#698 = CARTESIAN_POINT ( 'NONE',  ( 1.270000000000000240, -1.503005322678532707, 0.7500000000000001110 ) ) ;
#699 = LINE ( 'NONE', #1893, #2132 ) ;
#700 = EDGE_LOOP ( 'NONE', ( #1345, #2902, #175, #2583 ) ) ;
#701 = CIRCLE ( 'NONE', #2921, 0.01000000000000002623 ) ;
#702 = EDGE_CURVE ( 'NONE', #205, #3384, #699, .T. ) ;
#703 = DIRECTION ( 'NONE',  ( -4.065758146820807288E-15, 1.000000000000000000, -4.065758146820807288E-15 ) ) ;
#704 = CARTESIAN_POINT ( 'NONE',  ( 0.1142264973081040802, 0.01000000000000000021, -1.935072133388376070E-17 ) ) ;
#705 = VECTOR ( 'NONE', #1920, 999.9999999999998863 ) ;
#706 = EDGE_LOOP ( 'NONE', ( #3148, #1778, #397, #1353, #2936, #808 ) ) ;
#707 = CYLINDRICAL_SURFACE ( 'NONE', #1139, 0.01000000000000002623 ) ;
#708 = AXIS2_PLACEMENT_3D ( 'NONE', #1631, #1402, #3162 ) ;
#709 = PRESENTATION_STYLE_ASSIGNMENT (( #2169 ) ) ;
#710 = FACE_OUTER_BOUND ( 'NONE', #1889, .T. ) ;
#711 = DIRECTION ( 'NONE',  ( -0.4472135954999578722, 0.7745966692414835153, 0.4472135954999579277 ) ) ;
#712 = VERTEX_POINT ( 'NONE', #2782 ) ;
#713 = FACE_OUTER_BOUND ( 'NONE', #1263, .T. ) ;
#714 = EDGE_LOOP ( 'NONE', ( #1860, #3639, #2318, #3222, #146, #1235 ) ) ;
#715 = PLANE ( 'NONE',  #2355 ) ;
#716 = ORIENTED_EDGE ( 'NONE', *, *, #1746, .T. ) ;
#717 = EDGE_LOOP ( 'NONE', ( #1572, #3051, #3661, #494, #23, #573 ) ) ;
#718 = DIRECTION ( 'NONE',  ( 0.000000000000000000, 1.000000000000000000, -2.710505431213760691E-15 ) ) ;
#719 = CARTESIAN_POINT ( 'NONE',  ( -0.3112600429262814550, 0.3462721118061212189, -0.3199202969641256611 ) ) ;
#720 = ORIENTED_EDGE ( 'NONE', *, *, #1525, .F. ) ;
#721 = CARTESIAN_POINT ( 'NONE',  ( 1.170857864376269042, 2.500000000000000000, -0.5041421356237320017 ) ) ;
#722 = EDGE_CURVE ( 'NONE', #1648, #2218, #2418, .T. ) ;
#723 = DIRECTION ( 'NONE',  ( 0.000000000000000000, 0.000000000000000000, 1.000000000000000000 ) ) ;
#724 = ORIENTED_EDGE ( 'NONE', *, *, #1061, .T. ) ;
#725 = LINE ( 'NONE', #3688, #2436 ) ;
#726 = SHAPE_REPRESENTATION_RELATIONSHIP ( 'NONE' , 'NONE' ,  #257, #3065 ) ;
#727 = EDGE_CURVE ( 'NONE', #1278, #3680, #3326, .T. ) ;
#728 = DIRECTION ( 'NONE',  ( 1.000000000000000000, -0.000000000000000000, -0.000000000000000000 ) ) ;
#729 = CARTESIAN_POINT ( 'NONE',  ( 0.3241421356237307871, 2.500000000000000000, 0.3241421356237308982 ) ) ;
#730 = ADVANCED_FACE ( 'NONE', ( #949 ), #1857, .T. ) ;
#731 = ORIENTED_EDGE ( 'NONE', *, *, #2764, .T. ) ;
#732 = DIRECTION ( 'NONE',  ( 0.000000000000000000, 0.000000000000000000, -1.000000000000000000 ) ) ;
#733 = ORIENTED_EDGE ( 'NONE', *, *, #3057, .T. ) ;
#734 = CARTESIAN_POINT ( 'NONE',  ( 0.1142264973081030532, 11.49000000000000021, -0.1142264973081030671 ) ) ;
#735 = EDGE_CURVE ( 'NONE', #2918, #2140, #463, .T. ) ;
#736 = VERTEX_POINT ( 'NONE', #684 ) ;
#737 = VECTOR ( 'NONE', #607, 1000.000000000000000 ) ;
#738 = ORIENTED_EDGE ( 'NONE', *, *, #569, .T. ) ;
#739 = DIRECTION ( 'NONE',  ( 1.000000000000000000, 0.000000000000000000, -2.891205793294678819E-16 ) ) ;
#740 = LINE ( 'NONE', #1597, #1460 ) ;
#741 = VERTEX_POINT ( 'NONE', #1833 ) ;
#742 = CARTESIAN_POINT ( 'NONE',  ( -0.6749999999999997113, 2.490000000000000213, 1.250000000000000666 ) ) ;
#743 = CARTESIAN_POINT ( 'NONE',  ( -1.269999999999999796, 2.495857864376268331, -0.5000000000000008882 ) ) ;
#744 = DIRECTION ( 'NONE',  ( 0.7071067811865530128, -0.000000000000000000, -0.7071067811865421326 ) ) ;
#745 = VECTOR ( 'NONE', #2844, 1000.000000000000000 ) ;
#746 = DIRECTION ( 'NONE',  ( -0.000000000000000000, 1.000000000000000000, -0.000000000000000000 ) ) ;
#747 = DIRECTION ( 'NONE',  ( 0.4472135954999613694, 0.7745966692414852917, 0.4472135954999515994 ) ) ;
#748 = ORIENTED_EDGE ( 'NONE', *, *, #1741, .T. ) ;
#749 = CARTESIAN_POINT ( 'NONE',  ( -1.259999999999999787, 0.5000000000000000000, 0.7499999999999997780 ) ) ;
#750 = DIRECTION ( 'NONE',  ( 1.000000000000000000, -1.355252715606935763E-15, 0.000000000000000000 ) ) ;
#751 = CARTESIAN_POINT ( 'NONE',  ( 0.3193224092811616233, 11.15476346003734598, -0.3159672026817065826 ) ) ;
#752 = ORIENTED_EDGE ( 'NONE', *, *, #1696, .F. ) ;
#753 = EDGE_LOOP ( 'NONE', ( #75, #2172, #3624, #2276 ) ) ;
#754 = LINE ( 'NONE', #3758, #3020 ) ;
#755 = DIRECTION ( 'NONE',  ( 1.000000000000000000, 0.000000000000000000, -2.891205793294689666E-16 ) ) ;
#756 = ORIENTED_EDGE ( 'NONE', *, *, #1485, .F. ) ;
#757 = FACE_OUTER_BOUND ( 'NONE', #1989, .T. ) ;
#758 = FACE_OUTER_BOUND ( 'NONE', #2179, .T. ) ;
#759 =( BOUNDED_CURVE ( )  B_SPLINE_CURVE ( 3, ( #1069, #2530, #2584, #3482 ),
 .UNSPECIFIED., .F., .F. ) 
 B_SPLINE_CURVE_WITH_KNOTS ( ( 4, 4 ),
 ( 5.624127271420897856, 6.942243342938274608 ),
 .UNSPECIFIED. ) 
 CURVE ( )  GEOMETRIC_REPRESENTATION_ITEM ( )  RATIONAL_B_SPLINE_CURVE ( ( 1.000000000000000000, 0.8603796100557099535, 0.8603796100557099535, 1.000000000000000000 ) ) 
 REPRESENTATION_ITEM ( '' )  );
#760 = AXIS2_PLACEMENT_3D ( 'NONE', #282, #318, #1441 ) ;
#761 = CARTESIAN_POINT ( 'NONE',  ( -1.991719546491890275E-16, 2.500000000000000000, -1.239999999999999769 ) ) ;
#762 = DIRECTION ( 'NONE',  ( 1.000000000000000000, 0.000000000000000000, 0.000000000000000000 ) ) ;
#763 = VECTOR ( 'NONE', #399, 1000.000000000000114 ) ;
#764 = DIRECTION ( 'NONE',  ( -0.7071067811865477948, 0.000000000000000000, 0.7071067811865473507 ) ) ;
#765 = CARTESIAN_POINT ( 'NONE',  ( 0.3199999999999998956, 2.495857864376268331, 0.3199999999999999512 ) ) ;
#766 = ORIENTED_EDGE ( 'NONE', *, *, #2382, .F. ) ;
#767 = FACE_OUTER_BOUND ( 'NONE', #696, .T. ) ;
#768 = ORIENTED_EDGE ( 'NONE', *, *, #124, .T. ) ;
#769 = EDGE_CURVE ( 'NONE', #3005, #3217, #3036, .T. ) ;
#770 = CARTESIAN_POINT ( 'NONE',  ( 1.150857864376268802, 0.000000000000000000, -0.7600000000000001199 ) ) ;
#771 = CARTESIAN_POINT ( 'NONE',  ( 1.164999999999999813, -2.384716070445022302E-17, -0.7541421356237314466 ) ) ;
#772 = ADVANCED_FACE ( 'NONE', ( #1250 ), #2441, .T. ) ;
#773 = ORIENTED_EDGE ( 'NONE', *, *, #1928, .F. ) ;
#774 = ORIENTED_EDGE ( 'NONE', *, *, #1741, .F. ) ;
#775 = EDGE_CURVE ( 'NONE', #1209, #3421, #1268, .T. ) ;
#776 = EDGE_CURVE ( 'NONE', #1518, #2321, #1150, .T. ) ;
#777 = CARTESIAN_POINT ( 'NONE',  ( -0.1850717967697237398, 0.1327076581449564696, 0.1850717967697237398 ) ) ;
#778 = DIRECTION ( 'NONE',  ( -1.355252715606880543E-15, -1.000000000000000000, 0.000000000000000000 ) ) ;
#779 = ORIENTED_EDGE ( 'NONE', *, *, #2764, .F. ) ;
#780 = CYLINDRICAL_SURFACE ( 'NONE', #2230, 0.01000000000000002623 ) ;
#781 = DIRECTION ( 'NONE',  ( -1.000000000000000000, -4.336808689942006376E-14, 0.000000000000000000 ) ) ;
#782 = CARTESIAN_POINT ( 'NONE',  ( -0.3200000000000001177, 0.3464101615137729628, -0.3099999999999999423 ) ) ;
#783 = DIRECTION ( 'NONE',  ( 0.000000000000000000, 1.000000000000000000, 0.000000000000000000 ) ) ;
#784 = LINE ( 'NONE', #1383, #47 ) ;
#785 = DIRECTION ( 'NONE',  ( 0.000000000000000000, 0.000000000000000000, -1.000000000000000000 ) ) ;
#786 = AXIS2_PLACEMENT_3D ( 'NONE', #3333, #2431, #2342 ) ;
#787 = LINE ( 'NONE', #3457, #3024 ) ;
#788 = DIRECTION ( 'NONE',  ( 0.000000000000000000, 0.000000000000000000, 1.000000000000000000 ) ) ;
#789 = FACE_OUTER_BOUND ( 'NONE', #941, .T. ) ;
#790 = ORIENTED_EDGE ( 'NONE', *, *, #2375, .F. ) ;
#791 = ORIENTED_EDGE ( 'NONE', *, *, #332, .T. ) ;
#792 = VECTOR ( 'NONE', #728, 1000.000000000000000 ) ;
#793 = CARTESIAN_POINT ( 'NONE',  ( 0.6708578643762693750, 0.01000000000000000021, 1.240000000000000435 ) ) ;
#794 = EDGE_CURVE ( 'NONE', #1549, #3486, #422, .T. ) ;
#795 =( REPRESENTATION_RELATIONSHIP ('NONE','NONE', #637, #3271 ) REPRESENTATION_RELATIONSHIP_WITH_TRANSFORMATION ( #931 )SHAPE_REPRESENTATION_RELATIONSHIP( ) );
#796 = CYLINDRICAL_SURFACE ( 'NONE', #2451, 0.01000000000000002623 ) ;
#797 = EDGE_LOOP ( 'NONE', ( #148, #3484, #1370, #3466 ) ) ;
#798 = DIRECTION ( 'NONE',  ( 0.000000000000000000, -1.000000000000000000, 0.000000000000000000 ) ) ;
#799 = CARTESIAN_POINT ( 'NONE',  ( -0.3099999999999999978, 11.50000000000000000, 0.3100000000000000533 ) ) ;
#800 = DIRECTION ( 'NONE',  ( 0.000000000000000000, 0.000000000000000000, 1.000000000000000000 ) ) ;
#801 = FACE_OUTER_BOUND ( 'NONE', #3666, .T. ) ;
#802 = VECTOR ( 'NONE', #1144, 1000.000000000000000 ) ;
#803 = DIRECTION ( 'NONE',  ( 0.000000000000000000, 0.000000000000000000, 1.000000000000000000 ) ) ;
#804 = VERTEX_POINT ( 'NONE', #1006 ) ;
#805 = DIRECTION ( 'NONE',  ( 0.000000000000000000, 0.000000000000000000, 1.000000000000000000 ) ) ;
#806 = CARTESIAN_POINT ( 'NONE',  ( -1.175000000000000044, 2.500000000000000000, 0.7400000000000004352 ) ) ;
#807 = ORIENTED_EDGE ( 'NONE', *, *, #776, .T. ) ;
#808 = ORIENTED_EDGE ( 'NONE', *, *, #3142, .T. ) ;
#809 = VECTOR ( 'NONE', #3031, 1000.000000000000000 ) ;
#810 = CARTESIAN_POINT ( 'NONE',  ( 0.3099999999999999978, 11.15358983848622287, 0.3200000000000000622 ) ) ;
#811 = ADVANCED_FACE ( 'NONE', ( #3362 ), #3683, .T. ) ;
#812 = ORIENTED_EDGE ( 'NONE', *, *, #3738, .F. ) ;
#813 = DIRECTION ( 'NONE',  ( 1.694065894508600678E-16, -0.000000000000000000, 1.000000000000000000 ) ) ;
#814 = ORIENTED_EDGE ( 'NONE', *, *, #654, .T. ) ;
#815 = LINE ( 'NONE', #1995, #3638 ) ;
#816 = CARTESIAN_POINT ( 'NONE',  ( 1.172071067811865319, 0.5000000000000000000, -0.7529289321881347252 ) ) ;
#817 = ADVANCED_FACE ( 'NONE', ( #1970 ), #832, .T. ) ;
#818 = ADVANCED_FACE ( 'NONE', ( #3743 ), #796, .F. ) ;
#819 = CARTESIAN_POINT ( 'NONE',  ( -1.170857864376269042, 2.500000000000000000, -0.5041421356237317797 ) ) ;
#820 = CARTESIAN_POINT ( 'NONE',  ( -0.1142264973081041773, 0.01000000000000000541, 0.1142264973081041912 ) ) ;
#821 = EDGE_CURVE ( 'NONE', #2713, #1984, #1124, .T. ) ;
#822 = CYLINDRICAL_SURFACE ( 'NONE', #2866, 0.01000000000000002623 ) ;
#823 = AXIS2_PLACEMENT_3D ( 'NONE', #2680, #636, #61 ) ;
#824 = VECTOR ( 'NONE', #3642, 1000.000000000000000 ) ;
#825 = LINE ( 'NONE', #1755, #1040 ) ;
#826 = CARTESIAN_POINT ( 'NONE',  ( 0.3200000000000000067, 11.15358983848622287, 0.3100000000000000533 ) ) ;
#827 = ORIENTED_EDGE ( 'NONE', *, *, #1499, .T. ) ;
#828 = VECTOR ( 'NONE', #1955, 1000.000000000000000 ) ;
#829 = ORIENTED_EDGE ( 'NONE', *, *, #727, .T. ) ;
#830 = CARTESIAN_POINT ( 'NONE',  ( 1.269999999999999796, 2.489999999999999769, -0.7500000000000001110 ) ) ;
#831 = ORIENTED_EDGE ( 'NONE', *, *, #2659, .F. ) ;
#832 = CYLINDRICAL_SURFACE ( 'NONE', #1265, 0.01000000000000002623 ) ;
#833 = ORIENTED_EDGE ( 'NONE', *, *, #3079, .F. ) ;
#834 = DIRECTION ( 'NONE',  ( 0.000000000000000000, 0.000000000000000000, 1.000000000000000000 ) ) ;
#835 = PLANE ( 'NONE',  #2184 ) ;
#836 = ORIENTED_EDGE ( 'NONE', *, *, #3546, .T. ) ;
#837 = EDGE_CURVE ( 'NONE', #519, #2479, #2485, .T. ) ;
#838 = CARTESIAN_POINT ( 'NONE',  ( -1.175000000000000711, 0.01000000000000002623, 0.7499999999999997780 ) ) ;
#839 = PRODUCT_DEFINITION ( 'UNKNOWN', '', #1357, #1218 ) ;
#840 = CARTESIAN_POINT ( 'NONE',  ( -0.3200000000000001177, 0.3464101615137729628, -0.3199999999999999512 ) ) ;
#841 = DIRECTION ( 'NONE',  ( 0.000000000000000000, 0.000000000000000000, -1.000000000000000000 ) ) ;
#842 = EDGE_CURVE ( 'NONE', #588, #3415, #2327, .T. ) ;
#843 = DIRECTION ( 'NONE',  ( -1.000000000000000000, -0.000000000000000000, 5.706327223607941615E-15 ) ) ;
#844 = CARTESIAN_POINT ( 'NONE',  ( -0.3199202969641256056, 11.15372788819387395, 0.3112600429262813995 ) ) ;
#845 = ORIENTED_EDGE ( 'NONE', *, *, #2943, .F. ) ;
#846 = VERTEX_POINT ( 'NONE', #538 ) ;
#847 = PLANE ( 'NONE',  #324 ) ;
#848 = ORIENTED_EDGE ( 'NONE', *, *, #3131, .F. ) ;
#849 = CIRCLE ( 'NONE', #609, 0.01000000000000002623 ) ;
#850 = CARTESIAN_POINT ( 'NONE',  ( -0.3199202969641258831, 11.15372788819387395, -0.3112600429262804558 ) ) ;
#851 = ADVANCED_FACE ( 'NONE', ( #3190 ), #1724, .T. ) ;
#852 = ORIENTED_EDGE ( 'NONE', *, *, #3337, .F. ) ;
#853 = DIRECTION ( 'NONE',  ( -1.000000000000000000, 0.000000000000000000, 0.000000000000000000 ) ) ;
#854 = COLOUR_RGB ( '',0.2980392156862745057, 0.2980392156862745057, 0.2980392156862745057 ) ;
#855 = CARTESIAN_POINT ( 'NONE',  ( 0.000000000000000000, 2.500000000000000000, -0.5100000000000008971 ) ) ;
#856 = ORIENTED_EDGE ( 'NONE', *, *, #1853, .T. ) ;
#857 = ITEM_DEFINED_TRANSFORMATION ( 'NONE', 'NONE', #194,  #672 ) ;
#858 = DIRECTION ( 'NONE',  ( -0.4472135954999592600, -0.7745966692414817389, 0.4472135954999593710 ) ) ;
#859 = CARTESIAN_POINT ( 'NONE',  ( 1.179142135623730825, 2.490000000000000213, -0.7600000000000001199 ) ) ;
#860 = DIRECTION ( 'NONE',  ( 0.000000000000000000, 0.000000000000000000, -1.000000000000000000 ) ) ;
#861 = AXIS2_PLACEMENT_3D ( 'NONE', #793, #2241, #2009 ) ;
#862 = CARTESIAN_POINT ( 'NONE',  ( 0.9554289321881338504, 2.500000000000000000, -0.9554289321881346275 ) ) ;
#863 = LINE ( 'NONE', #580, #2432 ) ;
#864 = VERTEX_POINT ( 'NONE', #1088 ) ;
#865 = VECTOR ( 'NONE', #987, 1000.000000000000000 ) ;
#866 = ORIENTED_EDGE ( 'NONE', *, *, #2139, .F. ) ;
#867 = LINE ( 'NONE', #2992, #3517 ) ;
#868 = CYLINDRICAL_SURFACE ( 'NONE', #2096, 0.01000000000000002623 ) ;
#869 = ORIENTED_EDGE ( 'NONE', *, *, #695, .F. ) ;
#870 = CIRCLE ( 'NONE', #3336, 0.009999999999999998473 ) ;
#871 = ORIENTED_EDGE ( 'NONE', *, *, #551, .T. ) ;
#872 = ADVANCED_FACE ( 'NONE', ( #2281 ), #3426, .T. ) ;
#873 = DIRECTION ( 'NONE',  ( 0.000000000000000000, -0.4999999999999815148, 0.8660254037844492547 ) ) ;
#874 = CARTESIAN_POINT ( 'NONE',  ( 0.3199202969641256056, 0.3462721118061212189, -0.3112600429262813440 ) ) ;
#875 = CARTESIAN_POINT ( 'NONE',  ( 0.08907179676972415416, 11.53856921938165137, 0.09773205080756852681 ) ) ;
#876 = LINE ( 'NONE', #68, #2926 ) ;
#877 = DIRECTION ( 'NONE',  ( 0.000000000000000000, 0.000000000000000000, 1.000000000000000000 ) ) ;
#878 = CARTESIAN_POINT ( 'NONE',  ( -0.1142264973081042190, 0.01000000000000000021, -0.1142264973081040802 ) ) ;
#879 = CARTESIAN_POINT ( 'NONE',  ( -1.269999999999999574, 0.5000000000000000000, 0.7200000000000009726 ) ) ;
#880 =( BOUNDED_CURVE ( )  B_SPLINE_CURVE ( 3, ( #929, #66, #591, #3284 ),
 .UNSPECIFIED., .F., .F. ) 
 B_SPLINE_CURVE_WITH_KNOTS ( ( 4, 4 ),
 ( 3.141592653589793116, 3.267932781228558792 ),
 .UNSPECIFIED. ) 
 CURVE ( )  GEOMETRIC_REPRESENTATION_ITEM ( )  RATIONAL_B_SPLINE_CURVE ( ( 1.000000000000000000, 0.9986702899464856564, 0.9986702899464856564, 1.000000000000000000 ) ) 
 REPRESENTATION_ITEM ( '' )  );
#881 = ORIENTED_EDGE ( 'NONE', *, *, #2578, .T. ) ;
#882 = EDGE_CURVE ( 'NONE', #1450, #3403, #306, .T. ) ;
#883 = EDGE_LOOP ( 'NONE', ( #896, #2942, #1812 ) ) ;
#884 = AXIS2_PLACEMENT_3D ( 'NONE', #45, #2645, #893 ) ;
#885 = ADVANCED_FACE ( 'NONE', ( #250 ), #174, .T. ) ;
#886 = DIRECTION ( 'NONE',  ( -0.000000000000000000, 1.000000000000000000, -0.000000000000000000 ) ) ;
#887 = VECTOR ( 'NONE', #558, 1000.000000000000000 ) ;
#888 = ORIENTED_EDGE ( 'NONE', *, *, #215, .T. ) ;
#889 = CYLINDRICAL_SURFACE ( 'NONE', #786, 0.01000000000000002623 ) ;
#890 = ORIENTED_EDGE ( 'NONE', *, *, #2698, .F. ) ;
#891 = ADVANCED_FACE ( 'NONE', ( #1046 ), #2227, .T. ) ;
#892 = AXIS2_PLACEMENT_3D ( 'NONE', #2946, #1165, #1822 ) ;
#893 = DIRECTION ( 'NONE',  ( 1.355252715606879556E-15, -0.5000000000000024425, -0.8660254037844371533 ) ) ;
#894 = ADVANCED_FACE ( 'NONE', ( #2841 ), #1932, .T. ) ;
#895 = LINE ( 'NONE', #2073, #737 ) ;
#896 = ORIENTED_EDGE ( 'NONE', *, *, #1108, .T. ) ;
#897 = LINE ( 'NONE', #542, #2733 ) ;
#898 = CYLINDRICAL_SURFACE ( 'NONE', #892, 0.01000000000000001409 ) ;
#899 = DIRECTION ( 'NONE',  ( -0.4472135954999578167, -0.7745966692414834043, 0.4472135954999578722 ) ) ;
#900 = DIRECTION ( 'NONE',  ( 1.000000000000000000, 0.000000000000000000, -1.606225440719265874E-16 ) ) ;
#901 = CARTESIAN_POINT ( 'NONE',  ( 1.179142135623730825, 2.490000000000000213, -0.7600000000000001199 ) ) ;
#902 = ORIENTED_EDGE ( 'NONE', *, *, #2010, .F. ) ;
#903 = ORIENTED_EDGE ( 'NONE', *, *, #2867, .T. ) ;
#904 =( NAMED_UNIT ( * ) PLANE_ANGLE_UNIT ( ) SI_UNIT ( $, .RADIAN. ) );
#905 = DIRECTION ( 'NONE',  ( -0.000000000000000000, 1.000000000000000000, -0.000000000000000000 ) ) ;
#906 =( BOUNDED_CURVE ( )  B_SPLINE_CURVE ( 3, ( #308, #1488, #3243, #605 ),
 .UNSPECIFIED., .F., .F. ) 
 B_SPLINE_CURVE_WITH_KNOTS ( ( 4, 4 ),
 ( 1.570796326794896558, 3.141592653589793116 ),
 .UNSPECIFIED. ) 
 CURVE ( )  GEOMETRIC_REPRESENTATION_ITEM ( )  RATIONAL_B_SPLINE_CURVE ( ( 1.000000000000000000, 0.8047378541243649375, 0.8047378541243649375, 1.000000000000000000 ) ) 
 REPRESENTATION_ITEM ( '' )  );
#907 = VERTEX_POINT ( 'NONE', #1374 ) ;
#908 = VECTOR ( 'NONE', #1762, 1000.000000000000000 ) ;
#909 = ORIENTED_EDGE ( 'NONE', *, *, #2427, .T. ) ;
#910 = EDGE_CURVE ( 'NONE', #3680, #556, #481, .T. ) ;
#911 = CARTESIAN_POINT ( 'NONE',  ( 0.7024999999999993472, 0.5000000000000000000, -1.222500000000000586 ) ) ;
#912 = VECTOR ( 'NONE', #486, 999.9999999999998863 ) ;
#913 = DIRECTION ( 'NONE',  ( 1.000000000000000000, -0.000000000000000000, -0.000000000000000000 ) ) ;
#914 = VECTOR ( 'NONE', #1819, 1000.000000000000000 ) ;
#915 = CARTESIAN_POINT ( 'NONE',  ( -1.175000000000000044, 2.490000000000000213, -0.5000000000000008882 ) ) ;
#916 = FACE_OUTER_BOUND ( 'NONE', #1841, .T. ) ;
#917 = CARTESIAN_POINT ( 'NONE',  ( 0.3299999999999999600, 2.490000000000000213, -0.3200000000000000622 ) ) ;
#918 = DIRECTION ( 'NONE',  ( 1.000000000000000000, -0.000000000000000000, 0.000000000000000000 ) ) ;
#919 = EDGE_CURVE ( 'NONE', #2411, #205, #3703, .T. ) ;
#920 = EDGE_LOOP ( 'NONE', ( #3017, #1927, #1101, #1447, #1736 ) ) ;
#921 = ORIENTED_EDGE ( 'NONE', *, *, #265, .F. ) ;
#922 = SURFACE_SIDE_STYLE ('',( #3566 ) ) ;
#923 = CYLINDRICAL_SURFACE ( 'NONE', #2106, 0.01000000000000002623 ) ;
#924 = CARTESIAN_POINT ( 'NONE',  ( 1.265857864376269015, 2.500000000000000000, -0.5041421356237320017 ) ) ;
#925 = DIRECTION ( 'NONE',  ( -0.000000000000000000, 1.000000000000000000, -0.000000000000000000 ) ) ;
#926 = AXIS2_PLACEMENT_3D ( 'NONE', #1938, #1377, #1976 ) ;
#927 = VERTEX_POINT ( 'NONE', #2262 ) ;
#928 = CARTESIAN_POINT ( 'NONE',  ( -0.3199733969465144989, 0.3463640836734994677, 0.3108419876365759449 ) ) ;
#929 = CARTESIAN_POINT ( 'NONE',  ( 0.3200000000000000067, 0.3464101615137729628, 0.3100000000000000533 ) ) ;
#930 = EDGE_CURVE ( 'NONE', #3545, #687, #1842, .T. ) ;
#931 = ITEM_DEFINED_TRANSFORMATION ( 'NONE', 'NONE', #314,  #672 ) ;
#932 = CIRCLE ( 'NONE', #992, 0.02000000000000005246 ) ;
#933 = EDGE_CURVE ( 'NONE', #2555, #3679, #2935, .T. ) ;
#934 = CARTESIAN_POINT ( 'NONE',  ( -0.04749999999999893197, 0.5000000000000000000, 1.972499999999999920 ) ) ;
#935 = LINE ( 'NONE', #2112, #2983 ) ;
#936 = ADVANCED_FACE ( 'NONE', ( #2712 ), #889, .T. ) ;
#937 = DIRECTION ( 'NONE',  ( -0.000000000000000000, 1.000000000000000000, -0.000000000000000000 ) ) ;
#938 = CARTESIAN_POINT ( 'NONE',  ( 0.3112600429262812884, 11.15372788819387395, -0.3199202969641256056 ) ) ;
#939 = EDGE_CURVE ( 'NONE', #1247, #2793, #2068, .T. ) ;
#940 = ORIENTED_EDGE ( 'NONE', *, *, #1061, .F. ) ;
#941 = EDGE_LOOP ( 'NONE', ( #2223, #3339, #2359, #2263, #284, #2639 ) ) ;
#942 = VECTOR ( 'NONE', #166, 1000.000000000000000 ) ;
#943 = CARTESIAN_POINT ( 'NONE',  ( -0.3200000000000001177, 2.490000000000000213, -0.3300000000000001266 ) ) ;
#944 = ORIENTED_EDGE ( 'NONE', *, *, #3554, .F. ) ;
#945 = ORIENTED_EDGE ( 'NONE', *, *, #3734, .T. ) ;
#946 = CIRCLE ( 'NONE', #407, 0.02000000000000005246 ) ;
#947 = LINE ( 'NONE', #2160, #2098 ) ;
#948 = CIRCLE ( 'NONE', #884, 0.01000000000000000715 ) ;
#949 = FACE_OUTER_BOUND ( 'NONE', #246, .T. ) ;
#950 = CARTESIAN_POINT ( 'NONE',  ( -0.3200000000000000622, 0.000000000000000000, 0.3199999999999999512 ) ) ;
#951 = ORIENTED_EDGE ( 'NONE', *, *, #794, .F. ) ;
#952 = DIRECTION ( 'NONE',  ( 0.8660254037844379305, -0.5000000000000014433, 0.000000000000000000 ) ) ;
#953 = LINE ( 'NONE', #3270, #1381 ) ;
#954 = PRODUCT_RELATED_PRODUCT_CATEGORY ( 'part', '', ( #2137 ) ) ;
#955 = LINE ( 'NONE', #3331, #1073 ) ;
#956 = EDGE_CURVE ( 'NONE', #2920, #2200, #1484, .T. ) ;
#957 = ORIENTED_EDGE ( 'NONE', *, *, #2695, .F. ) ;
#958 = SPHERICAL_SURFACE ( 'NONE', #1774, 0.01000000000000000021 ) ;
#959 = ADVANCED_FACE ( 'NONE', ( #1260 ), #958, .T. ) ;
#960 = VERTEX_POINT ( 'NONE', #692 ) ;
#961 = CYLINDRICAL_SURFACE ( 'NONE', #2476, 0.01000000000000002623 ) ;
#962 = ORIENTED_EDGE ( 'NONE', *, *, #3608, .T. ) ;
#963 = ORIENTED_EDGE ( 'NONE', *, *, #3613, .T. ) ;
#964 = CARTESIAN_POINT ( 'NONE',  ( 0.000000000000000000, 2.500000000000000000, -0.5100000000000011191 ) ) ;
#965 = AXIS2_PLACEMENT_3D ( 'NONE', #1874, #2123, #2478 ) ;
#966 = EDGE_CURVE ( 'NONE', #3378, #2186, #403, .T. ) ;
#967 = PRODUCT_DEFINITION_SHAPE ( 'NONE', 'NONE',  #3793 ) ;
#968 = DIRECTION ( 'NONE',  ( 0.000000000000000000, 1.000000000000000000, 0.000000000000000000 ) ) ;
#969 = ORIENTED_EDGE ( 'NONE', *, *, #2585, .F. ) ;
#970 = CARTESIAN_POINT ( 'NONE',  ( 0.000000000000000000, 11.50000000000000000, -0.1199999999999994404 ) ) ;
#971 = CIRCLE ( 'NONE', #1408, 0.009999999999999984596 ) ;
#972 = DIRECTION ( 'NONE',  ( 0.000000000000000000, -0.000000000000000000, 1.000000000000000000 ) ) ;
#973 = CARTESIAN_POINT ( 'NONE',  ( 0.3104214140871991434, 11.15358983848622287, -0.3199999999999999512 ) ) ;
#974 = VECTOR ( 'NONE', #2089, 999.9999999999998863 ) ;
#975 =( GEOMETRIC_REPRESENTATION_CONTEXT ( 3 ) GLOBAL_UNCERTAINTY_ASSIGNED_CONTEXT ( ( #3308 ) ) GLOBAL_UNIT_ASSIGNED_CONTEXT ( ( #428, #1338, #3118 ) ) REPRESENTATION_CONTEXT ( 'NONE', 'WORKASPACE' ) );
#976 = VERTEX_POINT ( 'NONE', #2901 ) ;
#977 = CARTESIAN_POINT ( 'NONE',  ( 0.000000000000000000, 11.49499999999999922, 0.1228867513459475369 ) ) ;
#978 = VERTEX_POINT ( 'NONE', #2152 ) ;
#979 = LINE ( 'NONE', #1814, #809 ) ;
#980 = EDGE_CURVE ( 'NONE', #846, #1450, #111, .T. ) ;
#981 = ORIENTED_EDGE ( 'NONE', *, *, #2678, .F. ) ;
#982 = DIRECTION ( 'NONE',  ( 1.000000000000000000, -0.000000000000000000, 0.000000000000000000 ) ) ;
#983 = AXIS2_PLACEMENT_3D ( 'NONE', #1208, #1740, #2 ) ;
#984 = EDGE_CURVE ( 'NONE', #2035, #3012, #270, .T. ) ;
#985 = CARTESIAN_POINT ( 'NONE',  ( -1.269999999999999574, 2.350000000000000089, 0.4999999999999990563 ) ) ;
#986 = ORIENTED_EDGE ( 'NONE', *, *, #956, .T. ) ;
#987 = DIRECTION ( 'NONE',  ( -0.7071067811865475727, -0.000000000000000000, -0.7071067811865474617 ) ) ;
#988 =( REPRESENTATION_RELATIONSHIP ('NONE','NONE', #637, #257 ) REPRESENTATION_RELATIONSHIP_WITH_TRANSFORMATION ( #857 )SHAPE_REPRESENTATION_RELATIONSHIP( ) );
#989 = DIRECTION ( 'NONE',  ( -1.000000000000000000, 0.000000000000000000, 0.000000000000000000 ) ) ;
#990 = VERTEX_POINT ( 'NONE', #3781 ) ;
#991 = DIRECTION ( 'NONE',  ( 0.000000000000000000, 0.000000000000000000, -1.000000000000000000 ) ) ;
#992 = AXIS2_PLACEMENT_3D ( 'NONE', #1925, #2198, #476 ) ;
#993 = SURFACE_SIDE_STYLE ('',( #3630 ) ) ;
#994 = DIRECTION ( 'NONE',  ( -1.000000000000000000, 0.000000000000000000, 0.000000000000000000 ) ) ;
#995 = DIRECTION ( 'NONE',  ( 0.8660254037844374864, 0.5000000000000019984, -1.467104100329255226E-16 ) ) ;
#996 = ORIENTED_EDGE ( 'NONE', *, *, #460, .F. ) ;
#997 = DIRECTION ( 'NONE',  ( -1.000000000000000000, 0.000000000000000000, 0.000000000000000000 ) ) ;
#998 = VERTEX_POINT ( 'NONE', #1449 ) ;
#999 = CARTESIAN_POINT ( 'NONE',  ( -1.179142135623730825, 2.490000000000000213, 0.7500000000000004441 ) ) ;
#1000 = EDGE_CURVE ( 'NONE', #3019, #3518, #1174, .T. ) ;
#1001 = ORIENTED_EDGE ( 'NONE', *, *, #1000, .F. ) ;
#1002 = ORIENTED_EDGE ( 'NONE', *, *, #1782, .T. ) ;
#1003 = EDGE_CURVE ( 'NONE', #1858, #1837, #2919, .T. ) ;
#1004 = DIRECTION ( 'NONE',  ( 1.000000000000000000, -0.000000000000000000, -0.000000000000000000 ) ) ;
#1005 = EDGE_CURVE ( 'NONE', #2415, #3360, #2034, .T. ) ;
#1006 = CARTESIAN_POINT ( 'NONE',  ( 0.1142264973081030671, 11.50000000000000000, -0.1142264973081030810 ) ) ;
#1007 = EDGE_CURVE ( 'NONE', #2338, #2046, #3206, .T. ) ;
#1008 = ORIENTED_EDGE ( 'NONE', *, *, #1099, .F. ) ;
#1009 = AXIS2_PLACEMENT_3D ( 'NONE', #510, #747, #2520 ) ;
#1010 = EDGE_CURVE ( 'NONE', #2835, #2218, #237, .T. ) ;
#1011 = CIRCLE ( 'NONE', #3169, 0.009999999999999962044 ) ;
#1012 = DIRECTION ( 'NONE',  ( 0.7071067811865473507, 0.000000000000000000, -0.7071067811865477948 ) ) ;
#1013 = SPHERICAL_SURFACE ( 'NONE', #2283, 0.01000000000000000021 ) ;
#1014 = CIRCLE ( 'NONE', #3173, 0.01000000000000002623 ) ;
#1015 = ORIENTED_EDGE ( 'NONE', *, *, #502, .F. ) ;
#1016 = CARTESIAN_POINT ( 'NONE',  ( 1.150857864376269690, 0.000000000000000000, 0.7599999999999997868 ) ) ;
#1017 =( REPRESENTATION_RELATIONSHIP ('NONE','NONE', #637, #3271 ) REPRESENTATION_RELATIONSHIP_WITH_TRANSFORMATION ( #3247 )SHAPE_REPRESENTATION_RELATIONSHIP( ) );
#1018 = DIRECTION ( 'NONE',  ( -1.000000000000000000, 0.000000000000000000, 1.606225440719266613E-16 ) ) ;
#1019 = DIRECTION ( 'NONE',  ( 0.000000000000000000, -1.000000000000000000, 0.000000000000000000 ) ) ;
#1020 = ORIENTED_EDGE ( 'NONE', *, *, #2448, .F. ) ;
#1021 = FACE_OUTER_BOUND ( 'NONE', #3074, .T. ) ;
#1022 = ORIENTED_EDGE ( 'NONE', *, *, #502, .T. ) ;
#1023 = CARTESIAN_POINT ( 'NONE',  ( 0.3108419876365757784, 11.15363591632649509, 0.3199733969465144989 ) ) ;
#1024 = ORIENTED_EDGE ( 'NONE', *, *, #910, .T. ) ;
#1025 = ORIENTED_EDGE ( 'NONE', *, *, #3465, .T. ) ;
#1026 = SPHERICAL_SURFACE ( 'NONE', #449, 0.01000000000000000021 ) ;
#1027 = LINE ( 'NONE', #1558, #4 ) ;
#1028 = ORIENTED_EDGE ( 'NONE', *, *, #1530, .F. ) ;
#1029 = CARTESIAN_POINT ( 'NONE',  ( -1.175000000000000044, 0.01000000000000000021, 0.7499999999999997780 ) ) ;
#1030 = ADVANCED_FACE ( 'NONE', ( #2624 ), #1468, .F. ) ;
#1031 = DIRECTION ( 'NONE',  ( 0.000000000000000000, 0.000000000000000000, -1.000000000000000000 ) ) ;
#1032 =( BOUNDED_CURVE ( )  B_SPLINE_CURVE ( 3, ( #1982, #3727, #3454, #2558 ),
 .UNSPECIFIED., .F., .T. ) 
 B_SPLINE_CURVE_WITH_KNOTS ( ( 4, 4 ),
 ( -5.329070518200751394E-15, 0.1263401276387706162 ),
 .UNSPECIFIED. ) 
 CURVE ( )  GEOMETRIC_REPRESENTATION_ITEM ( )  RATIONAL_B_SPLINE_CURVE ( ( 1.000000000000000000, 0.9986702899464854344, 0.9986702899464854344, 1.000000000000000000 ) ) 
 REPRESENTATION_ITEM ( '' )  );
#1033 = UNCERTAINTY_MEASURE_WITH_UNIT (LENGTH_MEASURE( 1.000000000000000082E-05 ), #2392, 'distance_accuracy_value', 'NONE');
#1034 = DIRECTION ( 'NONE',  ( -0.5773502691896261751, -0.5773502691896250649, 0.5773502691896261751 ) ) ;
#1035 = AXIS2_PLACEMENT_3D ( 'NONE', #259, #1421, #2595 ) ;
#1036 = PLANE ( 'NONE',  #1273 ) ;
#1037 = CARTESIAN_POINT ( 'NONE',  ( 0.3199999999999998956, 2.490000000000000213, 0.3199999999999999512 ) ) ;
#1038 = ORIENTED_EDGE ( 'NONE', *, *, #3531, .F. ) ;
#1039 = DIRECTION ( 'NONE',  ( -0.8660254037844438146, -0.4999999999999908962, 0.000000000000000000 ) ) ;
#1040 = VECTOR ( 'NONE', #2893, 1000.000000000000000 ) ;
#1041 = DIRECTION ( 'NONE',  ( 1.000000000000000000, 0.000000000000000000, -0.000000000000000000 ) ) ;
#1042 = CARTESIAN_POINT ( 'NONE',  ( 0.3159672026817068602, 11.15476346003734420, 0.3193224092811619008 ) ) ;
#1043 = EDGE_CURVE ( 'NONE', #2258, #2753, #326, .T. ) ;
#1044 = ORIENTED_EDGE ( 'NONE', *, *, #1416, .F. ) ;
#1045 = ORIENTED_EDGE ( 'NONE', *, *, #2128, .F. ) ;
#1046 = FACE_OUTER_BOUND ( 'NONE', #693, .T. ) ;
#1047 = ORIENTED_EDGE ( 'NONE', *, *, #2266, .T. ) ;
#1048 = AXIS2_PLACEMENT_3D ( 'NONE', #2226, #3464, #552 ) ;
#1049 = CARTESIAN_POINT ( 'NONE',  ( 0.3199999999999998956, 2.490000000000000213, 0.3199999999999999512 ) ) ;
#1050 = DIRECTION ( 'NONE',  ( -1.141265444721588244E-15, 0.000000000000000000, 1.000000000000000000 ) ) ;
#1051 = VECTOR ( 'NONE', #3449, 1000.000000000000000 ) ;
#1052 = ADVANCED_FACE ( 'NONE', ( #2469 ), #1923, .T. ) ;
#1053 = CARTESIAN_POINT ( 'NONE',  ( 1.165000000000000702, -4.182922390780818322E-17, 0.7541421356237311135 ) ) ;
#1054 = DIRECTION ( 'NONE',  ( 1.000000000000000000, 0.000000000000000000, 0.000000000000000000 ) ) ;
#1055 =( BOUNDED_CURVE ( )  B_SPLINE_CURVE ( 3, ( #1668, #527, #3392, #2540 ),
 .UNSPECIFIED., .F., .T. ) 
 B_SPLINE_CURVE_WITH_KNOTS ( ( 4, 4 ),
 ( -5.329070518200751394E-15, 0.1263401276387751404 ),
 .UNSPECIFIED. ) 
 CURVE ( )  GEOMETRIC_REPRESENTATION_ITEM ( )  RATIONAL_B_SPLINE_CURVE ( ( 1.000000000000000000, 0.9986702899464853234, 0.9986702899464853234, 1.000000000000000000 ) ) 
 REPRESENTATION_ITEM ( '' )  );
#1056 = DIRECTION ( 'NONE',  ( 0.000000000000000000, 0.000000000000000000, 1.000000000000000000 ) ) ;
#1057 = DIRECTION ( 'NONE',  ( 1.000000000000000000, 0.000000000000000000, -0.000000000000000000 ) ) ;
#1058 = ADVANCED_FACE ( 'NONE', ( #713 ), #1448, .T. ) ;
#1059 = VERTEX_POINT ( 'NONE', #2749 ) ;
#1060 = VECTOR ( 'NONE', #788, 1000.000000000000000 ) ;
#1061 = EDGE_CURVE ( 'NONE', #623, #1444, #1884, .T. ) ;
#1062 = EDGE_CURVE ( 'NONE', #2140, #1598, #3634, .T. ) ;
#1063 = DIRECTION ( 'NONE',  ( 0.000000000000000000, -1.000000000000000000, 0.000000000000000000 ) ) ;
#1064 = ORIENTED_EDGE ( 'NONE', *, *, #727, .F. ) ;
#1065 = CARTESIAN_POINT ( 'NONE',  ( -1.172071067811865319, 2.490000000000000213, 0.7529289321881350583 ) ) ;
#1066 = CARTESIAN_POINT ( 'NONE',  ( -0.6679289321881342056, 0.01000000000000002623, 1.242928932188135160 ) ) ;
#1067 = ORIENTED_EDGE ( 'NONE', *, *, #2253, .T. ) ;
#1068 = ORIENTED_EDGE ( 'NONE', *, *, #775, .T. ) ;
#1069 = CARTESIAN_POINT ( 'NONE',  ( -0.3199202969641257721, 0.3462721118061212189, 0.3112600429262815105 ) ) ;
#1070 = ORIENTED_EDGE ( 'NONE', *, *, #2134, .T. ) ;
#1071 = DIRECTION ( 'NONE',  ( 0.000000000000000000, 0.000000000000000000, -1.000000000000000000 ) ) ;
#1072 = CARTESIAN_POINT ( 'NONE',  ( 1.260000000000000231, 2.500000000000000000, 0.5099999999999987876 ) ) ;
#1073 = VECTOR ( 'NONE', #711, 1000.000000000000000 ) ;
#1074 = CARTESIAN_POINT ( 'NONE',  ( -0.3200000000000000622, 2.490000000000000213, 0.3300000000000000155 ) ) ;
#1075 = APPLICATION_PROTOCOL_DEFINITION ( 'draft international standard', 'automotive_design', 1998, #413 ) ;
#1076 = VECTOR ( 'NONE', #1786, 1000.000000000000000 ) ;
#1077 = CARTESIAN_POINT ( 'NONE',  ( -0.1142264973081032337, 11.49499999999999922, 0.1228867513459475647 ) ) ;
#1078 = CARTESIAN_POINT ( 'NONE',  ( -1.175000000000000044, 2.350000000000000089, -0.5000000000000008882 ) ) ;
#1079 = ORIENTED_EDGE ( 'NONE', *, *, #1108, .F. ) ;
#1080 = CYLINDRICAL_SURFACE ( 'NONE', #1613, 0.01000000000000002623 ) ;
#1081 = CIRCLE ( 'NONE', #646, 0.009999999999999592548 ) ;
#1082 = CARTESIAN_POINT ( 'NONE',  ( -1.259999999999999787, 0.5000000000000000000, -0.7500000000000001110 ) ) ;
#1083 = FACE_OUTER_BOUND ( 'NONE', #2963, .T. ) ;
#1084 = EDGE_CURVE ( 'NONE', #378, #3500, #2869, .T. ) ;
#1085 = ORIENTED_EDGE ( 'NONE', *, *, #882, .F. ) ;
#1086 = ORIENTED_EDGE ( 'NONE', *, *, #1649, .T. ) ;
#1087 = LINE ( 'NONE', #2260, #202 ) ;
#1088 = CARTESIAN_POINT ( 'NONE',  ( -1.175000000000000044, 0.5000000000000000000, -0.7500000000000001110 ) ) ;
#1089 = ORIENTED_EDGE ( 'NONE', *, *, #3182, .T. ) ;
#1090 = FACE_OUTER_BOUND ( 'NONE', #2257, .T. ) ;
#1091 = CARTESIAN_POINT ( 'NONE',  ( -1.259999999999999787, 2.500000000000000000, -0.5100000000000008971 ) ) ;
#1092 = CARTESIAN_POINT ( 'NONE',  ( -1.174999999999999822, 0.01000000000000002623, -0.7500000000000001110 ) ) ;
#1093 = DIRECTION ( 'NONE',  ( 1.000000000000000000, 0.000000000000000000, 0.000000000000000000 ) ) ;
#1094 = CYLINDRICAL_SURFACE ( 'NONE', #3322, 0.01000000000000001409 ) ;
#1095 = CARTESIAN_POINT ( 'NONE',  ( 0.6749999999999997113, 0.01000000000000002623, -1.250000000000000000 ) ) ;
#1096 = DIRECTION ( 'NONE',  ( -1.000000000000000000, 0.000000000000000000, 0.000000000000000000 ) ) ;
#1097 = AXIS2_PLACEMENT_3D ( 'NONE', #1395, #2569, #755 ) ;
#1098 = FACE_OUTER_BOUND ( 'NONE', #1912, .T. ) ;
#1099 = EDGE_CURVE ( 'NONE', #3565, #2295, #1700, .T. ) ;
#1100 = LINE ( 'NONE', #862, #1103 ) ;
#1101 = ORIENTED_EDGE ( 'NONE', *, *, #2187, .T. ) ;
#1102 = ORIENTED_EDGE ( 'NONE', *, *, #2637, .F. ) ;
#1103 = VECTOR ( 'NONE', #1987, 999.9999999999998863 ) ;
#1104 = ADVANCED_FACE ( 'NONE', ( #491 ), #2235, .F. ) ;
#1105 = ORIENTED_EDGE ( 'NONE', *, *, #3576, .F. ) ;
#1106 = DIRECTION ( 'NONE',  ( -9.389466242107283931E-15, 0.000000000000000000, -1.000000000000000000 ) ) ;
#1107 = ORIENTED_EDGE ( 'NONE', *, *, #722, .T. ) ;
#1108 = EDGE_CURVE ( 'NONE', #2555, #1227, #2189, .T. ) ;
#1109 = SPHERICAL_SURFACE ( 'NONE', #323, 0.01000000000000000021 ) ;
#1110 = ADVANCED_FACE ( 'NONE', ( #767 ), #3354, .F. ) ;
#1111 = FACE_OUTER_BOUND ( 'NONE', #753, .T. ) ;
#1112 = CARTESIAN_POINT ( 'NONE',  ( 7.620000000000001883, -2.200000000000000622, -1.665181756595899978E-15 ) ) ;
#1113 = CARTESIAN_POINT ( 'NONE',  ( 0.1850717967697235733, 0.1327076581449564696, -0.1850717967697236566 ) ) ;
#1114 = VECTOR ( 'NONE', #3364, 1000.000000000000000 ) ;
#1115 = DIRECTION ( 'NONE',  ( -0.000000000000000000, 1.000000000000000000, -0.000000000000000000 ) ) ;
#1116 = FACE_OUTER_BOUND ( 'NONE', #28, .T. ) ;
#1117 = SPHERICAL_SURFACE ( 'NONE', #3069, 0.01000000000000000021 ) ;
#1118 = CARTESIAN_POINT ( 'NONE',  ( 1.175000000000000044, 0.004142135623730936606, -0.7500000000000001110 ) ) ;
#1119 = ORIENTED_EDGE ( 'NONE', *, *, #1525, .T. ) ;
#1120 = VERTEX_POINT ( 'NONE', #2544 ) ;
#1121 = AXIS2_PLACEMENT_3D ( 'NONE', #620, #2119, #2751 ) ;
#1122 = CARTESIAN_POINT ( 'NONE',  ( -1.259999999999999787, 2.500000000000000000, 0.5099999999999990097 ) ) ;
#1123 = VERTEX_POINT ( 'NONE', #147 ) ;
#1124 = LINE ( 'NONE', #3485, #3440 ) ;
#1125 = EDGE_CURVE ( 'NONE', #2035, #2795, #1943, .T. ) ;
#1126 = ORIENTED_EDGE ( 'NONE', *, *, #3052, .T. ) ;
#1127 = FACE_OUTER_BOUND ( 'NONE', #1619, .T. ) ;
#1128 = DIRECTION ( 'NONE',  ( -0.000000000000000000, -1.000000000000000000, -0.000000000000000000 ) ) ;
#1129 = EDGE_CURVE ( 'NONE', #537, #804, #2486, .T. ) ;
#1130 = ORIENTED_EDGE ( 'NONE', *, *, #1000, .T. ) ;
#1131 = CARTESIAN_POINT ( 'NONE',  ( 1.270000000000000240, 2.490000000000000213, 0.7500000000000001110 ) ) ;
#1132 = ORIENTED_EDGE ( 'NONE', *, *, #2678, .T. ) ;
#1133 = CARTESIAN_POINT ( 'NONE',  ( -1.179142135623731047, 2.490000000000000213, -0.7399999999999997691 ) ) ;
#1134 = VECTOR ( 'NONE', #514, 1000.000000000000000 ) ;
#1135 = AXIS2_PLACEMENT_3D ( 'NONE', #155, #662, #982 ) ;
#1136 = DIRECTION ( 'NONE',  ( 1.000000000000000000, -0.000000000000000000, -0.000000000000000000 ) ) ;
#1137 = CARTESIAN_POINT ( 'NONE',  ( 1.179142135623730825, 2.490000000000000213, -0.7500000000000001110 ) ) ;
#1138 = ORIENTED_EDGE ( 'NONE', *, *, #2423, .F. ) ;
#1139 = AXIS2_PLACEMENT_3D ( 'NONE', #2517, #3056, #1861 ) ;
#1140 = EDGE_LOOP ( 'NONE', ( #827, #1089, #2767, #2916 ) ) ;
#1141 = ORIENTED_EDGE ( 'NONE', *, *, #2128, .T. ) ;
#1142 = CARTESIAN_POINT ( 'NONE',  ( -0.3159672026817069712, 11.15476346003734420, -0.3193224092811617343 ) ) ;
#1143 = ORIENTED_EDGE ( 'NONE', *, *, #2159, .F. ) ;
#1144 = DIRECTION ( 'NONE',  ( -1.000000000000000000, 0.000000000000000000, 0.000000000000000000 ) ) ;
#1145 = CARTESIAN_POINT ( 'NONE',  ( -1.265857864376269237, 2.500000000000000000, -0.7458578643762688865 ) ) ;
#1146 = ITEM_DEFINED_TRANSFORMATION ( 'NONE', 'NONE', #2759,  #672 ) ;
#1147 = DIRECTION ( 'NONE',  ( -1.000000000000000000, 0.000000000000000000, 0.000000000000000000 ) ) ;
#1148 = CARTESIAN_POINT ( 'NONE',  ( -0.6708578643762688198, 0.01000000000000002623, -1.239999999999999769 ) ) ;
#1149 = DIRECTION ( 'NONE',  ( 0.000000000000000000, -0.5000000000000014433, -0.8660254037844379305 ) ) ;
#1150 = CIRCLE ( 'NONE', #2629, 0.01000000000000001409 ) ;
#1151 = CARTESIAN_POINT ( 'NONE',  ( 1.179142135623730825, 0.5000000000000000000, -0.7600000000000001199 ) ) ;
#1152 = CYLINDRICAL_SURFACE ( 'NONE', #760, 0.009999999999999903064 ) ;
#1153 =( BOUNDED_CURVE ( )  B_SPLINE_CURVE ( 3, ( #568, #2358, #2621, #1777 ),
 .UNSPECIFIED., .F., .F. ) 
 B_SPLINE_CURVE_WITH_KNOTS ( ( 4, 4 ),
 ( 3.141592653589793116, 4.712388980384689674 ),
 .UNSPECIFIED. ) 
 CURVE ( )  GEOMETRIC_REPRESENTATION_ITEM ( )  RATIONAL_B_SPLINE_CURVE ( ( 1.000000000000000000, 0.8047378541243649375, 0.8047378541243649375, 1.000000000000000000 ) ) 
 REPRESENTATION_ITEM ( '' )  );
#1154 = ORIENTED_EDGE ( 'NONE', *, *, #3472, .T. ) ;
#1155 = ORIENTED_EDGE ( 'NONE', *, *, #769, .F. ) ;
#1156 = FACE_OUTER_BOUND ( 'NONE', #3589, .T. ) ;
#1157 = ORIENTED_EDGE ( 'NONE', *, *, #1665, .F. ) ;
#1158 = ORIENTED_EDGE ( 'NONE', *, *, #2823, .F. ) ;
#1159 = DIRECTION ( 'NONE',  ( -0.000000000000000000, -0.000000000000000000, 1.000000000000000000 ) ) ;
#1160 = VECTOR ( 'NONE', #2386, 1000.000000000000000 ) ;
#1161 = DIRECTION ( 'NONE',  ( -1.000000000000000000, 0.000000000000000000, 1.606225440719266613E-16 ) ) ;
#1162 = ORIENTED_EDGE ( 'NONE', *, *, #2412, .F. ) ;
#1163 = LINE ( 'NONE', #1131, #1556 ) ;
#1164 = ADVANCED_FACE ( 'NONE', ( #1021 ), #1080, .T. ) ;
#1165 = DIRECTION ( 'NONE',  ( 0.7071067811865475727, 0.000000000000000000, 0.7071067811865474617 ) ) ;
#1166 = CARTESIAN_POINT ( 'NONE',  ( -0.6708578643762688198, 0.01000000000000002623, -1.239999999999999769 ) ) ;
#1167 = EDGE_CURVE ( 'NONE', #1992, #1776, #1907, .T. ) ;
#1168 = CIRCLE ( 'NONE', #1660, 0.01000000000000002623 ) ;
#1169 = DIRECTION ( 'NONE',  ( 1.000000000000000000, 1.355252715606880740E-15, 1.836709923159824932E-30 ) ) ;
#1170 = PLANE ( 'NONE',  #1810 ) ;
#1171 = EDGE_CURVE ( 'NONE', #3246, #3403, #2217, .T. ) ;
#1172 = ORIENTED_EDGE ( 'NONE', *, *, #3177, .F. ) ;
#1173 = CARTESIAN_POINT ( 'NONE',  ( 1.269999999999999796, 0.5100000000000000089, -0.7500000000000001110 ) ) ;
#1174 =( BOUNDED_CURVE ( )  B_SPLINE_CURVE ( 3, ( #3029, #1142, #1743, #850 ),
 .UNSPECIFIED., .F., .F. ) 
 B_SPLINE_CURVE_WITH_KNOTS ( ( 4, 4 ),
 ( 2.482534617831140267, 3.800650689348524125 ),
 .UNSPECIFIED. ) 
 CURVE ( )  GEOMETRIC_REPRESENTATION_ITEM ( )  RATIONAL_B_SPLINE_CURVE ( ( 1.000000000000000000, 0.8603796100557086213, 0.8603796100557086213, 1.000000000000000000 ) ) 
 REPRESENTATION_ITEM ( '' )  );
#1175 = ORIENTED_EDGE ( 'NONE', *, *, #1499, .F. ) ;
#1176 = DIRECTION ( 'NONE',  ( -0.7071067811865475727, 0.000000000000000000, -0.7071067811865474617 ) ) ;
#1177 = VECTOR ( 'NONE', #1323, 1000.000000000000000 ) ;
#1178 = ORIENTED_EDGE ( 'NONE', *, *, #2134, .F. ) ;
#1179 = LINE ( 'NONE', #291, #2669 ) ;
#1180 = CARTESIAN_POINT ( 'NONE',  ( -1.172071067811865319, 2.500000000000000000, 0.7529289321881351693 ) ) ;
#1181 = ORIENTED_EDGE ( 'NONE', *, *, #1005, .T. ) ;
#1182 = CARTESIAN_POINT ( 'NONE',  ( -1.175000000000000044, 0.000000000000000000, -0.7600000000000001199 ) ) ;
#1183 = DIRECTION ( 'NONE',  ( -0.4472135954999593710, -0.7745966692414816279, -0.4472135954999593155 ) ) ;
#1184 = CARTESIAN_POINT ( 'NONE',  ( 1.259999999999999787, 2.500000000000000000, -0.7400000000000001021 ) ) ;
#1185 = APPLICATION_CONTEXT ( 'automotive_design' ) ;
#1186 = CARTESIAN_POINT ( 'NONE',  ( 1.270000000000000018, 2.490000000000000213, 0.4999999999999986122 ) ) ;
#1187 = ORIENTED_EDGE ( 'NONE', *, *, #575, .F. ) ;
#1188 = AXIS2_PLACEMENT_3D ( 'NONE', #2635, #3562, #3236 ) ;
#1189 = EDGE_LOOP ( 'NONE', ( #1890, #1681, #2145, #1537, #340 ) ) ;
#1190 = TOROIDAL_SURFACE ( 'NONE', #3288, 0.02000000000000000042, 0.01000000000000000021 ) ;
#1191 = PRESENTATION_STYLE_ASSIGNMENT (( #634 ) ) ;
#1192 = EDGE_CURVE ( 'NONE', #3113, #2380, #1321, .T. ) ;
#1193 = CARTESIAN_POINT ( 'NONE',  ( -1.165000000000000036, 2.500000000000000000, 0.5099999999999991207 ) ) ;
#1194 = AXIS2_PLACEMENT_3D ( 'NONE', #1691, #803, #1057 ) ;
#1195 = ORIENTED_EDGE ( 'NONE', *, *, #2159, .T. ) ;
#1196 = ORIENTED_EDGE ( 'NONE', *, *, #606, .F. ) ;
#1197 = DIRECTION ( 'NONE',  ( -0.7071067811865474617, 0.000000000000000000, -0.7071067811865474617 ) ) ;
#1198 = AXIS2_PLACEMENT_3D ( 'NONE', #2196, #126, #1650 ) ;
#1199 = CARTESIAN_POINT ( 'NONE',  ( -1.259999999999999787, 2.500000000000000000, 0.7500000000000004441 ) ) ;
#1200 = LINE ( 'NONE', #1836, #2225 ) ;
#1201 = CARTESIAN_POINT ( 'NONE',  ( -0.3199202969641258276, 0.3462721118061212189, -0.3112600429262812884 ) ) ;
#1202 = CARTESIAN_POINT ( 'NONE',  ( -1.172071067811865541, 2.490000000000000213, -0.7529289321881343922 ) ) ;
#1203 = DIRECTION ( 'NONE',  ( 0.000000000000000000, -1.000000000000000000, 0.000000000000000000 ) ) ;
#1204 = DIRECTION ( 'NONE',  ( -0.7071067811865693331, 0.000000000000000000, 0.7071067811865259234 ) ) ;
#1205 = LINE ( 'NONE', #3216, #2116 ) ;
#1206 = EDGE_LOOP ( 'NONE', ( #1141, #1178, #3205, #1826 ) ) ;
#1207 = PLANE ( 'NONE',  #31 ) ;
#1208 = CARTESIAN_POINT ( 'NONE',  ( -0.08907179676972416804, 11.53356921938165236, -0.08907179676972404314 ) ) ;
#1209 = VERTEX_POINT ( 'NONE', #749 ) ;
#1210 = ORIENTED_EDGE ( 'NONE', *, *, #3689, .T. ) ;
#1211 = DIRECTION ( 'NONE',  ( 0.7071067811865473507, 0.000000000000000000, -0.7071067811865476838 ) ) ;
#1212 = ADVANCED_FACE ( 'NONE', ( #3098 ), #474, .T. ) ;
#1213 = EDGE_CURVE ( 'NONE', #2660, #1518, #260, .T. ) ;
#1214 = DIRECTION ( 'NONE',  ( 0.000000000000000000, 0.000000000000000000, -1.000000000000000000 ) ) ;
#1215 = ITEM_DEFINED_TRANSFORMATION ( 'NONE', 'NONE', #1277,  #672 ) ;
#1216 = EDGE_CURVE ( 'NONE', #1598, #998, #2597, .T. ) ;
#1217 = LINE ( 'NONE', #2722, #2863 ) ;
#1218 = PRODUCT_DEFINITION_CONTEXT ( 'detailed design', #1390, 'design' ) ;
#1219 = DIRECTION ( 'NONE',  ( -0.7071067811865473507, 0.000000000000000000, 0.7071067811865477948 ) ) ;
#1220 = CARTESIAN_POINT ( 'NONE',  ( -1.179142135623731047, 2.500000000000000000, -0.7399999999999997691 ) ) ;
#1221 = CARTESIAN_POINT ( 'NONE',  ( -0.3200000000000001177, 0.3464101615137729628, -0.3099999999999999423 ) ) ;
#1222 = ORIENTED_EDGE ( 'NONE', *, *, #2387, .T. ) ;
#1223 = VERTEX_POINT ( 'NONE', #3769 ) ;
#1224 = CARTESIAN_POINT ( 'NONE',  ( -0.1142264973081041635, 0.000000000000000000, 0.1142264973081042190 ) ) ;
#1225 = CIRCLE ( 'NONE', #3025, 0.009999999999999592548 ) ;
#1226 = ORIENTED_EDGE ( 'NONE', *, *, #3346, .F. ) ;
#1227 = VERTEX_POINT ( 'NONE', #1986 ) ;
#1228 = CARTESIAN_POINT ( 'NONE',  ( -0.6708578643762688198, 0.01000000000000002623, 1.240000000000000657 ) ) ;
#1229 = ADVANCED_FACE ( 'NONE', ( #1098 ), #822, .T. ) ;
#1230 = AXIS2_PLACEMENT_3D ( 'NONE', #1866, #1573, #3278 ) ;
#1231 = DIRECTION ( 'NONE',  ( 0.000000000000000000, -4.065758146820641628E-15, -1.000000000000000000 ) ) ;
#1232 = PRODUCT_DEFINITION ( 'UNKNOWN', '', #2838, #2424 ) ;
#1233 = EDGE_CURVE ( 'NONE', #3323, #990, #1385, .T. ) ;
#1234 = CARTESIAN_POINT ( 'NONE',  ( 0.6708578643762687088, 0.01000000000000000021, -1.239999999999999991 ) ) ;
#1235 = ORIENTED_EDGE ( 'NONE', *, *, #1503, .T. ) ;
#1236 = EDGE_CURVE ( 'NONE', #741, #2957, #787, .T. ) ;
#1237 = CARTESIAN_POINT ( 'NONE',  ( 1.270000000000000240, 0.5100000000000000089, 0.7500000000000001110 ) ) ;
#1238 = CARTESIAN_POINT ( 'NONE',  ( -1.259999999999999787, 2.500000000000000000, -0.5000000000000008882 ) ) ;
#1239 = PRODUCT_DEFINITION_SHAPE ( 'NONE', 'NONE',  #839 ) ;
#1240 = CARTESIAN_POINT ( 'NONE',  ( -1.265857864376269459, 2.500000000000000000, 0.7458578643762698857 ) ) ;
#1241 = DIRECTION ( 'NONE',  ( 1.000000000000000000, -0.000000000000000000, -0.000000000000000000 ) ) ;
#1242 = ORIENTED_EDGE ( 'NONE', *, *, #2168, .T. ) ;
#1243 = EDGE_CURVE ( 'NONE', #712, #2415, #1753, .T. ) ;
#1244 = DIRECTION ( 'NONE',  ( -1.000000000000000000, 0.000000000000000000, 0.000000000000000000 ) ) ;
#1245 = DIRECTION ( 'NONE',  ( 1.000000000000000000, 0.000000000000000000, 0.000000000000000000 ) ) ;
#1246 = CIRCLE ( 'NONE', #3349, 0.01000000000000001235 ) ;
#1247 = VERTEX_POINT ( 'NONE', #3181 ) ;
#1248 = ORIENTED_EDGE ( 'NONE', *, *, #722, .F. ) ;
#1249 = DIRECTION ( 'NONE',  ( 1.000000000000000000, -0.000000000000000000, -1.606225440719266613E-16 ) ) ;
#1250 = FACE_OUTER_BOUND ( 'NONE', #2601, .T. ) ;
#1251 = EDGE_LOOP ( 'NONE', ( #3644, #2121, #1506, #3757, #1044, #3353, #2566, #1302 ) ) ;
#1252 = VECTOR ( 'NONE', #2686, 1000.000000000000000 ) ;
#1253 = CARTESIAN_POINT ( 'NONE',  ( -1.972499999999999476, 0.5000000000000000000, 0.04749999999999936218 ) ) ;
#1254 = ORIENTED_EDGE ( 'NONE', *, *, #2010, .T. ) ;
#1255 = CARTESIAN_POINT ( 'NONE',  ( -0.1066666666666664237, 1.113333333333333286, 0.1066666666666663682 ) ) ;
#1256 = CARTESIAN_POINT ( 'NONE',  ( -0.08907179676972423743, 11.53856921938165137, -0.09773205080756838803 ) ) ;
#1257 = DIRECTION ( 'NONE',  ( 1.000000000000000000, 0.000000000000000000, 0.000000000000000000 ) ) ;
#1258 = DIRECTION ( 'NONE',  ( -1.694065894508600678E-16, 0.000000000000000000, -1.000000000000000000 ) ) ;
#1259 = ORIENTED_EDGE ( 'NONE', *, *, #1977, .F. ) ;
#1260 = FACE_OUTER_BOUND ( 'NONE', #3170, .T. ) ;
#1261 = ORIENTED_EDGE ( 'NONE', *, *, #3290, .F. ) ;
#1262 = LINE ( 'NONE', #3636, #2781 ) ;
#1263 = EDGE_LOOP ( 'NONE', ( #2462, #1407, #1045, #2416 ) ) ;
#1264 = DIRECTION ( 'NONE',  ( -0.7071067811865477948, 0.000000000000000000, 0.7071067811865473507 ) ) ;
#1265 = AXIS2_PLACEMENT_3D ( 'NONE', #501, #2512, #3761 ) ;
#1266 = AXIS2_PLACEMENT_3D ( 'NONE', #211, #195, #3112 ) ;
#1267 =( BOUNDED_CURVE ( )  B_SPLINE_CURVE ( 3, ( #2108, #2682, #1524, #3228 ),
 .UNSPECIFIED., .F., .T. ) 
 B_SPLINE_CURVE_WITH_KNOTS ( ( 4, 4 ),
 ( 1.570796326794896558, 3.141592653589836193 ),
 .UNSPECIFIED. ) 
 CURVE ( )  GEOMETRIC_REPRESENTATION_ITEM ( )  RATIONAL_B_SPLINE_CURVE ( ( 1.000000000000000000, 0.8047378541243548344, 0.8047378541243548344, 1.000000000000000000 ) ) 
 REPRESENTATION_ITEM ( '' )  );
#1268 = LINE ( 'NONE', #3623, #3127 ) ;
#1269 = ORIENTED_EDGE ( 'NONE', *, *, #980, .F. ) ;
#1270 = LINE ( 'NONE', #55, #2770 ) ;
#1271 = EDGE_LOOP ( 'NONE', ( #3780, #660, #2422, #1851 ) ) ;
#1272 = CARTESIAN_POINT ( 'NONE',  ( 1.167928932188134317, 0.000000000000000000, -0.7429289321881346053 ) ) ;
#1273 = AXIS2_PLACEMENT_3D ( 'NONE', #2213, #994, #144 ) ;
#1274 = EDGE_CURVE ( 'NONE', #1837, #2699, #1847, .T. ) ;
#1275 = DIRECTION ( 'NONE',  ( -0.7071067811865475727, -0.000000000000000000, 0.7071067811865475727 ) ) ;
#1276 = FACE_OUTER_BOUND ( 'NONE', #534, .T. ) ;
#1277 = AXIS2_PLACEMENT_3D ( 'NONE', #2016, #180, #2309 ) ;
#1278 = VERTEX_POINT ( 'NONE', #3752 ) ;
#1279 = EDGE_CURVE ( 'NONE', #1639, #1349, #3366, .T. ) ;
#1280 = CARTESIAN_POINT ( 'NONE',  ( 1.259999999999999787, 2.500000000000000000, -0.7500000000000001110 ) ) ;
#1281 = ORIENTED_EDGE ( 'NONE', *, *, #3183, .T. ) ;
#1282 = DIRECTION ( 'NONE',  ( -0.000000000000000000, 0.000000000000000000, -1.000000000000000000 ) ) ;
#1283 = EDGE_CURVE ( 'NONE', #3256, #3500, #578, .T. ) ;
#1284 = ORIENTED_EDGE ( 'NONE', *, *, #2289, .F. ) ;
#1285 = ADVANCED_FACE ( 'NONE', ( #1116 ), #2561, .T. ) ;
#1286 = ORIENTED_EDGE ( 'NONE', *, *, #2215, .T. ) ;
#1287 = VECTOR ( 'NONE', #3153, 1000.000000000000227 ) ;
#1288 = FACE_OUTER_BOUND ( 'NONE', #3516, .T. ) ;
#1289 = CIRCLE ( 'NONE', #140, 0.01000000000000002623 ) ;
#1290 = EDGE_CURVE ( 'NONE', #2713, #2338, #2291, .T. ) ;
#1291 = CARTESIAN_POINT ( 'NONE',  ( 0.6779289321881348807, 2.500000000000000000, 1.247071067811865941 ) ) ;
#1292 = EDGE_LOOP ( 'NONE', ( #2776, #3080, #320, #304 ) ) ;
#1293 = DIRECTION ( 'NONE',  ( 0.000000000000000000, 0.000000000000000000, 1.000000000000000000 ) ) ;
#1294 = FACE_OUTER_BOUND ( 'NONE', #3298, .T. ) ;
#1295 =( BOUNDED_CURVE ( )  B_SPLINE_CURVE ( 3, ( #2752, #1042, #1633, #3698 ),
 .UNSPECIFIED., .F., .F. ) 
 B_SPLINE_CURVE_WITH_KNOTS ( ( 4, 4 ),
 ( 2.482534617831140267, 3.800650689348524125 ),
 .UNSPECIFIED. ) 
 CURVE ( )  GEOMETRIC_REPRESENTATION_ITEM ( )  RATIONAL_B_SPLINE_CURVE ( ( 1.000000000000000000, 0.8603796100557086213, 0.8603796100557086213, 1.000000000000000000 ) ) 
 REPRESENTATION_ITEM ( '' )  );
#1296 = ORIENTED_EDGE ( 'NONE', *, *, #99, .T. ) ;
#1297 = CARTESIAN_POINT ( 'NONE',  ( 0.6750000000000003775, 2.500000000000000000, 1.250000000000000444 ) ) ;
#1298 = CYLINDRICAL_SURFACE ( 'NONE', #3257, 0.01000000000000001409 ) ;
#1299 = CARTESIAN_POINT ( 'NONE',  ( -0.7200000000000011946, 0.5000000000000000000, -0.7200000000000009726 ) ) ;
#1300 = EDGE_LOOP ( 'NONE', ( #881, #1742, #1898, #1798 ) ) ;
#1301 = CARTESIAN_POINT ( 'NONE',  ( 0.1142264973081030810, 11.50000000000000000, -1.935072133388359121E-17 ) ) ;
#1302 = ORIENTED_EDGE ( 'NONE', *, *, #966, .F. ) ;
#1303 = CARTESIAN_POINT ( 'NONE',  ( -1.269999999999999574, 0.5000000000000000000, -0.7500000000000001110 ) ) ;
#1304 = ORIENTED_EDGE ( 'NONE', *, *, #3218, .F. ) ;
#1305 = VERTEX_POINT ( 'NONE', #544 ) ;
#1306 = ADVANCED_FACE ( 'NONE', ( #1714 ), #1190, .T. ) ;
#1307 = LINE ( 'NONE', #964, #1790 ) ;
#1308 = CARTESIAN_POINT ( 'NONE',  ( -0.3104214140871993655, 0.3464101615137729073, -0.3199999999999999512 ) ) ;
#1309 = AXIS2_PLACEMENT_3D ( 'NONE', #1605, #1063, #415 ) ;
#1310 = VERTEX_POINT ( 'NONE', #19 ) ;
#1311 = VECTOR ( 'NONE', #2970, 1000.000000000000114 ) ;
#1312 = CIRCLE ( 'NONE', #3483, 0.01000000000000000194 ) ;
#1313 = CARTESIAN_POINT ( 'NONE',  ( -0.3200000000000001177, 11.15358983848622287, -0.3099999999999999423 ) ) ;
#1314 = LINE ( 'NONE', #2500, #1789 ) ;
#1315 = CARTESIAN_POINT ( 'NONE',  ( 1.175000000000000711, 0.004142135623730927065, 0.7499999999999997780 ) ) ;
#1316 = VECTOR ( 'NONE', #1219, 999.9999999999998863 ) ;
#1317 = ADVANCED_FACE ( 'NONE', ( #1961 ), #3198, .T. ) ;
#1318 = CARTESIAN_POINT ( 'NONE',  ( 0.3112600429262812884, 0.3462721118061213299, -0.3199202969641257721 ) ) ;
#1319 = CARTESIAN_POINT ( 'NONE',  ( -0.3300000000000001821, 2.490000000000000213, -0.3200000000000000622 ) ) ;
#1320 = ORIENTED_EDGE ( 'NONE', *, *, #2208, .F. ) ;
#1321 = LINE ( 'NONE', #2505, #2113 ) ;
#1322 = ORIENTED_EDGE ( 'NONE', *, *, #2019, .F. ) ;
#1323 = DIRECTION ( 'NONE',  ( 1.000000000000000000, -0.000000000000000000, -0.000000000000000000 ) ) ;
#1324 = CARTESIAN_POINT ( 'NONE',  ( -0.3300000000000001821, 2.500000000000000000, -0.3300000000000001266 ) ) ;
#1325 = EDGE_LOOP ( 'NONE', ( #2195, #996, #1947, #2657 ) ) ;
#1326 = EDGE_LOOP ( 'NONE', ( #1367, #831, #3260, #869 ) ) ;
#1327 = DIRECTION ( 'NONE',  ( -2.891205793294678819E-16, 0.000000000000000000, -1.000000000000000000 ) ) ;
#1328 = ADVANCED_FACE ( 'NONE', ( #1673 ), #2616, .F. ) ;
#1329 = EDGE_CURVE ( 'NONE', #2753, #2509, #1687, .T. ) ;
#1330 = CARTESIAN_POINT ( 'NONE',  ( -0.6749999999999997113, 0.01000000000000002623, -1.239999999999999769 ) ) ;
#1331 = ORIENTED_EDGE ( 'NONE', *, *, #1062, .T. ) ;
#1332 = EDGE_CURVE ( 'NONE', #1059, #1517, #617, .T. ) ;
#1333 = PLANE ( 'NONE',  #386 ) ;
#1334 = CARTESIAN_POINT ( 'NONE',  ( -1.269999999999999796, 2.490000000000000213, -0.5000000000000008882 ) ) ;
#1335 = EDGE_CURVE ( 'NONE', #2323, #2713, #953, .T. ) ;
#1336 = ADVANCED_FACE ( 'NONE', ( #1514 ), #1788, .T. ) ;
#1337 = CARTESIAN_POINT ( 'NONE',  ( 0.09773205080756859620, 11.53856921938165137, 0.08907179676972348803 ) ) ;
#1338 =( NAMED_UNIT ( * ) PLANE_ANGLE_UNIT ( ) SI_UNIT ( $, .RADIAN. ) );
#1339 = VECTOR ( 'NONE', #315, 1000.000000000000000 ) ;
#1340 = FACE_OUTER_BOUND ( 'NONE', #1326, .T. ) ;
#1341 = DIRECTION ( 'NONE',  ( -0.7071067811865477948, 0.000000000000000000, 0.7071067811865473507 ) ) ;
#1342 = STYLED_ITEM ( 'NONE', ( #3543 ), #3611 ) ;
#1343 = ORIENTED_EDGE ( 'NONE', *, *, #2412, .T. ) ;
#1344 = CARTESIAN_POINT ( 'NONE',  ( -0.6708578643762688198, 2.500000000000000000, 1.240000000000000657 ) ) ;
#1345 = ORIENTED_EDGE ( 'NONE', *, *, #613, .T. ) ;
#1346 = CIRCLE ( 'NONE', #2953, 0.01000000000000002623 ) ;
#1347 = CARTESIAN_POINT ( 'NONE',  ( -1.172071067811865541, 0.5000000000000000000, -0.7529289321881343922 ) ) ;
#1348 = CYLINDRICAL_SURFACE ( 'NONE', #1751, 0.01000000000000001409 ) ;
#1349 = VERTEX_POINT ( 'NONE', #1220 ) ;
#1350 = ORIENTED_EDGE ( 'NONE', *, *, #2383, .T. ) ;
#1351 = DIRECTION ( 'NONE',  ( -1.000000000000000000, 0.000000000000000000, -0.000000000000000000 ) ) ;
#1352 = DIRECTION ( 'NONE',  ( 8.470329472543003391E-17, 0.000000000000000000, 1.000000000000000000 ) ) ;
#1353 = ORIENTED_EDGE ( 'NONE', *, *, #152, .T. ) ;
#1354 = AXIS2_PLACEMENT_3D ( 'NONE', #2296, #518, #1393 ) ;
#1355 = CARTESIAN_POINT ( 'NONE',  ( 0.1200000000000003425, 0.004999999999999980155, 0.1228867513459485916 ) ) ;
#1356 = CARTESIAN_POINT ( 'NONE',  ( 1.179142135623730825, 2.500000000000000000, -0.7600000000000001199 ) ) ;
#1357 = PRODUCT_DEFINITION_FORMATION_WITH_SPECIFIED_SOURCE ( 'ANY', '', #3280, .NOT_KNOWN. ) ;
#1358 = PRODUCT_RELATED_PRODUCT_CATEGORY ( 'part', '', ( #3280 ) ) ;
#1359 = DIRECTION ( 'NONE',  ( 0.000000000000000000, -0.000000000000000000, 1.000000000000000000 ) ) ;
#1360 = EDGE_CURVE ( 'NONE', #283, #3530, #2426, .T. ) ;
#1361 = CARTESIAN_POINT ( 'NONE',  ( 0.000000000000000000, 0.000000000000000000, 0.000000000000000000 ) ) ;
#1362 = DIRECTION ( 'NONE',  ( -1.000000000000000000, 0.000000000000000000, 0.000000000000000000 ) ) ;
#1363 = LINE ( 'NONE', #2850, #2371 ) ;
#1364 = CARTESIAN_POINT ( 'NONE',  ( -0.3112600429262813440, 11.15372788819387395, 0.3199202969641256611 ) ) ;
#1365 = CIRCLE ( 'NONE', #3471, 0.01000000000000002623 ) ;
#1366 = DIRECTION ( 'NONE',  ( -1.000000000000000000, 0.000000000000000000, 0.000000000000000000 ) ) ;
#1367 = ORIENTED_EDGE ( 'NONE', *, *, #837, .T. ) ;
#1368 = SPHERICAL_SURFACE ( 'NONE', #2715, 0.01000000000000000021 ) ;
#1369 = DIRECTION ( 'NONE',  ( -0.8660254037844374864, 0.5000000000000019984, 1.467104100329255226E-16 ) ) ;
#1370 = ORIENTED_EDGE ( 'NONE', *, *, #1451, .T. ) ;
#1371 = ORIENTED_EDGE ( 'NONE', *, *, #658, .F. ) ;
#1372 = ADVANCED_FACE ( 'NONE', ( #916 ), #2726, .F. ) ;
#1373 = CARTESIAN_POINT ( 'NONE',  ( -0.6708578643762688198, 0.000000000000000000, -1.239999999999999769 ) ) ;
#1374 = CARTESIAN_POINT ( 'NONE',  ( -1.269999999999999796, 2.490000000000000213, -0.5000000000000008882 ) ) ;
#1375 = VERTEX_POINT ( 'NONE', #1202 ) ;
#1376 = CARTESIAN_POINT ( 'NONE',  ( -0.3130717967697245752, 0.3494101615137729100, 0.3217320508075689478 ) ) ;
#1377 = DIRECTION ( 'NONE',  ( 0.000000000000000000, -1.000000000000000000, 0.000000000000000000 ) ) ;
#1378 = VECTOR ( 'NONE', #359, 1000.000000000000000 ) ;
#1379 = EDGE_CURVE ( 'NONE', #3019, #2411, #2968, .T. ) ;
#1380 = DIRECTION ( 'NONE',  ( -1.000000000000000000, 0.000000000000000000, 0.000000000000000000 ) ) ;
#1381 = VECTOR ( 'NONE', #334, 1000.000000000000000 ) ;
#1382 = SHAPE_DEFINITION_REPRESENTATION ( #1828, #637 ) ;
#1383 = CARTESIAN_POINT ( 'NONE',  ( -1.269999999999999574, 0.5000000000000000000, -0.7500000000000001110 ) ) ;
#1384 = LINE ( 'NONE', #2271, #2205 ) ;
#1385 = CIRCLE ( 'NONE', #512, 0.01000000000000001409 ) ;
#1386 = DIRECTION ( 'NONE',  ( 0.000000000000000000, -1.000000000000000000, -0.000000000000000000 ) ) ;
#1387 = EDGE_CURVE ( 'NONE', #3345, #2920, #391, .T. ) ;
#1388 = DIRECTION ( 'NONE',  ( 1.355252715606880345E-15, 1.000000000000000000, 0.000000000000000000 ) ) ;
#1389 = CARTESIAN_POINT ( 'NONE',  ( -0.3199202969641258276, 0.3462721118061212189, -0.3112600429262812884 ) ) ;
#1390 = APPLICATION_CONTEXT ( 'automotive_design' ) ;
#1391 = ORIENTED_EDGE ( 'NONE', *, *, #2881, .T. ) ;
#1392 = ORIENTED_EDGE ( 'NONE', *, *, #545, .F. ) ;
#1393 = DIRECTION ( 'NONE',  ( -4.065758146820642416E-15, 0.000000000000000000, 1.000000000000000000 ) ) ;
#1394 = EDGE_LOOP ( 'NONE', ( #81, #845, #2244, #2747 ) ) ;
#1395 = CARTESIAN_POINT ( 'NONE',  ( 1.260000000000000009, 2.490000000000000213, -3.642919299551295391E-16 ) ) ;
#1396 = EDGE_LOOP ( 'NONE', ( #1, #365, #1085, #1269 ) ) ;
#1397 = DIRECTION ( 'NONE',  ( 0.000000000000000000, -1.000000000000000000, 0.000000000000000000 ) ) ;
#1398 = CARTESIAN_POINT ( 'NONE',  ( -0.6708578643762688198, 2.500000000000000000, 1.240000000000000657 ) ) ;
#1399 = CARTESIAN_POINT ( 'NONE',  ( 1.165000000000000036, 2.500000000000000000, -0.5100000000000011191 ) ) ;
#1400 = CARTESIAN_POINT ( 'NONE',  ( 1.175000000000000488, 2.490000000000000213, 0.4999999999999991673 ) ) ;
#1401 = DIRECTION ( 'NONE',  ( 1.000000000000000000, 0.000000000000000000, -0.000000000000000000 ) ) ;
#1402 = DIRECTION ( 'NONE',  ( -1.694065894508600678E-16, 0.000000000000000000, -1.000000000000000000 ) ) ;
#1403 = DIRECTION ( 'NONE',  ( 0.000000000000000000, 0.7071067811865483499, 0.7071067811865466846 ) ) ;
#1404 = CARTESIAN_POINT ( 'NONE',  ( -1.179142135623730825, 2.490000000000000213, 0.7400000000000004352 ) ) ;
#1405 = EDGE_CURVE ( 'NONE', #112, #2699, #3537, .T. ) ;
#1406 = ORIENTED_EDGE ( 'NONE', *, *, #933, .T. ) ;
#1407 = ORIENTED_EDGE ( 'NONE', *, *, #2072, .T. ) ;
#1408 = AXIS2_PLACEMENT_3D ( 'NONE', #2580, #579, #3184 ) ;
#1409 = ADVANCED_FACE ( 'NONE', ( #1546 ), #649, .F. ) ;
#1410 = DIRECTION ( 'NONE',  ( -0.000000000000000000, 1.000000000000000000, -0.000000000000000000 ) ) ;
#1411 = EDGE_CURVE ( 'NONE', #2163, #1816, #2094, .T. ) ;
#1412 = ORIENTED_EDGE ( 'NONE', *, *, #1596, .F. ) ;
#1413 = CARTESIAN_POINT ( 'NONE',  ( -0.1142264973081041912, 0.01000000000000000368, -0.1142264973081040802 ) ) ;
#1414 = VERTEX_POINT ( 'NONE', #2127 ) ;
#1415 = CARTESIAN_POINT ( 'NONE',  ( -1.175000000000000044, 2.350000000000000089, 0.4999999999999991673 ) ) ;
#1416 = EDGE_CURVE ( 'NONE', #1305, #2472, #3310, .T. ) ;
#1417 = CARTESIAN_POINT ( 'NONE',  ( -1.259999999999999787, 2.500000000000000000, -0.7399999999999997691 ) ) ;
#1418 = DIRECTION ( 'NONE',  ( 0.000000000000000000, 0.000000000000000000, 1.000000000000000000 ) ) ;
#1419 = AXIS2_PLACEMENT_3D ( 'NONE', #2209, #1916, #467 ) ;
#1420 = CARTESIAN_POINT ( 'NONE',  ( 0.6708578643762693750, 0.01000000000000002623, 1.240000000000000435 ) ) ;
#1421 = DIRECTION ( 'NONE',  ( 1.000000000000000000, 5.421010862427508286E-14, 0.000000000000000000 ) ) ;
#1422 = DIRECTION ( 'NONE',  ( 0.7071067811865475727, 0.000000000000000000, 0.7071067811865474617 ) ) ;
#1423 = DIRECTION ( 'NONE',  ( 1.000000000000000000, -0.000000000000000000, -0.000000000000000000 ) ) ;
#1424 = DIRECTION ( 'NONE',  ( 1.000000000000000000, 0.000000000000000000, 0.000000000000000000 ) ) ;
#1425 = ORIENTED_EDGE ( 'NONE', *, *, #2703, .F. ) ;
#1426 = ORIENTED_EDGE ( 'NONE', *, *, #1243, .T. ) ;
#1427 = FACE_OUTER_BOUND ( 'NONE', #2854, .T. ) ;
#1428 = ORIENTED_EDGE ( 'NONE', *, *, #1329, .F. ) ;
#1429 = CARTESIAN_POINT ( 'NONE',  ( -0.3112600429262814550, 0.3462721118061212189, 0.3199202969641258276 ) ) ;
#1430 = ORIENTED_EDGE ( 'NONE', *, *, #1649, .F. ) ;
#1431 = DIRECTION ( 'NONE',  ( 1.000000000000000000, 0.000000000000000000, 0.000000000000000000 ) ) ;
#1432 = LINE ( 'NONE', #2610, #1625 ) ;
#1433 = AXIS2_PLACEMENT_3D ( 'NONE', #434, #2173, #1039 ) ;
#1434 = CONTEXT_DEPENDENT_SHAPE_REPRESENTATION ( #1017, #121 ) ;
#1435 = FACE_OUTER_BOUND ( 'NONE', #3332, .T. ) ;
#1436 = CARTESIAN_POINT ( 'NONE',  ( 0.3199999999999998956, 0.000000000000000000, -0.3200000000000000622 ) ) ;
#1437 = CARTESIAN_POINT ( 'NONE',  ( 1.175000000000000488, 2.490000000000000213, 0.5099999999999991207 ) ) ;
#1438 = AXIS2_PLACEMENT_3D ( 'NONE', #1846, #3032, #1553 ) ;
#1439 = VECTOR ( 'NONE', #2390, 1000.000000000000114 ) ;
#1440 = CARTESIAN_POINT ( 'NONE',  ( -0.1142264973081042051, 0.01000000000000001929, 0.1142264973081041912 ) ) ;
#1441 = DIRECTION ( 'NONE',  ( 0.000000000000000000, -0.4999999999999844569, 0.8660254037844475894 ) ) ;
#1442 = VERTEX_POINT ( 'NONE', #2687 ) ;
#1443 = AXIS2_PLACEMENT_3D ( 'NONE', #1769, #2075, #3250 ) ;
#1444 = VERTEX_POINT ( 'NONE', #1184 ) ;
#1445 = DIRECTION ( 'NONE',  ( 0.000000000000000000, 0.000000000000000000, 1.000000000000000000 ) ) ;
#1446 =( BOUNDED_CURVE ( )  B_SPLINE_CURVE ( 3, ( #3645, #721, #1806, #2799 ),
 .UNSPECIFIED., .F., .F. ) 
 B_SPLINE_CURVE_WITH_KNOTS ( ( 4, 4 ),
 ( 1.570796326794896558, 3.141592653589793116 ),
 .UNSPECIFIED. ) 
 CURVE ( )  GEOMETRIC_REPRESENTATION_ITEM ( )  RATIONAL_B_SPLINE_CURVE ( ( 1.000000000000000000, 0.8047378541243649375, 0.8047378541243649375, 1.000000000000000000 ) ) 
 REPRESENTATION_ITEM ( '' )  );
#1447 = ORIENTED_EDGE ( 'NONE', *, *, #2703, .T. ) ;
#1448 = TOROIDAL_SURFACE ( 'NONE', #1309, 0.02000000000000000042, 0.01000000000000000021 ) ;
#1449 = CARTESIAN_POINT ( 'NONE',  ( 0.3199999999999998956, 0.3464101615137729628, -0.3099999999999999423 ) ) ;
#1450 = VERTEX_POINT ( 'NONE', #105 ) ;
#1451 = EDGE_CURVE ( 'NONE', #2509, #1587, #69, .T. ) ;
#1452 = CARTESIAN_POINT ( 'NONE',  ( 0.1142264973081030394, 11.49000000000000021, -0.1142264973081031920 ) ) ;
#1453 = CARTESIAN_POINT ( 'NONE',  ( -1.269999999999999574, 0.5000000000000000000, 0.7499999999999997780 ) ) ;
#1454 = EDGE_CURVE ( 'NONE', #927, #2976, #935, .T. ) ;
#1455 = EDGE_CURVE ( 'NONE', #2200, #2013, #3591, .T. ) ;
#1456 = EDGE_CURVE ( 'NONE', #3788, #247, #2707, .T. ) ;
#1457 = CARTESIAN_POINT ( 'NONE',  ( -1.175000000000000711, 0.004142135623730920993, 0.7499999999999997780 ) ) ;
#1458 = CARTESIAN_POINT ( 'NONE',  ( 0.3199999999999999512, 2.495857864376268331, -0.3200000000000000622 ) ) ;
#1459 = DIRECTION ( 'NONE',  ( 1.000000000000000000, -0.000000000000000000, -0.000000000000000000 ) ) ;
#1460 = VECTOR ( 'NONE', #2458, 1000.000000000000000 ) ;
#1461 = DIRECTION ( 'NONE',  ( -0.4472135954999630902, 0.7745966692414802957, 0.4472135954999584828 ) ) ;
#1462 = CARTESIAN_POINT ( 'NONE',  ( -1.167928932188134761, 0.000000000000000000, 0.7429289321881346053 ) ) ;
#1463 = ORIENTED_EDGE ( 'NONE', *, *, #1279, .T. ) ;
#1464 = EDGE_LOOP ( 'NONE', ( #1020, #478, #2995, #3547, #836 ) ) ;
#1465 = CARTESIAN_POINT ( 'NONE',  ( 0.3199202969641257721, 0.3462721118061212744, 0.3112600429262813440 ) ) ;
#1466 = ORIENTED_EDGE ( 'NONE', *, *, #3131, .T. ) ;
#1467 = CIRCLE ( 'NONE', #3616, 0.01000000000000002623 ) ;
#1468 = PLANE ( 'NONE',  #3115 ) ;
#1469 = ORIENTED_EDGE ( 'NONE', *, *, #2650, .F. ) ;
#1470 = VECTOR ( 'NONE', #1579, 1000.000000000000000 ) ;
#1471 = PRESENTATION_LAYER_ASSIGNMENT (  '', '', ( #131 ) ) ;
#1472 = FACE_OUTER_BOUND ( 'NONE', #251, .T. ) ;
#1473 = ORIENTED_EDGE ( 'NONE', *, *, #2423, .T. ) ;
#1474 = DIRECTION ( 'NONE',  ( 4.336808689942016257E-16, 0.000000000000000000, 1.000000000000000000 ) ) ;
#1475 = CARTESIAN_POINT ( 'NONE',  ( 0.1850717967697236843, 0.1327076581449564419, 0.1850717967697236288 ) ) ;
#1476 = ADVANCED_FACE ( 'NONE', ( #83 ), #2059, .T. ) ;
#1477 = DIRECTION ( 'NONE',  ( 0.4472135954999578722, 0.7745966692414834043, 0.4472135954999578722 ) ) ;
#1478 = VECTOR ( 'NONE', #2857, 1000.000000000000000 ) ;
#1479 = CARTESIAN_POINT ( 'NONE',  ( 0.6708578643762693750, 0.000000000000000000, 1.240000000000000435 ) ) ;
#1480 = CARTESIAN_POINT ( 'NONE',  ( 0.1142264973081030671, 11.49000000000000021, 0.1142264973081023177 ) ) ;
#1481 = ORIENTED_EDGE ( 'NONE', *, *, #3572, .F. ) ;
#1482 = DIRECTION ( 'NONE',  ( 0.000000000000000000, 0.000000000000000000, 1.000000000000000000 ) ) ;
#1483 = CARTESIAN_POINT ( 'NONE',  ( 0.6708578643762689309, 2.490000000000000213, -1.250000000000000000 ) ) ;
#1484 = LINE ( 'NONE', #2450, #3442 ) ;
#1485 = EDGE_CURVE ( 'NONE', #1606, #2013, #225, .T. ) ;
#1486 = VECTOR ( 'NONE', #925, 1000.000000000000000 ) ;
#1487 = ORIENTED_EDGE ( 'NONE', *, *, #3255, .T. ) ;
#1488 = CARTESIAN_POINT ( 'NONE',  ( -0.3241421356237310647, 2.500000000000000000, 0.3241421356237308982 ) ) ;
#1489 = DIRECTION ( 'NONE',  ( 0.000000000000000000, 0.000000000000000000, 1.000000000000000000 ) ) ;
#1490 = DIRECTION ( 'NONE',  ( -1.095437728245848425E-14, 0.000000000000000000, -1.000000000000000000 ) ) ;
#1491 = CARTESIAN_POINT ( 'NONE',  ( -0.3112600429262814550, 0.3462721118061212189, -0.3199202969641256611 ) ) ;
#1492 = DIRECTION ( 'NONE',  ( 0.7071067811865473507, -0.000000000000000000, 0.7071067811865477948 ) ) ;
#1493 = LINE ( 'NONE', #2784, #3082 ) ;
#1494 =( NAMED_UNIT ( * ) PLANE_ANGLE_UNIT ( ) SI_UNIT ( $, .RADIAN. ) );
#1495 = DIRECTION ( 'NONE',  ( 0.000000000000000000, 0.000000000000000000, 1.000000000000000000 ) ) ;
#1496 = ORIENTED_EDGE ( 'NONE', *, *, #2937, .F. ) ;
#1497 = CIRCLE ( 'NONE', #3778, 0.01000000000000002623 ) ;
#1498 = ORIENTED_EDGE ( 'NONE', *, *, #657, .F. ) ;
#1499 = EDGE_CURVE ( 'NONE', #3700, #3744, #1813, .T. ) ;
#1500 = VECTOR ( 'NONE', #1799, 1000.000000000000000 ) ;
#1501 = FACE_OUTER_BOUND ( 'NONE', #1759, .T. ) ;
#1502 = FACE_OUTER_BOUND ( 'NONE', #2568, .T. ) ;
#1503 = EDGE_CURVE ( 'NONE', #2455, #1305, #2507, .T. ) ;
#1504 = AXIS2_PLACEMENT_3D ( 'NONE', #2871, #3096, #3710 ) ;
#1505 = VECTOR ( 'NONE', #410, 1000.000000000000114 ) ;
#1506 = ORIENTED_EDGE ( 'NONE', *, *, #176, .F. ) ;
#1507 = ORIENTED_EDGE ( 'NONE', *, *, #383, .T. ) ;
#1508 = CARTESIAN_POINT ( 'NONE',  ( -0.6779289321881342145, 0.01000000000000002623, 1.247071067811866163 ) ) ;
#1509 = AXIS2_PLACEMENT_3D ( 'NONE', #2831, #997, #2769 ) ;
#1510 = LINE ( 'NONE', #855, #256 ) ;
#1511 = EDGE_LOOP ( 'NONE', ( #1463, #42, #3303, #2133 ) ) ;
#1512 = CARTESIAN_POINT ( 'NONE',  ( -0.3104214140871993100, 11.15358983848622110, -0.3199999999999998956 ) ) ;
#1513 = CARTESIAN_POINT ( 'NONE',  ( -0.09773205080756849905, 11.53856921938165137, 0.08907179676972423743 ) ) ;
#1514 = FACE_OUTER_BOUND ( 'NONE', #1571, .T. ) ;
#1515 = SPHERICAL_SURFACE ( 'NONE', #3746, 0.01000000000000000021 ) ;
#1516 = CYLINDRICAL_SURFACE ( 'NONE', #161, 0.009999999999999998473 ) ;
#1517 = VERTEX_POINT ( 'NONE', #2998 ) ;
#1518 = VERTEX_POINT ( 'NONE', #1508 ) ;
#1519 = ADVANCED_FACE ( 'NONE', ( #3209 ), #2036, .T. ) ;
#1520 = DIRECTION ( 'NONE',  ( 1.606225440719266613E-16, -0.000000000000000000, 1.000000000000000000 ) ) ;
#1521 = ORIENTED_EDGE ( 'NONE', *, *, #3618, .T. ) ;
#1522 = ORIENTED_EDGE ( 'NONE', *, *, #3557, .F. ) ;
#1523 = CIRCLE ( 'NONE', #2692, 0.01000000000000002623 ) ;
#1524 = CARTESIAN_POINT ( 'NONE',  ( 1.270000000000000240, 2.495857864376268775, -0.7500000000000003331 ) ) ;
#1525 = EDGE_CURVE ( 'NONE', #283, #846, #948, .T. ) ;
#1526 = PRESENTATION_LAYER_ASSIGNMENT (  '', '', ( #2890 ) ) ;
#1527 = LINE ( 'NONE', #1453, #3619 ) ;
#1528 = CARTESIAN_POINT ( 'NONE',  ( -1.179142135623731047, 2.489999999999999769, -0.7599999999999997868 ) ) ;
#1529 = DIRECTION ( 'NONE',  ( 0.000000000000000000, 0.5000000000000019984, 0.8660254037844374864 ) ) ;
#1530 = EDGE_CURVE ( 'NONE', #1444, #1776, #1267, .T. ) ;
#1531 = CARTESIAN_POINT ( 'NONE',  ( 0.6708578643762693750, 2.490000000000000213, 1.240000000000000435 ) ) ;
#1532 = DIRECTION ( 'NONE',  ( -3.129822080702423112E-15, -0.000000000000000000, -1.000000000000000000 ) ) ;
#1533 = ORIENTED_EDGE ( 'NONE', *, *, #2266, .F. ) ;
#1534 = CYLINDRICAL_SURFACE ( 'NONE', #1230, 0.009999999999999998473 ) ;
#1535 = CARTESIAN_POINT ( 'NONE',  ( 0.6708578643762693750, 2.490000000000000213, 1.240000000000000435 ) ) ;
#1536 = AXIS2_PLACEMENT_3D ( 'NONE', #3646, #2800, #178 ) ;
#1537 = ORIENTED_EDGE ( 'NONE', *, *, #217, .T. ) ;
#1538 = ORIENTED_EDGE ( 'NONE', *, *, #1192, .T. ) ;
#1539 = DIRECTION ( 'NONE',  ( -1.000000000000000000, -4.336808689942006376E-14, 0.000000000000000000 ) ) ;
#1540 =( BOUNDED_CURVE ( )  B_SPLINE_CURVE ( 3, ( #169, #1118, #771, #457 ),
 .UNSPECIFIED., .F., .F. ) 
 B_SPLINE_CURVE_WITH_KNOTS ( ( 4, 4 ),
 ( 3.141592653589793116, 4.712388980384698556 ),
 .UNSPECIFIED. ) 
 CURVE ( )  GEOMETRIC_REPRESENTATION_ITEM ( )  RATIONAL_B_SPLINE_CURVE ( ( 1.000000000000000000, 0.8047378541243628280, 0.8047378541243628280, 1.000000000000000000 ) ) 
 REPRESENTATION_ITEM ( '' )  );
#1541 = VECTOR ( 'NONE', #798, 1000.000000000000000 ) ;
#1542 = DIRECTION ( 'NONE',  ( 1.000000000000000000, 0.000000000000000000, 0.000000000000000000 ) ) ;
#1543 = ORIENTED_EDGE ( 'NONE', *, *, #3738, .T. ) ;
#1544 = ORIENTED_EDGE ( 'NONE', *, *, #2939, .F. ) ;
#1545 = DIRECTION ( 'NONE',  ( 0.000000000000000000, 0.000000000000000000, -1.000000000000000000 ) ) ;
#1546 = FACE_OUTER_BOUND ( 'NONE', #3603, .T. ) ;
#1547 = PRODUCT_DEFINITION_SHAPE ( 'NONE', 'NONE',  #3791 ) ;
#1548 = CARTESIAN_POINT ( 'NONE',  ( 0.3099999999999998868, 11.15358983848622287, -0.3199999999999999512 ) ) ;
#1549 = VERTEX_POINT ( 'NONE', #2700 ) ;
#1550 = CARTESIAN_POINT ( 'NONE',  ( 0.6749999999999997113, 0.000000000000000000, -1.239999999999999991 ) ) ;
#1551 = ORIENTED_EDGE ( 'NONE', *, *, #2695, .T. ) ;
#1552 = DIRECTION ( 'NONE',  ( 1.000000000000000000, 0.000000000000000000, 0.000000000000000000 ) ) ;
#1553 = DIRECTION ( 'NONE',  ( 0.000000000000000000, 0.000000000000000000, -1.000000000000000000 ) ) ;
#1554 = AXIS2_PLACEMENT_3D ( 'NONE', #1480, #338, #1734 ) ;
#1555 = ORIENTED_EDGE ( 'NONE', *, *, #654, .F. ) ;
#1556 = VECTOR ( 'NONE', #1730, 1000.000000000000000 ) ;
#1557 = CARTESIAN_POINT ( 'NONE',  ( 1.179142135623730825, 2.500000000000000000, -0.7600000000000001199 ) ) ;
#1558 = CARTESIAN_POINT ( 'NONE',  ( 1.175000000000000044, 0.01000000000000002623, -0.7500000000000001110 ) ) ;
#1559 = ORIENTED_EDGE ( 'NONE', *, *, #2899, .F. ) ;
#1560 = EDGE_CURVE ( 'NONE', #432, #364, #2401, .T. ) ;
#1561 = CIRCLE ( 'NONE', #167, 0.01000000000000002623 ) ;
#1562 = DIRECTION ( 'NONE',  ( 0.7071067811865469066, 0.7071067811865482389, 0.000000000000000000 ) ) ;
#1563 = ADVANCED_FACE ( 'NONE', ( #29 ), #590, .T. ) ;
#1564 = CYLINDRICAL_SURFACE ( 'NONE', #3538, 0.009999999999999998473 ) ;
#1565 =( BOUNDED_CURVE ( )  B_SPLINE_CURVE ( 3, ( #3110, #1949, #3130, #497 ),
 .UNSPECIFIED., .F., .F. ) 
 B_SPLINE_CURVE_WITH_KNOTS ( ( 4, 4 ),
 ( 1.570796326794896558, 3.141592653589836193 ),
 .UNSPECIFIED. ) 
 CURVE ( )  GEOMETRIC_REPRESENTATION_ITEM ( )  RATIONAL_B_SPLINE_CURVE ( ( 1.000000000000000000, 0.8047378541243548344, 0.8047378541243548344, 1.000000000000000000 ) ) 
 REPRESENTATION_ITEM ( '' )  );
#1566 = PRODUCT_DEFINITION_CONTEXT ( 'detailed design', #673, 'design' ) ;
#1567 = CARTESIAN_POINT ( 'NONE',  ( 0.1228867513459484251, 0.004999999999999981022, -0.1142264973081041218 ) ) ;
#1568 = EDGE_CURVE ( 'NONE', #2954, #2163, #2053, .T. ) ;
#1569 = CARTESIAN_POINT ( 'NONE',  ( -1.269999999999999796, 2.489999999999999769, 0.7500000000000004441 ) ) ;
#1570 = EDGE_CURVE ( 'NONE', #1518, #459, #3352, .T. ) ;
#1571 = EDGE_LOOP ( 'NONE', ( #2484, #1425, #137, #2452 ) ) ;
#1572 = ORIENTED_EDGE ( 'NONE', *, *, #2823, .T. ) ;
#1573 = DIRECTION ( 'NONE',  ( 1.000000000000000000, 0.000000000000000000, 0.000000000000000000 ) ) ;
#1574 = CYLINDRICAL_SURFACE ( 'NONE', #1438, 0.01000000000000002623 ) ;
#1575 = ORIENTED_EDGE ( 'NONE', *, *, #332, .F. ) ;
#1576 = EDGE_LOOP ( 'NONE', ( #2065, #2676, #3662, #3097 ) ) ;
#1577 = CARTESIAN_POINT ( 'NONE',  ( 1.175000000000000488, 2.490000000000000213, 0.4999999999999991673 ) ) ;
#1578 = VECTOR ( 'NONE', #3722, 1000.000000000000000 ) ;
#1579 = DIRECTION ( 'NONE',  ( -0.000000000000000000, 1.000000000000000000, -0.000000000000000000 ) ) ;
#1580 = ORIENTED_EDGE ( 'NONE', *, *, #299, .F. ) ;
#1581 = CARTESIAN_POINT ( 'NONE',  ( -0.6708578643762688198, 2.490000000000000213, 1.240000000000000657 ) ) ;
#1582 = LINE ( 'NONE', #1880, #2494 ) ;
#1583 = VECTOR ( 'NONE', #3215, 999.9999999999998863 ) ;
#1584 = CARTESIAN_POINT ( 'NONE',  ( -1.175000000000000044, 2.350000000000000089, -0.5000000000000008882 ) ) ;
#1585 = LINE ( 'NONE', #2766, #2858 ) ;
#1586 = EDGE_CURVE ( 'NONE', #3012, #249, #1179, .T. ) ;
#1587 = VERTEX_POINT ( 'NONE', #3552 ) ;
#1588 = DIRECTION ( 'NONE',  ( 5.706327223607941615E-15, 0.000000000000000000, 1.000000000000000000 ) ) ;
#1589 = ORIENTED_EDGE ( 'NONE', *, *, #65, .T. ) ;
#1590 = CARTESIAN_POINT ( 'NONE',  ( 0.3112600429262812884, 11.15372788819387395, -0.3199202969641256056 ) ) ;
#1591 = VERTEX_POINT ( 'NONE', #2362 ) ;
#1592 = EDGE_LOOP ( 'NONE', ( #374, #3736, #3597, #1102 ) ) ;
#1593 = CIRCLE ( 'NONE', #3208, 0.01000000000000001409 ) ;
#1594 = LINE ( 'NONE', #2122, #561 ) ;
#1595 = VECTOR ( 'NONE', #1678, 1000.000000000000000 ) ;
#1596 = EDGE_CURVE ( 'NONE', #88, #205, #1011, .T. ) ;
#1597 = CARTESIAN_POINT ( 'NONE',  ( -0.3200000000000001177, 2.490000000000000213, -0.3200000000000000622 ) ) ;
#1598 = VERTEX_POINT ( 'NONE', #3536 ) ;
#1599 = DIRECTION ( 'NONE',  ( 0.000000000000000000, 0.000000000000000000, -1.000000000000000000 ) ) ;
#1600 = PLANE ( 'NONE',  #290 ) ;
#1601 = VECTOR ( 'NONE', #1936, 1000.000000000000000 ) ;
#1602 = DIRECTION ( 'NONE',  ( 0.000000000000000000, 0.000000000000000000, 1.000000000000000000 ) ) ;
#1603 = LINE ( 'NONE', #220, #3657 ) ;
#1604 = EDGE_LOOP ( 'NONE', ( #3718, #3071, #1028, #940 ) ) ;
#1605 = CARTESIAN_POINT ( 'NONE',  ( -1.179142135623730825, 2.490000000000000213, 0.7600000000000004530 ) ) ;
#1606 = VERTEX_POINT ( 'NONE', #2626 ) ;
#1607 = EDGE_CURVE ( 'NONE', #1816, #556, #906, .T. ) ;
#1608 = FACE_OUTER_BOUND ( 'NONE', #416, .T. ) ;
#1609 = CARTESIAN_POINT ( 'NONE',  ( -0.3200000000000001177, 2.490000000000000213, -0.3200000000000000622 ) ) ;
#1610 = ORIENTED_EDGE ( 'NONE', *, *, #2496, .F. ) ;
#1611 = EDGE_CURVE ( 'NONE', #907, #3496, #2960, .T. ) ;
#1612 = ORIENTED_EDGE ( 'NONE', *, *, #2383, .F. ) ;
#1613 = AXIS2_PLACEMENT_3D ( 'NONE', #3044, #3373, #732 ) ;
#1614 = ADVANCED_FACE ( 'NONE', ( #329 ), #3654, .T. ) ;
#1615 = EDGE_CURVE ( 'NONE', #2479, #1858, #2086, .T. ) ;
#1616 = CARTESIAN_POINT ( 'NONE',  ( -0.6708578643762688198, 2.490000000000000213, -1.239999999999999769 ) ) ;
#1617 = EDGE_CURVE ( 'NONE', #283, #3647, #1312, .T. ) ;
#1618 = DIRECTION ( 'NONE',  ( 1.694065894508600678E-16, 0.000000000000000000, 1.000000000000000000 ) ) ;
#1619 = EDGE_LOOP ( 'NONE', ( #2130, #807, #1320 ) ) ;
#1620 = CIRCLE ( 'NONE', #1554, 0.009999999999999592548 ) ;
#1621 = AXIS2_PLACEMENT_3D ( 'NONE', #629, #3234, #3289 ) ;
#1622 = PLANE ( 'NONE',  #3696 ) ;
#1623 = CARTESIAN_POINT ( 'NONE',  ( 0.6779289321881348807, 0.01000000000000002623, 1.247071067811865941 ) ) ;
#1624 = LINE ( 'NONE', #1337, #1505 ) ;
#1625 = VECTOR ( 'NONE', #541, 999.9999999999998863 ) ;
#1626 = DIRECTION ( 'NONE',  ( 1.000000000000000000, 0.000000000000000000, 0.000000000000000000 ) ) ;
#1627 = CARTESIAN_POINT ( 'NONE',  ( -1.991719546491890275E-16, 2.490000000000000213, -1.239999999999999769 ) ) ;
#1628 = DIRECTION ( 'NONE',  ( -0.000000000000000000, 1.000000000000000000, -0.000000000000000000 ) ) ;
#1629 = VECTOR ( 'NONE', #3499, 1000.000000000000000 ) ;
#1630 = ORIENTED_EDGE ( 'NONE', *, *, #611, .T. ) ;
#1631 = CARTESIAN_POINT ( 'NONE',  ( -0.1142264973081041773, 0.01000000000000000021, 1.935072133388377918E-17 ) ) ;
#1632 = CYLINDRICAL_SURFACE ( 'NONE', #3580, 0.01000000000000001409 ) ;
#1633 = CARTESIAN_POINT ( 'NONE',  ( 0.3193224092811621229, 11.15476346003734420, 0.3159672026817062496 ) ) ;
#1634 = ORIENTED_EDGE ( 'NONE', *, *, #3786, .T. ) ;
#1635 = ORIENTED_EDGE ( 'NONE', *, *, #2048, .T. ) ;
#1636 = DIRECTION ( 'NONE',  ( -0.4472135954999593710, 0.7745966692414818500, 0.4472135954999594265 ) ) ;
#1637 = ADVANCED_FACE ( 'NONE', ( #1288 ), #3304, .F. ) ;
#1638 = CARTESIAN_POINT ( 'NONE',  ( -0.3200000000000001177, 2.490000000000000213, -0.3200000000000000622 ) ) ;
#1639 = VERTEX_POINT ( 'NONE', #2142 ) ;
#1640 = EDGE_CURVE ( 'NONE', #3217, #3398, #1289, .T. ) ;
#1641 = VECTOR ( 'NONE', #3383, 1000.000000000000000 ) ;
#1642 = LINE ( 'NONE', #1355, #1601 ) ;
#1643 = CARTESIAN_POINT ( 'NONE',  ( -1.172071067811865319, 0.5000000000000000000, 0.7529289321881350583 ) ) ;
#1644 = FACE_OUTER_BOUND ( 'NONE', #2277, .T. ) ;
#1645 = DIRECTION ( 'NONE',  ( 0.000000000000000000, 0.000000000000000000, 1.000000000000000000 ) ) ;
#1646 = FACE_OUTER_BOUND ( 'NONE', #2810, .T. ) ;
#1647 = AXIS2_PLACEMENT_3D ( 'NONE', #3411, #2249, #1645 ) ;
#1648 = VERTEX_POINT ( 'NONE', #1577 ) ;
#1649 = EDGE_CURVE ( 'NONE', #539, #623, #1307, .T. ) ;
#1650 = DIRECTION ( 'NONE',  ( 0.000000000000000000, 0.000000000000000000, -1.000000000000000000 ) ) ;
#1651 = ORIENTED_EDGE ( 'NONE', *, *, #268, .T. ) ;
#1652 = AXIS2_PLACEMENT_3D ( 'NONE', #799, #524, #1686 ) ;
#1653 = LINE ( 'NONE', #2546, #3155 ) ;
#1654 = DIRECTION ( 'NONE',  ( 1.000000000000000000, 0.000000000000000000, -0.000000000000000000 ) ) ;
#1655 = APPLICATION_CONTEXT ( 'automotive_design' ) ;
#1656 = ORIENTED_EDGE ( 'NONE', *, *, #2306, .F. ) ;
#1657 = ORIENTED_EDGE ( 'NONE', *, *, #1379, .T. ) ;
#1658 = CYLINDRICAL_SURFACE ( 'NONE', #1844, 0.009999999999999998473 ) ;
#1659 = EDGE_LOOP ( 'NONE', ( #2504, #435, #2489, #187 ) ) ;
#1660 = AXIS2_PLACEMENT_3D ( 'NONE', #2397, #2066, #1445 ) ;
#1661 = CARTESIAN_POINT ( 'NONE',  ( 1.269999999999999796, 0.5100000000000000089, -0.7500000000000001110 ) ) ;
#1662 = LINE ( 'NONE', #3386, #745 ) ;
#1663 = ORIENTED_EDGE ( 'NONE', *, *, #3546, .F. ) ;
#1664 = CARTESIAN_POINT ( 'NONE',  ( 0.3199999999999998956, 0.9000000000000002442, -0.3200000000000000622 ) ) ;
#1665 = EDGE_CURVE ( 'NONE', #1120, #712, #947, .T. ) ;
#1666 = CARTESIAN_POINT ( 'NONE',  ( -1.626303258728256651E-16, -2.200000000000000622, -4.336808689942017736E-16 ) ) ;
#1667 = CARTESIAN_POINT ( 'NONE',  ( 0.6679289321881342056, 0.01000000000000002623, -1.242928932188134494 ) ) ;
#1668 = CARTESIAN_POINT ( 'NONE',  ( 0.3199999999999998956, 11.15358983848622287, -0.3099999999999998868 ) ) ;
#1669 = DIRECTION ( 'NONE',  ( -0.000000000000000000, 0.000000000000000000, -1.000000000000000000 ) ) ;
#1670 =( BOUNDED_CURVE ( )  B_SPLINE_CURVE ( 3, ( #3369, #1917, #2802, #3093 ),
 .UNSPECIFIED., .F., .F. ) 
 B_SPLINE_CURVE_WITH_KNOTS ( ( 4, 4 ),
 ( 5.624127271420919172, 6.942243342938268391 ),
 .UNSPECIFIED. ) 
 CURVE ( )  GEOMETRIC_REPRESENTATION_ITEM ( )  RATIONAL_B_SPLINE_CURVE ( ( 1.000000000000000000, 0.8603796100557155047, 0.8603796100557155047, 1.000000000000000000 ) ) 
 REPRESENTATION_ITEM ( '' )  );
#1671 = AXIS2_PLACEMENT_3D ( 'NONE', #522, #2608, #197 ) ;
#1672 = ADVANCED_FACE ( 'NONE', ( #3621 ), #2755, .F. ) ;
#1673 = FACE_OUTER_BOUND ( 'NONE', #1850, .T. ) ;
#1674 = DIRECTION ( 'NONE',  ( 0.7071067811865474617, 0.000000000000000000, 0.7071067811865474617 ) ) ;
#1675 = CARTESIAN_POINT ( 'NONE',  ( -0.6749999999999997113, 2.500000000000000000, 1.250000000000000666 ) ) ;
#1676 = ORIENTED_EDGE ( 'NONE', *, *, #1290, .F. ) ;
#1677 = ORIENTED_EDGE ( 'NONE', *, *, #339, .T. ) ;
#1678 = DIRECTION ( 'NONE',  ( -0.7071067811865475727, 0.000000000000000000, -0.7071067811865474617 ) ) ;
#1679 = EDGE_LOOP ( 'NONE', ( #3086, #190, #2798 ) ) ;
#1680 = DIRECTION ( 'NONE',  ( 0.000000000000000000, 0.000000000000000000, -1.000000000000000000 ) ) ;
#1681 = ORIENTED_EDGE ( 'NONE', *, *, #319, .T. ) ;
#1682 = CARTESIAN_POINT ( 'NONE',  ( 0.3104214140871991434, 0.3464101615137729073, -0.3199999999999999512 ) ) ;
#1683 = DIRECTION ( 'NONE',  ( 0.000000000000000000, 0.000000000000000000, 1.000000000000000000 ) ) ;
#1684 = CIRCLE ( 'NONE', #44, 0.01000000000000002623 ) ;
#1685 = ADVANCED_FACE ( 'NONE', ( #3664 ), #3324, .T. ) ;
#1686 = DIRECTION ( 'NONE',  ( 0.000000000000000000, 0.000000000000000000, -1.000000000000000000 ) ) ;
#1687 = CIRCLE ( 'NONE', #3042, 0.01000000000000002623 ) ;
#1688 = EDGE_CURVE ( 'NONE', #1816, #196, #462, .T. ) ;
#1689 = PRODUCT_CONTEXT ( 'NONE', #3770, 'mechanical' ) ;
#1690 = CIRCLE ( 'NONE', #2590, 0.01000000000000002623 ) ;
#1691 = CARTESIAN_POINT ( 'NONE',  ( -1.269999999999999574, 0.5000000000000000000, 0.7499999999999997780 ) ) ;
#1692 = CYLINDRICAL_SURFACE ( 'NONE', #1715, 0.01000000000000002623 ) ;
#1693 = VECTOR ( 'NONE', #1422, 1000.000000000000000 ) ;
#1694 = ADVANCED_FACE ( 'NONE', ( #3380 ), #1026, .T. ) ;
#1695 = CARTESIAN_POINT ( 'NONE',  ( -0.6749999999999997113, 0.01000000000000002623, 1.250000000000000666 ) ) ;
#1696 = EDGE_CURVE ( 'NONE', #3496, #1639, #1594, .T. ) ;
#1697 = ADVANCED_FACE ( 'NONE', ( #2779 ), #2202, .T. ) ;
#1698 = DIRECTION ( 'NONE',  ( 0.000000000000000000, 1.355252715606880740E-15, -1.000000000000000000 ) ) ;
#1699 = CARTESIAN_POINT ( 'NONE',  ( 0.6708578643762689309, 2.500000000000000000, -1.239999999999999991 ) ) ;
#1700 = CIRCLE ( 'NONE', #1509, 0.01000000000000002623 ) ;
#1701 = ORIENTED_EDGE ( 'NONE', *, *, #1688, .T. ) ;
#1702 = ORIENTED_EDGE ( 'NONE', *, *, #2224, .T. ) ;
#1703 = EDGE_CURVE ( 'NONE', #2555, #537, #2964, .T. ) ;
#1704 = CARTESIAN_POINT ( 'NONE',  ( -0.1142264973081042051, 0.004999999999999997502, 0.1228867513459485639 ) ) ;
#1705 = ORIENTED_EDGE ( 'NONE', *, *, #1886, .F. ) ;
#1706 = DIRECTION ( 'NONE',  ( -1.000000000000000000, 1.355252715606880937E-15, -7.824555201756080460E-16 ) ) ;
#1707 = AXIS2_PLACEMENT_3D ( 'NONE', #3478, #2042, #3730 ) ;
#1708 = VERTEX_POINT ( 'NONE', #380 ) ;
#1709 = CARTESIAN_POINT ( 'NONE',  ( -0.3200000000000001177, 0.3464101615137729628, -0.3199999999999999512 ) ) ;
#1710 = LINE ( 'NONE', #2572, #3292 ) ;
#1711 = PRODUCT_CONTEXT ( 'NONE', #413, 'mechanical' ) ;
#1712 = CARTESIAN_POINT ( 'NONE',  ( 0.000000000000000000, 0.000000000000000000, 0.000000000000000000 ) ) ;
#1713 = CARTESIAN_POINT ( 'NONE',  ( -0.1142264973081031781, 11.50000000000000000, 1.935072133388360662E-17 ) ) ;
#1714 = FACE_OUTER_BOUND ( 'NONE', #1511, .T. ) ;
#1715 = AXIS2_PLACEMENT_3D ( 'NONE', #3477, #2251, #1096 ) ;
#1716 = DIRECTION ( 'NONE',  ( -1.000000000000000000, 0.000000000000000000, -0.000000000000000000 ) ) ;
#1717 = DIRECTION ( 'NONE',  ( 0.000000000000000000, 1.000000000000000000, 0.000000000000000000 ) ) ;
#1718 = EDGE_CURVE ( 'NONE', #3323, #3565, #3462, .T. ) ;
#1719 = ORIENTED_EDGE ( 'NONE', *, *, #652, .T. ) ;
#1720 = ORIENTED_EDGE ( 'NONE', *, *, #641, .F. ) ;
#1721 = VECTOR ( 'NONE', #900, 1000.000000000000000 ) ;
#1722 = LINE ( 'NONE', #2510, #77 ) ;
#1723 = EDGE_LOOP ( 'NONE', ( #2125, #1284, #307, #633 ) ) ;
#1724 = SPHERICAL_SURFACE ( 'NONE', #3606, 0.01000000000000000021 ) ;
#1725 = EDGE_LOOP ( 'NONE', ( #829, #1024, #2514, #2319 ) ) ;
#1726 = LINE ( 'NONE', #2324, #3524 ) ;
#1727 = CYLINDRICAL_SURFACE ( 'NONE', #3784, 0.01000000000000002623 ) ;
#1728 = AXIS2_PLACEMENT_3D ( 'NONE', #421, #173, #3014 ) ;
#1729 = CIRCLE ( 'NONE', #1536, 0.02000000000000005246 ) ;
#1730 = DIRECTION ( 'NONE',  ( 2.891205793294678819E-16, -0.000000000000000000, 1.000000000000000000 ) ) ;
#1731 = DIRECTION ( 'NONE',  ( 1.000000000000000000, 1.355252715606879754E-15, -3.673419846319646360E-30 ) ) ;
#1732 = DIRECTION ( 'NONE',  ( 1.000000000000000000, -0.000000000000000000, 0.000000000000000000 ) ) ;
#1733 = PLANE ( 'NONE',  #2045 ) ;
#1734 = DIRECTION ( 'NONE',  ( 0.000000000000000000, -1.000000000000000000, -8.538092108323695779E-14 ) ) ;
#1735 = AXIS2_PLACEMENT_3D ( 'NONE', #437, #1945, #1388 ) ;
#1736 = ORIENTED_EDGE ( 'NONE', *, *, #2542, .T. ) ;
#1737 = EDGE_CURVE ( 'NONE', #1587, #1942, #1873, .T. ) ;
#1738 = EDGE_LOOP ( 'NONE', ( #871, #1002, #1522 ) ) ;
#1739 = ADVANCED_FACE ( 'NONE', ( #134 ), #2183, .T. ) ;
#1740 = DIRECTION ( 'NONE',  ( -0.4472135954999579277, -0.7745966692414834043, -0.4472135954999578722 ) ) ;
#1741 = EDGE_CURVE ( 'NONE', #2832, #1123, #3740, .T. ) ;
#1742 = ORIENTED_EDGE ( 'NONE', *, *, #3218, .T. ) ;
#1743 = CARTESIAN_POINT ( 'NONE',  ( -0.3193224092811622339, 11.15476346003734420, -0.3159672026817062496 ) ) ;
#1744 = ORIENTED_EDGE ( 'NONE', *, *, #2780, .F. ) ;
#1745 = EDGE_CURVE ( 'NONE', #712, #379, #2813, .T. ) ;
#1746 = EDGE_CURVE ( 'NONE', #3500, #2321, #3443, .T. ) ;
#1747 = DIRECTION ( 'NONE',  ( 0.000000000000000000, 0.000000000000000000, -1.000000000000000000 ) ) ;
#1748 = DIRECTION ( 'NONE',  ( 0.000000000000000000, 0.000000000000000000, 1.000000000000000000 ) ) ;
#1749 = AXIS2_PLACEMENT_3D ( 'NONE', #3143, #2315, #3492 ) ;
#1750 = DIRECTION ( 'NONE',  ( 0.000000000000000000, 0.000000000000000000, -1.000000000000000000 ) ) ;
#1751 = AXIS2_PLACEMENT_3D ( 'NONE', #1066, #2809, #189 ) ;
#1752 = CYLINDRICAL_SURFACE ( 'NONE', #353, 0.01000000000000002623 ) ;
#1753 = LINE ( 'NONE', #242, #2648 ) ;
#1754 = VECTOR ( 'NONE', #3490, 1000.000000000000000 ) ;
#1755 = CARTESIAN_POINT ( 'NONE',  ( -1.179142135623731047, -1.503005322678532707, -0.7499999999999997780 ) ) ;
#1756 = FACE_OUTER_BOUND ( 'NONE', #1189, .T. ) ;
#1757 = ORIENTED_EDGE ( 'NONE', *, *, #2774, .F. ) ;
#1758 = AXIS2_PLACEMENT_3D ( 'NONE', #3707, #1128, #255 ) ;
#1759 = EDGE_LOOP ( 'NONE', ( #2720, #2778, #2677, #492 ) ) ;
#1760 = DIRECTION ( 'NONE',  ( -8.470329472543003391E-17, 0.000000000000000000, -1.000000000000000000 ) ) ;
#1761 = ORIENTED_EDGE ( 'NONE', *, *, #3531, .T. ) ;
#1762 = DIRECTION ( 'NONE',  ( -1.000000000000000000, -0.000000000000000000, 0.000000000000000000 ) ) ;
#1763 = ORIENTED_EDGE ( 'NONE', *, *, #2881, .F. ) ;
#1764 = ADVANCED_FACE ( 'NONE', ( #2882 ), #3167, .T. ) ;
#1765 = CARTESIAN_POINT ( 'NONE',  ( -0.1228867513459475647, 11.49499999999999922, -0.1142264973081022067 ) ) ;
#1766 = VERTEX_POINT ( 'NONE', #1122 ) ;
#1767 = CONTEXT_DEPENDENT_SHAPE_REPRESENTATION ( #795, #2109 ) ;
#1768 = DIRECTION ( 'NONE',  ( 0.000000000000000000, -1.000000000000000000, 0.000000000000000000 ) ) ;
#1769 = CARTESIAN_POINT ( 'NONE',  ( 0.1142264973081040663, 0.01000000000000000021, -0.1142264973081040941 ) ) ;
#1770 = DIRECTION ( 'NONE',  ( -1.000000000000000000, 0.000000000000000000, 0.000000000000000000 ) ) ;
#1771 = VECTOR ( 'NONE', #3089, 1000.000000000000000 ) ;
#1772 = CARTESIAN_POINT ( 'NONE',  ( -1.269999999999999574, 0.5000000000000000000, 0.7499999999999997780 ) ) ;
#1773 = CARTESIAN_POINT ( 'NONE',  ( -0.3112600429262814550, 0.3462721118061212189, 0.3199202969641258276 ) ) ;
#1775 = EDGE_CURVE ( 'NONE', #1871, #3378, #536, .T. ) ;
#1774 = AXIS2_PLACEMENT_3D ( 'NONE', #2322, #602, #3315 ) ;
#1776 = VERTEX_POINT ( 'NONE', #830 ) ;
#1777 = CARTESIAN_POINT ( 'NONE',  ( -1.259999999999999787, 2.500000000000000000, 0.5099999999999990097 ) ) ;
#1778 = ORIENTED_EDGE ( 'NONE', *, *, #2943, .T. ) ;
#1779 = CIRCLE ( 'NONE', #2026, 0.01000000000000001409 ) ;
#1780 = CARTESIAN_POINT ( 'NONE',  ( -0.3104214140871992544, 0.3464101615137730183, 0.3200000000000000622 ) ) ;
#1781 = ORIENTED_EDGE ( 'NONE', *, *, #3468, .F. ) ;
#1782 = EDGE_CURVE ( 'NONE', #3246, #1843, #3756, .T. ) ;
#1783 = CARTESIAN_POINT ( 'NONE',  ( 0.1142264973081030949, 11.49000000000000021, 0.1142264973081031781 ) ) ;
#1784 = VECTOR ( 'NONE', #3502, 1000.000000000000000 ) ;
#1785 = ORIENTED_EDGE ( 'NONE', *, *, #939, .F. ) ;
#1786 = DIRECTION ( 'NONE',  ( 0.000000000000000000, 1.000000000000000000, 0.000000000000000000 ) ) ;
#1787 = ADVANCED_FACE ( 'NONE', ( #2567 ), #2898, .T. ) ;
#1788 = CYLINDRICAL_SURFACE ( 'NONE', #1621, 0.01000000000000002623 ) ;
#1789 = VECTOR ( 'NONE', #3687, 999.9999999999998863 ) ;
#1790 = VECTOR ( 'NONE', #1004, 1000.000000000000000 ) ;
#1791 = CARTESIAN_POINT ( 'NONE',  ( -1.165000000000000258, 2.490000000000000213, -0.7458578643762689975 ) ) ;
#1792 = EDGE_CURVE ( 'NONE', #2357, #2553, #3405, .T. ) ;
#1793 = ORIENTED_EDGE ( 'NONE', *, *, #3641, .F. ) ;
#1794 = ORIENTED_EDGE ( 'NONE', *, *, #1283, .T. ) ;
#1795 = DIRECTION ( 'NONE',  ( 0.000000000000000000, -1.000000000000000000, 0.000000000000000000 ) ) ;
#1796 = LINE ( 'NONE', #2104, #1974 ) ;
#1797 = AXIS2_PLACEMENT_3D ( 'NONE', #274, #834, #1431 ) ;
#1798 = ORIENTED_EDGE ( 'NONE', *, *, #1125, .T. ) ;
#1799 = DIRECTION ( 'NONE',  ( -0.000000000000000000, 0.000000000000000000, -1.000000000000000000 ) ) ;
#1800 = CARTESIAN_POINT ( 'NONE',  ( -0.3200000000000000622, 2.490000000000000213, 0.3199999999999999512 ) ) ;
#1801 = EDGE_LOOP ( 'NONE', ( #38, #2153, #1544, #1820 ) ) ;
#1802 = DIRECTION ( 'NONE',  ( 3.252606517456504467E-14, 0.000000000000000000, -1.000000000000000000 ) ) ;
#1803 = LINE ( 'NONE', #1513, #1252 ) ;
#1804 = CARTESIAN_POINT ( 'NONE',  ( -0.3200000000000000067, 11.50000000000000000, 0.3100000000000000533 ) ) ;
#1805 = EDGE_CURVE ( 'NONE', #2455, #2186, #759, .T. ) ;
#1806 = CARTESIAN_POINT ( 'NONE',  ( 1.175000000000000044, 2.495857864376268331, -0.5000000000000011102 ) ) ;
#1807 = FACE_OUTER_BOUND ( 'NONE', #1679, .T. ) ;
#1808 = VERTEX_POINT ( 'NONE', #810 ) ;
#1809 = EDGE_CURVE ( 'NONE', #301, #3496, #1722, .T. ) ;
#1810 = AXIS2_PLACEMENT_3D ( 'NONE', #3529, #298, #2675 ) ;
#1811 = EDGE_CURVE ( 'NONE', #3500, #2896, #382, .T. ) ;
#1812 = ORIENTED_EDGE ( 'NONE', *, *, #1703, .F. ) ;
#1813 = CIRCLE ( 'NONE', #2612, 0.01000000000000001409 ) ;
#1814 = CARTESIAN_POINT ( 'NONE',  ( -0.1228867513459475369, 11.49499999999999922, 2.081782543421286098E-17 ) ) ;
#1815 = CARTESIAN_POINT ( 'NONE',  ( -1.269999999999999574, 2.350000000000000089, 0.4999999999999990563 ) ) ;
#1816 = VERTEX_POINT ( 'NONE', #3682 ) ;
#1817 = EDGE_LOOP ( 'NONE', ( #3640, #3133, #1911, #608 ) ) ;
#1818 = DIRECTION ( 'NONE',  ( -0.7071067811865474617, 0.000000000000000000, -0.7071067811865474617 ) ) ;
#1819 = DIRECTION ( 'NONE',  ( 0.000000000000000000, -1.000000000000000000, 0.000000000000000000 ) ) ;
#1820 = ORIENTED_EDGE ( 'NONE', *, *, #2564, .F. ) ;
#1821 = FACE_OUTER_BOUND ( 'NONE', #1300, .T. ) ;
#1822 = DIRECTION ( 'NONE',  ( 0.7071067811865474617, 0.000000000000000000, -0.7071067811865474617 ) ) ;
#1823 = CARTESIAN_POINT ( 'NONE',  ( -0.6749999999999997113, 2.500000000000000000, -1.249999999999999778 ) ) ;
#1824 = LINE ( 'NONE', #2674, #1721 ) ;
#1825 = CYLINDRICAL_SURFACE ( 'NONE', #2242, 0.01000000000000002623 ) ;
#1826 = ORIENTED_EDGE ( 'NONE', *, *, #342, .F. ) ;
#1827 = DIRECTION ( 'NONE',  ( 0.000000000000000000, 0.000000000000000000, 1.000000000000000000 ) ) ;
#1828 = PRODUCT_DEFINITION_SHAPE ( 'NONE', 'NONE',  #3291 ) ;
#1829 = EDGE_LOOP ( 'NONE', ( #2952, #1172, #423, #2758 ) ) ;
#1830 = ORIENTED_EDGE ( 'NONE', *, *, #2477, .F. ) ;
#1831 = DIRECTION ( 'NONE',  ( 0.000000000000000000, 0.000000000000000000, -1.000000000000000000 ) ) ;
#1832 = COLOUR_RGB ( '',0.9686274509803921573, 0.8784313725490195957, 0.5999999999999999778 ) ;
#1833 = CARTESIAN_POINT ( 'NONE',  ( 1.179142135623731047, 0.5000000000000000000, -0.7500000000000001110 ) ) ;
#1834 = VECTOR ( 'NONE', #1161, 1000.000000000000000 ) ;
#1835 = AXIS2_PLACEMENT_3D ( 'NONE', #3453, #1418, #1093 ) ;
#1836 = CARTESIAN_POINT ( 'NONE',  ( 0.3099999999999998868, 11.50000000000000000, -0.3199999999999999512 ) ) ;
#1837 = VERTEX_POINT ( 'NONE', #1991 ) ;
#1838 = CARTESIAN_POINT ( 'NONE',  ( 1.175000000000000488, 0.5000000000000000000, 0.7499999999999997780 ) ) ;
#1839 = DIRECTION ( 'NONE',  ( -0.000000000000000000, 0.000000000000000000, -1.000000000000000000 ) ) ;
#1840 = PLANE ( 'NONE',  #3227 ) ;
#1841 = EDGE_LOOP ( 'NONE', ( #2437, #1473, #3674, #3166, #814, #1350 ) ) ;
#1842 = LINE ( 'NONE', #396, #490 ) ;
#1843 = VERTEX_POINT ( 'NONE', #1704 ) ;
#1844 = AXIS2_PLACEMENT_3D ( 'NONE', #2839, #3720, #210 ) ;
#1845 = CARTESIAN_POINT ( 'NONE',  ( -1.179142135623730825, 2.500000000000000000, 0.7600000000000004530 ) ) ;
#1846 = CARTESIAN_POINT ( 'NONE',  ( 0.3099999999999999978, 11.50000000000000000, 0.3100000000000000533 ) ) ;
#1847 = CIRCLE ( 'NONE', #1707, 0.01000000000000001409 ) ;
#1848 = AXIS2_PLACEMENT_3D ( 'NONE', #142, #1918, #2212 ) ;
#1849 = EDGE_CURVE ( 'NONE', #3363, #3246, #754, .T. ) ;
#1850 = EDGE_LOOP ( 'NONE', ( #2603, #1879, #1551, #503 ) ) ;
#1851 = ORIENTED_EDGE ( 'NONE', *, *, #3422, .T. ) ;
#1852 =( REPRESENTATION_RELATIONSHIP ('NONE','NONE', #637, #257 ) REPRESENTATION_RELATIONSHIP_WITH_TRANSFORMATION ( #1215 )SHAPE_REPRESENTATION_RELATIONSHIP( ) );
#1853 = EDGE_CURVE ( 'NONE', #2020, #2523, #1565, .T. ) ;
#1854 = CARTESIAN_POINT ( 'NONE',  ( -0.3300000000000001266, 2.500000000000000000, 2.795208725939192352E-17 ) ) ;
#1855 = AXIS2_PLACEMENT_3D ( 'NONE', #3101, #2506, #2237 ) ;
#1856 = ADVANCED_FACE ( 'NONE', ( #1931 ), #1658, .T. ) ;
#1857 = PLANE ( 'NONE',  #965 ) ;
#1858 = VERTEX_POINT ( 'NONE', #1373 ) ;
#1859 = DIRECTION ( 'NONE',  ( 1.000000000000000000, 0.000000000000000000, 0.000000000000000000 ) ) ;
#1860 = ORIENTED_EDGE ( 'NONE', *, *, #99, .F. ) ;
#1861 = DIRECTION ( 'NONE',  ( -1.000000000000000000, 0.000000000000000000, 0.000000000000000000 ) ) ;
#1862 = CARTESIAN_POINT ( 'NONE',  ( -1.259999999999999787, 2.500000000000000000, 0.7400000000000004352 ) ) ;
#1863 = EDGE_LOOP ( 'NONE', ( #685, #1157, #406, #3550 ) ) ;
#1864 = DIRECTION ( 'NONE',  ( 1.000000000000000000, 0.000000000000000000, -5.706327223607941615E-15 ) ) ;
#1865 = EDGE_LOOP ( 'NONE', ( #720, #3520, #3007 ) ) ;
#1866 = CARTESIAN_POINT ( 'NONE',  ( 0.000000000000000000, 11.49000000000000021, 0.1142264973081031781 ) ) ;
#1867 = CARTESIAN_POINT ( 'NONE',  ( 0.6779289321881348807, 2.490000000000000213, 1.247071067811865941 ) ) ;
#1868 = AXIS2_PLACEMENT_3D ( 'NONE', #2220, #1369, #2547 ) ;
#1869 = ORIENTED_EDGE ( 'NONE', *, *, #1167, .T. ) ;
#1870 = VECTOR ( 'NONE', #356, 1000.000000000000000 ) ;
#1871 = VERTEX_POINT ( 'NONE', #2550 ) ;
#1872 = VECTOR ( 'NONE', #101, 1000.000000000000000 ) ;
#1873 = LINE ( 'NONE', #95, #3266 ) ;
#1874 = CARTESIAN_POINT ( 'NONE',  ( 0.000000000000000000, 0.000000000000000000, 0.000000000000000000 ) ) ;
#1875 = ORIENTED_EDGE ( 'NONE', *, *, #1809, .F. ) ;
#1876 = CARTESIAN_POINT ( 'NONE',  ( -0.6779289321881342145, 2.490000000000000213, 1.247071067811866163 ) ) ;
#1877 = EDGE_CURVE ( 'NONE', #2699, #3091, #1087, .T. ) ;
#1878 = CARTESIAN_POINT ( 'NONE',  ( 0.1142264973081030671, 11.49000000000000021, -0.1142264973081030810 ) ) ;
#1879 = ORIENTED_EDGE ( 'NONE', *, *, #335, .T. ) ;
#1880 = CARTESIAN_POINT ( 'NONE',  ( 0.3099999999999999978, 11.50000000000000000, 0.3200000000000000622 ) ) ;
#1881 = CARTESIAN_POINT ( 'NONE',  ( -1.269999999999999796, 2.350000000000000089, -0.5000000000000008882 ) ) ;
#1882 = CARTESIAN_POINT ( 'NONE',  ( 0.1142264973081041080, 0.01000000000000000021, 0.1142264973081042190 ) ) ;
#1883 = ORIENTED_EDGE ( 'NONE', *, *, #2428, .T. ) ;
#1884 = LINE ( 'NONE', #1280, #232 ) ;
#1885 = ORIENTED_EDGE ( 'NONE', *, *, #3365, .F. ) ;
#1886 = EDGE_CURVE ( 'NONE', #2046, #1648, #2379, .T. ) ;
#1887 = CARTESIAN_POINT ( 'NONE',  ( 0.1142264973081041080, 0.000000000000000000, 0.1142264973081042190 ) ) ;
#1888 = CARTESIAN_POINT ( 'NONE',  ( 1.175000000000000044, 2.350000000000000089, -0.5000000000000011102 ) ) ;
#1889 = EDGE_LOOP ( 'NONE', ( #3230, #653, #2638, #1610 ) ) ;
#1890 = ORIENTED_EDGE ( 'NONE', *, *, #1167, .F. ) ;
#1891 = DIRECTION ( 'NONE',  ( -1.564911040351217078E-15, -2.710505431213763057E-15, -1.000000000000000000 ) ) ;
#1892 = AXIS2_PLACEMENT_3D ( 'NONE', #1413, #1706, #778 ) ;
#1893 = CARTESIAN_POINT ( 'NONE',  ( 0.08907179676972412641, 11.53856921938165137, -0.09773205080756842966 ) ) ;
#1894 = VERTEX_POINT ( 'NONE', #3239 ) ;
#1895 = EDGE_CURVE ( 'NONE', #3647, #3363, #867, .T. ) ;
#1896 = CARTESIAN_POINT ( 'NONE',  ( -0.3199733969465146100, 11.15363591632649509, -0.3108419876365752788 ) ) ;
#1897 = CARTESIAN_POINT ( 'NONE',  ( -0.6708578643762688198, 2.490000000000000213, 1.250000000000000666 ) ) ;
#1898 = ORIENTED_EDGE ( 'NONE', *, *, #984, .F. ) ;
#1899 = DIRECTION ( 'NONE',  ( -0.7071067811865477948, 0.000000000000000000, -0.7071067811865473507 ) ) ;
#1900 =( NAMED_UNIT ( * ) SI_UNIT ( $, .STERADIAN. ) SOLID_ANGLE_UNIT ( ) );
#1901 = DIRECTION ( 'NONE',  ( -0.000000000000000000, 1.000000000000000000, -0.000000000000000000 ) ) ;
#1902 = LINE ( 'NONE', #471, #2177 ) ;
#1903 = AXIS2_PLACEMENT_3D ( 'NONE', #3137, #199, #1359 ) ;
#1904 = EDGE_CURVE ( 'NONE', #1984, #674, #600, .T. ) ;
#1905 = EDGE_LOOP ( 'NONE', ( #2216, #321, #1781, #1676 ) ) ;
#1906 = EDGE_CURVE ( 'NONE', #2976, #1766, #1153, .T. ) ;
#1907 = LINE ( 'NONE', #3081, #2604 ) ;
#1908 = ORIENTED_EDGE ( 'NONE', *, *, #3090, .T. ) ;
#1909 = FACE_OUTER_BOUND ( 'NONE', #2663, .T. ) ;
#1910 = ADVANCED_FACE ( 'NONE', ( #1427 ), #3259, .T. ) ;
#1911 = ORIENTED_EDGE ( 'NONE', *, *, #215, .F. ) ;
#1912 = EDGE_LOOP ( 'NONE', ( #228, #1248, #2008, #1105 ) ) ;
#1913 = CARTESIAN_POINT ( 'NONE',  ( 0.1142264973081040524, 0.01000000000000000194, -0.1142264973081041218 ) ) ;
#1914 = ORIENTED_EDGE ( 'NONE', *, *, #1607, .F. ) ;
#1915 = FACE_OUTER_BOUND ( 'NONE', #1863, .T. ) ;
#1916 = DIRECTION ( 'NONE',  ( 1.000000000000000000, -0.000000000000000000, 0.000000000000000000 ) ) ;
#1917 = CARTESIAN_POINT ( 'NONE',  ( 0.3159672026817061941, 0.3452365399626488585, 0.3193224092811611792 ) ) ;
#1918 = DIRECTION ( 'NONE',  ( 0.000000000000000000, 0.000000000000000000, 1.000000000000000000 ) ) ;
#1919 = FACE_OUTER_BOUND ( 'NONE', #515, .T. ) ;
#1920 = DIRECTION ( 'NONE',  ( -0.7071067811865479058, 0.000000000000000000, -0.7071067811865472397 ) ) ;
#1921 = ORIENTED_EDGE ( 'NONE', *, *, #2378, .F. ) ;
#1922 = EDGE_CURVE ( 'NONE', #127, #3379, #1168, .T. ) ;
#1923 = CYLINDRICAL_SURFACE ( 'NONE', #3598, 0.01000000000000002623 ) ;
#1924 = ORIENTED_EDGE ( 'NONE', *, *, #1405, .T. ) ;
#1925 = CARTESIAN_POINT ( 'NONE',  ( 1.179142135623731491, 2.500000000000000000, 0.7600000000000001199 ) ) ;
#1926 = FACE_OUTER_BOUND ( 'NONE', #3067, .T. ) ;
#1927 = ORIENTED_EDGE ( 'NONE', *, *, #3669, .T. ) ;
#1928 = EDGE_CURVE ( 'NONE', #2976, #2553, #1796, .T. ) ;
#1929 = ORIENTED_EDGE ( 'NONE', *, *, #966, .T. ) ;
#1930 = VECTOR ( 'NONE', #3712, 1000.000000000000000 ) ;
#1931 = FACE_OUTER_BOUND ( 'NONE', #3628, .T. ) ;
#1932 = CYLINDRICAL_SURFACE ( 'NONE', #1266, 0.009999999999999903064 ) ;
#1933 = ORIENTED_EDGE ( 'NONE', *, *, #2856, .F. ) ;
#1934 = AXIS2_PLACEMENT_3D ( 'NONE', #1791, #744, #2914 ) ;
#1935 = AXIS2_PLACEMENT_3D ( 'NONE', #370, #3022, #3527 ) ;
#1936 = DIRECTION ( 'NONE',  ( 1.000000000000000000, -0.000000000000000000, -0.000000000000000000 ) ) ;
#1937 = ADVANCED_FACE ( 'NONE', ( #1156 ), #2602, .T. ) ;
#1938 = CARTESIAN_POINT ( 'NONE',  ( 0.000000000000000000, 2.350000000000000089, 0.000000000000000000 ) ) ;
#1939 = CARTESIAN_POINT ( 'NONE',  ( 2.540000000000000480, -2.200000000000000622, -8.441811648614345412E-16 ) ) ;
#1940 = CARTESIAN_POINT ( 'NONE',  ( 1.179142135623731491, 0.5000000000000000000, 0.7600000000000001199 ) ) ;
#1941 = CARTESIAN_POINT ( 'NONE',  ( -1.150857864376268580, 0.000000000000000000, -0.7600000000000001199 ) ) ;
#1942 = VERTEX_POINT ( 'NONE', #1483 ) ;
#1943 = LINE ( 'NONE', #3122, #3774 ) ;
#1944 = ORIENTED_EDGE ( 'NONE', *, *, #1792, .F. ) ;
#1945 = DIRECTION ( 'NONE',  ( -1.000000000000000000, 1.355252715606880345E-15, 7.824555201756075530E-16 ) ) ;
#1946 = CYLINDRICAL_SURFACE ( 'NONE', #2367, 0.01000000000000002623 ) ;
#1947 = ORIENTED_EDGE ( 'NONE', *, *, #124, .F. ) ;
#1948 = VERTEX_POINT ( 'NONE', #1465 ) ;
#1949 = CARTESIAN_POINT ( 'NONE',  ( 1.265857864376269459, 2.500000000000000000, 0.7458578643762693305 ) ) ;
#1950 = DIRECTION ( 'NONE',  ( 1.000000000000000000, 0.000000000000000000, -1.606225440719266613E-16 ) ) ;
#1951 = ORIENTED_EDGE ( 'NONE', *, *, #2951, .T. ) ;
#1952 = VECTOR ( 'NONE', #3643, 1000.000000000000000 ) ;
#1953 = CARTESIAN_POINT ( 'NONE',  ( 0.3099999999999998868, 0.3464101615137729628, -0.3199999999999999512 ) ) ;
#1954 = CARTESIAN_POINT ( 'NONE',  ( -1.164999999999999813, 2.490000000000000213, 0.7458578643762696636 ) ) ;
#1955 = DIRECTION ( 'NONE',  ( -1.000000000000000000, 0.000000000000000000, 1.606225440719266613E-16 ) ) ;
#1956 = DIRECTION ( 'NONE',  ( 1.000000000000000000, 0.000000000000000000, 0.000000000000000000 ) ) ;
#1957 = CARTESIAN_POINT ( 'NONE',  ( 0.3199202969641256056, 0.3462721118061212189, -0.3112600429262813440 ) ) ;
#1958 = LINE ( 'NONE', #2559, #2182 ) ;
#1959 = MECHANICAL_DESIGN_GEOMETRIC_PRESENTATION_REPRESENTATION (  '', ( #2890 ), #3381 ) ;
#1960 = DIRECTION ( 'NONE',  ( 1.000000000000000000, 0.000000000000000000, 0.000000000000000000 ) ) ;
#1961 = FACE_OUTER_BOUND ( 'NONE', #2840, .T. ) ;
#1962 = AXIS2_PLACEMENT_3D ( 'NONE', #1361, #3158, #762 ) ;
#1963 = FACE_OUTER_BOUND ( 'NONE', #2528, .T. ) ;
#1964 = DIRECTION ( 'NONE',  ( -1.000000000000000000, -0.000000000000000000, -0.000000000000000000 ) ) ;
#1965 =( BOUNDED_CURVE ( )  B_SPLINE_CURVE ( 3, ( #3476, #2925, #1457, #2649 ),
 .UNSPECIFIED., .F., .F. ) 
 B_SPLINE_CURVE_WITH_KNOTS ( ( 4, 4 ),
 ( 4.712388980384680792, 6.283185307179586232 ),
 .UNSPECIFIED. ) 
 CURVE ( )  GEOMETRIC_REPRESENTATION_ITEM ( )  RATIONAL_B_SPLINE_CURVE ( ( 1.000000000000000000, 0.8047378541243628280, 0.8047378541243628280, 1.000000000000000000 ) ) 
 REPRESENTATION_ITEM ( '' )  );
#1966 = ORIENTED_EDGE ( 'NONE', *, *, #3719, .F. ) ;
#1967 = ORIENTED_EDGE ( 'NONE', *, *, #735, .T. ) ;
#1968 = DIRECTION ( 'NONE',  ( -0.000000000000000000, 1.000000000000000000, -0.000000000000000000 ) ) ;
#1969 = ADVANCED_FACE ( 'NONE', ( #3568 ), #3549, .F. ) ;
#1970 = FACE_OUTER_BOUND ( 'NONE', #521, .T. ) ;
#1971 = ADVANCED_FACE ( 'NONE', ( #2340 ), #2975, .F. ) ;
#1972 = ORIENTED_EDGE ( 'NONE', *, *, #702, .F. ) ;
#1973 = VECTOR ( 'NONE', #2887, 1000.000000000000000 ) ;
#1974 = VECTOR ( 'NONE', #2641, 1000.000000000000000 ) ;
#1975 = LINE ( 'NONE', #1661, #517 ) ;
#1976 = DIRECTION ( 'NONE',  ( 0.000000000000000000, -0.000000000000000000, -1.000000000000000000 ) ) ;
#1977 = EDGE_CURVE ( 'NONE', #623, #1984, #3002, .T. ) ;
#1978 = ADVANCED_FACE ( 'NONE', ( #1502 ), #847, .F. ) ;
#1979 = DIRECTION ( 'NONE',  ( 1.000000000000000000, 0.000000000000000000, 0.000000000000000000 ) ) ;
#1980 = ADVANCED_FACE ( 'NONE', ( #24 ), #2933, .T. ) ;
#1981 = APPLICATION_PROTOCOL_DEFINITION ( 'draft international standard', 'automotive_design', 1998, #673 ) ;
#1982 = CARTESIAN_POINT ( 'NONE',  ( -0.3200000000000000067, 11.15358983848622287, 0.3099999999999999978 ) ) ;
#1983 = DIRECTION ( 'NONE',  ( -0.000000000000000000, -1.000000000000000000, -0.000000000000000000 ) ) ;
#1984 = VERTEX_POINT ( 'NONE', #302 ) ;
#1985 = CIRCLE ( 'NONE', #3088, 0.01000000000000002623 ) ;
#1986 = CARTESIAN_POINT ( 'NONE',  ( 0.1228867513459474814, 11.49499999999999922, 0.1142264973081023177 ) ) ;
#1987 = DIRECTION ( 'NONE',  ( -0.7071067811865479058, 0.000000000000000000, -0.7071067811865472397 ) ) ;
#1988 = CARTESIAN_POINT ( 'NONE',  ( -1.175000000000000044, 2.495857864376268331, 0.4999999999999991673 ) ) ;
#1989 = EDGE_LOOP ( 'NONE', ( #1286, #3313, #2468, #1702, #676, #1487 ) ) ;
#1990 = ORIENTED_EDGE ( 'NONE', *, *, #933, .F. ) ;
#1991 = CARTESIAN_POINT ( 'NONE',  ( 0.6708578643762687088, 0.000000000000000000, -1.239999999999999991 ) ) ;
#1992 = VERTEX_POINT ( 'NONE', #1173 ) ;
#1993 = CARTESIAN_POINT ( 'NONE',  ( 0.1199999999999994404, 11.50000000000000000, -2.032879073410311569E-17 ) ) ;
#1994 = ORIENTED_EDGE ( 'NONE', *, *, #1099, .T. ) ;
#1995 = CARTESIAN_POINT ( 'NONE',  ( 1.269999999999999796, 2.490000000000000213, -0.7500000000000001110 ) ) ;
#1996 = AXIS2_PLACEMENT_3D ( 'NONE', #1888, #3583, #90 ) ;
#1997 = CARTESIAN_POINT ( 'NONE',  ( 0.3200000000000000067, 11.15358983848622110, 0.3104214140871990879 ) ) ;
#1998 = AXIS2_PLACEMENT_3D ( 'NONE', #3262, #624, #3586 ) ;
#1999 = EDGE_CURVE ( 'NONE', #687, #2976, #3532, .T. ) ;
#2000 = DIRECTION ( 'NONE',  ( 0.000000000000000000, 0.000000000000000000, 1.000000000000000000 ) ) ;
#2001 = AXIS2_PLACEMENT_3D ( 'NONE', #311, #1474, #2350 ) ;
#2002 = FACE_OUTER_BOUND ( 'NONE', #2717, .T. ) ;
#2003 = VERTEX_POINT ( 'NONE', #1193 ) ;
#2004 = DIRECTION ( 'NONE',  ( -1.000000000000000000, -0.000000000000000000, -0.000000000000000000 ) ) ;
#2005 = CARTESIAN_POINT ( 'NONE',  ( 1.175000000000000044, 2.350000000000000089, -0.5000000000000011102 ) ) ;
#2006 = FACE_OUTER_BOUND ( 'NONE', #3374, .T. ) ;
#2007 = ORIENTED_EDGE ( 'NONE', *, *, #438, .F. ) ;
#2008 = ORIENTED_EDGE ( 'NONE', *, *, #2498, .F. ) ;
#2009 = DIRECTION ( 'NONE',  ( 0.7071067811865474617, 0.000000000000000000, 0.7071067811865474617 ) ) ;
#2010 = EDGE_CURVE ( 'NONE', #1808, #1894, #2885, .T. ) ;
#2011 = ORIENTED_EDGE ( 'NONE', *, *, #254, .F. ) ;
#2012 = CARTESIAN_POINT ( 'NONE',  ( -1.174999999999999822, 0.01000000000000002623, -0.7500000000000001110 ) ) ;
#2013 = VERTEX_POINT ( 'NONE', #1867 ) ;
#2014 = LINE ( 'NONE', #1376, #1287 ) ;
#2015 = CARTESIAN_POINT ( 'NONE',  ( -0.3200000000000000622, 0.3464101615137729073, -0.3104214140871991989 ) ) ;
#2016 = CARTESIAN_POINT ( 'NONE',  ( 5.080000000000000959, 0.000000000000000000, -8.210005917344654365E-16 ) ) ;
#2017 = CARTESIAN_POINT ( 'NONE',  ( 1.172071067811865985, 2.500000000000000000, 0.7529289321881346142 ) ) ;
#2018 = ADVANCED_FACE ( 'NONE', ( #2199 ), #3358, .F. ) ;
#2019 = EDGE_CURVE ( 'NONE', #3486, #2455, #656, .T. ) ;
#2020 = VERTEX_POINT ( 'NONE', #376 ) ;
#2021 = DIRECTION ( 'NONE',  ( -0.7071067811865473507, -0.000000000000000000, 0.7071067811865477948 ) ) ;
#2022 = CLOSED_SHELL ( 'NONE', ( #1104, #3226, #1971, #1328, #772, #498, #275, #2988, #811, #272, #1637, #2101, #2385, #1409, #2724, #851, #681, #1764, #1317, #154, #3671, #1212, #3474, #817, #2027, #107, #1856, #2256, #2981, #894, #1787, #185, #3387, #1563, #525, #1937, #424, #3325, #1476, #2895, #959, #2301 ) ) ;
#2023 = EDGE_CURVE ( 'NONE', #2200, #1606, #2304, .T. ) ;
#2024 = LINE ( 'NONE', #3199, #3504 ) ;
#2025 = LINE ( 'NONE', #2599, #1311 ) ;
#2026 = AXIS2_PLACEMENT_3D ( 'NONE', #2765, #1275, #3350 ) ;
#2027 = ADVANCED_FACE ( 'NONE', ( #3319 ), #1574, .T. ) ;
#2028 = EDGE_CURVE ( 'NONE', #1894, #2197, #1295, .T. ) ;
#2029 = ORIENTED_EDGE ( 'NONE', *, *, #292, .T. ) ;
#2030 = AXIS2_PLACEMENT_3D ( 'NONE', #3522, #2628, #78 ) ;
#2031 = ORIENTED_EDGE ( 'NONE', *, *, #59, .T. ) ;
#2032 = CARTESIAN_POINT ( 'NONE',  ( 1.175000000000000044, 2.490000000000000213, -0.5000000000000011102 ) ) ;
#2033 = ORIENTED_EDGE ( 'NONE', *, *, #2092, .T. ) ;
#2034 = LINE ( 'NONE', #3241, #2303 ) ;
#2035 = VERTEX_POINT ( 'NONE', #114 ) ;
#2036 = CYLINDRICAL_SURFACE ( 'NONE', #2552, 0.01000000000000001409 ) ;
#2037 = CARTESIAN_POINT ( 'NONE',  ( 1.259999999999999787, 2.500000000000000000, -0.5100000000000011191 ) ) ;
#2038 = AXIS2_PLACEMENT_3D ( 'NONE', #777, #1636, #267 ) ;
#2039 = VECTOR ( 'NONE', #2391, 1000.000000000000000 ) ;
#2040 = CARTESIAN_POINT ( 'NONE',  ( -1.179142135623731047, -1.503005322678532707, -0.7599999999999997868 ) ) ;
#2041 = DIRECTION ( 'NONE',  ( 0.000000000000000000, 0.000000000000000000, 1.000000000000000000 ) ) ;
#2042 = DIRECTION ( 'NONE',  ( 0.7071067811865475727, -1.533293416683370135E-14, 0.7071067811865475727 ) ) ;
#2043 = CARTESIAN_POINT ( 'NONE',  ( -0.6708578643762688198, 2.490000000000000213, -1.239999999999999769 ) ) ;
#2044 = DIRECTION ( 'NONE',  ( 0.000000000000000000, 0.000000000000000000, -1.000000000000000000 ) ) ;
#2045 = AXIS2_PLACEMENT_3D ( 'NONE', #243, #3772, #2948 ) ;
#2046 = VERTEX_POINT ( 'NONE', #2238 ) ;
#2047 = ORIENTED_EDGE ( 'NONE', *, *, #3099, .T. ) ;
#2048 = EDGE_CURVE ( 'NONE', #2553, #2003, #280, .T. ) ;
#2049 = CARTESIAN_POINT ( 'NONE',  ( -0.3200000000000001177, 11.50000000000000000, -0.3199999999999999512 ) ) ;
#2050 = ORIENTED_EDGE ( 'NONE', *, *, #650, .T. ) ;
#2051 = CARTESIAN_POINT ( 'NONE',  ( 1.265857864376269237, 2.500000000000000000, 0.5041421356237296703 ) ) ;
#2052 = ORIENTED_EDGE ( 'NONE', *, *, #1192, .F. ) ;
#2053 = LINE ( 'NONE', #2922, #644 ) ;
#2054 = CARTESIAN_POINT ( 'NONE',  ( -0.6708578643762690419, 2.490000000000000213, -1.239999999999999769 ) ) ;
#2055 = ADVANCED_FACE ( 'NONE', ( #3715 ), #1348, .T. ) ;
#2056 = CARTESIAN_POINT ( 'NONE',  ( 0.1142264973081031920, 11.49499999999999922, 0.1228867513459475369 ) ) ;
#2057 = VECTOR ( 'NONE', #1258, 1000.000000000000000 ) ;
#2058 = CARTESIAN_POINT ( 'NONE',  ( -0.3100000000000001088, 11.50000000000000000, -0.3099999999999999423 ) ) ;
#2059 = CYLINDRICAL_SURFACE ( 'NONE', #2180, 0.009999999999999903064 ) ;
#2060 = VECTOR ( 'NONE', #3285, 1000.000000000000000 ) ;
#2061 = FACE_OUTER_BOUND ( 'NONE', #691, .T. ) ;
#2062 = FACE_OUTER_BOUND ( 'NONE', #3186, .T. ) ;
#2063 = ORIENTED_EDGE ( 'NONE', *, *, #1387, .T. ) ;
#2064 = AXIS2_PLACEMENT_3D ( 'NONE', #1475, #1183, #952 ) ;
#2065 = ORIENTED_EDGE ( 'NONE', *, *, #2208, .T. ) ;
#2066 = DIRECTION ( 'NONE',  ( 0.000000000000000000, 1.000000000000000000, 0.000000000000000000 ) ) ;
#2067 = ORIENTED_EDGE ( 'NONE', *, *, #3419, .F. ) ;
#2068 = LINE ( 'NONE', #87, #3737 ) ;
#2069 =( BOUNDED_CURVE ( )  B_SPLINE_CURVE ( 3, ( #1609, #3084, #2791, #1324 ),
 .UNSPECIFIED., .F., .F. ) 
 B_SPLINE_CURVE_WITH_KNOTS ( ( 4, 4 ),
 ( 0.000000000000000000, 1.570796326794896558 ),
 .UNSPECIFIED. ) 
 CURVE ( )  GEOMETRIC_REPRESENTATION_ITEM ( )  RATIONAL_B_SPLINE_CURVE ( ( 1.000000000000000000, 0.8047378541243649375, 0.8047378541243649375, 1.000000000000000000 ) ) 
 REPRESENTATION_ITEM ( '' )  );
#2070 = VERTEX_POINT ( 'NONE', #1389 ) ;
#2071 = CARTESIAN_POINT ( 'NONE',  ( 0.9554289321881350716, 2.490000000000000213, 0.9554289321881346275 ) ) ;
#2072 = EDGE_CURVE ( 'NONE', #3345, #2811, #946, .T. ) ;
#2073 = CARTESIAN_POINT ( 'NONE',  ( 1.260000000000000231, 2.500000000000000000, 0.4999999999999986122 ) ) ;
#2074 = ORIENTED_EDGE ( 'NONE', *, *, #1886, .T. ) ;
#2075 = DIRECTION ( 'NONE',  ( -1.000000000000000000, -0.000000000000000000, 4.694733121053634866E-15 ) ) ;
#2076 = DIRECTION ( 'NONE',  ( 0.000000000000000000, -0.4999999999999844569, -0.8660254037844475894 ) ) ;
#2077 = DIRECTION ( 'NONE',  ( -0.7071067811865259234, 0.000000000000000000, -0.7071067811865692221 ) ) ;
#2078 = SPHERICAL_SURFACE ( 'NONE', #3651, 0.01000000000000000021 ) ;
#2079 = EDGE_LOOP ( 'NONE', ( #2693, #3481, #1064, #2855 ) ) ;
#2080 = ORIENTED_EDGE ( 'NONE', *, *, #3760, .T. ) ;
#2081 =( NAMED_UNIT ( * ) PLANE_ANGLE_UNIT ( ) SI_UNIT ( $, .RADIAN. ) );
#2082 = DIRECTION ( 'NONE',  ( -1.000000000000000000, 0.000000000000000000, 0.000000000000000000 ) ) ;
#2083 = AXIS2_PLACEMENT_3D ( 'NONE', #3095, #3433, #3652 ) ;
#2084 = VERTEX_POINT ( 'NONE', #3418 ) ;
#2085 = ADVANCED_FACE ( 'NONE', ( #1083 ), #1946, .T. ) ;
#2086 = LINE ( 'NONE', #3600, #824 ) ;
#2087 = AXIS2_PLACEMENT_3D ( 'NONE', #2846, #2305, #3725 ) ;
#2088 = EDGE_CURVE ( 'NONE', #1708, #3407, #1540, .T. ) ;
#2089 = DIRECTION ( 'NONE',  ( 0.7071067811865479058, -0.000000000000000000, 0.7071067811865472397 ) ) ;
#2090 = ADVANCED_FACE ( 'NONE', ( #2525 ), #477, .T. ) ;
#2091 = DIRECTION ( 'NONE',  ( 0.000000000000000000, 0.000000000000000000, 1.000000000000000000 ) ) ;
#2092 = EDGE_CURVE ( 'NONE', #618, #960, #3438, .T. ) ;
#2093 = DIRECTION ( 'NONE',  ( 0.000000000000000000, 0.000000000000000000, -1.000000000000000000 ) ) ;
#2094 = LINE ( 'NONE', #2947, #2859 ) ;
#2095 = DIRECTION ( 'NONE',  ( -0.4472135954999578722, 0.7745966692414834043, -0.4472135954999578722 ) ) ;
#2096 = AXIS2_PLACEMENT_3D ( 'NONE', #3, #236, #1683 ) ;
#2097 = CARTESIAN_POINT ( 'NONE',  ( -0.3112600429262813995, 11.15372788819387395, -0.3199202969641255501 ) ) ;
#2098 = VECTOR ( 'NONE', #1831, 1000.000000000000000 ) ;
#2099 = CARTESIAN_POINT ( 'NONE',  ( -1.165000000000000036, 2.500000000000000000, 0.000000000000000000 ) ) ;
#2100 = CARTESIAN_POINT ( 'NONE',  ( -0.3217320508075690033, 0.3494101615137729655, -0.3130717967697244641 ) ) ;
#2101 = ADVANCED_FACE ( 'NONE', ( #789 ), #244, .F. ) ;
#2102 = ORIENTED_EDGE ( 'NONE', *, *, #657, .T. ) ;
#2103 = DIRECTION ( 'NONE',  ( -1.000000000000000000, 0.000000000000000000, 0.000000000000000000 ) ) ;
#2104 = CARTESIAN_POINT ( 'NONE',  ( -1.175000000000000044, 2.490000000000000213, 0.4999999999999991673 ) ) ;
#2105 = ORIENTED_EDGE ( 'NONE', *, *, #821, .F. ) ;
#2106 = AXIS2_PLACEMENT_3D ( 'NONE', #943, #2103, #1827 ) ;
#2107 = ORIENTED_EDGE ( 'NONE', *, *, #3553, .F. ) ;
#2108 = CARTESIAN_POINT ( 'NONE',  ( 1.259999999999999787, 2.500000000000000000, -0.7400000000000001021 ) ) ;
#2109 = PRODUCT_DEFINITION_SHAPE ( 'NONE', 'NONE',  #3790 ) ;
#2110 = CARTESIAN_POINT ( 'NONE',  ( 0.3199733969465142769, 0.3463640836734994677, -0.3108419876365757784 ) ) ;
#2111 = CARTESIAN_POINT ( 'NONE',  ( 0.3199999999999998956, 2.490000000000000213, -0.3200000000000000622 ) ) ;
#2112 = CARTESIAN_POINT ( 'NONE',  ( -1.269999999999999796, 2.490000000000000213, 0.4999999999999990563 ) ) ;
#2113 = VECTOR ( 'NONE', #3396, 1000.000000000000000 ) ;
#2114 = FACE_OUTER_BOUND ( 'NONE', #1659, .T. ) ;
#2115 = CARTESIAN_POINT ( 'NONE',  ( -0.6708578643762688198, 0.000000000000000000, 1.240000000000000657 ) ) ;
#2116 = VECTOR ( 'NONE', #2373, 1000.000000000000000 ) ;
#2117 = EDGE_LOOP ( 'NONE', ( #3237, #414, #1158, #3428 ) ) ;
#2118 = AXIS2_PLACEMENT_3D ( 'NONE', #2370, #2652, #35 ) ;
#2119 = DIRECTION ( 'NONE',  ( 0.000000000000000000, -1.000000000000000000, 0.000000000000000000 ) ) ;
#2120 = ORIENTED_EDGE ( 'NONE', *, *, #1895, .F. ) ;
#2121 = ORIENTED_EDGE ( 'NONE', *, *, #18, .F. ) ;
#2122 = CARTESIAN_POINT ( 'NONE',  ( -1.175000000000000044, 2.490000000000000213, -0.7499999999999997780 ) ) ;
#2123 = DIRECTION ( 'NONE',  ( 0.000000000000000000, -1.000000000000000000, 0.000000000000000000 ) ) ;
#2124 = LINE ( 'NONE', #120, #1872 ) ;
#2125 = ORIENTED_EDGE ( 'NONE', *, *, #3622, .T. ) ;
#2126 = CARTESIAN_POINT ( 'NONE',  ( -0.3112600429262813440, 11.15372788819387395, 0.3199202969641256611 ) ) ;
#2127 = CARTESIAN_POINT ( 'NONE',  ( 1.165000000000000480, 2.500000000000000000, 0.5099999999999992317 ) ) ;
#2128 = EDGE_CURVE ( 'NONE', #3217, #2811, #3588, .T. ) ;
#2129 = CARTESIAN_POINT ( 'NONE',  ( -0.6749999999999997113, 2.490000000000000213, -1.249999999999999778 ) ) ;
#2130 = ORIENTED_EDGE ( 'NONE', *, *, #1570, .F. ) ;
#2131 = CARTESIAN_POINT ( 'NONE',  ( -0.3099999999999999978, 0.3464101615137729628, 0.3200000000000000622 ) ) ;
#2132 = VECTOR ( 'NONE', #3665, 1000.000000000000000 ) ;
#2133 = ORIENTED_EDGE ( 'NONE', *, *, #222, .T. ) ;
#2134 = EDGE_CURVE ( 'NONE', #115, #2811, #3459, .T. ) ;
#2135 = CARTESIAN_POINT ( 'NONE',  ( 1.150857864376269690, 0.000000000000000000, 0.7599999999999997868 ) ) ;
#2136 = CARTESIAN_POINT ( 'NONE',  ( 0.3099999999999999978, 11.15358983848622287, 0.3200000000000000622 ) ) ;
#2137 = PRODUCT ( 'header-2.54-1x4', 'header-2.54-1x4', '', ( #3432 ) ) ;
#2138 = ADVANCED_FACE ( 'NONE', ( #1926 ), #533, .F. ) ;
#2139 = EDGE_CURVE ( 'NONE', #3680, #196, #2069, .T. ) ;
#2140 = VERTEX_POINT ( 'NONE', #826 ) ;
#2141 = ORIENTED_EDGE ( 'NONE', *, *, #176, .T. ) ;
#2142 = CARTESIAN_POINT ( 'NONE',  ( -1.179142135623731047, 2.490000000000000213, -0.7499999999999997780 ) ) ;
#2143 = VECTOR ( 'NONE', #1901, 1000.000000000000000 ) ;
#2144 = DIRECTION ( 'NONE',  ( 1.000000000000000000, 0.000000000000000000, 0.000000000000000000 ) ) ;
#2145 = ORIENTED_EDGE ( 'NONE', *, *, #1236, .F. ) ;
#2146 = AXIS2_PLACEMENT_3D ( 'NONE', #645, #2999, #293 ) ;
#2147 =( GEOMETRIC_REPRESENTATION_CONTEXT ( 3 ) GLOBAL_UNCERTAINTY_ASSIGNED_CONTEXT ( ( #3388 ) ) GLOBAL_UNIT_ASSIGNED_CONTEXT ( ( #2763, #2081, #1900 ) ) REPRESENTATION_CONTEXT ( 'NONE', 'WORKASPACE' ) );
#2148 = DIRECTION ( 'NONE',  ( 5.007715329123870038E-14, 8.673617379884404028E-14, 1.000000000000000000 ) ) ;
#2149 = DIRECTION ( 'NONE',  ( 1.000000000000000000, 0.000000000000000000, 0.000000000000000000 ) ) ;
#2150 = PLANE ( 'NONE',  #3416 ) ;
#2151 = ORIENTED_EDGE ( 'NONE', *, *, #3177, .T. ) ;
#2152 = CARTESIAN_POINT ( 'NONE',  ( -1.175000000000000044, 2.350000000000000089, -0.5000000000000008882 ) ) ;
#2153 = ORIENTED_EDGE ( 'NONE', *, *, #3013, .F. ) ;
#2154 = VECTOR ( 'NONE', #905, 1000.000000000000000 ) ;
#2155 = FACE_OUTER_BOUND ( 'NONE', #171, .T. ) ;
#2156 = ADVANCED_FACE ( 'NONE', ( #801 ), #1094, .T. ) ;
#2157 = ORIENTED_EDGE ( 'NONE', *, *, #551, .F. ) ;
#2158 = ORIENTED_EDGE ( 'NONE', *, *, #453, .F. ) ;
#2159 = EDGE_CURVE ( 'NONE', #1442, #3384, #2343, .T. ) ;
#2160 = CARTESIAN_POINT ( 'NONE',  ( 0.7200000000000007505, 0.5000000000000000000, 0.7499999999999997780 ) ) ;
#2161 = CIRCLE ( 'NONE', #3033, 0.01000000000000002623 ) ;
#2162 = CARTESIAN_POINT ( 'NONE',  ( -0.6708578643762688198, 0.01000000000000002623, 1.240000000000000657 ) ) ;
#2163 = VERTEX_POINT ( 'NONE', #3677 ) ;
#2164 = DIRECTION ( 'NONE',  ( -1.000000000000000000, 0.000000000000000000, 0.000000000000000000 ) ) ;
#2165 = DIRECTION ( 'NONE',  ( 1.000000000000000000, 0.000000000000000000, 3.252606517456505098E-14 ) ) ;
#2166 = VERTEX_POINT ( 'NONE', #844 ) ;
#2167 = DIRECTION ( 'NONE',  ( 0.7071067811865479058, -0.000000000000000000, 0.7071067811865472397 ) ) ;
#2168 = EDGE_CURVE ( 'NONE', #1375, #57, #2980, .T. ) ;
#2169 = SURFACE_STYLE_USAGE ( .BOTH. , #993 ) ;
#2170 = LINE ( 'NONE', #3119, #912 ) ;
#2171 = DIRECTION ( 'NONE',  ( 1.000000000000000000, 0.000000000000000000, -2.891205793294689666E-16 ) ) ;
#2172 = ORIENTED_EDGE ( 'NONE', *, *, #919, .F. ) ;
#2173 = DIRECTION ( 'NONE',  ( -0.4472135954999866270, 0.7745966692414790744, -0.4472135954999368890 ) ) ;
#2174 = ORIENTED_EDGE ( 'NONE', *, *, #1877, .F. ) ;
#2175 = DIRECTION ( 'NONE',  ( 0.000000000000000000, -0.000000000000000000, 1.000000000000000000 ) ) ;
#2176 = CARTESIAN_POINT ( 'NONE',  ( 0.3112600429262812884, 11.15372788819387395, 0.3199202969641257166 ) ) ;
#2177 = VECTOR ( 'NONE', #1341, 1000.000000000000000 ) ;
#2178 = ADVANCED_FACE ( 'NONE', ( #3512 ), #2618, .F. ) ;
#2179 = EDGE_LOOP ( 'NONE', ( #3551, #2328, #3123 ) ) ;
#2180 = AXIS2_PLACEMENT_3D ( 'NONE', #3541, #899, #2076 ) ;
#2181 = ORIENTED_EDGE ( 'NONE', *, *, #2994, .T. ) ;
#2182 = VECTOR ( 'NONE', #1019, 1000.000000000000000 ) ;
#2183 = CYLINDRICAL_SURFACE ( 'NONE', #2527, 0.01000000000000001409 ) ;
#2184 = AXIS2_PLACEMENT_3D ( 'NONE', #2537, #3431, #3410 ) ;
#2185 = DIRECTION ( 'NONE',  ( 0.000000000000000000, -0.000000000000000000, -1.000000000000000000 ) ) ;
#2186 = VERTEX_POINT ( 'NONE', #1773 ) ;
#2187 = EDGE_CURVE ( 'NONE', #139, #2523, #562, .T. ) ;
#2188 = LINE ( 'NONE', #1029, #1114 ) ;
#2189 = CIRCLE ( 'NONE', #1433, 0.009999999999999774694 ) ;
#2190 = CARTESIAN_POINT ( 'NONE',  ( 0.6708578643762688198, 2.490000000000000213, -1.239999999999999991 ) ) ;
#2191 = EDGE_CURVE ( 'NONE', #1942, #112, #863, .T. ) ;
#2192 = ORIENTED_EDGE ( 'NONE', *, *, #3783, .F. ) ;
#2193 = EDGE_CURVE ( 'NONE', #1227, #537, #1620, .T. ) ;
#2194 = FACE_OUTER_BOUND ( 'NONE', #700, .T. ) ;
#2195 = ORIENTED_EDGE ( 'NONE', *, *, #567, .T. ) ;
#2196 = CARTESIAN_POINT ( 'NONE',  ( 0.6708578643762693750, 0.01000000000000002623, 1.240000000000000435 ) ) ;
#2197 = VERTEX_POINT ( 'NONE', #2949 ) ;
#2198 = DIRECTION ( 'NONE',  ( -0.000000000000000000, 1.000000000000000000, -0.000000000000000000 ) ) ;
#2199 = FACE_OUTER_BOUND ( 'NONE', #1905, .T. ) ;
#2200 = VERTEX_POINT ( 'NONE', #36 ) ;
#2201 = ORIENTED_EDGE ( 'NONE', *, *, #3157, .T. ) ;
#2202 = CYLINDRICAL_SURFACE ( 'NONE', #2772, 0.01000000000000002623 ) ;
#2203 = AXIS2_PLACEMENT_3D ( 'NONE', #2884, #3467, #233 ) ;
#2204 = CARTESIAN_POINT ( 'NONE',  ( -0.3200000000000001177, 0.000000000000000000, -0.3200000000000000622 ) ) ;
#2205 = VECTOR ( 'NONE', #3456, 1000.000000000000000 ) ;
#2206 = ORIENTED_EDGE ( 'NONE', *, *, #2387, .F. ) ;
#2207 = DIRECTION ( 'NONE',  ( -1.694065894508600678E-16, 0.000000000000000000, -1.000000000000000000 ) ) ;
#2208 = EDGE_CURVE ( 'NONE', #459, #2321, #1497, .T. ) ;
#2209 = CARTESIAN_POINT ( 'NONE',  ( -0.1142264973081032059, 11.49000000000000021, -0.1142264973081030671 ) ) ;
#2210 = CARTESIAN_POINT ( 'NONE',  ( -1.269999999999999796, 0.5100000000000000089, -0.7499999999999997780 ) ) ;
#2211 = AXIS2_PLACEMENT_3D ( 'NONE', #2043, #2929, #2353 ) ;
#2212 = DIRECTION ( 'NONE',  ( 1.000000000000000000, 0.000000000000000000, 0.000000000000000000 ) ) ;
#2213 = CARTESIAN_POINT ( 'NONE',  ( -1.269999999999999796, -1.503005322678532707, 0.7500000000000004441 ) ) ;
#2214 = CARTESIAN_POINT ( 'NONE',  ( -0.6708578643762688198, 0.01000000000000002623, -1.249999999999999778 ) ) ;
#2215 = EDGE_CURVE ( 'NONE', #626, #3518, #2025, .T. ) ;
#2216 = ORIENTED_EDGE ( 'NONE', *, *, #821, .T. ) ;
#2217 = LINE ( 'NONE', #2789, #942 ) ;
#2218 = VERTEX_POINT ( 'NONE', #1186 ) ;
#2219 = CARTESIAN_POINT ( 'NONE',  ( -0.7200000000000010836, 0.5000000000000000000, 0.7200000000000009726 ) ) ;
#2220 = CARTESIAN_POINT ( 'NONE',  ( 0.3199999999999998956, 0.3464101615137729628, -0.3199999999999999512 ) ) ;
#2221 = ORIENTED_EDGE ( 'NONE', *, *, #1999, .T. ) ;
#2222 = AXIS2_PLACEMENT_3D ( 'NONE', #1557, #2738, #2718 ) ;
#2223 = ORIENTED_EDGE ( 'NONE', *, *, #1360, .T. ) ;
#2224 = EDGE_CURVE ( 'NONE', #2472, #2166, #1032, .T. ) ;
#2225 = VECTOR ( 'NONE', #2421, 1000.000000000000000 ) ;
#2226 = CARTESIAN_POINT ( 'NONE',  ( 0.000000000000000000, 0.01000000000000000021, -0.1142264973081040941 ) ) ;
#2227 = CYLINDRICAL_SURFACE ( 'NONE', #1097, 0.01000000000000002623 ) ;
#2228 = ORIENTED_EDGE ( 'NONE', *, *, #1084, .T. ) ;
#2229 = FACE_OUTER_BOUND ( 'NONE', #1817, .T. ) ;
#2230 = AXIS2_PLACEMENT_3D ( 'NONE', #3134, #2843, #504 ) ;
#2231 = DIRECTION ( 'NONE',  ( -1.000000000000000000, 0.000000000000000000, -0.000000000000000000 ) ) ;
#2232 = CARTESIAN_POINT ( 'NONE',  ( 1.172071067811865985, 2.490000000000000213, 0.7529289321881346142 ) ) ;
#2233 = FACE_OUTER_BOUND ( 'NONE', #3595, .T. ) ;
#2234 = ORIENTED_EDGE ( 'NONE', *, *, #2650, .T. ) ;
#2235 = PLANE ( 'NONE',  #53 ) ;
#2236 = ORIENTED_EDGE ( 'NONE', *, *, #1530, .T. ) ;
#2237 = DIRECTION ( 'NONE',  ( 0.000000000000000000, 0.000000000000000000, 1.000000000000000000 ) ) ;
#2238 = CARTESIAN_POINT ( 'NONE',  ( 1.175000000000000488, 2.350000000000000089, 0.4999999999999991673 ) ) ;
#2239 = ORIENTED_EDGE ( 'NONE', *, *, #2473, .T. ) ;
#2240 = ORIENTED_EDGE ( 'NONE', *, *, #1718, .T. ) ;
#2241 = DIRECTION ( 'NONE',  ( -0.7071067811865475727, 0.000000000000000000, 0.7071067811865475727 ) ) ;
#2242 = AXIS2_PLACEMENT_3D ( 'NONE', #690, #123, #2171 ) ;
#2243 = CARTESIAN_POINT ( 'NONE',  ( -0.1142264973081031643, 11.49000000000000021, 0.1142264973081031781 ) ) ;
#2244 = ORIENTED_EDGE ( 'NONE', *, *, #1811, .F. ) ;
#2245 = VECTOR ( 'NONE', #2095, 1000.000000000000114 ) ;
#2246 = DIRECTION ( 'NONE',  ( -0.7071067811865475727, 0.000000000000000000, -0.7071067811865475727 ) ) ;
#2247 = FACE_BOUND ( 'NONE', #208, .T. ) ;
#2248 = APPLICATION_PROTOCOL_DEFINITION ( 'draft international standard', 'automotive_design', 1998, #3770 ) ;
#2249 = DIRECTION ( 'NONE',  ( -1.000000000000000000, 0.000000000000000000, 0.000000000000000000 ) ) ;
#2250 = DIRECTION ( 'NONE',  ( -1.000000000000000000, 0.000000000000000000, 0.000000000000000000 ) ) ;
#2251 = DIRECTION ( 'NONE',  ( 0.000000000000000000, 0.000000000000000000, -1.000000000000000000 ) ) ;
#2252 = DIRECTION ( 'NONE',  ( 0.000000000000000000, 0.000000000000000000, -1.000000000000000000 ) ) ;
#2253 = EDGE_CURVE ( 'NONE', #2003, #1766, #1205, .T. ) ;
#2254 = LINE ( 'NONE', #3437, #1060 ) ;
#2255 = DIRECTION ( 'NONE',  ( 0.000000000000000000, 0.000000000000000000, -1.000000000000000000 ) ) ;
#2256 = ADVANCED_FACE ( 'NONE', ( #2006 ), #1152, .T. ) ;
#2257 = EDGE_LOOP ( 'NONE', ( #3338, #3316, #2915, #3599 ) ) ;
#2258 = VERTEX_POINT ( 'NONE', #3185 ) ;
#2259 = ADVANCED_FACE ( 'NONE', ( #547 ), #2078, .T. ) ;
#2260 = CARTESIAN_POINT ( 'NONE',  ( 0.6779289321881343255, 2.500000000000000000, -1.247071067811865497 ) ) ;
#2261 = ADVANCED_FACE ( 'NONE', ( #1756 ), #1170, .T. ) ;
#2262 = CARTESIAN_POINT ( 'NONE',  ( -1.269999999999999796, 2.489999999999999769, 0.7500000000000004441 ) ) ;
#2263 = ORIENTED_EDGE ( 'NONE', *, *, #593, .T. ) ;
#2264 = LINE ( 'NONE', #3447, #1541 ) ;
#2265 = PLANE ( 'NONE',  #3397 ) ;
#2266 = EDGE_CURVE ( 'NONE', #2321, #277, #2393, .T. ) ;
#2267 = CARTESIAN_POINT ( 'NONE',  ( -0.3199202969641258276, 0.3462721118061212189, -0.3112600429262812884 ) ) ;
#2268 = CARTESIAN_POINT ( 'NONE',  ( 0.9554289321881339614, 2.490000000000000213, -0.9554289321881347385 ) ) ;
#2269 = FACE_OUTER_BOUND ( 'NONE', #2681, .T. ) ;
#2270 = VECTOR ( 'NONE', #764, 1000.000000000000000 ) ;
#2271 = CARTESIAN_POINT ( 'NONE',  ( 0.3199999999999998956, 0.000000000000000000, -0.3200000000000000622 ) ) ;
#2272 = DIRECTION ( 'NONE',  ( 0.000000000000000000, 0.000000000000000000, -1.000000000000000000 ) ) ;
#2273 = AXIS2_PLACEMENT_3D ( 'NONE', #1112, #3475, #2518 ) ;
#2274 = CARTESIAN_POINT ( 'NONE',  ( 0.6708578643762684868, 2.500000000000000000, -1.239999999999999991 ) ) ;
#2275 = CARTESIAN_POINT ( 'NONE',  ( 1.270000000000000240, -1.503005322678532707, 0.7500000000000001110 ) ) ;
#2276 = ORIENTED_EDGE ( 'NONE', *, *, #100, .F. ) ;
#2277 = EDGE_LOOP ( 'NONE', ( #103, #2374, #2548, #3534 ) ) ;
#2278 = DIRECTION ( 'NONE',  ( -0.5773502691896260641, 0.5773502691896250649, 0.5773502691896261751 ) ) ;
#2279 = ORIENTED_EDGE ( 'NONE', *, *, #1332, .T. ) ;
#2280 = EDGE_CURVE ( 'NONE', #3679, #3415, #347, .T. ) ;
#2281 = FACE_OUTER_BOUND ( 'NONE', #489, .T. ) ;
#2282 = VERTEX_POINT ( 'NONE', #56 ) ;
#2283 = AXIS2_PLACEMENT_3D ( 'NONE', #2190, #723, #781 ) ;
#2284 = AXIS2_PLACEMENT_3D ( 'NONE', #698, #739, #1327 ) ;
#2285 = CARTESIAN_POINT ( 'NONE',  ( -0.3200000000000001177, 11.15358983848622287, -0.3099999999999999423 ) ) ;
#2286 = CYLINDRICAL_SURFACE ( 'NONE', #3111, 0.009999999999999998473 ) ;
#2287 = LINE ( 'NONE', #2017, #3420 ) ;
#2288 = CARTESIAN_POINT ( 'NONE',  ( 0.6708578643762689309, 0.01000000000000002623, -1.250000000000000000 ) ) ;
#2289 = EDGE_CURVE ( 'NONE', #3360, #1120, #262, .T. ) ;
#2290 = AXIS2_PLACEMENT_3D ( 'NONE', #417, #1520, #677 ) ;
#2291 = LINE ( 'NONE', #2928, #2794 ) ;
#2292 = PLANE ( 'NONE',  #3008 ) ;
#2293 = DIRECTION ( 'NONE',  ( -1.606225440719265874E-16, 0.000000000000000000, -1.000000000000000000 ) ) ;
#2294 = EDGE_LOOP ( 'NONE', ( #1132, #3775, #221, #2438, #1210, #2737, #1875, #962 ) ) ;
#2295 = VERTEX_POINT ( 'NONE', #1137 ) ;
#2296 = CARTESIAN_POINT ( 'NONE',  ( -0.1142264973081041635, 0.01000000000000000021, 0.1142264973081042190 ) ) ;
#2297 = EDGE_CURVE ( 'NONE', #2295, #990, #701, .T. ) ;
#2298 = ORIENTED_EDGE ( 'NONE', *, *, #433, .F. ) ;
#2299 = CARTESIAN_POINT ( 'NONE',  ( 1.179142135623731491, -1.503005322678532707, 0.7600000000000001199 ) ) ;
#2300 = ORIENTED_EDGE ( 'NONE', *, *, #3142, .F. ) ;
#2301 = ADVANCED_FACE ( 'NONE', ( #2062 ), #1516, .T. ) ;
#2302 = CARTESIAN_POINT ( 'NONE',  ( 1.179142135623731491, 2.489999999999999769, 0.7600000000000001199 ) ) ;
#2303 = VECTOR ( 'NONE', #2732, 1000.000000000000000 ) ;
#2304 = CIRCLE ( 'NONE', #2551, 0.01000000000000002623 ) ;
#2305 = DIRECTION ( 'NONE',  ( 1.000000000000000000, -0.000000000000000000, -0.000000000000000000 ) ) ;
#2306 = EDGE_CURVE ( 'NONE', #3384, #1591, #2905, .T. ) ;
#2307 = VECTOR ( 'NONE', #2407, 1000.000000000000000 ) ;
#2308 = ORIENTED_EDGE ( 'NONE', *, *, #606, .T. ) ;
#2309 = DIRECTION ( 'NONE',  ( 1.000000000000000000, 0.000000000000000000, 0.000000000000000000 ) ) ;
#2310 = EDGE_CURVE ( 'NONE', #3403, #1549, #1246, .T. ) ;
#2311 = EDGE_CURVE ( 'NONE', #88, #1227, #3312, .T. ) ;
#2312 = CARTESIAN_POINT ( 'NONE',  ( 0.6779289321881343255, 0.01000000000000002623, -1.247071067811865497 ) ) ;
#2313 = VECTOR ( 'NONE', #3389, 999.9999999999998863 ) ;
#2314 = LINE ( 'NONE', #1713, #368 ) ;
#2315 = DIRECTION ( 'NONE',  ( 0.000000000000000000, 0.000000000000000000, 1.000000000000000000 ) ) ;
#2316 = CARTESIAN_POINT ( 'NONE',  ( -0.3130717967697246307, 0.3494101615137729655, -0.3217320508075688368 ) ) ;
#2317 = DIRECTION ( 'NONE',  ( 0.000000000000000000, 0.000000000000000000, -1.000000000000000000 ) ) ;
#2318 = ORIENTED_EDGE ( 'NONE', *, *, #2375, .T. ) ;
#2319 = ORIENTED_EDGE ( 'NONE', *, *, #3220, .T. ) ;
#2320 = DIRECTION ( 'NONE',  ( -1.000000000000000000, 0.000000000000000000, -0.000000000000000000 ) ) ;
#2321 = VERTEX_POINT ( 'NONE', #2115 ) ;
#2322 = CARTESIAN_POINT ( 'NONE',  ( -0.1142264973081031643, 11.49000000000000021, 0.1142264973081031781 ) ) ;
#2323 = VERTEX_POINT ( 'NONE', #2710 ) ;
#2324 = CARTESIAN_POINT ( 'NONE',  ( 1.270000000000000240, 2.500000000000000000, 0.7400000000000001021 ) ) ;
#2325 =( REPRESENTATION_RELATIONSHIP ('NONE','NONE', #637, #257 ) REPRESENTATION_RELATIONSHIP_WITH_TRANSFORMATION ( #3194 )SHAPE_REPRESENTATION_RELATIONSHIP( ) );
#2326 = LINE ( 'NONE', #330, #1160 ) ;
#2327 = CIRCLE ( 'NONE', #663, 0.009999999999999998473 ) ;
#2328 = ORIENTED_EDGE ( 'NONE', *, *, #604, .T. ) ;
#2329 = LINE ( 'NONE', #3505, #3716 ) ;
#2330 = PLANE ( 'NONE',  #3314 ) ;
#2331 = ADVANCED_FACE ( 'NONE', ( #2745 ), #1825, .T. ) ;
#2332 = DIRECTION ( 'NONE',  ( -1.000000000000000000, 0.000000000000000000, -0.000000000000000000 ) ) ;
#2333 = VECTOR ( 'NONE', #559, 1000.000000000000000 ) ;
#2334 = ADVANCED_FACE ( 'NONE', ( #1276 ), #2150, .F. ) ;
#2335 = CARTESIAN_POINT ( 'NONE',  ( -1.269999999999999796, 2.489999999999999769, -0.7499999999999997780 ) ) ;
#2336 = CARTESIAN_POINT ( 'NONE',  ( -0.6708578643762688198, 0.01000000000000000021, 1.240000000000000657 ) ) ;
#2337 = AXIS2_PLACEMENT_3D ( 'NONE', #2446, #972, #2149 ) ;
#2338 = VERTEX_POINT ( 'NONE', #2447 ) ;
#2339 = ORIENTED_EDGE ( 'NONE', *, *, #2420, .F. ) ;
#2340 = FACE_OUTER_BOUND ( 'NONE', #62, .T. ) ;
#2341 = ORIENTED_EDGE ( 'NONE', *, *, #2215, .F. ) ;
#2342 = DIRECTION ( 'NONE',  ( 0.000000000000000000, 0.000000000000000000, 1.000000000000000000 ) ) ;
#2343 =( BOUNDED_CURVE ( )  B_SPLINE_CURVE ( 3, ( #3400, #751, #3102, #2930 ),
 .UNSPECIFIED., .F., .F. ) 
 B_SPLINE_CURVE_WITH_KNOTS ( ( 4, 4 ),
 ( 2.482534617831145152, 3.800650689348441080 ),
 .UNSPECIFIED. ) 
 CURVE ( )  GEOMETRIC_REPRESENTATION_ITEM ( )  RATIONAL_B_SPLINE_CURVE ( ( 1.000000000000000000, 0.8603796100557264959, 0.8603796100557264959, 1.000000000000000000 ) ) 
 REPRESENTATION_ITEM ( '' )  );
#2344 = ORIENTED_EDGE ( 'NONE', *, *, #65, .F. ) ;
#2345 = DIRECTION ( 'NONE',  ( -0.4472135954999464924, 0.7745966692414957278, 0.4472135954999485463 ) ) ;
#2346 = DIRECTION ( 'NONE',  ( 1.000000000000000000, 0.000000000000000000, 0.000000000000000000 ) ) ;
#2347 = ORIENTED_EDGE ( 'NONE', *, *, #1274, .F. ) ;
#2348 = VECTOR ( 'NONE', #2082, 1000.000000000000000 ) ;
#2349 = ITEM_DEFINED_TRANSFORMATION ( 'NONE', 'NONE', #3452,  #672 ) ;
#2350 = DIRECTION ( 'NONE',  ( 1.000000000000000000, 0.000000000000000000, 0.000000000000000000 ) ) ;
#2351 = CARTESIAN_POINT ( 'NONE',  ( -1.174999999999999822, 2.500000000000000000, -0.7500000000000001110 ) ) ;
#2352 = DIRECTION ( 'NONE',  ( -1.000000000000000000, 0.000000000000000000, 0.000000000000000000 ) ) ;
#2353 = DIRECTION ( 'NONE',  ( -0.7071067811865474617, 0.000000000000000000, -0.7071067811865474617 ) ) ;
#2354 = DIRECTION ( 'NONE',  ( -5.421010862427743051E-15, -1.000000000000000000, 0.000000000000000000 ) ) ;
#2355 = AXIS2_PLACEMENT_3D ( 'NONE', #2562, #3732, #2175 ) ;
#2356 = ORIENTED_EDGE ( 'NONE', *, *, #1360, .F. ) ;
#2357 = VERTEX_POINT ( 'NONE', #372 ) ;
#2358 = CARTESIAN_POINT ( 'NONE',  ( -1.269999999999999796, 2.495857864376268331, 0.4999999999999990563 ) ) ;
#2359 = ORIENTED_EDGE ( 'NONE', *, *, #1216, .F. ) ;
#2360 = EDGE_LOOP ( 'NONE', ( #2959, #37, #1079, #680 ) ) ;
#2361 = EDGE_CURVE ( 'NONE', #927, #115, #3296, .T. ) ;
#2362 = CARTESIAN_POINT ( 'NONE',  ( 0.3099999999999998868, 11.15358983848622287, -0.3199999999999999512 ) ) ;
#2363 =( BOUNDED_CURVE ( )  B_SPLINE_CURVE ( 3, ( #1953, #1682, #3114, #2533 ),
 .UNSPECIFIED., .F., .F. ) 
 B_SPLINE_CURVE_WITH_KNOTS ( ( 4, 4 ),
 ( 3.141592653589793116, 3.267932781228569006 ),
 .UNSPECIFIED. ) 
 CURVE ( )  GEOMETRIC_REPRESENTATION_ITEM ( )  RATIONAL_B_SPLINE_CURVE ( ( 1.000000000000000000, 0.9986702899464854344, 0.9986702899464854344, 1.000000000000000000 ) ) 
 REPRESENTATION_ITEM ( '' )  );
#2364 = DIRECTION ( 'NONE',  ( 1.000000000000000000, -0.000000000000000000, -0.000000000000000000 ) ) ;
#2365 = CONTEXT_DEPENDENT_SHAPE_REPRESENTATION ( #94, #3607 ) ;
#2366 = CARTESIAN_POINT ( 'NONE',  ( -1.175000000000000044, 2.490000000000000213, 0.4999999999999991673 ) ) ;
#2367 = AXIS2_PLACEMENT_3D ( 'NONE', #1699, #2876, #2255 ) ;
#2368 = CYLINDRICAL_SURFACE ( 'NONE', #2064, 0.009999999999999998473 ) ;
#2369 = AXIS2_PLACEMENT_3D ( 'NONE', #1783, #2417, #853 ) ;
#2370 = CARTESIAN_POINT ( 'NONE',  ( 0.6708578643762689309, 0.01000000000000002623, -1.239999999999999991 ) ) ;
#2371 = VECTOR ( 'NONE', #1628, 1000.000000000000000 ) ;
#2372 = SURFACE_STYLE_USAGE ( .BOTH. , #3040 ) ;
#2373 = DIRECTION ( 'NONE',  ( -1.000000000000000000, -0.000000000000000000, -1.141265444721588244E-15 ) ) ;
#2374 = ORIENTED_EDGE ( 'NONE', *, *, #1171, .T. ) ;
#2375 = EDGE_CURVE ( 'NONE', #2070, #1549, #2690, .T. ) ;
#2376 = ORIENTED_EDGE ( 'NONE', *, *, #3346, .T. ) ;
#2377 = VECTOR ( 'NONE', #3063, 1000.000000000000000 ) ;
#2378 = EDGE_CURVE ( 'NONE', #3415, #537, #71, .T. ) ;
#2379 = LINE ( 'NONE', #2956, #2154 ) ;
#2380 = VERTEX_POINT ( 'NONE', #1221 ) ;
#2381 = ORIENTED_EDGE ( 'NONE', *, *, #3576, .T. ) ;
#2382 = EDGE_CURVE ( 'NONE', #1442, #88, #955, .T. ) ;
#2383 = EDGE_CURVE ( 'NONE', #1375, #2258, #3060, .T. ) ;
#2384 = DIRECTION ( 'NONE',  ( 0.000000000000000000, 0.000000000000000000, -1.000000000000000000 ) ) ;
#2385 = ADVANCED_FACE ( 'NONE', ( #671 ), #1840, .F. ) ;
#2386 = DIRECTION ( 'NONE',  ( -0.000000000000000000, 1.000000000000000000, -0.000000000000000000 ) ) ;
#2387 = EDGE_CURVE ( 'NONE', #3363, #2934, #3535, .T. ) ;
#2388 = CARTESIAN_POINT ( 'NONE',  ( 1.179142135623731491, 2.490000000000000213, 0.7400000000000001021 ) ) ;
#2389 = CARTESIAN_POINT ( 'NONE',  ( 0.3199999999999998956, 2.490000000000000213, -0.3200000000000000622 ) ) ;
#2390 = DIRECTION ( 'NONE',  ( 0.4472135954999593155, 0.7745966692414818500, -0.4472135954999593710 ) ) ;
#2391 = DIRECTION ( 'NONE',  ( 1.000000000000000000, 0.000000000000000000, -5.706327223607942404E-15 ) ) ;
#2392 =( LENGTH_UNIT ( ) NAMED_UNIT ( * ) SI_UNIT ( .MILLI., .METRE. ) );
#2393 = LINE ( 'NONE', #1462, #2609 ) ;
#2394 = ORIENTED_EDGE ( 'NONE', *, *, #3618, .F. ) ;
#2395 = DIRECTION ( 'NONE',  ( 1.000000000000000000, 0.000000000000000000, 0.000000000000000000 ) ) ;
#2396 = DIRECTION ( 'NONE',  ( 0.000000000000000000, 0.000000000000000000, 1.000000000000000000 ) ) ;
#2397 = CARTESIAN_POINT ( 'NONE',  ( -1.179142135623731047, 0.5000000000000000000, -0.7599999999999997868 ) ) ;
#2398 = ORIENTED_EDGE ( 'NONE', *, *, #1332, .F. ) ;
#2399 = VECTOR ( 'NONE', #411, 1000.000000000000000 ) ;
#2400 = ORIENTED_EDGE ( 'NONE', *, *, #3468, .T. ) ;
#2401 = LINE ( 'NONE', #3521, #46 ) ;
#2402 = VECTOR ( 'NONE', #1489, 1000.000000000000000 ) ;
#2403 = EDGE_CURVE ( 'NONE', #2472, #3113, #2730, .T. ) ;
#2404 = LINE ( 'NONE', #3245, #1834 ) ;
#2405 = LINE ( 'NONE', #1253, #2060 ) ;
#2406 = FACE_OUTER_BOUND ( 'NONE', #1292, .T. ) ;
#2407 = DIRECTION ( 'NONE',  ( 0.7071067811865475727, 0.000000000000000000, 0.7071067811865474617 ) ) ;
#2408 = CIRCLE ( 'NONE', #79, 0.01000000000000002623 ) ;
#2409 = DIRECTION ( 'NONE',  ( 0.000000000000000000, 0.000000000000000000, 1.000000000000000000 ) ) ;
#2410 = CARTESIAN_POINT ( 'NONE',  ( 0.3108419876365757784, 11.15363591632649509, -0.3199733969465143324 ) ) ;
#2411 = VERTEX_POINT ( 'NONE', #430 ) ;
#2412 = EDGE_CURVE ( 'NONE', #2415, #1278, #1585, .T. ) ;
#2413 = ORIENTED_EDGE ( 'NONE', *, *, #3783, .T. ) ;
#2414 = DIRECTION ( 'NONE',  ( 0.000000000000000000, -1.000000000000000000, 0.000000000000000000 ) ) ;
#2415 = VERTEX_POINT ( 'NONE', #1299 ) ;
#2416 = ORIENTED_EDGE ( 'NONE', *, *, #1640, .T. ) ;
#2417 = DIRECTION ( 'NONE',  ( 0.000000000000000000, -0.000000000000000000, 1.000000000000000000 ) ) ;
#2418 = LINE ( 'NONE', #96, #1771 ) ;
#2419 = EDGE_CURVE ( 'NONE', #2163, #3012, #661, .T. ) ;
#2420 = EDGE_CURVE ( 'NONE', #1942, #3091, #1684, .T. ) ;
#2421 = DIRECTION ( 'NONE',  ( 0.000000000000000000, -1.000000000000000000, 0.000000000000000000 ) ) ;
#2422 = ORIENTED_EDGE ( 'NONE', *, *, #106, .F. ) ;
#2423 = EDGE_CURVE ( 'NONE', #2753, #519, #1902, .T. ) ;
#2424 = PRODUCT_DEFINITION_CONTEXT ( 'detailed design', #1655, 'design' ) ;
#2425 = DIRECTION ( 'NONE',  ( 0.000000000000000000, 0.000000000000000000, -1.000000000000000000 ) ) ;
#2426 = LINE ( 'NONE', #3578, #1439 ) ;
#2427 = EDGE_CURVE ( 'NONE', #976, #2934, #2667, .T. ) ;
#2428 = EDGE_CURVE ( 'NONE', #2323, #2218, #1363, .T. ) ;
#2429 = FILL_AREA_STYLE_COLOUR ( '', #1832 ) ;
#2430 = DIRECTION ( 'NONE',  ( 0.4472135954999594820, -0.7745966692414817389, 0.4472135954999594265 ) ) ;
#2431 = DIRECTION ( 'NONE',  ( -1.000000000000000000, 0.000000000000000000, 0.000000000000000000 ) ) ;
#2432 = VECTOR ( 'NONE', #3200, 1000.000000000000000 ) ;
#2433 = ORIENTED_EDGE ( 'NONE', *, *, #2072, .F. ) ;
#2434 = AXIS2_PLACEMENT_3D ( 'NONE', #1823, #1492, #596 ) ;
#2435 = FACE_OUTER_BOUND ( 'NONE', #3439, .T. ) ;
#2436 = VECTOR ( 'NONE', #2231, 1000.000000000000000 ) ;
#2437 = ORIENTED_EDGE ( 'NONE', *, *, #1043, .T. ) ;
#2438 = ORIENTED_EDGE ( 'NONE', *, *, #930, .F. ) ;
#2439 = CARTESIAN_POINT ( 'NONE',  ( -0.9554289321881341834, 2.490000000000000213, -0.9554289321881347385 ) ) ;
#2440 = VECTOR ( 'NONE', #2522, 1000.000000000000000 ) ;
#2441 = PLANE ( 'NONE',  #488 ) ;
#2442 = ORIENTED_EDGE ( 'NONE', *, *, #245, .T. ) ;
#2443 = DIRECTION ( 'NONE',  ( 1.694065894508600678E-16, -0.000000000000000000, 1.000000000000000000 ) ) ;
#2444 = EDGE_LOOP ( 'NONE', ( #3469, #2754, #2206, #2120 ) ) ;
#2445 = CARTESIAN_POINT ( 'NONE',  ( 1.260000000000000009, 0.5100000000000000089, -0.7500000000000001110 ) ) ;
#2446 = CARTESIAN_POINT ( 'NONE',  ( 1.260000000000000453, 0.5100000000000000089, 0.7500000000000001110 ) ) ;
#2447 = CARTESIAN_POINT ( 'NONE',  ( 1.175000000000000044, 2.350000000000000089, -0.5000000000000011102 ) ) ;
#2448 = EDGE_CURVE ( 'NONE', #3421, #127, #784, .T. ) ;
#2449 = ORIENTED_EDGE ( 'NONE', *, *, #1005, .F. ) ;
#2450 = CARTESIAN_POINT ( 'NONE',  ( 1.991719546491890768E-16, 2.500000000000000000, 1.240000000000000657 ) ) ;
#2451 = AXIS2_PLACEMENT_3D ( 'NONE', #2299, #3151, #1680 ) ;
#2452 = ORIENTED_EDGE ( 'NONE', *, *, #3061, .F. ) ;
#2453 = FACE_OUTER_BOUND ( 'NONE', #797, .T. ) ;
#2454 = PRODUCT_DEFINITION_SHAPE ( 'NONE', 'NONE',  #3796 ) ;
#2455 = VERTEX_POINT ( 'NONE', #3140 ) ;
#2456 = DIRECTION ( 'NONE',  ( 0.000000000000000000, 0.000000000000000000, -1.000000000000000000 ) ) ;
#2457 = CIRCLE ( 'NONE', #2820, 0.01000000000000001235 ) ;
#2458 = DIRECTION ( 'NONE',  ( -1.000000000000000000, 0.000000000000000000, 0.000000000000000000 ) ) ;
#2459 = ORIENTED_EDGE ( 'NONE', *, *, #1003, .T. ) ;
#2460 = MECHANICAL_DESIGN_GEOMETRIC_PRESENTATION_REPRESENTATION (  '', ( #2640 ), #16 ) ;
#2461 = FACE_OUTER_BOUND ( 'NONE', #2788, .T. ) ;
#2462 = ORIENTED_EDGE ( 'NONE', *, *, #2874, .T. ) ;
#2463 = CARTESIAN_POINT ( 'NONE',  ( 1.175000000000000711, 0.01000000000000002623, 0.7499999999999997780 ) ) ;
#2464 = FILL_AREA_STYLE_COLOUR ( '', #500 ) ;
#2465 = EDGE_CURVE ( 'NONE', #990, #402, #1958, .T. ) ;
#2466 = CARTESIAN_POINT ( 'NONE',  ( 1.165000000000000480, 2.500000000000000000, 0.7458578643762692195 ) ) ;
#2467 = CARTESIAN_POINT ( 'NONE',  ( -0.3200000000000001177, 0.9000000000000002442, -0.3200000000000000622 ) ) ;
#2468 = ORIENTED_EDGE ( 'NONE', *, *, #2403, .F. ) ;
#2469 = FACE_OUTER_BOUND ( 'NONE', #1829, .T. ) ;
#2470 = VECTOR ( 'NONE', #1552, 1000.000000000000000 ) ;
#2471 = ORIENTED_EDGE ( 'NONE', *, *, #3157, .F. ) ;
#2472 = VERTEX_POINT ( 'NONE', #3078 ) ;
#2473 = EDGE_CURVE ( 'NONE', #2918, #1442, #1055, .T. ) ;
#2474 = ORIENTED_EDGE ( 'NONE', *, *, #2564, .T. ) ;
#2475 = DIRECTION ( 'NONE',  ( 0.000000000000000000, 0.000000000000000000, 1.000000000000000000 ) ) ;
#2476 = AXIS2_PLACEMENT_3D ( 'NONE', #1845, #1795, #344 ) ;
#2477 = EDGE_CURVE ( 'NONE', #3378, #1517, #1603, .T. ) ;
#2478 = DIRECTION ( 'NONE',  ( 0.000000000000000000, -0.000000000000000000, -1.000000000000000000 ) ) ;
#2479 = VERTEX_POINT ( 'NONE', #1941 ) ;
#2480 = FACE_OUTER_BOUND ( 'NONE', #717, .T. ) ;
#2481 = DIRECTION ( 'NONE',  ( -2.710505431213871526E-15, 1.000000000000000000, -8.673617379884388882E-14 ) ) ;
#2482 = CARTESIAN_POINT ( 'NONE',  ( -1.259999999999999787, 2.500000000000000000, -0.7399999999999997691 ) ) ;
#2483 = CARTESIAN_POINT ( 'NONE',  ( -1.269999999999999574, 0.01000000000000002623, -0.7600000000000001199 ) ) ;
#2484 = ORIENTED_EDGE ( 'NONE', *, *, #2777, .T. ) ;
#2485 =( BOUNDED_CURVE ( )  B_SPLINE_CURVE ( 3, ( #2012, #520, #2861, #2815 ),
 .UNSPECIFIED., .F., .F. ) 
 B_SPLINE_CURVE_WITH_KNOTS ( ( 4, 4 ),
 ( 0.000000000000000000, 1.570796326794905884 ),
 .UNSPECIFIED. ) 
 CURVE ( )  GEOMETRIC_REPRESENTATION_ITEM ( )  RATIONAL_B_SPLINE_CURVE ( ( 1.000000000000000000, 0.8047378541243628280, 0.8047378541243628280, 1.000000000000000000 ) ) 
 REPRESENTATION_ITEM ( '' )  );
#2486 = LINE ( 'NONE', #1301, #1930 ) ;
#2487 = ORIENTED_EDGE ( 'NONE', *, *, #1329, .T. ) ;
#2488 = CARTESIAN_POINT ( 'NONE',  ( 0.6679289321881348718, 0.01000000000000002623, 1.242928932188134938 ) ) ;
#2489 = ORIENTED_EDGE ( 'NONE', *, *, #1782, .F. ) ;
#2490 = ORIENTED_EDGE ( 'NONE', *, *, #575, .T. ) ;
#2491 = ADVANCED_FACE ( 'NONE', ( #1646 ), #3692, .F. ) ;
#2492 = AXIS2_PLACEMENT_3D ( 'NONE', #2040, #1768, #2944 ) ;
#2493 = CARTESIAN_POINT ( 'NONE',  ( -1.269999999999999574, 0.5000000000000000000, -0.7500000000000001110 ) ) ;
#2494 = VECTOR ( 'NONE', #746, 1000.000000000000000 ) ;
#2495 = SPHERICAL_SURFACE ( 'NONE', #183, 0.01000000000000000021 ) ;
#2496 = EDGE_CURVE ( 'NONE', #1708, #2699, #3728, .T. ) ;
#2497 = ORIENTED_EDGE ( 'NONE', *, *, #1688, .F. ) ;
#2498 = EDGE_CURVE ( 'NONE', #1414, #1648, #3427, .T. ) ;
#2499 = CARTESIAN_POINT ( 'NONE',  ( 0.1142264973081030810, 11.49000000000000021, -1.935072133388359121E-17 ) ) ;
#2500 = CARTESIAN_POINT ( 'NONE',  ( 0.6749999999999997113, 2.490000000000000213, -1.250000000000000000 ) ) ;
#2501 = CARTESIAN_POINT ( 'NONE',  ( 0.9554289321881350716, 2.500000000000000000, 0.9554289321881346275 ) ) ;
#2502 = FACE_OUTER_BOUND ( 'NONE', #2294, .T. ) ;
#2503 = DIRECTION ( 'NONE',  ( 8.470329472543003391E-17, 0.000000000000000000, 1.000000000000000000 ) ) ;
#2504 = ORIENTED_EDGE ( 'NONE', *, *, #3365, .T. ) ;
#2505 = CARTESIAN_POINT ( 'NONE',  ( -0.3200000000000001177, 11.50000000000000000, -0.3099999999999999423 ) ) ;
#2506 = DIRECTION ( 'NONE',  ( -1.000000000000000000, 0.000000000000000000, 0.000000000000000000 ) ) ;
#2507 =( BOUNDED_CURVE ( )  B_SPLINE_CURVE ( 3, ( #366, #928, #348, #3283 ),
 .UNSPECIFIED., .F., .T. ) 
 B_SPLINE_CURVE_WITH_KNOTS ( ( 4, 4 ),
 ( 3.015252525951011453, 3.141592653589793116 ),
 .UNSPECIFIED. ) 
 CURVE ( )  GEOMETRIC_REPRESENTATION_ITEM ( )  RATIONAL_B_SPLINE_CURVE ( ( 1.000000000000000000, 0.9986702899464853234, 0.9986702899464853234, 1.000000000000000000 ) ) 
 REPRESENTATION_ITEM ( '' )  );
#2508 = ORIENTED_EDGE ( 'NONE', *, *, #2939, .T. ) ;
#2509 = VERTEX_POINT ( 'NONE', #2214 ) ;
#2510 = CARTESIAN_POINT ( 'NONE',  ( -1.269999999999999796, -1.503005322678532707, -0.7499999999999997780 ) ) ;
#2511 = ADVANCED_BREP_SHAPE_REPRESENTATION ( '', ( #3626, #672 ), #2147 ) ;
#2512 = DIRECTION ( 'NONE',  ( 0.000000000000000000, -1.000000000000000000, 0.000000000000000000 ) ) ;
#2513 = AXIS2_PLACEMENT_3D ( 'NONE', #820, #1731, #3768 ) ;
#2514 = ORIENTED_EDGE ( 'NONE', *, *, #2578, .F. ) ;
#2515 = LINE ( 'NONE', #465, #2903 ) ;
#2516 = COLOUR_RGB ( '',0.2980392156862745057, 0.2980392156862745057, 0.2980392156862745057 ) ;
#2517 = CARTESIAN_POINT ( 'NONE',  ( -1.259999999999999787, 2.490000000000000213, 0.000000000000000000 ) ) ;
#2518 = DIRECTION ( 'NONE',  ( 1.000000000000000000, 0.000000000000000000, 0.000000000000000000 ) ) ;
#2519 = DIRECTION ( 'NONE',  ( 0.000000000000000000, 0.000000000000000000, 1.000000000000000000 ) ) ;
#2520 = DIRECTION ( 'NONE',  ( 0.8660254037844378194, -0.5000000000000017764, -1.355252715606880543E-15 ) ) ;
#2521 = EDGE_LOOP ( 'NONE', ( #1242, #300, #1038, #1612 ) ) ;
#2522 = DIRECTION ( 'NONE',  ( 0.000000000000000000, -1.000000000000000000, 0.000000000000000000 ) ) ;
#2523 = VERTEX_POINT ( 'NONE', #163 ) ;
#2524 = FACE_OUTER_BOUND ( 'NONE', #212, .T. ) ;
#2525 = FACE_OUTER_BOUND ( 'NONE', #920, .T. ) ;
#2526 = ORIENTED_EDGE ( 'NONE', *, *, #2253, .F. ) ;
#2527 = AXIS2_PLACEMENT_3D ( 'NONE', #2439, #1264, #3702 ) ;
#2528 = EDGE_LOOP ( 'NONE', ( #461, #1126, #1015 ) ) ;
#2529 = AXIS2_PLACEMENT_3D ( 'NONE', #1878, #1490, #50 ) ;
#2530 = CARTESIAN_POINT ( 'NONE',  ( -0.3193224092811601800, 0.3452365399626433073, 0.3159672026817048063 ) ) ;
#2531 = DIRECTION ( 'NONE',  ( 1.000000000000000000, 0.000000000000000000, 0.000000000000000000 ) ) ;
#2532 = EDGE_LOOP ( 'NONE', ( #639, #2300, #1175, #1575 ) ) ;
#2533 = CARTESIAN_POINT ( 'NONE',  ( 0.3112600429262812884, 0.3462721118061213299, -0.3199202969641257721 ) ) ;
#2534 = FACE_OUTER_BOUND ( 'NONE', #3207, .T. ) ;
#2535 = CIRCLE ( 'NONE', #1671, 0.01000000000000001409 ) ;
#2536 = ADVANCED_FACE ( 'NONE', ( #2269 ), #3455, .T. ) ;
#2537 = CARTESIAN_POINT ( 'NONE',  ( -1.269999999999999574, 0.5000000000000000000, 0.7499999999999997780 ) ) ;
#2538 = ADVANCED_FACE ( 'NONE', ( #2233 ), #3160, .T. ) ;
#2539 = DIRECTION ( 'NONE',  ( -0.000000000000000000, 0.000000000000000000, -1.000000000000000000 ) ) ;
#2540 = CARTESIAN_POINT ( 'NONE',  ( 0.3199202969641255501, 11.15372788819387395, -0.3112600429262813440 ) ) ;
#2541 = FACE_OUTER_BOUND ( 'NONE', #2880, .T. ) ;
#2542 = EDGE_CURVE ( 'NONE', #2084, #1247, #182, .T. ) ;
#2543 = EDGE_CURVE ( 'NONE', #978, #3545, #201, .T. ) ;
#2544 = CARTESIAN_POINT ( 'NONE',  ( 0.7200000000000007505, 0.5000000000000000000, 0.7200000000000009726 ) ) ;
#2545 = ORIENTED_EDGE ( 'NONE', *, *, #3220, .F. ) ;
#2546 = CARTESIAN_POINT ( 'NONE',  ( -0.3200000000000001177, 0.9000000000000002442, -0.3200000000000000622 ) ) ;
#2547 = DIRECTION ( 'NONE',  ( -1.694065894508600678E-16, 0.000000000000000000, -1.000000000000000000 ) ) ;
#2548 = ORIENTED_EDGE ( 'NONE', *, *, #3741, .T. ) ;
#2549 = ORIENTED_EDGE ( 'NONE', *, *, #882, .T. ) ;
#2550 = CARTESIAN_POINT ( 'NONE',  ( -0.3099999999999999978, 11.15358983848622287, 0.3200000000000000622 ) ) ;
#2551 = AXIS2_PLACEMENT_3D ( 'NONE', #1535, #1245, #418 ) ;
#2552 = AXIS2_PLACEMENT_3D ( 'NONE', #2071, #1211, #1197 ) ;
#2553 = VERTEX_POINT ( 'NONE', #2366 ) ;
#2554 = CARTESIAN_POINT ( 'NONE',  ( 0.000000000000000000, 11.49499999999999922, -0.1228867513459474259 ) ) ;
#2555 = VERTEX_POINT ( 'NONE', #2056 ) ;
#2556 = VECTOR ( 'NONE', #3267, 1000.000000000000000 ) ;
#2557 = CARTESIAN_POINT ( 'NONE',  ( 0.6749999999999997113, 2.500000000000000000, -1.250000000000000000 ) ) ;
#2558 = CARTESIAN_POINT ( 'NONE',  ( -0.3199202969641256056, 11.15372788819387395, 0.3112600429262813995 ) ) ;
#2559 = CARTESIAN_POINT ( 'NONE',  ( 1.172071067811865319, 2.500000000000000000, -0.7529289321881348362 ) ) ;
#2560 = CARTESIAN_POINT ( 'NONE',  ( -1.165000000000000258, 2.500000000000000000, -0.7458578643762689975 ) ) ;
#2561 = PLANE ( 'NONE',  #1749 ) ;
#2562 = CARTESIAN_POINT ( 'NONE',  ( 0.000000000000000000, 2.350000000000000089, 0.000000000000000000 ) ) ;
#2563 = CARTESIAN_POINT ( 'NONE',  ( -1.179142135623730825, 2.500000000000000000, 0.7600000000000004530 ) ) ;
#2564 = EDGE_CURVE ( 'NONE', #1414, #539, #3750, .T. ) ;
#2565 = ORIENTED_EDGE ( 'NONE', *, *, #3760, .F. ) ;
#2566 = ORIENTED_EDGE ( 'NONE', *, *, #1805, .T. ) ;
#2567 = FACE_OUTER_BOUND ( 'NONE', #2806, .T. ) ;
#2568 = EDGE_LOOP ( 'NONE', ( #3265, #2449, #1343, #2545 ) ) ;
#2569 = DIRECTION ( 'NONE',  ( 2.891205793294678819E-16, 0.000000000000000000, 1.000000000000000000 ) ) ;
#2570 = ORIENTED_EDGE ( 'NONE', *, *, #2311, .F. ) ;
#2571 = DIRECTION ( 'NONE',  ( -0.7071067811865472397, 0.000000000000000000, 0.7071067811865479058 ) ) ;
#2572 = CARTESIAN_POINT ( 'NONE',  ( 1.269999999999999796, 2.490000000000000213, -0.5000000000000011102 ) ) ;
#2573 = CARTESIAN_POINT ( 'NONE',  ( 7.620000000000001883, 0.000000000000000000, -1.231500887601698204E-15 ) ) ;
#2574 = CARTESIAN_POINT ( 'NONE',  ( 1.175000000000000044, 0.5000000000000000000, -0.7500000000000001110 ) ) ;
#2575 = CIRCLE ( 'NONE', #3254, 0.01000000000000000368 ) ;
#2576 = CARTESIAN_POINT ( 'NONE',  ( 0.000000000000000000, 11.50000000000000000, -0.1142264973081030810 ) ) ;
#2577 = DIRECTION ( 'NONE',  ( -0.7071067811865475727, -7.666467083416850673E-15, -0.7071067811865475727 ) ) ;
#2578 = EDGE_CURVE ( 'NONE', #2795, #556, #897, .T. ) ;
#2579 = CIRCLE ( 'NONE', #2030, 0.01000000000000000021 ) ;
#2580 = CARTESIAN_POINT ( 'NONE',  ( -0.1142264973081031504, 11.49000000000000021, 0.1142264973081032614 ) ) ;
#2581 = CARTESIAN_POINT ( 'NONE',  ( -1.175000000000000044, 2.490000000000000213, 0.4999999999999991673 ) ) ;
#2582 = VERTEX_POINT ( 'NONE', #2574 ) ;
#2583 = ORIENTED_EDGE ( 'NONE', *, *, #2543, .F. ) ;
#2584 = CARTESIAN_POINT ( 'NONE',  ( -0.3159672026817048063, 0.3452365399626433073, 0.3193224092811601800 ) ) ;
#2585 = EDGE_CURVE ( 'NONE', #3126, #1223, #3663, .T. ) ;
#2586 = ORIENTED_EDGE ( 'NONE', *, *, #2289, .T. ) ;
#2587 = DIRECTION ( 'NONE',  ( -0.000000000000000000, 1.000000000000000000, -0.000000000000000000 ) ) ;
#2588 = ORIENTED_EDGE ( 'NONE', *, *, #245, .F. ) ;
#2589 = ADVANCED_FACE ( 'NONE', ( #2002 ), #594, .F. ) ;
#2590 = AXIS2_PLACEMENT_3D ( 'NONE', #1234, #2165, #1802 ) ;
#2591 = CARTESIAN_POINT ( 'NONE',  ( 0.000000000000000000, 2.490000000000000213, -0.7400000000000001021 ) ) ;
#2592 = CARTESIAN_POINT ( 'NONE',  ( 0.3200000000000000067, 11.15358983848622287, 0.3100000000000000533 ) ) ;
#2593 = CARTESIAN_POINT ( 'NONE',  ( 5.080000000000000959, -2.200000000000000622, -1.254681460728667309E-15 ) ) ;
#2594 = DIRECTION ( 'NONE',  ( 0.000000000000000000, -1.000000000000000000, 0.000000000000000000 ) ) ;
#2595 = DIRECTION ( 'NONE',  ( -5.421010862427507655E-14, 1.000000000000000000, 0.000000000000000000 ) ) ;
#2596 = CIRCLE ( 'NONE', #1735, 0.01000000000000000194 ) ;
#2597 = LINE ( 'NONE', #279, #229 ) ;
#2598 = CARTESIAN_POINT ( 'NONE',  ( 0.6708578643762693750, 2.500000000000000000, 1.250000000000000444 ) ) ;
#2599 = CARTESIAN_POINT ( 'NONE',  ( -0.09773205080756873497, 11.53856921938165137, -0.08907179676972339089 ) ) ;
#2600 = ORIENTED_EDGE ( 'NONE', *, *, #2585, .T. ) ;
#2601 = EDGE_LOOP ( 'NONE', ( #346, #2031, #2979, #3187 ) ) ;
#2602 = CYLINDRICAL_SURFACE ( 'NONE', #983, 0.009999999999999903064 ) ;
#2603 = ORIENTED_EDGE ( 'NONE', *, *, #2477, .T. ) ;
#2604 = VECTOR ( 'NONE', #454, 1000.000000000000000 ) ;
#2605 = CARTESIAN_POINT ( 'NONE',  ( 0.3199999999999998956, 0.000000000000000000, 0.3199999999999999512 ) ) ;
#2606 = ADVANCED_FACE ( 'NONE', ( #612 ), #2910, .T. ) ;
#2607 = ORIENTED_EDGE ( 'NONE', *, *, #1568, .T. ) ;
#2608 = DIRECTION ( 'NONE',  ( -0.7071067811865475727, 0.000000000000000000, -0.7071067811865475727 ) ) ;
#2609 = VECTOR ( 'NONE', #3494, 1000.000000000000000 ) ;
#2610 = CARTESIAN_POINT ( 'NONE',  ( 0.1937320508075680570, 0.1277076581449564374, 0.1850717967697236288 ) ) ;
#2611 = EDGE_CURVE ( 'NONE', #378, #2896, #1014, .T. ) ;
#2612 = AXIS2_PLACEMENT_3D ( 'NONE', #64, #2664, #1818 ) ;
#2613 = CARTESIAN_POINT ( 'NONE',  ( -0.3200000000000000067, 11.15358983848622287, 0.3200000000000000622 ) ) ;
#2614 = AXIS2_PLACEMENT_3D ( 'NONE', #3021, #1545, #3670 ) ;
#2615 = ORIENTED_EDGE ( 'NONE', *, *, #1007, .F. ) ;
#2616 = PLANE ( 'NONE',  #349 ) ;
#2617 = LINE ( 'NONE', #2316, #1583 ) ;
#2618 = PLANE ( 'NONE',  #1188 ) ;
#2619 = VERTEX_POINT ( 'NONE', #3195 ) ;
#2620 = ORIENTED_EDGE ( 'NONE', *, *, #319, .F. ) ;
#2621 = CARTESIAN_POINT ( 'NONE',  ( -1.265857864376269015, 2.500000000000000000, 0.5041421356237300033 ) ) ;
#2622 = CARTESIAN_POINT ( 'NONE',  ( -0.6708578643762690419, 2.500000000000000000, -1.239999999999999769 ) ) ;
#2623 = ORIENTED_EDGE ( 'NONE', *, *, #919, .T. ) ;
#2624 = FACE_OUTER_BOUND ( 'NONE', #3564, .T. ) ;
#2625 = ORIENTED_EDGE ( 'NONE', *, *, #1906, .T. ) ;
#2626 = CARTESIAN_POINT ( 'NONE',  ( 0.6708578643762693750, 2.490000000000000213, 1.250000000000000444 ) ) ;
#2627 =( BOUNDED_CURVE ( )  B_SPLINE_CURVE ( 3, ( #216, #238, #1145, #1417 ),
 .UNSPECIFIED., .F., .F. ) 
 B_SPLINE_CURVE_WITH_KNOTS ( ( 4, 4 ),
 ( -4.352074256530613638E-14, 1.570796326794896558 ),
 .UNSPECIFIED. ) 
 CURVE ( )  GEOMETRIC_REPRESENTATION_ITEM ( )  RATIONAL_B_SPLINE_CURVE ( ( 1.000000000000000000, 0.8047378541243547234, 0.8047378541243547234, 1.000000000000000000 ) ) 
 REPRESENTATION_ITEM ( '' )  );
#2628 = DIRECTION ( 'NONE',  ( -2.347366560526824138E-15, 4.065758146820642416E-15, 1.000000000000000000 ) ) ;
#2629 = AXIS2_PLACEMENT_3D ( 'NONE', #2162, #3343, #3050 ) ;
#2630 = ORIENTED_EDGE ( 'NONE', *, *, #2191, .F. ) ;
#2631 = CARTESIAN_POINT ( 'NONE',  ( 0.1228867513459484528, 0.004999999999999965410, -0.1200000000000003147 ) ) ;
#2632 = CARTESIAN_POINT ( 'NONE',  ( 0.3241421356237307871, 2.500000000000000000, -0.3241421356237310647 ) ) ;
#2633 = CARTESIAN_POINT ( 'NONE',  ( 0.6679289321881348718, 0.000000000000000000, 1.242928932188134938 ) ) ;
#2634 = CARTESIAN_POINT ( 'NONE',  ( 1.179142135623730825, 2.500000000000000000, -0.7400000000000001021 ) ) ;
#2635 = CARTESIAN_POINT ( 'NONE',  ( 1.175000000000000044, 2.350000000000000089, -0.5000000000000011102 ) ) ;
#2636 = MECHANICAL_DESIGN_GEOMETRIC_PRESENTATION_REPRESENTATION (  '', ( #1342 ), #253 ) ;
#2637 = EDGE_CURVE ( 'NONE', #165, #3744, #2287, .T. ) ;
#2638 = ORIENTED_EDGE ( 'NONE', *, *, #1274, .T. ) ;
#2639 = ORIENTED_EDGE ( 'NONE', *, *, #2653, .T. ) ;
#2640 = STYLED_ITEM ( 'NONE', ( #1191 ), #3065 ) ;
#2641 = DIRECTION ( 'NONE',  ( 1.000000000000000000, 0.000000000000000000, 1.141265444721588244E-15 ) ) ;
#2642 = ORIENTED_EDGE ( 'NONE', *, *, #1335, .T. ) ;
#2643 = DIRECTION ( 'NONE',  ( 0.7071067811865474617, 0.000000000000000000, -0.7071067811865475727 ) ) ;
#2644 = ORIENTED_EDGE ( 'NONE', *, *, #2818, .F. ) ;
#2645 = DIRECTION ( 'NONE',  ( 0.4472135954999567620, 0.7745966692414830712, -0.4472135954999600371 ) ) ;
#2646 = SPHERICAL_SURFACE ( 'NONE', #499, 0.01000000000000000021 ) ;
#2647 = AXIS2_PLACEMENT_3D ( 'NONE', #2662, #621, #2320 ) ;
#2648 = VECTOR ( 'NONE', #2352, 1000.000000000000000 ) ;
#2649 = CARTESIAN_POINT ( 'NONE',  ( -1.175000000000000711, 0.01000000000000002623, 0.7499999999999997780 ) ) ;
#2650 = EDGE_CURVE ( 'NONE', #277, #2660, #1965, .T. ) ;
#2651 = LINE ( 'NONE', #934, #1316 ) ;
#2652 = DIRECTION ( 'NONE',  ( 0.000000000000000000, -1.000000000000000000, 0.000000000000000000 ) ) ;
#2653 = EDGE_CURVE ( 'NONE', #2934, #283, #258, .T. ) ;
#2654 = DIRECTION ( 'NONE',  ( -0.000000000000000000, 1.000000000000000000, -0.000000000000000000 ) ) ;
#2655 = CARTESIAN_POINT ( 'NONE',  ( 1.270000000000000240, -1.503005322678532707, 0.7500000000000001110 ) ) ;
#2656 = AXIS2_PLACEMENT_3D ( 'NONE', #734, #750, #2773 ) ;
#2657 = ORIENTED_EDGE ( 'NONE', *, *, #1737, .F. ) ;
#2658 = EDGE_CURVE ( 'NONE', #1894, #2555, #3179, .T. ) ;
#2659 = EDGE_CURVE ( 'NONE', #3407, #2479, #32, .T. ) ;
#2660 = VERTEX_POINT ( 'NONE', #838 ) ;
#2661 = DIRECTION ( 'NONE',  ( -0.7071067811865474617, 0.000000000000000000, 0.7071067811865474617 ) ) ;
#2662 = CARTESIAN_POINT ( 'NONE',  ( -0.3200000000000001177, 0.000000000000000000, -0.3200000000000000622 ) ) ;
#2663 = EDGE_LOOP ( 'NONE', ( #3302, #2181, #2642, #3261 ) ) ;
#2664 = DIRECTION ( 'NONE',  ( 0.7071067811865475727, 0.000000000000000000, -0.7071067811865475727 ) ) ;
#2665 = LINE ( 'NONE', #3263, #1784 ) ;
#2666 = FACE_OUTER_BOUND ( 'NONE', #2444, .T. ) ;
#2667 = CIRCLE ( 'NONE', #1009, 0.01000000000000000021 ) ;
#2668 = CARTESIAN_POINT ( 'NONE',  ( -0.3159672026817049728, 0.3452365399626432518, -0.3193224092811602355 ) ) ;
#2669 = VECTOR ( 'NONE', #2384, 1000.000000000000000 ) ;
#2670 = CARTESIAN_POINT ( 'NONE',  ( 0.3104214140871992544, 0.3464101615137729628, 0.3200000000000000622 ) ) ;
#2671 = AXIS2_PLACEMENT_3D ( 'NONE', #1319, #2503, #3412 ) ;
#2672 = CYLINDRICAL_SURFACE ( 'NONE', #447, 0.009999999999999998473 ) ;
#2673 = AXIS2_PLACEMENT_3D ( 'NONE', #1528, #3233, #2706 ) ;
#2674 = CARTESIAN_POINT ( 'NONE',  ( 0.6750000000000003775, 0.01000000000000002623, 1.250000000000000444 ) ) ;
#2675 = DIRECTION ( 'NONE',  ( -1.000000000000000000, 0.000000000000000000, -0.000000000000000000 ) ) ;
#2676 = ORIENTED_EDGE ( 'NONE', *, *, #1746, .F. ) ;
#2677 = ORIENTED_EDGE ( 'NONE', *, *, #613, .F. ) ;
#2678 = EDGE_CURVE ( 'NONE', #2619, #927, #2889, .T. ) ;
#2679 = DIRECTION ( 'NONE',  ( 1.000000000000000000, 0.000000000000000000, -0.000000000000000000 ) ) ;
#2680 = CARTESIAN_POINT ( 'NONE',  ( 1.260000000000000453, 0.5100000000000000089, 0.7499999999999990008 ) ) ;
#2681 = EDGE_LOOP ( 'NONE', ( #1022, #1966, #3762, #566 ) ) ;
#2682 = CARTESIAN_POINT ( 'NONE',  ( 1.265857864376269459, 2.500000000000000000, -0.7458578643762693305 ) ) ;
#2683 = CARTESIAN_POINT ( 'NONE',  ( -0.1228867513459475369, 11.49499999999999922, 0.1142264973081032614 ) ) ;
#2684 = ADVANCED_FACE ( 'NONE', ( #1435 ), #2965, .T. ) ;
#2685 = CARTESIAN_POINT ( 'NONE',  ( -0.3108419876365758894, 11.15363591632649509, -0.3199733969465143879 ) ) ;
#2686 = DIRECTION ( 'NONE',  ( 0.4472135954999578722, 0.7745966692414835153, -0.4472135954999579277 ) ) ;
#2687 = CARTESIAN_POINT ( 'NONE',  ( 0.3199202969641255501, 11.15372788819387395, -0.3112600429262813440 ) ) ;
#2688 = PRODUCT_DEFINITION_SHAPE ( 'NONE', 'NONE',  #1232 ) ;
#2689 = CARTESIAN_POINT ( 'NONE',  ( 0.6708578643762684868, 2.490000000000000213, -1.239999999999999991 ) ) ;
#2690 = LINE ( 'NONE', #2100, #582 ) ;
#2691 = EDGE_LOOP ( 'NONE', ( #550, #1304, #1914, #439 ) ) ;
#2692 = AXIS2_PLACEMENT_3D ( 'NONE', #1148, #1960, #2041 ) ;
#2693 = ORIENTED_EDGE ( 'NONE', *, *, #106, .T. ) ;
#2694 = DIRECTION ( 'NONE',  ( -1.000000000000000000, 0.000000000000000000, 0.000000000000000000 ) ) ;
#2695 = EDGE_CURVE ( 'NONE', #1808, #1871, #278, .T. ) ;
#2696 = ORIENTED_EDGE ( 'NONE', *, *, #1745, .T. ) ;
#2697 = AXIS2_PLACEMENT_3D ( 'NONE', #2483, #2744, #2519 ) ;
#2698 = EDGE_CURVE ( 'NONE', #2218, #2523, #1163, .T. ) ;
#2699 = VERTEX_POINT ( 'NONE', #2312 ) ;
#2700 = CARTESIAN_POINT ( 'NONE',  ( -0.1228867513459485639, 0.004999999999999980155, -0.1142264973081040663 ) ) ;
#2701 = EDGE_CURVE ( 'NONE', #263, #846, #2329, .T. ) ;
#2702 = EDGE_CURVE ( 'NONE', #864, #3379, #2405, .T. ) ;
#2703 = EDGE_CURVE ( 'NONE', #2523, #2084, #647, .T. ) ;
#2704 = FACE_OUTER_BOUND ( 'NONE', #1576, .T. ) ;
#2705 = AXIS2_PLACEMENT_3D ( 'NONE', #2493, #3087, #3068 ) ;
#2706 = DIRECTION ( 'NONE',  ( 0.000000000000000000, 0.000000000000000000, -1.000000000000000000 ) ) ;
#2707 = LINE ( 'NONE', #1238, #472 ) ;
#2708 = CIRCLE ( 'NONE', #2529, 0.009999999999999998473 ) ;
#2709 = FILL_AREA_STYLE ('',( #2429 ) ) ;
#2710 = CARTESIAN_POINT ( 'NONE',  ( 1.270000000000000240, 2.350000000000000089, 0.4999999999999991673 ) ) ;
#2711 = EDGE_LOOP ( 'NONE', ( #1885, #1222, #3498 ) ) ;
#2712 = FACE_OUTER_BOUND ( 'NONE', #1206, .T. ) ;
#2713 = VERTEX_POINT ( 'NONE', #3558 ) ;
#2714 = DIRECTION ( 'NONE',  ( 0.000000000000000000, 0.000000000000000000, -1.000000000000000000 ) ) ;
#2715 = AXIS2_PLACEMENT_3D ( 'NONE', #188, #3144, #2808 ) ;
#2716 = EDGE_LOOP ( 'NONE', ( #2971, #3480, #1967, #1331 ) ) ;
#2717 = EDGE_LOOP ( 'NONE', ( #3152, #1663, #2972, #1555 ) ) ;
#2718 = DIRECTION ( 'NONE',  ( 1.084202172485501594E-14, 0.000000000000000000, -1.000000000000000000 ) ) ;
#2719 = DIRECTION ( 'NONE',  ( -0.000000000000000000, 1.000000000000000000, -0.000000000000000000 ) ) ;
#2720 = ORIENTED_EDGE ( 'NONE', *, *, #1792, .T. ) ;
#2721 = ADVANCED_FACE ( 'NONE', ( #1821 ), #3328, .F. ) ;
#2722 = CARTESIAN_POINT ( 'NONE',  ( -1.269999999999999796, 2.500000000000000000, -0.7399999999999997691 ) ) ;
#2723 = EDGE_LOOP ( 'NONE', ( #1507, #3394, #1428, #2907 ) ) ;
#2724 = ADVANCED_FACE ( 'NONE', ( #2666 ), #1564, .T. ) ;
#2725 = LINE ( 'NONE', #1272, #3487 ) ;
#2726 = PLANE ( 'NONE',  #2434 ) ;
#2727 =( BOUNDED_CURVE ( )  B_SPLINE_CURVE ( 3, ( #1334, #743, #3136, #1091 ),
 .UNSPECIFIED., .F., .T. ) 
 B_SPLINE_CURVE_WITH_KNOTS ( ( 4, 4 ),
 ( 3.141592653589793116, 4.712388980384689674 ),
 .UNSPECIFIED. ) 
 CURVE ( )  GEOMETRIC_REPRESENTATION_ITEM ( )  RATIONAL_B_SPLINE_CURVE ( ( 1.000000000000000000, 0.8047378541243649375, 0.8047378541243649375, 1.000000000000000000 ) ) 
 REPRESENTATION_ITEM ( '' )  );
#2728 = VECTOR ( 'NONE', #3027, 1000.000000000000000 ) ;
#2729 = LINE ( 'NONE', #2099, #3135 ) ;
#2730 = LINE ( 'NONE', #109, #2057 ) ;
#2731 = ORIENTED_EDGE ( 'NONE', *, *, #2775, .T. ) ;
#2732 = DIRECTION ( 'NONE',  ( 8.470329472543003391E-17, 0.000000000000000000, 1.000000000000000000 ) ) ;
#2733 = VECTOR ( 'NONE', #3525, 1000.000000000000000 ) ;
#2734 = EDGE_LOOP ( 'NONE', ( #3281, #3334, #2157, #951 ) ) ;
#2735 = CARTESIAN_POINT ( 'NONE',  ( -1.175000000000000044, 2.490000000000000213, -0.5000000000000008882 ) ) ;
#2736 = ORIENTED_EDGE ( 'NONE', *, *, #3472, .F. ) ;
#2737 = ORIENTED_EDGE ( 'NONE', *, *, #1611, .T. ) ;
#2738 = DIRECTION ( 'NONE',  ( -0.000000000000000000, 1.000000000000000000, -0.000000000000000000 ) ) ;
#2739 = FACE_OUTER_BOUND ( 'NONE', #2711, .T. ) ;
#2740 = ORIENTED_EDGE ( 'NONE', *, *, #59, .F. ) ;
#2741 = DIRECTION ( 'NONE',  ( -0.000000000000000000, -0.000000000000000000, -1.000000000000000000 ) ) ;
#2742 = DIRECTION ( 'NONE',  ( 1.000000000000000000, 0.000000000000000000, -1.694065894508600925E-16 ) ) ;
#2743 = CARTESIAN_POINT ( 'NONE',  ( 0.000000000000000000, 11.50000000000000000, 0.1199999999999995515 ) ) ;
#2744 = DIRECTION ( 'NONE',  ( -1.000000000000000000, 0.000000000000000000, 0.000000000000000000 ) ) ;
#2745 = FACE_OUTER_BOUND ( 'NONE', #1604, .T. ) ;
#2746 = EDGE_CURVE ( 'NONE', #1518, #3043, #2124, .T. ) ;
#2747 = ORIENTED_EDGE ( 'NONE', *, *, #1283, .F. ) ;
#2748 =( BOUNDED_CURVE ( )  B_SPLINE_CURVE ( 3, ( #2111, #1458, #2632, #3287 ),
 .UNSPECIFIED., .F., .F. ) 
 B_SPLINE_CURVE_WITH_KNOTS ( ( 4, 4 ),
 ( 3.141592653589793116, 4.712388980384689674 ),
 .UNSPECIFIED. ) 
 CURVE ( )  GEOMETRIC_REPRESENTATION_ITEM ( )  RATIONAL_B_SPLINE_CURVE ( ( 1.000000000000000000, 0.8047378541243649375, 0.8047378541243649375, 1.000000000000000000 ) ) 
 REPRESENTATION_ITEM ( '' )  );
#2749 = CARTESIAN_POINT ( 'NONE',  ( 0.3112600429262815105, 0.3462721118061211079, 0.3199202969641257166 ) ) ;
#2750 = ORIENTED_EDGE ( 'NONE', *, *, #1456, .F. ) ;
#2751 = DIRECTION ( 'NONE',  ( 0.000000000000000000, 0.000000000000000000, -1.000000000000000000 ) ) ;
#2752 = CARTESIAN_POINT ( 'NONE',  ( 0.3112600429262812884, 11.15372788819387395, 0.3199202969641257166 ) ) ;
#2753 = VERTEX_POINT ( 'NONE', #3627 ) ;
#2754 = ORIENTED_EDGE ( 'NONE', *, *, #2653, .F. ) ;
#2755 = PLANE ( 'NONE',  #2705 ) ;
#2756 = AXIS2_PLACEMENT_3D ( 'NONE', #1584, #2539, #1362 ) ;
#2757 = CARTESIAN_POINT ( 'NONE',  ( -0.1228867513459485639, 0.004999999999999958471, 0.1200000000000004258 ) ) ;
#2758 = ORIENTED_EDGE ( 'NONE', *, *, #2746, .F. ) ;
#2759 = AXIS2_PLACEMENT_3D ( 'NONE', #2573, #3690, #1054 ) ;
#2760 = DIRECTION ( 'NONE',  ( 0.000000000000000000, 1.000000000000000000, -0.000000000000000000 ) ) ;
#2761 = ORIENTED_EDGE ( 'NONE', *, *, #2297, .T. ) ;
#2762 = PLANE ( 'NONE',  #3425 ) ;
#2763 =( LENGTH_UNIT ( ) NAMED_UNIT ( * ) SI_UNIT ( .MILLI., .METRE. ) );
#2764 = EDGE_CURVE ( 'NONE', #1349, #3788, #1217, .T. ) ;
#2765 = CARTESIAN_POINT ( 'NONE',  ( -0.6708578643762688198, 0.01000000000000000021, -1.239999999999999769 ) ) ;
#2766 = CARTESIAN_POINT ( 'NONE',  ( -0.3200000000000001177, 0.9000000000000002442, -0.3200000000000000622 ) ) ;
#2767 = ORIENTED_EDGE ( 'NONE', *, *, #2777, .F. ) ;
#2768 = EDGE_CURVE ( 'NONE', #1837, #112, #1690, .T. ) ;
#2769 = DIRECTION ( 'NONE',  ( 0.000000000000000000, 0.000000000000000000, 1.000000000000000000 ) ) ;
#2770 = VECTOR ( 'NONE', #1012, 999.9999999999998863 ) ;
#2771 = ORIENTED_EDGE ( 'NONE', *, *, #2428, .F. ) ;
#2772 = AXIS2_PLACEMENT_3D ( 'NONE', #2796, #404, #2475 ) ;
#2773 = DIRECTION ( 'NONE',  ( 0.000000000000000000, 0.000000000000000000, 1.000000000000000000 ) ) ;
#2774 = EDGE_CURVE ( 'NONE', #804, #88, #2708, .T. ) ;
#2775 = EDGE_CURVE ( 'NONE', #1591, #3282, #1200, .T. ) ;
#2776 = ORIENTED_EDGE ( 'NONE', *, *, #3058, .T. ) ;
#2777 = EDGE_CURVE ( 'NONE', #92, #2084, #2408, .T. ) ;
#2778 = ORIENTED_EDGE ( 'NONE', *, *, #254, .T. ) ;
#2779 = FACE_OUTER_BOUND ( 'NONE', #3028, .T. ) ;
#2780 = EDGE_CURVE ( 'NONE', #960, #3019, #3404, .T. ) ;
#2781 = VECTOR ( 'NONE', #113, 1000.000000000000000 ) ;
#2782 = CARTESIAN_POINT ( 'NONE',  ( 0.7200000000000007505, 0.5000000000000000000, -0.7200000000000009726 ) ) ;
#2783 = ORIENTED_EDGE ( 'NONE', *, *, #3719, .T. ) ;
#2784 = CARTESIAN_POINT ( 'NONE',  ( 1.175000000000000044, 2.490000000000000213, -0.5000000000000011102 ) ) ;
#2785 = CYLINDRICAL_SURFACE ( 'NONE', #565, 0.01000000000000002623 ) ;
#2786 = DIRECTION ( 'NONE',  ( 0.000000000000000000, 0.4999999999999999445, 0.8660254037844387076 ) ) ;
#2787 = DIRECTION ( 'NONE',  ( 1.000000000000000000, 0.000000000000000000, 0.000000000000000000 ) ) ;
#2788 = EDGE_LOOP ( 'NONE', ( #581, #2570, #1757, #287 ) ) ;
#2789 = CARTESIAN_POINT ( 'NONE',  ( -0.1142264973081042051, 0.000000000000000000, -0.1200000000000003147 ) ) ;
#2790 = DIRECTION ( 'NONE',  ( -1.000000000000000000, 0.000000000000000000, 1.095437728245850002E-14 ) ) ;
#2791 = CARTESIAN_POINT ( 'NONE',  ( -0.3241421356237310647, 2.500000000000000000, -0.3241421356237310647 ) ) ;
#2792 = VECTOR ( 'NONE', #207, 1000.000000000000000 ) ;
#2793 = VERTEX_POINT ( 'NONE', #354 ) ;
#2794 = VECTOR ( 'NONE', #2004, 1000.000000000000000 ) ;
#2795 = VERTEX_POINT ( 'NONE', #388 ) ;
#2796 = CARTESIAN_POINT ( 'NONE',  ( -1.175000000000000044, 2.490000000000000213, -0.5100000000000008971 ) ) ;
#2797 = AXIS2_PLACEMENT_3D ( 'NONE', #970, #3330, #3649 ) ;
#2798 = ORIENTED_EDGE ( 'NONE', *, *, #1455, .F. ) ;
#2799 = CARTESIAN_POINT ( 'NONE',  ( 1.175000000000000044, 2.490000000000000213, -0.5000000000000011102 ) ) ;
#2800 = DIRECTION ( 'NONE',  ( -0.000000000000000000, 1.000000000000000000, -0.000000000000000000 ) ) ;
#2801 = UNCERTAINTY_MEASURE_WITH_UNIT (LENGTH_MEASURE( 1.000000000000000082E-05 ), #3178, 'distance_accuracy_value', 'NONE');
#2802 = CARTESIAN_POINT ( 'NONE',  ( 0.3193224092811614567, 0.3452365399626488585, 0.3159672026817060275 ) ) ;
#2803 = DIRECTION ( 'NONE',  ( 0.000000000000000000, 0.000000000000000000, 1.000000000000000000 ) ) ;
#2804 = CYLINDRICAL_SURFACE ( 'NONE', #128, 0.01000000000000002623 ) ;
#2805 = DIRECTION ( 'NONE',  ( 0.000000000000000000, -1.000000000000000000, 0.000000000000000000 ) ) ;
#2806 = EDGE_LOOP ( 'NONE', ( #3704, #2471, #3742, #1322 ) ) ;
#2807 = CARTESIAN_POINT ( 'NONE',  ( -0.6779289321881342145, 2.500000000000000000, -1.247071067811865275 ) ) ;
#2808 = DIRECTION ( 'NONE',  ( 0.000000000000000000, 0.000000000000000000, 1.000000000000000000 ) ) ;
#2809 = DIRECTION ( 'NONE',  ( -0.7071067811865475727, 0.000000000000000000, -0.7071067811865474617 ) ) ;
#2810 = EDGE_LOOP ( 'NONE', ( #3238, #1951, #3356, #2050 ) ) ;
#2811 = VERTEX_POINT ( 'NONE', #426 ) ;
#2812 = AXIS2_PLACEMENT_3D ( 'NONE', #1330, #1950, #3132 ) ;
#2813 = LINE ( 'NONE', #3150, #3204 ) ;
#2814 = ADVANCED_FACE ( 'NONE', ( #1294 ), #2785, .F. ) ;
#2815 = CARTESIAN_POINT ( 'NONE',  ( -1.150857864376268580, 0.000000000000000000, -0.7600000000000001199 ) ) ;
#2816 = TOROIDAL_SURFACE ( 'NONE', #3377, 0.02000000000000000042, 0.01000000000000000021 ) ;
#2817 = ORIENTED_EDGE ( 'NONE', *, *, #433, .T. ) ;
#2818 = EDGE_CURVE ( 'NONE', #3679, #2282, #1662, .T. ) ;
#2819 = LINE ( 'NONE', #1709, #802 ) ;
#2820 = AXIS2_PLACEMENT_3D ( 'NONE', #2689, #2077, #1204 ) ;
#2821 = CARTESIAN_POINT ( 'NONE',  ( 1.260000000000000453, 0.5000000000000000000, 0.7499999999999997780 ) ) ;
#2822 = ADVANCED_FACE ( 'NONE', ( #505 ), #2265, .F. ) ;
#2823 = EDGE_CURVE ( 'NONE', #2582, #1708, #3116, .T. ) ;
#2824 = PLANE ( 'NONE',  #1903 ) ;
#2825 = CIRCLE ( 'NONE', #2087, 0.01000000000000002623 ) ;
#2826 = PRESENTATION_LAYER_ASSIGNMENT (  '', '', ( #2640 ) ) ;
#2827 =( NAMED_UNIT ( * ) SI_UNIT ( $, .STERADIAN. ) SOLID_ANGLE_UNIT ( ) );
#2828 = CARTESIAN_POINT ( 'NONE',  ( -0.3200000000000001177, 2.490000000000000213, -0.3200000000000000622 ) ) ;
#2829 = CARTESIAN_POINT ( 'NONE',  ( 1.165000000000000480, 2.500000000000000000, 0.5099999999999992317 ) ) ;
#2830 = ORIENTED_EDGE ( 'NONE', *, *, #3693, .T. ) ;
#2831 = CARTESIAN_POINT ( 'NONE',  ( 1.179142135623730825, 2.490000000000000213, -0.7400000000000001021 ) ) ;
#2832 = VERTEX_POINT ( 'NONE', #1643 ) ;
#2833 = SPHERICAL_SURFACE ( 'NONE', #2656, 0.01000000000000000021 ) ;
#2834 = CARTESIAN_POINT ( 'NONE',  ( -0.3100000000000001088, 11.50000000000000000, -0.3199999999999999512 ) ) ;
#2835 = VERTEX_POINT ( 'NONE', #1072 ) ;
#2836 = VECTOR ( 'NONE', #3188, 1000.000000000000000 ) ;
#2837 = EDGE_LOOP ( 'NONE', ( #888, #2107, #866, #3219 ) ) ;
#2838 = PRODUCT_DEFINITION_FORMATION_WITH_SPECIFIED_SOURCE ( 'ANY', '', #400, .NOT_KNOWN. ) ;
#2839 = CARTESIAN_POINT ( 'NONE',  ( -0.3130717967697246307, 0.3544101615137729699, -0.3130717967697244641 ) ) ;
#2840 = EDGE_LOOP ( 'NONE', ( #1119, #666, #812, #2356 ) ) ;
#2841 = FACE_OUTER_BOUND ( 'NONE', #2360, .T. ) ;
#2842 = EDGE_LOOP ( 'NONE', ( #395, #1701, #549, #2607 ) ) ;
#2843 = DIRECTION ( 'NONE',  ( 0.000000000000000000, 0.000000000000000000, -1.000000000000000000 ) ) ;
#2844 = DIRECTION ( 'NONE',  ( -0.4472135954999578722, -0.7745966692414835153, 0.4472135954999579277 ) ) ;
#2845 = VECTOR ( 'NONE', #1041, 1000.000000000000000 ) ;
#2846 = CARTESIAN_POINT ( 'NONE',  ( -0.6708578643762688198, 2.490000000000000213, 1.240000000000000657 ) ) ;
#2847 = ADVANCED_FACE ( 'NONE', ( #3706 ), #198, .F. ) ;
#2848 = CARTESIAN_POINT ( 'NONE',  ( 2.540000000000000480, 0.000000000000000000, -4.105002958672327183E-16 ) ) ;
#2849 = DIRECTION ( 'NONE',  ( 0.7071067811865474617, 0.000000000000000000, -0.7071067811865474617 ) ) ;
#2850 = CARTESIAN_POINT ( 'NONE',  ( 1.270000000000000018, 2.350000000000000089, 0.4999999999999986122 ) ) ;
#2851 = CARTESIAN_POINT ( 'NONE',  ( -0.3200000000000000067, 11.50000000000000000, 0.3200000000000000622 ) ) ;
#2852 = FACE_OUTER_BOUND ( 'NONE', #1725, .T. ) ;
#2853 = DIRECTION ( 'NONE',  ( -1.000000000000000000, 0.000000000000000000, 1.606225440719265874E-16 ) ) ;
#2854 = EDGE_LOOP ( 'NONE', ( #2625, #2526, #3011, #773 ) ) ;
#2855 = ORIENTED_EDGE ( 'NONE', *, *, #3419, .T. ) ;
#2856 = EDGE_CURVE ( 'NONE', #3091, #990, #1314, .T. ) ;
#2857 = DIRECTION ( 'NONE',  ( -1.000000000000000000, -0.000000000000000000, 1.606225440719265874E-16 ) ) ;
#2858 = VECTOR ( 'NONE', #145, 1000.000000000000000 ) ;
#2859 = VECTOR ( 'NONE', #316, 1000.000000000000000 ) ;
#2860 = ORIENTED_EDGE ( 'NONE', *, *, #769, .T. ) ;
#2861 = CARTESIAN_POINT ( 'NONE',  ( -1.164999999999999591, -2.716595655254011054E-17, -0.7541421356237311135 ) ) ;
#2862 = EDGE_LOOP ( 'NONE', ( #2236, #833, #1008, #1392 ) ) ;
#2863 = VECTOR ( 'NONE', #989, 1000.000000000000000 ) ;
#2864 = CARTESIAN_POINT ( 'NONE',  ( -1.175000000000000044, 2.490000000000000213, -0.5000000000000008882 ) ) ;
#2865 = FACE_OUTER_BOUND ( 'NONE', #3570, .T. ) ;
#2866 = AXIS2_PLACEMENT_3D ( 'NONE', #1437, #296, #860 ) ;
#2867 = EDGE_CURVE ( 'NONE', #2957, #2793, #3367, .T. ) ;
#2868 = CARTESIAN_POINT ( 'NONE',  ( 0.1142264973081031088, 11.50000000000000000, 0.1142264973081031781 ) ) ;
#2869 = CIRCLE ( 'NONE', #1198, 0.01000000000000002623 ) ;
#2870 = DIRECTION ( 'NONE',  ( 1.000000000000000000, 0.000000000000000000, 0.000000000000000000 ) ) ;
#2871 = CARTESIAN_POINT ( 'NONE',  ( 1.991719546491890768E-16, 2.490000000000000213, 1.240000000000000657 ) ) ;
#2872 = ORIENTED_EDGE ( 'NONE', *, *, #2297, .F. ) ;
#2873 = CARTESIAN_POINT ( 'NONE',  ( 1.164999999999999813, 2.490000000000000213, -0.7458578643762693305 ) ) ;
#2874 = EDGE_CURVE ( 'NONE', #3398, #3345, #1593, .T. ) ;
#2875 = DIRECTION ( 'NONE',  ( -0.4472135954999595375, 0.7745966692414821830, -0.4472135954999585383 ) ) ;
#2876 = DIRECTION ( 'NONE',  ( 0.000000000000000000, -1.000000000000000000, 0.000000000000000000 ) ) ;
#2877 = VECTOR ( 'NONE', #2021, 999.9999999999998863 ) ;
#2878 = ADVANCED_FACE ( 'NONE', ( #2534 ), #1013, .T. ) ;
#2879 = EDGE_LOOP ( 'NONE', ( #184, #1921, #592, #1990 ) ) ;
#2880 = EDGE_LOOP ( 'NONE', ( #1635, #1793, #969, #2011 ) ) ;
#2881 = EDGE_CURVE ( 'NONE', #907, #247, #2727, .T. ) ;
#2882 = FACE_OUTER_BOUND ( 'NONE', #1396, .T. ) ;
#2883 = VERTEX_POINT ( 'NONE', #1897 ) ;
#2884 = CARTESIAN_POINT ( 'NONE',  ( -1.259999999999999787, 0.5100000000000000089, 0.7500000000000004441 ) ) ;
#2885 =( BOUNDED_CURVE ( )  B_SPLINE_CURVE ( 3, ( #2136, #3301, #1023, #2176 ),
 .UNSPECIFIED., .F., .T. ) 
 B_SPLINE_CURVE_WITH_KNOTS ( ( 4, 4 ),
 ( 0.000000000000000000, 0.1263401276387650096 ),
 .UNSPECIFIED. ) 
 CURVE ( )  GEOMETRIC_REPRESENTATION_ITEM ( )  RATIONAL_B_SPLINE_CURVE ( ( 1.000000000000000000, 0.9986702899464856564, 0.9986702899464856564, 1.000000000000000000 ) ) 
 REPRESENTATION_ITEM ( '' )  );
#2886 = ORIENTED_EDGE ( 'NONE', *, *, #2701, .T. ) ;
#2887 = DIRECTION ( 'NONE',  ( 1.000000000000000000, -0.000000000000000000, 1.141265444721588441E-15 ) ) ;
#2888 = DIRECTION ( 'NONE',  ( 2.891205793294678819E-16, -0.000000000000000000, 1.000000000000000000 ) ) ;
#2889 = LINE ( 'NONE', #14, #1076 ) ;
#2890 = STYLED_ITEM ( 'NONE', ( #670 ), #3626 ) ;
#2891 = CARTESIAN_POINT ( 'NONE',  ( -1.259999999999999787, 2.500000000000000000, 0.7400000000000004352 ) ) ;
#2892 = DIRECTION ( 'NONE',  ( 0.000000000000000000, -1.000000000000000000, 0.000000000000000000 ) ) ;
#2893 = DIRECTION ( 'NONE',  ( 0.000000000000000000, -1.000000000000000000, 0.000000000000000000 ) ) ;
#2894 = CARTESIAN_POINT ( 'NONE',  ( -0.1142264973081032198, 11.49000000000000021, 0.1142264973081031504 ) ) ;
#2895 = ADVANCED_FACE ( 'NONE', ( #758 ), #446, .T. ) ;
#2896 = VERTEX_POINT ( 'NONE', #1623 ) ;
#2897 = ORIENTED_EDGE ( 'NONE', *, *, #1243, .F. ) ;
#2898 = CYLINDRICAL_SURFACE ( 'NONE', #2038, 0.009999999999999998473 ) ;
#2899 = EDGE_CURVE ( 'NONE', #1349, #57, #1729, .T. ) ;
#2900 = ORIENTED_EDGE ( 'NONE', *, *, #3510, .F. ) ;
#2901 = CARTESIAN_POINT ( 'NONE',  ( 0.1142264973081041218, 0.004999999999999995767, 0.1228867513459485639 ) ) ;
#2902 = ORIENTED_EDGE ( 'NONE', *, *, #3290, .T. ) ;
#2903 = VECTOR ( 'NONE', #1203, 1000.000000000000000 ) ;
#2904 = CARTESIAN_POINT ( 'NONE',  ( 0.6750000000000003775, 2.490000000000000213, 1.250000000000000444 ) ) ;
#2905 =( BOUNDED_CURVE ( )  B_SPLINE_CURVE ( 3, ( #938, #2410, #973, #1548 ),
 .UNSPECIFIED., .F., .T. ) 
 B_SPLINE_CURVE_WITH_KNOTS ( ( 4, 4 ),
 ( 6.156845179540811230, 6.283185307179586232 ),
 .UNSPECIFIED. ) 
 CURVE ( )  GEOMETRIC_REPRESENTATION_ITEM ( )  RATIONAL_B_SPLINE_CURVE ( ( 1.000000000000000000, 0.9986702899464854344, 0.9986702899464854344, 1.000000000000000000 ) ) 
 REPRESENTATION_ITEM ( '' )  );
#2906 = LINE ( 'NONE', #761, #828 ) ;
#2907 = ORIENTED_EDGE ( 'NONE', *, *, #1043, .F. ) ;
#2908 = ADVANCED_FACE ( 'NONE', ( #2865 ), #868, .T. ) ;
#2909 = CONTEXT_DEPENDENT_SHAPE_REPRESENTATION ( #1852, #967 ) ;
#2910 = CYLINDRICAL_SURFACE ( 'NONE', #2001, 0.01000000000000002623 ) ;
#2911 = ORIENTED_EDGE ( 'NONE', *, *, #3061, .T. ) ;
#2912 = CARTESIAN_POINT ( 'NONE',  ( -1.179142135623731047, 2.489999999999999769, -0.7599999999999997868 ) ) ;
#2913 = CARTESIAN_POINT ( 'NONE',  ( -0.1142264973081041912, 0.01000000000000000021, -0.1142264973081040663 ) ) ;
#2914 = DIRECTION ( 'NONE',  ( 0.7071067811865474617, 0.000000000000000000, 0.7071067811865474617 ) ) ;
#2915 = ORIENTED_EDGE ( 'NONE', *, *, #1906, .F. ) ;
#2916 = ORIENTED_EDGE ( 'NONE', *, *, #3393, .T. ) ;
#2917 = DIRECTION ( 'NONE',  ( -0.7071067811865466846, 0.7071067811865483499, 5.989427408919423217E-17 ) ) ;
#2918 = VERTEX_POINT ( 'NONE', #3154 ) ;
#2919 = LINE ( 'NONE', #1550, #1629 ) ;
#2920 = VERTEX_POINT ( 'NONE', #1398 ) ;
#2921 = AXIS2_PLACEMENT_3D ( 'NONE', #901, #616, #2317 ) ;
#2922 = CARTESIAN_POINT ( 'NONE',  ( 0.3299999999999999600, 2.500000000000000000, 0.000000000000000000 ) ) ;
#2923 = AXIS2_PLACEMENT_3D ( 'NONE', #2894, #598, #2354 ) ;
#2924 = VECTOR ( 'NONE', #1477, 1000.000000000000114 ) ;
#2925 = CARTESIAN_POINT ( 'NONE',  ( -1.165000000000000480, -4.124589821249880973E-17, 0.7541421356237308915 ) ) ;
#2926 = VECTOR ( 'NONE', #369, 1000.000000000000000 ) ;
#2927 = FACE_OUTER_BOUND ( 'NONE', #151, .T. ) ;
#2928 = CARTESIAN_POINT ( 'NONE',  ( 1.175000000000000044, 2.350000000000000089, -0.5000000000000011102 ) ) ;
#2929 = DIRECTION ( 'NONE',  ( 0.7071067811865475727, 2.299940125025055044E-14, -0.7071067811865475727 ) ) ;
#2930 = CARTESIAN_POINT ( 'NONE',  ( 0.3112600429262812884, 11.15372788819387395, -0.3199202969641256056 ) ) ;
#2931 = ORIENTED_EDGE ( 'NONE', *, *, #3183, .F. ) ;
#2932 = VERTEX_POINT ( 'NONE', #2622 ) ;
#2933 = CYLINDRICAL_SURFACE ( 'NONE', #823, 0.01000000000000002623 ) ;
#2934 = VERTEX_POINT ( 'NONE', #523 ) ;
#2935 = LINE ( 'NONE', #977, #908 ) ;
#2936 = ORIENTED_EDGE ( 'NONE', *, *, #2637, .T. ) ;
#2937 = EDGE_CURVE ( 'NONE', #3518, #3113, #133, .T. ) ;
#2938 = CARTESIAN_POINT ( 'NONE',  ( -1.269999999999999796, 2.490000000000000213, -0.7499999999999997780 ) ) ;
#2939 = EDGE_CURVE ( 'NONE', #539, #674, #1446, .T. ) ;
#2940 = CARTESIAN_POINT ( 'NONE',  ( 0.3199999999999998401, 0.3464101615137729073, -0.3104214140871991989 ) ) ;
#2941 = VECTOR ( 'NONE', #1618, 1000.000000000000000 ) ;
#2942 = ORIENTED_EDGE ( 'NONE', *, *, #2193, .T. ) ;
#2943 = EDGE_CURVE ( 'NONE', #2896, #432, #1270, .T. ) ;
#2944 = DIRECTION ( 'NONE',  ( 0.000000000000000000, 0.000000000000000000, -1.000000000000000000 ) ) ;
#2945 = EDGE_CURVE ( 'NONE', #2357, #978, #158, .T. ) ;
#2946 = CARTESIAN_POINT ( 'NONE',  ( -0.9554289321881346275, 2.490000000000000213, 0.9554289321881347385 ) ) ;
#2947 = CARTESIAN_POINT ( 'NONE',  ( 0.000000000000000000, 2.500000000000000000, 0.3300000000000000155 ) ) ;
#2948 = DIRECTION ( 'NONE',  ( 8.470329472543003391E-17, 0.000000000000000000, 1.000000000000000000 ) ) ;
#2949 = CARTESIAN_POINT ( 'NONE',  ( 0.3199202969641257166, 11.15372788819387395, 0.3112600429262805668 ) ) ;
#2950 = CIRCLE ( 'NONE', #2337, 0.01000000000000002623 ) ;
#2951 = EDGE_CURVE ( 'NONE', #432, #2660, #2188, .T. ) ;
#2952 = ORIENTED_EDGE ( 'NONE', *, *, #1570, .T. ) ;
#2953 = AXIS2_PLACEMENT_3D ( 'NONE', #2054, #48, #625 ) ;
#2954 = VERTEX_POINT ( 'NONE', #3092 ) ;
#2955 =( GEOMETRIC_REPRESENTATION_CONTEXT ( 3 ) GLOBAL_UNCERTAINTY_ASSIGNED_CONTEXT ( ( #3648 ) ) GLOBAL_UNIT_ASSIGNED_CONTEXT ( ( #3076, #2973, #40 ) ) REPRESENTATION_CONTEXT ( 'NONE', 'WORKASPACE' ) );
#2956 = CARTESIAN_POINT ( 'NONE',  ( 1.175000000000000488, 2.350000000000000089, 0.4999999999999991673 ) ) ;
#2957 = VERTEX_POINT ( 'NONE', #3625 ) ;
#2958 = CARTESIAN_POINT ( 'NONE',  ( -0.1200000000000004535, 0.004999999999999966277, -0.1228867513459484806 ) ) ;
#2959 = ORIENTED_EDGE ( 'NONE', *, *, #2028, .T. ) ;
#2960 = LINE ( 'NONE', #2938, #1500 ) ;
#2961 = CARTESIAN_POINT ( 'NONE',  ( -0.3100000000000001088, 0.3464101615137729628, -0.3199999999999999512 ) ) ;
#2962 = CIRCLE ( 'NONE', #1797, 0.01000000000000002623 ) ;
#2963 = EDGE_LOOP ( 'NONE', ( #3037, #2174, #157, #2630 ) ) ;
#2964 = CIRCLE ( 'NONE', #1728, 0.009999999999999998473 ) ;
#2965 = PLANE ( 'NONE',  #102 ) ;
#2966 = CARTESIAN_POINT ( 'NONE',  ( -1.259999999999999787, 2.500000000000000000, -0.5100000000000008971 ) ) ;
#2967 = EDGE_CURVE ( 'NONE', #1123, #2660, #2515, .T. ) ;
#2968 = LINE ( 'NONE', #1256, #2924 ) ;
#2969 = SURFACE_STYLE_FILL_AREA ( #2709 ) ;
#2970 = DIRECTION ( 'NONE',  ( -0.4472135954999579277, -0.7745966692414834043, -0.4472135954999578167 ) ) ;
#2971 = ORIENTED_EDGE ( 'NONE', *, *, #1216, .T. ) ;
#2972 = ORIENTED_EDGE ( 'NONE', *, *, #222, .F. ) ;
#2973 =( NAMED_UNIT ( * ) PLANE_ANGLE_UNIT ( ) SI_UNIT ( $, .RADIAN. ) );
#2974 = CARTESIAN_POINT ( 'NONE',  ( 0.3099999999999998868, 0.3464101615137729628, -0.3199999999999999512 ) ) ;
#2975 = PLANE ( 'NONE',  #3147 ) ;
#2976 = VERTEX_POINT ( 'NONE', #336 ) ;
#2977 = DIRECTION ( 'NONE',  ( 0.000000000000000000, 1.000000000000000000, 0.000000000000000000 ) ) ;
#2978 = CARTESIAN_POINT ( 'NONE',  ( 1.175000000000000044, 2.500000000000000000, -0.7400000000000001021 ) ) ;
#2979 = ORIENTED_EDGE ( 'NONE', *, *, #2378, .T. ) ;
#2980 = CIRCLE ( 'NONE', #1934, 0.01000000000000001409 ) ;
#2981 = ADVANCED_FACE ( 'NONE', ( #2461 ), #2672, .T. ) ;
#2982 = CARTESIAN_POINT ( 'NONE',  ( -0.3193224092811617898, 11.15476346003734065, 0.3159672026817065826 ) ) ;
#2983 = VECTOR ( 'NONE', #1839, 1000.000000000000000 ) ;
#2984 = CARTESIAN_POINT ( 'NONE',  ( 0.3099999999999999978, 0.3464101615137729628, 0.3200000000000000622 ) ) ;
#2985 = DIRECTION ( 'NONE',  ( -1.694065894508600678E-16, 0.000000000000000000, -1.000000000000000000 ) ) ;
#2986 = AXIS2_PLACEMENT_3D ( 'NONE', #3590, #3526, #2425 ) ;
#2987 = CARTESIAN_POINT ( 'NONE',  ( 0.1228867513459474259, 11.49499999999999922, -2.081782543421284250E-17 ) ) ;
#2988 = ADVANCED_FACE ( 'NONE', ( #757 ), #1622, .T. ) ;
#2989 = VECTOR ( 'NONE', #3519, 1000.000000000000000 ) ;
#2990 = FILL_AREA_STYLE_COLOUR ( '', #854 ) ;
#2991 = CARTESIAN_POINT ( 'NONE',  ( -1.259999999999999787, 0.5100000000000000089, -0.7499999999999997780 ) ) ;
#2992 = CARTESIAN_POINT ( 'NONE',  ( 0.1142264973081041080, 0.000000000000000000, 0.1200000000000004258 ) ) ;
#2993 = EDGE_CURVE ( 'NONE', #3043, #3398, #3385, .T. ) ;
#2994 = EDGE_CURVE ( 'NONE', #2046, #2323, #3053, .T. ) ;
#2995 = ORIENTED_EDGE ( 'NONE', *, *, #1809, .T. ) ;
#2996 = ORIENTED_EDGE ( 'NONE', *, *, #2611, .T. ) ;
#2997 = ADVANCED_FACE ( 'NONE', ( #1915 ), #1333, .F. ) ;
#2998 = CARTESIAN_POINT ( 'NONE',  ( 0.3099999999999999978, 0.3464101615137729628, 0.3200000000000000622 ) ) ;
#2999 = DIRECTION ( 'NONE',  ( 0.4472135954999866270, 0.7745966692414790744, 0.4472135954999368890 ) ) ;
#3000 = CARTESIAN_POINT ( 'NONE',  ( 0.1142264973081031226, 11.49499999999999922, -0.1228867513459474536 ) ) ;
#3001 = DIRECTION ( 'NONE',  ( -0.000000000000000000, 1.000000000000000000, -0.000000000000000000 ) ) ;
#3002 =( BOUNDED_CURVE ( )  B_SPLINE_CURVE ( 3, ( #41, #924, #3221, #584 ),
 .UNSPECIFIED., .F., .F. ) 
 B_SPLINE_CURVE_WITH_KNOTS ( ( 4, 4 ),
 ( 1.570796326794896558, 3.141592653589793116 ),
 .UNSPECIFIED. ) 
 CURVE ( )  GEOMETRIC_REPRESENTATION_ITEM ( )  RATIONAL_B_SPLINE_CURVE ( ( 1.000000000000000000, 0.8047378541243649375, 0.8047378541243649375, 1.000000000000000000 ) ) 
 REPRESENTATION_ITEM ( '' )  );
#3003 = FILL_AREA_STYLE_COLOUR ( '', #2516 ) ;
#3004 = CARTESIAN_POINT ( 'NONE',  ( -1.270000000000000240, 2.495857864376268775, 0.7500000000000007772 ) ) ;
#3005 = VERTEX_POINT ( 'NONE', #3686 ) ;
#3006 = CLOSED_SHELL ( 'NONE', ( #730, #3268, #1372, #1030, #2138, #377, #3054, #3297, #2684, #63, #2721, #3450, #1969, #273, #3747, #1285, #2261, #2090, #1685, #2178, #2018, #1110, #3342, #3701, #3272, #2822, #2847, #1672, #2491, #431, #2997, #3514, #2334, #1978, #2055, #3340, #3108, #3444, #610, #1052, #628, #3395, #143, #2536, #172, #3225, #3650, #1058, #818, #1519, #936, #1614, #3109, #1336, #1910, #891, #39, #1229, #1697, #2606, #341, #2908, #1164, #2589, #2331, #1306, #2814, #3105, #1739, #33, #1694, #2156, #3739, #3244, #2878, #2259, #3401, #2085, #885, #3771, #3731, #3787, #3015, #3305, #409, #2538, #872, #1980 ) ) ;
#3007 = ORIENTED_EDGE ( 'NONE', *, *, #224, .F. ) ;
#3008 = AXIS2_PLACEMENT_3D ( 'NONE', #3235, #1403, #1716 ) ;
#3009 = CARTESIAN_POINT ( 'NONE',  ( 1.164999999999999591, 2.500000000000000000, -0.7458578643762692195 ) ) ;
#3010 = CARTESIAN_POINT ( 'NONE',  ( -0.1937320508075680847, 0.1277076581449563819, 0.1850717967697238509 ) ) ;
#3011 = ORIENTED_EDGE ( 'NONE', *, *, #2048, .F. ) ;
#3012 = VERTEX_POINT ( 'NONE', #1049 ) ;
#3013 = EDGE_CURVE ( 'NONE', #674, #1648, #1493, .T. ) ;
#3014 = DIRECTION ( 'NONE',  ( -9.486769009248165375E-15, 0.000000000000000000, -1.000000000000000000 ) ) ;
#3015 = ADVANCED_FACE ( 'NONE', ( #2229 ), #445, .T. ) ;
#3016 = CARTESIAN_POINT ( 'NONE',  ( -1.179142135623730825, -1.503005322678532707, 0.7500000000000004441 ) ) ;
#3017 = ORIENTED_EDGE ( 'NONE', *, *, #939, .T. ) ;
#3018 = CARTESIAN_POINT ( 'NONE',  ( -0.3100000000000001088, 11.15358983848622287, -0.3199999999999999512 ) ) ;
#3019 = VERTEX_POINT ( 'NONE', #2097 ) ;
#3020 = VECTOR ( 'NONE', #1351, 1000.000000000000000 ) ;
#3021 = CARTESIAN_POINT ( 'NONE',  ( -1.269999999999999796, -1.503005322678532707, -0.7499999999999997780 ) ) ;
#3022 = DIRECTION ( 'NONE',  ( 0.7071067811865475727, -0.000000000000000000, -0.7071067811865475727 ) ) ;
#3023 = EDGE_CURVE ( 'NONE', #804, #205, #1225, .T. ) ;
#3024 = VECTOR ( 'NONE', #1459, 1000.000000000000000 ) ;
#3025 = AXIS2_PLACEMENT_3D ( 'NONE', #3408, #3347, #703 ) ;
#3026 =( NAMED_UNIT ( * ) PLANE_ANGLE_UNIT ( ) SI_UNIT ( $, .RADIAN. ) );
#3027 = DIRECTION ( 'NONE',  ( 1.000000000000000000, 0.000000000000000000, 0.000000000000000000 ) ) ;
#3028 = EDGE_LOOP ( 'NONE', ( #2600, #1187, #1763, #1261 ) ) ;
#3029 = CARTESIAN_POINT ( 'NONE',  ( -0.3112600429262813995, 11.15372788819387395, -0.3199202969641255501 ) ) ;
#3030 = ORIENTED_EDGE ( 'NONE', *, *, #1236, .T. ) ;
#3031 = DIRECTION ( 'NONE',  ( -1.694065894508600678E-16, -0.000000000000000000, -1.000000000000000000 ) ) ;
#3032 = DIRECTION ( 'NONE',  ( 0.000000000000000000, -1.000000000000000000, 0.000000000000000000 ) ) ;
#3033 = AXIS2_PLACEMENT_3D ( 'NONE', #2991, #2714, #1244 ) ;
#3034 = ORIENTED_EDGE ( 'NONE', *, *, #2768, .F. ) ;
#3035 = ORIENTED_EDGE ( 'NONE', *, *, #545, .T. ) ;
#3036 = LINE ( 'NONE', #3016, #3604 ) ;
#3037 = ORIENTED_EDGE ( 'NONE', *, *, #2420, .T. ) ;
#3038 = UNCERTAINTY_MEASURE_WITH_UNIT (LENGTH_MEASURE( 1.000000000000000082E-05 ), #3548, 'distance_accuracy_value', 'NONE');
#3039 = FACE_OUTER_BOUND ( 'NONE', #269, .T. ) ;
#3040 = SURFACE_SIDE_STYLE ('',( #70 ) ) ;
#3041 = DIRECTION ( 'NONE',  ( 0.7071067811865477948, -0.000000000000000000, -0.7071067811865473507 ) ) ;
#3042 = AXIS2_PLACEMENT_3D ( 'NONE', #1166, #1386, #2272 ) ;
#3043 = VERTEX_POINT ( 'NONE', #1876 ) ;
#3044 = CARTESIAN_POINT ( 'NONE',  ( 0.000000000000000000, 2.490000000000000213, -0.7399999999999997691 ) ) ;
#3045 = AXIS2_PLACEMENT_3D ( 'NONE', #950, #686, #1859 ) ;
#3046 = ORIENTED_EDGE ( 'NONE', *, *, #1062, .F. ) ;
#3047 = CARTESIAN_POINT ( 'NONE',  ( -0.3200000000000001177, 11.50000000000000000, -0.3199999999999999512 ) ) ;
#3048 = ORIENTED_EDGE ( 'NONE', *, *, #2465, .F. ) ;
#3049 = ORIENTED_EDGE ( 'NONE', *, *, #563, .F. ) ;
#3050 = DIRECTION ( 'NONE',  ( 0.7071067811865474617, 0.000000000000000000, -0.7071067811865474617 ) ) ;
#3051 = ORIENTED_EDGE ( 'NONE', *, *, #2496, .T. ) ;
#3052 = EDGE_CURVE ( 'NONE', #3043, #2883, #1365, .T. ) ;
#3053 = LINE ( 'NONE', #357, #2039 ) ;
#3054 = ADVANCED_FACE ( 'NONE', ( #2480 ), #3785, .F. ) ;
#3055 = CARTESIAN_POINT ( 'NONE',  ( 1.175000000000000488, 2.490000000000000213, 0.7500000000000001110 ) ) ;
#3056 = DIRECTION ( 'NONE',  ( 0.000000000000000000, 0.000000000000000000, -1.000000000000000000 ) ) ;
#3057 = EDGE_CURVE ( 'NONE', #3282, #618, #2819, .T. ) ;
#3058 = EDGE_CURVE ( 'NONE', #3043, #2920, #2535, .T. ) ;
#3059 = CARTESIAN_POINT ( 'NONE',  ( 0.1200000000000002870, 0.000000000000000000, -0.1142264973081040941 ) ) ;
#3060 = LINE ( 'NONE', #2129, #530 ) ;
#3061 = EDGE_CURVE ( 'NONE', #92, #2020, #1726, .T. ) ;
#3062 = ORIENTED_EDGE ( 'NONE', *, *, #3669, .F. ) ;
#3063 = DIRECTION ( 'NONE',  ( 0.000000000000000000, -1.000000000000000000, 0.000000000000000000 ) ) ;
#3064 = EDGE_LOOP ( 'NONE', ( #1869, #3503, #2105, #3295, #1883, #3242, #482, #1466 ) ) ;
#3065 = ADVANCED_BREP_SHAPE_REPRESENTATION ( '', ( #3611, #672 ), #2955 ) ;
#3066 = LINE ( 'NONE', #168, #2845 ) ;
#3067 = EDGE_LOOP ( 'NONE', ( #2151, #963, #3776, #2783 ) ) ;
#3068 = DIRECTION ( 'NONE',  ( -1.000000000000000000, 0.000000000000000000, 0.000000000000000000 ) ) ;
#3069 = AXIS2_PLACEMENT_3D ( 'NONE', #878, #1169, #1698 ) ;
#3070 = CARTESIAN_POINT ( 'NONE',  ( -0.3100000000000001088, 0.3464101615137729628, -0.3199999999999999512 ) ) ;
#3071 = ORIENTED_EDGE ( 'NONE', *, *, #381, .F. ) ;
#3072 = CARTESIAN_POINT ( 'NONE',  ( 0.3199999999999998956, 0.9000000000000002442, -0.3200000000000000622 ) ) ;
#3073 = CARTESIAN_POINT ( 'NONE',  ( 1.174999999999999822, 2.500000000000000000, -0.7500000000000001110 ) ) ;
#3074 = EDGE_LOOP ( 'NONE', ( #203, #779, #289, #752 ) ) ;
#3075 = DIRECTION ( 'NONE',  ( -0.7071067811865473507, 0.000000000000000000, 0.7071067811865477948 ) ) ;
#3076 =( LENGTH_UNIT ( ) NAMED_UNIT ( * ) SI_UNIT ( .MILLI., .METRE. ) );
#3077 = LINE ( 'NONE', #1881, #2143 ) ;
#3078 = CARTESIAN_POINT ( 'NONE',  ( -0.3200000000000000067, 11.15358983848622287, 0.3099999999999999978 ) ) ;
#3079 = EDGE_CURVE ( 'NONE', #2295, #1776, #815, .T. ) ;
#3080 = ORIENTED_EDGE ( 'NONE', *, *, #1387, .F. ) ;
#3081 = CARTESIAN_POINT ( 'NONE',  ( 1.269999999999999796, -1.503005322678532707, -0.7500000000000001110 ) ) ;
#3082 = VECTOR ( 'NONE', #425, 1000.000000000000000 ) ;
#3083 = CARTESIAN_POINT ( 'NONE',  ( -0.6679289321881342056, 0.01000000000000002623, -1.242928932188134272 ) ) ;
#3084 = CARTESIAN_POINT ( 'NONE',  ( -0.3200000000000001732, 2.495857864376268331, -0.3200000000000000622 ) ) ;
#3085 = ORIENTED_EDGE ( 'NONE', *, *, #650, .F. ) ;
#3086 = ORIENTED_EDGE ( 'NONE', *, *, #2023, .T. ) ;
#3087 = DIRECTION ( 'NONE',  ( -0.000000000000000000, 0.000000000000000000, -1.000000000000000000 ) ) ;
#3088 = AXIS2_PLACEMENT_3D ( 'NONE', #2302, #1397, #3488 ) ;
#3089 = DIRECTION ( 'NONE',  ( 1.000000000000000000, 0.000000000000000000, -5.706327223607941615E-15 ) ) ;
#3090 = EDGE_CURVE ( 'NONE', #1843, #976, #1642, .T. ) ;
#3091 = VERTEX_POINT ( 'NONE', #3763 ) ;
#3092 = CARTESIAN_POINT ( 'NONE',  ( 0.3299999999999999600, 2.500000000000000000, -0.3300000000000001266 ) ) ;
#3093 = CARTESIAN_POINT ( 'NONE',  ( 0.3199202969641257721, 0.3462721118061212744, 0.3112600429262813440 ) ) ;
#3094 = CARTESIAN_POINT ( 'NONE',  ( 0.000000000000000000, 0.000000000000000000, 0.000000000000000000 ) ) ;
#3095 = CARTESIAN_POINT ( 'NONE',  ( 0.6708578643762688198, 0.01000000000000000021, -1.239999999999999991 ) ) ;
#3096 = DIRECTION ( 'NONE',  ( 1.000000000000000000, 0.000000000000000000, -1.606225440719265874E-16 ) ) ;
#3097 = ORIENTED_EDGE ( 'NONE', *, *, #3613, .F. ) ;
#3098 = FACE_OUTER_BOUND ( 'NONE', #2734, .T. ) ;
#3099 = EDGE_CURVE ( 'NONE', #3282, #263, #2363, .T. ) ;
#3100 = EDGE_CURVE ( 'NONE', #687, #2357, #3429, .T. ) ;
#3101 = CARTESIAN_POINT ( 'NONE',  ( 0.000000000000000000, 0.01000000000000000021, 0.7599999999999997868 ) ) ;
#3102 = CARTESIAN_POINT ( 'NONE',  ( 0.3159672026817064716, 11.15476346003734598, -0.3193224092811616788 ) ) ;
#3103 = VECTOR ( 'NONE', #886, 1000.000000000000000 ) ;
#3104 = ORIENTED_EDGE ( 'NONE', *, *, #2774, .T. ) ;
#3105 = ADVANCED_FACE ( 'NONE', ( #3705 ), #3470, .T. ) ;
#3106 = AXIS2_PLACEMENT_3D ( 'NONE', #3592, #1529, #1770 ) ;
#3107 = ORIENTED_EDGE ( 'NONE', *, *, #910, .F. ) ;
#3108 = ADVANCED_FACE ( 'NONE', ( #1127 ), #1109, .T. ) ;
#3109 = ADVANCED_FACE ( 'NONE', ( #1090 ), #780, .T. ) ;
#3110 = CARTESIAN_POINT ( 'NONE',  ( 1.260000000000000231, 2.500000000000000000, 0.7400000000000001021 ) ) ;
#3111 = AXIS2_PLACEMENT_3D ( 'NONE', #3748, #1380, #3176 ) ;
#3112 = DIRECTION ( 'NONE',  ( -0.8660254037844475894, -0.4999999999999844569, 0.000000000000000000 ) ) ;
#3113 = VERTEX_POINT ( 'NONE', #2285 ) ;
#3114 = CARTESIAN_POINT ( 'NONE',  ( 0.3108419876365757784, 0.3463640836734995232, -0.3199733969465143324 ) ) ;
#3115 = AXIS2_PLACEMENT_3D ( 'NONE', #27, #2643, #1176 ) ;
#3116 = LINE ( 'NONE', #3073, #3264 ) ;
#3117 = CARTESIAN_POINT ( 'NONE',  ( 1.175000000000000711, 0.01000000000000002623, 0.7499999999999997780 ) ) ;
#3118 =( NAMED_UNIT ( * ) SI_UNIT ( $, .STERADIAN. ) SOLID_ANGLE_UNIT ( ) );
#3119 = CARTESIAN_POINT ( 'NONE',  ( 0.1850717967697237953, 0.1277076581449563264, 0.1937320508075680570 ) ) ;
#3120 = CARTESIAN_POINT ( 'NONE',  ( 0.6708578643762688198, 2.490000000000000213, -1.239999999999999991 ) ) ;
#3121 = ORIENTED_EDGE ( 'NONE', *, *, #2382, .T. ) ;
#3122 = CARTESIAN_POINT ( 'NONE',  ( -0.3200000000000000622, 0.9000000000000002442, 0.3199999999999999512 ) ) ;
#3123 = ORIENTED_EDGE ( 'NONE', *, *, #268, .F. ) ;
#3124 = CARTESIAN_POINT ( 'NONE',  ( -0.3099999999999999978, 0.3464101615137729628, 0.3200000000000000622 ) ) ;
#3125 = DIRECTION ( 'NONE',  ( -0.000000000000000000, 1.000000000000000000, -0.000000000000000000 ) ) ;
#3126 = VERTEX_POINT ( 'NONE', #2864 ) ;
#3127 = VECTOR ( 'NONE', #2185, 1000.000000000000000 ) ;
#3128 = EDGE_LOOP ( 'NONE', ( #2221, #352, #1944, #5 ) ) ;
#3129 =( BOUNDED_CURVE ( )  B_SPLINE_CURVE ( 3, ( #3193, #507, #1997, #2592 ),
 .UNSPECIFIED., .F., .F. ) 
 B_SPLINE_CURVE_WITH_KNOTS ( ( 4, 4 ),
 ( 6.156845179540893831, 6.283185307179586232 ),
 .UNSPECIFIED. ) 
 CURVE ( )  GEOMETRIC_REPRESENTATION_ITEM ( )  RATIONAL_B_SPLINE_CURVE ( ( 1.000000000000000000, 0.9986702899464872107, 0.9986702899464872107, 1.000000000000000000 ) ) 
 REPRESENTATION_ITEM ( '' )  );
#3130 = CARTESIAN_POINT ( 'NONE',  ( 1.270000000000000240, 2.495857864376268775, 0.7500000000000003331 ) ) ;
#3131 = EDGE_CURVE ( 'NONE', #139, #1992, #1975, .T. ) ;
#3132 = DIRECTION ( 'NONE',  ( 0.000000000000000000, 0.000000000000000000, -1.000000000000000000 ) ) ;
#3133 = ORIENTED_EDGE ( 'NONE', *, *, #1568, .F. ) ;
#3134 = CARTESIAN_POINT ( 'NONE',  ( -1.259999999999999787, 2.490000000000000213, 0.000000000000000000 ) ) ;
#3135 = VECTOR ( 'NONE', #3609, 1000.000000000000000 ) ;
#3136 = CARTESIAN_POINT ( 'NONE',  ( -1.265857864376269015, 2.500000000000000000, -0.5041421356237317797 ) ) ;
#3137 = CARTESIAN_POINT ( 'NONE',  ( 0.000000000000000000, 0.000000000000000000, 0.000000000000000000 ) ) ;
#3138 =( NAMED_UNIT ( * ) PLANE_ANGLE_UNIT ( ) SI_UNIT ( $, .RADIAN. ) );
#3139 = CYLINDRICAL_SURFACE ( 'NONE', #2697, 0.01000000000000002623 ) ;
#3140 = CARTESIAN_POINT ( 'NONE',  ( -0.3199202969641257721, 0.3462721118061212189, 0.3112600429262815105 ) ) ;
#3141 = CARTESIAN_POINT ( 'NONE',  ( 0.1228867513459474259, 11.49499999999999922, -0.1142264973081031781 ) ) ;
#3142 = EDGE_CURVE ( 'NONE', #3744, #2013, #3192, .T. ) ;
#3143 = CARTESIAN_POINT ( 'NONE',  ( -1.269999999999999796, -1.503005322678532707, 0.7500000000000004441 ) ) ;
#3144 = DIRECTION ( 'NONE',  ( 1.000000000000000000, 0.000000000000000000, 0.000000000000000000 ) ) ;
#3145 = DIRECTION ( 'NONE',  ( 0.000000000000000000, 0.000000000000000000, -1.000000000000000000 ) ) ;
#3146 = ORIENTED_EDGE ( 'NONE', *, *, #18, .T. ) ;
#3147 = AXIS2_PLACEMENT_3D ( 'NONE', #2049, #3497, #345 ) ;
#3148 = ORIENTED_EDGE ( 'NONE', *, *, #658, .T. ) ;
#3149 = CONTEXT_DEPENDENT_SHAPE_REPRESENTATION ( #2325, #91 ) ;
#3150 = CARTESIAN_POINT ( 'NONE',  ( 0.3199999999999998956, 0.9000000000000002442, -0.3200000000000000622 ) ) ;
#3151 = DIRECTION ( 'NONE',  ( 0.000000000000000000, -1.000000000000000000, 0.000000000000000000 ) ) ;
#3152 = ORIENTED_EDGE ( 'NONE', *, *, #1922, .F. ) ;
#3153 = DIRECTION ( 'NONE',  ( 0.4472135954999592600, -0.7745966692414817389, -0.4472135954999593710 ) ) ;
#3154 = CARTESIAN_POINT ( 'NONE',  ( 0.3199999999999998956, 11.15358983848622287, -0.3099999999999998868 ) ) ;
#3155 = VECTOR ( 'NONE', #3714, 1000.000000000000000 ) ;
#3156 = CYLINDRICAL_SURFACE ( 'NONE', #1652, 0.01000000000000002623 ) ;
#3157 = EDGE_CURVE ( 'NONE', #2186, #1843, #2014, .T. ) ;
#3158 = DIRECTION ( 'NONE',  ( 0.000000000000000000, 0.000000000000000000, 1.000000000000000000 ) ) ;
#3159 = DIRECTION ( 'NONE',  ( -0.7071067811865477948, 0.000000000000000000, -0.7071067811865472397 ) ) ;
#3160 = CYLINDRICAL_SURFACE ( 'NONE', #2671, 0.01000000000000002623 ) ;
#3161 = ORIENTED_EDGE ( 'NONE', *, *, #2310, .T. ) ;
#3162 = DIRECTION ( 'NONE',  ( -1.000000000000000000, 0.000000000000000000, 1.694065894508598706E-16 ) ) ;
#3163 = CARTESIAN_POINT ( 'NONE',  ( -0.3199202969641258831, 11.15372788819387395, -0.3112600429262804558 ) ) ;
#3164 = CARTESIAN_POINT ( 'NONE',  ( -1.165000000000000036, 2.500000000000000000, 0.5099999999999991207 ) ) ;
#3165 = ORIENTED_EDGE ( 'NONE', *, *, #335, .F. ) ;
#3166 = ORIENTED_EDGE ( 'NONE', *, *, #2702, .T. ) ;
#3167 = CYLINDRICAL_SURFACE ( 'NONE', #1048, 0.01000000000000001235 ) ;
#3168 = AXIS2_PLACEMENT_3D ( 'NONE', #1404, #1964, #3145 ) ;
#3169 = AXIS2_PLACEMENT_3D ( 'NONE', #1452, #2345, #873 ) ;
#3170 = EDGE_LOOP ( 'NONE', ( #26, #191, #11 ) ) ;
#3171 = CARTESIAN_POINT ( 'NONE',  ( 0.1142264973081040663, 0.01000000000000000194, -0.1142264973081040941 ) ) ;
#3172 = ORIENTED_EDGE ( 'NONE', *, *, #652, .F. ) ;
#3173 = AXIS2_PLACEMENT_3D ( 'NONE', #1420, #1115, #1750 ) ;
#3174 = VECTOR ( 'NONE', #2093, 1000.000000000000000 ) ;
#3175 = DIRECTION ( 'NONE',  ( 1.000000000000000000, 0.000000000000000000, -0.000000000000000000 ) ) ;
#3176 = DIRECTION ( 'NONE',  ( 0.000000000000000000, 0.000000000000000000, 1.000000000000000000 ) ) ;
#3177 = EDGE_CURVE ( 'NONE', #2883, #459, #2264, .T. ) ;
#3178 =( LENGTH_UNIT ( ) NAMED_UNIT ( * ) SI_UNIT ( .MILLI., .METRE. ) );
#3179 = LINE ( 'NONE', #875, #2245 ) ;
#3180 = CARTESIAN_POINT ( 'NONE',  ( -0.3104214140871991989, 11.15358983848622287, 0.3200000000000000622 ) ) ;
#3181 = CARTESIAN_POINT ( 'NONE',  ( 1.179142135623731491, 0.5000000000000000000, 0.7499999999999997780 ) ) ;
#3182 = EDGE_CURVE ( 'NONE', #3744, #2084, #1985, .T. ) ;
#3183 = EDGE_CURVE ( 'NONE', #2619, #1209, #2962, .T. ) ;
#3184 = DIRECTION ( 'NONE',  ( 0.000000000000000000, 0.4999999999999804046, 0.8660254037844500319 ) ) ;
#3185 = CARTESIAN_POINT ( 'NONE',  ( -0.6779289321881342145, 2.490000000000000213, -1.247071067811865275 ) ) ;
#3186 = EDGE_LOOP ( 'NONE', ( #1651, #231, #3515, #2740 ) ) ;
#3187 = ORIENTED_EDGE ( 'NONE', *, *, #1129, .T. ) ;
#3188 = DIRECTION ( 'NONE',  ( 0.000000000000000000, -1.000000000000000000, 0.000000000000000000 ) ) ;
#3189 = ORIENTED_EDGE ( 'NONE', *, *, #2967, .T. ) ;
#3190 = FACE_OUTER_BOUND ( 'NONE', #1865, .T. ) ;
#3191 = ORIENTED_EDGE ( 'NONE', *, *, #3013, .T. ) ;
#3192 = LINE ( 'NONE', #2904, #84 ) ;
#3193 = CARTESIAN_POINT ( 'NONE',  ( 0.3199202969641257166, 11.15372788819387395, 0.3112600429262805668 ) ) ;
#3194 = ITEM_DEFINED_TRANSFORMATION ( 'NONE', 'NONE', #1962,  #672 ) ;
#3195 = CARTESIAN_POINT ( 'NONE',  ( -1.269999999999999796, 0.5100000000000000089, 0.7500000000000004441 ) ) ;
#3196 = AXIS2_PLACEMENT_3D ( 'NONE', #429, #122, #1056 ) ;
#3197 = SPHERICAL_SURFACE ( 'NONE', #2513, 0.01000000000000000021 ) ;
#3198 = CYLINDRICAL_SURFACE ( 'NONE', #164, 0.009999999999999998473 ) ;
#3199 = CARTESIAN_POINT ( 'NONE',  ( -1.269999999999999796, 0.5100000000000000089, 0.7499999999999997780 ) ) ;
#3200 = DIRECTION ( 'NONE',  ( 0.000000000000000000, -1.000000000000000000, 0.000000000000000000 ) ) ;
#3201 = ORIENTED_EDGE ( 'NONE', *, *, #1003, .F. ) ;
#3202 = ORIENTED_EDGE ( 'NONE', *, *, #2611, .F. ) ;
#3203 = DIRECTION ( 'NONE',  ( 1.694065894508600678E-16, -0.000000000000000000, 1.000000000000000000 ) ) ;
#3204 = VECTOR ( 'NONE', #2278, 999.9999999999998863 ) ;
#3205 = ORIENTED_EDGE ( 'NONE', *, *, #2361, .F. ) ;
#3206 = LINE ( 'NONE', #571, #640 ) ;
#3207 = EDGE_LOOP ( 'NONE', ( #768, #1521, #2339 ) ) ;
#3208 = AXIS2_PLACEMENT_3D ( 'NONE', #1954, #2246, #3430 ) ;
#3209 = FACE_OUTER_BOUND ( 'NONE', #2532, .T. ) ;
#3210 = LINE ( 'NONE', #1180, #914 ) ;
#3211 = AXIS2_PLACEMENT_3D ( 'NONE', #2557, #2571, #3501 ) ;
#3212 = DIRECTION ( 'NONE',  ( -1.694065894508600432E-16, -1.232595164407836146E-32, -1.000000000000000000 ) ) ;
#3213 = CARTESIAN_POINT ( 'NONE',  ( 1.179142135623731491, 2.500000000000000000, 0.7400000000000001021 ) ) ;
#3214 = DIRECTION ( 'NONE',  ( 0.000000000000000000, 0.000000000000000000, -1.000000000000000000 ) ) ;
#3215 = DIRECTION ( 'NONE',  ( -0.4472135954999594820, 0.7745966692414817389, -0.4472135954999594265 ) ) ;
#3216 = CARTESIAN_POINT ( 'NONE',  ( -5.820453768080105291E-16, 2.500000000000000000, 0.5100000000000004530 ) ) ;
#3217 = VERTEX_POINT ( 'NONE', #999 ) ;
#3218 = EDGE_CURVE ( 'NONE', #556, #3012, #74, .T. ) ;
#3219 = ORIENTED_EDGE ( 'NONE', *, *, #689, .F. ) ;
#3220 = EDGE_CURVE ( 'NONE', #2795, #1278, #1262, .T. ) ;
#3221 = CARTESIAN_POINT ( 'NONE',  ( 1.269999999999999796, 2.495857864376268331, -0.5000000000000011102 ) ) ;
#3222 = ORIENTED_EDGE ( 'NONE', *, *, #794, .T. ) ;
#3223 = CARTESIAN_POINT ( 'NONE',  ( 1.270000000000000018, 2.495857864376268331, 0.4999999999999986677 ) ) ;
#3224 = ORIENTED_EDGE ( 'NONE', *, *, #2818, .T. ) ;
#3225 = ADVANCED_FACE ( 'NONE', ( #655 ), #961, .F. ) ;
#3226 = ADVANCED_FACE ( 'NONE', ( #2155 ), #635, .F. ) ;
#3227 = AXIS2_PLACEMENT_3D ( 'NONE', #3632, #995, #3351 ) ;
#3228 = CARTESIAN_POINT ( 'NONE',  ( 1.269999999999999796, 2.489999999999999769, -0.7500000000000001110 ) ) ;
#3229 = VECTOR ( 'NONE', #3212, 1000.000000000000000 ) ;
#3230 = ORIENTED_EDGE ( 'NONE', *, *, #2088, .T. ) ;
#3231 = CARTESIAN_POINT ( 'NONE',  ( -1.175000000000000044, 2.495857864376268331, -0.5000000000000008882 ) ) ;
#3232 = VECTOR ( 'NONE', #1034, 1000.000000000000000 ) ;
#3233 = DIRECTION ( 'NONE',  ( 0.000000000000000000, -1.000000000000000000, 0.000000000000000000 ) ) ;
#3234 = DIRECTION ( 'NONE',  ( -1.000000000000000000, 0.000000000000000000, 0.000000000000000000 ) ) ;
#3235 = CARTESIAN_POINT ( 'NONE',  ( -0.3200000000000000622, 0.9000000000000002442, 0.3199999999999999512 ) ) ;
#3236 = DIRECTION ( 'NONE',  ( 4.336808689942016257E-16, 0.000000000000000000, 1.000000000000000000 ) ) ;
#3237 = ORIENTED_EDGE ( 'NONE', *, *, #135, .F. ) ;
#3238 = ORIENTED_EDGE ( 'NONE', *, *, #1560, .F. ) ;
#3239 = CARTESIAN_POINT ( 'NONE',  ( 0.3112600429262812884, 11.15372788819387395, 0.3199202969641257166 ) ) ;
#3240 = ORIENTED_EDGE ( 'NONE', *, *, #1611, .F. ) ;
#3241 = CARTESIAN_POINT ( 'NONE',  ( -0.7200000000000010836, 0.5000000000000000000, 0.7499999999999997780 ) ) ;
#3242 = ORIENTED_EDGE ( 'NONE', *, *, #2698, .T. ) ;
#3243 = CARTESIAN_POINT ( 'NONE',  ( -0.3200000000000000622, 2.495857864376268331, 0.3199999999999999512 ) ) ;
#3244 = ADVANCED_FACE ( 'NONE', ( #3582 ), #3258, .T. ) ;
#3245 = CARTESIAN_POINT ( 'NONE',  ( -0.6749999999999997113, 0.01000000000000002623, -1.249999999999999778 ) ) ;
#3246 = VERTEX_POINT ( 'NONE', #1224 ) ;
#3247 = ITEM_DEFINED_TRANSFORMATION ( 'NONE', 'NONE', #2273,  #672 ) ;
#3248 =( BOUNDED_CURVE ( )  B_SPLINE_CURVE ( 3, ( #1491, #2668, #52, #1201 ),
 .UNSPECIFIED., .F., .F. ) 
 B_SPLINE_CURVE_WITH_KNOTS ( ( 4, 4 ),
 ( 5.624127271420887197, 6.942243342938285267 ),
 .UNSPECIFIED. ) 
 CURVE ( )  GEOMETRIC_REPRESENTATION_ITEM ( )  RATIONAL_B_SPLINE_CURVE ( ( 1.000000000000000000, 0.8603796100557057347, 0.8603796100557057347, 1.000000000000000000 ) ) 
 REPRESENTATION_ITEM ( '' )  );
#3249 = CARTESIAN_POINT ( 'NONE',  ( -1.165000000000000036, 2.500000000000000000, -0.5100000000000008971 ) ) ;
#3250 = DIRECTION ( 'NONE',  ( -4.065758146820636894E-15, 8.470329472542992544E-16, -1.000000000000000000 ) ) ;
#3251 = CARTESIAN_POINT ( 'NONE',  ( 0.6708578643762693750, 2.490000000000000213, 1.240000000000000435 ) ) ;
#3252 = CARTESIAN_POINT ( 'NONE',  ( 0.1066666666666664237, 1.113333333333333286, 0.1066666666666663682 ) ) ;
#3253 = DIRECTION ( 'NONE',  ( 1.000000000000000000, -0.000000000000000000, -0.000000000000000000 ) ) ;
#3254 = AXIS2_PLACEMENT_3D ( 'NONE', #1440, #1461, #532 ) ;
#3255 = EDGE_CURVE ( 'NONE', #588, #626, #979, .T. ) ;
#3256 = VERTEX_POINT ( 'NONE', #2135 ) ;
#3257 = AXIS2_PLACEMENT_3D ( 'NONE', #1667, #219, #2849 ) ;
#3258 = CYLINDRICAL_SURFACE ( 'NONE', #1121, 0.01000000000000002623 ) ;
#3259 = CYLINDRICAL_SURFACE ( 'NONE', #3329, 0.01000000000000002623 ) ;
#3260 = ORIENTED_EDGE ( 'NONE', *, *, #2088, .F. ) ;
#3261 = ORIENTED_EDGE ( 'NONE', *, *, #1290, .T. ) ;
#3262 = CARTESIAN_POINT ( 'NONE',  ( 1.179142135623731491, 2.489999999999999769, 0.7600000000000001199 ) ) ;
#3263 = CARTESIAN_POINT ( 'NONE',  ( 0.3199999999999998956, 11.15358983848622287, -0.3199999999999999512 ) ) ;
#3264 = VECTOR ( 'NONE', #484, 1000.000000000000000 ) ;
#3265 = ORIENTED_EDGE ( 'NONE', *, *, #313, .T. ) ;
#3266 = VECTOR ( 'NONE', #1249, 1000.000000000000000 ) ;
#3267 = DIRECTION ( 'NONE',  ( -1.000000000000000000, -0.000000000000000000, 0.000000000000000000 ) ) ;
#3268 = ADVANCED_FACE ( 'NONE', ( #2453 ), #3318, .F. ) ;
#3269 = CARTESIAN_POINT ( 'NONE',  ( -0.3199202969641256056, 11.15372788819387395, 0.3112600429262813995 ) ) ;
#3270 = CARTESIAN_POINT ( 'NONE',  ( 1.269999999999999796, 2.350000000000000089, -0.5000000000000011102 ) ) ;
#3271 = SHAPE_REPRESENTATION ( 'header-2.54-pin_\X2\9ed88ba4\X0\', ( #672 ), #2147 ) ;
#3272 = ADVANCED_FACE ( 'NONE', ( #1501 ), #3335, .F. ) ;
#3273 = CARTESIAN_POINT ( 'NONE',  ( -0.3200000000000001177, 11.15358983848622110, -0.3104214140871989769 ) ) ;
#3274 =( LENGTH_UNIT ( ) NAMED_UNIT ( * ) SI_UNIT ( .MILLI., .METRE. ) );
#3275 = DIRECTION ( 'NONE',  ( 1.000000000000000000, 0.000000000000000000, -1.694065894508600925E-16 ) ) ;
#3276 = AXIS2_PLACEMENT_3D ( 'NONE', #3617, #2679, #1282 ) ;
#3277 = ORIENTED_EDGE ( 'NONE', *, *, #3786, .F. ) ;
#3278 = DIRECTION ( 'NONE',  ( 0.000000000000000000, 0.000000000000000000, -1.000000000000000000 ) ) ;
#3279 = CARTESIAN_POINT ( 'NONE',  ( -0.3200000000000001177, 0.9000000000000002442, -0.3200000000000000622 ) ) ;
#3280 = PRODUCT ( 'header-2.54-pin_\X2\9ed88ba4\X0\', 'header-2.54-pin_\X2\9ed88ba4\X0\', '', ( #1711 ) ) ;
#3281 = ORIENTED_EDGE ( 'NONE', *, *, #2310, .F. ) ;
#3282 = VERTEX_POINT ( 'NONE', #2974 ) ;
#3283 = CARTESIAN_POINT ( 'NONE',  ( -0.3200000000000000067, 0.3464101615137729628, 0.3100000000000000533 ) ) ;
#3284 = CARTESIAN_POINT ( 'NONE',  ( 0.3199202969641257721, 0.3462721118061212744, 0.3112600429262813440 ) ) ;
#3285 = DIRECTION ( 'NONE',  ( 0.7071067811865477948, 0.000000000000000000, -0.7071067811865473507 ) ) ;
#3286 = AXIS2_PLACEMENT_3D ( 'NONE', #1675, #2293, #2853 ) ;
#3287 = CARTESIAN_POINT ( 'NONE',  ( 0.3299999999999999600, 2.500000000000000000, -0.3300000000000001266 ) ) ;
#3288 = AXIS2_PLACEMENT_3D ( 'NONE', #2912, #2892, #841 ) ;
#3289 = DIRECTION ( 'NONE',  ( 0.000000000000000000, 0.000000000000000000, 1.000000000000000000 ) ) ;
#3290 = EDGE_CURVE ( 'NONE', #3126, #907, #398, .T. ) ;
#3291 = PRODUCT_DEFINITION ( 'UNKNOWN', '', #683, #1566 ) ;
#3292 = VECTOR ( 'NONE', #2888, 1000.000000000000000 ) ;
#3293 = CYLINDRICAL_SURFACE ( 'NONE', #1647, 0.009999999999999998473 ) ;
#3294 = CARTESIAN_POINT ( 'NONE',  ( -0.1142264973081042051, 0.01000000000000000021, -0.1142264973081040941 ) ) ;
#3295 = ORIENTED_EDGE ( 'NONE', *, *, #1335, .F. ) ;
#3296 =( BOUNDED_CURVE ( )  B_SPLINE_CURVE ( 3, ( #1569, #3004, #1240, #1862 ),
 .UNSPECIFIED., .F., .F. ) 
 B_SPLINE_CURVE_WITH_KNOTS ( ( 4, 4 ),
 ( 3.141592653589750039, 4.712388980384689674 ),
 .UNSPECIFIED. ) 
 CURVE ( )  GEOMETRIC_REPRESENTATION_ITEM ( )  RATIONAL_B_SPLINE_CURVE ( ( 1.000000000000000000, 0.8047378541243548344, 0.8047378541243548344, 1.000000000000000000 ) ) 
 REPRESENTATION_ITEM ( '' )  );
#3297 = ADVANCED_FACE ( 'NONE', ( #694, #60 ), #1207, .F. ) ;
#3298 = EDGE_LOOP ( 'NONE', ( #2736, #3048, #2872, #3620 ) ) ;
#3299 = VECTOR ( 'NONE', #587, 1000.000000000000000 ) ;
#3300 = FACE_OUTER_BOUND ( 'NONE', #2837, .T. ) ;
#3301 = CARTESIAN_POINT ( 'NONE',  ( 0.3104214140871991989, 11.15358983848622110, 0.3200000000000000067 ) ) ;
#3302 = ORIENTED_EDGE ( 'NONE', *, *, #1007, .T. ) ;
#3303 = ORIENTED_EDGE ( 'NONE', *, *, #2168, .F. ) ;
#3304 = PLANE ( 'NONE',  #1135 ) ;
#3305 = ADVANCED_FACE ( 'NONE', ( #3300 ), #923, .T. ) ;
#3306 = LINE ( 'NONE', #3587, #1470 ) ;
#3307 = ORIENTED_EDGE ( 'NONE', *, *, #3393, .F. ) ;
#3308 = UNCERTAINTY_MEASURE_WITH_UNIT (LENGTH_MEASURE( 1.000000000000000082E-05 ), #428, 'distance_accuracy_value', 'NONE');
#3309 = CYLINDRICAL_SURFACE ( 'NONE', #2986, 0.01000000000000002623 ) ;
#3310 = LINE ( 'NONE', #1804, #1870 ) ;
#3311 = SURFACE_SIDE_STYLE ('',( #2969 ) ) ;
#3312 = LINE ( 'NONE', #2987, #1378 ) ;
#3313 = ORIENTED_EDGE ( 'NONE', *, *, #2937, .T. ) ;
#3314 = AXIS2_PLACEMENT_3D ( 'NONE', #1436, #1401, #1669 ) ;
#3315 = DIRECTION ( 'NONE',  ( 0.000000000000000000, 0.000000000000000000, 1.000000000000000000 ) ) ;
#3316 = ORIENTED_EDGE ( 'NONE', *, *, #611, .F. ) ;
#3317 = VECTOR ( 'NONE', #1136, 1000.000000000000000 ) ;
#3318 = PLANE ( 'NONE',  #2290 ) ;
#3319 = FACE_OUTER_BOUND ( 'NONE', #3602, .T. ) ;
#3320 = ORIENTED_EDGE ( 'NONE', *, *, #1640, .F. ) ;
#3321 = AXIS2_PLACEMENT_3D ( 'NONE', #10, #574, #1748 ) ;
#3322 = AXIS2_PLACEMENT_3D ( 'NONE', #2268, #3159, #2661 ) ;
#3323 = VERTEX_POINT ( 'NONE', #3009 ) ;
#3324 = PLANE ( 'NONE',  #2284 ) ;
#3325 = ADVANCED_FACE ( 'NONE', ( #375 ), #1534, .T. ) ;
#3326 = LINE ( 'NONE', #2204, #1641 ) ;
#3327 = EDGE_LOOP ( 'NONE', ( #2996, #1371, #756, #3717 ) ) ;
#3328 = PLANE ( 'NONE',  #3045 ) ;
#3329 = AXIS2_PLACEMENT_3D ( 'NONE', #285, #3777, #322 ) ;
#3330 = DIRECTION ( 'NONE',  ( 0.000000000000000000, 0.4999999999999999445, -0.8660254037844387076 ) ) ;
#3331 = CARTESIAN_POINT ( 'NONE',  ( 0.09773205080756840191, 11.53856921938165137, -0.08907179676972416804 ) ) ;
#3332 = EDGE_LOOP ( 'NONE', ( #1047, #2376, #1794, #716 ) ) ;
#3333 = CARTESIAN_POINT ( 'NONE',  ( 0.000000000000000000, 2.490000000000000213, 0.7400000000000004352 ) ) ;
#3334 = ORIENTED_EDGE ( 'NONE', *, *, #1171, .F. ) ;
#3335 = PLANE ( 'NONE',  #3276 ) ;
#3336 = AXIS2_PLACEMENT_3D ( 'NONE', #2913, #2875, #546 ) ;
#3337 = EDGE_CURVE ( 'NONE', #3421, #301, #2161, .T. ) ;
#3338 = ORIENTED_EDGE ( 'NONE', *, *, #2361, .T. ) ;
#3339 = ORIENTED_EDGE ( 'NONE', *, *, #548, .T. ) ;
#3340 = ADVANCED_FACE ( 'NONE', ( #2435 ), #3357, .T. ) ;
#3341 = DIRECTION ( 'NONE',  ( 0.000000000000000000, 0.000000000000000000, 1.000000000000000000 ) ) ;
#3342 = ADVANCED_FACE ( 'NONE', ( #1909 ), #715, .T. ) ;
#3343 = DIRECTION ( 'NONE',  ( 0.7071067811865475727, 0.000000000000000000, 0.7071067811865475727 ) ) ;
#3344 = EDGE_CURVE ( 'NONE', #736, #2411, #150, .T. ) ;
#3345 = VERTEX_POINT ( 'NONE', #3676 ) ;
#3346 = EDGE_CURVE ( 'NONE', #277, #3256, #3066, .T. ) ;
#3347 = DIRECTION ( 'NONE',  ( -1.000000000000000000, -4.065758146820817544E-15, -2.347366560526815855E-15 ) ) ;
#3348 = DIRECTION ( 'NONE',  ( -1.000000000000000000, 0.000000000000000000, 0.000000000000000000 ) ) ;
#3349 = AXIS2_PLACEMENT_3D ( 'NONE', #3294, #1532, #632 ) ;
#3350 = DIRECTION ( 'NONE',  ( -0.7071067811865474617, 0.000000000000000000, -0.7071067811865474617 ) ) ;
#3351 = DIRECTION ( 'NONE',  ( 1.694065894508600678E-16, -0.000000000000000000, 1.000000000000000000 ) ) ;
#3352 = CIRCLE ( 'NONE', #531, 0.01000000000000002623 ) ;
#3353 = ORIENTED_EDGE ( 'NONE', *, *, #1503, .F. ) ;
#3354 = PLANE ( 'NONE',  #466 ) ;
#3355 = VECTOR ( 'NONE', #1147, 1000.000000000000000 ) ;
#3356 = ORIENTED_EDGE ( 'NONE', *, *, #2967, .F. ) ;
#3357 = CYLINDRICAL_SURFACE ( 'NONE', #1855, 0.01000000000000002623 ) ;
#3358 = PLANE ( 'NONE',  #1996 ) ;
#3359 = ORIENTED_EDGE ( 'NONE', *, *, #775, .F. ) ;
#3360 = VERTEX_POINT ( 'NONE', #2219 ) ;
#3361 = DIRECTION ( 'NONE',  ( 1.000000000000000000, -0.000000000000000000, -0.000000000000000000 ) ) ;
#3362 = FACE_OUTER_BOUND ( 'NONE', #3612, .T. ) ;
#3363 = VERTEX_POINT ( 'NONE', #1887 ) ;
#3364 = DIRECTION ( 'NONE',  ( -1.000000000000000000, 0.000000000000000000, -0.000000000000000000 ) ) ;
#3365 = EDGE_CURVE ( 'NONE', #3363, #976, #2596, .T. ) ;
#3366 = CIRCLE ( 'NONE', #58, 0.01000000000000002623 ) ;
#3367 = LINE ( 'NONE', #2821, #1051 ) ;
#3368 = ORIENTED_EDGE ( 'NONE', *, *, #339, .F. ) ;
#3369 = CARTESIAN_POINT ( 'NONE',  ( 0.3112600429262815105, 0.3462721118061211079, 0.3199202969641257166 ) ) ;
#3370 = CARTESIAN_POINT ( 'NONE',  ( -0.6749999999999997113, 2.490000000000000213, 1.250000000000000666 ) ) ;
#3371 = CARTESIAN_POINT ( 'NONE',  ( 1.170857864376269486, 2.500000000000000000, 0.5041421356237301143 ) ) ;
#3372 = ORIENTED_EDGE ( 'NONE', *, *, #3057, .F. ) ;
#3373 = DIRECTION ( 'NONE',  ( 1.000000000000000000, 0.000000000000000000, 0.000000000000000000 ) ) ;
#3374 = EDGE_LOOP ( 'NONE', ( #1195, #1972, #1412, #766 ) ) ;
#3375 = DIRECTION ( 'NONE',  ( 1.084202172485504592E-14, 0.000000000000000000, 1.000000000000000000 ) ) ;
#3376 = EDGE_CURVE ( 'NONE', #864, #2582, #3399, .T. ) ;
#3377 = AXIS2_PLACEMENT_3D ( 'NONE', #859, #241, #785 ) ;
#3378 = VERTEX_POINT ( 'NONE', #3124 ) ;
#3379 = VERTEX_POINT ( 'NONE', #1347 ) ;
#3380 = FACE_OUTER_BOUND ( 'NONE', #659, .T. ) ;
#3381 =( GEOMETRIC_REPRESENTATION_CONTEXT ( 3 ) GLOBAL_UNCERTAINTY_ASSIGNED_CONTEXT ( ( #51 ) ) GLOBAL_UNIT_ASSIGNED_CONTEXT ( ( #3274, #1494, #393 ) ) REPRESENTATION_CONTEXT ( 'NONE', 'WORKASPACE' ) );
#3382 =( REPRESENTATION_RELATIONSHIP ('NONE','NONE', #637, #257 ) REPRESENTATION_RELATIONSHIP_WITH_TRANSFORMATION ( #1146 )SHAPE_REPRESENTATION_RELATIONSHIP( ) );
#3383 = DIRECTION ( 'NONE',  ( -0.000000000000000000, 1.000000000000000000, -0.000000000000000000 ) ) ;
#3384 = VERTEX_POINT ( 'NONE', #1590 ) ;
#3385 = LINE ( 'NONE', #742, #865 ) ;
#3386 = CARTESIAN_POINT ( 'NONE',  ( -0.08907179676972420967, 11.53856921938165137, 0.09773205080756851293 ) ) ;
#3387 = ADVANCED_FACE ( 'NONE', ( #1608 ), #2833, .T. ) ;
#3388 = UNCERTAINTY_MEASURE_WITH_UNIT (LENGTH_MEASURE( 1.000000000000000082E-05 ), #2763, 'distance_accuracy_value', 'NONE');
#3389 = DIRECTION ( 'NONE',  ( 0.7071067811865473507, 0.000000000000000000, -0.7071067811865477948 ) ) ;
#3390 =( NAMED_UNIT ( * ) SI_UNIT ( $, .STERADIAN. ) SOLID_ANGLE_UNIT ( ) );
#3391 = CARTESIAN_POINT ( 'NONE',  ( -0.9554289321881342945, 2.500000000000000000, -0.9554289321881349606 ) ) ;
#3392 = CARTESIAN_POINT ( 'NONE',  ( 0.3199733969465143879, 11.15363591632649687, -0.3108419876365757784 ) ) ;
#3393 = EDGE_CURVE ( 'NONE', #92, #3700, #932, .T. ) ;
#3394 = ORIENTED_EDGE ( 'NONE', *, *, #1451, .F. ) ;
#3395 = ADVANCED_FACE ( 'NONE', ( #1963 ), #1368, .T. ) ;
#3396 = DIRECTION ( 'NONE',  ( 0.000000000000000000, -1.000000000000000000, 0.000000000000000000 ) ) ;
#3397 = AXIS2_PLACEMENT_3D ( 'NONE', #214, #1050, #3409 ) ;
#3398 = VERTEX_POINT ( 'NONE', #1065 ) ;
#3399 = LINE ( 'NONE', #1303, #1177 ) ;
#3400 = CARTESIAN_POINT ( 'NONE',  ( 0.3199202969641255501, 11.15372788819387395, -0.3112600429262813440 ) ) ;
#3401 = ADVANCED_FACE ( 'NONE', ( #2524 ), #1632, .T. ) ;
#3402 = ORIENTED_EDGE ( 'NONE', *, *, #980, .T. ) ;
#3403 = VERTEX_POINT ( 'NONE', #3417 ) ;
#3404 =( BOUNDED_CURVE ( )  B_SPLINE_CURVE ( 3, ( #3018, #1512, #2685, #80 ),
 .UNSPECIFIED., .F., .F. ) 
 B_SPLINE_CURVE_WITH_KNOTS ( ( 4, 4 ),
 ( 0.000000000000000000, 0.1263401276387656758 ),
 .UNSPECIFIED. ) 
 CURVE ( )  GEOMETRIC_REPRESENTATION_ITEM ( )  RATIONAL_B_SPLINE_CURVE ( ( 1.000000000000000000, 0.9986702899464856564, 0.9986702899464856564, 1.000000000000000000 ) ) 
 REPRESENTATION_ITEM ( '' )  );
#3405 = LINE ( 'NONE', #480, #25 ) ;
#3406 = DIRECTION ( 'NONE',  ( 1.000000000000000000, 0.000000000000000000, -9.486769009248165375E-15 ) ) ;
#3407 = VERTEX_POINT ( 'NONE', #770 ) ;
#3408 = CARTESIAN_POINT ( 'NONE',  ( 0.1142264973081031088, 11.49000000000000021, -0.1142264973081030394 ) ) ;
#3409 = DIRECTION ( 'NONE',  ( 1.000000000000000000, 0.000000000000000000, 1.141265444721588244E-15 ) ) ;
#3410 = DIRECTION ( 'NONE',  ( 0.000000000000000000, -0.000000000000000000, 1.000000000000000000 ) ) ;
#3411 = CARTESIAN_POINT ( 'NONE',  ( 0.000000000000000000, 0.01000000000000000021, 0.1142264973081042190 ) ) ;
#3412 = DIRECTION ( 'NONE',  ( 1.000000000000000000, 0.000000000000000000, 0.000000000000000000 ) ) ;
#3413 = ORIENTED_EDGE ( 'NONE', *, *, #3667, .F. ) ;
#3414 = DIRECTION ( 'NONE',  ( 1.694065894508600678E-16, 0.000000000000000000, 1.000000000000000000 ) ) ;
#3415 = VERTEX_POINT ( 'NONE', #456 ) ;
#3416 = AXIS2_PLACEMENT_3D ( 'NONE', #2467, #86, #918 ) ;
#3417 = CARTESIAN_POINT ( 'NONE',  ( -0.1142264973081042051, 0.000000000000000000, -0.1142264973081040941 ) ) ;
#3418 = CARTESIAN_POINT ( 'NONE',  ( 1.179142135623731491, 2.490000000000000213, 0.7500000000000001110 ) ) ;
#3419 = EDGE_CURVE ( 'NONE', #1278, #379, #1653, .T. ) ;
#3420 = VECTOR ( 'NONE', #331, 1000.000000000000000 ) ;
#3421 = VERTEX_POINT ( 'NONE', #1082 ) ;
#3422 = EDGE_CURVE ( 'NONE', #379, #2035, #2254, .T. ) ;
#3423 = ORIENTED_EDGE ( 'NONE', *, *, #2028, .F. ) ;
#3424 = CARTESIAN_POINT ( 'NONE',  ( -0.3099999999999999978, 11.50000000000000000, 0.3200000000000000622 ) ) ;
#3425 = AXIS2_PLACEMENT_3D ( 'NONE', #1297, #1899, #3075 ) ;
#3426 = CYLINDRICAL_SURFACE ( 'NONE', #2203, 0.01000000000000002623 ) ;
#3427 =( BOUNDED_CURVE ( )  B_SPLINE_CURVE ( 3, ( #2829, #3371, #240, #1400 ),
 .UNSPECIFIED., .F., .T. ) 
 B_SPLINE_CURVE_WITH_KNOTS ( ( 4, 4 ),
 ( 1.570796326794896558, 3.141592653589793116 ),
 .UNSPECIFIED. ) 
 CURVE ( )  GEOMETRIC_REPRESENTATION_ITEM ( )  RATIONAL_B_SPLINE_CURVE ( ( 1.000000000000000000, 0.8047378541243649375, 0.8047378541243649375, 1.000000000000000000 ) ) 
 REPRESENTATION_ITEM ( '' )  );
#3428 = ORIENTED_EDGE ( 'NONE', *, *, #3376, .F. ) ;
#3429 = LINE ( 'NONE', #1415, #1973 ) ;
#3430 = DIRECTION ( 'NONE',  ( -0.7071067811865474617, 0.000000000000000000, 0.7071067811865474617 ) ) ;
#3431 = DIRECTION ( 'NONE',  ( 0.000000000000000000, 1.000000000000000000, 0.000000000000000000 ) ) ;
#3432 = PRODUCT_CONTEXT ( 'NONE', #1185, 'mechanical' ) ;
#3433 = DIRECTION ( 'NONE',  ( 0.000000000000000000, 0.000000000000000000, 1.000000000000000000 ) ) ;
#3434 = CARTESIAN_POINT ( 'NONE',  ( 0.3299999999999999600, 2.500000000000000000, 0.3300000000000000155 ) ) ;
#3435 = FACE_OUTER_BOUND ( 'NONE', #1271, .T. ) ;
#3436 = CARTESIAN_POINT ( 'NONE',  ( 1.175000000000000488, 2.350000000000000089, 0.4999999999999991673 ) ) ;
#3437 = CARTESIAN_POINT ( 'NONE',  ( 0.3199999999999998956, 0.9000000000000002442, -0.3200000000000000622 ) ) ;
#3438 = LINE ( 'NONE', #2834, #2792 ) ;
#3439 = EDGE_LOOP ( 'NONE', ( #2234, #170, #1580, #1226 ) ) ;
#3440 = VECTOR ( 'NONE', #2587, 1000.000000000000000 ) ;
#3441 = EDGE_LOOP ( 'NONE', ( #2192, #1196, #3320, #1155 ) ) ;
#3442 = VECTOR ( 'NONE', #3596, 1000.000000000000000 ) ;
#3443 = LINE ( 'NONE', #248, #1478 ) ;
#3444 = ADVANCED_FACE ( 'NONE', ( #513 ), #149, .T. ) ;
#3445 = DIRECTION ( 'NONE',  ( 0.8660254037844387076, 0.4999999999999999445, -1.467104100329257198E-16 ) ) ;
#3446 = ORIENTED_EDGE ( 'NONE', *, *, #2311, .T. ) ;
#3447 = CARTESIAN_POINT ( 'NONE',  ( -0.6708578643762688198, 2.500000000000000000, 1.250000000000000666 ) ) ;
#3448 = CIRCLE ( 'NONE', #3196, 0.01000000000000002623 ) ;
#3449 = DIRECTION ( 'NONE',  ( 2.891205793294678819E-16, -0.000000000000000000, 1.000000000000000000 ) ) ;
#3450 = ADVANCED_FACE ( 'NONE', ( #2852 ), #1733, .F. ) ;
#3451 = FACE_OUTER_BOUND ( 'NONE', #1251, .T. ) ;
#3452 = AXIS2_PLACEMENT_3D ( 'NONE', #2593, #800, #1956 ) ;
#3453 = CARTESIAN_POINT ( 'NONE',  ( 0.000000000000000000, 0.000000000000000000, 0.000000000000000000 ) ) ;
#3454 = CARTESIAN_POINT ( 'NONE',  ( -0.3199733969465143879, 11.15363591632649509, 0.3108419876365758894 ) ) ;
#3455 = CYLINDRICAL_SURFACE ( 'NONE', #1504, 0.01000000000000002623 ) ;
#3456 = DIRECTION ( 'NONE',  ( -0.000000000000000000, 1.000000000000000000, -0.000000000000000000 ) ) ;
#3457 = CARTESIAN_POINT ( 'NONE',  ( -1.269999999999999574, 0.5000000000000000000, -0.7500000000000001110 ) ) ;
#3458 = CARTESIAN_POINT ( 'NONE',  ( -0.1228867513459485361, 0.004999999999999977553, 0.1142264973081041773 ) ) ;
#3459 = LINE ( 'NONE', #806, #1134 ) ;
#3460 = ORIENTED_EDGE ( 'NONE', *, *, #1213, .T. ) ;
#3461 = VECTOR ( 'NONE', #2694, 1000.000000000000000 ) ;
#3462 = CIRCLE ( 'NONE', #2222, 0.02000000000000005246 ) ;
#3463 = EDGE_LOOP ( 'NONE', ( #1994, #2761, #516, #2240 ) ) ;
#3464 = DIRECTION ( 'NONE',  ( 1.000000000000000000, 0.000000000000000000, 0.000000000000000000 ) ) ;
#3465 = EDGE_CURVE ( 'NONE', #1450, #1549, #870, .T. ) ;
#3466 = ORIENTED_EDGE ( 'NONE', *, *, #1737, .T. ) ;
#3467 = DIRECTION ( 'NONE',  ( 0.000000000000000000, 0.000000000000000000, -1.000000000000000000 ) ) ;
#3468 = EDGE_CURVE ( 'NONE', #2338, #674, #3753, .T. ) ;
#3469 = ORIENTED_EDGE ( 'NONE', *, *, #1617, .F. ) ;
#3470 = CYLINDRICAL_SURFACE ( 'NONE', #3764, 0.01000000000000002623 ) ;
#3471 = AXIS2_PLACEMENT_3D ( 'NONE', #1581, #2760, #1293 ) ;
#3472 = EDGE_CURVE ( 'NONE', #402, #741, #849, .T. ) ;
#3473 = LINE ( 'NONE', #2978, #440 ) ;
#3474 = ADVANCED_FACE ( 'NONE', ( #2061 ), #1117, .T. ) ;
#3475 = DIRECTION ( 'NONE',  ( 0.000000000000000000, 0.000000000000000000, 1.000000000000000000 ) ) ;
#3476 = CARTESIAN_POINT ( 'NONE',  ( -1.150857864376269468, 0.000000000000000000, 0.7599999999999997868 ) ) ;
#3477 = CARTESIAN_POINT ( 'NONE',  ( -1.165000000000000036, 2.490000000000000213, -0.5000000000000008882 ) ) ;
#3478 = CARTESIAN_POINT ( 'NONE',  ( 0.6708578643762688198, 0.01000000000000002623, -1.239999999999999991 ) ) ;
#3479 = LINE ( 'NONE', #2598, #669 ) ;
#3480 = ORIENTED_EDGE ( 'NONE', *, *, #3667, .T. ) ;
#3481 = ORIENTED_EDGE ( 'NONE', *, *, #689, .T. ) ;
#3482 = CARTESIAN_POINT ( 'NONE',  ( -0.3112600429262814550, 0.3462721118061212189, 0.3199202969641258276 ) ) ;
#3483 = AXIS2_PLACEMENT_3D ( 'NONE', #1913, #1891, #718 ) ;
#3484 = ORIENTED_EDGE ( 'NONE', *, *, #563, .T. ) ;
#3485 = CARTESIAN_POINT ( 'NONE',  ( 1.269999999999999796, 2.350000000000000089, -0.5000000000000011102 ) ) ;
#3486 = VERTEX_POINT ( 'NONE', #3458 ) ;
#3487 = VECTOR ( 'NONE', #2167, 999.9999999999998863 ) ;
#3488 = DIRECTION ( 'NONE',  ( 0.000000000000000000, 0.000000000000000000, -1.000000000000000000 ) ) ;
#3489 = FACE_OUTER_BOUND ( 'NONE', #97, .T. ) ;
#3490 = DIRECTION ( 'NONE',  ( -1.000000000000000000, -0.000000000000000000, 0.000000000000000000 ) ) ;
#3491 = DIRECTION ( 'NONE',  ( 1.694065894508600678E-16, -0.000000000000000000, 1.000000000000000000 ) ) ;
#3492 = DIRECTION ( 'NONE',  ( 1.000000000000000000, 0.000000000000000000, -0.000000000000000000 ) ) ;
#3493 = LINE ( 'NONE', #21, #3681 ) ;
#3494 = DIRECTION ( 'NONE',  ( -0.7071067811865475727, -0.000000000000000000, -0.7071067811865474617 ) ) ;
#3495 = ORIENTED_EDGE ( 'NONE', *, *, #2945, .T. ) ;
#3496 = VERTEX_POINT ( 'NONE', #2335 ) ;
#3497 = DIRECTION ( 'NONE',  ( 1.000000000000000000, 0.000000000000000000, -1.694065894508600678E-16 ) ) ;
#3498 = ORIENTED_EDGE ( 'NONE', *, *, #2427, .F. ) ;
#3499 = DIRECTION ( 'NONE',  ( 1.000000000000000000, -0.000000000000000000, -1.606225440719266613E-16 ) ) ;
#3500 = VERTEX_POINT ( 'NONE', #1479 ) ;
#3501 = DIRECTION ( 'NONE',  ( 0.7071067811865479058, 0.000000000000000000, 0.7071067811865472397 ) ) ;
#3502 = DIRECTION ( 'NONE',  ( 1.000000000000000000, 0.000000000000000000, 0.000000000000000000 ) ) ;
#3503 = ORIENTED_EDGE ( 'NONE', *, *, #381, .T. ) ;
#3504 = VECTOR ( 'NONE', #631, 1000.000000000000000 ) ;
#3505 = CARTESIAN_POINT ( 'NONE',  ( 0.1850717967697235733, 0.1277076581449564652, -0.1937320508075680570 ) ) ;
#3506 = EDGE_CURVE ( 'NONE', #378, #1606, #3479, .T. ) ;
#3507 = FACE_OUTER_BOUND ( 'NONE', #3463, .T. ) ;
#3508 = DIRECTION ( 'NONE',  ( -1.694065894508600678E-16, 0.000000000000000000, -1.000000000000000000 ) ) ;
#3509 =( REPRESENTATION_RELATIONSHIP ('NONE','NONE', #637, #3271 ) REPRESENTATION_RELATIONSHIP_WITH_TRANSFORMATION ( #67 )SHAPE_REPRESENTATION_RELATIONSHIP( ) );
#3510 = EDGE_CURVE ( 'NONE', #588, #3679, #971, .T. ) ;
#3511 = CARTESIAN_POINT ( 'NONE',  ( 0.3199202969641256056, 0.3462721118061212189, -0.3112600429262813440 ) ) ;
#3512 = FACE_OUTER_BOUND ( 'NONE', #3533, .T. ) ;
#3513 = EDGE_CURVE ( 'NONE', #3323, #3584, #1100, .T. ) ;
#3514 = ADVANCED_FACE ( 'NONE', ( #261 ), #2292, .F. ) ;
#3515 = ORIENTED_EDGE ( 'NONE', *, *, #842, .T. ) ;
#3516 = EDGE_LOOP ( 'NONE', ( #2080, #2279, #1830, #1929, #2201, #1908 ) ) ;
#3517 = VECTOR ( 'NONE', #3203, 1000.000000000000000 ) ;
#3518 = VERTEX_POINT ( 'NONE', #3163 ) ;
#3519 = DIRECTION ( 'NONE',  ( -0.000000000000000000, 1.000000000000000000, -0.000000000000000000 ) ) ;
#3520 = ORIENTED_EDGE ( 'NONE', *, *, #1617, .T. ) ;
#3521 = CARTESIAN_POINT ( 'NONE',  ( 1.175000000000000711, 2.500000000000000000, 0.7499999999999997780 ) ) ;
#3522 = CARTESIAN_POINT ( 'NONE',  ( -0.1142264973081041635, 0.009999999999999998473, 0.1142264973081041773 ) ) ;
#3523 =( BOUNDED_CURVE ( )  B_SPLINE_CURVE ( 3, ( #1957, #3672, #162, #1318 ),
 .UNSPECIFIED., .F., .F. ) 
 B_SPLINE_CURVE_WITH_KNOTS ( ( 4, 4 ),
 ( 5.624127271420887197, 6.942243342938290596 ),
 .UNSPECIFIED. ) 
 CURVE ( )  GEOMETRIC_REPRESENTATION_ITEM ( )  RATIONAL_B_SPLINE_CURVE ( ( 1.000000000000000000, 0.8603796100557046245, 0.8603796100557046245, 1.000000000000000000 ) ) 
 REPRESENTATION_ITEM ( '' )  );
#3524 = VECTOR ( 'NONE', #3175, 1000.000000000000000 ) ;
#3525 = DIRECTION ( 'NONE',  ( -0.000000000000000000, 1.000000000000000000, -0.000000000000000000 ) ) ;
#3526 = DIRECTION ( 'NONE',  ( 0.000000000000000000, -1.000000000000000000, 0.000000000000000000 ) ) ;
#3527 = DIRECTION ( 'NONE',  ( 0.7071067811865474617, 0.000000000000000000, 0.7071067811865474617 ) ) ;
#3528 = LINE ( 'NONE', #597, #3563 ) ;
#3529 = CARTESIAN_POINT ( 'NONE',  ( 1.269999999999999796, -1.503005322678532707, -0.7500000000000001110 ) ) ;
#3530 = VERTEX_POINT ( 'NONE', #3511 ) ;
#3531 = EDGE_CURVE ( 'NONE', #2258, #2932, #12, .T. ) ;
#3532 = LINE ( 'NONE', #1815, #3103 ) ;
#3533 = EDGE_LOOP ( 'NONE', ( #2400, #3191, #1705, #2615 ) ) ;
#3534 = ORIENTED_EDGE ( 'NONE', *, *, #1895, .T. ) ;
#3535 = CIRCLE ( 'NONE', #3713, 0.009999999999999998473 ) ;
#3536 = CARTESIAN_POINT ( 'NONE',  ( 0.3200000000000000067, 0.3464101615137729628, 0.3100000000000000533 ) ) ;
#3537 = CIRCLE ( 'NONE', #2118, 0.01000000000000002623 ) ;
#3538 = AXIS2_PLACEMENT_3D ( 'NONE', #704, #2443, #2742 ) ;
#3539 = LINE ( 'NONE', #911, #974 ) ;
#3540 = CARTESIAN_POINT ( 'NONE',  ( 1.165000000000000258, 2.500000000000000000, -5.052382123782449676E-16 ) ) ;
#3541 = CARTESIAN_POINT ( 'NONE',  ( -0.08907179676972414029, 11.53356921938165236, 0.08907179676972415416 ) ) ;
#3542 =( BOUNDED_CURVE ( )  B_SPLINE_CURVE ( 3, ( #3269, #2982, #82, #2126 ),
 .UNSPECIFIED., .F., .F. ) 
 B_SPLINE_CURVE_WITH_KNOTS ( ( 4, 4 ),
 ( 2.482534617831139823, 3.800650689348445965 ),
 .UNSPECIFIED. ) 
 CURVE ( )  GEOMETRIC_REPRESENTATION_ITEM ( )  RATIONAL_B_SPLINE_CURVE ( ( 1.000000000000000000, 0.8603796100557243864, 0.8603796100557243864, 1.000000000000000000 ) ) 
 REPRESENTATION_ITEM ( '' )  );
#3543 = PRESENTATION_STYLE_ASSIGNMENT (( #2372 ) ) ;
#3544 = DIRECTION ( 'NONE',  ( 1.000000000000000000, 0.000000000000000000, 0.000000000000000000 ) ) ;
#3545 = VERTEX_POINT ( 'NONE', #281 ) ;
#3546 = EDGE_CURVE ( 'NONE', #1639, #127, #825, .T. ) ;
#3547 = ORIENTED_EDGE ( 'NONE', *, *, #1696, .T. ) ;
#3548 =( LENGTH_UNIT ( ) NAMED_UNIT ( * ) SI_UNIT ( .MILLI., .METRE. ) );
#3549 = PLANE ( 'NONE',  #2647 ) ;
#3550 = ORIENTED_EDGE ( 'NONE', *, *, #3422, .F. ) ;
#3551 = ORIENTED_EDGE ( 'NONE', *, *, #3344, .T. ) ;
#3552 = CARTESIAN_POINT ( 'NONE',  ( -0.6708578643762688198, 2.490000000000000213, -1.249999999999999778 ) ) ;
#3553 = EDGE_CURVE ( 'NONE', #196, #2954, #3528, .T. ) ;
#3554 = EDGE_CURVE ( 'NONE', #1209, #3005, #297, .T. ) ;
#3555 = LINE ( 'NONE', #1199, #2402 ) ;
#3556 = CONTEXT_DEPENDENT_SHAPE_REPRESENTATION ( #3382, #2454 ) ;
#3557 = EDGE_CURVE ( 'NONE', #3486, #1843, #2575, .T. ) ;
#3558 = CARTESIAN_POINT ( 'NONE',  ( 1.269999999999999796, 2.350000000000000089, -0.5000000000000011102 ) ) ;
#3559 = LINE ( 'NONE', #915, #3174 ) ;
#3560 = CARTESIAN_POINT ( 'NONE',  ( -0.9554289321881346275, 2.500000000000000000, 0.9554289321881347385 ) ) ;
#3561 = CARTESIAN_POINT ( 'NONE',  ( -0.1199999999999995515, 11.50000000000000000, 2.032879073410313418E-17 ) ) ;
#3562 = DIRECTION ( 'NONE',  ( -1.000000000000000000, 0.000000000000000000, 4.336808689942016257E-16 ) ) ;
#3563 = VECTOR ( 'NONE', #1423, 1000.000000000000000 ) ;
#3564 = EDGE_LOOP ( 'NONE', ( #3189, #3460, #3759, #3723, #2308, #748 ) ) ;
#3565 = VERTEX_POINT ( 'NONE', #2634 ) ;
#3566 = SURFACE_STYLE_FILL_AREA ( #619 ) ;
#3567 = CARTESIAN_POINT ( 'NONE',  ( 0.000000000000000000, 2.500000000000000000, 0.000000000000000000 ) ) ;
#3568 = FACE_OUTER_BOUND ( 'NONE', #2079, .T. ) ;
#3569 = ORIENTED_EDGE ( 'NONE', *, *, #152, .F. ) ;
#3570 = EDGE_LOOP ( 'NONE', ( #2508, #697, #1259, #1430 ) ) ;
#3571 = DIRECTION ( 'NONE',  ( -0.000000000000000000, 1.000000000000000000, -0.000000000000000000 ) ) ;
#3572 = EDGE_CURVE ( 'NONE', #1450, #1310, #2617, .T. ) ;
#3573 = DIRECTION ( 'NONE',  ( -1.000000000000000000, 0.000000000000000000, 0.000000000000000000 ) ) ;
#3574 = VECTOR ( 'NONE', #2741, 1000.000000000000000 ) ;
#3575 = ORIENTED_EDGE ( 'NONE', *, *, #3554, .T. ) ;
#3576 = EDGE_CURVE ( 'NONE', #2835, #1414, #3493, .T. ) ;
#3577 = LINE ( 'NONE', #2351, #1339 ) ;
#3578 = CARTESIAN_POINT ( 'NONE',  ( 0.3217320508075687813, 0.3494101615137729100, -0.3130717967697245196 ) ) ;
#3579 = DIRECTION ( 'NONE',  ( 1.694065894508600678E-16, -0.000000000000000000, 1.000000000000000000 ) ) ;
#3580 = AXIS2_PLACEMENT_3D ( 'NONE', #3083, #3697, #206 ) ;
#3581 = ORIENTED_EDGE ( 'NONE', *, *, #3572, .T. ) ;
#3582 = FACE_OUTER_BOUND ( 'NONE', #2723, .T. ) ;
#3583 = DIRECTION ( 'NONE',  ( 0.000000000000000000, 0.000000000000000000, -1.000000000000000000 ) ) ;
#3584 = VERTEX_POINT ( 'NONE', #2274 ) ;
#3585 = ORIENTED_EDGE ( 'NONE', *, *, #2775, .F. ) ;
#3586 = DIRECTION ( 'NONE',  ( 0.000000000000000000, 0.000000000000000000, -1.000000000000000000 ) ) ;
#3587 = CARTESIAN_POINT ( 'NONE',  ( -1.172071067811865763, 2.500000000000000000, -0.7529289321881342811 ) ) ;
#3588 = CIRCLE ( 'NONE', #3168, 0.01000000000000002623 ) ;
#3589 = EDGE_LOOP ( 'NONE', ( #1130, #2341, #638, #8 ) ) ;
#3590 = CARTESIAN_POINT ( 'NONE',  ( 0.6708578643762693750, 2.500000000000000000, 1.240000000000000435 ) ) ;
#3591 = CIRCLE ( 'NONE', #1935, 0.01000000000000001409 ) ;
#3592 = CARTESIAN_POINT ( 'NONE',  ( -0.3200000000000001177, 0.3464101615137729628, -0.3199999999999999512 ) ) ;
#3593 =( NAMED_UNIT ( * ) SI_UNIT ( $, .STERADIAN. ) SOLID_ANGLE_UNIT ( ) );
#3594 = CARTESIAN_POINT ( 'NONE',  ( 0.000000000000000000, 11.50000000000000000, 0.1142264973081031781 ) ) ;
#3595 = EDGE_LOOP ( 'NONE', ( #3694, #2497, #554, #3107 ) ) ;
#3596 = DIRECTION ( 'NONE',  ( 1.000000000000000000, 0.000000000000000000, -1.606225440719265874E-16 ) ) ;
#3597 = ORIENTED_EDGE ( 'NONE', *, *, #3182, .F. ) ;
#3598 = AXIS2_PLACEMENT_3D ( 'NONE', #1344, #3695, #2252 ) ;
#3599 = ORIENTED_EDGE ( 'NONE', *, *, #1454, .F. ) ;
#3600 = CARTESIAN_POINT ( 'NONE',  ( -0.6679289321881342056, 0.000000000000000000, -1.242928932188134272 ) ) ;
#3601 = CARTESIAN_POINT ( 'NONE',  ( 0.000000000000000000, 11.50000000000000000, 0.000000000000000000 ) ) ;
#3602 = EDGE_LOOP ( 'NONE', ( #3046, #2298, #3423, #902, #3165, #2398, #1677, #419 ) ) ;
#3603 = EDGE_LOOP ( 'NONE', ( #3581, #2102, #3372, #2047, #2886, #3402 ) ) ;
#3604 = VECTOR ( 'NONE', #2719, 1000.000000000000000 ) ;
#3605 = CARTESIAN_POINT ( 'NONE',  ( -0.1142264973081031781, 11.49000000000000021, -0.1142264973081022067 ) ) ;
#3606 = AXIS2_PLACEMENT_3D ( 'NONE', #3171, #2531, #555 ) ;
#3607 = PRODUCT_DEFINITION_SHAPE ( 'NONE', 'NONE',  #3794 ) ;
#3608 = EDGE_CURVE ( 'NONE', #301, #2619, #2024, .T. ) ;
#3609 = DIRECTION ( 'NONE',  ( -0.000000000000000000, -0.000000000000000000, 1.000000000000000000 ) ) ;
#3610 = DIRECTION ( 'NONE',  ( 1.721402144386329970E-14, 0.000000000000000000, 1.000000000000000000 ) ) ;
#3611 = MANIFOLD_SOLID_BREP ( 'Fillet1', #3006 ) ;
#3612 = EDGE_LOOP ( 'NONE', ( #473, #2239, #3121, #3446, #3755, #2817 ) ) ;
#3613 = EDGE_CURVE ( 'NONE', #459, #378, #1824, .T. ) ;
#3614 = DIRECTION ( 'NONE',  ( 2.168404344971008868E-16, 0.000000000000000000, 1.000000000000000000 ) ) ;
#3615 = ORIENTED_EDGE ( 'NONE', *, *, #569, .F. ) ;
#3616 = AXIS2_PLACEMENT_3D ( 'NONE', #1940, #783, #1602 ) ;
#3617 = CARTESIAN_POINT ( 'NONE',  ( -1.175000000000000044, 2.350000000000000089, -0.5000000000000008882 ) ) ;
#3618 = EDGE_CURVE ( 'NONE', #3584, #3091, #2457, .T. ) ;
#3619 = VECTOR ( 'NONE', #2364, 1000.000000000000000 ) ;
#3620 = ORIENTED_EDGE ( 'NONE', *, *, #217, .F. ) ;
#3621 = FACE_OUTER_BOUND ( 'NONE', #2117, .T. ) ;
#3622 = EDGE_CURVE ( 'NONE', #2035, #1120, #651, .T. ) ;
#3623 = CARTESIAN_POINT ( 'NONE',  ( -1.259999999999999787, 0.5000000000000000000, -0.7500000000000000000 ) ) ;
#3624 = ORIENTED_EDGE ( 'NONE', *, *, #3344, .F. ) ;
#3625 = CARTESIAN_POINT ( 'NONE',  ( 1.260000000000000009, 0.5000000000000000000, -0.7500000000000001110 ) ) ;
#3626 = MANIFOLD_SOLID_BREP ( 'Fillet2', #2022 ) ;
#3627 = CARTESIAN_POINT ( 'NONE',  ( -0.6779289321881342145, 0.01000000000000002623, -1.247071067811865275 ) ) ;
#3628 = EDGE_LOOP ( 'NONE', ( #1025, #790, #2588, #1481 ) ) ;
#3629 = LINE ( 'NONE', #1255, #3232 ) ;
#3630 = SURFACE_STYLE_FILL_AREA ( #362 ) ;
#3631 = LINE ( 'NONE', #3370, #496 ) ;
#3632 = CARTESIAN_POINT ( 'NONE',  ( -0.3200000000000001177, 0.3464101615137729628, -0.3199999999999999512 ) ) ;
#3633 = ORIENTED_EDGE ( 'NONE', *, *, #1922, .T. ) ;
#3634 = LINE ( 'NONE', #3675, #2377 ) ;
#3635 = EDGE_LOOP ( 'NONE', ( #22, #43, #1469, #1533 ) ) ;
#3636 = CARTESIAN_POINT ( 'NONE',  ( -0.3200000000000001177, 0.9000000000000002442, -0.3200000000000000622 ) ) ;
#3637 =( BOUNDED_CURVE ( )  B_SPLINE_CURVE ( 3, ( #782, #2015, #557, #2267 ),
 .UNSPECIFIED., .F., .F. ) 
 B_SPLINE_CURVE_WITH_KNOTS ( ( 4, 4 ),
 ( 3.141592653589793116, 3.267932781228569006 ),
 .UNSPECIFIED. ) 
 CURVE ( )  GEOMETRIC_REPRESENTATION_ITEM ( )  RATIONAL_B_SPLINE_CURVE ( ( 1.000000000000000000, 0.9986702899464854344, 0.9986702899464854344, 1.000000000000000000 ) ) 
 REPRESENTATION_ITEM ( '' )  );
#3638 = VECTOR ( 'NONE', #252, 1000.000000000000000 ) ;
#3639 = ORIENTED_EDGE ( 'NONE', *, *, #453, .T. ) ;
#3640 = ORIENTED_EDGE ( 'NONE', *, *, #2419, .F. ) ;
#3641 = EDGE_CURVE ( 'NONE', #1223, #2003, #2729, .T. ) ;
#3642 = DIRECTION ( 'NONE',  ( 0.7071067811865477948, -0.000000000000000000, -0.7071067811865473507 ) ) ;
#3643 = DIRECTION ( 'NONE',  ( 1.694065894508600432E-16, -1.232595164407836146E-32, 1.000000000000000000 ) ) ;
#3644 = ORIENTED_EDGE ( 'NONE', *, *, #1775, .F. ) ;
#3645 = CARTESIAN_POINT ( 'NONE',  ( 1.165000000000000036, 2.500000000000000000, -0.5100000000000011191 ) ) ;
#3646 = CARTESIAN_POINT ( 'NONE',  ( -1.179142135623731047, 2.500000000000000000, -0.7599999999999997868 ) ) ;
#3647 = VERTEX_POINT ( 'NONE', #108 ) ;
#3648 = UNCERTAINTY_MEASURE_WITH_UNIT (LENGTH_MEASURE( 1.000000000000000082E-05 ), #3076, 'distance_accuracy_value', 'NONE');
#3649 = DIRECTION ( 'NONE',  ( 1.000000000000000000, 0.000000000000000000, 0.000000000000000000 ) ) ;
#3650 = ADVANCED_FACE ( 'NONE', ( #1807 ), #1515, .T. ) ;
#3651 = AXIS2_PLACEMENT_3D ( 'NONE', #3773, #3544, #2044 ) ;
#3652 = DIRECTION ( 'NONE',  ( 1.000000000000000000, -1.084202172485501594E-14, 0.000000000000000000 ) ) ;
#3653 = DIRECTION ( 'NONE',  ( 1.000000000000000000, -0.000000000000000000, -0.000000000000000000 ) ) ;
#3654 = TOROIDAL_SURFACE ( 'NONE', #1998, 0.02000000000000000042, 0.01000000000000000021 ) ;
#3655 = ORIENTED_EDGE ( 'NONE', *, *, #702, .T. ) ;
#3656 = DIRECTION ( 'NONE',  ( -2.891205793294678819E-16, 0.000000000000000000, -1.000000000000000000 ) ) ;
#3657 = VECTOR ( 'NONE', #2787, 1000.000000000000000 ) ;
#3658 = ORIENTED_EDGE ( 'NONE', *, *, #3376, .T. ) ;
#3659 = CIRCLE ( 'NONE', #1758, 0.01000000000000002623 ) ;
#3660 = DIRECTION ( 'NONE',  ( -0.7071067811865473507, 0.000000000000000000, 0.7071067811865476838 ) ) ;
#3661 = ORIENTED_EDGE ( 'NONE', *, *, #1877, .T. ) ;
#3662 = ORIENTED_EDGE ( 'NONE', *, *, #1084, .F. ) ;
#3663 =( BOUNDED_CURVE ( )  B_SPLINE_CURVE ( 3, ( #576, #3231, #819, #3249 ),
 .UNSPECIFIED., .F., .F. ) 
 B_SPLINE_CURVE_WITH_KNOTS ( ( 4, 4 ),
 ( 3.141592653589793116, 4.712388980384689674 ),
 .UNSPECIFIED. ) 
 CURVE ( )  GEOMETRIC_REPRESENTATION_ITEM ( )  RATIONAL_B_SPLINE_CURVE ( ( 1.000000000000000000, 0.8047378541243649375, 0.8047378541243649375, 1.000000000000000000 ) ) 
 REPRESENTATION_ITEM ( '' )  );
#3664 = FACE_OUTER_BOUND ( 'NONE', #3064, .T. ) ;
#3665 = DIRECTION ( 'NONE',  ( 0.4472135954999578722, -0.7745966692414835153, -0.4472135954999579277 ) ) ;
#3666 = EDGE_LOOP ( 'NONE', ( #464, #1933, #2394, #266 ) ) ;
#3667 = EDGE_CURVE ( 'NONE', #998, #2918, #358, .T. ) ;
#3668 = DIRECTION ( 'NONE',  ( -0.8660254037844387076, 0.4999999999999999445, 1.467104100329257198E-16 ) ) ;
#3669 = EDGE_CURVE ( 'NONE', #2793, #139, #2950, .T. ) ;
#3670 = DIRECTION ( 'NONE',  ( -1.000000000000000000, 0.000000000000000000, -0.000000000000000000 ) ) ;
#3671 = ADVANCED_FACE ( 'NONE', ( #2114 ), #3293, .T. ) ;
#3672 = CARTESIAN_POINT ( 'NONE',  ( 0.3193224092811596249, 0.3452365399626405873, -0.3159672026817041957 ) ) ;
#3673 = CARTESIAN_POINT ( 'NONE',  ( 1.179142135623731491, -1.503005322678532707, 0.7500000000000001110 ) ) ;
#3674 = ORIENTED_EDGE ( 'NONE', *, *, #135, .T. ) ;
#3675 = CARTESIAN_POINT ( 'NONE',  ( 0.3200000000000000067, 11.50000000000000000, 0.3100000000000000533 ) ) ;
#3676 = CARTESIAN_POINT ( 'NONE',  ( -1.164999999999999813, 2.500000000000000000, 0.7458578643762696636 ) ) ;
#3677 = CARTESIAN_POINT ( 'NONE',  ( 0.3299999999999999600, 2.500000000000000000, 0.3300000000000000155 ) ) ;
#3678 = VECTOR ( 'NONE', #577, 1000.000000000000000 ) ;
#3679 = VERTEX_POINT ( 'NONE', #1077 ) ;
#3680 = VERTEX_POINT ( 'NONE', #2828 ) ;
#3681 = VECTOR ( 'NONE', #843, 1000.000000000000000 ) ;
#3682 = CARTESIAN_POINT ( 'NONE',  ( -0.3300000000000001266, 2.500000000000000000, 0.3300000000000000155 ) ) ;
#3683 = PLANE ( 'NONE',  #303 ) ;
#3684 =( BOUNDED_CURVE ( )  B_SPLINE_CURVE ( 3, ( #1364, #3711, #3180, #543 ),
 .UNSPECIFIED., .F., .F. ) 
 B_SPLINE_CURVE_WITH_KNOTS ( ( 4, 4 ),
 ( 6.156845179540815671, 6.283185307179586232 ),
 .UNSPECIFIED. ) 
 CURVE ( )  GEOMETRIC_REPRESENTATION_ITEM ( )  RATIONAL_B_SPLINE_CURVE ( ( 1.000000000000000000, 0.9986702899464854344, 0.9986702899464854344, 1.000000000000000000 ) ) 
 REPRESENTATION_ITEM ( '' )  );
#3685 = ORIENTED_EDGE ( 'NONE', *, *, #2658, .T. ) ;
#3686 = CARTESIAN_POINT ( 'NONE',  ( -1.179142135623730825, 0.5000000000000000000, 0.7499999999999997780 ) ) ;
#3687 = DIRECTION ( 'NONE',  ( 0.7071067811865479058, -0.000000000000000000, 0.7071067811865472397 ) ) ;
#3688 = CARTESIAN_POINT ( 'NONE',  ( -1.269999999999999796, 2.490000000000000213, 0.7500000000000004441 ) ) ;
#3689 = EDGE_CURVE ( 'NONE', #3545, #907, #3077, .T. ) ;
#3690 = DIRECTION ( 'NONE',  ( 0.000000000000000000, 0.000000000000000000, 1.000000000000000000 ) ) ;
#3691 = FACE_OUTER_BOUND ( 'NONE', #1325, .T. ) ;
#3692 = PLANE ( 'NONE',  #1194 ) ;
#3693 = EDGE_CURVE ( 'NONE', #2932, #57, #200, .T. ) ;
#3694 = ORIENTED_EDGE ( 'NONE', *, *, #2139, .T. ) ;
#3695 = DIRECTION ( 'NONE',  ( 0.000000000000000000, -1.000000000000000000, 0.000000000000000000 ) ) ;
#3696 = AXIS2_PLACEMENT_3D ( 'NONE', #3561, #3668, #2985 ) ;
#3697 = DIRECTION ( 'NONE',  ( 0.7071067811865477948, 0.000000000000000000, -0.7071067811865473507 ) ) ;
#3698 = CARTESIAN_POINT ( 'NONE',  ( 0.3199202969641257166, 11.15372788819387395, 0.3112600429262805668 ) ) ;
#3699 = ORIENTED_EDGE ( 'NONE', *, *, #2994, .F. ) ;
#3700 = VERTEX_POINT ( 'NONE', #2466 ) ;
#3701 = ADVANCED_FACE ( 'NONE', ( #2194 ), #470, .F. ) ;
#3702 = DIRECTION ( 'NONE',  ( 0.7071067811865474617, 0.000000000000000000, 0.7071067811865474617 ) ) ;
#3703 = LINE ( 'NONE', #2554, #1578 ) ;
#3704 = ORIENTED_EDGE ( 'NONE', *, *, #3557, .T. ) ;
#3705 = FACE_OUTER_BOUND ( 'NONE', #2862, .T. ) ;
#3706 = FACE_OUTER_BOUND ( 'NONE', #361, .T. ) ;
#3707 = CARTESIAN_POINT ( 'NONE',  ( -0.6708578643762688198, 2.490000000000000213, -1.239999999999999769 ) ) ;
#3708 = APPLICATION_PROTOCOL_DEFINITION ( 'draft international standard', 'automotive_design', 1998, #1185 ) ;
#3709 = SPHERICAL_SURFACE ( 'NONE', #2083, 0.01000000000000000021 ) ;
#3710 = DIRECTION ( 'NONE',  ( -1.606225440719263902E-16, 0.000000000000000000, -1.000000000000000000 ) ) ;
#3711 = CARTESIAN_POINT ( 'NONE',  ( -0.3108419876365758339, 11.15363591632649509, 0.3199733969465144434 ) ) ;
#3712 = DIRECTION ( 'NONE',  ( -1.694065894508600678E-16, 0.000000000000000000, -1.000000000000000000 ) ) ;
#3713 = AXIS2_PLACEMENT_3D ( 'NONE', #1882, #3610, #394 ) ;
#3714 = DIRECTION ( 'NONE',  ( 1.000000000000000000, 0.000000000000000000, 0.000000000000000000 ) ) ;
#3715 = FACE_OUTER_BOUND ( 'NONE', #3635, .T. ) ;
#3716 = VECTOR ( 'NONE', #858, 1000.000000000000227 ) ;
#3717 = ORIENTED_EDGE ( 'NONE', *, *, #3506, .F. ) ;
#3718 = ORIENTED_EDGE ( 'NONE', *, *, #1977, .T. ) ;
#3719 = EDGE_CURVE ( 'NONE', #1606, #2883, #3631, .T. ) ;
#3720 = DIRECTION ( 'NONE',  ( -0.4472135954999593710, 0.7745966692414816279, -0.4472135954999593155 ) ) ;
#3721 = CIRCLE ( 'NONE', #2673, 0.01000000000000002623 ) ;
#3722 = DIRECTION ( 'NONE',  ( 1.000000000000000000, -0.000000000000000000, -0.000000000000000000 ) ) ;
#3723 = ORIENTED_EDGE ( 'NONE', *, *, #2993, .T. ) ;
#3724 = DIRECTION ( 'NONE',  ( 1.000000000000000000, 0.000000000000000000, 0.000000000000000000 ) ) ;
#3725 = DIRECTION ( 'NONE',  ( 0.000000000000000000, 0.000000000000000000, 1.000000000000000000 ) ) ;
#3726 = APPLICATION_PROTOCOL_DEFINITION ( 'draft international standard', 'automotive_design', 1998, #1655 ) ;
#3727 = CARTESIAN_POINT ( 'NONE',  ( -0.3200000000000000067, 11.15358983848622287, 0.3104214140871992544 ) ) ;
#3728 = LINE ( 'NONE', #1095, #705 ) ;
#3729 = ORIENTED_EDGE ( 'NONE', *, *, #3465, .F. ) ;
#3730 = DIRECTION ( 'NONE',  ( -0.7071067811865474617, 0.000000000000000000, 0.7071067811865474617 ) ) ;
#3731 = ADVANCED_FACE ( 'NONE', ( #1919 ), #3709, .T. ) ;
#3732 = DIRECTION ( 'NONE',  ( -0.000000000000000000, 1.000000000000000000, 0.000000000000000000 ) ) ;
#3733 = DIRECTION ( 'NONE',  ( 0.000000000000000000, 0.000000000000000000, -1.000000000000000000 ) ) ;
#3734 = EDGE_CURVE ( 'NONE', #1247, #165, #1467, .T. ) ;
#3735 = ORIENTED_EDGE ( 'NONE', *, *, #2448, .T. ) ;
#3736 = ORIENTED_EDGE ( 'NONE', *, *, #2542, .F. ) ;
#3737 = VECTOR ( 'NONE', #1241, 1000.000000000000000 ) ;
#3738 = EDGE_CURVE ( 'NONE', #3530, #263, #3523, .T. ) ;
#3739 = ADVANCED_FACE ( 'NONE', ( #3691 ), #2804, .T. ) ;
#3740 = LINE ( 'NONE', #230, #1595 ) ;
#3741 = EDGE_CURVE ( 'NONE', #3403, #3647, #509, .T. ) ;
#3742 = ORIENTED_EDGE ( 'NONE', *, *, #1805, .F. ) ;
#3743 = FACE_OUTER_BOUND ( 'NONE', #1592, .T. ) ;
#3744 = VERTEX_POINT ( 'NONE', #2232 ) ;
#3745 = DIRECTION ( 'NONE',  ( 0.000000000000000000, 0.000000000000000000, -1.000000000000000000 ) ) ;
#3746 = AXIS2_PLACEMENT_3D ( 'NONE', #1531, #1257, #2409 ) ;
#3747 = ADVANCED_FACE ( 'NONE', ( #2502 ), #1036, .T. ) ;
#3748 = CARTESIAN_POINT ( 'NONE',  ( 0.000000000000000000, 11.49000000000000021, -0.1142264973081030810 ) ) ;
#3749 = DIRECTION ( 'NONE',  ( 1.000000000000000000, 0.000000000000000000, 0.000000000000000000 ) ) ;
#3750 = LINE ( 'NONE', #3540, #887 ) ;
#3751 = LINE ( 'NONE', #2576, #3678 ) ;
#3752 = CARTESIAN_POINT ( 'NONE',  ( -0.3200000000000001177, 0.9000000000000002442, -0.3200000000000000622 ) ) ;
#3753 = LINE ( 'NONE', #2005, #1486 ) ;
#3754 = CARTESIAN_POINT ( 'NONE',  ( -1.170857864376269042, 2.500000000000000000, 0.5041421356237301143 ) ) ;
#3755 = ORIENTED_EDGE ( 'NONE', *, *, #294, .T. ) ;
#3756 = CIRCLE ( 'NONE', #1354, 0.009999999999999998473 ) ;
#3757 = ORIENTED_EDGE ( 'NONE', *, *, #2224, .F. ) ;
#3758 = CARTESIAN_POINT ( 'NONE',  ( -0.1200000000000003980, 0.000000000000000000, 0.1142264973081042190 ) ) ;
#3759 = ORIENTED_EDGE ( 'NONE', *, *, #2746, .T. ) ;
#3760 = EDGE_CURVE ( 'NONE', #976, #1059, #2170, .T. ) ;
#3761 = DIRECTION ( 'NONE',  ( 0.000000000000000000, 0.000000000000000000, -1.000000000000000000 ) ) ;
#3762 = ORIENTED_EDGE ( 'NONE', *, *, #2023, .F. ) ;
#3763 = CARTESIAN_POINT ( 'NONE',  ( 0.6779289321881343255, 2.490000000000000213, -1.247071067811865497 ) ) ;
#3764 = AXIS2_PLACEMENT_3D ( 'NONE', #2591, #3724, #3745 ) ;
#3765 = CARTESIAN_POINT ( 'NONE',  ( -0.6708578643762688198, 0.01000000000000002623, 1.250000000000000666 ) ) ;
#3766 = APPLICATION_PROTOCOL_DEFINITION ( 'draft international standard', 'automotive_design', 1998, #1390 ) ;
#3767 = DIRECTION ( 'NONE',  ( 0.000000000000000000, -0.000000000000000000, -1.000000000000000000 ) ) ;
#3768 = DIRECTION ( 'NONE',  ( 0.000000000000000000, -2.710505431213761479E-15, -1.000000000000000000 ) ) ;
#3769 = CARTESIAN_POINT ( 'NONE',  ( -1.165000000000000036, 2.500000000000000000, -0.5100000000000008971 ) ) ;
#3770 = APPLICATION_CONTEXT ( 'automotive_design' ) ;
#3771 = ADVANCED_FACE ( 'NONE', ( #1340 ), #3139, .T. ) ;
#3772 = DIRECTION ( 'NONE',  ( -1.000000000000000000, 0.000000000000000000, 8.470329472543003391E-17 ) ) ;
#3773 = CARTESIAN_POINT ( 'NONE',  ( -0.6708578643762688198, 0.01000000000000000021, -1.239999999999999769 ) ) ;
#3774 = VECTOR ( 'NONE', #1366, 1000.000000000000000 ) ;
#3775 = ORIENTED_EDGE ( 'NONE', *, *, #1454, .T. ) ;
#3776 = ORIENTED_EDGE ( 'NONE', *, *, #3506, .T. ) ;
#3777 = DIRECTION ( 'NONE',  ( 1.000000000000000000, 0.000000000000000000, 1.141265444721588244E-15 ) ) ;
#3778 = AXIS2_PLACEMENT_3D ( 'NONE', #2336, #3253, #1495 ) ;
#3779 = VECTOR ( 'NONE', #3001, 1000.000000000000000 ) ;
#3780 = ORIENTED_EDGE ( 'NONE', *, *, #984, .T. ) ;
#3781 = CARTESIAN_POINT ( 'NONE',  ( 1.172071067811865319, 2.490000000000000213, -0.7529289321881347252 ) ) ;
#3782 = ORIENTED_EDGE ( 'NONE', *, *, #3100, .T. ) ;
#3783 = EDGE_CURVE ( 'NONE', #2832, #3005, #3448, .T. ) ;
#3784 = AXIS2_PLACEMENT_3D ( 'NONE', #1074, #1979, #276 ) ;
#3785 = PLANE ( 'NONE',  #3211 ) ;
#3786 = EDGE_CURVE ( 'NONE', #2753, #1858, #1779, .T. ) ;
#3787 = ADVANCED_FACE ( 'NONE', ( #710 ), #1298, .T. ) ;
#3788 = VERTEX_POINT ( 'NONE', #2482 ) ;
#3789 = NEXT_ASSEMBLY_USAGE_OCCURRENCE ( 'NAUO1', ' ', ' ', #3291, #1232, $ ) ;
#3790 = NEXT_ASSEMBLY_USAGE_OCCURRENCE ( 'NAUO2', ' ', ' ', #3291, #839, $ ) ;
#3791 = NEXT_ASSEMBLY_USAGE_OCCURRENCE ( 'NAUO3', ' ', ' ', #3291, #839, $ ) ;
#3792 = NEXT_ASSEMBLY_USAGE_OCCURRENCE ( 'NAUO4', ' ', ' ', #3291, #1232, $ ) ;
#3793 = NEXT_ASSEMBLY_USAGE_OCCURRENCE ( 'NAUO5', ' ', ' ', #3291, #1232, $ ) ;
#3794 = NEXT_ASSEMBLY_USAGE_OCCURRENCE ( 'NAUO6', ' ', ' ', #3291, #839, $ ) ;
#3795 = NEXT_ASSEMBLY_USAGE_OCCURRENCE ( 'NAUO7', ' ', ' ', #3291, #839, $ ) ;
#3796 = NEXT_ASSEMBLY_USAGE_OCCURRENCE ( 'NAUO8', ' ', ' ', #3291, #1232, $ ) ;
ENDSEC;
END-ISO-10303-21;
