ISO-10303-21;
HEADER;
FILE_DESCRIPTION (( 'STEP AP214' ),
    '1' );
FILE_NAME ('header-2.54-2x3.step',
    '2026-08-30T12:40:11',
    ( '' ),
    ( '' ),
    'SwSTEP 2.0',
    'SolidWorks 2025',
    '' );
FILE_SCHEMA (( 'AUTOMOTIVE_DESIGN' ));
ENDSEC;

DATA;
#1 = ORIENTED_EDGE ( 'NONE', *, *, #421, .T. ) ;
#2 = CIRCLE ( 'NONE', #1970, 0.009999999999999762551 ) ;
#3 = LINE ( 'NONE', #2972, #2155 ) ;
#4 = EDGE_CURVE ( 'NONE', #3768, #3415, #865, .T. ) ;
#5 = ORIENTED_EDGE ( 'NONE', *, *, #3135, .F. ) ;
#6 = ORIENTED_EDGE ( 'NONE', *, *, #355, .F. ) ;
#7 = CARTESIAN_POINT ( 'NONE',  ( 1.269999999999999796, 2.490000000000000213, -2.040000000000000480 ) ) ;
#8 = EDGE_CURVE ( 'NONE', #1453, #1020, #2877, .T. ) ;
#9 = CARTESIAN_POINT ( 'NONE',  ( 1.174999999999999822, 2.500000000000000000, -2.030000000000000249 ) ) ;
#10 = CYLINDRICAL_SURFACE ( 'NONE', #1174, 0.01000000000000001409 ) ;
#11 = VECTOR ( 'NONE', #3312, 1000.000000000000000 ) ;
#12 = EDGE_CURVE ( 'NONE', #1161, #849, #1756, .T. ) ;
#13 = CARTESIAN_POINT ( 'NONE',  ( -0.3200000000000000067, 11.50000000000000000, 0.3200000000000000622 ) ) ;
#14 = UNCERTAINTY_MEASURE_WITH_UNIT (LENGTH_MEASURE( 1.000000000000000082E-05 ), #2820, 'distance_accuracy_value', 'NONE');
#15 = ORIENTED_EDGE ( 'NONE', *, *, #2364, .T. ) ;
#16 =( GEOMETRIC_REPRESENTATION_CONTEXT ( 3 ) GLOBAL_UNCERTAINTY_ASSIGNED_CONTEXT ( ( #3271 ) ) GLOBAL_UNIT_ASSIGNED_CONTEXT ( ( #2882, #1370, #213 ) ) REPRESENTATION_CONTEXT ( 'NONE', 'WORKASPACE' ) );
#17 = DIRECTION ( 'NONE',  ( 8.470329472543004623E-17, 0.000000000000000000, 1.000000000000000000 ) ) ;
#18 = DIRECTION ( 'NONE',  ( 1.000000000000000000, -0.000000000000000000, -0.000000000000000000 ) ) ;
#19 = CARTESIAN_POINT ( 'NONE',  ( -0.3199999999999997846, 0.000000000000000000, -0.9499999999999996225 ) ) ;
#20 = COLOUR_RGB ( '',0.2980392156862745057, 0.2980392156862745057, 0.2980392156862745057 ) ;
#21 = DIRECTION ( 'NONE',  ( 4.929469777106312783E-14, -8.538092108323715974E-14, 1.000000000000000000 ) ) ;
#22 = CARTESIAN_POINT ( 'NONE',  ( -0.6708578643762687088, 2.500000000000000000, -2.529999999999999805 ) ) ;
#23 = CARTESIAN_POINT ( 'NONE',  ( -0.1228867513459475369, 11.49499999999999922, 2.081782543421286098E-17 ) ) ;
#24 = ORIENTED_EDGE ( 'NONE', *, *, #3130, .F. ) ;
#25 = DIRECTION ( 'NONE',  ( 1.000000000000000000, 0.000000000000000000, 0.000000000000000000 ) ) ;
#26 = EDGE_CURVE ( 'NONE', #3787, #3440, #2672, .T. ) ;
#27 = ORIENTED_EDGE ( 'NONE', *, *, #2076, .T. ) ;
#28 = EDGE_CURVE ( 'NONE', #3355, #1907, #1134, .T. ) ;
#29 = EDGE_CURVE ( 'NONE', #338, #85, #1773, .T. ) ;
#30 = ORIENTED_EDGE ( 'NONE', *, *, #1448, .T. ) ;
#31 = LINE ( 'NONE', #2429, #3027 ) ;
#32 = DIRECTION ( 'NONE',  ( -8.470329472543004623E-17, 0.000000000000000000, 1.000000000000000000 ) ) ;
#33 = PRODUCT_DEFINITION_SHAPE ( 'NONE', 'NONE',  #3802 ) ;
#34 = CYLINDRICAL_SURFACE ( 'NONE', #931, 0.01000000000000001409 ) ;
#35 = EDGE_LOOP ( 'NONE', ( #702, #2426, #1162, #3365 ) ) ;
#36 = CARTESIAN_POINT ( 'NONE',  ( -0.3200000000000001177, 0.3464101615137729628, -0.3199999999999999512 ) ) ;
#37 = CARTESIAN_POINT ( 'NONE',  ( -0.3199999999999998401, 0.000000000000000000, 1.589999999999999636 ) ) ;
#38 = LINE ( 'NONE', #1810, #321 ) ;
#39 = DIRECTION ( 'NONE',  ( 0.000000000000000000, 0.000000000000000000, 1.000000000000000000 ) ) ;
#40 = CARTESIAN_POINT ( 'NONE',  ( 1.175000000000000711, 2.495857864376268331, 0.9999999999999976685 ) ) ;
#41 = AXIS2_PLACEMENT_3D ( 'NONE', #1417, #525, #2887 ) ;
#42 = VECTOR ( 'NONE', #2675, 1000.000000000000000 ) ;
#43 = DIRECTION ( 'NONE',  ( -8.470329472543004623E-17, -0.000000000000000000, -1.000000000000000000 ) ) ;
#44 = VECTOR ( 'NONE', #1150, 999.9999999999998863 ) ;
#45 = ORIENTED_EDGE ( 'NONE', *, *, #678, .F. ) ;
#46 = CARTESIAN_POINT ( 'NONE',  ( -0.1200000000000003980, 0.000000000000000000, 0.1142264973081042190 ) ) ;
#47 = LINE ( 'NONE', #3512, #1484 ) ;
#48 = ORIENTED_EDGE ( 'NONE', *, *, #3404, .F. ) ;
#49 = MECHANICAL_DESIGN_GEOMETRIC_PRESENTATION_REPRESENTATION (  '', ( #2449 ), #1014 ) ;
#50 = ORIENTED_EDGE ( 'NONE', *, *, #2680, .F. ) ;
#51 = CARTESIAN_POINT ( 'NONE',  ( -0.3200000000000000067, 0.3464101615137729628, 0.3200000000000000622 ) ) ;
#52 = CARTESIAN_POINT ( 'NONE',  ( -1.269999999999999796, 2.500000000000000000, 1.009999999999998010 ) ) ;
#53 = DIRECTION ( 'NONE',  ( -2.125886612716675327E-16, 0.000000000000000000, -1.000000000000000000 ) ) ;
#54 = VERTEX_POINT ( 'NONE', #1489 ) ;
#55 = DIRECTION ( 'NONE',  ( 1.694065894508600678E-16, 0.000000000000000000, 1.000000000000000000 ) ) ;
#56 = AXIS2_PLACEMENT_3D ( 'NONE', #1526, #1216, #2341 ) ;
#57 = CARTESIAN_POINT ( 'NONE',  ( 0.3104214140871992544, 0.3464101615137729628, 0.3200000000000000622 ) ) ;
#58 = CARTESIAN_POINT ( 'NONE',  ( -1.270000000000000240, 0.5000000000000000000, 2.039999999999999591 ) ) ;
#59 = CYLINDRICAL_SURFACE ( 'NONE', #426, 0.01000000000000002623 ) ;
#60 = EDGE_CURVE ( 'NONE', #2086, #2853, #2663, .T. ) ;
#61 = AXIS2_PLACEMENT_3D ( 'NONE', #2839, #3180, #1123 ) ;
#62 = AXIS2_PLACEMENT_3D ( 'NONE', #1686, #1108, #1043 ) ;
#63 = ORIENTED_EDGE ( 'NONE', *, *, #1441, .F. ) ;
#64 = DIRECTION ( 'NONE',  ( -1.000000000000000000, -0.000000000000000000, -2.282530889443166233E-15 ) ) ;
#65 = ADVANCED_FACE ( 'NONE', ( #232 ), #1409, .F. ) ;
#66 = ORIENTED_EDGE ( 'NONE', *, *, #3628, .T. ) ;
#67 = AXIS2_PLACEMENT_3D ( 'NONE', #3680, #1935, #1626 ) ;
#68 = ORIENTED_EDGE ( 'NONE', *, *, #1104, .F. ) ;
#69 = AXIS2_PLACEMENT_3D ( 'NONE', #367, #1538, #2714 ) ;
#70 = FACE_OUTER_BOUND ( 'NONE', #466, .T. ) ;
#71 = LINE ( 'NONE', #396, #1764 ) ;
#72 = EDGE_CURVE ( 'NONE', #1020, #3117, #521, .T. ) ;
#73 = DIRECTION ( 'NONE',  ( 1.000000000000000000, -0.000000000000000000, 4.565061778886333255E-15 ) ) ;
#74 = ORIENTED_EDGE ( 'NONE', *, *, #1307, .T. ) ;
#75 = CARTESIAN_POINT ( 'NONE',  ( -0.6749999999999996003, 2.500000000000000000, -2.539999999999999591 ) ) ;
#76 = CARTESIAN_POINT ( 'NONE',  ( 0.6749999999999993783, 0.000000000000000000, -2.529999999999999805 ) ) ;
#77 = AXIS2_PLACEMENT_3D ( 'NONE', #1381, #1711, #1112 ) ;
#78 = ADVANCED_FACE ( 'NONE', ( #1717 ), #951, .T. ) ;
#79 = LINE ( 'NONE', #894, #193 ) ;
#80 = EDGE_CURVE ( 'NONE', #3079, #1135, #896, .T. ) ;
#81 = DIRECTION ( 'NONE',  ( -1.000000000000000000, 0.000000000000000000, 0.000000000000000000 ) ) ;
#82 = VECTOR ( 'NONE', #1011, 1000.000000000000000 ) ;
#83 = ADVANCED_FACE ( 'NONE', ( #2379 ), #3570, .T. ) ;
#84 = VERTEX_POINT ( 'NONE', #2985 ) ;
#85 = VERTEX_POINT ( 'NONE', #1528 ) ;
#86 = VERTEX_POINT ( 'NONE', #935 ) ;
#87 = CARTESIAN_POINT ( 'NONE',  ( -0.3199999999999998401, 0.9000000000000010214, -1.589999999999999636 ) ) ;
#88 = LINE ( 'NONE', #1535, #834 ) ;
#89 = LINE ( 'NONE', #857, #2946 ) ;
#90 = DIRECTION ( 'NONE',  ( -0.7071067811865474617, 0.000000000000000000, 0.7071067811865476838 ) ) ;
#91 = VERTEX_POINT ( 'NONE', #370 ) ;
#92 = FACE_OUTER_BOUND ( 'NONE', #1910, .T. ) ;
#93 = DIRECTION ( 'NONE',  ( 8.470329472543004623E-17, 0.000000000000000000, 1.000000000000000000 ) ) ;
#94 = ORIENTED_EDGE ( 'NONE', *, *, #751, .T. ) ;
#95 = DIRECTION ( 'NONE',  ( 0.000000000000000000, 0.000000000000000000, 1.000000000000000000 ) ) ;
#96 = CARTESIAN_POINT ( 'NONE',  ( -0.3199733969465143879, 11.15363591632649509, 0.3108419876365758894 ) ) ;
#97 = EDGE_LOOP ( 'NONE', ( #2069, #1, #1533, #2688 ) ) ;
#98 = AXIS2_PLACEMENT_3D ( 'NONE', #2238, #3624, #2506 ) ;
#99 = VECTOR ( 'NONE', #2071, 1000.000000000000000 ) ;
#100 = ORIENTED_EDGE ( 'NONE', *, *, #2962, .T. ) ;
#101 = VERTEX_POINT ( 'NONE', #1813 ) ;
#102 = DIRECTION ( 'NONE',  ( -1.000000000000000000, -0.000000000000000000, 4.565061778886333255E-15 ) ) ;
#103 = LINE ( 'NONE', #1767, #2267 ) ;
#104 = APPLICATION_CONTEXT ( 'automotive_design' ) ;
#105 = DIRECTION ( 'NONE',  ( 1.000000000000000000, 0.000000000000000000, 0.000000000000000000 ) ) ;
#106 = VERTEX_POINT ( 'NONE', #2682 ) ;
#107 = LINE ( 'NONE', #657, #2012 ) ;
#108 = ORIENTED_EDGE ( 'NONE', *, *, #2523, .F. ) ;
#109 = CARTESIAN_POINT ( 'NONE',  ( -1.179142135623730825, -4.081105855034882879, -2.049999999999999822 ) ) ;
#110 = EDGE_CURVE ( 'NONE', #2086, #2075, #157, .T. ) ;
#111 = CARTESIAN_POINT ( 'NONE',  ( 1.175000000000000711, 2.490000000000000213, -1.010000000000002451 ) ) ;
#112 = DIRECTION ( 'NONE',  ( 0.000000000000000000, -1.000000000000000000, 0.000000000000000000 ) ) ;
#113 = CIRCLE ( 'NONE', #964, 0.01000000000000002623 ) ;
#114 = DIRECTION ( 'NONE',  ( -0.000000000000000000, 1.000000000000000000, -0.000000000000000000 ) ) ;
#115 = EDGE_CURVE ( 'NONE', #1814, #1222, #2436, .T. ) ;
#116 = VERTEX_POINT ( 'NONE', #2159 ) ;
#117 = VERTEX_POINT ( 'NONE', #3549 ) ;
#118 = VECTOR ( 'NONE', #1487, 1000.000000000000000 ) ;
#119 = ORIENTED_EDGE ( 'NONE', *, *, #2680, .T. ) ;
#120 = CYLINDRICAL_SURFACE ( 'NONE', #1075, 0.01000000000000001409 ) ;
#121 = EDGE_CURVE ( 'NONE', #1587, #3727, #3244, .T. ) ;
#122 = VECTOR ( 'NONE', #748, 1000.000000000000000 ) ;
#123 = DIRECTION ( 'NONE',  ( -0.7071067811865476838, 0.000000000000000000, -0.7071067811865474617 ) ) ;
#124 = ADVANCED_FACE ( 'NONE', ( #2703 ), #914, .F. ) ;
#125 = ORIENTED_EDGE ( 'NONE', *, *, #3022, .F. ) ;
#126 = DIRECTION ( 'NONE',  ( 2.125886612716675327E-16, -0.000000000000000000, 1.000000000000000000 ) ) ;
#127 = VECTOR ( 'NONE', #2557, 1000.000000000000000 ) ;
#128 = ADVANCED_FACE ( 'NONE', ( #2718 ), #970, .T. ) ;
#129 = ORIENTED_EDGE ( 'NONE', *, *, #2859, .T. ) ;
#130 = CIRCLE ( 'NONE', #3024, 0.009999999999999774694 ) ;
#131 = DIRECTION ( 'NONE',  ( 1.000000000000000000, -0.000000000000000000, -0.000000000000000000 ) ) ;
#132 = LINE ( 'NONE', #3017, #2207 ) ;
#133 = CARTESIAN_POINT ( 'NONE',  ( -1.150857864376267914, 0.000000000000000000, -2.050000000000000711 ) ) ;
#134 = CARTESIAN_POINT ( 'NONE',  ( -0.3112600429262814550, 0.3462721118061212189, -0.3199202969641256611 ) ) ;
#135 = CARTESIAN_POINT ( 'NONE',  ( -0.1937320508075680847, 0.1277076581449563819, 0.1850717967697238509 ) ) ;
#136 = LINE ( 'NONE', #1005, #1629 ) ;
#137 = CIRCLE ( 'NONE', #2103, 0.01000000000000000021 ) ;
#138 = ORIENTED_EDGE ( 'NONE', *, *, #2641, .F. ) ;
#139 = AXIS2_PLACEMENT_3D ( 'NONE', #256, #2549, #1681 ) ;
#140 = ORIENTED_EDGE ( 'NONE', *, *, #1994, .T. ) ;
#141 =( BOUNDED_CURVE ( )  B_SPLINE_CURVE ( 3, ( #3360, #1434, #2029, #293 ),
 .UNSPECIFIED., .F., .T. ) 
 B_SPLINE_CURVE_WITH_KNOTS ( ( 4, 4 ),
 ( 6.156845179540811230, 6.283185307179586232 ),
 .UNSPECIFIED. ) 
 CURVE ( )  GEOMETRIC_REPRESENTATION_ITEM ( )  RATIONAL_B_SPLINE_CURVE ( ( 1.000000000000000000, 0.9986702899464854344, 0.9986702899464854344, 1.000000000000000000 ) ) 
 REPRESENTATION_ITEM ( '' )  );
#142 = ORIENTED_EDGE ( 'NONE', *, *, #2463, .T. ) ;
#143 = DIRECTION ( 'NONE',  ( 1.721402144386329970E-14, 0.000000000000000000, 1.000000000000000000 ) ) ;
#144 = EDGE_CURVE ( 'NONE', #2775, #338, #3606, .T. ) ;
#145 = ORIENTED_EDGE ( 'NONE', *, *, #1143, .F. ) ;
#146 = CONTEXT_DEPENDENT_SHAPE_REPRESENTATION ( #2542, #33 ) ;
#147 = CARTESIAN_POINT ( 'NONE',  ( 0.1142264973081030949, 11.49000000000000021, 0.1142264973081031781 ) ) ;
#148 = ORIENTED_EDGE ( 'NONE', *, *, #519, .F. ) ;
#149 = DIRECTION ( 'NONE',  ( 0.000000000000000000, 0.000000000000000000, -1.000000000000000000 ) ) ;
#150 = DIRECTION ( 'NONE',  ( -1.000000000000000000, 0.000000000000000000, 4.565061778886333255E-15 ) ) ;
#151 = CARTESIAN_POINT ( 'NONE',  ( 0.6708578643762684868, 0.01000000000000002623, -2.539999999999999591 ) ) ;
#152 = CARTESIAN_POINT ( 'NONE',  ( -0.1228867513459475369, 11.49499999999999922, 0.1142264973081032614 ) ) ;
#153 = LINE ( 'NONE', #135, #972 ) ;
#154 = DIRECTION ( 'NONE',  ( 0.000000000000000000, -1.000000000000000000, 0.000000000000000000 ) ) ;
#155 = ORIENTED_EDGE ( 'NONE', *, *, #1830, .T. ) ;
#156 = ORIENTED_EDGE ( 'NONE', *, *, #537, .T. ) ;
#157 = CIRCLE ( 'NONE', #3168, 0.009999999999999998473 ) ;
#158 = ORIENTED_EDGE ( 'NONE', *, *, #2418, .T. ) ;
#159 = CARTESIAN_POINT ( 'NONE',  ( -0.1142264973081041773, 0.01000000000000000541, 0.1142264973081041912 ) ) ;
#160 = AXIS2_PLACEMENT_3D ( 'NONE', #432, #1318, #2496 ) ;
#161 = SURFACE_STYLE_FILL_AREA ( #2802 ) ;
#162 = ORIENTED_EDGE ( 'NONE', *, *, #3747, .F. ) ;
#163 = CIRCLE ( 'NONE', #2564, 0.01000000000000000194 ) ;
#164 = CARTESIAN_POINT ( 'NONE',  ( 0.000000000000000000, 0.000000000000000000, 0.000000000000000000 ) ) ;
#165 = DIRECTION ( 'NONE',  ( 0.000000000000000000, 1.000000000000000000, -0.000000000000000000 ) ) ;
#166 = CARTESIAN_POINT ( 'NONE',  ( 0.000000000000000000, 11.49499999999999922, 0.1228867513459475369 ) ) ;
#167 = CARTESIAN_POINT ( 'NONE',  ( -0.08907179676972423743, 11.53856921938165137, -0.09773205080756838803 ) ) ;
#168 = EDGE_CURVE ( 'NONE', #2821, #2439, #2182, .T. ) ;
#169 = DIRECTION ( 'NONE',  ( -0.7071067811865474617, 0.000000000000000000, -0.7071067811865474617 ) ) ;
#170 = LINE ( 'NONE', #441, #1455 ) ;
#171 = ORIENTED_EDGE ( 'NONE', *, *, #1949, .F. ) ;
#172 = AXIS2_PLACEMENT_3D ( 'NONE', #1956, #2599, #1934 ) ;
#173 = ADVANCED_FACE ( 'NONE', ( #2829 ), #3646, .T. ) ;
#174 = ORIENTED_EDGE ( 'NONE', *, *, #1501, .F. ) ;
#175 =( NAMED_UNIT ( * ) SI_UNIT ( $, .STERADIAN. ) SOLID_ANGLE_UNIT ( ) );
#176 = FACE_OUTER_BOUND ( 'NONE', #2348, .T. ) ;
#177 = EDGE_CURVE ( 'NONE', #1946, #1453, #170, .T. ) ;
#178 = DIRECTION ( 'NONE',  ( 1.000000000000000000, 1.355252715606879754E-15, -3.673419846319646360E-30 ) ) ;
#179 = CARTESIAN_POINT ( 'NONE',  ( -1.165000000000000258, 2.490000000000000213, -1.000000000000002220 ) ) ;
#180 = ORIENTED_EDGE ( 'NONE', *, *, #29, .T. ) ;
#181 = CARTESIAN_POINT ( 'NONE',  ( -0.3199999999999997846, 0.9000000000000010214, -0.9499999999999996225 ) ) ;
#182 =( BOUNDED_CURVE ( )  B_SPLINE_CURVE ( 3, ( #3187, #2253, #2868, #3108 ),
 .UNSPECIFIED., .F., .T. ) 
 B_SPLINE_CURVE_WITH_KNOTS ( ( 4, 4 ),
 ( 5.624127271420887197, 6.942243342938290596 ),
 .UNSPECIFIED. ) 
 CURVE ( )  GEOMETRIC_REPRESENTATION_ITEM ( )  RATIONAL_B_SPLINE_CURVE ( ( 1.000000000000000000, 0.8603796100557046245, 0.8603796100557046245, 1.000000000000000000 ) ) 
 REPRESENTATION_ITEM ( '' )  );
#183 = CARTESIAN_POINT ( 'NONE',  ( 0.1142264973081040802, 0.01000000000000000021, -1.935072133388376070E-17 ) ) ;
#184 = AXIS2_PLACEMENT_3D ( 'NONE', #1517, #3439, #2307 ) ;
#185 = CARTESIAN_POINT ( 'NONE',  ( 1.179142135623730825, 2.490000000000000213, -2.050000000000000266 ) ) ;
#186 = DIRECTION ( 'NONE',  ( -1.000000000000000000, 0.000000000000000000, 0.000000000000000000 ) ) ;
#187 = CARTESIAN_POINT ( 'NONE',  ( 0.3199999999999998956, 11.15358983848622287, -0.3099999999999998868 ) ) ;
#188 = CARTESIAN_POINT ( 'NONE',  ( 0.000000000000000000, 2.500000000000000000, 0.000000000000000000 ) ) ;
#189 = EDGE_CURVE ( 'NONE', #1353, #2035, #1617, .T. ) ;
#190 = EDGE_CURVE ( 'NONE', #1802, #3673, #1028, .T. ) ;
#191 = EDGE_LOOP ( 'NONE', ( #1785, #940, #2274, #3362, #3136, #125, #3571, #2305 ) ) ;
#192 = CARTESIAN_POINT ( 'NONE',  ( 1.179142135623731935, 2.490000000000000213, 2.030000000000000249 ) ) ;
#193 = VECTOR ( 'NONE', #2733, 1000.000000000000000 ) ;
#194 = VERTEX_POINT ( 'NONE', #3412 ) ;
#195 = ORIENTED_EDGE ( 'NONE', *, *, #3231, .F. ) ;
#196 = DIRECTION ( 'NONE',  ( 1.000000000000000000, 0.000000000000000000, 0.000000000000000000 ) ) ;
#197 = AXIS2_PLACEMENT_3D ( 'NONE', #1042, #3387, #1933 ) ;
#198 = DIRECTION ( 'NONE',  ( 0.7071067811865467956, 0.7071067811865482389, -5.989427408919424449E-17 ) ) ;
#199 = DIRECTION ( 'NONE',  ( -0.000000000000000000, 1.000000000000000000, -0.000000000000000000 ) ) ;
#200 = DIRECTION ( 'NONE',  ( -1.000000000000000000, 0.000000000000000000, 0.000000000000000000 ) ) ;
#201 = ORIENTED_EDGE ( 'NONE', *, *, #2526, .T. ) ;
#202 = CARTESIAN_POINT ( 'NONE',  ( -0.6708578643762687088, 2.490000000000000213, -2.529999999999999805 ) ) ;
#203 = DIRECTION ( 'NONE',  ( -1.000000000000000000, -0.000000000000000000, 9.389466242107271309E-15 ) ) ;
#204 = DIRECTION ( 'NONE',  ( 0.000000000000000000, 0.000000000000000000, 1.000000000000000000 ) ) ;
#205 = LINE ( 'NONE', #1379, #127 ) ;
#206 = FACE_OUTER_BOUND ( 'NONE', #3506, .T. ) ;
#207 = CARTESIAN_POINT ( 'NONE',  ( -1.270000000000000240, 0.5000000000000000000, 2.039999999999999591 ) ) ;
#208 = VERTEX_POINT ( 'NONE', #2814 ) ;
#209 = ORIENTED_EDGE ( 'NONE', *, *, #1357, .F. ) ;
#210 = CARTESIAN_POINT ( 'NONE',  ( -1.174999999999998934, 0.01000000000000002623, -2.040000000000000480 ) ) ;
#211 = ORIENTED_EDGE ( 'NONE', *, *, #2620, .T. ) ;
#212 = ORIENTED_EDGE ( 'NONE', *, *, #749, .F. ) ;
#213 =( NAMED_UNIT ( * ) SI_UNIT ( $, .STERADIAN. ) SOLID_ANGLE_UNIT ( ) );
#214 = ORIENTED_EDGE ( 'NONE', *, *, #28, .T. ) ;
#215 = LINE ( 'NONE', #483, #1169 ) ;
#216 = ORIENTED_EDGE ( 'NONE', *, *, #2759, .F. ) ;
#217 = CARTESIAN_POINT ( 'NONE',  ( 1.175000000000000711, 2.350000000000000089, -1.000000000000002442 ) ) ;
#218 = CIRCLE ( 'NONE', #526, 0.01000000000000001409 ) ;
#219 = DIRECTION ( 'NONE',  ( -0.7071067811865474617, 0.000000000000000000, 0.7071067811865474617 ) ) ;
#220 = VECTOR ( 'NONE', #2998, 1000.000000000000000 ) ;
#221 = AXIS2_PLACEMENT_3D ( 'NONE', #2475, #763, #1947 ) ;
#222 = CARTESIAN_POINT ( 'NONE',  ( 1.270000000000000684, -4.081105855034882879, 2.039999999999999591 ) ) ;
#223 = CARTESIAN_POINT ( 'NONE',  ( -0.3104214140871993100, 11.15358983848622110, -0.3199999999999998956 ) ) ;
#224 = DIRECTION ( 'NONE',  ( -0.000000000000000000, 1.000000000000000000, -0.000000000000000000 ) ) ;
#225 = CARTESIAN_POINT ( 'NONE',  ( -0.1142264973081042190, 0.01000000000000000021, -0.1142264973081040802 ) ) ;
#226 = ADVANCED_FACE ( 'NONE', ( #3332 ), #1287, .T. ) ;
#227 = CARTESIAN_POINT ( 'NONE',  ( 0.3200000000000002287, 0.000000000000000000, 0.9499999999999996225 ) ) ;
#228 = CIRCLE ( 'NONE', #2390, 0.01000000000000002623 ) ;
#229 = FACE_BOUND ( 'NONE', #992, .T. ) ;
#230 = LINE ( 'NONE', #1365, #2896 ) ;
#231 = EDGE_CURVE ( 'NONE', #1759, #3619, #136, .T. ) ;
#232 = FACE_OUTER_BOUND ( 'NONE', #1010, .T. ) ;
#233 = ORIENTED_EDGE ( 'NONE', *, *, #295, .F. ) ;
#234 = DIRECTION ( 'NONE',  ( 0.000000000000000000, 0.000000000000000000, -1.000000000000000000 ) ) ;
#235 = EDGE_CURVE ( 'NONE', #1369, #729, #1760, .T. ) ;
#236 = ORIENTED_EDGE ( 'NONE', *, *, #1590, .T. ) ;
#237 = FACE_OUTER_BOUND ( 'NONE', #427, .T. ) ;
#238 = ADVANCED_FACE ( 'NONE', ( #759 ), #1960, .T. ) ;
#239 = ORIENTED_EDGE ( 'NONE', *, *, #2110, .T. ) ;
#240 = FACE_OUTER_BOUND ( 'NONE', #642, .T. ) ;
#241 = DIRECTION ( 'NONE',  ( -1.000000000000000000, 0.000000000000000000, 0.000000000000000000 ) ) ;
#242 = CARTESIAN_POINT ( 'NONE',  ( 0.3199733969465143879, 11.15363591632649687, -0.3108419876365757784 ) ) ;
#243 = ADVANCED_FACE ( 'NONE', ( #420 ), #3133, .T. ) ;
#244 = AXIS2_PLACEMENT_3D ( 'NONE', #1076, #766, #3145 ) ;
#245 = AXIS2_PLACEMENT_3D ( 'NONE', #1963, #3137, #1982 ) ;
#246 = DIRECTION ( 'NONE',  ( 0.000000000000000000, 0.000000000000000000, -1.000000000000000000 ) ) ;
#247 = CARTESIAN_POINT ( 'NONE',  ( -0.6749999999999996003, 0.01000000000000002623, 2.530000000000000693 ) ) ;
#248 = DIRECTION ( 'NONE',  ( 1.000000000000000000, 0.000000000000000000, -1.694065894508600925E-16 ) ) ;
#249 = CARTESIAN_POINT ( 'NONE',  ( 1.269999999999999796, 2.490000000000000213, -2.040000000000000480 ) ) ;
#250 = AXIS2_PLACEMENT_3D ( 'NONE', #1689, #1405, #2581 ) ;
#251 = CARTESIAN_POINT ( 'NONE',  ( -1.175000000000000266, 2.350000000000000089, -1.000000000000002220 ) ) ;
#252 =( REPRESENTATION_RELATIONSHIP ('NONE','NONE', #3667, #2505 ) REPRESENTATION_RELATIONSHIP_WITH_TRANSFORMATION ( #936 )SHAPE_REPRESENTATION_RELATIONSHIP( ) );
#253 = AXIS2_PLACEMENT_3D ( 'NONE', #1130, #2580, #2021 ) ;
#254 = ORIENTED_EDGE ( 'NONE', *, *, #3345, .T. ) ;
#255 = ORIENTED_EDGE ( 'NONE', *, *, #72, .T. ) ;
#256 = CARTESIAN_POINT ( 'NONE',  ( 0.000000000000000000, 0.000000000000000000, 0.000000000000000000 ) ) ;
#257 = FACE_OUTER_BOUND ( 'NONE', #2748, .T. ) ;
#258 = EDGE_LOOP ( 'NONE', ( #3103, #1468, #443, #1472 ) ) ;
#259 = DIRECTION ( 'NONE',  ( 0.000000000000000000, 0.000000000000000000, 1.000000000000000000 ) ) ;
#260 = CIRCLE ( 'NONE', #1428, 0.01000000000000002623 ) ;
#261 = ORIENTED_EDGE ( 'NONE', *, *, #2958, .T. ) ;
#262 = LINE ( 'NONE', #1990, #1740 ) ;
#263 = CARTESIAN_POINT ( 'NONE',  ( -0.3199999999999997846, 0.9000000000000010214, -0.9499999999999996225 ) ) ;
#264 = FACE_OUTER_BOUND ( 'NONE', #534, .T. ) ;
#265 = STYLED_ITEM ( 'NONE', ( #1336 ), #1037 ) ;
#266 = CARTESIAN_POINT ( 'NONE',  ( -1.179142135623730825, 2.500000000000000000, -2.029999999999999805 ) ) ;
#267 = DIRECTION ( 'NONE',  ( 1.000000000000000000, -2.168404344971003188E-14, 0.000000000000000000 ) ) ;
#268 = LINE ( 'NONE', #474, #732 ) ;
#269 = CARTESIAN_POINT ( 'NONE',  ( -1.269999999999999796, 2.500000000000000000, 2.040000000000000036 ) ) ;
#270 = ORIENTED_EDGE ( 'NONE', *, *, #1936, .F. ) ;
#271 = CARTESIAN_POINT ( 'NONE',  ( 0.6708578643762684868, 2.490000000000000213, -2.529999999999999805 ) ) ;
#272 = EDGE_LOOP ( 'NONE', ( #2948, #2309, #2201, #1032, #2567, #3495, #1177, #2491 ) ) ;
#273 = ORIENTED_EDGE ( 'NONE', *, *, #2524, .F. ) ;
#274 =( NAMED_UNIT ( * ) SI_UNIT ( $, .STERADIAN. ) SOLID_ANGLE_UNIT ( ) );
#275 = ORIENTED_EDGE ( 'NONE', *, *, #3037, .T. ) ;
#276 = EDGE_CURVE ( 'NONE', #3648, #3023, #804, .T. ) ;
#277 = VERTEX_POINT ( 'NONE', #3663 ) ;
#278 = CARTESIAN_POINT ( 'NONE',  ( -0.3112600429262814550, 0.3462721118061212189, 0.3199202969641258276 ) ) ;
#279 = CARTESIAN_POINT ( 'NONE',  ( -1.270000000000000018, 2.490000000000000213, -1.000000000000002220 ) ) ;
#280 = LINE ( 'NONE', #3167, #1504 ) ;
#281 = ORIENTED_EDGE ( 'NONE', *, *, #869, .T. ) ;
#282 = ORIENTED_EDGE ( 'NONE', *, *, #1904, .T. ) ;
#283 = VECTOR ( 'NONE', #3454, 1000.000000000000000 ) ;
#284 = CYLINDRICAL_SURFACE ( 'NONE', #778, 0.01000000000000002623 ) ;
#285 = FACE_OUTER_BOUND ( 'NONE', #391, .T. ) ;
#286 = CARTESIAN_POINT ( 'NONE',  ( 0.3112600429262815105, 0.3462721118061211079, 0.3199202969641257166 ) ) ;
#287 = VECTOR ( 'NONE', #126, 1000.000000000000000 ) ;
#288 = DIRECTION ( 'NONE',  ( 0.7071067811865474617, 0.000000000000000000, 0.7071067811865474617 ) ) ;
#289 = EDGE_CURVE ( 'NONE', #1741, #1141, #137, .T. ) ;
#290 = CARTESIAN_POINT ( 'NONE',  ( 1.170857864376269708, 2.500000000000000000, 1.004142135623728560 ) ) ;
#291 = EDGE_LOOP ( 'NONE', ( #830, #832, #582 ) ) ;
#292 = ORIENTED_EDGE ( 'NONE', *, *, #805, .F. ) ;
#293 = CARTESIAN_POINT ( 'NONE',  ( 0.3099999999999998868, 11.15358983848622287, -0.3199999999999999512 ) ) ;
#294 = DIRECTION ( 'NONE',  ( 0.000000000000000000, -1.000000000000000000, 0.000000000000000000 ) ) ;
#295 = EDGE_CURVE ( 'NONE', #500, #3334, #558, .T. ) ;
#296 = ORIENTED_EDGE ( 'NONE', *, *, #2487, .T. ) ;
#297 = ORIENTED_EDGE ( 'NONE', *, *, #361, .F. ) ;
#298 = PLANE ( 'NONE',  #3445 ) ;
#299 = FACE_OUTER_BOUND ( 'NONE', #2239, .T. ) ;
#300 = VECTOR ( 'NONE', #2656, 1000.000000000000000 ) ;
#301 = DIRECTION ( 'NONE',  ( 0.7071067811865474617, 0.000000000000000000, 0.7071067811865474617 ) ) ;
#302 = ORIENTED_EDGE ( 'NONE', *, *, #311, .F. ) ;
#303 = CARTESIAN_POINT ( 'NONE',  ( 0.6749999999999993783, 2.500000000000000000, -2.539999999999999591 ) ) ;
#304 = DIRECTION ( 'NONE',  ( -1.000000000000000000, 0.000000000000000000, 0.000000000000000000 ) ) ;
#305 = CARTESIAN_POINT ( 'NONE',  ( 9.267075411139279960E-15, 2.490000000000000213, 2.030000000000005134 ) ) ;
#306 = VECTOR ( 'NONE', #2240, 999.9999999999998863 ) ;
#307 = DIRECTION ( 'NONE',  ( 0.7071067811865477948, 0.000000000000000000, -0.7071067811865473507 ) ) ;
#308 = CYLINDRICAL_SURFACE ( 'NONE', #3551, 0.01000000000000002623 ) ;
#309 = EDGE_CURVE ( 'NONE', #3381, #3458, #2792, .T. ) ;
#310 = EDGE_CURVE ( 'NONE', #720, #1070, #1630, .T. ) ;
#311 = EDGE_CURVE ( 'NONE', #2572, #493, #2548, .T. ) ;
#312 = DIRECTION ( 'NONE',  ( -0.000000000000000000, 1.000000000000000000, -0.000000000000000000 ) ) ;
#313 = ORIENTED_EDGE ( 'NONE', *, *, #1999, .T. ) ;
#314 = VECTOR ( 'NONE', #1647, 1000.000000000000000 ) ;
#315 = FACE_OUTER_BOUND ( 'NONE', #953, .T. ) ;
#316 = VERTEX_POINT ( 'NONE', #1066 ) ;
#317 = ORIENTED_EDGE ( 'NONE', *, *, #453, .T. ) ;
#318 = CARTESIAN_POINT ( 'NONE',  ( -1.164999999999999813, 2.500000000000000000, 2.035857864376269699 ) ) ;
#319 = DIRECTION ( 'NONE',  ( 0.7071067811865476838, 0.000000000000000000, -0.7071067811865473507 ) ) ;
#320 = DIRECTION ( 'NONE',  ( -0.7071067811865476838, 0.000000000000000000, -0.7071067811865473507 ) ) ;
#321 = VECTOR ( 'NONE', #2983, 1000.000000000000000 ) ;
#322 = CARTESIAN_POINT ( 'NONE',  ( 0.6708578643762684868, 2.490000000000000213, -2.529999999999999805 ) ) ;
#323 = ORIENTED_EDGE ( 'NONE', *, *, #1261, .T. ) ;
#324 = AXIS2_PLACEMENT_3D ( 'NONE', #2939, #2593, #2349 ) ;
#325 = DIRECTION ( 'NONE',  ( 1.000000000000000000, 0.000000000000000000, 0.000000000000000000 ) ) ;
#326 = CYLINDRICAL_SURFACE ( 'NONE', #467, 0.01000000000000002623 ) ;
#327 = DIRECTION ( 'NONE',  ( -1.000000000000000000, 0.000000000000000000, 8.470329472543004623E-17 ) ) ;
#328 = AXIS2_PLACEMENT_3D ( 'NONE', #557, #39, #809 ) ;
#329 = CARTESIAN_POINT ( 'NONE',  ( -0.1142264973081041912, 0.004999999999999983624, -0.1228867513459484528 ) ) ;
#330 = DIRECTION ( 'NONE',  ( -2.282530889443166233E-15, 0.000000000000000000, 1.000000000000000000 ) ) ;
#331 = VECTOR ( 'NONE', #1766, 1000.000000000000000 ) ;
#332 = DIRECTION ( 'NONE',  ( 4.565061778886333255E-15, 0.000000000000000000, -1.000000000000000000 ) ) ;
#333 = ITEM_DEFINED_TRANSFORMATION ( 'NONE', 'NONE', #1611,  #2231 ) ;
#334 = ORIENTED_EDGE ( 'NONE', *, *, #2862, .F. ) ;
#335 = DIRECTION ( 'NONE',  ( 0.4472135954999579277, -0.7745966692414834043, 0.4472135954999578167 ) ) ;
#336 = ORIENTED_EDGE ( 'NONE', *, *, #1999, .F. ) ;
#337 = ORIENTED_EDGE ( 'NONE', *, *, #60, .F. ) ;
#338 = VERTEX_POINT ( 'NONE', #492 ) ;
#339 = CARTESIAN_POINT ( 'NONE',  ( 0.1142264973081040524, 0.01000000000000000194, -0.1142264973081041218 ) ) ;
#340 = CARTESIAN_POINT ( 'NONE',  ( -0.7200000000000016387, 0.5000000000000000000, 2.039999999999999591 ) ) ;
#341 = CARTESIAN_POINT ( 'NONE',  ( -0.1142264973081031781, 11.50000000000000000, 1.935072133388360662E-17 ) ) ;
#342 = ORIENTED_EDGE ( 'NONE', *, *, #2011, .F. ) ;
#343 = LINE ( 'NONE', #928, #1944 ) ;
#344 = CARTESIAN_POINT ( 'NONE',  ( 0.6708578643762684868, 2.500000000000000000, -2.539999999999999591 ) ) ;
#345 = LINE ( 'NONE', #58, #2166 ) ;
#346 = AXIS2_PLACEMENT_3D ( 'NONE', #2102, #332, #350 ) ;
#347 = APPLICATION_PROTOCOL_DEFINITION ( 'draft international standard', 'automotive_design', 1998, #639 ) ;
#348 = CARTESIAN_POINT ( 'NONE',  ( 0.6708578643762684868, 2.490000000000000213, -2.529999999999999805 ) ) ;
#349 = ADVANCED_FACE ( 'NONE', ( #3077 ), #824, .F. ) ;
#350 = DIRECTION ( 'NONE',  ( -1.000000000000000000, 0.000000000000000000, -4.565061778886333255E-15 ) ) ;
#351 = CONTEXT_DEPENDENT_SHAPE_REPRESENTATION ( #252, #2951 ) ;
#352 = AXIS2_PLACEMENT_3D ( 'NONE', #3309, #1895, #997 ) ;
#353 = VERTEX_POINT ( 'NONE', #2873 ) ;
#354 = LINE ( 'NONE', #2685, #2528 ) ;
#355 = EDGE_CURVE ( 'NONE', #1493, #1135, #3723, .T. ) ;
#356 = ORIENTED_EDGE ( 'NONE', *, *, #1480, .F. ) ;
#357 = ORIENTED_EDGE ( 'NONE', *, *, #869, .F. ) ;
#358 = DIRECTION ( 'NONE',  ( 0.000000000000000000, 0.000000000000000000, -1.000000000000000000 ) ) ;
#359 = EDGE_CURVE ( 'NONE', #1907, #2648, #572, .T. ) ;
#360 = CYLINDRICAL_SURFACE ( 'NONE', #1582, 0.01000000000000001409 ) ;
#361 = EDGE_CURVE ( 'NONE', #2821, #2176, #842, .T. ) ;
#362 = LINE ( 'NONE', #2711, #688 ) ;
#363 = UNCERTAINTY_MEASURE_WITH_UNIT (LENGTH_MEASURE( 1.000000000000000082E-05 ), #517, 'distance_accuracy_value', 'NONE');
#364 = ORIENTED_EDGE ( 'NONE', *, *, #80, .T. ) ;
#365 = PLANE ( 'NONE',  #3176 ) ;
#366 = AXIS2_PLACEMENT_3D ( 'NONE', #969, #1627, #2790 ) ;
#367 = CARTESIAN_POINT ( 'NONE',  ( 1.179142135623731935, 2.490000000000000213, 2.050000000000000266 ) ) ;
#368 = EDGE_CURVE ( 'NONE', #3346, #3381, #2273, .T. ) ;
#369 = CYLINDRICAL_SURFACE ( 'NONE', #3356, 0.01000000000000002623 ) ;
#370 = CARTESIAN_POINT ( 'NONE',  ( -1.172071067811865319, 0.5000000000000000000, 2.042928932188134983 ) ) ;
#371 = AXIS2_PLACEMENT_3D ( 'NONE', #192, #3394, #3414 ) ;
#372 = VERTEX_POINT ( 'NONE', #3742 ) ;
#373 = CARTESIAN_POINT ( 'NONE',  ( 0.3200000000000001732, 0.9000000000000010214, -1.589999999999999636 ) ) ;
#374 = EDGE_LOOP ( 'NONE', ( #1227, #547, #2244, #2058 ) ) ;
#375 = VECTOR ( 'NONE', #3553, 1000.000000000000114 ) ;
#376 = ORIENTED_EDGE ( 'NONE', *, *, #1673, .T. ) ;
#377 = CARTESIAN_POINT ( 'NONE',  ( 1.165000000000000702, 2.500000000000000000, 0.000000000000000000 ) ) ;
#378 = FACE_OUTER_BOUND ( 'NONE', #3754, .T. ) ;
#379 = APPLICATION_CONTEXT ( 'automotive_design' ) ;
#380 = CARTESIAN_POINT ( 'NONE',  ( 0.6679289321881349828, 0.01000000000000002623, 2.532928932188135196 ) ) ;
#381 = VERTEX_POINT ( 'NONE', #800 ) ;
#382 = CARTESIAN_POINT ( 'NONE',  ( 0.1142264973081041218, 0.01000000000000001582, 0.1142264973081041912 ) ) ;
#383 = AXIS2_PLACEMENT_3D ( 'NONE', #1182, #25, #3773 ) ;
#384 = LINE ( 'NONE', #2731, #1286 ) ;
#385 = VECTOR ( 'NONE', #1192, 1000.000000000000000 ) ;
#386 = CARTESIAN_POINT ( 'NONE',  ( 0.1937320508075680570, 0.1277076581449564374, 0.1850717967697236288 ) ) ;
#387 = APPLICATION_PROTOCOL_DEFINITION ( 'draft international standard', 'automotive_design', 1998, #379 ) ;
#388 = CARTESIAN_POINT ( 'NONE',  ( -0.1142264973081042051, 0.01000000000000000021, -0.1142264973081040941 ) ) ;
#389 = FACE_OUTER_BOUND ( 'NONE', #2817, .T. ) ;
#390 = VECTOR ( 'NONE', #852, 1000.000000000000000 ) ;
#391 = EDGE_LOOP ( 'NONE', ( #990, #2961, #1546, #2647 ) ) ;
#392 =( BOUNDED_CURVE ( )  B_SPLINE_CURVE ( 3, ( #1086, #1901, #799, #2771 ),
 .UNSPECIFIED., .F., .T. ) 
 B_SPLINE_CURVE_WITH_KNOTS ( ( 4, 4 ),
 ( 4.712388980384689674, 6.283185307179586232 ),
 .UNSPECIFIED. ) 
 CURVE ( )  GEOMETRIC_REPRESENTATION_ITEM ( )  RATIONAL_B_SPLINE_CURVE ( ( 1.000000000000000000, 0.8047378541243649375, 0.8047378541243649375, 1.000000000000000000 ) ) 
 REPRESENTATION_ITEM ( '' )  );
#393 = VECTOR ( 'NONE', #2598, 1000.000000000000000 ) ;
#394 = ORIENTED_EDGE ( 'NONE', *, *, #144, .F. ) ;
#395 = ORIENTED_EDGE ( 'NONE', *, *, #470, .F. ) ;
#396 = CARTESIAN_POINT ( 'NONE',  ( -1.270000000000000018, 2.350000000000000089, -1.000000000000002220 ) ) ;
#397 = CARTESIAN_POINT ( 'NONE',  ( -0.3199999999999998401, 2.500000000000000000, 1.589999999999999636 ) ) ;
#398 = CARTESIAN_POINT ( 'NONE',  ( -0.3200000000000000067, 0.3464101615137729628, 0.3100000000000000533 ) ) ;
#399 = ORIENTED_EDGE ( 'NONE', *, *, #1261, .F. ) ;
#400 = ADVANCED_FACE ( 'NONE', ( #1980 ), #3191, .F. ) ;
#401 = ORIENTED_EDGE ( 'NONE', *, *, #3286, .T. ) ;
#402 = DIRECTION ( 'NONE',  ( 1.694065894508600678E-16, -0.000000000000000000, 1.000000000000000000 ) ) ;
#403 = CARTESIAN_POINT ( 'NONE',  ( 1.179142135623730825, 0.5000000000000000000, -2.040000000000000480 ) ) ;
#404 = DIRECTION ( 'NONE',  ( 1.000000000000000000, -0.000000000000000000, 0.000000000000000000 ) ) ;
#405 = EDGE_CURVE ( 'NONE', #1141, #1699, #1491, .T. ) ;
#406 = ORIENTED_EDGE ( 'NONE', *, *, #289, .F. ) ;
#407 = VECTOR ( 'NONE', #1847, 1000.000000000000000 ) ;
#408 = ADVANCED_FACE ( 'NONE', ( #3451 ), #1690, .T. ) ;
#409 = AXIS2_PLACEMENT_3D ( 'NONE', #1642, #2553, #3713 ) ;
#410 = ORIENTED_EDGE ( 'NONE', *, *, #1226, .T. ) ;
#411 = ORIENTED_EDGE ( 'NONE', *, *, #2698, .T. ) ;
#412 = ADVANCED_FACE ( 'NONE', ( #1131, #229, #879 ), #3505, .F. ) ;
#413 = VERTEX_POINT ( 'NONE', #2300 ) ;
#414 = FACE_OUTER_BOUND ( 'NONE', #863, .T. ) ;
#415 = ORIENTED_EDGE ( 'NONE', *, *, #3767, .F. ) ;
#416 = PLANE ( 'NONE',  #2474 ) ;
#417 = APPLICATION_PROTOCOL_DEFINITION ( 'draft international standard', 'automotive_design', 1998, #104 ) ;
#418 = CARTESIAN_POINT ( 'NONE',  ( 1.174999999999999378, 0.01000000000000002623, -2.040000000000000480 ) ) ;
#419 = CARTESIAN_POINT ( 'NONE',  ( -0.3200000000000000067, 11.15358983848622287, 0.3099999999999999978 ) ) ;
#420 = FACE_OUTER_BOUND ( 'NONE', #3401, .T. ) ;
#421 = EDGE_CURVE ( 'NONE', #1413, #3673, #2893, .T. ) ;
#422 = ORIENTED_EDGE ( 'NONE', *, *, #1012, .F. ) ;
#423 = ADVANCED_FACE ( 'NONE', ( #2318 ), #2044, .F. ) ;
#424 = EDGE_CURVE ( 'NONE', #208, #2560, #2912, .T. ) ;
#425 = ORIENTED_EDGE ( 'NONE', *, *, #1936, .T. ) ;
#426 = AXIS2_PLACEMENT_3D ( 'NONE', #2360, #2065, #2378 ) ;
#427 = EDGE_LOOP ( 'NONE', ( #1436, #3278, #3230, #2438, #2412, #458 ) ) ;
#428 = DIRECTION ( 'NONE',  ( 1.000000000000000000, 0.000000000000000000, 0.000000000000000000 ) ) ;
#429 = VECTOR ( 'NONE', #3448, 1000.000000000000000 ) ;
#430 = ORIENTED_EDGE ( 'NONE', *, *, #2180, .T. ) ;
#431 = EDGE_CURVE ( 'NONE', #872, #3342, #2619, .T. ) ;
#432 = CARTESIAN_POINT ( 'NONE',  ( 0.1850717967697235733, 0.1327076581449564696, -0.1850717967697236566 ) ) ;
#433 = AXIS2_PLACEMENT_3D ( 'NONE', #3644, #3604, #1581 ) ;
#434 = ORIENTED_EDGE ( 'NONE', *, *, #1512, .F. ) ;
#435 = CARTESIAN_POINT ( 'NONE',  ( 1.270000000000000684, 2.490000000000000213, 2.039999999999999591 ) ) ;
#436 = CARTESIAN_POINT ( 'NONE',  ( 1.165000000000000924, 2.500000000000000000, 2.035857864376269255 ) ) ;
#437 = VECTOR ( 'NONE', #154, 1000.000000000000000 ) ;
#438 = CARTESIAN_POINT ( 'NONE',  ( -0.1142264973081031781, 11.49000000000000021, -0.1142264973081022067 ) ) ;
#439 = DIRECTION ( 'NONE',  ( -1.000000000000000000, 0.000000000000000000, 0.000000000000000000 ) ) ;
#440 = LINE ( 'NONE', #455, #3367 ) ;
#441 = CARTESIAN_POINT ( 'NONE',  ( 1.172071067811866207, 2.500000000000000000, 2.042928932188134539 ) ) ;
#442 = VECTOR ( 'NONE', #3696, 1000.000000000000000 ) ;
#443 = ORIENTED_EDGE ( 'NONE', *, *, #854, .F. ) ;
#444 = VECTOR ( 'NONE', #1223, 1000.000000000000000 ) ;
#445 = ORIENTED_EDGE ( 'NONE', *, *, #1713, .F. ) ;
#446 = ORIENTED_EDGE ( 'NONE', *, *, #1159, .F. ) ;
#447 = ORIENTED_EDGE ( 'NONE', *, *, #3022, .T. ) ;
#448 = PLANE ( 'NONE',  #1520 ) ;
#449 = ORIENTED_EDGE ( 'NONE', *, *, #1991, .T. ) ;
#450 = CARTESIAN_POINT ( 'NONE',  ( 0.6708578643762683758, 2.490000000000000213, -2.529999999999999805 ) ) ;
#451 = CYLINDRICAL_SURFACE ( 'NONE', #3009, 0.01000000000000002623 ) ;
#452 = CARTESIAN_POINT ( 'NONE',  ( 0.3200000000000001732, 0.9000000000000010214, 1.589999999999999636 ) ) ;
#453 = EDGE_CURVE ( 'NONE', #3744, #3282, #1359, .T. ) ;
#454 = CARTESIAN_POINT ( 'NONE',  ( -0.3099999999999999978, 11.50000000000000000, 0.3200000000000000622 ) ) ;
#455 = CARTESIAN_POINT ( 'NONE',  ( 0.1142264973081041080, 0.000000000000000000, 0.1200000000000004258 ) ) ;
#456 = DIRECTION ( 'NONE',  ( 0.000000000000000000, 0.000000000000000000, -1.000000000000000000 ) ) ;
#457 = EDGE_CURVE ( 'NONE', #1587, #2075, #2660, .T. ) ;
#458 = ORIENTED_EDGE ( 'NONE', *, *, #3527, .T. ) ;
#459 = ORIENTED_EDGE ( 'NONE', *, *, #2698, .F. ) ;
#460 = VECTOR ( 'NONE', #1831, 1000.000000000000000 ) ;
#461 = ORIENTED_EDGE ( 'NONE', *, *, #1195, .F. ) ;
#462 = SURFACE_SIDE_STYLE ('',( #2473 ) ) ;
#463 = CARTESIAN_POINT ( 'NONE',  ( 0.3159672026817061941, 0.3452365399626488585, 0.3193224092811611792 ) ) ;
#464 = VECTOR ( 'NONE', #3757, 1000.000000000000114 ) ;
#465 = DIRECTION ( 'NONE',  ( -0.000000000000000000, 1.000000000000000000, -0.000000000000000000 ) ) ;
#466 = EDGE_LOOP ( 'NONE', ( #559, #920, #633, #140 ) ) ;
#467 = AXIS2_PLACEMENT_3D ( 'NONE', #3502, #2116, #2982 ) ;
#468 = EDGE_CURVE ( 'NONE', #2189, #1736, #867, .T. ) ;
#469 = EDGE_CURVE ( 'NONE', #3458, #1762, #922, .T. ) ;
#470 = EDGE_CURVE ( 'NONE', #493, #786, #2393, .T. ) ;
#471 = DIRECTION ( 'NONE',  ( 0.000000000000000000, 0.000000000000000000, 1.000000000000000000 ) ) ;
#472 = DIRECTION ( 'NONE',  ( 0.000000000000000000, 0.000000000000000000, 1.000000000000000000 ) ) ;
#473 = LINE ( 'NONE', #1129, #2876 ) ;
#474 = CARTESIAN_POINT ( 'NONE',  ( -0.6749999999999996003, 2.490000000000000213, 2.540000000000000480 ) ) ;
#475 = DIRECTION ( 'NONE',  ( 0.000000000000000000, 0.000000000000000000, 1.000000000000000000 ) ) ;
#476 = DIRECTION ( 'NONE',  ( 0.000000000000000000, -1.000000000000000000, 4.065758146820641628E-15 ) ) ;
#477 = ORIENTED_EDGE ( 'NONE', *, *, #468, .T. ) ;
#478 = PLANE ( 'NONE',  #2766 ) ;
#479 = AXIS2_PLACEMENT_3D ( 'NONE', #876, #3597, #588 ) ;
#480 = VERTEX_POINT ( 'NONE', #3546 ) ;
#481 = EDGE_LOOP ( 'NONE', ( #971, #3142, #24, #1156 ) ) ;
#482 = CARTESIAN_POINT ( 'NONE',  ( 1.165000000000000702, 2.500000000000000000, -1.010000000000002451 ) ) ;
#483 = CARTESIAN_POINT ( 'NONE',  ( -1.174999999999999822, 2.490000000000000213, 0.9999999999999978906 ) ) ;
#484 = VERTEX_POINT ( 'NONE', #1250 ) ;
#485 = CARTESIAN_POINT ( 'NONE',  ( 0.1066666666666665347, 1.113333333333334174, -1.163333333333333330 ) ) ;
#486 = AXIS2_PLACEMENT_3D ( 'NONE', #188, #1065, #2255 ) ;
#487 = CARTESIAN_POINT ( 'NONE',  ( -0.3159672026817064716, 11.15476346003734065, 0.3193224092811617898 ) ) ;
#488 = CARTESIAN_POINT ( 'NONE',  ( 0.3200000000000002287, 2.500000000000000000, -0.9499999999999996225 ) ) ;
#489 = DIRECTION ( 'NONE',  ( 0.000000000000000000, 0.000000000000000000, 1.000000000000000000 ) ) ;
#490 = DIRECTION ( 'NONE',  ( 0.000000000000000000, -0.000000000000000000, -1.000000000000000000 ) ) ;
#491 = LINE ( 'NONE', #1003, #2899 ) ;
#492 = CARTESIAN_POINT ( 'NONE',  ( -1.174999999999999822, 2.350000000000000089, 0.9999999999999978906 ) ) ;
#493 = VERTEX_POINT ( 'NONE', #3526 ) ;
#494 = ORIENTED_EDGE ( 'NONE', *, *, #2476, .T. ) ;
#495 = ORIENTED_EDGE ( 'NONE', *, *, #1069, .T. ) ;
#496 = VECTOR ( 'NONE', #993, 1000.000000000000000 ) ;
#497 = ORIENTED_EDGE ( 'NONE', *, *, #1794, .T. ) ;
#498 =( GEOMETRIC_REPRESENTATION_CONTEXT ( 3 ) GLOBAL_UNCERTAINTY_ASSIGNED_CONTEXT ( ( #363 ) ) GLOBAL_UNIT_ASSIGNED_CONTEXT ( ( #517, #1215, #274 ) ) REPRESENTATION_CONTEXT ( 'NONE', 'WORKASPACE' ) );
#499 = DIRECTION ( 'NONE',  ( 0.8660254037844348218, 0.5000000000000066613, -2.710505431213759902E-15 ) ) ;
#500 = VERTEX_POINT ( 'NONE', #329 ) ;
#501 = ADVANCED_FACE ( 'NONE', ( #2416 ), #607, .F. ) ;
#502 = LINE ( 'NONE', #2574, #2008 ) ;
#503 = CARTESIAN_POINT ( 'NONE',  ( -1.164999999999999813, 2.490000000000000213, 2.035857864376269699 ) ) ;
#504 = EDGE_CURVE ( 'NONE', #3744, #1797, #2421, .T. ) ;
#505 = CARTESIAN_POINT ( 'NONE',  ( -0.6779289321881341035, 0.01000000000000002623, 2.537071067811865976 ) ) ;
#506 = DIRECTION ( 'NONE',  ( 0.000000000000000000, -1.000000000000000000, 0.000000000000000000 ) ) ;
#507 = CYLINDRICAL_SURFACE ( 'NONE', #2469, 0.01000000000000001409 ) ;
#508 = EDGE_CURVE ( 'NONE', #3342, #277, #79, .T. ) ;
#509 = DIRECTION ( 'NONE',  ( -0.000000000000000000, 1.000000000000000000, -0.000000000000000000 ) ) ;
#510 = DIRECTION ( 'NONE',  ( -1.000000000000000000, 0.000000000000000000, -0.000000000000000000 ) ) ;
#511 = ORIENTED_EDGE ( 'NONE', *, *, #682, .F. ) ;
#512 = CARTESIAN_POINT ( 'NONE',  ( 0.1200000000000002870, 0.000000000000000000, -0.1142264973081040941 ) ) ;
#513 = EDGE_CURVE ( 'NONE', #54, #1599, #1977, .T. ) ;
#514 = ADVANCED_BREP_SHAPE_REPRESENTATION ( '', ( #1060, #2231 ), #1051 ) ;
#515 = ORIENTED_EDGE ( 'NONE', *, *, #3636, .T. ) ;
#516 = EDGE_LOOP ( 'NONE', ( #2191, #1292, #2609, #2671 ) ) ;
#517 =( LENGTH_UNIT ( ) NAMED_UNIT ( * ) SI_UNIT ( .MILLI., .METRE. ) );
#518 = CARTESIAN_POINT ( 'NONE',  ( -1.269999999999999796, 2.350000000000000089, 0.9999999999999981126 ) ) ;
#519 = EDGE_CURVE ( 'NONE', #2372, #872, #3000, .T. ) ;
#520 = EDGE_LOOP ( 'NONE', ( #461, #2324, #1965 ) ) ;
#521 = CIRCLE ( 'NONE', #1004, 0.01000000000000001409 ) ;
#522 = DIRECTION ( 'NONE',  ( 0.7071067811865475727, -0.000000000000000000, -0.7071067811865475727 ) ) ;
#523 = ORIENTED_EDGE ( 'NONE', *, *, #276, .F. ) ;
#524 = DIRECTION ( 'NONE',  ( -1.000000000000000000, 0.000000000000000000, -0.000000000000000000 ) ) ;
#525 = DIRECTION ( 'NONE',  ( 1.000000000000000000, 0.000000000000000000, -2.168404344971008868E-16 ) ) ;
#526 = AXIS2_PLACEMENT_3D ( 'NONE', #2595, #3402, #1059 ) ;
#527 = CARTESIAN_POINT ( 'NONE',  ( -0.3200000000000001177, 0.3464101615137729628, -0.3099999999999999423 ) ) ;
#528 = VECTOR ( 'NONE', #18, 1000.000000000000000 ) ;
#529 = CARTESIAN_POINT ( 'NONE',  ( 1.175000000000000711, 2.490000000000000213, -1.000000000000002442 ) ) ;
#530 = DIRECTION ( 'NONE',  ( -1.000000000000000000, 0.000000000000000000, 0.000000000000000000 ) ) ;
#531 = CARTESIAN_POINT ( 'NONE',  ( -1.172071067811865319, 2.500000000000000000, 2.042928932188134983 ) ) ;
#532 = CARTESIAN_POINT ( 'NONE',  ( -0.3199999999999997846, 0.000000000000000000, 0.9499999999999996225 ) ) ;
#533 = DIRECTION ( 'NONE',  ( 0.5773502691896260641, 0.5773502691896250649, 0.5773502691896262862 ) ) ;
#534 = EDGE_LOOP ( 'NONE', ( #497, #3475, #670, #1878, #3192, #1569 ) ) ;
#535 = FACE_OUTER_BOUND ( 'NONE', #1742, .T. ) ;
#536 = DIRECTION ( 'NONE',  ( 0.7071067811865474617, 0.000000000000000000, 0.7071067811865474617 ) ) ;
#537 = EDGE_CURVE ( 'NONE', #3175, #2444, #1214, .T. ) ;
#538 = ORIENTED_EDGE ( 'NONE', *, *, #177, .T. ) ;
#539 = AXIS2_PLACEMENT_3D ( 'NONE', #949, #1884, #1851 ) ;
#540 = ORIENTED_EDGE ( 'NONE', *, *, #1012, .T. ) ;
#541 = ORIENTED_EDGE ( 'NONE', *, *, #2579, .F. ) ;
#542 = DIRECTION ( 'NONE',  ( 1.000000000000000000, 0.000000000000000000, 0.000000000000000000 ) ) ;
#543 = CARTESIAN_POINT ( 'NONE',  ( -1.269999999999999796, 2.349999999999999645, -1.000000000000002220 ) ) ;
#544 = EDGE_CURVE ( 'NONE', #3415, #116, #2140, .T. ) ;
#545 = CARTESIAN_POINT ( 'NONE',  ( -0.3199202969641256056, 11.15372788819387395, 0.3112600429262813995 ) ) ;
#546 = VECTOR ( 'NONE', #1384, 1000.000000000000000 ) ;
#547 = ORIENTED_EDGE ( 'NONE', *, *, #1830, .F. ) ;
#548 = CARTESIAN_POINT ( 'NONE',  ( -0.6779289321881341035, 2.490000000000000213, -2.537071067811865088 ) ) ;
#549 = CARTESIAN_POINT ( 'NONE',  ( -1.269999999999999796, 2.350000000000000089, 0.9999999999999981126 ) ) ;
#550 = CYLINDRICAL_SURFACE ( 'NONE', #1107, 0.01000000000000002623 ) ;
#551 = DIRECTION ( 'NONE',  ( 0.8660254037844374864, 0.5000000000000019984, -1.467104100329255226E-16 ) ) ;
#552 = AXIS2_PLACEMENT_3D ( 'NONE', #3660, #1323, #2520 ) ;
#553 = ORIENTED_EDGE ( 'NONE', *, *, #453, .F. ) ;
#554 = CARTESIAN_POINT ( 'NONE',  ( 0.1200000000000003425, 0.004999999999999980155, 0.1228867513459485916 ) ) ;
#555 = EDGE_LOOP ( 'NONE', ( #713, #2761, #3496 ) ) ;
#556 = ORIENTED_EDGE ( 'NONE', *, *, #2123, .T. ) ;
#557 = CARTESIAN_POINT ( 'NONE',  ( -5.080000000000000071, 0.000000000000000000, 0.000000000000000000 ) ) ;
#558 = CIRCLE ( 'NONE', #1858, 0.01000000000000000021 ) ;
#559 = ORIENTED_EDGE ( 'NONE', *, *, #2061, .F. ) ;
#560 = CARTESIAN_POINT ( 'NONE',  ( -1.175000000000000266, 2.490000000000000213, -1.010000000000002229 ) ) ;
#561 = VECTOR ( 'NONE', #2252, 1000.000000000000000 ) ;
#562 = ORIENTED_EDGE ( 'NONE', *, *, #1796, .F. ) ;
#563 = CARTESIAN_POINT ( 'NONE',  ( 0.7200000000000018607, 0.5000000000000000000, 1.990000000000001323 ) ) ;
#564 = DIRECTION ( 'NONE',  ( -0.7071067811865481278, 0.000000000000000000, -0.7071067811865469066 ) ) ;
#565 = MECHANICAL_DESIGN_GEOMETRIC_PRESENTATION_REPRESENTATION (  '', ( #1671 ), #16 ) ;
#566 = EDGE_CURVE ( 'NONE', #1588, #117, #1790, .T. ) ;
#567 = DIRECTION ( 'NONE',  ( 0.000000000000000000, 0.000000000000000000, -1.000000000000000000 ) ) ;
#568 = ORIENTED_EDGE ( 'NONE', *, *, #1843, .T. ) ;
#569 = CARTESIAN_POINT ( 'NONE',  ( 1.600428932188135089, 2.500000000000000000, 1.600428932188134645 ) ) ;
#570 = CARTESIAN_POINT ( 'NONE',  ( -1.270000000000000240, 0.5000000000000000000, 2.039999999999999591 ) ) ;
#571 = DIRECTION ( 'NONE',  ( -1.694065894508600432E-16, -1.232595164407836146E-32, -1.000000000000000000 ) ) ;
#572 = LINE ( 'NONE', #1087, #2295 ) ;
#573 = EDGE_CURVE ( 'NONE', #1141, #3334, #2966, .T. ) ;
#574 = ORIENTED_EDGE ( 'NONE', *, *, #909, .T. ) ;
#575 = DIRECTION ( 'NONE',  ( -0.7071067811865474617, 0.000000000000000000, 0.7071067811865474617 ) ) ;
#576 =( BOUNDED_CURVE ( )  B_SPLINE_CURVE ( 3, ( #1193, #3260, #1541, #1563 ),
 .UNSPECIFIED., .F., .F. ) 
 B_SPLINE_CURVE_WITH_KNOTS ( ( 4, 4 ),
 ( 3.015252525951017226, 3.141592653589793116 ),
 .UNSPECIFIED. ) 
 CURVE ( )  GEOMETRIC_REPRESENTATION_ITEM ( )  RATIONAL_B_SPLINE_CURVE ( ( 1.000000000000000000, 0.9986702899464854344, 0.9986702899464854344, 1.000000000000000000 ) ) 
 REPRESENTATION_ITEM ( '' )  );
#577 = EDGE_CURVE ( 'NONE', #1070, #2359, #2448, .T. ) ;
#578 = EDGE_LOOP ( 'NONE', ( #906, #1909, #445, #811 ) ) ;
#579 = EDGE_LOOP ( 'NONE', ( #3478, #2453, #3794, #2332 ) ) ;
#580 = CARTESIAN_POINT ( 'NONE',  ( -1.174999999999999822, 2.350000000000000089, 0.9999999999999978906 ) ) ;
#581 = EDGE_LOOP ( 'NONE', ( #962, #1200, #2758, #884, #1201, #100, #48, #239, #3091, #2729, #425, #211 ) ) ;
#582 = ORIENTED_EDGE ( 'NONE', *, *, #1258, .F. ) ;
#583 = ORIENTED_EDGE ( 'NONE', *, *, #2916, .T. ) ;
#584 = CARTESIAN_POINT ( 'NONE',  ( -0.6708578643762687088, 0.01000000000000000021, -2.529999999999999805 ) ) ;
#585 = DIRECTION ( 'NONE',  ( -0.7071067811865474617, 0.000000000000000000, 0.7071067811865474617 ) ) ;
#586 = DIRECTION ( 'NONE',  ( -1.000000000000000000, 0.000000000000000000, 1.694065894508600678E-16 ) ) ;
#587 = ADVANCED_FACE ( 'NONE', ( #2376 ), #1485, .F. ) ;
#588 = DIRECTION ( 'NONE',  ( 0.000000000000000000, 0.000000000000000000, -1.000000000000000000 ) ) ;
#589 = DIRECTION ( 'NONE',  ( 0.000000000000000000, 0.4999999999999999445, -0.8660254037844387076 ) ) ;
#590 = LINE ( 'NONE', #1769, #42 ) ;
#591 = EDGE_CURVE ( 'NONE', #2067, #2153, #576, .T. ) ;
#592 = CARTESIAN_POINT ( 'NONE',  ( -0.3199999999999998401, 0.9000000000000010214, -1.589999999999999636 ) ) ;
#593 = CARTESIAN_POINT ( 'NONE',  ( 0.3193224092811616233, 11.15476346003734598, -0.3159672026817065826 ) ) ;
#594 = MECHANICAL_DESIGN_GEOMETRIC_PRESENTATION_REPRESENTATION (  '', ( #265 ), #709 ) ;
#595 = DIRECTION ( 'NONE',  ( 0.7071067811865477948, -0.000000000000000000, -0.7071067811865473507 ) ) ;
#596 = ORIENTED_EDGE ( 'NONE', *, *, #508, .T. ) ;
#597 = LINE ( 'NONE', #1198, #1176 ) ;
#598 = ORIENTED_EDGE ( 'NONE', *, *, #2880, .T. ) ;
#599 = ORIENTED_EDGE ( 'NONE', *, *, #1648, .T. ) ;
#600 = CARTESIAN_POINT ( 'NONE',  ( 0.3104214140871991989, 11.15358983848622110, 0.3200000000000000067 ) ) ;
#601 = DIRECTION ( 'NONE',  ( -1.000000000000000000, -0.000000000000000000, 0.000000000000000000 ) ) ;
#602 = VECTOR ( 'NONE', #17, 1000.000000000000000 ) ;
#603 = PLANE ( 'NONE',  #3215 ) ;
#604 = ORIENTED_EDGE ( 'NONE', *, *, #2280, .T. ) ;
#605 = DIRECTION ( 'NONE',  ( 0.000000000000000000, 0.000000000000000000, 1.000000000000000000 ) ) ;
#606 = CIRCLE ( 'NONE', #3736, 0.01000000000000002623 ) ;
#607 = PLANE ( 'NONE',  #1912 ) ;
#608 = CARTESIAN_POINT ( 'NONE',  ( -0.3199999999999997846, 0.9000000000000010214, 0.9499999999999996225 ) ) ;
#609 = AXIS2_PLACEMENT_3D ( 'NONE', #3572, #938, #1302 ) ;
#610 = ORIENTED_EDGE ( 'NONE', *, *, #2627, .T. ) ;
#611 = VECTOR ( 'NONE', #2755, 999.9999999999998863 ) ;
#612 = CARTESIAN_POINT ( 'NONE',  ( -0.3200000000000001177, 0.3464101615137729628, -0.3199999999999999512 ) ) ;
#613 = EDGE_LOOP ( 'NONE', ( #3061, #1529, #2049, #1726 ) ) ;
#614 = VERTEX_POINT ( 'NONE', #2699 ) ;
#615 = DIRECTION ( 'NONE',  ( 1.000000000000000000, 0.000000000000000000, 0.000000000000000000 ) ) ;
#616 = DIRECTION ( 'NONE',  ( 1.000000000000000000, -0.000000000000000000, 0.000000000000000000 ) ) ;
#617 = CARTESIAN_POINT ( 'NONE',  ( -1.270000000000000240, 0.5000000000000000000, -2.040000000000000480 ) ) ;
#618 = VECTOR ( 'NONE', #1449, 1000.000000000000000 ) ;
#619 = EDGE_CURVE ( 'NONE', #3619, #3781, #2154, .T. ) ;
#620 = PLANE ( 'NONE',  #1922 ) ;
#621 = ORIENTED_EDGE ( 'NONE', *, *, #3085, .T. ) ;
#622 = AXIS2_PLACEMENT_3D ( 'NONE', #2394, #3749, #2568 ) ;
#623 = EDGE_CURVE ( 'NONE', #101, #353, #38, .T. ) ;
#624 = DIRECTION ( 'NONE',  ( -1.694065894508600678E-16, 0.000000000000000000, -1.000000000000000000 ) ) ;
#625 = CARTESIAN_POINT ( 'NONE',  ( -1.270000000000000240, 0.5000000000000000000, 2.039999999999999591 ) ) ;
#626 = APPLICATION_PROTOCOL_DEFINITION ( 'draft international standard', 'automotive_design', 1998, #1080 ) ;
#627 = CARTESIAN_POINT ( 'NONE',  ( 0.1142264973081031088, 11.50000000000000000, 0.1142264973081031781 ) ) ;
#628 = EDGE_CURVE ( 'NONE', #3100, #720, #345, .T. ) ;
#629 = EDGE_CURVE ( 'NONE', #1762, #1413, #1231, .T. ) ;
#630 = EDGE_LOOP ( 'NONE', ( #2204, #108, #2380, #1364 ) ) ;
#631 = CARTESIAN_POINT ( 'NONE',  ( 1.150857864376270134, 0.000000000000000000, 2.049999999999999822 ) ) ;
#632 = EDGE_CURVE ( 'NONE', #2741, #2981, #2483, .T. ) ;
#633 = ORIENTED_EDGE ( 'NONE', *, *, #2683, .T. ) ;
#634 = ADVANCED_FACE ( 'NONE', ( #754 ), #416, .T. ) ;
#635 = ORIENTED_EDGE ( 'NONE', *, *, #3513, .F. ) ;
#636 = CARTESIAN_POINT ( 'NONE',  ( 1.270000000000000462, 2.490000000000000213, -1.000000000000002442 ) ) ;
#637 = ADVANCED_FACE ( 'NONE', ( #2465 ), #1555, .T. ) ;
#638 = CARTESIAN_POINT ( 'NONE',  ( -0.3159672026817048063, 0.3452365399626433073, 0.3193224092811601800 ) ) ;
#639 = APPLICATION_CONTEXT ( 'automotive_design' ) ;
#640 = PRODUCT_DEFINITION_SHAPE ( 'NONE', 'NONE',  #2124 ) ;
#641 = CARTESIAN_POINT ( 'NONE',  ( 0.1199999999999994404, 11.50000000000000000, -2.032879073410311569E-17 ) ) ;
#642 = EDGE_LOOP ( 'NONE', ( #3358, #515, #1311, #1147, #1329, #3647 ) ) ;
#643 = FACE_OUTER_BOUND ( 'NONE', #2628, .T. ) ;
#644 = CARTESIAN_POINT ( 'NONE',  ( 0.6708578643762694860, 0.01000000000000002623, 2.530000000000000693 ) ) ;
#645 = AXIS2_PLACEMENT_3D ( 'NONE', #3316, #404, #1583 ) ;
#646 = DIRECTION ( 'NONE',  ( 1.000000000000000000, 0.000000000000000000, 0.000000000000000000 ) ) ;
#647 = VECTOR ( 'NONE', #32, 1000.000000000000000 ) ;
#648 = CIRCLE ( 'NONE', #836, 0.009999999999999998473 ) ;
#649 = ORIENTED_EDGE ( 'NONE', *, *, #1929, .F. ) ;
#650 = FACE_OUTER_BOUND ( 'NONE', #1641, .T. ) ;
#651 = VERTEX_POINT ( 'NONE', #985 ) ;
#652 = ORIENTED_EDGE ( 'NONE', *, *, #3391, .F. ) ;
#653 = CYLINDRICAL_SURFACE ( 'NONE', #1917, 0.01000000000000002623 ) ;
#654 = CARTESIAN_POINT ( 'NONE',  ( 1.172071067811865319, 2.490000000000000213, -2.042928932188134539 ) ) ;
#655 = CYLINDRICAL_SURFACE ( 'NONE', #1309, 0.01000000000000001409 ) ;
#656 = ORIENTED_EDGE ( 'NONE', *, *, #3263, .T. ) ;
#657 = CARTESIAN_POINT ( 'NONE',  ( -1.270000000000000240, 0.5000000000000000000, 1.990000000000001323 ) ) ;
#658 = AXIS2_PLACEMENT_3D ( 'NONE', #2673, #1445, #2928 ) ;
#659 = DIRECTION ( 'NONE',  ( -0.8660254037844438146, -0.4999999999999908962, 0.000000000000000000 ) ) ;
#660 = DIRECTION ( 'NONE',  ( -1.000000000000000000, 0.000000000000000000, -4.565061778886333255E-15 ) ) ;
#661 = CYLINDRICAL_SURFACE ( 'NONE', #2702, 0.01000000000000002623 ) ;
#662 = CONTEXT_DEPENDENT_SHAPE_REPRESENTATION ( #2026, #1476 ) ;
#663 = AXIS2_PLACEMENT_3D ( 'NONE', #1683, #1724, #499 ) ;
#664 = CIRCLE ( 'NONE', #2640, 0.009999999999999998473 ) ;
#665 = ORIENTED_EDGE ( 'NONE', *, *, #2364, .F. ) ;
#666 = ADVANCED_FACE ( 'NONE', ( #1610 ), #1579, .T. ) ;
#667 = PRODUCT_DEFINITION_SHAPE ( 'NONE', 'NONE',  #3800 ) ;
#668 = ORIENTED_EDGE ( 'NONE', *, *, #1566, .T. ) ;
#669 = AXIS2_PLACEMENT_3D ( 'NONE', #3096, #773, #169 ) ;
#670 = ORIENTED_EDGE ( 'NONE', *, *, #909, .F. ) ;
#671 = LINE ( 'NONE', #1857, #743 ) ;
#672 = CARTESIAN_POINT ( 'NONE',  ( -0.6749999999999996003, 0.000000000000000000, 2.530000000000000693 ) ) ;
#673 = DIRECTION ( 'NONE',  ( 1.000000000000000000, 0.000000000000000000, 4.565061778886333255E-15 ) ) ;
#674 = ADVANCED_FACE ( 'NONE', ( #1592 ), #3658, .F. ) ;
#675 = VERTEX_POINT ( 'NONE', #3620 ) ;
#676 = DIRECTION ( 'NONE',  ( 1.000000000000000000, 0.000000000000000000, 0.000000000000000000 ) ) ;
#677 = EDGE_CURVE ( 'NONE', #3573, #484, #1572, .T. ) ;
#678 = EDGE_CURVE ( 'NONE', #675, #1950, #1049, .T. ) ;
#679 = EDGE_LOOP ( 'NONE', ( #2437, #2471, #3500, #975 ) ) ;
#680 = CARTESIAN_POINT ( 'NONE',  ( 1.179142135623730825, 2.490000000000000213, -2.050000000000000266 ) ) ;
#681 = CARTESIAN_POINT ( 'NONE',  ( 1.179142135623731935, 2.490000000000000213, 2.050000000000000266 ) ) ;
#682 = EDGE_CURVE ( 'NONE', #1609, #2778, #3688, .T. ) ;
#683 = LINE ( 'NONE', #3073, #1163 ) ;
#684 = CARTESIAN_POINT ( 'NONE',  ( -0.3199999999999998401, 0.9000000000000010214, 1.589999999999999636 ) ) ;
#685 = CONTEXT_DEPENDENT_SHAPE_REPRESENTATION ( #1027, #2408 ) ;
#686 = EDGE_CURVE ( 'NONE', #3668, #3117, #3329, .T. ) ;
#687 = ORIENTED_EDGE ( 'NONE', *, *, #1887, .T. ) ;
#688 = VECTOR ( 'NONE', #73, 1000.000000000000000 ) ;
#689 = VERTEX_POINT ( 'NONE', #1021 ) ;
#690 = ORIENTED_EDGE ( 'NONE', *, *, #1367, .F. ) ;
#691 =( LENGTH_UNIT ( ) NAMED_UNIT ( * ) SI_UNIT ( .MILLI., .METRE. ) );
#692 = PLANE ( 'NONE',  #2629 ) ;
#693 = EDGE_LOOP ( 'NONE', ( #635, #1207, #3256, #1972 ) ) ;
#694 = PLANE ( 'NONE',  #1524 ) ;
#695 = ORIENTED_EDGE ( 'NONE', *, *, #189, .T. ) ;
#696 = EDGE_CURVE ( 'NONE', #3300, #353, #260, .T. ) ;
#697 = DIRECTION ( 'NONE',  ( 0.000000000000000000, -1.000000000000000000, 0.000000000000000000 ) ) ;
#698 = EDGE_CURVE ( 'NONE', #3346, #2114, #2228, .T. ) ;
#699 = CARTESIAN_POINT ( 'NONE',  ( 1.179142135623731935, 2.490000000000000213, 2.040000000000000036 ) ) ;
#700 = DIRECTION ( 'NONE',  ( -0.8660254037844379305, -0.5000000000000014433, 0.000000000000000000 ) ) ;
#701 = CARTESIAN_POINT ( 'NONE',  ( 1.269999999999999796, -4.081105855034882879, -2.040000000000000480 ) ) ;
#702 = ORIENTED_EDGE ( 'NONE', *, *, #2681, .T. ) ;
#703 = AXIS2_PLACEMENT_3D ( 'NONE', #887, #1167, #3148 ) ;
#704 = VECTOR ( 'NONE', #3563, 1000.000000000000000 ) ;
#705 = AXIS2_PLACEMENT_3D ( 'NONE', #75, #1463, #2696 ) ;
#706 = ORIENTED_EDGE ( 'NONE', *, *, #3467, .T. ) ;
#707 = ORIENTED_EDGE ( 'NONE', *, *, #3519, .F. ) ;
#708 = SHAPE_REPRESENTATION_RELATIONSHIP ( 'NONE' , 'NONE' ,  #1932, #3634 ) ;
#709 =( GEOMETRIC_REPRESENTATION_CONTEXT ( 3 ) GLOBAL_UNCERTAINTY_ASSIGNED_CONTEXT ( ( #14 ) ) GLOBAL_UNIT_ASSIGNED_CONTEXT ( ( #2820, #727, #2479 ) ) REPRESENTATION_CONTEXT ( 'NONE', 'WORKASPACE' ) );
#710 = SURFACE_STYLE_USAGE ( .BOTH. , #3361 ) ;
#711 = ORIENTED_EDGE ( 'NONE', *, *, #2793, .F. ) ;
#712 = CARTESIAN_POINT ( 'NONE',  ( 0.7200000000000023048, 0.5000000000000000000, 2.039999999999999591 ) ) ;
#713 = ORIENTED_EDGE ( 'NONE', *, *, #295, .T. ) ;
#714 = DIRECTION ( 'NONE',  ( 0.000000000000000000, 0.000000000000000000, -1.000000000000000000 ) ) ;
#715 = DIRECTION ( 'NONE',  ( -1.000000000000000000, 0.000000000000000000, 2.710505431213757930E-15 ) ) ;
#716 = CARTESIAN_POINT ( 'NONE',  ( -1.150857864376269690, 0.000000000000000000, 2.049999999999999822 ) ) ;
#717 = DIRECTION ( 'NONE',  ( 0.000000000000000000, 0.000000000000000000, -1.000000000000000000 ) ) ;
#718 = CARTESIAN_POINT ( 'NONE',  ( 0.1066666666666665902, 1.113333333333334174, 1.376666666666666039 ) ) ;
#719 = DIRECTION ( 'NONE',  ( -1.000000000000000000, 1.355252715606880937E-15, -7.824555201756080460E-16 ) ) ;
#720 = VERTEX_POINT ( 'NONE', #999 ) ;
#721 = ORIENTED_EDGE ( 'NONE', *, *, #3035, .T. ) ;
#722 = AXIS2_PLACEMENT_3D ( 'NONE', #2787, #3368, #968 ) ;
#723 = ORIENTED_EDGE ( 'NONE', *, *, #2632, .T. ) ;
#724 =( NAMED_UNIT ( * ) PLANE_ANGLE_UNIT ( ) SI_UNIT ( $, .RADIAN. ) );
#725 = FACE_OUTER_BOUND ( 'NONE', #2507, .T. ) ;
#726 = AXIS2_PLACEMENT_3D ( 'NONE', #1121, #1969, #3671 ) ;
#727 =( NAMED_UNIT ( * ) PLANE_ANGLE_UNIT ( ) SI_UNIT ( $, .RADIAN. ) );
#728 = EDGE_CURVE ( 'NONE', #2981, #2724, #2193, .T. ) ;
#729 = VERTEX_POINT ( 'NONE', #435 ) ;
#730 = ITEM_DEFINED_TRANSFORMATION ( 'NONE', 'NONE', #622,  #2231 ) ;
#731 = CARTESIAN_POINT ( 'NONE',  ( -0.3199202969641258276, 0.3462721118061212189, -0.3112600429262812884 ) ) ;
#732 = VECTOR ( 'NONE', #3740, 999.9999999999998863 ) ;
#733 = ADVANCED_FACE ( 'NONE', ( #3347 ), #1643, .T. ) ;
#734 = VERTEX_POINT ( 'NONE', #1897 ) ;
#735 = DIRECTION ( 'NONE',  ( 0.000000000000000000, 0.000000000000000000, 1.000000000000000000 ) ) ;
#736 = AXIS2_PLACEMENT_3D ( 'NONE', #644, #1828, #3294 ) ;
#737 = LINE ( 'NONE', #1834, #3433 ) ;
#738 = DIRECTION ( 'NONE',  ( 0.000000000000000000, 0.000000000000000000, -1.000000000000000000 ) ) ;
#739 = PLANE ( 'NONE',  #1289 ) ;
#740 = DIRECTION ( 'NONE',  ( -0.4472135954999578167, -0.7745966692414834043, 0.4472135954999578722 ) ) ;
#741 = ADVANCED_FACE ( 'NONE', ( #1339 ), #3677, .T. ) ;
#742 = ORIENTED_EDGE ( 'NONE', *, *, #623, .F. ) ;
#743 = VECTOR ( 'NONE', #1473, 1000.000000000000000 ) ;
#744 = ORIENTED_EDGE ( 'NONE', *, *, #789, .T. ) ;
#745 = ORIENTED_EDGE ( 'NONE', *, *, #2757, .T. ) ;
#746 = DIRECTION ( 'NONE',  ( -0.7071067811865474617, 0.000000000000000000, -0.7071067811865474617 ) ) ;
#747 = EDGE_CURVE ( 'NONE', #2704, #2707, #2518, .T. ) ;
#748 = DIRECTION ( 'NONE',  ( -0.000000000000000000, 1.000000000000000000, -0.000000000000000000 ) ) ;
#749 = EDGE_CURVE ( 'NONE', #2439, #1946, #1061, .T. ) ;
#750 = DIRECTION ( 'NONE',  ( 0.000000000000000000, 0.000000000000000000, -1.000000000000000000 ) ) ;
#751 = EDGE_CURVE ( 'NONE', #3290, #3727, #3060, .T. ) ;
#752 = ORIENTED_EDGE ( 'NONE', *, *, #1843, .F. ) ;
#753 = CARTESIAN_POINT ( 'NONE',  ( -0.3199999999999998401, 0.9000000000000010214, -1.589999999999999636 ) ) ;
#754 = FACE_OUTER_BOUND ( 'NONE', #2052, .T. ) ;
#755 = DIRECTION ( 'NONE',  ( -0.7071067811865474617, -0.000000000000000000, 0.7071067811865476838 ) ) ;
#756 = CARTESIAN_POINT ( 'NONE',  ( 0.7200000000000020828, 0.5000000000000000000, -0.5499999999999979350 ) ) ;
#757 = FACE_OUTER_BOUND ( 'NONE', #613, .T. ) ;
#758 = LINE ( 'NONE', #3074, #1730 ) ;
#759 = FACE_OUTER_BOUND ( 'NONE', #272, .T. ) ;
#760 = FACE_OUTER_BOUND ( 'NONE', #1246, .T. ) ;
#761 = VERTEX_POINT ( 'NONE', #2906 ) ;
#762 = VERTEX_POINT ( 'NONE', #2576 ) ;
#763 = DIRECTION ( 'NONE',  ( 0.000000000000000000, -1.000000000000000000, 0.000000000000000000 ) ) ;
#764 = CARTESIAN_POINT ( 'NONE',  ( -0.3199999999999998401, 2.500000000000000000, -1.589999999999999636 ) ) ;
#765 = VECTOR ( 'NONE', #2132, 1000.000000000000000 ) ;
#766 = DIRECTION ( 'NONE',  ( 0.7071067811865469066, 0.7071067811865482389, 5.989427408919425682E-17 ) ) ;
#767 = ORIENTED_EDGE ( 'NONE', *, *, #965, .F. ) ;
#768 = ITEM_DEFINED_TRANSFORMATION ( 'NONE', 'NONE', #3264,  #2231 ) ;
#769 = DIRECTION ( 'NONE',  ( 1.000000000000000000, -0.000000000000000000, -0.000000000000000000 ) ) ;
#770 = FACE_OUTER_BOUND ( 'NONE', #2534, .T. ) ;
#771 = CARTESIAN_POINT ( 'NONE',  ( 0.1142264973081031088, 11.49000000000000021, 0.1142264973081031781 ) ) ;
#772 = CARTESIAN_POINT ( 'NONE',  ( 0.000000000000000000, 0.000000000000000000, 0.000000000000000000 ) ) ;
#773 = DIRECTION ( 'NONE',  ( -0.7071067811865475727, -0.000000000000000000, 0.7071067811865475727 ) ) ;
#774 = DIRECTION ( 'NONE',  ( 0.000000000000000000, 1.000000000000000000, 0.000000000000000000 ) ) ;
#775 = EDGE_LOOP ( 'NONE', ( #1256, #2328, #752 ) ) ;
#776 = ORIENTED_EDGE ( 'NONE', *, *, #2968, .F. ) ;
#777 = DIRECTION ( 'NONE',  ( -1.000000000000000000, 0.000000000000000000, -0.000000000000000000 ) ) ;
#778 = AXIS2_PLACEMENT_3D ( 'NONE', #1732, #673, #3522 ) ;
#779 = ORIENTED_EDGE ( 'NONE', *, *, #1713, .T. ) ;
#780 = ORIENTED_EDGE ( 'NONE', *, *, #686, .T. ) ;
#781 = ADVANCED_FACE ( 'NONE', ( #264 ), #1082, .T. ) ;
#782 = DIRECTION ( 'NONE',  ( 1.000000000000000000, 0.000000000000000000, 0.000000000000000000 ) ) ;
#783 = CARTESIAN_POINT ( 'NONE',  ( -0.3199999999999998401, 0.000000000000000000, -1.589999999999999636 ) ) ;
#784 = DIRECTION ( 'NONE',  ( -1.000000000000000000, 0.000000000000000000, -0.000000000000000000 ) ) ;
#785 = DIRECTION ( 'NONE',  ( 0.000000000000000000, -0.5000000000000014433, 0.8660254037844379305 ) ) ;
#786 = VERTEX_POINT ( 'NONE', #2039 ) ;
#787 = FACE_OUTER_BOUND ( 'NONE', #1299, .T. ) ;
#788 = AXIS2_PLACEMENT_3D ( 'NONE', #831, #522, #1948 ) ;
#789 = EDGE_CURVE ( 'NONE', #2655, #3333, #2106, .T. ) ;
#790 = CARTESIAN_POINT ( 'NONE',  ( 0.3199999999999998956, 11.15358983848622287, -0.3104214140871991434 ) ) ;
#791 = CIRCLE ( 'NONE', #184, 0.01000000000000002623 ) ;
#792 = DIRECTION ( 'NONE',  ( -1.000000000000000000, 0.000000000000000000, 1.095437728245850002E-14 ) ) ;
#793 =( BOUNDED_CURVE ( )  B_SPLINE_CURVE ( 3, ( #210, #1715, #2606, #2004 ),
 .UNSPECIFIED., .F., .F. ) 
 B_SPLINE_CURVE_WITH_KNOTS ( ( 4, 4 ),
 ( 0.000000000000000000, 1.570796326794896558 ),
 .UNSPECIFIED. ) 
 CURVE ( )  GEOMETRIC_REPRESENTATION_ITEM ( )  RATIONAL_B_SPLINE_CURVE ( ( 1.000000000000000000, 0.8047378541243649375, 0.8047378541243649375, 1.000000000000000000 ) ) 
 REPRESENTATION_ITEM ( '' )  );
#794 = CIRCLE ( 'NONE', #2590, 0.01000000000000002623 ) ;
#795 = CARTESIAN_POINT ( 'NONE',  ( 0.6679289321881349828, 0.000000000000000000, 2.532928932188135196 ) ) ;
#796 = DIRECTION ( 'NONE',  ( 0.7071067811865477948, 0.000000000000000000, 0.7071067811865473507 ) ) ;
#797 = CARTESIAN_POINT ( 'NONE',  ( 1.179142135623731935, 2.500000000000000000, 2.030000000000000249 ) ) ;
#798 = EDGE_CURVE ( 'NONE', #996, #194, #823, .T. ) ;
#799 = CARTESIAN_POINT ( 'NONE',  ( -1.175000000000000266, 2.495857864376268331, -1.000000000000002220 ) ) ;
#800 = CARTESIAN_POINT ( 'NONE',  ( 0.6779289321881338815, 0.01000000000000002623, -2.537071067811865088 ) ) ;
#801 = EDGE_CURVE ( 'NONE', #1989, #2992, #2600, .T. ) ;
#802 = ORIENTED_EDGE ( 'NONE', *, *, #2803, .F. ) ;
#803 = DIRECTION ( 'NONE',  ( -1.084202172485501594E-14, 1.000000000000000000, 0.000000000000000000 ) ) ;
#804 = CIRCLE ( 'NONE', #2776, 0.02000000000000005246 ) ;
#805 = EDGE_CURVE ( 'NONE', #3114, #3228, #2615, .T. ) ;
#806 = ORIENTED_EDGE ( 'NONE', *, *, #1315, .F. ) ;
#807 = AXIS2_PLACEMENT_3D ( 'NONE', #339, #2130, #2690 ) ;
#808 = VERTEX_POINT ( 'NONE', #505 ) ;
#809 = DIRECTION ( 'NONE',  ( 1.000000000000000000, 0.000000000000000000, 0.000000000000000000 ) ) ;
#810 = AXIS2_PLACEMENT_3D ( 'NONE', #3438, #3120, #3476 ) ;
#811 = ORIENTED_EDGE ( 'NONE', *, *, #177, .F. ) ;
#812 = CARTESIAN_POINT ( 'NONE',  ( -0.08907179676972416804, 11.53356921938165236, -0.08907179676972404314 ) ) ;
#813 = ORIENTED_EDGE ( 'NONE', *, *, #1593, .F. ) ;
#814 = CARTESIAN_POINT ( 'NONE',  ( 0.6708578643762694860, 2.490000000000000213, 2.530000000000000693 ) ) ;
#815 = CARTESIAN_POINT ( 'NONE',  ( -1.269999999999999796, -4.081105855034882879, 2.040000000000000036 ) ) ;
#816 = VECTOR ( 'NONE', #855, 1000.000000000000000 ) ;
#817 = CARTESIAN_POINT ( 'NONE',  ( -1.270000000000000018, 2.350000000000000089, -1.000000000000002220 ) ) ;
#818 = SPHERICAL_SURFACE ( 'NONE', #172, 0.01000000000000000021 ) ;
#819 = LINE ( 'NONE', #1420, #44 ) ;
#820 = DIRECTION ( 'NONE',  ( 1.355252715606879556E-15, -0.5000000000000024425, -0.8660254037844371533 ) ) ;
#821 = LINE ( 'NONE', #227, #3306 ) ;
#822 = EDGE_CURVE ( 'NONE', #3781, #729, #3209, .T. ) ;
#823 =( BOUNDED_CURVE ( )  B_SPLINE_CURVE ( 3, ( #3465, #3149, #1376, #1418 ),
 .UNSPECIFIED., .F., .F. ) 
 B_SPLINE_CURVE_WITH_KNOTS ( ( 4, 4 ),
 ( 2.482534617831140267, 3.800650689348524125 ),
 .UNSPECIFIED. ) 
 CURVE ( )  GEOMETRIC_REPRESENTATION_ITEM ( )  RATIONAL_B_SPLINE_CURVE ( ( 1.000000000000000000, 0.8603796100557086213, 0.8603796100557086213, 1.000000000000000000 ) ) 
 REPRESENTATION_ITEM ( '' )  );
#824 = PLANE ( 'NONE',  #1113 ) ;
#825 = ORIENTED_EDGE ( 'NONE', *, *, #1374, .F. ) ;
#826 = CARTESIAN_POINT ( 'NONE',  ( -0.7200000000000015277, 0.5000000000000000000, 0.5499999999999977129 ) ) ;
#827 = DIRECTION ( 'NONE',  ( 1.000000000000000000, 0.000000000000000000, -0.000000000000000000 ) ) ;
#828 = VERTEX_POINT ( 'NONE', #1975 ) ;
#829 = LINE ( 'NONE', #3457, #122 ) ;
#830 = ORIENTED_EDGE ( 'NONE', *, *, #696, .T. ) ;
#831 = CARTESIAN_POINT ( 'NONE',  ( -1.164999999999999813, 2.490000000000000213, -2.035857864376268811 ) ) ;
#832 = ORIENTED_EDGE ( 'NONE', *, *, #1314, .T. ) ;
#833 = SPHERICAL_SURFACE ( 'NONE', #2499, 0.01000000000000000021 ) ;
#834 = VECTOR ( 'NONE', #102, 1000.000000000000000 ) ;
#835 = CARTESIAN_POINT ( 'NONE',  ( -0.6749999999999996003, 2.490000000000000213, -2.539999999999999591 ) ) ;
#836 = AXIS2_PLACEMENT_3D ( 'NONE', #1825, #1209, #2391 ) ;
#837 = LINE ( 'NONE', #529, #816 ) ;
#838 =( REPRESENTATION_RELATIONSHIP ('NONE','NONE', #3667, #2505 ) REPRESENTATION_RELATIONSHIP_WITH_TRANSFORMATION ( #3055 )SHAPE_REPRESENTATION_RELATIONSHIP( ) );
#839 = CARTESIAN_POINT ( 'NONE',  ( -1.269999999999999796, 2.490000000000000213, -1.010000000000002229 ) ) ;
#840 = DIRECTION ( 'NONE',  ( 0.7071067811865474617, 0.000000000000000000, -0.7071067811865474617 ) ) ;
#841 = CARTESIAN_POINT ( 'NONE',  ( -1.175000000000000711, 0.01000000000000002623, 2.039999999999999591 ) ) ;
#842 = LINE ( 'NONE', #3158, #3020 ) ;
#843 = VERTEX_POINT ( 'NONE', #3126 ) ;
#844 = CARTESIAN_POINT ( 'NONE',  ( 1.172071067811866429, 2.490000000000000213, 2.042928932188134539 ) ) ;
#845 = ORIENTED_EDGE ( 'NONE', *, *, #1835, .F. ) ;
#846 = ORIENTED_EDGE ( 'NONE', *, *, #8, .F. ) ;
#847 = CIRCLE ( 'NONE', #3002, 0.01000000000000002623 ) ;
#848 = EDGE_CURVE ( 'NONE', #3511, #3079, #1664, .T. ) ;
#849 = VERTEX_POINT ( 'NONE', #3760 ) ;
#850 = CYLINDRICAL_SURFACE ( 'NONE', #2709, 0.01000000000000002623 ) ;
#851 = ORIENTED_EDGE ( 'NONE', *, *, #3578, .T. ) ;
#852 = DIRECTION ( 'NONE',  ( -0.000000000000000000, 1.000000000000000000, -0.000000000000000000 ) ) ;
#853 = DIRECTION ( 'NONE',  ( -4.565061778886333255E-15, 0.000000000000000000, 1.000000000000000000 ) ) ;
#854 = EDGE_CURVE ( 'NONE', #1609, #1907, #2237, .T. ) ;
#855 = DIRECTION ( 'NONE',  ( 0.000000000000000000, 0.000000000000000000, 1.000000000000000000 ) ) ;
#856 = EDGE_LOOP ( 'NONE', ( #939, #145, #2589, #825 ) ) ;
#857 = CARTESIAN_POINT ( 'NONE',  ( 0.000000000000000000, 11.49499999999999922, -0.1228867513459474259 ) ) ;
#858 = CARTESIAN_POINT ( 'NONE',  ( -0.3200000000000001177, 0.3464101615137729628, -0.3099999999999999423 ) ) ;
#859 = CARTESIAN_POINT ( 'NONE',  ( -0.6708578643762687088, 2.490000000000000213, 2.530000000000000693 ) ) ;
#860 = EDGE_CURVE ( 'NONE', #2626, #3079, #280, .T. ) ;
#861 = DIRECTION ( 'NONE',  ( -1.000000000000000000, -0.000000000000000000, 2.282530889443166233E-15 ) ) ;
#862 = CIRCLE ( 'NONE', #67, 0.01000000000000002623 ) ;
#863 = EDGE_LOOP ( 'NONE', ( #723, #1722, #2884, #3237 ) ) ;
#864 = CYLINDRICAL_SURFACE ( 'NONE', #2461, 0.01000000000000002623 ) ;
#865 = LINE ( 'NONE', #2897, #283 ) ;
#866 = ORIENTED_EDGE ( 'NONE', *, *, #309, .F. ) ;
#867 = CIRCLE ( 'NONE', #1298, 0.02000000000000005246 ) ;
#868 = ADVANCED_FACE ( 'NONE', ( #1127 ), #3718, .F. ) ;
#869 = EDGE_CURVE ( 'NONE', #3787, #2135, #837, .T. ) ;
#870 = EDGE_LOOP ( 'NONE', ( #568, #1333, #3686, #649 ) ) ;
#871 = EDGE_CURVE ( 'NONE', #2821, #2732, #1612, .T. ) ;
#872 = VERTEX_POINT ( 'NONE', #1748 ) ;
#873 = VECTOR ( 'NONE', #2109, 1000.000000000000000 ) ;
#874 = CARTESIAN_POINT ( 'NONE',  ( -1.175000000000000266, 2.350000000000000089, -1.000000000000002220 ) ) ;
#875 = VERTEX_POINT ( 'NONE', #2889 ) ;
#876 = CARTESIAN_POINT ( 'NONE',  ( -0.6708578643762687088, 0.01000000000000002623, -2.529999999999999805 ) ) ;
#877 = FACE_OUTER_BOUND ( 'NONE', #2863, .T. ) ;
#878 = DIRECTION ( 'NONE',  ( 8.470329472543004623E-17, 0.000000000000000000, 1.000000000000000000 ) ) ;
#879 = FACE_OUTER_BOUND ( 'NONE', #1273, .T. ) ;
#880 = ORIENTED_EDGE ( 'NONE', *, *, #1771, .F. ) ;
#881 = DIRECTION ( 'NONE',  ( -0.000000000000000000, -1.000000000000000000, 0.000000000000000000 ) ) ;
#882 = ORIENTED_EDGE ( 'NONE', *, *, #1104, .T. ) ;
#883 = VERTEX_POINT ( 'NONE', #1459 ) ;
#884 = ORIENTED_EDGE ( 'NONE', *, *, #3037, .F. ) ;
#885 = ORIENTED_EDGE ( 'NONE', *, *, #1842, .F. ) ;
#886 = DIRECTION ( 'NONE',  ( 0.000000000000000000, 0.4999999999999804046, 0.8660254037844500319 ) ) ;
#887 = CARTESIAN_POINT ( 'NONE',  ( 0.1142264973081030671, 11.49000000000000021, -0.1142264973081030810 ) ) ;
#888 = CARTESIAN_POINT ( 'NONE',  ( -0.3199202969641257721, 0.3462721118061212189, 0.3112600429262815105 ) ) ;
#889 = ORIENTED_EDGE ( 'NONE', *, *, #3545, .F. ) ;
#890 = CARTESIAN_POINT ( 'NONE',  ( -1.179142135623730825, 2.490000000000000213, 2.050000000000000711 ) ) ;
#891 = DIRECTION ( 'NONE',  ( 1.000000000000000000, 0.000000000000000000, 0.000000000000000000 ) ) ;
#892 = DIRECTION ( 'NONE',  ( -1.000000000000000000, 0.000000000000000000, -8.470329472543004623E-17 ) ) ;
#893 = AXIS2_PLACEMENT_3D ( 'NONE', #3269, #3029, #1516 ) ;
#894 = CARTESIAN_POINT ( 'NONE',  ( -1.269999999999999796, 2.500000000000000000, 2.040000000000000036 ) ) ;
#895 = CARTESIAN_POINT ( 'NONE',  ( 0.09773205080756840191, 11.53856921938165137, -0.08907179676972416804 ) ) ;
#896 = LINE ( 'NONE', #684, #2005 ) ;
#897 = ITEM_DEFINED_TRANSFORMATION ( 'NONE', 'NONE', #2173,  #2231 ) ;
#898 = ORIENTED_EDGE ( 'NONE', *, *, #3066, .T. ) ;
#899 = EDGE_CURVE ( 'NONE', #3381, #2991, #3324, .T. ) ;
#900 = ORIENTED_EDGE ( 'NONE', *, *, #110, .F. ) ;
#901 = ADVANCED_FACE ( 'NONE', ( #770 ), #3538, .F. ) ;
#902 = ORIENTED_EDGE ( 'NONE', *, *, #3759, .F. ) ;
#903 = CARTESIAN_POINT ( 'NONE',  ( -0.1142264973081031504, 11.49000000000000021, 0.1142264973081032614 ) ) ;
#904 = ADVANCED_FACE ( 'NONE', ( #2093 ), #3560, .T. ) ;
#905 = LINE ( 'NONE', #341, #331 ) ;
#906 = ORIENTED_EDGE ( 'NONE', *, *, #1876, .F. ) ;
#907 = CARTESIAN_POINT ( 'NONE',  ( -0.3199999999999998401, 2.500000000000000000, -1.589999999999999636 ) ) ;
#908 = CARTESIAN_POINT ( 'NONE',  ( 1.175000000000000933, 0.01000000000000002623, 2.040000000000000036 ) ) ;
#909 = EDGE_CURVE ( 'NONE', #1067, #1651, #2371, .T. ) ;
#910 = DIRECTION ( 'NONE',  ( 0.7071067811865482389, -0.000000000000000000, 0.7071067811865469066 ) ) ;
#911 = ADVANCED_FACE ( 'NONE', ( #2959 ), #2654, .T. ) ;
#912 = CARTESIAN_POINT ( 'NONE',  ( 1.175000000000000711, 2.350000000000000089, 0.9999999999999976685 ) ) ;
#913 = AXIS2_PLACEMENT_3D ( 'NONE', #3642, #3109, #2485 ) ;
#914 = PLANE ( 'NONE',  #2497 ) ;
#915 = ADVANCED_FACE ( 'NONE', ( #3255 ), #603, .F. ) ;
#916 = ORIENTED_EDGE ( 'NONE', *, *, #1710, .F. ) ;
#917 = LINE ( 'NONE', #2988, #1789 ) ;
#918 = VECTOR ( 'NONE', #3095, 1000.000000000000000 ) ;
#919 = VERTEX_POINT ( 'NONE', #888 ) ;
#920 = ORIENTED_EDGE ( 'NONE', *, *, #860, .T. ) ;
#921 = DIRECTION ( 'NONE',  ( 1.000000000000000000, -0.000000000000000000, 0.000000000000000000 ) ) ;
#922 = CIRCLE ( 'NONE', #1666, 0.01000000000000002623 ) ;
#923 = DIRECTION ( 'NONE',  ( 0.7071067811865475727, 0.000000000000000000, -0.7071067811865475727 ) ) ;
#924 = AXIS2_PLACEMENT_3D ( 'NONE', #1444, #3780, #567 ) ;
#925 = DIRECTION ( 'NONE',  ( 0.000000000000000000, 0.000000000000000000, 1.000000000000000000 ) ) ;
#926 = ORIENTED_EDGE ( 'NONE', *, *, #457, .T. ) ;
#927 = COLOUR_RGB ( '',1.000000000000000000, 0.8078431372549019773, 0.4980392156862745168 ) ;
#928 = CARTESIAN_POINT ( 'NONE',  ( -1.222500000000000586, 0.5000000000000000000, 1.992499999999999938 ) ) ;
#929 = CARTESIAN_POINT ( 'NONE',  ( 1.179142135623730825, 2.500000000000000000, -2.050000000000000266 ) ) ;
#930 = DIRECTION ( 'NONE',  ( 1.000000000000000000, -0.000000000000000000, 0.000000000000000000 ) ) ;
#931 = AXIS2_PLACEMENT_3D ( 'NONE', #1822, #2995, #301 ) ;
#932 = SHAPE_DEFINITION_REPRESENTATION ( #2063, #3667 ) ;
#933 = CARTESIAN_POINT ( 'NONE',  ( 0.3112600429262812884, 11.15372788819387395, -0.3199202969641256056 ) ) ;
#934 = PRODUCT_RELATED_PRODUCT_CATEGORY ( 'part', '', ( #3518 ) ) ;
#935 = CARTESIAN_POINT ( 'NONE',  ( -0.3199202969641258276, 0.3462721118061212189, -0.3112600429262812884 ) ) ;
#936 = ITEM_DEFINED_TRANSFORMATION ( 'NONE', 'NONE', #3086,  #2231 ) ;
#937 = EDGE_LOOP ( 'NONE', ( #3442, #1966, #2172, #1148 ) ) ;
#938 = DIRECTION ( 'NONE',  ( -1.000000000000000000, -0.000000000000000000, 4.694733121053634866E-15 ) ) ;
#939 = ORIENTED_EDGE ( 'NONE', *, *, #1904, .F. ) ;
#940 = ORIENTED_EDGE ( 'NONE', *, *, #2973, .F. ) ;
#941 = LINE ( 'NONE', #3558, #3627 ) ;
#942 = DIRECTION ( 'NONE',  ( -0.7071067811865474617, 0.000000000000000000, -0.7071067811865474617 ) ) ;
#943 = DIRECTION ( 'NONE',  ( -1.000000000000000000, 0.000000000000000000, 0.000000000000000000 ) ) ;
#944 = ORIENTED_EDGE ( 'NONE', *, *, #2760, .F. ) ;
#945 = CARTESIAN_POINT ( 'NONE',  ( 0.08907179676972415416, 11.53856921938165137, 0.09773205080756852681 ) ) ;
#946 = LINE ( 'NONE', #3013, #407 ) ;
#947 = CARTESIAN_POINT ( 'NONE',  ( 1.167928932188134095, 0.000000000000000000, -2.032928932188134752 ) ) ;
#948 = CLOSED_SHELL ( 'NONE', ( #901, #2515, #2594, #915, #2645, #2006, #2924, #781, #904, #3576, #501, #1253, #423, #1158, #666, #2977, #3155, #2183, #3069, #2131, #2848, #2565, #2241, #2243, #2175, #2351, #2126, #2202, #226, #78, #1102, #238, #3307, #3078, #1077, #1155, #3015, #1940, #243, #128, #741, #2192 ) ) ;
#949 = CARTESIAN_POINT ( 'NONE',  ( 1.179142135623731935, -4.081105855034882879, 2.050000000000000266 ) ) ;
#950 = VECTOR ( 'NONE', #2017, 999.9999999999998863 ) ;
#951 = CYLINDRICAL_SURFACE ( 'NONE', #1821, 0.009999999999999903064 ) ;
#952 = VECTOR ( 'NONE', #2825, 1000.000000000000000 ) ;
#953 = EDGE_LOOP ( 'NONE', ( #1570, #1557, #3011 ) ) ;
#954 = CIRCLE ( 'NONE', #663, 0.01000000000000000368 ) ;
#955 = EDGE_LOOP ( 'NONE', ( #2009, #395, #1138, #1962 ) ) ;
#956 = ORIENTED_EDGE ( 'NONE', *, *, #805, .T. ) ;
#957 = CARTESIAN_POINT ( 'NONE',  ( -0.3112600429262813440, 11.15372788819387395, 0.3199202969641256611 ) ) ;
#958 = LINE ( 'NONE', #1804, #1268 ) ;
#959 = PLANE ( 'NONE',  #658 ) ;
#960 = EDGE_CURVE ( 'NONE', #338, #1030, #2073, .T. ) ;
#961 = FILL_AREA_STYLE_COLOUR ( '', #3790 ) ;
#962 = ORIENTED_EDGE ( 'NONE', *, *, #3695, .F. ) ;
#963 = CARTESIAN_POINT ( 'NONE',  ( 1.164999999999999813, 2.500000000000000000, -2.035857864376269255 ) ) ;
#964 = AXIS2_PLACEMENT_3D ( 'NONE', #3761, #2577, #472 ) ;
#965 = EDGE_CURVE ( 'NONE', #2797, #480, #2980, .T. ) ;
#966 = ORIENTED_EDGE ( 'NONE', *, *, #1387, .T. ) ;
#967 = CARTESIAN_POINT ( 'NONE',  ( 0.3200000000000001732, 0.000000000000000000, 1.589999999999999636 ) ) ;
#968 = DIRECTION ( 'NONE',  ( 0.000000000000000000, 0.000000000000000000, 1.000000000000000000 ) ) ;
#969 = CARTESIAN_POINT ( 'NONE',  ( 0.6708578643762694860, 0.01000000000000002623, 2.530000000000000693 ) ) ;
#970 = SPHERICAL_SURFACE ( 'NONE', #645, 0.01000000000000000021 ) ;
#971 = ORIENTED_EDGE ( 'NONE', *, *, #310, .T. ) ;
#972 = VECTOR ( 'NONE', #1026, 1000.000000000000114 ) ;
#973 = ORIENTED_EDGE ( 'NONE', *, *, #468, .F. ) ;
#974 = AXIS2_PLACEMENT_3D ( 'NONE', #2254, #3784, #1151 ) ;
#975 = ORIENTED_EDGE ( 'NONE', *, *, #3400, .F. ) ;
#976 = CARTESIAN_POINT ( 'NONE',  ( 1.175000000000000711, 2.350000000000000089, 0.9999999999999976685 ) ) ;
#977 = EDGE_CURVE ( 'NONE', #3458, #3561, #3270, .T. ) ;
#978 = EDGE_CURVE ( 'NONE', #2655, #2075, #905, .T. ) ;
#979 = ADVANCED_FACE ( 'NONE', ( #1844 ), #34, .T. ) ;
#980 = DIRECTION ( 'NONE',  ( 0.000000000000000000, 0.000000000000000000, 1.000000000000000000 ) ) ;
#981 = EDGE_LOOP ( 'NONE', ( #1981, #998, #254, #2397 ) ) ;
#982 = FACE_OUTER_BOUND ( 'NONE', #2723, .T. ) ;
#983 = VECTOR ( 'NONE', #3054, 1000.000000000000114 ) ;
#984 = ORIENTED_EDGE ( 'NONE', *, *, #2082, .T. ) ;
#985 = CARTESIAN_POINT ( 'NONE',  ( -1.172071067811865319, 2.490000000000000213, 2.042928932188134983 ) ) ;
#986 = VECTOR ( 'NONE', #615, 1000.000000000000000 ) ;
#987 = PLANE ( 'NONE',  #1475 ) ;
#988 = FACE_OUTER_BOUND ( 'NONE', #3375, .T. ) ;
#989 = CARTESIAN_POINT ( 'NONE',  ( -0.3100000000000001088, 11.50000000000000000, -0.3099999999999999423 ) ) ;
#990 = ORIENTED_EDGE ( 'NONE', *, *, #2962, .F. ) ;
#991 = ORIENTED_EDGE ( 'NONE', *, *, #848, .F. ) ;
#992 = EDGE_LOOP ( 'NONE', ( #1132, #2454, #1941, #898 ) ) ;
#993 = DIRECTION ( 'NONE',  ( -1.000000000000000000, 0.000000000000000000, 0.000000000000000000 ) ) ;
#994 = DIRECTION ( 'NONE',  ( 0.000000000000000000, -1.000000000000000000, 0.000000000000000000 ) ) ;
#995 = FACE_OUTER_BOUND ( 'NONE', #191, .T. ) ;
#996 = VERTEX_POINT ( 'NONE', #2352 ) ;
#997 = DIRECTION ( 'NONE',  ( 0.000000000000000000, 0.000000000000000000, 1.000000000000000000 ) ) ;
#998 = ORIENTED_EDGE ( 'NONE', *, *, #2999, .T. ) ;
#999 = CARTESIAN_POINT ( 'NONE',  ( -1.179142135623730825, 0.5000000000000000000, 2.039999999999999591 ) ) ;
#1000 = CARTESIAN_POINT ( 'NONE',  ( -0.1228867513459485361, 0.004999999999999977553, 0.1142264973081041773 ) ) ;
#1001 = LINE ( 'NONE', #167, #375 ) ;
#1002 = CYLINDRICAL_SURFACE ( 'NONE', #2284, 0.01000000000000002623 ) ;
#1003 = CARTESIAN_POINT ( 'NONE',  ( -0.6679289321881340946, 0.000000000000000000, -2.532928932188134308 ) ) ;
#1004 = AXIS2_PLACEMENT_3D ( 'NONE', #2007, #3177, #536 ) ;
#1005 = CARTESIAN_POINT ( 'NONE',  ( 1.179142135623731935, -4.081105855034882879, 2.040000000000000036 ) ) ;
#1006 = EDGE_LOOP ( 'NONE', ( #1054, #1754, #1460, #742 ) ) ;
#1007 = CIRCLE ( 'NONE', #1393, 0.01000000000000002623 ) ;
#1008 = AXIS2_PLACEMENT_3D ( 'NONE', #2210, #1297, #1263 ) ;
#1009 = ORIENTED_EDGE ( 'NONE', *, *, #3542, .F. ) ;
#1010 = EDGE_LOOP ( 'NONE', ( #2293, #1337, #2003, #1514 ) ) ;
#1011 = DIRECTION ( 'NONE',  ( -1.000000000000000000, 0.000000000000000000, 0.000000000000000000 ) ) ;
#1012 = EDGE_CURVE ( 'NONE', #808, #3300, #1206, .T. ) ;
#1013 = EDGE_CURVE ( 'NONE', #1779, #828, #362, .T. ) ;
#1014 =( GEOMETRIC_REPRESENTATION_CONTEXT ( 3 ) GLOBAL_UNCERTAINTY_ASSIGNED_CONTEXT ( ( #2411 ) ) GLOBAL_UNIT_ASSIGNED_CONTEXT ( ( #3652, #2149, #3672 ) ) REPRESENTATION_CONTEXT ( 'NONE', 'WORKASPACE' ) );
#1015 = CARTESIAN_POINT ( 'NONE',  ( 0.1850717967697237953, 0.1277076581449563264, 0.1937320508075680570 ) ) ;
#1016 = ADVANCED_FACE ( 'NONE', ( #1556 ), #620, .T. ) ;
#1017 = ORIENTED_EDGE ( 'NONE', *, *, #1390, .T. ) ;
#1018 = CARTESIAN_POINT ( 'NONE',  ( -0.3159672026817049728, 0.3452365399626432518, -0.3193224092811602355 ) ) ;
#1019 = EDGE_CURVE ( 'NONE', #1222, #2342, #2431, .T. ) ;
#1020 = VERTEX_POINT ( 'NONE', #2410 ) ;
#1021 = CARTESIAN_POINT ( 'NONE',  ( -1.269999999999999796, 2.490000000000000213, 0.9999999999999981126 ) ) ;
#1022 = CIRCLE ( 'NONE', #2407, 0.01000000000000001235 ) ;
#1023 = DIRECTION ( 'NONE',  ( 4.565061778886333255E-15, -0.000000000000000000, 1.000000000000000000 ) ) ;
#1024 = CARTESIAN_POINT ( 'NONE',  ( -1.165000000000000702, 1.391121789898066732E-17, 2.044142135623730816 ) ) ;
#1025 = DIRECTION ( 'NONE',  ( -0.4472135954999593710, -0.7745966692414816279, -0.4472135954999593155 ) ) ;
#1026 = DIRECTION ( 'NONE',  ( -0.4472135954999593155, 0.7745966692414818500, 0.4472135954999593710 ) ) ;
#1027 =( REPRESENTATION_RELATIONSHIP ('NONE','NONE', #3667, #2505 ) REPRESENTATION_RELATIONSHIP_WITH_TRANSFORMATION ( #333 )SHAPE_REPRESENTATION_RELATIONSHIP( ) );
#1028 = LINE ( 'NONE', #701, #3279 ) ;
#1029 = ADVANCED_FACE ( 'NONE', ( #2134 ), #655, .T. ) ;
#1030 = VERTEX_POINT ( 'NONE', #874 ) ;
#1031 = EDGE_CURVE ( 'NONE', #2304, #1757, #2057, .T. ) ;
#1032 = ORIENTED_EDGE ( 'NONE', *, *, #1832, .F. ) ;
#1033 = VECTOR ( 'NONE', #2258, 1000.000000000000000 ) ;
#1034 = ORIENTED_EDGE ( 'NONE', *, *, #544, .T. ) ;
#1035 = FILL_AREA_STYLE ('',( #2511 ) ) ;
#1036 = CARTESIAN_POINT ( 'NONE',  ( -0.3099999999999999978, 0.3464101615137729628, 0.3200000000000000622 ) ) ;
#1037 = MANIFOLD_SOLID_BREP ( 'Fillet1', #2987 ) ;
#1038 = VECTOR ( 'NONE', #2235, 1000.000000000000000 ) ;
#1039 = CARTESIAN_POINT ( 'NONE',  ( -0.3200000000000000067, 11.50000000000000000, 0.3100000000000000533 ) ) ;
#1040 = ORIENTED_EDGE ( 'NONE', *, *, #2808, .F. ) ;
#1041 = DIRECTION ( 'NONE',  ( 0.000000000000000000, 1.000000000000000000, 0.000000000000000000 ) ) ;
#1042 = CARTESIAN_POINT ( 'NONE',  ( -0.1142264973081031643, 11.49000000000000021, 0.1142264973081031781 ) ) ;
#1043 = DIRECTION ( 'NONE',  ( 0.8660254037844378194, -0.5000000000000017764, -1.355252715606880543E-15 ) ) ;
#1044 = AXIS2_PLACEMENT_3D ( 'NONE', #967, #2659, #3016 ) ;
#1045 = CARTESIAN_POINT ( 'NONE',  ( -0.6779289321881341035, 0.01000000000000002623, -2.537071067811865088 ) ) ;
#1046 = FACE_OUTER_BOUND ( 'NONE', #955, .T. ) ;
#1047 = DIRECTION ( 'NONE',  ( 0.000000000000000000, 0.000000000000000000, 1.000000000000000000 ) ) ;
#1048 = DIRECTION ( 'NONE',  ( 0.000000000000000000, 1.000000000000000000, 0.000000000000000000 ) ) ;
#1049 = CIRCLE ( 'NONE', #1244, 0.01000000000000002623 ) ;
#1050 = ORIENTED_EDGE ( 'NONE', *, *, #3354, .T. ) ;
#1051 =( GEOMETRIC_REPRESENTATION_CONTEXT ( 3 ) GLOBAL_UNCERTAINTY_ASSIGNED_CONTEXT ( ( #2634 ) ) GLOBAL_UNIT_ASSIGNED_CONTEXT ( ( #691, #3082, #1334 ) ) REPRESENTATION_CONTEXT ( 'NONE', 'WORKASPACE' ) );
#1052 = VERTEX_POINT ( 'NONE', #398 ) ;
#1053 = AXIS2_PLACEMENT_3D ( 'NONE', #322, #925, #943 ) ;
#1054 = ORIENTED_EDGE ( 'NONE', *, *, #3296, .T. ) ;
#1055 = CARTESIAN_POINT ( 'NONE',  ( 0.000000000000000000, 0.000000000000000000, 0.000000000000000000 ) ) ;
#1056 = CARTESIAN_POINT ( 'NONE',  ( 0.3099999999999998868, 0.3464101615137729628, -0.3199999999999999512 ) ) ;
#1057 = FACE_OUTER_BOUND ( 'NONE', #1833, .T. ) ;
#1058 = ORIENTED_EDGE ( 'NONE', *, *, #3235, .F. ) ;
#1059 = DIRECTION ( 'NONE',  ( -0.7071067811865474617, 0.000000000000000000, -0.7071067811865474617 ) ) ;
#1060 = MANIFOLD_SOLID_BREP ( 'Fillet2', #948 ) ;
#1061 = LINE ( 'NONE', #1867, #3261 ) ;
#1062 = LINE ( 'NONE', #2519, #3605 ) ;
#1063 = CARTESIAN_POINT ( 'NONE',  ( 0.7200000000000019718, 0.5000000000000000000, 0.5499999999999977129 ) ) ;
#1064 = DIRECTION ( 'NONE',  ( 0.000000000000000000, 0.000000000000000000, -1.000000000000000000 ) ) ;
#1065 = DIRECTION ( 'NONE',  ( 0.000000000000000000, -1.000000000000000000, 0.000000000000000000 ) ) ;
#1066 = CARTESIAN_POINT ( 'NONE',  ( 1.269999999999999796, 2.500000000000000000, -2.030000000000001137 ) ) ;
#1067 = VERTEX_POINT ( 'NONE', #2188 ) ;
#1068 = DIRECTION ( 'NONE',  ( 0.000000000000000000, 0.7071067811865481278, 0.7071067811865469066 ) ) ;
#1069 = EDGE_CURVE ( 'NONE', #1052, #1067, #1605, .T. ) ;
#1070 = VERTEX_POINT ( 'NONE', #1862 ) ;
#1071 = VECTOR ( 'NONE', #2256, 1000.000000000000000 ) ;
#1072 = EDGE_LOOP ( 'NONE', ( #3793, #364, #3770, #3664 ) ) ;
#1073 = DIRECTION ( 'NONE',  ( -0.000000000000000000, 1.000000000000000000, -0.000000000000000000 ) ) ;
#1074 = CARTESIAN_POINT ( 'NONE',  ( -1.269999999999999796, 2.490000000000000213, 2.040000000000000036 ) ) ;
#1075 = AXIS2_PLACEMENT_3D ( 'NONE', #3689, #3084, #746 ) ;
#1076 = CARTESIAN_POINT ( 'NONE',  ( 0.3200000000000001732, 0.9000000000000010214, 1.589999999999999636 ) ) ;
#1077 = ADVANCED_FACE ( 'NONE', ( #995 ), #1575, .T. ) ;
#1078 = ORIENTED_EDGE ( 'NONE', *, *, #3636, .F. ) ;
#1079 = LINE ( 'NONE', #1974, #2136 ) ;
#1080 = APPLICATION_CONTEXT ( 'automotive_design' ) ;
#1081 = EDGE_CURVE ( 'NONE', #808, #1950, #228, .T. ) ;
#1082 = PLANE ( 'NONE',  #3753 ) ;
#1083 = LINE ( 'NONE', #2890, #3491 ) ;
#1084 = ADVANCED_FACE ( 'NONE', ( #3048 ), #3031, .T. ) ;
#1085 = CARTESIAN_POINT ( 'NONE',  ( -1.270000000000000240, 0.5000000000000000000, 0.5499999999999977129 ) ) ;
#1086 = CARTESIAN_POINT ( 'NONE',  ( -1.165000000000000258, 2.500000000000000000, -1.010000000000002229 ) ) ;
#1087 = CARTESIAN_POINT ( 'NONE',  ( -0.6779289321881341035, 2.500000000000000000, -2.537071067811865088 ) ) ;
#1088 = ORIENTED_EDGE ( 'NONE', *, *, #2855, .F. ) ;
#1089 = CARTESIAN_POINT ( 'NONE',  ( -1.174999999999999822, 2.490000000000000213, 0.9999999999999978906 ) ) ;
#1090 = VECTOR ( 'NONE', #3323, 1000.000000000000000 ) ;
#1091 = EDGE_LOOP ( 'NONE', ( #3272, #866, #562, #2163 ) ) ;
#1092 = VERTEX_POINT ( 'NONE', #2171 ) ;
#1093 = CARTESIAN_POINT ( 'NONE',  ( -2.539999999999999591, -2.200000000000001066, -1.269999999999999574 ) ) ;
#1094 = AXIS2_PLACEMENT_3D ( 'NONE', #2661, #3507, #575 ) ;
#1095 = VERTEX_POINT ( 'NONE', #2443 ) ;
#1096 = DIRECTION ( 'NONE',  ( 1.000000000000000000, 0.000000000000000000, 0.000000000000000000 ) ) ;
#1097 = ORIENTED_EDGE ( 'NONE', *, *, #2367, .T. ) ;
#1098 = CARTESIAN_POINT ( 'NONE',  ( 0.3200000000000002287, 0.9000000000000010214, 0.9499999999999996225 ) ) ;
#1099 = CARTESIAN_POINT ( 'NONE',  ( 1.175000000000000711, 2.350000000000000089, -1.000000000000002442 ) ) ;
#1100 = ADVANCED_FACE ( 'NONE', ( #3325 ), #692, .F. ) ;
#1101 = LINE ( 'NONE', #2865, #464 ) ;
#1102 = ADVANCED_FACE ( 'NONE', ( #1057 ), #3710, .T. ) ;
#1103 = CIRCLE ( 'NONE', #2222, 0.009999999999999592548 ) ;
#1104 = EDGE_CURVE ( 'NONE', #1741, #1699, #954, .T. ) ;
#1105 = CARTESIAN_POINT ( 'NONE',  ( -0.3112600429262813440, 11.15372788819387395, 0.3199202969641256611 ) ) ;
#1106 = ORIENTED_EDGE ( 'NONE', *, *, #3578, .F. ) ;
#1107 = AXIS2_PLACEMENT_3D ( 'NONE', #1734, #1404, #1064 ) ;
#1108 = DIRECTION ( 'NONE',  ( 0.4472135954999613694, 0.7745966692414852917, 0.4472135954999515994 ) ) ;
#1109 = CARTESIAN_POINT ( 'NONE',  ( -0.6708578643762687088, 2.500000000000000000, -2.529999999999999805 ) ) ;
#1110 = SPHERICAL_SURFACE ( 'NONE', #2158, 0.01000000000000000021 ) ;
#1111 = CARTESIAN_POINT ( 'NONE',  ( 0.3200000000000000067, 0.3464101615137729628, 0.3100000000000000533 ) ) ;
#1112 = DIRECTION ( 'NONE',  ( 0.000000000000000000, -0.000000000000000000, 1.000000000000000000 ) ) ;
#1113 = AXIS2_PLACEMENT_3D ( 'NONE', #592, #1406, #2851 ) ;
#1114 = ORIENTED_EDGE ( 'NONE', *, *, #854, .T. ) ;
#1115 = ADVANCED_FACE ( 'NONE', ( #1352 ), #2570, .F. ) ;
#1116 = LINE ( 'NONE', #554, #1782 ) ;
#1117 = AXIS2_PLACEMENT_3D ( 'NONE', #109, #697, #149 ) ;
#1118 = DIRECTION ( 'NONE',  ( 0.000000000000000000, 0.000000000000000000, 1.000000000000000000 ) ) ;
#1119 = ORIENTED_EDGE ( 'NONE', *, *, #2742, .T. ) ;
#1120 = PRESENTATION_STYLE_ASSIGNMENT (( #2858 ) ) ;
#1121 = CARTESIAN_POINT ( 'NONE',  ( 0.6708578643762684868, 0.01000000000000002623, -2.529999999999999805 ) ) ;
#1122 = ORIENTED_EDGE ( 'NONE', *, *, #960, .T. ) ;
#1123 = DIRECTION ( 'NONE',  ( -1.000000000000000000, 0.000000000000000000, 0.000000000000000000 ) ) ;
#1124 = ORIENTED_EDGE ( 'NONE', *, *, #311, .T. ) ;
#1125 = SPHERICAL_SURFACE ( 'NONE', #3569, 0.01000000000000000021 ) ;
#1126 = CARTESIAN_POINT ( 'NONE',  ( -1.270000000000000240, 0.5000000000000000000, 2.039999999999999591 ) ) ;
#1127 = FACE_OUTER_BOUND ( 'NONE', #3452, .T. ) ;
#1128 = CARTESIAN_POINT ( 'NONE',  ( -1.174999999999999378, 0.01000000000000002623, -2.040000000000000036 ) ) ;
#1129 = CARTESIAN_POINT ( 'NONE',  ( -1.174999999999999822, 0.000000000000000000, -2.050000000000000711 ) ) ;
#1130 = CARTESIAN_POINT ( 'NONE',  ( 0.000000000000000000, 0.01000000000000000021, -0.1142264973081040941 ) ) ;
#1131 = FACE_BOUND ( 'NONE', #981, .T. ) ;
#1132 = ORIENTED_EDGE ( 'NONE', *, *, #3357, .T. ) ;
#1133 = DIRECTION ( 'NONE',  ( 1.000000000000000000, 1.084202172485501752E-14, 0.000000000000000000 ) ) ;
#1134 = LINE ( 'NONE', #2066, #2133 ) ;
#1135 = VERTEX_POINT ( 'NONE', #1971 ) ;
#1136 = DIRECTION ( 'NONE',  ( 0.000000000000000000, 0.000000000000000000, 1.000000000000000000 ) ) ;
#1137 = EDGE_CURVE ( 'NONE', #689, #85, #215, .T. ) ;
#1138 = ORIENTED_EDGE ( 'NONE', *, *, #3467, .F. ) ;
#1139 = AXIS2_PLACEMENT_3D ( 'NONE', #3392, #2525, #1886 ) ;
#1140 = DIRECTION ( 'NONE',  ( 0.000000000000000000, 0.000000000000000000, -1.000000000000000000 ) ) ;
#1141 = VERTEX_POINT ( 'NONE', #3691 ) ;
#1142 = LINE ( 'NONE', #2903, #2536 ) ;
#1143 = EDGE_CURVE ( 'NONE', #3729, #3228, #2249, .T. ) ;
#1144 = CIRCLE ( 'NONE', #3717, 0.01000000000000002623 ) ;
#1145 = CIRCLE ( 'NONE', #3789, 0.01000000000000001409 ) ;
#1146 = DIRECTION ( 'NONE',  ( -1.000000000000000000, 0.000000000000000000, 0.000000000000000000 ) ) ;
#1147 = ORIENTED_EDGE ( 'NONE', *, *, #1929, .T. ) ;
#1148 = ORIENTED_EDGE ( 'NONE', *, *, #3765, .F. ) ;
#1149 = LINE ( 'NONE', #2168, #1090 ) ;
#1150 = DIRECTION ( 'NONE',  ( 0.7071067811865477948, 0.000000000000000000, 0.7071067811865473507 ) ) ;
#1151 = DIRECTION ( 'NONE',  ( 0.000000000000000000, 0.000000000000000000, -1.000000000000000000 ) ) ;
#1152 = EDGE_CURVE ( 'NONE', #3355, #2992, #3131, .T. ) ;
#1153 =( BOUNDED_CURVE ( )  B_SPLINE_CURVE ( 3, ( #2651, #600, #2708, #2956 ),
 .UNSPECIFIED., .F., .F. ) 
 B_SPLINE_CURVE_WITH_KNOTS ( ( 4, 4 ),
 ( 0.000000000000000000, 0.1263401276387650096 ),
 .UNSPECIFIED. ) 
 CURVE ( )  GEOMETRIC_REPRESENTATION_ITEM ( )  RATIONAL_B_SPLINE_CURVE ( ( 1.000000000000000000, 0.9986702899464856564, 0.9986702899464856564, 1.000000000000000000 ) ) 
 REPRESENTATION_ITEM ( '' )  );
#1154 = CARTESIAN_POINT ( 'NONE',  ( 2.305356198337586820E-15, 2.500000000000000000, 1.009999999999995346 ) ) ;
#1155 = ADVANCED_FACE ( 'NONE', ( #3123 ), #1661, .T. ) ;
#1156 = ORIENTED_EDGE ( 'NONE', *, *, #628, .T. ) ;
#1157 = CARTESIAN_POINT ( 'NONE',  ( -1.270000000000000240, 0.01000000000000002623, -2.050000000000000711 ) ) ;
#1158 = ADVANCED_FACE ( 'NONE', ( #237 ), #2034, .F. ) ;
#1159 = EDGE_CURVE ( 'NONE', #2778, #2992, #3420, .T. ) ;
#1160 = EDGE_CURVE ( 'NONE', #101, #1020, #2217, .T. ) ;
#1161 = VERTEX_POINT ( 'NONE', #3730 ) ;
#1162 = ORIENTED_EDGE ( 'NONE', *, *, #632, .T. ) ;
#1163 = VECTOR ( 'NONE', #3623, 1000.000000000000227 ) ;
#1164 = ORIENTED_EDGE ( 'NONE', *, *, #361, .T. ) ;
#1165 = ORIENTED_EDGE ( 'NONE', *, *, #2476, .F. ) ;
#1166 = CYLINDRICAL_SURFACE ( 'NONE', #324, 0.01000000000000002623 ) ;
#1167 = DIRECTION ( 'NONE',  ( -1.095437728245848425E-14, 0.000000000000000000, -1.000000000000000000 ) ) ;
#1168 = FACE_OUTER_BOUND ( 'NONE', #3611, .T. ) ;
#1169 = VECTOR ( 'NONE', #2885, 1000.000000000000000 ) ;
#1170 = CARTESIAN_POINT ( 'NONE',  ( 1.175000000000001155, 0.004142135623730970433, 2.040000000000000036 ) ) ;
#1171 = EDGE_LOOP ( 'NONE', ( #376, #3099, #2920, #1197 ) ) ;
#1172 = CARTESIAN_POINT ( 'NONE',  ( -0.3108419876365758339, 11.15363591632649509, 0.3199733969465144434 ) ) ;
#1173 = FACE_OUTER_BOUND ( 'NONE', #2684, .T. ) ;
#1174 = AXIS2_PLACEMENT_3D ( 'NONE', #1805, #564, #1747 ) ;
#1175 = CARTESIAN_POINT ( 'NONE',  ( 1.179142135623731935, 2.500000000000000000, 2.050000000000000266 ) ) ;
#1176 = VECTOR ( 'NONE', #335, 1000.000000000000114 ) ;
#1177 = ORIENTED_EDGE ( 'NONE', *, *, #3039, .T. ) ;
#1178 = PLANE ( 'NONE',  #3247 ) ;
#1179 = CARTESIAN_POINT ( 'NONE',  ( -0.3200000000000001177, 11.15358983848622287, -0.3099999999999999423 ) ) ;
#1180 = ORIENTED_EDGE ( 'NONE', *, *, #2226, .F. ) ;
#1181 = ORIENTED_EDGE ( 'NONE', *, *, #3628, .F. ) ;
#1182 = CARTESIAN_POINT ( 'NONE',  ( -0.6708578643762687088, 0.01000000000000000021, 2.530000000000000693 ) ) ;
#1183 = ORIENTED_EDGE ( 'NONE', *, *, #3066, .F. ) ;
#1184 = EDGE_LOOP ( 'NONE', ( #2665, #1088, #3232, #2160 ) ) ;
#1185 = FACE_OUTER_BOUND ( 'NONE', #2569, .T. ) ;
#1186 = DIRECTION ( 'NONE',  ( -1.000000000000000000, 0.000000000000000000, 4.565061778886333255E-15 ) ) ;
#1187 = AXIS2_PLACEMENT_3D ( 'NONE', #3198, #2306, #2261 ) ;
#1188 = DIRECTION ( 'NONE',  ( 0.000000000000000000, 0.000000000000000000, -1.000000000000000000 ) ) ;
#1189 = EDGE_LOOP ( 'NONE', ( #156, #1513, #142, #2516 ) ) ;
#1190 = DIRECTION ( 'NONE',  ( 0.7071067811865482389, 0.000000000000000000, 0.7071067811865469066 ) ) ;
#1191 = DIRECTION ( 'NONE',  ( 0.000000000000000000, 0.000000000000000000, -1.000000000000000000 ) ) ;
#1192 = DIRECTION ( 'NONE',  ( -0.000000000000000000, 1.000000000000000000, -0.000000000000000000 ) ) ;
#1193 = CARTESIAN_POINT ( 'NONE',  ( -0.3112600429262814550, 0.3462721118061212189, -0.3199202969641256611 ) ) ;
#1194 = DIRECTION ( 'NONE',  ( 0.000000000000000000, 0.000000000000000000, 1.000000000000000000 ) ) ;
#1195 = EDGE_CURVE ( 'NONE', #2562, #2707, #2406, .T. ) ;
#1196 = DIRECTION ( 'NONE',  ( 1.000000000000000000, -0.000000000000000000, -2.282530889443166627E-15 ) ) ;
#1197 = ORIENTED_EDGE ( 'NONE', *, *, #1670, .F. ) ;
#1198 = CARTESIAN_POINT ( 'NONE',  ( 0.09773205080756859620, 11.53856921938165137, 0.08907179676972348803 ) ) ;
#1199 = ADVANCED_FACE ( 'NONE', ( #3163 ), #850, .T. ) ;
#1200 = ORIENTED_EDGE ( 'NONE', *, *, #235, .T. ) ;
#1201 = ORIENTED_EDGE ( 'NONE', *, *, #190, .T. ) ;
#1202 = CARTESIAN_POINT ( 'NONE',  ( -0.3199999999999998401, 0.000000000000000000, 1.589999999999999636 ) ) ;
#1203 = CARTESIAN_POINT ( 'NONE',  ( -0.1142264973081042051, 0.000000000000000000, -0.1142264973081040941 ) ) ;
#1204 = DIRECTION ( 'NONE',  ( 1.000000000000000000, -0.000000000000000000, -0.000000000000000000 ) ) ;
#1205 = ADVANCED_FACE ( 'NONE', ( #3441 ), #1700, .T. ) ;
#1206 = LINE ( 'NONE', #2940, #2541 ) ;
#1207 = ORIENTED_EDGE ( 'NONE', *, *, #728, .T. ) ;
#1208 = VECTOR ( 'NONE', #1973, 1000.000000000000000 ) ;
#1209 = DIRECTION ( 'NONE',  ( -0.4472135954999595375, 0.7745966692414821830, -0.4472135954999585383 ) ) ;
#1210 = DIRECTION ( 'NONE',  ( -0.000000000000000000, 1.000000000000000000, -0.000000000000000000 ) ) ;
#1211 = CIRCLE ( 'NONE', #1696, 0.01000000000000002623 ) ;
#1212 = ADVANCED_FACE ( 'NONE', ( #3752 ), #1438, .T. ) ;
#1213 = AXIS2_PLACEMENT_3D ( 'NONE', #1228, #589, #891 ) ;
#1214 = LINE ( 'NONE', #947, #1241 ) ;
#1215 =( NAMED_UNIT ( * ) PLANE_ANGLE_UNIT ( ) SI_UNIT ( $, .RADIAN. ) );
#1216 = DIRECTION ( 'NONE',  ( 0.000000000000000000, -1.000000000000000000, 0.000000000000000000 ) ) ;
#1217 = DIRECTION ( 'NONE',  ( -0.4472135954999579277, 0.7745966692414834043, -0.4472135954999578722 ) ) ;
#1218 = ORIENTED_EDGE ( 'NONE', *, *, #2161, .F. ) ;
#1219 = DIRECTION ( 'NONE',  ( -0.000000000000000000, 1.000000000000000000, -0.000000000000000000 ) ) ;
#1220 = LINE ( 'NONE', #3554, #2954 ) ;
#1221 = ORIENTED_EDGE ( 'NONE', *, *, #3339, .T. ) ;
#1222 = VERTEX_POINT ( 'NONE', #2901 ) ;
#1223 = DIRECTION ( 'NONE',  ( 8.470329472543004623E-17, 0.000000000000000000, -1.000000000000000000 ) ) ;
#1224 = DIRECTION ( 'NONE',  ( 1.000000000000000000, -0.000000000000000000, -0.000000000000000000 ) ) ;
#1225 = DIRECTION ( 'NONE',  ( -1.000000000000000000, -0.000000000000000000, -0.000000000000000000 ) ) ;
#1226 = EDGE_CURVE ( 'NONE', #1296, #3573, #3674, .T. ) ;
#1227 = ORIENTED_EDGE ( 'NONE', *, *, #1387, .F. ) ;
#1228 = CARTESIAN_POINT ( 'NONE',  ( 0.000000000000000000, 11.50000000000000000, -0.1199999999999994404 ) ) ;
#1229 = DIRECTION ( 'NONE',  ( -8.470329472543004623E-17, 0.000000000000000000, 1.000000000000000000 ) ) ;
#1230 = VECTOR ( 'NONE', #3388, 1000.000000000000114 ) ;
#1231 = LINE ( 'NONE', #2945, #3207 ) ;
#1232 = PRODUCT ( 'header-2.54-body2_\X2\9ed88ba4\X0\', 'header-2.54-body2_\X2\9ed88ba4\X0\', '', ( #3622 ) ) ;
#1233 = APPLICATION_PROTOCOL_DEFINITION ( 'draft international standard', 'automotive_design', 1998, #3076 ) ;
#1234 = VECTOR ( 'NONE', #3218, 1000.000000000000000 ) ;
#1235 = ORIENTED_EDGE ( 'NONE', *, *, #2806, .F. ) ;
#1236 =( REPRESENTATION_RELATIONSHIP ('NONE','NONE', #3667, #2505 ) REPRESENTATION_RELATIONSHIP_WITH_TRANSFORMATION ( #3245 )SHAPE_REPRESENTATION_RELATIONSHIP( ) );
#1237 = CARTESIAN_POINT ( 'NONE',  ( -1.175000000000000711, 0.004142135623730973035, 2.040000000000000036 ) ) ;
#1238 = ORIENTED_EDGE ( 'NONE', *, *, #3039, .F. ) ;
#1239 = ORIENTED_EDGE ( 'NONE', *, *, #4, .F. ) ;
#1240 = DIRECTION ( 'NONE',  ( 0.000000000000000000, 0.7071067811865483499, -0.7071067811865467956 ) ) ;
#1241 = VECTOR ( 'NONE', #910, 999.9999999999998863 ) ;
#1242 = CARTESIAN_POINT ( 'NONE',  ( 0.6708578643762694860, 2.490000000000000213, 2.530000000000000693 ) ) ;
#1243 =( BOUNDED_CURVE ( )  B_SPLINE_CURVE ( 3, ( #2419, #593, #1772, #933 ),
 .UNSPECIFIED., .F., .F. ) 
 B_SPLINE_CURVE_WITH_KNOTS ( ( 4, 4 ),
 ( 2.482534617831145152, 3.800650689348441080 ),
 .UNSPECIFIED. ) 
 CURVE ( )  GEOMETRIC_REPRESENTATION_ITEM ( )  RATIONAL_B_SPLINE_CURVE ( ( 1.000000000000000000, 0.8603796100557264959, 0.8603796100557264959, 1.000000000000000000 ) ) 
 REPRESENTATION_ITEM ( '' )  );
#1244 = AXIS2_PLACEMENT_3D ( 'NONE', #2500, #2230, #3068 ) ;
#1245 = CARTESIAN_POINT ( 'NONE',  ( 0.3199999999999998956, 11.50000000000000000, -0.3199999999999999512 ) ) ;
#1246 = EDGE_LOOP ( 'NONE', ( #2986, #3124, #2937, #1874 ) ) ;
#1247 = PRESENTATION_LAYER_ASSIGNMENT (  '', '', ( #2662 ) ) ;
#1248 = DIRECTION ( 'NONE',  ( -1.000000000000000000, 0.000000000000000000, -4.565061778886333255E-15 ) ) ;
#1249 = DIRECTION ( 'NONE',  ( 1.000000000000000000, -0.000000000000000000, -0.000000000000000000 ) ) ;
#1250 = CARTESIAN_POINT ( 'NONE',  ( 0.3112600429262812884, 11.15372788819387395, -0.3199202969641256056 ) ) ;
#1251 = CARTESIAN_POINT ( 'NONE',  ( 0.3199202969641256056, 0.3462721118061212189, -0.3112600429262813440 ) ) ;
#1252 = DIRECTION ( 'NONE',  ( 8.470329472543004623E-17, 0.000000000000000000, -1.000000000000000000 ) ) ;
#1253 = ADVANCED_FACE ( 'NONE', ( #3487 ), #3258, .F. ) ;
#1254 = ORIENTED_EDGE ( 'NONE', *, *, #355, .T. ) ;
#1255 = EDGE_LOOP ( 'NONE', ( #574, #2333, #3006, #495 ) ) ;
#1256 = ORIENTED_EDGE ( 'NONE', *, *, #1372, .T. ) ;
#1257 = DIRECTION ( 'NONE',  ( 0.000000000000000000, 0.7071067811865477948, -0.7071067811865473507 ) ) ;
#1258 = EDGE_CURVE ( 'NONE', #3300, #3668, #2747, .T. ) ;
#1259 = CARTESIAN_POINT ( 'NONE',  ( -0.1142264973081032892, 11.49499999999999922, -0.1228867513459474259 ) ) ;
#1260 = LINE ( 'NONE', #3613, #2762 ) ;
#1261 = EDGE_CURVE ( 'NONE', #1757, #2860, #1864, .T. ) ;
#1262 = SURFACE_STYLE_FILL_AREA ( #1295 ) ;
#1263 = DIRECTION ( 'NONE',  ( 0.000000000000000000, 0.000000000000000000, -1.000000000000000000 ) ) ;
#1264 = ORIENTED_EDGE ( 'NONE', *, *, #1561, .T. ) ;
#1265 = DIRECTION ( 'NONE',  ( -1.084202172485504434E-16, -0.000000000000000000, -1.000000000000000000 ) ) ;
#1266 = DIRECTION ( 'NONE',  ( 1.000000000000000000, 0.000000000000000000, 0.000000000000000000 ) ) ;
#1267 = PLANE ( 'NONE',  #3184 ) ;
#1268 = VECTOR ( 'NONE', #2148, 1000.000000000000000 ) ;
#1269 = ADVANCED_FACE ( 'NONE', ( #1173 ), #3223, .F. ) ;
#1270 = VERTEX_POINT ( 'NONE', #3212 ) ;
#1271 = EDGE_CURVE ( 'NONE', #786, #1161, #2638, .T. ) ;
#1272 = EDGE_CURVE ( 'NONE', #413, #2704, #2414, .T. ) ;
#1273 = EDGE_LOOP ( 'NONE', ( #275, #3053, #2428, #212, #2227, #2383, #3724, #2857, #1040, #695, #1620, #2561, #2695, #3684, #1456, #2447 ) ) ;
#1274 = EDGE_LOOP ( 'NONE', ( #599, #3637, #2278 ) ) ;
#1275 = LINE ( 'NONE', #2205, #496 ) ;
#1276 = LINE ( 'NONE', #672, #2990 ) ;
#1277 = FACE_OUTER_BOUND ( 'NONE', #579, .T. ) ;
#1278 = SURFACE_STYLE_USAGE ( .BOTH. , #2782 ) ;
#1279 = ORIENTED_EDGE ( 'NONE', *, *, #1137, .T. ) ;
#1280 = DIRECTION ( 'NONE',  ( 0.000000000000000000, 0.000000000000000000, -1.000000000000000000 ) ) ;
#1281 = AXIS2_PLACEMENT_3D ( 'NONE', #1786, #1461, #3211 ) ;
#1282 = ORIENTED_EDGE ( 'NONE', *, *, #2074, .T. ) ;
#1283 = DIRECTION ( 'NONE',  ( -1.000000000000000000, 0.000000000000000000, 0.000000000000000000 ) ) ;
#1284 = FACE_OUTER_BOUND ( 'NONE', #97, .T. ) ;
#1285 = CARTESIAN_POINT ( 'NONE',  ( 0.3200000000000000067, 11.15358983848622110, 0.3104214140871990879 ) ) ;
#1286 = VECTOR ( 'NONE', #93, 1000.000000000000000 ) ;
#1287 = CYLINDRICAL_SURFACE ( 'NONE', #98, 0.009999999999999998473 ) ;
#1288 = ORIENTED_EDGE ( 'NONE', *, *, #2686, .F. ) ;
#1289 = AXIS2_PLACEMENT_3D ( 'NONE', #1326, #475, #1380 ) ;
#1290 = EDGE_LOOP ( 'NONE', ( #180, #2509, #2362, #3043 ) ) ;
#1291 = AXIS2_PLACEMENT_3D ( 'NONE', #2316, #2539, #248 ) ;
#1292 = ORIENTED_EDGE ( 'NONE', *, *, #1794, .F. ) ;
#1293 = DIRECTION ( 'NONE',  ( 1.000000000000000000, 0.000000000000000000, -1.761828530288945021E-14 ) ) ;
#1294 = FACE_OUTER_BOUND ( 'NONE', #1006, .T. ) ;
#1295 = FILL_AREA_STYLE ('',( #2208 ) ) ;
#1296 = VERTEX_POINT ( 'NONE', #2117 ) ;
#1297 = DIRECTION ( 'NONE',  ( 1.000000000000000000, 0.000000000000000000, 0.000000000000000000 ) ) ;
#1298 = AXIS2_PLACEMENT_3D ( 'NONE', #1175, #2357, #2062 ) ;
#1299 = EDGE_LOOP ( 'NONE', ( #2955, #1164, #2886, #261 ) ) ;
#1300 = DIRECTION ( 'NONE',  ( -0.7071067811865474617, 0.000000000000000000, 0.7071067811865474617 ) ) ;
#1301 = DIRECTION ( 'NONE',  ( -1.000000000000000000, 0.000000000000000000, 0.000000000000000000 ) ) ;
#1302 = DIRECTION ( 'NONE',  ( -4.065758146820636894E-15, 8.470329472542992544E-16, -1.000000000000000000 ) ) ;
#1303 = CARTESIAN_POINT ( 'NONE',  ( -0.1142264973081031643, 11.50000000000000000, 0.1142264973081031781 ) ) ;
#1304 = FACE_OUTER_BOUND ( 'NONE', #1496, .T. ) ;
#1305 = CARTESIAN_POINT ( 'NONE',  ( 0.3099999999999998868, 0.3464101615137729628, -0.3199999999999999512 ) ) ;
#1306 = DIRECTION ( 'NONE',  ( -0.000000000000000000, 1.000000000000000000, -0.000000000000000000 ) ) ;
#1307 = EDGE_CURVE ( 'NONE', #3282, #2821, #1752, .T. ) ;
#1308 = ORIENTED_EDGE ( 'NONE', *, *, #513, .F. ) ;
#1309 = AXIS2_PLACEMENT_3D ( 'NONE', #380, #90, #3499 ) ;
#1310 = EDGE_CURVE ( 'NONE', #3440, #3267, #3524, .T. ) ;
#1311 = ORIENTED_EDGE ( 'NONE', *, *, #2968, .T. ) ;
#1312 = ORIENTED_EDGE ( 'NONE', *, *, #2760, .T. ) ;
#1313 = CARTESIAN_POINT ( 'NONE',  ( -0.3108419876365758894, 0.3463640836734994677, 0.3199733969465145544 ) ) ;
#1314 = EDGE_CURVE ( 'NONE', #353, #3668, #1211, .T. ) ;
#1315 = EDGE_CURVE ( 'NONE', #875, #2732, #590, .T. ) ;
#1316 = ADVANCED_FACE ( 'NONE', ( #2944 ), #2658, .T. ) ;
#1317 = ORIENTED_EDGE ( 'NONE', *, *, #2404, .T. ) ;
#1318 = DIRECTION ( 'NONE',  ( -0.4472135954999593710, -0.7745966692414818500, 0.4472135954999594265 ) ) ;
#1319 = EDGE_CURVE ( 'NONE', #3162, #1888, #2392, .T. ) ;
#1320 = EDGE_LOOP ( 'NONE', ( #1454, #926, #900 ) ) ;
#1321 = DIRECTION ( 'NONE',  ( 0.000000000000000000, -1.000000000000000000, 0.000000000000000000 ) ) ;
#1322 = FACE_OUTER_BOUND ( 'NONE', #3265, .T. ) ;
#1323 = DIRECTION ( 'NONE',  ( -0.000000000000000000, 0.000000000000000000, -1.000000000000000000 ) ) ;
#1324 = ADVANCED_FACE ( 'NONE', ( #2375 ), #1788, .F. ) ;
#1325 = CARTESIAN_POINT ( 'NONE',  ( 1.270000000000000018, 2.490000000000000213, -1.010000000000002451 ) ) ;
#1326 = CARTESIAN_POINT ( 'NONE',  ( -0.3200000000000001177, 11.50000000000000000, -0.3199999999999999512 ) ) ;
#1327 = VECTOR ( 'NONE', #3436, 1000.000000000000000 ) ;
#1328 = CARTESIAN_POINT ( 'NONE',  ( -1.179142135623730825, -4.081105855034882879, 2.040000000000000480 ) ) ;
#1329 = ORIENTED_EDGE ( 'NONE', *, *, #121, .T. ) ;
#1330 = AXIS2_PLACEMENT_3D ( 'NONE', #2531, #1335, #3632 ) ;
#1331 = AXIS2_PLACEMENT_3D ( 'NONE', #1537, #2637, #1191 ) ;
#1332 = ORIENTED_EDGE ( 'NONE', *, *, #747, .F. ) ;
#1333 = ORIENTED_EDGE ( 'NONE', *, *, #1951, .F. ) ;
#1334 =( NAMED_UNIT ( * ) SI_UNIT ( $, .STERADIAN. ) SOLID_ANGLE_UNIT ( ) );
#1335 = DIRECTION ( 'NONE',  ( 0.000000000000000000, -1.000000000000000000, 0.000000000000000000 ) ) ;
#1336 = PRESENTATION_STYLE_ASSIGNMENT (( #710 ) ) ;
#1337 = ORIENTED_EDGE ( 'NONE', *, *, #1272, .T. ) ;
#1338 = CARTESIAN_POINT ( 'NONE',  ( -0.3199999999999998401, 0.9000000000000010214, 1.589999999999999636 ) ) ;
#1339 = FACE_OUTER_BOUND ( 'NONE', #1320, .T. ) ;
#1340 = CIRCLE ( 'NONE', #1776, 0.01000000000000002623 ) ;
#1341 = DIRECTION ( 'NONE',  ( -1.000000000000000000, -0.000000000000000000, 0.000000000000000000 ) ) ;
#1342 = LINE ( 'NONE', #46, #3199 ) ;
#1343 = CARTESIAN_POINT ( 'NONE',  ( -1.179142135623730825, 2.490000000000000213, -2.049999999999999822 ) ) ;
#1344 = DIRECTION ( 'NONE',  ( 1.000000000000000000, 0.000000000000000000, 0.000000000000000000 ) ) ;
#1345 = CARTESIAN_POINT ( 'NONE',  ( -0.08907179676972414029, 11.53356921938165236, 0.08907179676972415416 ) ) ;
#1346 = ORIENTED_EDGE ( 'NONE', *, *, #289, .T. ) ;
#1347 = EDGE_LOOP ( 'NONE', ( #411, #1987, #1571, #3751, #1451, #2834 ) ) ;
#1348 = AXIS2_PLACEMENT_3D ( 'NONE', #185, #506, #246 ) ;
#1349 = ORIENTED_EDGE ( 'NONE', *, *, #2737, .T. ) ;
#1350 = CARTESIAN_POINT ( 'NONE',  ( -0.3199202969641258831, 11.15372788819387395, -0.3112600429262804558 ) ) ;
#1351 = VECTOR ( 'NONE', #3112, 1000.000000000000000 ) ;
#1352 = FACE_OUTER_BOUND ( 'NONE', #2286, .T. ) ;
#1353 = VERTEX_POINT ( 'NONE', #1507 ) ;
#1354 = CONTEXT_DEPENDENT_SHAPE_REPRESENTATION ( #1356, #1850 ) ;
#1355 = CARTESIAN_POINT ( 'NONE',  ( 0.3200000000000001732, 2.500000000000000000, 1.589999999999999636 ) ) ;
#1356 =( REPRESENTATION_RELATIONSHIP ('NONE','NONE', #3667, #2505 ) REPRESENTATION_RELATIONSHIP_WITH_TRANSFORMATION ( #730 )SHAPE_REPRESENTATION_RELATIONSHIP( ) );
#1357 = EDGE_CURVE ( 'NONE', #2991, #3179, #3377, .T. ) ;
#1358 = CARTESIAN_POINT ( 'NONE',  ( -0.3199999999999997846, 2.500000000000000000, -0.9499999999999996225 ) ) ;
#1359 = CIRCLE ( 'NONE', #2291, 0.01000000000000001409 ) ;
#1360 = FACE_OUTER_BOUND ( 'NONE', #1189, .T. ) ;
#1361 = ADVANCED_FACE ( 'NONE', ( #3274 ), #2038, .T. ) ;
#1362 = LINE ( 'NONE', #2813, #1038 ) ;
#1363 = CARTESIAN_POINT ( 'NONE',  ( 0.3200000000000000067, 0.3464101615137729628, 0.3100000000000000533 ) ) ;
#1364 = ORIENTED_EDGE ( 'NONE', *, *, #2452, .F. ) ;
#1365 = CARTESIAN_POINT ( 'NONE',  ( -0.3199999999999997846, 0.000000000000000000, 0.9499999999999996225 ) ) ;
#1366 = CIRCLE ( 'NONE', #807, 0.01000000000000000194 ) ;
#1367 = EDGE_CURVE ( 'NONE', #2562, #3175, #1826, .T. ) ;
#1368 = ORIENTED_EDGE ( 'NONE', *, *, #29, .F. ) ;
#1369 = VERTEX_POINT ( 'NONE', #1560 ) ;
#1370 =( NAMED_UNIT ( * ) PLANE_ANGLE_UNIT ( ) SI_UNIT ( $, .RADIAN. ) );
#1371 = DIRECTION ( 'NONE',  ( 8.470329472543004623E-17, -0.000000000000000000, 1.000000000000000000 ) ) ;
#1372 = EDGE_CURVE ( 'NONE', #3321, #54, #130, .T. ) ;
#1373 = DIRECTION ( 'NONE',  ( -0.4472135954999579277, -0.7745966692414834043, -0.4472135954999578722 ) ) ;
#1374 = EDGE_CURVE ( 'NONE', #2560, #2372, #946, .T. ) ;
#1375 = ORIENTED_EDGE ( 'NONE', *, *, #519, .T. ) ;
#1376 = CARTESIAN_POINT ( 'NONE',  ( 0.3193224092811621229, 11.15476346003734420, 0.3159672026817062496 ) ) ;
#1377 = CYLINDRICAL_SURFACE ( 'NONE', #2023, 0.009999999999999998473 ) ;
#1378 = FACE_OUTER_BOUND ( 'NONE', #1439, .T. ) ;
#1379 = CARTESIAN_POINT ( 'NONE',  ( -0.6708578643762687088, 2.500000000000000000, 2.540000000000000480 ) ) ;
#1380 = DIRECTION ( 'NONE',  ( 1.000000000000000000, 0.000000000000000000, -0.000000000000000000 ) ) ;
#1381 = CARTESIAN_POINT ( 'NONE',  ( 0.000000000000000000, 2.350000000000000089, 0.000000000000000000 ) ) ;
#1382 = ORIENTED_EDGE ( 'NONE', *, *, #2161, .T. ) ;
#1383 = EDGE_LOOP ( 'NONE', ( #1510, #3416, #2642, #1009 ) ) ;
#1384 = DIRECTION ( 'NONE',  ( 1.000000000000000000, -0.000000000000000000, -0.000000000000000000 ) ) ;
#1385 = ORIENTED_EDGE ( 'NONE', *, *, #1081, .T. ) ;
#1386 = EDGE_CURVE ( 'NONE', #2741, #762, #384, .T. ) ;
#1387 = EDGE_CURVE ( 'NONE', #1718, #2667, #793, .T. ) ;
#1388 = EDGE_LOOP ( 'NONE', ( #2547, #1845, #415, #3299 ) ) ;
#1389 = CARTESIAN_POINT ( 'NONE',  ( 0.000000000000000000, 0.000000000000000000, 0.000000000000000000 ) ) ;
#1390 = EDGE_CURVE ( 'NONE', #1030, #3114, #3582, .T. ) ;
#1391 = AXIS2_PLACEMENT_3D ( 'NONE', #1464, #327, #878 ) ;
#1392 = LINE ( 'NONE', #518, #2415 ) ;
#1393 = AXIS2_PLACEMENT_3D ( 'NONE', #3254, #616, #1573 ) ;
#1394 = ORIENTED_EDGE ( 'NONE', *, *, #3657, .T. ) ;
#1395 = CARTESIAN_POINT ( 'NONE',  ( 0.6708578643762694860, 2.490000000000000213, 2.530000000000000693 ) ) ;
#1396 = ORIENTED_EDGE ( 'NONE', *, *, #2452, .T. ) ;
#1397 = DIRECTION ( 'NONE',  ( 0.000000000000000000, 0.000000000000000000, 1.000000000000000000 ) ) ;
#1398 = DIRECTION ( 'NONE',  ( -1.000000000000000000, 0.000000000000000000, -0.000000000000000000 ) ) ;
#1399 = EDGE_CURVE ( 'NONE', #2389, #1651, #2387, .T. ) ;
#1400 = CARTESIAN_POINT ( 'NONE',  ( -0.3199999999999998401, 0.9000000000000010214, 1.589999999999999636 ) ) ;
#1401 = UNCERTAINTY_MEASURE_WITH_UNIT (LENGTH_MEASURE( 1.000000000000000082E-05 ), #2798, 'distance_accuracy_value', 'NONE');
#1402 = DIRECTION ( 'NONE',  ( -9.486769009248165375E-15, 0.000000000000000000, -1.000000000000000000 ) ) ;
#1403 = CARTESIAN_POINT ( 'NONE',  ( -0.09773205080756849905, 11.53856921938165137, 0.08907179676972423743 ) ) ;
#1404 = DIRECTION ( 'NONE',  ( 0.000000000000000000, -1.000000000000000000, 0.000000000000000000 ) ) ;
#1405 = DIRECTION ( 'NONE',  ( 1.000000000000000000, 0.000000000000000000, -1.694065894508600678E-16 ) ) ;
#1406 = DIRECTION ( 'NONE',  ( -0.7071067811865467956, 0.7071067811865483499, 5.989427408919424449E-17 ) ) ;
#1407 = ORIENTED_EDGE ( 'NONE', *, *, #1796, .T. ) ;
#1408 = CARTESIAN_POINT ( 'NONE',  ( -0.6749999999999996003, 2.500000000000000000, 2.540000000000000480 ) ) ;
#1409 = PLANE ( 'NONE',  #3649 ) ;
#1410 = ORIENTED_EDGE ( 'NONE', *, *, #2345, .F. ) ;
#1411 = LINE ( 'NONE', #3418, #3070 ) ;
#1412 = CIRCLE ( 'NONE', #1902, 0.01000000000000002623 ) ;
#1413 = VERTEX_POINT ( 'NONE', #2583 ) ;
#1414 = DIRECTION ( 'NONE',  ( -1.000000000000000000, 0.000000000000000000, 0.000000000000000000 ) ) ;
#1415 = ORIENTED_EDGE ( 'NONE', *, *, #2122, .T. ) ;
#1416 = LINE ( 'NONE', #3165, #2050 ) ;
#1417 = CARTESIAN_POINT ( 'NONE',  ( -1.175000000000000266, 2.350000000000000089, -1.000000000000002220 ) ) ;
#1418 = CARTESIAN_POINT ( 'NONE',  ( 0.3199202969641257166, 11.15372788819387395, 0.3112600429262805668 ) ) ;
#1419 = DIRECTION ( 'NONE',  ( -0.7071067811865477948, 0.000000000000000000, 0.7071067811865473507 ) ) ;
#1420 = CARTESIAN_POINT ( 'NONE',  ( -1.600428932188134423, 2.500000000000000000, 1.600428932188135089 ) ) ;
#1421 = FACE_OUTER_BOUND ( 'NONE', #1171, .T. ) ;
#1422 =( BOUNDED_CURVE ( )  B_SPLINE_CURVE ( 3, ( #1568, #2234, #1285, #1900 ),
 .UNSPECIFIED., .F., .F. ) 
 B_SPLINE_CURVE_WITH_KNOTS ( ( 4, 4 ),
 ( 6.156845179540893831, 6.283185307179586232 ),
 .UNSPECIFIED. ) 
 CURVE ( )  GEOMETRIC_REPRESENTATION_ITEM ( )  RATIONAL_B_SPLINE_CURVE ( ( 1.000000000000000000, 0.9986702899464872107, 0.9986702899464872107, 1.000000000000000000 ) ) 
 REPRESENTATION_ITEM ( '' )  );
#1423 = CARTESIAN_POINT ( 'NONE',  ( 0.6749999999999993783, 2.490000000000000213, -2.539999999999999591 ) ) ;
#1424 = VECTOR ( 'NONE', #3565, 999.9999999999998863 ) ;
#1425 = EDGE_CURVE ( 'NONE', #2259, #3396, #1942, .T. ) ;
#1426 = ORIENTED_EDGE ( 'NONE', *, *, #2226, .T. ) ;
#1427 = CARTESIAN_POINT ( 'NONE',  ( -0.3199733969465146100, 11.15363591632649509, -0.3108419876365752788 ) ) ;
#1428 = AXIS2_PLACEMENT_3D ( 'NONE', #2768, #165, #3092 ) ;
#1429 = EDGE_CURVE ( 'NONE', #3617, #2626, #2875, .T. ) ;
#1430 = CARTESIAN_POINT ( 'NONE',  ( 0.6750000000000004885, 2.490000000000000213, 2.540000000000000480 ) ) ;
#1431 = VECTOR ( 'NONE', #1457, 1000.000000000000000 ) ;
#1432 = ORIENTED_EDGE ( 'NONE', *, *, #899, .T. ) ;
#1433 = CARTESIAN_POINT ( 'NONE',  ( -2.540000000000000036, 0.000000000000000000, 0.000000000000000000 ) ) ;
#1434 = CARTESIAN_POINT ( 'NONE',  ( 0.3108419876365757784, 11.15363591632649509, -0.3199733969465143324 ) ) ;
#1435 = DIRECTION ( 'NONE',  ( 2.282530889443166233E-15, 0.000000000000000000, 1.000000000000000000 ) ) ;
#1436 = ORIENTED_EDGE ( 'NONE', *, *, #1512, .T. ) ;
#1437 = AXIS2_PLACEMENT_3D ( 'NONE', #3447, #2331, #2866 ) ;
#1438 = SPHERICAL_SURFACE ( 'NONE', #3550, 0.01000000000000000021 ) ;
#1439 = EDGE_LOOP ( 'NONE', ( #2689, #2953, #2242 ) ) ;
#1440 = DIRECTION ( 'NONE',  ( 0.000000000000000000, -1.000000000000000000, 0.000000000000000000 ) ) ;
#1441 = EDGE_CURVE ( 'NONE', #3334, #734, #3193, .T. ) ;
#1442 = DIRECTION ( 'NONE',  ( 0.000000000000000000, 0.7071067811865481278, 0.7071067811865469066 ) ) ;
#1443 = DIRECTION ( 'NONE',  ( -0.7071067811865475727, 0.000000000000000000, -0.7071067811865475727 ) ) ;
#1444 = CARTESIAN_POINT ( 'NONE',  ( -1.179142135623730825, 2.500000000000000000, -2.049999999999999822 ) ) ;
#1445 = DIRECTION ( 'NONE',  ( 0.000000000000000000, 1.000000000000000000, 0.000000000000000000 ) ) ;
#1446 = DIRECTION ( 'NONE',  ( -1.000000000000000000, 0.000000000000000000, 0.000000000000000000 ) ) ;
#1447 = DIRECTION ( 'NONE',  ( 1.000000000000000000, 1.355252715606880740E-15, 1.836709923159824932E-30 ) ) ;
#1448 = EDGE_CURVE ( 'NONE', #872, #85, #3715, .T. ) ;
#1449 = DIRECTION ( 'NONE',  ( -0.000000000000000000, -0.000000000000000000, 1.000000000000000000 ) ) ;
#1450 = EDGE_CURVE ( 'NONE', #1135, #2319, #230, .T. ) ;
#1451 = ORIENTED_EDGE ( 'NONE', *, *, #309, .T. ) ;
#1452 = CARTESIAN_POINT ( 'NONE',  ( -0.3200000000000001177, 11.15358983848622287, -0.3099999999999999423 ) ) ;
#1453 = VERTEX_POINT ( 'NONE', #844 ) ;
#1454 = ORIENTED_EDGE ( 'NONE', *, *, #3759, .T. ) ;
#1455 = VECTOR ( 'NONE', #114, 1000.000000000000000 ) ;
#1456 = ORIENTED_EDGE ( 'NONE', *, *, #469, .T. ) ;
#1457 = DIRECTION ( 'NONE',  ( 0.000000000000000000, 0.000000000000000000, 1.000000000000000000 ) ) ;
#1458 = VECTOR ( 'NONE', #1506, 1000.000000000000000 ) ;
#1459 = CARTESIAN_POINT ( 'NONE',  ( 1.165000000000000702, 2.500000000000000000, 1.009999999999997566 ) ) ;
#1460 = ORIENTED_EDGE ( 'NONE', *, *, #1314, .F. ) ;
#1461 = DIRECTION ( 'NONE',  ( 0.000000000000000000, -1.000000000000000000, 0.000000000000000000 ) ) ;
#1462 = AXIS2_PLACEMENT_3D ( 'NONE', #3399, #2532, #785 ) ;
#1463 = DIRECTION ( 'NONE',  ( 0.7071067811865473507, -0.000000000000000000, 0.7071067811865477948 ) ) ;
#1464 = CARTESIAN_POINT ( 'NONE',  ( -0.3199999999999998401, 0.000000000000000000, -1.589999999999999636 ) ) ;
#1465 = CARTESIAN_POINT ( 'NONE',  ( -0.1142264973081032198, 11.49000000000000021, 0.1142264973081031504 ) ) ;
#1466 = ORIENTED_EDGE ( 'NONE', *, *, #2301, .F. ) ;
#1467 = CARTESIAN_POINT ( 'NONE',  ( -0.6708578643762687088, 2.490000000000000213, -2.539999999999999591 ) ) ;
#1468 = ORIENTED_EDGE ( 'NONE', *, *, #359, .F. ) ;
#1469 = ORIENTED_EDGE ( 'NONE', *, *, #978, .T. ) ;
#1470 = VECTOR ( 'NONE', #2314, 1000.000000000000000 ) ;
#1471 = ORIENTED_EDGE ( 'NONE', *, *, #619, .T. ) ;
#1472 = ORIENTED_EDGE ( 'NONE', *, *, #2575, .F. ) ;
#1473 = DIRECTION ( 'NONE',  ( 1.000000000000000000, 0.000000000000000000, 4.565061778886333255E-15 ) ) ;
#1474 = DIRECTION ( 'NONE',  ( 0.4472135954999594820, -0.7745966692414817389, 0.4472135954999594265 ) ) ;
#1475 = AXIS2_PLACEMENT_3D ( 'NONE', #2501, #1023, #2142 ) ;
#1476 = PRODUCT_DEFINITION_SHAPE ( 'NONE', 'NONE',  #3807 ) ;
#1477 = DIRECTION ( 'NONE',  ( -1.694065894508600678E-16, 0.000000000000000000, -1.000000000000000000 ) ) ;
#1478 = PRODUCT_DEFINITION_CONTEXT ( 'detailed design', #1080, 'design' ) ;
#1479 = ORIENTED_EDGE ( 'NONE', *, *, #1315, .T. ) ;
#1480 = EDGE_CURVE ( 'NONE', #372, #381, #2831, .T. ) ;
#1481 = DIRECTION ( 'NONE',  ( -0.7071067811865469066, 0.000000000000000000, 0.7071067811865482389 ) ) ;
#1482 = DIRECTION ( 'NONE',  ( 0.000000000000000000, 0.000000000000000000, 1.000000000000000000 ) ) ;
#1483 = DIRECTION ( 'NONE',  ( -1.000000000000000000, 0.000000000000000000, 4.565061778886333255E-15 ) ) ;
#1484 = VECTOR ( 'NONE', #3229, 1000.000000000000000 ) ;
#1485 = PLANE ( 'NONE',  #1044 ) ;
#1486 = AXIS2_PLACEMENT_3D ( 'NONE', #772, #3129, #490 ) ;
#1487 = DIRECTION ( 'NONE',  ( 0.000000000000000000, -1.000000000000000000, 0.000000000000000000 ) ) ;
#1488 = EDGE_CURVE ( 'NONE', #2144, #1814, #2545, .T. ) ;
#1489 = CARTESIAN_POINT ( 'NONE',  ( 0.1228867513459474814, 11.49499999999999922, 0.1142264973081023177 ) ) ;
#1490 = ORIENTED_EDGE ( 'NONE', *, *, #3231, .T. ) ;
#1491 = CIRCLE ( 'NONE', #2597, 0.009999999999999998473 ) ;
#1492 = ADVANCED_FACE ( 'NONE', ( #535 ), #3769, .F. ) ;
#1493 = VERTEX_POINT ( 'NONE', #826 ) ;
#1494 =( GEOMETRIC_REPRESENTATION_CONTEXT ( 3 ) GLOBAL_UNCERTAINTY_ASSIGNED_CONTEXT ( ( #2941 ) ) GLOBAL_UNIT_ASSIGNED_CONTEXT ( ( #3631, #2455, #175 ) ) REPRESENTATION_CONTEXT ( 'NONE', 'WORKASPACE' ) );
#1495 =( BOUNDED_CURVE ( )  B_SPLINE_CURVE ( 3, ( #3314, #3586, #1625, #3040 ),
 .UNSPECIFIED., .F., .T. ) 
 B_SPLINE_CURVE_WITH_KNOTS ( ( 4, 4 ),
 ( 2.482534617831140267, 3.800650689348524125 ),
 .UNSPECIFIED. ) 
 CURVE ( )  GEOMETRIC_REPRESENTATION_ITEM ( )  RATIONAL_B_SPLINE_CURVE ( ( 1.000000000000000000, 0.8603796100557086213, 0.8603796100557086213, 1.000000000000000000 ) ) 
 REPRESENTATION_ITEM ( '' )  );
#1496 = EDGE_LOOP ( 'NONE', ( #1778, #2481, #406, #1519 ) ) ;
#1497 = DIRECTION ( 'NONE',  ( -2.125886612716675327E-16, 0.000000000000000000, -1.000000000000000000 ) ) ;
#1498 = EDGE_CURVE ( 'NONE', #413, #2114, #1712, .T. ) ;
#1499 = FACE_OUTER_BOUND ( 'NONE', #1701, .T. ) ;
#1500 = PRODUCT_DEFINITION_FORMATION_WITH_SPECIFIED_SOURCE ( 'ANY', '', #3518, .NOT_KNOWN. ) ;
#1501 = EDGE_CURVE ( 'NONE', #1699, #2304, #1116, .T. ) ;
#1502 = DIRECTION ( 'NONE',  ( 1.000000000000000000, 0.000000000000000000, 0.000000000000000000 ) ) ;
#1503 = ORIENTED_EDGE ( 'NONE', *, *, #1953, .F. ) ;
#1504 = VECTOR ( 'NONE', #1146, 1000.000000000000000 ) ;
#1505 = CARTESIAN_POINT ( 'NONE',  ( 1.172071067811866429, 0.5000000000000000000, 2.042928932188134539 ) ) ;
#1506 = DIRECTION ( 'NONE',  ( -0.000000000000000000, 1.000000000000000000, -0.000000000000000000 ) ) ;
#1507 = CARTESIAN_POINT ( 'NONE',  ( -1.270000000000000240, 0.5000000000000000000, -2.040000000000000480 ) ) ;
#1508 = DIRECTION ( 'NONE',  ( -1.694065894508600678E-16, 0.000000000000000000, -1.000000000000000000 ) ) ;
#1509 = DIRECTION ( 'NONE',  ( -0.000000000000000000, 1.000000000000000000, -0.000000000000000000 ) ) ;
#1510 = ORIENTED_EDGE ( 'NONE', *, *, #1604, .T. ) ;
#1511 = CARTESIAN_POINT ( 'NONE',  ( 0.1142264973081040247, 0.004999999999999983624, -0.1228867513459484528 ) ) ;
#1512 = EDGE_CURVE ( 'NONE', #500, #2067, #1737, .T. ) ;
#1513 = ORIENTED_EDGE ( 'NONE', *, *, #2793, .T. ) ;
#1514 = ORIENTED_EDGE ( 'NONE', *, *, #2575, .T. ) ;
#1515 = CARTESIAN_POINT ( 'NONE',  ( 0.000000000000000000, 11.50000000000000000, -0.1142264973081030810 ) ) ;
#1516 = DIRECTION ( 'NONE',  ( 0.000000000000000000, 0.000000000000000000, 1.000000000000000000 ) ) ;
#1517 = CARTESIAN_POINT ( 'NONE',  ( -1.179142135623730825, 0.5000000000000004441, -2.049999999999999822 ) ) ;
#1518 = DIRECTION ( 'NONE',  ( 1.000000000000000000, 0.000000000000000000, -2.125886612716675327E-16 ) ) ;
#1519 = ORIENTED_EDGE ( 'NONE', *, *, #2418, .F. ) ;
#1520 = AXIS2_PLACEMENT_3D ( 'NONE', #164, #1577, #3600 ) ;
#1521 = DIRECTION ( 'NONE',  ( -0.7071067811865477948, 0.000000000000000000, -0.7071067811865473507 ) ) ;
#1522 = CARTESIAN_POINT ( 'NONE',  ( 0.3108419876365760004, 0.3463640836734994122, 0.3199733969465144989 ) ) ;
#1523 = EDGE_CURVE ( 'NONE', #1759, #2189, #1596, .T. ) ;
#1524 = AXIS2_PLACEMENT_3D ( 'NONE', #2151, #1280, #2446 ) ;
#1525 = CARTESIAN_POINT ( 'NONE',  ( -0.1142264973081042051, 0.000000000000000000, -0.1200000000000003147 ) ) ;
#1526 = CARTESIAN_POINT ( 'NONE',  ( -1.179142135623730825, 2.490000000000000213, 2.050000000000000711 ) ) ;
#1527 = DIRECTION ( 'NONE',  ( -1.694065894508600678E-16, 0.000000000000000000, -1.000000000000000000 ) ) ;
#1528 = CARTESIAN_POINT ( 'NONE',  ( -1.174999999999999822, 2.490000000000000213, 0.9999999999999978906 ) ) ;
#1529 = ORIENTED_EDGE ( 'NONE', *, *, #1654, .T. ) ;
#1530 = CARTESIAN_POINT ( 'NONE',  ( -0.3199999999999998401, 2.500000000000000000, 1.589999999999999636 ) ) ;
#1531 = ORIENTED_EDGE ( 'NONE', *, *, #3085, .F. ) ;
#1532 = VECTOR ( 'NONE', #1419, 999.9999999999998863 ) ;
#1533 = ORIENTED_EDGE ( 'NONE', *, *, #190, .F. ) ;
#1534 = CARTESIAN_POINT ( 'NONE',  ( -1.172071067811865319, 2.500000000000000000, -2.042928932188134095 ) ) ;
#1535 = CARTESIAN_POINT ( 'NONE',  ( 1.175000000000000711, 2.490000000000000213, 2.040000000000000036 ) ) ;
#1536 = EDGE_LOOP ( 'NONE', ( #1619, #1503, #3219, #846 ) ) ;
#1537 = CARTESIAN_POINT ( 'NONE',  ( 1.269999999999999796, 2.490000000000000213, -2.030000000000000693 ) ) ;
#1538 = DIRECTION ( 'NONE',  ( 0.000000000000000000, -1.000000000000000000, 0.000000000000000000 ) ) ;
#1539 = AXIS2_PLACEMENT_3D ( 'NONE', #560, #1414, #2591 ) ;
#1540 = CIRCLE ( 'NONE', #1094, 0.01000000000000001409 ) ;
#1541 = CARTESIAN_POINT ( 'NONE',  ( -0.3104214140871993655, 0.3464101615137729073, -0.3199999999999999512 ) ) ;
#1542 = CARTESIAN_POINT ( 'NONE',  ( -0.3199999999999998401, 2.500000000000000000, 1.589999999999999636 ) ) ;
#1543 = VECTOR ( 'NONE', #2271, 1000.000000000000000 ) ;
#1544 = CARTESIAN_POINT ( 'NONE',  ( -0.08907179676972420967, 11.53856921938165137, 0.09773205080756851293 ) ) ;
#1545 = ADVANCED_FACE ( 'NONE', ( #760 ), #478, .F. ) ;
#1546 = ORIENTED_EDGE ( 'NONE', *, *, #1729, .T. ) ;
#1547 = LINE ( 'NONE', #3389, #1853 ) ;
#1548 = EDGE_CURVE ( 'NONE', #3175, #2704, #2031, .T. ) ;
#1549 = ORIENTED_EDGE ( 'NONE', *, *, #2632, .F. ) ;
#1550 = ORIENTED_EDGE ( 'NONE', *, *, #2880, .F. ) ;
#1551 = PLANE ( 'NONE',  #2911 ) ;
#1552 = VECTOR ( 'NONE', #660, 1000.000000000000000 ) ;
#1553 = AXIS2_PLACEMENT_3D ( 'NONE', #305, #1483, #2096 ) ;
#1554 = DIRECTION ( 'NONE',  ( 0.7071067811865476838, 0.000000000000000000, 0.7071067811865473507 ) ) ;
#1555 = TOROIDAL_SURFACE ( 'NONE', #2908, 0.02000000000000000042, 0.01000000000000000021 ) ;
#1556 = FACE_OUTER_BOUND ( 'NONE', #581, .T. ) ;
#1557 = ORIENTED_EDGE ( 'NONE', *, *, #678, .T. ) ;
#1558 = AXIS2_PLACEMENT_3D ( 'NONE', #1389, #3547, #782 ) ;
#1559 = CYLINDRICAL_SURFACE ( 'NONE', #352, 0.009999999999999998473 ) ;
#1560 = CARTESIAN_POINT ( 'NONE',  ( 1.270000000000000684, 2.500000000000000000, 2.029999999999999805 ) ) ;
#1561 = EDGE_CURVE ( 'NONE', #480, #3455, #2854, .T. ) ;
#1562 = ADVANCED_FACE ( 'NONE', ( #2395 ), #864, .T. ) ;
#1563 = CARTESIAN_POINT ( 'NONE',  ( -0.3100000000000001088, 0.3464101615137729628, -0.3199999999999999512 ) ) ;
#1564 = VECTOR ( 'NONE', #2292, 999.9999999999998863 ) ;
#1565 =( REPRESENTATION_RELATIONSHIP ('NONE','NONE', #3667, #1932 ) REPRESENTATION_RELATIONSHIP_WITH_TRANSFORMATION ( #3567 )SHAPE_REPRESENTATION_RELATIONSHIP( ) );
#1566 = EDGE_CURVE ( 'NONE', #1020, #3282, #3490, .T. ) ;
#1567 = CARTESIAN_POINT ( 'NONE',  ( 1.179142135623730825, 2.490000000000000213, -2.030000000000000249 ) ) ;
#1568 = CARTESIAN_POINT ( 'NONE',  ( 0.3199202969641257166, 11.15372788819387395, 0.3112600429262805668 ) ) ;
#1569 = ORIENTED_EDGE ( 'NONE', *, *, #60, .T. ) ;
#1570 = ORIENTED_EDGE ( 'NONE', *, *, #2803, .T. ) ;
#1571 = ORIENTED_EDGE ( 'NONE', *, *, #1949, .T. ) ;
#1572 = LINE ( 'NONE', #3359, #1677 ) ;
#1573 = DIRECTION ( 'NONE',  ( 0.000000000000000000, 0.000000000000000000, -1.000000000000000000 ) ) ;
#1574 = CARTESIAN_POINT ( 'NONE',  ( -1.179142135623730825, 0.5000000000000000000, -2.040000000000000480 ) ) ;
#1575 = CYLINDRICAL_SURFACE ( 'NONE', #1889, 0.01000000000000002623 ) ;
#1576 = ORIENTED_EDGE ( 'NONE', *, *, #1374, .T. ) ;
#1577 = DIRECTION ( 'NONE',  ( 0.000000000000000000, -1.000000000000000000, 0.000000000000000000 ) ) ;
#1578 = ORIENTED_EDGE ( 'NONE', *, *, #3195, .F. ) ;
#1579 = CYLINDRICAL_SURFACE ( 'NONE', #3382, 0.009999999999999998473 ) ;
#1580 = CARTESIAN_POINT ( 'NONE',  ( -1.174999999999998934, 0.01000000000000002623, -2.040000000000000480 ) ) ;
#1581 = DIRECTION ( 'NONE',  ( 8.470329472543004623E-17, 0.000000000000000000, -1.000000000000000000 ) ) ;
#1582 = AXIS2_PLACEMENT_3D ( 'NONE', #3008, #319, #942 ) ;
#1583 = DIRECTION ( 'NONE',  ( 0.000000000000000000, 0.000000000000000000, 1.000000000000000000 ) ) ;
#1584 = CONTEXT_DEPENDENT_SHAPE_REPRESENTATION ( #1236, #3044 ) ;
#1585 = ORIENTED_EDGE ( 'NONE', *, *, #1159, .T. ) ;
#1586 = ORIENTED_EDGE ( 'NONE', *, *, #2739, .F. ) ;
#1587 = VERTEX_POINT ( 'NONE', #2100 ) ;
#1588 = VERTEX_POINT ( 'NONE', #2047 ) ;
#1589 = SPHERICAL_SURFACE ( 'NONE', #2072, 0.01000000000000000021 ) ;
#1590 = EDGE_CURVE ( 'NONE', #3768, #2135, #1829, .T. ) ;
#1591 = VERTEX_POINT ( 'NONE', #1542 ) ;
#1592 = FACE_OUTER_BOUND ( 'NONE', #2382, .T. ) ;
#1593 = EDGE_CURVE ( 'NONE', #381, #3175, #1540, .T. ) ;
#1594 = CARTESIAN_POINT ( 'NONE',  ( 1.164999999999999147, -1.513556914989407631E-17, -2.044142135623731704 ) ) ;
#1595 = CARTESIAN_POINT ( 'NONE',  ( -0.3200000000000000067, 11.15358983848622287, 0.3104214140871992544 ) ) ;
#1596 = CIRCLE ( 'NONE', #371, 0.01000000000000002623 ) ;
#1597 = DIRECTION ( 'NONE',  ( 1.000000000000000000, 0.000000000000000000, -2.125886612716675327E-16 ) ) ;
#1598 = ADVANCED_FACE ( 'NONE', ( #3214 ), #1178, .F. ) ;
#1599 = VERTEX_POINT ( 'NONE', #627 ) ;
#1600 = VECTOR ( 'NONE', #1667, 1000.000000000000227 ) ;
#1601 = EDGE_LOOP ( 'NONE', ( #1674, #1349, #3480, #2495, #1634, #401, #209, #1415, #2340, #1585, #3640, #3140, #3470, #1576, #1375, #3484, #596, #1873, #523, #3217, #780, #3534, #973, #296 ) ) ;
#1602 = AXIS2_PLACEMENT_3D ( 'NONE', #3661, #1025, #1852 ) ;
#1603 = ORIENTED_EDGE ( 'NONE', *, *, #2367, .F. ) ;
#1604 = EDGE_CURVE ( 'NONE', #2135, #883, #2772, .T. ) ;
#1605 = LINE ( 'NONE', #1039, #2079 ) ;
#1606 = ADVANCED_FACE ( 'NONE', ( #2679 ), #308, .T. ) ;
#1607 = ORIENTED_EDGE ( 'NONE', *, *, #749, .T. ) ;
#1608 = FACE_OUTER_BOUND ( 'NONE', #775, .T. ) ;
#1609 = VERTEX_POINT ( 'NONE', #1467 ) ;
#1610 = FACE_OUTER_BOUND ( 'NONE', #1388, .T. ) ;
#1611 = AXIS2_PLACEMENT_3D ( 'NONE', #2835, #3772, #3417 ) ;
#1612 =( BOUNDED_CURVE ( )  B_SPLINE_CURVE ( 3, ( #1995, #1170, #1705, #2018 ),
 .UNSPECIFIED., .F., .F. ) 
 B_SPLINE_CURVE_WITH_KNOTS ( ( 4, 4 ),
 ( 3.141592653589791784, 4.712388980384689674 ),
 .UNSPECIFIED. ) 
 CURVE ( )  GEOMETRIC_REPRESENTATION_ITEM ( )  RATIONAL_B_SPLINE_CURVE ( ( 1.000000000000000000, 0.8047378541243646044, 0.8047378541243646044, 1.000000000000000000 ) ) 
 REPRESENTATION_ITEM ( '' )  );
#1613 = DIRECTION ( 'NONE',  ( 0.000000000000000000, 0.000000000000000000, 1.000000000000000000 ) ) ;
#1614 = DIRECTION ( 'NONE',  ( 0.000000000000000000, -1.000000000000000000, 0.000000000000000000 ) ) ;
#1615 = PLANE ( 'NONE',  #433 ) ;
#1616 = CARTESIAN_POINT ( 'NONE',  ( 0.000000000000000000, 0.01000000000000000021, 2.049999999999999822 ) ) ;
#1617 = LINE ( 'NONE', #1923, #1071 ) ;
#1618 = EDGE_LOOP ( 'NONE', ( #2706, #1396, #1915, #1678 ) ) ;
#1619 = ORIENTED_EDGE ( 'NONE', *, *, #2508, .T. ) ;
#1620 = ORIENTED_EDGE ( 'NONE', *, *, #2334, .T. ) ;
#1621 = DIRECTION ( 'NONE',  ( 0.4472135954999578722, -0.7745966692414835153, -0.4472135954999579277 ) ) ;
#1622 = CYLINDRICAL_SURFACE ( 'NONE', #3281, 0.01000000000000002623 ) ;
#1623 = ORIENTED_EDGE ( 'NONE', *, *, #2757, .F. ) ;
#1624 = DIRECTION ( 'NONE',  ( 1.000000000000000000, 0.000000000000000000, 0.000000000000000000 ) ) ;
#1625 = CARTESIAN_POINT ( 'NONE',  ( -0.3193224092811622339, 11.15476346003734420, -0.3159672026817062496 ) ) ;
#1626 = DIRECTION ( 'NONE',  ( 0.000000000000000000, 0.000000000000000000, -1.000000000000000000 ) ) ;
#1627 = DIRECTION ( 'NONE',  ( -0.000000000000000000, 1.000000000000000000, -0.000000000000000000 ) ) ;
#1628 = DIRECTION ( 'NONE',  ( -1.000000000000000000, 0.000000000000000000, 1.694065894508598706E-16 ) ) ;
#1629 = VECTOR ( 'NONE', #2470, 1000.000000000000000 ) ;
#1630 = LINE ( 'NONE', #1328, #2225 ) ;
#1631 = ORIENTED_EDGE ( 'NONE', *, *, #1160, .T. ) ;
#1632 = VECTOR ( 'NONE', #1073, 1000.000000000000000 ) ;
#1633 = AXIS2_PLACEMENT_3D ( 'NONE', #2891, #1957, #267 ) ;
#1634 = ORIENTED_EDGE ( 'NONE', *, *, #3404, .T. ) ;
#1635 = ORIENTED_EDGE ( 'NONE', *, *, #3293, .F. ) ;
#1636 = ADVANCED_FACE ( 'NONE', ( #3548 ), #2219, .T. ) ;
#1637 = DIRECTION ( 'NONE',  ( 1.000000000000000000, 0.000000000000000000, 0.000000000000000000 ) ) ;
#1638 = CARTESIAN_POINT ( 'NONE',  ( 0.3199202969641257721, 0.3462721118061212744, 0.3112600429262813440 ) ) ;
#1639 = CARTESIAN_POINT ( 'NONE',  ( 1.175000000000000711, 2.350000000000000089, -1.000000000000002442 ) ) ;
#1640 = DIRECTION ( 'NONE',  ( 0.000000000000000000, 0.000000000000000000, -1.000000000000000000 ) ) ;
#1641 = EDGE_LOOP ( 'NONE', ( #1749, #1469, #3308, #3045 ) ) ;
#1642 = CARTESIAN_POINT ( 'NONE',  ( 0.1142264973081041080, 0.01000000000000000021, 0.1142264973081041773 ) ) ;
#1643 = CYLINDRICAL_SURFACE ( 'NONE', #2425, 0.01000000000000002623 ) ;
#1644 = AXIS2_PLACEMENT_3D ( 'NONE', #839, #2019, #3127 ) ;
#1645 = DIRECTION ( 'NONE',  ( 0.000000000000000000, 0.000000000000000000, 1.000000000000000000 ) ) ;
#1646 = CARTESIAN_POINT ( 'NONE',  ( 0.000000000000000000, 0.01000000000000000021, 0.1142264973081042190 ) ) ;
#1647 = DIRECTION ( 'NONE',  ( -0.000000000000000000, 1.000000000000000000, -0.000000000000000000 ) ) ;
#1648 = EDGE_CURVE ( 'NONE', #3346, #413, #606, .T. ) ;
#1649 = CARTESIAN_POINT ( 'NONE',  ( -0.3112600429262813995, 11.15372788819387395, -0.3199202969641255501 ) ) ;
#1650 = DIRECTION ( 'NONE',  ( -0.000000000000000000, 1.000000000000000000, -0.000000000000000000 ) ) ;
#1651 = VERTEX_POINT ( 'NONE', #1179 ) ;
#1652 = ORIENTED_EDGE ( 'NONE', *, *, #1429, .T. ) ;
#1653 = CARTESIAN_POINT ( 'NONE',  ( -0.3130717967697246307, 0.3494101615137729655, -0.3217320508075688368 ) ) ;
#1654 = EDGE_CURVE ( 'NONE', #1135, #3617, #2701, .T. ) ;
#1655 = EDGE_LOOP ( 'NONE', ( #2108, #3032, #30, #1744 ) ) ;
#1656 = EDGE_LOOP ( 'NONE', ( #2127, #1800, #2544, #357 ) ) ;
#1657 = CARTESIAN_POINT ( 'NONE',  ( 0.3200000000000001732, 0.9000000000000010214, -1.589999999999999636 ) ) ;
#1658 = AXIS2_PLACEMENT_3D ( 'NONE', #159, #178, #2513 ) ;
#1659 = ADVANCED_FACE ( 'NONE', ( #3001 ), #59, .F. ) ;
#1660 = AXIS2_PLACEMENT_3D ( 'NONE', #2297, #3763, #820 ) ;
#1661 = CYLINDRICAL_SURFACE ( 'NONE', #1720, 0.009999999999999903064 ) ;
#1662 = ORIENTED_EDGE ( 'NONE', *, *, #2627, .F. ) ;
#1663 = CARTESIAN_POINT ( 'NONE',  ( -0.3199733969465144989, 0.3463640836734995232, -0.3108419876365758339 ) ) ;
#1664 = LINE ( 'NONE', #1400, #1564 ) ;
#1665 = LINE ( 'NONE', #166, #3122 ) ;
#1666 = AXIS2_PLACEMENT_3D ( 'NONE', #3224, #2434, #2118 ) ;
#1667 = DIRECTION ( 'NONE',  ( 0.4472135954999592600, -0.7745966692414817389, -0.4472135954999593710 ) ) ;
#1668 = CYLINDRICAL_SURFACE ( 'NONE', #3138, 0.009999999999999903064 ) ;
#1669 = FACE_OUTER_BOUND ( 'NONE', #1601, .T. ) ;
#1670 = EDGE_CURVE ( 'NONE', #1270, #1296, #3225, .T. ) ;
#1671 = STYLED_ITEM ( 'NONE', ( #1120 ), #514 ) ;
#1672 = CARTESIAN_POINT ( 'NONE',  ( 1.175000000000001155, 2.500000000000000000, 2.039999999999999591 ) ) ;
#1673 = EDGE_CURVE ( 'NONE', #1270, #484, #1243, .T. ) ;
#1674 = ORIENTED_EDGE ( 'NONE', *, *, #3695, .T. ) ;
#1675 = EDGE_LOOP ( 'NONE', ( #2460, #281, #2492, #1106 ) ) ;
#1676 = CARTESIAN_POINT ( 'NONE',  ( 0.6749999999999993783, 0.01000000000000002623, -2.539999999999999591 ) ) ;
#1677 = VECTOR ( 'NONE', #1621, 1000.000000000000000 ) ;
#1678 = ORIENTED_EDGE ( 'NONE', *, *, #1827, .T. ) ;
#1679 = VECTOR ( 'NONE', #1502, 1000.000000000000000 ) ;
#1680 = ORIENTED_EDGE ( 'NONE', *, *, #1840, .F. ) ;
#1681 = DIRECTION ( 'NONE',  ( 1.000000000000000000, 0.000000000000000000, 0.000000000000000000 ) ) ;
#1682 = ORIENTED_EDGE ( 'NONE', *, *, #623, .T. ) ;
#1683 = CARTESIAN_POINT ( 'NONE',  ( -0.1142264973081042051, 0.01000000000000001929, 0.1142264973081041912 ) ) ;
#1684 = ORIENTED_EDGE ( 'NONE', *, *, #1840, .T. ) ;
#1685 = PLANE ( 'NONE',  #2427 ) ;
#1686 = CARTESIAN_POINT ( 'NONE',  ( 0.1142264973081041080, 0.009999999999999991535, 0.1142264973081040663 ) ) ;
#1687 = CARTESIAN_POINT ( 'NONE',  ( -1.270000000000000240, 0.5000000000000000000, 2.039999999999999591 ) ) ;
#1688 = PLANE ( 'NONE',  #1908 ) ;
#1689 = CARTESIAN_POINT ( 'NONE',  ( -0.3200000000000001177, 11.50000000000000000, -0.3199999999999999512 ) ) ;
#1690 = PLANE ( 'NONE',  #77 ) ;
#1691 = ORIENTED_EDGE ( 'NONE', *, *, #3525, .T. ) ;
#1692 = CARTESIAN_POINT ( 'NONE',  ( 0.3200000000000000067, 11.15358983848622287, 0.3200000000000000067 ) ) ;
#1693 = ORIENTED_EDGE ( 'NONE', *, *, #1390, .F. ) ;
#1694 = VECTOR ( 'NONE', #2311, 1000.000000000000000 ) ;
#1695 = ORIENTED_EDGE ( 'NONE', *, *, #189, .F. ) ;
#1696 = AXIS2_PLACEMENT_3D ( 'NONE', #2060, #2081, #605 ) ;
#1697 = FACE_OUTER_BOUND ( 'NONE', #3164, .T. ) ;
#1698 = AXIS2_PLACEMENT_3D ( 'NONE', #247, #1446, #204 ) ;
#1699 = VERTEX_POINT ( 'NONE', #2119 ) ;
#1700 = CYLINDRICAL_SURFACE ( 'NONE', #1539, 0.01000000000000002623 ) ;
#1701 = EDGE_LOOP ( 'NONE', ( #656, #410, #1549 ) ) ;
#1702 = LINE ( 'NONE', #3481, #390 ) ;
#1703 = CARTESIAN_POINT ( 'NONE',  ( -1.269999999999999796, 2.500000000000000000, -2.030000000000000249 ) ) ;
#1704 = CARTESIAN_POINT ( 'NONE',  ( -0.3200000000000000622, 0.3464101615137729073, -0.3104214140871991989 ) ) ;
#1705 = CARTESIAN_POINT ( 'NONE',  ( 1.165000000000001146, 1.124046759578718513E-17, 2.044142135623730816 ) ) ;
#1706 = DIRECTION ( 'NONE',  ( 1.000000000000000000, 0.000000000000000000, 0.000000000000000000 ) ) ;
#1707 = LINE ( 'NONE', #1403, #2692 ) ;
#1708 = DIRECTION ( 'NONE',  ( 0.000000000000000000, 0.000000000000000000, -1.000000000000000000 ) ) ;
#1709 = ADVANCED_FACE ( 'NONE', ( #3277 ), #369, .T. ) ;
#1710 = EDGE_CURVE ( 'NONE', #91, #720, #2710, .T. ) ;
#1711 = DIRECTION ( 'NONE',  ( 0.000000000000000000, 1.000000000000000000, 0.000000000000000000 ) ) ;
#1712 = CIRCLE ( 'NONE', #1964, 0.01000000000000002623 ) ;
#1713 = EDGE_CURVE ( 'NONE', #1453, #1759, #2949, .T. ) ;
#1714 = ORIENTED_EDGE ( 'NONE', *, *, #1372, .F. ) ;
#1715 = CARTESIAN_POINT ( 'NONE',  ( -1.174999999999998934, 0.004142135623730977372, -2.040000000000000480 ) ) ;
#1716 = EDGE_CURVE ( 'NONE', #3617, #2765, #132, .T. ) ;
#1717 = FACE_OUTER_BOUND ( 'NONE', #3196, .T. ) ;
#1718 = VERTEX_POINT ( 'NONE', #1580 ) ;
#1719 = SURFACE_SIDE_STYLE ('',( #3143 ) ) ;
#1720 = AXIS2_PLACEMENT_3D ( 'NONE', #812, #1373, #2262 ) ;
#1721 = AXIS2_PLACEMENT_3D ( 'NONE', #1408, #2025, #2622 ) ;
#1722 = ORIENTED_EDGE ( 'NONE', *, *, #1991, .F. ) ;
#1723 = ADVANCED_FACE ( 'NONE', ( #1869 ), #661, .T. ) ;
#1724 = DIRECTION ( 'NONE',  ( -0.4472135954999630902, 0.7745966692414802957, 0.4472135954999584828 ) ) ;
#1725 = ADVANCED_FACE ( 'NONE', ( #3056 ), #451, .T. ) ;
#1726 = ORIENTED_EDGE ( 'NONE', *, *, #3293, .T. ) ;
#1727 = FACE_OUTER_BOUND ( 'NONE', #1290, .T. ) ;
#1728 = CARTESIAN_POINT ( 'NONE',  ( -0.3199202969641258276, 0.3462721118061212189, -0.3112600429262812884 ) ) ;
#1729 = EDGE_CURVE ( 'NONE', #1413, #3179, #1412, .T. ) ;
#1730 = VECTOR ( 'NONE', #1344, 1000.000000000000000 ) ;
#1731 = EDGE_CURVE ( 'NONE', #2552, #2389, #1495, .T. ) ;
#1732 = CARTESIAN_POINT ( 'NONE',  ( 9.267075411139231051E-15, 2.490000000000000213, -2.029999999999994476 ) ) ;
#1733 = DIRECTION ( 'NONE',  ( -1.000000000000000000, -0.000000000000000000, 0.000000000000000000 ) ) ;
#1734 = CARTESIAN_POINT ( 'NONE',  ( 0.3099999999999999978, 11.50000000000000000, 0.3100000000000000533 ) ) ;
#1735 = DIRECTION ( 'NONE',  ( 1.694065894508600678E-16, -0.000000000000000000, 1.000000000000000000 ) ) ;
#1736 = VERTEX_POINT ( 'NONE', #436 ) ;
#1737 = LINE ( 'NONE', #1653, #306 ) ;
#1738 = VECTOR ( 'NONE', #1624, 1000.000000000000000 ) ;
#1739 = VERTEX_POINT ( 'NONE', #2484 ) ;
#1740 = VECTOR ( 'NONE', #1440, 1000.000000000000000 ) ;
#1741 = VERTEX_POINT ( 'NONE', #1000 ) ;
#1742 = EDGE_LOOP ( 'NONE', ( #1317, #1119, #540, #1426, #1312, #583 ) ) ;
#1743 = DIRECTION ( 'NONE',  ( -0.4472135954999464924, 0.7745966692414957278, 0.4472135954999485463 ) ) ;
#1744 = ORIENTED_EDGE ( 'NONE', *, *, #1137, .F. ) ;
#1745 = CARTESIAN_POINT ( 'NONE',  ( 0.000000000000000000, 11.50000000000000000, 0.1199999999999995515 ) ) ;
#1746 = LINE ( 'NONE', #1703, #1694 ) ;
#1747 = DIRECTION ( 'NONE',  ( -0.7071067811865474617, 0.000000000000000000, 0.7071067811865474617 ) ) ;
#1748 = CARTESIAN_POINT ( 'NONE',  ( -1.164999999999999813, 2.500000000000000000, 1.009999999999997788 ) ) ;
#1749 = ORIENTED_EDGE ( 'NONE', *, *, #3764, .T. ) ;
#1750 = CARTESIAN_POINT ( 'NONE',  ( 0.3200000000000001732, 0.9000000000000010214, -1.589999999999999636 ) ) ;
#1751 = FACE_OUTER_BOUND ( 'NONE', #3791, .T. ) ;
#1752 = LINE ( 'NONE', #908, #3529 ) ;
#1753 = DIRECTION ( 'NONE',  ( -0.7071067811865475727, 0.000000000000000000, 0.7071067811865475727 ) ) ;
#1754 = ORIENTED_EDGE ( 'NONE', *, *, #686, .F. ) ;
#1755 = DIRECTION ( 'NONE',  ( 1.000000000000000000, 0.000000000000000000, 2.282530889443166233E-15 ) ) ;
#1756 = LINE ( 'NONE', #2935, #3466 ) ;
#1757 = VERTEX_POINT ( 'NONE', #2450 ) ;
#1758 = DIRECTION ( 'NONE',  ( 1.000000000000000000, 0.000000000000000000, -2.282530889443166233E-15 ) ) ;
#1759 = VERTEX_POINT ( 'NONE', #699 ) ;
#1760 = CIRCLE ( 'NONE', #3714, 0.01000000000000002623 ) ;
#1761 = ADVANCED_FACE ( 'NONE', ( #3093 ), #2435, .F. ) ;
#1762 = VERTEX_POINT ( 'NONE', #403 ) ;
#1763 = CARTESIAN_POINT ( 'NONE',  ( 1.174999999999999822, 0.5000000000000000000, -2.040000000000000480 ) ) ;
#1764 = VECTOR ( 'NONE', #1781, 1000.000000000000000 ) ;
#1765 = EDGE_CURVE ( 'NONE', #3334, #1961, #1022, .T. ) ;
#1766 = DIRECTION ( 'NONE',  ( 1.694065894508600678E-16, -0.000000000000000000, 1.000000000000000000 ) ) ;
#1767 = CARTESIAN_POINT ( 'NONE',  ( 0.6779289321881338815, 2.500000000000000000, -2.537071067811865088 ) ) ;
#1768 = LINE ( 'NONE', #2943, #2139 ) ;
#1769 = CARTESIAN_POINT ( 'NONE',  ( 1.175000000000000711, 0.000000000000000000, 2.049999999999999822 ) ) ;
#1770 = DIRECTION ( 'NONE',  ( 1.000000000000000000, -0.000000000000000000, -0.000000000000000000 ) ) ;
#1771 = EDGE_CURVE ( 'NONE', #372, #2444, #3446, .T. ) ;
#1772 = CARTESIAN_POINT ( 'NONE',  ( 0.3159672026817064716, 11.15476346003734598, -0.3193224092811616788 ) ) ;
#1773 = LINE ( 'NONE', #3161, #3105 ) ;
#1774 = ADVANCED_FACE ( 'NONE', ( #1284 ), #1267, .T. ) ;
#1775 = ORIENTED_EDGE ( 'NONE', *, *, #1488, .T. ) ;
#1776 = AXIS2_PLACEMENT_3D ( 'NONE', #890, #2442, #2078 ) ;
#1777 = ADVANCED_FACE ( 'NONE', ( #1322 ), #987, .T. ) ;
#1778 = ORIENTED_EDGE ( 'NONE', *, *, #1765, .F. ) ;
#1779 = VERTEX_POINT ( 'NONE', #2214 ) ;
#1780 = DIRECTION ( 'NONE',  ( 1.000000000000000000, 0.000000000000000000, 0.000000000000000000 ) ) ;
#1781 = DIRECTION ( 'NONE',  ( 1.084202172485504434E-16, 0.000000000000000000, 1.000000000000000000 ) ) ;
#1782 = VECTOR ( 'NONE', #3788, 1000.000000000000000 ) ;
#1783 = VECTOR ( 'NONE', #2861, 999.9999999999998863 ) ;
#1784 = CARTESIAN_POINT ( 'NONE',  ( 0.3199999999999998956, 11.15358983848622287, -0.3199999999999999512 ) ) ;
#1785 = ORIENTED_EDGE ( 'NONE', *, *, #2074, .F. ) ;
#1786 = CARTESIAN_POINT ( 'NONE',  ( -1.179142135623730825, 2.490000000000000213, -2.049999999999999822 ) ) ;
#1787 = CARTESIAN_POINT ( 'NONE',  ( -0.3199999999999998401, 0.9000000000000010214, -1.589999999999999636 ) ) ;
#1788 = PLANE ( 'NONE',  #2720 ) ;
#1789 = VECTOR ( 'NONE', #2105, 1000.000000000000000 ) ;
#1790 = LINE ( 'NONE', #2676, #2967 ) ;
#1791 = VECTOR ( 'NONE', #1204, 1000.000000000000000 ) ;
#1792 = CARTESIAN_POINT ( 'NONE',  ( 0.6779289321881349917, 2.500000000000000000, 2.537071067811865976 ) ) ;
#1793 = EDGE_CURVE ( 'NONE', #849, #3532, #2033, .T. ) ;
#1794 = EDGE_CURVE ( 'NONE', #2853, #2389, #1918, .T. ) ;
#1795 = PRODUCT_RELATED_PRODUCT_CATEGORY ( 'part', '', ( #1232 ) ) ;
#1796 = EDGE_CURVE ( 'NONE', #1413, #3381, #3610, .T. ) ;
#1797 = VERTEX_POINT ( 'NONE', #3719 ) ;
#1798 = PLANE ( 'NONE',  #2649 ) ;
#1799 = AXIS2_PLACEMENT_3D ( 'NONE', #1345, #740, #2220 ) ;
#1800 = ORIENTED_EDGE ( 'NONE', *, *, #3685, .F. ) ;
#1801 = PRESENTATION_LAYER_ASSIGNMENT (  '', '', ( #1671 ) ) ;
#1802 = VERTEX_POINT ( 'NONE', #3738 ) ;
#1803 = FACE_OUTER_BOUND ( 'NONE', #1655, .T. ) ;
#1804 = CARTESIAN_POINT ( 'NONE',  ( -1.270000000000000240, 0.5000000000000000000, -1.990000000000000879 ) ) ;
#1805 = CARTESIAN_POINT ( 'NONE',  ( 1.600428932188133313, 2.490000000000000213, -1.600428932188136200 ) ) ;
#1806 = CARTESIAN_POINT ( 'NONE',  ( 1.270000000000000684, -4.081105855034882879, 2.039999999999999591 ) ) ;
#1807 = ORIENTED_EDGE ( 'NONE', *, *, #3345, .F. ) ;
#1808 = LINE ( 'NONE', #2354, #1458 ) ;
#1809 = DIRECTION ( 'NONE',  ( 0.7071067811865474617, 0.000000000000000000, -0.7071067811865474617 ) ) ;
#1810 = CARTESIAN_POINT ( 'NONE',  ( -0.6749999999999996003, 2.490000000000000213, 2.540000000000000480 ) ) ;
#1811 = PRODUCT_CONTEXT ( 'NONE', #104, 'mechanical' ) ;
#1812 = CARTESIAN_POINT ( 'NONE',  ( 1.165000000000000702, 2.500000000000000000, 1.009999999999997566 ) ) ;
#1813 = CARTESIAN_POINT ( 'NONE',  ( 0.6708578643762694860, 2.490000000000000213, 2.540000000000000480 ) ) ;
#1814 = VERTEX_POINT ( 'NONE', #488 ) ;
#1815 = LINE ( 'NONE', #2705, #2282 ) ;
#1816 =( BOUNDED_CURVE ( )  B_SPLINE_CURVE ( 3, ( #419, #1595, #96, #2870 ),
 .UNSPECIFIED., .F., .F. ) 
 B_SPLINE_CURVE_WITH_KNOTS ( ( 4, 4 ),
 ( -5.329070518200751394E-15, 0.1263401276387706162 ),
 .UNSPECIFIED. ) 
 CURVE ( )  GEOMETRIC_REPRESENTATION_ITEM ( )  RATIONAL_B_SPLINE_CURVE ( ( 1.000000000000000000, 0.9986702899464854344, 0.9986702899464854344, 1.000000000000000000 ) ) 
 REPRESENTATION_ITEM ( '' )  );
#1817 = ORIENTED_EDGE ( 'NONE', *, *, #1673, .F. ) ;
#1818 = ORIENTED_EDGE ( 'NONE', *, *, #2076, .F. ) ;
#1819 = LINE ( 'NONE', #51, #986 ) ;
#1820 = CARTESIAN_POINT ( 'NONE',  ( 0.7200000000000019718, 0.5000000000000000000, -1.990000000000000879 ) ) ;
#1821 = AXIS2_PLACEMENT_3D ( 'NONE', #2969, #1217, #3298 ) ;
#1822 = CARTESIAN_POINT ( 'NONE',  ( -1.600428932188133979, 2.490000000000000213, -1.600428932188134867 ) ) ;
#1823 = EDGE_LOOP ( 'NONE', ( #2635, #3268, #2185, #1550 ) ) ;
#1824 = VECTOR ( 'NONE', #3104, 1000.000000000000000 ) ;
#1825 = CARTESIAN_POINT ( 'NONE',  ( -0.1142264973081041912, 0.01000000000000000021, -0.1142264973081040663 ) ) ;
#1826 = LINE ( 'NONE', #76, #2960 ) ;
#1827 = EDGE_CURVE ( 'NONE', #1888, #1814, #1083, .T. ) ;
#1828 = DIRECTION ( 'NONE',  ( -1.000000000000000000, -0.000000000000000000, 0.000000000000000000 ) ) ;
#1829 = LINE ( 'NONE', #912, #1848 ) ;
#1830 = EDGE_CURVE ( 'NONE', #2648, #1718, #3151, .T. ) ;
#1831 = DIRECTION ( 'NONE',  ( -0.4472135954999578722, -0.7745966692414835153, 0.4472135954999579277 ) ) ;
#1832 = EDGE_CURVE ( 'NONE', #2797, #2552, #3590, .T. ) ;
#1833 = EDGE_LOOP ( 'NONE', ( #882, #216, #2143, #273 ) ) ;
#1834 = CARTESIAN_POINT ( 'NONE',  ( -0.3199999999999998401, 0.000000000000000000, 1.589999999999999636 ) ) ;
#1835 = EDGE_CURVE ( 'NONE', #2732, #3744, #2268, .T. ) ;
#1836 = ORIENTED_EDGE ( 'NONE', *, *, #80, .F. ) ;
#1837 = AXIS2_PLACEMENT_3D ( 'NONE', #2824, #530, #1645 ) ;
#1838 = EDGE_LOOP ( 'NONE', ( #916, #944, #336, #2666 ) ) ;
#1839 = DIRECTION ( 'NONE',  ( 1.000000000000000000, 0.000000000000000000, -2.282530889443166233E-15 ) ) ;
#1840 = EDGE_CURVE ( 'NONE', #849, #1095, #182, .T. ) ;
#1841 = CARTESIAN_POINT ( 'NONE',  ( -0.3199202969641257721, 0.3462721118061212189, 0.3112600429262815105 ) ) ;
#1842 = EDGE_CURVE ( 'NONE', #2304, #786, #2346, .T. ) ;
#1843 = EDGE_CURVE ( 'NONE', #3321, #1599, #664, .T. ) ;
#1844 = FACE_OUTER_BOUND ( 'NONE', #3210, .T. ) ;
#1845 = ORIENTED_EDGE ( 'NONE', *, *, #1271, .F. ) ;
#1846 = CARTESIAN_POINT ( 'NONE',  ( -0.3199202969641257721, 0.3462721118061212189, 0.3112600429262815105 ) ) ;
#1847 = DIRECTION ( 'NONE',  ( 1.000000000000000000, -0.000000000000000000, -0.000000000000000000 ) ) ;
#1848 = VECTOR ( 'NONE', #1509, 1000.000000000000000 ) ;
#1849 = DIRECTION ( 'NONE',  ( 0.000000000000000000, 0.5000000000000019984, -0.8660254037844374864 ) ) ;
#1850 = PRODUCT_DEFINITION_SHAPE ( 'NONE', 'NONE',  #3801 ) ;
#1851 = DIRECTION ( 'NONE',  ( 0.000000000000000000, 0.000000000000000000, -1.000000000000000000 ) ) ;
#1852 = DIRECTION ( 'NONE',  ( 0.8660254037844379305, -0.5000000000000014433, 0.000000000000000000 ) ) ;
#1853 = VECTOR ( 'NONE', #2722, 1000.000000000000000 ) ;
#1854 = ORIENTED_EDGE ( 'NONE', *, *, #504, .T. ) ;
#1855 = EDGE_LOOP ( 'NONE', ( #236, #2527, #270, #1239 ) ) ;
#1856 = EDGE_LOOP ( 'NONE', ( #744, #3421, #138 ) ) ;
#1857 = CARTESIAN_POINT ( 'NONE',  ( -1.174999999999999822, 2.500000000000000000, 2.030000000000000693 ) ) ;
#1858 = AXIS2_PLACEMENT_3D ( 'NONE', #3353, #719, #1903 ) ;
#1859 = CARTESIAN_POINT ( 'NONE',  ( -0.6779289321881341035, 2.490000000000000213, 2.537071067811865976 ) ) ;
#1860 = DIRECTION ( 'NONE',  ( -0.000000000000000000, 1.000000000000000000, -0.000000000000000000 ) ) ;
#1861 = AXIS2_PLACEMENT_3D ( 'NONE', #2177, #131, #471 ) ;
#1862 = CARTESIAN_POINT ( 'NONE',  ( -1.179142135623730825, 2.490000000000000213, 2.040000000000000480 ) ) ;
#1863 = EDGE_LOOP ( 'NONE', ( #3693, #63, #233, #2605 ) ) ;
#1864 =( BOUNDED_CURVE ( )  B_SPLINE_CURVE ( 3, ( #286, #1522, #57, #2697 ),
 .UNSPECIFIED., .F., .F. ) 
 B_SPLINE_CURVE_WITH_KNOTS ( ( 4, 4 ),
 ( 3.015252525951000795, 3.141592653589793116 ),
 .UNSPECIFIED. ) 
 CURVE ( )  GEOMETRIC_REPRESENTATION_ITEM ( )  RATIONAL_B_SPLINE_CURVE ( ( 1.000000000000000000, 0.9986702899464852123, 0.9986702899464852123, 1.000000000000000000 ) ) 
 REPRESENTATION_ITEM ( '' )  );
#1865 = DIRECTION ( 'NONE',  ( 0.000000000000000000, 0.000000000000000000, -1.000000000000000000 ) ) ;
#1866 = EDGE_LOOP ( 'NONE', ( #1930, #317, #1818 ) ) ;
#1867 = CARTESIAN_POINT ( 'NONE',  ( -0.04749999999999936218, 0.5000000000000000000, 3.262500000000000622 ) ) ;
#1868 = AXIS2_PLACEMENT_3D ( 'NONE', #641, #2113, #3221 ) ;
#1869 = FACE_OUTER_BOUND ( 'NONE', #1656, .T. ) ;
#1870 = CARTESIAN_POINT ( 'NONE',  ( -1.269999999999999796, 2.490000000000000213, 1.009999999999998010 ) ) ;
#1871 = DIRECTION ( 'NONE',  ( -9.389466242107283931E-15, 0.000000000000000000, -1.000000000000000000 ) ) ;
#1872 = ORIENTED_EDGE ( 'NONE', *, *, #1654, .F. ) ;
#1873 = ORIENTED_EDGE ( 'NONE', *, *, #3747, .T. ) ;
#1874 = ORIENTED_EDGE ( 'NONE', *, *, #860, .F. ) ;
#1875 = FACE_OUTER_BOUND ( 'NONE', #2592, .T. ) ;
#1876 = EDGE_CURVE ( 'NONE', #3619, #1946, #113, .T. ) ;
#1877 = CARTESIAN_POINT ( 'NONE',  ( 0.6750000000000004885, 2.500000000000000000, 2.540000000000000480 ) ) ;
#1878 = ORIENTED_EDGE ( 'NONE', *, *, #2169, .T. ) ;
#1879 = CARTESIAN_POINT ( 'NONE',  ( -0.3112600429262814550, 0.3462721118061212189, -0.3199202969641256611 ) ) ;
#1880 = ADVANCED_FACE ( 'NONE', ( #2294 ), #818, .T. ) ;
#1881 = ORIENTED_EDGE ( 'NONE', *, *, #3235, .T. ) ;
#1882 = DIRECTION ( 'NONE',  ( 0.7071067811865421326, -0.000000000000000000, 0.7071067811865530128 ) ) ;
#1883 = CONTEXT_DEPENDENT_SHAPE_REPRESENTATION ( #1565, #3614 ) ;
#1884 = DIRECTION ( 'NONE',  ( 0.000000000000000000, -1.000000000000000000, 0.000000000000000000 ) ) ;
#1885 = CARTESIAN_POINT ( 'NONE',  ( 1.179142135623730825, 2.500000000000000000, -2.050000000000000266 ) ) ;
#1886 = DIRECTION ( 'NONE',  ( 0.7071067811865474617, 0.000000000000000000, -0.7071067811865474617 ) ) ;
#1887 = EDGE_CURVE ( 'NONE', #208, #1779, #2514, .T. ) ;
#1888 = VERTEX_POINT ( 'NONE', #1358 ) ;
#1889 = AXIS2_PLACEMENT_3D ( 'NONE', #3385, #3340, #750 ) ;
#1890 = EDGE_CURVE ( 'NONE', #1353, #1779, #2537, .T. ) ;
#1891 = ORIENTED_EDGE ( 'NONE', *, *, #2122, .F. ) ;
#1892 = ORIENTED_EDGE ( 'NONE', *, *, #12, .T. ) ;
#1893 = DIRECTION ( 'NONE',  ( -0.7071067811865474617, 0.000000000000000000, -0.7071067811865474617 ) ) ;
#1894 = ORIENTED_EDGE ( 'NONE', *, *, #2808, .T. ) ;
#1895 = DIRECTION ( 'NONE',  ( -1.000000000000000000, 0.000000000000000000, 0.000000000000000000 ) ) ;
#1896 = ORIENTED_EDGE ( 'NONE', *, *, #1357, .T. ) ;
#1897 = CARTESIAN_POINT ( 'NONE',  ( 0.1142264973081040663, 0.000000000000000000, -0.1142264973081040941 ) ) ;
#1898 = DIRECTION ( 'NONE',  ( -4.565061778886333255E-15, 0.000000000000000000, -1.000000000000000000 ) ) ;
#1899 = DIRECTION ( 'NONE',  ( -8.470329472543004623E-17, -0.000000000000000000, 1.000000000000000000 ) ) ;
#1900 = CARTESIAN_POINT ( 'NONE',  ( 0.3200000000000000067, 11.15358983848622287, 0.3100000000000000533 ) ) ;
#1901 = CARTESIAN_POINT ( 'NONE',  ( -1.170857864376269264, 2.500000000000000000, -1.004142135623733223 ) ) ;
#1902 = AXIS2_PLACEMENT_3D ( 'NONE', #1567, #2734, #95 ) ;
#1903 = DIRECTION ( 'NONE',  ( -1.355252715606880543E-15, -1.000000000000000000, 0.000000000000000000 ) ) ;
#1904 = EDGE_CURVE ( 'NONE', #3228, #2560, #2339, .T. ) ;
#1905 = EDGE_LOOP ( 'NONE', ( #1114, #3067, #511 ) ) ;
#1906 = VECTOR ( 'NONE', #2791, 1000.000000000000000 ) ;
#1907 = VERTEX_POINT ( 'NONE', #548 ) ;
#1908 = AXIS2_PLACEMENT_3D ( 'NONE', #532, #1708, #2270 ) ;
#1909 = ORIENTED_EDGE ( 'NONE', *, *, #231, .F. ) ;
#1910 = EDGE_LOOP ( 'NONE', ( #1682, #604, #494, #1097 ) ) ;
#1911 = DIRECTION ( 'NONE',  ( 0.4472135954999594820, 0.7745966692414817389, 0.4472135954999594265 ) ) ;
#1912 = AXIS2_PLACEMENT_3D ( 'NONE', #3275, #1849, #930 ) ;
#1913 = ORIENTED_EDGE ( 'NONE', *, *, #368, .F. ) ;
#1914 = DIRECTION ( 'NONE',  ( -1.000000000000000000, 0.000000000000000000, 0.000000000000000000 ) ) ;
#1915 = ORIENTED_EDGE ( 'NONE', *, *, #1319, .T. ) ;
#1916 = CARTESIAN_POINT ( 'NONE',  ( 0.000000000000000000, 2.500000000000000000, 2.530000000000000693 ) ) ;
#1917 = AXIS2_PLACEMENT_3D ( 'NONE', #2993, #1839, #358 ) ;
#1918 = LINE ( 'NONE', #3428, #1230 ) ;
#1919 = CARTESIAN_POINT ( 'NONE',  ( -0.3200000000000001177, 11.50000000000000000, -0.3099999999999999423 ) ) ;
#1920 = LINE ( 'NONE', #454, #3297 ) ;
#1921 = CYLINDRICAL_SURFACE ( 'NONE', #3678, 0.01000000000000002623 ) ;
#1922 = AXIS2_PLACEMENT_3D ( 'NONE', #1806, #1518, #53 ) ;
#1923 = CARTESIAN_POINT ( 'NONE',  ( -1.270000000000000240, 0.5000000000000000000, -2.040000000000000480 ) ) ;
#1924 = ORIENTED_EDGE ( 'NONE', *, *, #3540, .T. ) ;
#1925 = ORIENTED_EDGE ( 'NONE', *, *, #2742, .F. ) ;
#1926 = ORIENTED_EDGE ( 'NONE', *, *, #2288, .F. ) ;
#1927 = CARTESIAN_POINT ( 'NONE',  ( -0.3104214140871992544, 0.3464101615137730183, 0.3200000000000000622 ) ) ;
#1928 = CARTESIAN_POINT ( 'NONE',  ( -1.165000000000000258, 2.500000000000000000, -1.010000000000002229 ) ) ;
#1929 = EDGE_CURVE ( 'NONE', #3321, #1587, #1665, .T. ) ;
#1930 = ORIENTED_EDGE ( 'NONE', *, *, #504, .F. ) ;
#1931 = LINE ( 'NONE', #835, #3338 ) ;
#1932 = SHAPE_REPRESENTATION ( 'header-2.54-body2_\X2\9ed88ba4\X0\', ( #2231 ), #3690 ) ;
#1933 = DIRECTION ( 'NONE',  ( 0.000000000000000000, 0.000000000000000000, 1.000000000000000000 ) ) ;
#1934 = DIRECTION ( 'NONE',  ( 0.000000000000000000, 0.000000000000000000, 1.000000000000000000 ) ) ;
#1935 = DIRECTION ( 'NONE',  ( 1.000000000000000000, 0.000000000000000000, -2.125886612716675327E-16 ) ) ;
#1936 = EDGE_CURVE ( 'NONE', #3415, #843, #1062, .T. ) ;
#1937 = LINE ( 'NONE', #3110, #314 ) ;
#1938 = FACE_OUTER_BOUND ( 'NONE', #2490, .T. ) ;
#1939 = DIRECTION ( 'NONE',  ( 0.000000000000000000, -1.000000000000000000, 0.000000000000000000 ) ) ;
#1940 = ADVANCED_FACE ( 'NONE', ( #2232 ), #1377, .T. ) ;
#1941 = ORIENTED_EDGE ( 'NONE', *, *, #2523, .T. ) ;
#1942 = LINE ( 'NONE', #1692, #3675 ) ;
#1943 = VECTOR ( 'NONE', #1474, 999.9999999999998863 ) ;
#1944 = VECTOR ( 'NONE', #1521, 999.9999999999998863 ) ;
#1945 = EDGE_LOOP ( 'NONE', ( #3326, #1288, #1635, #3197 ) ) ;
#1946 = VERTEX_POINT ( 'NONE', #1505 ) ;
#1947 = DIRECTION ( 'NONE',  ( 0.000000000000000000, -0.000000000000000000, -1.000000000000000000 ) ) ;
#1948 = DIRECTION ( 'NONE',  ( 0.7071067811865474617, 0.000000000000000000, 0.7071067811865474617 ) ) ;
#1949 = EDGE_CURVE ( 'NONE', #381, #3346, #103, .T. ) ;
#1950 = VERTEX_POINT ( 'NONE', #2838 ) ;
#1951 = EDGE_CURVE ( 'NONE', #2075, #1599, #3501, .T. ) ;
#1952 = FACE_OUTER_BOUND ( 'NONE', #2933, .T. ) ;
#1953 = EDGE_CURVE ( 'NONE', #3117, #1736, #2617, .T. ) ;
#1954 = ADVANCED_FACE ( 'NONE', ( #1277 ), #284, .T. ) ;
#1955 = DIRECTION ( 'NONE',  ( 0.000000000000000000, 1.000000000000000000, 0.000000000000000000 ) ) ;
#1956 = CARTESIAN_POINT ( 'NONE',  ( -0.6708578643762687088, 2.490000000000000213, -2.529999999999999805 ) ) ;
#1957 = DIRECTION ( 'NONE',  ( 0.000000000000000000, 0.000000000000000000, 1.000000000000000000 ) ) ;
#1958 = CARTESIAN_POINT ( 'NONE',  ( -0.1142264973081033030, 11.49000000000000021, -0.1142264973081030671 ) ) ;
#1959 = CARTESIAN_POINT ( 'NONE',  ( -0.3199999999999997846, 0.9000000000000010214, -0.9499999999999996225 ) ) ;
#1960 = CYLINDRICAL_SURFACE ( 'NONE', #2745, 0.01000000000000002623 ) ;
#1961 = VERTEX_POINT ( 'NONE', #3030 ) ;
#1962 = ORIENTED_EDGE ( 'NONE', *, *, #1031, .F. ) ;
#1963 = CARTESIAN_POINT ( 'NONE',  ( 0.6708578643762682647, 0.01000000000000000021, -2.529999999999999805 ) ) ;
#1964 = AXIS2_PLACEMENT_3D ( 'NONE', #271, #1133, #803 ) ;
#1965 = ORIENTED_EDGE ( 'NONE', *, *, #2002, .F. ) ;
#1966 = ORIENTED_EDGE ( 'NONE', *, *, #1310, .F. ) ;
#1967 = FILL_AREA_STYLE ('',( #2587 ) ) ;
#1968 = CIRCLE ( 'NONE', #913, 0.009999999999999592548 ) ;
#1969 = DIRECTION ( 'NONE',  ( -0.000000000000000000, 1.000000000000000000, -0.000000000000000000 ) ) ;
#1970 = AXIS2_PLACEMENT_3D ( 'NONE', #1958, #2847, #2337 ) ;
#1971 = CARTESIAN_POINT ( 'NONE',  ( -0.3199999999999997846, 0.9000000000000010214, 0.9499999999999996225 ) ) ;
#1972 = ORIENTED_EDGE ( 'NONE', *, *, #1019, .T. ) ;
#1973 = DIRECTION ( 'NONE',  ( -0.000000000000000000, 1.000000000000000000, -0.000000000000000000 ) ) ;
#1974 = CARTESIAN_POINT ( 'NONE',  ( -0.3200000000000000067, 11.15358983848622287, 0.3200000000000000622 ) ) ;
#1975 = CARTESIAN_POINT ( 'NONE',  ( -1.179142135623730825, 2.490000000000000213, -2.039999999999999591 ) ) ;
#1976 = CARTESIAN_POINT ( 'NONE',  ( 0.3199999999999998401, 0.3464101615137729073, -0.3104214140871991989 ) ) ;
#1977 = CIRCLE ( 'NONE', #2358, 0.009999999999999592548 ) ;
#1978 = CARTESIAN_POINT ( 'NONE',  ( -0.6708578643762687088, 0.01000000000000002623, 2.530000000000000693 ) ) ;
#1979 = FACE_OUTER_BOUND ( 'NONE', #3250, .T. ) ;
#1980 = FACE_OUTER_BOUND ( 'NONE', #693, .T. ) ;
#1981 = ORIENTED_EDGE ( 'NONE', *, *, #3391, .T. ) ;
#1982 = DIRECTION ( 'NONE',  ( 2.168404344971003188E-14, 0.000000000000000000, -1.000000000000000000 ) ) ;
#1983 = PRODUCT_DEFINITION_FORMATION_WITH_SPECIFIED_SOURCE ( 'ANY', '', #2377, .NOT_KNOWN. ) ;
#1984 = CARTESIAN_POINT ( 'NONE',  ( 1.175000000000000711, 2.490000000000000213, -1.000000000000002442 ) ) ;
#1985 = VECTOR ( 'NONE', #3289, 999.9999999999998863 ) ;
#1986 = ORIENTED_EDGE ( 'NONE', *, *, #1890, .F. ) ;
#1987 = ORIENTED_EDGE ( 'NONE', *, *, #1480, .T. ) ;
#1988 = CARTESIAN_POINT ( 'NONE',  ( -1.600428932188133979, 2.500000000000000000, -1.600428932188134867 ) ) ;
#1989 = VERTEX_POINT ( 'NONE', #266 ) ;
#1990 = CARTESIAN_POINT ( 'NONE',  ( -1.179142135623730825, -4.081105855034882879, -2.039999999999999591 ) ) ;
#1991 = EDGE_CURVE ( 'NONE', #3333, #3573, #89, .T. ) ;
#1992 = PLANE ( 'NONE',  #2809 ) ;
#1993 = ADVANCED_FACE ( 'NONE', ( #2907 ), #3797, .T. ) ;
#1994 = EDGE_CURVE ( 'NONE', #1591, #3181, #2457, .T. ) ;
#1995 = CARTESIAN_POINT ( 'NONE',  ( 1.175000000000001155, 0.01000000000000002623, 2.039999999999999591 ) ) ;
#1996 = CARTESIAN_POINT ( 'NONE',  ( -0.3108419876365758894, 11.15363591632649509, -0.3199733969465143879 ) ) ;
#1997 = LINE ( 'NONE', #3128, #3287 ) ;
#1998 = FACE_OUTER_BOUND ( 'NONE', #1863, .T. ) ;
#1999 = EDGE_CURVE ( 'NONE', #1070, #651, #1340, .T. ) ;
#2000 = DIRECTION ( 'NONE',  ( -0.000000000000000000, 1.000000000000000000, -0.000000000000000000 ) ) ;
#2001 = CARTESIAN_POINT ( 'NONE',  ( -0.3199999999999997846, 0.9000000000000010214, 0.9499999999999996225 ) ) ;
#2002 = EDGE_CURVE ( 'NONE', #2707, #2648, #2145, .T. ) ;
#2003 = ORIENTED_EDGE ( 'NONE', *, *, #747, .T. ) ;
#2004 = CARTESIAN_POINT ( 'NONE',  ( -1.150857864376267914, 0.000000000000000000, -2.050000000000000711 ) ) ;
#2005 = VECTOR ( 'NONE', #1252, 1000.000000000000000 ) ;
#2006 = ADVANCED_FACE ( 'NONE', ( #2963 ), #959, .F. ) ;
#2007 = CARTESIAN_POINT ( 'NONE',  ( 0.6708578643762694860, 2.490000000000000213, 2.530000000000000693 ) ) ;
#2008 = VECTOR ( 'NONE', #3733, 1000.000000000000000 ) ;
#2009 = ORIENTED_EDGE ( 'NONE', *, *, #1842, .T. ) ;
#2010 = CARTESIAN_POINT ( 'NONE',  ( -5.080000000000000071, -2.200000000000001066, -1.269999999999999574 ) ) ;
#2011 = EDGE_CURVE ( 'NONE', #2724, #2144, #2041, .T. ) ;
#2012 = VECTOR ( 'NONE', #676, 1000.000000000000000 ) ;
#2013 = ORIENTED_EDGE ( 'NONE', *, *, #8, .T. ) ;
#2014 = CARTESIAN_POINT ( 'NONE',  ( -1.175000000000000266, 2.490000000000000213, -1.000000000000002220 ) ) ;
#2015 = ORIENTED_EDGE ( 'NONE', *, *, #1670, .T. ) ;
#2016 = CARTESIAN_POINT ( 'NONE',  ( 0.3199999999999998956, 11.50000000000000000, -0.3099999999999999423 ) ) ;
#2017 = DIRECTION ( 'NONE',  ( -0.7071067811865477948, -0.000000000000000000, -0.7071067811865473507 ) ) ;
#2018 = CARTESIAN_POINT ( 'NONE',  ( 1.150857864376270134, 0.000000000000000000, 2.049999999999999822 ) ) ;
#2019 = DIRECTION ( 'NONE',  ( -1.000000000000000000, 0.000000000000000000, 0.000000000000000000 ) ) ;
#2020 = LINE ( 'NONE', #531, #2097 ) ;
#2021 = DIRECTION ( 'NONE',  ( 0.000000000000000000, 0.000000000000000000, -1.000000000000000000 ) ) ;
#2022 = DIRECTION ( 'NONE',  ( 0.000000000000000000, 0.000000000000000000, -1.000000000000000000 ) ) ;
#2023 = AXIS2_PLACEMENT_3D ( 'NONE', #2555, #325, #3304 ) ;
#2024 = ORIENTED_EDGE ( 'NONE', *, *, #3190, .F. ) ;
#2025 = DIRECTION ( 'NONE',  ( 0.7071067811865473507, 0.000000000000000000, -0.7071067811865477948 ) ) ;
#2026 =( REPRESENTATION_RELATIONSHIP ('NONE','NONE', #3667, #1932 ) REPRESENTATION_RELATIONSHIP_WITH_TRANSFORMATION ( #3607 )SHAPE_REPRESENTATION_RELATIONSHIP( ) );
#2027 = ORIENTED_EDGE ( 'NONE', *, *, #1566, .F. ) ;
#2028 = ORIENTED_EDGE ( 'NONE', *, *, #1319, .F. ) ;
#2029 = CARTESIAN_POINT ( 'NONE',  ( 0.3104214140871991434, 11.15358983848622287, -0.3199999999999999512 ) ) ;
#2030 = AXIS2_PLACEMENT_3D ( 'NONE', #2327, #1743, #2965 ) ;
#2031 = CIRCLE ( 'NONE', #245, 0.01000000000000002623 ) ;
#2032 = ORIENTED_EDGE ( 'NONE', *, *, #2517, .T. ) ;
#2033 =( BOUNDED_CURVE ( )  B_SPLINE_CURVE ( 3, ( #1251, #3295, #1976, #3407 ),
 .UNSPECIFIED., .F., .F. ) 
 B_SPLINE_CURVE_WITH_KNOTS ( ( 4, 4 ),
 ( 3.015252525951016338, 3.141592653589793116 ),
 .UNSPECIFIED. ) 
 CURVE ( )  GEOMETRIC_REPRESENTATION_ITEM ( )  RATIONAL_B_SPLINE_CURVE ( ( 1.000000000000000000, 0.9986702899464854344, 0.9986702899464854344, 1.000000000000000000 ) ) 
 REPRESENTATION_ITEM ( '' )  );
#2034 = PLANE ( 'NONE',  #61 ) ;
#2035 = VERTEX_POINT ( 'NONE', #1574 ) ;
#2036 = FACE_OUTER_BOUND ( 'NONE', #481, .T. ) ;
#2037 = CIRCLE ( 'NONE', #669, 0.01000000000000001409 ) ;
#2038 = TOROIDAL_SURFACE ( 'NONE', #69, 0.02000000000000000042, 0.01000000000000000021 ) ;
#2039 = CARTESIAN_POINT ( 'NONE',  ( 0.1228867513459484806, 0.004999999999999970614, 0.1142264973081040663 ) ) ;
#2040 = ORIENTED_EDGE ( 'NONE', *, *, #1793, .T. ) ;
#2041 = LINE ( 'NONE', #1750, #602 ) ;
#2042 = DIRECTION ( 'NONE',  ( -1.000000000000000000, -0.000000000000000000, -0.000000000000000000 ) ) ;
#2043 = DIRECTION ( 'NONE',  ( -0.7071067811865475727, 0.000000000000000000, -0.7071067811865475727 ) ) ;
#2044 = PLANE ( 'NONE',  #3498 ) ;
#2045 = VECTOR ( 'NONE', #2582, 999.9999999999998863 ) ;
#2046 = ORIENTED_EDGE ( 'NONE', *, *, #3035, .F. ) ;
#2047 = CARTESIAN_POINT ( 'NONE',  ( -1.174999999999999822, 0.5000000000000000000, -2.040000000000000480 ) ) ;
#2048 = AXIS2_PLACEMENT_3D ( 'NONE', #2843, #792, #3186 ) ;
#2049 = ORIENTED_EDGE ( 'NONE', *, *, #2579, .T. ) ;
#2050 = VECTOR ( 'NONE', #3777, 1000.000000000000000 ) ;
#2051 = EDGE_LOOP ( 'NONE', ( #3771, #3514, #2763, #1282 ) ) ;
#2052 = EDGE_LOOP ( 'NONE', ( #3003, #1881, #3252, #2833, #1410, #3609, #956, #282, #2804, #687, #1986, #1894 ) ) ;
#2053 = ORIENTED_EDGE ( 'NONE', *, *, #2759, .T. ) ;
#2054 = CARTESIAN_POINT ( 'NONE',  ( 0.3112600429262812884, 0.3462721118061213299, -0.3199202969641257721 ) ) ;
#2055 = CARTESIAN_POINT ( 'NONE',  ( 0.6779289321881349917, 0.01000000000000002623, 2.537071067811865976 ) ) ;
#2056 = EDGE_CURVE ( 'NONE', #1718, #372, #1260, .T. ) ;
#2057 = LINE ( 'NONE', #1015, #3090 ) ;
#2058 = ORIENTED_EDGE ( 'NONE', *, *, #2463, .F. ) ;
#2059 = CARTESIAN_POINT ( 'NONE',  ( -0.3099999999999999978, 11.15358983848622287, 0.3200000000000000622 ) ) ;
#2060 = CARTESIAN_POINT ( 'NONE',  ( -0.6708578643762687088, 2.490000000000000213, 2.530000000000000693 ) ) ;
#2061 = EDGE_CURVE ( 'NONE', #2626, #3181, #1149, .T. ) ;
#2062 = DIRECTION ( 'NONE',  ( 0.000000000000000000, 0.000000000000000000, -1.000000000000000000 ) ) ;
#2063 = PRODUCT_DEFINITION_SHAPE ( 'NONE', 'NONE',  #3376 ) ;
#2064 = ADVANCED_FACE ( 'NONE', ( #2335 ), #2942, .F. ) ;
#2065 = DIRECTION ( 'NONE',  ( 0.000000000000000000, -1.000000000000000000, 0.000000000000000000 ) ) ;
#2066 = CARTESIAN_POINT ( 'NONE',  ( -0.6749999999999996003, 2.490000000000000213, -2.539999999999999591 ) ) ;
#2067 = VERTEX_POINT ( 'NONE', #134 ) ;
#2068 = EDGE_LOOP ( 'NONE', ( #1221, #3005, #3748, #556 ) ) ;
#2069 = ORIENTED_EDGE ( 'NONE', *, *, #629, .T. ) ;
#2070 = DIRECTION ( 'NONE',  ( 0.4472135954999467145, 0.7745966692414959498, -0.4472135954999473806 ) ) ;
#2071 = DIRECTION ( 'NONE',  ( -2.125886612716675327E-16, 0.000000000000000000, -1.000000000000000000 ) ) ;
#2072 = AXIS2_PLACEMENT_3D ( 'NONE', #147, #3655, #1914 ) ;
#2073 = LINE ( 'NONE', #3010, #2607 ) ;
#2074 = EDGE_CURVE ( 'NONE', #2927, #106, #1920, .T. ) ;
#2075 = VERTEX_POINT ( 'NONE', #1303 ) ;
#2076 = EDGE_CURVE ( 'NONE', #1797, #3282, #3241, .T. ) ;
#2077 = CONTEXT_DEPENDENT_SHAPE_REPRESENTATION ( #838, #667 ) ;
#2078 = DIRECTION ( 'NONE',  ( 0.000000000000000000, 0.000000000000000000, -1.000000000000000000 ) ) ;
#2079 = VECTOR ( 'NONE', #3616, 1000.000000000000000 ) ;
#2080 = CARTESIAN_POINT ( 'NONE',  ( -9.267075411139283116E-15, 2.490000000000000213, 2.030000000000005578 ) ) ;
#2081 = DIRECTION ( 'NONE',  ( -1.000000000000000000, 0.000000000000000000, 0.000000000000000000 ) ) ;
#2082 = EDGE_CURVE ( 'NONE', #194, #3396, #1422, .T. ) ;
#2083 = DIRECTION ( 'NONE',  ( 2.168404344971008868E-16, -0.000000000000000000, 1.000000000000000000 ) ) ;
#2084 = DIRECTION ( 'NONE',  ( 0.000000000000000000, -1.000000000000000000, 0.000000000000000000 ) ) ;
#2085 = DIRECTION ( 'NONE',  ( 1.000000000000000000, 0.000000000000000000, -9.486769009248165375E-15 ) ) ;
#2086 = VERTEX_POINT ( 'NONE', #152 ) ;
#2087 =( BOUNDED_CURVE ( )  B_SPLINE_CURVE ( 3, ( #2265, #790, #242, #2289 ),
 .UNSPECIFIED., .F., .F. ) 
 B_SPLINE_CURVE_WITH_KNOTS ( ( 4, 4 ),
 ( -5.329070518200751394E-15, 0.1263401276387751404 ),
 .UNSPECIFIED. ) 
 CURVE ( )  GEOMETRIC_REPRESENTATION_ITEM ( )  RATIONAL_B_SPLINE_CURVE ( ( 1.000000000000000000, 0.9986702899464853234, 0.9986702899464853234, 1.000000000000000000 ) ) 
 REPRESENTATION_ITEM ( '' )  );
#2088 = ORIENTED_EDGE ( 'NONE', *, *, #577, .F. ) ;
#2089 = ORIENTED_EDGE ( 'NONE', *, *, #3765, .T. ) ;
#2090 = LINE ( 'NONE', #1534, #873 ) ;
#2091 = CARTESIAN_POINT ( 'NONE',  ( -0.3112600429262814550, 0.3462721118061212189, 0.3199202969641258276 ) ) ;
#2092 = VECTOR ( 'NONE', #646, 1000.000000000000000 ) ;
#2093 = FACE_OUTER_BOUND ( 'NONE', #2917, .T. ) ;
#2094 = ORIENTED_EDGE ( 'NONE', *, *, #698, .T. ) ;
#2095 = DIRECTION ( 'NONE',  ( 8.470329472543004623E-17, 0.000000000000000000, 1.000000000000000000 ) ) ;
#2096 = DIRECTION ( 'NONE',  ( 4.565061778886298545E-15, 0.000000000000000000, 1.000000000000000000 ) ) ;
#2097 = VECTOR ( 'NONE', #2578, 1000.000000000000000 ) ;
#2098 = CARTESIAN_POINT ( 'NONE',  ( 0.1142264973081030671, 11.49000000000000021, 0.1142264973081023177 ) ) ;
#2099 = AXIS2_PLACEMENT_3D ( 'NONE', #2181, #3390, #700 ) ;
#2100 = CARTESIAN_POINT ( 'NONE',  ( -0.1142264973081032337, 11.49499999999999922, 0.1228867513459475647 ) ) ;
#2101 = DIRECTION ( 'NONE',  ( -5.421010862427743051E-15, -1.000000000000000000, 0.000000000000000000 ) ) ;
#2102 = CARTESIAN_POINT ( 'NONE',  ( -1.269999999999999796, -4.081105855034882879, -2.040000000000000036 ) ) ;
#2103 = AXIS2_PLACEMENT_3D ( 'NONE', #2489, #3113, #476 ) ;
#2104 = ORIENTED_EDGE ( 'NONE', *, *, #1501, .T. ) ;
#2105 = DIRECTION ( 'NONE',  ( -1.694065894508600678E-16, 0.000000000000000000, -1.000000000000000000 ) ) ;
#2106 = CIRCLE ( 'NONE', #2048, 0.009999999999999998473 ) ;
#2107 = ORIENTED_EDGE ( 'NONE', *, *, #2345, .T. ) ;
#2108 = ORIENTED_EDGE ( 'NONE', *, *, #2115, .F. ) ;
#2109 = DIRECTION ( 'NONE',  ( -0.000000000000000000, 1.000000000000000000, -0.000000000000000000 ) ) ;
#2110 = EDGE_CURVE ( 'NONE', #3267, #3626, #847, .T. ) ;
#2111 = DIRECTION ( 'NONE',  ( -1.000000000000000000, -0.000000000000000000, -0.000000000000000000 ) ) ;
#2112 = EDGE_CURVE ( 'NONE', #1095, #2650, #683, .T. ) ;
#2113 = DIRECTION ( 'NONE',  ( 0.8660254037844387076, 0.4999999999999999445, -1.467104100329257198E-16 ) ) ;
#2114 = VERTEX_POINT ( 'NONE', #2468 ) ;
#2115 = EDGE_CURVE ( 'NONE', #3342, #689, #794, .T. ) ;
#2116 = DIRECTION ( 'NONE',  ( 1.000000000000000000, 0.000000000000000000, -4.565061778886333255E-15 ) ) ;
#2117 = CARTESIAN_POINT ( 'NONE',  ( 0.1228867513459474259, 11.49499999999999922, -0.1142264973081031781 ) ) ;
#2118 = DIRECTION ( 'NONE',  ( 0.000000000000000000, 0.000000000000000000, 1.000000000000000000 ) ) ;
#2119 = CARTESIAN_POINT ( 'NONE',  ( -0.1142264973081042051, 0.004999999999999997502, 0.1228867513459485639 ) ) ;
#2120 = ADVANCED_FACE ( 'NONE', ( #389 ), #1615, .F. ) ;
#2121 = DIRECTION ( 'NONE',  ( 1.000000000000000000, 0.000000000000000000, 0.000000000000000000 ) ) ;
#2122 = EDGE_CURVE ( 'NONE', #2991, #2114, #2812, .T. ) ;
#2123 = EDGE_CURVE ( 'NONE', #3355, #828, #3746, .T. ) ;
#2124 = PRODUCT_DEFINITION ( 'UNKNOWN', '', #3150, #2867 ) ;
#2125 = CARTESIAN_POINT ( 'NONE',  ( -1.175000000000000711, 0.01000000000000002623, 2.039999999999999591 ) ) ;
#2126 = ADVANCED_FACE ( 'NONE', ( #988 ), #3041, .T. ) ;
#2127 = ORIENTED_EDGE ( 'NONE', *, *, #26, .T. ) ;
#2128 = ADVANCED_FACE ( 'NONE', ( #2521 ), #1002, .F. ) ;
#2129 = EDGE_LOOP ( 'NONE', ( #3059, #2925, #1924, #1695 ) ) ;
#2130 = DIRECTION ( 'NONE',  ( -1.564911040351217078E-15, -2.710505431213763057E-15, -1.000000000000000000 ) ) ;
#2131 = ADVANCED_FACE ( 'NONE', ( #1046 ), #2156, .T. ) ;
#2132 = DIRECTION ( 'NONE',  ( 8.470329472543004623E-17, 0.000000000000000000, -1.000000000000000000 ) ) ;
#2133 = VECTOR ( 'NONE', #595, 999.9999999999998863 ) ;
#2134 = FACE_OUTER_BOUND ( 'NONE', #3034, .T. ) ;
#2135 = VERTEX_POINT ( 'NONE', #3018 ) ;
#2136 = VECTOR ( 'NONE', #3423, 1000.000000000000000 ) ;
#2137 = LINE ( 'NONE', #3033, #287 ) ;
#2138 = CARTESIAN_POINT ( 'NONE',  ( 0.1142264973081032059, 11.49000000000000021, 0.1142264973081031781 ) ) ;
#2139 = VECTOR ( 'NONE', #2964, 1000.000000000000000 ) ;
#2140 = LINE ( 'NONE', #3240, #2840 ) ;
#2141 = PRESENTATION_LAYER_ASSIGNMENT (  '', '', ( #2449 ) ) ;
#2142 = DIRECTION ( 'NONE',  ( 1.000000000000000000, 0.000000000000000000, -4.565061778886333255E-15 ) ) ;
#2143 = ORIENTED_EDGE ( 'NONE', *, *, #3337, .F. ) ;
#2144 = VERTEX_POINT ( 'NONE', #3057 ) ;
#2145 = CIRCLE ( 'NONE', #479, 0.01000000000000002623 ) ;
#2146 = EDGE_LOOP ( 'NONE', ( #2184, #1332, #2751, #690 ) ) ;
#2147 = CARTESIAN_POINT ( 'NONE',  ( -1.175000000000000266, 2.490000000000000213, -1.000000000000002220 ) ) ;
#2148 = DIRECTION ( 'NONE',  ( -1.000000000000000000, 0.000000000000000000, 0.000000000000000000 ) ) ;
#2149 =( NAMED_UNIT ( * ) PLANE_ANGLE_UNIT ( ) SI_UNIT ( $, .RADIAN. ) );
#2150 = ORIENTED_EDGE ( 'NONE', *, *, #1152, .T. ) ;
#2151 = CARTESIAN_POINT ( 'NONE',  ( -0.6749999999999996003, 2.500000000000000000, 2.540000000000000480 ) ) ;
#2152 = VECTOR ( 'NONE', #200, 1000.000000000000000 ) ;
#2153 = VERTEX_POINT ( 'NONE', #2451 ) ;
#2154 = LINE ( 'NONE', #625, #11 ) ;
#2155 = VECTOR ( 'NONE', #294, 1000.000000000000000 ) ;
#2156 = CYLINDRICAL_SURFACE ( 'NONE', #1602, 0.009999999999999998473 ) ;
#2157 = CARTESIAN_POINT ( 'NONE',  ( 1.175000000000000711, 0.5000000000000000000, 2.039999999999999591 ) ) ;
#2158 = AXIS2_PLACEMENT_3D ( 'NONE', #225, #1447, #2910 ) ;
#2159 = CARTESIAN_POINT ( 'NONE',  ( 1.270000000000000462, 2.350000000000000089, -1.000000000000002442 ) ) ;
#2160 = ORIENTED_EDGE ( 'NONE', *, *, #3125, .F. ) ;
#2161 = EDGE_CURVE ( 'NONE', #1718, #1588, #3370, .T. ) ;
#2162 = DIRECTION ( 'NONE',  ( 0.7071067811865474617, 0.000000000000000000, -0.7071067811865476838 ) ) ;
#2163 = ORIENTED_EDGE ( 'NONE', *, *, #629, .F. ) ;
#2164 = ORIENTED_EDGE ( 'NONE', *, *, #2811, .F. ) ;
#2165 = CARTESIAN_POINT ( 'NONE',  ( 1.175000000000000711, 2.490000000000000213, -1.000000000000002442 ) ) ;
#2166 = VECTOR ( 'NONE', #1770, 1000.000000000000000 ) ;
#2167 = CYLINDRICAL_SURFACE ( 'NONE', #2381, 0.01000000000000002623 ) ;
#2168 = CARTESIAN_POINT ( 'NONE',  ( 0.3200000000000001732, 0.000000000000000000, 1.589999999999999636 ) ) ;
#2169 = EDGE_CURVE ( 'NONE', #1067, #3290, #1816, .T. ) ;
#2170 = VECTOR ( 'NONE', #2440, 1000.000000000000000 ) ;
#2171 = CARTESIAN_POINT ( 'NONE',  ( 0.3200000000000002287, 2.500000000000000000, 0.9499999999999996225 ) ) ;
#2172 = ORIENTED_EDGE ( 'NONE', *, *, #26, .F. ) ;
#2173 = AXIS2_PLACEMENT_3D ( 'NONE', #2010, #1136, #196 ) ;
#2174 = CARTESIAN_POINT ( 'NONE',  ( -0.3199999999999999512, 0.3464101615137730183, 0.3104214140871993100 ) ) ;
#2175 = ADVANCED_FACE ( 'NONE', ( #2735 ), #550, .T. ) ;
#2176 = VERTEX_POINT ( 'NONE', #841 ) ;
#2177 = CARTESIAN_POINT ( 'NONE',  ( -0.6708578643762687088, 2.490000000000000213, -2.529999999999999805 ) ) ;
#2178 = COLOUR_RGB ( '',0.2980392156862745057, 0.2980392156862745057, 0.2980392156862745057 ) ;
#2179 = DIRECTION ( 'NONE',  ( 0.5773502691896260641, -0.5773502691896250649, -0.5773502691896262862 ) ) ;
#2180 = EDGE_CURVE ( 'NONE', #1161, #2650, #2653, .T. ) ;
#2181 = CARTESIAN_POINT ( 'NONE',  ( -0.3130717967697246307, 0.3544101615137729699, -0.3130717967697244641 ) ) ;
#2182 = LINE ( 'NONE', #1672, #2807 ) ;
#2183 = ADVANCED_FACE ( 'NONE', ( #1998 ), #3171, .T. ) ;
#2184 = ORIENTED_EDGE ( 'NONE', *, *, #1195, .T. ) ;
#2185 = ORIENTED_EDGE ( 'NONE', *, *, #1827, .F. ) ;
#2186 = ORIENTED_EDGE ( 'NONE', *, *, #1448, .F. ) ;
#2187 = SURFACE_STYLE_USAGE ( .BOTH. , #462 ) ;
#2188 = CARTESIAN_POINT ( 'NONE',  ( -0.3200000000000000067, 11.15358983848622287, 0.3099999999999999978 ) ) ;
#2189 = VERTEX_POINT ( 'NONE', #797 ) ;
#2190 = CARTESIAN_POINT ( 'NONE',  ( -0.3200000000000000067, 0.3464101615137729628, 0.3100000000000000533 ) ) ;
#2191 = ORIENTED_EDGE ( 'NONE', *, *, #1731, .T. ) ;
#2192 = ADVANCED_FACE ( 'NONE', ( #3189 ), #2892, .T. ) ;
#2193 = LINE ( 'NONE', #2810, #561 ) ;
#2194 = ADVANCED_FACE ( 'NONE', ( #757 ), #1688, .F. ) ;
#2195 = DIRECTION ( 'NONE',  ( -3.129822080702423112E-15, -0.000000000000000000, -1.000000000000000000 ) ) ;
#2196 = DIRECTION ( 'NONE',  ( 0.000000000000000000, 1.000000000000000000, 0.000000000000000000 ) ) ;
#2197 = DIRECTION ( 'NONE',  ( 1.000000000000000000, 0.000000000000000000, -2.125886612716675327E-16 ) ) ;
#2198 = AXIS2_PLACEMENT_3D ( 'NONE', #2080, #1248, #3562 ) ;
#2199 = CARTESIAN_POINT ( 'NONE',  ( -0.6708578643762687088, 0.000000000000000000, -2.529999999999999805 ) ) ;
#2200 = CARTESIAN_POINT ( 'NONE',  ( 1.270000000000000684, 2.490000000000000213, 2.029999999999999805 ) ) ;
#2201 = ORIENTED_EDGE ( 'NONE', *, *, #1731, .F. ) ;
#2202 = ADVANCED_FACE ( 'NONE', ( #1421 ), #1668, .T. ) ;
#2203 = ORIENTED_EDGE ( 'NONE', *, *, #1425, .T. ) ;
#2204 = ORIENTED_EDGE ( 'NONE', *, *, #3190, .T. ) ;
#2205 = CARTESIAN_POINT ( 'NONE',  ( 1.175000000000000711, 2.490000000000000213, -1.000000000000002442 ) ) ;
#2206 = CARTESIAN_POINT ( 'NONE',  ( -0.7200000000000016387, 0.5000000000000000000, 1.990000000000001323 ) ) ;
#2207 = VECTOR ( 'NONE', #2179, 1000.000000000000000 ) ;
#2208 = FILL_AREA_STYLE_COLOUR ( '', #2178 ) ;
#2209 = ORIENTED_EDGE ( 'NONE', *, *, #1716, .F. ) ;
#2210 = CARTESIAN_POINT ( 'NONE',  ( 0.1142264973081040663, 0.01000000000000000194, -0.1142264973081040941 ) ) ;
#2211 = ORIENTED_EDGE ( 'NONE', *, *, #2180, .F. ) ;
#2212 =( BOUNDED_CURVE ( )  B_SPLINE_CURVE ( 3, ( #2929, #1172, #3523, #3238 ),
 .UNSPECIFIED., .F., .F. ) 
 B_SPLINE_CURVE_WITH_KNOTS ( ( 4, 4 ),
 ( 6.156845179540815671, 6.283185307179586232 ),
 .UNSPECIFIED. ) 
 CURVE ( )  GEOMETRIC_REPRESENTATION_ITEM ( )  RATIONAL_B_SPLINE_CURVE ( ( 1.000000000000000000, 0.9986702899464854344, 0.9986702899464854344, 1.000000000000000000 ) ) 
 REPRESENTATION_ITEM ( '' )  );
#2213 = CARTESIAN_POINT ( 'NONE',  ( -0.6749999999999996003, 0.01000000000000002623, -2.529999999999999805 ) ) ;
#2214 = CARTESIAN_POINT ( 'NONE',  ( -1.269999999999999796, 2.490000000000000213, -2.040000000000000036 ) ) ;
#2215 = CARTESIAN_POINT ( 'NONE',  ( -0.1142264973081032059, 11.50000000000000000, -0.1142264973081030810 ) ) ;
#2216 = CARTESIAN_POINT ( 'NONE',  ( 1.600428932188133313, 2.500000000000000000, -1.600428932188136200 ) ) ;
#2217 = CIRCLE ( 'NONE', #3430, 0.01000000000000002623 ) ;
#2218 = LINE ( 'NONE', #3371, #3310 ) ;
#2219 = TOROIDAL_SURFACE ( 'NONE', #56, 0.02000000000000000042, 0.01000000000000000021 ) ;
#2220 = DIRECTION ( 'NONE',  ( 0.000000000000000000, -0.4999999999999844569, -0.8660254037844475894 ) ) ;
#2221 = ORIENTED_EDGE ( 'NONE', *, *, #3249, .T. ) ;
#2222 = AXIS2_PLACEMENT_3D ( 'NONE', #438, #2424, #3266 ) ;
#2223 = ORIENTED_EDGE ( 'NONE', *, *, #3525, .F. ) ;
#2224 = ORIENTED_EDGE ( 'NONE', *, *, #2571, .F. ) ;
#2225 = VECTOR ( 'NONE', #1650, 1000.000000000000000 ) ;
#2226 = EDGE_CURVE ( 'NONE', #3300, #651, #268, .T. ) ;
#2227 = ORIENTED_EDGE ( 'NONE', *, *, #2958, .F. ) ;
#2228 = CIRCLE ( 'NONE', #3566, 0.01000000000000001409 ) ;
#2229 = EDGE_CURVE ( 'NONE', #3333, #2853, #2, .T. ) ;
#2230 = DIRECTION ( 'NONE',  ( -1.000000000000000000, 0.000000000000000000, 0.000000000000000000 ) ) ;
#2231 = AXIS2_PLACEMENT_3D ( 'NONE', #3669, #3322, #1637 ) ;
#2232 = FACE_OUTER_BOUND ( 'NONE', #870, .T. ) ;
#2233 = DIRECTION ( 'NONE',  ( -0.5773502691896262862, -0.5773502691896250649, 0.5773502691896259531 ) ) ;
#2234 = CARTESIAN_POINT ( 'NONE',  ( 0.3199733969465144989, 11.15363591632649509, 0.3108419876365753898 ) ) ;
#2235 = DIRECTION ( 'NONE',  ( 1.000000000000000000, 0.000000000000000000, 0.000000000000000000 ) ) ;
#2236 =( BOUNDED_CURVE ( )  B_SPLINE_CURVE ( 3, ( #2125, #1237, #1024, #716 ),
 .UNSPECIFIED., .F., .T. ) 
 B_SPLINE_CURVE_WITH_KNOTS ( ( 4, 4 ),
 ( -1.776356839400250465E-15, 1.570796326794896558 ),
 .UNSPECIFIED. ) 
 CURVE ( )  GEOMETRIC_REPRESENTATION_ITEM ( )  RATIONAL_B_SPLINE_CURVE ( ( 1.000000000000000000, 0.8047378541243646044, 0.8047378541243646044, 1.000000000000000000 ) ) 
 REPRESENTATION_ITEM ( '' )  );
#2237 = CIRCLE ( 'NONE', #3156, 0.01000000000000002623 ) ;
#2238 = CARTESIAN_POINT ( 'NONE',  ( 0.1142264973081030810, 11.49000000000000021, -1.935072133388359121E-17 ) ) ;
#2239 = EDGE_LOOP ( 'NONE', ( #1631, #255, #3460 ) ) ;
#2240 = DIRECTION ( 'NONE',  ( -0.4472135954999594820, 0.7745966692414817389, -0.4472135954999594265 ) ) ;
#2241 = ADVANCED_FACE ( 'NONE', ( #2602 ), #1110, .T. ) ;
#2242 = ORIENTED_EDGE ( 'NONE', *, *, #2366, .F. ) ;
#2243 = ADVANCED_FACE ( 'NONE', ( #2618 ), #3449, .T. ) ;
#2244 = ORIENTED_EDGE ( 'NONE', *, *, #3422, .F. ) ;
#2245 = PRESENTATION_STYLE_ASSIGNMENT (( #2187 ) ) ;
#2246 = CARTESIAN_POINT ( 'NONE',  ( 1.172071067811865319, 0.5000000000000000000, -2.042928932188134539 ) ) ;
#2247 = EDGE_CURVE ( 'NONE', #2724, #1222, #1937, .T. ) ;
#2248 = LINE ( 'NONE', #612, #1234 ) ;
#2249 = LINE ( 'NONE', #2014, #2152 ) ;
#2250 = ORIENTED_EDGE ( 'NONE', *, *, #3354, .F. ) ;
#2251 = LINE ( 'NONE', #815, #3106 ) ;
#2252 = DIRECTION ( 'NONE',  ( 1.000000000000000000, 0.000000000000000000, 0.000000000000000000 ) ) ;
#2253 = CARTESIAN_POINT ( 'NONE',  ( 0.3193224092811596249, 0.3452365399626405873, -0.3159672026817041957 ) ) ;
#2254 = CARTESIAN_POINT ( 'NONE',  ( 0.3099999999999998868, 11.50000000000000000, -0.3099999999999999423 ) ) ;
#2255 = DIRECTION ( 'NONE',  ( 0.000000000000000000, -0.000000000000000000, -1.000000000000000000 ) ) ;
#2256 = DIRECTION ( 'NONE',  ( 1.000000000000000000, -0.000000000000000000, -0.000000000000000000 ) ) ;
#2257 = ORIENTED_EDGE ( 'NONE', *, *, #470, .T. ) ;
#2258 = DIRECTION ( 'NONE',  ( -1.000000000000000000, 0.000000000000000000, 0.000000000000000000 ) ) ;
#2259 = VERTEX_POINT ( 'NONE', #187 ) ;
#2260 = ORIENTED_EDGE ( 'NONE', *, *, #168, .T. ) ;
#2261 = DIRECTION ( 'NONE',  ( 1.000000000000000000, 0.000000000000000000, 0.000000000000000000 ) ) ;
#2262 = DIRECTION ( 'NONE',  ( 0.8660254037844475894, -0.4999999999999844569, 0.000000000000000000 ) ) ;
#2263 = ORIENTED_EDGE ( 'NONE', *, *, #3357, .F. ) ;
#2264 = DIRECTION ( 'NONE',  ( 0.000000000000000000, 0.000000000000000000, -1.000000000000000000 ) ) ;
#2265 = CARTESIAN_POINT ( 'NONE',  ( 0.3199999999999998956, 11.15358983848622287, -0.3099999999999998868 ) ) ;
#2266 = CARTESIAN_POINT ( 'NONE',  ( -0.1199999999999995515, 11.50000000000000000, 2.032879073410313418E-17 ) ) ;
#2267 = VECTOR ( 'NONE', #1860, 1000.000000000000000 ) ;
#2268 = LINE ( 'NONE', #795, #3363 ) ;
#2269 = CARTESIAN_POINT ( 'NONE',  ( -0.7200000000000018607, 0.5000000000000000000, -1.990000000000000879 ) ) ;
#2270 = DIRECTION ( 'NONE',  ( -1.000000000000000000, 0.000000000000000000, -0.000000000000000000 ) ) ;
#2271 = DIRECTION ( 'NONE',  ( -1.000000000000000000, 0.000000000000000000, 0.000000000000000000 ) ) ;
#2272 = APPLICATION_CONTEXT ( 'automotive_design' ) ;
#2273 = LINE ( 'NONE', #1423, #2045 ) ;
#2274 = ORIENTED_EDGE ( 'NONE', *, *, #751, .F. ) ;
#2275 = DIRECTION ( 'NONE',  ( -0.000000000000000000, 1.000000000000000000, -0.000000000000000000 ) ) ;
#2276 = VECTOR ( 'NONE', #2915, 999.9999999999998863 ) ;
#2277 = ADVANCED_FACE ( 'NONE', ( #1360 ), #3410, .T. ) ;
#2278 = ORIENTED_EDGE ( 'NONE', *, *, #698, .F. ) ;
#2279 = ORIENTED_EDGE ( 'NONE', *, *, #1832, .T. ) ;
#2280 = EDGE_CURVE ( 'NONE', #353, #1950, #205, .T. ) ;
#2281 = SHAPE_REPRESENTATION_RELATIONSHIP ( 'NONE' , 'NONE' ,  #2505, #514 ) ;
#2282 = VECTOR ( 'NONE', #64, 1000.000000000000000 ) ;
#2283 = ORIENTED_EDGE ( 'NONE', *, *, #2420, .F. ) ;
#2284 = AXIS2_PLACEMENT_3D ( 'NONE', #1885, #3351, #2503 ) ;
#2285 = DIRECTION ( 'NONE',  ( -1.000000000000000000, 0.000000000000000000, 0.000000000000000000 ) ) ;
#2286 = EDGE_LOOP ( 'NONE', ( #2777, #1807, #2796, #3653 ) ) ;
#2287 = PLANE ( 'NONE',  #3320 ) ;
#2288 = EDGE_CURVE ( 'NONE', #2765, #1493, #3721, .T. ) ;
#2289 = CARTESIAN_POINT ( 'NONE',  ( 0.3199202969641255501, 11.15372788819387395, -0.3112600429262813440 ) ) ;
#2290 = LINE ( 'NONE', #753, #1824 ) ;
#2291 = AXIS2_PLACEMENT_3D ( 'NONE', #3213, #1753, #288 ) ;
#2292 = DIRECTION ( 'NONE',  ( 0.5773502691896262862, 0.5773502691896250649, -0.5773502691896259531 ) ) ;
#2293 = ORIENTED_EDGE ( 'NONE', *, *, #3125, .T. ) ;
#2294 = FACE_OUTER_BOUND ( 'NONE', #1905, .T. ) ;
#2295 = VECTOR ( 'NONE', #2338, 1000.000000000000000 ) ;
#2296 = LINE ( 'NONE', #2601, #429 ) ;
#2297 = CARTESIAN_POINT ( 'NONE',  ( 0.1142264973081040247, 0.01000000000000000368, -0.1142264973081040802 ) ) ;
#2298 = ADVANCED_FACE ( 'NONE', ( #1979 ), #507, .T. ) ;
#2299 = LINE ( 'NONE', #3741, #3134 ) ;
#2300 = CARTESIAN_POINT ( 'NONE',  ( 0.6708578643762684868, 2.490000000000000213, -2.539999999999999591 ) ) ;
#2301 = EDGE_CURVE ( 'NONE', #1588, #3561, #3779, .T. ) ;
#2302 = ORIENTED_EDGE ( 'NONE', *, *, #3119, .T. ) ;
#2303 = CARTESIAN_POINT ( 'NONE',  ( -0.3200000000000001177, 11.15358983848622110, -0.3104214140871989769 ) ) ;
#2304 = VERTEX_POINT ( 'NONE', #3537 ) ;
#2305 = ORIENTED_EDGE ( 'NONE', *, *, #3464, .F. ) ;
#2306 = DIRECTION ( 'NONE',  ( 0.000000000000000000, 0.000000000000000000, 1.000000000000000000 ) ) ;
#2307 = DIRECTION ( 'NONE',  ( 0.000000000000000000, 0.000000000000000000, 1.000000000000000000 ) ) ;
#2308 = DIRECTION ( 'NONE',  ( 0.000000000000000000, 1.000000000000000000, 0.000000000000000000 ) ) ;
#2309 = ORIENTED_EDGE ( 'NONE', *, *, #1399, .F. ) ;
#2310 = DIRECTION ( 'NONE',  ( 1.000000000000000000, 0.000000000000000000, 0.000000000000000000 ) ) ;
#2311 = DIRECTION ( 'NONE',  ( -1.000000000000000000, 0.000000000000000000, -4.565061778886333255E-15 ) ) ;
#2312 = SPHERICAL_SURFACE ( 'NONE', #409, 0.01000000000000000021 ) ;
#2313 = DIRECTION ( 'NONE',  ( -0.7071067811865474617, 0.000000000000000000, 0.7071067811865476838 ) ) ;
#2314 = DIRECTION ( 'NONE',  ( 0.000000000000000000, 1.000000000000000000, 0.000000000000000000 ) ) ;
#2315 = FACE_OUTER_BOUND ( 'NONE', #2546, .T. ) ;
#2316 = CARTESIAN_POINT ( 'NONE',  ( -0.1142264973081031781, 11.49000000000000021, 1.935072133388360662E-17 ) ) ;
#2317 = ADVANCED_FACE ( 'NONE', ( #1168 ), #10, .T. ) ;
#2318 = FACE_OUTER_BOUND ( 'NONE', #3557, .T. ) ;
#2319 = VERTEX_POINT ( 'NONE', #2979 ) ;
#2320 = CARTESIAN_POINT ( 'NONE',  ( -1.164999999999999813, 2.500000000000000000, 1.009999999999997788 ) ) ;
#2321 = VECTOR ( 'NONE', #43, 1000.000000000000000 ) ;
#2322 = DIRECTION ( 'NONE',  ( -1.694065894508600678E-16, -0.000000000000000000, -1.000000000000000000 ) ) ;
#2323 = CIRCLE ( 'NONE', #703, 0.009999999999999998473 ) ;
#2324 = ORIENTED_EDGE ( 'NONE', *, *, #3422, .T. ) ;
#2325 = DIRECTION ( 'NONE',  ( 0.000000000000000000, 0.000000000000000000, 1.000000000000000000 ) ) ;
#2326 = VECTOR ( 'NONE', #55, 1000.000000000000000 ) ;
#2327 = CARTESIAN_POINT ( 'NONE',  ( 0.1142264973081030394, 11.49000000000000021, -0.1142264973081031920 ) ) ;
#2328 = ORIENTED_EDGE ( 'NONE', *, *, #513, .T. ) ;
#2329 = CARTESIAN_POINT ( 'NONE',  ( 0.3199999999999998956, 0.3464101615137729628, -0.3099999999999999423 ) ) ;
#2330 = PLANE ( 'NONE',  #3592 ) ;
#2331 = DIRECTION ( 'NONE',  ( 1.000000000000000000, 0.000000000000000000, -8.470329472543004623E-17 ) ) ;
#2332 = ORIENTED_EDGE ( 'NONE', *, *, #1013, .F. ) ;
#2333 = ORIENTED_EDGE ( 'NONE', *, *, #2693, .T. ) ;
#2334 = EDGE_CURVE ( 'NONE', #2035, #117, #791, .T. ) ;
#2335 = FACE_OUTER_BOUND ( 'NONE', #1347, .T. ) ;
#2336 = LINE ( 'NONE', #1687, #952 ) ;
#2337 = DIRECTION ( 'NONE',  ( -0.8660254037844434816, 0.4999999999999915068, 0.000000000000000000 ) ) ;
#2338 = DIRECTION ( 'NONE',  ( 0.000000000000000000, -1.000000000000000000, 0.000000000000000000 ) ) ;
#2339 = CIRCLE ( 'NONE', #1644, 0.01000000000000002623 ) ;
#2340 = ORIENTED_EDGE ( 'NONE', *, *, #2855, .T. ) ;
#2341 = DIRECTION ( 'NONE',  ( 0.000000000000000000, 0.000000000000000000, -1.000000000000000000 ) ) ;
#2342 = VERTEX_POINT ( 'NONE', #764 ) ;
#2343 =( BOUNDED_CURVE ( )  B_SPLINE_CURVE ( 3, ( #1841, #2441, #638, #2091 ),
 .UNSPECIFIED., .F., .T. ) 
 B_SPLINE_CURVE_WITH_KNOTS ( ( 4, 4 ),
 ( 5.624127271420897856, 6.942243342938274608 ),
 .UNSPECIFIED. ) 
 CURVE ( )  GEOMETRIC_REPRESENTATION_ITEM ( )  RATIONAL_B_SPLINE_CURVE ( ( 1.000000000000000000, 0.8603796100557099535, 0.8603796100557099535, 1.000000000000000000 ) ) 
 REPRESENTATION_ITEM ( '' )  );
#2344 = ORIENTED_EDGE ( 'NONE', *, *, #115, .T. ) ;
#2345 = EDGE_CURVE ( 'NONE', #2775, #689, #1392, .T. ) ;
#2346 = CIRCLE ( 'NONE', #62, 0.01000000000000000021 ) ;
#2347 = ORIENTED_EDGE ( 'NONE', *, *, #2727, .T. ) ;
#2348 = EDGE_LOOP ( 'NONE', ( #2974, #1183, #2024, #342 ) ) ;
#2349 = DIRECTION ( 'NONE',  ( 0.000000000000000000, 0.000000000000000000, 1.000000000000000000 ) ) ;
#2350 = DIRECTION ( 'NONE',  ( -1.000000000000000000, -0.000000000000000000, -0.000000000000000000 ) ) ;
#2351 = ADVANCED_FACE ( 'NONE', ( #2837 ), #3709, .T. ) ;
#2352 = CARTESIAN_POINT ( 'NONE',  ( 0.3112600429262812884, 11.15372788819387395, 0.3199202969641257166 ) ) ;
#2353 = ORIENTED_EDGE ( 'NONE', *, *, #3513, .T. ) ;
#2354 = CARTESIAN_POINT ( 'NONE',  ( -1.175000000000000266, 2.350000000000000089, -1.000000000000002220 ) ) ;
#2355 = CARTESIAN_POINT ( 'NONE',  ( 0.000000000000000000, 2.500000000000000000, -1.010000000000002451 ) ) ;
#2356 = ADVANCED_FACE ( 'NONE', ( #1697 ), #3383, .F. ) ;
#2357 = DIRECTION ( 'NONE',  ( -0.000000000000000000, 1.000000000000000000, -0.000000000000000000 ) ) ;
#2358 = AXIS2_PLACEMENT_3D ( 'NONE', #2098, #21, #2716 ) ;
#2359 = VERTEX_POINT ( 'NONE', #1074 ) ;
#2360 = CARTESIAN_POINT ( 'NONE',  ( -1.179142135623730825, 2.500000000000000000, 2.050000000000000711 ) ) ;
#2361 = CARTESIAN_POINT ( 'NONE',  ( 1.175000000000000711, 2.495857864376268331, -1.000000000000002442 ) ) ;
#2362 = ORIENTED_EDGE ( 'NONE', *, *, #2859, .F. ) ;
#2363 = SPHERICAL_SURFACE ( 'NONE', #383, 0.01000000000000000021 ) ;
#2364 = EDGE_CURVE ( 'NONE', #3396, #2572, #1411, .T. ) ;
#2365 = ORIENTED_EDGE ( 'NONE', *, *, #1441, .T. ) ;
#2366 = EDGE_CURVE ( 'NONE', #381, #2704, #2466, .T. ) ;
#2367 = EDGE_CURVE ( 'NONE', #1797, #101, #829, .T. ) ;
#2368 = ORIENTED_EDGE ( 'NONE', *, *, #1793, .F. ) ;
#2369 = CARTESIAN_POINT ( 'NONE',  ( -1.175000000000000266, 2.350000000000000089, -1.000000000000002220 ) ) ;
#2370 = CARTESIAN_POINT ( 'NONE',  ( -0.3217320508075690033, 0.3494101615137729655, -0.3130717967697244641 ) ) ;
#2371 = LINE ( 'NONE', #2694, #3635 ) ;
#2372 = VERTEX_POINT ( 'NONE', #1928 ) ;
#2373 = CARTESIAN_POINT ( 'NONE',  ( 0.000000000000000000, 11.50000000000000000, 0.1142264973081031781 ) ) ;
#2374 = DIRECTION ( 'NONE',  ( -0.4472135954999578722, 0.7745966692414834043, -0.4472135954999578722 ) ) ;
#2375 = FACE_OUTER_BOUND ( 'NONE', #1072, .T. ) ;
#2376 = FACE_OUTER_BOUND ( 'NONE', #3599, .T. ) ;
#2377 = PRODUCT ( 'header-2.54-2x3', 'header-2.54-2x3', '', ( #3313 ) ) ;
#2378 = DIRECTION ( 'NONE',  ( 0.000000000000000000, 0.000000000000000000, -1.000000000000000000 ) ) ;
#2379 = FACE_OUTER_BOUND ( 'NONE', #2129, .T. ) ;
#2380 = ORIENTED_EDGE ( 'NONE', *, *, #2681, .F. ) ;
#2381 = AXIS2_PLACEMENT_3D ( 'NONE', #3336, #994, #3063 ) ;
#2382 = EDGE_LOOP ( 'NONE', ( #2950, #2841, #3203, #1181 ) ) ;
#2383 = ORIENTED_EDGE ( 'NONE', *, *, #2916, .F. ) ;
#2384 = FACE_OUTER_BOUND ( 'NONE', #2936, .T. ) ;
#2385 = CARTESIAN_POINT ( 'NONE',  ( 0.7200000000000018607, 0.5000000000000000000, 2.039999999999999591 ) ) ;
#2386 = AXIS2_PLACEMENT_3D ( 'NONE', #1657, #198, #1371 ) ;
#2387 =( BOUNDED_CURVE ( )  B_SPLINE_CURVE ( 3, ( #3745, #1427, #2303, #1452 ),
 .UNSPECIFIED., .F., .F. ) 
 B_SPLINE_CURVE_WITH_KNOTS ( ( 4, 4 ),
 ( 6.156845179540893831, 6.283185307179586232 ),
 .UNSPECIFIED. ) 
 CURVE ( )  GEOMETRIC_REPRESENTATION_ITEM ( )  RATIONAL_B_SPLINE_CURVE ( ( 1.000000000000000000, 0.9986702899464872107, 0.9986702899464872107, 1.000000000000000000 ) ) 
 REPRESENTATION_ITEM ( '' )  );
#2388 = DIRECTION ( 'NONE',  ( -0.000000000000000000, 1.000000000000000000, -0.000000000000000000 ) ) ;
#2389 = VERTEX_POINT ( 'NONE', #1350 ) ;
#2390 = AXIS2_PLACEMENT_3D ( 'NONE', #2746, #465, #1640 ) ;
#2391 = DIRECTION ( 'NONE',  ( 0.8660254037844379305, 0.5000000000000012212, -1.355252715606880740E-15 ) ) ;
#2392 = LINE ( 'NONE', #19, #385 ) ;
#2393 = LINE ( 'NONE', #386, #1424 ) ;
#2394 = CARTESIAN_POINT ( 'NONE',  ( 2.710505431213761085E-16, -2.200000000000001066, -1.269999999999999574 ) ) ;
#2395 = FACE_OUTER_BOUND ( 'NONE', #2783, .T. ) ;
#2396 = CARTESIAN_POINT ( 'NONE',  ( -0.1142264973081031643, 11.49000000000000021, 0.1142264973081031781 ) ) ;
#2397 = ORIENTED_EDGE ( 'NONE', *, *, #2288, .T. ) ;
#2398 = LINE ( 'NONE', #1530, #3014 ) ;
#2399 = EDGE_CURVE ( 'NONE', #3455, #2153, #2248, .T. ) ;
#2400 = ORIENTED_EDGE ( 'NONE', *, *, #677, .T. ) ;
#2401 = ADVANCED_FACE ( 'NONE', ( #257 ), #1798, .F. ) ;
#2402 = ORIENTED_EDGE ( 'NONE', *, *, #12, .F. ) ;
#2403 = CARTESIAN_POINT ( 'NONE',  ( -0.6708578643762687088, 2.500000000000000000, 2.530000000000000693 ) ) ;
#2404 = EDGE_CURVE ( 'NONE', #84, #2176, #3, .T. ) ;
#2405 = CARTESIAN_POINT ( 'NONE',  ( 1.270000000000000462, 2.349999999999999645, 0.9999999999999978906 ) ) ;
#2406 = CIRCLE ( 'NONE', #2952, 0.01000000000000002623 ) ;
#2407 = AXIS2_PLACEMENT_3D ( 'NONE', #388, #2195, #715 ) ;
#2408 = PRODUCT_DEFINITION_SHAPE ( 'NONE', 'NONE',  #3804 ) ;
#2409 = ADVANCED_FACE ( 'NONE', ( #315 ), #2363, .T. ) ;
#2410 = CARTESIAN_POINT ( 'NONE',  ( 0.6779289321881349917, 2.490000000000000213, 2.537071067811865976 ) ) ;
#2411 = UNCERTAINTY_MEASURE_WITH_UNIT (LENGTH_MEASURE( 1.000000000000000082E-05 ), #3652, 'distance_accuracy_value', 'NONE');
#2412 = ORIENTED_EDGE ( 'NONE', *, *, #2112, .T. ) ;
#2413 = CYLINDRICAL_SURFACE ( 'NONE', #2198, 0.01000000000000002623 ) ;
#2414 = LINE ( 'NONE', #344, #220 ) ;
#2415 = VECTOR ( 'NONE', #199, 1000.000000000000000 ) ;
#2416 = FACE_OUTER_BOUND ( 'NONE', #3393, .T. ) ;
#2417 = APPLICATION_PROTOCOL_DEFINITION ( 'draft international standard', 'automotive_design', 1998, #2272 ) ;
#2418 = EDGE_CURVE ( 'NONE', #1961, #1741, #47, .T. ) ;
#2419 = CARTESIAN_POINT ( 'NONE',  ( 0.3199202969641255501, 11.15372788819387395, -0.3112600429262813440 ) ) ;
#2420 = EDGE_CURVE ( 'NONE', #54, #194, #597, .T. ) ;
#2421 = CIRCLE ( 'NONE', #736, 0.01000000000000002623 ) ;
#2422 = EDGE_CURVE ( 'NONE', #1599, #3062, #1220, .T. ) ;
#2423 = ORIENTED_EDGE ( 'NONE', *, *, #405, .T. ) ;
#2424 = DIRECTION ( 'NONE',  ( 5.007715329123870038E-14, 8.673617379884404028E-14, 1.000000000000000000 ) ) ;
#2425 = AXIS2_PLACEMENT_3D ( 'NONE', #2213, #3366, #714 ) ;
#2426 = ORIENTED_EDGE ( 'NONE', *, *, #1386, .F. ) ;
#2427 = AXIS2_PLACEMENT_3D ( 'NONE', #2864, #1397, #3732 ) ;
#2428 = ORIENTED_EDGE ( 'NONE', *, *, #1876, .T. ) ;
#2429 = CARTESIAN_POINT ( 'NONE',  ( 1.270000000000000684, 2.500000000000000000, 2.039999999999999591 ) ) ;
#2430 = FACE_OUTER_BOUND ( 'NONE', #374, .T. ) ;
#2431 = LINE ( 'NONE', #3579, #2850 ) ;
#2432 = ORIENTED_EDGE ( 'NONE', *, *, #2056, .T. ) ;
#2433 = CARTESIAN_POINT ( 'NONE',  ( 1.175000000000000711, 2.350000000000000089, -1.000000000000002442 ) ) ;
#2434 = DIRECTION ( 'NONE',  ( 0.000000000000000000, 1.000000000000000000, 0.000000000000000000 ) ) ;
#2435 = CYLINDRICAL_SURFACE ( 'NONE', #539, 0.01000000000000002623 ) ;
#2436 = LINE ( 'NONE', #3019, #2321 ) ;
#2437 = ORIENTED_EDGE ( 'NONE', *, *, #235, .F. ) ;
#2438 = ORIENTED_EDGE ( 'NONE', *, *, #3519, .T. ) ;
#2439 = VERTEX_POINT ( 'NONE', #2157 ) ;
#2440 = DIRECTION ( 'NONE',  ( -0.000000000000000000, -0.000000000000000000, -1.000000000000000000 ) ) ;
#2441 = CARTESIAN_POINT ( 'NONE',  ( -0.3193224092811601800, 0.3452365399626433073, 0.3159672026817048063 ) ) ;
#2442 = DIRECTION ( 'NONE',  ( 0.000000000000000000, -1.000000000000000000, 0.000000000000000000 ) ) ;
#2443 = CARTESIAN_POINT ( 'NONE',  ( 0.3112600429262812884, 0.3462721118061213299, -0.3199202969641257721 ) ) ;
#2444 = VERTEX_POINT ( 'NONE', #3315 ) ;
#2445 = VECTOR ( 'NONE', #1186, 1000.000000000000000 ) ;
#2446 = DIRECTION ( 'NONE',  ( -1.000000000000000000, 0.000000000000000000, -0.000000000000000000 ) ) ;
#2447 = ORIENTED_EDGE ( 'NONE', *, *, #3409, .T. ) ;
#2448 = LINE ( 'NONE', #3602, #1552 ) ;
#2449 = STYLED_ITEM ( 'NONE', ( #2494 ), #1060 ) ;
#2450 = CARTESIAN_POINT ( 'NONE',  ( 0.3112600429262815105, 0.3462721118061211079, 0.3199202969641257166 ) ) ;
#2451 = CARTESIAN_POINT ( 'NONE',  ( -0.3100000000000001088, 0.3464101615137729628, -0.3199999999999999512 ) ) ;
#2452 = EDGE_CURVE ( 'NONE', #2144, #3162, #3132, .T. ) ;
#2453 = ORIENTED_EDGE ( 'NONE', *, *, #3202, .F. ) ;
#2454 = ORIENTED_EDGE ( 'NONE', *, *, #1386, .T. ) ;
#2455 =( NAMED_UNIT ( * ) PLANE_ANGLE_UNIT ( ) SI_UNIT ( $, .RADIAN. ) );
#2456 = CARTESIAN_POINT ( 'NONE',  ( 1.270000000000000684, 2.500000000000000000, 2.039999999999999591 ) ) ;
#2457 = LINE ( 'NONE', #397, #3419 ) ;
#2458 = ADVANCED_FACE ( 'NONE', ( #1938 ), #1921, .T. ) ;
#2459 = EDGE_CURVE ( 'NONE', #2626, #3574, #2540, .T. ) ;
#2460 = ORIENTED_EDGE ( 'NONE', *, *, #2811, .T. ) ;
#2461 = AXIS2_PLACEMENT_3D ( 'NONE', #3528, #2084, #2947 ) ;
#2462 = CARTESIAN_POINT ( 'NONE',  ( -0.3199733969465144989, 0.3463640836734994677, 0.3108419876365759449 ) ) ;
#2463 = EDGE_CURVE ( 'NONE', #2667, #2562, #491, .T. ) ;
#2464 = EDGE_LOOP ( 'NONE', ( #767, #2279, #3492, #449, #2400, #2510 ) ) ;
#2465 = FACE_OUTER_BOUND ( 'NONE', #3798, .T. ) ;
#2466 = CIRCLE ( 'NONE', #726, 0.01000000000000002623 ) ;
#2467 = DIRECTION ( 'NONE',  ( 1.000000000000000000, 0.000000000000000000, 0.000000000000000000 ) ) ;
#2468 = CARTESIAN_POINT ( 'NONE',  ( 0.6708578643762683758, 2.500000000000000000, -2.529999999999999805 ) ) ;
#2469 = AXIS2_PLACEMENT_3D ( 'NONE', #3206, #320, #585 ) ;
#2470 = DIRECTION ( 'NONE',  ( 0.000000000000000000, -1.000000000000000000, 0.000000000000000000 ) ) ;
#2471 = ORIENTED_EDGE ( 'NONE', *, *, #2487, .F. ) ;
#2472 = ORIENTED_EDGE ( 'NONE', *, *, #3249, .F. ) ;
#2473 = SURFACE_STYLE_FILL_AREA ( #1035 ) ;
#2474 = AXIS2_PLACEMENT_3D ( 'NONE', #2786, #1283, #735 ) ;
#2475 = CARTESIAN_POINT ( 'NONE',  ( 0.000000000000000000, 2.350000000000000089, 0.000000000000000000 ) ) ;
#2476 = EDGE_CURVE ( 'NONE', #1950, #1797, #1362, .T. ) ;
#2477 = AXIS2_PLACEMENT_3D ( 'NONE', #2369, #2668, #3516 ) ;
#2478 = ADVANCED_FACE ( 'NONE', ( #1669, #3154, #2504 ), #2558, .F. ) ;
#2479 =( NAMED_UNIT ( * ) SI_UNIT ( $, .STERADIAN. ) SOLID_ANGLE_UNIT ( ) );
#2480 = EDGE_LOOP ( 'NONE', ( #3608, #3706, #1817, #1578, #2223, #2368, #1684, #707 ) ) ;
#2481 = ORIENTED_EDGE ( 'NONE', *, *, #573, .F. ) ;
#2482 =( BOUNDED_CURVE ( )  B_SPLINE_CURVE ( 3, ( #1305, #3075, #3372, #2054 ),
 .UNSPECIFIED., .F., .F. ) 
 B_SPLINE_CURVE_WITH_KNOTS ( ( 4, 4 ),
 ( 3.141592653589793116, 3.267932781228569006 ),
 .UNSPECIFIED. ) 
 CURVE ( )  GEOMETRIC_REPRESENTATION_ITEM ( )  RATIONAL_B_SPLINE_CURVE ( ( 1.000000000000000000, 0.9986702899464854344, 0.9986702899464854344, 1.000000000000000000 ) ) 
 REPRESENTATION_ITEM ( '' )  );
#2483 = LINE ( 'NONE', #3036, #983 ) ;
#2484 = CARTESIAN_POINT ( 'NONE',  ( 1.270000000000000462, 2.500000000000000000, 1.009999999999997788 ) ) ;
#2485 = DIRECTION ( 'NONE',  ( -4.065758146820807288E-15, 1.000000000000000000, -4.065758146820807288E-15 ) ) ;
#2486 = DIRECTION ( 'NONE',  ( 0.000000000000000000, 0.000000000000000000, 1.000000000000000000 ) ) ;
#2487 = EDGE_CURVE ( 'NONE', #2189, #1369, #3431, .T. ) ;
#2488 = CARTESIAN_POINT ( 'NONE',  ( 1.270000000000000684, 2.500000000000000000, 2.029999999999999805 ) ) ;
#2489 = CARTESIAN_POINT ( 'NONE',  ( -0.1142264973081041635, 0.009999999999999998473, 0.1142264973081041773 ) ) ;
#2490 = EDGE_LOOP ( 'NONE', ( #2914, #806, #1662, #297 ) ) ;
#2491 = ORIENTED_EDGE ( 'NONE', *, *, #3185, .F. ) ;
#2492 = ORIENTED_EDGE ( 'NONE', *, *, #1590, .F. ) ;
#2493 = CARTESIAN_POINT ( 'NONE',  ( 1.270000000000000240, 0.5000000000000000000, 2.039999999999999591 ) ) ;
#2494 = PRESENTATION_STYLE_ASSIGNMENT (( #1278 ) ) ;
#2495 = ORIENTED_EDGE ( 'NONE', *, *, #1310, .T. ) ;
#2496 = DIRECTION ( 'NONE',  ( 0.000000000000000000, -0.5000000000000014433, -0.8660254037844379305 ) ) ;
#2497 = AXIS2_PLACEMENT_3D ( 'NONE', #2736, #3042, #2121 ) ;
#2498 = EDGE_LOOP ( 'NONE', ( #1308, #3319, #3088, #2996 ) ) ;
#2499 = AXIS2_PLACEMENT_3D ( 'NONE', #814, #542, #3796 ) ;
#2500 = CARTESIAN_POINT ( 'NONE',  ( -0.6708578643762687088, 0.01000000000000000021, 2.530000000000000693 ) ) ;
#2501 = CARTESIAN_POINT ( 'NONE',  ( 1.270000000000000684, -4.081105855034882879, 2.039999999999999591 ) ) ;
#2502 = DIRECTION ( 'NONE',  ( 0.000000000000000000, -0.000000000000000000, 1.000000000000000000 ) ) ;
#2503 = DIRECTION ( 'NONE',  ( 0.000000000000000000, 0.000000000000000000, -1.000000000000000000 ) ) ;
#2504 = FACE_BOUND ( 'NONE', #1945, .T. ) ;
#2505 = SHAPE_REPRESENTATION ( 'header-2.54-pin_\X2\9ed88ba4\X0\', ( #2231 ), #1051 ) ;
#2506 = DIRECTION ( 'NONE',  ( -1.000000000000000000, 0.000000000000000000, 1.694065894508600925E-16 ) ) ;
#2507 = EDGE_LOOP ( 'NONE', ( #3687, #3580, #1122, #1017 ) ) ;
#2508 = EDGE_CURVE ( 'NONE', #1453, #1736, #2037, .T. ) ;
#2509 = ORIENTED_EDGE ( 'NONE', *, *, #2571, .T. ) ;
#2510 = ORIENTED_EDGE ( 'NONE', *, *, #3509, .T. ) ;
#2511 = FILL_AREA_STYLE_COLOUR ( '', #20 ) ;
#2512 = EDGE_CURVE ( 'NONE', #2153, #2797, #2849, .T. ) ;
#2513 = DIRECTION ( 'NONE',  ( 0.000000000000000000, -2.710505431213761479E-15, -1.000000000000000000 ) ) ;
#2514 = CIRCLE ( 'NONE', #1837, 0.01000000000000002623 ) ;
#2515 = ADVANCED_FACE ( 'NONE', ( #206 ), #739, .F. ) ;
#2516 = ORIENTED_EDGE ( 'NONE', *, *, #1367, .T. ) ;
#2517 = EDGE_CURVE ( 'NONE', #2372, #3729, #392, .T. ) ;
#2518 = LINE ( 'NONE', #2823, #442 ) ;
#2519 = CARTESIAN_POINT ( 'NONE',  ( 1.270000000000000684, 2.350000000000000089, 0.9999999999999978906 ) ) ;
#2520 = DIRECTION ( 'NONE',  ( -1.000000000000000000, 0.000000000000000000, 0.000000000000000000 ) ) ;
#2521 = FACE_OUTER_BOUND ( 'NONE', #1091, .T. ) ;
#2522 = DIRECTION ( 'NONE',  ( 1.694065894508600678E-16, -0.000000000000000000, 1.000000000000000000 ) ) ;
#2523 = EDGE_CURVE ( 'NONE', #762, #2611, #758, .T. ) ;
#2524 = EDGE_CURVE ( 'NONE', #1741, #919, #153, .T. ) ;
#2525 = DIRECTION ( 'NONE',  ( 0.7071067811865481278, 0.000000000000000000, 0.7071067811865469066 ) ) ;
#2526 = EDGE_CURVE ( 'NONE', #734, #614, #440, .T. ) ;
#2527 = ORIENTED_EDGE ( 'NONE', *, *, #3542, .T. ) ;
#2528 = VECTOR ( 'NONE', #2233, 999.9999999999998863 ) ;
#2529 = ORIENTED_EDGE ( 'NONE', *, *, #3708, .T. ) ;
#2530 = EDGE_LOOP ( 'NONE', ( #1892, #2040, #3629, #1124, #2257, #2712 ) ) ;
#2531 = CARTESIAN_POINT ( 'NONE',  ( 0.6708578643762684868, 2.500000000000000000, -2.529999999999999805 ) ) ;
#2532 = DIRECTION ( 'NONE',  ( -0.4472135954999593710, 0.7745966692414818500, 0.4472135954999594265 ) ) ;
#2533 = AXIS2_PLACEMENT_3D ( 'NONE', #2932, #2022, #510 ) ;
#2534 = EDGE_LOOP ( 'NONE', ( #2347, #1691, #2203, #15 ) ) ;
#2535 = DIRECTION ( 'NONE',  ( 1.000000000000000000, 0.000000000000000000, -1.694065894508600925E-16 ) ) ;
#2536 = VECTOR ( 'NONE', #524, 1000.000000000000000 ) ;
#2537 = LINE ( 'NONE', #3697, #1470 ) ;
#2538 = CARTESIAN_POINT ( 'NONE',  ( -0.3100000000000001088, 11.15358983848622287, -0.3199999999999999512 ) ) ;
#2539 = DIRECTION ( 'NONE',  ( 1.694065894508600678E-16, -0.000000000000000000, 1.000000000000000000 ) ) ;
#2540 = LINE ( 'NONE', #718, #1906 ) ;
#2541 = VECTOR ( 'NONE', #2388, 1000.000000000000000 ) ;
#2542 =( REPRESENTATION_RELATIONSHIP ('NONE','NONE', #3667, #1932 ) REPRESENTATION_RELATIONSHIP_WITH_TRANSFORMATION ( #768 )SHAPE_REPRESENTATION_RELATIONSHIP( ) );
#2543 = CARTESIAN_POINT ( 'NONE',  ( 0.3199733969465144434, 0.3463640836734995232, 0.3108419876365758339 ) ) ;
#2544 = ORIENTED_EDGE ( 'NONE', *, *, #1604, .F. ) ;
#2545 = LINE ( 'NONE', #2563, #3194 ) ;
#2546 = EDGE_LOOP ( 'NONE', ( #721, #174, #2898, #50 ) ) ;
#2547 = ORIENTED_EDGE ( 'NONE', *, *, #3708, .F. ) ;
#2548 =( BOUNDED_CURVE ( )  B_SPLINE_CURVE ( 3, ( #1363, #3373, #2543, #3701 ),
 .UNSPECIFIED., .F., .F. ) 
 B_SPLINE_CURVE_WITH_KNOTS ( ( 4, 4 ),
 ( 3.141592653589793116, 3.267932781228558792 ),
 .UNSPECIFIED. ) 
 CURVE ( )  GEOMETRIC_REPRESENTATION_ITEM ( )  RATIONAL_B_SPLINE_CURVE ( ( 1.000000000000000000, 0.9986702899464856564, 0.9986702899464856564, 1.000000000000000000 ) ) 
 REPRESENTATION_ITEM ( '' )  );
#2549 = DIRECTION ( 'NONE',  ( 0.000000000000000000, 0.000000000000000000, 1.000000000000000000 ) ) ;
#2550 = FACE_OUTER_BOUND ( 'NONE', #2621, .T. ) ;
#2551 = DIRECTION ( 'NONE',  ( -0.7071067811865474617, 0.000000000000000000, 0.7071067811865476838 ) ) ;
#2552 = VERTEX_POINT ( 'NONE', #1649 ) ;
#2553 = DIRECTION ( 'NONE',  ( 1.000000000000000000, 0.000000000000000000, 0.000000000000000000 ) ) ;
#2554 = DIRECTION ( 'NONE',  ( -0.000000000000000000, 1.000000000000000000, -0.000000000000000000 ) ) ;
#2555 = CARTESIAN_POINT ( 'NONE',  ( 0.000000000000000000, 11.49000000000000021, 0.1142264973081031781 ) ) ;
#2556 = CARTESIAN_POINT ( 'NONE',  ( -1.179142135623730825, 2.490000000000000213, 2.030000000000000693 ) ) ;
#2557 = DIRECTION ( 'NONE',  ( 0.000000000000000000, -1.000000000000000000, 0.000000000000000000 ) ) ;
#2558 = PLANE ( 'NONE',  #486 ) ;
#2559 = DIRECTION ( 'NONE',  ( 0.000000000000000000, -0.000000000000000000, 1.000000000000000000 ) ) ;
#2560 = VERTEX_POINT ( 'NONE', #3722 ) ;
#2561 = ORIENTED_EDGE ( 'NONE', *, *, #566, .F. ) ;
#2562 = VERTEX_POINT ( 'NONE', #2199 ) ;
#2563 = CARTESIAN_POINT ( 'NONE',  ( 0.3200000000000002287, 0.000000000000000000, -0.9499999999999996225 ) ) ;
#2564 = AXIS2_PLACEMENT_3D ( 'NONE', #382, #3327, #3618 ) ;
#2565 = ADVANCED_FACE ( 'NONE', ( #1304 ), #3645, .T. ) ;
#2566 = EDGE_LOOP ( 'NONE', ( #2738, #3704, #1623, #313 ) ) ;
#2567 = ORIENTED_EDGE ( 'NONE', *, *, #2512, .F. ) ;
#2568 = DIRECTION ( 'NONE',  ( 1.000000000000000000, 0.000000000000000000, 0.000000000000000000 ) ) ;
#2569 = EDGE_LOOP ( 'NONE', ( #129, #2794, #292, #1693 ) ) ;
#2570 = PLANE ( 'NONE',  #244 ) ;
#2571 = EDGE_CURVE ( 'NONE', #85, #3729, #2218, .T. ) ;
#2572 = VERTEX_POINT ( 'NONE', #1111 ) ;
#2573 = PLANE ( 'NONE',  #3758 ) ;
#2574 = CARTESIAN_POINT ( 'NONE',  ( -0.3199999999999997846, 2.500000000000000000, 0.9499999999999996225 ) ) ;
#2575 = EDGE_CURVE ( 'NONE', #2707, #1609, #2299, .T. ) ;
#2576 = CARTESIAN_POINT ( 'NONE',  ( -0.7200000000000017497, 0.5000000000000000000, -0.5499999999999979350 ) ) ;
#2577 = DIRECTION ( 'NONE',  ( 0.000000000000000000, 1.000000000000000000, 0.000000000000000000 ) ) ;
#2578 = DIRECTION ( 'NONE',  ( 0.000000000000000000, -1.000000000000000000, 0.000000000000000000 ) ) ;
#2579 = EDGE_CURVE ( 'NONE', #3617, #1092, #821, .T. ) ;
#2580 = DIRECTION ( 'NONE',  ( 1.000000000000000000, 0.000000000000000000, 0.000000000000000000 ) ) ;
#2581 = DIRECTION ( 'NONE',  ( -1.694065894508600678E-16, 0.000000000000000000, -1.000000000000000000 ) ) ;
#2582 = DIRECTION ( 'NONE',  ( 0.7071067811865482389, -0.000000000000000000, 0.7071067811865469066 ) ) ;
#2583 = CARTESIAN_POINT ( 'NONE',  ( 1.179142135623730825, 2.490000000000000213, -2.040000000000000036 ) ) ;
#2584 = VECTOR ( 'NONE', #2717, 1000.000000000000000 ) ;
#2585 = CARTESIAN_POINT ( 'NONE',  ( -0.6749999999999996003, 2.500000000000000000, -2.539999999999999591 ) ) ;
#2586 = ORIENTED_EDGE ( 'NONE', *, *, #3400, .T. ) ;
#2587 = FILL_AREA_STYLE_COLOUR ( '', #927 ) ;
#2588 = CIRCLE ( 'NONE', #3251, 0.01000000000000002623 ) ;
#2589 = ORIENTED_EDGE ( 'NONE', *, *, #2517, .F. ) ;
#2590 = AXIS2_PLACEMENT_3D ( 'NONE', #1870, #439, #2486 ) ;
#2591 = DIRECTION ( 'NONE',  ( 0.000000000000000000, 0.000000000000000000, 1.000000000000000000 ) ) ;
#2592 = EDGE_LOOP ( 'NONE', ( #3666, #3737, #3028, #171 ) ) ;
#2593 = DIRECTION ( 'NONE',  ( -1.000000000000000000, 0.000000000000000000, 0.000000000000000000 ) ) ;
#2594 = ADVANCED_FACE ( 'NONE', ( #2871 ), #3172, .F. ) ;
#2595 = CARTESIAN_POINT ( 'NONE',  ( -0.6708578643762687088, 2.490000000000000213, -2.529999999999999805 ) ) ;
#2596 = AXIS2_PLACEMENT_3D ( 'NONE', #929, #1210, #3544 ) ;
#2597 = AXIS2_PLACEMENT_3D ( 'NONE', #2604, #3488, #3432 ) ;
#2598 = DIRECTION ( 'NONE',  ( 0.000000000000000000, 1.000000000000000000, 0.000000000000000000 ) ) ;
#2599 = DIRECTION ( 'NONE',  ( 1.000000000000000000, 0.000000000000000000, 0.000000000000000000 ) ) ;
#2600 = CIRCLE ( 'NONE', #924, 0.02000000000000005246 ) ;
#2601 = CARTESIAN_POINT ( 'NONE',  ( 0.1228867513459474259, 11.49499999999999922, -2.081782543421284250E-17 ) ) ;
#2602 = FACE_OUTER_BOUND ( 'NONE', #555, .T. ) ;
#2603 = AXIS2_PLACEMENT_3D ( 'NONE', #903, #2070, #886 ) ;
#2604 = CARTESIAN_POINT ( 'NONE',  ( -0.1142264973081041635, 0.01000000000000000021, 0.1142264973081042190 ) ) ;
#2605 = ORIENTED_EDGE ( 'NONE', *, *, #3527, .F. ) ;
#2606 = CARTESIAN_POINT ( 'NONE',  ( -1.164999999999998925, 2.746374505504947274E-17, -2.044142135623731704 ) ) ;
#2607 = VECTOR ( 'NONE', #3236, 1000.000000000000000 ) ;
#2608 = CARTESIAN_POINT ( 'NONE',  ( 1.165000000000000702, 2.500000000000000000, -1.010000000000002451 ) ) ;
#2609 = ORIENTED_EDGE ( 'NONE', *, *, #2229, .F. ) ;
#2610 = DIRECTION ( 'NONE',  ( 1.000000000000000000, 0.000000000000000000, 0.000000000000000000 ) ) ;
#2611 = VERTEX_POINT ( 'NONE', #756 ) ;
#2612 = CARTESIAN_POINT ( 'NONE',  ( 0.6708578643762694860, 0.01000000000000000021, 2.530000000000000693 ) ) ;
#2613 = ORIENTED_EDGE ( 'NONE', *, *, #1258, .T. ) ;
#2614 = PLANE ( 'NONE',  #41 ) ;
#2615 = LINE ( 'NONE', #817, #3083 ) ;
#2616 = ORIENTED_EDGE ( 'NONE', *, *, #2641, .T. ) ;
#2617 = LINE ( 'NONE', #569, #300 ) ;
#2618 = FACE_OUTER_BOUND ( 'NONE', #2480, .T. ) ;
#2619 = LINE ( 'NONE', #1154, #3259 ) ;
#2620 = EDGE_CURVE ( 'NONE', #843, #1739, #862, .T. ) ;
#2621 = EDGE_LOOP ( 'NONE', ( #27, #2027, #3437, #1603 ) ) ;
#2622 = DIRECTION ( 'NONE',  ( -0.7071067811865477948, 0.000000000000000000, -0.7071067811865473507 ) ) ;
#2623 = VECTOR ( 'NONE', #2322, 1000.000000000000000 ) ;
#2624 = ORIENTED_EDGE ( 'NONE', *, *, #3464, .T. ) ;
#2625 = VECTOR ( 'NONE', #2842, 1000.000000000000114 ) ;
#2626 = VERTEX_POINT ( 'NONE', #452 ) ;
#2627 = EDGE_CURVE ( 'NONE', #2176, #875, #2236, .T. ) ;
#2628 = EDGE_LOOP ( 'NONE', ( #3711, #155, #1382, #3531, #66, #214 ) ) ;
#2629 = AXIS2_PLACEMENT_3D ( 'NONE', #1877, #123, #2551 ) ;
#2630 = ORIENTED_EDGE ( 'NONE', *, *, #573, .T. ) ;
#2631 = DIRECTION ( 'NONE',  ( 0.000000000000000000, 0.4999999999999999445, 0.8660254037844387076 ) ) ;
#2632 = EDGE_CURVE ( 'NONE', #3062, #3573, #1968, .T. ) ;
#2633 = DIRECTION ( 'NONE',  ( 0.7071067811865475727, -0.000000000000000000, 0.7071067811865475727 ) ) ;
#2634 = UNCERTAINTY_MEASURE_WITH_UNIT (LENGTH_MEASURE( 1.000000000000000082E-05 ), #691, 'distance_accuracy_value', 'NONE');
#2635 = ORIENTED_EDGE ( 'NONE', *, *, #1019, .F. ) ;
#2636 = DIRECTION ( 'NONE',  ( 1.000000000000000000, 0.000000000000000000, 0.000000000000000000 ) ) ;
#2637 = DIRECTION ( 'NONE',  ( 1.000000000000000000, 0.000000000000000000, -2.125886612716675327E-16 ) ) ;
#2638 = LINE ( 'NONE', #3239, #3341 ) ;
#2639 = DIRECTION ( 'NONE',  ( -1.000000000000000000, 5.421010862427752517E-15, -3.129822080702418774E-15 ) ) ;
#2640 = AXIS2_PLACEMENT_3D ( 'NONE', #771, #203, #1402 ) ;
#2641 = EDGE_CURVE ( 'NONE', #2655, #2853, #1103, .T. ) ;
#2642 = ORIENTED_EDGE ( 'NONE', *, *, #2620, .F. ) ;
#2643 = EDGE_CURVE ( 'NONE', #2552, #3333, #1001, .T. ) ;
#2644 = ADVANCED_FACE ( 'NONE', ( #3280 ), #2788, .F. ) ;
#2645 = ADVANCED_FACE ( 'NONE', ( #650 ), #3094, .T. ) ;
#2646 = DIRECTION ( 'NONE',  ( 0.4472135954999593155, 0.7745966692414818500, -0.4472135954999593710 ) ) ;
#2647 = ORIENTED_EDGE ( 'NONE', *, *, #3286, .F. ) ;
#2648 = VERTEX_POINT ( 'NONE', #1045 ) ;
#2649 = AXIS2_PLACEMENT_3D ( 'NONE', #580, #1435, #1758 ) ;
#2650 = VERTEX_POINT ( 'NONE', #1511 ) ;
#2651 = CARTESIAN_POINT ( 'NONE',  ( 0.3099999999999999978, 11.15358983848622287, 0.3200000000000000622 ) ) ;
#2652 = CARTESIAN_POINT ( 'NONE',  ( -1.269999999999999796, 2.490000000000000213, 2.030000000000000249 ) ) ;
#2653 = CIRCLE ( 'NONE', #1660, 0.01000000000000000715 ) ;
#2654 = SPHERICAL_SURFACE ( 'NONE', #1053, 0.01000000000000000021 ) ;
#2655 = VERTEX_POINT ( 'NONE', #2215 ) ;
#2656 = DIRECTION ( 'NONE',  ( 0.7071067811865474617, 0.000000000000000000, -0.7071067811865476838 ) ) ;
#2657 = LINE ( 'NONE', #570, #528 ) ;
#2658 = CYLINDRICAL_SURFACE ( 'NONE', #1553, 0.01000000000000002623 ) ;
#2659 = DIRECTION ( 'NONE',  ( 1.000000000000000000, 0.000000000000000000, 8.470329472543004623E-17 ) ) ;
#2660 = CIRCLE ( 'NONE', #3317, 0.009999999999999592548 ) ;
#2661 = CARTESIAN_POINT ( 'NONE',  ( 0.6708578643762684868, 0.01000000000000002623, -2.529999999999999805 ) ) ;
#2662 = STYLED_ITEM ( 'NONE', ( #2245 ), #3634 ) ;
#2663 = LINE ( 'NONE', #23, #2623 ) ;
#2664 = LINE ( 'NONE', #945, #3654 ) ;
#2665 = ORIENTED_EDGE ( 'NONE', *, *, #682, .T. ) ;
#2666 = ORIENTED_EDGE ( 'NONE', *, *, #310, .F. ) ;
#2667 = VERTEX_POINT ( 'NONE', #133 ) ;
#2668 = DIRECTION ( 'NONE',  ( -0.000000000000000000, 0.000000000000000000, -1.000000000000000000 ) ) ;
#2669 = CARTESIAN_POINT ( 'NONE',  ( -1.600428932188134423, 2.490000000000000213, 1.600428932188135089 ) ) ;
#2670 = CARTESIAN_POINT ( 'NONE',  ( 1.992499999999997273, 0.5000000000000000000, -1.222500000000003473 ) ) ;
#2671 = ORIENTED_EDGE ( 'NONE', *, *, #2643, .F. ) ;
#2672 =( BOUNDED_CURVE ( )  B_SPLINE_CURVE ( 3, ( #1984, #2361, #3510, #2608 ),
 .UNSPECIFIED., .F., .F. ) 
 B_SPLINE_CURVE_WITH_KNOTS ( ( 4, 4 ),
 ( 3.141592653589793116, 4.712388980384689674 ),
 .UNSPECIFIED. ) 
 CURVE ( )  GEOMETRIC_REPRESENTATION_ITEM ( )  RATIONAL_B_SPLINE_CURVE ( ( 1.000000000000000000, 0.8047378541243649375, 0.8047378541243649375, 1.000000000000000000 ) ) 
 REPRESENTATION_ITEM ( '' )  );
#2673 = CARTESIAN_POINT ( 'NONE',  ( 0.000000000000000000, 0.000000000000000000, 0.000000000000000000 ) ) ;
#2674 = CARTESIAN_POINT ( 'NONE',  ( 0.3099999999999999978, 0.3464101615137729628, 0.3200000000000000622 ) ) ;
#2675 = DIRECTION ( 'NONE',  ( 1.000000000000000000, 0.000000000000000000, -0.000000000000000000 ) ) ;
#2676 = CARTESIAN_POINT ( 'NONE',  ( -3.262499999999999289, 0.5000000000000000000, 0.04749999999999979933 ) ) ;
#2677 = PRODUCT_DEFINITION_SHAPE ( 'NONE', 'NONE',  #3806 ) ;
#2678 = DIRECTION ( 'NONE',  ( 0.000000000000000000, 0.000000000000000000, 1.000000000000000000 ) ) ;
#2679 = FACE_OUTER_BOUND ( 'NONE', #258, .T. ) ;
#2680 = EDGE_CURVE ( 'NONE', #614, #1141, #1342, .T. ) ;
#2681 = EDGE_CURVE ( 'NONE', #3162, #762, #354, .T. ) ;
#2682 = CARTESIAN_POINT ( 'NONE',  ( -0.3099999999999999978, 0.3464101615137729628, 0.3200000000000000622 ) ) ;
#2683 = EDGE_CURVE ( 'NONE', #3079, #1591, #737, .T. ) ;
#2684 = EDGE_LOOP ( 'NONE', ( #2028, #3533, #2353, #598 ) ) ;
#2685 = CARTESIAN_POINT ( 'NONE',  ( -0.1066666666666662294, 1.113333333333334174, -1.163333333333333108 ) ) ;
#2686 = EDGE_CURVE ( 'NONE', #2319, #1591, #2398, .T. ) ;
#2687 = CIRCLE ( 'NONE', #3785, 0.01000000000000001409 ) ;
#2688 = ORIENTED_EDGE ( 'NONE', *, *, #3409, .F. ) ;
#2689 = ORIENTED_EDGE ( 'NONE', *, *, #1593, .T. ) ;
#2690 = DIRECTION ( 'NONE',  ( 0.000000000000000000, 1.000000000000000000, -2.710505431213760691E-15 ) ) ;
#2691 = LINE ( 'NONE', #2456, #99 ) ;
#2692 = VECTOR ( 'NONE', #3783, 1000.000000000000000 ) ;
#2693 = EDGE_CURVE ( 'NONE', #1651, #2740, #3072, .T. ) ;
#2694 = CARTESIAN_POINT ( 'NONE',  ( -0.3200000000000001177, 11.15358983848622287, -0.3199999999999998956 ) ) ;
#2695 = ORIENTED_EDGE ( 'NONE', *, *, #2301, .T. ) ;
#2696 = DIRECTION ( 'NONE',  ( 0.7071067811865477948, 0.000000000000000000, -0.7071067811865473507 ) ) ;
#2697 = CARTESIAN_POINT ( 'NONE',  ( 0.3099999999999999978, 0.3464101615137729628, 0.3200000000000000622 ) ) ;
#2698 = EDGE_CURVE ( 'NONE', #3561, #372, #1547, .T. ) ;
#2699 = CARTESIAN_POINT ( 'NONE',  ( 0.1142264973081041080, 0.000000000000000000, 0.1142264973081042190 ) ) ;
#2700 = SHAPE_DEFINITION_REPRESENTATION ( #640, #1932 ) ;
#2701 = LINE ( 'NONE', #608, #2092 ) ;
#2702 = AXIS2_PLACEMENT_3D ( 'NONE', #3641, #3071, #2467 ) ;
#2703 = FACE_OUTER_BOUND ( 'NONE', #1618, .T. ) ;
#2704 = VERTEX_POINT ( 'NONE', #151 ) ;
#2705 = CARTESIAN_POINT ( 'NONE',  ( -2.305356198337586425E-15, 2.500000000000000000, 1.009999999999995124 ) ) ;
#2706 = ORIENTED_EDGE ( 'NONE', *, *, #1488, .F. ) ;
#2707 = VERTEX_POINT ( 'NONE', #3004 ) ;
#2708 = CARTESIAN_POINT ( 'NONE',  ( 0.3108419876365757784, 11.15363591632649509, 0.3199733969465144989 ) ) ;
#2709 = AXIS2_PLACEMENT_3D ( 'NONE', #179, #3459, #2285 ) ;
#2710 = CIRCLE ( 'NONE', #722, 0.01000000000000002623 ) ;
#2711 = CARTESIAN_POINT ( 'NONE',  ( -1.174999999999999822, 2.490000000000000213, -2.039999999999999591 ) ) ;
#2712 = ORIENTED_EDGE ( 'NONE', *, *, #1271, .T. ) ;
#2713 = LINE ( 'NONE', #36, #2326 ) ;
#2714 = DIRECTION ( 'NONE',  ( 0.000000000000000000, 0.000000000000000000, -1.000000000000000000 ) ) ;
#2715 = AXIS2_PLACEMENT_3D ( 'NONE', #3349, #2196, #2502 ) ;
#2716 = DIRECTION ( 'NONE',  ( 0.000000000000000000, -1.000000000000000000, -8.538092108323695779E-14 ) ) ;
#2717 = DIRECTION ( 'NONE',  ( -0.4472135954999578722, 0.7745966692414835153, 0.4472135954999579277 ) ) ;
#2718 = FACE_OUTER_BOUND ( 'NONE', #1856, .T. ) ;
#2719 = VECTOR ( 'NONE', #533, 1000.000000000000000 ) ;
#2720 = AXIS2_PLACEMENT_3D ( 'NONE', #37, #892, #1229 ) ;
#2721 = EDGE_LOOP ( 'NONE', ( #621, #1479, #3301, #1050 ) ) ;
#2722 = DIRECTION ( 'NONE',  ( 0.000000000000000000, -1.000000000000000000, 0.000000000000000000 ) ) ;
#2723 = EDGE_LOOP ( 'NONE', ( #430, #3493, #1680, #2402 ) ) ;
#2724 = VERTEX_POINT ( 'NONE', #373 ) ;
#2725 = DIRECTION ( 'NONE',  ( -0.000000000000000000, 1.000000000000000000, -0.000000000000000000 ) ) ;
#2726 = CARTESIAN_POINT ( 'NONE',  ( 0.3200000000000000067, 11.15358983848622287, 0.3100000000000000533 ) ) ;
#2727 = EDGE_CURVE ( 'NONE', #2572, #3532, #917, .T. ) ;
#2728 = DIRECTION ( 'NONE',  ( 1.694065894508600678E-16, 0.000000000000000000, 1.000000000000000000 ) ) ;
#2729 = ORIENTED_EDGE ( 'NONE', *, *, #544, .F. ) ;
#2730 = CYLINDRICAL_SURFACE ( 'NONE', #3468, 0.01000000000000002623 ) ;
#2731 = CARTESIAN_POINT ( 'NONE',  ( -0.7200000000000015277, 0.5000000000000000000, 2.039999999999999591 ) ) ;
#2732 = VERTEX_POINT ( 'NONE', #631 ) ;
#2733 = DIRECTION ( 'NONE',  ( -0.000000000000000000, -0.000000000000000000, 1.000000000000000000 ) ) ;
#2734 = DIRECTION ( 'NONE',  ( 1.000000000000000000, -0.000000000000000000, -0.000000000000000000 ) ) ;
#2735 = FACE_OUTER_BOUND ( 'NONE', #3335, .T. ) ;
#2736 = CARTESIAN_POINT ( 'NONE',  ( -0.3199999999999997846, 0.000000000000000000, -0.9499999999999996225 ) ) ;
#2737 = EDGE_CURVE ( 'NONE', #1739, #883, #1815, .T. ) ;
#2738 = ORIENTED_EDGE ( 'NONE', *, *, #3159, .T. ) ;
#2739 = EDGE_CURVE ( 'NONE', #2650, #734, #2832, .T. ) ;
#2740 = VERTEX_POINT ( 'NONE', #858 ) ;
#2741 = VERTEX_POINT ( 'NONE', #2269 ) ;
#2742 = EDGE_CURVE ( 'NONE', #2176, #808, #2869, .T. ) ;
#2743 = CARTESIAN_POINT ( 'NONE',  ( 0.6779289321881338815, 2.490000000000000213, -2.537071067811865088 ) ) ;
#2744 = DIRECTION ( 'NONE',  ( 1.000000000000000000, -0.000000000000000000, -0.000000000000000000 ) ) ;
#2745 = AXIS2_PLACEMENT_3D ( 'NONE', #989, #1939, #3058 ) ;
#2746 = CARTESIAN_POINT ( 'NONE',  ( -0.6708578643762687088, 0.01000000000000002623, 2.530000000000000693 ) ) ;
#2747 = CIRCLE ( 'NONE', #3049, 0.01000000000000001409 ) ;
#2748 = EDGE_LOOP ( 'NONE', ( #2107, #1279, #1368, #394 ) ) ;
#2749 = VECTOR ( 'NONE', #2350, 1000.000000000000000 ) ;
#2750 = DIRECTION ( 'NONE',  ( 1.000000000000000000, 0.000000000000000000, 2.282530889443166233E-15 ) ) ;
#2751 = ORIENTED_EDGE ( 'NONE', *, *, #1548, .F. ) ;
#2752 =( BOUNDED_CURVE ( )  B_SPLINE_CURVE ( 3, ( #1036, #1927, #1313, #3102 ),
 .UNSPECIFIED., .F., .F. ) 
 B_SPLINE_CURVE_WITH_KNOTS ( ( 4, 4 ),
 ( 3.141592653589793116, 3.267932781228574779 ),
 .UNSPECIFIED. ) 
 CURVE ( )  GEOMETRIC_REPRESENTATION_ITEM ( )  RATIONAL_B_SPLINE_CURVE ( ( 1.000000000000000000, 0.9986702899464853234, 0.9986702899464853234, 1.000000000000000000 ) ) 
 REPRESENTATION_ITEM ( '' )  );
#2753 = DIRECTION ( 'NONE',  ( -0.000000000000000000, 1.000000000000000000, -0.000000000000000000 ) ) ;
#2754 = CARTESIAN_POINT ( 'NONE',  ( 1.174999999999999378, 0.004142135623730944412, -2.040000000000000480 ) ) ;
#2755 = DIRECTION ( 'NONE',  ( -0.7071067811865482389, 0.000000000000000000, -0.7071067811865469066 ) ) ;
#2756 = CARTESIAN_POINT ( 'NONE',  ( -1.174999999999999822, 2.350000000000000089, 0.9999999999999978906 ) ) ;
#2757 = EDGE_CURVE ( 'NONE', #1070, #3023, #2588, .T. ) ;
#2758 = ORIENTED_EDGE ( 'NONE', *, *, #822, .F. ) ;
#2759 = EDGE_CURVE ( 'NONE', #3555, #1699, #3408, .T. ) ;
#2760 = EDGE_CURVE ( 'NONE', #651, #91, #2020, .T. ) ;
#2761 = ORIENTED_EDGE ( 'NONE', *, *, #1765, .T. ) ;
#2762 = VECTOR ( 'NONE', #3782, 1000.000000000000000 ) ;
#2763 = ORIENTED_EDGE ( 'NONE', *, *, #3087, .T. ) ;
#2764 = CARTESIAN_POINT ( 'NONE',  ( -0.6708578643762687088, 2.490000000000000213, 2.530000000000000693 ) ) ;
#2765 = VERTEX_POINT ( 'NONE', #1063 ) ;
#2766 = AXIS2_PLACEMENT_3D ( 'NONE', #3703, #1068, #777 ) ;
#2767 = CARTESIAN_POINT ( 'NONE',  ( -0.3193224092811604020, 0.3452365399626432518, -0.3159672026817048063 ) ) ;
#2768 = CARTESIAN_POINT ( 'NONE',  ( -0.6708578643762687088, 2.490000000000000213, 2.530000000000000693 ) ) ;
#2769 = VECTOR ( 'NONE', #796, 999.9999999999998863 ) ;
#2770 = CARTESIAN_POINT ( 'NONE',  ( 1.150857864376268136, 0.000000000000000000, -2.050000000000000711 ) ) ;
#2771 = CARTESIAN_POINT ( 'NONE',  ( -1.175000000000000266, 2.490000000000000213, -1.000000000000002220 ) ) ;
#2772 =( BOUNDED_CURVE ( )  B_SPLINE_CURVE ( 3, ( #2934, #40, #290, #1812 ),
 .UNSPECIFIED., .F., .T. ) 
 B_SPLINE_CURVE_WITH_KNOTS ( ( 4, 4 ),
 ( 0.000000000000000000, 1.570796326794896558 ),
 .UNSPECIFIED. ) 
 CURVE ( )  GEOMETRIC_REPRESENTATION_ITEM ( )  RATIONAL_B_SPLINE_CURVE ( ( 1.000000000000000000, 0.8047378541243649375, 0.8047378541243649375, 1.000000000000000000 ) ) 
 REPRESENTATION_ITEM ( '' )  );
#2773 = AXIS2_PLACEMENT_3D ( 'NONE', #1343, #112, #717 ) ;
#2774 = DIRECTION ( 'NONE',  ( 0.000000000000000000, 0.000000000000000000, -1.000000000000000000 ) ) ;
#2775 = VERTEX_POINT ( 'NONE', #549 ) ;
#2776 = AXIS2_PLACEMENT_3D ( 'NONE', #3097, #1306, #456 ) ;
#2777 = ORIENTED_EDGE ( 'NONE', *, *, #1716, .T. ) ;
#2778 = VERTEX_POINT ( 'NONE', #1109 ) ;
#2779 = CARTESIAN_POINT ( 'NONE',  ( 0.1142264973081041080, 0.01000000000000000021, 0.1142264973081042190 ) ) ;
#2780 = CARTESIAN_POINT ( 'NONE',  ( 0.3112600429262815105, 0.3462721118061211079, 0.3199202969641257166 ) ) ;
#2781 = CIRCLE ( 'NONE', #3504, 0.009999999999999998473 ) ;
#2782 = SURFACE_SIDE_STYLE ('',( #161 ) ) ;
#2783 = EDGE_LOOP ( 'NONE', ( #1385, #3728, #3328, #422 ) ) ;
#2784 = LINE ( 'NONE', #2822, #950 ) ;
#2785 = ORIENTED_EDGE ( 'NONE', *, *, #1307, .F. ) ;
#2786 = CARTESIAN_POINT ( 'NONE',  ( -1.269999999999999796, -4.081105855034882879, 2.040000000000000036 ) ) ;
#2787 = CARTESIAN_POINT ( 'NONE',  ( -1.179142135623730825, 0.5000000000000000000, 2.050000000000000711 ) ) ;
#2788 = PLANE ( 'NONE',  #552 ) ;
#2789 = EDGE_CURVE ( 'NONE', #1296, #54, #2296, .T. ) ;
#2790 = DIRECTION ( 'NONE',  ( 0.000000000000000000, 0.000000000000000000, -1.000000000000000000 ) ) ;
#2791 = DIRECTION ( 'NONE',  ( 0.5773502691896260641, -0.5773502691896251759, 0.5773502691896260641 ) ) ;
#2792 = LINE ( 'NONE', #3683, #437 ) ;
#2793 = EDGE_CURVE ( 'NONE', #2444, #2667, #473, .T. ) ;
#2794 = ORIENTED_EDGE ( 'NONE', *, *, #1143, .T. ) ;
#2795 = EDGE_CURVE ( 'NONE', #3290, #2086, #1707, .T. ) ;
#2796 = ORIENTED_EDGE ( 'NONE', *, *, #2459, .F. ) ;
#2797 = VERTEX_POINT ( 'NONE', #2538 ) ;
#2798 =( LENGTH_UNIT ( ) NAMED_UNIT ( * ) SI_UNIT ( .MILLI., .METRE. ) );
#2799 = DIRECTION ( 'NONE',  ( 0.000000000000000000, 0.000000000000000000, -1.000000000000000000 ) ) ;
#2800 = ADVANCED_FACE ( 'NONE', ( #3170 ), #3762, .T. ) ;
#2801 = ADVANCED_FACE ( 'NONE', ( #1378 ), #3720, .T. ) ;
#2802 = FILL_AREA_STYLE ('',( #961 ) ) ;
#2803 = EDGE_CURVE ( 'NONE', #808, #675, #1145, .T. ) ;
#2804 = ORIENTED_EDGE ( 'NONE', *, *, #424, .F. ) ;
#2805 = CARTESIAN_POINT ( 'NONE',  ( -1.179142135623730825, 2.500000000000000000, 2.030000000000000693 ) ) ;
#2806 = EDGE_CURVE ( 'NONE', #3648, #3668, #819, .T. ) ;
#2807 = VECTOR ( 'NONE', #774, 1000.000000000000000 ) ;
#2808 = EDGE_CURVE ( 'NONE', #1353, #3100, #2336, .T. ) ;
#2809 = AXIS2_PLACEMENT_3D ( 'NONE', #263, #1442, #1398 ) ;
#2810 = CARTESIAN_POINT ( 'NONE',  ( -0.3199999999999998401, 0.9000000000000010214, -1.589999999999999636 ) ) ;
#2811 = EDGE_CURVE ( 'NONE', #3226, #3787, #1997, .T. ) ;
#2812 = LINE ( 'NONE', #2216, #611 ) ;
#2813 = CARTESIAN_POINT ( 'NONE',  ( 0.6750000000000004885, 0.01000000000000002623, 2.540000000000000480 ) ) ;
#2814 = CARTESIAN_POINT ( 'NONE',  ( -1.269999999999999796, 2.500000000000000000, -2.030000000000000693 ) ) ;
#2815 = ORIENTED_EDGE ( 'NONE', *, *, #1425, .F. ) ;
#2816 = ORIENTED_EDGE ( 'NONE', *, *, #2524, .T. ) ;
#2817 = EDGE_LOOP ( 'NONE', ( #1254, #1836, #991, #652 ) ) ;
#2818 = PLANE ( 'NONE',  #221 ) ;
#2819 = AXIS2_PLACEMENT_3D ( 'NONE', #303, #1481, #1190 ) ;
#2820 =( LENGTH_UNIT ( ) NAMED_UNIT ( * ) SI_UNIT ( .MILLI., .METRE. ) );
#2821 = VERTEX_POINT ( 'NONE', #3739 ) ;
#2822 = CARTESIAN_POINT ( 'NONE',  ( -1.167928932188134761, 0.000000000000000000, 2.032928932188134752 ) ) ;
#2823 = CARTESIAN_POINT ( 'NONE',  ( -0.6749999999999996003, 0.01000000000000002623, -2.539999999999999591 ) ) ;
#2824 = CARTESIAN_POINT ( 'NONE',  ( -1.269999999999999796, 2.490000000000000213, -2.030000000000000249 ) ) ;
#2825 = DIRECTION ( 'NONE',  ( -0.000000000000000000, -0.000000000000000000, 1.000000000000000000 ) ) ;
#2826 = DIRECTION ( 'NONE',  ( -0.4472135954999578167, 0.7745966692414834043, 0.4472135954999578722 ) ) ;
#2827 = DIRECTION ( 'NONE',  ( -1.000000000000000000, 0.000000000000000000, 0.000000000000000000 ) ) ;
#2828 = VECTOR ( 'NONE', #3568, 1000.000000000000000 ) ;
#2829 = FACE_OUTER_BOUND ( 'NONE', #3521, .T. ) ;
#2830 = ORIENTED_EDGE ( 'NONE', *, *, #3159, .F. ) ;
#2831 = LINE ( 'NONE', #1676, #2276 ) ;
#2832 = CIRCLE ( 'NONE', #609, 0.01000000000000001235 ) ;
#2833 = ORIENTED_EDGE ( 'NONE', *, *, #2115, .T. ) ;
#2834 = ORIENTED_EDGE ( 'NONE', *, *, #977, .T. ) ;
#2835 = CARTESIAN_POINT ( 'NONE',  ( -2.539999999999999591, -2.200000000000000622, 1.269999999999999574 ) ) ;
#2836 = CYLINDRICAL_SURFACE ( 'NONE', #1330, 0.01000000000000002623 ) ;
#2837 = FACE_OUTER_BOUND ( 'NONE', #2856, .T. ) ;
#2838 = CARTESIAN_POINT ( 'NONE',  ( -0.6708578643762687088, 0.01000000000000002623, 2.540000000000000480 ) ) ;
#2839 = CARTESIAN_POINT ( 'NONE',  ( -0.3200000000000001177, 0.3464101615137729628, -0.3199999999999999512 ) ) ;
#2840 = VECTOR ( 'NONE', #1265, 1000.000000000000000 ) ;
#2841 = ORIENTED_EDGE ( 'NONE', *, *, #3540, .F. ) ;
#2842 = DIRECTION ( 'NONE',  ( 0.5773502691896261751, -0.5773502691896250649, 0.5773502691896259531 ) ) ;
#2843 = CARTESIAN_POINT ( 'NONE',  ( -0.1142264973081032059, 11.49000000000000021, -0.1142264973081030810 ) ) ;
#2844 = MECHANICAL_DESIGN_GEOMETRIC_PRESENTATION_REPRESENTATION (  '', ( #2662 ), #1494 ) ;
#2845 = CARTESIAN_POINT ( 'NONE',  ( -0.3100000000000001088, 11.15358983848622287, -0.3199999999999999512 ) ) ;
#2846 = CARTESIAN_POINT ( 'NONE',  ( -0.1228867513459475647, 11.49499999999999922, -0.1142264973081022067 ) ) ;
#2847 = DIRECTION ( 'NONE',  ( 0.4472135954999866270, 0.7745966692414790744, 0.4472135954999368890 ) ) ;
#2848 = ADVANCED_FACE ( 'NONE', ( #2315 ), #3486, .T. ) ;
#2849 = LINE ( 'NONE', #3411, #3615 ) ;
#2850 = VECTOR ( 'NONE', #1225, 1000.000000000000000 ) ;
#2851 = DIRECTION ( 'NONE',  ( -8.470329472543004623E-17, 0.000000000000000000, -1.000000000000000000 ) ) ;
#2852 = ORIENTED_EDGE ( 'NONE', *, *, #2795, .F. ) ;
#2853 = VERTEX_POINT ( 'NONE', #2846 ) ;
#2854 = LINE ( 'NONE', #3160, #2828 ) ;
#2855 = EDGE_CURVE ( 'NONE', #2114, #2778, #1768, .T. ) ;
#2856 = EDGE_LOOP ( 'NONE', ( #1346, #2423, #68 ) ) ;
#2857 = ORIENTED_EDGE ( 'NONE', *, *, #628, .F. ) ;
#2858 = SURFACE_STYLE_USAGE ( .BOTH. , #1719 ) ;
#2859 = EDGE_CURVE ( 'NONE', #1030, #3729, #1808, .T. ) ;
#2860 = VERTEX_POINT ( 'NONE', #2674 ) ;
#2861 = DIRECTION ( 'NONE',  ( -0.7071067811865477948, 0.000000000000000000, 0.7071067811865473507 ) ) ;
#2862 = EDGE_CURVE ( 'NONE', #2740, #1052, #2713, .T. ) ;
#2863 = EDGE_LOOP ( 'NONE', ( #1058, #2088, #745, #162 ) ) ;
#2864 = CARTESIAN_POINT ( 'NONE',  ( -1.270000000000000240, 0.5000000000000000000, 2.039999999999999591 ) ) ;
#2865 = CARTESIAN_POINT ( 'NONE',  ( 0.3200000000000001732, 0.9000000000000010214, -1.589999999999999636 ) ) ;
#2866 = DIRECTION ( 'NONE',  ( -8.470329472543004623E-17, 0.000000000000000000, -1.000000000000000000 ) ) ;
#2867 = PRODUCT_DEFINITION_CONTEXT ( 'detailed design', #639, 'design' ) ;
#2868 = CARTESIAN_POINT ( 'NONE',  ( 0.3159672026817041401, 0.3452365399626404763, -0.3193224092811596249 ) ) ;
#2869 = LINE ( 'NONE', #3188, #2769 ) ;
#2870 = CARTESIAN_POINT ( 'NONE',  ( -0.3199202969641256056, 11.15372788819387395, 0.3112600429262813995 ) ) ;
#2871 = FACE_OUTER_BOUND ( 'NONE', #1255, .T. ) ;
#2872 = AXIS2_PLACEMENT_3D ( 'NONE', #3559, #923, #1893 ) ;
#2873 = CARTESIAN_POINT ( 'NONE',  ( -0.6708578643762687088, 2.490000000000000213, 2.540000000000000480 ) ) ;
#2874 = ORIENTED_EDGE ( 'NONE', *, *, #121, .F. ) ;
#2875 = LINE ( 'NONE', #3471, #3427 ) ;
#2876 = VECTOR ( 'NONE', #1733, 1000.000000000000000 ) ;
#2877 = LINE ( 'NONE', #1430, #1327 ) ;
#2878 = EDGE_CURVE ( 'NONE', #500, #1961, #648, .T. ) ;
#2879 =( BOUNDED_CURVE ( )  B_SPLINE_CURVE ( 3, ( #2780, #463, #3398, #1638 ),
 .UNSPECIFIED., .F., .F. ) 
 B_SPLINE_CURVE_WITH_KNOTS ( ( 4, 4 ),
 ( 5.624127271420919172, 6.942243342938268391 ),
 .UNSPECIFIED. ) 
 CURVE ( )  GEOMETRIC_REPRESENTATION_ITEM ( )  RATIONAL_B_SPLINE_CURVE ( ( 1.000000000000000000, 0.8603796100557155047, 0.8603796100557155047, 1.000000000000000000 ) ) 
 REPRESENTATION_ITEM ( '' )  );
#2880 = EDGE_CURVE ( 'NONE', #2342, #1888, #3543, .T. ) ;
#2881 = EDGE_LOOP ( 'NONE', ( #2032, #2224, #2186, #148 ) ) ;
#2882 =( LENGTH_UNIT ( ) NAMED_UNIT ( * ) SI_UNIT ( .MILLI., .METRE. ) );
#2883 = AXIS2_PLACEMENT_3D ( 'NONE', #2764, #105, #980 ) ;
#2884 = ORIENTED_EDGE ( 'NONE', *, *, #789, .F. ) ;
#2885 = DIRECTION ( 'NONE',  ( 1.000000000000000000, 0.000000000000000000, -2.282530889443166233E-15 ) ) ;
#2886 = ORIENTED_EDGE ( 'NONE', *, *, #2404, .F. ) ;
#2887 = DIRECTION ( 'NONE',  ( -2.168404344971008868E-16, 0.000000000000000000, -1.000000000000000000 ) ) ;
#2888 = LINE ( 'NONE', #485, #2625 ) ;
#2889 = CARTESIAN_POINT ( 'NONE',  ( -1.150857864376269690, 0.000000000000000000, 2.049999999999999822 ) ) ;
#2890 = CARTESIAN_POINT ( 'NONE',  ( -0.3199999999999997846, 2.500000000000000000, -0.9499999999999996225 ) ) ;
#2891 = CARTESIAN_POINT ( 'NONE',  ( 0.6708578643762684868, 0.01000000000000000021, -2.529999999999999805 ) ) ;
#2892 = CYLINDRICAL_SURFACE ( 'NONE', #1291, 0.009999999999999998473 ) ;
#2893 = LINE ( 'NONE', #249, #3564 ) ;
#2894 = ORIENTED_EDGE ( 'NONE', *, *, #1031, .T. ) ;
#2895 = DIRECTION ( 'NONE',  ( 1.694065894508600678E-16, 0.000000000000000000, 1.000000000000000000 ) ) ;
#2896 = VECTOR ( 'NONE', #2275, 1000.000000000000000 ) ;
#2897 = CARTESIAN_POINT ( 'NONE',  ( 1.175000000000000711, 2.350000000000000089, 0.9999999999999976685 ) ) ;
#2898 = ORIENTED_EDGE ( 'NONE', *, *, #405, .F. ) ;
#2899 = VECTOR ( 'NONE', #3700, 999.9999999999998863 ) ;
#2900 = ORIENTED_EDGE ( 'NONE', *, *, #2512, .T. ) ;
#2901 = CARTESIAN_POINT ( 'NONE',  ( 0.3200000000000001732, 2.500000000000000000, -1.589999999999999636 ) ) ;
#2902 = ORIENTED_EDGE ( 'NONE', *, *, #899, .F. ) ;
#2903 = CARTESIAN_POINT ( 'NONE',  ( -0.1200000000000004535, 0.004999999999999966277, -0.1228867513459484806 ) ) ;
#2904 = LINE ( 'NONE', #2370, #1943 ) ;
#2905 = VECTOR ( 'NONE', #2083, 1000.000000000000000 ) ;
#2906 = CARTESIAN_POINT ( 'NONE',  ( 0.3099999999999999978, 11.15358983848622287, 0.3200000000000000622 ) ) ;
#2907 = FACE_OUTER_BOUND ( 'NONE', #2068, .T. ) ;
#2908 = AXIS2_PLACEMENT_3D ( 'NONE', #680, #1321, #3107 ) ;
#2909 = DIRECTION ( 'NONE',  ( 0.000000000000000000, 0.000000000000000000, -1.000000000000000000 ) ) ;
#2910 = DIRECTION ( 'NONE',  ( 0.000000000000000000, 1.355252715606880740E-15, -1.000000000000000000 ) ) ;
#2911 = AXIS2_PLACEMENT_3D ( 'NONE', #1202, #3007, #1780 ) ;
#2912 = LINE ( 'NONE', #269, #618 ) ;
#2913 = ADVANCED_FACE ( 'NONE', ( #285 ), #326, .T. ) ;
#2914 = ORIENTED_EDGE ( 'NONE', *, *, #871, .T. ) ;
#2915 = DIRECTION ( 'NONE',  ( -0.7071067811865482389, 0.000000000000000000, -0.7071067811865469066 ) ) ;
#2916 = EDGE_CURVE ( 'NONE', #91, #84, #343, .T. ) ;
#2917 = EDGE_LOOP ( 'NONE', ( #2815, #3216, #2015, #3064, #3656, #984 ) ) ;
#2918 = ORIENTED_EDGE ( 'NONE', *, *, #2056, .F. ) ;
#2919 = ORIENTED_EDGE ( 'NONE', *, *, #2082, .F. ) ;
#2920 = ORIENTED_EDGE ( 'NONE', *, *, #1226, .F. ) ;
#2921 = LINE ( 'NONE', #217, #1431 ) ;
#2922 = ADVANCED_FACE ( 'NONE', ( #643 ), #3222, .F. ) ;
#2923 = DIRECTION ( 'NONE',  ( -1.694065894508600678E-16, 0.000000000000000000, -1.000000000000000000 ) ) ;
#2924 = ADVANCED_FACE ( 'NONE', ( #3273 ), #3581, .T. ) ;
#2925 = ORIENTED_EDGE ( 'NONE', *, *, #1013, .T. ) ;
#2926 = ADVANCED_FACE ( 'NONE', ( #877 ), #2413, .T. ) ;
#2927 = VERTEX_POINT ( 'NONE', #2059 ) ;
#2928 = DIRECTION ( 'NONE',  ( 0.000000000000000000, -0.000000000000000000, 1.000000000000000000 ) ) ;
#2929 = CARTESIAN_POINT ( 'NONE',  ( -0.3112600429262813440, 11.15372788819387395, 0.3199202969641256611 ) ) ;
#2930 = CARTESIAN_POINT ( 'NONE',  ( 0.3199999999999998956, 0.3464101615137729628, -0.3199999999999999512 ) ) ;
#2931 = ADVANCED_FACE ( 'NONE', ( #2997 ), #365, .F. ) ;
#2932 = CARTESIAN_POINT ( 'NONE',  ( -0.3199999999999998401, 0.000000000000000000, -1.589999999999999636 ) ) ;
#2933 = EDGE_LOOP ( 'NONE', ( #2046, #2975, #885 ) ) ;
#2934 = CARTESIAN_POINT ( 'NONE',  ( 1.175000000000000711, 2.490000000000000213, 0.9999999999999976685 ) ) ;
#2935 = CARTESIAN_POINT ( 'NONE',  ( 0.3217320508075687813, 0.3494101615137729100, -0.3130717967697245196 ) ) ;
#2936 = EDGE_LOOP ( 'NONE', ( #6, #1926, #2209, #1872 ) ) ;
#2937 = ORIENTED_EDGE ( 'NONE', *, *, #848, .T. ) ;
#2938 = ORIENTED_EDGE ( 'NONE', *, *, #28, .F. ) ;
#2939 = CARTESIAN_POINT ( 'NONE',  ( 0.000000000000000000, 2.490000000000000213, -2.529999999999999805 ) ) ;
#2940 = CARTESIAN_POINT ( 'NONE',  ( -0.6779289321881341035, 2.500000000000000000, 2.537071067811865976 ) ) ;
#2941 = UNCERTAINTY_MEASURE_WITH_UNIT (LENGTH_MEASURE( 1.000000000000000082E-05 ), #3631, 'distance_accuracy_value', 'NONE');
#2942 = PLANE ( 'NONE',  #2819 ) ;
#2943 = CARTESIAN_POINT ( 'NONE',  ( 0.000000000000000000, 2.500000000000000000, -2.529999999999999805 ) ) ;
#2944 = FACE_OUTER_BOUND ( 'NONE', #679, .T. ) ;
#2945 = CARTESIAN_POINT ( 'NONE',  ( 1.179142135623730825, -4.081105855034882879, -2.040000000000000036 ) ) ;
#2946 = VECTOR ( 'NONE', #2744, 1000.000000000000000 ) ;
#2947 = DIRECTION ( 'NONE',  ( 0.000000000000000000, 0.000000000000000000, -1.000000000000000000 ) ) ;
#2948 = ORIENTED_EDGE ( 'NONE', *, *, #2693, .F. ) ;
#2949 = CIRCLE ( 'NONE', #3665, 0.01000000000000002623 ) ;
#2950 = ORIENTED_EDGE ( 'NONE', *, *, #2334, .F. ) ;
#2951 = PRODUCT_DEFINITION_SHAPE ( 'NONE', 'NONE',  #3803 ) ;
#2952 = AXIS2_PLACEMENT_3D ( 'NONE', #3479, #1096, #3201 ) ;
#2953 = ORIENTED_EDGE ( 'NONE', *, *, #1548, .T. ) ;
#2954 = VECTOR ( 'NONE', #1527, 1000.000000000000000 ) ;
#2955 = ORIENTED_EDGE ( 'NONE', *, *, #168, .F. ) ;
#2956 = CARTESIAN_POINT ( 'NONE',  ( 0.3112600429262812884, 11.15372788819387395, 0.3199202969641257166 ) ) ;
#2957 = CARTESIAN_POINT ( 'NONE',  ( -1.270000000000000240, 0.5000000000000000000, -2.040000000000000480 ) ) ;
#2958 = EDGE_CURVE ( 'NONE', #84, #2439, #2657, .T. ) ;
#2959 = FACE_OUTER_BOUND ( 'NONE', #1274, .T. ) ;
#2960 = VECTOR ( 'NONE', #1249, 1000.000000000000000 ) ;
#2961 = ORIENTED_EDGE ( 'NONE', *, *, #421, .F. ) ;
#2962 = EDGE_CURVE ( 'NONE', #3673, #316, #3343, .T. ) ;
#2963 = FACE_OUTER_BOUND ( 'NONE', #2971, .T. ) ;
#2964 = DIRECTION ( 'NONE',  ( -1.000000000000000000, 0.000000000000000000, 0.000000000000000000 ) ) ;
#2965 = DIRECTION ( 'NONE',  ( 0.000000000000000000, -0.4999999999999815148, 0.8660254037844492547 ) ) ;
#2966 = LINE ( 'NONE', #1525, #3379 ) ;
#2967 = VECTOR ( 'NONE', #307, 999.9999999999998863 ) ;
#2968 = EDGE_CURVE ( 'NONE', #996, #3321, #2664, .T. ) ;
#2969 = CARTESIAN_POINT ( 'NONE',  ( 0.08907179676972407090, 11.53356921938165236, 0.08907179676972415416 ) ) ;
#2970 = AXIS2_PLACEMENT_3D ( 'NONE', #1055, #3397, #1266 ) ;
#2971 = EDGE_LOOP ( 'NONE', ( #119, #2630, #2365, #201 ) ) ;
#2972 = CARTESIAN_POINT ( 'NONE',  ( -1.175000000000000711, 2.500000000000000000, 2.039999999999999591 ) ) ;
#2973 = EDGE_CURVE ( 'NONE', #3727, #2927, #2212, .T. ) ;
#2974 = ORIENTED_EDGE ( 'NONE', *, *, #3119, .F. ) ;
#2975 = ORIENTED_EDGE ( 'NONE', *, *, #3767, .T. ) ;
#2976 = PLANE ( 'NONE',  #2477 ) ;
#2977 = ADVANCED_FACE ( 'NONE', ( #1751 ), #3638, .T. ) ;
#2978 = LINE ( 'NONE', #340, #647 ) ;
#2979 = CARTESIAN_POINT ( 'NONE',  ( -0.3199999999999997846, 2.500000000000000000, 0.9499999999999996225 ) ) ;
#2980 = LINE ( 'NONE', #1784, #1679 ) ;
#2981 = VERTEX_POINT ( 'NONE', #1787 ) ;
#2982 = DIRECTION ( 'NONE',  ( -4.565061778886298545E-15, 0.000000000000000000, -1.000000000000000000 ) ) ;
#2983 = DIRECTION ( 'NONE',  ( -1.000000000000000000, -0.000000000000000000, -0.000000000000000000 ) ) ;
#2984 = DIRECTION ( 'NONE',  ( 0.000000000000000000, 0.000000000000000000, -1.000000000000000000 ) ) ;
#2985 = CARTESIAN_POINT ( 'NONE',  ( -1.174999999999999822, 0.5000000000000000000, 2.039999999999999591 ) ) ;
#2986 = ORIENTED_EDGE ( 'NONE', *, *, #2459, .T. ) ;
#2987 = CLOSED_SHELL ( 'NONE', ( #2277, #65, #2922, #1492, #2989, #1100, #2064, #2478, #3080, #1324, #2194, #587, #3692, #868, #124, #1269, #400, #83, #634, #3200, #1774, #1777, #1016, #2931, #2356, #1598, #408, #3755, #3246, #2401, #3472, #2644, #3591, #412, #3705, #1115, #2120, #1545, #3473, #3208, #3625, #349, #1316, #1761, #1029, #1361, #1212, #2458, #3425, #3477, #2800, #2298, #3242, #2409, #3462, #1562, #1084, #3350, #1659, #1636, #2926, #1954, #674, #3305, #1993, #3588, #1709, #979, #1606, #733, #173, #1880, #2801, #3587, #3424, #911, #2317, #2128, #637, #2913, #1725, #1723, #3025, #1205, #1199, #3643 ) ) ;
#2988 = CARTESIAN_POINT ( 'NONE',  ( 0.3199999999999998956, 0.3464101615137729628, -0.3199999999999999512 ) ) ;
#2989 = ADVANCED_FACE ( 'NONE', ( #92 ), #694, .F. ) ;
#2990 = VECTOR ( 'NONE', #601, 1000.000000000000000 ) ;
#2991 = VERTEX_POINT ( 'NONE', #963 ) ;
#2992 = VERTEX_POINT ( 'NONE', #3364 ) ;
#2993 = CARTESIAN_POINT ( 'NONE',  ( -1.174999999999999822, 2.490000000000000213, 1.009999999999997788 ) ) ;
#2994 = LINE ( 'NONE', #2385, #765 ) ;
#2995 = DIRECTION ( 'NONE',  ( -0.7071067811865476838, 0.000000000000000000, 0.7071067811865473507 ) ) ;
#2996 = ORIENTED_EDGE ( 'NONE', *, *, #2422, .F. ) ;
#2997 = FACE_OUTER_BOUND ( 'NONE', #1675, .T. ) ;
#2998 = DIRECTION ( 'NONE',  ( 0.000000000000000000, -1.000000000000000000, 0.000000000000000000 ) ) ;
#2999 = EDGE_CURVE ( 'NONE', #3511, #3574, #107, .T. ) ;
#3000 = LINE ( 'NONE', #3583, #2905 ) ;
#3001 = FACE_OUTER_BOUND ( 'NONE', #1838, .T. ) ;
#3002 = AXIS2_PLACEMENT_3D ( 'NONE', #1325, #2197, #738 ) ;
#3003 = ORIENTED_EDGE ( 'NONE', *, *, #3130, .T. ) ;
#3004 = CARTESIAN_POINT ( 'NONE',  ( -0.6708578643762687088, 0.01000000000000002623, -2.539999999999999591 ) ) ;
#3005 = ORIENTED_EDGE ( 'NONE', *, *, #801, .T. ) ;
#3006 = ORIENTED_EDGE ( 'NONE', *, *, #2862, .T. ) ;
#3007 = DIRECTION ( 'NONE',  ( -0.000000000000000000, 0.000000000000000000, 1.000000000000000000 ) ) ;
#3008 = CARTESIAN_POINT ( 'NONE',  ( -0.6679289321881340946, 0.01000000000000002623, -2.532928932188134308 ) ) ;
#3009 = AXIS2_PLACEMENT_3D ( 'NONE', #111, #1301, #3330 ) ;
#3010 = CARTESIAN_POINT ( 'NONE',  ( -1.175000000000000266, 2.350000000000000089, -1.000000000000002220 ) ) ;
#3011 = ORIENTED_EDGE ( 'NONE', *, *, #1081, .F. ) ;
#3012 = CARTESIAN_POINT ( 'NONE',  ( 1.175000000000000711, 2.490000000000000213, 1.009999999999997566 ) ) ;
#3013 = CARTESIAN_POINT ( 'NONE',  ( 0.000000000000000000, 2.500000000000000000, -1.010000000000002229 ) ) ;
#3014 = VECTOR ( 'NONE', #1899, 1000.000000000000000 ) ;
#3015 = ADVANCED_FACE ( 'NONE', ( #414 ), #1559, .T. ) ;
#3016 = DIRECTION ( 'NONE',  ( 8.470329472543004623E-17, 0.000000000000000000, -1.000000000000000000 ) ) ;
#3017 = CARTESIAN_POINT ( 'NONE',  ( 0.1066666666666666596, 1.113333333333334174, 1.163333333333333552 ) ) ;
#3018 = CARTESIAN_POINT ( 'NONE',  ( 1.175000000000000711, 2.490000000000000213, 0.9999999999999976685 ) ) ;
#3019 = CARTESIAN_POINT ( 'NONE',  ( 0.3200000000000001732, 2.500000000000000000, -1.589999999999999636 ) ) ;
#3020 = VECTOR ( 'NONE', #3174, 1000.000000000000000 ) ;
#3021 = CONTEXT_DEPENDENT_SHAPE_REPRESENTATION ( #3584, #2677 ) ;
#3022 = EDGE_CURVE ( 'NONE', #919, #1052, #3141, .T. ) ;
#3023 = VERTEX_POINT ( 'NONE', #2805 ) ;
#3024 = AXIS2_PLACEMENT_3D ( 'NONE', #2138, #3292, #659 ) ;
#3025 = ADVANCED_FACE ( 'NONE', ( #3065 ), #2730, .T. ) ;
#3026 = ORIENTED_EDGE ( 'NONE', *, *, #537, .F. ) ;
#3027 = VECTOR ( 'NONE', #1497, 1000.000000000000000 ) ;
#3028 = ORIENTED_EDGE ( 'NONE', *, *, #1648, .F. ) ;
#3029 = DIRECTION ( 'NONE',  ( 1.000000000000000000, -1.355252715606935763E-15, 0.000000000000000000 ) ) ;
#3030 = CARTESIAN_POINT ( 'NONE',  ( -0.1228867513459485639, 0.004999999999999980155, -0.1142264973081040663 ) ) ;
#3031 = SPHERICAL_SURFACE ( 'NONE', #2883, 0.01000000000000000021 ) ;
#3032 = ORIENTED_EDGE ( 'NONE', *, *, #431, .F. ) ;
#3033 = CARTESIAN_POINT ( 'NONE',  ( 1.270000000000000684, 0.5000000000000004441, 2.039999999999999591 ) ) ;
#3034 = EDGE_LOOP ( 'NONE', ( #3593, #2785, #553, #845 ) ) ;
#3035 = EDGE_CURVE ( 'NONE', #614, #2304, #163, .T. ) ;
#3036 = CARTESIAN_POINT ( 'NONE',  ( -0.3199999999999998401, 0.9000000000000010214, -1.589999999999999636 ) ) ;
#3037 = EDGE_CURVE ( 'NONE', #1802, #3781, #2137, .T. ) ;
#3038 = PRODUCT_RELATED_PRODUCT_CATEGORY ( 'part', '', ( #2377 ) ) ;
#3039 = EDGE_CURVE ( 'NONE', #2067, #86, #3115, .T. ) ;
#3040 = CARTESIAN_POINT ( 'NONE',  ( -0.3199202969641258831, 11.15372788819387395, -0.3112600429262804558 ) ) ;
#3041 = CYLINDRICAL_SURFACE ( 'NONE', #2099, 0.009999999999999998473 ) ;
#3042 = DIRECTION ( 'NONE',  ( -0.000000000000000000, 0.000000000000000000, 1.000000000000000000 ) ) ;
#3043 = ORIENTED_EDGE ( 'NONE', *, *, #960, .F. ) ;
#3044 = PRODUCT_DEFINITION_SHAPE ( 'NONE', 'NONE',  #3805 ) ;
#3045 = ORIENTED_EDGE ( 'NONE', *, *, #2422, .T. ) ;
#3046 = ORIENTED_EDGE ( 'NONE', *, *, #2399, .T. ) ;
#3047 = CARTESIAN_POINT ( 'NONE',  ( 0.000000000000000000, 2.490000000000000213, 2.530000000000000693 ) ) ;
#3048 = FACE_OUTER_BOUND ( 'NONE', #291, .T. ) ;
#3049 = AXIS2_PLACEMENT_3D ( 'NONE', #859, #2043, #1809 ) ;
#3050 = ORIENTED_EDGE ( 'NONE', *, *, #231, .T. ) ;
#3051 = VECTOR ( 'NONE', #1224, 1000.000000000000000 ) ;
#3052 = CYLINDRICAL_SURFACE ( 'NONE', #160, 0.009999999999999998473 ) ;
#3053 = ORIENTED_EDGE ( 'NONE', *, *, #619, .F. ) ;
#3054 = DIRECTION ( 'NONE',  ( 0.5773502691896263972, 0.5773502691896251759, 0.5773502691896255090 ) ) ;
#3055 = ITEM_DEFINED_TRANSFORMATION ( 'NONE', 'NONE', #1187,  #2231 ) ;
#3056 = FACE_OUTER_BOUND ( 'NONE', #937, .T. ) ;
#3057 = CARTESIAN_POINT ( 'NONE',  ( 0.3200000000000002287, 0.9000000000000010214, -0.9499999999999996225 ) ) ;
#3058 = DIRECTION ( 'NONE',  ( 0.000000000000000000, 0.000000000000000000, -1.000000000000000000 ) ) ;
#3059 = ORIENTED_EDGE ( 'NONE', *, *, #1890, .T. ) ;
#3060 =( BOUNDED_CURVE ( )  B_SPLINE_CURVE ( 3, ( #545, #3483, #487, #1105 ),
 .UNSPECIFIED., .F., .F. ) 
 B_SPLINE_CURVE_WITH_KNOTS ( ( 4, 4 ),
 ( 2.482534617831139823, 3.800650689348445965 ),
 .UNSPECIFIED. ) 
 CURVE ( )  GEOMETRIC_REPRESENTATION_ITEM ( )  RATIONAL_B_SPLINE_CURVE ( ( 1.000000000000000000, 0.8603796100557243864, 0.8603796100557243864, 1.000000000000000000 ) ) 
 REPRESENTATION_ITEM ( '' )  );
#3061 = ORIENTED_EDGE ( 'NONE', *, *, #1450, .F. ) ;
#3062 = VERTEX_POINT ( 'NONE', #3344 ) ;
#3063 = DIRECTION ( 'NONE',  ( 0.000000000000000000, 0.000000000000000000, -1.000000000000000000 ) ) ;
#3064 = ORIENTED_EDGE ( 'NONE', *, *, #2789, .T. ) ;
#3065 = FACE_OUTER_BOUND ( 'NONE', #1383, .T. ) ;
#3066 = EDGE_CURVE ( 'NONE', #2611, #3318, #3676, .T. ) ;
#3067 = ORIENTED_EDGE ( 'NONE', *, *, #3135, .T. ) ;
#3068 = DIRECTION ( 'NONE',  ( 0.000000000000000000, 0.000000000000000000, 1.000000000000000000 ) ) ;
#3069 = ADVANCED_FACE ( 'NONE', ( #982 ), #3052, .T. ) ;
#3070 = VECTOR ( 'NONE', #3750, 1000.000000000000000 ) ;
#3071 = DIRECTION ( 'NONE',  ( 0.000000000000000000, 0.000000000000000000, 1.000000000000000000 ) ) ;
#3072 = LINE ( 'NONE', #1919, #3494 ) ;
#3073 = CARTESIAN_POINT ( 'NONE',  ( 0.1850717967697235733, 0.1277076581449564652, -0.1937320508075680570 ) ) ;
#3074 = CARTESIAN_POINT ( 'NONE',  ( -1.270000000000000240, 0.5000000000000000000, -0.5499999999999979350 ) ) ;
#3075 = CARTESIAN_POINT ( 'NONE',  ( 0.3104214140871991434, 0.3464101615137729073, -0.3199999999999999512 ) ) ;
#3076 = APPLICATION_CONTEXT ( 'automotive_design' ) ;
#3077 = FACE_OUTER_BOUND ( 'NONE', #35, .T. ) ;
#3078 = ADVANCED_FACE ( 'NONE', ( #1608 ), #1589, .T. ) ;
#3079 = VERTEX_POINT ( 'NONE', #1338 ) ;
#3080 = ADVANCED_FACE ( 'NONE', ( #3089 ), #448, .T. ) ;
#3081 = AXIS2_PLACEMENT_3D ( 'NONE', #207, #3786, #2559 ) ;
#3082 =( NAMED_UNIT ( * ) PLANE_ANGLE_UNIT ( ) SI_UNIT ( $, .RADIAN. ) );
#3083 = VECTOR ( 'NONE', #2554, 1000.000000000000000 ) ;
#3084 = DIRECTION ( 'NONE',  ( 0.7071067811865474617, 0.000000000000000000, -0.7071067811865476838 ) ) ;
#3085 = EDGE_CURVE ( 'NONE', #675, #875, #2784, .T. ) ;
#3086 = AXIS2_PLACEMENT_3D ( 'NONE', #1093, #2325, #3456 ) ;
#3087 = EDGE_CURVE ( 'NONE', #761, #2927, #1079, .T. ) ;
#3088 = ORIENTED_EDGE ( 'NONE', *, *, #3263, .F. ) ;
#3089 = FACE_OUTER_BOUND ( 'NONE', #2721, .T. ) ;
#3090 = VECTOR ( 'NONE', #1911, 999.9999999999998863 ) ;
#3091 = ORIENTED_EDGE ( 'NONE', *, *, #3657, .F. ) ;
#3092 = DIRECTION ( 'NONE',  ( 0.000000000000000000, 0.000000000000000000, 1.000000000000000000 ) ) ;
#3093 = FACE_OUTER_BOUND ( 'NONE', #578, .T. ) ;
#3094 = PLANE ( 'NONE',  #2715 ) ;
#3095 = DIRECTION ( 'NONE',  ( 0.000000000000000000, 1.000000000000000000, 0.000000000000000000 ) ) ;
#3096 = CARTESIAN_POINT ( 'NONE',  ( 1.165000000000000924, 2.490000000000000213, 2.035857864376269255 ) ) ;
#3097 = CARTESIAN_POINT ( 'NONE',  ( -1.179142135623730825, 2.500000000000000000, 2.050000000000000711 ) ) ;
#3098 = EDGE_LOOP ( 'NONE', ( #2302, #3380, #3630, #2263 ) ) ;
#3099 = ORIENTED_EDGE ( 'NONE', *, *, #677, .F. ) ;
#3100 = VERTEX_POINT ( 'NONE', #1126 ) ;
#3101 =( NAMED_UNIT ( * ) SI_UNIT ( $, .STERADIAN. ) SOLID_ANGLE_UNIT ( ) );
#3102 = CARTESIAN_POINT ( 'NONE',  ( -0.3112600429262814550, 0.3462721118061212189, 0.3199202969641258276 ) ) ;
#3103 = ORIENTED_EDGE ( 'NONE', *, *, #2002, .T. ) ;
#3104 = DIRECTION ( 'NONE',  ( -8.470329472543004623E-17, 0.000000000000000000, -1.000000000000000000 ) ) ;
#3105 = VECTOR ( 'NONE', #312, 1000.000000000000000 ) ;
#3106 = VECTOR ( 'NONE', #1041, 1000.000000000000000 ) ;
#3107 = DIRECTION ( 'NONE',  ( 0.000000000000000000, 0.000000000000000000, -1.000000000000000000 ) ) ;
#3108 = CARTESIAN_POINT ( 'NONE',  ( 0.3112600429262812884, 0.3462721118061213299, -0.3199202969641257721 ) ) ;
#3109 = DIRECTION ( 'NONE',  ( -1.000000000000000000, -4.065758146820817544E-15, -2.347366560526815855E-15 ) ) ;
#3110 = CARTESIAN_POINT ( 'NONE',  ( 0.3200000000000001732, 0.000000000000000000, -1.589999999999999636 ) ) ;
#3111 = AXIS2_PLACEMENT_3D ( 'NONE', #1646, #186, #489 ) ;
#3112 = DIRECTION ( 'NONE',  ( 1.000000000000000000, 0.000000000000000000, -4.565061778886333255E-15 ) ) ;
#3113 = DIRECTION ( 'NONE',  ( -2.347366560526824138E-15, 4.065758146820642416E-15, 1.000000000000000000 ) ) ;
#3114 = VERTEX_POINT ( 'NONE', #543 ) ;
#3115 =( BOUNDED_CURVE ( )  B_SPLINE_CURVE ( 3, ( #1879, #1018, #2767, #731 ),
 .UNSPECIFIED., .F., .T. ) 
 B_SPLINE_CURVE_WITH_KNOTS ( ( 4, 4 ),
 ( 5.624127271420887197, 6.942243342938285267 ),
 .UNSPECIFIED. ) 
 CURVE ( )  GEOMETRIC_REPRESENTATION_ITEM ( )  RATIONAL_B_SPLINE_CURVE ( ( 1.000000000000000000, 0.8603796100557057347, 0.8603796100557057347, 1.000000000000000000 ) ) 
 REPRESENTATION_ITEM ( '' )  );
#3116 = CARTESIAN_POINT ( 'NONE',  ( -1.170857864376268820, 2.500000000000000000, 1.004142135623728782 ) ) ;
#3117 = VERTEX_POINT ( 'NONE', #3166 ) ;
#3118 = EDGE_LOOP ( 'NONE', ( #1218, #2432, #459, #1466 ) ) ;
#3119 = EDGE_CURVE ( 'NONE', #3318, #2724, #1101, .T. ) ;
#3120 = DIRECTION ( 'NONE',  ( 0.000000000000000000, 0.000000000000000000, 1.000000000000000000 ) ) ;
#3121 = PLANE ( 'NONE',  #2386 ) ;
#3122 = VECTOR ( 'NONE', #1341, 1000.000000000000000 ) ;
#3123 = FACE_OUTER_BOUND ( 'NONE', #516, .T. ) ;
#3124 = ORIENTED_EDGE ( 'NONE', *, *, #2999, .F. ) ;
#3125 = EDGE_CURVE ( 'NONE', #1609, #413, #1931, .T. ) ;
#3126 = CARTESIAN_POINT ( 'NONE',  ( 1.270000000000000684, 2.490000000000000213, 0.9999999999999978906 ) ) ;
#3127 = DIRECTION ( 'NONE',  ( 0.000000000000000000, 0.000000000000000000, 1.000000000000000000 ) ) ;
#3128 = CARTESIAN_POINT ( 'NONE',  ( 1.175000000000000711, 2.350000000000000089, -1.000000000000002442 ) ) ;
#3129 = DIRECTION ( 'NONE',  ( 0.000000000000000000, -1.000000000000000000, 0.000000000000000000 ) ) ;
#3130 = EDGE_CURVE ( 'NONE', #3100, #2359, #2251, .T. ) ;
#3131 = CIRCLE ( 'NONE', #788, 0.01000000000000001409 ) ;
#3132 = LINE ( 'NONE', #1959, #1543 ) ;
#3133 = CYLINDRICAL_SURFACE ( 'NONE', #1799, 0.009999999999999903064 ) ;
#3134 = VECTOR ( 'NONE', #3450, 1000.000000000000000 ) ;
#3135 = EDGE_CURVE ( 'NONE', #1907, #2778, #218, .T. ) ;
#3136 = ORIENTED_EDGE ( 'NONE', *, *, #1069, .F. ) ;
#3137 = DIRECTION ( 'NONE',  ( 1.000000000000000000, 0.000000000000000000, 2.168404344971003188E-14 ) ) ;
#3138 = AXIS2_PLACEMENT_3D ( 'NONE', #3699, #2826, #3153 ) ;
#3139 = EDGE_CURVE ( 'NONE', #3162, #2981, #2290, .T. ) ;
#3140 = ORIENTED_EDGE ( 'NONE', *, *, #3202, .T. ) ;
#3141 =( BOUNDED_CURVE ( )  B_SPLINE_CURVE ( 3, ( #1846, #2462, #2174, #2190 ),
 .UNSPECIFIED., .F., .T. ) 
 B_SPLINE_CURVE_WITH_KNOTS ( ( 4, 4 ),
 ( 3.015252525951011453, 3.141592653589793116 ),
 .UNSPECIFIED. ) 
 CURVE ( )  GEOMETRIC_REPRESENTATION_ITEM ( )  RATIONAL_B_SPLINE_CURVE ( ( 1.000000000000000000, 0.9986702899464853234, 0.9986702899464853234, 1.000000000000000000 ) ) 
 REPRESENTATION_ITEM ( '' )  );
#3142 = ORIENTED_EDGE ( 'NONE', *, *, #577, .T. ) ;
#3143 = SURFACE_STYLE_FILL_AREA ( #1967 ) ;
#3144 = LINE ( 'NONE', #2016, #1208 ) ;
#3145 = DIRECTION ( 'NONE',  ( -8.470329472543004623E-17, 0.000000000000000000, 1.000000000000000000 ) ) ;
#3146 = ORIENTED_EDGE ( 'NONE', *, *, #1771, .T. ) ;
#3147 = DIRECTION ( 'NONE',  ( -1.000000000000000000, 0.000000000000000000, 0.000000000000000000 ) ) ;
#3148 = DIRECTION ( 'NONE',  ( -1.000000000000000000, 0.000000000000000000, 1.084202172485504592E-14 ) ) ;
#3149 = CARTESIAN_POINT ( 'NONE',  ( 0.3159672026817068602, 11.15476346003734420, 0.3193224092811619008 ) ) ;
#3150 = PRODUCT_DEFINITION_FORMATION_WITH_SPECIFIED_SOURCE ( 'ANY', '', #1232, .NOT_KNOWN. ) ;
#3151 = LINE ( 'NONE', #1128, #1532 ) ;
#3152 = DIRECTION ( 'NONE',  ( 0.7071067811865475727, 0.000000000000000000, 0.7071067811865475727 ) ) ;
#3153 = DIRECTION ( 'NONE',  ( 0.000000000000000000, -0.4999999999999844569, 0.8660254037844475894 ) ) ;
#3154 = FACE_BOUND ( 'NONE', #1823, .T. ) ;
#3155 = ADVANCED_FACE ( 'NONE', ( #1952 ), #2312, .T. ) ;
#3156 = AXIS2_PLACEMENT_3D ( 'NONE', #202, #1955, #3735 ) ;
#3157 = PRODUCT_DEFINITION ( 'UNKNOWN', '', #1500, #3539 ) ;
#3158 = CARTESIAN_POINT ( 'NONE',  ( -1.174999999999999822, 0.01000000000000000021, 2.039999999999999591 ) ) ;
#3159 = EDGE_CURVE ( 'NONE', #651, #3648, #2687, .T. ) ;
#3160 = CARTESIAN_POINT ( 'NONE',  ( 0.3099999999999998868, 11.50000000000000000, -0.3199999999999999512 ) ) ;
#3161 = CARTESIAN_POINT ( 'NONE',  ( -1.174999999999999822, 2.350000000000000089, 0.9999999999999978906 ) ) ;
#3162 = VERTEX_POINT ( 'NONE', #181 ) ;
#3163 = FACE_OUTER_BOUND ( 'NONE', #2881, .T. ) ;
#3164 = EDGE_LOOP ( 'NONE', ( #1394, #2089, #2164, #195 ) ) ;
#3165 = CARTESIAN_POINT ( 'NONE',  ( 1.175000000000000711, 2.490000000000000213, 0.9999999999999976685 ) ) ;
#3166 = CARTESIAN_POINT ( 'NONE',  ( 0.6708578643762694860, 2.500000000000000000, 2.530000000000000693 ) ) ;
#3167 = CARTESIAN_POINT ( 'NONE',  ( -0.3199999999999998401, 0.9000000000000010214, 1.589999999999999636 ) ) ;
#3168 = AXIS2_PLACEMENT_3D ( 'NONE', #2396, #1871, #2085 ) ;
#3169 = CARTESIAN_POINT ( 'NONE',  ( -0.3112600429262813995, 11.15372788819387395, -0.3199202969641255501 ) ) ;
#3170 = FACE_OUTER_BOUND ( 'NONE', #3725, .T. ) ;
#3171 = CYLINDRICAL_SURFACE ( 'NONE', #253, 0.01000000000000001235 ) ;
#3172 = PLANE ( 'NONE',  #250 ) ;
#3173 = VECTOR ( 'NONE', #3291, 1000.000000000000000 ) ;
#3174 = DIRECTION ( 'NONE',  ( -1.000000000000000000, 0.000000000000000000, -0.000000000000000000 ) ) ;
#3175 = VERTEX_POINT ( 'NONE', #3734 ) ;
#3176 = AXIS2_PLACEMENT_3D ( 'NONE', #2433, #304, #1482 ) ;
#3177 = DIRECTION ( 'NONE',  ( -0.7071067811865475727, 0.000000000000000000, 0.7071067811865475727 ) ) ;
#3178 = ORIENTED_EDGE ( 'NONE', *, *, #822, .T. ) ;
#3179 = VERTEX_POINT ( 'NONE', #3183 ) ;
#3180 = DIRECTION ( 'NONE',  ( 0.000000000000000000, 0.5000000000000019984, 0.8660254037844374864 ) ) ;
#3181 = VERTEX_POINT ( 'NONE', #1355 ) ;
#3182 = LINE ( 'NONE', #3463, #2749 ) ;
#3183 = CARTESIAN_POINT ( 'NONE',  ( 1.179142135623730825, 2.500000000000000000, -2.030000000000000249 ) ) ;
#3184 = AXIS2_PLACEMENT_3D ( 'NONE', #3659, #1898, #150 ) ;
#3185 = EDGE_CURVE ( 'NONE', #2740, #86, #3257, .T. ) ;
#3186 = DIRECTION ( 'NONE',  ( 1.084202172485504592E-14, 0.000000000000000000, 1.000000000000000000 ) ) ;
#3187 = CARTESIAN_POINT ( 'NONE',  ( 0.3199202969641256056, 0.3462721118061212189, -0.3112600429262813440 ) ) ;
#3188 = CARTESIAN_POINT ( 'NONE',  ( -0.6749999999999996003, 0.01000000000000002623, 2.540000000000000480 ) ) ;
#3189 = FACE_OUTER_BOUND ( 'NONE', #3731, .T. ) ;
#3190 = EDGE_CURVE ( 'NONE', #2144, #2611, #2888, .T. ) ;
#3191 = PLANE ( 'NONE',  #2533 ) ;
#3192 = ORIENTED_EDGE ( 'NONE', *, *, #2795, .T. ) ;
#3193 = LINE ( 'NONE', #512, #546 ) ;
#3194 = VECTOR ( 'NONE', #3434, 1000.000000000000000 ) ;
#3195 = EDGE_CURVE ( 'NONE', #2259, #1270, #2087, .T. ) ;
#3196 = EDGE_LOOP ( 'NONE', ( #3283, #2283, #1714, #776 ) ) ;
#3197 = ORIENTED_EDGE ( 'NONE', *, *, #3639, .F. ) ;
#3198 = CARTESIAN_POINT ( 'NONE',  ( 3.252606517456513302E-16, -2.200000000000000622, 1.269999999999999574 ) ) ;
#3199 = VECTOR ( 'NONE', #3369, 1000.000000000000000 ) ;
#3200 = ADVANCED_FACE ( 'NONE', ( #2036 ), #2330, .T. ) ;
#3201 = DIRECTION ( 'NONE',  ( 0.000000000000000000, 0.000000000000000000, 1.000000000000000000 ) ) ;
#3202 = EDGE_CURVE ( 'NONE', #1989, #208, #1746, .T. ) ;
#3203 = ORIENTED_EDGE ( 'NONE', *, *, #2123, .F. ) ;
#3204 = CARTESIAN_POINT ( 'NONE',  ( 0.1142264973081031226, 11.49499999999999922, -0.1228867513459474536 ) ) ;
#3205 = DIRECTION ( 'NONE',  ( 1.000000000000000000, 0.000000000000000000, 4.565061778886333255E-15 ) ) ;
#3206 = CARTESIAN_POINT ( 'NONE',  ( -0.6679289321881340946, 0.01000000000000002623, 2.532928932188135196 ) ) ;
#3207 = VECTOR ( 'NONE', #2753, 1000.000000000000000 ) ;
#3208 = ADVANCED_FACE ( 'NONE', ( #3778 ), #1992, .F. ) ;
#3209 = LINE ( 'NONE', #222, #393 ) ;
#3210 = EDGE_LOOP ( 'NONE', ( #2150, #446, #5, #2938 ) ) ;
#3211 = DIRECTION ( 'NONE',  ( 0.000000000000000000, 0.000000000000000000, -1.000000000000000000 ) ) ;
#3212 = CARTESIAN_POINT ( 'NONE',  ( 0.3199202969641255501, 11.15372788819387395, -0.3112600429262813440 ) ) ;
#3213 = CARTESIAN_POINT ( 'NONE',  ( 0.6708578643762694860, 0.01000000000000000021, 2.530000000000000693 ) ) ;
#3214 = FACE_OUTER_BOUND ( 'NONE', #1855, .T. ) ;
#3215 = AXIS2_PLACEMENT_3D ( 'NONE', #13, #1188, #3520 ) ;
#3216 = ORIENTED_EDGE ( 'NONE', *, *, #3195, .T. ) ;
#3217 = ORIENTED_EDGE ( 'NONE', *, *, #2806, .T. ) ;
#3218 = DIRECTION ( 'NONE',  ( -1.000000000000000000, 0.000000000000000000, 0.000000000000000000 ) ) ;
#3219 = ORIENTED_EDGE ( 'NONE', *, *, #72, .F. ) ;
#3220 = LINE ( 'NONE', #9, #2445 ) ;
#3221 = DIRECTION ( 'NONE',  ( 1.694065894508600678E-16, -0.000000000000000000, 1.000000000000000000 ) ) ;
#3222 = PLANE ( 'NONE',  #705 ) ;
#3223 = PLANE ( 'NONE',  #1391 ) ;
#3224 = CARTESIAN_POINT ( 'NONE',  ( 1.179142135623730825, 0.5000000000000000000, -2.050000000000000266 ) ) ;
#3225 = LINE ( 'NONE', #895, #2584 ) ;
#3226 = VERTEX_POINT ( 'NONE', #1099 ) ;
#3227 = CIRCLE ( 'NONE', #3651, 0.01000000000000002623 ) ;
#3228 = VERTEX_POINT ( 'NONE', #279 ) ;
#3229 = DIRECTION ( 'NONE',  ( 1.694065894508600432E-16, -1.232595164407836146E-32, 1.000000000000000000 ) ) ;
#3230 = ORIENTED_EDGE ( 'NONE', *, *, #2399, .F. ) ;
#3231 = EDGE_CURVE ( 'NONE', #116, #3226, #3182, .T. ) ;
#3232 = ORIENTED_EDGE ( 'NONE', *, *, #1498, .F. ) ;
#3233 = LINE ( 'NONE', #1515, #82 ) ;
#3234 = LINE ( 'NONE', #2957, #3051 ) ;
#3235 = EDGE_CURVE ( 'NONE', #2359, #277, #3227, .T. ) ;
#3236 = DIRECTION ( 'NONE',  ( -2.168404344971008868E-16, -0.000000000000000000, -1.000000000000000000 ) ) ;
#3237 = ORIENTED_EDGE ( 'NONE', *, *, #3764, .F. ) ;
#3238 = CARTESIAN_POINT ( 'NONE',  ( -0.3099999999999999978, 11.15358983848622287, 0.3200000000000000622 ) ) ;
#3239 = CARTESIAN_POINT ( 'NONE',  ( 0.1228867513459484528, 0.004999999999999965410, -0.1200000000000003147 ) ) ;
#3240 = CARTESIAN_POINT ( 'NONE',  ( 1.270000000000000462, 2.350000000000000089, -1.000000000000002442 ) ) ;
#3241 = CIRCLE ( 'NONE', #366, 0.01000000000000002623 ) ;
#3242 = ADVANCED_FACE ( 'NONE', ( #299 ), #833, .T. ) ;
#3243 = DIRECTION ( 'NONE',  ( 0.000000000000000000, 1.000000000000000000, 0.000000000000000000 ) ) ;
#3244 = LINE ( 'NONE', #1544, #460 ) ;
#3245 = ITEM_DEFINED_TRANSFORMATION ( 'NONE', 'NONE', #810,  #2231 ) ;
#3246 = ADVANCED_FACE ( 'NONE', ( #1727 ), #2614, .F. ) ;
#3247 = AXIS2_PLACEMENT_3D ( 'NONE', #3262, #330, #1755 ) ;
#3248 = ORIENTED_EDGE ( 'NONE', *, *, #3185, .T. ) ;
#3249 = EDGE_CURVE ( 'NONE', #86, #1961, #2904, .T. ) ;
#3250 = EDGE_LOOP ( 'NONE', ( #610, #1531, #802, #1925 ) ) ;
#3251 = AXIS2_PLACEMENT_3D ( 'NONE', #2556, #2042, #2909 ) ;
#3252 = ORIENTED_EDGE ( 'NONE', *, *, #508, .F. ) ;
#3253 = LINE ( 'NONE', #3284, #444 ) ;
#3254 = CARTESIAN_POINT ( 'NONE',  ( -1.179142135623730825, 2.490000000000000213, -2.029999999999999805 ) ) ;
#3255 = FACE_OUTER_BOUND ( 'NONE', #2051, .T. ) ;
#3256 = ORIENTED_EDGE ( 'NONE', *, *, #2247, .T. ) ;
#3257 =( BOUNDED_CURVE ( )  B_SPLINE_CURVE ( 3, ( #527, #1704, #1663, #1728 ),
 .UNSPECIFIED., .F., .T. ) 
 B_SPLINE_CURVE_WITH_KNOTS ( ( 4, 4 ),
 ( 3.141592653589793116, 3.267932781228569006 ),
 .UNSPECIFIED. ) 
 CURVE ( )  GEOMETRIC_REPRESENTATION_ITEM ( )  RATIONAL_B_SPLINE_CURVE ( ( 1.000000000000000000, 0.9986702899464854344, 0.9986702899464854344, 1.000000000000000000 ) ) 
 REPRESENTATION_ITEM ( '' )  );
#3258 = PLANE ( 'NONE',  #3716 ) ;
#3259 = VECTOR ( 'NONE', #861, 1000.000000000000000 ) ;
#3260 = CARTESIAN_POINT ( 'NONE',  ( -0.3108419876365760004, 0.3463640836734995232, -0.3199733969465143324 ) ) ;
#3261 = VECTOR ( 'NONE', #2313, 1000.000000000000000 ) ;
#3262 = CARTESIAN_POINT ( 'NONE',  ( 1.175000000000000711, 2.350000000000000089, 0.9999999999999976685 ) ) ;
#3263 = EDGE_CURVE ( 'NONE', #3062, #1296, #2323, .T. ) ;
#3264 = AXIS2_PLACEMENT_3D ( 'NONE', #1433, #2678, #2610 ) ;
#3265 = EDGE_LOOP ( 'NONE', ( #3178, #2586, #3050, #1471 ) ) ;
#3266 = DIRECTION ( 'NONE',  ( -2.710505431213871526E-15, 1.000000000000000000, -8.673617379884388882E-14 ) ) ;
#3267 = VERTEX_POINT ( 'NONE', #3497 ) ;
#3268 = ORIENTED_EDGE ( 'NONE', *, *, #115, .F. ) ;
#3269 = CARTESIAN_POINT ( 'NONE',  ( 0.1142264973081030532, 11.49000000000000021, -0.1142264973081030671 ) ) ;
#3270 = LINE ( 'NONE', #2670, #1985 ) ;
#3271 = UNCERTAINTY_MEASURE_WITH_UNIT (LENGTH_MEASURE( 1.000000000000000082E-05 ), #2882, 'distance_accuracy_value', 'NONE');
#3272 = ORIENTED_EDGE ( 'NONE', *, *, #469, .F. ) ;
#3273 = FACE_OUTER_BOUND ( 'NONE', #2464, .T. ) ;
#3274 = FACE_OUTER_BOUND ( 'NONE', #3386, .T. ) ;
#3275 = CARTESIAN_POINT ( 'NONE',  ( -0.3200000000000000067, 0.3464101615137729628, 0.3200000000000000622 ) ) ;
#3276 = PRODUCT_DEFINITION_SHAPE ( 'NONE', 'NONE',  #3157 ) ;
#3277 = FACE_OUTER_BOUND ( 'NONE', #3515, .T. ) ;
#3278 = ORIENTED_EDGE ( 'NONE', *, *, #591, .T. ) ;
#3279 = VECTOR ( 'NONE', #1048, 1000.000000000000000 ) ;
#3280 = FACE_OUTER_BOUND ( 'NONE', #3118, .T. ) ;
#3281 = AXIS2_PLACEMENT_3D ( 'NONE', #3047, #428, #2799 ) ;
#3282 = VERTEX_POINT ( 'NONE', #2055 ) ;
#3283 = ORIENTED_EDGE ( 'NONE', *, *, #798, .T. ) ;
#3284 = CARTESIAN_POINT ( 'NONE',  ( 0.3200000000000001732, 2.500000000000000000, 1.589999999999999636 ) ) ;
#3285 = CYLINDRICAL_SURFACE ( 'NONE', #3405, 0.01000000000000001409 ) ;
#3286 = EDGE_CURVE ( 'NONE', #316, #3179, #3220, .T. ) ;
#3287 = VECTOR ( 'NONE', #224, 1000.000000000000000 ) ;
#3288 = PRESENTATION_LAYER_ASSIGNMENT (  '', '', ( #265 ) ) ;
#3289 = DIRECTION ( 'NONE',  ( 0.7071067811865482389, -0.000000000000000000, 0.7071067811865469066 ) ) ;
#3290 = VERTEX_POINT ( 'NONE', #3517 ) ;
#3291 = DIRECTION ( 'NONE',  ( -8.470329472543004623E-17, 0.000000000000000000, -1.000000000000000000 ) ) ;
#3292 = DIRECTION ( 'NONE',  ( -0.4472135954999866270, 0.7745966692414790744, -0.4472135954999368890 ) ) ;
#3293 = EDGE_CURVE ( 'NONE', #1092, #2319, #502, .T. ) ;
#3294 = DIRECTION ( 'NONE',  ( 0.000000000000000000, 0.000000000000000000, -1.000000000000000000 ) ) ;
#3295 = CARTESIAN_POINT ( 'NONE',  ( 0.3199733969465142769, 0.3463640836734994677, -0.3108419876365757784 ) ) ;
#3296 = EDGE_CURVE ( 'NONE', #101, #3117, #1144, .T. ) ;
#3297 = VECTOR ( 'NONE', #3331, 1000.000000000000000 ) ;
#3298 = DIRECTION ( 'NONE',  ( -0.8660254037844475894, -0.4999999999999844569, 0.000000000000000000 ) ) ;
#3299 = ORIENTED_EDGE ( 'NONE', *, *, #2526, .F. ) ;
#3300 = VERTEX_POINT ( 'NONE', #1859 ) ;
#3301 = ORIENTED_EDGE ( 'NONE', *, *, #1835, .T. ) ;
#3302 = CARTESIAN_POINT ( 'NONE',  ( 0.6708578643762694860, 0.000000000000000000, 2.530000000000000693 ) ) ;
#3303 = DIRECTION ( 'NONE',  ( 0.000000000000000000, 0.000000000000000000, -1.000000000000000000 ) ) ;
#3304 = DIRECTION ( 'NONE',  ( 0.000000000000000000, 0.000000000000000000, -1.000000000000000000 ) ) ;
#3305 = ADVANCED_FACE ( 'NONE', ( #2430 ), #360, .T. ) ;
#3306 = VECTOR ( 'NONE', #2000, 1000.000000000000000 ) ;
#3307 = ADVANCED_FACE ( 'NONE', ( #1499 ), #3577, .T. ) ;
#3308 = ORIENTED_EDGE ( 'NONE', *, *, #1951, .T. ) ;
#3309 = CARTESIAN_POINT ( 'NONE',  ( 0.000000000000000000, 11.49000000000000021, -0.1142264973081030810 ) ) ;
#3310 = VECTOR ( 'NONE', #3682, 1000.000000000000000 ) ;
#3311 = ORIENTED_EDGE ( 'NONE', *, *, #965, .T. ) ;
#3312 = DIRECTION ( 'NONE',  ( 1.000000000000000000, -0.000000000000000000, -0.000000000000000000 ) ) ;
#3313 = PRODUCT_CONTEXT ( 'NONE', #2272, 'mechanical' ) ;
#3314 = CARTESIAN_POINT ( 'NONE',  ( -0.3112600429262813995, 11.15372788819387395, -0.3199202969641255501 ) ) ;
#3315 = CARTESIAN_POINT ( 'NONE',  ( 1.150857864376268136, 0.000000000000000000, -2.050000000000000711 ) ) ;
#3316 = CARTESIAN_POINT ( 'NONE',  ( -0.1142264973081032059, 11.49000000000000021, -0.1142264973081030671 ) ) ;
#3317 = AXIS2_PLACEMENT_3D ( 'NONE', #1465, #2639, #2101 ) ;
#3318 = VERTEX_POINT ( 'NONE', #1820 ) ;
#3319 = ORIENTED_EDGE ( 'NONE', *, *, #2789, .F. ) ;
#3320 = AXIS2_PLACEMENT_3D ( 'NONE', #87, #1257, #921 ) ;
#3321 = VERTEX_POINT ( 'NONE', #3536 ) ;
#3322 = DIRECTION ( 'NONE',  ( 0.000000000000000000, 0.000000000000000000, 1.000000000000000000 ) ) ;
#3323 = DIRECTION ( 'NONE',  ( -0.000000000000000000, 1.000000000000000000, -0.000000000000000000 ) ) ;
#3324 = CIRCLE ( 'NONE', #3694, 0.01000000000000001409 ) ;
#3325 = FACE_OUTER_BOUND ( 'NONE', #3650, .T. ) ;
#3326 = ORIENTED_EDGE ( 'NONE', *, *, #1994, .F. ) ;
#3327 = DIRECTION ( 'NONE',  ( -1.000000000000000000, 1.355252715606880345E-15, 7.824555201756075530E-16 ) ) ;
#3328 = ORIENTED_EDGE ( 'NONE', *, *, #696, .F. ) ;
#3329 = LINE ( 'NONE', #1916, #1738 ) ;
#3330 = DIRECTION ( 'NONE',  ( 0.000000000000000000, 0.000000000000000000, 1.000000000000000000 ) ) ;
#3331 = DIRECTION ( 'NONE',  ( 0.000000000000000000, -1.000000000000000000, 0.000000000000000000 ) ) ;
#3332 = FACE_OUTER_BOUND ( 'NONE', #2498, .T. ) ;
#3333 = VERTEX_POINT ( 'NONE', #1259 ) ;
#3334 = VERTEX_POINT ( 'NONE', #1203 ) ;
#3335 = EDGE_LOOP ( 'NONE', ( #665, #2919, #3702, #1078, #889, #399, #706, #302 ) ) ;
#3336 = CARTESIAN_POINT ( 'NONE',  ( 0.6708578643762694860, 2.500000000000000000, 2.530000000000000693 ) ) ;
#3337 = EDGE_CURVE ( 'NONE', #919, #3555, #2343, .T. ) ;
#3338 = VECTOR ( 'NONE', #769, 1000.000000000000000 ) ;
#3339 = EDGE_CURVE ( 'NONE', #828, #1989, #1007, .T. ) ;
#3340 = DIRECTION ( 'NONE',  ( 0.000000000000000000, -1.000000000000000000, 0.000000000000000000 ) ) ;
#3341 = VECTOR ( 'NONE', #571, 1000.000000000000000 ) ;
#3342 = VERTEX_POINT ( 'NONE', #52 ) ;
#3343 = CIRCLE ( 'NONE', #1331, 0.01000000000000002623 ) ;
#3344 = CARTESIAN_POINT ( 'NONE',  ( 0.1142264973081030671, 11.50000000000000000, -0.1142264973081030810 ) ) ;
#3345 = EDGE_CURVE ( 'NONE', #3574, #2765, #2994, .T. ) ;
#3346 = VERTEX_POINT ( 'NONE', #2743 ) ;
#3347 = FACE_OUTER_BOUND ( 'NONE', #2146, .T. ) ;
#3348 = DIRECTION ( 'NONE',  ( 0.000000000000000000, 0.000000000000000000, -1.000000000000000000 ) ) ;
#3349 = CARTESIAN_POINT ( 'NONE',  ( 0.000000000000000000, 11.50000000000000000, 0.000000000000000000 ) ) ;
#3350 = ADVANCED_FACE ( 'NONE', ( #378 ), #3285, .T. ) ;
#3351 = DIRECTION ( 'NONE',  ( 0.000000000000000000, -1.000000000000000000, 0.000000000000000000 ) ) ;
#3352 = DIRECTION ( 'NONE',  ( -1.694065894508600678E-16, 0.000000000000000000, -1.000000000000000000 ) ) ;
#3353 = CARTESIAN_POINT ( 'NONE',  ( -0.1142264973081041912, 0.01000000000000000368, -0.1142264973081040802 ) ) ;
#3354 = EDGE_CURVE ( 'NONE', #3744, #675, #1276, .T. ) ;
#3355 = VERTEX_POINT ( 'NONE', #3612 ) ;
#3356 = AXIS2_PLACEMENT_3D ( 'NONE', #1157, #81, #1613 ) ;
#3357 = EDGE_CURVE ( 'NONE', #3318, #2741, #958, .T. ) ;
#3358 = ORIENTED_EDGE ( 'NONE', *, *, #3087, .F. ) ;
#3359 = CARTESIAN_POINT ( 'NONE',  ( 0.08907179676972412641, 11.53856921938165137, -0.09773205080756842966 ) ) ;
#3360 = CARTESIAN_POINT ( 'NONE',  ( 0.3112600429262812884, 11.15372788819387395, -0.3199202969641256056 ) ) ;
#3361 = SURFACE_SIDE_STYLE ('',( #1262 ) ) ;
#3362 = ORIENTED_EDGE ( 'NONE', *, *, #2169, .F. ) ;
#3363 = VECTOR ( 'NONE', #755, 1000.000000000000000 ) ;
#3364 = CARTESIAN_POINT ( 'NONE',  ( -1.164999999999999813, 2.500000000000000000, -2.035857864376268811 ) ) ;
#3365 = ORIENTED_EDGE ( 'NONE', *, *, #3139, .F. ) ;
#3366 = DIRECTION ( 'NONE',  ( 1.000000000000000000, 0.000000000000000000, -0.000000000000000000 ) ) ;
#3367 = VECTOR ( 'NONE', #2522, 1000.000000000000000 ) ;
#3368 = DIRECTION ( 'NONE',  ( 0.000000000000000000, 1.000000000000000000, 0.000000000000000000 ) ) ;
#3369 = DIRECTION ( 'NONE',  ( -1.000000000000000000, 0.000000000000000000, -0.000000000000000000 ) ) ;
#3370 = LINE ( 'NONE', #3681, #918 ) ;
#3371 = CARTESIAN_POINT ( 'NONE',  ( -1.175000000000000266, 2.490000000000000213, -1.000000000000002220 ) ) ;
#3372 = CARTESIAN_POINT ( 'NONE',  ( 0.3108419876365757784, 0.3463640836734995232, -0.3199733969465143324 ) ) ;
#3373 = CARTESIAN_POINT ( 'NONE',  ( 0.3199999999999998956, 0.3464101615137729628, 0.3104214140871992544 ) ) ;
#3374 = ORIENTED_EDGE ( 'NONE', *, *, #2061, .T. ) ;
#3375 = EDGE_LOOP ( 'NONE', ( #3601, #2472, #1238, #434 ) ) ;
#3376 = PRODUCT_DEFINITION ( 'UNKNOWN', '', #1983, #1478 ) ;
#3378 = EDGE_CURVE ( 'NONE', #3114, #2775, #71, .T. ) ;
#3377 = CIRCLE ( 'NONE', #2596, 0.02000000000000005246 ) ;
#3379 = VECTOR ( 'NONE', #1508, 1000.000000000000000 ) ;
#3380 = ORIENTED_EDGE ( 'NONE', *, *, #728, .F. ) ;
#3381 = VERTEX_POINT ( 'NONE', #654 ) ;
#3382 = AXIS2_PLACEMENT_3D ( 'NONE', #183, #402, #2535 ) ;
#3383 = PLANE ( 'NONE',  #3556 ) ;
#3384 = CIRCLE ( 'NONE', #2603, 0.009999999999999984596 ) ;
#3385 = CARTESIAN_POINT ( 'NONE',  ( -0.3099999999999999978, 11.50000000000000000, 0.3100000000000000533 ) ) ;
#3386 = EDGE_LOOP ( 'NONE', ( #3594, #477, #3474, #779 ) ) ;
#3387 = DIRECTION ( 'NONE',  ( 1.000000000000000000, 0.000000000000000000, 0.000000000000000000 ) ) ;
#3388 = DIRECTION ( 'NONE',  ( -0.4472135954999579277, -0.7745966692414834043, -0.4472135954999578167 ) ) ;
#3389 = CARTESIAN_POINT ( 'NONE',  ( 1.174999999999999378, 2.500000000000000000, -2.040000000000000480 ) ) ;
#3390 = DIRECTION ( 'NONE',  ( -0.4472135954999593710, 0.7745966692414816279, -0.4472135954999593155 ) ) ;
#3391 = EDGE_CURVE ( 'NONE', #1493, #3511, #2978, .T. ) ;
#3392 = CARTESIAN_POINT ( 'NONE',  ( 0.6679289321881338726, 0.01000000000000002623, -2.532928932188134308 ) ) ;
#3393 = EDGE_LOOP ( 'NONE', ( #2894, #323, #3489, #2624, #2053, #2104 ) ) ;
#3394 = DIRECTION ( 'NONE',  ( -1.000000000000000000, 0.000000000000000000, 0.000000000000000000 ) ) ;
#3395 = ORIENTED_EDGE ( 'NONE', *, *, #110, .T. ) ;
#3396 = VERTEX_POINT ( 'NONE', #2726 ) ;
#3397 = DIRECTION ( 'NONE',  ( 0.000000000000000000, 0.000000000000000000, 1.000000000000000000 ) ) ;
#3398 = CARTESIAN_POINT ( 'NONE',  ( 0.3193224092811614567, 0.3452365399626488585, 0.3159672026817060275 ) ) ;
#3399 = CARTESIAN_POINT ( 'NONE',  ( -0.1850717967697237398, 0.1327076581449564696, 0.1850717967697237398 ) ) ;
#3400 = EDGE_CURVE ( 'NONE', #729, #1759, #88, .T. ) ;
#3401 = EDGE_LOOP ( 'NONE', ( #94, #2874, #902, #2852 ) ) ;
#3402 = DIRECTION ( 'NONE',  ( 0.7071067811865475727, 0.000000000000000000, -0.7071067811865475727 ) ) ;
#3403 = VECTOR ( 'NONE', #1196, 1000.000000000000000 ) ;
#3404 = EDGE_CURVE ( 'NONE', #3267, #316, #2691, .T. ) ;
#3405 = AXIS2_PLACEMENT_3D ( 'NONE', #2669, #1554, #3596 ) ;
#3406 = CARTESIAN_POINT ( 'NONE',  ( 1.164999999999999813, 2.490000000000000213, -2.035857864376269255 ) ) ;
#3407 = CARTESIAN_POINT ( 'NONE',  ( 0.3199999999999998956, 0.3464101615137729628, -0.3099999999999999423 ) ) ;
#3408 = LINE ( 'NONE', #3698, #1600 ) ;
#3409 = EDGE_CURVE ( 'NONE', #1762, #1802, #3234, .T. ) ;
#3410 = PLANE ( 'NONE',  #1486 ) ;
#3411 = CARTESIAN_POINT ( 'NONE',  ( -0.3100000000000001088, 11.50000000000000000, -0.3199999999999999512 ) ) ;
#3412 = CARTESIAN_POINT ( 'NONE',  ( 0.3199202969641257166, 11.15372788819387395, 0.3112600429262805668 ) ) ;
#3413 = ORIENTED_EDGE ( 'NONE', *, *, #978, .F. ) ;
#3414 = DIRECTION ( 'NONE',  ( 0.000000000000000000, 0.000000000000000000, 1.000000000000000000 ) ) ;
#3415 = VERTEX_POINT ( 'NONE', #2405 ) ;
#3416 = ORIENTED_EDGE ( 'NONE', *, *, #2737, .F. ) ;
#3417 = DIRECTION ( 'NONE',  ( 1.000000000000000000, 0.000000000000000000, 0.000000000000000000 ) ) ;
#3418 = CARTESIAN_POINT ( 'NONE',  ( 0.3200000000000000067, 11.50000000000000000, 0.3100000000000000533 ) ) ;
#3419 = VECTOR ( 'NONE', #2636, 1000.000000000000000 ) ;
#3420 = LINE ( 'NONE', #1988, #1783 ) ;
#3421 = ORIENTED_EDGE ( 'NONE', *, *, #2229, .T. ) ;
#3422 = EDGE_CURVE ( 'NONE', #2562, #2648, #3530, .T. ) ;
#3423 = DIRECTION ( 'NONE',  ( -1.000000000000000000, 0.000000000000000000, 0.000000000000000000 ) ) ;
#3424 = ADVANCED_FACE ( 'NONE', ( #1875 ), #2836, .T. ) ;
#3425 = ADVANCED_FACE ( 'NONE', ( #3670 ), #120, .T. ) ;
#3426 = DIRECTION ( 'NONE',  ( -0.8660254037844387076, 0.4999999999999999445, 1.467104100329257198E-16 ) ) ;
#3427 = VECTOR ( 'NONE', #3453, 1000.000000000000000 ) ;
#3428 = CARTESIAN_POINT ( 'NONE',  ( -0.09773205080756873497, 11.53856921938165137, -0.08907179676972339089 ) ) ;
#3429 = DIRECTION ( 'NONE',  ( -1.000000000000000000, 0.000000000000000000, 0.000000000000000000 ) ) ;
#3430 = AXIS2_PLACEMENT_3D ( 'NONE', #1395, #2308, #259 ) ;
#3431 = LINE ( 'NONE', #2488, #1351 ) ;
#3432 = DIRECTION ( 'NONE',  ( -4.065758146820642416E-15, 0.000000000000000000, 1.000000000000000000 ) ) ;
#3433 = VECTOR ( 'NONE', #1219, 1000.000000000000000 ) ;
#3434 = DIRECTION ( 'NONE',  ( -0.000000000000000000, 1.000000000000000000, -0.000000000000000000 ) ) ;
#3435 = VECTOR ( 'NONE', #3429, 1000.000000000000000 ) ;
#3436 = DIRECTION ( 'NONE',  ( -0.7071067811865474617, -0.000000000000000000, 0.7071067811865476838 ) ) ;
#3437 = ORIENTED_EDGE ( 'NONE', *, *, #1160, .F. ) ;
#3438 = CARTESIAN_POINT ( 'NONE',  ( -5.080000000000000071, -2.200000000000000622, 1.269999999999999574 ) ) ;
#3439 = DIRECTION ( 'NONE',  ( 0.000000000000000000, 1.000000000000000000, 0.000000000000000000 ) ) ;
#3440 = VERTEX_POINT ( 'NONE', #482 ) ;
#3441 = FACE_OUTER_BOUND ( 'NONE', #856, .T. ) ;
#3442 = ORIENTED_EDGE ( 'NONE', *, *, #2110, .F. ) ;
#3443 = FACE_OUTER_BOUND ( 'NONE', #3098, .T. ) ;
#3444 = DIRECTION ( 'NONE',  ( 0.000000000000000000, 0.000000000000000000, 1.000000000000000000 ) ) ;
#3445 = AXIS2_PLACEMENT_3D ( 'NONE', #3595, #1240, #3575 ) ;
#3446 =( BOUNDED_CURVE ( )  B_SPLINE_CURVE ( 3, ( #418, #2754, #1594, #2770 ),
 .UNSPECIFIED., .F., .T. ) 
 B_SPLINE_CURVE_WITH_KNOTS ( ( 4, 4 ),
 ( 3.141592653589793116, 4.712388980384696779 ),
 .UNSPECIFIED. ) 
 CURVE ( )  GEOMETRIC_REPRESENTATION_ITEM ( )  RATIONAL_B_SPLINE_CURVE ( ( 1.000000000000000000, 0.8047378541243632721, 0.8047378541243632721, 1.000000000000000000 ) ) 
 REPRESENTATION_ITEM ( '' )  );
#3447 = CARTESIAN_POINT ( 'NONE',  ( 0.3200000000000001732, 0.000000000000000000, -1.589999999999999636 ) ) ;
#3448 = DIRECTION ( 'NONE',  ( 1.694065894508600678E-16, -0.000000000000000000, 1.000000000000000000 ) ) ;
#3449 = CYLINDRICAL_SURFACE ( 'NONE', #974, 0.01000000000000002623 ) ;
#3450 = DIRECTION ( 'NONE',  ( -0.000000000000000000, 1.000000000000000000, -0.000000000000000000 ) ) ;
#3451 = FACE_OUTER_BOUND ( 'NONE', #3541, .T. ) ;
#3452 = EDGE_LOOP ( 'NONE', ( #3774, #3552, #1775, #2344 ) ) ;
#3453 = DIRECTION ( 'NONE',  ( -8.470329472543004623E-17, 0.000000000000000000, 1.000000000000000000 ) ) ;
#3454 = DIRECTION ( 'NONE',  ( 1.000000000000000000, 0.000000000000000000, 2.282530889443166627E-15 ) ) ;
#3455 = VERTEX_POINT ( 'NONE', #1056 ) ;
#3456 = DIRECTION ( 'NONE',  ( 1.000000000000000000, 0.000000000000000000, 0.000000000000000000 ) ) ;
#3457 = CARTESIAN_POINT ( 'NONE',  ( 0.6708578643762694860, 2.500000000000000000, 2.540000000000000480 ) ) ;
#3458 = VERTEX_POINT ( 'NONE', #2246 ) ;
#3459 = DIRECTION ( 'NONE',  ( -2.168404344971008868E-16, 0.000000000000000000, -1.000000000000000000 ) ) ;
#3460 = ORIENTED_EDGE ( 'NONE', *, *, #3296, .F. ) ;
#3461 = CARTESIAN_POINT ( 'NONE',  ( 1.179142135623732157, 0.5000000000000000000, 2.039999999999999591 ) ) ;
#3462 = ADVANCED_FACE ( 'NONE', ( #1294 ), #1622, .T. ) ;
#3463 = CARTESIAN_POINT ( 'NONE',  ( 1.175000000000000711, 2.350000000000000089, -1.000000000000002442 ) ) ;
#3464 = EDGE_CURVE ( 'NONE', #106, #3555, #2752, .T. ) ;
#3465 = CARTESIAN_POINT ( 'NONE',  ( 0.3112600429262812884, 11.15372788819387395, 0.3199202969641257166 ) ) ;
#3466 = VECTOR ( 'NONE', #2646, 1000.000000000000114 ) ;
#3467 = EDGE_CURVE ( 'NONE', #1757, #493, #2879, .T. ) ;
#3468 = AXIS2_PLACEMENT_3D ( 'NONE', #3012, #2750, #1865 ) ;
#3469 = CARTESIAN_POINT ( 'NONE',  ( -0.3200000000000001177, 0.3464101615137729628, -0.3199999999999999512 ) ) ;
#3470 = ORIENTED_EDGE ( 'NONE', *, *, #424, .T. ) ;
#3471 = CARTESIAN_POINT ( 'NONE',  ( 0.3200000000000001732, 0.9000000000000010214, 1.589999999999999636 ) ) ;
#3472 = ADVANCED_FACE ( 'NONE', ( #725 ), #2818, .F. ) ;
#3473 = ADVANCED_FACE ( 'NONE', ( #176 ), #3121, .F. ) ;
#3474 = ORIENTED_EDGE ( 'NONE', *, *, #2508, .F. ) ;
#3475 = ORIENTED_EDGE ( 'NONE', *, *, #1399, .T. ) ;
#3476 = DIRECTION ( 'NONE',  ( 1.000000000000000000, 0.000000000000000000, 0.000000000000000000 ) ) ;
#3477 = ADVANCED_FACE ( 'NONE', ( #2550 ), #2167, .T. ) ;
#3478 = ORIENTED_EDGE ( 'NONE', *, *, #1887, .F. ) ;
#3479 = CARTESIAN_POINT ( 'NONE',  ( -0.6708578643762687088, 0.01000000000000002623, -2.529999999999999805 ) ) ;
#3480 = ORIENTED_EDGE ( 'NONE', *, *, #3685, .T. ) ;
#3481 = CARTESIAN_POINT ( 'NONE',  ( 0.3099999999999999978, 11.50000000000000000, 0.3200000000000000622 ) ) ;
#3482 = VECTOR ( 'NONE', #3485, 1000.000000000000000 ) ;
#3483 = CARTESIAN_POINT ( 'NONE',  ( -0.3193224092811617898, 11.15476346003734065, 0.3159672026817065826 ) ) ;
#3484 = ORIENTED_EDGE ( 'NONE', *, *, #431, .T. ) ;
#3485 = DIRECTION ( 'NONE',  ( 1.000000000000000000, 0.000000000000000000, 0.000000000000000000 ) ) ;
#3486 = CYLINDRICAL_SURFACE ( 'NONE', #3111, 0.009999999999999998473 ) ;
#3487 = FACE_OUTER_BOUND ( 'NONE', #2530, .T. ) ;
#3488 = DIRECTION ( 'NONE',  ( -1.000000000000000000, -0.000000000000000000, -4.694733121053642754E-15 ) ) ;
#3489 = ORIENTED_EDGE ( 'NONE', *, *, #3633, .F. ) ;
#3490 = LINE ( 'NONE', #1792, #118 ) ;
#3491 = VECTOR ( 'NONE', #1706, 1000.000000000000000 ) ;
#3492 = ORIENTED_EDGE ( 'NONE', *, *, #2643, .T. ) ;
#3493 = ORIENTED_EDGE ( 'NONE', *, *, #2112, .F. ) ;
#3494 = VECTOR ( 'NONE', #1614, 1000.000000000000000 ) ;
#3495 = ORIENTED_EDGE ( 'NONE', *, *, #591, .F. ) ;
#3496 = ORIENTED_EDGE ( 'NONE', *, *, #2878, .F. ) ;
#3497 = CARTESIAN_POINT ( 'NONE',  ( 1.270000000000000018, 2.500000000000000000, -1.010000000000002673 ) ) ;
#3498 = AXIS2_PLACEMENT_3D ( 'NONE', #3469, #551, #1735 ) ;
#3499 = DIRECTION ( 'NONE',  ( 0.7071067811865474617, 0.000000000000000000, 0.7071067811865474617 ) ) ;
#3500 = ORIENTED_EDGE ( 'NONE', *, *, #1523, .F. ) ;
#3501 = LINE ( 'NONE', #2373, #3482 ) ;
#3502 = CARTESIAN_POINT ( 'NONE',  ( -9.267075411139232629E-15, 2.490000000000000213, -2.029999999999994920 ) ) ;
#3503 = DIRECTION ( 'NONE',  ( -0.8660254037844374864, 0.5000000000000019984, 1.467104100329255226E-16 ) ) ;
#3504 = AXIS2_PLACEMENT_3D ( 'NONE', #2779, #143, #1293 ) ;
#3505 = PLANE ( 'NONE',  #3081 ) ;
#3506 = EDGE_LOOP ( 'NONE', ( #3046, #2900, #3311, #1264 ) ) ;
#3507 = DIRECTION ( 'NONE',  ( -0.7071067811865475727, 1.533293416683370135E-14, -0.7071067811865475727 ) ) ;
#3508 = AXIS2_PLACEMENT_3D ( 'NONE', #1245, #586, #2728 ) ;
#3509 = EDGE_CURVE ( 'NONE', #484, #480, #141, .T. ) ;
#3510 = CARTESIAN_POINT ( 'NONE',  ( 1.170857864376269708, 2.500000000000000000, -1.004142135623733445 ) ) ;
#3511 = VERTEX_POINT ( 'NONE', #2206 ) ;
#3512 = CARTESIAN_POINT ( 'NONE',  ( -0.1228867513459485639, 0.004999999999999958471, 0.1200000000000004258 ) ) ;
#3513 = EDGE_CURVE ( 'NONE', #2981, #2342, #3707, .T. ) ;
#3514 = ORIENTED_EDGE ( 'NONE', *, *, #3545, .T. ) ;
#3515 = EDGE_LOOP ( 'NONE', ( #966, #711, #880, #2918 ) ) ;
#3516 = DIRECTION ( 'NONE',  ( -1.000000000000000000, 0.000000000000000000, 0.000000000000000000 ) ) ;
#3517 = CARTESIAN_POINT ( 'NONE',  ( -0.3199202969641256056, 11.15372788819387395, 0.3112600429262813995 ) ) ;
#3518 = PRODUCT ( 'header-2.54-pin_\X2\9ed88ba4\X0\', 'header-2.54-pin_\X2\9ed88ba4\X0\', '', ( #1811 ) ) ;
#3519 = EDGE_CURVE ( 'NONE', #3455, #1095, #2482, .T. ) ;
#3520 = DIRECTION ( 'NONE',  ( -1.000000000000000000, 0.000000000000000000, -0.000000000000000000 ) ) ;
#3521 = EDGE_LOOP ( 'NONE', ( #3146, #3026, #813, #356 ) ) ;
#3522 = DIRECTION ( 'NONE',  ( 4.565061778886298545E-15, 0.000000000000000000, -1.000000000000000000 ) ) ;
#3523 = CARTESIAN_POINT ( 'NONE',  ( -0.3104214140871991989, 11.15358983848622287, 0.3200000000000000622 ) ) ;
#3524 = LINE ( 'NONE', #2355, #704 ) ;
#3525 = EDGE_CURVE ( 'NONE', #3532, #2259, #3144, .T. ) ;
#3526 = CARTESIAN_POINT ( 'NONE',  ( 0.3199202969641257721, 0.3462721118061212744, 0.3112600429262813440 ) ) ;
#3527 = EDGE_CURVE ( 'NONE', #2650, #500, #1142, .T. ) ;
#3528 = CARTESIAN_POINT ( 'NONE',  ( -0.6708578643762687088, 2.500000000000000000, 2.530000000000000693 ) ) ;
#3529 = VECTOR ( 'NONE', #2162, 1000.000000000000000 ) ;
#3530 = CIRCLE ( 'NONE', #2872, 0.01000000000000001409 ) ;
#3531 = ORIENTED_EDGE ( 'NONE', *, *, #566, .T. ) ;
#3532 = VERTEX_POINT ( 'NONE', #2329 ) ;
#3533 = ORIENTED_EDGE ( 'NONE', *, *, #3139, .T. ) ;
#3534 = ORIENTED_EDGE ( 'NONE', *, *, #1953, .T. ) ;
#3535 = LINE ( 'NONE', #377, #2170 ) ;
#3536 = CARTESIAN_POINT ( 'NONE',  ( 0.1142264973081031920, 11.49499999999999922, 0.1228867513459475369 ) ) ;
#3537 = CARTESIAN_POINT ( 'NONE',  ( 0.1142264973081041218, 0.004999999999999995767, 0.1228867513459485639 ) ) ;
#3538 = PLANE ( 'NONE',  #3508 ) ;
#3539 = PRODUCT_DEFINITION_CONTEXT ( 'detailed design', #379, 'design' ) ;
#3540 = EDGE_CURVE ( 'NONE', #828, #2035, #262, .T. ) ;
#3541 = EDGE_LOOP ( 'NONE', ( #851, #3776, #1034, #1490 ) ) ;
#3542 = EDGE_CURVE ( 'NONE', #2135, #843, #1416, .T. ) ;
#3543 = LINE ( 'NONE', #907, #3598 ) ;
#3544 = DIRECTION ( 'NONE',  ( 0.000000000000000000, 0.000000000000000000, -1.000000000000000000 ) ) ;
#3545 = EDGE_CURVE ( 'NONE', #2860, #761, #1702, .T. ) ;
#3546 = CARTESIAN_POINT ( 'NONE',  ( 0.3099999999999998868, 11.15358983848622287, -0.3199999999999999512 ) ) ;
#3547 = DIRECTION ( 'NONE',  ( 0.000000000000000000, 0.000000000000000000, 1.000000000000000000 ) ) ;
#3548 = FACE_OUTER_BOUND ( 'NONE', #2566, .T. ) ;
#3549 = CARTESIAN_POINT ( 'NONE',  ( -1.172071067811865319, 0.5000000000000000000, -2.042928932188134095 ) ) ;
#3550 = AXIS2_PLACEMENT_3D ( 'NONE', #2612, #3775, #1140 ) ;
#3551 = AXIS2_PLACEMENT_3D ( 'NONE', #22, #881, #2984 ) ;
#3552 = ORIENTED_EDGE ( 'NONE', *, *, #2011, .T. ) ;
#3553 = DIRECTION ( 'NONE',  ( 0.4472135954999578722, 0.7745966692414834043, 0.4472135954999578722 ) ) ;
#3554 = CARTESIAN_POINT ( 'NONE',  ( 0.1142264973081030810, 11.50000000000000000, -1.935072133388359121E-17 ) ) ;
#3555 = VERTEX_POINT ( 'NONE', #278 ) ;
#3556 = AXIS2_PLACEMENT_3D ( 'NONE', #1639, #234, #784 ) ;
#3557 = EDGE_LOOP ( 'NONE', ( #334, #3248, #2221, #158, #2816, #447 ) ) ;
#3558 = CARTESIAN_POINT ( 'NONE',  ( 1.270000000000000462, 2.350000000000000089, -1.000000000000002442 ) ) ;
#3559 = CARTESIAN_POINT ( 'NONE',  ( -0.6708578643762687088, 0.01000000000000000021, -2.529999999999999805 ) ) ;
#3560 = PLANE ( 'NONE',  #1868 ) ;
#3561 = VERTEX_POINT ( 'NONE', #1763 ) ;
#3562 = DIRECTION ( 'NONE',  ( -4.565061778886298545E-15, 0.000000000000000000, 1.000000000000000000 ) ) ;
#3563 = DIRECTION ( 'NONE',  ( 1.000000000000000000, -0.000000000000000000, -0.000000000000000000 ) ) ;
#3564 = VECTOR ( 'NONE', #3766, 1000.000000000000000 ) ;
#3565 = DIRECTION ( 'NONE',  ( -0.4472135954999594820, -0.7745966692414817389, -0.4472135954999594265 ) ) ;
#3566 = AXIS2_PLACEMENT_3D ( 'NONE', #450, #1882, #1300 ) ;
#3567 = ITEM_DEFINED_TRANSFORMATION ( 'NONE', 'NONE', #1558,  #2231 ) ;
#3568 = DIRECTION ( 'NONE',  ( 0.000000000000000000, -1.000000000000000000, 0.000000000000000000 ) ) ;
#3569 = AXIS2_PLACEMENT_3D ( 'NONE', #584, #2310, #2264 ) ;
#3570 = PLANE ( 'NONE',  #346 ) ;
#3571 = ORIENTED_EDGE ( 'NONE', *, *, #3337, .T. ) ;
#3572 = CARTESIAN_POINT ( 'NONE',  ( 0.1142264973081040663, 0.01000000000000000021, -0.1142264973081040941 ) ) ;
#3573 = VERTEX_POINT ( 'NONE', #3204 ) ;
#3574 = VERTEX_POINT ( 'NONE', #563 ) ;
#3575 = DIRECTION ( 'NONE',  ( 1.000000000000000000, -0.000000000000000000, 0.000000000000000000 ) ) ;
#3576 = ADVANCED_FACE ( 'NONE', ( #240 ), #2573, .T. ) ;
#3577 = SPHERICAL_SURFACE ( 'NONE', #893, 0.01000000000000000021 ) ;
#3578 = EDGE_CURVE ( 'NONE', #3226, #3768, #2921, .T. ) ;
#3579 = CARTESIAN_POINT ( 'NONE',  ( -0.3199999999999998401, 2.500000000000000000, -1.589999999999999636 ) ) ;
#3580 = ORIENTED_EDGE ( 'NONE', *, *, #144, .T. ) ;
#3581 = PLANE ( 'NONE',  #1213 ) ;
#3582 = LINE ( 'NONE', #251, #1033 ) ;
#3583 = CARTESIAN_POINT ( 'NONE',  ( -1.165000000000000036, 2.500000000000000000, 2.526191061891225331E-16 ) ) ;
#3584 =( REPRESENTATION_RELATIONSHIP ('NONE','NONE', #3667, #2505 ) REPRESENTATION_RELATIONSHIP_WITH_TRANSFORMATION ( #897 )SHAPE_REPRESENTATION_RELATIONSHIP( ) );
#3585 = SHAPE_DEFINITION_REPRESENTATION ( #3276, #2505 ) ;
#3586 = CARTESIAN_POINT ( 'NONE',  ( -0.3159672026817069712, 11.15476346003734420, -0.3193224092811617343 ) ) ;
#3587 = ADVANCED_FACE ( 'NONE', ( #3795 ), #1166, .T. ) ;
#3588 = ADVANCED_FACE ( 'NONE', ( #3712 ), #1125, .T. ) ;
#3589 = ORIENTED_EDGE ( 'NONE', *, *, #1729, .F. ) ;
#3590 =( BOUNDED_CURVE ( )  B_SPLINE_CURVE ( 3, ( #2845, #223, #1996, #3169 ),
 .UNSPECIFIED., .F., .T. ) 
 B_SPLINE_CURVE_WITH_KNOTS ( ( 4, 4 ),
 ( 0.000000000000000000, 0.1263401276387656758 ),
 .UNSPECIFIED. ) 
 CURVE ( )  GEOMETRIC_REPRESENTATION_ITEM ( )  RATIONAL_B_SPLINE_CURVE ( ( 1.000000000000000000, 0.9986702899464856564, 0.9986702899464856564, 1.000000000000000000 ) ) 
 REPRESENTATION_ITEM ( '' )  );
#3591 = ADVANCED_FACE ( 'NONE', ( #787 ), #1685, .F. ) ;
#3592 = AXIS2_PLACEMENT_3D ( 'NONE', #3756, #853, #3205 ) ;
#3593 = ORIENTED_EDGE ( 'NONE', *, *, #871, .F. ) ;
#3594 = ORIENTED_EDGE ( 'NONE', *, *, #1523, .T. ) ;
#3595 = CARTESIAN_POINT ( 'NONE',  ( -0.3199999999999997846, 0.9000000000000010214, 0.9499999999999996225 ) ) ;
#3596 = DIRECTION ( 'NONE',  ( 0.7071067811865474617, 0.000000000000000000, -0.7071067811865474617 ) ) ;
#3597 = DIRECTION ( 'NONE',  ( -0.000000000000000000, 1.000000000000000000, 0.000000000000000000 ) ) ;
#3598 = VECTOR ( 'NONE', #2095, 1000.000000000000000 ) ;
#3599 = EDGE_LOOP ( 'NONE', ( #541, #1652, #3374, #3792 ) ) ;
#3600 = DIRECTION ( 'NONE',  ( 0.000000000000000000, -0.000000000000000000, -1.000000000000000000 ) ) ;
#3601 = ORIENTED_EDGE ( 'NONE', *, *, #2878, .T. ) ;
#3602 = CARTESIAN_POINT ( 'NONE',  ( -1.269999999999999796, 2.490000000000000213, 2.040000000000000036 ) ) ;
#3603 = DIRECTION ( 'NONE',  ( 0.000000000000000000, -1.000000000000000000, 0.000000000000000000 ) ) ;
#3604 = DIRECTION ( 'NONE',  ( -0.7071067811865467956, 0.7071067811865483499, -5.989427408919424449E-17 ) ) ;
#3605 = VECTOR ( 'NONE', #3679, 1000.000000000000000 ) ;
#3606 = LINE ( 'NONE', #2756, #3403 ) ;
#3607 = ITEM_DEFINED_TRANSFORMATION ( 'NONE', 'NONE', #328,  #2231 ) ;
#3608 = ORIENTED_EDGE ( 'NONE', *, *, #1561, .F. ) ;
#3609 = ORIENTED_EDGE ( 'NONE', *, *, #3378, .F. ) ;
#3610 = CIRCLE ( 'NONE', #1348, 0.01000000000000002623 ) ;
#3611 = EDGE_LOOP ( 'NONE', ( #2094, #1891, #2902, #1913 ) ) ;
#3612 = CARTESIAN_POINT ( 'NONE',  ( -1.172071067811865319, 2.490000000000000213, -2.042928932188134095 ) ) ;
#3613 = CARTESIAN_POINT ( 'NONE',  ( 1.174999999999999822, 0.01000000000000002623, -2.040000000000000480 ) ) ;
#3614 = PRODUCT_DEFINITION_SHAPE ( 'NONE', 'NONE',  #3799 ) ;
#3615 = VECTOR ( 'NONE', #509, 1000.000000000000000 ) ;
#3616 = DIRECTION ( 'NONE',  ( -0.000000000000000000, 1.000000000000000000, -0.000000000000000000 ) ) ;
#3617 = VERTEX_POINT ( 'NONE', #1098 ) ;
#3618 = DIRECTION ( 'NONE',  ( 1.355252715606880345E-15, 1.000000000000000000, 0.000000000000000000 ) ) ;
#3619 = VERTEX_POINT ( 'NONE', #3461 ) ;
#3620 = CARTESIAN_POINT ( 'NONE',  ( -0.6708578643762687088, 0.000000000000000000, 2.530000000000000693 ) ) ;
#3621 = DIRECTION ( 'NONE',  ( 0.7071067811865474617, 0.000000000000000000, -0.7071067811865474617 ) ) ;
#3622 = PRODUCT_CONTEXT ( 'NONE', #3076, 'mechanical' ) ;
#3623 = DIRECTION ( 'NONE',  ( -0.4472135954999592600, -0.7745966692414817389, 0.4472135954999593710 ) ) ;
#3624 = DIRECTION ( 'NONE',  ( -1.694065894508600678E-16, 0.000000000000000000, -1.000000000000000000 ) ) ;
#3625 = ADVANCED_FACE ( 'NONE', ( #3443 ), #2287, .F. ) ;
#3626 = VERTEX_POINT ( 'NONE', #636 ) ;
#3627 = VECTOR ( 'NONE', #2725, 1000.000000000000000 ) ;
#3628 = EDGE_CURVE ( 'NONE', #117, #3355, #2090, .T. ) ;
#3629 = ORIENTED_EDGE ( 'NONE', *, *, #2727, .F. ) ;
#3630 = ORIENTED_EDGE ( 'NONE', *, *, #632, .F. ) ;
#3631 =( LENGTH_UNIT ( ) NAMED_UNIT ( * ) SI_UNIT ( .MILLI., .METRE. ) );
#3632 = DIRECTION ( 'NONE',  ( 0.000000000000000000, 0.000000000000000000, -1.000000000000000000 ) ) ;
#3633 = EDGE_CURVE ( 'NONE', #106, #2860, #1819, .T. ) ;
#3634 = ADVANCED_BREP_SHAPE_REPRESENTATION ( '', ( #1037, #2231 ), #3690 ) ;
#3635 = VECTOR ( 'NONE', #1477, 1000.000000000000000 ) ;
#3636 = EDGE_CURVE ( 'NONE', #761, #996, #1153, .T. ) ;
#3637 = ORIENTED_EDGE ( 'NONE', *, *, #1498, .T. ) ;
#3638 = SPHERICAL_SURFACE ( 'NONE', #1008, 0.01000000000000000021 ) ;
#3639 = EDGE_CURVE ( 'NONE', #3181, #1092, #3253, .T. ) ;
#3640 = ORIENTED_EDGE ( 'NONE', *, *, #801, .F. ) ;
#3641 = CARTESIAN_POINT ( 'NONE',  ( 1.165000000000000702, 2.490000000000000213, -1.000000000000002442 ) ) ;
#3642 = CARTESIAN_POINT ( 'NONE',  ( 0.1142264973081031088, 11.49000000000000021, -0.1142264973081030394 ) ) ;
#3643 = ADVANCED_FACE ( 'NONE', ( #1803 ), #653, .T. ) ;
#3644 = CARTESIAN_POINT ( 'NONE',  ( -0.3199999999999998401, 0.9000000000000010214, 1.589999999999999636 ) ) ;
#3645 = CYLINDRICAL_SURFACE ( 'NONE', #3743, 0.01000000000000001235 ) ;
#3646 = CYLINDRICAL_SURFACE ( 'NONE', #1139, 0.01000000000000001409 ) ;
#3647 = ORIENTED_EDGE ( 'NONE', *, *, #2973, .T. ) ;
#3648 = VERTEX_POINT ( 'NONE', #318 ) ;
#3649 = AXIS2_PLACEMENT_3D ( 'NONE', #2585, #1118, #827 ) ;
#3650 = EDGE_LOOP ( 'NONE', ( #668, #74, #2260, #1607, #538, #2013 ) ) ;
#3651 = AXIS2_PLACEMENT_3D ( 'NONE', #2652, #241, #3444 ) ;
#3652 =( LENGTH_UNIT ( ) NAMED_UNIT ( * ) SI_UNIT ( .MILLI., .METRE. ) );
#3653 = ORIENTED_EDGE ( 'NONE', *, *, #1429, .F. ) ;
#3654 = VECTOR ( 'NONE', #2374, 1000.000000000000114 ) ;
#3655 = DIRECTION ( 'NONE',  ( 0.000000000000000000, -0.000000000000000000, 1.000000000000000000 ) ) ;
#3656 = ORIENTED_EDGE ( 'NONE', *, *, #2420, .T. ) ;
#3657 = EDGE_CURVE ( 'NONE', #116, #3626, #941, .T. ) ;
#3658 = CYLINDRICAL_SURFACE ( 'NONE', #1117, 0.01000000000000002623 ) ;
#3659 = CARTESIAN_POINT ( 'NONE',  ( 1.269999999999999796, -4.081105855034882879, -2.040000000000000480 ) ) ;
#3660 = CARTESIAN_POINT ( 'NONE',  ( -1.270000000000000240, 0.5000000000000000000, -2.040000000000000480 ) ) ;
#3661 = CARTESIAN_POINT ( 'NONE',  ( 0.1850717967697236843, 0.1327076581449564419, 0.1850717967697236288 ) ) ;
#3662 = CARTESIAN_POINT ( 'NONE',  ( -0.1142264973081041773, 0.01000000000000000021, 1.935072133388377918E-17 ) ) ;
#3663 = CARTESIAN_POINT ( 'NONE',  ( -1.269999999999999796, 2.500000000000000000, 2.030000000000000249 ) ) ;
#3664 = ORIENTED_EDGE ( 'NONE', *, *, #2686, .T. ) ;
#3665 = AXIS2_PLACEMENT_3D ( 'NONE', #681, #3603, #3348 ) ;
#3666 = ORIENTED_EDGE ( 'NONE', *, *, #2366, .T. ) ;
#3667 = SHAPE_REPRESENTATION ( 'header-2.54-2x3', ( #2970, #1558, #1187, #622, #3264, #3086, #1611, #810, #2173, #328 ), #498 ) ;
#3668 = VERTEX_POINT ( 'NONE', #2403 ) ;
#3669 = CARTESIAN_POINT ( 'NONE',  ( 0.000000000000000000, 0.000000000000000000, 0.000000000000000000 ) ) ;
#3670 = FACE_OUTER_BOUND ( 'NONE', #1536, .T. ) ;
#3671 = DIRECTION ( 'NONE',  ( 0.000000000000000000, 0.000000000000000000, -1.000000000000000000 ) ) ;
#3672 =( NAMED_UNIT ( * ) SI_UNIT ( $, .STERADIAN. ) SOLID_ANGLE_UNIT ( ) );
#3673 = VERTEX_POINT ( 'NONE', #7 ) ;
#3674 = CIRCLE ( 'NONE', #2030, 0.009999999999999962044 ) ;
#3675 = VECTOR ( 'NONE', #2895, 1000.000000000000000 ) ;
#3676 = LINE ( 'NONE', #712, #3173 ) ;
#3677 = SPHERICAL_SURFACE ( 'NONE', #197, 0.01000000000000000021 ) ;
#3678 = AXIS2_PLACEMENT_3D ( 'NONE', #1616, #2827, #1047 ) ;
#3679 = DIRECTION ( 'NONE',  ( -0.000000000000000000, 1.000000000000000000, -0.000000000000000000 ) ) ;
#3680 = CARTESIAN_POINT ( 'NONE',  ( 1.270000000000000462, 2.490000000000000213, 1.009999999999997788 ) ) ;
#3681 = CARTESIAN_POINT ( 'NONE',  ( -1.174999999999998934, 2.500000000000000000, -2.040000000000000480 ) ) ;
#3682 = DIRECTION ( 'NONE',  ( -2.168404344971008868E-16, 0.000000000000000000, -1.000000000000000000 ) ) ;
#3683 = CARTESIAN_POINT ( 'NONE',  ( 1.172071067811865319, 2.500000000000000000, -2.042928932188134539 ) ) ;
#3684 = ORIENTED_EDGE ( 'NONE', *, *, #977, .F. ) ;
#3685 = EDGE_CURVE ( 'NONE', #883, #3440, #3535, .T. ) ;
#3686 = ORIENTED_EDGE ( 'NONE', *, *, #457, .F. ) ;
#3687 = ORIENTED_EDGE ( 'NONE', *, *, #3378, .T. ) ;
#3688 = CIRCLE ( 'NONE', #1861, 0.01000000000000002623 ) ;
#3689 = CARTESIAN_POINT ( 'NONE',  ( 1.600428932188135089, 2.490000000000000213, 1.600428932188134645 ) ) ;
#3690 =( GEOMETRIC_REPRESENTATION_CONTEXT ( 3 ) GLOBAL_UNCERTAINTY_ASSIGNED_CONTEXT ( ( #1401 ) ) GLOBAL_UNIT_ASSIGNED_CONTEXT ( ( #2798, #724, #3101 ) ) REPRESENTATION_CONTEXT ( 'NONE', 'WORKASPACE' ) );
#3691 = CARTESIAN_POINT ( 'NONE',  ( -0.1142264973081041635, 0.000000000000000000, 0.1142264973081042190 ) ) ;
#3692 = ADVANCED_FACE ( 'NONE', ( #70 ), #1551, .F. ) ;
#3693 = ORIENTED_EDGE ( 'NONE', *, *, #2739, .T. ) ;
#3694 = AXIS2_PLACEMENT_3D ( 'NONE', #3406, #2633, #3621 ) ;
#3695 = EDGE_CURVE ( 'NONE', #1369, #1739, #31, .T. ) ;
#3696 = DIRECTION ( 'NONE',  ( -1.000000000000000000, 0.000000000000000000, 0.000000000000000000 ) ) ;
#3697 = CARTESIAN_POINT ( 'NONE',  ( -1.269999999999999796, -4.081105855034882879, -2.040000000000000036 ) ) ;
#3698 = CARTESIAN_POINT ( 'NONE',  ( -0.3130717967697245752, 0.3494101615137729100, 0.3217320508075689478 ) ) ;
#3699 = CARTESIAN_POINT ( 'NONE',  ( 0.08907179676972404314, 11.53356921938165236, -0.08907179676972405702 ) ) ;
#3700 = DIRECTION ( 'NONE',  ( 0.7071067811865477948, -0.000000000000000000, -0.7071067811865473507 ) ) ;
#3701 = CARTESIAN_POINT ( 'NONE',  ( 0.3199202969641257721, 0.3462721118061212744, 0.3112600429262813440 ) ) ;
#3702 = ORIENTED_EDGE ( 'NONE', *, *, #798, .F. ) ;
#3703 = CARTESIAN_POINT ( 'NONE',  ( -0.3199999999999998401, 0.9000000000000010214, 1.589999999999999636 ) ) ;
#3704 = ORIENTED_EDGE ( 'NONE', *, *, #276, .T. ) ;
#3705 = ADVANCED_FACE ( 'NONE', ( #2384 ), #298, .F. ) ;
#3706 = ORIENTED_EDGE ( 'NONE', *, *, #3509, .F. ) ;
#3707 = LINE ( 'NONE', #783, #1632 ) ;
#3708 = EDGE_CURVE ( 'NONE', #1161, #734, #1366, .T. ) ;
#3709 = SPHERICAL_SURFACE ( 'NONE', #1658, 0.01000000000000000021 ) ;
#3710 = CYLINDRICAL_SURFACE ( 'NONE', #1462, 0.009999999999999998473 ) ;
#3711 = ORIENTED_EDGE ( 'NONE', *, *, #359, .T. ) ;
#3712 = FACE_OUTER_BOUND ( 'NONE', #520, .T. ) ;
#3713 = DIRECTION ( 'NONE',  ( 0.000000000000000000, -4.065758146820641628E-15, -1.000000000000000000 ) ) ;
#3714 = AXIS2_PLACEMENT_3D ( 'NONE', #2200, #1597, #2774 ) ;
#3715 =( BOUNDED_CURVE ( )  B_SPLINE_CURVE ( 3, ( #2320, #3116, #3726, #1089 ),
 .UNSPECIFIED., .F., .F. ) 
 B_SPLINE_CURVE_WITH_KNOTS ( ( 4, 4 ),
 ( 1.570796326794896558, 3.141592653589793116 ),
 .UNSPECIFIED. ) 
 CURVE ( )  GEOMETRIC_REPRESENTATION_ITEM ( )  RATIONAL_B_SPLINE_CURVE ( ( 1.000000000000000000, 0.8047378541243649375, 0.8047378541243649375, 1.000000000000000000 ) ) 
 REPRESENTATION_ITEM ( '' )  );
#3716 = AXIS2_PLACEMENT_3D ( 'NONE', #2930, #3503, #624 ) ;
#3717 = AXIS2_PLACEMENT_3D ( 'NONE', #1242, #2111, #3303 ) ;
#3718 = PLANE ( 'NONE',  #1437 ) ;
#3719 = CARTESIAN_POINT ( 'NONE',  ( 0.6708578643762694860, 0.01000000000000002623, 2.540000000000000480 ) ) ;
#3720 = SPHERICAL_SURFACE ( 'NONE', #1633, 0.01000000000000000021 ) ;
#3721 = LINE ( 'NONE', #1085, #3435 ) ;
#3722 = CARTESIAN_POINT ( 'NONE',  ( -1.269999999999999796, 2.500000000000000000, -1.010000000000002229 ) ) ;
#3723 = LINE ( 'NONE', #2001, #2719 ) ;
#3724 = ORIENTED_EDGE ( 'NONE', *, *, #1710, .T. ) ;
#3725 = EDGE_LOOP ( 'NONE', ( #1854, #1165, #45, #2250 ) ) ;
#3726 = CARTESIAN_POINT ( 'NONE',  ( -1.174999999999999600, 2.495857864376268331, 0.9999999999999978906 ) ) ;
#3727 = VERTEX_POINT ( 'NONE', #957 ) ;
#3728 = ORIENTED_EDGE ( 'NONE', *, *, #2280, .F. ) ;
#3729 = VERTEX_POINT ( 'NONE', #2147 ) ;
#3730 = CARTESIAN_POINT ( 'NONE',  ( 0.1228867513459484251, 0.004999999999999981022, -0.1142264973081041218 ) ) ;
#3731 = EDGE_LOOP ( 'NONE', ( #2616, #337, #3395, #3413 ) ) ;
#3732 = DIRECTION ( 'NONE',  ( 1.000000000000000000, 0.000000000000000000, -0.000000000000000000 ) ) ;
#3733 = DIRECTION ( 'NONE',  ( -1.000000000000000000, -0.000000000000000000, -0.000000000000000000 ) ) ;
#3734 = CARTESIAN_POINT ( 'NONE',  ( 0.6708578643762682647, 0.000000000000000000, -2.529999999999999805 ) ) ;
#3735 = DIRECTION ( 'NONE',  ( 0.000000000000000000, 0.000000000000000000, 1.000000000000000000 ) ) ;
#3736 = AXIS2_PLACEMENT_3D ( 'NONE', #348, #3243, #1194 ) ;
#3737 = ORIENTED_EDGE ( 'NONE', *, *, #1272, .F. ) ;
#3738 = CARTESIAN_POINT ( 'NONE',  ( 1.269999999999999796, 0.5000000000000004441, -2.040000000000000480 ) ) ;
#3739 = CARTESIAN_POINT ( 'NONE',  ( 1.175000000000001155, 0.01000000000000002623, 2.039999999999999591 ) ) ;
#3740 = DIRECTION ( 'NONE',  ( -0.7071067811865477948, -0.000000000000000000, -0.7071067811865473507 ) ) ;
#3741 = CARTESIAN_POINT ( 'NONE',  ( -0.6708578643762687088, 2.500000000000000000, -2.539999999999999591 ) ) ;
#3742 = CARTESIAN_POINT ( 'NONE',  ( 1.174999999999999378, 0.01000000000000002623, -2.040000000000000480 ) ) ;
#3743 = AXIS2_PLACEMENT_3D ( 'NONE', #3662, #3352, #1628 ) ;
#3744 = VERTEX_POINT ( 'NONE', #3302 ) ;
#3745 = CARTESIAN_POINT ( 'NONE',  ( -0.3199202969641258831, 11.15372788819387395, -0.3112600429262804558 ) ) ;
#3746 = CIRCLE ( 'NONE', #2773, 0.01000000000000002623 ) ;
#3747 = EDGE_CURVE ( 'NONE', #277, #3023, #671, .T. ) ;
#3748 = ORIENTED_EDGE ( 'NONE', *, *, #1152, .F. ) ;
#3749 = DIRECTION ( 'NONE',  ( 0.000000000000000000, 0.000000000000000000, 1.000000000000000000 ) ) ;
#3750 = DIRECTION ( 'NONE',  ( 0.000000000000000000, -1.000000000000000000, 0.000000000000000000 ) ) ;
#3751 = ORIENTED_EDGE ( 'NONE', *, *, #368, .T. ) ;
#3752 = FACE_OUTER_BOUND ( 'NONE', #1866, .T. ) ;
#3753 = AXIS2_PLACEMENT_3D ( 'NONE', #2266, #3426, #2923 ) ;
#3754 = EDGE_LOOP ( 'NONE', ( #2613, #1235, #2830, #1180 ) ) ;
#3755 = ADVANCED_FACE ( 'NONE', ( #1185 ), #2976, .F. ) ;
#3756 = CARTESIAN_POINT ( 'NONE',  ( -1.269999999999999796, -4.081105855034882879, 2.040000000000000036 ) ) ;
#3757 = DIRECTION ( 'NONE',  ( -0.5773502691896262862, 0.5773502691896252870, 0.5773502691896256200 ) ) ;
#3758 = AXIS2_PLACEMENT_3D ( 'NONE', #1745, #2631, #3147 ) ;
#3759 = EDGE_CURVE ( 'NONE', #2086, #1587, #3384, .T. ) ;
#3760 = CARTESIAN_POINT ( 'NONE',  ( 0.3199202969641256056, 0.3462721118061212189, -0.3112600429262813440 ) ) ;
#3761 = CARTESIAN_POINT ( 'NONE',  ( 1.179142135623731935, 0.5000000000000004441, 2.050000000000000266 ) ) ;
#3762 = CYLINDRICAL_SURFACE ( 'NONE', #1698, 0.01000000000000002623 ) ;
#3763 = DIRECTION ( 'NONE',  ( 0.4472135954999567620, 0.7745966692414830712, -0.4472135954999600371 ) ) ;
#3764 = EDGE_CURVE ( 'NONE', #3062, #2655, #3233, .T. ) ;
#3765 = EDGE_CURVE ( 'NONE', #3626, #3787, #1275, .T. ) ;
#3766 = DIRECTION ( 'NONE',  ( 1.000000000000000000, -0.000000000000000000, -4.565061778886333255E-15 ) ) ;
#3767 = EDGE_CURVE ( 'NONE', #614, #786, #2781, .T. ) ;
#3768 = VERTEX_POINT ( 'NONE', #976 ) ;
#3769 = PLANE ( 'NONE',  #1721 ) ;
#3770 = ORIENTED_EDGE ( 'NONE', *, *, #1450, .T. ) ;
#3771 = ORIENTED_EDGE ( 'NONE', *, *, #3633, .T. ) ;
#3772 = DIRECTION ( 'NONE',  ( 0.000000000000000000, 0.000000000000000000, 1.000000000000000000 ) ) ;
#3773 = DIRECTION ( 'NONE',  ( 0.000000000000000000, 0.000000000000000000, -1.000000000000000000 ) ) ;
#3774 = ORIENTED_EDGE ( 'NONE', *, *, #2247, .F. ) ;
#3775 = DIRECTION ( 'NONE',  ( 1.000000000000000000, 0.000000000000000000, 0.000000000000000000 ) ) ;
#3776 = ORIENTED_EDGE ( 'NONE', *, *, #4, .T. ) ;
#3777 = DIRECTION ( 'NONE',  ( 1.000000000000000000, 0.000000000000000000, 2.282530889443166233E-15 ) ) ;
#3778 = FACE_OUTER_BOUND ( 'NONE', #630, .T. ) ;
#3779 = LINE ( 'NONE', #617, #1791 ) ;
#3780 = DIRECTION ( 'NONE',  ( -0.000000000000000000, 1.000000000000000000, -0.000000000000000000 ) ) ;
#3781 = VERTEX_POINT ( 'NONE', #2493 ) ;
#3782 = DIRECTION ( 'NONE',  ( 1.000000000000000000, 0.000000000000000000, 0.000000000000000000 ) ) ;
#3783 = DIRECTION ( 'NONE',  ( 0.4472135954999578722, 0.7745966692414835153, -0.4472135954999579277 ) ) ;
#3784 = DIRECTION ( 'NONE',  ( 0.000000000000000000, -1.000000000000000000, 0.000000000000000000 ) ) ;
#3785 = AXIS2_PLACEMENT_3D ( 'NONE', #503, #1443, #219 ) ;
#3786 = DIRECTION ( 'NONE',  ( 0.000000000000000000, 1.000000000000000000, 0.000000000000000000 ) ) ;
#3787 = VERTEX_POINT ( 'NONE', #2165 ) ;
#3788 = DIRECTION ( 'NONE',  ( 1.000000000000000000, -0.000000000000000000, -0.000000000000000000 ) ) ;
#3789 = AXIS2_PLACEMENT_3D ( 'NONE', #1978, #3152, #840 ) ;
#3790 = COLOUR_RGB ( '',0.9686274509803921573, 0.8784313725490195957, 0.5999999999999999778 ) ;
#3791 = EDGE_LOOP ( 'NONE', ( #2211, #2529, #1586 ) ) ;
#3792 = ORIENTED_EDGE ( 'NONE', *, *, #3639, .T. ) ;
#3793 = ORIENTED_EDGE ( 'NONE', *, *, #2683, .F. ) ;
#3794 = ORIENTED_EDGE ( 'NONE', *, *, #3339, .F. ) ;
#3795 = FACE_OUTER_BOUND ( 'NONE', #1184, .T. ) ;
#3796 = DIRECTION ( 'NONE',  ( 0.000000000000000000, 0.000000000000000000, 1.000000000000000000 ) ) ;
#3797 = TOROIDAL_SURFACE ( 'NONE', #1281, 0.02000000000000000042, 0.01000000000000000021 ) ;
#3798 = EDGE_LOOP ( 'NONE', ( #1432, #1896, #3589, #1407 ) ) ;
#3799 = NEXT_ASSEMBLY_USAGE_OCCURRENCE ( 'NAUO1', ' ', ' ', #3376, #2124, $ ) ;
#3800 = NEXT_ASSEMBLY_USAGE_OCCURRENCE ( 'NAUO2', ' ', ' ', #3376, #3157, $ ) ;
#3801 = NEXT_ASSEMBLY_USAGE_OCCURRENCE ( 'NAUO3', ' ', ' ', #3376, #3157, $ ) ;
#3802 = NEXT_ASSEMBLY_USAGE_OCCURRENCE ( 'NAUO4', ' ', ' ', #3376, #2124, $ ) ;
#3803 = NEXT_ASSEMBLY_USAGE_OCCURRENCE ( 'NAUO5', ' ', ' ', #3376, #3157, $ ) ;
#3804 = NEXT_ASSEMBLY_USAGE_OCCURRENCE ( 'NAUO6', ' ', ' ', #3376, #3157, $ ) ;
#3805 = NEXT_ASSEMBLY_USAGE_OCCURRENCE ( 'NAUO7', ' ', ' ', #3376, #3157, $ ) ;
#3806 = NEXT_ASSEMBLY_USAGE_OCCURRENCE ( 'NAUO8', ' ', ' ', #3376, #3157, $ ) ;
#3807 = NEXT_ASSEMBLY_USAGE_OCCURRENCE ( 'NAUO9', ' ', ' ', #3376, #2124, $ ) ;
ENDSEC;
END-ISO-10303-21;
