ISO-10303-21;
HEADER;
FILE_DESCRIPTION (( 'STEP AP214' ),
    '1' );
FILE_NAME ('header-2.54-2x12.step',
    '2026-08-30T12:43:04',
    ( '' ),
    ( '' ),
    'SwSTEP 2.0',
    'SolidWorks 2025',
    '' );
FILE_SCHEMA (( 'AUTOMOTIVE_DESIGN' ));
ENDSEC;

DATA;
#1 = ORIENTED_EDGE ( 'NONE', *, *, #873, .F. ) ;
#2 = PRODUCT_DEFINITION_FORMATION_WITH_SPECIFIED_SOURCE ( 'ANY', '', #3137, .NOT_KNOWN. ) ;
#3 = CARTESIAN_POINT ( 'NONE',  ( -0.3130717967697246307, 0.3544101615137729699, -0.3130717967697244641 ) ) ;
#4 = CARTESIAN_POINT ( 'NONE',  ( 0.3200000000000000067, 11.15358983848622287, 0.3100000000000000533 ) ) ;
#5 = PRODUCT_DEFINITION_SHAPE ( 'NONE', 'NONE',  #4046 ) ;
#6 = VECTOR ( 'NONE', #3945, 999.9999999999998863 ) ;
#7 = DIRECTION ( 'NONE',  ( -0.7071067811865474617, -0.000000000000000000, 0.7071067811865476838 ) ) ;
#8 = APPLICATION_CONTEXT ( 'automotive_design' ) ;
#9 = DIRECTION ( 'NONE',  ( 1.000000000000000000, 1.355252715606879754E-15, -3.673419846319646360E-30 ) ) ;
#10 = FACE_OUTER_BOUND ( 'NONE', #2845, .T. ) ;
#11 = STYLED_ITEM ( 'NONE', ( #1123 ), #3901 ) ;
#12 = ORIENTED_EDGE ( 'NONE', *, *, #3121, .T. ) ;
#13 = DIRECTION ( 'NONE',  ( 0.000000000000000000, 0.000000000000000000, 1.000000000000000000 ) ) ;
#14 = DIRECTION ( 'NONE',  ( 0.8660254037844379305, -0.5000000000000014433, 0.000000000000000000 ) ) ;
#15 = ORIENTED_EDGE ( 'NONE', *, *, #779, .F. ) ;
#16 = LINE ( 'NONE', #1891, #385 ) ;
#17 = ORIENTED_EDGE ( 'NONE', *, *, #1718, .F. ) ;
#18 = ORIENTED_EDGE ( 'NONE', *, *, #1944, .T. ) ;
#19 = DIRECTION ( 'NONE',  ( 0.000000000000000000, -1.000000000000000000, 0.000000000000000000 ) ) ;
#20 = ORIENTED_EDGE ( 'NONE', *, *, #612, .T. ) ;
#21 = DIRECTION ( 'NONE',  ( -0.7071067811865477948, 0.000000000000000000, 0.7071067811865473507 ) ) ;
#22 = LINE ( 'NONE', #2166, #737 ) ;
#23 = CIRCLE ( 'NONE', #1118, 0.01000000000000002623 ) ;
#24 = CARTESIAN_POINT ( 'NONE',  ( 1.175000000000000711, 2.490000000000000213, 0.9999999999999976685 ) ) ;
#25 = ADVANCED_FACE ( 'NONE', ( #1124 ), #208, .F. ) ;
#26 = EDGE_CURVE ( 'NONE', #1713, #1541, #2623, .T. ) ;
#27 = AXIS2_PLACEMENT_3D ( 'NONE', #3204, #1930, #1989 ) ;
#28 = DIRECTION ( 'NONE',  ( 1.000000000000000000, 0.000000000000000000, 2.282530889443166627E-15 ) ) ;
#29 = EDGE_CURVE ( 'NONE', #1252, #2292, #2585, .T. ) ;
#30 = EDGE_LOOP ( 'NONE', ( #3040, #1603, #1815, #1272 ) ) ;
#31 = PRESENTATION_STYLE_ASSIGNMENT (( #2824 ) ) ;
#32 = DIRECTION ( 'NONE',  ( -0.7071067811865467956, 0.7071067811865483499, -5.989427408919424449E-17 ) ) ;
#33 = ITEM_DEFINED_TRANSFORMATION ( 'NONE', 'NONE', #3997,  #3607 ) ;
#34 = ORIENTED_EDGE ( 'NONE', *, *, #3779, .F. ) ;
#35 = LINE ( 'NONE', #75, #128 ) ;
#36 = ORIENTED_EDGE ( 'NONE', *, *, #1773, .F. ) ;
#37 = PRODUCT_DEFINITION_SHAPE ( 'NONE', 'NONE',  #4016 ) ;
#38 = ORIENTED_EDGE ( 'NONE', *, *, #2330, .T. ) ;
#39 = CIRCLE ( 'NONE', #3576, 0.009999999999999592548 ) ;
#40 = LINE ( 'NONE', #957, #2403 ) ;
#41 = ORIENTED_EDGE ( 'NONE', *, *, #733, .T. ) ;
#42 = DIRECTION ( 'NONE',  ( 1.000000000000000000, 0.000000000000000000, -2.125886612716675327E-16 ) ) ;
#43 = ADVANCED_FACE ( 'NONE', ( #816 ), #174, .T. ) ;
#44 = EDGE_CURVE ( 'NONE', #2154, #2559, #3297, .T. ) ;
#45 = EDGE_CURVE ( 'NONE', #2642, #878, #2821, .T. ) ;
#46 = CARTESIAN_POINT ( 'NONE',  ( -0.6708578643762687088, 0.01000000000000000021, 2.530000000000000693 ) ) ;
#47 = VECTOR ( 'NONE', #445, 1000.000000000000000 ) ;
#48 = DIRECTION ( 'NONE',  ( 1.000000000000000000, -0.000000000000000000, 0.000000000000000000 ) ) ;
#49 = CARTESIAN_POINT ( 'NONE',  ( -1.269999999999999796, 2.500000000000000000, 2.040000000000000036 ) ) ;
#50 = EDGE_CURVE ( 'NONE', #1357, #311, #851, .T. ) ;
#51 = EDGE_LOOP ( 'NONE', ( #598, #1233, #3124, #3993, #1509, #3411 ) ) ;
#52 = CARTESIAN_POINT ( 'NONE',  ( -1.175000000000000266, 2.350000000000000089, -1.000000000000002220 ) ) ;
#53 = DIRECTION ( 'NONE',  ( 0.000000000000000000, -1.000000000000000000, 0.000000000000000000 ) ) ;
#54 = ORIENTED_EDGE ( 'NONE', *, *, #580, .T. ) ;
#55 = SPHERICAL_SURFACE ( 'NONE', #1238, 0.01000000000000000021 ) ;
#56 = VERTEX_POINT ( 'NONE', #3413 ) ;
#57 = CONTEXT_DEPENDENT_SHAPE_REPRESENTATION ( #2041, #1873 ) ;
#58 = VECTOR ( 'NONE', #2115, 1000.000000000000000 ) ;
#59 = EDGE_LOOP ( 'NONE', ( #2809, #3233, #1161, #2690, #982, #1045 ) ) ;
#60 = VECTOR ( 'NONE', #727, 1000.000000000000000 ) ;
#61 = FACE_OUTER_BOUND ( 'NONE', #1040, .T. ) ;
#62 = ORIENTED_EDGE ( 'NONE', *, *, #1473, .T. ) ;
#63 = DIRECTION ( 'NONE',  ( -0.7071067811865475727, 0.000000000000000000, 0.7071067811865475727 ) ) ;
#64 = PLANE ( 'NONE',  #2350 ) ;
#65 = DIRECTION ( 'NONE',  ( 0.000000000000000000, 1.000000000000000000, 0.000000000000000000 ) ) ;
#66 = AXIS2_PLACEMENT_3D ( 'NONE', #529, #1016, #2468 ) ;
#67 = ADVANCED_FACE ( 'NONE', ( #3720 ), #638, .T. ) ;
#68 = CIRCLE ( 'NONE', #1027, 0.01000000000000001409 ) ;
#69 = PRODUCT_DEFINITION_SHAPE ( 'NONE', 'NONE',  #4026 ) ;
#70 = VECTOR ( 'NONE', #3562, 1000.000000000000000 ) ;
#71 = ORIENTED_EDGE ( 'NONE', *, *, #2630, .T. ) ;
#72 = CARTESIAN_POINT ( 'NONE',  ( -0.6708578643762687088, 2.500000000000000000, -2.529999999999999805 ) ) ;
#73 = EDGE_CURVE ( 'NONE', #878, #2266, #1562, .T. ) ;
#74 = EDGE_LOOP ( 'NONE', ( #2035, #1317, #3173, #2570 ) ) ;
#75 = CARTESIAN_POINT ( 'NONE',  ( -0.3200000000000000067, 0.3464101615137729628, 0.3200000000000000622 ) ) ;
#76 = ORIENTED_EDGE ( 'NONE', *, *, #913, .T. ) ;
#77 = ORIENTED_EDGE ( 'NONE', *, *, #3628, .T. ) ;
#78 = CYLINDRICAL_SURFACE ( 'NONE', #2342, 0.01000000000000001409 ) ;
#79 = EDGE_LOOP ( 'NONE', ( #2037, #17, #1249, #255 ) ) ;
#80 = CARTESIAN_POINT ( 'NONE',  ( -1.174999999999999822, 2.490000000000000213, 1.009999999999997788 ) ) ;
#81 = CARTESIAN_POINT ( 'NONE',  ( 0.3112600429262815105, 0.3462721118061211079, 0.3199202969641257166 ) ) ;
#82 = CARTESIAN_POINT ( 'NONE',  ( -1.269999999999999796, 2.500000000000000000, 1.009999999999998010 ) ) ;
#83 = ADVANCED_FACE ( 'NONE', ( #1812 ), #1251, .T. ) ;
#84 = DIRECTION ( 'NONE',  ( 0.000000000000000000, 0.000000000000000000, -1.000000000000000000 ) ) ;
#85 = VECTOR ( 'NONE', #3324, 1000.000000000000000 ) ;
#86 = DIRECTION ( 'NONE',  ( -2.710505431213871526E-15, 1.000000000000000000, -8.673617379884388882E-14 ) ) ;
#87 = VECTOR ( 'NONE', #3577, 1000.000000000000000 ) ;
#88 = ORIENTED_EDGE ( 'NONE', *, *, #26, .T. ) ;
#89 =( NAMED_UNIT ( * ) SI_UNIT ( $, .STERADIAN. ) SOLID_ANGLE_UNIT ( ) );
#90 = CYLINDRICAL_SURFACE ( 'NONE', #3946, 0.01000000000000002623 ) ;
#91 = APPLICATION_PROTOCOL_DEFINITION ( 'draft international standard', 'automotive_design', 1998, #1399 ) ;
#92 = EDGE_CURVE ( 'NONE', #1288, #3473, #291, .T. ) ;
#93 = EDGE_CURVE ( 'NONE', #3388, #1772, #473, .T. ) ;
#94 = VERTEX_POINT ( 'NONE', #3454 ) ;
#95 = ORIENTED_EDGE ( 'NONE', *, *, #440, .T. ) ;
#96 = ORIENTED_EDGE ( 'NONE', *, *, #375, .T. ) ;
#97 = ORIENTED_EDGE ( 'NONE', *, *, #1235, .T. ) ;
#98 = AXIS2_PLACEMENT_3D ( 'NONE', #680, #1292, #904 ) ;
#99 = DIRECTION ( 'NONE',  ( -4.065758146820636894E-15, 8.470329472542992544E-16, -1.000000000000000000 ) ) ;
#100 = PLANE ( 'NONE',  #3483 ) ;
#101 = CARTESIAN_POINT ( 'NONE',  ( 0.3199202969641257166, 11.15372788819387395, 0.3112600429262805668 ) ) ;
#102 = CARTESIAN_POINT ( 'NONE',  ( 0.6708578643762694860, 0.01000000000000002623, 2.540000000000000480 ) ) ;
#103 = VECTOR ( 'NONE', #2880, 1000.000000000000000 ) ;
#104 = VERTEX_POINT ( 'NONE', #890 ) ;
#105 = CARTESIAN_POINT ( 'NONE',  ( 0.000000000000000000, 0.000000000000000000, 0.000000000000000000 ) ) ;
#106 = FACE_OUTER_BOUND ( 'NONE', #2747, .T. ) ;
#107 = FACE_OUTER_BOUND ( 'NONE', #3939, .T. ) ;
#108 = CARTESIAN_POINT ( 'NONE',  ( -0.3199999999999998401, 2.500000000000000000, 1.589999999999999636 ) ) ;
#109 = ORIENTED_EDGE ( 'NONE', *, *, #2051, .T. ) ;
#110 = LINE ( 'NONE', #2352, #1485 ) ;
#111 = ORIENTED_EDGE ( 'NONE', *, *, #3448, .F. ) ;
#112 = EDGE_CURVE ( 'NONE', #939, #1770, #1889, .T. ) ;
#113 = CARTESIAN_POINT ( 'NONE',  ( -0.1142264973081031781, 11.49000000000000021, -0.1142264973081022067 ) ) ;
#114 = ADVANCED_FACE ( 'NONE', ( #3475 ), #950, .F. ) ;
#115 = ORIENTED_EDGE ( 'NONE', *, *, #3232, .T. ) ;
#116 = CARTESIAN_POINT ( 'NONE',  ( -0.3199202969641257721, 0.3462721118061212189, 0.3112600429262815105 ) ) ;
#117 = VERTEX_POINT ( 'NONE', #2198 ) ;
#118 = LINE ( 'NONE', #1046, #2771 ) ;
#119 = CARTESIAN_POINT ( 'NONE',  ( 0.6708578643762684868, 2.500000000000000000, -2.539999999999999591 ) ) ;
#120 = DIRECTION ( 'NONE',  ( 0.7071067811865482389, -0.000000000000000000, 0.7071067811865469066 ) ) ;
#121 = CARTESIAN_POINT ( 'NONE',  ( -0.3100000000000001088, 0.3464101615137729628, -0.3199999999999999512 ) ) ;
#122 =( GEOMETRIC_REPRESENTATION_CONTEXT ( 3 ) GLOBAL_UNCERTAINTY_ASSIGNED_CONTEXT ( ( #2701 ) ) GLOBAL_UNIT_ASSIGNED_CONTEXT ( ( #3035, #3772, #3606 ) ) REPRESENTATION_CONTEXT ( 'NONE', 'WORKASPACE' ) );
#123 = CARTESIAN_POINT ( 'NONE',  ( 1.165000000000000702, 2.500000000000000000, -1.010000000000002451 ) ) ;
#124 = VERTEX_POINT ( 'NONE', #3435 ) ;
#125 = DIRECTION ( 'NONE',  ( 1.000000000000000000, 0.000000000000000000, 0.000000000000000000 ) ) ;
#126 = DIRECTION ( 'NONE',  ( -0.000000000000000000, -1.000000000000000000, 0.000000000000000000 ) ) ;
#127 = DIRECTION ( 'NONE',  ( 0.000000000000000000, 0.000000000000000000, -1.000000000000000000 ) ) ;
#128 = VECTOR ( 'NONE', #153, 1000.000000000000000 ) ;
#129 =( BOUNDED_CURVE ( )  B_SPLINE_CURVE ( 3, ( #1127, #3586, #1730, #2666 ),
 .UNSPECIFIED., .F., .T. ) 
 B_SPLINE_CURVE_WITH_KNOTS ( ( 4, 4 ),
 ( 3.141592653589793116, 3.267932781228569006 ),
 .UNSPECIFIED. ) 
 CURVE ( )  GEOMETRIC_REPRESENTATION_ITEM ( )  RATIONAL_B_SPLINE_CURVE ( ( 1.000000000000000000, 0.9986702899464854344, 0.9986702899464854344, 1.000000000000000000 ) ) 
 REPRESENTATION_ITEM ( '' )  );
#130 = VECTOR ( 'NONE', #2389, 1000.000000000000000 ) ;
#131 = FACE_OUTER_BOUND ( 'NONE', #1937, .T. ) ;
#132 = AXIS2_PLACEMENT_3D ( 'NONE', #1222, #828, #887 ) ;
#133 = ORIENTED_EDGE ( 'NONE', *, *, #2499, .T. ) ;
#134 = ORIENTED_EDGE ( 'NONE', *, *, #1259, .F. ) ;
#135 = CONTEXT_DEPENDENT_SHAPE_REPRESENTATION ( #2985, #2167 ) ;
#136 = AXIS2_PLACEMENT_3D ( 'NONE', #1660, #2612, #1722 ) ;
#137 = ORIENTED_EDGE ( 'NONE', *, *, #1300, .T. ) ;
#138 = LINE ( 'NONE', #781, #3404 ) ;
#139 = AXIS2_PLACEMENT_3D ( 'NONE', #1519, #9, #1221 ) ;
#140 = ORIENTED_EDGE ( 'NONE', *, *, #3996, .T. ) ;
#141 = DIRECTION ( 'NONE',  ( -0.7071067811865477948, 0.000000000000000000, -0.7071067811865473507 ) ) ;
#142 = DIRECTION ( 'NONE',  ( -0.000000000000000000, 1.000000000000000000, -0.000000000000000000 ) ) ;
#143 = DIRECTION ( 'NONE',  ( 0.7071067811865475727, -0.000000000000000000, -0.7071067811865475727 ) ) ;
#144 = FACE_OUTER_BOUND ( 'NONE', #2289, .T. ) ;
#145 = CARTESIAN_POINT ( 'NONE',  ( -0.6749999999999996003, 2.500000000000000000, -2.539999999999999591 ) ) ;
#146 = EDGE_LOOP ( 'NONE', ( #2791, #837, #3762, #1299 ) ) ;
#147 = DIRECTION ( 'NONE',  ( 1.000000000000000000, 0.000000000000000000, 0.000000000000000000 ) ) ;
#149 = EDGE_CURVE ( 'NONE', #1444, #3803, #1283, .T. ) ;
#148 = DIRECTION ( 'NONE',  ( -1.000000000000000000, 0.000000000000000000, 0.000000000000000000 ) ) ;
#150 = CARTESIAN_POINT ( 'NONE',  ( 1.270000000000000684, 2.350000000000000089, 0.9999999999999978906 ) ) ;
#151 = DIRECTION ( 'NONE',  ( -2.168404344971008868E-16, -0.000000000000000000, -1.000000000000000000 ) ) ;
#152 = ORIENTED_EDGE ( 'NONE', *, *, #1224, .F. ) ;
#153 = DIRECTION ( 'NONE',  ( 1.000000000000000000, 0.000000000000000000, 0.000000000000000000 ) ) ;
#154 = ORIENTED_EDGE ( 'NONE', *, *, #3552, .T. ) ;
#155 = ORIENTED_EDGE ( 'NONE', *, *, #752, .F. ) ;
#156 = EDGE_LOOP ( 'NONE', ( #840, #3395, #2224 ) ) ;
#157 = CARTESIAN_POINT ( 'NONE',  ( -1.175000000000000266, 2.350000000000000089, -1.000000000000002220 ) ) ;
#158 = CARTESIAN_POINT ( 'NONE',  ( -0.3199999999999998401, 0.9000000000000010214, 1.589999999999999636 ) ) ;
#159 = AXIS2_PLACEMENT_3D ( 'NONE', #1413, #2668, #1526 ) ;
#160 = AXIS2_PLACEMENT_3D ( 'NONE', #1134, #143, #3264 ) ;
#161 = DIRECTION ( 'NONE',  ( -1.000000000000000000, 0.000000000000000000, 1.095437728245850002E-14 ) ) ;
#162 = DIRECTION ( 'NONE',  ( -1.000000000000000000, 0.000000000000000000, 0.000000000000000000 ) ) ;
#163 = EDGE_CURVE ( 'NONE', #1466, #2131, #3316, .T. ) ;
#164 = ADVANCED_FACE ( 'NONE', ( #651 ), #1853, .F. ) ;
#165 = EDGE_CURVE ( 'NONE', #2538, #1629, #3163, .T. ) ;
#166 = FACE_OUTER_BOUND ( 'NONE', #1305, .T. ) ;
#167 = ORIENTED_EDGE ( 'NONE', *, *, #2852, .T. ) ;
#168 = CARTESIAN_POINT ( 'NONE',  ( 2.710505431213761085E-16, -2.200000000000001066, -1.269999999999999574 ) ) ;
#169 = DIRECTION ( 'NONE',  ( -0.4472135954999595375, 0.7745966692414821830, -0.4472135954999585383 ) ) ;
#170 = LINE ( 'NONE', #3618, #569 ) ;
#171 = VECTOR ( 'NONE', #2169, 1000.000000000000000 ) ;
#172 = EDGE_LOOP ( 'NONE', ( #780, #3816, #2205, #850 ) ) ;
#173 = FILL_AREA_STYLE ('',( #2682 ) ) ;
#174 = CYLINDRICAL_SURFACE ( 'NONE', #3685, 0.01000000000000002623 ) ;
#175 = EDGE_LOOP ( 'NONE', ( #1791, #3296, #2621, #3111 ) ) ;
#176 = DIRECTION ( 'NONE',  ( -1.000000000000000000, -0.000000000000000000, -0.000000000000000000 ) ) ;
#177 = ORIENTED_EDGE ( 'NONE', *, *, #2380, .F. ) ;
#178 = CARTESIAN_POINT ( 'NONE',  ( 1.175000000000000711, 0.5000000000000000000, 2.039999999999999591 ) ) ;
#179 = CARTESIAN_POINT ( 'NONE',  ( -1.270000000000000240, 0.5000000000000000000, 0.5499999999999977129 ) ) ;
#180 = FACE_OUTER_BOUND ( 'NONE', #3928, .T. ) ;
#181 = AXIS2_PLACEMENT_3D ( 'NONE', #3397, #2420, #1555 ) ;
#182 = DIRECTION ( 'NONE',  ( -0.000000000000000000, 1.000000000000000000, -0.000000000000000000 ) ) ;
#183 = CARTESIAN_POINT ( 'NONE',  ( -20.32000000000000028, -2.200000000000001066, -1.269999999999999574 ) ) ;
#184 = LINE ( 'NONE', #2637, #2827 ) ;
#185 = EDGE_CURVE ( 'NONE', #2893, #3302, #908, .T. ) ;
#186 = PLANE ( 'NONE',  #2592 ) ;
#187 = FACE_OUTER_BOUND ( 'NONE', #1043, .T. ) ;
#188 = ORIENTED_EDGE ( 'NONE', *, *, #2145, .F. ) ;
#189 = CARTESIAN_POINT ( 'NONE',  ( 0.000000000000000000, 11.50000000000000000, -0.1142264973081030810 ) ) ;
#190 = DIRECTION ( 'NONE',  ( 0.000000000000000000, 1.000000000000000000, -0.000000000000000000 ) ) ;
#191 = AXIS2_PLACEMENT_3D ( 'NONE', #1488, #1771, #912 ) ;
#192 = ORIENTED_EDGE ( 'NONE', *, *, #3875, .F. ) ;
#193 = CARTESIAN_POINT ( 'NONE',  ( -0.6708578643762687088, 2.490000000000000213, -2.529999999999999805 ) ) ;
#194 = EDGE_LOOP ( 'NONE', ( #2435, #3519, #3898, #1270 ) ) ;
#195 =( GEOMETRIC_REPRESENTATION_CONTEXT ( 3 ) GLOBAL_UNCERTAINTY_ASSIGNED_CONTEXT ( ( #2494 ) ) GLOBAL_UNIT_ASSIGNED_CONTEXT ( ( #1010, #1949, #725 ) ) REPRESENTATION_CONTEXT ( 'NONE', 'WORKASPACE' ) );
#196 = DIRECTION ( 'NONE',  ( 0.000000000000000000, 0.000000000000000000, -1.000000000000000000 ) ) ;
#197 = CARTESIAN_POINT ( 'NONE',  ( -0.09773205080756873497, 11.53856921938165137, -0.08907179676972339089 ) ) ;
#198 = DIRECTION ( 'NONE',  ( 1.000000000000000000, 0.000000000000000000, 0.000000000000000000 ) ) ;
#199 = DIRECTION ( 'NONE',  ( -1.084202172485504434E-16, -0.000000000000000000, -1.000000000000000000 ) ) ;
#200 = VECTOR ( 'NONE', #3973, 1000.000000000000227 ) ;
#201 = CARTESIAN_POINT ( 'NONE',  ( 1.165000000000000702, 2.500000000000000000, 0.000000000000000000 ) ) ;
#202 = ADVANCED_FACE ( 'NONE', ( #2825 ), #931, .F. ) ;
#203 = CARTESIAN_POINT ( 'NONE',  ( -22.86000000000000298, 0.000000000000000000, 0.000000000000000000 ) ) ;
#204 = CARTESIAN_POINT ( 'NONE',  ( -1.164999999999999813, 2.500000000000000000, -2.035857864376268811 ) ) ;
#205 = FACE_OUTER_BOUND ( 'NONE', #299, .T. ) ;
#206 = ORIENTED_EDGE ( 'NONE', *, *, #1918, .F. ) ;
#207 = LINE ( 'NONE', #2700, #257 ) ;
#208 = CYLINDRICAL_SURFACE ( 'NONE', #984, 0.01000000000000002623 ) ;
#209 = EDGE_CURVE ( 'NONE', #2472, #2538, #3698, .T. ) ;
#210 = EDGE_CURVE ( 'NONE', #3122, #3803, #270, .T. ) ;
#211 = AXIS2_PLACEMENT_3D ( 'NONE', #1049, #1657, #466 ) ;
#212 = ORIENTED_EDGE ( 'NONE', *, *, #2507, .T. ) ;
#213 = CARTESIAN_POINT ( 'NONE',  ( 1.269999999999999796, 2.490000000000000213, -2.040000000000000480 ) ) ;
#214 = CIRCLE ( 'NONE', #1121, 0.01000000000000002623 ) ;
#215 = ORIENTED_EDGE ( 'NONE', *, *, #2360, .T. ) ;
#216 = ADVANCED_FACE ( 'NONE', ( #3878 ), #2590, .T. ) ;
#217 = LINE ( 'NONE', #820, #805 ) ;
#218 =( BOUNDED_CURVE ( )  B_SPLINE_CURVE ( 3, ( #3937, #827, #3367, #1458 ),
 .UNSPECIFIED., .F., .F. ) 
 B_SPLINE_CURVE_WITH_KNOTS ( ( 4, 4 ),
 ( 3.015252525951016338, 3.141592653589793116 ),
 .UNSPECIFIED. ) 
 CURVE ( )  GEOMETRIC_REPRESENTATION_ITEM ( )  RATIONAL_B_SPLINE_CURVE ( ( 1.000000000000000000, 0.9986702899464854344, 0.9986702899464854344, 1.000000000000000000 ) ) 
 REPRESENTATION_ITEM ( '' )  );
#219 = DIRECTION ( 'NONE',  ( -0.7071067811865482389, 0.000000000000000000, -0.7071067811865469066 ) ) ;
#220 = CYLINDRICAL_SURFACE ( 'NONE', #2142, 0.01000000000000002623 ) ;
#221 = CARTESIAN_POINT ( 'NONE',  ( 0.000000000000000000, 2.500000000000000000, 2.530000000000000693 ) ) ;
#222 = DIRECTION ( 'NONE',  ( 1.694065894508600678E-16, -0.000000000000000000, 1.000000000000000000 ) ) ;
#223 = CARTESIAN_POINT ( 'NONE',  ( -22.86000000000000298, -2.200000000000001066, -1.269999999999999574 ) ) ;
#224 = CARTESIAN_POINT ( 'NONE',  ( 1.164999999999999147, -1.513556914989407631E-17, -2.044142135623731704 ) ) ;
#225 = LINE ( 'NONE', #266, #2909 ) ;
#226 = AXIS2_PLACEMENT_3D ( 'NONE', #80, #1091, #2339 ) ;
#227 = VERTEX_POINT ( 'NONE', #2613 ) ;
#228 = LINE ( 'NONE', #3412, #3472 ) ;
#229 = ORIENTED_EDGE ( 'NONE', *, *, #149, .T. ) ;
#230 = ADVANCED_FACE ( 'NONE', ( #369 ), #3186, .F. ) ;
#231 = ORIENTED_EDGE ( 'NONE', *, *, #1642, .F. ) ;
#232 = VECTOR ( 'NONE', #2102, 1000.000000000000000 ) ;
#233 =( BOUNDED_CURVE ( )  B_SPLINE_CURVE ( 3, ( #1634, #1985, #2320, #121 ),
 .UNSPECIFIED., .F., .T. ) 
 B_SPLINE_CURVE_WITH_KNOTS ( ( 4, 4 ),
 ( 3.015252525951017226, 3.141592653589793116 ),
 .UNSPECIFIED. ) 
 CURVE ( )  GEOMETRIC_REPRESENTATION_ITEM ( )  RATIONAL_B_SPLINE_CURVE ( ( 1.000000000000000000, 0.9986702899464854344, 0.9986702899464854344, 1.000000000000000000 ) ) 
 REPRESENTATION_ITEM ( '' )  );
#234 = CARTESIAN_POINT ( 'NONE',  ( -0.6708578643762687088, 2.490000000000000213, 2.530000000000000693 ) ) ;
#235 = AXIS2_PLACEMENT_3D ( 'NONE', #3737, #4000, #2103 ) ;
#236 = ORIENTED_EDGE ( 'NONE', *, *, #3869, .F. ) ;
#237 = ADVANCED_FACE ( 'NONE', ( #1034 ), #447, .T. ) ;
#238 = CARTESIAN_POINT ( 'NONE',  ( 1.172071067811865319, 2.500000000000000000, -2.042928932188134539 ) ) ;
#239 = ORIENTED_EDGE ( 'NONE', *, *, #2487, .T. ) ;
#240 = CARTESIAN_POINT ( 'NONE',  ( -2.305356198337586425E-15, 2.500000000000000000, 1.009999999999995124 ) ) ;
#241 = EDGE_CURVE ( 'NONE', #1489, #1532, #2910, .T. ) ;
#242 = DIRECTION ( 'NONE',  ( -0.4472135954999579277, 0.7745966692414834043, -0.4472135954999578722 ) ) ;
#243 = DIRECTION ( 'NONE',  ( 0.000000000000000000, 0.000000000000000000, 1.000000000000000000 ) ) ;
#244 = CARTESIAN_POINT ( 'NONE',  ( 0.000000000000000000, 2.500000000000000000, 0.000000000000000000 ) ) ;
#245 = CARTESIAN_POINT ( 'NONE',  ( 1.175000000000000711, 2.490000000000000213, -1.010000000000002451 ) ) ;
#246 = ORIENTED_EDGE ( 'NONE', *, *, #1130, .T. ) ;
#247 = AXIS2_PLACEMENT_3D ( 'NONE', #748, #2301, #2955 ) ;
#248 = CARTESIAN_POINT ( 'NONE',  ( -0.3217320508075690033, 0.3494101615137729655, -0.3130717967697244641 ) ) ;
#249 = CARTESIAN_POINT ( 'NONE',  ( -0.3112600429262813440, 11.15372788819387395, 0.3199202969641256611 ) ) ;
#250 = AXIS2_PLACEMENT_3D ( 'NONE', #845, #1137, #1117 ) ;
#251 = CARTESIAN_POINT ( 'NONE',  ( 0.6708578643762694860, 2.500000000000000000, 2.540000000000000480 ) ) ;
#252 = ORIENTED_EDGE ( 'NONE', *, *, #2001, .F. ) ;
#253 = CARTESIAN_POINT ( 'NONE',  ( 0.1142264973081040802, 0.01000000000000000021, -1.935072133388376070E-17 ) ) ;
#254 = ADVANCED_FACE ( 'NONE', ( #2282 ), #390, .T. ) ;
#255 = ORIENTED_EDGE ( 'NONE', *, *, #1372, .F. ) ;
#256 = VECTOR ( 'NONE', #1274, 1000.000000000000000 ) ;
#257 = VECTOR ( 'NONE', #570, 1000.000000000000000 ) ;
#258 = DIRECTION ( 'NONE',  ( -0.4472135954999578167, 0.7745966692414834043, 0.4472135954999578722 ) ) ;
#259 = ORIENTED_EDGE ( 'NONE', *, *, #3187, .F. ) ;
#260 = DIRECTION ( 'NONE',  ( -1.000000000000000000, -0.000000000000000000, -2.282530889443166233E-15 ) ) ;
#261 = CARTESIAN_POINT ( 'NONE',  ( 0.3099999999999998868, 0.3464101615137729628, -0.3199999999999999512 ) ) ;
#262 = PLANE ( 'NONE',  #494 ) ;
#263 = DIRECTION ( 'NONE',  ( -0.000000000000000000, 0.000000000000000000, 1.000000000000000000 ) ) ;
#264 = DIRECTION ( 'NONE',  ( 1.000000000000000000, 0.000000000000000000, 0.000000000000000000 ) ) ;
#265 = AXIS2_PLACEMENT_3D ( 'NONE', #1632, #965, #1576 ) ;
#266 = CARTESIAN_POINT ( 'NONE',  ( -0.6749999999999996003, 2.490000000000000213, -2.539999999999999591 ) ) ;
#267 = EDGE_CURVE ( 'NONE', #3482, #2353, #214, .T. ) ;
#268 = ORIENTED_EDGE ( 'NONE', *, *, #1235, .F. ) ;
#269 = CARTESIAN_POINT ( 'NONE',  ( -0.3130717967697245752, 0.3494101615137729100, 0.3217320508075689478 ) ) ;
#270 = LINE ( 'NONE', #1504, #1378 ) ;
#271 = AXIS2_PLACEMENT_3D ( 'NONE', #2347, #743, #3852 ) ;
#272 = CARTESIAN_POINT ( 'NONE',  ( 0.6708578643762683758, 2.500000000000000000, -2.529999999999999805 ) ) ;
#273 = VERTEX_POINT ( 'NONE', #3557 ) ;
#274 = DIRECTION ( 'NONE',  ( -1.000000000000000000, 0.000000000000000000, 0.000000000000000000 ) ) ;
#275 = ORIENTED_EDGE ( 'NONE', *, *, #336, .T. ) ;
#276 = CIRCLE ( 'NONE', #791, 0.01000000000000000021 ) ;
#277 = DIRECTION ( 'NONE',  ( 0.000000000000000000, 0.000000000000000000, -1.000000000000000000 ) ) ;
#278 = ORIENTED_EDGE ( 'NONE', *, *, #2944, .F. ) ;
#279 = CARTESIAN_POINT ( 'NONE',  ( -1.179142135623730825, 0.5000000000000004441, -2.049999999999999822 ) ) ;
#280 = DIRECTION ( 'NONE',  ( -1.000000000000000000, 0.000000000000000000, 4.565061778886333255E-15 ) ) ;
#281 = CARTESIAN_POINT ( 'NONE',  ( -1.175000000000000266, 2.490000000000000213, -1.000000000000002220 ) ) ;
#282 = CARTESIAN_POINT ( 'NONE',  ( 0.6749999999999993783, 0.000000000000000000, -2.529999999999999805 ) ) ;
#283 = EDGE_CURVE ( 'NONE', #1103, #1932, #1970, .T. ) ;
#284 = APPLICATION_CONTEXT ( 'automotive_design' ) ;
#285 = FACE_BOUND ( 'NONE', #3709, .T. ) ;
#286 = FACE_OUTER_BOUND ( 'NONE', #146, .T. ) ;
#287 = ADVANCED_FACE ( 'NONE', ( #106 ), #90, .T. ) ;
#288 = ORIENTED_EDGE ( 'NONE', *, *, #1097, .F. ) ;
#289 = CARTESIAN_POINT ( 'NONE',  ( -1.270000000000000240, 0.5000000000000000000, 2.039999999999999591 ) ) ;
#290 = UNCERTAINTY_MEASURE_WITH_UNIT (LENGTH_MEASURE( 1.000000000000000082E-05 ), #1210, 'distance_accuracy_value', 'NONE');
#291 = LINE ( 'NONE', #2176, #2965 ) ;
#292 = APPLICATION_PROTOCOL_DEFINITION ( 'draft international standard', 'automotive_design', 1998, #2956 ) ;
#293 = VECTOR ( 'NONE', #3969, 1000.000000000000000 ) ;
#294 = CARTESIAN_POINT ( 'NONE',  ( 1.175000000000000711, 2.490000000000000213, 2.040000000000000036 ) ) ;
#295 = VECTOR ( 'NONE', #1882, 1000.000000000000000 ) ;
#296 = CARTESIAN_POINT ( 'NONE',  ( 0.3112600429262812884, 0.3462721118061213299, -0.3199202969641257721 ) ) ;
#297 = VERTEX_POINT ( 'NONE', #3799 ) ;
#298 = CARTESIAN_POINT ( 'NONE',  ( 0.1142264973081040524, 0.01000000000000000194, -0.1142264973081041218 ) ) ;
#299 = EDGE_LOOP ( 'NONE', ( #1487, #1993, #1928, #1412, #3545, #3619 ) ) ;
#300 = AXIS2_PLACEMENT_3D ( 'NONE', #381, #3199, #3508 ) ;
#301 = ORIENTED_EDGE ( 'NONE', *, *, #2306, .T. ) ;
#302 = ORIENTED_EDGE ( 'NONE', *, *, #1496, .F. ) ;
#303 = LINE ( 'NONE', #2731, #3700 ) ;
#304 = CARTESIAN_POINT ( 'NONE',  ( -0.3199999999999998401, 0.000000000000000000, -1.589999999999999636 ) ) ;
#305 = CARTESIAN_POINT ( 'NONE',  ( 1.175000000000000711, 0.000000000000000000, 2.049999999999999822 ) ) ;
#306 = LINE ( 'NONE', #2488, #3802 ) ;
#307 = CARTESIAN_POINT ( 'NONE',  ( 1.165000000000000702, 2.500000000000000000, -1.010000000000002451 ) ) ;
#308 = EDGE_LOOP ( 'NONE', ( #3641, #1955, #2920, #2393 ) ) ;
#309 = CARTESIAN_POINT ( 'NONE',  ( 1.175000000000000711, 2.350000000000000089, 0.9999999999999976685 ) ) ;
#310 = ITEM_DEFINED_TRANSFORMATION ( 'NONE', 'NONE', #3145,  #3607 ) ;
#311 = VERTEX_POINT ( 'NONE', #2572 ) ;
#312 = DIRECTION ( 'NONE',  ( 0.000000000000000000, 0.000000000000000000, -1.000000000000000000 ) ) ;
#313 = ORIENTED_EDGE ( 'NONE', *, *, #3499, .F. ) ;
#314 = ORIENTED_EDGE ( 'NONE', *, *, #283, .T. ) ;
#315 = EDGE_CURVE ( 'NONE', #3565, #3921, #3023, .T. ) ;
#316 = ORIENTED_EDGE ( 'NONE', *, *, #1448, .T. ) ;
#317 = LINE ( 'NONE', #3686, #58 ) ;
#318 = ADVANCED_FACE ( 'NONE', ( #1011 ), #430, .F. ) ;
#319 = ORIENTED_EDGE ( 'NONE', *, *, #3836, .T. ) ;
#320 = VECTOR ( 'NONE', #176, 1000.000000000000000 ) ;
#321 = CARTESIAN_POINT ( 'NONE',  ( -1.269999999999999796, 2.490000000000000213, 2.040000000000000036 ) ) ;
#322 = DIRECTION ( 'NONE',  ( 0.8660254037844475894, -0.4999999999999844569, 0.000000000000000000 ) ) ;
#323 = CIRCLE ( 'NONE', #2002, 0.01000000000000002623 ) ;
#324 = CARTESIAN_POINT ( 'NONE',  ( -1.269999999999999796, 2.500000000000000000, -1.010000000000002229 ) ) ;
#325 = CARTESIAN_POINT ( 'NONE',  ( -1.270000000000000240, 0.5000000000000000000, 2.039999999999999591 ) ) ;
#326 = ADVANCED_FACE ( 'NONE', ( #2259 ), #3818, .T. ) ;
#327 = AXIS2_PLACEMENT_3D ( 'NONE', #1762, #1703, #3915 ) ;
#328 = VERTEX_POINT ( 'NONE', #1059 ) ;
#329 = DIRECTION ( 'NONE',  ( 1.000000000000000000, 0.000000000000000000, 0.000000000000000000 ) ) ;
#330 = PRODUCT_DEFINITION_CONTEXT ( 'detailed design', #2150, 'design' ) ;
#331 = CARTESIAN_POINT ( 'NONE',  ( -0.3199999999999998401, 0.9000000000000010214, 1.589999999999999636 ) ) ;
#332 = VERTEX_POINT ( 'NONE', #991 ) ;
#333 = CARTESIAN_POINT ( 'NONE',  ( -0.1142264973081041635, 0.000000000000000000, 0.1142264973081042190 ) ) ;
#334 = ORIENTED_EDGE ( 'NONE', *, *, #3144, .F. ) ;
#335 = EDGE_CURVE ( 'NONE', #3786, #124, #3533, .T. ) ;
#336 = EDGE_CURVE ( 'NONE', #1357, #2727, #747, .T. ) ;
#337 = AXIS2_PLACEMENT_3D ( 'NONE', #2884, #1837, #2569 ) ;
#338 = CARTESIAN_POINT ( 'NONE',  ( 0.3200000000000000067, 11.15358983848622287, 0.3100000000000000533 ) ) ;
#339 = EDGE_CURVE ( 'NONE', #1822, #2450, #2158, .T. ) ;
#340 = VERTEX_POINT ( 'NONE', #2324 ) ;
#341 = PLANE ( 'NONE',  #995 ) ;
#342 = LINE ( 'NONE', #3194, #1450 ) ;
#343 = LINE ( 'NONE', #1278, #103 ) ;
#344 = CIRCLE ( 'NONE', #407, 0.009999999999999998473 ) ;
#345 = DIRECTION ( 'NONE',  ( -1.000000000000000000, -0.000000000000000000, 2.282530889443166233E-15 ) ) ;
#346 = FACE_BOUND ( 'NONE', #978, .T. ) ;
#347 = ORIENTED_EDGE ( 'NONE', *, *, #3610, .T. ) ;
#348 = CARTESIAN_POINT ( 'NONE',  ( 0.3099999999999998868, 11.15358983848622287, -0.3199999999999999512 ) ) ;
#349 = VERTEX_POINT ( 'NONE', #204 ) ;
#350 = CARTESIAN_POINT ( 'NONE',  ( 1.179142135623730825, 2.490000000000000213, -2.030000000000000249 ) ) ;
#351 = CIRCLE ( 'NONE', #1710, 0.009999999999999998473 ) ;
#352 = VERTEX_POINT ( 'NONE', #3595 ) ;
#353 = PRODUCT_DEFINITION_SHAPE ( 'NONE', 'NONE',  #4038 ) ;
#354 = CONTEXT_DEPENDENT_SHAPE_REPRESENTATION ( #867, #962 ) ;
#355 = CARTESIAN_POINT ( 'NONE',  ( -0.3199999999999997846, 0.000000000000000000, 0.9499999999999996225 ) ) ;
#356 = ORIENTED_EDGE ( 'NONE', *, *, #924, .F. ) ;
#357 = EDGE_CURVE ( 'NONE', #2660, #1290, #344, .T. ) ;
#358 = CARTESIAN_POINT ( 'NONE',  ( 1.175000000000000711, 2.350000000000000089, 0.9999999999999976685 ) ) ;
#359 = VECTOR ( 'NONE', #2717, 1000.000000000000000 ) ;
#360 = PRODUCT_DEFINITION ( 'UNKNOWN', '', #2, #1833 ) ;
#361 = DIRECTION ( 'NONE',  ( -1.694065894508600678E-16, 0.000000000000000000, -1.000000000000000000 ) ) ;
#362 =( BOUNDED_CURVE ( )  B_SPLINE_CURVE ( 3, ( #3201, #907, #2215, #307 ),
 .UNSPECIFIED., .F., .F. ) 
 B_SPLINE_CURVE_WITH_KNOTS ( ( 4, 4 ),
 ( 3.141592653589793116, 4.712388980384689674 ),
 .UNSPECIFIED. ) 
 CURVE ( )  GEOMETRIC_REPRESENTATION_ITEM ( )  RATIONAL_B_SPLINE_CURVE ( ( 1.000000000000000000, 0.8047378541243649375, 0.8047378541243649375, 1.000000000000000000 ) ) 
 REPRESENTATION_ITEM ( '' )  );
#363 = CARTESIAN_POINT ( 'NONE',  ( -0.3199202969641258276, 0.3462721118061212189, -0.3112600429262812884 ) ) ;
#364 = CARTESIAN_POINT ( 'NONE',  ( -1.172071067811865319, 2.490000000000000213, 2.042928932188134983 ) ) ;
#365 = ADVANCED_FACE ( 'NONE', ( #1138 ), #2656, .T. ) ;
#366 = SURFACE_SIDE_STYLE ('',( #2860 ) ) ;
#367 = ORIENTED_EDGE ( 'NONE', *, *, #2997, .T. ) ;
#368 =( NAMED_UNIT ( * ) SI_UNIT ( $, .STERADIAN. ) SOLID_ANGLE_UNIT ( ) );
#369 = FACE_OUTER_BOUND ( 'NONE', #1506, .T. ) ;
#370 = CONTEXT_DEPENDENT_SHAPE_REPRESENTATION ( #2872, #2607 ) ;
#371 = ORIENTED_EDGE ( 'NONE', *, *, #1737, .T. ) ;
#372 = CYLINDRICAL_SURFACE ( 'NONE', #3793, 0.01000000000000001409 ) ;
#373 = ORIENTED_EDGE ( 'NONE', *, *, #3904, .T. ) ;
#374 = VECTOR ( 'NONE', #1191, 1000.000000000000000 ) ;
#375 = EDGE_CURVE ( 'NONE', #2542, #2558, #184, .T. ) ;
#376 = ORIENTED_EDGE ( 'NONE', *, *, #2196, .F. ) ;
#377 = DIRECTION ( 'NONE',  ( 0.000000000000000000, -1.000000000000000000, 0.000000000000000000 ) ) ;
#378 = VERTEX_POINT ( 'NONE', #3895 ) ;
#379 = CARTESIAN_POINT ( 'NONE',  ( -0.6749999999999996003, 2.500000000000000000, 2.540000000000000480 ) ) ;
#380 = EDGE_CURVE ( 'NONE', #1968, #1122, #2515, .T. ) ;
#381 = CARTESIAN_POINT ( 'NONE',  ( 0.6708578643762694860, 0.01000000000000002623, 2.530000000000000693 ) ) ;
#382 = CARTESIAN_POINT ( 'NONE',  ( -1.179142135623730825, 2.490000000000000213, 2.040000000000000480 ) ) ;
#383 = CARTESIAN_POINT ( 'NONE',  ( 0.3200000000000001732, 0.9000000000000010214, -1.589999999999999636 ) ) ;
#384 = ADVANCED_FACE ( 'NONE', ( #1421 ), #1155, .T. ) ;
#385 = VECTOR ( 'NONE', #655, 1000.000000000000000 ) ;
#386 = DIRECTION ( 'NONE',  ( 0.000000000000000000, 0.000000000000000000, 1.000000000000000000 ) ) ;
#387 = PRODUCT_DEFINITION_SHAPE ( 'NONE', 'NONE',  #4025 ) ;
#388 = ORIENTED_EDGE ( 'NONE', *, *, #3900, .T. ) ;
#389 =( LENGTH_UNIT ( ) NAMED_UNIT ( * ) SI_UNIT ( .MILLI., .METRE. ) );
#390 = CYLINDRICAL_SURFACE ( 'NONE', #2894, 0.01000000000000002623 ) ;
#391 = CONTEXT_DEPENDENT_SHAPE_REPRESENTATION ( #3926, #1236 ) ;
#392 = EDGE_CURVE ( 'NONE', #724, #2885, #1570, .T. ) ;
#393 = AXIS2_PLACEMENT_3D ( 'NONE', #2106, #2739, #2070 ) ;
#394 = EDGE_CURVE ( 'NONE', #3025, #1085, #218, .T. ) ;
#395 = ORIENTED_EDGE ( 'NONE', *, *, #997, .T. ) ;
#396 = DIRECTION ( 'NONE',  ( 0.000000000000000000, -1.000000000000000000, 0.000000000000000000 ) ) ;
#397 = ORIENTED_EDGE ( 'NONE', *, *, #1633, .T. ) ;
#398 = VERTEX_POINT ( 'NONE', #2348 ) ;
#399 = VERTEX_POINT ( 'NONE', #1404 ) ;
#400 = CARTESIAN_POINT ( 'NONE',  ( 0.6708578643762694860, 0.01000000000000000021, 2.530000000000000693 ) ) ;
#401 = AXIS2_PLACEMENT_3D ( 'NONE', #2321, #3244, #1946 ) ;
#402 = DIRECTION ( 'NONE',  ( -0.000000000000000000, 1.000000000000000000, -0.000000000000000000 ) ) ;
#403 = FACE_OUTER_BOUND ( 'NONE', #3254, .T. ) ;
#404 = VECTOR ( 'NONE', #3550, 1000.000000000000000 ) ;
#405 = ADVANCED_FACE ( 'NONE', ( #2010 ), #3292, .F. ) ;
#406 = FACE_OUTER_BOUND ( 'NONE', #956, .T. ) ;
#407 = AXIS2_PLACEMENT_3D ( 'NONE', #3955, #169, #2049 ) ;
#408 = ORIENTED_EDGE ( 'NONE', *, *, #2844, .F. ) ;
#409 = CARTESIAN_POINT ( 'NONE',  ( -10.16000000000000014, 0.000000000000000000, 0.000000000000000000 ) ) ;
#410 = CARTESIAN_POINT ( 'NONE',  ( -0.3199733969465146100, 11.15363591632649509, -0.3108419876365752788 ) ) ;
#411 = EDGE_CURVE ( 'NONE', #2131, #2116, #3634, .T. ) ;
#412 = CARTESIAN_POINT ( 'NONE',  ( 0.6708578643762694860, 0.01000000000000000021, 2.530000000000000693 ) ) ;
#413 = DIRECTION ( 'NONE',  ( 1.000000000000000000, 0.000000000000000000, -1.694065894508600925E-16 ) ) ;
#414 = ORIENTED_EDGE ( 'NONE', *, *, #1371, .F. ) ;
#415 = CARTESIAN_POINT ( 'NONE',  ( -1.179142135623730825, 2.490000000000000213, -2.029999999999999805 ) ) ;
#416 = VERTEX_POINT ( 'NONE', #548 ) ;
#417 = CARTESIAN_POINT ( 'NONE',  ( -0.08907179676972420967, 11.53856921938165137, 0.09773205080756851293 ) ) ;
#418 = ORIENTED_EDGE ( 'NONE', *, *, #3544, .F. ) ;
#419 = CARTESIAN_POINT ( 'NONE',  ( -1.172071067811865319, 2.500000000000000000, -2.042928932188134095 ) ) ;
#420 = ORIENTED_EDGE ( 'NONE', *, *, #3097, .T. ) ;
#421 = FACE_OUTER_BOUND ( 'NONE', #1672, .T. ) ;
#422 = AXIS2_PLACEMENT_3D ( 'NONE', #2525, #961, #3487 ) ;
#423 = CIRCLE ( 'NONE', #2981, 0.01000000000000002623 ) ;
#424 = CYLINDRICAL_SURFACE ( 'NONE', #1208, 0.009999999999999998473 ) ;
#425 = DIRECTION ( 'NONE',  ( 0.000000000000000000, 0.7071067811865477948, -0.7071067811865473507 ) ) ;
#426 = DIRECTION ( 'NONE',  ( 1.000000000000000000, -0.000000000000000000, -0.000000000000000000 ) ) ;
#427 = LINE ( 'NONE', #467, #3294 ) ;
#428 = AXIS2_PLACEMENT_3D ( 'NONE', #1246, #2486, #3095 ) ;
#429 = ORIENTED_EDGE ( 'NONE', *, *, #283, .F. ) ;
#430 = PLANE ( 'NONE',  #3431 ) ;
#431 = LINE ( 'NONE', #150, #1226 ) ;
#432 = CARTESIAN_POINT ( 'NONE',  ( -0.1142264973081031781, 11.50000000000000000, 1.935072133388360662E-17 ) ) ;
#433 = ORIENTED_EDGE ( 'NONE', *, *, #2991, .F. ) ;
#434 = ORIENTED_EDGE ( 'NONE', *, *, #874, .T. ) ;
#435 = ORIENTED_EDGE ( 'NONE', *, *, #2456, .F. ) ;
#436 = CARTESIAN_POINT ( 'NONE',  ( -1.270000000000000240, 0.5000000000000000000, -0.5499999999999979350 ) ) ;
#437 = VERTEX_POINT ( 'NONE', #1783 ) ;
#438 = VECTOR ( 'NONE', #2318, 1000.000000000000000 ) ;
#439 = EDGE_CURVE ( 'NONE', #2080, #2885, #2811, .T. ) ;
#440 = EDGE_CURVE ( 'NONE', #2450, #859, #1884, .T. ) ;
#441 = ADVANCED_FACE ( 'NONE', ( #471 ), #1079, .T. ) ;
#442 = DIRECTION ( 'NONE',  ( 1.000000000000000000, -0.000000000000000000, -0.000000000000000000 ) ) ;
#443 = DIRECTION ( 'NONE',  ( -1.694065894508600678E-16, -0.000000000000000000, -1.000000000000000000 ) ) ;
#444 = LINE ( 'NONE', #2950, #1628 ) ;
#445 = DIRECTION ( 'NONE',  ( -1.000000000000000000, -0.000000000000000000, 0.000000000000000000 ) ) ;
#446 = ORIENTED_EDGE ( 'NONE', *, *, #3778, .F. ) ;
#447 = CYLINDRICAL_SURFACE ( 'NONE', #2365, 0.01000000000000002623 ) ;
#448 = CARTESIAN_POINT ( 'NONE',  ( 0.3200000000000001732, 0.9000000000000010214, 1.589999999999999636 ) ) ;
#449 = EDGE_CURVE ( 'NONE', #3803, #2388, #1322, .T. ) ;
#450 = CIRCLE ( 'NONE', #959, 0.01000000000000002623 ) ;
#451 = AXIS2_PLACEMENT_3D ( 'NONE', #1204, #2764, #3389 ) ;
#452 = LINE ( 'NONE', #1012, #359 ) ;
#453 = VERTEX_POINT ( 'NONE', #1382 ) ;
#454 = DIRECTION ( 'NONE',  ( -0.000000000000000000, 1.000000000000000000, -0.000000000000000000 ) ) ;
#455 = EDGE_LOOP ( 'NONE', ( #177, #971, #1674, #2942 ) ) ;
#456 = EDGE_CURVE ( 'NONE', #1976, #332, #3979, .T. ) ;
#457 = ORIENTED_EDGE ( 'NONE', *, *, #3396, .T. ) ;
#458 = CARTESIAN_POINT ( 'NONE',  ( 0.6779289321881338815, 2.490000000000000213, -2.537071067811865088 ) ) ;
#459 = VECTOR ( 'NONE', #2363, 1000.000000000000000 ) ;
#460 = EDGE_CURVE ( 'NONE', #273, #3776, #1738, .T. ) ;
#461 = EDGE_LOOP ( 'NONE', ( #2647, #2304, #1549, #2804 ) ) ;
#462 = DIRECTION ( 'NONE',  ( -0.000000000000000000, 1.000000000000000000, -0.000000000000000000 ) ) ;
#463 = ADVANCED_FACE ( 'NONE', ( #491, #3774, #285 ), #3693, .F. ) ;
#464 = DIRECTION ( 'NONE',  ( 0.000000000000000000, 0.000000000000000000, -1.000000000000000000 ) ) ;
#465 = PLANE ( 'NONE',  #2438 ) ;
#466 = DIRECTION ( 'NONE',  ( 1.000000000000000000, 0.000000000000000000, -2.282530889443166233E-15 ) ) ;
#467 = CARTESIAN_POINT ( 'NONE',  ( 1.270000000000000462, 2.350000000000000089, -1.000000000000002442 ) ) ;
#468 = EDGE_LOOP ( 'NONE', ( #1184, #457, #1561, #18, #1643, #2099 ) ) ;
#469 = DIRECTION ( 'NONE',  ( 1.000000000000000000, 0.000000000000000000, 0.000000000000000000 ) ) ;
#470 = CIRCLE ( 'NONE', #2153, 0.01000000000000001235 ) ;
#471 = FACE_OUTER_BOUND ( 'NONE', #1745, .T. ) ;
#472 = DIRECTION ( 'NONE',  ( -0.000000000000000000, 1.000000000000000000, -0.000000000000000000 ) ) ;
#473 = CIRCLE ( 'NONE', #2759, 0.01000000000000002623 ) ;
#474 = FACE_OUTER_BOUND ( 'NONE', #1810, .T. ) ;
#475 = ORIENTED_EDGE ( 'NONE', *, *, #2023, .T. ) ;
#476 = FACE_OUTER_BOUND ( 'NONE', #468, .T. ) ;
#477 = ORIENTED_EDGE ( 'NONE', *, *, #1790, .T. ) ;
#478 = ORIENTED_EDGE ( 'NONE', *, *, #802, .F. ) ;
#479 = CARTESIAN_POINT ( 'NONE',  ( -0.3200000000000000067, 0.3464101615137729628, 0.3200000000000000622 ) ) ;
#480 = ORIENTED_EDGE ( 'NONE', *, *, #1805, .T. ) ;
#481 = DIRECTION ( 'NONE',  ( -1.000000000000000000, 0.000000000000000000, 4.565061778886333255E-15 ) ) ;
#482 = ADVANCED_FACE ( 'NONE', ( #927 ), #2738, .T. ) ;
#483 = DIRECTION ( 'NONE',  ( -1.000000000000000000, -4.065758146820817544E-15, -2.347366560526815855E-15 ) ) ;
#484 = VECTOR ( 'NONE', #1433, 1000.000000000000114 ) ;
#485 = AXIS2_PLACEMENT_3D ( 'NONE', #4013, #1193, #1244 ) ;
#486 = CARTESIAN_POINT ( 'NONE',  ( -0.3199999999999998401, 2.500000000000000000, 1.589999999999999636 ) ) ;
#487 = CARTESIAN_POINT ( 'NONE',  ( 0.3099999999999999978, 11.15358983848622287, 0.3200000000000000622 ) ) ;
#488 = PRODUCT_RELATED_PRODUCT_CATEGORY ( 'part', '', ( #1321 ) ) ;
#489 = FACE_OUTER_BOUND ( 'NONE', #30, .T. ) ;
#490 = DIRECTION ( 'NONE',  ( 1.000000000000000000, 0.000000000000000000, 0.000000000000000000 ) ) ;
#491 = FACE_OUTER_BOUND ( 'NONE', #2478, .T. ) ;
#492 = DIRECTION ( 'NONE',  ( -1.000000000000000000, -0.000000000000000000, -0.000000000000000000 ) ) ;
#493 = EDGE_CURVE ( 'NONE', #3025, #340, #3445, .T. ) ;
#494 = AXIS2_PLACEMENT_3D ( 'NONE', #3953, #1497, #3650 ) ;
#495 =( REPRESENTATION_RELATIONSHIP ('NONE','NONE', #2606, #3060 ) REPRESENTATION_RELATIONSHIP_WITH_TRANSFORMATION ( #973 )SHAPE_REPRESENTATION_RELATIONSHIP( ) );
#496 = VECTOR ( 'NONE', #222, 1000.000000000000000 ) ;
#497 = CARTESIAN_POINT ( 'NONE',  ( -1.172071067811865319, 2.500000000000000000, 2.042928932188134983 ) ) ;
#498 = DIRECTION ( 'NONE',  ( 0.000000000000000000, 0.000000000000000000, 1.000000000000000000 ) ) ;
#499 = ORIENTED_EDGE ( 'NONE', *, *, #1739, .T. ) ;
#500 = DIRECTION ( 'NONE',  ( 1.000000000000000000, -0.000000000000000000, -0.000000000000000000 ) ) ;
#501 = ORIENTED_EDGE ( 'NONE', *, *, #731, .T. ) ;
#502 = DIRECTION ( 'NONE',  ( -1.000000000000000000, -0.000000000000000000, 0.000000000000000000 ) ) ;
#503 = EDGE_CURVE ( 'NONE', #2080, #3482, #592, .T. ) ;
#504 = DIRECTION ( 'NONE',  ( 0.5773502691896260641, -0.5773502691896251759, 0.5773502691896260641 ) ) ;
#505 = CARTESIAN_POINT ( 'NONE',  ( -0.6708578643762687088, 0.01000000000000002623, 2.530000000000000693 ) ) ;
#506 = DIRECTION ( 'NONE',  ( -0.000000000000000000, 1.000000000000000000, -0.000000000000000000 ) ) ;
#507 = AXIS2_PLACEMENT_3D ( 'NONE', #355, #979, #2269 ) ;
#508 = CARTESIAN_POINT ( 'NONE',  ( 1.174999999999999822, 0.5000000000000000000, -2.040000000000000480 ) ) ;
#509 = ADVANCED_FACE ( 'NONE', ( #647 ), #2105, .T. ) ;
#510 = DIRECTION ( 'NONE',  ( 1.000000000000000000, 0.000000000000000000, 0.000000000000000000 ) ) ;
#511 = ADVANCED_FACE ( 'NONE', ( #3118 ), #1200, .T. ) ;
#512 = DIRECTION ( 'NONE',  ( 0.000000000000000000, 0.000000000000000000, -1.000000000000000000 ) ) ;
#513 = DIRECTION ( 'NONE',  ( 0.000000000000000000, 0.000000000000000000, -1.000000000000000000 ) ) ;
#514 = VECTOR ( 'NONE', #2919, 1000.000000000000000 ) ;
#515 = ORIENTED_EDGE ( 'NONE', *, *, #698, .F. ) ;
#516 = CARTESIAN_POINT ( 'NONE',  ( 0.1142264973081031920, 11.49499999999999922, 0.1228867513459475369 ) ) ;
#517 = DIRECTION ( 'NONE',  ( 0.000000000000000000, 0.000000000000000000, -1.000000000000000000 ) ) ;
#518 = AXIS2_PLACEMENT_3D ( 'NONE', #3643, #1671, #2943 ) ;
#519 = EDGE_LOOP ( 'NONE', ( #134, #2312, #1995, #347 ) ) ;
#520 = CARTESIAN_POINT ( 'NONE',  ( -0.3099999999999999978, 11.15358983848622287, 0.3200000000000000622 ) ) ;
#521 = EDGE_LOOP ( 'NONE', ( #3823, #395, #1275, #2358 ) ) ;
#522 = PRESENTATION_LAYER_ASSIGNMENT (  '', '', ( #11 ) ) ;
#523 = CARTESIAN_POINT ( 'NONE',  ( 0.000000000000000000, 2.500000000000000000, -1.010000000000002229 ) ) ;
#524 = CARTESIAN_POINT ( 'NONE',  ( 0.6708578643762684868, 0.01000000000000000021, -2.529999999999999805 ) ) ;
#525 = DIRECTION ( 'NONE',  ( 0.000000000000000000, 1.000000000000000000, 0.000000000000000000 ) ) ;
#526 = CARTESIAN_POINT ( 'NONE',  ( -0.6779289321881341035, 2.490000000000000213, -2.537071067811865088 ) ) ;
#527 = CARTESIAN_POINT ( 'NONE',  ( -1.179142135623730825, 2.500000000000000000, -2.049999999999999822 ) ) ;
#528 = DIRECTION ( 'NONE',  ( -0.000000000000000000, 1.000000000000000000, -0.000000000000000000 ) ) ;
#529 = CARTESIAN_POINT ( 'NONE',  ( -0.1142264973081041912, 0.01000000000000000368, -0.1142264973081040802 ) ) ;
#530 = EDGE_CURVE ( 'NONE', #2308, #2159, #306, .T. ) ;
#531 = ADVANCED_FACE ( 'NONE', ( #3408 ), #626, .F. ) ;
#532 = ORIENTED_EDGE ( 'NONE', *, *, #1327, .T. ) ;
#533 = FACE_OUTER_BOUND ( 'NONE', #175, .T. ) ;
#534 = UNCERTAINTY_MEASURE_WITH_UNIT (LENGTH_MEASURE( 1.000000000000000082E-05 ), #389, 'distance_accuracy_value', 'NONE');
#535 = ORIENTED_EDGE ( 'NONE', *, *, #1050, .T. ) ;
#536 = AXIS2_PLACEMENT_3D ( 'NONE', #3181, #3813, #1902 ) ;
#537 = ORIENTED_EDGE ( 'NONE', *, *, #3820, .F. ) ;
#538 = AXIS2_PLACEMENT_3D ( 'NONE', #2085, #2679, #3652 ) ;
#539 = VERTEX_POINT ( 'NONE', #2819 ) ;
#540 =( BOUNDED_CURVE ( )  B_SPLINE_CURVE ( 3, ( #3418, #3105, #3988, #2160 ),
 .UNSPECIFIED., .F., .F. ) 
 B_SPLINE_CURVE_WITH_KNOTS ( ( 4, 4 ),
 ( 5.624127271420887197, 6.942243342938285267 ),
 .UNSPECIFIED. ) 
 CURVE ( )  GEOMETRIC_REPRESENTATION_ITEM ( )  RATIONAL_B_SPLINE_CURVE ( ( 1.000000000000000000, 0.8603796100557057347, 0.8603796100557057347, 1.000000000000000000 ) ) 
 REPRESENTATION_ITEM ( '' )  );
#541 = LINE ( 'NONE', #2439, #374 ) ;
#542 = ORIENTED_EDGE ( 'NONE', *, *, #185, .F. ) ;
#543 = DIRECTION ( 'NONE',  ( 0.000000000000000000, 1.000000000000000000, 0.000000000000000000 ) ) ;
#544 = LINE ( 'NONE', #842, #85 ) ;
#545 = DIRECTION ( 'NONE',  ( -0.000000000000000000, -0.000000000000000000, 1.000000000000000000 ) ) ;
#546 = CIRCLE ( 'NONE', #1847, 0.01000000000000000715 ) ;
#547 = DIRECTION ( 'NONE',  ( 0.000000000000000000, 0.000000000000000000, 1.000000000000000000 ) ) ;
#548 = CARTESIAN_POINT ( 'NONE',  ( -1.174999999999999822, 0.5000000000000000000, 2.039999999999999591 ) ) ;
#549 = DIRECTION ( 'NONE',  ( 0.000000000000000000, 0.000000000000000000, 1.000000000000000000 ) ) ;
#550 = ORIENTED_EDGE ( 'NONE', *, *, #3146, .T. ) ;
#551 = EDGE_LOOP ( 'NONE', ( #1586, #414, #1728, #3885 ) ) ;
#552 = LINE ( 'NONE', #1297, #847 ) ;
#553 = ORIENTED_EDGE ( 'NONE', *, *, #3066, .F. ) ;
#554 = FACE_OUTER_BOUND ( 'NONE', #2288, .T. ) ;
#555 = EDGE_LOOP ( 'NONE', ( #3621, #2112, #3255, #4012 ) ) ;
#556 = CARTESIAN_POINT ( 'NONE',  ( 0.000000000000000000, 11.49000000000000021, -0.1142264973081030810 ) ) ;
#557 = ORIENTED_EDGE ( 'NONE', *, *, #163, .F. ) ;
#558 = DIRECTION ( 'NONE',  ( 0.000000000000000000, 0.000000000000000000, -1.000000000000000000 ) ) ;
#559 = DIRECTION ( 'NONE',  ( 0.4472135954999613694, 0.7745966692414852917, 0.4472135954999515994 ) ) ;
#560 = ADVANCED_FACE ( 'NONE', ( #1263 ), #3468, .F. ) ;
#561 = LINE ( 'NONE', #1457, #232 ) ;
#562 = CARTESIAN_POINT ( 'NONE',  ( -0.3199999999999998401, 0.000000000000000000, 1.589999999999999636 ) ) ;
#563 = DIRECTION ( 'NONE',  ( 1.000000000000000000, 0.000000000000000000, 0.000000000000000000 ) ) ;
#564 = CARTESIAN_POINT ( 'NONE',  ( 0.3193224092811596249, 0.3452365399626405873, -0.3159672026817041957 ) ) ;
#565 = CARTESIAN_POINT ( 'NONE',  ( 0.7200000000000023048, 0.5000000000000000000, 2.039999999999999591 ) ) ;
#566 = VECTOR ( 'NONE', #1821, 1000.000000000000000 ) ;
#567 = ADVANCED_FACE ( 'NONE', ( #1329 ), #2586, .T. ) ;
#568 = VERTEX_POINT ( 'NONE', #3849 ) ;
#569 = VECTOR ( 'NONE', #1360, 1000.000000000000000 ) ;
#570 = DIRECTION ( 'NONE',  ( 0.000000000000000000, 1.000000000000000000, 0.000000000000000000 ) ) ;
#571 = UNCERTAINTY_MEASURE_WITH_UNIT (LENGTH_MEASURE( 1.000000000000000082E-05 ), #3231, 'distance_accuracy_value', 'NONE');
#572 = DIRECTION ( 'NONE',  ( 1.000000000000000000, 0.000000000000000000, 0.000000000000000000 ) ) ;
#573 = APPLICATION_PROTOCOL_DEFINITION ( 'draft international standard', 'automotive_design', 1998, #3642 ) ;
#574 = ADVANCED_FACE ( 'NONE', ( #3719 ), #3058, .F. ) ;
#575 =( NAMED_UNIT ( * ) SI_UNIT ( $, .STERADIAN. ) SOLID_ANGLE_UNIT ( ) );
#576 = ORIENTED_EDGE ( 'NONE', *, *, #1158, .F. ) ;
#577 = CARTESIAN_POINT ( 'NONE',  ( -0.1142264973081032059, 11.49000000000000021, -0.1142264973081030671 ) ) ;
#578 = VERTEX_POINT ( 'NONE', #382 ) ;
#579 = VECTOR ( 'NONE', #2834, 1000.000000000000000 ) ;
#580 = EDGE_CURVE ( 'NONE', #3339, #273, #3830, .T. ) ;
#581 = AXIS2_PLACEMENT_3D ( 'NONE', #4005, #1227, #1185 ) ;
#582 = ORIENTED_EDGE ( 'NONE', *, *, #1851, .T. ) ;
#583 = LINE ( 'NONE', #3044, #951 ) ;
#584 = ORIENTED_EDGE ( 'NONE', *, *, #2686, .F. ) ;
#585 = ADVANCED_FACE ( 'NONE', ( #2926 ), #663, .F. ) ;
#586 = CARTESIAN_POINT ( 'NONE',  ( -0.1142264973081041635, 0.01000000000000000021, 0.1142264973081042190 ) ) ;
#587 = CARTESIAN_POINT ( 'NONE',  ( -0.3112600429262813440, 11.15372788819387395, 0.3199202969641256611 ) ) ;
#588 = DIRECTION ( 'NONE',  ( 0.000000000000000000, 0.000000000000000000, -1.000000000000000000 ) ) ;
#589 = CYLINDRICAL_SURFACE ( 'NONE', #3773, 0.01000000000000002623 ) ;
#590 = DIRECTION ( 'NONE',  ( 1.000000000000000000, 0.000000000000000000, 0.000000000000000000 ) ) ;
#591 = VECTOR ( 'NONE', #1279, 1000.000000000000000 ) ;
#592 = LINE ( 'NONE', #2866, #3739 ) ;
#593 = CARTESIAN_POINT ( 'NONE',  ( -0.7200000000000016387, 0.5000000000000000000, 2.039999999999999591 ) ) ;
#594 = ORIENTED_EDGE ( 'NONE', *, *, #733, .F. ) ;
#595 = CARTESIAN_POINT ( 'NONE',  ( -0.3199999999999997846, 0.9000000000000010214, 0.9499999999999996225 ) ) ;
#596 = DIRECTION ( 'NONE',  ( -1.000000000000000000, -0.000000000000000000, -0.000000000000000000 ) ) ;
#597 = LINE ( 'NONE', #2767, #3873 ) ;
#598 = ORIENTED_EDGE ( 'NONE', *, *, #2023, .F. ) ;
#599 = CARTESIAN_POINT ( 'NONE',  ( 0.3199999999999998956, 11.50000000000000000, -0.3199999999999999512 ) ) ;
#600 = ORIENTED_EDGE ( 'NONE', *, *, #1073, .T. ) ;
#601 = CLOSED_SHELL ( 'NONE', ( #629, #1242, #3717, #2311, #1578, #574, #2657, #463, #2676, #1641, #3298, #1467, #2812, #2255, #1591, #2307, #1794, #685, #1877, #2317, #2508, #1546, #2241, #3706, #2887, #164, #3676, #318, #1285, #1926, #2980, #1936, #1078, #1817, #114, #1544, #202, #531, #1894, #1342, #560, #3970, #3258, #25, #1801, #1669, #2354, #1178, #1575, #1180, #998, #2228, #2792, #2883, #2924, #254, #3572, #1296, #585, #1052, #2743, #1460, #1234, #3998, #2221, #3728, #216, #3705, #237, #803, #3309, #624, #3047, #43, #482, #2326, #2455, #405, #3326, #2424, #1668, #2664, #365, #441, #567, #2379 ) ) ;
#602 = AXIS2_PLACEMENT_3D ( 'NONE', #1417, #1025, #1072 ) ;
#603 = CARTESIAN_POINT ( 'NONE',  ( 0.6708578643762694860, 2.500000000000000000, 2.530000000000000693 ) ) ;
#604 = ORIENTED_EDGE ( 'NONE', *, *, #3841, .T. ) ;
#605 = CARTESIAN_POINT ( 'NONE',  ( -0.6749999999999996003, 2.490000000000000213, 2.540000000000000480 ) ) ;
#606 = SPHERICAL_SURFACE ( 'NONE', #422, 0.01000000000000000021 ) ;
#607 = EDGE_CURVE ( 'NONE', #3944, #568, #970, .T. ) ;
#608 = CARTESIAN_POINT ( 'NONE',  ( -1.270000000000000018, 2.350000000000000089, -1.000000000000002220 ) ) ;
#609 = CARTESIAN_POINT ( 'NONE',  ( 0.3159672026817041401, 0.3452365399626404763, -0.3193224092811596249 ) ) ;
#610 = FACE_OUTER_BOUND ( 'NONE', #3333, .T. ) ;
#611 = PRODUCT_DEFINITION_SHAPE ( 'NONE', 'NONE',  #4031 ) ;
#612 = EDGE_CURVE ( 'NONE', #724, #2388, #1024, .T. ) ;
#613 = EDGE_LOOP ( 'NONE', ( #3290, #2417, #3168 ) ) ;
#614 = DIRECTION ( 'NONE',  ( -0.4472135954999593710, -0.7745966692414816279, -0.4472135954999593155 ) ) ;
#615 = AXIS2_PLACEMENT_3D ( 'NONE', #3810, #642, #322 ) ;
#616 = ORIENTED_EDGE ( 'NONE', *, *, #3800, .F. ) ;
#617 = VERTEX_POINT ( 'NONE', #1943 ) ;
#618 = AXIS2_PLACEMENT_3D ( 'NONE', #3976, #1476, #2716 ) ;
#619 = AXIS2_PLACEMENT_3D ( 'NONE', #2328, #2012, #3295 ) ;
#620 = ORIENTED_EDGE ( 'NONE', *, *, #3241, .T. ) ;
#621 = CARTESIAN_POINT ( 'NONE',  ( 0.08907179676972404314, 11.53356921938165236, -0.08907179676972405702 ) ) ;
#622 = EDGE_LOOP ( 'NONE', ( #3203, #620, #3645, #1842 ) ) ;
#623 = DIRECTION ( 'NONE',  ( 0.4472135954999578722, -0.7745966692414835153, -0.4472135954999579277 ) ) ;
#624 = ADVANCED_FACE ( 'NONE', ( #1352 ), #3159, .T. ) ;
#625 = SPHERICAL_SURFACE ( 'NONE', #3967, 0.01000000000000000021 ) ;
#626 = PLANE ( 'NONE',  #2416 ) ;
#627 = CARTESIAN_POINT ( 'NONE',  ( -0.3112600429262814550, 0.3462721118061212189, 0.3199202969641258276 ) ) ;
#628 = ADVANCED_FACE ( 'NONE', ( #2901 ), #2608, .T. ) ;
#629 = ADVANCED_FACE ( 'NONE', ( #3812 ), #100, .T. ) ;
#630 = ORIENTED_EDGE ( 'NONE', *, *, #3900, .F. ) ;
#631 = DIRECTION ( 'NONE',  ( 0.000000000000000000, 0.000000000000000000, 1.000000000000000000 ) ) ;
#632 = CARTESIAN_POINT ( 'NONE',  ( -0.3199202969641257721, 0.3462721118061212189, 0.3112600429262815105 ) ) ;
#633 = CIRCLE ( 'NONE', #2392, 0.02000000000000005246 ) ;
#634 = ORIENTED_EDGE ( 'NONE', *, *, #3665, .F. ) ;
#635 = DIRECTION ( 'NONE',  ( 0.7071067811865474617, 0.000000000000000000, 0.7071067811865474617 ) ) ;
#636 = ORIENTED_EDGE ( 'NONE', *, *, #3975, .T. ) ;
#637 = CONTEXT_DEPENDENT_SHAPE_REPRESENTATION ( #3087, #3864 ) ;
#638 = CYLINDRICAL_SURFACE ( 'NONE', #661, 0.009999999999999998473 ) ;
#639 = ORIENTED_EDGE ( 'NONE', *, *, #3373, .T. ) ;
#640 = VERTEX_POINT ( 'NONE', #1964 ) ;
#641 = AXIS2_PLACEMENT_3D ( 'NONE', #2305, #3882, #3582 ) ;
#642 = DIRECTION ( 'NONE',  ( -0.4472135954999579277, -0.7745966692414834043, -0.4472135954999578722 ) ) ;
#643 = PRODUCT_DEFINITION_SHAPE ( 'NONE', 'NONE',  #4048 ) ;
#644 = AXIS2_PLACEMENT_3D ( 'NONE', #1483, #2431, #2846 ) ;
#645 = FACE_OUTER_BOUND ( 'NONE', #2188, .T. ) ;
#646 =( BOUNDED_CURVE ( )  B_SPLINE_CURVE ( 3, ( #1663, #3560, #844, #1686 ),
 .UNSPECIFIED., .F., .T. ) 
 B_SPLINE_CURVE_WITH_KNOTS ( ( 4, 4 ),
 ( -5.329070518200751394E-15, 0.1263401276387751404 ),
 .UNSPECIFIED. ) 
 CURVE ( )  GEOMETRIC_REPRESENTATION_ITEM ( )  RATIONAL_B_SPLINE_CURVE ( ( 1.000000000000000000, 0.9986702899464853234, 0.9986702899464853234, 1.000000000000000000 ) ) 
 REPRESENTATION_ITEM ( '' )  );
#647 = FACE_OUTER_BOUND ( 'NONE', #1188, .T. ) ;
#648 = AXIS2_PLACEMENT_3D ( 'NONE', #2008, #2571, #3246 ) ;
#649 = AXIS2_PLACEMENT_3D ( 'NONE', #1886, #425, #48 ) ;
#650 = VERTEX_POINT ( 'NONE', #3240 ) ;
#651 = FACE_OUTER_BOUND ( 'NONE', #896, .T. ) ;
#652 = EDGE_CURVE ( 'NONE', #2227, #227, #1041, .T. ) ;
#653 = EDGE_CURVE ( 'NONE', #617, #640, #1615, .T. ) ;
#654 = ORIENTED_EDGE ( 'NONE', *, *, #1058, .F. ) ;
#655 = DIRECTION ( 'NONE',  ( -1.000000000000000000, 0.000000000000000000, 0.000000000000000000 ) ) ;
#656 = EDGE_LOOP ( 'NONE', ( #835, #794, #3379, #3587 ) ) ;
#657 = ITEM_DEFINED_TRANSFORMATION ( 'NONE', 'NONE', #3010,  #3607 ) ;
#658 = EDGE_LOOP ( 'NONE', ( #3964, #2375, #314, #3687 ) ) ;
#659 = ORIENTED_EDGE ( 'NONE', *, *, #339, .T. ) ;
#660 = CARTESIAN_POINT ( 'NONE',  ( -0.3112600429262813440, 11.15372788819387395, 0.3199202969641256611 ) ) ;
#661 = AXIS2_PLACEMENT_3D ( 'NONE', #1266, #614, #14 ) ;
#662 = DIRECTION ( 'NONE',  ( 0.000000000000000000, 0.000000000000000000, -1.000000000000000000 ) ) ;
#663 = CYLINDRICAL_SURFACE ( 'NONE', #3415, 0.01000000000000002623 ) ;
#664 = CARTESIAN_POINT ( 'NONE',  ( -0.3104214140871992544, 0.3464101615137730183, 0.3200000000000000622 ) ) ;
#665 =( REPRESENTATION_RELATIONSHIP ('NONE','NONE', #2606, #3060 ) REPRESENTATION_RELATIONSHIP_WITH_TRANSFORMATION ( #3440 )SHAPE_REPRESENTATION_RELATIONSHIP( ) );
#666 =( BOUNDED_CURVE ( )  B_SPLINE_CURVE ( 3, ( #2462, #3729, #3423, #2795 ),
 .UNSPECIFIED., .F., .T. ) 
 B_SPLINE_CURVE_WITH_KNOTS ( ( 4, 4 ),
 ( 3.015252525951000795, 3.141592653589793116 ),
 .UNSPECIFIED. ) 
 CURVE ( )  GEOMETRIC_REPRESENTATION_ITEM ( )  RATIONAL_B_SPLINE_CURVE ( ( 1.000000000000000000, 0.9986702899464852123, 0.9986702899464852123, 1.000000000000000000 ) ) 
 REPRESENTATION_ITEM ( '' )  );
#667 = DIRECTION ( 'NONE',  ( 1.355252715606879556E-15, -0.5000000000000024425, -0.8660254037844371533 ) ) ;
#668 = VERTEX_POINT ( 'NONE', #82 ) ;
#669 =( NAMED_UNIT ( * ) PLANE_ANGLE_UNIT ( ) SI_UNIT ( $, .RADIAN. ) );
#670 = DIRECTION ( 'NONE',  ( -0.000000000000000000, 0.000000000000000000, -1.000000000000000000 ) ) ;
#671 = EDGE_CURVE ( 'NONE', #735, #668, #1924, .T. ) ;
#672 = ORIENTED_EDGE ( 'NONE', *, *, #394, .T. ) ;
#674 = VECTOR ( 'NONE', #462, 1000.000000000000000 ) ;
#673 = PLANE ( 'NONE',  #2537 ) ;
#675 = AXIS2_PLACEMENT_3D ( 'NONE', #279, #543, #3382 ) ;
#676 = VERTEX_POINT ( 'NONE', #2529 ) ;
#677 = PRODUCT_DEFINITION_SHAPE ( 'NONE', 'NONE',  #4042 ) ;
#678 = VERTEX_POINT ( 'NONE', #363 ) ;
#679 = ORIENTED_EDGE ( 'NONE', *, *, #2327, .F. ) ;
#680 = CARTESIAN_POINT ( 'NONE',  ( -0.6679289321881340946, 0.01000000000000002623, 2.532928932188135196 ) ) ;
#681 = VECTOR ( 'NONE', #884, 1000.000000000000000 ) ;
#682 = DIRECTION ( 'NONE',  ( 1.000000000000000000, 0.000000000000000000, 0.000000000000000000 ) ) ;
#683 = CARTESIAN_POINT ( 'NONE',  ( 1.167928932188134095, 0.000000000000000000, -2.032928932188134752 ) ) ;
#684 = CARTESIAN_POINT ( 'NONE',  ( -0.1142264973081042051, 0.01000000000000001929, 0.1142264973081041912 ) ) ;
#685 = ADVANCED_FACE ( 'NONE', ( #2857 ), #64, .T. ) ;
#686 = FACE_OUTER_BOUND ( 'NONE', #2611, .T. ) ;
#687 = ORIENTED_EDGE ( 'NONE', *, *, #2684, .T. ) ;
#688 =( NAMED_UNIT ( * ) PLANE_ANGLE_UNIT ( ) SI_UNIT ( $, .RADIAN. ) );
#689 = CARTESIAN_POINT ( 'NONE',  ( -1.269999999999999796, 2.500000000000000000, 2.040000000000000036 ) ) ;
#690 = ORIENTED_EDGE ( 'NONE', *, *, #2507, .F. ) ;
#691 = CARTESIAN_POINT ( 'NONE',  ( 1.175000000000000711, 2.350000000000000089, -1.000000000000002442 ) ) ;
#692 = EDGE_LOOP ( 'NONE', ( #2982, #2952, #2197, #1872 ) ) ;
#693 = ORIENTED_EDGE ( 'NONE', *, *, #2580, .F. ) ;
#694 = ORIENTED_EDGE ( 'NONE', *, *, #1971, .F. ) ;
#695 = AXIS2_PLACEMENT_3D ( 'NONE', #1195, #2443, #3094 ) ;
#696 = CARTESIAN_POINT ( 'NONE',  ( -1.222500000000000586, 0.5000000000000000000, 1.992499999999999938 ) ) ;
#697 = ADVANCED_FACE ( 'NONE', ( #3509 ), #3648, .T. ) ;
#698 = EDGE_CURVE ( 'NONE', #3513, #3436, #2565, .T. ) ;
#699 = AXIS2_PLACEMENT_3D ( 'NONE', #2104, #1782, #3329 ) ;
#700 = DIRECTION ( 'NONE',  ( 0.000000000000000000, 1.000000000000000000, 0.000000000000000000 ) ) ;
#701 = DIRECTION ( 'NONE',  ( 0.000000000000000000, -1.000000000000000000, 0.000000000000000000 ) ) ;
#702 = CARTESIAN_POINT ( 'NONE',  ( -1.174999999999999822, 0.01000000000000000021, 2.039999999999999591 ) ) ;
#703 = PLANE ( 'NONE',  #401 ) ;
#704 = PRODUCT_DEFINITION_SHAPE ( 'NONE', 'NONE',  #4040 ) ;
#705 = CIRCLE ( 'NONE', #772, 0.01000000000000002623 ) ;
#706 = ORIENTED_EDGE ( 'NONE', *, *, #3046, .T. ) ;
#707 = CARTESIAN_POINT ( 'NONE',  ( -10.16000000000000014, -2.200000000000001066, -1.269999999999999574 ) ) ;
#708 = DIRECTION ( 'NONE',  ( 0.000000000000000000, -0.000000000000000000, 1.000000000000000000 ) ) ;
#709 = CARTESIAN_POINT ( 'NONE',  ( -0.3199999999999997846, 0.9000000000000010214, -0.9499999999999996225 ) ) ;
#710 = EDGE_LOOP ( 'NONE', ( #3599, #774, #3862 ) ) ;
#711 = DIRECTION ( 'NONE',  ( 0.000000000000000000, -0.000000000000000000, 1.000000000000000000 ) ) ;
#712 = EDGE_LOOP ( 'NONE', ( #1126, #1, #446, #1534 ) ) ;
#713 = DIRECTION ( 'NONE',  ( 1.000000000000000000, 0.000000000000000000, -0.000000000000000000 ) ) ;
#714 = ORIENTED_EDGE ( 'NONE', *, *, #3794, .F. ) ;
#715 = FACE_OUTER_BOUND ( 'NONE', #622, .T. ) ;
#716 = ORIENTED_EDGE ( 'NONE', *, *, #210, .T. ) ;
#717 = CARTESIAN_POINT ( 'NONE',  ( 1.179142135623731935, 2.500000000000000000, 2.030000000000000249 ) ) ;
#718 = MECHANICAL_DESIGN_GEOMETRIC_PRESENTATION_REPRESENTATION (  '', ( #3441 ), #3024 ) ;
#719 = CARTESIAN_POINT ( 'NONE',  ( 1.164999999999999813, 2.500000000000000000, -2.035857864376269255 ) ) ;
#720 = DIRECTION ( 'NONE',  ( 0.000000000000000000, -1.000000000000000000, 0.000000000000000000 ) ) ;
#721 = DIRECTION ( 'NONE',  ( 0.000000000000000000, 0.000000000000000000, 1.000000000000000000 ) ) ;
#722 = VECTOR ( 'NONE', #280, 1000.000000000000000 ) ;
#723 = CARTESIAN_POINT ( 'NONE',  ( -0.3199999999999997846, 0.9000000000000010214, 0.9499999999999996225 ) ) ;
#724 = VERTEX_POINT ( 'NONE', #3630 ) ;
#725 =( NAMED_UNIT ( * ) SI_UNIT ( $, .STERADIAN. ) SOLID_ANGLE_UNIT ( ) );
#726 = DIRECTION ( 'NONE',  ( 0.000000000000000000, 0.000000000000000000, 1.000000000000000000 ) ) ;
#727 = DIRECTION ( 'NONE',  ( 8.470329472543004623E-17, 0.000000000000000000, 1.000000000000000000 ) ) ;
#728 = DIRECTION ( 'NONE',  ( -0.7071067811865469066, 0.000000000000000000, 0.7071067811865482389 ) ) ;
#729 = VERTEX_POINT ( 'NONE', #3287 ) ;
#730 = SURFACE_STYLE_USAGE ( .BOTH. , #3940 ) ;
#731 = EDGE_CURVE ( 'NONE', #340, #1667, #787, .T. ) ;
#732 = ORIENTED_EDGE ( 'NONE', *, *, #73, .T. ) ;
#733 = EDGE_CURVE ( 'NONE', #2681, #3658, #1114, .T. ) ;
#734 = ORIENTED_EDGE ( 'NONE', *, *, #3198, .F. ) ;
#735 = VERTEX_POINT ( 'NONE', #1984 ) ;
#736 = FACE_OUTER_BOUND ( 'NONE', #1584, .T. ) ;
#737 = VECTOR ( 'NONE', #2799, 1000.000000000000000 ) ;
#738 = VECTOR ( 'NONE', #1139, 1000.000000000000000 ) ;
#739 = CARTESIAN_POINT ( 'NONE',  ( 0.6749999999999993783, 0.01000000000000002623, -2.539999999999999591 ) ) ;
#740 = CARTESIAN_POINT ( 'NONE',  ( 1.150857864376270134, 0.000000000000000000, 2.049999999999999822 ) ) ;
#741 = CARTESIAN_POINT ( 'NONE',  ( 0.000000000000000000, 0.01000000000000000021, 0.1142264973081042190 ) ) ;
#742 = AXIS2_PLACEMENT_3D ( 'NONE', #527, #1437, #588 ) ;
#743 = DIRECTION ( 'NONE',  ( 0.000000000000000000, -1.000000000000000000, 0.000000000000000000 ) ) ;
#744 = AXIS2_PLACEMENT_3D ( 'NONE', #964, #700, #985 ) ;
#745 = ORIENTED_EDGE ( 'NONE', *, *, #2663, .T. ) ;
#746 = SHAPE_REPRESENTATION_RELATIONSHIP ( 'NONE' , 'NONE' ,  #3060, #1026 ) ;
#747 = LINE ( 'NONE', #689, #3033 ) ;
#748 = CARTESIAN_POINT ( 'NONE',  ( -0.3199999999999997846, 0.000000000000000000, -0.9499999999999996225 ) ) ;
#749 = EDGE_CURVE ( 'NONE', #676, #2937, #3344, .T. ) ;
#750 = EDGE_CURVE ( 'NONE', #1749, #2266, #782, .T. ) ;
#751 = DIRECTION ( 'NONE',  ( -1.694065894508600678E-16, 0.000000000000000000, -1.000000000000000000 ) ) ;
#752 = EDGE_CURVE ( 'NONE', #1665, #3805, #2212, .T. ) ;
#753 = VERTEX_POINT ( 'NONE', #2062 ) ;
#754 = CARTESIAN_POINT ( 'NONE',  ( -0.3200000000000001177, 0.3464101615137729628, -0.3199999999999999512 ) ) ;
#755 = ORIENTED_EDGE ( 'NONE', *, *, #2852, .F. ) ;
#756 = EDGE_CURVE ( 'NONE', #56, #3605, #2004, .T. ) ;
#757 = ORIENTED_EDGE ( 'NONE', *, *, #1371, .T. ) ;
#758 = LINE ( 'NONE', #2056, #2202 ) ;
#759 = ORIENTED_EDGE ( 'NONE', *, *, #336, .F. ) ;
#760 = DIRECTION ( 'NONE',  ( 0.4472135954999467145, 0.7745966692414959498, -0.4472135954999473806 ) ) ;
#761 = VECTOR ( 'NONE', #1172, 1000.000000000000000 ) ;
#762 = CARTESIAN_POINT ( 'NONE',  ( -0.6708578643762687088, 0.01000000000000002623, -2.529999999999999805 ) ) ;
#763 = DIRECTION ( 'NONE',  ( 1.000000000000000000, 0.000000000000000000, -0.000000000000000000 ) ) ;
#764 = CARTESIAN_POINT ( 'NONE',  ( 1.179142135623731935, 0.5000000000000004441, 2.050000000000000266 ) ) ;
#765 = AXIS2_PLACEMENT_3D ( 'NONE', #826, #3633, #1438 ) ;
#766 = DIRECTION ( 'NONE',  ( 0.7071067811865476838, 0.000000000000000000, 0.7071067811865473507 ) ) ;
#767 = ORIENTED_EDGE ( 'NONE', *, *, #2686, .T. ) ;
#768 = DIRECTION ( 'NONE',  ( 0.000000000000000000, 0.000000000000000000, 1.000000000000000000 ) ) ;
#769 = DIRECTION ( 'NONE',  ( 1.000000000000000000, 0.000000000000000000, 2.168404344971003188E-14 ) ) ;
#770 = FACE_OUTER_BOUND ( 'NONE', #172, .T. ) ;
#771 = VECTOR ( 'NONE', #2371, 1000.000000000000000 ) ;
#772 = AXIS2_PLACEMENT_3D ( 'NONE', #1339, #3002, #2286 ) ;
#773 = DIRECTION ( 'NONE',  ( -9.389466242107283931E-15, 0.000000000000000000, -1.000000000000000000 ) ) ;
#774 = ORIENTED_EDGE ( 'NONE', *, *, #1159, .T. ) ;
#775 = LINE ( 'NONE', #289, #2874 ) ;
#776 = ORIENTED_EDGE ( 'NONE', *, *, #3019, .F. ) ;
#777 =( BOUNDED_CURVE ( )  B_SPLINE_CURVE ( 3, ( #2583, #784, #2563, #2022 ),
 .UNSPECIFIED., .F., .T. ) 
 B_SPLINE_CURVE_WITH_KNOTS ( ( 4, 4 ),
 ( 0.000000000000000000, 0.1263401276387656758 ),
 .UNSPECIFIED. ) 
 CURVE ( )  GEOMETRIC_REPRESENTATION_ITEM ( )  RATIONAL_B_SPLINE_CURVE ( ( 1.000000000000000000, 0.9986702899464856564, 0.9986702899464856564, 1.000000000000000000 ) ) 
 REPRESENTATION_ITEM ( '' )  );
#778 = ITEM_DEFINED_TRANSFORMATION ( 'NONE', 'NONE', #3341,  #3607 ) ;
#779 = EDGE_CURVE ( 'NONE', #2595, #2775, #3891, .T. ) ;
#780 = ORIENTED_EDGE ( 'NONE', *, *, #2087, .T. ) ;
#781 = CARTESIAN_POINT ( 'NONE',  ( -0.6749999999999996003, 2.490000000000000213, -2.539999999999999591 ) ) ;
#782 = CIRCLE ( 'NONE', #3082, 0.01000000000000002623 ) ;
#783 = ORIENTED_EDGE ( 'NONE', *, *, #2923, .T. ) ;
#784 = CARTESIAN_POINT ( 'NONE',  ( -0.3104214140871993100, 11.15358983848622110, -0.3199999999999998956 ) ) ;
#785 = EDGE_CURVE ( 'NONE', #117, #1489, #2044, .T. ) ;
#786 = DIRECTION ( 'NONE',  ( 0.000000000000000000, 0.000000000000000000, 1.000000000000000000 ) ) ;
#787 = LINE ( 'NONE', #1398, #200 ) ;
#788 = PLANE ( 'NONE',  #211 ) ;
#789 = LINE ( 'NONE', #2995, #2687 ) ;
#790 = DIRECTION ( 'NONE',  ( 0.000000000000000000, 0.000000000000000000, 1.000000000000000000 ) ) ;
#791 = AXIS2_PLACEMENT_3D ( 'NONE', #3649, #559, #2063 ) ;
#792 = CARTESIAN_POINT ( 'NONE',  ( 1.174999999999999378, 0.01000000000000002623, -2.040000000000000480 ) ) ;
#793 = DIRECTION ( 'NONE',  ( -0.7071067811865474617, 0.000000000000000000, -0.7071067811865474617 ) ) ;
#794 = ORIENTED_EDGE ( 'NONE', *, *, #335, .F. ) ;
#795 = CARTESIAN_POINT ( 'NONE',  ( -1.174999999999999822, 2.350000000000000089, 0.9999999999999978906 ) ) ;
#796 = VERTEX_POINT ( 'NONE', #1071 ) ;
#797 = EDGE_CURVE ( 'NONE', #3605, #2227, #2672, .T. ) ;
#798 = VERTEX_POINT ( 'NONE', #3951 ) ;
#799 =( BOUNDED_CURVE ( )  B_SPLINE_CURVE ( 3, ( #1560, #664, #1248, #627 ),
 .UNSPECIFIED., .F., .T. ) 
 B_SPLINE_CURVE_WITH_KNOTS ( ( 4, 4 ),
 ( 3.141592653589793116, 3.267932781228574779 ),
 .UNSPECIFIED. ) 
 CURVE ( )  GEOMETRIC_REPRESENTATION_ITEM ( )  RATIONAL_B_SPLINE_CURVE ( ( 1.000000000000000000, 0.9986702899464853234, 0.9986702899464853234, 1.000000000000000000 ) ) 
 REPRESENTATION_ITEM ( '' )  );
#800 = FACE_OUTER_BOUND ( 'NONE', #3063, .T. ) ;
#801 = VERTEX_POINT ( 'NONE', #3031 ) ;
#802 = EDGE_CURVE ( 'NONE', #3417, #3259, #3590, .T. ) ;
#803 = ADVANCED_FACE ( 'NONE', ( #3669 ), #220, .T. ) ;
#804 = CARTESIAN_POINT ( 'NONE',  ( 0.000000000000000000, 2.350000000000000089, 0.000000000000000000 ) ) ;
#805 = VECTOR ( 'NONE', #910, 1000.000000000000000 ) ;
#806 = AXIS2_PLACEMENT_3D ( 'NONE', #113, #1597, #86 ) ;
#807 = DIRECTION ( 'NONE',  ( 0.7071067811865474617, 0.000000000000000000, -0.7071067811865476838 ) ) ;
#808 = CARTESIAN_POINT ( 'NONE',  ( 0.3099999999999998868, 11.15358983848622287, -0.3199999999999999512 ) ) ;
#809 = LINE ( 'NONE', #201, #2245 ) ;
#810 = DIRECTION ( 'NONE',  ( 0.000000000000000000, 0.000000000000000000, 1.000000000000000000 ) ) ;
#811 = CARTESIAN_POINT ( 'NONE',  ( 0.3099999999999998868, 11.50000000000000000, -0.3199999999999999512 ) ) ;
#812 = CARTESIAN_POINT ( 'NONE',  ( -0.3199999999999998401, 0.000000000000000000, 1.589999999999999636 ) ) ;
#813 = VECTOR ( 'NONE', #3691, 1000.000000000000000 ) ;
#814 = ORIENTED_EDGE ( 'NONE', *, *, #112, .F. ) ;
#815 = CARTESIAN_POINT ( 'NONE',  ( -0.6779289321881341035, 2.500000000000000000, -2.537071067811865088 ) ) ;
#816 = FACE_OUTER_BOUND ( 'NONE', #1565, .T. ) ;
#817 = ORIENTED_EDGE ( 'NONE', *, *, #580, .F. ) ;
#818 = LINE ( 'NONE', #3318, #320 ) ;
#819 = ORIENTED_EDGE ( 'NONE', *, *, #3869, .T. ) ;
#820 = CARTESIAN_POINT ( 'NONE',  ( -0.3199999999999998401, 2.500000000000000000, 1.589999999999999636 ) ) ;
#821 = CARTESIAN_POINT ( 'NONE',  ( -0.1142264973081032059, 11.49000000000000021, -0.1142264973081030810 ) ) ;
#822 = LINE ( 'NONE', #2082, #1501 ) ;
#823 = EDGE_CURVE ( 'NONE', #3388, #349, #1107, .T. ) ;
#824 = EDGE_CURVE ( 'NONE', #1147, #801, #1374, .T. ) ;
#825 = CARTESIAN_POINT ( 'NONE',  ( 0.3112600429262812884, 11.15372788819387395, -0.3199202969641256056 ) ) ;
#826 = CARTESIAN_POINT ( 'NONE',  ( -12.70000000000000107, -2.200000000000000622, 1.269999999999999574 ) ) ;
#827 = CARTESIAN_POINT ( 'NONE',  ( 0.3199733969465142769, 0.3463640836734994677, -0.3108419876365757784 ) ) ;
#828 = DIRECTION ( 'NONE',  ( -0.4472135954999593710, -0.7745966692414818500, 0.4472135954999594265 ) ) ;
#829 = PLANE ( 'NONE',  #1679 ) ;
#830 = AXIS2_PLACEMENT_3D ( 'NONE', #2204, #2183, #3189 ) ;
#831 = ORIENTED_EDGE ( 'NONE', *, *, #45, .F. ) ;
#832 = CYLINDRICAL_SURFACE ( 'NONE', #1742, 0.01000000000000001409 ) ;
#833 = ORIENTED_EDGE ( 'NONE', *, *, #1424, .T. ) ;
#834 = AXIS2_PLACEMENT_3D ( 'NONE', #1057, #1358, #147 ) ;
#835 = ORIENTED_EDGE ( 'NONE', *, *, #981, .T. ) ;
#836 = DIRECTION ( 'NONE',  ( -0.7071067811865474617, 0.000000000000000000, 0.7071067811865474617 ) ) ;
#837 = ORIENTED_EDGE ( 'NONE', *, *, #731, .F. ) ;
#838 = CIRCLE ( 'NONE', #3991, 0.01000000000000002623 ) ;
#839 = DIRECTION ( 'NONE',  ( 0.000000000000000000, -0.4999999999999844569, 0.8660254037844475894 ) ) ;
#840 = ORIENTED_EDGE ( 'NONE', *, *, #3949, .F. ) ;
#841 = CARTESIAN_POINT ( 'NONE',  ( 0.3159672026817064716, 11.15476346003734598, -0.3193224092811616788 ) ) ;
#842 = CARTESIAN_POINT ( 'NONE',  ( 0.1066666666666666596, 1.113333333333334174, 1.163333333333333552 ) ) ;
#843 = DIRECTION ( 'NONE',  ( -0.000000000000000000, 1.000000000000000000, -0.000000000000000000 ) ) ;
#844 = CARTESIAN_POINT ( 'NONE',  ( 0.3199733969465143879, 11.15363591632649687, -0.3108419876365757784 ) ) ;
#845 = CARTESIAN_POINT ( 'NONE',  ( -20.32000000000000028, 0.000000000000000000, 0.000000000000000000 ) ) ;
#846 = DIRECTION ( 'NONE',  ( 0.000000000000000000, 1.000000000000000000, 0.000000000000000000 ) ) ;
#847 = VECTOR ( 'NONE', #2551, 999.9999999999998863 ) ;
#848 = ORIENTED_EDGE ( 'NONE', *, *, #2195, .F. ) ;
#849 = DIRECTION ( 'NONE',  ( -0.4472135954999594820, 0.7745966692414817389, -0.4472135954999594265 ) ) ;
#850 = ORIENTED_EDGE ( 'NONE', *, *, #653, .F. ) ;
#851 = CIRCLE ( 'NONE', #1376, 0.01000000000000002623 ) ;
#852 = ADVANCED_FACE ( 'NONE', ( #180 ), #465, .F. ) ;
#853 = VERTEX_POINT ( 'NONE', #2970 ) ;
#854 = CARTESIAN_POINT ( 'NONE',  ( 0.1142264973081030532, 11.49000000000000021, -0.1142264973081030671 ) ) ;
#855 = AXIS2_PLACEMENT_3D ( 'NONE', #331, #32, #2847 ) ;
#856 = ORIENTED_EDGE ( 'NONE', *, *, #3971, .F. ) ;
#857 = EDGE_CURVE ( 'NONE', #3482, #1144, #1391, .T. ) ;
#858 = CYLINDRICAL_SURFACE ( 'NONE', #1931, 0.009999999999999998473 ) ;
#859 = VERTEX_POINT ( 'NONE', #3612 ) ;
#860 = DIRECTION ( 'NONE',  ( 1.000000000000000000, -0.000000000000000000, -0.000000000000000000 ) ) ;
#861 = CARTESIAN_POINT ( 'NONE',  ( 0.1142264973081030671, 11.49000000000000021, -0.1142264973081030810 ) ) ;
#862 = CARTESIAN_POINT ( 'NONE',  ( 0.3193224092811614567, 0.3452365399626488585, 0.3159672026817060275 ) ) ;
#863 = FACE_OUTER_BOUND ( 'NONE', #1385, .T. ) ;
#864 = CIRCLE ( 'NONE', #1319, 0.009999999999999962044 ) ;
#865 = DIRECTION ( 'NONE',  ( 0.000000000000000000, 0.000000000000000000, 1.000000000000000000 ) ) ;
#866 = CARTESIAN_POINT ( 'NONE',  ( 1.175000000000000711, 2.490000000000000213, -1.000000000000002442 ) ) ;
#867 =( REPRESENTATION_RELATIONSHIP ('NONE','NONE', #2606, #1781 ) REPRESENTATION_RELATIONSHIP_WITH_TRANSFORMATION ( #3500 )SHAPE_REPRESENTATION_RELATIONSHIP( ) );
#868 = ORIENTED_EDGE ( 'NONE', *, *, #671, .T. ) ;
#869 = LINE ( 'NONE', #815, #2409 ) ;
#870 = CARTESIAN_POINT ( 'NONE',  ( -1.270000000000000240, 0.5000000000000000000, 1.990000000000001323 ) ) ;
#871 = EDGE_CURVE ( 'NONE', #1157, #1366, #1198, .T. ) ;
#872 = CIRCLE ( 'NONE', #2383, 0.009999999999999998473 ) ;
#873 = EDGE_CURVE ( 'NONE', #378, #297, #1823, .T. ) ;
#874 = EDGE_CURVE ( 'NONE', #2642, #1793, #3048, .T. ) ;
#875 = SURFACE_STYLE_USAGE ( .BOTH. , #366 ) ;
#876 = ORIENTED_EDGE ( 'NONE', *, *, #2513, .F. ) ;
#877 = CYLINDRICAL_SURFACE ( 'NONE', #1350, 0.009999999999999998473 ) ;
#878 = VERTEX_POINT ( 'NONE', #1095 ) ;
#879 = FACE_OUTER_BOUND ( 'NONE', #3696, .T. ) ;
#880 = ORIENTED_EDGE ( 'NONE', *, *, #3285, .F. ) ;
#881 = DIRECTION ( 'NONE',  ( -4.065758146820642416E-15, 0.000000000000000000, 1.000000000000000000 ) ) ;
#882 = LINE ( 'NONE', #1175, #2025 ) ;
#883 = CYLINDRICAL_SURFACE ( 'NONE', #1785, 0.01000000000000002623 ) ;
#884 = DIRECTION ( 'NONE',  ( 1.000000000000000000, 0.000000000000000000, -0.000000000000000000 ) ) ;
#885 = DIRECTION ( 'NONE',  ( 0.000000000000000000, 0.000000000000000000, 1.000000000000000000 ) ) ;
#886 = DIRECTION ( 'NONE',  ( -1.000000000000000000, 0.000000000000000000, 1.694065894508598706E-16 ) ) ;
#887 = DIRECTION ( 'NONE',  ( 0.000000000000000000, -0.5000000000000014433, -0.8660254037844379305 ) ) ;
#888 = VECTOR ( 'NONE', #2728, 1000.000000000000000 ) ;
#889 = ORIENTED_EDGE ( 'NONE', *, *, #3003, .T. ) ;
#890 = CARTESIAN_POINT ( 'NONE',  ( -0.1228867513459485361, 0.004999999999999977553, 0.1142264973081041773 ) ) ;
#891 = DIRECTION ( 'NONE',  ( 1.355252715606880345E-15, 1.000000000000000000, 0.000000000000000000 ) ) ;
#892 = VERTEX_POINT ( 'NONE', #1787 ) ;
#893 = FACE_OUTER_BOUND ( 'NONE', #1380, .T. ) ;
#894 = ORIENTED_EDGE ( 'NONE', *, *, #3870, .T. ) ;
#895 = DIRECTION ( 'NONE',  ( 8.470329472543004623E-17, 0.000000000000000000, -1.000000000000000000 ) ) ;
#896 = EDGE_LOOP ( 'NONE', ( #2139, #687, #3282, #3561 ) ) ;
#897 = PRODUCT_DEFINITION_SHAPE ( 'NONE', 'NONE',  #4023 ) ;
#898 = EDGE_CURVE ( 'NONE', #1366, #3122, #3130, .T. ) ;
#899 = AXIS2_PLACEMENT_3D ( 'NONE', #3662, #274, #1212 ) ;
#900 = ORIENTED_EDGE ( 'NONE', *, *, #1522, .F. ) ;
#901 = FACE_OUTER_BOUND ( 'NONE', #3086, .T. ) ;
#902 = EDGE_LOOP ( 'NONE', ( #38, #1820, #1471, #1173 ) ) ;
#903 = DIRECTION ( 'NONE',  ( -0.5773502691896262862, 0.5773502691896252870, 0.5773502691896256200 ) ) ;
#904 = DIRECTION ( 'NONE',  ( -0.7071067811865474617, 0.000000000000000000, 0.7071067811865474617 ) ) ;
#905 = VECTOR ( 'NONE', #345, 1000.000000000000000 ) ;
#906 = CARTESIAN_POINT ( 'NONE',  ( 0.6708578643762684868, 2.500000000000000000, -2.529999999999999805 ) ) ;
#907 = CARTESIAN_POINT ( 'NONE',  ( 1.175000000000000711, 2.495857864376268331, -1.000000000000002442 ) ) ;
#908 =( BOUNDED_CURVE ( )  B_SPLINE_CURVE ( 3, ( #632, #3390, #1867, #3141 ),
 .UNSPECIFIED., .F., .F. ) 
 B_SPLINE_CURVE_WITH_KNOTS ( ( 4, 4 ),
 ( 5.624127271420897856, 6.942243342938274608 ),
 .UNSPECIFIED. ) 
 CURVE ( )  GEOMETRIC_REPRESENTATION_ITEM ( )  RATIONAL_B_SPLINE_CURVE ( ( 1.000000000000000000, 0.8603796100557099535, 0.8603796100557099535, 1.000000000000000000 ) ) 
 REPRESENTATION_ITEM ( '' )  );
#909 = VERTEX_POINT ( 'NONE', #1537 ) ;
#910 = DIRECTION ( 'NONE',  ( -8.470329472543004623E-17, -0.000000000000000000, 1.000000000000000000 ) ) ;
#911 = ORIENTED_EDGE ( 'NONE', *, *, #165, .T. ) ;
#912 = DIRECTION ( 'NONE',  ( 0.000000000000000000, 0.000000000000000000, -1.000000000000000000 ) ) ;
#913 = EDGE_CURVE ( 'NONE', #1977, #1770, #2170, .T. ) ;
#914 = ORIENTED_EDGE ( 'NONE', *, *, #411, .F. ) ;
#915 = VECTOR ( 'NONE', #2858, 1000.000000000000000 ) ;
#916 = VECTOR ( 'NONE', #572, 1000.000000000000000 ) ;
#917 = EDGE_LOOP ( 'NONE', ( #1090, #2784, #1765 ) ) ;
#918 = DIRECTION ( 'NONE',  ( 0.000000000000000000, 0.000000000000000000, -1.000000000000000000 ) ) ;
#919 = ORIENTED_EDGE ( 'NONE', *, *, #3165, .F. ) ;
#920 = DIRECTION ( 'NONE',  ( -1.000000000000000000, 0.000000000000000000, -4.565061778886333255E-15 ) ) ;
#921 = DIRECTION ( 'NONE',  ( 8.470329472543004623E-17, 0.000000000000000000, 1.000000000000000000 ) ) ;
#922 = EDGE_CURVE ( 'NONE', #1166, #3190, #423, .T. ) ;
#923 =( REPRESENTATION_RELATIONSHIP ('NONE','NONE', #2606, #3060 ) REPRESENTATION_RELATIONSHIP_WITH_TRANSFORMATION ( #1533 )SHAPE_REPRESENTATION_RELATIONSHIP( ) );
#924 = EDGE_CURVE ( 'NONE', #3805, #1432, #1474, .T. ) ;
#925 = FACE_OUTER_BOUND ( 'NONE', #1502, .T. ) ;
#926 =( BOUNDED_CURVE ( )  B_SPLINE_CURVE ( 3, ( #1341, #3768, #942, #296 ),
 .UNSPECIFIED., .F., .T. ) 
 B_SPLINE_CURVE_WITH_KNOTS ( ( 4, 4 ),
 ( 3.141592653589793116, 3.267932781228569006 ),
 .UNSPECIFIED. ) 
 CURVE ( )  GEOMETRIC_REPRESENTATION_ITEM ( )  RATIONAL_B_SPLINE_CURVE ( ( 1.000000000000000000, 0.9986702899464854344, 0.9986702899464854344, 1.000000000000000000 ) ) 
 REPRESENTATION_ITEM ( '' )  );
#927 = FACE_OUTER_BOUND ( 'NONE', #1408, .T. ) ;
#928 = CARTESIAN_POINT ( 'NONE',  ( 1.179142135623731935, 2.490000000000000213, 2.040000000000000036 ) ) ;
#929 = ORIENTED_EDGE ( 'NONE', *, *, #2196, .T. ) ;
#930 = PRODUCT_DEFINITION_CONTEXT ( 'detailed design', #8, 'design' ) ;
#931 = PLANE ( 'NONE',  #855 ) ;
#932 = CONTEXT_DEPENDENT_SHAPE_REPRESENTATION ( #3169, #3542 ) ;
#933 = CIRCLE ( 'NONE', #159, 0.01000000000000002623 ) ;
#934 = ORIENTED_EDGE ( 'NONE', *, *, #1215, .F. ) ;
#935 = DIRECTION ( 'NONE',  ( 0.000000000000000000, 0.000000000000000000, -1.000000000000000000 ) ) ;
#936 = ORIENTED_EDGE ( 'NONE', *, *, #1050, .F. ) ;
#937 = CONTEXT_DEPENDENT_SHAPE_REPRESENTATION ( #1086, #353 ) ;
#938 = VECTOR ( 'NONE', #1351, 1000.000000000000000 ) ;
#939 = VERTEX_POINT ( 'NONE', #3688 ) ;
#940 = CARTESIAN_POINT ( 'NONE',  ( -1.174999999999999822, 2.490000000000000213, 0.9999999999999978906 ) ) ;
#941 = ORIENTED_EDGE ( 'NONE', *, *, #2048, .T. ) ;
#942 = CARTESIAN_POINT ( 'NONE',  ( 0.3108419876365757784, 0.3463640836734995232, -0.3199733969465143324 ) ) ;
#943 = CARTESIAN_POINT ( 'NONE',  ( 0.3199733969465144989, 11.15363591632649509, 0.3108419876365753898 ) ) ;
#944 = CYLINDRICAL_SURFACE ( 'NONE', #2180, 0.009999999999999903064 ) ;
#945 = EDGE_CURVE ( 'NONE', #3668, #3743, #351, .T. ) ;
#946 = CARTESIAN_POINT ( 'NONE',  ( -0.3199999999999998401, 0.9000000000000010214, 1.589999999999999636 ) ) ;
#947 = PLANE ( 'NONE',  #3029 ) ;
#948 = EDGE_CURVE ( 'NONE', #2182, #3914, #2201, .T. ) ;
#949 = ORIENTED_EDGE ( 'NONE', *, *, #3144, .T. ) ;
#950 = PLANE ( 'NONE',  #3755 ) ;
#951 = VECTOR ( 'NONE', #1491, 1000.000000000000000 ) ;
#952 = EDGE_LOOP ( 'NONE', ( #2184, #313, #3925, #1461 ) ) ;
#953 = DIRECTION ( 'NONE',  ( 1.000000000000000000, -0.000000000000000000, -0.000000000000000000 ) ) ;
#954 = ORIENTED_EDGE ( 'NONE', *, *, #785, .T. ) ;
#955 = AXIS2_PLACEMENT_3D ( 'NONE', #1179, #3054, #2426 ) ;
#956 = EDGE_LOOP ( 'NONE', ( #1607, #755, #1019, #690 ) ) ;
#957 = CARTESIAN_POINT ( 'NONE',  ( 0.3217320508075687813, 0.3494101615137729100, -0.3130717967697245196 ) ) ;
#958 = EDGE_LOOP ( 'NONE', ( #429, #71, #2725, #636 ) ) ;
#959 = AXIS2_PLACEMENT_3D ( 'NONE', #2829, #3822, #3804 ) ;
#960 = CARTESIAN_POINT ( 'NONE',  ( 0.3200000000000002287, 0.000000000000000000, -0.9499999999999996225 ) ) ;
#961 = DIRECTION ( 'NONE',  ( 1.000000000000000000, 1.355252715606880740E-15, 1.836709923159824932E-30 ) ) ;
#962 = PRODUCT_DEFINITION_SHAPE ( 'NONE', 'NONE',  #4036 ) ;
#963 = VECTOR ( 'NONE', #2034, 1000.000000000000000 ) ;
#964 = CARTESIAN_POINT ( 'NONE',  ( -0.6708578643762687088, 2.490000000000000213, -2.529999999999999805 ) ) ;
#965 = DIRECTION ( 'NONE',  ( -1.000000000000000000, -0.000000000000000000, 9.389466242107271309E-15 ) ) ;
#966 = EDGE_CURVE ( 'NONE', #3190, #859, #303, .T. ) ;
#967 = CARTESIAN_POINT ( 'NONE',  ( 0.3159672026817068602, 11.15476346003734420, 0.3193224092811619008 ) ) ;
#968 = AXIS2_PLACEMENT_3D ( 'NONE', #2386, #2719, #512 ) ;
#969 =( NAMED_UNIT ( * ) PLANE_ANGLE_UNIT ( ) SI_UNIT ( $, .RADIAN. ) );
#970 = CIRCLE ( 'NONE', #265, 0.009999999999999998473 ) ;
#971 = ORIENTED_EDGE ( 'NONE', *, *, #335, .T. ) ;
#972 = CARTESIAN_POINT ( 'NONE',  ( -0.3199202969641258831, 11.15372788819387395, -0.3112600429262804558 ) ) ;
#973 = ITEM_DEFINED_TRANSFORMATION ( 'NONE', 'NONE', #3789,  #3607 ) ;
#974 = ORIENTED_EDGE ( 'NONE', *, *, #2373, .T. ) ;
#975 = FACE_OUTER_BOUND ( 'NONE', #194, .T. ) ;
#976 = ORIENTED_EDGE ( 'NONE', *, *, #2436, .T. ) ;
#977 = CONTEXT_DEPENDENT_SHAPE_REPRESENTATION ( #2685, #1906 ) ;
#978 = EDGE_LOOP ( 'NONE', ( #1626, #2823, #1346, #1363 ) ) ;
#979 = DIRECTION ( 'NONE',  ( 0.000000000000000000, 0.000000000000000000, -1.000000000000000000 ) ) ;
#980 = VECTOR ( 'NONE', #506, 1000.000000000000000 ) ;
#981 = EDGE_CURVE ( 'NONE', #3109, #124, #1174, .T. ) ;
#982 = ORIENTED_EDGE ( 'NONE', *, *, #3279, .T. ) ;
#983 = DIRECTION ( 'NONE',  ( 1.000000000000000000, 0.000000000000000000, -8.470329472543004623E-17 ) ) ;
#984 = AXIS2_PLACEMENT_3D ( 'NONE', #1788, #3315, #517 ) ;
#985 = DIRECTION ( 'NONE',  ( 0.000000000000000000, 0.000000000000000000, 1.000000000000000000 ) ) ;
#986 = CARTESIAN_POINT ( 'NONE',  ( -1.269999999999999796, -4.081105855034882879, -2.040000000000000036 ) ) ;
#987 = LINE ( 'NONE', #2566, #915 ) ;
#988 = DIRECTION ( 'NONE',  ( 0.000000000000000000, 0.000000000000000000, 1.000000000000000000 ) ) ;
#989 = ORIENTED_EDGE ( 'NONE', *, *, #1893, .F. ) ;
#990 = SURFACE_SIDE_STYLE ('',( #3817 ) ) ;
#991 = CARTESIAN_POINT ( 'NONE',  ( -0.6708578643762687088, 0.000000000000000000, 2.530000000000000693 ) ) ;
#992 = ORIENTED_EDGE ( 'NONE', *, *, #1592, .F. ) ;
#994 = VECTOR ( 'NONE', #3769, 1000.000000000000000 ) ;
#993 = FACE_OUTER_BOUND ( 'NONE', #2854, .T. ) ;
#995 = AXIS2_PLACEMENT_3D ( 'NONE', #2524, #3788, #713 ) ;
#996 = ORIENTED_EDGE ( 'NONE', *, *, #315, .T. ) ;
#997 = EDGE_CURVE ( 'NONE', #796, #1217, #3072, .T. ) ;
#998 = ADVANCED_FACE ( 'NONE', ( #2422 ), #2146, .T. ) ;
#999 = ORIENTED_EDGE ( 'NONE', *, *, #2001, .T. ) ;
#1000 = CARTESIAN_POINT ( 'NONE',  ( -1.174999999999999822, 2.500000000000000000, 2.030000000000000693 ) ) ;
#1001 = ORIENTED_EDGE ( 'NONE', *, *, #948, .F. ) ;
#1002 = SPHERICAL_SURFACE ( 'NONE', #1517, 0.01000000000000000021 ) ;
#1003 = CIRCLE ( 'NONE', #695, 0.01000000000000002623 ) ;
#1004 = AXIS2_PLACEMENT_3D ( 'NONE', #1631, #2900, #99 ) ;
#1005 = DIRECTION ( 'NONE',  ( -1.000000000000000000, 0.000000000000000000, -0.000000000000000000 ) ) ;
#1006 = CARTESIAN_POINT ( 'NONE',  ( -0.6708578643762687088, 2.490000000000000213, -2.529999999999999805 ) ) ;
#1007 = CARTESIAN_POINT ( 'NONE',  ( -1.164999999999999813, 2.490000000000000213, 2.035857864376269699 ) ) ;
#1008 = LINE ( 'NONE', #251, #1112 ) ;
#1009 = ORIENTED_EDGE ( 'NONE', *, *, #3221, .T. ) ;
#1010 =( LENGTH_UNIT ( ) NAMED_UNIT ( * ) SI_UNIT ( .MILLI., .METRE. ) );
#1011 = FACE_OUTER_BOUND ( 'NONE', #902, .T. ) ;
#1012 = CARTESIAN_POINT ( 'NONE',  ( -1.270000000000000240, 0.5000000000000000000, -2.040000000000000480 ) ) ;
#1013 = ORIENTED_EDGE ( 'NONE', *, *, #3005, .T. ) ;
#1014 = CARTESIAN_POINT ( 'NONE',  ( -0.3100000000000001088, 0.3464101615137729628, -0.3199999999999999512 ) ) ;
#1015 = ORIENTED_EDGE ( 'NONE', *, *, #392, .T. ) ;
#1016 = DIRECTION ( 'NONE',  ( -1.000000000000000000, 1.355252715606880937E-15, -7.824555201756080460E-16 ) ) ;
#1017 = ORIENTED_EDGE ( 'NONE', *, *, #2578, .T. ) ;
#1018 = CARTESIAN_POINT ( 'NONE',  ( 9.267075411139279960E-15, 2.490000000000000213, 2.030000000000005134 ) ) ;
#1019 = ORIENTED_EDGE ( 'NONE', *, *, #2306, .F. ) ;
#1020 = EDGE_CURVE ( 'NONE', #2338, #3921, #3425, .T. ) ;
#1021 = CYLINDRICAL_SURFACE ( 'NONE', #2168, 0.01000000000000002623 ) ;
#1022 = CARTESIAN_POINT ( 'NONE',  ( 0.3199733969465144434, 0.3463640836734995232, 0.3108419876365758339 ) ) ;
#1023 = DIRECTION ( 'NONE',  ( 1.000000000000000000, 0.000000000000000000, 0.000000000000000000 ) ) ;
#1024 = LINE ( 'NONE', #683, #2545 ) ;
#1025 = DIRECTION ( 'NONE',  ( -0.8660254037844374864, 0.5000000000000019984, 1.467104100329255226E-16 ) ) ;
#1026 = ADVANCED_BREP_SHAPE_REPRESENTATION ( '', ( #3901, #3607 ), #2072 ) ;
#1027 = AXIS2_PLACEMENT_3D ( 'NONE', #3064, #1146, #836 ) ;
#1028 = ADVANCED_FACE ( 'NONE', ( #3112 ), #2798, .T. ) ;
#1029 = DIRECTION ( 'NONE',  ( -0.4472135954999593155, 0.7745966692414818500, 0.4472135954999593710 ) ) ;
#1030 = PRODUCT_DEFINITION_SHAPE ( 'NONE', 'NONE',  #4043 ) ;
#1031 = MECHANICAL_DESIGN_GEOMETRIC_PRESENTATION_REPRESENTATION (  '', ( #2740 ), #2541 ) ;
#1032 = ORIENTED_EDGE ( 'NONE', *, *, #997, .F. ) ;
#1033 = CARTESIAN_POINT ( 'NONE',  ( -12.70000000000000107, 0.000000000000000000, 0.000000000000000000 ) ) ;
#1035 = EDGE_CURVE ( 'NONE', #578, #1713, #2081, .T. ) ;
#1034 = FACE_OUTER_BOUND ( 'NONE', #1368, .T. ) ;
#1036 = DIRECTION ( 'NONE',  ( 0.4472135954999578722, 0.7745966692414834043, 0.4472135954999578722 ) ) ;
#1037 = DIRECTION ( 'NONE',  ( 1.000000000000000000, 0.000000000000000000, -9.486769009248165375E-15 ) ) ;
#1038 = ORIENTED_EDGE ( 'NONE', *, *, #1876, .F. ) ;
#1039 = CARTESIAN_POINT ( 'NONE',  ( -1.174999999999998934, 0.004142135623730977372, -2.040000000000000480 ) ) ;
#1040 = EDGE_LOOP ( 'NONE', ( #1056, #2744, #2534, #1064 ) ) ;
#1041 =( BOUNDED_CURVE ( )  B_SPLINE_CURVE ( 3, ( #3180, #2296, #3570, #740 ),
 .UNSPECIFIED., .F., .T. ) 
 B_SPLINE_CURVE_WITH_KNOTS ( ( 4, 4 ),
 ( 3.141592653589791784, 4.712388980384689674 ),
 .UNSPECIFIED. ) 
 CURVE ( )  GEOMETRIC_REPRESENTATION_ITEM ( )  RATIONAL_B_SPLINE_CURVE ( ( 1.000000000000000000, 0.8047378541243646044, 0.8047378541243646044, 1.000000000000000000 ) ) 
 REPRESENTATION_ITEM ( '' )  );
#1042 = EDGE_CURVE ( 'NONE', #1571, #1466, #1456, .T. ) ;
#1043 = EDGE_LOOP ( 'NONE', ( #3317, #1961, #1302 ) ) ;
#1044 = PLANE ( 'NONE',  #1675 ) ;
#1045 = ORIENTED_EDGE ( 'NONE', *, *, #1642, .T. ) ;
#1046 = CARTESIAN_POINT ( 'NONE',  ( -0.3199999999999998401, 0.000000000000000000, -1.589999999999999636 ) ) ;
#1047 = CARTESIAN_POINT ( 'NONE',  ( 0.1142264973081030810, 11.49000000000000021, -1.935072133388359121E-17 ) ) ;
#1048 = CARTESIAN_POINT ( 'NONE',  ( 0.3200000000000001732, 0.9000000000000010214, 1.589999999999999636 ) ) ;
#1049 = CARTESIAN_POINT ( 'NONE',  ( -1.174999999999999822, 2.350000000000000089, 0.9999999999999978906 ) ) ;
#1050 = EDGE_CURVE ( 'NONE', #1907, #1432, #864, .T. ) ;
#1051 = AXIS2_PLACEMENT_3D ( 'NONE', #3004, #190, #1429 ) ;
#1052 = ADVANCED_FACE ( 'NONE', ( #1956 ), #2772, .T. ) ;
#1053 = AXIS2_PLACEMENT_3D ( 'NONE', #684, #2172, #1863 ) ;
#1054 = CARTESIAN_POINT ( 'NONE',  ( -0.3100000000000001088, 11.50000000000000000, -0.3199999999999999512 ) ) ;
#1055 = AXIS2_PLACEMENT_3D ( 'NONE', #2864, #2554, #726 ) ;
#1056 = ORIENTED_EDGE ( 'NONE', *, *, #3820, .T. ) ;
#1057 = CARTESIAN_POINT ( 'NONE',  ( 0.000000000000000000, 0.000000000000000000, 0.000000000000000000 ) ) ;
#1058 = EDGE_CURVE ( 'NONE', #2963, #735, #2917, .T. ) ;
#1059 = CARTESIAN_POINT ( 'NONE',  ( 1.172071067811865319, 2.490000000000000213, -2.042928932188134539 ) ) ;
#1060 = DIRECTION ( 'NONE',  ( 0.7071067811865469066, 0.7071067811865482389, 5.989427408919425682E-17 ) ) ;
#1061 = CARTESIAN_POINT ( 'NONE',  ( -1.175000000000000266, 2.350000000000000089, -1.000000000000002220 ) ) ;
#1062 = ORIENTED_EDGE ( 'NONE', *, *, #2177, .F. ) ;
#1063 = PLANE ( 'NONE',  #2275 ) ;
#1064 = ORIENTED_EDGE ( 'NONE', *, *, #93, .T. ) ;
#1065 = AXIS2_PLACEMENT_3D ( 'NONE', #2650, #1416, #2344 ) ;
#1066 = ORIENTED_EDGE ( 'NONE', *, *, #750, .T. ) ;
#1067 = FACE_OUTER_BOUND ( 'NONE', #2314, .T. ) ;
#1068 = ORIENTED_EDGE ( 'NONE', *, *, #1622, .F. ) ;
#1069 = CARTESIAN_POINT ( 'NONE',  ( -1.269999999999999796, -4.081105855034882879, 2.040000000000000036 ) ) ;
#1070 = LINE ( 'NONE', #1715, #438 ) ;
#1071 = CARTESIAN_POINT ( 'NONE',  ( -0.3199999999999998401, 0.9000000000000010214, 1.589999999999999636 ) ) ;
#1072 = DIRECTION ( 'NONE',  ( -1.694065894508600678E-16, 0.000000000000000000, -1.000000000000000000 ) ) ;
#1073 = EDGE_CURVE ( 'NONE', #3987, #117, #3464, .T. ) ;
#1074 = VECTOR ( 'NONE', #3289, 1000.000000000000000 ) ;
#1075 = LINE ( 'NONE', #3615, #3158 ) ;
#1076 = ORIENTED_EDGE ( 'NONE', *, *, #2330, .F. ) ;
#1077 = CARTESIAN_POINT ( 'NONE',  ( 3.252606517456513302E-16, -2.200000000000000622, 1.269999999999999574 ) ) ;
#1078 = ADVANCED_FACE ( 'NONE', ( #3541 ), #341, .F. ) ;
#1079 = CYLINDRICAL_SURFACE ( 'NONE', #327, 0.01000000000000002623 ) ;
#1080 = EDGE_CURVE ( 'NONE', #2500, #2292, #3235, .T. ) ;
#1081 = DIRECTION ( 'NONE',  ( -0.7071067811865475727, 0.000000000000000000, 0.7071067811865475727 ) ) ;
#1082 = DIRECTION ( 'NONE',  ( 0.000000000000000000, -0.4999999999999844569, -0.8660254037844475894 ) ) ;
#1083 = EDGE_LOOP ( 'NONE', ( #2264, #1323, #192, #3834 ) ) ;
#1084 = CARTESIAN_POINT ( 'NONE',  ( -1.174999999999998934, 0.01000000000000002623, -2.040000000000000480 ) ) ;
#1085 = VERTEX_POINT ( 'NONE', #1647 ) ;
#1086 =( REPRESENTATION_RELATIONSHIP ('NONE','NONE', #2606, #3060 ) REPRESENTATION_RELATIONSHIP_WITH_TRANSFORMATION ( #1551 )SHAPE_REPRESENTATION_RELATIONSHIP( ) );
#1087 = EDGE_CURVE ( 'NONE', #2116, #340, #926, .T. ) ;
#1088 = ORIENTED_EDGE ( 'NONE', *, *, #392, .F. ) ;
#1089 = DIRECTION ( 'NONE',  ( -1.000000000000000000, 0.000000000000000000, 0.000000000000000000 ) ) ;
#1090 = ORIENTED_EDGE ( 'NONE', *, *, #1633, .F. ) ;
#1091 = DIRECTION ( 'NONE',  ( 1.000000000000000000, 0.000000000000000000, -2.282530889443166233E-15 ) ) ;
#1092 = CARTESIAN_POINT ( 'NONE',  ( 0.7200000000000019718, 0.5000000000000000000, -1.990000000000000879 ) ) ;
#1093 = DIRECTION ( 'NONE',  ( 0.000000000000000000, 0.000000000000000000, 1.000000000000000000 ) ) ;
#1094 = CYLINDRICAL_SURFACE ( 'NONE', #1761, 0.009999999999999998473 ) ;
#1095 = CARTESIAN_POINT ( 'NONE',  ( -0.6708578643762687088, 2.490000000000000213, 2.540000000000000480 ) ) ;
#1096 = LINE ( 'NONE', #2280, #1074 ) ;
#1097 = EDGE_CURVE ( 'NONE', #1665, #2937, #3637, .T. ) ;
#1098 = ORIENTED_EDGE ( 'NONE', *, *, #1159, .F. ) ;
#1099 = DIRECTION ( 'NONE',  ( 2.168404344971003188E-14, 0.000000000000000000, -1.000000000000000000 ) ) ;
#1100 = FACE_OUTER_BOUND ( 'NONE', #658, .T. ) ;
#1101 = AXIS2_PLACEMENT_3D ( 'NONE', #234, #3042, #2094 ) ;
#1102 =( GEOMETRIC_REPRESENTATION_CONTEXT ( 3 ) GLOBAL_UNCERTAINTY_ASSIGNED_CONTEXT ( ( #2863 ) ) GLOBAL_UNIT_ASSIGNED_CONTEXT ( ( #3474, #2217, #89 ) ) REPRESENTATION_CONTEXT ( 'NONE', 'WORKASPACE' ) );
#1103 = VERTEX_POINT ( 'NONE', #3083 ) ;
#1104 = ORIENTED_EDGE ( 'NONE', *, *, #1880, .F. ) ;
#1105 = ORIENTED_EDGE ( 'NONE', *, *, #2120, .T. ) ;
#1106 = CARTESIAN_POINT ( 'NONE',  ( 1.270000000000000240, 0.5000000000000000000, 2.039999999999999591 ) ) ;
#1107 = CIRCLE ( 'NONE', #160, 0.01000000000000001409 ) ;
#1108 = ORIENTED_EDGE ( 'NONE', *, *, #2531, .T. ) ;
#1109 = CARTESIAN_POINT ( 'NONE',  ( -1.175000000000000266, 2.490000000000000213, -1.000000000000002220 ) ) ;
#1110 = EDGE_CURVE ( 'NONE', #2915, #1667, #546, .T. ) ;
#1111 = CARTESIAN_POINT ( 'NONE',  ( 0.1066666666666665902, 1.113333333333334174, 1.376666666666666039 ) ) ;
#1112 = VECTOR ( 'NONE', #1486, 1000.000000000000000 ) ;
#1113 = MANIFOLD_SOLID_BREP ( 'Fillet1', #601 ) ;
#1114 = LINE ( 'NONE', #2693, #1171 ) ;
#1115 = DIRECTION ( 'NONE',  ( 0.000000000000000000, 1.000000000000000000, 0.000000000000000000 ) ) ;
#1116 = CARTESIAN_POINT ( 'NONE',  ( 0.08907179676972415416, 11.53856921938165137, 0.09773205080756852681 ) ) ;
#1117 = DIRECTION ( 'NONE',  ( 1.000000000000000000, 0.000000000000000000, 0.000000000000000000 ) ) ;
#1118 = AXIS2_PLACEMENT_3D ( 'NONE', #764, #1800, #3986 ) ;
#1119 = CARTESIAN_POINT ( 'NONE',  ( 0.6708578643762682647, 0.01000000000000000021, -2.529999999999999805 ) ) ;
#1120 = FACE_OUTER_BOUND ( 'NONE', #521, .T. ) ;
#1121 = AXIS2_PLACEMENT_3D ( 'NONE', #1621, #1314, #2300 ) ;
#1122 = VERTEX_POINT ( 'NONE', #3832 ) ;
#1123 = PRESENTATION_STYLE_ASSIGNMENT (( #730 ) ) ;
#1124 = FACE_OUTER_BOUND ( 'NONE', #2514, .T. ) ;
#1125 = EDGE_CURVE ( 'NONE', #124, #1489, #3392, .T. ) ;
#1126 = ORIENTED_EDGE ( 'NONE', *, *, #2704, .T. ) ;
#1127 = CARTESIAN_POINT ( 'NONE',  ( -0.3200000000000001177, 0.3464101615137729628, -0.3099999999999999423 ) ) ;
#1128 = ORIENTED_EDGE ( 'NONE', *, *, #1848, .T. ) ;
#1129 = PLANE ( 'NONE',  #2567 ) ;
#1130 = EDGE_CURVE ( 'NONE', #2377, #437, #2061, .T. ) ;
#1131 = LINE ( 'NONE', #739, #1798 ) ;
#1132 = AXIS2_PLACEMENT_3D ( 'NONE', #400, #1630, #1612 ) ;
#1133 = VECTOR ( 'NONE', #2441, 1000.000000000000000 ) ;
#1134 = CARTESIAN_POINT ( 'NONE',  ( -1.164999999999999813, 2.490000000000000213, -2.035857864376268811 ) ) ;
#1135 = DIRECTION ( 'NONE',  ( 0.7071067811865475727, 0.000000000000000000, 0.7071067811865475727 ) ) ;
#1136 = CARTESIAN_POINT ( 'NONE',  ( 0.3112600429262815105, 0.3462721118061211079, 0.3199202969641257166 ) ) ;
#1137 = DIRECTION ( 'NONE',  ( 0.000000000000000000, 0.000000000000000000, 1.000000000000000000 ) ) ;
#1138 = FACE_OUTER_BOUND ( 'NONE', #712, .T. ) ;
#1139 = DIRECTION ( 'NONE',  ( -8.470329472543004623E-17, 0.000000000000000000, 1.000000000000000000 ) ) ;
#1140 = VECTOR ( 'NONE', #1152, 1000.000000000000114 ) ;
#1141 = VECTOR ( 'NONE', #2405, 1000.000000000000000 ) ;
#1142 = VERTEX_POINT ( 'NONE', #3795 ) ;
#1143 = DIRECTION ( 'NONE',  ( 0.4472135954999592600, -0.7745966692414817389, -0.4472135954999593710 ) ) ;
#1144 = VERTEX_POINT ( 'NONE', #272 ) ;
#1145 = EDGE_LOOP ( 'NONE', ( #2351, #137, #1390, #2165 ) ) ;
#1146 = DIRECTION ( 'NONE',  ( -0.7071067811865475727, 1.533293416683370135E-14, -0.7071067811865475727 ) ) ;
#1147 = VERTEX_POINT ( 'NONE', #3062 ) ;
#1148 = LINE ( 'NONE', #2381, #1223 ) ;
#1149 = CIRCLE ( 'NONE', #3391, 0.01000000000000002623 ) ;
#1150 = CARTESIAN_POINT ( 'NONE',  ( 0.3200000000000001732, 2.500000000000000000, -1.589999999999999636 ) ) ;
#1151 = DIRECTION ( 'NONE',  ( 0.7071067811865474617, 0.000000000000000000, -0.7071067811865474617 ) ) ;
#1152 = DIRECTION ( 'NONE',  ( -0.4472135954999578722, 0.7745966692414834043, -0.4472135954999578722 ) ) ;
#1153 = LINE ( 'NONE', #1952, #1141 ) ;
#1154 = DIRECTION ( 'NONE',  ( 1.000000000000000000, 0.000000000000000000, 0.000000000000000000 ) ) ;
#1155 = PLANE ( 'NONE',  #3364 ) ;
#1156 = CYLINDRICAL_SURFACE ( 'NONE', #132, 0.009999999999999998473 ) ;
#1157 = VERTEX_POINT ( 'NONE', #1162 ) ;
#1158 = EDGE_CURVE ( 'NONE', #3914, #349, #552, .T. ) ;
#1159 = EDGE_CURVE ( 'NONE', #332, #2266, #2749, .T. ) ;
#1160 = CIRCLE ( 'NONE', #641, 0.01000000000000001409 ) ;
#1161 = ORIENTED_EDGE ( 'NONE', *, *, #2230, .T. ) ;
#1162 = CARTESIAN_POINT ( 'NONE',  ( -0.6708578643762687088, 0.000000000000000000, -2.529999999999999805 ) ) ;
#1163 = ORIENTED_EDGE ( 'NONE', *, *, #3578, .F. ) ;
#1164 = PRODUCT_CONTEXT ( 'NONE', #3642, 'mechanical' ) ;
#1165 = VECTOR ( 'NONE', #2238, 1000.000000000000000 ) ;
#1166 = VERTEX_POINT ( 'NONE', #3512 ) ;
#1167 = CARTESIAN_POINT ( 'NONE',  ( -1.270000000000000240, 0.5000000000000000000, 2.039999999999999591 ) ) ;
#1168 = VERTEX_POINT ( 'NONE', #1187 ) ;
#1169 = AXIS2_PLACEMENT_3D ( 'NONE', #2953, #768, #2908 ) ;
#1170 = EDGE_CURVE ( 'NONE', #640, #2775, #597, .T. ) ;
#1171 = VECTOR ( 'NONE', #525, 1000.000000000000000 ) ;
#1172 = DIRECTION ( 'NONE',  ( 2.125886612716675327E-16, -0.000000000000000000, 1.000000000000000000 ) ) ;
#1173 = ORIENTED_EDGE ( 'NONE', *, *, #380, .F. ) ;
#1174 = LINE ( 'NONE', #1799, #2302 ) ;
#1175 = CARTESIAN_POINT ( 'NONE',  ( 1.270000000000000462, 2.350000000000000089, -1.000000000000002442 ) ) ;
#1176 = CARTESIAN_POINT ( 'NONE',  ( -1.270000000000000240, 0.5000000000000000000, 2.039999999999999591 ) ) ;
#1177 = DIRECTION ( 'NONE',  ( 1.000000000000000000, -0.000000000000000000, -0.000000000000000000 ) ) ;
#1178 = ADVANCED_FACE ( 'NONE', ( #686 ), #1789, .T. ) ;
#1179 = CARTESIAN_POINT ( 'NONE',  ( -27.94000000000000128, 0.000000000000000000, 0.000000000000000000 ) ) ;
#1180 = ADVANCED_FACE ( 'NONE', ( #3701 ), #2111, .T. ) ;
#1181 = CARTESIAN_POINT ( 'NONE',  ( 1.179142135623731935, 2.490000000000000213, 2.050000000000000266 ) ) ;
#1182 = EDGE_CURVE ( 'NONE', #1243, #1166, #1008, .T. ) ;
#1183 = AXIS2_PLACEMENT_3D ( 'NONE', #1007, #2005, #3911 ) ;
#1184 = ORIENTED_EDGE ( 'NONE', *, *, #1514, .F. ) ;
#1185 = DIRECTION ( 'NONE',  ( -0.7071067811865474617, 0.000000000000000000, -0.7071067811865474617 ) ) ;
#1186 = DIRECTION ( 'NONE',  ( 0.000000000000000000, 0.000000000000000000, 1.000000000000000000 ) ) ;
#1187 = CARTESIAN_POINT ( 'NONE',  ( -0.3200000000000000067, 0.3464101615137729628, 0.3100000000000000533 ) ) ;
#1188 = EDGE_LOOP ( 'NONE', ( #1009, #1898, #989 ) ) ;
#1189 = CARTESIAN_POINT ( 'NONE',  ( -1.167928932188134761, 0.000000000000000000, 2.032928932188134752 ) ) ;
#1190 = EDGE_LOOP ( 'NONE', ( #246, #894, #594, #3129 ) ) ;
#1191 = DIRECTION ( 'NONE',  ( 0.4472135954999578722, 0.7745966692414835153, -0.4472135954999579277 ) ) ;
#1192 = ORIENTED_EDGE ( 'NONE', *, *, #2401, .T. ) ;
#1193 = DIRECTION ( 'NONE',  ( -1.000000000000000000, 0.000000000000000000, 0.000000000000000000 ) ) ;
#1194 = LINE ( 'NONE', #3363, #2291 ) ;
#1195 = CARTESIAN_POINT ( 'NONE',  ( -1.179142135623730825, 2.490000000000000213, 2.050000000000000711 ) ) ;
#1196 = VECTOR ( 'NONE', #3846, 1000.000000000000000 ) ;
#1197 = FACE_OUTER_BOUND ( 'NONE', #3098, .T. ) ;
#1198 = CIRCLE ( 'NONE', #3372, 0.01000000000000001409 ) ;
#1199 = DIRECTION ( 'NONE',  ( 0.000000000000000000, 0.000000000000000000, 1.000000000000000000 ) ) ;
#1200 = CYLINDRICAL_SURFACE ( 'NONE', #3215, 0.01000000000000001235 ) ;
#1201 = DIRECTION ( 'NONE',  ( 0.000000000000000000, -1.000000000000000000, -8.538092108323695779E-14 ) ) ;
#1202 = EDGE_CURVE ( 'NONE', #3724, #1217, #1814, .T. ) ;
#1203 = VERTEX_POINT ( 'NONE', #3723 ) ;
#1204 = CARTESIAN_POINT ( 'NONE',  ( -0.6708578643762687088, 0.01000000000000002623, -2.529999999999999805 ) ) ;
#1205 = CARTESIAN_POINT ( 'NONE',  ( -0.1850717967697237398, 0.1327076581449564696, 0.1850717967697237398 ) ) ;
#1206 = APPLICATION_PROTOCOL_DEFINITION ( 'draft international standard', 'automotive_design', 1998, #8 ) ;
#1207 = DIRECTION ( 'NONE',  ( -0.7071067811865474617, 0.000000000000000000, 0.7071067811865474617 ) ) ;
#1208 = AXIS2_PLACEMENT_3D ( 'NONE', #1047, #361, #2232 ) ;
#1209 = PRODUCT_DEFINITION ( 'UNKNOWN', '', #3851, #330 ) ;
#1210 =( LENGTH_UNIT ( ) NAMED_UNIT ( * ) SI_UNIT ( .MILLI., .METRE. ) );
#1211 = ORIENTED_EDGE ( 'NONE', *, *, #981, .F. ) ;
#1212 = DIRECTION ( 'NONE',  ( 0.000000000000000000, 0.000000000000000000, 1.000000000000000000 ) ) ;
#1213 = ORIENTED_EDGE ( 'NONE', *, *, #756, .T. ) ;
#1214 = ADVANCED_FACE ( 'NONE', ( #893 ), #3307, .T. ) ;
#1215 = EDGE_CURVE ( 'NONE', #3496, #1357, #1075, .T. ) ;
#1216 = FACE_OUTER_BOUND ( 'NONE', #3765, .T. ) ;
#1217 = VERTEX_POINT ( 'NONE', #723 ) ;
#1218 = DIRECTION ( 'NONE',  ( -0.7071067811865474617, 0.000000000000000000, -0.7071067811865474617 ) ) ;
#1219 = CARTESIAN_POINT ( 'NONE',  ( 0.3200000000000000067, 11.15358983848622110, 0.3104214140871990879 ) ) ;
#1220 = SPHERICAL_SURFACE ( 'NONE', #235, 0.01000000000000000021 ) ;
#1221 = DIRECTION ( 'NONE',  ( 0.000000000000000000, -2.710505431213761479E-15, -1.000000000000000000 ) ) ;
#1222 = CARTESIAN_POINT ( 'NONE',  ( 0.1850717967697235733, 0.1327076581449564696, -0.1850717967697236566 ) ) ;
#1223 = VECTOR ( 'NONE', #3030, 1000.000000000000000 ) ;
#1224 = EDGE_CURVE ( 'NONE', #1203, #1725, #427, .T. ) ;
#1225 = ORIENTED_EDGE ( 'NONE', *, *, #1300, .F. ) ;
#1226 = VECTOR ( 'NONE', #472, 1000.000000000000000 ) ;
#1227 = DIRECTION ( 'NONE',  ( -0.7071067811865475727, -0.000000000000000000, 0.7071067811865475727 ) ) ;
#1228 = CARTESIAN_POINT ( 'NONE',  ( 0.3104214140871991434, 11.15358983848622287, -0.3199999999999999512 ) ) ;
#1229 = LINE ( 'NONE', #3948, #2437 ) ;
#1230 = AXIS2_PLACEMENT_3D ( 'NONE', #2047, #2737, #3936 ) ;
#1231 = ORIENTED_EDGE ( 'NONE', *, *, #3146, .F. ) ;
#1232 = DIRECTION ( 'NONE',  ( 1.000000000000000000, 0.000000000000000000, 0.000000000000000000 ) ) ;
#1233 = ORIENTED_EDGE ( 'NONE', *, *, #2402, .T. ) ;
#1234 = ADVANCED_FACE ( 'NONE', ( #1967 ), #2587, .F. ) ;
#1235 = EDGE_CURVE ( 'NONE', #729, #3783, #1658, .T. ) ;
#1236 = PRODUCT_DEFINITION_SHAPE ( 'NONE', 'NONE',  #4018 ) ;
#1237 = CONTEXT_DEPENDENT_SHAPE_REPRESENTATION ( #1550, #3439 ) ;
#1238 = AXIS2_PLACEMENT_3D ( 'NONE', #2498, #2265, #312 ) ;
#1239 = AXIS2_PLACEMENT_3D ( 'NONE', #105, #3308, #3532 ) ;
#1240 = ORIENTED_EDGE ( 'NONE', *, *, #1945, .T. ) ;
#1241 = DIRECTION ( 'NONE',  ( -0.8660254037844438146, -0.4999999999999908962, 0.000000000000000000 ) ) ;
#1242 = ADVANCED_FACE ( 'NONE', ( #489 ), #2256, .F. ) ;
#1243 = VERTEX_POINT ( 'NONE', #102 ) ;
#1244 = DIRECTION ( 'NONE',  ( 0.000000000000000000, 0.000000000000000000, 1.000000000000000000 ) ) ;
#1245 = FACE_OUTER_BOUND ( 'NONE', #1394, .T. ) ;
#1246 = CARTESIAN_POINT ( 'NONE',  ( -0.1199999999999995515, 11.50000000000000000, 2.032879073410313418E-17 ) ) ;
#1247 = CARTESIAN_POINT ( 'NONE',  ( 0.3199202969641257721, 0.3462721118061212744, 0.3112600429262813440 ) ) ;
#1248 = CARTESIAN_POINT ( 'NONE',  ( -0.3108419876365758894, 0.3463640836734994677, 0.3199733969465145544 ) ) ;
#1249 = ORIENTED_EDGE ( 'NONE', *, *, #3179, .F. ) ;
#1250 = CARTESIAN_POINT ( 'NONE',  ( 0.000000000000000000, 0.000000000000000000, 0.000000000000000000 ) ) ;
#1251 = CYLINDRICAL_SURFACE ( 'NONE', #2225, 0.009999999999999998473 ) ;
#1252 = VERTEX_POINT ( 'NONE', #2298 ) ;
#1253 = LINE ( 'NONE', #1566, #3858 ) ;
#1254 = ORIENTED_EDGE ( 'NONE', *, *, #2532, .T. ) ;
#1255 = CIRCLE ( 'NONE', #1053, 0.01000000000000000368 ) ;
#1256 = EDGE_CURVE ( 'NONE', #3718, #94, #1721, .T. ) ;
#1257 = DIRECTION ( 'NONE',  ( 0.000000000000000000, -1.000000000000000000, 0.000000000000000000 ) ) ;
#1258 = ORIENTED_EDGE ( 'NONE', *, *, #1020, .F. ) ;
#1259 = EDGE_CURVE ( 'NONE', #617, #3493, #789, .T. ) ;
#1260 = DIRECTION ( 'NONE',  ( 0.7071067811865475727, 0.000000000000000000, -0.7071067811865475727 ) ) ;
#1261 = CARTESIAN_POINT ( 'NONE',  ( 0.3200000000000001732, 0.000000000000000000, -1.589999999999999636 ) ) ;
#1262 = CARTESIAN_POINT ( 'NONE',  ( 1.165000000000000702, 2.500000000000000000, 1.009999999999997566 ) ) ;
#1263 = FACE_OUTER_BOUND ( 'NONE', #656, .T. ) ;
#1264 = CARTESIAN_POINT ( 'NONE',  ( -0.1142264973081042051, 0.01000000000000000021, -0.1142264973081040941 ) ) ;
#1265 = ORIENTED_EDGE ( 'NONE', *, *, #3836, .F. ) ;
#1266 = CARTESIAN_POINT ( 'NONE',  ( 0.1850717967697236843, 0.1327076581449564419, 0.1850717967697236288 ) ) ;
#1267 = ITEM_DEFINED_TRANSFORMATION ( 'NONE', 'NONE', #1356,  #3607 ) ;
#1268 = AXIS2_PLACEMENT_3D ( 'NONE', #3721, #3930, #1207 ) ;
#1269 = TOROIDAL_SURFACE ( 'NONE', #3247, 0.02000000000000000042, 0.01000000000000000021 ) ;
#1270 = ORIENTED_EDGE ( 'NONE', *, *, #3227, .F. ) ;
#1271 = DIRECTION ( 'NONE',  ( -1.000000000000000000, 0.000000000000000000, 0.000000000000000000 ) ) ;
#1272 = ORIENTED_EDGE ( 'NONE', *, *, #1451, .T. ) ;
#1273 = ORIENTED_EDGE ( 'NONE', *, *, #2088, .F. ) ;
#1274 = DIRECTION ( 'NONE',  ( 1.000000000000000000, 0.000000000000000000, 4.565061778886333255E-15 ) ) ;
#1275 = ORIENTED_EDGE ( 'NONE', *, *, #2145, .T. ) ;
#1276 = CARTESIAN_POINT ( 'NONE',  ( -1.165000000000000036, 2.500000000000000000, 2.526191061891225331E-16 ) ) ;
#1277 = CYLINDRICAL_SURFACE ( 'NONE', #615, 0.009999999999999903064 ) ;
#1278 = CARTESIAN_POINT ( 'NONE',  ( 0.000000000000000000, 11.50000000000000000, 0.1142264973081031781 ) ) ;
#1279 = DIRECTION ( 'NONE',  ( -8.470329472543004623E-17, 0.000000000000000000, 1.000000000000000000 ) ) ;
#1280 = LINE ( 'NONE', #49, #3430 ) ;
#1281 = VERTEX_POINT ( 'NONE', #123 ) ;
#1282 =( NAMED_UNIT ( * ) SI_UNIT ( $, .STERADIAN. ) SOLID_ANGLE_UNIT ( ) );
#1283 = LINE ( 'NONE', #3758, #2695 ) ;
#1284 = VECTOR ( 'NONE', #3992, 1000.000000000000000 ) ;
#1285 = ADVANCED_FACE ( 'NONE', ( #166 ), #703, .F. ) ;
#1286 = ORIENTED_EDGE ( 'NONE', *, *, #241, .F. ) ;
#1287 = LINE ( 'NONE', #3539, #1552 ) ;
#1288 = VERTEX_POINT ( 'NONE', #3573 ) ;
#1289 =( REPRESENTATION_RELATIONSHIP ('NONE','NONE', #2606, #3060 ) REPRESENTATION_RELATIONSHIP_WITH_TRANSFORMATION ( #3459 )SHAPE_REPRESENTATION_RELATIONSHIP( ) );
#1290 = VERTEX_POINT ( 'NONE', #3592 ) ;
#1291 = VECTOR ( 'NONE', #1712, 1000.000000000000000 ) ;
#1292 = DIRECTION ( 'NONE',  ( -0.7071067811865476838, 0.000000000000000000, -0.7071067811865473507 ) ) ;
#1293 = COLOUR_RGB ( '',1.000000000000000000, 0.8078431372549019773, 0.4980392156862745168 ) ;
#1294 = DIRECTION ( 'NONE',  ( 0.000000000000000000, 0.000000000000000000, -1.000000000000000000 ) ) ;
#1295 = DIRECTION ( 'NONE',  ( 0.000000000000000000, 0.4999999999999999445, 0.8660254037844387076 ) ) ;
#1296 = ADVANCED_FACE ( 'NONE', ( #2610 ), #2951, .T. ) ;
#1297 = CARTESIAN_POINT ( 'NONE',  ( -1.600428932188133979, 2.500000000000000000, -1.600428932188134867 ) ) ;
#1298 = VECTOR ( 'NONE', #3013, 1000.000000000000000 ) ;
#1299 = ORIENTED_EDGE ( 'NONE', *, *, #3373, .F. ) ;
#1300 = EDGE_CURVE ( 'NONE', #311, #1772, #1096, .T. ) ;
#1301 = CONTEXT_DEPENDENT_SHAPE_REPRESENTATION ( #495, #2906 ) ;
#1302 = ORIENTED_EDGE ( 'NONE', *, *, #2068, .F. ) ;
#1303 = CARTESIAN_POINT ( 'NONE',  ( 1.179142135623731935, -4.081105855034882879, 2.040000000000000036 ) ) ;
#1304 = ORIENTED_EDGE ( 'NONE', *, *, #2088, .T. ) ;
#1305 = EDGE_LOOP ( 'NONE', ( #2619, #1708, #1076, #2770 ) ) ;
#1306 = CARTESIAN_POINT ( 'NONE',  ( 0.6679289321881338726, 0.01000000000000002623, -2.532928932188134308 ) ) ;
#1307 = VECTOR ( 'NONE', #1887, 999.9999999999998863 ) ;
#1308 = ORIENTED_EDGE ( 'NONE', *, *, #2089, .T. ) ;
#1309 = DIRECTION ( 'NONE',  ( -4.565061778886333255E-15, 0.000000000000000000, 1.000000000000000000 ) ) ;
#1310 = CARTESIAN_POINT ( 'NONE',  ( 1.269999999999999796, 2.490000000000000213, -2.030000000000000693 ) ) ;
#1311 = DIRECTION ( 'NONE',  ( -0.000000000000000000, 1.000000000000000000, -0.000000000000000000 ) ) ;
#1312 = ORIENTED_EDGE ( 'NONE', *, *, #749, .F. ) ;
#1313 = DIRECTION ( 'NONE',  ( 1.000000000000000000, 0.000000000000000000, 0.000000000000000000 ) ) ;
#1314 = DIRECTION ( 'NONE',  ( 0.000000000000000000, 1.000000000000000000, 0.000000000000000000 ) ) ;
#1315 = EDGE_CURVE ( 'NONE', #1168, #2338, #1331, .T. ) ;
#1316 = CYLINDRICAL_SURFACE ( 'NONE', #3184, 0.009999999999999998473 ) ;
#1317 = ORIENTED_EDGE ( 'NONE', *, *, #2973, .F. ) ;
#1318 = DIRECTION ( 'NONE',  ( 0.000000000000000000, -0.000000000000000000, 1.000000000000000000 ) ) ;
#1319 = AXIS2_PLACEMENT_3D ( 'NONE', #3444, #3155, #2598 ) ;
#1320 = ORIENTED_EDGE ( 'NONE', *, *, #1773, .T. ) ;
#1321 = PRODUCT ( 'header-2.54-body2_\X2\9ed88ba4\X0\', 'header-2.54-body2_\X2\9ed88ba4\X0\', '', ( #2200 ) ) ;
#1322 =( BOUNDED_CURVE ( )  B_SPLINE_CURVE ( 3, ( #792, #3017, #224, #2407 ),
 .UNSPECIFIED., .F., .T. ) 
 B_SPLINE_CURVE_WITH_KNOTS ( ( 4, 4 ),
 ( 3.141592653589793116, 4.712388980384696779 ),
 .UNSPECIFIED. ) 
 CURVE ( )  GEOMETRIC_REPRESENTATION_ITEM ( )  RATIONAL_B_SPLINE_CURVE ( ( 1.000000000000000000, 0.8047378541243632721, 0.8047378541243632721, 1.000000000000000000 ) ) 
 REPRESENTATION_ITEM ( '' )  );
#1323 = ORIENTED_EDGE ( 'NONE', *, *, #756, .F. ) ;
#1324 = ADVANCED_FACE ( 'NONE', ( #406 ), #2652, .T. ) ;
#1325 = ORIENTED_EDGE ( 'NONE', *, *, #2580, .T. ) ;
#1326 = FACE_OUTER_BOUND ( 'NONE', #3757, .T. ) ;
#1327 = EDGE_CURVE ( 'NONE', #2388, #909, #3267, .T. ) ;
#1328 = CARTESIAN_POINT ( 'NONE',  ( -1.165000000000000258, 2.500000000000000000, -1.010000000000002229 ) ) ;
#1329 = FACE_OUTER_BOUND ( 'NONE', #3876, .T. ) ;
#1330 = LINE ( 'NONE', #3872, #404 ) ;
#1331 = LINE ( 'NONE', #1355, #2444 ) ;
#1332 = ORIENTED_EDGE ( 'NONE', *, *, #1315, .F. ) ;
#1333 = DIRECTION ( 'NONE',  ( 0.000000000000000000, 0.000000000000000000, 1.000000000000000000 ) ) ;
#1334 = DIRECTION ( 'NONE',  ( 0.000000000000000000, 0.000000000000000000, -1.000000000000000000 ) ) ;
#1335 = CARTESIAN_POINT ( 'NONE',  ( -0.6749999999999996003, 2.500000000000000000, 2.540000000000000480 ) ) ;
#1336 = EDGE_CURVE ( 'NONE', #104, #2893, #2675, .T. ) ;
#1337 = LINE ( 'NONE', #3837, #3449 ) ;
#1338 = ORIENTED_EDGE ( 'NONE', *, *, #2401, .F. ) ;
#1339 = CARTESIAN_POINT ( 'NONE',  ( -1.269999999999999796, 2.490000000000000213, 1.009999999999998010 ) ) ;
#1340 = ORIENTED_EDGE ( 'NONE', *, *, #2614, .T. ) ;
#1341 = CARTESIAN_POINT ( 'NONE',  ( 0.3099999999999998868, 0.3464101615137729628, -0.3199999999999999512 ) ) ;
#1342 = ADVANCED_FACE ( 'NONE', ( #3530 ), #1680, .F. ) ;
#1343 = ORIENTED_EDGE ( 'NONE', *, *, #2803, .F. ) ;
#1344 = DIRECTION ( 'NONE',  ( 1.694065894508600678E-16, -0.000000000000000000, 1.000000000000000000 ) ) ;
#1345 = EDGE_CURVE ( 'NONE', #1700, #2869, #3999, .T. ) ;
#1346 = ORIENTED_EDGE ( 'NONE', *, *, #3499, .T. ) ;
#1347 = AXIS2_PLACEMENT_3D ( 'NONE', #1990, #3310, #1972 ) ;
#1348 = LINE ( 'NONE', #2899, #1196 ) ;
#1349 = LINE ( 'NONE', #3128, #888 ) ;
#1350 = AXIS2_PLACEMENT_3D ( 'NONE', #253, #1640, #1839 ) ;
#1351 = DIRECTION ( 'NONE',  ( -1.000000000000000000, 0.000000000000000000, -0.000000000000000000 ) ) ;
#1352 = FACE_OUTER_BOUND ( 'NONE', #613, .T. ) ;
#1353 = CARTESIAN_POINT ( 'NONE',  ( -1.179142135623730825, 2.500000000000000000, 2.030000000000000693 ) ) ;
#1354 = VECTOR ( 'NONE', #3639, 999.9999999999998863 ) ;
#1355 = CARTESIAN_POINT ( 'NONE',  ( -0.3200000000000000067, 11.50000000000000000, 0.3100000000000000533 ) ) ;
#1356 = AXIS2_PLACEMENT_3D ( 'NONE', #168, #3616, #1313 ) ;
#1357 = VERTEX_POINT ( 'NONE', #2734 ) ;
#1358 = DIRECTION ( 'NONE',  ( 0.000000000000000000, 0.000000000000000000, 1.000000000000000000 ) ) ;
#1359 = CARTESIAN_POINT ( 'NONE',  ( -0.3200000000000001177, 11.15358983848622287, -0.3099999999999999423 ) ) ;
#1360 = DIRECTION ( 'NONE',  ( -0.000000000000000000, 1.000000000000000000, -0.000000000000000000 ) ) ;
#1361 = AXIS2_PLACEMENT_3D ( 'NONE', #244, #2151, #3432 ) ;
#1362 = LINE ( 'NONE', #3897, #1854 ) ;
#1363 = ORIENTED_EDGE ( 'NONE', *, *, #1768, .T. ) ;
#1364 = PLANE ( 'NONE',  #3136 ) ;
#1365 = ORIENTED_EDGE ( 'NONE', *, *, #1256, .T. ) ;
#1366 = VERTEX_POINT ( 'NONE', #2425 ) ;
#1367 = CARTESIAN_POINT ( 'NONE',  ( -0.3199999999999999512, 0.3464101615137730183, 0.3104214140871993100 ) ) ;
#1368 = EDGE_LOOP ( 'NONE', ( #420, #2958, #1711, #1599 ) ) ;
#1369 = FACE_OUTER_BOUND ( 'NONE', #917, .T. ) ;
#1370 = AXIS2_PLACEMENT_3D ( 'NONE', #2972, #2905, #1377 ) ;
#1371 = EDGE_CURVE ( 'NONE', #297, #1281, #809, .T. ) ;
#1372 = EDGE_CURVE ( 'NONE', #539, #3944, #3690, .T. ) ;
#1373 = LINE ( 'NONE', #2627, #3981 ) ;
#1374 = LINE ( 'NONE', #2382, #1904 ) ;
#1375 = DIRECTION ( 'NONE',  ( 1.000000000000000000, 0.000000000000000000, 0.000000000000000000 ) ) ;
#1376 = AXIS2_PLACEMENT_3D ( 'NONE', #3640, #3335, #3022 ) ;
#1377 = DIRECTION ( 'NONE',  ( 0.000000000000000000, 0.000000000000000000, -1.000000000000000000 ) ) ;
#1378 = VECTOR ( 'NONE', #2765, 1000.000000000000000 ) ;
#1379 = EDGE_CURVE ( 'NONE', #2559, #3513, #3327, .T. ) ;
#1380 = EDGE_LOOP ( 'NONE', ( #2281, #2836, #1580, #36 ) ) ;
#1381 = DIRECTION ( 'NONE',  ( 0.000000000000000000, 0.000000000000000000, 1.000000000000000000 ) ) ;
#1382 = CARTESIAN_POINT ( 'NONE',  ( -1.150857864376269690, 0.000000000000000000, 2.049999999999999822 ) ) ;
#1383 = CARTESIAN_POINT ( 'NONE',  ( -0.3199999999999998401, 2.500000000000000000, -1.589999999999999636 ) ) ;
#1384 = CYLINDRICAL_SURFACE ( 'NONE', #3644, 0.009999999999999903064 ) ;
#1385 = EDGE_LOOP ( 'NONE', ( #435, #2833, #3941 ) ) ;
#1386 = CARTESIAN_POINT ( 'NONE',  ( -1.150857864376267914, 0.000000000000000000, -2.050000000000000711 ) ) ;
#1387 = ORIENTED_EDGE ( 'NONE', *, *, #1746, .T. ) ;
#1388 = CONTEXT_DEPENDENT_SHAPE_REPRESENTATION ( #2762, #3402 ) ;
#1389 = VECTOR ( 'NONE', #3303, 1000.000000000000000 ) ;
#1390 = ORIENTED_EDGE ( 'NONE', *, *, #2968, .T. ) ;
#1391 = CIRCLE ( 'NONE', #1065, 0.01000000000000001409 ) ;
#1392 = ORIENTED_EDGE ( 'NONE', *, *, #1035, .F. ) ;
#1393 = CARTESIAN_POINT ( 'NONE',  ( -0.3199733969465144989, 0.3463640836734994677, 0.3108419876365759449 ) ) ;
#1394 = EDGE_LOOP ( 'NONE', ( #1890, #582, #3798 ) ) ;
#1395 = SPHERICAL_SURFACE ( 'NONE', #1132, 0.01000000000000000021 ) ;
#1396 = EDGE_CURVE ( 'NONE', #2055, #2878, #2122, .T. ) ;
#1397 = LINE ( 'NONE', #197, #1601 ) ;
#1398 = CARTESIAN_POINT ( 'NONE',  ( 0.1850717967697235733, 0.1277076581449564652, -0.1937320508075680570 ) ) ;
#1399 = APPLICATION_CONTEXT ( 'automotive_design' ) ;
#1400 = VECTOR ( 'NONE', #7, 1000.000000000000000 ) ;
#1401 = DIRECTION ( 'NONE',  ( -0.000000000000000000, 1.000000000000000000, -0.000000000000000000 ) ) ;
#1402 = ORIENTED_EDGE ( 'NONE', *, *, #1768, .F. ) ;
#1403 = CARTESIAN_POINT ( 'NONE',  ( -2.539999999999999591, -2.200000000000000622, 1.269999999999999574 ) ) ;
#1404 = CARTESIAN_POINT ( 'NONE',  ( 0.1228867513459474814, 11.49499999999999922, 0.1142264973081023177 ) ) ;
#1405 = CARTESIAN_POINT ( 'NONE',  ( 0.3200000000000001732, 2.500000000000000000, -1.589999999999999636 ) ) ;
#1406 = ORIENTED_EDGE ( 'NONE', *, *, #3419, .F. ) ;
#1407 = CARTESIAN_POINT ( 'NONE',  ( 1.174999999999999378, 0.01000000000000002623, -2.040000000000000480 ) ) ;
#1408 = EDGE_LOOP ( 'NONE', ( #2543, #2186, #2794, #3538 ) ) ;
#1409 = EDGE_CURVE ( 'NONE', #398, #453, #2316, .T. ) ;
#1410 = ORIENTED_EDGE ( 'NONE', *, *, #2247, .F. ) ;
#1411 = DIRECTION ( 'NONE',  ( 1.000000000000000000, -0.000000000000000000, 0.000000000000000000 ) ) ;
#1412 = ORIENTED_EDGE ( 'NONE', *, *, #3448, .T. ) ;
#1413 = CARTESIAN_POINT ( 'NONE',  ( 1.179142135623730825, 2.490000000000000213, -2.050000000000000266 ) ) ;
#1414 = VECTOR ( 'NONE', #1415, 1000.000000000000000 ) ;
#1415 = DIRECTION ( 'NONE',  ( -1.000000000000000000, 0.000000000000000000, 0.000000000000000000 ) ) ;
#1416 = DIRECTION ( 'NONE',  ( 0.7071067811865421326, -0.000000000000000000, 0.7071067811865530128 ) ) ;
#1417 = CARTESIAN_POINT ( 'NONE',  ( 0.3199999999999998956, 0.3464101615137729628, -0.3199999999999999512 ) ) ;
#1418 = AXIS2_PLACEMENT_3D ( 'NONE', #409, #1637, #2932 ) ;
#1419 = DIRECTION ( 'NONE',  ( -0.000000000000000000, 1.000000000000000000, -0.000000000000000000 ) ) ;
#1420 = CARTESIAN_POINT ( 'NONE',  ( -25.40000000000000213, -2.200000000000000622, 1.269999999999999574 ) ) ;
#1421 = FACE_OUTER_BOUND ( 'NONE', #1689, .T. ) ;
#1422 = LINE ( 'NONE', #2349, #2533 ) ;
#1423 = TOROIDAL_SURFACE ( 'NONE', #2733, 0.02000000000000000042, 0.01000000000000000021 ) ;
#1424 = EDGE_CURVE ( 'NONE', #2878, #3776, #1915, .T. ) ;
#1425 = MECHANICAL_DESIGN_GEOMETRIC_PRESENTATION_REPRESENTATION (  '', ( #3797 ), #195 ) ;
#1426 = EDGE_CURVE ( 'NONE', #3424, #650, #3672, .T. ) ;
#1427 = ORIENTED_EDGE ( 'NONE', *, *, #3279, .F. ) ;
#1428 = DIRECTION ( 'NONE',  ( -1.000000000000000000, 0.000000000000000000, 0.000000000000000000 ) ) ;
#1429 = DIRECTION ( 'NONE',  ( 0.000000000000000000, 0.000000000000000000, 1.000000000000000000 ) ) ;
#1430 = VERTEX_POINT ( 'NONE', #2366 ) ;
#1431 = CARTESIAN_POINT ( 'NONE',  ( 0.3099999999999999978, 11.15358983848622287, 0.3200000000000000622 ) ) ;
#1432 = VERTEX_POINT ( 'NONE', #3346 ) ;
#1433 = DIRECTION ( 'NONE',  ( 0.5773502691896261751, -0.5773502691896250649, 0.5773502691896259531 ) ) ;
#1434 = CARTESIAN_POINT ( 'NONE',  ( 0.3199202969641256056, 0.3462721118061212189, -0.3112600429262813440 ) ) ;
#1435 = DIRECTION ( 'NONE',  ( 0.000000000000000000, 0.000000000000000000, -1.000000000000000000 ) ) ;
#1436 = CARTESIAN_POINT ( 'NONE',  ( -1.179142135623730825, 2.500000000000000000, 2.050000000000000711 ) ) ;
#1437 = DIRECTION ( 'NONE',  ( -0.000000000000000000, 1.000000000000000000, -0.000000000000000000 ) ) ;
#1438 = DIRECTION ( 'NONE',  ( 1.000000000000000000, 0.000000000000000000, 0.000000000000000000 ) ) ;
#1439 = DIRECTION ( 'NONE',  ( 0.000000000000000000, -1.000000000000000000, 0.000000000000000000 ) ) ;
#1440 = CARTESIAN_POINT ( 'NONE',  ( 0.1199999999999994404, 11.50000000000000000, -2.032879073410311569E-17 ) ) ;
#1441 = ORIENTED_EDGE ( 'NONE', *, *, #1750, .T. ) ;
#1442 = FACE_OUTER_BOUND ( 'NONE', #2203, .T. ) ;
#1443 = ORIENTED_EDGE ( 'NONE', *, *, #2181, .T. ) ;
#1444 = VERTEX_POINT ( 'NONE', #508 ) ;
#1445 = DIRECTION ( 'NONE',  ( -0.4472135954999578722, 0.7745966692414835153, 0.4472135954999579277 ) ) ;
#1446 = VERTEX_POINT ( 'NONE', #2065 ) ;
#1447 = LINE ( 'NONE', #2708, #1645 ) ;
#1448 = EDGE_CURVE ( 'NONE', #1085, #1530, #3015, .T. ) ;
#1449 = DIRECTION ( 'NONE',  ( -0.4472135954999579277, -0.7745966692414834043, -0.4472135954999578167 ) ) ;
#1450 = VECTOR ( 'NONE', #623, 1000.000000000000000 ) ;
#1451 = EDGE_CURVE ( 'NONE', #2137, #798, #561, .T. ) ;
#1452 = CARTESIAN_POINT ( 'NONE',  ( -0.3200000000000001177, 11.50000000000000000, -0.3199999999999999512 ) ) ;
#1453 = CARTESIAN_POINT ( 'NONE',  ( -0.3200000000000000067, 11.15358983848622287, 0.3104214140871992544 ) ) ;
#1454 = AXIS2_PLACEMENT_3D ( 'NONE', #245, #3368, #549 ) ;
#1455 = EDGE_CURVE ( 'NONE', #3496, #349, #2517, .T. ) ;
#1456 =( BOUNDED_CURVE ( )  B_SPLINE_CURVE ( 3, ( #1859, #1557, #841, #3362 ),
 .UNSPECIFIED., .F., .T. ) 
 B_SPLINE_CURVE_WITH_KNOTS ( ( 4, 4 ),
 ( 2.482534617831145152, 3.800650689348441080 ),
 .UNSPECIFIED. ) 
 CURVE ( )  GEOMETRIC_REPRESENTATION_ITEM ( )  RATIONAL_B_SPLINE_CURVE ( ( 1.000000000000000000, 0.8603796100557264959, 0.8603796100557264959, 1.000000000000000000 ) ) 
 REPRESENTATION_ITEM ( '' )  );
#1457 = CARTESIAN_POINT ( 'NONE',  ( -0.6708578643762687088, 2.500000000000000000, -2.539999999999999591 ) ) ;
#1458 = CARTESIAN_POINT ( 'NONE',  ( 0.3199999999999998956, 0.3464101615137729628, -0.3099999999999999423 ) ) ;
#1459 = CARTESIAN_POINT ( 'NONE',  ( -0.6779289321881341035, 0.01000000000000002623, 2.537071067811865976 ) ) ;
#1460 = ADVANCED_FACE ( 'NONE', ( #3712 ), #883, .T. ) ;
#1461 = ORIENTED_EDGE ( 'NONE', *, *, #2632, .F. ) ;
#1462 = CARTESIAN_POINT ( 'NONE',  ( -0.6708578643762687088, 2.500000000000000000, -2.529999999999999805 ) ) ;
#1463 = ORIENTED_EDGE ( 'NONE', *, *, #873, .T. ) ;
#1464 = VERTEX_POINT ( 'NONE', #3365 ) ;
#1465 = FACE_OUTER_BOUND ( 'NONE', #3747, .T. ) ;
#1466 = VERTEX_POINT ( 'NONE', #825 ) ;
#1467 = ADVANCED_FACE ( 'NONE', ( #2384 ), #262, .F. ) ;
#1468 =( REPRESENTATION_RELATIONSHIP ('NONE','NONE', #2606, #3060 ) REPRESENTATION_RELATIONSHIP_WITH_TRANSFORMATION ( #1874 )SHAPE_REPRESENTATION_RELATIONSHIP( ) );
#1469 = EDGE_CURVE ( 'NONE', #2796, #3190, #2755, .T. ) ;
#1470 = CARTESIAN_POINT ( 'NONE',  ( 1.179142135623730825, 2.500000000000000000, -2.050000000000000266 ) ) ;
#1471 = ORIENTED_EDGE ( 'NONE', *, *, #2941, .F. ) ;
#1472 = AXIS2_PLACEMENT_3D ( 'NONE', #762, #2003, #464 ) ;
#1473 = EDGE_CURVE ( 'NONE', #578, #1793, #1003, .T. ) ;
#1474 = LINE ( 'NONE', #2118, #3312 ) ;
#1475 = CARTESIAN_POINT ( 'NONE',  ( -0.3108419876365758339, 11.15363591632649509, 0.3199733969465144434 ) ) ;
#1476 = DIRECTION ( 'NONE',  ( 0.000000000000000000, 0.7071067811865481278, 0.7071067811865469066 ) ) ;
#1477 = PLANE ( 'NONE',  #2715 ) ;
#1478 = DIRECTION ( 'NONE',  ( 1.000000000000000000, 0.000000000000000000, 0.000000000000000000 ) ) ;
#1479 = DIRECTION ( 'NONE',  ( 0.8660254037844387076, 0.4999999999999999445, -1.467104100329257198E-16 ) ) ;
#1480 = AXIS2_PLACEMENT_3D ( 'NONE', #3178, #662, #1005 ) ;
#1481 = AXIS2_PLACEMENT_3D ( 'NONE', #193, #2313, #3625 ) ;
#1482 = EDGE_LOOP ( 'NONE', ( #2891, #3276, #2523, #1610 ) ) ;
#1483 = CARTESIAN_POINT ( 'NONE',  ( 0.6750000000000004885, 2.500000000000000000, 2.540000000000000480 ) ) ;
#1484 = ORIENTED_EDGE ( 'NONE', *, *, #3252, .T. ) ;
#1485 = VECTOR ( 'NONE', #2983, 999.9999999999998863 ) ;
#1486 = DIRECTION ( 'NONE',  ( -0.000000000000000000, 1.000000000000000000, -0.000000000000000000 ) ) ;
#1487 = ORIENTED_EDGE ( 'NONE', *, *, #3046, .F. ) ;
#1488 = CARTESIAN_POINT ( 'NONE',  ( -0.3100000000000001088, 11.50000000000000000, -0.3099999999999999423 ) ) ;
#1489 = VERTEX_POINT ( 'NONE', #1405 ) ;
#1490 = VECTOR ( 'NONE', #443, 1000.000000000000000 ) ;
#1491 = DIRECTION ( 'NONE',  ( -0.7071067811865474617, -0.000000000000000000, 0.7071067811865476838 ) ) ;
#1492 = ORIENTED_EDGE ( 'NONE', *, *, #209, .T. ) ;
#1493 = CARTESIAN_POINT ( 'NONE',  ( -0.6708578643762687088, 0.01000000000000000021, -2.529999999999999805 ) ) ;
#1494 = CARTESIAN_POINT ( 'NONE',  ( -0.3199999999999997846, 0.000000000000000000, 0.9499999999999996225 ) ) ;
#1495 =( REPRESENTATION_RELATIONSHIP ('NONE','NONE', #2606, #3060 ) REPRESENTATION_RELATIONSHIP_WITH_TRANSFORMATION ( #2162 )SHAPE_REPRESENTATION_RELATIONSHIP( ) );
#1496 = EDGE_CURVE ( 'NONE', #1281, #1142, #2283, .T. ) ;
#1497 = DIRECTION ( 'NONE',  ( 1.000000000000000000, 0.000000000000000000, 8.470329472543004623E-17 ) ) ;
#1498 = CARTESIAN_POINT ( 'NONE',  ( 0.6708578643762694860, 2.490000000000000213, 2.530000000000000693 ) ) ;
#1499 = DIRECTION ( 'NONE',  ( 1.000000000000000000, 0.000000000000000000, 0.000000000000000000 ) ) ;
#1500 = DIRECTION ( 'NONE',  ( 1.694065894508600678E-16, -0.000000000000000000, 1.000000000000000000 ) ) ;
#1501 = VECTOR ( 'NONE', #2732, 1000.000000000000000 ) ;
#1502 = EDGE_LOOP ( 'NONE', ( #2480, #2552, #2497 ) ) ;
#1503 = DIRECTION ( 'NONE',  ( 4.565061778886333255E-15, -0.000000000000000000, 1.000000000000000000 ) ) ;
#1504 = CARTESIAN_POINT ( 'NONE',  ( 1.174999999999999822, 0.01000000000000002623, -2.040000000000000480 ) ) ;
#1505 = CARTESIAN_POINT ( 'NONE',  ( -0.3199999999999997846, 0.9000000000000010214, 0.9499999999999996225 ) ) ;
#1506 = EDGE_LOOP ( 'NONE', ( #2268, #4009, #2705, #929 ) ) ;
#1507 = FACE_OUTER_BOUND ( 'NONE', #51, .T. ) ;
#1508 = ORIENTED_EDGE ( 'NONE', *, *, #671, .F. ) ;
#1509 = ORIENTED_EDGE ( 'NONE', *, *, #2249, .T. ) ;
#1510 = DIRECTION ( 'NONE',  ( 1.000000000000000000, 0.000000000000000000, -2.125886612716675327E-16 ) ) ;
#1511 = EDGE_LOOP ( 'NONE', ( #4007, #535, #776 ) ) ;
#1512 = CARTESIAN_POINT ( 'NONE',  ( 0.6708578643762694860, 2.490000000000000213, 2.530000000000000693 ) ) ;
#1513 = LINE ( 'NONE', #3426, #2639 ) ;
#1514 = EDGE_CURVE ( 'NONE', #3767, #1168, #3596, .T. ) ;
#1515 = PRODUCT_DEFINITION_SHAPE ( 'NONE', 'NONE',  #4022 ) ;
#1516 = DIRECTION ( 'NONE',  ( -2.168404344971008868E-16, 0.000000000000000000, -1.000000000000000000 ) ) ;
#1517 = AXIS2_PLACEMENT_3D ( 'NONE', #2879, #3888, #1653 ) ;
#1518 = AXIS2_PLACEMENT_3D ( 'NONE', #3, #2483, #3751 ) ;
#1519 = CARTESIAN_POINT ( 'NONE',  ( -0.1142264973081041773, 0.01000000000000000541, 0.1142264973081041912 ) ) ;
#1520 = DIRECTION ( 'NONE',  ( -8.470329472543004623E-17, 0.000000000000000000, -1.000000000000000000 ) ) ;
#1521 = EDGE_CURVE ( 'NONE', #2159, #2076, #431, .T. ) ;
#1522 = EDGE_CURVE ( 'NONE', #878, #2796, #3336, .T. ) ;
#1523 = ORIENTED_EDGE ( 'NONE', *, *, #1035, .T. ) ;
#1524 = CARTESIAN_POINT ( 'NONE',  ( -0.3130717967697246307, 0.3494101615137729655, -0.3217320508075688368 ) ) ;
#1525 = DIRECTION ( 'NONE',  ( -0.000000000000000000, 1.000000000000000000, -0.000000000000000000 ) ) ;
#1526 = DIRECTION ( 'NONE',  ( 0.000000000000000000, 0.000000000000000000, -1.000000000000000000 ) ) ;
#1527 = AXIS2_PLACEMENT_3D ( 'NONE', #1986, #2029, #3874 ) ;
#1528 =( REPRESENTATION_RELATIONSHIP ('NONE','NONE', #2606, #3060 ) REPRESENTATION_RELATIONSHIP_WITH_TRANSFORMATION ( #310 )SHAPE_REPRESENTATION_RELATIONSHIP( ) );
#1529 = VECTOR ( 'NONE', #151, 1000.000000000000000 ) ;
#1530 = VERTEX_POINT ( 'NONE', #3896 ) ;
#1531 = DIRECTION ( 'NONE',  ( 1.000000000000000000, -0.000000000000000000, 0.000000000000000000 ) ) ;
#1532 = VERTEX_POINT ( 'NONE', #1383 ) ;
#1533 = ITEM_DEFINED_TRANSFORMATION ( 'NONE', 'NONE', #3598,  #3607 ) ;
#1534 = ORIENTED_EDGE ( 'NONE', *, *, #2684, .F. ) ;
#1535 = DIRECTION ( 'NONE',  ( -1.000000000000000000, 0.000000000000000000, 0.000000000000000000 ) ) ;
#1536 = ORIENTED_EDGE ( 'NONE', *, *, #1087, .T. ) ;
#1537 = CARTESIAN_POINT ( 'NONE',  ( -1.150857864376267914, 0.000000000000000000, -2.050000000000000711 ) ) ;
#1538 = FACE_OUTER_BOUND ( 'NONE', #2519, .T. ) ;
#1539 = DIRECTION ( 'NONE',  ( -4.565061778886298545E-15, 0.000000000000000000, 1.000000000000000000 ) ) ;
#1540 = CARTESIAN_POINT ( 'NONE',  ( -0.1066666666666662294, 1.113333333333334174, -1.163333333333333108 ) ) ;
#1541 = VERTEX_POINT ( 'NONE', #2638 ) ;
#1542 = DIRECTION ( 'NONE',  ( 0.000000000000000000, -1.000000000000000000, 0.000000000000000000 ) ) ;
#1543 = ITEM_DEFINED_TRANSFORMATION ( 'NONE', 'NONE', #2947,  #3607 ) ;
#1544 = ADVANCED_FACE ( 'NONE', ( #770 ), #186, .F. ) ;
#1545 = EDGE_CURVE ( 'NONE', #1976, #3605, #1802, .T. ) ;
#1546 = ADVANCED_FACE ( 'NONE', ( #533 ), #1766, .T. ) ;
#1547 = ORIENTED_EDGE ( 'NONE', *, *, #1042, .T. ) ;
#1548 = PLANE ( 'NONE',  #2471 ) ;
#1549 = ORIENTED_EDGE ( 'NONE', *, *, #3628, .F. ) ;
#1550 =( REPRESENTATION_RELATIONSHIP ('NONE','NONE', #2606, #1781 ) REPRESENTATION_RELATIONSHIP_WITH_TRANSFORMATION ( #2873 )SHAPE_REPRESENTATION_RELATIONSHIP( ) );
#1551 = ITEM_DEFINED_TRANSFORMATION ( 'NONE', 'NONE', #1868,  #3607 ) ;
#1552 = VECTOR ( 'NONE', #3782, 1000.000000000000000 ) ;
#1553 = COLOUR_RGB ( '',0.2980392156862745057, 0.2980392156862745057, 0.2980392156862745057 ) ;
#1554 = EDGE_LOOP ( 'NONE', ( #1066, #3883, #831, #2966 ) ) ;
#1555 = DIRECTION ( 'NONE',  ( 0.000000000000000000, 0.000000000000000000, 1.000000000000000000 ) ) ;
#1556 = ORIENTED_EDGE ( 'NONE', *, *, #1649, .F. ) ;
#1557 = CARTESIAN_POINT ( 'NONE',  ( 0.3193224092811616233, 11.15476346003734598, -0.3159672026817065826 ) ) ;
#1558 = CARTESIAN_POINT ( 'NONE',  ( -0.3199999999999997846, 2.500000000000000000, 0.9499999999999996225 ) ) ;
#1559 = CARTESIAN_POINT ( 'NONE',  ( 0.6679289321881349828, 0.000000000000000000, 2.532928932188135196 ) ) ;
#1560 = CARTESIAN_POINT ( 'NONE',  ( -0.3099999999999999978, 0.3464101615137729628, 0.3200000000000000622 ) ) ;
#1561 = ORIENTED_EDGE ( 'NONE', *, *, #3919, .T. ) ;
#1562 = LINE ( 'NONE', #2398, #2427 ) ;
#1563 = CONTEXT_DEPENDENT_SHAPE_REPRESENTATION ( #2445, #69 ) ;
#1564 = VECTOR ( 'NONE', #3103, 1000.000000000000000 ) ;
#1565 = EDGE_LOOP ( 'NONE', ( #1879, #1410, #2986, #3126 ) ) ;
#1566 = CARTESIAN_POINT ( 'NONE',  ( -0.3199999999999997846, 2.500000000000000000, -0.9499999999999996225 ) ) ;
#1567 = EDGE_LOOP ( 'NONE', ( #3840, #1864, #600, #954 ) ) ;
#1568 = CIRCLE ( 'NONE', #3491, 0.01000000000000002623 ) ;
#1569 = CONTEXT_DEPENDENT_SHAPE_REPRESENTATION ( #1289, #1030 ) ;
#1570 = CIRCLE ( 'NONE', #3884, 0.01000000000000002623 ) ;
#1571 = VERTEX_POINT ( 'NONE', #3856 ) ;
#1572 = CARTESIAN_POINT ( 'NONE',  ( -1.179142135623730825, 2.490000000000000213, 2.050000000000000711 ) ) ;
#1573 = FACE_OUTER_BOUND ( 'NONE', #3947, .T. ) ;
#1574 = CARTESIAN_POINT ( 'NONE',  ( 0.7200000000000020828, 0.5000000000000000000, -0.5499999999999979350 ) ) ;
#1575 = ADVANCED_FACE ( 'NONE', ( #1639 ), #3879, .T. ) ;
#1576 = DIRECTION ( 'NONE',  ( -9.486769009248165375E-15, 0.000000000000000000, -1.000000000000000000 ) ) ;
#1577 = DIRECTION ( 'NONE',  ( -1.000000000000000000, 0.000000000000000000, 2.710505431213757930E-15 ) ) ;
#1578 = ADVANCED_FACE ( 'NONE', ( #107 ), #3558, .F. ) ;
#1579 = PRODUCT_DEFINITION_SHAPE ( 'NONE', 'NONE',  #4015 ) ;
#1580 = ORIENTED_EDGE ( 'NONE', *, *, #1769, .F. ) ;
#1581 = DIRECTION ( 'NONE',  ( -2.282530889443166233E-15, 0.000000000000000000, 1.000000000000000000 ) ) ;
#1582 = ITEM_DEFINED_TRANSFORMATION ( 'NONE', 'NONE', #136,  #3607 ) ;
#1583 = EDGE_CURVE ( 'NONE', #1203, #2562, #2658, .T. ) ;
#1584 = EDGE_LOOP ( 'NONE', ( #236, #1508, #3838, #2688 ) ) ;
#1585 = CARTESIAN_POINT ( 'NONE',  ( -0.6749999999999996003, 2.500000000000000000, -2.539999999999999591 ) ) ;
#1586 = ORIENTED_EDGE ( 'NONE', *, *, #1876, .T. ) ;
#1587 = ITEM_DEFINED_TRANSFORMATION ( 'NONE', 'NONE', #3857,  #3607 ) ;
#1588 = FACE_OUTER_BOUND ( 'NONE', #3704, .T. ) ;
#1589 = ORIENTED_EDGE ( 'NONE', *, *, #2066, .F. ) ;
#1590 = FACE_OUTER_BOUND ( 'NONE', #2861, .T. ) ;
#1591 = ADVANCED_FACE ( 'NONE', ( #1100 ), #1662, .F. ) ;
#1592 = EDGE_CURVE ( 'NONE', #1892, #3805, #1422, .T. ) ;
#1593 = EDGE_CURVE ( 'NONE', #124, #3987, #2591, .T. ) ;
#1594 = CARTESIAN_POINT ( 'NONE',  ( 0.000000000000000000, 2.490000000000000213, 2.530000000000000693 ) ) ;
#1595 = CARTESIAN_POINT ( 'NONE',  ( 0.000000000000000000, 11.50000000000000000, 0.1199999999999995515 ) ) ;
#1596 = DIRECTION ( 'NONE',  ( -0.7071067811865474617, 0.000000000000000000, 0.7071067811865476838 ) ) ;
#1597 = DIRECTION ( 'NONE',  ( 5.007715329123870038E-14, 8.673617379884404028E-14, 1.000000000000000000 ) ) ;
#1598 =( REPRESENTATION_RELATIONSHIP ('NONE','NONE', #2606, #3060 ) REPRESENTATION_RELATIONSHIP_WITH_TRANSFORMATION ( #1267 )SHAPE_REPRESENTATION_RELATIONSHIP( ) );
#1599 = ORIENTED_EDGE ( 'NONE', *, *, #1451, .F. ) ;
#1600 = DIRECTION ( 'NONE',  ( -1.000000000000000000, 0.000000000000000000, 0.000000000000000000 ) ) ;
#1601 = VECTOR ( 'NONE', #1449, 1000.000000000000114 ) ;
#1602 = CONTEXT_DEPENDENT_SHAPE_REPRESENTATION ( #1598, #2840 ) ;
#1603 = ORIENTED_EDGE ( 'NONE', *, *, #2832, .T. ) ;
#1604 = DIRECTION ( 'NONE',  ( 0.000000000000000000, 1.000000000000000000, 0.000000000000000000 ) ) ;
#1605 = ORIENTED_EDGE ( 'NONE', *, *, #1396, .F. ) ;
#1606 = CONTEXT_DEPENDENT_SHAPE_REPRESENTATION ( #3251, #704 ) ;
#1607 = ORIENTED_EDGE ( 'NONE', *, *, #607, .T. ) ;
#1608 = ORIENTED_EDGE ( 'NONE', *, *, #1737, .F. ) ;
#1609 = DIRECTION ( 'NONE',  ( 0.000000000000000000, 0.000000000000000000, -1.000000000000000000 ) ) ;
#1610 = ORIENTED_EDGE ( 'NONE', *, *, #2757, .F. ) ;
#1611 = VECTOR ( 'NONE', #895, 1000.000000000000000 ) ;
#1612 = DIRECTION ( 'NONE',  ( 0.000000000000000000, 0.000000000000000000, -1.000000000000000000 ) ) ;
#1613 = VECTOR ( 'NONE', #1143, 1000.000000000000227 ) ;
#1614 = LINE ( 'NONE', #3548, #938 ) ;
#1615 = LINE ( 'NONE', #1048, #591 ) ;
#1616 = DIRECTION ( 'NONE',  ( -1.000000000000000000, 0.000000000000000000, -0.000000000000000000 ) ) ;
#1617 = CIRCLE ( 'NONE', #3477, 0.01000000000000002623 ) ;
#1618 = ADVANCED_FACE ( 'NONE', ( #2934 ), #2978, .T. ) ;
#1619 = AXIS2_PLACEMENT_3D ( 'NONE', #1006, #2278, #3219 ) ;
#1620 = ORIENTED_EDGE ( 'NONE', *, *, #945, .F. ) ;
#1621 = CARTESIAN_POINT ( 'NONE',  ( 0.6708578643762684868, 2.490000000000000213, -2.529999999999999805 ) ) ;
#1622 = EDGE_CURVE ( 'NONE', #2562, #1700, #170, .T. ) ;
#1623 = ORIENTED_EDGE ( 'NONE', *, *, #3610, .F. ) ;
#1624 = DIRECTION ( 'NONE',  ( 0.000000000000000000, 0.000000000000000000, 1.000000000000000000 ) ) ;
#1625 = AXIS2_PLACEMENT_3D ( 'NONE', #145, #2634, #3913 ) ;
#1626 = ORIENTED_EDGE ( 'NONE', *, *, #1896, .T. ) ;
#1627 = ORIENTED_EDGE ( 'NONE', *, *, #210, .F. ) ;
#1628 = VECTOR ( 'NONE', #1375, 1000.000000000000000 ) ;
#1629 = VERTEX_POINT ( 'NONE', #2615 ) ;
#1630 = DIRECTION ( 'NONE',  ( 1.000000000000000000, 0.000000000000000000, 0.000000000000000000 ) ) ;
#1631 = CARTESIAN_POINT ( 'NONE',  ( 0.1142264973081040663, 0.01000000000000000021, -0.1142264973081040941 ) ) ;
#1632 = CARTESIAN_POINT ( 'NONE',  ( 0.1142264973081031088, 11.49000000000000021, 0.1142264973081031781 ) ) ;
#1633 = EDGE_CURVE ( 'NONE', #1976, #1243, #3917, .T. ) ;
#1634 = CARTESIAN_POINT ( 'NONE',  ( -0.3112600429262814550, 0.3462721118061212189, -0.3199202969641256611 ) ) ;
#1635 = CARTESIAN_POINT ( 'NONE',  ( -1.174999999999999822, 0.000000000000000000, -2.050000000000000711 ) ) ;
#1636 = ORIENTED_EDGE ( 'NONE', *, *, #1455, .F. ) ;
#1637 = DIRECTION ( 'NONE',  ( 0.000000000000000000, 0.000000000000000000, 1.000000000000000000 ) ) ;
#1638 = CARTESIAN_POINT ( 'NONE',  ( -0.3200000000000001177, 11.15358983848622110, -0.3104214140871989769 ) ) ;
#1639 = FACE_OUTER_BOUND ( 'NONE', #1650, .T. ) ;
#1640 = DIRECTION ( 'NONE',  ( 1.694065894508600678E-16, -0.000000000000000000, 1.000000000000000000 ) ) ;
#1641 = ADVANCED_FACE ( 'NONE', ( #1120 ), #2369, .F. ) ;
#1642 = EDGE_CURVE ( 'NONE', #3388, #2182, #225, .T. ) ;
#1643 = ORIENTED_EDGE ( 'NONE', *, *, #1336, .T. ) ;
#1645 = VECTOR ( 'NONE', #2359, 1000.000000000000000 ) ;
#1644 = DIRECTION ( 'NONE',  ( 1.000000000000000000, -0.000000000000000000, 0.000000000000000000 ) ) ;
#1646 = VERTEX_POINT ( 'NONE', #3078 ) ;
#1647 = CARTESIAN_POINT ( 'NONE',  ( 0.3199999999999998956, 0.3464101615137729628, -0.3099999999999999423 ) ) ;
#1648 = PRODUCT_DEFINITION_SHAPE ( 'NONE', 'NONE',  #4047 ) ;
#1649 = EDGE_CURVE ( 'NONE', #352, #1444, #2126, .T. ) ;
#1650 = EDGE_LOOP ( 'NONE', ( #1831, #1682, #408, #734 ) ) ;
#1651 = CARTESIAN_POINT ( 'NONE',  ( 1.179142135623730825, 2.490000000000000213, -2.050000000000000266 ) ) ;
#1652 = EDGE_LOOP ( 'NONE', ( #397, #1231, #1098, #2250 ) ) ;
#1653 = DIRECTION ( 'NONE',  ( -1.000000000000000000, 0.000000000000000000, 0.000000000000000000 ) ) ;
#1654 = AXIS2_PLACEMENT_3D ( 'NONE', #3115, #2779, #3447 ) ;
#1655 = LINE ( 'NONE', #2925, #3257 ) ;
#1656 = CARTESIAN_POINT ( 'NONE',  ( -1.165000000000000258, 2.490000000000000213, -1.000000000000002220 ) ) ;
#1657 = DIRECTION ( 'NONE',  ( 2.282530889443166233E-15, 0.000000000000000000, 1.000000000000000000 ) ) ;
#1658 = LINE ( 'NONE', #1699, #2016 ) ;
#1659 = ORIENTED_EDGE ( 'NONE', *, *, #823, .T. ) ;
#1660 = CARTESIAN_POINT ( 'NONE',  ( -7.620000000000000107, 0.000000000000000000, 0.000000000000000000 ) ) ;
#1661 = DIRECTION ( 'NONE',  ( -1.000000000000000000, 0.000000000000000000, 0.000000000000000000 ) ) ;
#1662 = PLANE ( 'NONE',  #247 ) ;
#1663 = CARTESIAN_POINT ( 'NONE',  ( 0.3199999999999998956, 11.15358983848622287, -0.3099999999999998868 ) ) ;
#1664 = VECTOR ( 'NONE', #142, 1000.000000000000000 ) ;
#1665 = VERTEX_POINT ( 'NONE', #2050 ) ;
#1666 = LINE ( 'NONE', #2596, #771 ) ;
#1667 = VERTEX_POINT ( 'NONE', #3409 ) ;
#1668 = ADVANCED_FACE ( 'NONE', ( #3694 ), #2698, .T. ) ;
#1669 = ADVANCED_FACE ( 'NONE', ( #2760 ), #1269, .T. ) ;
#1670 = ORIENTED_EDGE ( 'NONE', *, *, #1336, .F. ) ;
#1671 = DIRECTION ( 'NONE',  ( 1.721402144386329970E-14, 0.000000000000000000, 1.000000000000000000 ) ) ;
#1672 = EDGE_LOOP ( 'NONE', ( #2057, #1523, #3661, #999 ) ) ;
#1673 = FACE_OUTER_BOUND ( 'NONE', #3223, .T. ) ;
#1674 = ORIENTED_EDGE ( 'NONE', *, *, #1125, .T. ) ;
#1675 = AXIS2_PLACEMENT_3D ( 'NONE', #1748, #3906, #3927 ) ;
#1676 = LINE ( 'NONE', #2948, #1664 ) ;
#1677 = DIRECTION ( 'NONE',  ( 0.000000000000000000, 0.000000000000000000, -1.000000000000000000 ) ) ;
#1678 = CARTESIAN_POINT ( 'NONE',  ( 0.1142264973081041080, 0.000000000000000000, 0.1200000000000004258 ) ) ;
#1679 = AXIS2_PLACEMENT_3D ( 'NONE', #3697, #1744, #3961 ) ;
#1680 = PLANE ( 'NONE',  #618 ) ;
#1681 = AXIS2_PLACEMENT_3D ( 'NONE', #2654, #1381, #1988 ) ;
#1682 = ORIENTED_EDGE ( 'NONE', *, *, #966, .F. ) ;
#1683 = DIRECTION ( 'NONE',  ( 1.000000000000000000, 0.000000000000000000, 0.000000000000000000 ) ) ;
#1684 = DIRECTION ( 'NONE',  ( 0.000000000000000000, -1.000000000000000000, 0.000000000000000000 ) ) ;
#1685 = CARTESIAN_POINT ( 'NONE',  ( 0.000000000000000000, 2.500000000000000000, -1.010000000000002451 ) ) ;
#1686 = CARTESIAN_POINT ( 'NONE',  ( 0.3199202969641255501, 11.15372788819387395, -0.3112600429262813440 ) ) ;
#1687 = EDGE_LOOP ( 'NONE', ( #1870, #3422, #1840, #3594 ) ) ;
#1688 = CARTESIAN_POINT ( 'NONE',  ( -0.3199999999999998401, 0.9000000000000010214, -1.589999999999999636 ) ) ;
#1689 = EDGE_LOOP ( 'NONE', ( #388, #1325, #167, #745 ) ) ;
#1690 = EDGE_CURVE ( 'NONE', #3724, #2472, #3018, .T. ) ;
#1691 = VERTEX_POINT ( 'NONE', #3096 ) ;
#1692 = DIRECTION ( 'NONE',  ( 0.000000000000000000, 0.5000000000000019984, -0.8660254037844374864 ) ) ;
#1693 = EDGE_LOOP ( 'NONE', ( #3041, #88, #2007, #819, #3458, #1343, #2033, #3139, #759, #2582, #3807, #3127 ) ) ;
#1694 = DIRECTION ( 'NONE',  ( 1.000000000000000000, 0.000000000000000000, 4.565061778886333255E-15 ) ) ;
#1695 = CIRCLE ( 'NONE', #2491, 0.01000000000000001409 ) ;
#1696 = PLANE ( 'NONE',  #3197 ) ;
#1697 = DIRECTION ( 'NONE',  ( 1.000000000000000000, 0.000000000000000000, -0.000000000000000000 ) ) ;
#1698 = LINE ( 'NONE', #2297, #3299 ) ;
#1699 = CARTESIAN_POINT ( 'NONE',  ( -1.174999999999999822, 2.350000000000000089, 0.9999999999999978906 ) ) ;
#1700 = VERTEX_POINT ( 'NONE', #866 ) ;
#1701 =( REPRESENTATION_RELATIONSHIP ('NONE','NONE', #2606, #1781 ) REPRESENTATION_RELATIONSHIP_WITH_TRANSFORMATION ( #657 )SHAPE_REPRESENTATION_RELATIONSHIP( ) );
#1702 = DIRECTION ( 'NONE',  ( 0.000000000000000000, 0.000000000000000000, 1.000000000000000000 ) ) ;
#1704 = EDGE_CURVE ( 'NONE', #399, #568, #39, .T. ) ;
#1703 = DIRECTION ( 'NONE',  ( -1.000000000000000000, 0.000000000000000000, 0.000000000000000000 ) ) ;
#1705 = CARTESIAN_POINT ( 'NONE',  ( 0.3200000000000001732, 0.9000000000000010214, -1.589999999999999636 ) ) ;
#1706 = EDGE_LOOP ( 'NONE', ( #3434, #856, #542, #1670 ) ) ;
#1707 = DIRECTION ( 'NONE',  ( 0.000000000000000000, 1.000000000000000000, 0.000000000000000000 ) ) ;
#1708 = ORIENTED_EDGE ( 'NONE', *, *, #1379, .T. ) ;
#1709 = AXIS2_PLACEMENT_3D ( 'NONE', #1069, #1309, #1694 ) ;
#1710 = AXIS2_PLACEMENT_3D ( 'NONE', #586, #3400, #881 ) ;
#1711 = ORIENTED_EDGE ( 'NONE', *, *, #2935, .F. ) ;
#1712 = DIRECTION ( 'NONE',  ( 1.000000000000000000, 0.000000000000000000, 0.000000000000000000 ) ) ;
#1713 = VERTEX_POINT ( 'NONE', #1740 ) ;
#1714 = CARTESIAN_POINT ( 'NONE',  ( -1.175000000000000266, 2.495857864376268331, -1.000000000000002220 ) ) ;
#1715 = CARTESIAN_POINT ( 'NONE',  ( -1.174999999999999822, 2.350000000000000089, 0.9999999999999978906 ) ) ;
#1716 = CARTESIAN_POINT ( 'NONE',  ( -0.6749999999999996003, 0.01000000000000002623, -2.529999999999999805 ) ) ;
#1717 = DIRECTION ( 'NONE',  ( -0.000000000000000000, 0.000000000000000000, -1.000000000000000000 ) ) ;
#1718 = EDGE_CURVE ( 'NONE', #399, #1998, #2086, .T. ) ;
#1719 = VECTOR ( 'NONE', #1177, 1000.000000000000000 ) ;
#1720 = ADVANCED_FACE ( 'NONE', ( #205 ), #2720, .T. ) ;
#1721 = LINE ( 'NONE', #1054, #2149 ) ;
#1722 = DIRECTION ( 'NONE',  ( 1.000000000000000000, 0.000000000000000000, 0.000000000000000000 ) ) ;
#1723 = CARTESIAN_POINT ( 'NONE',  ( 0.3200000000000000067, 0.3464101615137729628, 0.3100000000000000533 ) ) ;
#1724 = CARTESIAN_POINT ( 'NONE',  ( 0.3099999999999998868, 11.50000000000000000, -0.3099999999999999423 ) ) ;
#1725 = VERTEX_POINT ( 'NONE', #2802 ) ;
#1726 = DIRECTION ( 'NONE',  ( 0.8660254037844374864, 0.5000000000000019984, -1.467104100329255226E-16 ) ) ;
#1727 = DIRECTION ( 'NONE',  ( 1.000000000000000000, 0.000000000000000000, -2.282530889443166233E-15 ) ) ;
#1728 = ORIENTED_EDGE ( 'NONE', *, *, #2704, .F. ) ;
#1729 =( REPRESENTATION_RELATIONSHIP ('NONE','NONE', #2606, #1781 ) REPRESENTATION_RELATIONSHIP_WITH_TRANSFORMATION ( #3759 )SHAPE_REPRESENTATION_RELATIONSHIP( ) );
#1730 = CARTESIAN_POINT ( 'NONE',  ( -0.3199733969465144989, 0.3463640836734995232, -0.3108419876365758339 ) ) ;
#1731 = ORIENTED_EDGE ( 'NONE', *, *, #3949, .T. ) ;
#1732 = DIRECTION ( 'NONE',  ( -1.000000000000000000, 1.355252715606880345E-15, 7.824555201756075530E-16 ) ) ;
#1733 = AXIS2_PLACEMENT_3D ( 'NONE', #3153, #377, #1609 ) ;
#1734 = LINE ( 'NONE', #179, #1414 ) ;
#1735 = CARTESIAN_POINT ( 'NONE',  ( 0.6779289321881349917, 2.500000000000000000, 2.537071067811865976 ) ) ;
#1736 = CARTESIAN_POINT ( 'NONE',  ( -0.3104214140871991989, 11.15358983848622287, 0.3200000000000000622 ) ) ;
#1737 = EDGE_CURVE ( 'NONE', #3482, #328, #2074, .T. ) ;
#1738 =( BOUNDED_CURVE ( )  B_SPLINE_CURVE ( 3, ( #1723, #2428, #1022, #1247 ),
 .UNSPECIFIED., .F., .F. ) 
 B_SPLINE_CURVE_WITH_KNOTS ( ( 4, 4 ),
 ( 3.141592653589793116, 3.267932781228558792 ),
 .UNSPECIFIED. ) 
 CURVE ( )  GEOMETRIC_REPRESENTATION_ITEM ( )  RATIONAL_B_SPLINE_CURVE ( ( 1.000000000000000000, 0.9986702899464856564, 0.9986702899464856564, 1.000000000000000000 ) ) 
 REPRESENTATION_ITEM ( '' )  );
#1739 = EDGE_CURVE ( 'NONE', #3805, #2937, #2877, .T. ) ;
#1740 = CARTESIAN_POINT ( 'NONE',  ( -1.269999999999999796, 2.490000000000000213, 2.040000000000000036 ) ) ;
#1741 = VECTOR ( 'NONE', #1089, 1000.000000000000000 ) ;
#1742 = AXIS2_PLACEMENT_3D ( 'NONE', #3657, #2722, #1811 ) ;
#1743 = ORIENTED_EDGE ( 'NONE', *, *, #2059, .F. ) ;
#1744 = DIRECTION ( 'NONE',  ( -0.7071067811865467956, 0.7071067811865483499, 5.989427408919424449E-17 ) ) ;
#1745 = EDGE_LOOP ( 'NONE', ( #1163, #515, #876, #3237 ) ) ;
#1746 = EDGE_CURVE ( 'NONE', #2353, #1144, #1617, .T. ) ;
#1747 = EDGE_LOOP ( 'NONE', ( #604, #1855, #3887, #1627 ) ) ;
#1748 = CARTESIAN_POINT ( 'NONE',  ( -0.3200000000000001177, 11.50000000000000000, -0.3199999999999999512 ) ) ;
#1749 = VERTEX_POINT ( 'NONE', #1459 ) ;
#1750 = EDGE_CURVE ( 'NONE', #3776, #1691, #3653, .T. ) ;
#1751 = CARTESIAN_POINT ( 'NONE',  ( 1.172071067811866429, 0.5000000000000000000, 2.042928932188134539 ) ) ;
#1752 =( REPRESENTATION_RELATIONSHIP ('NONE','NONE', #2606, #1781 ) REPRESENTATION_RELATIONSHIP_WITH_TRANSFORMATION ( #1587 )SHAPE_REPRESENTATION_RELATIONSHIP( ) );
#1753 = DIRECTION ( 'NONE',  ( 0.000000000000000000, 0.000000000000000000, 1.000000000000000000 ) ) ;
#1754 = VECTOR ( 'NONE', #2457, 1000.000000000000000 ) ;
#1755 = CARTESIAN_POINT ( 'NONE',  ( 1.175000000000000933, 0.01000000000000002623, 2.040000000000000036 ) ) ;
#1756 = DIRECTION ( 'NONE',  ( 0.000000000000000000, 0.000000000000000000, -1.000000000000000000 ) ) ;
#1757 = CARTESIAN_POINT ( 'NONE',  ( 9.267075411139231051E-15, 2.490000000000000213, -2.029999999999994476 ) ) ;
#1758 = DIRECTION ( 'NONE',  ( 1.000000000000000000, 0.000000000000000000, 0.000000000000000000 ) ) ;
#1759 = ADVANCED_FACE ( 'NONE', ( #286 ), #1156, .T. ) ;
#1760 = DIRECTION ( 'NONE',  ( 1.000000000000000000, 0.000000000000000000, 0.000000000000000000 ) ) ;
#1761 = AXIS2_PLACEMENT_3D ( 'NONE', #741, #3613, #721 ) ;
#1762 = CARTESIAN_POINT ( 'NONE',  ( -1.175000000000000266, 2.490000000000000213, -1.010000000000002229 ) ) ;
#1763 = CARTESIAN_POINT ( 'NONE',  ( -1.172071067811865319, 0.5000000000000000000, -2.042928932188134095 ) ) ;
#1764 = VECTOR ( 'NONE', #2218, 1000.000000000000000 ) ;
#1765 = ORIENTED_EDGE ( 'NONE', *, *, #2835, .F. ) ;
#1766 = PLANE ( 'NONE',  #2674 ) ;
#1767 = ORIENTED_EDGE ( 'NONE', *, *, #3020, .F. ) ;
#1768 = EDGE_CURVE ( 'NONE', #2896, #3109, #3350, .T. ) ;
#1769 = EDGE_CURVE ( 'NONE', #2660, #1446, #2128, .T. ) ;
#1770 = VERTEX_POINT ( 'NONE', #1763 ) ;
#1771 = DIRECTION ( 'NONE',  ( 0.000000000000000000, -1.000000000000000000, 0.000000000000000000 ) ) ;
#1772 = VERTEX_POINT ( 'NONE', #3037 ) ;
#1773 = EDGE_CURVE ( 'NONE', #1667, #2660, #3738, .T. ) ;
#1774 = CARTESIAN_POINT ( 'NONE',  ( -0.1142264973081041635, 0.009999999999999998473, 0.1142264973081041773 ) ) ;
#1775 = ORIENTED_EDGE ( 'NONE', *, *, #3996, .F. ) ;
#1776 = DIRECTION ( 'NONE',  ( -1.000000000000000000, -0.000000000000000000, -0.000000000000000000 ) ) ;
#1777 = DIRECTION ( 'NONE',  ( 0.000000000000000000, 0.000000000000000000, 1.000000000000000000 ) ) ;
#1778 = VECTOR ( 'NONE', #2408, 1000.000000000000114 ) ;
#1779 = DIRECTION ( 'NONE',  ( 0.000000000000000000, 0.000000000000000000, 1.000000000000000000 ) ) ;
#1780 = CARTESIAN_POINT ( 'NONE',  ( 1.170857864376269708, 2.500000000000000000, 1.004142135623728560 ) ) ;
#1781 = SHAPE_REPRESENTATION ( 'header-2.54-body2_\X2\9ed88ba4\X0\', ( #3607 ), #1102 ) ;
#1782 = DIRECTION ( 'NONE',  ( 0.000000000000000000, 0.000000000000000000, 1.000000000000000000 ) ) ;
#1783 = CARTESIAN_POINT ( 'NONE',  ( 1.179142135623730825, 2.490000000000000213, -2.040000000000000036 ) ) ;
#1784 = DIRECTION ( 'NONE',  ( 4.929469777106312783E-14, -8.538092108323715974E-14, 1.000000000000000000 ) ) ;
#1785 = AXIS2_PLACEMENT_3D ( 'NONE', #1757, #3632, #2696 ) ;
#1786 = ORIENTED_EDGE ( 'NONE', *, *, #2709, .F. ) ;
#1787 = CARTESIAN_POINT ( 'NONE',  ( 0.1142264973081041080, 0.000000000000000000, 0.1142264973081042190 ) ) ;
#1788 = CARTESIAN_POINT ( 'NONE',  ( 1.179142135623731935, -4.081105855034882879, 2.050000000000000266 ) ) ;
#1789 = CYLINDRICAL_SURFACE ( 'NONE', #2355, 0.01000000000000002623 ) ;
#1790 = EDGE_CURVE ( 'NONE', #3658, #753, #3359, .T. ) ;
#1791 = ORIENTED_EDGE ( 'NONE', *, *, #802, .T. ) ;
#1792 = PLANE ( 'NONE',  #2670 ) ;
#1793 = VERTEX_POINT ( 'NONE', #364 ) ;
#1794 = ADVANCED_FACE ( 'NONE', ( #2489 ), #2152, .F. ) ;
#1795 = EDGE_CURVE ( 'NONE', #1103, #801, #3433, .T. ) ;
#1796 = DIRECTION ( 'NONE',  ( -0.4472135954999866270, 0.7745966692414790744, -0.4472135954999368890 ) ) ;
#1797 = EDGE_LOOP ( 'NONE', ( #2617, #1265, #2667, #2433 ) ) ;
#1798 = VECTOR ( 'NONE', #219, 999.9999999999998863 ) ;
#1799 = CARTESIAN_POINT ( 'NONE',  ( 0.3200000000000001732, 0.9000000000000010214, -1.589999999999999636 ) ) ;
#1800 = DIRECTION ( 'NONE',  ( 0.000000000000000000, 1.000000000000000000, 0.000000000000000000 ) ) ;
#1801 = ADVANCED_FACE ( 'NONE', ( #3775 ), #3469, .T. ) ;
#1802 = CIRCLE ( 'NONE', #3659, 0.01000000000000001409 ) ;
#1803 = CARTESIAN_POINT ( 'NONE',  ( 0.1850717967697237953, 0.1277076581449563264, 0.1937320508075680570 ) ) ;
#1804 = DIRECTION ( 'NONE',  ( 1.000000000000000000, 0.000000000000000000, 0.000000000000000000 ) ) ;
#1805 = EDGE_CURVE ( 'NONE', #3668, #1446, #987, .T. ) ;
#1806 = CARTESIAN_POINT ( 'NONE',  ( -15.24000000000000021, -2.200000000000001066, -1.269999999999999574 ) ) ;
#1807 = DIRECTION ( 'NONE',  ( 0.7071067811865477948, -0.000000000000000000, -0.7071067811865473507 ) ) ;
#1808 = AXIS2_PLACEMENT_3D ( 'NONE', #1250, #631, #329 ) ;
#1809 = AXIS2_PLACEMENT_3D ( 'NONE', #599, #4008, #3394 ) ;
#1810 = EDGE_LOOP ( 'NONE', ( #154, #767, #2163, #3443 ) ) ;
#1811 = DIRECTION ( 'NONE',  ( -0.7071067811865474617, 0.000000000000000000, -0.7071067811865474617 ) ) ;
#1812 = FACE_OUTER_BOUND ( 'NONE', #1706, .T. ) ;
#1813 = COLOUR_RGB ( '',0.9686274509803921573, 0.8784313725490195957, 0.5999999999999999778 ) ;
#1814 = LINE ( 'NONE', #1505, #1754 ) ;
#1815 = ORIENTED_EDGE ( 'NONE', *, *, #2141, .T. ) ;
#1816 = DIRECTION ( 'NONE',  ( 0.000000000000000000, 0.000000000000000000, 1.000000000000000000 ) ) ;
#1817 = ADVANCED_FACE ( 'NONE', ( #2234, #346, #610 ), #3451, .F. ) ;
#1818 = ORIENTED_EDGE ( 'NONE', *, *, #652, .T. ) ;
#1819 = VECTOR ( 'NONE', #198, 1000.000000000000000 ) ;
#1820 = ORIENTED_EDGE ( 'NONE', *, *, #698, .T. ) ;
#1821 = DIRECTION ( 'NONE',  ( 0.000000000000000000, 0.000000000000000000, 1.000000000000000000 ) ) ;
#1822 = VERTEX_POINT ( 'NONE', #928 ) ;
#1823 = LINE ( 'NONE', #240, #3506 ) ;
#1824 = CARTESIAN_POINT ( 'NONE',  ( 1.174999999999999822, 2.500000000000000000, -2.030000000000000249 ) ) ;
#1825 = CARTESIAN_POINT ( 'NONE',  ( 0.3159672026817061941, 0.3452365399626488585, 0.3193224092811611792 ) ) ;
#1826 = DIRECTION ( 'NONE',  ( -1.000000000000000000, 0.000000000000000000, -4.565061778886333255E-15 ) ) ;
#1827 = CARTESIAN_POINT ( 'NONE',  ( -27.94000000000000128, -2.200000000000000622, 1.269999999999999574 ) ) ;
#1828 = CARTESIAN_POINT ( 'NONE',  ( 0.6708578643762684868, 2.490000000000000213, -2.529999999999999805 ) ) ;
#1829 = AXIS2_PLACEMENT_3D ( 'NONE', #2045, #3073, #1151 ) ;
#1830 = EDGE_CURVE ( 'NONE', #539, #1998, #2179, .T. ) ;
#1831 = ORIENTED_EDGE ( 'NONE', *, *, #3920, .T. ) ;
#1832 = DIRECTION ( 'NONE',  ( 8.470329472543004623E-17, 0.000000000000000000, 1.000000000000000000 ) ) ;
#1833 = PRODUCT_DEFINITION_CONTEXT ( 'detailed design', #2956, 'design' ) ;
#1834 = DIRECTION ( 'NONE',  ( 0.000000000000000000, 0.000000000000000000, -1.000000000000000000 ) ) ;
#1835 = CARTESIAN_POINT ( 'NONE',  ( 0.1142264973081041218, 0.01000000000000001582, 0.1142264973081041912 ) ) ;
#1836 = CLOSED_SHELL ( 'NONE', ( #3523, #852, #3406, #230, #384, #3780, #3593, #2761, #1720, #628, #3375, #2017, #3844, #3429, #3609, #697, #2783, #1214, #1759, #67, #1966, #511, #2276, #1618, #3277, #509, #1028, #3182, #2922, #2810, #83, #3529, #3655, #326, #287, #2273, #3120, #1324, #2633, #3551, #3195, #2548 ) ) ;
#1837 = DIRECTION ( 'NONE',  ( 0.000000000000000000, -1.000000000000000000, 0.000000000000000000 ) ) ;
#1838 = ORIENTED_EDGE ( 'NONE', *, *, #2923, .F. ) ;
#1839 = DIRECTION ( 'NONE',  ( 1.000000000000000000, 0.000000000000000000, -1.694065894508600925E-16 ) ) ;
#1840 = ORIENTED_EDGE ( 'NONE', *, *, #3067, .T. ) ;
#1841 = CARTESIAN_POINT ( 'NONE',  ( -0.1142264973081031643, 11.50000000000000000, 0.1142264973081031781 ) ) ;
#1842 = ORIENTED_EDGE ( 'NONE', *, *, #2485, .T. ) ;
#1843 = PLANE ( 'NONE',  #3175 ) ;
#1844 = PRODUCT ( 'header-2.54-pin_\X2\9ed88ba4\X0\', 'header-2.54-pin_\X2\9ed88ba4\X0\', '', ( #2415 ) ) ;
#1845 = AXIS2_PLACEMENT_3D ( 'NONE', #2839, #2817, #2190 ) ;
#1846 = CARTESIAN_POINT ( 'NONE',  ( 1.175000000000000711, 2.490000000000000213, 0.9999999999999976685 ) ) ;
#1847 = AXIS2_PLACEMENT_3D ( 'NONE', #3376, #2136, #667 ) ;
#1848 = EDGE_CURVE ( 'NONE', #668, #1541, #1280, .T. ) ;
#1849 = DIRECTION ( 'NONE',  ( 0.000000000000000000, 0.000000000000000000, -1.000000000000000000 ) ) ;
#1850 = DIRECTION ( 'NONE',  ( 0.000000000000000000, -0.000000000000000000, 1.000000000000000000 ) ) ;
#1851 = EDGE_CURVE ( 'NONE', #1446, #1290, #470, .T. ) ;
#1852 = ORIENTED_EDGE ( 'NONE', *, *, #2531, .F. ) ;
#1853 = PLANE ( 'NONE',  #2626 ) ;
#1854 = VECTOR ( 'NONE', #751, 1000.000000000000000 ) ;
#1855 = ORIENTED_EDGE ( 'NONE', *, *, #1327, .F. ) ;
#1856 = LINE ( 'NONE', #2243, #1869 ) ;
#1857 = ORIENTED_EDGE ( 'NONE', *, *, #2991, .T. ) ;
#1858 = ORIENTED_EDGE ( 'NONE', *, *, #185, .T. ) ;
#1859 = CARTESIAN_POINT ( 'NONE',  ( 0.3199202969641255501, 11.15372788819387395, -0.3112600429262813440 ) ) ;
#1860 = PLANE ( 'NONE',  #3764 ) ;
#1861 = FACE_OUTER_BOUND ( 'NONE', #79, .T. ) ;
#1862 = DIRECTION ( 'NONE',  ( 0.000000000000000000, 0.7071067811865481278, 0.7071067811865469066 ) ) ;
#1863 = DIRECTION ( 'NONE',  ( 0.8660254037844348218, 0.5000000000000066613, -2.710505431213759902E-15 ) ) ;
#1864 = ORIENTED_EDGE ( 'NONE', *, *, #1593, .T. ) ;
#1865 = AXIS2_PLACEMENT_3D ( 'NONE', #1335, #2011, #3293 ) ;
#1866 = SURFACE_STYLE_FILL_AREA ( #2175 ) ;
#1867 = CARTESIAN_POINT ( 'NONE',  ( -0.3159672026817048063, 0.3452365399626433073, 0.3193224092811601800 ) ) ;
#1868 = AXIS2_PLACEMENT_3D ( 'NONE', #3675, #2697, #2936 ) ;
#1869 = VECTOR ( 'NONE', #953, 1000.000000000000000 ) ;
#1870 = ORIENTED_EDGE ( 'NONE', *, *, #1170, .F. ) ;
#1871 = DIRECTION ( 'NONE',  ( 0.7071067811865473507, -0.000000000000000000, 0.7071067811865477948 ) ) ;
#1872 = ORIENTED_EDGE ( 'NONE', *, *, #1130, .F. ) ;
#1873 = PRODUCT_DEFINITION_SHAPE ( 'NONE', 'NONE',  #4032 ) ;
#1874 = ITEM_DEFINED_TRANSFORMATION ( 'NONE', 'NONE', #1230,  #3607 ) ;
#1875 = VECTOR ( 'NONE', #849, 999.9999999999998863 ) ;
#1876 = EDGE_CURVE ( 'NONE', #1700, #1281, #362, .T. ) ;
#1877 = ADVANCED_FACE ( 'NONE', ( #2801 ), #947, .T. ) ;
#1878 = AXIS2_PLACEMENT_3D ( 'NONE', #2589, #1333, #2323 ) ;
#1879 = ORIENTED_EDGE ( 'NONE', *, *, #3427, .T. ) ;
#1880 = EDGE_CURVE ( 'NONE', #1646, #3302, #799, .T. ) ;
#1881 = ORIENTED_EDGE ( 'NONE', *, *, #3918, .T. ) ;
#1882 = DIRECTION ( 'NONE',  ( -0.000000000000000000, 1.000000000000000000, -0.000000000000000000 ) ) ;
#1883 = PLANE ( 'NONE',  #2235 ) ;
#1884 = CIRCLE ( 'NONE', #3348, 0.02000000000000005246 ) ;
#1885 = DIRECTION ( 'NONE',  ( -0.000000000000000000, 1.000000000000000000, -0.000000000000000000 ) ) ;
#1886 = CARTESIAN_POINT ( 'NONE',  ( -0.3199999999999998401, 0.9000000000000010214, -1.589999999999999636 ) ) ;
#1887 = DIRECTION ( 'NONE',  ( -0.5773502691896262862, -0.5773502691896250649, 0.5773502691896259531 ) ) ;
#1888 = ORIENTED_EDGE ( 'NONE', *, *, #2655, .F. ) ;
#1889 = LINE ( 'NONE', #3123, #3164 ) ;
#1890 = ORIENTED_EDGE ( 'NONE', *, *, #1769, .T. ) ;
#1891 = CARTESIAN_POINT ( 'NONE',  ( 1.175000000000000711, 2.490000000000000213, -1.000000000000002442 ) ) ;
#1892 = VERTEX_POINT ( 'NONE', #2194 ) ;
#1893 = EDGE_CURVE ( 'NONE', #104, #3743, #1255, .T. ) ;
#1894 = ADVANCED_FACE ( 'NONE', ( #10 ), #1925, .F. ) ;
#1895 = ITEM_DEFINED_TRANSFORMATION ( 'NONE', 'NONE', #2000,  #3607 ) ;
#1896 = EDGE_CURVE ( 'NONE', #3109, #1147, #1698, .T. ) ;
#1897 = DIRECTION ( 'NONE',  ( 4.565061778886298545E-15, 0.000000000000000000, 1.000000000000000000 ) ) ;
#1898 = ORIENTED_EDGE ( 'NONE', *, *, #945, .T. ) ;
#1899 = DIRECTION ( 'NONE',  ( -5.421010862427743051E-15, -1.000000000000000000, 0.000000000000000000 ) ) ;
#1900 = FACE_OUTER_BOUND ( 'NONE', #710, .T. ) ;
#1901 = DIRECTION ( 'NONE',  ( 0.000000000000000000, -1.000000000000000000, 0.000000000000000000 ) ) ;
#1902 = DIRECTION ( 'NONE',  ( -1.000000000000000000, 0.000000000000000000, -0.000000000000000000 ) ) ;
#1903 = CIRCLE ( 'NONE', #2903, 0.009999999999999592548 ) ;
#1904 = VECTOR ( 'NONE', #2993, 1000.000000000000000 ) ;
#1905 = DIRECTION ( 'NONE',  ( -0.000000000000000000, 1.000000000000000000, -0.000000000000000000 ) ) ;
#1906 = PRODUCT_DEFINITION_SHAPE ( 'NONE', 'NONE',  #4035 ) ;
#1907 = VERTEX_POINT ( 'NONE', #3571 ) ;
#1908 = CARTESIAN_POINT ( 'NONE',  ( 0.000000000000000000, 0.000000000000000000, 0.000000000000000000 ) ) ;
#1909 = DIRECTION ( 'NONE',  ( -1.000000000000000000, -0.000000000000000000, -0.000000000000000000 ) ) ;
#1910 = CONTEXT_DEPENDENT_SHAPE_REPRESENTATION ( #2793, #1515 ) ;
#1911 =( REPRESENTATION_RELATIONSHIP ('NONE','NONE', #2606, #3060 ) REPRESENTATION_RELATIONSHIP_WITH_TRANSFORMATION ( #2461 )SHAPE_REPRESENTATION_RELATIONSHIP( ) );
#1912 = ORIENTED_EDGE ( 'NONE', *, *, #1971, .T. ) ;
#1913 = CARTESIAN_POINT ( 'NONE',  ( -0.3200000000000001177, 0.3464101615137729628, -0.3099999999999999423 ) ) ;
#1914 = ORIENTED_EDGE ( 'NONE', *, *, #3665, .T. ) ;
#1915 =( BOUNDED_CURVE ( )  B_SPLINE_CURVE ( 3, ( #1136, #1825, #862, #2083 ),
 .UNSPECIFIED., .F., .F. ) 
 B_SPLINE_CURVE_WITH_KNOTS ( ( 4, 4 ),
 ( 5.624127271420919172, 6.942243342938268391 ),
 .UNSPECIFIED. ) 
 CURVE ( )  GEOMETRIC_REPRESENTATION_ITEM ( )  RATIONAL_B_SPLINE_CURVE ( ( 1.000000000000000000, 0.8603796100557155047, 0.8603796100557155047, 1.000000000000000000 ) ) 
 REPRESENTATION_ITEM ( '' )  );
#1916 = ORIENTED_EDGE ( 'NONE', *, *, #93, .F. ) ;
#1917 = CARTESIAN_POINT ( 'NONE',  ( -1.174999999999999600, 2.495857864376268331, 0.9999999999999978906 ) ) ;
#1918 = EDGE_CURVE ( 'NONE', #3456, #892, #3831, .T. ) ;
#1919 = EDGE_LOOP ( 'NONE', ( #914, #557, #3361, #2242, #3463, #2597, #3563, #3781 ) ) ;
#1920 = EDGE_CURVE ( 'NONE', #3473, #539, #2741, .T. ) ;
#1921 = LINE ( 'NONE', #3156, #994 ) ;
#1922 = PRODUCT_RELATED_PRODUCT_CATEGORY ( 'part', '', ( #1844 ) ) ;
#1923 = LINE ( 'NONE', #119, #3707 ) ;
#1924 = LINE ( 'NONE', #2547, #905 ) ;
#1925 = PLANE ( 'NONE',  #2555 ) ;
#1926 = ADVANCED_FACE ( 'NONE', ( #144 ), #788, .F. ) ;
#1927 = CARTESIAN_POINT ( 'NONE',  ( 0.000000000000000000, 0.01000000000000000021, 2.049999999999999822 ) ) ;
#1928 = ORIENTED_EDGE ( 'NONE', *, *, #3623, .T. ) ;
#1929 = SURFACE_STYLE_USAGE ( .BOTH. , #990 ) ;
#1930 = DIRECTION ( 'NONE',  ( 0.000000000000000000, 0.000000000000000000, -1.000000000000000000 ) ) ;
#1931 = AXIS2_PLACEMENT_3D ( 'NONE', #556, #1535, #3667 ) ;
#1932 = VERTEX_POINT ( 'NONE', #2927 ) ;
#1933 = DIRECTION ( 'NONE',  ( -0.7071067811865476838, 0.000000000000000000, 0.7071067811865473507 ) ) ;
#1934 = ORIENTED_EDGE ( 'NONE', *, *, #1256, .F. ) ;
#1935 = AXIS2_PLACEMENT_3D ( 'NONE', #3347, #243, #1499 ) ;
#1936 = ADVANCED_FACE ( 'NONE', ( #1965 ), #2629, .F. ) ;
#1937 = EDGE_LOOP ( 'NONE', ( #229, #1013, #2763, #371, #115, #3300 ) ) ;
#1938 = VERTEX_POINT ( 'NONE', #2609 ) ;
#1939 = VECTOR ( 'NONE', #2138, 1000.000000000000000 ) ;
#1940 = DIRECTION ( 'NONE',  ( -0.000000000000000000, 1.000000000000000000, -0.000000000000000000 ) ) ;
#1941 = PRODUCT_DEFINITION_SHAPE ( 'NONE', 'NONE',  #4019 ) ;
#1942 = FACE_OUTER_BOUND ( 'NONE', #3079, .T. ) ;
#1943 = CARTESIAN_POINT ( 'NONE',  ( 0.3200000000000002287, 0.9000000000000010214, 0.9499999999999996225 ) ) ;
#1944 = EDGE_CURVE ( 'NONE', #1290, #104, #1330, .T. ) ;
#1945 = EDGE_CURVE ( 'NONE', #2227, #398, #2651, .T. ) ;
#1946 = DIRECTION ( 'NONE',  ( -2.168404344971008868E-16, 0.000000000000000000, -1.000000000000000000 ) ) ;
#1947 = VECTOR ( 'NONE', #2319, 1000.000000000000000 ) ;
#1948 = ORIENTED_EDGE ( 'NONE', *, *, #3735, .T. ) ;
#1949 =( NAMED_UNIT ( * ) PLANE_ANGLE_UNIT ( ) SI_UNIT ( $, .RADIAN. ) );
#1950 = EDGE_CURVE ( 'NONE', #1793, #1464, #3814, .T. ) ;
#1951 = CARTESIAN_POINT ( 'NONE',  ( 1.179142135623731935, 2.490000000000000213, 2.030000000000000249 ) ) ;
#1952 = CARTESIAN_POINT ( 'NONE',  ( -0.3199999999999998401, 0.9000000000000010214, -1.589999999999999636 ) ) ;
#1953 = ORIENTED_EDGE ( 'NONE', *, *, #1259, .T. ) ;
#1954 = PRESENTATION_LAYER_ASSIGNMENT (  '', '', ( #3441 ) ) ;
#1955 = ORIENTED_EDGE ( 'NONE', *, *, #1805, .F. ) ;
#1956 = FACE_OUTER_BOUND ( 'NONE', #3989, .T. ) ;
#1957 = ITEM_DEFINED_TRANSFORMATION ( 'NONE', 'NONE', #3133,  #3607 ) ;
#1958 = ORIENTED_EDGE ( 'NONE', *, *, #2561, .F. ) ;
#1959 = CARTESIAN_POINT ( 'NONE',  ( -1.170857864376268820, 2.500000000000000000, 1.004142135623728782 ) ) ;
#1960 = VECTOR ( 'NONE', #3345, 1000.000000000000000 ) ;
#1961 = ORIENTED_EDGE ( 'NONE', *, *, #1522, .T. ) ;
#1962 = DIRECTION ( 'NONE',  ( 1.000000000000000000, 0.000000000000000000, -4.565061778886333255E-15 ) ) ;
#1963 = SPHERICAL_SURFACE ( 'NONE', #3117, 0.01000000000000000021 ) ;
#1964 = CARTESIAN_POINT ( 'NONE',  ( 0.3200000000000001732, 0.9000000000000010214, 1.589999999999999636 ) ) ;
#1965 = FACE_OUTER_BOUND ( 'NONE', #3503, .T. ) ;
#1966 = ADVANCED_FACE ( 'NONE', ( #403 ), #1094, .T. ) ;
#1967 = FACE_OUTER_BOUND ( 'NONE', #2093, .T. ) ;
#1968 = VERTEX_POINT ( 'NONE', #3892 ) ;
#1969 = DIRECTION ( 'NONE',  ( 0.000000000000000000, 0.000000000000000000, 1.000000000000000000 ) ) ;
#1970 = LINE ( 'NONE', #3270, #1764 ) ;
#1971 = EDGE_CURVE ( 'NONE', #3638, #3718, #233, .T. ) ;
#1972 = DIRECTION ( 'NONE',  ( 0.000000000000000000, 0.000000000000000000, 1.000000000000000000 ) ) ;
#1973 = VERTEX_POINT ( 'NONE', #1353 ) ;
#1975 = CIRCLE ( 'NONE', #3828, 0.009999999999999984596 ) ;
#1974 = LINE ( 'NONE', #2914, #3990 ) ;
#1976 = VERTEX_POINT ( 'NONE', #2902 ) ;
#1977 = VERTEX_POINT ( 'NONE', #2345 ) ;
#1978 = CARTESIAN_POINT ( 'NONE',  ( 0.1142264973081040663, 0.000000000000000000, -0.1142264973081040941 ) ) ;
#1979 = ORIENTED_EDGE ( 'NONE', *, *, #3975, .F. ) ;
#1980 = DIRECTION ( 'NONE',  ( -0.7071067811865477948, 0.000000000000000000, -0.7071067811865473507 ) ) ;
#1981 = VECTOR ( 'NONE', #843, 1000.000000000000000 ) ;
#1982 = AXIS2_PLACEMENT_3D ( 'NONE', #1594, #3526, #1294 ) ;
#1983 = DIRECTION ( 'NONE',  ( 1.000000000000000000, -2.168404344971003188E-14, 0.000000000000000000 ) ) ;
#1984 = CARTESIAN_POINT ( 'NONE',  ( -1.164999999999999813, 2.500000000000000000, 1.009999999999997788 ) ) ;
#1985 = CARTESIAN_POINT ( 'NONE',  ( -0.3108419876365760004, 0.3463640836734995232, -0.3199733969465143324 ) ) ;
#1986 = CARTESIAN_POINT ( 'NONE',  ( 0.000000000000000000, 11.49000000000000021, 0.1142264973081031781 ) ) ;
#1987 = ORIENTED_EDGE ( 'NONE', *, *, #3452, .T. ) ;
#1988 = DIRECTION ( 'NONE',  ( 1.000000000000000000, 0.000000000000000000, 0.000000000000000000 ) ) ;
#1989 = DIRECTION ( 'NONE',  ( -1.000000000000000000, 0.000000000000000000, -0.000000000000000000 ) ) ;
#1990 = CARTESIAN_POINT ( 'NONE',  ( -0.6708578643762687088, 2.490000000000000213, 2.530000000000000693 ) ) ;
#1991 = FACE_OUTER_BOUND ( 'NONE', #551, .T. ) ;
#1992 = CIRCLE ( 'NONE', #3722, 0.01000000000000002623 ) ;
#1993 = ORIENTED_EDGE ( 'NONE', *, *, #2620, .T. ) ;
#1994 = CARTESIAN_POINT ( 'NONE',  ( 1.269999999999999796, 2.490000000000000213, -2.040000000000000480 ) ) ;
#1995 = ORIENTED_EDGE ( 'NONE', *, *, #1170, .T. ) ;
#1996 = ORIENTED_EDGE ( 'NONE', *, *, #3695, .F. ) ;
#1997 = DIRECTION ( 'NONE',  ( 0.4472135954999593155, 0.7745966692414818500, -0.4472135954999593710 ) ) ;
#1998 = VERTEX_POINT ( 'NONE', #101 ) ;
#1999 = CARTESIAN_POINT ( 'NONE',  ( 1.150857864376268136, 0.000000000000000000, -2.050000000000000711 ) ) ;
#2000 = AXIS2_PLACEMENT_3D ( 'NONE', #1806, #4001, #3714 ) ;
#2001 = EDGE_CURVE ( 'NONE', #650, #3498, #3850, .T. ) ;
#2002 = AXIS2_PLACEMENT_3D ( 'NONE', #2870, #2223, #935 ) ;
#2003 = DIRECTION ( 'NONE',  ( -0.000000000000000000, 1.000000000000000000, 0.000000000000000000 ) ) ;
#2004 = LINE ( 'NONE', #1735, #1298 ) ;
#2005 = DIRECTION ( 'NONE',  ( -0.7071067811865475727, 0.000000000000000000, -0.7071067811865475727 ) ) ;
#2006 = DIRECTION ( 'NONE',  ( -0.000000000000000000, 1.000000000000000000, -0.000000000000000000 ) ) ;
#2007 = ORIENTED_EDGE ( 'NONE', *, *, #1848, .F. ) ;
#2008 = CARTESIAN_POINT ( 'NONE',  ( -7.620000000000000107, -2.200000000000000622, 1.269999999999999574 ) ) ;
#2009 = AXIS2_PLACEMENT_3D ( 'NONE', #1656, #3527, #3489 ) ;
#2010 = FACE_OUTER_BOUND ( 'NONE', #692, .T. ) ;
#2011 = DIRECTION ( 'NONE',  ( 0.000000000000000000, 0.000000000000000000, -1.000000000000000000 ) ) ;
#2012 = DIRECTION ( 'NONE',  ( 0.000000000000000000, 0.000000000000000000, 1.000000000000000000 ) ) ;
#2013 = EDGE_LOOP ( 'NONE', ( #1443, #3268, #3057, #1605 ) ) ;
#2014 = FACE_OUTER_BOUND ( 'NONE', #3274, .T. ) ;
#2015 = DIRECTION ( 'NONE',  ( -1.000000000000000000, 0.000000000000000000, 0.000000000000000000 ) ) ;
#2016 = VECTOR ( 'NONE', #2930, 1000.000000000000000 ) ;
#2017 = ADVANCED_FACE ( 'NONE', ( #3242 ), #3306, .F. ) ;
#2018 = ORIENTED_EDGE ( 'NONE', *, *, #2479, .F. ) ;
#2019 =( REPRESENTATION_RELATIONSHIP ('NONE','NONE', #2606, #3060 ) REPRESENTATION_RELATIONSHIP_WITH_TRANSFORMATION ( #2573 )SHAPE_REPRESENTATION_RELATIONSHIP( ) );
#2020 = CARTESIAN_POINT ( 'NONE',  ( -1.179142135623730825, 2.500000000000000000, -2.029999999999999805 ) ) ;
#2021 = ORIENTED_EDGE ( 'NONE', *, *, #3051, .T. ) ;
#2022 = CARTESIAN_POINT ( 'NONE',  ( -0.3112600429262813995, 11.15372788819387395, -0.3199202969641255501 ) ) ;
#2023 = EDGE_CURVE ( 'NONE', #94, #2131, #444, .T. ) ;
#2024 =( BOUNDED_CURVE ( )  B_SPLINE_CURVE ( 3, ( #3974, #1453, #2753, #2694 ),
 .UNSPECIFIED., .F., .T. ) 
 B_SPLINE_CURVE_WITH_KNOTS ( ( 4, 4 ),
 ( -5.329070518200751394E-15, 0.1263401276387706162 ),
 .UNSPECIFIED. ) 
 CURVE ( )  GEOMETRIC_REPRESENTATION_ITEM ( )  RATIONAL_B_SPLINE_CURVE ( ( 1.000000000000000000, 0.9986702899464854344, 0.9986702899464854344, 1.000000000000000000 ) ) 
 REPRESENTATION_ITEM ( '' )  );
#2025 = VECTOR ( 'NONE', #199, 1000.000000000000000 ) ;
#2026 = DIRECTION ( 'NONE',  ( 1.694065894508600678E-16, 0.000000000000000000, 1.000000000000000000 ) ) ;
#2027 = CARTESIAN_POINT ( 'NONE',  ( -1.175000000000000266, 2.490000000000000213, -1.000000000000002220 ) ) ;
#2028 = CARTESIAN_POINT ( 'NONE',  ( -1.270000000000000240, 0.5000000000000000000, 2.039999999999999591 ) ) ;
#2029 = DIRECTION ( 'NONE',  ( 1.000000000000000000, 0.000000000000000000, 0.000000000000000000 ) ) ;
#2030 = CARTESIAN_POINT ( 'NONE',  ( -5.080000000000000071, -2.200000000000001066, -1.269999999999999574 ) ) ;
#2031 = DIRECTION ( 'NONE',  ( -1.000000000000000000, -0.000000000000000000, 0.000000000000000000 ) ) ;
#2032 = DIRECTION ( 'NONE',  ( -1.000000000000000000, -0.000000000000000000, 0.000000000000000000 ) ) ;
#2033 = ORIENTED_EDGE ( 'NONE', *, *, #2941, .T. ) ;
#2034 = DIRECTION ( 'NONE',  ( 0.000000000000000000, -1.000000000000000000, 0.000000000000000000 ) ) ;
#2035 = ORIENTED_EDGE ( 'NONE', *, *, #2068, .T. ) ;
#2036 = CIRCLE ( 'NONE', #2703, 0.01000000000000000194 ) ;
#2037 = ORIENTED_EDGE ( 'NONE', *, *, #1830, .T. ) ;
#2038 = DIRECTION ( 'NONE',  ( 0.000000000000000000, 0.5000000000000019984, 0.8660254037844374864 ) ) ;
#2039 = ORIENTED_EDGE ( 'NONE', *, *, #3358, .T. ) ;
#2040 = CARTESIAN_POINT ( 'NONE',  ( 0.7200000000000018607, 0.5000000000000000000, 1.990000000000001323 ) ) ;
#2041 =( REPRESENTATION_RELATIONSHIP ('NONE','NONE', #2606, #3060 ) REPRESENTATION_RELATIONSHIP_WITH_TRANSFORMATION ( #3421 )SHAPE_REPRESENTATION_RELATIONSHIP( ) );
#2042 = EDGE_CURVE ( 'NONE', #1430, #2542, #23, .T. ) ;
#2043 = CARTESIAN_POINT ( 'NONE',  ( 1.179142135623730825, 0.5000000000000000000, -2.050000000000000266 ) ) ;
#2044 = LINE ( 'NONE', #1150, #3934 ) ;
#2045 = CARTESIAN_POINT ( 'NONE',  ( -0.6708578643762687088, 2.490000000000000213, 2.530000000000000693 ) ) ;
#2046 = CARTESIAN_POINT ( 'NONE',  ( -1.150857864376269690, 0.000000000000000000, 2.049999999999999822 ) ) ;
#2047 = CARTESIAN_POINT ( 'NONE',  ( -12.70000000000000107, -2.200000000000001066, -1.269999999999999574 ) ) ;
#2048 = EDGE_CURVE ( 'NONE', #1464, #1973, #3942, .T. ) ;
#2049 = DIRECTION ( 'NONE',  ( 0.8660254037844379305, 0.5000000000000012212, -1.355252715606880740E-15 ) ) ;
#2050 = CARTESIAN_POINT ( 'NONE',  ( -0.1142264973081032059, 11.50000000000000000, -0.1142264973081030810 ) ) ;
#2051 = EDGE_CURVE ( 'NONE', #1147, #3786, #1194, .T. ) ;
#2052 = ORIENTED_EDGE ( 'NONE', *, *, #1097, .T. ) ;
#2053 = CARTESIAN_POINT ( 'NONE',  ( 0.6749999999999993783, 2.490000000000000213, -2.539999999999999591 ) ) ;
#2054 = CARTESIAN_POINT ( 'NONE',  ( -0.3199202969641256056, 11.15372788819387395, 0.3112600429262813995 ) ) ;
#2055 = VERTEX_POINT ( 'NONE', #2364 ) ;
#2056 = CARTESIAN_POINT ( 'NONE',  ( 0.1228867513459474259, 11.49499999999999922, -2.081782543421284250E-17 ) ) ;
#2057 = ORIENTED_EDGE ( 'NONE', *, *, #3796, .T. ) ;
#2058 = CARTESIAN_POINT ( 'NONE',  ( -0.04749999999999936218, 0.5000000000000000000, 3.262500000000000622 ) ) ;
#2059 = EDGE_CURVE ( 'NONE', #2338, #1252, #2024, .T. ) ;
#2060 = LINE ( 'NONE', #1111, #2526 ) ;
#2061 = LINE ( 'NONE', #2746, #1564 ) ;
#2062 = CARTESIAN_POINT ( 'NONE',  ( 1.269999999999999796, 2.500000000000000000, -2.030000000000001137 ) ) ;
#2063 = DIRECTION ( 'NONE',  ( 0.8660254037844378194, -0.5000000000000017764, -1.355252715606880543E-15 ) ) ;
#2064 = CIRCLE ( 'NONE', #899, 0.01000000000000002623 ) ;
#2065 = CARTESIAN_POINT ( 'NONE',  ( -0.1142264973081042051, 0.000000000000000000, -0.1142264973081040941 ) ) ;
#2066 = EDGE_CURVE ( 'NONE', #2116, #3718, #3670, .T. ) ;
#2067 = DIRECTION ( 'NONE',  ( 0.000000000000000000, 0.000000000000000000, 1.000000000000000000 ) ) ;
#2068 = EDGE_CURVE ( 'NONE', #2642, #2796, #2822, .T. ) ;
#2069 = DIRECTION ( 'NONE',  ( -0.000000000000000000, 1.000000000000000000, -0.000000000000000000 ) ) ;
#2070 = DIRECTION ( 'NONE',  ( -0.8660254037844434816, 0.4999999999999915068, 0.000000000000000000 ) ) ;
#2071 = AXIS2_PLACEMENT_3D ( 'NONE', #854, #2557, #2808 ) ;
#2072 =( GEOMETRIC_REPRESENTATION_CONTEXT ( 3 ) GLOBAL_UNCERTAINTY_ASSIGNED_CONTEXT ( ( #534 ) ) GLOBAL_UNIT_ASSIGNED_CONTEXT ( ( #389, #669, #368 ) ) REPRESENTATION_CONTEXT ( 'NONE', 'WORKASPACE' ) );
#2073 = ORIENTED_EDGE ( 'NONE', *, *, #3066, .T. ) ;
#2074 = LINE ( 'NONE', #2053, #3929 ) ;
#2075 = ORIENTED_EDGE ( 'NONE', *, *, #149, .F. ) ;
#2076 = VERTEX_POINT ( 'NONE', #3689 ) ;
#2077 = LINE ( 'NONE', #2477, #3924 ) ;
#2078 = ORIENTED_EDGE ( 'NONE', *, *, #44, .T. ) ;
#2079 = DIRECTION ( 'NONE',  ( 0.000000000000000000, -1.000000000000000000, 0.000000000000000000 ) ) ;
#2080 = VERTEX_POINT ( 'NONE', #2673 ) ;
#2081 = LINE ( 'NONE', #321, #3108 ) ;
#2082 = CARTESIAN_POINT ( 'NONE',  ( -0.6749999999999996003, 0.01000000000000002623, -2.539999999999999591 ) ) ;
#2083 = CARTESIAN_POINT ( 'NONE',  ( 0.3199202969641257721, 0.3462721118061212744, 0.3112600429262813440 ) ) ;
#2084 = CARTESIAN_POINT ( 'NONE',  ( -17.78000000000000114, 0.000000000000000000, 0.000000000000000000 ) ) ;
#2085 = CARTESIAN_POINT ( 'NONE',  ( 1.175000000000000711, 2.490000000000000213, 1.009999999999997566 ) ) ;
#2086 = LINE ( 'NONE', #2782, #1778 ) ;
#2087 = EDGE_CURVE ( 'NONE', #617, #1629, #544, .T. ) ;
#2088 = EDGE_CURVE ( 'NONE', #1142, #753, #3933, .T. ) ;
#2089 = EDGE_CURVE ( 'NONE', #1938, #3498, #1568, .T. ) ;
#2090 = ORIENTED_EDGE ( 'NONE', *, *, #1704, .T. ) ;
#2091 =( NAMED_UNIT ( * ) SI_UNIT ( $, .STERADIAN. ) SOLID_ANGLE_UNIT ( ) );
#2092 = ORIENTED_EDGE ( 'NONE', *, *, #1202, .T. ) ;
#2093 = EDGE_LOOP ( 'NONE', ( #3684, #2463, #1916, #1427 ) ) ;
#2094 = DIRECTION ( 'NONE',  ( 0.000000000000000000, 0.000000000000000000, 1.000000000000000000 ) ) ;
#2095 = ORIENTED_EDGE ( 'NONE', *, *, #3654, .F. ) ;
#2096 = EDGE_CURVE ( 'NONE', #1749, #332, #1695, .T. ) ;
#2097 = AXIS2_PLACEMENT_3D ( 'NONE', #2752, #1260, #2465 ) ;
#2098 = DIRECTION ( 'NONE',  ( 0.000000000000000000, -1.000000000000000000, 4.065758146820641628E-15 ) ) ;
#2099 = ORIENTED_EDGE ( 'NONE', *, *, #3374, .T. ) ;
#2100 = DIRECTION ( 'NONE',  ( -0.7071067811865477948, -0.000000000000000000, -0.7071067811865473507 ) ) ;
#2101 = CARTESIAN_POINT ( 'NONE',  ( -0.3099999999999999978, 11.15358983848622287, 0.3200000000000000622 ) ) ;
#2102 = DIRECTION ( 'NONE',  ( -0.000000000000000000, 1.000000000000000000, -0.000000000000000000 ) ) ;
#2103 = DIRECTION ( 'NONE',  ( 0.000000000000000000, -4.065758146820641628E-15, -1.000000000000000000 ) ) ;
#2104 = CARTESIAN_POINT ( 'NONE',  ( -25.40000000000000213, 0.000000000000000000, 0.000000000000000000 ) ) ;
#2105 = SPHERICAL_SURFACE ( 'NONE', #139, 0.01000000000000000021 ) ;
#2106 = CARTESIAN_POINT ( 'NONE',  ( -0.1142264973081033030, 11.49000000000000021, -0.1142264973081030671 ) ) ;
#2107 = EDGE_CURVE ( 'NONE', #853, #1907, #4010, .T. ) ;
#2108 = ORIENTED_EDGE ( 'NONE', *, *, #2663, .F. ) ;
#2109 = LINE ( 'NONE', #3099, #130 ) ;
#2110 = DIRECTION ( 'NONE',  ( 0.7071067811865477948, 0.000000000000000000, -0.7071067811865473507 ) ) ;
#2111 = CYLINDRICAL_SURFACE ( 'NONE', #337, 0.01000000000000002623 ) ;
#2112 = ORIENTED_EDGE ( 'NONE', *, *, #209, .F. ) ;
#2113 = LINE ( 'NONE', #3726, #1611 ) ;
#2114 = ORIENTED_EDGE ( 'NONE', *, *, #3165, .T. ) ;
#2115 = DIRECTION ( 'NONE',  ( 1.000000000000000000, 0.000000000000000000, 0.000000000000000000 ) ) ;
#2116 = VERTEX_POINT ( 'NONE', #261 ) ;
#2117 = CIRCLE ( 'NONE', #1472, 0.01000000000000002623 ) ;
#2118 = CARTESIAN_POINT ( 'NONE',  ( 0.000000000000000000, 11.49499999999999922, -0.1228867513459474259 ) ) ;
#2119 = LINE ( 'NONE', #1824, #722 ) ;
#2120 = EDGE_CURVE ( 'NONE', #2292, #3520, #3725, .T. ) ;
#2121 = AXIS2_PLACEMENT_3D ( 'NONE', #2680, #2032, #3938 ) ;
#2122 = LINE ( 'NONE', #1803, #2714 ) ;
#2123 = CARTESIAN_POINT ( 'NONE',  ( 0.3200000000000001732, 2.500000000000000000, 1.589999999999999636 ) ) ;
#2124 = DIRECTION ( 'NONE',  ( 1.000000000000000000, 0.000000000000000000, 0.000000000000000000 ) ) ;
#2125 = CARTESIAN_POINT ( 'NONE',  ( 0.3199202969641256056, 0.3462721118061212189, -0.3112600429262813440 ) ) ;
#2126 = LINE ( 'NONE', #3331, #3959 ) ;
#2127 = AXIS2_PLACEMENT_3D ( 'NONE', #1420, #2067, #3954 ) ;
#2128 = CIRCLE ( 'NONE', #66, 0.01000000000000000021 ) ;
#2129 = PRODUCT_DEFINITION_SHAPE ( 'NONE', 'NONE',  #2711 ) ;
#2130 = AXIS2_PLACEMENT_3D ( 'NONE', #298, #3085, #3703 ) ;
#2131 = VERTEX_POINT ( 'NONE', #808 ) ;
#2132 = LINE ( 'NONE', #248, #1354 ) ;
#2133 = DIRECTION ( 'NONE',  ( 0.000000000000000000, -1.000000000000000000, 0.000000000000000000 ) ) ;
#2134 = LINE ( 'NONE', #523, #293 ) ;
#2135 = PRESENTATION_LAYER_ASSIGNMENT (  '', '', ( #2740 ) ) ;
#2136 = DIRECTION ( 'NONE',  ( 0.4472135954999567620, 0.7745966692414830712, -0.4472135954999600371 ) ) ;
#2137 = VERTEX_POINT ( 'NONE', #3032 ) ;
#2138 = DIRECTION ( 'NONE',  ( 1.000000000000000000, -0.000000000000000000, -0.000000000000000000 ) ) ;
#2139 = ORIENTED_EDGE ( 'NONE', *, *, #3732, .T. ) ;
#2140 = CONTEXT_DEPENDENT_SHAPE_REPRESENTATION ( #1701, #2206 ) ;
#2141 = EDGE_CURVE ( 'NONE', #2885, #2137, #822, .T. ) ;
#2142 = AXIS2_PLACEMENT_3D ( 'NONE', #1716, #763, #1435 ) ;
#2143 = LINE ( 'NONE', #2774, #3061 ) ;
#2144 = ORIENTED_EDGE ( 'NONE', *, *, #339, .F. ) ;
#2145 = EDGE_CURVE ( 'NONE', #1217, #3236, #3711, .T. ) ;
#2146 = CYLINDRICAL_SURFACE ( 'NONE', #485, 0.01000000000000002623 ) ;
#2147 = DIRECTION ( 'NONE',  ( -1.000000000000000000, 5.421010862427752517E-15, -3.129822080702418774E-15 ) ) ;
#2148 = CARTESIAN_POINT ( 'NONE',  ( -9.267075411139283116E-15, 2.490000000000000213, 2.030000000000005578 ) ) ;
#2149 = VECTOR ( 'NONE', #1419, 1000.000000000000000 ) ;
#2150 = APPLICATION_CONTEXT ( 'automotive_design' ) ;
#2151 = DIRECTION ( 'NONE',  ( 0.000000000000000000, -1.000000000000000000, 0.000000000000000000 ) ) ;
#2152 = PLANE ( 'NONE',  #536 ) ;
#2153 = AXIS2_PLACEMENT_3D ( 'NONE', #1264, #2549, #1577 ) ;
#2154 = VERTEX_POINT ( 'NONE', #3014 ) ;
#2155 = PRESENTATION_STYLE_ASSIGNMENT (( #1929 ) ) ;
#2156 = DIRECTION ( 'NONE',  ( 0.000000000000000000, -0.5000000000000014433, 0.8660254037844379305 ) ) ;
#2157 = CARTESIAN_POINT ( 'NONE',  ( -1.170857864376269264, 2.500000000000000000, -1.004142135623733223 ) ) ;
#2158 = CIRCLE ( 'NONE', #2294, 0.01000000000000002623 ) ;
#2159 = VERTEX_POINT ( 'NONE', #3091 ) ;
#2160 = CARTESIAN_POINT ( 'NONE',  ( -0.3199202969641258276, 0.3462721118061212189, -0.3112600429262812884 ) ) ;
#2161 = ORIENTED_EDGE ( 'NONE', *, *, #922, .T. ) ;
#2162 = ITEM_DEFINED_TRANSFORMATION ( 'NONE', 'NONE', #1935,  #3607 ) ;
#2163 = ORIENTED_EDGE ( 'NONE', *, *, #2757, .T. ) ;
#2164 = CARTESIAN_POINT ( 'NONE',  ( 1.270000000000000684, 0.5000000000000004441, 2.039999999999999591 ) ) ;
#2165 = ORIENTED_EDGE ( 'NONE', *, *, #3051, .F. ) ;
#2166 = CARTESIAN_POINT ( 'NONE',  ( -0.3099999999999999978, 11.50000000000000000, 0.3200000000000000622 ) ) ;
#2167 = PRODUCT_DEFINITION_SHAPE ( 'NONE', 'NONE',  #4050 ) ;
#2168 = AXIS2_PLACEMENT_3D ( 'NONE', #3588, #1962, #2272 ) ;
#2169 = DIRECTION ( 'NONE',  ( 1.084202172485504434E-16, 0.000000000000000000, 1.000000000000000000 ) ) ;
#2170 = CIRCLE ( 'NONE', #675, 0.01000000000000002623 ) ;
#2171 = DIRECTION ( 'NONE',  ( 0.000000000000000000, -1.000000000000000000, 0.000000000000000000 ) ) ;
#2172 = DIRECTION ( 'NONE',  ( -0.4472135954999630902, 0.7745966692414802957, 0.4472135954999584828 ) ) ;
#2173 = EDGE_CURVE ( 'NONE', #2159, #1203, #882, .T. ) ;
#2174 = ORIENTED_EDGE ( 'NONE', *, *, #1202, .F. ) ;
#2175 = FILL_AREA_STYLE ('',( #2493 ) ) ;
#2176 = CARTESIAN_POINT ( 'NONE',  ( 0.3099999999999999978, 11.50000000000000000, 0.3200000000000000622 ) ) ;
#2177 = EDGE_CURVE ( 'NONE', #753, #3902, #2119, .T. ) ;
#2178 = VECTOR ( 'NONE', #1516, 1000.000000000000000 ) ;
#2179 =( BOUNDED_CURVE ( )  B_SPLINE_CURVE ( 3, ( #2530, #967, #3510, #2843 ),
 .UNSPECIFIED., .F., .T. ) 
 B_SPLINE_CURVE_WITH_KNOTS ( ( 4, 4 ),
 ( 2.482534617831140267, 3.800650689348524125 ),
 .UNSPECIFIED. ) 
 CURVE ( )  GEOMETRIC_REPRESENTATION_ITEM ( )  RATIONAL_B_SPLINE_CURVE ( ( 1.000000000000000000, 0.8603796100557086213, 0.8603796100557086213, 1.000000000000000000 ) ) 
 REPRESENTATION_ITEM ( '' )  );
#2180 = AXIS2_PLACEMENT_3D ( 'NONE', #3385, #242, #3467 ) ;
#2181 = EDGE_CURVE ( 'NONE', #2055, #1691, #276, .T. ) ;
#2182 = VERTEX_POINT ( 'NONE', #526 ) ;
#2183 = DIRECTION ( 'NONE',  ( 1.000000000000000000, 0.000000000000000000, -2.125886612716675327E-16 ) ) ;
#2184 = ORIENTED_EDGE ( 'NONE', *, *, #2490, .T. ) ;
#2185 = CONTEXT_DEPENDENT_SHAPE_REPRESENTATION ( #923, #2730 ) ;
#2186 = ORIENTED_EDGE ( 'NONE', *, *, #2832, .F. ) ;
#2187 = LINE ( 'NONE', #3462, #579 ) ;
#2188 = EDGE_LOOP ( 'NONE', ( #2161, #2440, #900, #3522 ) ) ;
#2189 = DIRECTION ( 'NONE',  ( -0.4472135954999578722, -0.7745966692414835153, 0.4472135954999579277 ) ) ;
#2190 = DIRECTION ( 'NONE',  ( 0.000000000000000000, 0.000000000000000000, -1.000000000000000000 ) ) ;
#2191 = AXIS2_PLACEMENT_3D ( 'NONE', #524, #1753, #1983 ) ;
#2192 = CARTESIAN_POINT ( 'NONE',  ( 1.269999999999999796, 0.5000000000000004441, -2.040000000000000480 ) ) ;
#2193 = DIRECTION ( 'NONE',  ( -0.000000000000000000, 1.000000000000000000, -0.000000000000000000 ) ) ;
#2194 = CARTESIAN_POINT ( 'NONE',  ( -0.3112600429262813995, 11.15372788819387395, -0.3199202969641255501 ) ) ;
#2195 = EDGE_CURVE ( 'NONE', #1998, #3339, #2501, .T. ) ;
#2196 = EDGE_CURVE ( 'NONE', #3520, #1646, #22, .T. ) ;
#2197 = ORIENTED_EDGE ( 'NONE', *, *, #2485, .F. ) ;
#2198 = CARTESIAN_POINT ( 'NONE',  ( 0.3200000000000002287, 2.500000000000000000, -0.9499999999999996225 ) ) ;
#2199 = EDGE_CURVE ( 'NONE', #3493, #3236, #2855, .T. ) ;
#2200 = PRODUCT_CONTEXT ( 'NONE', #1399, 'mechanical' ) ;
#2201 = CIRCLE ( 'NONE', #2097, 0.01000000000000001409 ) ;
#2202 = VECTOR ( 'NONE', #1344, 1000.000000000000000 ) ;
#2203 = EDGE_LOOP ( 'NONE', ( #2669, #3353, #109, #3968 ) ) ;
#2204 = CARTESIAN_POINT ( 'NONE',  ( 1.270000000000000462, 2.490000000000000213, 1.009999999999997788 ) ) ;
#2205 = ORIENTED_EDGE ( 'NONE', *, *, #2976, .F. ) ;
#2206 = PRODUCT_DEFINITION_SHAPE ( 'NONE', 'NONE',  #4030 ) ;
#2207 =( GEOMETRIC_REPRESENTATION_CONTEXT ( 3 ) GLOBAL_UNCERTAINTY_ASSIGNED_CONTEXT ( ( #571 ) ) GLOBAL_UNIT_ASSIGNED_CONTEXT ( ( #3231, #2938, #2091 ) ) REPRESENTATION_CONTEXT ( 'NONE', 'WORKASPACE' ) );
#2208 = FACE_OUTER_BOUND ( 'NONE', #2356, .T. ) ;
#2209 = ORIENTED_EDGE ( 'NONE', *, *, #2173, .T. ) ;
#2210 = DIRECTION ( 'NONE',  ( 0.000000000000000000, 0.000000000000000000, -1.000000000000000000 ) ) ;
#2211 = CYLINDRICAL_SURFACE ( 'NONE', #98, 0.01000000000000001409 ) ;
#2212 = CIRCLE ( 'NONE', #3614, 0.009999999999999998473 ) ;
#2213 = CARTESIAN_POINT ( 'NONE',  ( 0.1228867513459484251, 0.004999999999999981022, -0.1142264973081041218 ) ) ;
#2214 = CARTESIAN_POINT ( 'NONE',  ( 0.000000000000000000, 0.000000000000000000, 0.000000000000000000 ) ) ;
#2215 = CARTESIAN_POINT ( 'NONE',  ( 1.170857864376269708, 2.500000000000000000, -1.004142135623733445 ) ) ;
#2216 = EDGE_LOOP ( 'NONE', ( #639, #672, #1775, #3540, #1441, #783 ) ) ;
#2217 =( NAMED_UNIT ( * ) PLANE_ANGLE_UNIT ( ) SI_UNIT ( $, .RADIAN. ) );
#2218 = DIRECTION ( 'NONE',  ( -0.000000000000000000, 1.000000000000000000, -0.000000000000000000 ) ) ;
#2219 = CONTEXT_DEPENDENT_SHAPE_REPRESENTATION ( #2231, #387 ) ;
#2220 = VECTOR ( 'NONE', #426, 1000.000000000000000 ) ;
#2221 = ADVANCED_FACE ( 'NONE', ( #61 ), #2510, .T. ) ;
#2222 = EDGE_LOOP ( 'NONE', ( #1852, #2588, #478, #919, #41, #477, #1273, #3149, #152, #2931, #3907, #2372 ) ) ;
#2223 = DIRECTION ( 'NONE',  ( 0.000000000000000000, -1.000000000000000000, 0.000000000000000000 ) ) ;
#2224 = ORIENTED_EDGE ( 'NONE', *, *, #3097, .F. ) ;
#2225 = AXIS2_PLACEMENT_3D ( 'NONE', #1205, #3777, #2156 ) ;
#2226 = CONTEXT_DEPENDENT_SHAPE_REPRESENTATION ( #2602, #3507 ) ;
#2227 = VERTEX_POINT ( 'NONE', #2506 ) ;
#2228 = ADVANCED_FACE ( 'NONE', ( #1538 ), #2211, .T. ) ;
#2229 = ORIENTED_EDGE ( 'NONE', *, *, #2199, .T. ) ;
#2230 = EDGE_CURVE ( 'NONE', #3122, #939, #1513, .T. ) ;
#2231 =( REPRESENTATION_RELATIONSHIP ('NONE','NONE', #2606, #3060 ) REPRESENTATION_RELATIONSHIP_WITH_TRANSFORMATION ( #3534 )SHAPE_REPRESENTATION_RELATIONSHIP( ) );
#2232 = DIRECTION ( 'NONE',  ( -1.000000000000000000, 0.000000000000000000, 1.694065894508600925E-16 ) ) ;
#2233 = DIRECTION ( 'NONE',  ( -1.000000000000000000, 0.000000000000000000, -4.565061778886333255E-15 ) ) ;
#2234 = FACE_BOUND ( 'NONE', #3006, .T. ) ;
#2235 = AXIS2_PLACEMENT_3D ( 'NONE', #3131, #42, #3446 ) ;
#2236 = FILL_AREA_STYLE ('',( #3183 ) ) ;
#2237 = ORIENTED_EDGE ( 'NONE', *, *, #2997, .F. ) ;
#2238 = DIRECTION ( 'NONE',  ( -1.000000000000000000, 0.000000000000000000, 0.000000000000000000 ) ) ;
#2239 = DIRECTION ( 'NONE',  ( 0.000000000000000000, 0.000000000000000000, -1.000000000000000000 ) ) ;
#2240 = ITEM_DEFINED_TRANSFORMATION ( 'NONE', 'NONE', #3671,  #3607 ) ;
#2241 = ADVANCED_FACE ( 'NONE', ( #2466 ), #1883, .T. ) ;
#2242 = ORIENTED_EDGE ( 'NONE', *, *, #2620, .F. ) ;
#2243 = CARTESIAN_POINT ( 'NONE',  ( 0.1200000000000002870, 0.000000000000000000, -0.1142264973081040941 ) ) ;
#2244 = ORIENTED_EDGE ( 'NONE', *, *, #1020, .T. ) ;
#2245 = VECTOR ( 'NONE', #3405, 1000.000000000000000 ) ;
#2246 = CIRCLE ( 'NONE', #1004, 0.01000000000000001235 ) ;
#2247 = EDGE_CURVE ( 'NONE', #1144, #3914, #1921, .T. ) ;
#2248 = ORIENTED_EDGE ( 'NONE', *, *, #1080, .F. ) ;
#2249 = EDGE_CURVE ( 'NONE', #1432, #1466, #342, .T. ) ;
#2250 = ORIENTED_EDGE ( 'NONE', *, *, #456, .F. ) ;
#2251 = CARTESIAN_POINT ( 'NONE',  ( -0.3200000000000000067, 11.15358983848622287, 0.3099999999999999978 ) ) ;
#2252 = CYLINDRICAL_SURFACE ( 'NONE', #1982, 0.01000000000000002623 ) ;
#2253 = DIRECTION ( 'NONE',  ( 0.000000000000000000, 0.000000000000000000, -1.000000000000000000 ) ) ;
#2254 = DIRECTION ( 'NONE',  ( 1.694065894508600678E-16, -0.000000000000000000, 1.000000000000000000 ) ) ;
#2255 = ADVANCED_FACE ( 'NONE', ( #2777 ), #1860, .F. ) ;
#2256 = PLANE ( 'NONE',  #1625 ) ;
#2257 = ORIENTED_EDGE ( 'NONE', *, *, #1593, .F. ) ;
#2258 = CARTESIAN_POINT ( 'NONE',  ( -10.16000000000000014, -2.200000000000000622, 1.269999999999999574 ) ) ;
#2259 = FACE_OUTER_BOUND ( 'NONE', #2299, .T. ) ;
#2260 = VECTOR ( 'NONE', #3950, 1000.000000000000000 ) ;
#2261 = CONTEXT_DEPENDENT_SHAPE_REPRESENTATION ( #1729, #897 ) ;
#2262 = VECTOR ( 'NONE', #2911, 1000.000000000000000 ) ;
#2263 = DIRECTION ( 'NONE',  ( 1.694065894508600678E-16, -0.000000000000000000, 1.000000000000000000 ) ) ;
#2264 = ORIENTED_EDGE ( 'NONE', *, *, #2835, .T. ) ;
#2265 = DIRECTION ( 'NONE',  ( 1.000000000000000000, 0.000000000000000000, 0.000000000000000000 ) ) ;
#2266 = VERTEX_POINT ( 'NONE', #3733 ) ;
#2267 = AXIS2_PLACEMENT_3D ( 'NONE', #379, #3908, #141 ) ;
#2268 = ORIENTED_EDGE ( 'NONE', *, *, #3779, .T. ) ;
#2269 = DIRECTION ( 'NONE',  ( -1.000000000000000000, 0.000000000000000000, -0.000000000000000000 ) ) ;
#2270 = ORIENTED_EDGE ( 'NONE', *, *, #2373, .F. ) ;
#2271 = CIRCLE ( 'NONE', #1481, 0.01000000000000002623 ) ;
#2272 = DIRECTION ( 'NONE',  ( -4.565061778886298545E-15, 0.000000000000000000, -1.000000000000000000 ) ) ;
#2273 = ADVANCED_FACE ( 'NONE', ( #1573 ), #1277, .T. ) ;
#2274 = PRODUCT_DEFINITION_SHAPE ( 'NONE', 'NONE',  #4045 ) ;
#2275 = AXIS2_PLACEMENT_3D ( 'NONE', #754, #1726, #3620 ) ;
#2276 = ADVANCED_FACE ( 'NONE', ( #1245 ), #606, .T. ) ;
#2277 = DIRECTION ( 'NONE',  ( 0.000000000000000000, -1.000000000000000000, 0.000000000000000000 ) ) ;
#2278 = DIRECTION ( 'NONE',  ( 1.000000000000000000, 0.000000000000000000, 0.000000000000000000 ) ) ;
#2279 = CARTESIAN_POINT ( 'NONE',  ( 0.3112600429262812884, 11.15372788819387395, 0.3199202969641257166 ) ) ;
#2280 = CARTESIAN_POINT ( 'NONE',  ( -1.174999999999999822, 2.490000000000000213, -2.039999999999999591 ) ) ;
#2281 = ORIENTED_EDGE ( 'NONE', *, *, #2944, .T. ) ;
#2282 = FACE_OUTER_BOUND ( 'NONE', #1554, .T. ) ;
#2283 = LINE ( 'NONE', #1685, #2262 ) ;
#2284 = PLANE ( 'NONE',  #3833 ) ;
#2285 = ORIENTED_EDGE ( 'NONE', *, *, #3227, .T. ) ;
#2286 = DIRECTION ( 'NONE',  ( 0.000000000000000000, 0.000000000000000000, 1.000000000000000000 ) ) ;
#2287 = AXIS2_PLACEMENT_3D ( 'NONE', #3492, #3815, #988 ) ;
#2288 = EDGE_LOOP ( 'NONE', ( #3894, #499, #288 ) ) ;
#2289 = EDGE_LOOP ( 'NONE', ( #2039, #2078, #3084, #268 ) ) ;
#2290 = DIRECTION ( 'NONE',  ( -1.000000000000000000, 0.000000000000000000, 0.000000000000000000 ) ) ;
#2291 = VECTOR ( 'NONE', #2713, 1000.000000000000114 ) ;
#2292 = VERTEX_POINT ( 'NONE', #660 ) ;
#2293 = CARTESIAN_POINT ( 'NONE',  ( 1.179142135623730825, 0.5000000000000000000, -2.040000000000000480 ) ) ;
#2294 = AXIS2_PLACEMENT_3D ( 'NONE', #1951, #148, #2977 ) ;
#2295 = DIRECTION ( 'NONE',  ( -1.694065894508600432E-16, -1.232595164407836146E-32, -1.000000000000000000 ) ) ;
#2296 = CARTESIAN_POINT ( 'NONE',  ( 1.175000000000001155, 0.004142135623730970433, 2.040000000000000036 ) ) ;
#2297 = CARTESIAN_POINT ( 'NONE',  ( -1.270000000000000240, 0.5000000000000000000, -1.990000000000000879 ) ) ;
#2298 = CARTESIAN_POINT ( 'NONE',  ( -0.3199202969641256056, 11.15372788819387395, 0.3112600429262813995 ) ) ;
#2299 = EDGE_LOOP ( 'NONE', ( #2492, #2090, #3581 ) ) ;
#2300 = DIRECTION ( 'NONE',  ( 0.000000000000000000, 0.000000000000000000, 1.000000000000000000 ) ) ;
#2301 = DIRECTION ( 'NONE',  ( -0.000000000000000000, 0.000000000000000000, 1.000000000000000000 ) ) ;
#2302 = VECTOR ( 'NONE', #903, 1000.000000000000114 ) ;
#2303 = CARTESIAN_POINT ( 'NONE',  ( -0.6779289321881341035, 2.490000000000000213, 2.537071067811865976 ) ) ;
#2304 = ORIENTED_EDGE ( 'NONE', *, *, #3919, .F. ) ;
#2305 = CARTESIAN_POINT ( 'NONE',  ( 1.164999999999999813, 2.490000000000000213, -2.035857864376269255 ) ) ;
#2306 = EDGE_CURVE ( 'NONE', #2500, #3245, #1903, .T. ) ;
#2307 = ADVANCED_FACE ( 'NONE', ( #3174 ), #1843, .F. ) ;
#2308 = VERTEX_POINT ( 'NONE', #358 ) ;
#2309 = CONTEXT_DEPENDENT_SHAPE_REPRESENTATION ( #2341, #1648 ) ;
#2310 = AXIS2_PLACEMENT_3D ( 'NONE', #1440, #1479, #1500 ) ;
#2311 = ADVANCED_FACE ( 'NONE', ( #1590 ), #3568, .F. ) ;
#2312 = ORIENTED_EDGE ( 'NONE', *, *, #653, .T. ) ;
#2313 = DIRECTION ( 'NONE',  ( 1.000000000000000000, -0.000000000000000000, -0.000000000000000000 ) ) ;
#2314 = EDGE_LOOP ( 'NONE', ( #3749, #1484, #34, #2604, #2945, #2073 ) ) ;
#2315 = LINE ( 'NONE', #3284, #3311 ) ;
#2316 =( BOUNDED_CURVE ( )  B_SPLINE_CURVE ( 3, ( #3384, #2404, #3052, #2046 ),
 .UNSPECIFIED., .F., .F. ) 
 B_SPLINE_CURVE_WITH_KNOTS ( ( 4, 4 ),
 ( -1.776356839400250465E-15, 1.570796326794896558 ),
 .UNSPECIFIED. ) 
 CURVE ( )  GEOMETRIC_REPRESENTATION_ITEM ( )  RATIONAL_B_SPLINE_CURVE ( ( 1.000000000000000000, 0.8047378541243646044, 0.8047378541243646044, 1.000000000000000000 ) ) 
 REPRESENTATION_ITEM ( '' )  );
#2317 = ADVANCED_FACE ( 'NONE', ( #421 ), #2625, .T. ) ;
#2318 = DIRECTION ( 'NONE',  ( -0.000000000000000000, 1.000000000000000000, -0.000000000000000000 ) ) ;
#2319 = DIRECTION ( 'NONE',  ( -1.000000000000000000, 0.000000000000000000, 0.000000000000000000 ) ) ;
#2320 = CARTESIAN_POINT ( 'NONE',  ( -0.3104214140871993655, 0.3464101615137729073, -0.3199999999999999512 ) ) ;
#2321 = CARTESIAN_POINT ( 'NONE',  ( -1.175000000000000266, 2.350000000000000089, -1.000000000000002220 ) ) ;
#2322 = ORIENTED_EDGE ( 'NONE', *, *, #2107, .F. ) ;
#2323 = DIRECTION ( 'NONE',  ( 1.000000000000000000, 0.000000000000000000, 0.000000000000000000 ) ) ;
#2324 = CARTESIAN_POINT ( 'NONE',  ( 0.3112600429262812884, 0.3462721118061213299, -0.3199202969641257721 ) ) ;
#2325 = DIRECTION ( 'NONE',  ( 0.7071067811865474617, 0.000000000000000000, 0.7071067811865474617 ) ) ;
#2326 = ADVANCED_FACE ( 'NONE', ( #1673 ), #1002, .T. ) ;
#2327 = EDGE_CURVE ( 'NONE', #398, #1749, #2315, .T. ) ;
#2328 = CARTESIAN_POINT ( 'NONE',  ( 1.165000000000000702, 2.490000000000000213, -1.000000000000002442 ) ) ;
#2329 = CIRCLE ( 'NONE', #2724, 0.009999999999999774694 ) ;
#2330 = EDGE_CURVE ( 'NONE', #1968, #3513, #2967, .T. ) ;
#2331 = ORIENTED_EDGE ( 'NONE', *, *, #2230, .F. ) ;
#2332 = DIRECTION ( 'NONE',  ( 0.000000000000000000, 0.000000000000000000, 1.000000000000000000 ) ) ;
#2333 = ORIENTED_EDGE ( 'NONE', *, *, #411, .T. ) ;
#2334 = CONTEXT_DEPENDENT_SHAPE_REPRESENTATION ( #2391, #5 ) ;
#2335 = VECTOR ( 'NONE', #3226, 1000.000000000000000 ) ;
#2336 = EDGE_LOOP ( 'NONE', ( #3453, #1392, #239, #2412 ) ) ;
#2337 = PLANE ( 'NONE',  #3736 ) ;
#2338 = VERTEX_POINT ( 'NONE', #2251 ) ;
#2339 = DIRECTION ( 'NONE',  ( 0.000000000000000000, 0.000000000000000000, -1.000000000000000000 ) ) ;
#2340 = APPLICATION_PROTOCOL_DEFINITION ( 'draft international standard', 'automotive_design', 1998, #284 ) ;
#2341 =( REPRESENTATION_RELATIONSHIP ('NONE','NONE', #2606, #1781 ) REPRESENTATION_RELATIONSHIP_WITH_TRANSFORMATION ( #2599 )SHAPE_REPRESENTATION_RELATIONSHIP( ) );
#2342 = AXIS2_PLACEMENT_3D ( 'NONE', #1306, #2560, #3785 ) ;
#2343 = CARTESIAN_POINT ( 'NONE',  ( 1.270000000000000018, 2.490000000000000213, -1.010000000000002451 ) ) ;
#2344 = DIRECTION ( 'NONE',  ( -0.7071067811865474617, 0.000000000000000000, 0.7071067811865474617 ) ) ;
#2345 = CARTESIAN_POINT ( 'NONE',  ( -1.179142135623730825, 0.5000000000000000000, -2.040000000000000480 ) ) ;
#2346 = VECTOR ( 'NONE', #1428, 1000.000000000000000 ) ;
#2347 = CARTESIAN_POINT ( 'NONE',  ( -1.179142135623730825, -4.081105855034882879, -2.049999999999999822 ) ) ;
#2348 = CARTESIAN_POINT ( 'NONE',  ( -1.175000000000000711, 0.01000000000000002623, 2.039999999999999591 ) ) ;
#2349 = CARTESIAN_POINT ( 'NONE',  ( -0.08907179676972423743, 11.53856921938165137, -0.09773205080756838803 ) ) ;
#2350 = AXIS2_PLACEMENT_3D ( 'NONE', #986, #2881, #2233 ) ;
#2351 = ORIENTED_EDGE ( 'NONE', *, *, #3070, .T. ) ;
#2352 = CARTESIAN_POINT ( 'NONE',  ( -0.6679289321881340946, 0.000000000000000000, -2.532928932188134308 ) ) ;
#2353 = VERTEX_POINT ( 'NONE', #3524 ) ;
#2354 = ADVANCED_FACE ( 'NONE', ( #1369 ), #1395, .T. ) ;
#2355 = AXIS2_PLACEMENT_3D ( 'NONE', #1927, #3202, #386 ) ;
#2356 = EDGE_LOOP ( 'NONE', ( #817, #848, #3188, #3585, #3583, #2458, #833, #2645 ) ) ;
#2357 = CARTESIAN_POINT ( 'NONE',  ( -1.270000000000000240, 0.5000000000000000000, -2.040000000000000480 ) ) ;
#2358 = ORIENTED_EDGE ( 'NONE', *, *, #2528, .T. ) ;
#2359 = DIRECTION ( 'NONE',  ( -2.125886612716675327E-16, 0.000000000000000000, -1.000000000000000000 ) ) ;
#2360 = EDGE_CURVE ( 'NONE', #1938, #416, #2648, .T. ) ;
#2361 = AXIS2_PLACEMENT_3D ( 'NONE', #3160, #1596, #3756 ) ;
#2362 = DIRECTION ( 'NONE',  ( -4.065758146820807288E-15, 1.000000000000000000, -4.065758146820807288E-15 ) ) ;
#2363 = DIRECTION ( 'NONE',  ( 0.000000000000000000, 1.000000000000000000, 0.000000000000000000 ) ) ;
#2364 = CARTESIAN_POINT ( 'NONE',  ( 0.1142264973081041218, 0.004999999999999995767, 0.1228867513459485639 ) ) ;
#2365 = AXIS2_PLACEMENT_3D ( 'NONE', #72, #126, #2239 ) ;
#2366 = CARTESIAN_POINT ( 'NONE',  ( 1.179142135623732157, 0.5000000000000000000, 2.039999999999999591 ) ) ;
#2367 = DIRECTION ( 'NONE',  ( 0.000000000000000000, 0.000000000000000000, 1.000000000000000000 ) ) ;
#2368 = CARTESIAN_POINT ( 'NONE',  ( 1.179142135623730825, 2.500000000000000000, -2.050000000000000266 ) ) ;
#2369 = PLANE ( 'NONE',  #3766 ) ;
#2370 = ORIENTED_EDGE ( 'NONE', *, *, #375, .F. ) ;
#2371 = DIRECTION ( 'NONE',  ( 0.000000000000000000, -1.000000000000000000, 0.000000000000000000 ) ) ;
#2372 = ORIENTED_EDGE ( 'NONE', *, *, #3778, .T. ) ;
#2373 = EDGE_CURVE ( 'NONE', #676, #2500, #1975, .T. ) ;
#2374 = COLOUR_RGB ( '',0.2980392156862745057, 0.2980392156862745057, 0.2980392156862745057 ) ;
#2375 = ORIENTED_EDGE ( 'NONE', *, *, #2632, .T. ) ;
#2376 = CARTESIAN_POINT ( 'NONE',  ( -1.179142135623730825, 0.5000000000000000000, 2.039999999999999591 ) ) ;
#2377 = VERTEX_POINT ( 'NONE', #2293 ) ;
#2378 = CARTESIAN_POINT ( 'NONE',  ( 0.1066666666666665347, 1.113333333333334174, -1.163333333333333330 ) ) ;
#2379 = ADVANCED_FACE ( 'NONE', ( #736 ), #3608, .T. ) ;
#2380 = EDGE_CURVE ( 'NONE', #3786, #1532, #118, .T. ) ;
#2381 = CARTESIAN_POINT ( 'NONE',  ( 1.175000000000001155, 2.500000000000000000, 2.039999999999999591 ) ) ;
#2382 = CARTESIAN_POINT ( 'NONE',  ( -0.7200000000000015277, 0.5000000000000000000, 2.039999999999999591 ) ) ;
#2383 = AXIS2_PLACEMENT_3D ( 'NONE', #2593, #773, #1037 ) ;
#2384 = FACE_OUTER_BOUND ( 'NONE', #519, .T. ) ;
#2385 = DIRECTION ( 'NONE',  ( 0.000000000000000000, 0.000000000000000000, 1.000000000000000000 ) ) ;
#2386 = CARTESIAN_POINT ( 'NONE',  ( 0.6708578643762684868, 0.01000000000000002623, -2.529999999999999805 ) ) ;
#2387 = DIRECTION ( 'NONE',  ( 1.000000000000000000, 1.084202172485501752E-14, 0.000000000000000000 ) ) ;
#2388 = VERTEX_POINT ( 'NONE', #1999 ) ;
#2389 = DIRECTION ( 'NONE',  ( -1.694065894508600678E-16, 0.000000000000000000, -1.000000000000000000 ) ) ;
#2390 = CARTESIAN_POINT ( 'NONE',  ( -0.3193224092811617898, 11.15476346003734065, 0.3159672026817065826 ) ) ;
#2391 =( REPRESENTATION_RELATIONSHIP ('NONE','NONE', #2606, #3060 ) REPRESENTATION_RELATIONSHIP_WITH_TRANSFORMATION ( #778 )SHAPE_REPRESENTATION_RELATIONSHIP( ) );
#2392 = AXIS2_PLACEMENT_3D ( 'NONE', #1470, #3088, #277 ) ;
#2393 = ORIENTED_EDGE ( 'NONE', *, *, #1944, .F. ) ;
#2394 = DIRECTION ( 'NONE',  ( 0.000000000000000000, 0.4999999999999999445, -0.8660254037844387076 ) ) ;
#2395 = ORIENTED_EDGE ( 'NONE', *, *, #1514, .T. ) ;
#2396 = CARTESIAN_POINT ( 'NONE',  ( -1.174999999999998934, 0.01000000000000002623, -2.040000000000000480 ) ) ;
#2397 = ORIENTED_EDGE ( 'NONE', *, *, #3746, .F. ) ;
#2398 = CARTESIAN_POINT ( 'NONE',  ( -0.6708578643762687088, 2.500000000000000000, 2.540000000000000480 ) ) ;
#2399 = CARTESIAN_POINT ( 'NONE',  ( 0.1142264973081040663, 0.01000000000000000194, -0.1142264973081040941 ) ) ;
#2400 = DIRECTION ( 'NONE',  ( -1.095437728245848425E-14, 0.000000000000000000, -1.000000000000000000 ) ) ;
#2401 = EDGE_CURVE ( 'NONE', #939, #1444, #1348, .T. ) ;
#2402 = EDGE_CURVE ( 'NONE', #94, #1892, #777, .T. ) ;
#2403 = VECTOR ( 'NONE', #1997, 1000.000000000000114 ) ;
#2404 = CARTESIAN_POINT ( 'NONE',  ( -1.175000000000000711, 0.004142135623730973035, 2.040000000000000036 ) ) ;
#2405 = DIRECTION ( 'NONE',  ( -8.470329472543004623E-17, 0.000000000000000000, -1.000000000000000000 ) ) ;
#2406 = DIRECTION ( 'NONE',  ( 1.000000000000000000, 0.000000000000000000, 0.000000000000000000 ) ) ;
#2407 = CARTESIAN_POINT ( 'NONE',  ( 1.150857864376268136, 0.000000000000000000, -2.050000000000000711 ) ) ;
#2408 = DIRECTION ( 'NONE',  ( 0.4472135954999579277, -0.7745966692414834043, 0.4472135954999578167 ) ) ;
#2409 = VECTOR ( 'NONE', #3681, 1000.000000000000000 ) ;
#2410 = AXIS2_PLACEMENT_3D ( 'NONE', #2996, #1969, #3835 ) ;
#2411 = VECTOR ( 'NONE', #701, 1000.000000000000000 ) ;
#2412 = ORIENTED_EDGE ( 'NONE', *, *, #3325, .F. ) ;
#2413 = CARTESIAN_POINT ( 'NONE',  ( 1.270000000000000684, 2.500000000000000000, 2.029999999999999805 ) ) ;
#2414 = DIRECTION ( 'NONE',  ( -1.000000000000000000, 0.000000000000000000, 0.000000000000000000 ) ) ;
#2415 = PRODUCT_CONTEXT ( 'NONE', #284, 'mechanical' ) ;
#2416 = AXIS2_PLACEMENT_3D ( 'NONE', #946, #1862, #3134 ) ;
#2417 = ORIENTED_EDGE ( 'NONE', *, *, #948, .T. ) ;
#2418 = LINE ( 'NONE', #1167, #1939 ) ;
#2419 = EDGE_LOOP ( 'NONE', ( #2482, #302, #1038, #634 ) ) ;
#2420 = DIRECTION ( 'NONE',  ( 1.000000000000000000, 0.000000000000000000, 0.000000000000000000 ) ) ;
#2421 = ORIENTED_EDGE ( 'NONE', *, *, #2655, .T. ) ;
#2422 = FACE_OUTER_BOUND ( 'NONE', #1652, .T. ) ;
#2423 = CARTESIAN_POINT ( 'NONE',  ( 1.270000000000000684, 2.500000000000000000, 2.039999999999999591 ) ) ;
#2424 = ADVANCED_FACE ( 'NONE', ( #1326 ), #1021, .T. ) ;
#2425 = CARTESIAN_POINT ( 'NONE',  ( -0.6779289321881341035, 0.01000000000000002623, -2.537071067811865088 ) ) ;
#2426 = DIRECTION ( 'NONE',  ( 1.000000000000000000, 0.000000000000000000, 0.000000000000000000 ) ) ;
#2427 = VECTOR ( 'NONE', #2133, 1000.000000000000000 ) ;
#2428 = CARTESIAN_POINT ( 'NONE',  ( 0.3199999999999998956, 0.3464101615137729628, 0.3104214140871992544 ) ) ;
#2429 = DIRECTION ( 'NONE',  ( -8.470329472543004623E-17, 0.000000000000000000, 1.000000000000000000 ) ) ;
#2430 = ORIENTED_EDGE ( 'NONE', *, *, #1920, .T. ) ;
#2431 = DIRECTION ( 'NONE',  ( -0.7071067811865476838, 0.000000000000000000, -0.7071067811865474617 ) ) ;
#2432 = CARTESIAN_POINT ( 'NONE',  ( 0.000000000000000000, 2.490000000000000213, -2.529999999999999805 ) ) ;
#2433 = ORIENTED_EDGE ( 'NONE', *, *, #3796, .F. ) ;
#2434 = DIRECTION ( 'NONE',  ( -0.7071067811865477948, -0.000000000000000000, -0.7071067811865473507 ) ) ;
#2435 = ORIENTED_EDGE ( 'NONE', *, *, #1622, .T. ) ;
#2436 = EDGE_CURVE ( 'NONE', #1892, #3565, #2928, .T. ) ;
#2437 = VECTOR ( 'NONE', #502, 1000.000000000000000 ) ;
#2438 = AXIS2_PLACEMENT_3D ( 'NONE', #1452, #1093, #1697 ) ;
#2439 = CARTESIAN_POINT ( 'NONE',  ( -0.09773205080756849905, 11.53856921938165137, 0.08907179676972423743 ) ) ;
#2440 = ORIENTED_EDGE ( 'NONE', *, *, #1469, .F. ) ;
#2441 = DIRECTION ( 'NONE',  ( -1.694065894508600678E-16, 0.000000000000000000, -1.000000000000000000 ) ) ;
#2442 = CARTESIAN_POINT ( 'NONE',  ( -1.179142135623730825, 0.5000000000000000000, 2.050000000000000711 ) ) ;
#2443 = DIRECTION ( 'NONE',  ( 0.000000000000000000, -1.000000000000000000, 0.000000000000000000 ) ) ;
#2444 = VECTOR ( 'NONE', #1401, 1000.000000000000000 ) ;
#2445 =( REPRESENTATION_RELATIONSHIP ('NONE','NONE', #2606, #3060 ) REPRESENTATION_RELATIONSHIP_WITH_TRANSFORMATION ( #3143 )SHAPE_REPRESENTATION_RELATIONSHIP( ) );
#2446 = CARTESIAN_POINT ( 'NONE',  ( -20.32000000000000028, -2.200000000000000622, 1.269999999999999574 ) ) ;
#2447 = CIRCLE ( 'NONE', #2988, 0.01000000000000001409 ) ;
#2448 = CARTESIAN_POINT ( 'NONE',  ( -0.1142264973081041773, 0.01000000000000000021, 1.935072133388377918E-17 ) ) ;
#2449 = CARTESIAN_POINT ( 'NONE',  ( 0.1142264973081030671, 11.49000000000000021, 0.1142264973081023177 ) ) ;
#2450 = VERTEX_POINT ( 'NONE', #717 ) ;
#2451 = LINE ( 'NONE', #269, #1613 ) ;
#2452 = CARTESIAN_POINT ( 'NONE',  ( -1.179142135623730825, 2.490000000000000213, -2.049999999999999822 ) ) ;
#2453 = SHAPE_DEFINITION_REPRESENTATION ( #2129, #3060 ) ;
#2454 = FACE_OUTER_BOUND ( 'NONE', #3547, .T. ) ;
#2455 = ADVANCED_FACE ( 'NONE', ( #2454 ), #2990, .T. ) ;
#2456 = EDGE_CURVE ( 'NONE', #892, #2055, #2036, .T. ) ;
#2457 = DIRECTION ( 'NONE',  ( 0.5773502691896260641, 0.5773502691896250649, 0.5773502691896262862 ) ) ;
#2458 = ORIENTED_EDGE ( 'NONE', *, *, #3252, .F. ) ;
#2459 = FACE_OUTER_BOUND ( 'NONE', #3369, .T. ) ;
#2460 = ORIENTED_EDGE ( 'NONE', *, *, #2087, .F. ) ;
#2461 = ITEM_DEFINED_TRANSFORMATION ( 'NONE', 'NONE', #2127,  #3607 ) ;
#2462 = CARTESIAN_POINT ( 'NONE',  ( 0.3112600429262815105, 0.3462721118061211079, 0.3199202969641257166 ) ) ;
#2463 = ORIENTED_EDGE ( 'NONE', *, *, #2968, .F. ) ;
#2464 = CIRCLE ( 'NONE', #3591, 0.01000000000000000021 ) ;
#2465 = DIRECTION ( 'NONE',  ( -0.7071067811865474617, 0.000000000000000000, -0.7071067811865474617 ) ) ;
#2466 = FACE_OUTER_BOUND ( 'NONE', #2222, .T. ) ;
#2467 = LINE ( 'NONE', #608, #171 ) ;
#2468 = DIRECTION ( 'NONE',  ( -1.355252715606880543E-15, -1.000000000000000000, 0.000000000000000000 ) ) ;
#2469 = AXIS2_PLACEMENT_3D ( 'NONE', #2677, #3077, #2758 ) ;
#2470 = PRODUCT_DEFINITION_SHAPE ( 'NONE', 'NONE',  #4037 ) ;
#2471 = AXIS2_PLACEMENT_3D ( 'NONE', #1585, #1871, #3839 ) ;
#2472 = VERTEX_POINT ( 'NONE', #3414 ) ;
#2473 = DIRECTION ( 'NONE',  ( 1.000000000000000000, 0.000000000000000000, 2.282530889443166233E-15 ) ) ;
#2474 = FACE_OUTER_BOUND ( 'NONE', #1190, .T. ) ;
#2475 = AXIS2_PLACEMENT_3D ( 'NONE', #415, #1644, #2661 ) ;
#2476 = VERTEX_POINT ( 'NONE', #178 ) ;
#2477 = CARTESIAN_POINT ( 'NONE',  ( 0.09773205080756840191, 11.53856921938165137, -0.08907179676972416804 ) ) ;
#2478 = EDGE_LOOP ( 'NONE', ( #1108, #1463, #757, #3043, #1304, #3603, #3185, #1987, #3982, #2653, #1636, #2907, #275, #133, #3337, #868, #1128, #3555, #3192, #2721, #3059, #3881, #3166, #949 ) ) ;
#2479 = EDGE_CURVE ( 'NONE', #3259, #1822, #3102, .T. ) ;
#2480 = ORIENTED_EDGE ( 'NONE', *, *, #3875, .T. ) ;
#2481 = LINE ( 'NONE', #2164, #761 ) ;
#2482 = ORIENTED_EDGE ( 'NONE', *, *, #3114, .F. ) ;
#2483 = DIRECTION ( 'NONE',  ( -0.4472135954999593710, 0.7745966692414816279, -0.4472135954999593155 ) ) ;
#2484 = DIRECTION ( 'NONE',  ( -1.000000000000000000, -0.000000000000000000, -0.000000000000000000 ) ) ;
#2485 = EDGE_CURVE ( 'NONE', #437, #328, #933, .T. ) ;
#2486 = DIRECTION ( 'NONE',  ( -0.8660254037844387076, 0.4999999999999999445, 1.467104100329257198E-16 ) ) ;
#2487 = EDGE_CURVE ( 'NONE', #578, #1973, #3505, .T. ) ;
#2488 = CARTESIAN_POINT ( 'NONE',  ( 1.175000000000000711, 2.350000000000000089, 0.9999999999999976685 ) ) ;
#2489 = FACE_OUTER_BOUND ( 'NONE', #455, .T. ) ;
#2490 = EDGE_CURVE ( 'NONE', #3987, #2896, #2787, .T. ) ;
#2491 = AXIS2_PLACEMENT_3D ( 'NONE', #3952, #1135, #3631 ) ;
#2492 = ORIENTED_EDGE ( 'NONE', *, *, #3179, .T. ) ;
#2493 = FILL_AREA_STYLE_COLOUR ( '', #1293 ) ;
#2494 = UNCERTAINTY_MEASURE_WITH_UNIT (LENGTH_MEASURE( 1.000000000000000082E-05 ), #1010, 'distance_accuracy_value', 'NONE');
#2495 = CONTEXT_DEPENDENT_SHAPE_REPRESENTATION ( #1528, #37 ) ;
#2496 = VECTOR ( 'NONE', #1909, 1000.000000000000000 ) ;
#2497 = ORIENTED_EDGE ( 'NONE', *, *, #922, .F. ) ;
#2498 = CARTESIAN_POINT ( 'NONE',  ( -0.6708578643762687088, 0.01000000000000000021, -2.529999999999999805 ) ) ;
#2499 = EDGE_CURVE ( 'NONE', #2727, #2963, #2134, .T. ) ;
#2500 = VERTEX_POINT ( 'NONE', #2691 ) ;
#2501 =( BOUNDED_CURVE ( )  B_SPLINE_CURVE ( 3, ( #3504, #943, #1219, #4 ),
 .UNSPECIFIED., .F., .F. ) 
 B_SPLINE_CURVE_WITH_KNOTS ( ( 4, 4 ),
 ( 6.156845179540893831, 6.283185307179586232 ),
 .UNSPECIFIED. ) 
 CURVE ( )  GEOMETRIC_REPRESENTATION_ITEM ( )  RATIONAL_B_SPLINE_CURVE ( ( 1.000000000000000000, 0.9986702899464872107, 0.9986702899464872107, 1.000000000000000000 ) ) 
 REPRESENTATION_ITEM ( '' )  );
#2502 = ORIENTED_EDGE ( 'NONE', *, *, #1110, .F. ) ;
#2503 = DIRECTION ( 'NONE',  ( 0.000000000000000000, 0.000000000000000000, -1.000000000000000000 ) ) ;
#2504 = ORIENTED_EDGE ( 'NONE', *, *, #2066, .T. ) ;
#2505 = CARTESIAN_POINT ( 'NONE',  ( -0.3200000000000001177, 11.15358983848622287, -0.3199999999999998956 ) ) ;
#2506 = CARTESIAN_POINT ( 'NONE',  ( 1.175000000000001155, 0.01000000000000002623, 2.039999999999999591 ) ) ;
#2507 = EDGE_CURVE ( 'NONE', #3944, #2500, #1229, .T. ) ;
#2508 = ADVANCED_FACE ( 'NONE', ( #2474 ), #1129, .T. ) ;
#2509 = PRODUCT_DEFINITION_SHAPE ( 'NONE', 'NONE',  #4024 ) ;
#2510 = TOROIDAL_SURFACE ( 'NONE', #1845, 0.02000000000000000042, 0.01000000000000000021 ) ;
#2511 = PLANE ( 'NONE',  #1654 ) ;
#2512 = DIRECTION ( 'NONE',  ( -1.000000000000000000, 0.000000000000000000, 0.000000000000000000 ) ) ;
#2513 = EDGE_CURVE ( 'NONE', #2963, #3513, #3770, .T. ) ;
#2514 = EDGE_LOOP ( 'NONE', ( #2556, #2815, #3824, #2370 ) ) ;
#2515 = LINE ( 'NONE', #52, #1165 ) ;
#2516 = DIRECTION ( 'NONE',  ( 1.000000000000000000, -0.000000000000000000, 0.000000000000000000 ) ) ;
#2517 = CIRCLE ( 'NONE', #742, 0.02000000000000005246 ) ;
#2518 = CIRCLE ( 'NONE', #744, 0.01000000000000002623 ) ;
#2519 = EDGE_LOOP ( 'NONE', ( #3320, #2768, #3152, #679 ) ) ;
#2520 = ORIENTED_EDGE ( 'NONE', *, *, #1950, .T. ) ;
#2521 = ORIENTED_EDGE ( 'NONE', *, *, #857, .F. ) ;
#2522 = LINE ( 'NONE', #419, #514 ) ;
#2523 = ORIENTED_EDGE ( 'NONE', *, *, #1545, .F. ) ;
#2524 = CARTESIAN_POINT ( 'NONE',  ( -1.270000000000000240, 0.5000000000000000000, 2.039999999999999591 ) ) ;
#2525 = CARTESIAN_POINT ( 'NONE',  ( -0.1142264973081042190, 0.01000000000000000021, -0.1142264973081040802 ) ) ;
#2526 = VECTOR ( 'NONE', #504, 1000.000000000000000 ) ;
#2527 = PLANE ( 'NONE',  #1480 ) ;
#2528 = EDGE_CURVE ( 'NONE', #3236, #2595, #217, .T. ) ;
#2529 = CARTESIAN_POINT ( 'NONE',  ( -0.1228867513459475369, 11.49499999999999922, 0.1142264973081032614 ) ) ;
#2530 = CARTESIAN_POINT ( 'NONE',  ( 0.3112600429262812884, 11.15372788819387395, 0.3199202969641257166 ) ) ;
#2531 = EDGE_CURVE ( 'NONE', #3923, #378, #1447, .T. ) ;
#2532 = EDGE_CURVE ( 'NONE', #2476, #2542, #3627, .T. ) ;
#2533 = VECTOR ( 'NONE', #1036, 1000.000000000000114 ) ;
#2534 = ORIENTED_EDGE ( 'NONE', *, *, #823, .F. ) ;
#2535 = CARTESIAN_POINT ( 'NONE',  ( -0.6708578643762687088, 2.500000000000000000, 2.530000000000000693 ) ) ;
#2536 = AXIS2_PLACEMENT_3D ( 'NONE', #3978, #2367, #1478 ) ;
#2537 = AXIS2_PLACEMENT_3D ( 'NONE', #3518, #1604, #1318 ) ;
#2538 = VERTEX_POINT ( 'NONE', #2040 ) ;
#2539 = DIRECTION ( 'NONE',  ( 1.000000000000000000, 0.000000000000000000, 0.000000000000000000 ) ) ;
#2540 = EDGE_LOOP ( 'NONE', ( #3216, #1015, #3438 ) ) ;
#2541 =( GEOMETRIC_REPRESENTATION_CONTEXT ( 3 ) GLOBAL_UNCERTAINTY_ASSIGNED_CONTEXT ( ( #3984 ) ) GLOBAL_UNIT_ASSIGNED_CONTEXT ( ( #3514, #688, #1282 ) ) REPRESENTATION_CONTEXT ( 'NONE', 'WORKASPACE' ) );
#2542 = VERTEX_POINT ( 'NONE', #1751 ) ;
#2543 = ORIENTED_EDGE ( 'NONE', *, *, #439, .T. ) ;
#2544 = DIRECTION ( 'NONE',  ( -8.470329472543004623E-17, 0.000000000000000000, -1.000000000000000000 ) ) ;
#2545 = VECTOR ( 'NONE', #120, 999.9999999999998863 ) ;
#2546 = LINE ( 'NONE', #3811, #3050 ) ;
#2547 = CARTESIAN_POINT ( 'NONE',  ( 2.305356198337586820E-15, 2.500000000000000000, 1.009999999999995346 ) ) ;
#2548 = ADVANCED_FACE ( 'NONE', ( #3272 ), #1316, .T. ) ;
#2549 = DIRECTION ( 'NONE',  ( -3.129822080702423112E-15, -0.000000000000000000, -1.000000000000000000 ) ) ;
#2550 =( REPRESENTATION_RELATIONSHIP ('NONE','NONE', #2606, #1781 ) REPRESENTATION_RELATIONSHIP_WITH_TRANSFORMATION ( #2895 )SHAPE_REPRESENTATION_RELATIONSHIP( ) );
#2551 = DIRECTION ( 'NONE',  ( -0.7071067811865477948, 0.000000000000000000, 0.7071067811865473507 ) ) ;
#2552 = ORIENTED_EDGE ( 'NONE', *, *, #2844, .T. ) ;
#2553 = FILL_AREA_STYLE ('',( #3741 ) ) ;
#2554 = DIRECTION ( 'NONE',  ( -1.000000000000000000, 0.000000000000000000, 0.000000000000000000 ) ) ;
#2555 = AXIS2_PLACEMENT_3D ( 'NONE', #383, #2820, #2882 ) ;
#2556 = ORIENTED_EDGE ( 'NONE', *, *, #2042, .F. ) ;
#2557 = DIRECTION ( 'NONE',  ( 1.000000000000000000, -1.355252715606935763E-15, 0.000000000000000000 ) ) ;
#2558 = VERTEX_POINT ( 'NONE', #2574 ) ;
#2559 = VERTEX_POINT ( 'NONE', #3537 ) ;
#2560 = DIRECTION ( 'NONE',  ( 0.7071067811865481278, 0.000000000000000000, 0.7071067811865469066 ) ) ;
#2561 = EDGE_CURVE ( 'NONE', #1217, #617, #1337, .T. ) ;
#2562 = VERTEX_POINT ( 'NONE', #3977 ) ;
#2563 = CARTESIAN_POINT ( 'NONE',  ( -0.3108419876365758894, 11.15363591632649509, -0.3199733969465143879 ) ) ;
#2564 = DIRECTION ( 'NONE',  ( 0.000000000000000000, 0.000000000000000000, -1.000000000000000000 ) ) ;
#2565 = LINE ( 'NONE', #2027, #1947 ) ;
#2566 = CARTESIAN_POINT ( 'NONE',  ( -0.1142264973081042051, 0.000000000000000000, -0.1200000000000003147 ) ) ;
#2567 = AXIS2_PLACEMENT_3D ( 'NONE', #3028, #3646, #481 ) ;
#2568 = VECTOR ( 'NONE', #2189, 1000.000000000000000 ) ;
#2569 = DIRECTION ( 'NONE',  ( 0.000000000000000000, 0.000000000000000000, -1.000000000000000000 ) ) ;
#2570 = ORIENTED_EDGE ( 'NONE', *, *, #874, .F. ) ;
#2571 = DIRECTION ( 'NONE',  ( 0.000000000000000000, 0.000000000000000000, 1.000000000000000000 ) ) ;
#2572 = CARTESIAN_POINT ( 'NONE',  ( -1.269999999999999796, 2.490000000000000213, -2.040000000000000036 ) ) ;
#2573 = ITEM_DEFINED_TRANSFORMATION ( 'NONE', 'NONE', #1681,  #3607 ) ;
#2574 = CARTESIAN_POINT ( 'NONE',  ( 1.172071067811866429, 2.490000000000000213, 2.042928932188134539 ) ) ;
#2575 = EDGE_LOOP ( 'NONE', ( #433, #1240, #259, #373 ) ) ;
#2576 = CARTESIAN_POINT ( 'NONE',  ( -0.7200000000000015277, 0.5000000000000000000, 0.5499999999999977129 ) ) ;
#2577 = ORIENTED_EDGE ( 'NONE', *, *, #3584, .F. ) ;
#2578 = EDGE_CURVE ( 'NONE', #3783, #1968, #2616, .T. ) ;
#2579 = VECTOR ( 'NONE', #1885, 1000.000000000000000 ) ;
#2580 = EDGE_CURVE ( 'NONE', #1665, #3245, #3597, .T. ) ;
#2581 = EDGE_LOOP ( 'NONE', ( #659, #95, #3842, #2683 ) ) ;
#2582 = ORIENTED_EDGE ( 'NONE', *, *, #50, .T. ) ;
#2583 = CARTESIAN_POINT ( 'NONE',  ( -0.3100000000000001088, 11.15358983848622287, -0.3199999999999999512 ) ) ;
#2584 = LINE ( 'NONE', #3848, #3319 ) ;
#2585 =( BOUNDED_CURVE ( )  B_SPLINE_CURVE ( 3, ( #2054, #2390, #2723, #249 ),
 .UNSPECIFIED., .F., .T. ) 
 B_SPLINE_CURVE_WITH_KNOTS ( ( 4, 4 ),
 ( 2.482534617831139823, 3.800650689348445965 ),
 .UNSPECIFIED. ) 
 CURVE ( )  GEOMETRIC_REPRESENTATION_ITEM ( )  RATIONAL_B_SPLINE_CURVE ( ( 1.000000000000000000, 0.8603796100557243864, 0.8603796100557243864, 1.000000000000000000 ) ) 
 REPRESENTATION_ITEM ( '' )  );
#2586 = CYLINDRICAL_SURFACE ( 'NONE', #2009, 0.01000000000000002623 ) ;
#2587 = CYLINDRICAL_SURFACE ( 'NONE', #271, 0.01000000000000002623 ) ;
#2588 = ORIENTED_EDGE ( 'NONE', *, *, #3695, .T. ) ;
#2589 = CARTESIAN_POINT ( 'NONE',  ( -5.080000000000000071, 0.000000000000000000, 0.000000000000000000 ) ) ;
#2590 = CYLINDRICAL_SURFACE ( 'NONE', #1055, 0.01000000000000002623 ) ;
#2591 = LINE ( 'NONE', #1705, #60 ) ;
#2592 = AXIS2_PLACEMENT_3D ( 'NONE', #448, #1060, #3916 ) ;
#2593 = CARTESIAN_POINT ( 'NONE',  ( -0.1142264973081031643, 11.49000000000000021, 0.1142264973081031781 ) ) ;
#2594 = FACE_OUTER_BOUND ( 'NONE', #3680, .T. ) ;
#2595 = VERTEX_POINT ( 'NONE', #108 ) ;
#2596 = CARTESIAN_POINT ( 'NONE',  ( -0.3200000000000001177, 11.50000000000000000, -0.3099999999999999423 ) ) ;
#2597 = ORIENTED_EDGE ( 'NONE', *, *, #394, .F. ) ;
#2598 = DIRECTION ( 'NONE',  ( 0.000000000000000000, -0.4999999999999815148, 0.8660254037844492547 ) ) ;
#2599 = ITEM_DEFINED_TRANSFORMATION ( 'NONE', 'NONE', #699,  #3607 ) ;
#2600 = CIRCLE ( 'NONE', #830, 0.01000000000000002623 ) ;
#2601 = ORIENTED_EDGE ( 'NONE', *, *, #1372, .T. ) ;
#2602 =( REPRESENTATION_RELATIONSHIP ('NONE','NONE', #2606, #3060 ) REPRESENTATION_RELATIONSHIP_WITH_TRANSFORMATION ( #1895 )SHAPE_REPRESENTATION_RELATIONSHIP( ) );
#2603 = LINE ( 'NONE', #3566, #6 ) ;
#2604 = ORIENTED_EDGE ( 'NONE', *, *, #1880, .T. ) ;
#2605 = CARTESIAN_POINT ( 'NONE',  ( -0.3193224092811622339, 11.15476346003734420, -0.3159672026817062496 ) ) ;
#2606 = SHAPE_REPRESENTATION ( 'header-2.54-2x12', ( #1808, #834, #3145, #1356, #3671, #1681, #2947, #1169, #3478, #1878, #136, #2410, #648, #3997, #3789, #1418, #3010, #1230, #765, #2536, #2000, #2469, #3660, #1935, #1868, #3598, #3206, #250, #3857, #3535, #3071, #2127, #3341, #699, #955, #3133, #3273 ), #122 ) ;
#2607 = PRODUCT_DEFINITION_SHAPE ( 'NONE', 'NONE',  #4020 ) ;
#2608 = PLANE ( 'NONE',  #3288 ) ;
#2609 = CARTESIAN_POINT ( 'NONE',  ( -1.172071067811865319, 0.5000000000000000000, 2.042928932188134983 ) ) ;
#2610 = FACE_OUTER_BOUND ( 'NONE', #74, .T. ) ;
#2611 = EDGE_LOOP ( 'NONE', ( #1818, #584, #2830, #2665 ) ) ;
#2612 = DIRECTION ( 'NONE',  ( 0.000000000000000000, 0.000000000000000000, 1.000000000000000000 ) ) ;
#2614 = EDGE_CURVE ( 'NONE', #2377, #2681, #452, .T. ) ;
#2613 = CARTESIAN_POINT ( 'NONE',  ( 1.150857864376270134, 0.000000000000000000, 2.049999999999999822 ) ) ;
#2615 = CARTESIAN_POINT ( 'NONE',  ( 0.7200000000000019718, 0.5000000000000000000, 0.5499999999999977129 ) ) ;
#2616 = LINE ( 'NONE', #1061, #1529 ) ;
#2617 = ORIENTED_EDGE ( 'NONE', *, *, #2089, .F. ) ;
#2618 = DIRECTION ( 'NONE',  ( 0.000000000000000000, 1.000000000000000000, 0.000000000000000000 ) ) ;
#2619 = ORIENTED_EDGE ( 'NONE', *, *, #3093, .T. ) ;
#2620 = EDGE_CURVE ( 'NONE', #1530, #1571, #646, .T. ) ;
#2621 = ORIENTED_EDGE ( 'NONE', *, *, #3679, .T. ) ;
#2622 = FACE_OUTER_BOUND ( 'NONE', #3420, .T. ) ;
#2623 = CIRCLE ( 'NONE', #2888, 0.01000000000000002623 ) ;
#2624 = ORIENTED_EDGE ( 'NONE', *, *, #3501, .F. ) ;
#2625 = PLANE ( 'NONE',  #1709 ) ;
#2626 = AXIS2_PLACEMENT_3D ( 'NONE', #309, #1581, #2473 ) ;
#2627 = CARTESIAN_POINT ( 'NONE',  ( -1.269999999999999796, -4.081105855034882879, -2.040000000000000036 ) ) ;
#2628 = DIRECTION ( 'NONE',  ( -0.000000000000000000, 1.000000000000000000, -0.000000000000000000 ) ) ;
#2629 = PLANE ( 'NONE',  #2962 ) ;
#2630 = EDGE_CURVE ( 'NONE', #1103, #3786, #1153, .T. ) ;
#2631 =( BOUNDED_CURVE ( )  B_SPLINE_CURVE ( 3, ( #116, #1393, #1367, #3007 ),
 .UNSPECIFIED., .F., .F. ) 
 B_SPLINE_CURVE_WITH_KNOTS ( ( 4, 4 ),
 ( 3.015252525951011453, 3.141592653589793116 ),
 .UNSPECIFIED. ) 
 CURVE ( )  GEOMETRIC_REPRESENTATION_ITEM ( )  RATIONAL_B_SPLINE_CURVE ( ( 1.000000000000000000, 0.9986702899464853234, 0.9986702899464853234, 1.000000000000000000 ) ) 
 REPRESENTATION_ITEM ( '' )  );
#2632 = EDGE_CURVE ( 'NONE', #3987, #1103, #3673, .T. ) ;
#2633 = ADVANCED_FACE ( 'NONE', ( #2890 ), #1384, .T. ) ;
#2634 = DIRECTION ( 'NONE',  ( 0.000000000000000000, 0.000000000000000000, 1.000000000000000000 ) ) ;
#2635 = ORIENTED_EDGE ( 'NONE', *, *, #871, .F. ) ;
#2636 = DIRECTION ( 'NONE',  ( 0.000000000000000000, 0.000000000000000000, 1.000000000000000000 ) ) ;
#2637 = CARTESIAN_POINT ( 'NONE',  ( 1.172071067811866207, 2.500000000000000000, 2.042928932188134539 ) ) ;
#2638 = CARTESIAN_POINT ( 'NONE',  ( -1.269999999999999796, 2.500000000000000000, 2.030000000000000249 ) ) ;
#2639 = VECTOR ( 'NONE', #3465, 1000.000000000000000 ) ;
#2640 = VECTOR ( 'NONE', #3090, 1000.000000000000000 ) ;
#2641 = CYLINDRICAL_SURFACE ( 'NONE', #619, 0.01000000000000002623 ) ;
#2642 = VERTEX_POINT ( 'NONE', #2303 ) ;
#2643 = CARTESIAN_POINT ( 'NONE',  ( 0.6708578643762694860, 2.490000000000000213, 2.530000000000000693 ) ) ;
#2644 = ORIENTED_EDGE ( 'NONE', *, *, #29, .T. ) ;
#2645 = ORIENTED_EDGE ( 'NONE', *, *, #460, .F. ) ;
#2646 = CARTESIAN_POINT ( 'NONE',  ( -1.172071067811865319, 2.490000000000000213, -2.042928932188134095 ) ) ;
#2647 = ORIENTED_EDGE ( 'NONE', *, *, #357, .T. ) ;
#2648 = LINE ( 'NONE', #696, #2979 ) ;
#2649 = FACE_OUTER_BOUND ( 'NONE', #2540, .T. ) ;
#2650 = CARTESIAN_POINT ( 'NONE',  ( 0.6708578643762683758, 2.490000000000000213, -2.529999999999999805 ) ) ;
#2651 = LINE ( 'NONE', #702, #3228 ) ;
#2652 = CYLINDRICAL_SURFACE ( 'NONE', #1527, 0.009999999999999998473 ) ;
#2653 = ORIENTED_EDGE ( 'NONE', *, *, #1158, .T. ) ;
#2654 = CARTESIAN_POINT ( 'NONE',  ( -2.539999999999999591, -2.200000000000001066, -1.269999999999999574 ) ) ;
#2655 = EDGE_CURVE ( 'NONE', #676, #3245, #872, .T. ) ;
#2656 = CYLINDRICAL_SURFACE ( 'NONE', #538, 0.01000000000000002623 ) ;
#2657 = ADVANCED_FACE ( 'NONE', ( #131 ), #2284, .F. ) ;
#2658 = LINE ( 'NONE', #3579, #3787 ) ;
#2659 =( REPRESENTATION_RELATIONSHIP ('NONE','NONE', #2606, #3060 ) REPRESENTATION_RELATIONSHIP_WITH_TRANSFORMATION ( #33 )SHAPE_REPRESENTATION_RELATIONSHIP( ) );
#2660 = VERTEX_POINT ( 'NONE', #2957 ) ;
#2661 = DIRECTION ( 'NONE',  ( 0.000000000000000000, 0.000000000000000000, -1.000000000000000000 ) ) ;
#2662 = CARTESIAN_POINT ( 'NONE',  ( -1.174999999999999822, 2.490000000000000213, 0.9999999999999978906 ) ) ;
#2663 = EDGE_CURVE ( 'NONE', #568, #853, #1362, .T. ) ;
#2664 = ADVANCED_FACE ( 'NONE', ( #1991 ), #2641, .T. ) ;
#2665 = ORIENTED_EDGE ( 'NONE', *, *, #1945, .F. ) ;
#2666 = CARTESIAN_POINT ( 'NONE',  ( -0.3199202969641258276, 0.3462721118061212189, -0.3112600429262812884 ) ) ;
#2667 = ORIENTED_EDGE ( 'NONE', *, *, #1473, .F. ) ;
#2668 = DIRECTION ( 'NONE',  ( 0.000000000000000000, -1.000000000000000000, 0.000000000000000000 ) ) ;
#2669 = ORIENTED_EDGE ( 'NONE', *, *, #1795, .T. ) ;
#2670 = AXIS2_PLACEMENT_3D ( 'NONE', #2769, #2394, #1232 ) ;
#2671 = DIRECTION ( 'NONE',  ( 0.000000000000000000, -1.000000000000000000, 0.000000000000000000 ) ) ;
#2672 = LINE ( 'NONE', #1755, #3806 ) ;
#2673 = CARTESIAN_POINT ( 'NONE',  ( 0.6779289321881338815, 0.01000000000000002623, -2.537071067811865088 ) ) ;
#2674 = AXIS2_PLACEMENT_3D ( 'NONE', #3039, #1503, #3983 ) ;
#2675 = LINE ( 'NONE', #3935, #3116 ) ;
#2676 = ADVANCED_FACE ( 'NONE', ( #474 ), #2511, .T. ) ;
#2677 = CARTESIAN_POINT ( 'NONE',  ( -15.24000000000000021, 0.000000000000000000, 0.000000000000000000 ) ) ;
#2678 = VECTOR ( 'NONE', #3330, 1000.000000000000000 ) ;
#2679 = DIRECTION ( 'NONE',  ( 1.000000000000000000, 0.000000000000000000, 2.282530889443166233E-15 ) ) ;
#2680 = CARTESIAN_POINT ( 'NONE',  ( 0.6708578643762694860, 0.01000000000000002623, 2.530000000000000693 ) ) ;
#2681 = VERTEX_POINT ( 'NONE', #2192 ) ;
#2682 = FILL_AREA_STYLE_COLOUR ( '', #1813 ) ;
#2683 = ORIENTED_EDGE ( 'NONE', *, *, #3750, .T. ) ;
#2684 = EDGE_CURVE ( 'NONE', #2869, #2076, #2818, .T. ) ;
#2685 =( REPRESENTATION_RELATIONSHIP ('NONE','NONE', #2606, #1781 ) REPRESENTATION_RELATIONSHIP_WITH_TRANSFORMATION ( #3170 )SHAPE_REPRESENTATION_RELATIONSHIP( ) );
#2686 = EDGE_CURVE ( 'NONE', #453, #227, #3713, .T. ) ;
#2687 = VECTOR ( 'NONE', #182, 1000.000000000000000 ) ;
#2688 = ORIENTED_EDGE ( 'NONE', *, *, #44, .F. ) ;
#2689 = LINE ( 'NONE', #3866, #1741 ) ;
#2690 = ORIENTED_EDGE ( 'NONE', *, *, #112, .T. ) ;
#2691 = CARTESIAN_POINT ( 'NONE',  ( -0.1142264973081032337, 11.49499999999999922, 0.1228867513459475647 ) ) ;
#2692 = CARTESIAN_POINT ( 'NONE',  ( 0.3200000000000000067, 11.15358983848622287, 0.3200000000000000067 ) ) ;
#2693 = CARTESIAN_POINT ( 'NONE',  ( 1.269999999999999796, -4.081105855034882879, -2.040000000000000480 ) ) ;
#2694 = CARTESIAN_POINT ( 'NONE',  ( -0.3199202969641256056, 11.15372788819387395, 0.3112600429262813995 ) ) ;
#2695 = VECTOR ( 'NONE', #1542, 1000.000000000000000 ) ;
#2696 = DIRECTION ( 'NONE',  ( 4.565061778886298545E-15, 0.000000000000000000, -1.000000000000000000 ) ) ;
#2697 = DIRECTION ( 'NONE',  ( 0.000000000000000000, 0.000000000000000000, 1.000000000000000000 ) ) ;
#2698 = CYLINDRICAL_SURFACE ( 'NONE', #1454, 0.01000000000000002623 ) ;
#2699 = ORIENTED_EDGE ( 'NONE', *, *, #2436, .F. ) ;
#2700 = CARTESIAN_POINT ( 'NONE',  ( -1.269999999999999796, -4.081105855034882879, 2.040000000000000036 ) ) ;
#2701 = UNCERTAINTY_MEASURE_WITH_UNIT (LENGTH_MEASURE( 1.000000000000000082E-05 ), #3035, 'distance_accuracy_value', 'NONE');
#2702 = CARTESIAN_POINT ( 'NONE',  ( -1.269999999999999796, 2.490000000000000213, 2.030000000000000249 ) ) ;
#2703 = AXIS2_PLACEMENT_3D ( 'NONE', #1835, #1732, #891 ) ;
#2704 = EDGE_CURVE ( 'NONE', #2869, #297, #3354, .T. ) ;
#2705 = ORIENTED_EDGE ( 'NONE', *, *, #3419, .T. ) ;
#2706 = CYLINDRICAL_SURFACE ( 'NONE', #191, 0.01000000000000002623 ) ;
#2707 = ORIENTED_EDGE ( 'NONE', *, *, #2042, .T. ) ;
#2708 = CARTESIAN_POINT ( 'NONE',  ( 1.270000000000000684, 2.500000000000000000, 2.039999999999999591 ) ) ;
#2709 = EDGE_CURVE ( 'NONE', #1157, #724, #3754, .T. ) ;
#2710 = LINE ( 'NONE', #3589, #2260 ) ;
#2711 = PRODUCT_DEFINITION ( 'UNKNOWN', '', #3466, #930 ) ;
#2712 = DIRECTION ( 'NONE',  ( 1.000000000000000000, 0.000000000000000000, 0.000000000000000000 ) ) ;
#2713 = DIRECTION ( 'NONE',  ( 0.5773502691896263972, 0.5773502691896251759, 0.5773502691896255090 ) ) ;
#2714 = VECTOR ( 'NONE', #3034, 999.9999999999998863 ) ;
#2715 = AXIS2_PLACEMENT_3D ( 'NONE', #562, #263, #682 ) ;
#2716 = DIRECTION ( 'NONE',  ( -1.000000000000000000, 0.000000000000000000, -0.000000000000000000 ) ) ;
#2717 = DIRECTION ( 'NONE',  ( 1.000000000000000000, -0.000000000000000000, -0.000000000000000000 ) ) ;
#2718 = DIRECTION ( 'NONE',  ( 0.000000000000000000, 0.000000000000000000, 1.000000000000000000 ) ) ;
#2719 = DIRECTION ( 'NONE',  ( -0.000000000000000000, 1.000000000000000000, -0.000000000000000000 ) ) ;
#2720 = PLANE ( 'NONE',  #2310 ) ;
#2721 = ORIENTED_EDGE ( 'NONE', *, *, #2973, .T. ) ;
#2722 = DIRECTION ( 'NONE',  ( 0.7071067811865476838, 0.000000000000000000, -0.7071067811865473507 ) ) ;
#2723 = CARTESIAN_POINT ( 'NONE',  ( -0.3159672026817064716, 11.15476346003734065, 0.3193224092811617898 ) ) ;
#2724 = AXIS2_PLACEMENT_3D ( 'NONE', #4014, #1796, #1241 ) ;
#2725 = ORIENTED_EDGE ( 'NONE', *, *, #2380, .T. ) ;
#2726 = CARTESIAN_POINT ( 'NONE',  ( -0.3199202969641258831, 11.15372788819387395, -0.3112600429262804558 ) ) ;
#2727 = VERTEX_POINT ( 'NONE', #324 ) ;
#2728 = DIRECTION ( 'NONE',  ( -1.000000000000000000, 0.000000000000000000, 0.000000000000000000 ) ) ;
#2729 = ORIENTED_EDGE ( 'NONE', *, *, #2456, .T. ) ;
#2730 = PRODUCT_DEFINITION_SHAPE ( 'NONE', 'NONE',  #4039 ) ;
#2731 = CARTESIAN_POINT ( 'NONE',  ( 1.600428932188135089, 2.500000000000000000, 1.600428932188134645 ) ) ;
#2732 = DIRECTION ( 'NONE',  ( -1.000000000000000000, 0.000000000000000000, 0.000000000000000000 ) ) ;
#2733 = AXIS2_PLACEMENT_3D ( 'NONE', #1651, #1257, #2503 ) ;
#2734 = CARTESIAN_POINT ( 'NONE',  ( -1.269999999999999796, 2.500000000000000000, -2.030000000000000693 ) ) ;
#2735 = CARTESIAN_POINT ( 'NONE',  ( 1.175000000000000711, 2.495857864376268331, 0.9999999999999976685 ) ) ;
#2736 =( REPRESENTATION_RELATIONSHIP ('NONE','NONE', #2606, #1781 ) REPRESENTATION_RELATIONSHIP_WITH_TRANSFORMATION ( #3495 )SHAPE_REPRESENTATION_RELATIONSHIP( ) );
#2737 = DIRECTION ( 'NONE',  ( 0.000000000000000000, 0.000000000000000000, 1.000000000000000000 ) ) ;
#2738 = CYLINDRICAL_SURFACE ( 'NONE', #3150, 0.01000000000000002623 ) ;
#2739 = DIRECTION ( 'NONE',  ( 0.4472135954999866270, 0.7745966692414790744, 0.4472135954999368890 ) ) ;
#2740 = STYLED_ITEM ( 'NONE', ( #2155 ), #3543 ) ;
#2741 =( BOUNDED_CURVE ( )  B_SPLINE_CURVE ( 3, ( #487, #3265, #3528, #2279 ),
 .UNSPECIFIED., .F., .F. ) 
 B_SPLINE_CURVE_WITH_KNOTS ( ( 4, 4 ),
 ( 0.000000000000000000, 0.1263401276387650096 ),
 .UNSPECIFIED. ) 
 CURVE ( )  GEOMETRIC_REPRESENTATION_ITEM ( )  RATIONAL_B_SPLINE_CURVE ( ( 1.000000000000000000, 0.9986702899464856564, 0.9986702899464856564, 1.000000000000000000 ) ) 
 REPRESENTATION_ITEM ( '' )  );
#2742 = VECTOR ( 'NONE', #4003, 999.9999999999998863 ) ;
#2743 = ADVANCED_FACE ( 'NONE', ( #3053 ), #589, .T. ) ;
#2744 = ORIENTED_EDGE ( 'NONE', *, *, #1455, .T. ) ;
#2745 = ORIENTED_EDGE ( 'NONE', *, *, #2487, .F. ) ;
#2746 = CARTESIAN_POINT ( 'NONE',  ( 1.179142135623730825, -4.081105855034882879, -2.040000000000000036 ) ) ;
#2747 = EDGE_LOOP ( 'NONE', ( #376, #3393, #3744, #1743, #1332, #3730, #1858, #1104 ) ) ;
#2748 = ORIENTED_EDGE ( 'NONE', *, *, #2402, .F. ) ;
#2749 = CIRCLE ( 'NONE', #2287, 0.01000000000000002623 ) ;
#2750 = LINE ( 'NONE', #238, #3266 ) ;
#2751 = ORIENTED_EDGE ( 'NONE', *, *, #3005, .F. ) ;
#2752 = CARTESIAN_POINT ( 'NONE',  ( -0.6708578643762687088, 2.490000000000000213, -2.529999999999999805 ) ) ;
#2753 = CARTESIAN_POINT ( 'NONE',  ( -0.3199733969465143879, 11.15363591632649509, 0.3108419876365758894 ) ) ;
#2754 = AXIS2_PLACEMENT_3D ( 'NONE', #861, #2400, #3049 ) ;
#2755 = LINE ( 'NONE', #221, #2780 ) ;
#2756 = FACE_OUTER_BOUND ( 'NONE', #1687, .T. ) ;
#2757 = EDGE_CURVE ( 'NONE', #227, #1976, #2800, .T. ) ;
#2758 = DIRECTION ( 'NONE',  ( 1.000000000000000000, 0.000000000000000000, 0.000000000000000000 ) ) ;
#2759 = AXIS2_PLACEMENT_3D ( 'NONE', #2452, #53, #1834 ) ;
#2760 = FACE_OUTER_BOUND ( 'NONE', #2581, .T. ) ;
#2761 = ADVANCED_FACE ( 'NONE', ( #1197 ), #3399, .T. ) ;
#2762 =( REPRESENTATION_RELATIONSHIP ('NONE','NONE', #2606, #3060 ) REPRESENTATION_RELATIONSHIP_WITH_TRANSFORMATION ( #1957 )SHAPE_REPRESENTATION_RELATIONSHIP( ) );
#2763 = ORIENTED_EDGE ( 'NONE', *, *, #503, .T. ) ;
#2764 = DIRECTION ( 'NONE',  ( 1.000000000000000000, 0.000000000000000000, 0.000000000000000000 ) ) ;
#2765 = DIRECTION ( 'NONE',  ( 1.000000000000000000, 0.000000000000000000, 0.000000000000000000 ) ) ;
#2766 = SHAPE_DEFINITION_REPRESENTATION ( #3211, #2606 ) ;
#2767 = CARTESIAN_POINT ( 'NONE',  ( 0.3200000000000001732, 0.000000000000000000, 1.589999999999999636 ) ) ;
#2768 = ORIENTED_EDGE ( 'NONE', *, *, #3552, .F. ) ;
#2769 = CARTESIAN_POINT ( 'NONE',  ( 0.000000000000000000, 11.50000000000000000, -0.1199999999999994404 ) ) ;
#2770 = ORIENTED_EDGE ( 'NONE', *, *, #2578, .F. ) ;
#2771 = VECTOR ( 'NONE', #1940, 1000.000000000000000 ) ;
#2772 = TOROIDAL_SURFACE ( 'NONE', #3176, 0.02000000000000000042, 0.01000000000000000021 ) ;
#2773 = EDGE_LOOP ( 'NONE', ( #3985, #97, #1017, #3740 ) ) ;
#2774 = CARTESIAN_POINT ( 'NONE',  ( -1.175000000000000711, 2.500000000000000000, 2.039999999999999591 ) ) ;
#2775 = VERTEX_POINT ( 'NONE', #2123 ) ;
#2776 = CARTESIAN_POINT ( 'NONE',  ( -0.3199999999999998401, 0.9000000000000010214, 1.589999999999999636 ) ) ;
#2777 = FACE_OUTER_BOUND ( 'NONE', #1567, .T. ) ;
#2778 = CARTESIAN_POINT ( 'NONE',  ( 0.3199999999999998956, 11.50000000000000000, -0.3099999999999999423 ) ) ;
#2779 = DIRECTION ( 'NONE',  ( 0.000000000000000000, -1.000000000000000000, 0.000000000000000000 ) ) ;
#2780 = VECTOR ( 'NONE', #3731, 1000.000000000000000 ) ;
#2781 = CIRCLE ( 'NONE', #300, 0.01000000000000002623 ) ;
#2782 = CARTESIAN_POINT ( 'NONE',  ( 0.09773205080756859620, 11.53856921938165137, 0.08907179676972348803 ) ) ;
#2783 = ADVANCED_FACE ( 'NONE', ( #863 ), #1220, .T. ) ;
#2784 = ORIENTED_EDGE ( 'NONE', *, *, #1545, .T. ) ;
#2785 = CARTESIAN_POINT ( 'NONE',  ( -0.3200000000000001177, 11.15358983848622287, -0.3099999999999999423 ) ) ;
#2786 = DIRECTION ( 'NONE',  ( 0.000000000000000000, 0.7071067811865483499, -0.7071067811865467956 ) ) ;
#2787 = LINE ( 'NONE', #2378, #484 ) ;
#2788 = CARTESIAN_POINT ( 'NONE',  ( 0.3200000000000001732, 0.000000000000000000, -1.589999999999999636 ) ) ;
#2789 = ORIENTED_EDGE ( 'NONE', *, *, #2561, .T. ) ;
#2790 = CARTESIAN_POINT ( 'NONE',  ( 0.6779289321881349917, 0.01000000000000002623, 2.537071067811865976 ) ) ;
#2791 = ORIENTED_EDGE ( 'NONE', *, *, #1110, .T. ) ;
#2792 = ADVANCED_FACE ( 'NONE', ( #925 ), #625, .T. ) ;
#2793 =( REPRESENTATION_RELATIONSHIP ('NONE','NONE', #2606, #3060 ) REPRESENTATION_RELATIONSHIP_WITH_TRANSFORMATION ( #3455 )SHAPE_REPRESENTATION_RELATIONSHIP( ) );
#2794 = ORIENTED_EDGE ( 'NONE', *, *, #267, .F. ) ;
#2795 = CARTESIAN_POINT ( 'NONE',  ( 0.3099999999999999978, 0.3464101615137729628, 0.3200000000000000622 ) ) ;
#2796 = VERTEX_POINT ( 'NONE', #3771 ) ;
#2797 = AXIS2_PLACEMENT_3D ( 'NONE', #1018, #2897, #1897 ) ;
#2798 = CYLINDRICAL_SURFACE ( 'NONE', #1518, 0.009999999999999998473 ) ;
#2799 = DIRECTION ( 'NONE',  ( 0.000000000000000000, -1.000000000000000000, 0.000000000000000000 ) ) ;
#2800 = LINE ( 'NONE', #1559, #1400 ) ;
#2801 = FACE_OUTER_BOUND ( 'NONE', #1693, .T. ) ;
#2802 = CARTESIAN_POINT ( 'NONE',  ( 1.270000000000000462, 2.490000000000000213, -1.000000000000002442 ) ) ;
#2803 = EDGE_CURVE ( 'NONE', #1122, #729, #2467, .T. ) ;
#2804 = ORIENTED_EDGE ( 'NONE', *, *, #3918, .F. ) ;
#2805 = DIRECTION ( 'NONE',  ( 8.470329472543004623E-17, 0.000000000000000000, -1.000000000000000000 ) ) ;
#2806 = CONTEXT_DEPENDENT_SHAPE_REPRESENTATION ( #3847, #2509 ) ;
#2807 = ORIENTED_EDGE ( 'NONE', *, *, #3584, .T. ) ;
#2808 = DIRECTION ( 'NONE',  ( 0.000000000000000000, 0.000000000000000000, 1.000000000000000000 ) ) ;
#2809 = ORIENTED_EDGE ( 'NONE', *, *, #3943, .T. ) ;
#2810 = ADVANCED_FACE ( 'NONE', ( #1861 ), #944, .T. ) ;
#2811 = CIRCLE ( 'NONE', #968, 0.01000000000000002623 ) ;
#2812 = ADVANCED_FACE ( 'NONE', ( #2756 ), #1477, .F. ) ;
#2813 = CONTEXT_DEPENDENT_SHAPE_REPRESENTATION ( #1468, #611 ) ;
#2814 = LINE ( 'NONE', #3380, #566 ) ;
#2815 = ORIENTED_EDGE ( 'NONE', *, *, #3679, .F. ) ;
#2816 = DIRECTION ( 'NONE',  ( 0.7071067811865475727, 0.000000000000000000, -0.7071067811865475727 ) ) ;
#2817 = DIRECTION ( 'NONE',  ( 0.000000000000000000, -1.000000000000000000, 0.000000000000000000 ) ) ;
#2818 = LINE ( 'NONE', #24, #813 ) ;
#2819 = CARTESIAN_POINT ( 'NONE',  ( 0.3112600429262812884, 11.15372788819387395, 0.3199202969641257166 ) ) ;
#2820 = DIRECTION ( 'NONE',  ( 0.7071067811865467956, 0.7071067811865482389, -5.989427408919424449E-17 ) ) ;
#2821 = CIRCLE ( 'NONE', #1051, 0.01000000000000002623 ) ;
#2822 = CIRCLE ( 'NONE', #1829, 0.01000000000000001409 ) ;
#2823 = ORIENTED_EDGE ( 'NONE', *, *, #824, .T. ) ;
#2824 = SURFACE_STYLE_USAGE ( .BOTH. , #3140 ) ;
#2825 = FACE_OUTER_BOUND ( 'NONE', #3377, .T. ) ;
#2826 = APPLICATION_PROTOCOL_DEFINITION ( 'draft international standard', 'automotive_design', 1998, #2150 ) ;
#2827 = VECTOR ( 'NONE', #2069, 1000.000000000000000 ) ;
#2828 = EDGE_LOOP ( 'NONE', ( #1286, #3154, #2397, #1979 ) ) ;
#2829 = CARTESIAN_POINT ( 'NONE',  ( 1.270000000000000684, 2.490000000000000213, 2.029999999999999805 ) ) ;
#2830 = ORIENTED_EDGE ( 'NONE', *, *, #1409, .F. ) ;
#2831 = ITEM_DEFINED_TRANSFORMATION ( 'NONE', 'NONE', #3071,  #3607 ) ;
#2832 = EDGE_CURVE ( 'NONE', #2353, #2885, #1923, .T. ) ;
#2833 = ORIENTED_EDGE ( 'NONE', *, *, #3501, .T. ) ;
#2834 = DIRECTION ( 'NONE',  ( -0.000000000000000000, 1.000000000000000000, -0.000000000000000000 ) ) ;
#2835 = EDGE_CURVE ( 'NONE', #1243, #3605, #2781, .T. ) ;
#2836 = ORIENTED_EDGE ( 'NONE', *, *, #3735, .F. ) ;
#2837 = EDGE_CURVE ( 'NONE', #892, #3668, #1614, .T. ) ;
#2838 = DIRECTION ( 'NONE',  ( 2.168404344971008868E-16, -0.000000000000000000, 1.000000000000000000 ) ) ;
#2839 = CARTESIAN_POINT ( 'NONE',  ( -1.179142135623730825, 2.490000000000000213, -2.049999999999999822 ) ) ;
#2840 = PRODUCT_DEFINITION_SHAPE ( 'NONE', 'NONE',  #4017 ) ;
#2841 = CARTESIAN_POINT ( 'NONE',  ( 0.6708578643762684868, 0.01000000000000002623, -2.539999999999999591 ) ) ;
#2842 = DIRECTION ( 'NONE',  ( 0.000000000000000000, -0.000000000000000000, -1.000000000000000000 ) ) ;
#2843 = CARTESIAN_POINT ( 'NONE',  ( 0.3199202969641257166, 11.15372788819387395, 0.3112600429262805668 ) ) ;
#2844 = EDGE_CURVE ( 'NONE', #56, #3190, #2447, .T. ) ;
#2845 = EDGE_LOOP ( 'NONE', ( #1211, #1402, #3760, #2257 ) ) ;
#2846 = DIRECTION ( 'NONE',  ( -0.7071067811865474617, 0.000000000000000000, 0.7071067811865476838 ) ) ;
#2847 = DIRECTION ( 'NONE',  ( 8.470329472543004623E-17, 0.000000000000000000, -1.000000000000000000 ) ) ;
#2848 = ORIENTED_EDGE ( 'NONE', *, *, #3452, .F. ) ;
#2849 = PLANE ( 'NONE',  #3664 ) ;
#2850 = ORIENTED_EDGE ( 'NONE', *, *, #1918, .T. ) ;
#2851 = CONTEXT_DEPENDENT_SHAPE_REPRESENTATION ( #3328, #3177 ) ;
#2852 = EDGE_CURVE ( 'NONE', #3245, #568, #343, .T. ) ;
#2853 = PLANE ( 'NONE',  #507 ) ;
#2854 = EDGE_LOOP ( 'NONE', ( #1659, #576, #1001, #231 ) ) ;
#2855 = LINE ( 'NONE', #1558, #3699 ) ;
#2856 = LINE ( 'NONE', #3871, #2579 ) ;
#2857 = FACE_OUTER_BOUND ( 'NONE', #1145, .T. ) ;
#2858 = DIRECTION ( 'NONE',  ( -1.694065894508600678E-16, 0.000000000000000000, -1.000000000000000000 ) ) ;
#2859 = AXIS2_PLACEMENT_3D ( 'NONE', #1724, #3635, #127 ) ;
#2860 = SURFACE_STYLE_FILL_AREA ( #2236 ) ;
#2861 = EDGE_LOOP ( 'NONE', ( #3371, #3104, #3567, #434, #319, #215 ) ) ;
#2862 = SHAPE_REPRESENTATION_RELATIONSHIP ( 'NONE' , 'NONE' ,  #1781, #3543 ) ;
#2863 = UNCERTAINTY_MEASURE_WITH_UNIT (LENGTH_MEASURE( 1.000000000000000082E-05 ), #3474, 'distance_accuracy_value', 'NONE');
#2864 = CARTESIAN_POINT ( 'NONE',  ( -1.270000000000000240, 0.01000000000000002623, -2.050000000000000711 ) ) ;
#2865 = CONTEXT_DEPENDENT_SHAPE_REPRESENTATION ( #2019, #1941 ) ;
#2866 = CARTESIAN_POINT ( 'NONE',  ( 0.6779289321881338815, 2.500000000000000000, -2.537071067811865088 ) ) ;
#2867 = EDGE_CURVE ( 'NONE', #1749, #2642, #2856, .T. ) ;
#2868 = AXIS2_PLACEMENT_3D ( 'NONE', #577, #1531, #1816 ) ;
#2869 = VERTEX_POINT ( 'NONE', #3488 ) ;
#2870 = CARTESIAN_POINT ( 'NONE',  ( 1.179142135623731935, 2.490000000000000213, 2.050000000000000266 ) ) ;
#2871 = ORIENTED_EDGE ( 'NONE', *, *, #50, .F. ) ;
#2872 =( REPRESENTATION_RELATIONSHIP ('NONE','NONE', #2606, #3060 ) REPRESENTATION_RELATIONSHIP_WITH_TRANSFORMATION ( #1543 )SHAPE_REPRESENTATION_RELATIONSHIP( ) );
#2873 = ITEM_DEFINED_TRANSFORMATION ( 'NONE', 'NONE', #250,  #3607 ) ;
#2874 = VECTOR ( 'NONE', #3080, 1000.000000000000000 ) ;
#2875 = VERTEX_POINT ( 'NONE', #719 ) ;
#2876 = CARTESIAN_POINT ( 'NONE',  ( -0.3112600429262814550, 0.3462721118061212189, 0.3199202969641258276 ) ) ;
#2877 = CIRCLE ( 'NONE', #393, 0.009999999999999762551 ) ;
#2878 = VERTEX_POINT ( 'NONE', #81 ) ;
#2879 = CARTESIAN_POINT ( 'NONE',  ( 0.6708578643762684868, 2.490000000000000213, -2.529999999999999805 ) ) ;
#2880 = DIRECTION ( 'NONE',  ( 1.000000000000000000, 0.000000000000000000, 0.000000000000000000 ) ) ;
#2881 = DIRECTION ( 'NONE',  ( 4.565061778886333255E-15, 0.000000000000000000, -1.000000000000000000 ) ) ;
#2882 = DIRECTION ( 'NONE',  ( 8.470329472543004623E-17, -0.000000000000000000, 1.000000000000000000 ) ) ;
#2883 = ADVANCED_FACE ( 'NONE', ( #1900 ), #1963, .T. ) ;
#2884 = CARTESIAN_POINT ( 'NONE',  ( 0.6708578643762694860, 2.500000000000000000, 2.530000000000000693 ) ) ;
#2885 = VERTEX_POINT ( 'NONE', #2841 ) ;
#2886 = CARTESIAN_POINT ( 'NONE',  ( -0.3099999999999999978, 11.50000000000000000, 0.3100000000000000533 ) ) ;
#2887 = ADVANCED_FACE ( 'NONE', ( #1942 ), #2527, .F. ) ;
#2888 = AXIS2_PLACEMENT_3D ( 'NONE', #2702, #2414, #1186 ) ;
#2889 = VECTOR ( 'NONE', #3995, 1000.000000000000000 ) ;
#2890 = FACE_OUTER_BOUND ( 'NONE', #2913, .T. ) ;
#2891 = ORIENTED_EDGE ( 'NONE', *, *, #652, .F. ) ;
#2892 = FACE_OUTER_BOUND ( 'NONE', #59, .T. ) ;
#2893 = VERTEX_POINT ( 'NONE', #3829 ) ;
#2894 = AXIS2_PLACEMENT_3D ( 'NONE', #2535, #3225, #3248 ) ;
#2895 = ITEM_DEFINED_TRANSFORMATION ( 'NONE', 'NONE', #955,  #3607 ) ;
#2896 = VERTEX_POINT ( 'NONE', #1574 ) ;
#2897 = DIRECTION ( 'NONE',  ( -1.000000000000000000, 0.000000000000000000, 4.565061778886333255E-15 ) ) ;
#2898 = ORIENTED_EDGE ( 'NONE', *, *, #2528, .F. ) ;
#2899 = CARTESIAN_POINT ( 'NONE',  ( -1.270000000000000240, 0.5000000000000000000, -2.040000000000000480 ) ) ;
#2900 = DIRECTION ( 'NONE',  ( -1.000000000000000000, -0.000000000000000000, 4.694733121053634866E-15 ) ) ;
#2901 = FACE_OUTER_BOUND ( 'NONE', #3213, .T. ) ;
#2902 = CARTESIAN_POINT ( 'NONE',  ( 0.6708578643762694860, 0.000000000000000000, 2.530000000000000693 ) ) ;
#2903 = AXIS2_PLACEMENT_3D ( 'NONE', #3113, #2147, #1899 ) ;
#2904 = VECTOR ( 'NONE', #21, 999.9999999999998863 ) ;
#2905 = DIRECTION ( 'NONE',  ( 1.000000000000000000, 0.000000000000000000, 0.000000000000000000 ) ) ;
#2906 = PRODUCT_DEFINITION_SHAPE ( 'NONE', 'NONE',  #4028 ) ;
#2907 = ORIENTED_EDGE ( 'NONE', *, *, #1215, .T. ) ;
#2908 = DIRECTION ( 'NONE',  ( 1.000000000000000000, 0.000000000000000000, 0.000000000000000000 ) ) ;
#2909 = VECTOR ( 'NONE', #1807, 999.9999999999998863 ) ;
#2910 = LINE ( 'NONE', #3855, #2496 ) ;
#2911 = DIRECTION ( 'NONE',  ( 1.000000000000000000, -0.000000000000000000, -0.000000000000000000 ) ) ;
#2912 = DIRECTION ( 'NONE',  ( -0.4472135954999578167, -0.7745966692414834043, 0.4472135954999578722 ) ) ;
#2913 = EDGE_LOOP ( 'NONE', ( #2644, #2248, #2270, #4006 ) ) ;
#2914 = CARTESIAN_POINT ( 'NONE',  ( -1.179142135623730825, -4.081105855034882879, 2.040000000000000480 ) ) ;
#2915 = VERTEX_POINT ( 'NONE', #2213 ) ;
#2916 = VECTOR ( 'NONE', #3859, 1000.000000000000000 ) ;
#2917 = LINE ( 'NONE', #1276, #3958 ) ;
#2918 = ORIENTED_EDGE ( 'NONE', *, *, #3825, .T. ) ;
#2919 = DIRECTION ( 'NONE',  ( -0.000000000000000000, 1.000000000000000000, -0.000000000000000000 ) ) ;
#2920 = ORIENTED_EDGE ( 'NONE', *, *, #3221, .F. ) ;
#2921 = DIRECTION ( 'NONE',  ( 0.000000000000000000, 0.4999999999999804046, 0.8660254037844500319 ) ) ;
#2922 = ADVANCED_FACE ( 'NONE', ( #3790 ), #424, .T. ) ;
#2923 = EDGE_CURVE ( 'NONE', #1691, #2915, #1655, .T. ) ;
#2924 = ADVANCED_FACE ( 'NONE', ( #645 ), #2252, .T. ) ;
#2925 = CARTESIAN_POINT ( 'NONE',  ( 0.1228867513459484528, 0.004999999999999965410, -0.1200000000000003147 ) ) ;
#2926 = FACE_OUTER_BOUND ( 'NONE', #1797, .T. ) ;
#2927 = CARTESIAN_POINT ( 'NONE',  ( -0.3199999999999997846, 2.500000000000000000, -0.9499999999999996225 ) ) ;
#2928 =( BOUNDED_CURVE ( )  B_SPLINE_CURVE ( 3, ( #3262, #3238, #2605, #2946 ),
 .UNSPECIFIED., .F., .F. ) 
 B_SPLINE_CURVE_WITH_KNOTS ( ( 4, 4 ),
 ( 2.482534617831140267, 3.800650689348524125 ),
 .UNSPECIFIED. ) 
 CURVE ( )  GEOMETRIC_REPRESENTATION_ITEM ( )  RATIONAL_B_SPLINE_CURVE ( ( 1.000000000000000000, 0.8603796100557086213, 0.8603796100557086213, 1.000000000000000000 ) ) 
 REPRESENTATION_ITEM ( '' )  );
#2929 = CIRCLE ( 'NONE', #3912, 0.009999999999999592548 ) ;
#2930 = DIRECTION ( 'NONE',  ( 1.000000000000000000, -0.000000000000000000, -2.282530889443166627E-15 ) ) ;
#2931 = ORIENTED_EDGE ( 'NONE', *, *, #2173, .F. ) ;
#2932 = DIRECTION ( 'NONE',  ( 1.000000000000000000, 0.000000000000000000, 0.000000000000000000 ) ) ;
#2933 = CARTESIAN_POINT ( 'NONE',  ( 0.1142264973081030949, 11.49000000000000021, 0.1142264973081031781 ) ) ;
#2934 = FACE_OUTER_BOUND ( 'NONE', #1919, .T. ) ;
#2935 = EDGE_CURVE ( 'NONE', #798, #2182, #2518, .T. ) ;
#2936 = DIRECTION ( 'NONE',  ( 1.000000000000000000, 0.000000000000000000, 0.000000000000000000 ) ) ;
#2937 = VERTEX_POINT ( 'NONE', #3218 ) ;
#2938 =( NAMED_UNIT ( * ) PLANE_ANGLE_UNIT ( ) SI_UNIT ( $, .RADIAN. ) );
#2939 = ORIENTED_EDGE ( 'NONE', *, *, #898, .F. ) ;
#2940 = VECTOR ( 'NONE', #396, 1000.000000000000000 ) ;
#2941 = EDGE_CURVE ( 'NONE', #1122, #3436, #2546, .T. ) ;
#2942 = ORIENTED_EDGE ( 'NONE', *, *, #241, .T. ) ;
#2943 = DIRECTION ( 'NONE',  ( 1.000000000000000000, 0.000000000000000000, -1.761828530288945021E-14 ) ) ;
#2944 = EDGE_CURVE ( 'NONE', #1667, #3456, #2246, .T. ) ;
#2945 = ORIENTED_EDGE ( 'NONE', *, *, #3971, .T. ) ;
#2946 = CARTESIAN_POINT ( 'NONE',  ( -0.3199202969641258831, 11.15372788819387395, -0.3112600429262804558 ) ) ;
#2947 = AXIS2_PLACEMENT_3D ( 'NONE', #1403, #3575, #1683 ) ;
#2948 = CARTESIAN_POINT ( 'NONE',  ( -0.3199999999999998401, 0.000000000000000000, 1.589999999999999636 ) ) ;
#2949 = DIRECTION ( 'NONE',  ( -8.470329472543004623E-17, -0.000000000000000000, -1.000000000000000000 ) ) ;
#2950 = CARTESIAN_POINT ( 'NONE',  ( 0.3199999999999998956, 11.15358983848622287, -0.3199999999999999512 ) ) ;
#2951 = CYLINDRICAL_SURFACE ( 'NONE', #3965, 0.01000000000000001409 ) ;
#2952 = ORIENTED_EDGE ( 'NONE', *, *, #3232, .F. ) ;
#2953 = CARTESIAN_POINT ( 'NONE',  ( -5.080000000000000071, -2.200000000000000622, 1.269999999999999574 ) ) ;
#2954 = DIRECTION ( 'NONE',  ( -0.000000000000000000, -0.000000000000000000, 1.000000000000000000 ) ) ;
#2955 = DIRECTION ( 'NONE',  ( 1.000000000000000000, 0.000000000000000000, 0.000000000000000000 ) ) ;
#2956 = APPLICATION_CONTEXT ( 'automotive_design' ) ;
#2957 = CARTESIAN_POINT ( 'NONE',  ( -0.1142264973081041912, 0.004999999999999983624, -0.1228867513459484528 ) ) ;
#2958 = ORIENTED_EDGE ( 'NONE', *, *, #3943, .F. ) ;
#2959 = LINE ( 'NONE', #497, #963 ) ;
#2960 = ORIENTED_EDGE ( 'NONE', *, *, #3825, .F. ) ;
#2961 = CONTEXT_DEPENDENT_SHAPE_REPRESENTATION ( #1911, #2274 ) ;
#2962 = AXIS2_PLACEMENT_3D ( 'NONE', #2971, #1717, #162 ) ;
#2963 = VERTEX_POINT ( 'NONE', #1328 ) ;
#2964 = PLANE ( 'NONE',  #3011 ) ;
#2965 = VECTOR ( 'NONE', #1525, 1000.000000000000000 ) ;
#2966 = ORIENTED_EDGE ( 'NONE', *, *, #2867, .F. ) ;
#2967 = LINE ( 'NONE', #157, #674 ) ;
#2968 = EDGE_CURVE ( 'NONE', #1772, #1977, #2584, .T. ) ;
#2969 = FACE_OUTER_BOUND ( 'NONE', #2773, .T. ) ;
#2970 = CARTESIAN_POINT ( 'NONE',  ( 0.1142264973081030671, 11.50000000000000000, -0.1142264973081030810 ) ) ;
#2971 = CARTESIAN_POINT ( 'NONE',  ( -1.270000000000000240, 0.5000000000000000000, -2.040000000000000480 ) ) ;
#2972 = CARTESIAN_POINT ( 'NONE',  ( 0.000000000000000000, 0.01000000000000000021, -0.1142264973081040941 ) ) ;
#2973 = EDGE_CURVE ( 'NONE', #1464, #2796, #3629, .T. ) ;
#2974 = ORIENTED_EDGE ( 'NONE', *, *, #2709, .T. ) ;
#2975 = DIRECTION ( 'NONE',  ( 0.000000000000000000, 0.000000000000000000, 1.000000000000000000 ) ) ;
#2976 = EDGE_CURVE ( 'NONE', #640, #2538, #2060, .T. ) ;
#2977 = DIRECTION ( 'NONE',  ( 0.000000000000000000, 0.000000000000000000, 1.000000000000000000 ) ) ;
#2978 = CYLINDRICAL_SURFACE ( 'NONE', #2859, 0.01000000000000002623 ) ;
#2979 = VECTOR ( 'NONE', #1980, 999.9999999999998863 ) ;
#2980 = ADVANCED_FACE ( 'NONE', ( #2969 ), #1696, .F. ) ;
#2981 = AXIS2_PLACEMENT_3D ( 'NONE', #1512, #1776, #558 ) ;
#2982 = ORIENTED_EDGE ( 'NONE', *, *, #3003, .F. ) ;
#2983 = DIRECTION ( 'NONE',  ( 0.7071067811865477948, -0.000000000000000000, -0.7071067811865473507 ) ) ;
#2984 = ORIENTED_EDGE ( 'NONE', *, *, #3841, .F. ) ;
#2985 =( REPRESENTATION_RELATIONSHIP ('NONE','NONE', #2606, #3060 ) REPRESENTATION_RELATIONSHIP_WITH_TRANSFORMATION ( #3278 )SHAPE_REPRESENTATION_RELATIONSHIP( ) );
#2986 = ORIENTED_EDGE ( 'NONE', *, *, #1746, .F. ) ;
#2987 = FACE_OUTER_BOUND ( 'NONE', #3484, .T. ) ;
#2988 = AXIS2_PLACEMENT_3D ( 'NONE', #3239, #63, #3157 ) ;
#2989 = ORIENTED_EDGE ( 'NONE', *, *, #3396, .F. ) ;
#2990 = CYLINDRICAL_SURFACE ( 'NONE', #1268, 0.01000000000000001409 ) ;
#2991 = EDGE_CURVE ( 'NONE', #2227, #2476, #1148, .T. ) ;
#2992 = LINE ( 'NONE', #158, #3460 ) ;
#2993 = DIRECTION ( 'NONE',  ( 8.470329472543004623E-17, 0.000000000000000000, 1.000000000000000000 ) ) ;
#2994 = DIRECTION ( 'NONE',  ( -1.000000000000000000, 0.000000000000000000, -0.000000000000000000 ) ) ;
#2995 = CARTESIAN_POINT ( 'NONE',  ( 0.3200000000000002287, 0.000000000000000000, 0.9499999999999996225 ) ) ;
#2996 = CARTESIAN_POINT ( 'NONE',  ( -7.620000000000000107, -2.200000000000001066, -1.269999999999999574 ) ) ;
#2997 = EDGE_CURVE ( 'NONE', #1629, #3724, #1734, .T. ) ;
#2998 = DIRECTION ( 'NONE',  ( 0.000000000000000000, -0.000000000000000000, 1.000000000000000000 ) ) ;
#2999 = DIRECTION ( 'NONE',  ( 0.7071067811865474617, 0.000000000000000000, -0.7071067811865476838 ) ) ;
#3000 = VECTOR ( 'NONE', #2026, 1000.000000000000000 ) ;
#3001 = ORIENTED_EDGE ( 'NONE', *, *, #3198, .T. ) ;
#3002 = DIRECTION ( 'NONE',  ( -1.000000000000000000, 0.000000000000000000, 0.000000000000000000 ) ) ;
#3003 = EDGE_CURVE ( 'NONE', #352, #2377, #1992, .T. ) ;
#3004 = CARTESIAN_POINT ( 'NONE',  ( -0.6708578643762687088, 2.490000000000000213, 2.530000000000000693 ) ) ;
#3005 = EDGE_CURVE ( 'NONE', #3803, #2080, #1131, .T. ) ;
#3006 = EDGE_LOOP ( 'NONE', ( #3682, #1492, #911, #367 ) ) ;
#3007 = CARTESIAN_POINT ( 'NONE',  ( -0.3200000000000000067, 0.3464101615137729628, 0.3100000000000000533 ) ) ;
#3008 = ORIENTED_EDGE ( 'NONE', *, *, #3019, .T. ) ;
#3009 = CARTESIAN_POINT ( 'NONE',  ( -1.179142135623730825, 2.490000000000000213, 2.030000000000000693 ) ) ;
#3010 = AXIS2_PLACEMENT_3D ( 'NONE', #1033, #3877, #125 ) ;
#3011 = AXIS2_PLACEMENT_3D ( 'NONE', #479, #1692, #1411 ) ;
#3012 = DIRECTION ( 'NONE',  ( 0.000000000000000000, 1.000000000000000000, 0.000000000000000000 ) ) ;
#3013 = DIRECTION ( 'NONE',  ( 0.000000000000000000, -1.000000000000000000, 0.000000000000000000 ) ) ;
#3014 = CARTESIAN_POINT ( 'NONE',  ( -1.269999999999999796, 2.490000000000000213, 0.9999999999999981126 ) ) ;
#3015 = LINE ( 'NONE', #2778, #1981 ) ;
#3016 = CARTESIAN_POINT ( 'NONE',  ( -25.40000000000000213, -2.200000000000001066, -1.269999999999999574 ) ) ;
#3017 = CARTESIAN_POINT ( 'NONE',  ( 1.174999999999999378, 0.004142135623730944412, -2.040000000000000480 ) ) ;
#3018 = LINE ( 'NONE', #593, #738 ) ;
#3019 = EDGE_CURVE ( 'NONE', #853, #1432, #2929, .T. ) ;
#3020 = EDGE_CURVE ( 'NONE', #2937, #3565, #1397, .T. ) ;
#3021 = LINE ( 'NONE', #1524, #1875 ) ;
#3022 = DIRECTION ( 'NONE',  ( 0.000000000000000000, 0.000000000000000000, 1.000000000000000000 ) ) ;
#3023 =( BOUNDED_CURVE ( )  B_SPLINE_CURVE ( 3, ( #972, #410, #1638, #1359 ),
 .UNSPECIFIED., .F., .F. ) 
 B_SPLINE_CURVE_WITH_KNOTS ( ( 4, 4 ),
 ( 6.156845179540893831, 6.283185307179586232 ),
 .UNSPECIFIED. ) 
 CURVE ( )  GEOMETRIC_REPRESENTATION_ITEM ( )  RATIONAL_B_SPLINE_CURVE ( ( 1.000000000000000000, 0.9986702899464872107, 0.9986702899464872107, 1.000000000000000000 ) ) 
 REPRESENTATION_ITEM ( '' )  );
#3024 =( GEOMETRIC_REPRESENTATION_CONTEXT ( 3 ) GLOBAL_UNCERTAINTY_ASSIGNED_CONTEXT ( ( #290 ) ) GLOBAL_UNIT_ASSIGNED_CONTEXT ( ( #1210, #969, #575 ) ) REPRESENTATION_CONTEXT ( 'NONE', 'WORKASPACE' ) );
#3025 = VERTEX_POINT ( 'NONE', #1434 ) ;
#3026 = SPHERICAL_SURFACE ( 'NONE', #1101, 0.01000000000000000021 ) ;
#3027 = ORIENTED_EDGE ( 'NONE', *, *, #267, .T. ) ;
#3028 = CARTESIAN_POINT ( 'NONE',  ( 1.269999999999999796, -4.081105855034882879, -2.040000000000000480 ) ) ;
#3029 = AXIS2_PLACEMENT_3D ( 'NONE', #3792, #2512, #3490 ) ;
#3030 = DIRECTION ( 'NONE',  ( 0.000000000000000000, 1.000000000000000000, 0.000000000000000000 ) ) ;
#3031 = CARTESIAN_POINT ( 'NONE',  ( -0.7200000000000017497, 0.5000000000000000000, -0.5499999999999979350 ) ) ;
#3032 = CARTESIAN_POINT ( 'NONE',  ( -0.6708578643762687088, 0.01000000000000002623, -2.539999999999999591 ) ) ;
#3033 = VECTOR ( 'NONE', #2954, 1000.000000000000000 ) ;
#3034 = DIRECTION ( 'NONE',  ( 0.4472135954999594820, 0.7745966692414817389, 0.4472135954999594265 ) ) ;
#3035 =( LENGTH_UNIT ( ) NAMED_UNIT ( * ) SI_UNIT ( .MILLI., .METRE. ) );
#3036 = CARTESIAN_POINT ( 'NONE',  ( 0.000000000000000000, 11.50000000000000000, 0.000000000000000000 ) ) ;
#3037 = CARTESIAN_POINT ( 'NONE',  ( -1.179142135623730825, 2.490000000000000213, -2.039999999999999591 ) ) ;
#3038 = EDGE_LOOP ( 'NONE', ( #2871, #934, #537, #1225 ) ) ;
#3039 = CARTESIAN_POINT ( 'NONE',  ( 1.270000000000000684, -4.081105855034882879, 2.039999999999999591 ) ) ;
#3040 = ORIENTED_EDGE ( 'NONE', *, *, #3485, .T. ) ;
#3041 = ORIENTED_EDGE ( 'NONE', *, *, #3963, .T. ) ;
#3042 = DIRECTION ( 'NONE',  ( 1.000000000000000000, 0.000000000000000000, 0.000000000000000000 ) ) ;
#3043 = ORIENTED_EDGE ( 'NONE', *, *, #1496, .T. ) ;
#3044 = CARTESIAN_POINT ( 'NONE',  ( 0.6750000000000004885, 2.490000000000000213, 2.540000000000000480 ) ) ;
#3045 = EDGE_LOOP ( 'NONE', ( #20, #532, #2918, #2974 ) ) ;
#3046 = EDGE_CURVE ( 'NONE', #1530, #3339, #3343, .T. ) ;
#3047 = ADVANCED_FACE ( 'NONE', ( #2649 ), #3263, .T. ) ;
#3048 = LINE ( 'NONE', #605, #3890 ) ;
#3049 = DIRECTION ( 'NONE',  ( -1.000000000000000000, 0.000000000000000000, 1.084202172485504592E-14 ) ) ;
#3050 = VECTOR ( 'NONE', #402, 1000.000000000000000 ) ;
#3051 = EDGE_CURVE ( 'NONE', #3424, #1977, #2710, .T. ) ;
#3052 = CARTESIAN_POINT ( 'NONE',  ( -1.165000000000000702, 1.391121789898066732E-17, 2.044142135623730816 ) ) ;
#3053 = FACE_OUTER_BOUND ( 'NONE', #2336, .T. ) ;
#3054 = DIRECTION ( 'NONE',  ( 0.000000000000000000, 0.000000000000000000, 1.000000000000000000 ) ) ;
#3055 = DIRECTION ( 'NONE',  ( 0.000000000000000000, 0.000000000000000000, -1.000000000000000000 ) ) ;
#3056 = DIRECTION ( 'NONE',  ( -1.000000000000000000, 0.000000000000000000, -8.470329472543004623E-17 ) ) ;
#3057 = ORIENTED_EDGE ( 'NONE', *, *, #1424, .F. ) ;
#3058 = PLANE ( 'NONE',  #644 ) ;
#3059 = ORIENTED_EDGE ( 'NONE', *, *, #1469, .T. ) ;
#3060 = SHAPE_REPRESENTATION ( 'header-2.54-pin_\X2\9ed88ba4\X0\', ( #3607 ), #2072 ) ;
#3061 = VECTOR ( 'NONE', #2079, 1000.000000000000000 ) ;
#3062 = CARTESIAN_POINT ( 'NONE',  ( -0.7200000000000018607, 0.5000000000000000000, -1.990000000000000879 ) ) ;
#3063 = EDGE_LOOP ( 'NONE', ( #1881, #1912, #1589, #1536, #501, #1320 ) ) ;
#3064 = CARTESIAN_POINT ( 'NONE',  ( 0.6708578643762684868, 0.01000000000000002623, -2.529999999999999805 ) ) ;
#3065 = ORIENTED_EDGE ( 'NONE', *, *, #2837, .F. ) ;
#3066 = EDGE_CURVE ( 'NONE', #3743, #2055, #3304, .T. ) ;
#3067 = EDGE_CURVE ( 'NONE', #796, #2595, #1676, .T. ) ;
#3068 = CARTESIAN_POINT ( 'NONE',  ( 1.270000000000000684, 2.500000000000000000, 2.029999999999999805 ) ) ;
#3069 = ORIENTED_EDGE ( 'NONE', *, *, #3403, .T. ) ;
#3070 = EDGE_CURVE ( 'NONE', #3424, #311, #1373, .T. ) ;
#3071 = AXIS2_PLACEMENT_3D ( 'NONE', #3651, #810, #563 ) ;
#3072 = LINE ( 'NONE', #2776, #2640 ) ;
#3073 = DIRECTION ( 'NONE',  ( -0.7071067811865475727, 0.000000000000000000, -0.7071067811865475727 ) ) ;
#3074 = CIRCLE ( 'NONE', #2475, 0.01000000000000002623 ) ;
#3075 = CARTESIAN_POINT ( 'NONE',  ( 1.175000000000000711, 2.490000000000000213, -1.000000000000002442 ) ) ;
#3076 = DIRECTION ( 'NONE',  ( 0.000000000000000000, 0.000000000000000000, 1.000000000000000000 ) ) ;
#3077 = DIRECTION ( 'NONE',  ( 0.000000000000000000, 0.000000000000000000, 1.000000000000000000 ) ) ;
#3078 = CARTESIAN_POINT ( 'NONE',  ( -0.3099999999999999978, 0.3464101615137729628, 0.3200000000000000622 ) ) ;
#3079 = EDGE_LOOP ( 'NONE', ( #3960, #1914, #1068, #3480 ) ) ;
#3080 = DIRECTION ( 'NONE',  ( 1.000000000000000000, -0.000000000000000000, -0.000000000000000000 ) ) ;
#3081 = CARTESIAN_POINT ( 'NONE',  ( 0.3112600429262812884, 11.15372788819387395, -0.3199202969641256056 ) ) ;
#3082 = AXIS2_PLACEMENT_3D ( 'NONE', #505, #2628, #1677 ) ;
#3083 = CARTESIAN_POINT ( 'NONE',  ( -0.3199999999999997846, 0.9000000000000010214, -0.9499999999999996225 ) ) ;
#3084 = ORIENTED_EDGE ( 'NONE', *, *, #3093, .F. ) ;
#3085 = DIRECTION ( 'NONE',  ( -1.564911040351217078E-15, -2.710505431213763057E-15, -1.000000000000000000 ) ) ;
#3086 = EDGE_LOOP ( 'NONE', ( #3008, #356, #155, #630 ) ) ;
#3087 =( REPRESENTATION_RELATIONSHIP ('NONE','NONE', #2606, #1781 ) REPRESENTATION_RELATIONSHIP_WITH_TRANSFORMATION ( #3205 )SHAPE_REPRESENTATION_RELATIONSHIP( ) );
#3088 = DIRECTION ( 'NONE',  ( -0.000000000000000000, 1.000000000000000000, -0.000000000000000000 ) ) ;
#3089 = ORIENTED_EDGE ( 'NONE', *, *, #1426, .F. ) ;
#3090 = DIRECTION ( 'NONE',  ( 8.470329472543004623E-17, 0.000000000000000000, -1.000000000000000000 ) ) ;
#3091 = CARTESIAN_POINT ( 'NONE',  ( 1.270000000000000462, 2.349999999999999645, 0.9999999999999978906 ) ) ;
#3092 = AXIS2_PLACEMENT_3D ( 'NONE', #1310, #3135, #84 ) ;
#3093 = EDGE_CURVE ( 'NONE', #3783, #2559, #1070, .T. ) ;
#3094 = DIRECTION ( 'NONE',  ( 0.000000000000000000, 0.000000000000000000, -1.000000000000000000 ) ) ;
#3095 = DIRECTION ( 'NONE',  ( -1.694065894508600678E-16, 0.000000000000000000, -1.000000000000000000 ) ) ;
#3096 = CARTESIAN_POINT ( 'NONE',  ( 0.1228867513459484806, 0.004999999999999970614, 0.1142264973081040663 ) ) ;
#3097 = EDGE_CURVE ( 'NONE', #2137, #1366, #2117, .T. ) ;
#3098 = EDGE_LOOP ( 'NONE', ( #3663, #996, #1258, #3280, #12, #3210 ) ) ;
#3099 = CARTESIAN_POINT ( 'NONE',  ( 0.3199999999999998956, 0.3464101615137729628, -0.3199999999999999512 ) ) ;
#3100 = CARTESIAN_POINT ( 'NONE',  ( 0.3108419876365757784, 11.15363591632649509, -0.3199733969465143324 ) ) ;
#3101 = EDGE_CURVE ( 'NONE', #2472, #796, #2992, .T. ) ;
#3102 = LINE ( 'NONE', #294, #1389 ) ;
#3103 = DIRECTION ( 'NONE',  ( -0.000000000000000000, 1.000000000000000000, -0.000000000000000000 ) ) ;
#3104 = ORIENTED_EDGE ( 'NONE', *, *, #2327, .T. ) ;
#3105 = CARTESIAN_POINT ( 'NONE',  ( -0.3159672026817049728, 0.3452365399626432518, -0.3193224092811602355 ) ) ;
#3106 = EDGE_LOOP ( 'NONE', ( #3853, #111, #2322, #2108 ) ) ;
#3107 = PRODUCT_DEFINITION_SHAPE ( 'NONE', 'NONE',  #4027 ) ;
#3108 = VECTOR ( 'NONE', #920, 1000.000000000000000 ) ;
#3109 = VERTEX_POINT ( 'NONE', #1092 ) ;
#3110 = LINE ( 'NONE', #3068, #1284 ) ;
#3111 = ORIENTED_EDGE ( 'NONE', *, *, #3654, .T. ) ;
#3112 = FACE_OUTER_BOUND ( 'NONE', #461, .T. ) ;
#3113 = CARTESIAN_POINT ( 'NONE',  ( -0.1142264973081032198, 11.49000000000000021, 0.1142264973081031504 ) ) ;
#3114 = EDGE_CURVE ( 'NONE', #1142, #1725, #1149, .T. ) ;
#3115 = CARTESIAN_POINT ( 'NONE',  ( 0.000000000000000000, 0.000000000000000000, 0.000000000000000000 ) ) ;
#3116 = VECTOR ( 'NONE', #1029, 1000.000000000000114 ) ;
#3117 = AXIS2_PLACEMENT_3D ( 'NONE', #46, #1023, #2564 ) ;
#3118 = FACE_OUTER_BOUND ( 'NONE', #308, .T. ) ;
#3119 = DIRECTION ( 'NONE',  ( -0.000000000000000000, -0.000000000000000000, 1.000000000000000000 ) ) ;
#3120 = ADVANCED_FACE ( 'NONE', ( #901 ), #858, .T. ) ;
#3121 = EDGE_CURVE ( 'NONE', #1252, #676, #541, .T. ) ;
#3122 = VERTEX_POINT ( 'NONE', #2396 ) ;
#3123 = CARTESIAN_POINT ( 'NONE',  ( -3.262499999999999289, 0.5000000000000000000, 0.04749999999999979933 ) ) ;
#3124 = ORIENTED_EDGE ( 'NONE', *, *, #1592, .T. ) ;
#3125 = CARTESIAN_POINT ( 'NONE',  ( -0.1142264973081042051, 0.004999999999999997502, 0.1228867513459485639 ) ) ;
#3126 = ORIENTED_EDGE ( 'NONE', *, *, #3485, .F. ) ;
#3127 = ORIENTED_EDGE ( 'NONE', *, *, #1426, .T. ) ;
#3128 = CARTESIAN_POINT ( 'NONE',  ( -0.3199999999999998401, 0.9000000000000010214, 1.589999999999999636 ) ) ;
#3129 = ORIENTED_EDGE ( 'NONE', *, *, #2614, .F. ) ;
#3130 = LINE ( 'NONE', #3710, #2904 ) ;
#3131 = CARTESIAN_POINT ( 'NONE',  ( 1.270000000000000684, -4.081105855034882879, 2.039999999999999591 ) ) ;
#3132 = AXIS2_PLACEMENT_3D ( 'NONE', #3271, #2999, #793 ) ;
#3133 = AXIS2_PLACEMENT_3D ( 'NONE', #3407, #3386, #590 ) ;
#3134 = DIRECTION ( 'NONE',  ( -1.000000000000000000, 0.000000000000000000, -0.000000000000000000 ) ) ;
#3135 = DIRECTION ( 'NONE',  ( 1.000000000000000000, 0.000000000000000000, -2.125886612716675327E-16 ) ) ;
#3136 = AXIS2_PLACEMENT_3D ( 'NONE', #3899, #2618, #711 ) ;
#3137 = PRODUCT ( 'header-2.54-2x12', 'header-2.54-2x12', '', ( #1164 ) ) ;
#3138 = MECHANICAL_DESIGN_GEOMETRIC_PRESENTATION_REPRESENTATION (  '', ( #11 ), #2207 ) ;
#3139 = ORIENTED_EDGE ( 'NONE', *, *, #3578, .T. ) ;
#3140 = SURFACE_SIDE_STYLE ('',( #1866 ) ) ;
#3141 = CARTESIAN_POINT ( 'NONE',  ( -0.3112600429262814550, 0.3462721118061212189, 0.3199202969641258276 ) ) ;
#3142 = VECTOR ( 'NONE', #1520, 1000.000000000000000 ) ;
#3143 = ITEM_DEFINED_TRANSFORMATION ( 'NONE', 'NONE', #648,  #3607 ) ;
#3144 = EDGE_CURVE ( 'NONE', #2450, #3923, #3110, .T. ) ;
#3145 = AXIS2_PLACEMENT_3D ( 'NONE', #1077, #790, #490 ) ;
#3146 = EDGE_CURVE ( 'NONE', #2266, #1243, #317, .T. ) ;
#3147 = ORIENTED_EDGE ( 'NONE', *, *, #2141, .F. ) ;
#3148 = FACE_OUTER_BOUND ( 'NONE', #156, .T. ) ;
#3149 = ORIENTED_EDGE ( 'NONE', *, *, #3114, .T. ) ;
#3150 = AXIS2_PLACEMENT_3D ( 'NONE', #906, #2171, #1849 ) ;
#3151 = CONTEXT_DEPENDENT_SHAPE_REPRESENTATION ( #1752, #677 ) ;
#3152 = ORIENTED_EDGE ( 'NONE', *, *, #2096, .F. ) ;
#3153 = CARTESIAN_POINT ( 'NONE',  ( 0.3099999999999999978, 11.50000000000000000, 0.3100000000000000533 ) ) ;
#3154 = ORIENTED_EDGE ( 'NONE', *, *, #785, .F. ) ;
#3155 = DIRECTION ( 'NONE',  ( -0.4472135954999464924, 0.7745966692414957278, 0.4472135954999485463 ) ) ;
#3156 = CARTESIAN_POINT ( 'NONE',  ( 0.000000000000000000, 2.500000000000000000, -2.529999999999999805 ) ) ;
#3157 = DIRECTION ( 'NONE',  ( 0.7071067811865474617, 0.000000000000000000, 0.7071067811865474617 ) ) ;
#3158 = VECTOR ( 'NONE', #3554, 1000.000000000000000 ) ;
#3159 = SPHERICAL_SURFACE ( 'NONE', #1619, 0.01000000000000000021 ) ;
#3160 = CARTESIAN_POINT ( 'NONE',  ( 0.6679289321881349828, 0.01000000000000002623, 2.532928932188135196 ) ) ;
#3161 = EDGE_LOOP ( 'NONE', ( #1731, #3147, #1088, #1786 ) ) ;
#3162 = DIRECTION ( 'NONE',  ( 1.000000000000000000, 0.000000000000000000, 0.000000000000000000 ) ) ;
#3163 = LINE ( 'NONE', #3742, #3564 ) ;
#3164 = VECTOR ( 'NONE', #2110, 999.9999999999998863 ) ;
#3165 = EDGE_CURVE ( 'NONE', #2681, #3417, #2481, .T. ) ;
#3166 = ORIENTED_EDGE ( 'NONE', *, *, #440, .F. ) ;
#3167 = LINE ( 'NONE', #1303, #2940 ) ;
#3168 = ORIENTED_EDGE ( 'NONE', *, *, #3427, .F. ) ;
#3169 =( REPRESENTATION_RELATIONSHIP ('NONE','NONE', #2606, #3060 ) REPRESENTATION_RELATIONSHIP_WITH_TRANSFORMATION ( #3516 )SHAPE_REPRESENTATION_RELATIONSHIP( ) );
#3170 = ITEM_DEFINED_TRANSFORMATION ( 'NONE', 'NONE', #2469,  #3607 ) ;
#3171 = ORIENTED_EDGE ( 'NONE', *, *, #2837, .T. ) ;
#3172 = CARTESIAN_POINT ( 'NONE',  ( 1.270000000000000684, 2.490000000000000213, 2.039999999999999591 ) ) ;
#3173 = ORIENTED_EDGE ( 'NONE', *, *, #1950, .F. ) ;
#3174 = FACE_OUTER_BOUND ( 'NONE', #958, .T. ) ;
#3175 = AXIS2_PLACEMENT_3D ( 'NONE', #304, #3752, #921 ) ;
#3176 = AXIS2_PLACEMENT_3D ( 'NONE', #1572, #3863, #2210 ) ;
#3177 = PRODUCT_DEFINITION_SHAPE ( 'NONE', 'NONE',  #4044 ) ;
#3178 = CARTESIAN_POINT ( 'NONE',  ( 1.175000000000000711, 2.350000000000000089, -1.000000000000002442 ) ) ;
#3179 = EDGE_CURVE ( 'NONE', #3944, #399, #2329, .T. ) ;
#3180 = CARTESIAN_POINT ( 'NONE',  ( 1.175000000000001155, 0.01000000000000002623, 2.039999999999999591 ) ) ;
#3181 = CARTESIAN_POINT ( 'NONE',  ( -0.3199999999999998401, 0.000000000000000000, -1.589999999999999636 ) ) ;
#3182 = ADVANCED_FACE ( 'NONE', ( #3708 ), #3442, .T. ) ;
#3183 = FILL_AREA_STYLE_COLOUR ( '', #2374 ) ;
#3184 = AXIS2_PLACEMENT_3D ( 'NONE', #3880, #2263, #413 ) ;
#3185 = ORIENTED_EDGE ( 'NONE', *, *, #3241, .F. ) ;
#3186 = PLANE ( 'NONE',  #27 ) ;
#3187 = EDGE_CURVE ( 'NONE', #416, #398, #2143, .T. ) ;
#3188 = ORIENTED_EDGE ( 'NONE', *, *, #1830, .F. ) ;
#3189 = DIRECTION ( 'NONE',  ( 0.000000000000000000, 0.000000000000000000, -1.000000000000000000 ) ) ;
#3190 = VERTEX_POINT ( 'NONE', #603 ) ;
#3191 = ITEM_DEFINED_TRANSFORMATION ( 'NONE', 'NONE', #3206,  #3607 ) ;
#3192 = ORIENTED_EDGE ( 'NONE', *, *, #2048, .F. ) ;
#3193 = ORIENTED_EDGE ( 'NONE', *, *, #3800, .T. ) ;
#3194 = CARTESIAN_POINT ( 'NONE',  ( 0.08907179676972412641, 11.53856921938165137, -0.09773205080756842966 ) ) ;
#3195 = ADVANCED_FACE ( 'NONE', ( #879 ), #3360, .T. ) ;
#3196 =( BOUNDED_CURVE ( )  B_SPLINE_CURVE ( 3, ( #3521, #1959, #1917, #940 ),
 .UNSPECIFIED., .F., .T. ) 
 B_SPLINE_CURVE_WITH_KNOTS ( ( 4, 4 ),
 ( 1.570796326794896558, 3.141592653589793116 ),
 .UNSPECIFIED. ) 
 CURVE ( )  GEOMETRIC_REPRESENTATION_ITEM ( )  RATIONAL_B_SPLINE_CURVE ( ( 1.000000000000000000, 0.8047378541243649375, 0.8047378541243649375, 1.000000000000000000 ) ) 
 REPRESENTATION_ITEM ( '' )  );
#3197 = AXIS2_PLACEMENT_3D ( 'NONE', #804, #3322, #3611 ) ;
#3198 = EDGE_CURVE ( 'NONE', #2558, #56, #583, .T. ) ;
#3199 = DIRECTION ( 'NONE',  ( -0.000000000000000000, 1.000000000000000000, -0.000000000000000000 ) ) ;
#3200 = CARTESIAN_POINT ( 'NONE',  ( 0.3200000000000000067, 11.50000000000000000, 0.3100000000000000533 ) ) ;
#3201 = CARTESIAN_POINT ( 'NONE',  ( 1.175000000000000711, 2.490000000000000213, -1.000000000000002442 ) ) ;
#3202 = DIRECTION ( 'NONE',  ( -1.000000000000000000, 0.000000000000000000, 0.000000000000000000 ) ) ;
#3203 = ORIENTED_EDGE ( 'NONE', *, *, #3794, .T. ) ;
#3204 = CARTESIAN_POINT ( 'NONE',  ( -0.3200000000000000067, 11.50000000000000000, 0.3200000000000000622 ) ) ;
#3205 = ITEM_DEFINED_TRANSFORMATION ( 'NONE', 'NONE', #1418,  #3607 ) ;
#3206 = AXIS2_PLACEMENT_3D ( 'NONE', #183, #1199, #2406 ) ;
#3207 = CIRCLE ( 'NONE', #2130, 0.01000000000000000194 ) ;
#3208 = ORIENTED_EDGE ( 'NONE', *, *, #1315, .T. ) ;
#3209 = FACE_OUTER_BOUND ( 'NONE', #3845, .T. ) ;
#3210 = ORIENTED_EDGE ( 'NONE', *, *, #749, .T. ) ;
#3211 = PRODUCT_DEFINITION_SHAPE ( 'NONE', 'NONE',  #360 ) ;
#3212 = PRESENTATION_LAYER_ASSIGNMENT (  '', '', ( #3797 ) ) ;
#3213 = EDGE_LOOP ( 'NONE', ( #1406, #2430, #2601, #212, #3230, #1105 ) ) ;
#3214 = CYLINDRICAL_SURFACE ( 'NONE', #1733, 0.01000000000000002623 ) ;
#3215 = AXIS2_PLACEMENT_3D ( 'NONE', #2448, #3715, #886 ) ;
#3216 = ORIENTED_EDGE ( 'NONE', *, *, #3544, .T. ) ;
#3217 = VECTOR ( 'NONE', #1616, 1000.000000000000000 ) ;
#3218 = CARTESIAN_POINT ( 'NONE',  ( -0.1228867513459475647, 11.49499999999999922, -0.1142264973081022067 ) ) ;
#3219 = DIRECTION ( 'NONE',  ( 0.000000000000000000, 0.000000000000000000, 1.000000000000000000 ) ) ;
#3220 = DIRECTION ( 'NONE',  ( -1.000000000000000000, 0.000000000000000000, 0.000000000000000000 ) ) ;
#3221 = EDGE_CURVE ( 'NONE', #104, #3668, #2464, .T. ) ;
#3222 = CARTESIAN_POINT ( 'NONE',  ( -1.600428932188134423, 2.490000000000000213, 1.600428932188135089 ) ) ;
#3223 = EDGE_LOOP ( 'NONE', ( #3027, #1387, #2521 ) ) ;
#3224 = DIRECTION ( 'NONE',  ( 1.000000000000000000, 0.000000000000000000, 0.000000000000000000 ) ) ;
#3225 = DIRECTION ( 'NONE',  ( 0.000000000000000000, -1.000000000000000000, 0.000000000000000000 ) ) ;
#3226 = DIRECTION ( 'NONE',  ( 1.694065894508600678E-16, 0.000000000000000000, 1.000000000000000000 ) ) ;
#3227 = EDGE_CURVE ( 'NONE', #2562, #2308, #2814, .T. ) ;
#3228 = VECTOR ( 'NONE', #2994, 1000.000000000000000 ) ;
#3229 = CARTESIAN_POINT ( 'NONE',  ( -0.08907179676972414029, 11.53356921938165236, 0.08907179676972415416 ) ) ;
#3230 = ORIENTED_EDGE ( 'NONE', *, *, #1080, .T. ) ;
#3231 =( LENGTH_UNIT ( ) NAMED_UNIT ( * ) SI_UNIT ( .MILLI., .METRE. ) );
#3232 = EDGE_CURVE ( 'NONE', #328, #352, #2750, .T. ) ;
#3233 = ORIENTED_EDGE ( 'NONE', *, *, #898, .T. ) ;
#3234 = AXIS2_PLACEMENT_3D ( 'NONE', #2933, #708, #1661 ) ;
#3235 = LINE ( 'NONE', #417, #2568 ) ;
#3236 = VERTEX_POINT ( 'NONE', #4011 ) ;
#3237 = ORIENTED_EDGE ( 'NONE', *, *, #2499, .F. ) ;
#3238 = CARTESIAN_POINT ( 'NONE',  ( -0.3159672026817069712, 11.15476346003734420, -0.3193224092811617343 ) ) ;
#3239 = CARTESIAN_POINT ( 'NONE',  ( 0.6708578643762694860, 2.490000000000000213, 2.530000000000000693 ) ) ;
#3240 = CARTESIAN_POINT ( 'NONE',  ( -1.270000000000000240, 0.5000000000000000000, 2.039999999999999591 ) ) ;
#3241 = EDGE_CURVE ( 'NONE', #2875, #3902, #633, .T. ) ;
#3242 = FACE_OUTER_BOUND ( 'NONE', #2216, .T. ) ;
#3243 = AXIS2_PLACEMENT_3D ( 'NONE', #3009, #596, #196 ) ;
#3244 = DIRECTION ( 'NONE',  ( 1.000000000000000000, 0.000000000000000000, -2.168404344971008868E-16 ) ) ;
#3245 = VERTEX_POINT ( 'NONE', #1841 ) ;
#3246 = DIRECTION ( 'NONE',  ( 1.000000000000000000, 0.000000000000000000, 0.000000000000000000 ) ) ;
#3247 = AXIS2_PLACEMENT_3D ( 'NONE', #1181, #3980, #513 ) ;
#3248 = DIRECTION ( 'NONE',  ( 0.000000000000000000, 0.000000000000000000, -1.000000000000000000 ) ) ;
#3249 = CARTESIAN_POINT ( 'NONE',  ( -0.3200000000000001177, 0.3464101615137729628, -0.3199999999999999512 ) ) ;
#3250 = EDGE_CURVE ( 'NONE', #640, #796, #1349, .T. ) ;
#3251 =( REPRESENTATION_RELATIONSHIP ('NONE','NONE', #2606, #3060 ) REPRESENTATION_RELATIONSHIP_WITH_TRANSFORMATION ( #3191 )SHAPE_REPRESENTATION_RELATIONSHIP( ) );
#3252 = EDGE_CURVE ( 'NONE', #2878, #1288, #666, .T. ) ;
#3253 = DIRECTION ( 'NONE',  ( 0.7071067811865482389, 0.000000000000000000, 0.7071067811865469066 ) ) ;
#3254 = EDGE_LOOP ( 'NONE', ( #2729, #553, #1620, #3065 ) ) ;
#3255 = ORIENTED_EDGE ( 'NONE', *, *, #3101, .T. ) ;
#3256 = VECTOR ( 'NONE', #545, 1000.000000000000000 ) ;
#3257 = VECTOR ( 'NONE', #2295, 1000.000000000000000 ) ;
#3258 = ADVANCED_FACE ( 'NONE', ( #1216 ), #3808, .T. ) ;
#3259 = VERTEX_POINT ( 'NONE', #3172 ) ;
#3260 = CARTESIAN_POINT ( 'NONE',  ( 0.3200000000000002287, 2.500000000000000000, 0.9499999999999996225 ) ) ;
#3261 = ORIENTED_EDGE ( 'NONE', *, *, #1182, .T. ) ;
#3262 = CARTESIAN_POINT ( 'NONE',  ( -0.3112600429262813995, 11.15372788819387395, -0.3199202969641255501 ) ) ;
#3263 = SPHERICAL_SURFACE ( 'NONE', #2191, 0.01000000000000000021 ) ;
#3264 = DIRECTION ( 'NONE',  ( 0.7071067811865474617, 0.000000000000000000, 0.7071067811865474617 ) ) ;
#3265 = CARTESIAN_POINT ( 'NONE',  ( 0.3104214140871991989, 11.15358983848622110, 0.3200000000000000067 ) ) ;
#3266 = VECTOR ( 'NONE', #19, 1000.000000000000000 ) ;
#3267 = LINE ( 'NONE', #1635, #47 ) ;
#3268 = ORIENTED_EDGE ( 'NONE', *, *, #1750, .F. ) ;
#3269 = CARTESIAN_POINT ( 'NONE',  ( -2.540000000000000036, 0.000000000000000000, 0.000000000000000000 ) ) ;
#3270 = CARTESIAN_POINT ( 'NONE',  ( -0.3199999999999997846, 0.000000000000000000, -0.9499999999999996225 ) ) ;
#3271 = CARTESIAN_POINT ( 'NONE',  ( 1.600428932188135089, 2.490000000000000213, 1.600428932188134645 ) ) ;
#3272 = FACE_OUTER_BOUND ( 'NONE', #3809, .T. ) ;
#3273 = AXIS2_PLACEMENT_3D ( 'NONE', #1827, #2385, #510 ) ;
#3274 = EDGE_LOOP ( 'NONE', ( #3171, #480, #1948, #2850 ) ) ;
#3275 = CARTESIAN_POINT ( 'NONE',  ( -0.1142264973081032892, 11.49499999999999922, -0.1228867513459474259 ) ) ;
#3276 = ORIENTED_EDGE ( 'NONE', *, *, #797, .F. ) ;
#3277 = ADVANCED_FACE ( 'NONE', ( #2208 ), #3214, .T. ) ;
#3278 = ITEM_DEFINED_TRANSFORMATION ( 'NONE', 'NONE', #3273,  #3607 ) ;
#3279 = EDGE_CURVE ( 'NONE', #1770, #3388, #2522, .T. ) ;
#3280 = ORIENTED_EDGE ( 'NONE', *, *, #2059, .T. ) ;
#3281 = CARTESIAN_POINT ( 'NONE',  ( -0.3200000000000001177, 0.3464101615137729628, -0.3199999999999999512 ) ) ;
#3282 = ORIENTED_EDGE ( 'NONE', *, *, #1521, .F. ) ;
#3283 = PRODUCT_RELATED_PRODUCT_CATEGORY ( 'part', '', ( #3137 ) ) ;
#3284 = CARTESIAN_POINT ( 'NONE',  ( -0.6749999999999996003, 0.01000000000000002623, 2.540000000000000480 ) ) ;
#3285 = EDGE_CURVE ( 'NONE', #735, #2559, #3196, .T. ) ;
#3286 = VECTOR ( 'NONE', #2031, 1000.000000000000000 ) ;
#3287 = CARTESIAN_POINT ( 'NONE',  ( -1.269999999999999796, 2.350000000000000089, 0.9999999999999981126 ) ) ;
#3288 = AXIS2_PLACEMENT_3D ( 'NONE', #1595, #1295, #3549 ) ;
#3289 = DIRECTION ( 'NONE',  ( 1.000000000000000000, -0.000000000000000000, 4.565061778886333255E-15 ) ) ;
#3290 = ORIENTED_EDGE ( 'NONE', *, *, #2935, .T. ) ;
#3291 = DIRECTION ( 'NONE',  ( 1.000000000000000000, 0.000000000000000000, 0.000000000000000000 ) ) ;
#3292 = CYLINDRICAL_SURFACE ( 'NONE', #3479, 0.01000000000000002623 ) ;
#3293 = DIRECTION ( 'NONE',  ( -1.000000000000000000, 0.000000000000000000, -0.000000000000000000 ) ) ;
#3294 = VECTOR ( 'NONE', #2006, 1000.000000000000000 ) ;
#3295 = DIRECTION ( 'NONE',  ( 1.000000000000000000, 0.000000000000000000, 0.000000000000000000 ) ) ;
#3296 = ORIENTED_EDGE ( 'NONE', *, *, #2479, .T. ) ;
#3297 = LINE ( 'NONE', #2662, #3428 ) ;
#3298 = ADVANCED_FACE ( 'NONE', ( #3843 ), #2853, .F. ) ;
#3299 = VECTOR ( 'NONE', #3220, 1000.000000000000000 ) ;
#3300 = ORIENTED_EDGE ( 'NONE', *, *, #1649, .T. ) ;
#3301 = LINE ( 'NONE', #436, #1291 ) ;
#3302 = VERTEX_POINT ( 'NONE', #2876 ) ;
#3303 = DIRECTION ( 'NONE',  ( -1.000000000000000000, -0.000000000000000000, 4.565061778886333255E-15 ) ) ;
#3304 = LINE ( 'NONE', #3972, #3784 ) ;
#3305 = CARTESIAN_POINT ( 'NONE',  ( -0.1228867513459475369, 11.49499999999999922, 2.081782543421286098E-17 ) ) ;
#3306 = PLANE ( 'NONE',  #602 ) ;
#3307 = CYLINDRICAL_SURFACE ( 'NONE', #1370, 0.01000000000000001235 ) ;
#3308 = DIRECTION ( 'NONE',  ( 0.000000000000000000, 0.000000000000000000, 1.000000000000000000 ) ) ;
#3309 = ADVANCED_FACE ( 'NONE', ( #1588 ), #78, .T. ) ;
#3310 = DIRECTION ( 'NONE',  ( -1.000000000000000000, 0.000000000000000000, 0.000000000000000000 ) ) ;
#3311 = VECTOR ( 'NONE', #3868, 999.9999999999998863 ) ;
#3312 = VECTOR ( 'NONE', #860, 1000.000000000000000 ) ;
#3313 = ORIENTED_EDGE ( 'NONE', *, *, #3674, .T. ) ;
#3314 = CARTESIAN_POINT ( 'NONE',  ( -1.164999999999998925, 2.746374505504947274E-17, -2.044142135623731704 ) ) ;
#3315 = DIRECTION ( 'NONE',  ( 0.000000000000000000, -1.000000000000000000, 0.000000000000000000 ) ) ;
#3316 =( BOUNDED_CURVE ( )  B_SPLINE_CURVE ( 3, ( #3081, #3100, #1228, #348 ),
 .UNSPECIFIED., .F., .T. ) 
 B_SPLINE_CURVE_WITH_KNOTS ( ( 4, 4 ),
 ( 6.156845179540811230, 6.283185307179586232 ),
 .UNSPECIFIED. ) 
 CURVE ( )  GEOMETRIC_REPRESENTATION_ITEM ( )  RATIONAL_B_SPLINE_CURVE ( ( 1.000000000000000000, 0.9986702899464854344, 0.9986702899464854344, 1.000000000000000000 ) ) 
 REPRESENTATION_ITEM ( '' )  );
#3317 = ORIENTED_EDGE ( 'NONE', *, *, #45, .T. ) ;
#3318 = CARTESIAN_POINT ( 'NONE',  ( -0.6749999999999996003, 2.490000000000000213, 2.540000000000000480 ) ) ;
#3319 = VECTOR ( 'NONE', #2671, 1000.000000000000000 ) ;
#3320 = ORIENTED_EDGE ( 'NONE', *, *, #1409, .T. ) ;
#3321 = CARTESIAN_POINT ( 'NONE',  ( -1.165000000000000258, 2.500000000000000000, -1.010000000000002229 ) ) ;
#3322 = DIRECTION ( 'NONE',  ( 0.000000000000000000, -1.000000000000000000, 0.000000000000000000 ) ) ;
#3323 = DIRECTION ( 'NONE',  ( 1.084202172485504592E-14, 0.000000000000000000, 1.000000000000000000 ) ) ;
#3324 = DIRECTION ( 'NONE',  ( 0.5773502691896260641, -0.5773502691896250649, -0.5773502691896262862 ) ) ;
#3325 = EDGE_CURVE ( 'NONE', #1541, #1973, #3546, .T. ) ;
#3326 = ADVANCED_FACE ( 'NONE', ( #715 ), #1423, .T. ) ;
#3327 = LINE ( 'NONE', #281, #2178 ) ;
#3328 =( REPRESENTATION_RELATIONSHIP ('NONE','NONE', #2606, #3060 ) REPRESENTATION_RELATIONSHIP_WITH_TRANSFORMATION ( #2831 )SHAPE_REPRESENTATION_RELATIONSHIP( ) );
#3329 = DIRECTION ( 'NONE',  ( 1.000000000000000000, 0.000000000000000000, 0.000000000000000000 ) ) ;
#3330 = DIRECTION ( 'NONE',  ( 0.000000000000000000, -1.000000000000000000, 0.000000000000000000 ) ) ;
#3331 = CARTESIAN_POINT ( 'NONE',  ( 1.992499999999997273, 0.5000000000000000000, -1.222500000000003473 ) ) ;
#3332 =( BOUNDED_CURVE ( )  B_SPLINE_CURVE ( 3, ( #1084, #1039, #3314, #1386 ),
 .UNSPECIFIED., .F., .T. ) 
 B_SPLINE_CURVE_WITH_KNOTS ( ( 4, 4 ),
 ( 0.000000000000000000, 1.570796326794896558 ),
 .UNSPECIFIED. ) 
 CURVE ( )  GEOMETRIC_REPRESENTATION_ITEM ( )  RATIONAL_B_SPLINE_CURVE ( ( 1.000000000000000000, 0.8047378541243649375, 0.8047378541243649375, 1.000000000000000000 ) ) 
 REPRESENTATION_ITEM ( '' )  );
#3333 = EDGE_LOOP ( 'NONE', ( #2114, #2095, #2707, #3502, #3702, #3656, #1308, #252, #3089, #2021, #76, #814, #1192, #1556, #889, #1340 ) ) ;
#3334 = CARTESIAN_POINT ( 'NONE',  ( 1.179142135623730825, 2.500000000000000000, -2.030000000000000249 ) ) ;
#3335 = DIRECTION ( 'NONE',  ( -1.000000000000000000, 0.000000000000000000, 0.000000000000000000 ) ) ;
#3336 = CIRCLE ( 'NONE', #1347, 0.01000000000000002623 ) ;
#3337 = ORIENTED_EDGE ( 'NONE', *, *, #1058, .T. ) ;
#3338 = CARTESIAN_POINT ( 'NONE',  ( -1.175000000000000266, 2.490000000000000213, -1.000000000000002220 ) ) ;
#3339 = VERTEX_POINT ( 'NONE', #338 ) ;
#3340 = DIRECTION ( 'NONE',  ( -0.7071067811865474617, 0.000000000000000000, 0.7071067811865476838 ) ) ;
#3341 = AXIS2_PLACEMENT_3D ( 'NONE', #3016, #865, #1760 ) ;
#3342 = AXIS2_PLACEMENT_3D ( 'NONE', #350, #3457, #3497 ) ;
#3343 = LINE ( 'NONE', #2692, #3000 ) ;
#3344 = LINE ( 'NONE', #3305, #1490 ) ;
#3345 = DIRECTION ( 'NONE',  ( -1.000000000000000000, 0.000000000000000000, 0.000000000000000000 ) ) ;
#3346 = CARTESIAN_POINT ( 'NONE',  ( 0.1142264973081031226, 11.49499999999999922, -0.1228867513459474536 ) ) ;
#3347 = CARTESIAN_POINT ( 'NONE',  ( -17.78000000000000114, -2.200000000000001066, -1.269999999999999574 ) ) ;
#3348 = AXIS2_PLACEMENT_3D ( 'NONE', #3617, #528, #3055 ) ;
#3349 = DIRECTION ( 'NONE',  ( 0.000000000000000000, 0.000000000000000000, -1.000000000000000000 ) ) ;
#3350 = LINE ( 'NONE', #565, #3142 ) ;
#3351 = ORIENTED_EDGE ( 'NONE', *, *, #315, .F. ) ;
#3352 = DIRECTION ( 'NONE',  ( 0.7071067811865482389, -0.000000000000000000, 0.7071067811865469066 ) ) ;
#3353 = ORIENTED_EDGE ( 'NONE', *, *, #824, .F. ) ;
#3354 =( BOUNDED_CURVE ( )  B_SPLINE_CURVE ( 3, ( #1846, #2735, #1780, #1262 ),
 .UNSPECIFIED., .F., .T. ) 
 B_SPLINE_CURVE_WITH_KNOTS ( ( 4, 4 ),
 ( 0.000000000000000000, 1.570796326794896558 ),
 .UNSPECIFIED. ) 
 CURVE ( )  GEOMETRIC_REPRESENTATION_ITEM ( )  RATIONAL_B_SPLINE_CURVE ( ( 1.000000000000000000, 0.8047378541243649375, 0.8047378541243649375, 1.000000000000000000 ) ) 
 REPRESENTATION_ITEM ( '' )  );
#3355 = ORIENTED_EDGE ( 'NONE', *, *, #1739, .F. ) ;
#3356 = CARTESIAN_POINT ( 'NONE',  ( -0.3112600429262814550, 0.3462721118061212189, -0.3199202969641256611 ) ) ;
#3357 = ORIENTED_EDGE ( 'NONE', *, *, #2249, .F. ) ;
#3358 = EDGE_CURVE ( 'NONE', #729, #2154, #2187, .T. ) ;
#3359 = CIRCLE ( 'NONE', #3092, 0.01000000000000002623 ) ;
#3360 = SPHERICAL_SURFACE ( 'NONE', #181, 0.01000000000000000021 ) ;
#3361 = ORIENTED_EDGE ( 'NONE', *, *, #1042, .F. ) ;
#3362 = CARTESIAN_POINT ( 'NONE',  ( 0.3112600429262812884, 11.15372788819387395, -0.3199202969641256056 ) ) ;
#3363 = CARTESIAN_POINT ( 'NONE',  ( -0.3199999999999998401, 0.9000000000000010214, -1.589999999999999636 ) ) ;
#3364 = AXIS2_PLACEMENT_3D ( 'NONE', #3036, #846, #2998 ) ;
#3365 = CARTESIAN_POINT ( 'NONE',  ( -1.164999999999999813, 2.500000000000000000, 2.035857864376269699 ) ) ;
#3366 = DIRECTION ( 'NONE',  ( 0.000000000000000000, 0.000000000000000000, 1.000000000000000000 ) ) ;
#3367 = CARTESIAN_POINT ( 'NONE',  ( 0.3199999999999998401, 0.3464101615137729073, -0.3104214140871991989 ) ) ;
#3368 = DIRECTION ( 'NONE',  ( -1.000000000000000000, 0.000000000000000000, 0.000000000000000000 ) ) ;
#3369 = EDGE_LOOP ( 'NONE', ( #2577, #1838, #2624, #206 ) ) ;
#3370 = CARTESIAN_POINT ( 'NONE',  ( 0.3200000000000002287, 0.9000000000000010214, -0.9499999999999996225 ) ) ;
#3371 = ORIENTED_EDGE ( 'NONE', *, *, #3187, .T. ) ;
#3372 = AXIS2_PLACEMENT_3D ( 'NONE', #1493, #2816, #1218 ) ;
#3373 = EDGE_CURVE ( 'NONE', #2915, #3025, #40, .T. ) ;
#3374 = EDGE_CURVE ( 'NONE', #2893, #1168, #2631, .T. ) ;
#3375 = ADVANCED_FACE ( 'NONE', ( #1067 ), #2964, .F. ) ;
#3376 = CARTESIAN_POINT ( 'NONE',  ( 0.1142264973081040247, 0.01000000000000000368, -0.1142264973081040802 ) ) ;
#3377 = EDGE_LOOP ( 'NONE', ( #2092, #1032, #3860, #3461 ) ) ;
#3378 = LINE ( 'NONE', #1189, #3470 ) ;
#3379 = ORIENTED_EDGE ( 'NONE', *, *, #2051, .F. ) ;
#3380 = CARTESIAN_POINT ( 'NONE',  ( 1.175000000000000711, 2.350000000000000089, -1.000000000000002442 ) ) ;
#3381 = ORIENTED_EDGE ( 'NONE', *, *, #3623, .F. ) ;
#3382 = DIRECTION ( 'NONE',  ( 0.000000000000000000, 0.000000000000000000, 1.000000000000000000 ) ) ;
#3383 = DIRECTION ( 'NONE',  ( -0.000000000000000000, 1.000000000000000000, -0.000000000000000000 ) ) ;
#3384 = CARTESIAN_POINT ( 'NONE',  ( -1.175000000000000711, 0.01000000000000002623, 2.039999999999999591 ) ) ;
#3385 = CARTESIAN_POINT ( 'NONE',  ( 0.08907179676972407090, 11.53356921938165236, 0.08907179676972415416 ) ) ;
#3386 = DIRECTION ( 'NONE',  ( 0.000000000000000000, 0.000000000000000000, 1.000000000000000000 ) ) ;
#3387 = CARTESIAN_POINT ( 'NONE',  ( 0.1937320508075680570, 0.1277076581449564374, 0.1850717967697236288 ) ) ;
#3388 = VERTEX_POINT ( 'NONE', #2646 ) ;
#3389 = DIRECTION ( 'NONE',  ( 0.000000000000000000, 0.000000000000000000, 1.000000000000000000 ) ) ;
#3390 = CARTESIAN_POINT ( 'NONE',  ( -0.3193224092811601800, 0.3452365399626433073, 0.3159672026817048063 ) ) ;
#3391 = AXIS2_PLACEMENT_3D ( 'NONE', #2343, #1510, #918 ) ;
#3392 = LINE ( 'NONE', #2788, #3553 ) ;
#3393 = ORIENTED_EDGE ( 'NONE', *, *, #2120, .F. ) ;
#3394 = DIRECTION ( 'NONE',  ( 1.694065894508600678E-16, 0.000000000000000000, 1.000000000000000000 ) ) ;
#3395 = ORIENTED_EDGE ( 'NONE', *, *, #871, .T. ) ;
#3396 = EDGE_CURVE ( 'NONE', #3767, #678, #129, .T. ) ;
#3397 = CARTESIAN_POINT ( 'NONE',  ( -0.1142264973081031643, 11.49000000000000021, 0.1142264973081031781 ) ) ;
#3398 = ORIENTED_EDGE ( 'NONE', *, *, #3870, .F. ) ;
#3399 = PLANE ( 'NONE',  #428 ) ;
#3400 = DIRECTION ( 'NONE',  ( -1.000000000000000000, -0.000000000000000000, -4.694733121053642754E-15 ) ) ;
#3401 = CARTESIAN_POINT ( 'NONE',  ( -0.3200000000000001177, 0.3464101615137729628, -0.3199999999999999512 ) ) ;
#3402 = PRODUCT_DEFINITION_SHAPE ( 'NONE', 'NONE',  #4049 ) ;
#3403 = EDGE_CURVE ( 'NONE', #1166, #878, #818, .T. ) ;
#3404 = VECTOR ( 'NONE', #500, 1000.000000000000000 ) ;
#3405 = DIRECTION ( 'NONE',  ( -0.000000000000000000, -0.000000000000000000, -1.000000000000000000 ) ) ;
#3406 = ADVANCED_FACE ( 'NONE', ( #2987 ), #1044, .F. ) ;
#3407 = CARTESIAN_POINT ( 'NONE',  ( -27.94000000000000128, -2.200000000000001066, -1.269999999999999574 ) ) ;
#3408 = FACE_OUTER_BOUND ( 'NONE', #555, .T. ) ;
#3409 = CARTESIAN_POINT ( 'NONE',  ( 0.1142264973081040247, 0.004999999999999983624, -0.1228867513459484528 ) ) ;
#3410 = CIRCLE ( 'NONE', #451, 0.01000000000000002623 ) ;
#3411 = ORIENTED_EDGE ( 'NONE', *, *, #163, .T. ) ;
#3412 = CARTESIAN_POINT ( 'NONE',  ( -0.3199999999999998401, 2.500000000000000000, -1.589999999999999636 ) ) ;
#3413 = CARTESIAN_POINT ( 'NONE',  ( 0.6779289321881349917, 2.490000000000000213, 2.537071067811865976 ) ) ;
#3414 = CARTESIAN_POINT ( 'NONE',  ( -0.7200000000000016387, 0.5000000000000000000, 1.990000000000001323 ) ) ;
#3415 = AXIS2_PLACEMENT_3D ( 'NONE', #3791, #1901, #2253 ) ;
#3416 = PRESENTATION_STYLE_ASSIGNMENT (( #875 ) ) ;
#3417 = VERTEX_POINT ( 'NONE', #1106 ) ;
#3418 = CARTESIAN_POINT ( 'NONE',  ( -0.3112600429262814550, 0.3462721118061212189, -0.3199202969641256611 ) ) ;
#3419 = EDGE_CURVE ( 'NONE', #3473, #3520, #2689, .T. ) ;
#3420 = EDGE_LOOP ( 'NONE', ( #140, #316, #706, #54 ) ) ;
#3421 = ITEM_DEFINED_TRANSFORMATION ( 'NONE', 'NONE', #765,  #3607 ) ;
#3422 = ORIENTED_EDGE ( 'NONE', *, *, #3250, .T. ) ;
#3423 = CARTESIAN_POINT ( 'NONE',  ( 0.3104214140871992544, 0.3464101615137729628, 0.3200000000000000622 ) ) ;
#3424 = VERTEX_POINT ( 'NONE', #2357 ) ;
#3425 = LINE ( 'NONE', #2505, #1133 ) ;
#3426 = CARTESIAN_POINT ( 'NONE',  ( -1.174999999999998934, 2.500000000000000000, -2.040000000000000480 ) ) ;
#3427 = EDGE_CURVE ( 'NONE', #798, #3914, #2271, .T. ) ;
#3428 = VECTOR ( 'NONE', #1727, 1000.000000000000000 ) ;
#3429 = ADVANCED_FACE ( 'NONE', ( #800 ), #2337, .F. ) ;
#3430 = VECTOR ( 'NONE', #3119, 1000.000000000000000 ) ;
#3431 = AXIS2_PLACEMENT_3D ( 'NONE', #3494, #670, #1600 ) ;
#3432 = DIRECTION ( 'NONE',  ( 0.000000000000000000, -0.000000000000000000, -1.000000000000000000 ) ) ;
#3433 = LINE ( 'NONE', #1540, #1307 ) ;
#3434 = ORIENTED_EDGE ( 'NONE', *, *, #1893, .T. ) ;
#3435 = CARTESIAN_POINT ( 'NONE',  ( 0.3200000000000001732, 0.9000000000000010214, -1.589999999999999636 ) ) ;
#3436 = VERTEX_POINT ( 'NONE', #3604 ) ;
#3437 = FACE_OUTER_BOUND ( 'NONE', #1511, .T. ) ;
#3438 = ORIENTED_EDGE ( 'NONE', *, *, #439, .F. ) ;
#3439 = PRODUCT_DEFINITION_SHAPE ( 'NONE', 'NONE',  #4041 ) ;
#3440 = ITEM_DEFINED_TRANSFORMATION ( 'NONE', 'NONE', #2536,  #3607 ) ;
#3441 = STYLED_ITEM ( 'NONE', ( #3416 ), #1113 ) ;
#3442 = CYLINDRICAL_SURFACE ( 'NONE', #3525, 0.009999999999999903064 ) ;
#3443 = ORIENTED_EDGE ( 'NONE', *, *, #456, .T. ) ;
#3444 = CARTESIAN_POINT ( 'NONE',  ( 0.1142264973081030394, 11.49000000000000021, -0.1142264973081031920 ) ) ;
#3445 =( BOUNDED_CURVE ( )  B_SPLINE_CURVE ( 3, ( #2125, #564, #609, #3450 ),
 .UNSPECIFIED., .F., .F. ) 
 B_SPLINE_CURVE_WITH_KNOTS ( ( 4, 4 ),
 ( 5.624127271420887197, 6.942243342938290596 ),
 .UNSPECIFIED. ) 
 CURVE ( )  GEOMETRIC_REPRESENTATION_ITEM ( )  RATIONAL_B_SPLINE_CURVE ( ( 1.000000000000000000, 0.8603796100557046245, 0.8603796100557046245, 1.000000000000000000 ) ) 
 REPRESENTATION_ITEM ( '' )  );
#3446 = DIRECTION ( 'NONE',  ( -2.125886612716675327E-16, 0.000000000000000000, -1.000000000000000000 ) ) ;
#3447 = DIRECTION ( 'NONE',  ( 0.000000000000000000, -0.000000000000000000, -1.000000000000000000 ) ) ;
#3448 = EDGE_CURVE ( 'NONE', #1907, #399, #758, .T. ) ;
#3449 = VECTOR ( 'NONE', #1758, 1000.000000000000000 ) ;
#3450 = CARTESIAN_POINT ( 'NONE',  ( 0.3112600429262812884, 0.3462721118061213299, -0.3199202969641257721 ) ) ;
#3451 = PLANE ( 'NONE',  #3753 ) ;
#3452 = EDGE_CURVE ( 'NONE', #2875, #1144, #2603, .T. ) ;
#3453 = ORIENTED_EDGE ( 'NONE', *, *, #26, .F. ) ;
#3454 = CARTESIAN_POINT ( 'NONE',  ( -0.3100000000000001088, 11.15358983848622287, -0.3199999999999999512 ) ) ;
#3455 = ITEM_DEFINED_TRANSFORMATION ( 'NONE', 'NONE', #3478,  #3607 ) ;
#3456 = VERTEX_POINT ( 'NONE', #1978 ) ;
#3457 = DIRECTION ( 'NONE',  ( 1.000000000000000000, -0.000000000000000000, -0.000000000000000000 ) ) ;
#3458 = ORIENTED_EDGE ( 'NONE', *, *, #3358, .F. ) ;
#3459 = ITEM_DEFINED_TRANSFORMATION ( 'NONE', 'NONE', #3535,  #3607 ) ;
#3460 = VECTOR ( 'NONE', #3909, 999.9999999999998863 ) ;
#3461 = ORIENTED_EDGE ( 'NONE', *, *, #1690, .F. ) ;
#3462 = CARTESIAN_POINT ( 'NONE',  ( -1.269999999999999796, 2.350000000000000089, 0.9999999999999981126 ) ) ;
#3463 = ORIENTED_EDGE ( 'NONE', *, *, #1448, .F. ) ;
#3464 = LINE ( 'NONE', #960, #295 ) ;
#3465 = DIRECTION ( 'NONE',  ( 0.000000000000000000, 1.000000000000000000, 0.000000000000000000 ) ) ;
#3466 = PRODUCT_DEFINITION_FORMATION_WITH_SPECIFIED_SOURCE ( 'ANY', '', #1844, .NOT_KNOWN. ) ;
#3467 = DIRECTION ( 'NONE',  ( -0.8660254037844475894, -0.4999999999999844569, 0.000000000000000000 ) ) ;
#3468 = PLANE ( 'NONE',  #649 ) ;
#3469 = CYLINDRICAL_SURFACE ( 'NONE', #2361, 0.01000000000000001409 ) ;
#3470 = VECTOR ( 'NONE', #2434, 999.9999999999998863 ) ;
#3471 = PRODUCT_DEFINITION_SHAPE ( 'NONE', 'NONE',  #4033 ) ;
#3472 = VECTOR ( 'NONE', #1832, 1000.000000000000000 ) ;
#3473 = VERTEX_POINT ( 'NONE', #1431 ) ;
#3474 =( LENGTH_UNIT ( ) NAMED_UNIT ( * ) SI_UNIT ( .MILLI., .METRE. ) );
#3475 = FACE_OUTER_BOUND ( 'NONE', #3574, .T. ) ;
#3476 = SHAPE_DEFINITION_REPRESENTATION ( #3734, #1781 ) ;
#3477 = AXIS2_PLACEMENT_3D ( 'NONE', #1828, #2387, #3716 ) ;
#3478 = AXIS2_PLACEMENT_3D ( 'NONE', #2030, #2636, #3556 ) ;
#3479 = AXIS2_PLACEMENT_3D ( 'NONE', #2368, #1439, #3349 ) ;
#3480 = ORIENTED_EDGE ( 'NONE', *, *, #1583, .F. ) ;
#3481 = CARTESIAN_POINT ( 'NONE',  ( -1.600428932188133979, 2.490000000000000213, -1.600428932188134867 ) ) ;
#3482 = VERTEX_POINT ( 'NONE', #458 ) ;
#3483 = AXIS2_PLACEMENT_3D ( 'NONE', #2214, #720, #2842 ) ;
#3484 = EDGE_LOOP ( 'NONE', ( #2244, #3193, #2395, #3208 ) ) ;
#3485 = EDGE_CURVE ( 'NONE', #798, #2353, #138, .T. ) ;
#3486 = ORIENTED_EDGE ( 'NONE', *, *, #797, .T. ) ;
#3487 = DIRECTION ( 'NONE',  ( 0.000000000000000000, 1.355252715606880740E-15, -1.000000000000000000 ) ) ;
#3488 = CARTESIAN_POINT ( 'NONE',  ( 1.175000000000000711, 2.490000000000000213, 0.9999999999999976685 ) ) ;
#3489 = DIRECTION ( 'NONE',  ( -1.000000000000000000, 0.000000000000000000, 0.000000000000000000 ) ) ;
#3490 = DIRECTION ( 'NONE',  ( 0.000000000000000000, 0.000000000000000000, 1.000000000000000000 ) ) ;
#3491 = AXIS2_PLACEMENT_3D ( 'NONE', #2442, #1115, #1777 ) ;
#3492 = CARTESIAN_POINT ( 'NONE',  ( -0.6708578643762687088, 0.01000000000000000021, 2.530000000000000693 ) ) ;
#3493 = VERTEX_POINT ( 'NONE', #3260 ) ;
#3494 = CARTESIAN_POINT ( 'NONE',  ( -1.175000000000000266, 2.350000000000000089, -1.000000000000002220 ) ) ;
#3495 = ITEM_DEFINED_TRANSFORMATION ( 'NONE', 'NONE', #834,  #3607 ) ;
#3496 = VERTEX_POINT ( 'NONE', #2020 ) ;
#3497 = DIRECTION ( 'NONE',  ( 0.000000000000000000, 0.000000000000000000, 1.000000000000000000 ) ) ;
#3498 = VERTEX_POINT ( 'NONE', #2376 ) ;
#3499 = EDGE_CURVE ( 'NONE', #801, #2896, #3301, .T. ) ;
#3500 = ITEM_DEFINED_TRANSFORMATION ( 'NONE', 'NONE', #3660,  #3607 ) ;
#3501 = EDGE_CURVE ( 'NONE', #892, #1691, #3602, .T. ) ;
#3502 = ORIENTED_EDGE ( 'NONE', *, *, #2532, .F. ) ;
#3503 = EDGE_LOOP ( 'NONE', ( #2331, #716, #2075, #1338 ) ) ;
#3504 = CARTESIAN_POINT ( 'NONE',  ( 0.3199202969641257166, 11.15372788819387395, 0.3112600429262805668 ) ) ;
#3505 = CIRCLE ( 'NONE', #3243, 0.01000000000000002623 ) ;
#3506 = VECTOR ( 'NONE', #260, 1000.000000000000000 ) ;
#3507 = PRODUCT_DEFINITION_SHAPE ( 'NONE', 'NONE',  #4034 ) ;
#3508 = DIRECTION ( 'NONE',  ( 0.000000000000000000, 0.000000000000000000, -1.000000000000000000 ) ) ;
#3509 = FACE_OUTER_BOUND ( 'NONE', #3821, .T. ) ;
#3510 = CARTESIAN_POINT ( 'NONE',  ( 0.3193224092811621229, 11.15476346003734420, 0.3159672026817062496 ) ) ;
#3511 = VECTOR ( 'NONE', #1779, 1000.000000000000000 ) ;
#3512 = CARTESIAN_POINT ( 'NONE',  ( 0.6708578643762694860, 2.490000000000000213, 2.540000000000000480 ) ) ;
#3513 = VERTEX_POINT ( 'NONE', #3338 ) ;
#3514 =( LENGTH_UNIT ( ) NAMED_UNIT ( * ) SI_UNIT ( .MILLI., .METRE. ) );
#3515 = CARTESIAN_POINT ( 'NONE',  ( -0.3199999999999998401, 0.9000000000000010214, -1.589999999999999636 ) ) ;
#3516 = ITEM_DEFINED_TRANSFORMATION ( 'NONE', 'NONE', #1169,  #3607 ) ;
#3517 = EDGE_LOOP ( 'NONE', ( #1547, #3357, #936, #3381 ) ) ;
#3518 = CARTESIAN_POINT ( 'NONE',  ( 0.000000000000000000, 2.350000000000000089, 0.000000000000000000 ) ) ;
#3519 = ORIENTED_EDGE ( 'NONE', *, *, #1345, .T. ) ;
#3520 = VERTEX_POINT ( 'NONE', #520 ) ;
#3521 = CARTESIAN_POINT ( 'NONE',  ( -1.164999999999999813, 2.500000000000000000, 1.009999999999997788 ) ) ;
#3522 = ORIENTED_EDGE ( 'NONE', *, *, #3403, .F. ) ;
#3523 = ADVANCED_FACE ( 'NONE', ( #2622 ), #3886, .F. ) ;
#3524 = CARTESIAN_POINT ( 'NONE',  ( 0.6708578643762684868, 2.490000000000000213, -2.539999999999999591 ) ) ;
#3525 = AXIS2_PLACEMENT_3D ( 'NONE', #621, #258, #839 ) ;
#3526 = DIRECTION ( 'NONE',  ( 1.000000000000000000, 0.000000000000000000, 0.000000000000000000 ) ) ;
#3527 = DIRECTION ( 'NONE',  ( -2.168404344971008868E-16, 0.000000000000000000, -1.000000000000000000 ) ) ;
#3528 = CARTESIAN_POINT ( 'NONE',  ( 0.3108419876365757784, 11.15363591632649509, 0.3199733969465144989 ) ) ;
#3529 = ADVANCED_FACE ( 'NONE', ( #1465 ), #2706, .T. ) ;
#3530 = FACE_OUTER_BOUND ( 'NONE', #952, .T. ) ;
#3531 = EDGE_LOOP ( 'NONE', ( #188, #2789, #1953, #2229 ) ) ;
#3532 = DIRECTION ( 'NONE',  ( 1.000000000000000000, 0.000000000000000000, 0.000000000000000000 ) ) ;
#3533 = LINE ( 'NONE', #3515, #87 ) ;
#3534 = ITEM_DEFINED_TRANSFORMATION ( 'NONE', 'NONE', #2410,  #3607 ) ;
#3535 = AXIS2_PLACEMENT_3D ( 'NONE', #223, #885, #2124 ) ;
#3536 = CIRCLE ( 'NONE', #3342, 0.01000000000000002623 ) ;
#3537 = CARTESIAN_POINT ( 'NONE',  ( -1.174999999999999822, 2.490000000000000213, 0.9999999999999978906 ) ) ;
#3538 = ORIENTED_EDGE ( 'NONE', *, *, #503, .F. ) ;
#3539 = CARTESIAN_POINT ( 'NONE',  ( 1.175000000000000711, 2.350000000000000089, 0.9999999999999976685 ) ) ;
#3540 = ORIENTED_EDGE ( 'NONE', *, *, #460, .T. ) ;
#3541 = FACE_OUTER_BOUND ( 'NONE', #2575, .T. ) ;
#3542 = PRODUCT_DEFINITION_SHAPE ( 'NONE', 'NONE',  #4021 ) ;
#3543 = ADVANCED_BREP_SHAPE_REPRESENTATION ( '', ( #1113, #3607 ), #1102 ) ;
#3544 = EDGE_CURVE ( 'NONE', #2080, #724, #68, .T. ) ;
#3545 = ORIENTED_EDGE ( 'NONE', *, *, #1718, .T. ) ;
#3546 = LINE ( 'NONE', #1000, #256 ) ;
#3547 = EDGE_LOOP ( 'NONE', ( #3626, #2848, #714, #1608 ) ) ;
#3548 = CARTESIAN_POINT ( 'NONE',  ( -0.1200000000000003980, 0.000000000000000000, 0.1142264973081042190 ) ) ;
#3549 = DIRECTION ( 'NONE',  ( -1.000000000000000000, 0.000000000000000000, 0.000000000000000000 ) ) ;
#3550 = DIRECTION ( 'NONE',  ( 1.694065894508600432E-16, -1.232595164407836146E-32, 1.000000000000000000 ) ) ;
#3551 = ADVANCED_FACE ( 'NONE', ( #554 ), #3966, .T. ) ;
#3552 = EDGE_CURVE ( 'NONE', #332, #453, #3378, .T. ) ;
#3553 = VECTOR ( 'NONE', #1905, 1000.000000000000000 ) ;
#3554 = DIRECTION ( 'NONE',  ( -1.000000000000000000, 0.000000000000000000, -4.565061778886333255E-15 ) ) ;
#3555 = ORIENTED_EDGE ( 'NONE', *, *, #3325, .T. ) ;
#3556 = DIRECTION ( 'NONE',  ( 1.000000000000000000, 0.000000000000000000, 0.000000000000000000 ) ) ;
#3557 = CARTESIAN_POINT ( 'NONE',  ( 0.3200000000000000067, 0.3464101615137729628, 0.3100000000000000533 ) ) ;
#3558 = PLANE ( 'NONE',  #1865 ) ;
#3559 = VECTOR ( 'NONE', #2254, 1000.000000000000000 ) ;
#3560 = CARTESIAN_POINT ( 'NONE',  ( 0.3199999999999998956, 11.15358983848622287, -0.3104214140871991434 ) ) ;
#3561 = ORIENTED_EDGE ( 'NONE', *, *, #530, .F. ) ;
#3562 = DIRECTION ( 'NONE',  ( 1.000000000000000000, -0.000000000000000000, -4.565061778886333255E-15 ) ) ;
#3563 = ORIENTED_EDGE ( 'NONE', *, *, #493, .T. ) ;
#3564 = VECTOR ( 'NONE', #2805, 1000.000000000000000 ) ;
#3565 = VERTEX_POINT ( 'NONE', #2726 ) ;
#3566 = CARTESIAN_POINT ( 'NONE',  ( 1.600428932188133313, 2.500000000000000000, -1.600428932188136200 ) ) ;
#3567 = ORIENTED_EDGE ( 'NONE', *, *, #2867, .T. ) ;
#3568 = PLANE ( 'NONE',  #2267 ) ;
#3569 = DIRECTION ( 'NONE',  ( 0.7071067811865477948, 0.000000000000000000, 0.7071067811865473507 ) ) ;
#3570 = CARTESIAN_POINT ( 'NONE',  ( 1.165000000000001146, 1.124046759578718513E-17, 2.044142135623730816 ) ) ;
#3571 = CARTESIAN_POINT ( 'NONE',  ( 0.1228867513459474259, 11.49499999999999922, -0.1142264973081031781 ) ) ;
#3572 = ADVANCED_FACE ( 'NONE', ( #187 ), #3026, .T. ) ;
#3573 = CARTESIAN_POINT ( 'NONE',  ( 0.3099999999999999978, 0.3464101615137729628, 0.3200000000000000622 ) ) ;
#3574 = EDGE_LOOP ( 'NONE', ( #2174, #2237, #2460, #1958 ) ) ;
#3575 = DIRECTION ( 'NONE',  ( 0.000000000000000000, 0.000000000000000000, 1.000000000000000000 ) ) ;
#3576 = AXIS2_PLACEMENT_3D ( 'NONE', #2449, #1784, #1201 ) ;
#3577 = DIRECTION ( 'NONE',  ( 1.000000000000000000, 0.000000000000000000, 0.000000000000000000 ) ) ;
#3578 = EDGE_CURVE ( 'NONE', #3436, #2727, #2064, .T. ) ;
#3579 = CARTESIAN_POINT ( 'NONE',  ( 1.175000000000000711, 2.350000000000000089, -1.000000000000002442 ) ) ;
#3580 = CARTESIAN_POINT ( 'NONE',  ( 0.6749999999999993783, 2.500000000000000000, -2.539999999999999591 ) ) ;
#3581 = ORIENTED_EDGE ( 'NONE', *, *, #607, .F. ) ;
#3582 = DIRECTION ( 'NONE',  ( 0.7071067811865474617, 0.000000000000000000, -0.7071067811865474617 ) ) ;
#3583 = ORIENTED_EDGE ( 'NONE', *, *, #92, .F. ) ;
#3584 = EDGE_CURVE ( 'NONE', #2915, #3456, #3207, .T. ) ;
#3585 = ORIENTED_EDGE ( 'NONE', *, *, #1920, .F. ) ;
#3586 = CARTESIAN_POINT ( 'NONE',  ( -0.3200000000000000622, 0.3464101615137729073, -0.3104214140871991989 ) ) ;
#3587 = ORIENTED_EDGE ( 'NONE', *, *, #1896, .F. ) ;
#3588 = CARTESIAN_POINT ( 'NONE',  ( -9.267075411139232629E-15, 2.490000000000000213, -2.029999999999994920 ) ) ;
#3589 = CARTESIAN_POINT ( 'NONE',  ( -1.270000000000000240, 0.5000000000000000000, -2.040000000000000480 ) ) ;
#3590 = LINE ( 'NONE', #3910, #459 ) ;
#3591 = AXIS2_PLACEMENT_3D ( 'NONE', #1774, #3748, #2098 ) ;
#3592 = CARTESIAN_POINT ( 'NONE',  ( -0.1228867513459485639, 0.004999999999999980155, -0.1142264973081040663 ) ) ;
#3593 = ADVANCED_FACE ( 'NONE', ( #1507 ), #1792, .T. ) ;
#3594 = ORIENTED_EDGE ( 'NONE', *, *, #779, .T. ) ;
#3595 = CARTESIAN_POINT ( 'NONE',  ( 1.172071067811865319, 0.5000000000000000000, -2.042928932188134539 ) ) ;
#3596 = LINE ( 'NONE', #3249, #2335 ) ;
#3597 = LINE ( 'NONE', #432, #496 ) ;
#3598 = AXIS2_PLACEMENT_3D ( 'NONE', #2446, #2718, #1154 ) ;
#3599 = ORIENTED_EDGE ( 'NONE', *, *, #2096, .T. ) ;
#3600 = LINE ( 'NONE', #189, #2346 ) ;
#3601 = EDGE_LOOP ( 'NONE', ( #1213, #3486, #1857, #1254, #96, #3001 ) ) ;
#3602 = CIRCLE ( 'NONE', #518, 0.009999999999999998473 ) ;
#3603 = ORIENTED_EDGE ( 'NONE', *, *, #2177, .T. ) ;
#3604 = CARTESIAN_POINT ( 'NONE',  ( -1.270000000000000018, 2.490000000000000213, -1.000000000000002220 ) ) ;
#3605 = VERTEX_POINT ( 'NONE', #2790 ) ;
#3606 =( NAMED_UNIT ( * ) SI_UNIT ( $, .STERADIAN. ) SOLID_ANGLE_UNIT ( ) );
#3607 = AXIS2_PLACEMENT_3D ( 'NONE', #1908, #13, #3162 ) ;
#3608 = CYLINDRICAL_SURFACE ( 'NONE', #226, 0.01000000000000002623 ) ;
#3609 = ADVANCED_FACE ( 'NONE', ( #2459 ), #877, .T. ) ;
#3610 = EDGE_CURVE ( 'NONE', #2775, #3493, #2113, .T. ) ;
#3611 = DIRECTION ( 'NONE',  ( 0.000000000000000000, -0.000000000000000000, -1.000000000000000000 ) ) ;
#3612 = CARTESIAN_POINT ( 'NONE',  ( 1.165000000000000924, 2.500000000000000000, 2.035857864376269255 ) ) ;
#3613 = DIRECTION ( 'NONE',  ( -1.000000000000000000, 0.000000000000000000, 0.000000000000000000 ) ) ;
#3614 = AXIS2_PLACEMENT_3D ( 'NONE', #821, #161, #3323 ) ;
#3615 = CARTESIAN_POINT ( 'NONE',  ( -1.269999999999999796, 2.500000000000000000, -2.030000000000000249 ) ) ;
#3616 = DIRECTION ( 'NONE',  ( 0.000000000000000000, 0.000000000000000000, 1.000000000000000000 ) ) ;
#3617 = CARTESIAN_POINT ( 'NONE',  ( 1.179142135623731935, 2.500000000000000000, 2.050000000000000266 ) ) ;
#3618 = CARTESIAN_POINT ( 'NONE',  ( 1.175000000000000711, 2.350000000000000089, -1.000000000000002442 ) ) ;
#3619 = ORIENTED_EDGE ( 'NONE', *, *, #2195, .T. ) ;
#3620 = DIRECTION ( 'NONE',  ( 1.694065894508600678E-16, -0.000000000000000000, 1.000000000000000000 ) ) ;
#3621 = ORIENTED_EDGE ( 'NONE', *, *, #2976, .T. ) ;
#3622 = AXIS2_PLACEMENT_3D ( 'NONE', #1436, #3383, #1756 ) ;
#3623 = EDGE_CURVE ( 'NONE', #1571, #1907, #2077, .T. ) ;
#3624 = ORIENTED_EDGE ( 'NONE', *, *, #1583, .T. ) ;
#3625 = DIRECTION ( 'NONE',  ( 0.000000000000000000, 0.000000000000000000, 1.000000000000000000 ) ) ;
#3626 = ORIENTED_EDGE ( 'NONE', *, *, #857, .T. ) ;
#3627 = LINE ( 'NONE', #2058, #3957 ) ;
#3628 = EDGE_CURVE ( 'NONE', #3638, #678, #540, .T. ) ;
#3629 = LINE ( 'NONE', #3931, #3636 ) ;
#3630 = CARTESIAN_POINT ( 'NONE',  ( 0.6708578643762682647, 0.000000000000000000, -2.529999999999999805 ) ) ;
#3631 = DIRECTION ( 'NONE',  ( 0.7071067811865474617, 0.000000000000000000, -0.7071067811865474617 ) ) ;
#3632 = DIRECTION ( 'NONE',  ( 1.000000000000000000, 0.000000000000000000, 4.565061778886333255E-15 ) ) ;
#3633 = DIRECTION ( 'NONE',  ( 0.000000000000000000, 0.000000000000000000, 1.000000000000000000 ) ) ;
#3634 = LINE ( 'NONE', #811, #2678 ) ;
#3635 = DIRECTION ( 'NONE',  ( 0.000000000000000000, -1.000000000000000000, 0.000000000000000000 ) ) ;
#3636 = VECTOR ( 'NONE', #3569, 999.9999999999998863 ) ;
#3637 = CIRCLE ( 'NONE', #806, 0.009999999999999592548 ) ;
#3638 = VERTEX_POINT ( 'NONE', #3356 ) ;
#3639 = DIRECTION ( 'NONE',  ( 0.4472135954999594820, -0.7745966692414817389, 0.4472135954999594265 ) ) ;
#3640 = CARTESIAN_POINT ( 'NONE',  ( -1.269999999999999796, 2.490000000000000213, -2.030000000000000249 ) ) ;
#3641 = ORIENTED_EDGE ( 'NONE', *, *, #1851, .F. ) ;
#3642 = APPLICATION_CONTEXT ( 'automotive_design' ) ;
#3643 = CARTESIAN_POINT ( 'NONE',  ( 0.1142264973081041080, 0.01000000000000000021, 0.1142264973081042190 ) ) ;
#3644 = AXIS2_PLACEMENT_3D ( 'NONE', #3229, #2912, #1082 ) ;
#3645 = ORIENTED_EDGE ( 'NONE', *, *, #3674, .F. ) ;
#3646 = DIRECTION ( 'NONE',  ( -4.565061778886333255E-15, 0.000000000000000000, -1.000000000000000000 ) ) ;
#3647 = CARTESIAN_POINT ( 'NONE',  ( 0.1142264973081031088, 11.49000000000000021, -0.1142264973081030394 ) ) ;
#3648 = SPHERICAL_SURFACE ( 'NONE', #4002, 0.01000000000000000021 ) ;
#3649 = CARTESIAN_POINT ( 'NONE',  ( 0.1142264973081041080, 0.009999999999999991535, 0.1142264973081040663 ) ) ;
#3650 = DIRECTION ( 'NONE',  ( 8.470329472543004623E-17, 0.000000000000000000, -1.000000000000000000 ) ) ;
#3651 = CARTESIAN_POINT ( 'NONE',  ( -22.86000000000000298, -2.200000000000000622, 1.269999999999999574 ) ) ;
#3652 = DIRECTION ( 'NONE',  ( 0.000000000000000000, 0.000000000000000000, -1.000000000000000000 ) ) ;
#3653 = LINE ( 'NONE', #3387, #2742 ) ;
#3654 = EDGE_CURVE ( 'NONE', #1430, #3417, #2418, .T. ) ;
#3655 = ADVANCED_FACE ( 'NONE', ( #3437 ), #3683, .T. ) ;
#3656 = ORIENTED_EDGE ( 'NONE', *, *, #2360, .F. ) ;
#3657 = CARTESIAN_POINT ( 'NONE',  ( -0.6679289321881340946, 0.01000000000000002623, -2.532928932188134308 ) ) ;
#3658 = VERTEX_POINT ( 'NONE', #213 ) ;
#3659 = AXIS2_PLACEMENT_3D ( 'NONE', #412, #1081, #2325 ) ;
#3660 = AXIS2_PLACEMENT_3D ( 'NONE', #2084, #3366, #264 ) ;
#3661 = ORIENTED_EDGE ( 'NONE', *, *, #3963, .F. ) ;
#3662 = CARTESIAN_POINT ( 'NONE',  ( -1.269999999999999796, 2.490000000000000213, -1.010000000000002229 ) ) ;
#3663 = ORIENTED_EDGE ( 'NONE', *, *, #3020, .T. ) ;
#3664 = AXIS2_PLACEMENT_3D ( 'NONE', #691, #1271, #1624 ) ;
#3665 = EDGE_CURVE ( 'NONE', #1725, #1700, #16, .T. ) ;
#3666 = CIRCLE ( 'NONE', #581, 0.01000000000000001409 ) ;
#3667 = DIRECTION ( 'NONE',  ( 0.000000000000000000, 0.000000000000000000, 1.000000000000000000 ) ) ;
#3668 = VERTEX_POINT ( 'NONE', #333 ) ;
#3669 = FACE_OUTER_BOUND ( 'NONE', #3161, .T. ) ;
#3670 = LINE ( 'NONE', #3401, #1960 ) ;
#3671 = AXIS2_PLACEMENT_3D ( 'NONE', #3269, #2975, #469 ) ;
#3672 = LINE ( 'NONE', #1176, #3256 ) ;
#3673 = LINE ( 'NONE', #709, #2916 ) ;
#3674 = EDGE_CURVE ( 'NONE', #437, #3902, #3536, .T. ) ;
#3675 = CARTESIAN_POINT ( 'NONE',  ( -17.78000000000000114, -2.200000000000000622, 1.269999999999999574 ) ) ;
#3676 = ADVANCED_FACE ( 'NONE', ( #3209 ), #673, .T. ) ;
#3677 = CARTESIAN_POINT ( 'NONE',  ( -0.6749999999999996003, 0.000000000000000000, 2.530000000000000693 ) ) ;
#3678 = CARTESIAN_POINT ( 'NONE',  ( -0.1200000000000004535, 0.004999999999999966277, -0.1228867513459484806 ) ) ;
#3679 = EDGE_CURVE ( 'NONE', #1822, #1430, #3167, .T. ) ;
#3680 = EDGE_LOOP ( 'NONE', ( #2984, #2939, #2635, #2960 ) ) ;
#3681 = DIRECTION ( 'NONE',  ( 0.000000000000000000, -1.000000000000000000, 0.000000000000000000 ) ) ;
#3682 = ORIENTED_EDGE ( 'NONE', *, *, #1690, .T. ) ;
#3683 = SPHERICAL_SURFACE ( 'NONE', #2071, 0.01000000000000000021 ) ;
#3684 = ORIENTED_EDGE ( 'NONE', *, *, #913, .F. ) ;
#3685 = AXIS2_PLACEMENT_3D ( 'NONE', #2432, #2015, #498 ) ;
#3686 = CARTESIAN_POINT ( 'NONE',  ( 0.6750000000000004885, 0.01000000000000002623, 2.540000000000000480 ) ) ;
#3687 = ORIENTED_EDGE ( 'NONE', *, *, #3746, .T. ) ;
#3688 = CARTESIAN_POINT ( 'NONE',  ( -1.174999999999999822, 0.5000000000000000000, -2.040000000000000480 ) ) ;
#3689 = CARTESIAN_POINT ( 'NONE',  ( 1.270000000000000684, 2.490000000000000213, 0.9999999999999978906 ) ) ;
#3690 = LINE ( 'NONE', #1116, #1140 ) ;
#3691 = DIRECTION ( 'NONE',  ( 1.000000000000000000, 0.000000000000000000, 2.282530889443166233E-15 ) ) ;
#3692 = DIRECTION ( 'NONE',  ( 1.000000000000000000, 0.000000000000000000, 0.000000000000000000 ) ) ;
#3693 = PLANE ( 'NONE',  #1361 ) ;
#3694 = FACE_OUTER_BOUND ( 'NONE', #2419, .T. ) ;
#3695 = EDGE_CURVE ( 'NONE', #3923, #3259, #450, .T. ) ;
#3696 = EDGE_LOOP ( 'NONE', ( #974, #301, #1888 ) ) ;
#3697 = CARTESIAN_POINT ( 'NONE',  ( -0.3199999999999998401, 0.9000000000000010214, -1.589999999999999636 ) ) ;
#3698 = LINE ( 'NONE', #870, #916 ) ;
#3699 = VECTOR ( 'NONE', #2484, 1000.000000000000000 ) ;
#3700 = VECTOR ( 'NONE', #3994, 1000.000000000000000 ) ;
#3701 = FACE_OUTER_BOUND ( 'NONE', #1083, .T. ) ;
#3702 = ORIENTED_EDGE ( 'NONE', *, *, #3904, .F. ) ;
#3703 = DIRECTION ( 'NONE',  ( 0.000000000000000000, 1.000000000000000000, -2.710505431213760691E-15 ) ) ;
#3704 = EDGE_LOOP ( 'NONE', ( #3826, #4004, #418, #2751 ) ) ;
#3705 = ADVANCED_FACE ( 'NONE', ( #993 ), #372, .T. ) ;
#3706 = ADVANCED_FACE ( 'NONE', ( #975 ), #2849, .F. ) ;
#3707 = VECTOR ( 'NONE', #2277, 1000.000000000000000 ) ;
#3708 = FACE_OUTER_BOUND ( 'NONE', #3517, .T. ) ;
#3709 = EDGE_LOOP ( 'NONE', ( #15, #2898, #3867, #1623 ) ) ;
#3710 = CARTESIAN_POINT ( 'NONE',  ( -1.174999999999999378, 0.01000000000000002623, -2.040000000000000036 ) ) ;
#3711 = LINE ( 'NONE', #1494, #980 ) ;
#3712 = FACE_OUTER_BOUND ( 'NONE', #3038, .T. ) ;
#3713 = LINE ( 'NONE', #305, #681 ) ;
#3714 = DIRECTION ( 'NONE',  ( 1.000000000000000000, 0.000000000000000000, 0.000000000000000000 ) ) ;
#3715 = DIRECTION ( 'NONE',  ( -1.694065894508600678E-16, 0.000000000000000000, -1.000000000000000000 ) ) ;
#3716 = DIRECTION ( 'NONE',  ( -1.084202172485501594E-14, 1.000000000000000000, 0.000000000000000000 ) ) ;
#3717 = ADVANCED_FACE ( 'NONE', ( #2892 ), #1548, .F. ) ;
#3718 = VERTEX_POINT ( 'NONE', #1014 ) ;
#3719 = FACE_OUTER_BOUND ( 'NONE', #3601, .T. ) ;
#3720 = FACE_OUTER_BOUND ( 'NONE', #2013, .T. ) ;
#3721 = CARTESIAN_POINT ( 'NONE',  ( 1.600428932188133313, 2.490000000000000213, -1.600428932188136200 ) ) ;
#3722 = AXIS2_PLACEMENT_3D ( 'NONE', #2043, #3012, #786 ) ;
#3723 = CARTESIAN_POINT ( 'NONE',  ( 1.270000000000000462, 2.350000000000000089, -1.000000000000002442 ) ) ;
#3724 = VERTEX_POINT ( 'NONE', #2576 ) ;
#3725 =( BOUNDED_CURVE ( )  B_SPLINE_CURVE ( 3, ( #587, #1475, #1736, #2101 ),
 .UNSPECIFIED., .F., .F. ) 
 B_SPLINE_CURVE_WITH_KNOTS ( ( 4, 4 ),
 ( 6.156845179540815671, 6.283185307179586232 ),
 .UNSPECIFIED. ) 
 CURVE ( )  GEOMETRIC_REPRESENTATION_ITEM ( )  RATIONAL_B_SPLINE_CURVE ( ( 1.000000000000000000, 0.9986702899464854344, 0.9986702899464854344, 1.000000000000000000 ) ) 
 REPRESENTATION_ITEM ( '' )  );
#3726 = CARTESIAN_POINT ( 'NONE',  ( 0.3200000000000001732, 2.500000000000000000, 1.589999999999999636 ) ) ;
#3727 = ORIENTED_EDGE ( 'NONE', *, *, #1379, .F. ) ;
#3728 = ADVANCED_FACE ( 'NONE', ( #3148 ), #55, .T. ) ;
#3729 = CARTESIAN_POINT ( 'NONE',  ( 0.3108419876365760004, 0.3463640836734994122, 0.3199733969465144989 ) ) ;
#3730 = ORIENTED_EDGE ( 'NONE', *, *, #3374, .F. ) ;
#3731 = DIRECTION ( 'NONE',  ( 1.000000000000000000, 0.000000000000000000, 0.000000000000000000 ) ) ;
#3732 = EDGE_CURVE ( 'NONE', #2308, #2869, #1287, .T. ) ;
#3733 = CARTESIAN_POINT ( 'NONE',  ( -0.6708578643762687088, 0.01000000000000002623, 2.540000000000000480 ) ) ;
#3734 = PRODUCT_DEFINITION_SHAPE ( 'NONE', 'NONE',  #1209 ) ;
#3735 = EDGE_CURVE ( 'NONE', #1446, #3456, #1856, .T. ) ;
#3736 = AXIS2_PLACEMENT_3D ( 'NONE', #3281, #2038, #2290 ) ;
#3737 = CARTESIAN_POINT ( 'NONE',  ( 0.1142264973081041080, 0.01000000000000000021, 0.1142264973081041773 ) ) ;
#3738 = LINE ( 'NONE', #3678, #3217 ) ;
#3739 = VECTOR ( 'NONE', #2193, 1000.000000000000000 ) ;
#3740 = ORIENTED_EDGE ( 'NONE', *, *, #380, .T. ) ;
#3741 = FILL_AREA_STYLE_COLOUR ( '', #1553 ) ;
#3742 = CARTESIAN_POINT ( 'NONE',  ( 0.7200000000000018607, 0.5000000000000000000, 2.039999999999999591 ) ) ;
#3743 = VERTEX_POINT ( 'NONE', #3125 ) ;
#3744 = ORIENTED_EDGE ( 'NONE', *, *, #29, .F. ) ;
#3745 = CONTEXT_DEPENDENT_SHAPE_REPRESENTATION ( #665, #3471 ) ;
#3746 = EDGE_CURVE ( 'NONE', #1932, #117, #1253, .T. ) ;
#3747 = EDGE_LOOP ( 'NONE', ( #616, #3351, #2699, #2748, #1934, #694, #77, #2989 ) ) ;
#3748 = DIRECTION ( 'NONE',  ( -2.347366560526824138E-15, 4.065758146820642416E-15, 1.000000000000000000 ) ) ;
#3749 = ORIENTED_EDGE ( 'NONE', *, *, #1396, .T. ) ;
#3750 = EDGE_CURVE ( 'NONE', #2558, #1822, #323, .T. ) ;
#3751 = DIRECTION ( 'NONE',  ( -0.8660254037844379305, -0.5000000000000014433, 0.000000000000000000 ) ) ;
#3752 = DIRECTION ( 'NONE',  ( -1.000000000000000000, 0.000000000000000000, 8.470329472543004623E-17 ) ) ;
#3753 = AXIS2_PLACEMENT_3D ( 'NONE', #325, #65, #1850 ) ;
#3754 = LINE ( 'NONE', #282, #1719 ) ;
#3755 = AXIS2_PLACEMENT_3D ( 'NONE', #595, #2786, #2516 ) ;
#3756 = DIRECTION ( 'NONE',  ( 0.7071067811865474617, 0.000000000000000000, 0.7071067811865474617 ) ) ;
#3757 = EDGE_LOOP ( 'NONE', ( #3962, #3398, #3313, #1062 ) ) ;
#3758 = CARTESIAN_POINT ( 'NONE',  ( 1.174999999999999378, 2.500000000000000000, -2.040000000000000480 ) ) ;
#3759 = ITEM_DEFINED_TRANSFORMATION ( 'NONE', 'NONE', #1878,  #3607 ) ;
#3760 = ORIENTED_EDGE ( 'NONE', *, *, #2490, .F. ) ;
#3761 = CARTESIAN_POINT ( 'NONE',  ( 0.3199202969641257721, 0.3462721118061212744, 0.3112600429262813440 ) ) ;
#3762 = ORIENTED_EDGE ( 'NONE', *, *, #493, .F. ) ;
#3763 = CONTEXT_DEPENDENT_SHAPE_REPRESENTATION ( #1495, #2470 ) ;
#3764 = AXIS2_PLACEMENT_3D ( 'NONE', #1261, #983, #2544 ) ;
#3765 = EDGE_LOOP ( 'NONE', ( #1996, #334, #2144, #2018 ) ) ;
#3766 = AXIS2_PLACEMENT_3D ( 'NONE', #812, #3056, #2429 ) ;
#3767 = VERTEX_POINT ( 'NONE', #1913 ) ;
#3768 = CARTESIAN_POINT ( 'NONE',  ( 0.3104214140871991434, 0.3464101615137729073, -0.3199999999999999512 ) ) ;
#3769 = DIRECTION ( 'NONE',  ( -1.000000000000000000, 0.000000000000000000, 0.000000000000000000 ) ) ;
#3770 =( BOUNDED_CURVE ( )  B_SPLINE_CURVE ( 3, ( #3321, #2157, #1714, #1109 ),
 .UNSPECIFIED., .F., .T. ) 
 B_SPLINE_CURVE_WITH_KNOTS ( ( 4, 4 ),
 ( 4.712388980384689674, 6.283185307179586232 ),
 .UNSPECIFIED. ) 
 CURVE ( )  GEOMETRIC_REPRESENTATION_ITEM ( )  RATIONAL_B_SPLINE_CURVE ( ( 1.000000000000000000, 0.8047378541243649375, 0.8047378541243649375, 1.000000000000000000 ) ) 
 REPRESENTATION_ITEM ( '' )  );
#3771 = CARTESIAN_POINT ( 'NONE',  ( -0.6708578643762687088, 2.500000000000000000, 2.530000000000000693 ) ) ;
#3772 =( NAMED_UNIT ( * ) PLANE_ANGLE_UNIT ( ) SI_UNIT ( $, .RADIAN. ) );
#3773 = AXIS2_PLACEMENT_3D ( 'NONE', #2148, #1826, #1539 ) ;
#3774 = FACE_BOUND ( 'NONE', #2828, .T. ) ;
#3775 = FACE_OUTER_BOUND ( 'NONE', #1482, .T. ) ;
#3776 = VERTEX_POINT ( 'NONE', #3761 ) ;
#3777 = DIRECTION ( 'NONE',  ( -0.4472135954999593710, 0.7745966692414818500, 0.4472135954999594265 ) ) ;
#3778 = EDGE_CURVE ( 'NONE', #2076, #378, #2600, .T. ) ;
#3779 = EDGE_CURVE ( 'NONE', #1646, #1288, #35, .T. ) ;
#3780 = ADVANCED_FACE ( 'NONE', ( #2014 ), #1364, .F. ) ;
#3781 = ORIENTED_EDGE ( 'NONE', *, *, #1087, .F. ) ;
#3782 = DIRECTION ( 'NONE',  ( -0.000000000000000000, 1.000000000000000000, -0.000000000000000000 ) ) ;
#3783 = VERTEX_POINT ( 'NONE', #795 ) ;
#3784 = VECTOR ( 'NONE', #442, 1000.000000000000000 ) ;
#3785 = DIRECTION ( 'NONE',  ( 0.7071067811865474617, 0.000000000000000000, -0.7071067811865474617 ) ) ;
#3786 = VERTEX_POINT ( 'NONE', #1688 ) ;
#3787 = VECTOR ( 'NONE', #492, 1000.000000000000000 ) ;
#3788 = DIRECTION ( 'NONE',  ( 0.000000000000000000, 0.000000000000000000, 1.000000000000000000 ) ) ;
#3789 = AXIS2_PLACEMENT_3D ( 'NONE', #707, #1702, #3224 ) ;
#3790 = FACE_OUTER_BOUND ( 'NONE', #3106, .T. ) ;
#3791 = CARTESIAN_POINT ( 'NONE',  ( -1.179142135623730825, 2.500000000000000000, 2.050000000000000711 ) ) ;
#3792 = CARTESIAN_POINT ( 'NONE',  ( -1.269999999999999796, -4.081105855034882879, 2.040000000000000036 ) ) ;
#3793 = AXIS2_PLACEMENT_3D ( 'NONE', #3481, #1933, #635 ) ;
#3794 = EDGE_CURVE ( 'NONE', #328, #2875, #1160, .T. ) ;
#3795 = CARTESIAN_POINT ( 'NONE',  ( 1.270000000000000018, 2.500000000000000000, -1.010000000000002673 ) ) ;
#3796 = EDGE_CURVE ( 'NONE', #3498, #578, #1974, .T. ) ;
#3797 = STYLED_ITEM ( 'NONE', ( #31 ), #1026 ) ;
#3798 = ORIENTED_EDGE ( 'NONE', *, *, #357, .F. ) ;
#3799 = CARTESIAN_POINT ( 'NONE',  ( 1.165000000000000702, 2.500000000000000000, 1.009999999999997566 ) ) ;
#3800 = EDGE_CURVE ( 'NONE', #3921, #3767, #1666, .T. ) ;
#3801 = CONTEXT_DEPENDENT_SHAPE_REPRESENTATION ( #2659, #3107 ) ;
#3802 = VECTOR ( 'NONE', #28, 1000.000000000000000 ) ;
#3803 = VERTEX_POINT ( 'NONE', #1407 ) ;
#3804 = DIRECTION ( 'NONE',  ( 0.000000000000000000, 0.000000000000000000, -1.000000000000000000 ) ) ;
#3805 = VERTEX_POINT ( 'NONE', #3275 ) ;
#3806 = VECTOR ( 'NONE', #807, 1000.000000000000000 ) ;
#3807 = ORIENTED_EDGE ( 'NONE', *, *, #3070, .F. ) ;
#3808 = CYLINDRICAL_SURFACE ( 'NONE', #2797, 0.01000000000000002623 ) ;
#3809 = EDGE_LOOP ( 'NONE', ( #2052, #1312, #2421, #693 ) ) ;
#3810 = CARTESIAN_POINT ( 'NONE',  ( -0.08907179676972416804, 11.53356921938165236, -0.08907179676972404314 ) ) ;
#3811 = CARTESIAN_POINT ( 'NONE',  ( -1.270000000000000018, 2.350000000000000089, -1.000000000000002220 ) ) ;
#3812 = FACE_OUTER_BOUND ( 'NONE', #3045, .T. ) ;
#3813 = DIRECTION ( 'NONE',  ( 0.000000000000000000, 0.000000000000000000, -1.000000000000000000 ) ) ;
#3814 = CIRCLE ( 'NONE', #1183, 0.01000000000000001409 ) ;
#3815 = DIRECTION ( 'NONE',  ( -1.000000000000000000, 0.000000000000000000, 0.000000000000000000 ) ) ;
#3816 = ORIENTED_EDGE ( 'NONE', *, *, #165, .F. ) ;
#3817 = SURFACE_STYLE_FILL_AREA ( #2553 ) ;
#3818 = SPHERICAL_SURFACE ( 'NONE', #3234, 0.01000000000000000021 ) ;
#3819 = CONTEXT_DEPENDENT_SHAPE_REPRESENTATION ( #2736, #1579 ) ;
#3820 = EDGE_CURVE ( 'NONE', #1772, #3496, #3074, .T. ) ;
#3821 = EDGE_LOOP ( 'NONE', ( #2502, #2807, #278 ) ) ;
#3822 = DIRECTION ( 'NONE',  ( 1.000000000000000000, 0.000000000000000000, -2.125886612716675327E-16 ) ) ;
#3823 = ORIENTED_EDGE ( 'NONE', *, *, #3067, .F. ) ;
#3824 = ORIENTED_EDGE ( 'NONE', *, *, #3750, .F. ) ;
#3825 = EDGE_CURVE ( 'NONE', #909, #1157, #110, .T. ) ;
#3826 = ORIENTED_EDGE ( 'NONE', *, *, #449, .T. ) ;
#3827 = CARTESIAN_POINT ( 'NONE',  ( -0.1142264973081031504, 11.49000000000000021, 0.1142264973081032614 ) ) ;
#3828 = AXIS2_PLACEMENT_3D ( 'NONE', #3827, #760, #2921 ) ;
#3829 = CARTESIAN_POINT ( 'NONE',  ( -0.3199202969641257721, 0.3462721118061212189, 0.3112600429262815105 ) ) ;
#3830 = LINE ( 'NONE', #3200, #2411 ) ;
#3831 = LINE ( 'NONE', #1678, #3559 ) ;
#3832 = CARTESIAN_POINT ( 'NONE',  ( -1.269999999999999796, 2.349999999999999645, -1.000000000000002220 ) ) ;
#3833 = AXIS2_PLACEMENT_3D ( 'NONE', #3580, #728, #3253 ) ;
#3834 = ORIENTED_EDGE ( 'NONE', *, *, #1182, .F. ) ;
#3835 = DIRECTION ( 'NONE',  ( 1.000000000000000000, 0.000000000000000000, 0.000000000000000000 ) ) ;
#3836 = EDGE_CURVE ( 'NONE', #1793, #1938, #2959, .T. ) ;
#3837 = CARTESIAN_POINT ( 'NONE',  ( -0.3199999999999997846, 0.9000000000000010214, 0.9499999999999996225 ) ) ;
#3838 = ORIENTED_EDGE ( 'NONE', *, *, #3285, .T. ) ;
#3839 = DIRECTION ( 'NONE',  ( 0.7071067811865477948, 0.000000000000000000, -0.7071067811865473507 ) ) ;
#3840 = ORIENTED_EDGE ( 'NONE', *, *, #1125, .F. ) ;
#3841 = EDGE_CURVE ( 'NONE', #3122, #909, #3332, .T. ) ;
#3842 = ORIENTED_EDGE ( 'NONE', *, *, #3920, .F. ) ;
#3843 = FACE_OUTER_BOUND ( 'NONE', #3531, .T. ) ;
#3844 = ADVANCED_FACE ( 'NONE', ( #476 ), #1063, .F. ) ;
#3845 = EDGE_LOOP ( 'NONE', ( #2285, #3865, #2209, #3624 ) ) ;
#3846 = DIRECTION ( 'NONE',  ( 1.000000000000000000, -0.000000000000000000, -0.000000000000000000 ) ) ;
#3847 =( REPRESENTATION_RELATIONSHIP ('NONE','NONE', #2606, #1781 ) REPRESENTATION_RELATIONSHIP_WITH_TRANSFORMATION ( #1582 )SHAPE_REPRESENTATION_RELATIONSHIP( ) );
#3848 = CARTESIAN_POINT ( 'NONE',  ( -1.179142135623730825, -4.081105855034882879, -2.039999999999999591 ) ) ;
#3849 = CARTESIAN_POINT ( 'NONE',  ( 0.1142264973081031088, 11.50000000000000000, 0.1142264973081031781 ) ) ;
#3850 = LINE ( 'NONE', #2028, #2220 ) ;
#3851 = PRODUCT_DEFINITION_FORMATION_WITH_SPECIFIED_SOURCE ( 'ANY', '', #1321, .NOT_KNOWN. ) ;
#3852 = DIRECTION ( 'NONE',  ( 0.000000000000000000, 0.000000000000000000, -1.000000000000000000 ) ) ;
#3853 = ORIENTED_EDGE ( 'NONE', *, *, #1704, .F. ) ;
#3854 = DIRECTION ( 'NONE',  ( 0.000000000000000000, 0.000000000000000000, 1.000000000000000000 ) ) ;
#3855 = CARTESIAN_POINT ( 'NONE',  ( -0.3199999999999998401, 2.500000000000000000, -1.589999999999999636 ) ) ;
#3856 = CARTESIAN_POINT ( 'NONE',  ( 0.3199202969641255501, 11.15372788819387395, -0.3112600429262813440 ) ) ;
#3857 = AXIS2_PLACEMENT_3D ( 'NONE', #203, #547, #3692 ) ;
#3858 = VECTOR ( 'NONE', #2539, 1000.000000000000000 ) ;
#3859 = DIRECTION ( 'NONE',  ( -1.000000000000000000, 0.000000000000000000, 0.000000000000000000 ) ) ;
#3860 = ORIENTED_EDGE ( 'NONE', *, *, #3101, .F. ) ;
#3861 = LINE ( 'NONE', #1994, #70 ) ;
#3862 = ORIENTED_EDGE ( 'NONE', *, *, #750, .F. ) ;
#3863 = DIRECTION ( 'NONE',  ( 0.000000000000000000, -1.000000000000000000, 0.000000000000000000 ) ) ;
#3864 = PRODUCT_DEFINITION_SHAPE ( 'NONE', 'NONE',  #4029 ) ;
#3865 = ORIENTED_EDGE ( 'NONE', *, *, #530, .T. ) ;
#3866 = CARTESIAN_POINT ( 'NONE',  ( -0.3200000000000000067, 11.15358983848622287, 0.3200000000000000622 ) ) ;
#3867 = ORIENTED_EDGE ( 'NONE', *, *, #2199, .F. ) ;
#3868 = DIRECTION ( 'NONE',  ( 0.7071067811865477948, 0.000000000000000000, 0.7071067811865473507 ) ) ;
#3869 = EDGE_CURVE ( 'NONE', #668, #2154, #705, .T. ) ;
#3870 = EDGE_CURVE ( 'NONE', #437, #3658, #3861, .T. ) ;
#3871 = CARTESIAN_POINT ( 'NONE',  ( -0.6779289321881341035, 2.500000000000000000, 2.537071067811865976 ) ) ;
#3872 = CARTESIAN_POINT ( 'NONE',  ( -0.1228867513459485639, 0.004999999999999958471, 0.1200000000000004258 ) ) ;
#3873 = VECTOR ( 'NONE', #1311, 1000.000000000000000 ) ;
#3874 = DIRECTION ( 'NONE',  ( 0.000000000000000000, 0.000000000000000000, -1.000000000000000000 ) ) ;
#3875 = EDGE_CURVE ( 'NONE', #1166, #56, #838, .T. ) ;
#3876 = EDGE_LOOP ( 'NONE', ( #3905, #3727, #880, #654 ) ) ;
#3877 = DIRECTION ( 'NONE',  ( 0.000000000000000000, 0.000000000000000000, 1.000000000000000000 ) ) ;
#3878 = FACE_OUTER_BOUND ( 'NONE', #1747, .T. ) ;
#3879 = CYLINDRICAL_SURFACE ( 'NONE', #3132, 0.01000000000000001409 ) ;
#3880 = CARTESIAN_POINT ( 'NONE',  ( -0.1142264973081031781, 11.49000000000000021, 1.935072133388360662E-17 ) ) ;
#3881 = ORIENTED_EDGE ( 'NONE', *, *, #966, .T. ) ;
#3882 = DIRECTION ( 'NONE',  ( 0.7071067811865475727, -0.000000000000000000, 0.7071067811865475727 ) ) ;
#3883 = ORIENTED_EDGE ( 'NONE', *, *, #73, .F. ) ;
#3884 = AXIS2_PLACEMENT_3D ( 'NONE', #1119, #769, #1099 ) ;
#3885 = ORIENTED_EDGE ( 'NONE', *, *, #1345, .F. ) ;
#3886 = PLANE ( 'NONE',  #1809 ) ;
#3887 = ORIENTED_EDGE ( 'NONE', *, *, #449, .F. ) ;
#3888 = DIRECTION ( 'NONE',  ( 0.000000000000000000, 0.000000000000000000, 1.000000000000000000 ) ) ;
#3889 = DIRECTION ( 'NONE',  ( 0.000000000000000000, 1.000000000000000000, 0.000000000000000000 ) ) ;
#3890 = VECTOR ( 'NONE', #2100, 999.9999999999998863 ) ;
#3891 = LINE ( 'NONE', #486, #1819 ) ;
#3892 = CARTESIAN_POINT ( 'NONE',  ( -1.175000000000000266, 2.350000000000000089, -1.000000000000002220 ) ) ;
#3893 = DIRECTION ( 'NONE',  ( 0.7071067811865474617, 0.000000000000000000, -0.7071067811865474617 ) ) ;
#3894 = ORIENTED_EDGE ( 'NONE', *, *, #752, .T. ) ;
#3895 = CARTESIAN_POINT ( 'NONE',  ( 1.270000000000000462, 2.500000000000000000, 1.009999999999997788 ) ) ;
#3896 = CARTESIAN_POINT ( 'NONE',  ( 0.3199999999999998956, 11.15358983848622287, -0.3099999999999998868 ) ) ;
#3897 = CARTESIAN_POINT ( 'NONE',  ( 0.1142264973081030810, 11.50000000000000000, -1.935072133388359121E-17 ) ) ;
#3898 = ORIENTED_EDGE ( 'NONE', *, *, #3732, .F. ) ;
#3899 = CARTESIAN_POINT ( 'NONE',  ( 0.000000000000000000, 0.000000000000000000, 0.000000000000000000 ) ) ;
#3900 = EDGE_CURVE ( 'NONE', #853, #1665, #3600, .T. ) ;
#3901 = MANIFOLD_SOLID_BREP ( 'Fillet2', #1836 ) ;
#3902 = VERTEX_POINT ( 'NONE', #3334 ) ;
#3903 = CONTEXT_DEPENDENT_SHAPE_REPRESENTATION ( #2550, #643 ) ;
#3904 = EDGE_CURVE ( 'NONE', #416, #2476, #775, .T. ) ;
#3905 = ORIENTED_EDGE ( 'NONE', *, *, #2513, .T. ) ;
#3906 = DIRECTION ( 'NONE',  ( 1.000000000000000000, 0.000000000000000000, -1.694065894508600678E-16 ) ) ;
#3907 = ORIENTED_EDGE ( 'NONE', *, *, #1521, .T. ) ;
#3908 = DIRECTION ( 'NONE',  ( 0.7071067811865473507, 0.000000000000000000, -0.7071067811865477948 ) ) ;
#3909 = DIRECTION ( 'NONE',  ( 0.5773502691896262862, 0.5773502691896250649, -0.5773502691896259531 ) ) ;
#3910 = CARTESIAN_POINT ( 'NONE',  ( 1.270000000000000684, -4.081105855034882879, 2.039999999999999591 ) ) ;
#3911 = DIRECTION ( 'NONE',  ( -0.7071067811865474617, 0.000000000000000000, 0.7071067811865474617 ) ) ;
#3912 = AXIS2_PLACEMENT_3D ( 'NONE', #3647, #483, #2362 ) ;
#3913 = DIRECTION ( 'NONE',  ( 1.000000000000000000, 0.000000000000000000, -0.000000000000000000 ) ) ;
#3914 = VERTEX_POINT ( 'NONE', #1462 ) ;
#3915 = DIRECTION ( 'NONE',  ( 0.000000000000000000, 0.000000000000000000, 1.000000000000000000 ) ) ;
#3916 = DIRECTION ( 'NONE',  ( -8.470329472543004623E-17, 0.000000000000000000, 1.000000000000000000 ) ) ;
#3917 = CIRCLE ( 'NONE', #2121, 0.01000000000000002623 ) ;
#3918 = EDGE_CURVE ( 'NONE', #2660, #3638, #3021, .T. ) ;
#3919 = EDGE_CURVE ( 'NONE', #678, #1290, #2132, .T. ) ;
#3920 = EDGE_CURVE ( 'NONE', #2558, #859, #3666, .T. ) ;
#3921 = VERTEX_POINT ( 'NONE', #2785 ) ;
#3922 = SURFACE_STYLE_FILL_AREA ( #173 ) ;
#3923 = VERTEX_POINT ( 'NONE', #2413 ) ;
#3924 = VECTOR ( 'NONE', #1445, 1000.000000000000000 ) ;
#3925 = ORIENTED_EDGE ( 'NONE', *, *, #1795, .F. ) ;
#3926 =( REPRESENTATION_RELATIONSHIP ('NONE','NONE', #2606, #1781 ) REPRESENTATION_RELATIONSHIP_WITH_TRANSFORMATION ( #2240 )SHAPE_REPRESENTATION_RELATIONSHIP( ) );
#3927 = DIRECTION ( 'NONE',  ( -1.694065894508600678E-16, 0.000000000000000000, -1.000000000000000000 ) ) ;
#3928 = EDGE_LOOP ( 'NONE', ( #2504, #1365, #475, #2333 ) ) ;
#3929 = VECTOR ( 'NONE', #3352, 999.9999999999998863 ) ;
#3930 = DIRECTION ( 'NONE',  ( -0.7071067811865481278, 0.000000000000000000, -0.7071067811865469066 ) ) ;
#3931 = CARTESIAN_POINT ( 'NONE',  ( -1.600428932188134423, 2.500000000000000000, 1.600428932188135089 ) ) ;
#3932 = DIRECTION ( 'NONE',  ( 0.000000000000000000, 0.000000000000000000, -1.000000000000000000 ) ) ;
#3933 = LINE ( 'NONE', #2423, #2889 ) ;
#3934 = VECTOR ( 'NONE', #2949, 1000.000000000000000 ) ;
#3935 = CARTESIAN_POINT ( 'NONE',  ( -0.1937320508075680847, 0.1277076581449563819, 0.1850717967697238509 ) ) ;
#3936 = DIRECTION ( 'NONE',  ( 1.000000000000000000, 0.000000000000000000, 0.000000000000000000 ) ) ;
#3937 = CARTESIAN_POINT ( 'NONE',  ( 0.3199202969641256056, 0.3462721118061212189, -0.3112600429262813440 ) ) ;
#3938 = DIRECTION ( 'NONE',  ( 0.000000000000000000, 0.000000000000000000, -1.000000000000000000 ) ) ;
#3939 = EDGE_LOOP ( 'NONE', ( #3069, #732, #550, #3261 ) ) ;
#3940 = SURFACE_SIDE_STYLE ('',( #3922 ) ) ;
#3941 = ORIENTED_EDGE ( 'NONE', *, *, #2181, .F. ) ;
#3942 = CIRCLE ( 'NONE', #3622, 0.02000000000000005246 ) ;
#3943 = EDGE_CURVE ( 'NONE', #2182, #1366, #869, .T. ) ;
#3944 = VERTEX_POINT ( 'NONE', #516 ) ;
#3945 = DIRECTION ( 'NONE',  ( -0.7071067811865482389, 0.000000000000000000, -0.7071067811865469066 ) ) ;
#3946 = AXIS2_PLACEMENT_3D ( 'NONE', #2886, #1684, #1334 ) ;
#3947 = EDGE_LOOP ( 'NONE', ( #976, #1767, #3355, #992 ) ) ;
#3948 = CARTESIAN_POINT ( 'NONE',  ( 0.000000000000000000, 11.49499999999999922, 0.1228867513459475369 ) ) ;
#3949 = EDGE_CURVE ( 'NONE', #1157, #2137, #3410, .T. ) ;
#3950 = DIRECTION ( 'NONE',  ( 1.000000000000000000, -0.000000000000000000, -0.000000000000000000 ) ) ;
#3951 = CARTESIAN_POINT ( 'NONE',  ( -0.6708578643762687088, 2.490000000000000213, -2.539999999999999591 ) ) ;
#3952 = CARTESIAN_POINT ( 'NONE',  ( -0.6708578643762687088, 0.01000000000000002623, 2.530000000000000693 ) ) ;
#3953 = CARTESIAN_POINT ( 'NONE',  ( 0.3200000000000001732, 0.000000000000000000, 1.589999999999999636 ) ) ;
#3954 = DIRECTION ( 'NONE',  ( 1.000000000000000000, 0.000000000000000000, 0.000000000000000000 ) ) ;
#3955 = CARTESIAN_POINT ( 'NONE',  ( -0.1142264973081041912, 0.01000000000000000021, -0.1142264973081040663 ) ) ;
#3956 = DIRECTION ( 'NONE',  ( 0.7071067811865482389, -0.000000000000000000, 0.7071067811865469066 ) ) ;
#3957 = VECTOR ( 'NONE', #3340, 1000.000000000000000 ) ;
#3958 = VECTOR ( 'NONE', #2838, 1000.000000000000000 ) ;
#3959 = VECTOR ( 'NONE', #3956, 999.9999999999998863 ) ;
#3960 = ORIENTED_EDGE ( 'NONE', *, *, #1224, .T. ) ;
#3961 = DIRECTION ( 'NONE',  ( -8.470329472543004623E-17, 0.000000000000000000, -1.000000000000000000 ) ) ;
#3962 = ORIENTED_EDGE ( 'NONE', *, *, #1790, .F. ) ;
#3963 = EDGE_CURVE ( 'NONE', #650, #1713, #207, .T. ) ;
#3964 = ORIENTED_EDGE ( 'NONE', *, *, #1073, .F. ) ;
#3965 = AXIS2_PLACEMENT_3D ( 'NONE', #3222, #766, #3893 ) ;
#3966 = SPHERICAL_SURFACE ( 'NONE', #2868, 0.01000000000000000021 ) ;
#3967 = AXIS2_PLACEMENT_3D ( 'NONE', #1498, #1804, #3076 ) ;
#3968 = ORIENTED_EDGE ( 'NONE', *, *, #2630, .F. ) ;
#3969 = DIRECTION ( 'NONE',  ( 1.000000000000000000, -0.000000000000000000, -0.000000000000000000 ) ) ;
#3970 = ADVANCED_FACE ( 'NONE', ( #1442 ), #829, .F. ) ;
#3971 = EDGE_CURVE ( 'NONE', #3302, #3743, #2451, .T. ) ;
#3972 = CARTESIAN_POINT ( 'NONE',  ( 0.1200000000000003425, 0.004999999999999980155, 0.1228867513459485916 ) ) ;
#3973 = DIRECTION ( 'NONE',  ( -0.4472135954999592600, -0.7745966692414817389, 0.4472135954999593710 ) ) ;
#3974 = CARTESIAN_POINT ( 'NONE',  ( -0.3200000000000000067, 11.15358983848622287, 0.3099999999999999978 ) ) ;
#3975 = EDGE_CURVE ( 'NONE', #1532, #1932, #228, .T. ) ;
#3976 = CARTESIAN_POINT ( 'NONE',  ( -0.3199999999999997846, 0.9000000000000010214, -0.9499999999999996225 ) ) ;
#3977 = CARTESIAN_POINT ( 'NONE',  ( 1.175000000000000711, 2.350000000000000089, -1.000000000000002442 ) ) ;
#3978 = CARTESIAN_POINT ( 'NONE',  ( -15.24000000000000021, -2.200000000000000622, 1.269999999999999574 ) ) ;
#3979 = LINE ( 'NONE', #3677, #3286 ) ;
#3980 = DIRECTION ( 'NONE',  ( 0.000000000000000000, -1.000000000000000000, 0.000000000000000000 ) ) ;
#3981 = VECTOR ( 'NONE', #3889, 1000.000000000000000 ) ;
#3982 = ORIENTED_EDGE ( 'NONE', *, *, #2247, .T. ) ;
#3983 = DIRECTION ( 'NONE',  ( 1.000000000000000000, 0.000000000000000000, -4.565061778886333255E-15 ) ) ;
#3984 = UNCERTAINTY_MEASURE_WITH_UNIT (LENGTH_MEASURE( 1.000000000000000082E-05 ), #3514, 'distance_accuracy_value', 'NONE');
#3985 = ORIENTED_EDGE ( 'NONE', *, *, #2803, .T. ) ;
#3986 = DIRECTION ( 'NONE',  ( 0.000000000000000000, 0.000000000000000000, 1.000000000000000000 ) ) ;
#3987 = VERTEX_POINT ( 'NONE', #3370 ) ;
#3988 = CARTESIAN_POINT ( 'NONE',  ( -0.3193224092811604020, 0.3452365399626432518, -0.3159672026817048063 ) ) ;
#3989 = EDGE_LOOP ( 'NONE', ( #2520, #941, #2745, #62 ) ) ;
#3990 = VECTOR ( 'NONE', #454, 1000.000000000000000 ) ;
#3991 = AXIS2_PLACEMENT_3D ( 'NONE', #2643, #1707, #2332 ) ;
#3992 = DIRECTION ( 'NONE',  ( 1.000000000000000000, 0.000000000000000000, -4.565061778886333255E-15 ) ) ;
#3993 = ORIENTED_EDGE ( 'NONE', *, *, #924, .T. ) ;
#3994 = DIRECTION ( 'NONE',  ( 0.7071067811865474617, 0.000000000000000000, -0.7071067811865476838 ) ) ;
#3995 = DIRECTION ( 'NONE',  ( -2.125886612716675327E-16, 0.000000000000000000, -1.000000000000000000 ) ) ;
#3996 = EDGE_CURVE ( 'NONE', #273, #1085, #2109, .T. ) ;
#3997 = AXIS2_PLACEMENT_3D ( 'NONE', #2258, #3854, #3291 ) ;
#3998 = ADVANCED_FACE ( 'NONE', ( #2594 ), #832, .T. ) ;
#3999 = LINE ( 'NONE', #3075, #3511 ) ;
#4000 = DIRECTION ( 'NONE',  ( 1.000000000000000000, 0.000000000000000000, 0.000000000000000000 ) ) ;
#4001 = DIRECTION ( 'NONE',  ( 0.000000000000000000, 0.000000000000000000, 1.000000000000000000 ) ) ;
#4002 = AXIS2_PLACEMENT_3D ( 'NONE', #2399, #2712, #3932 ) ;
#4003 = DIRECTION ( 'NONE',  ( -0.4472135954999594820, -0.7745966692414817389, -0.4472135954999594265 ) ) ;
#4004 = ORIENTED_EDGE ( 'NONE', *, *, #612, .F. ) ;
#4005 = CARTESIAN_POINT ( 'NONE',  ( 1.165000000000000924, 2.490000000000000213, 2.035857864376269255 ) ) ;
#4006 = ORIENTED_EDGE ( 'NONE', *, *, #3121, .F. ) ;
#4007 = ORIENTED_EDGE ( 'NONE', *, *, #2107, .T. ) ;
#4008 = DIRECTION ( 'NONE',  ( -1.000000000000000000, 0.000000000000000000, 1.694065894508600678E-16 ) ) ;
#4009 = ORIENTED_EDGE ( 'NONE', *, *, #92, .T. ) ;
#4010 = CIRCLE ( 'NONE', #2754, 0.009999999999999998473 ) ;
#4011 = CARTESIAN_POINT ( 'NONE',  ( -0.3199999999999997846, 2.500000000000000000, 0.9499999999999996225 ) ) ;
#4012 = ORIENTED_EDGE ( 'NONE', *, *, #3250, .F. ) ;
#4013 = CARTESIAN_POINT ( 'NONE',  ( -0.6749999999999996003, 0.01000000000000002623, 2.530000000000000693 ) ) ;
#4014 = CARTESIAN_POINT ( 'NONE',  ( 0.1142264973081032059, 11.49000000000000021, 0.1142264973081031781 ) ) ;
#4015 = NEXT_ASSEMBLY_USAGE_OCCURRENCE ( 'NAUO1', ' ', ' ', #360, #1209, $ ) ;
#4016 = NEXT_ASSEMBLY_USAGE_OCCURRENCE ( 'NAUO2', ' ', ' ', #360, #2711, $ ) ;
#4017 = NEXT_ASSEMBLY_USAGE_OCCURRENCE ( 'NAUO3', ' ', ' ', #360, #2711, $ ) ;
#4018 = NEXT_ASSEMBLY_USAGE_OCCURRENCE ( 'NAUO4', ' ', ' ', #360, #1209, $ ) ;
#4019 = NEXT_ASSEMBLY_USAGE_OCCURRENCE ( 'NAUO5', ' ', ' ', #360, #2711, $ ) ;
#4020 = NEXT_ASSEMBLY_USAGE_OCCURRENCE ( 'NAUO6', ' ', ' ', #360, #2711, $ ) ;
#4021 = NEXT_ASSEMBLY_USAGE_OCCURRENCE ( 'NAUO7', ' ', ' ', #360, #2711, $ ) ;
#4022 = NEXT_ASSEMBLY_USAGE_OCCURRENCE ( 'NAUO8', ' ', ' ', #360, #2711, $ ) ;
#4023 = NEXT_ASSEMBLY_USAGE_OCCURRENCE ( 'NAUO9', ' ', ' ', #360, #1209, $ ) ;
#4024 = NEXT_ASSEMBLY_USAGE_OCCURRENCE ( 'NAUO10', ' ', ' ', #360, #1209, $ ) ;
#4025 = NEXT_ASSEMBLY_USAGE_OCCURRENCE ( 'NAUO11', ' ', ' ', #360, #2711, $ ) ;
#4026 = NEXT_ASSEMBLY_USAGE_OCCURRENCE ( 'NAUO12', ' ', ' ', #360, #2711, $ ) ;
#4027 = NEXT_ASSEMBLY_USAGE_OCCURRENCE ( 'NAUO13', ' ', ' ', #360, #2711, $ ) ;
#4028 = NEXT_ASSEMBLY_USAGE_OCCURRENCE ( 'NAUO14', ' ', ' ', #360, #2711, $ ) ;
#4029 = NEXT_ASSEMBLY_USAGE_OCCURRENCE ( 'NAUO15', ' ', ' ', #360, #1209, $ ) ;
#4030 = NEXT_ASSEMBLY_USAGE_OCCURRENCE ( 'NAUO16', ' ', ' ', #360, #1209, $ ) ;
#4031 = NEXT_ASSEMBLY_USAGE_OCCURRENCE ( 'NAUO17', ' ', ' ', #360, #2711, $ ) ;
#4032 = NEXT_ASSEMBLY_USAGE_OCCURRENCE ( 'NAUO18', ' ', ' ', #360, #2711, $ ) ;
#4033 = NEXT_ASSEMBLY_USAGE_OCCURRENCE ( 'NAUO19', ' ', ' ', #360, #2711, $ ) ;
#4034 = NEXT_ASSEMBLY_USAGE_OCCURRENCE ( 'NAUO20', ' ', ' ', #360, #2711, $ ) ;
#4035 = NEXT_ASSEMBLY_USAGE_OCCURRENCE ( 'NAUO21', ' ', ' ', #360, #1209, $ ) ;
#4036 = NEXT_ASSEMBLY_USAGE_OCCURRENCE ( 'NAUO22', ' ', ' ', #360, #1209, $ ) ;
#4037 = NEXT_ASSEMBLY_USAGE_OCCURRENCE ( 'NAUO23', ' ', ' ', #360, #2711, $ ) ;
#4038 = NEXT_ASSEMBLY_USAGE_OCCURRENCE ( 'NAUO24', ' ', ' ', #360, #2711, $ ) ;
#4039 = NEXT_ASSEMBLY_USAGE_OCCURRENCE ( 'NAUO25', ' ', ' ', #360, #2711, $ ) ;
#4040 = NEXT_ASSEMBLY_USAGE_OCCURRENCE ( 'NAUO26', ' ', ' ', #360, #2711, $ ) ;
#4041 = NEXT_ASSEMBLY_USAGE_OCCURRENCE ( 'NAUO27', ' ', ' ', #360, #1209, $ ) ;
#4042 = NEXT_ASSEMBLY_USAGE_OCCURRENCE ( 'NAUO28', ' ', ' ', #360, #1209, $ ) ;
#4043 = NEXT_ASSEMBLY_USAGE_OCCURRENCE ( 'NAUO29', ' ', ' ', #360, #2711, $ ) ;
#4044 = NEXT_ASSEMBLY_USAGE_OCCURRENCE ( 'NAUO30', ' ', ' ', #360, #2711, $ ) ;
#4045 = NEXT_ASSEMBLY_USAGE_OCCURRENCE ( 'NAUO31', ' ', ' ', #360, #2711, $ ) ;
#4046 = NEXT_ASSEMBLY_USAGE_OCCURRENCE ( 'NAUO32', ' ', ' ', #360, #2711, $ ) ;
#4047 = NEXT_ASSEMBLY_USAGE_OCCURRENCE ( 'NAUO33', ' ', ' ', #360, #1209, $ ) ;
#4048 = NEXT_ASSEMBLY_USAGE_OCCURRENCE ( 'NAUO34', ' ', ' ', #360, #1209, $ ) ;
#4049 = NEXT_ASSEMBLY_USAGE_OCCURRENCE ( 'NAUO35', ' ', ' ', #360, #2711, $ ) ;
#4050 = NEXT_ASSEMBLY_USAGE_OCCURRENCE ( 'NAUO36', ' ', ' ', #360, #2711, $ ) ;
ENDSEC;
END-ISO-10303-21;
