ISO-10303-21;
HEADER;
FILE_DESCRIPTION (( 'STEP AP214' ),
    '1' );
FILE_NAME ('header-2.54-1x5.step',
    '2026-08-30T12:35:38',
    ( '' ),
    ( '' ),
    'SwSTEP 2.0',
    'SolidWorks 2025',
    '' );
FILE_SCHEMA (( 'AUTOMOTIVE_DESIGN' ));
ENDSEC;

DATA;
#1 = DIRECTION ( 'NONE',  ( 1.606225440719266613E-16, -0.000000000000000000, 1.000000000000000000 ) ) ;
#2 = ORIENTED_EDGE ( 'NONE', *, *, #3281, .F. ) ;
#3 = CARTESIAN_POINT ( 'NONE',  ( 1.165000000000000480, 2.500000000000000000, 0.7458578643762692195 ) ) ;
#4 = CARTESIAN_POINT ( 'NONE',  ( -0.3200000000000000067, 0.3464101615137729628, 0.3200000000000000622 ) ) ;
#5 = CARTESIAN_POINT ( 'NONE',  ( -1.175000000000000044, 0.01000000000000000021, 0.7499999999999997780 ) ) ;
#6 = VECTOR ( 'NONE', #2154, 1000.000000000000000 ) ;
#7 = LINE ( 'NONE', #2346, #771 ) ;
#8 = EDGE_LOOP ( 'NONE', ( #3367, #844, #2794, #719 ) ) ;
#9 = VERTEX_POINT ( 'NONE', #930 ) ;
#10 = CARTESIAN_POINT ( 'NONE',  ( -0.3112600429262814550, 0.3462721118061212189, -0.3199202969641256611 ) ) ;
#11 = CARTESIAN_POINT ( 'NONE',  ( 0.000000000000000000, 0.01000000000000000021, 0.7599999999999997868 ) ) ;
#12 = DIRECTION ( 'NONE',  ( -0.000000000000000000, 0.000000000000000000, -1.000000000000000000 ) ) ;
#13 = DIRECTION ( 'NONE',  ( 0.000000000000000000, -4.065758146820641628E-15, -1.000000000000000000 ) ) ;
#14 = EDGE_LOOP ( 'NONE', ( #3068, #3383, #214, #1963, #1695, #2013 ) ) ;
#15 = PRODUCT_DEFINITION_SHAPE ( 'NONE', 'NONE',  #3809 ) ;
#16 = DIRECTION ( 'NONE',  ( 1.000000000000000000, 0.000000000000000000, 0.000000000000000000 ) ) ;
#17 = CARTESIAN_POINT ( 'NONE',  ( 0.3112600429262815105, 0.3462721118061211079, 0.3199202969641257166 ) ) ;
#18 = ORIENTED_EDGE ( 'NONE', *, *, #2922, .F. ) ;
#19 = EDGE_CURVE ( 'NONE', #929, #1826, #2105, .T. ) ;
#20 = VERTEX_POINT ( 'NONE', #3315 ) ;
#21 = CARTESIAN_POINT ( 'NONE',  ( 1.175000000000000044, 2.500000000000000000, -0.7400000000000001021 ) ) ;
#22 = DIRECTION ( 'NONE',  ( 0.000000000000000000, -0.000000000000000000, 1.000000000000000000 ) ) ;
#23 = CARTESIAN_POINT ( 'NONE',  ( -1.179142135623731047, 2.489999999999999769, -0.7599999999999997868 ) ) ;
#24 = ORIENTED_EDGE ( 'NONE', *, *, #2318, .T. ) ;
#25 = VECTOR ( 'NONE', #1997, 1000.000000000000000 ) ;
#26 = EDGE_CURVE ( 'NONE', #40, #297, #3803, .T. ) ;
#27 = DIRECTION ( 'NONE',  ( -1.000000000000000000, 0.000000000000000000, 0.000000000000000000 ) ) ;
#28 = ORIENTED_EDGE ( 'NONE', *, *, #1069, .T. ) ;
#29 = ORIENTED_EDGE ( 'NONE', *, *, #3375, .F. ) ;
#30 = PLANE ( 'NONE',  #3158 ) ;
#31 = CARTESIAN_POINT ( 'NONE',  ( 1.175000000000000044, 2.350000000000000089, -0.5000000000000011102 ) ) ;
#32 = DIRECTION ( 'NONE',  ( 0.7071067811865474617, 0.000000000000000000, 0.7071067811865474617 ) ) ;
#33 = DIRECTION ( 'NONE',  ( -0.7071067811865475727, 0.000000000000000000, -0.7071067811865475727 ) ) ;
#34 = ORIENTED_EDGE ( 'NONE', *, *, #252, .T. ) ;
#35 = VECTOR ( 'NONE', #2927, 1000.000000000000000 ) ;
#36 = DIRECTION ( 'NONE',  ( 1.000000000000000000, -0.000000000000000000, 0.000000000000000000 ) ) ;
#37 = DIRECTION ( 'NONE',  ( 0.000000000000000000, -0.000000000000000000, 1.000000000000000000 ) ) ;
#38 = CARTESIAN_POINT ( 'NONE',  ( -0.3159672026817049728, 0.3452365399626432518, -0.3193224092811602355 ) ) ;
#39 =( GEOMETRIC_REPRESENTATION_CONTEXT ( 3 ) GLOBAL_UNCERTAINTY_ASSIGNED_CONTEXT ( ( #3055 ) ) GLOBAL_UNIT_ASSIGNED_CONTEXT ( ( #1336, #2502, #2225 ) ) REPRESENTATION_CONTEXT ( 'NONE', 'WORKASPACE' ) );
#40 = VERTEX_POINT ( 'NONE', #1983 ) ;
#41 = CARTESIAN_POINT ( 'NONE',  ( 0.08907179676972404314, 11.53356921938165236, -0.08907179676972405702 ) ) ;
#42 = CARTESIAN_POINT ( 'NONE',  ( -1.269999999999999574, 0.5000000000000000000, -0.7500000000000001110 ) ) ;
#43 = DIRECTION ( 'NONE',  ( -1.000000000000000000, 0.000000000000000000, 0.000000000000000000 ) ) ;
#44 = PLANE ( 'NONE',  #701 ) ;
#45 = ORIENTED_EDGE ( 'NONE', *, *, #3508, .T. ) ;
#46 = EDGE_CURVE ( 'NONE', #734, #2701, #3663, .T. ) ;
#47 = VECTOR ( 'NONE', #1915, 1000.000000000000000 ) ;
#48 = EDGE_CURVE ( 'NONE', #120, #1958, #3387, .T. ) ;
#49 = EDGE_CURVE ( 'NONE', #564, #3256, #447, .T. ) ;
#50 = CARTESIAN_POINT ( 'NONE',  ( 0.3199999999999998956, 0.3464101615137729628, -0.3199999999999999512 ) ) ;
#51 = VERTEX_POINT ( 'NONE', #3407 ) ;
#52 = ADVANCED_FACE ( 'NONE', ( #3726 ), #1374, .T. ) ;
#53 = ORIENTED_EDGE ( 'NONE', *, *, #2222, .F. ) ;
#54 = DIRECTION ( 'NONE',  ( 0.000000000000000000, 0.000000000000000000, 1.000000000000000000 ) ) ;
#55 = CARTESIAN_POINT ( 'NONE',  ( -0.1142264973081041635, 0.009999999999999998473, 0.1142264973081041773 ) ) ;
#56 = FACE_OUTER_BOUND ( 'NONE', #318, .T. ) ;
#57 = UNCERTAINTY_MEASURE_WITH_UNIT (LENGTH_MEASURE( 1.000000000000000082E-05 ), #1074, 'distance_accuracy_value', 'NONE');
#58 = DIRECTION ( 'NONE',  ( 0.000000000000000000, 0.4999999999999999445, 0.8660254037844387076 ) ) ;
#59 = ORIENTED_EDGE ( 'NONE', *, *, #663, .F. ) ;
#60 = LINE ( 'NONE', #2734, #2772 ) ;
#61 = DIRECTION ( 'NONE',  ( -0.000000000000000000, 1.000000000000000000, -0.000000000000000000 ) ) ;
#62 = ORIENTED_EDGE ( 'NONE', *, *, #1458, .T. ) ;
#63 = AXIS2_PLACEMENT_3D ( 'NONE', #2333, #2046, #2635 ) ;
#64 = AXIS2_PLACEMENT_3D ( 'NONE', #2923, #858, #840 ) ;
#65 = CARTESIAN_POINT ( 'NONE',  ( -0.3112600429262814550, 0.3462721118061212189, 0.3199202969641258276 ) ) ;
#66 = ADVANCED_FACE ( 'NONE', ( #1676 ), #1041, .T. ) ;
#67 = ORIENTED_EDGE ( 'NONE', *, *, #3102, .T. ) ;
#68 = EDGE_CURVE ( 'NONE', #1258, #2520, #3103, .T. ) ;
#69 = DIRECTION ( 'NONE',  ( 0.7071067811865474617, 0.000000000000000000, -0.7071067811865474617 ) ) ;
#70 = DIRECTION ( 'NONE',  ( 0.000000000000000000, 1.000000000000000000, 0.000000000000000000 ) ) ;
#71 = CIRCLE ( 'NONE', #3703, 0.01000000000000002623 ) ;
#72 = CARTESIAN_POINT ( 'NONE',  ( -0.6708578643762688198, 0.01000000000000000021, -1.239999999999999769 ) ) ;
#73 = ORIENTED_EDGE ( 'NONE', *, *, #2040, .T. ) ;
#74 = CARTESIAN_POINT ( 'NONE',  ( -1.259999999999999787, 2.490000000000000213, 0.000000000000000000 ) ) ;
#75 = DIRECTION ( 'NONE',  ( 0.7071067811865475727, 0.000000000000000000, -0.7071067811865475727 ) ) ;
#76 = EDGE_LOOP ( 'NONE', ( #1855, #2885, #1185, #507 ) ) ;
#77 = DIRECTION ( 'NONE',  ( 0.000000000000000000, 0.000000000000000000, -1.000000000000000000 ) ) ;
#78 =( NAMED_UNIT ( * ) SI_UNIT ( $, .STERADIAN. ) SOLID_ANGLE_UNIT ( ) );
#79 = PRODUCT ( 'header-2.54-pin_\X2\9ed88ba4\X0\', 'header-2.54-pin_\X2\9ed88ba4\X0\', '', ( #2905 ) ) ;
#80 = CARTESIAN_POINT ( 'NONE',  ( -0.3200000000000001177, 11.15358983848622287, -0.3099999999999999423 ) ) ;
#81 = EDGE_LOOP ( 'NONE', ( #67, #1234, #3075, #3496 ) ) ;
#82 = VECTOR ( 'NONE', #1947, 1000.000000000000000 ) ;
#83 = VERTEX_POINT ( 'NONE', #3707 ) ;
#84 = CARTESIAN_POINT ( 'NONE',  ( -0.6708578643762690419, 2.500000000000000000, -1.239999999999999769 ) ) ;
#85 = DIRECTION ( 'NONE',  ( 0.000000000000000000, 1.000000000000000000, 0.000000000000000000 ) ) ;
#86 = ADVANCED_FACE ( 'NONE', ( #1028 ), #1640, .T. ) ;
#87 = CARTESIAN_POINT ( 'NONE',  ( -0.6679289321881342056, 0.01000000000000002623, -1.242928932188134272 ) ) ;
#88 = VERTEX_POINT ( 'NONE', #1658 ) ;
#89 = EDGE_CURVE ( 'NONE', #1506, #731, #3022, .T. ) ;
#90 = LINE ( 'NONE', #346, #6 ) ;
#91 = ADVANCED_FACE ( 'NONE', ( #2837 ), #799, .F. ) ;
#92 = CARTESIAN_POINT ( 'NONE',  ( -1.175000000000000044, 2.500000000000000000, 0.7400000000000004352 ) ) ;
#93 = EDGE_CURVE ( 'NONE', #1705, #1187, #2257, .T. ) ;
#94 = ORIENTED_EDGE ( 'NONE', *, *, #3717, .T. ) ;
#95 = VECTOR ( 'NONE', #1993, 1000.000000000000000 ) ;
#96 = SPHERICAL_SURFACE ( 'NONE', #779, 0.01000000000000000021 ) ;
#97 = DIRECTION ( 'NONE',  ( 0.7071067811865475727, 0.000000000000000000, 0.7071067811865474617 ) ) ;
#98 = ORIENTED_EDGE ( 'NONE', *, *, #326, .T. ) ;
#99 = ORIENTED_EDGE ( 'NONE', *, *, #1748, .T. ) ;
#100 = CARTESIAN_POINT ( 'NONE',  ( -1.269999999999999574, 2.490000000000000213, 0.4999999999999990563 ) ) ;
#101 = CYLINDRICAL_SURFACE ( 'NONE', #1905, 0.009999999999999998473 ) ;
#102 = ADVANCED_FACE ( 'NONE', ( #2797 ), #1061, .T. ) ;
#103 = AXIS2_PLACEMENT_3D ( 'NONE', #467, #2197, #2547 ) ;
#104 = EDGE_LOOP ( 'NONE', ( #150, #1576, #244, #1618 ) ) ;
#105 = FACE_OUTER_BOUND ( 'NONE', #1602, .T. ) ;
#106 = CONTEXT_DEPENDENT_SHAPE_REPRESENTATION ( #2847, #3249 ) ;
#107 = EDGE_CURVE ( 'NONE', #1889, #1674, #2138, .T. ) ;
#108 = CARTESIAN_POINT ( 'NONE',  ( 1.165000000000000480, 2.490000000000000213, 0.7458578643762692195 ) ) ;
#109 = EDGE_CURVE ( 'NONE', #1889, #1119, #549, .T. ) ;
#110 = DIRECTION ( 'NONE',  ( -0.4472135954999593710, -0.7745966692414818500, 0.4472135954999594265 ) ) ;
#111 = VERTEX_POINT ( 'NONE', #1742 ) ;
#112 = LINE ( 'NONE', #3664, #1217 ) ;
#113 = DIRECTION ( 'NONE',  ( -1.694065894508600678E-16, 0.000000000000000000, -1.000000000000000000 ) ) ;
#114 = DIRECTION ( 'NONE',  ( -1.000000000000000000, 0.000000000000000000, -0.000000000000000000 ) ) ;
#115 = ORIENTED_EDGE ( 'NONE', *, *, #1660, .F. ) ;
#116 = VECTOR ( 'NONE', #240, 1000.000000000000000 ) ;
#117 = ORIENTED_EDGE ( 'NONE', *, *, #392, .F. ) ;
#118 = DIRECTION ( 'NONE',  ( -1.000000000000000000, 0.000000000000000000, 0.000000000000000000 ) ) ;
#119 = EDGE_LOOP ( 'NONE', ( #3732, #2486, #263, #2121 ) ) ;
#120 = VERTEX_POINT ( 'NONE', #3792 ) ;
#121 = FACE_OUTER_BOUND ( 'NONE', #452, .T. ) ;
#122 = DIRECTION ( 'NONE',  ( 0.000000000000000000, 0.000000000000000000, -1.000000000000000000 ) ) ;
#123 = ORIENTED_EDGE ( 'NONE', *, *, #211, .F. ) ;
#124 = AXIS2_PLACEMENT_3D ( 'NONE', #1603, #136, #1322 ) ;
#125 = ORIENTED_EDGE ( 'NONE', *, *, #1892, .T. ) ;
#126 = FACE_OUTER_BOUND ( 'NONE', #750, .T. ) ;
#127 = AXIS2_PLACEMENT_3D ( 'NONE', #2452, #2083, #647 ) ;
#128 = DIRECTION ( 'NONE',  ( 1.000000000000000000, 0.000000000000000000, 0.000000000000000000 ) ) ;
#129 = ORIENTED_EDGE ( 'NONE', *, *, #3368, .F. ) ;
#130 = CARTESIAN_POINT ( 'NONE',  ( 0.6708578643762688198, 2.490000000000000213, -1.239999999999999991 ) ) ;
#131 = PLANE ( 'NONE',  #1418 ) ;
#132 = DIRECTION ( 'NONE',  ( 1.000000000000000000, 0.000000000000000000, -1.694065894508600678E-16 ) ) ;
#133 = EDGE_CURVE ( 'NONE', #2465, #1387, #1992, .T. ) ;
#134 = ORIENTED_EDGE ( 'NONE', *, *, #614, .F. ) ;
#135 = EDGE_LOOP ( 'NONE', ( #3536, #1838, #971, #1793 ) ) ;
#136 = DIRECTION ( 'NONE',  ( 4.336808689942016257E-16, 0.000000000000000000, 1.000000000000000000 ) ) ;
#137 = CARTESIAN_POINT ( 'NONE',  ( -0.3199202969641258276, 0.3462721118061212189, -0.3112600429262812884 ) ) ;
#138 = VERTEX_POINT ( 'NONE', #2320 ) ;
#139 = EDGE_CURVE ( 'NONE', #569, #1723, #388, .T. ) ;
#140 = CARTESIAN_POINT ( 'NONE',  ( 0.3241421356237307871, 2.500000000000000000, -0.3241421356237310647 ) ) ;
#141 = CARTESIAN_POINT ( 'NONE',  ( 1.270000000000000240, 2.495857864376268775, 0.7500000000000003331 ) ) ;
#142 = CIRCLE ( 'NONE', #1194, 0.01000000000000001235 ) ;
#143 = ORIENTED_EDGE ( 'NONE', *, *, #2371, .T. ) ;
#144 = AXIS2_PLACEMENT_3D ( 'NONE', #783, #1951, #3131 ) ;
#145 = DIRECTION ( 'NONE',  ( -0.4472135954999464924, 0.7745966692414957278, 0.4472135954999485463 ) ) ;
#146 = FACE_OUTER_BOUND ( 'NONE', #364, .T. ) ;
#147 = ORIENTED_EDGE ( 'NONE', *, *, #1730, .F. ) ;
#148 = DIRECTION ( 'NONE',  ( -0.4472135954999578722, 0.7745966692414834043, -0.4472135954999578722 ) ) ;
#149 = ORIENTED_EDGE ( 'NONE', *, *, #89, .T. ) ;
#150 = ORIENTED_EDGE ( 'NONE', *, *, #3040, .T. ) ;
#151 = VECTOR ( 'NONE', #1508, 1000.000000000000000 ) ;
#152 = AXIS2_PLACEMENT_3D ( 'NONE', #675, #403, #1016 ) ;
#153 = CARTESIAN_POINT ( 'NONE',  ( 0.1937320508075680570, 0.1277076581449564374, 0.1850717967697236288 ) ) ;
#154 = VERTEX_POINT ( 'NONE', #3466 ) ;
#155 = ADVANCED_FACE ( 'NONE', ( #2882 ), #241, .F. ) ;
#156 = AXIS2_PLACEMENT_3D ( 'NONE', #749, #1669, #1368 ) ;
#157 = ADVANCED_FACE ( 'NONE', ( #2295 ), #3486, .T. ) ;
#158 = CARTESIAN_POINT ( 'NONE',  ( -0.6708578643762688198, 2.490000000000000213, 1.240000000000000657 ) ) ;
#159 = CARTESIAN_POINT ( 'NONE',  ( 0.3199999999999998956, 2.490000000000000213, -0.3200000000000000622 ) ) ;
#160 = CYLINDRICAL_SURFACE ( 'NONE', #2928, 0.01000000000000001409 ) ;
#161 = ORIENTED_EDGE ( 'NONE', *, *, #2815, .T. ) ;
#162 = AXIS2_PLACEMENT_3D ( 'NONE', #469, #2185, #122 ) ;
#163 = EDGE_LOOP ( 'NONE', ( #2278, #1872, #833, #3658 ) ) ;
#164 = DIRECTION ( 'NONE',  ( 0.7071067811865474617, 0.000000000000000000, -0.7071067811865474617 ) ) ;
#165 = CLOSED_SHELL ( 'NONE', ( #909, #3172, #3787, #2634, #206, #2824, #2607, #3412, #825, #1313, #2749, #3566, #3189, #1451, #1964, #226, #1410, #180, #1175, #630, #3395, #1192, #1755, #1911, #2627, #3439, #1406, #2229, #2411, #397, #2730, #3432, #1340, #1299, #3416, #493, #2018, #1146, #583, #1933, #1296, #2685 ) ) ;
#166 = DIRECTION ( 'NONE',  ( -0.000000000000000000, 0.000000000000000000, -1.000000000000000000 ) ) ;
#167 = CARTESIAN_POINT ( 'NONE',  ( -0.3217320508075690033, 0.3494101615137729655, -0.3130717967697244641 ) ) ;
#168 = ORIENTED_EDGE ( 'NONE', *, *, #326, .F. ) ;
#169 = DIRECTION ( 'NONE',  ( 0.8660254037844475894, -0.4999999999999844569, 0.000000000000000000 ) ) ;
#170 = PRESENTATION_STYLE_ASSIGNMENT (( #2809 ) ) ;
#171 = EDGE_LOOP ( 'NONE', ( #125, #2875, #1920, #1615 ) ) ;
#172 = ORIENTED_EDGE ( 'NONE', *, *, #1268, .F. ) ;
#173 = DIRECTION ( 'NONE',  ( -0.7071067811865473507, 0.000000000000000000, 0.7071067811865477948 ) ) ;
#174 = VECTOR ( 'NONE', #3414, 1000.000000000000000 ) ;
#175 = ORIENTED_EDGE ( 'NONE', *, *, #1509, .F. ) ;
#176 = VECTOR ( 'NONE', #2451, 1000.000000000000000 ) ;
#177 = DIRECTION ( 'NONE',  ( -1.000000000000000000, 0.000000000000000000, 0.000000000000000000 ) ) ;
#178 = DIRECTION ( 'NONE',  ( 0.000000000000000000, -0.4999999999999844569, -0.8660254037844475894 ) ) ;
#179 = CARTESIAN_POINT ( 'NONE',  ( 1.269999999999999796, 2.490000000000000213, -0.5000000000000011102 ) ) ;
#180 = ADVANCED_FACE ( 'NONE', ( #3491 ), #1746, .T. ) ;
#181 = EDGE_CURVE ( 'NONE', #2255, #625, #1279, .T. ) ;
#182 = ORIENTED_EDGE ( 'NONE', *, *, #839, .T. ) ;
#183 = VERTEX_POINT ( 'NONE', #3 ) ;
#184 = DIRECTION ( 'NONE',  ( -1.000000000000000000, 1.355252715606880345E-15, 7.824555201756075530E-16 ) ) ;
#185 = CARTESIAN_POINT ( 'NONE',  ( 0.3104214140871991989, 11.15358983848622110, 0.3200000000000000067 ) ) ;
#186 = DIRECTION ( 'NONE',  ( 0.4472135954999567620, 0.7745966692414830712, -0.4472135954999600371 ) ) ;
#187 = DIRECTION ( 'NONE',  ( -4.065758146820807288E-15, 1.000000000000000000, -4.065758146820807288E-15 ) ) ;
#188 = ADVANCED_FACE ( 'NONE', ( #2972 ), #1158, .T. ) ;
#189 = CARTESIAN_POINT ( 'NONE',  ( -1.175000000000000044, 0.000000000000000000, -0.7600000000000001199 ) ) ;
#190 = AXIS2_PLACEMENT_3D ( 'NONE', #937, #2378, #3625 ) ;
#191 = DIRECTION ( 'NONE',  ( 1.000000000000000000, 0.000000000000000000, 0.000000000000000000 ) ) ;
#192 = CARTESIAN_POINT ( 'NONE',  ( 0.3199999999999998956, 0.3464101615137729628, -0.3099999999999999423 ) ) ;
#193 = ORIENTED_EDGE ( 'NONE', *, *, #2199, .T. ) ;
#194 = EDGE_LOOP ( 'NONE', ( #1637, #1391, #1052, #1518 ) ) ;
#195 =( NAMED_UNIT ( * ) SI_UNIT ( $, .STERADIAN. ) SOLID_ANGLE_UNIT ( ) );
#196 = CARTESIAN_POINT ( 'NONE',  ( -1.259999999999999787, 0.5000000000000000000, -0.7500000000000000000 ) ) ;
#197 = ORIENTED_EDGE ( 'NONE', *, *, #2535, .F. ) ;
#198 = SPHERICAL_SURFACE ( 'NONE', #3313, 0.01000000000000000021 ) ;
#199 = DIRECTION ( 'NONE',  ( -0.7071067811865475727, -0.000000000000000000, -0.7071067811865474617 ) ) ;
#200 = EDGE_LOOP ( 'NONE', ( #3162, #2632, #3138, #1672 ) ) ;
#201 = ORIENTED_EDGE ( 'NONE', *, *, #1848, .T. ) ;
#202 = CARTESIAN_POINT ( 'NONE',  ( -1.269999999999999574, 0.01000000000000002623, -0.7600000000000001199 ) ) ;
#203 = EDGE_CURVE ( 'NONE', #1891, #1277, #1789, .T. ) ;
#204 = PLANE ( 'NONE',  #1969 ) ;
#205 = AXIS2_PLACEMENT_3D ( 'NONE', #2633, #911, #69 ) ;
#206 = ADVANCED_FACE ( 'NONE', ( #883 ), #846, .T. ) ;
#207 = DIRECTION ( 'NONE',  ( -1.694065894508600678E-16, 0.000000000000000000, -1.000000000000000000 ) ) ;
#208 = AXIS2_PLACEMENT_3D ( 'NONE', #3562, #2080, #2332 ) ;
#209 = EDGE_CURVE ( 'NONE', #625, #138, #293, .T. ) ;
#210 = CYLINDRICAL_SURFACE ( 'NONE', #1693, 0.01000000000000002623 ) ;
#211 = EDGE_CURVE ( 'NONE', #3654, #120, #1090, .T. ) ;
#212 = ORIENTED_EDGE ( 'NONE', *, *, #3458, .T. ) ;
#213 = CARTESIAN_POINT ( 'NONE',  ( 1.164999999999999591, 2.500000000000000000, -0.7458578643762692195 ) ) ;
#214 = ORIENTED_EDGE ( 'NONE', *, *, #2945, .T. ) ;
#215 = VECTOR ( 'NONE', #61, 1000.000000000000000 ) ;
#216 = CARTESIAN_POINT ( 'NONE',  ( 0.3104214140871991434, 11.15358983848622287, -0.3199999999999999512 ) ) ;
#217 = CARTESIAN_POINT ( 'NONE',  ( -0.3200000000000001177, 0.000000000000000000, -0.3200000000000000622 ) ) ;
#218 = AXIS2_PLACEMENT_3D ( 'NONE', #2932, #3512, #885 ) ;
#219 = VERTEX_POINT ( 'NONE', #1442 ) ;
#220 = TOROIDAL_SURFACE ( 'NONE', #283, 0.02000000000000000042, 0.01000000000000000021 ) ;
#221 = VERTEX_POINT ( 'NONE', #2951 ) ;
#222 = DIRECTION ( 'NONE',  ( 0.000000000000000000, 1.000000000000000000, 0.000000000000000000 ) ) ;
#223 = FACE_OUTER_BOUND ( 'NONE', #432, .T. ) ;
#224 = CYLINDRICAL_SURFACE ( 'NONE', #1894, 0.01000000000000001235 ) ;
#225 = CARTESIAN_POINT ( 'NONE',  ( -0.08907179676972416804, 11.53356921938165236, -0.08907179676972404314 ) ) ;
#226 = ADVANCED_FACE ( 'NONE', ( #2596 ), #2054, .T. ) ;
#227 = LINE ( 'NONE', #826, #1994 ) ;
#228 = ORIENTED_EDGE ( 'NONE', *, *, #1364, .F. ) ;
#229 = DIRECTION ( 'NONE',  ( 0.000000000000000000, 0.000000000000000000, 1.000000000000000000 ) ) ;
#230 =( BOUNDED_CURVE ( )  B_SPLINE_CURVE ( 3, ( #1005, #990, #1584, #3287 ),
 .UNSPECIFIED., .F., .T. ) 
 B_SPLINE_CURVE_WITH_KNOTS ( ( 4, 4 ),
 ( 3.141592653589793116, 4.712388980384698556 ),
 .UNSPECIFIED. ) 
 CURVE ( )  GEOMETRIC_REPRESENTATION_ITEM ( )  RATIONAL_B_SPLINE_CURVE ( ( 1.000000000000000000, 0.8047378541243628280, 0.8047378541243628280, 1.000000000000000000 ) ) 
 REPRESENTATION_ITEM ( '' )  );
#231 = DIRECTION ( 'NONE',  ( 0.000000000000000000, -1.000000000000000000, 0.000000000000000000 ) ) ;
#232 = ORIENTED_EDGE ( 'NONE', *, *, #3009, .F. ) ;
#233 = VERTEX_POINT ( 'NONE', #2343 ) ;
#234 = VECTOR ( 'NONE', #2393, 1000.000000000000000 ) ;
#235 = AXIS2_PLACEMENT_3D ( 'NONE', #1106, #2264, #807 ) ;
#236 = ORIENTED_EDGE ( 'NONE', *, *, #3418, .T. ) ;
#237 = CARTESIAN_POINT ( 'NONE',  ( 0.3193224092811621229, 11.15476346003734420, 0.3159672026817062496 ) ) ;
#238 = DIRECTION ( 'NONE',  ( 4.336808689942016750E-16, 0.000000000000000000, 1.000000000000000000 ) ) ;
#239 = DIRECTION ( 'NONE',  ( 0.000000000000000000, 0.000000000000000000, 1.000000000000000000 ) ) ;
#240 = DIRECTION ( 'NONE',  ( -1.000000000000000000, -0.000000000000000000, 0.000000000000000000 ) ) ;
#241 = PLANE ( 'NONE',  #785 ) ;
#242 = LINE ( 'NONE', #1421, #3610 ) ;
#243 = ORIENTED_EDGE ( 'NONE', *, *, #1734, .T. ) ;
#244 = ORIENTED_EDGE ( 'NONE', *, *, #203, .F. ) ;
#245 = DIRECTION ( 'NONE',  ( 1.000000000000000000, 0.000000000000000000, -5.706327223607941615E-15 ) ) ;
#246 = VECTOR ( 'NONE', #1556, 1000.000000000000227 ) ;
#247 = CARTESIAN_POINT ( 'NONE',  ( -0.6708578643762688198, 0.01000000000000002623, -1.239999999999999769 ) ) ;
#248 = EDGE_CURVE ( 'NONE', #1970, #734, #2016, .T. ) ;
#249 = CARTESIAN_POINT ( 'NONE',  ( 1.150857864376269690, 0.000000000000000000, 0.7599999999999997868 ) ) ;
#250 = CYLINDRICAL_SURFACE ( 'NONE', #3532, 0.009999999999999998473 ) ;
#251 = CARTESIAN_POINT ( 'NONE',  ( 1.260000000000000231, 2.500000000000000000, 0.7400000000000001021 ) ) ;
#252 = EDGE_CURVE ( 'NONE', #3164, #735, #969, .T. ) ;
#253 = DIRECTION ( 'NONE',  ( 0.7071067811865479058, 0.000000000000000000, 0.7071067811865472397 ) ) ;
#254 = CYLINDRICAL_SURFACE ( 'NONE', #463, 0.009999999999999998473 ) ;
#255 = ORIENTED_EDGE ( 'NONE', *, *, #1549, .T. ) ;
#256 = EDGE_CURVE ( 'NONE', #872, #2566, #3220, .T. ) ;
#257 =( BOUNDED_CURVE ( )  B_SPLINE_CURVE ( 3, ( #993, #1244, #3639, #1534 ),
 .UNSPECIFIED., .F., .F. ) 
 B_SPLINE_CURVE_WITH_KNOTS ( ( 4, 4 ),
 ( 6.156845179540893831, 6.283185307179586232 ),
 .UNSPECIFIED. ) 
 CURVE ( )  GEOMETRIC_REPRESENTATION_ITEM ( )  RATIONAL_B_SPLINE_CURVE ( ( 1.000000000000000000, 0.9986702899464872107, 0.9986702899464872107, 1.000000000000000000 ) ) 
 REPRESENTATION_ITEM ( '' )  );
#258 = ORIENTED_EDGE ( 'NONE', *, *, #1182, .T. ) ;
#259 = CARTESIAN_POINT ( 'NONE',  ( -0.7200000000000010836, 0.5000000000000000000, 0.7499999999999997780 ) ) ;
#260 = CARTESIAN_POINT ( 'NONE',  ( -0.09773205080756849905, 11.53856921938165137, 0.08907179676972423743 ) ) ;
#261 = DIRECTION ( 'NONE',  ( -0.7071067811865479058, 0.000000000000000000, -0.7071067811865472397 ) ) ;
#262 = DIRECTION ( 'NONE',  ( 0.000000000000000000, 1.000000000000000000, 0.000000000000000000 ) ) ;
#263 = ORIENTED_EDGE ( 'NONE', *, *, #1655, .T. ) ;
#264 = CARTESIAN_POINT ( 'NONE',  ( 0.3099999999999999978, 0.3464101615137729628, 0.3200000000000000622 ) ) ;
#265 =( NAMED_UNIT ( * ) PLANE_ANGLE_UNIT ( ) SI_UNIT ( $, .RADIAN. ) );
#266 = SHAPE_DEFINITION_REPRESENTATION ( #1186, #1150 ) ;
#267 = FACE_OUTER_BOUND ( 'NONE', #2226, .T. ) ;
#268 = VECTOR ( 'NONE', #1636, 1000.000000000000000 ) ;
#269 = ORIENTED_EDGE ( 'NONE', *, *, #3463, .F. ) ;
#270 = CARTESIAN_POINT ( 'NONE',  ( -0.3200000000000000067, 11.15358983848622287, 0.3099999999999999978 ) ) ;
#271 = DIRECTION ( 'NONE',  ( 0.000000000000000000, 0.000000000000000000, 1.000000000000000000 ) ) ;
#272 = DIRECTION ( 'NONE',  ( -3.129822080702423112E-15, -0.000000000000000000, -1.000000000000000000 ) ) ;
#273 = ADVANCED_FACE ( 'NONE', ( #3241 ), #2931, .F. ) ;
#274 = ADVANCED_FACE ( 'NONE', ( #3263 ), #638, .F. ) ;
#275 = CARTESIAN_POINT ( 'NONE',  ( -0.1142264973081041635, 0.000000000000000000, 0.1142264973081042190 ) ) ;
#276 = ORIENTED_EDGE ( 'NONE', *, *, #3757, .T. ) ;
#277 = EDGE_CURVE ( 'NONE', #2610, #802, #620, .T. ) ;
#278 = ORIENTED_EDGE ( 'NONE', *, *, #248, .T. ) ;
#279 = CARTESIAN_POINT ( 'NONE',  ( -1.269999999999999796, -1.503005322678532707, -0.7499999999999997780 ) ) ;
#280 = VECTOR ( 'NONE', #1297, 1000.000000000000000 ) ;
#281 = LINE ( 'NONE', #300, #2151 ) ;
#282 = CARTESIAN_POINT ( 'NONE',  ( -0.3200000000000001177, 11.15358983848622110, -0.3104214140871989769 ) ) ;
#283 = AXIS2_PLACEMENT_3D ( 'NONE', #3226, #2915, #907 ) ;
#284 =( BOUNDED_CURVE ( )  B_SPLINE_CURVE ( 3, ( #2175, #1881, #3382, #2118 ),
 .UNSPECIFIED., .F., .F. ) 
 B_SPLINE_CURVE_WITH_KNOTS ( ( 4, 4 ),
 ( 1.570796326794896558, 3.141592653589793116 ),
 .UNSPECIFIED. ) 
 CURVE ( )  GEOMETRIC_REPRESENTATION_ITEM ( )  RATIONAL_B_SPLINE_CURVE ( ( 1.000000000000000000, 0.8047378541243649375, 0.8047378541243649375, 1.000000000000000000 ) ) 
 REPRESENTATION_ITEM ( '' )  );
#285 = CARTESIAN_POINT ( 'NONE',  ( -1.269999999999999796, 2.490000000000000213, -0.5000000000000008882 ) ) ;
#286 = ORIENTED_EDGE ( 'NONE', *, *, #2779, .T. ) ;
#287 = FACE_OUTER_BOUND ( 'NONE', #298, .T. ) ;
#288 = PRODUCT_CONTEXT ( 'NONE', #2448, 'mechanical' ) ;
#289 = CARTESIAN_POINT ( 'NONE',  ( 0.3159672026817061941, 0.3452365399626488585, 0.3193224092811611792 ) ) ;
#290 = AXIS2_PLACEMENT_3D ( 'NONE', #3611, #2771, #2461 ) ;
#291 = ORIENTED_EDGE ( 'NONE', *, *, #3057, .F. ) ;
#292 = VECTOR ( 'NONE', #704, 1000.000000000000000 ) ;
#293 = LINE ( 'NONE', #2362, #3064 ) ;
#294 = CARTESIAN_POINT ( 'NONE',  ( -1.175000000000000044, 2.490000000000000213, 0.5099999999999991207 ) ) ;
#295 = AXIS2_PLACEMENT_3D ( 'NONE', #1154, #2031, #1718 ) ;
#296 = DIRECTION ( 'NONE',  ( 0.4472135954999613694, 0.7745966692414852917, 0.4472135954999515994 ) ) ;
#297 = VERTEX_POINT ( 'NONE', #2383 ) ;
#298 = EDGE_LOOP ( 'NONE', ( #3018, #903, #2804, #2743 ) ) ;
#299 = FACE_OUTER_BOUND ( 'NONE', #2405, .T. ) ;
#300 = CARTESIAN_POINT ( 'NONE',  ( 0.09773205080756840191, 11.53856921938165137, -0.08907179676972416804 ) ) ;
#301 = CARTESIAN_POINT ( 'NONE',  ( 1.270000000000000240, -1.503005322678532707, 0.7500000000000001110 ) ) ;
#302 = EDGE_CURVE ( 'NONE', #1171, #154, #3574, .T. ) ;
#303 = AXIS2_PLACEMENT_3D ( 'NONE', #2753, #110, #1292 ) ;
#304 = FACE_OUTER_BOUND ( 'NONE', #1178, .T. ) ;
#305 = ORIENTED_EDGE ( 'NONE', *, *, #3035, .T. ) ;
#306 = CIRCLE ( 'NONE', #1959, 0.009999999999999998473 ) ;
#307 = CARTESIAN_POINT ( 'NONE',  ( -1.179142135623730825, 2.490000000000000213, 0.7500000000000004441 ) ) ;
#308 = DIRECTION ( 'NONE',  ( 1.000000000000000000, 0.000000000000000000, 0.000000000000000000 ) ) ;
#309 = CARTESIAN_POINT ( 'NONE',  ( 0.3199999999999998956, 0.000000000000000000, 0.3199999999999999512 ) ) ;
#310 = ORIENTED_EDGE ( 'NONE', *, *, #2776, .T. ) ;
#311 = EDGE_CURVE ( 'NONE', #3753, #1902, #2889, .T. ) ;
#312 = VERTEX_POINT ( 'NONE', #678 ) ;
#313 = DIRECTION ( 'NONE',  ( 4.336808689942016257E-16, 0.000000000000000000, 1.000000000000000000 ) ) ;
#314 = CARTESIAN_POINT ( 'NONE',  ( 0.3159672026817041401, 0.3452365399626404763, -0.3193224092811596249 ) ) ;
#315 = VERTEX_POINT ( 'NONE', #350 ) ;
#316 = CARTESIAN_POINT ( 'NONE',  ( -0.1142264973081033030, 11.49000000000000021, -0.1142264973081030671 ) ) ;
#317 = ORIENTED_EDGE ( 'NONE', *, *, #772, .F. ) ;
#318 = EDGE_LOOP ( 'NONE', ( #2183, #2681, #2364, #3282 ) ) ;
#319 = LINE ( 'NONE', #1736, #881 ) ;
#320 = CYLINDRICAL_SURFACE ( 'NONE', #798, 0.01000000000000002623 ) ;
#321 = CARTESIAN_POINT ( 'NONE',  ( -0.3100000000000001088, 11.50000000000000000, -0.3099999999999999423 ) ) ;
#322 = CARTESIAN_POINT ( 'NONE',  ( 0.1142264973081041080, 0.000000000000000000, 0.1200000000000004258 ) ) ;
#323 = ORIENTED_EDGE ( 'NONE', *, *, #418, .T. ) ;
#324 = PLANE ( 'NONE',  #741 ) ;
#325 = ITEM_DEFINED_TRANSFORMATION ( 'NONE', 'NONE', #3484,  #3783 ) ;
#326 = EDGE_CURVE ( 'NONE', #655, #2735, #3535, .T. ) ;
#327 = CARTESIAN_POINT ( 'NONE',  ( 1.179142135623731491, 2.489999999999999769, 0.7600000000000001199 ) ) ;
#328 = EDGE_CURVE ( 'NONE', #2852, #2474, #1880, .T. ) ;
#329 = DIRECTION ( 'NONE',  ( 1.000000000000000000, 0.000000000000000000, 0.000000000000000000 ) ) ;
#330 = ORIENTED_EDGE ( 'NONE', *, *, #3779, .T. ) ;
#331 = EDGE_CURVE ( 'NONE', #1057, #3702, #3011, .T. ) ;
#332 = CARTESIAN_POINT ( 'NONE',  ( 1.270000000000000240, -1.503005322678532707, 0.7500000000000001110 ) ) ;
#333 = CARTESIAN_POINT ( 'NONE',  ( -0.1228867513459485639, 0.004999999999999958471, 0.1200000000000004258 ) ) ;
#334 = EDGE_CURVE ( 'NONE', #2566, #2495, #2434, .T. ) ;
#335 = VECTOR ( 'NONE', #2254, 999.9999999999998863 ) ;
#336 = CIRCLE ( 'NONE', #2482, 0.01000000000000000194 ) ;
#337 = SPHERICAL_SURFACE ( 'NONE', #2620, 0.01000000000000000021 ) ;
#338 = ORIENTED_EDGE ( 'NONE', *, *, #3786, .F. ) ;
#339 = ORIENTED_EDGE ( 'NONE', *, *, #3329, .F. ) ;
#340 = CARTESIAN_POINT ( 'NONE',  ( -0.7200000000000011946, 0.5000000000000000000, -0.7200000000000009726 ) ) ;
#341 = FACE_OUTER_BOUND ( 'NONE', #1754, .T. ) ;
#342 = CARTESIAN_POINT ( 'NONE',  ( 0.000000000000000000, 0.01000000000000000021, 0.1142264973081042190 ) ) ;
#343 = CARTESIAN_POINT ( 'NONE',  ( 0.000000000000000000, 11.50000000000000000, 0.1199999999999995515 ) ) ;
#344 = EDGE_CURVE ( 'NONE', #154, #2261, #2497, .T. ) ;
#345 = VECTOR ( 'NONE', #3588, 1000.000000000000000 ) ;
#346 = CARTESIAN_POINT ( 'NONE',  ( -1.269999999999999574, 0.5000000000000000000, -0.7200000000000009726 ) ) ;
#347 = DIRECTION ( 'NONE',  ( -0.000000000000000000, 1.000000000000000000, -0.000000000000000000 ) ) ;
#348 = AXIS2_PLACEMENT_3D ( 'NONE', #615, #3804, #1439 ) ;
#349 = ORIENTED_EDGE ( 'NONE', *, *, #662, .F. ) ;
#350 = CARTESIAN_POINT ( 'NONE',  ( -0.6708578643762688198, 2.490000000000000213, 1.250000000000000666 ) ) ;
#351 = EDGE_CURVE ( 'NONE', #1132, #625, #1938, .T. ) ;
#352 = LINE ( 'NONE', #333, #2366 ) ;
#353 = CARTESIAN_POINT ( 'NONE',  ( 1.179142135623731491, 2.490000000000000213, 0.7400000000000001021 ) ) ;
#354 = EDGE_LOOP ( 'NONE', ( #2216, #2103, #3038 ) ) ;
#355 = AXIS2_PLACEMENT_3D ( 'NONE', #3511, #868, #2039 ) ;
#356 = DIRECTION ( 'NONE',  ( -0.7071067811865475727, -0.000000000000000000, -0.7071067811865474617 ) ) ;
#357 = VERTEX_POINT ( 'NONE', #1523 ) ;
#358 = PRODUCT_DEFINITION_SHAPE ( 'NONE', 'NONE',  #3805 ) ;
#359 = EDGE_LOOP ( 'NONE', ( #3778, #73, #1423, #2179 ) ) ;
#360 = CARTESIAN_POINT ( 'NONE',  ( 0.3199202969641255501, 11.15372788819387395, -0.3112600429262813440 ) ) ;
#361 = CARTESIAN_POINT ( 'NONE',  ( 1.259999999999999787, 2.500000000000000000, -0.7400000000000001021 ) ) ;
#362 = UNCERTAINTY_MEASURE_WITH_UNIT (LENGTH_MEASURE( 1.000000000000000082E-05 ), #3215, 'distance_accuracy_value', 'NONE');
#363 = CARTESIAN_POINT ( 'NONE',  ( -0.6708578643762688198, 2.490000000000000213, 1.240000000000000657 ) ) ;
#364 = EDGE_LOOP ( 'NONE', ( #2196, #898, #1679, #2954 ) ) ;
#365 = CARTESIAN_POINT ( 'NONE',  ( -0.3200000000000001177, 0.9000000000000002442, -0.3200000000000000622 ) ) ;
#366 = CONTEXT_DEPENDENT_SHAPE_REPRESENTATION ( #3644, #3007 ) ;
#367 = DIRECTION ( 'NONE',  ( 0.000000000000000000, 0.000000000000000000, 1.000000000000000000 ) ) ;
#368 = ORIENTED_EDGE ( 'NONE', *, *, #1770, .T. ) ;
#369 = FACE_OUTER_BOUND ( 'NONE', #3739, .T. ) ;
#370 = SURFACE_STYLE_USAGE ( .BOTH. , #2463 ) ;
#371 = ORIENTED_EDGE ( 'NONE', *, *, #2705, .T. ) ;
#372 = EDGE_CURVE ( 'NONE', #138, #908, #1235, .T. ) ;
#373 = DIRECTION ( 'NONE',  ( 1.000000000000000000, 0.000000000000000000, -1.606225440719265874E-16 ) ) ;
#374 = ORIENTED_EDGE ( 'NONE', *, *, #870, .F. ) ;
#375 = EDGE_CURVE ( 'NONE', #1562, #20, #112, .T. ) ;
#376 = ADVANCED_FACE ( 'NONE', ( #369 ), #3328, .T. ) ;
#377 = COLOUR_RGB ( '',0.2980392156862745057, 0.2980392156862745057, 0.2980392156862745057 ) ;
#378 = CARTESIAN_POINT ( 'NONE',  ( 0.1142264973081040524, 0.01000000000000000194, -0.1142264973081041218 ) ) ;
#379 = DIRECTION ( 'NONE',  ( -3.252606517456504467E-14, 0.000000000000000000, 1.000000000000000000 ) ) ;
#380 = ADVANCED_FACE ( 'NONE', ( #3648 ), #96, .T. ) ;
#381 = AXIS2_PLACEMENT_3D ( 'NONE', #3500, #1105, #857 ) ;
#382 = FACE_OUTER_BOUND ( 'NONE', #3034, .T. ) ;
#383 = ORIENTED_EDGE ( 'NONE', *, *, #2776, .F. ) ;
#384 = CARTESIAN_POINT ( 'NONE',  ( -0.6779289321881342145, 2.490000000000000213, 1.247071067811866163 ) ) ;
#385 = LINE ( 'NONE', #2155, #215 ) ;
#386 = EDGE_LOOP ( 'NONE', ( #2400, #3427, #2022 ) ) ;
#387 = LINE ( 'NONE', #21, #2674 ) ;
#388 =( BOUNDED_CURVE ( )  B_SPLINE_CURVE ( 3, ( #530, #3173, #1700, #264 ),
 .UNSPECIFIED., .F., .F. ) 
 B_SPLINE_CURVE_WITH_KNOTS ( ( 4, 4 ),
 ( 3.015252525951000795, 3.141592653589793116 ),
 .UNSPECIFIED. ) 
 CURVE ( )  GEOMETRIC_REPRESENTATION_ITEM ( )  RATIONAL_B_SPLINE_CURVE ( ( 1.000000000000000000, 0.9986702899464852123, 0.9986702899464852123, 1.000000000000000000 ) ) 
 REPRESENTATION_ITEM ( '' )  );
#389 = DIRECTION ( 'NONE',  ( -1.000000000000000000, -0.000000000000000000, 5.706327223607941615E-15 ) ) ;
#390 = ORIENTED_EDGE ( 'NONE', *, *, #2220, .F. ) ;
#391 = ORIENTED_EDGE ( 'NONE', *, *, #3651, .F. ) ;
#392 = EDGE_CURVE ( 'NONE', #622, #3059, #1019, .T. ) ;
#393 = DIRECTION ( 'NONE',  ( -2.891205793294678819E-16, 0.000000000000000000, -1.000000000000000000 ) ) ;
#394 = ORIENTED_EDGE ( 'NONE', *, *, #886, .F. ) ;
#395 = VECTOR ( 'NONE', #2392, 1000.000000000000000 ) ;
#396 = ORIENTED_EDGE ( 'NONE', *, *, #3375, .T. ) ;
#397 = ADVANCED_FACE ( 'NONE', ( #965 ), #2140, .T. ) ;
#398 = CARTESIAN_POINT ( 'NONE',  ( -1.259999999999999787, 2.500000000000000000, -0.5100000000000008971 ) ) ;
#399 = CARTESIAN_POINT ( 'NONE',  ( 1.175000000000000488, 2.495857864376268331, 0.4999999999999991673 ) ) ;
#400 = EDGE_CURVE ( 'NONE', #3205, #2337, #1394, .T. ) ;
#401 = ORIENTED_EDGE ( 'NONE', *, *, #700, .T. ) ;
#402 = DIRECTION ( 'NONE',  ( 0.000000000000000000, 0.7071067811865482389, -0.7071067811865469066 ) ) ;
#403 = DIRECTION ( 'NONE',  ( 0.000000000000000000, 0.000000000000000000, -1.000000000000000000 ) ) ;
#404 = CARTESIAN_POINT ( 'NONE',  ( 0.9554289321881339614, 2.490000000000000213, -0.9554289321881347385 ) ) ;
#405 = ORIENTED_EDGE ( 'NONE', *, *, #3790, .T. ) ;
#406 = VECTOR ( 'NONE', #745, 1000.000000000000000 ) ;
#407 = DIRECTION ( 'NONE',  ( -1.000000000000000000, -4.336808689942006376E-14, 0.000000000000000000 ) ) ;
#408 = VECTOR ( 'NONE', #679, 1000.000000000000000 ) ;
#409 = LINE ( 'NONE', #1862, #589 ) ;
#410 = PLANE ( 'NONE',  #1009 ) ;
#411 = VECTOR ( 'NONE', #3050, 1000.000000000000000 ) ;
#412 = ORIENTED_EDGE ( 'NONE', *, *, #2417, .F. ) ;
#413 = ORIENTED_EDGE ( 'NONE', *, *, #1660, .T. ) ;
#414 = DIRECTION ( 'NONE',  ( 0.000000000000000000, -0.000000000000000000, -1.000000000000000000 ) ) ;
#415 = LINE ( 'NONE', #2740, #3550 ) ;
#416 = ORIENTED_EDGE ( 'NONE', *, *, #503, .T. ) ;
#417 = AXIS2_PLACEMENT_3D ( 'NONE', #1599, #3629, #3364 ) ;
#418 = EDGE_CURVE ( 'NONE', #2480, #734, #1302, .T. ) ;
#419 = CARTESIAN_POINT ( 'NONE',  ( -1.179142135623731047, 2.490000000000000213, -0.7499999999999997780 ) ) ;
#420 = PLANE ( 'NONE',  #2437 ) ;
#421 = AXIS2_PLACEMENT_3D ( 'NONE', #1128, #3766, #2617 ) ;
#422 = ORIENTED_EDGE ( 'NONE', *, *, #2552, .T. ) ;
#423 = ORIENTED_EDGE ( 'NONE', *, *, #3508, .F. ) ;
#424 = EDGE_CURVE ( 'NONE', #2630, #3033, #2252, .T. ) ;
#425 = CARTESIAN_POINT ( 'NONE',  ( 1.260000000000000453, 0.5000000000000000000, 0.7499999999999997780 ) ) ;
#426 = CARTESIAN_POINT ( 'NONE',  ( -1.150857864376269468, 0.000000000000000000, 0.7599999999999997868 ) ) ;
#427 = CARTESIAN_POINT ( 'NONE',  ( -0.3200000000000000622, 2.490000000000000213, 0.3300000000000000155 ) ) ;
#428 = DIRECTION ( 'NONE',  ( 0.000000000000000000, 0.000000000000000000, 1.000000000000000000 ) ) ;
#429 = VECTOR ( 'NONE', #1126, 1000.000000000000000 ) ;
#430 = VERTEX_POINT ( 'NONE', #657 ) ;
#431 = CARTESIAN_POINT ( 'NONE',  ( 0.6749999999999997113, 0.000000000000000000, -1.239999999999999991 ) ) ;
#432 = EDGE_LOOP ( 'NONE', ( #2132, #175, #3759, #2237 ) ) ;
#433 = CARTESIAN_POINT ( 'NONE',  ( 0.3199999999999998956, 11.15358983848622287, -0.3104214140871991434 ) ) ;
#434 = DIRECTION ( 'NONE',  ( 0.7071067811865479058, -0.000000000000000000, 0.7071067811865472397 ) ) ;
#435 = ORIENTED_EDGE ( 'NONE', *, *, #1405, .F. ) ;
#436 = CARTESIAN_POINT ( 'NONE',  ( -1.170857864376269042, 2.500000000000000000, 0.5041421356237301143 ) ) ;
#437 = AXIS2_PLACEMENT_3D ( 'NONE', #2714, #2962, #933 ) ;
#438 = CARTESIAN_POINT ( 'NONE',  ( -0.09773205080756873497, 11.53856921938165137, -0.08907179676972339089 ) ) ;
#439 = CARTESIAN_POINT ( 'NONE',  ( 1.265857864376269015, 2.500000000000000000, -0.5041421356237320017 ) ) ;
#440 = DIRECTION ( 'NONE',  ( 0.000000000000000000, 0.000000000000000000, 1.000000000000000000 ) ) ;
#441 = ADVANCED_FACE ( 'NONE', ( #1072 ), #3154, .T. ) ;
#442 = CARTESIAN_POINT ( 'NONE',  ( -0.3200000000000001177, 11.50000000000000000, -0.3099999999999999423 ) ) ;
#443 = ADVANCED_FACE ( 'NONE', ( #1612 ), #210, .T. ) ;
#444 = ORIENTED_EDGE ( 'NONE', *, *, #2144, .F. ) ;
#445 = ORIENTED_EDGE ( 'NONE', *, *, #2176, .T. ) ;
#446 = VERTEX_POINT ( 'NONE', #808 ) ;
#447 = LINE ( 'NONE', #3125, #2311 ) ;
#448 = DIRECTION ( 'NONE',  ( -8.470329472543003391E-17, 0.000000000000000000, -1.000000000000000000 ) ) ;
#449 = DIRECTION ( 'NONE',  ( -0.8660254037844374864, 0.5000000000000019984, 1.467104100329255226E-16 ) ) ;
#450 = CIRCLE ( 'NONE', #205, 0.01000000000000001409 ) ;
#451 = ORIENTED_EDGE ( 'NONE', *, *, #682, .T. ) ;
#452 = EDGE_LOOP ( 'NONE', ( #1101, #2282, #115, #562 ) ) ;
#453 = AXIS2_PLACEMENT_3D ( 'NONE', #2587, #3446, #3478 ) ;
#454 = DIRECTION ( 'NONE',  ( 0.7071067811865475727, 0.000000000000000000, 0.7071067811865474617 ) ) ;
#455 = LINE ( 'NONE', #2786, #460 ) ;
#456 = DIRECTION ( 'NONE',  ( 0.7071067811865473507, -0.000000000000000000, 0.7071067811865477948 ) ) ;
#457 = EDGE_CURVE ( 'NONE', #2852, #3638, #3112, .T. ) ;
#458 = DIRECTION ( 'NONE',  ( -1.000000000000000000, -0.000000000000000000, 0.000000000000000000 ) ) ;
#459 = DIRECTION ( 'NONE',  ( 0.000000000000000000, 0.000000000000000000, 1.000000000000000000 ) ) ;
#460 = VECTOR ( 'NONE', #2498, 1000.000000000000000 ) ;
#461 = ORIENTED_EDGE ( 'NONE', *, *, #582, .F. ) ;
#462 = EDGE_CURVE ( 'NONE', #655, #2361, #3139, .T. ) ;
#463 = AXIS2_PLACEMENT_3D ( 'NONE', #2690, #3578, #1999 ) ;
#464 = DIRECTION ( 'NONE',  ( 0.000000000000000000, 0.4999999999999999445, -0.8660254037844387076 ) ) ;
#465 = ORIENTED_EDGE ( 'NONE', *, *, #3357, .T. ) ;
#466 = DIRECTION ( 'NONE',  ( 0.000000000000000000, 0.000000000000000000, -1.000000000000000000 ) ) ;
#467 = CARTESIAN_POINT ( 'NONE',  ( -0.6749999999999997113, 0.01000000000000002623, 1.240000000000000657 ) ) ;
#468 = CARTESIAN_POINT ( 'NONE',  ( -0.3199202969641257721, 0.3462721118061212189, 0.3112600429262815105 ) ) ;
#469 = CARTESIAN_POINT ( 'NONE',  ( 0.6708578643762689309, 0.01000000000000002623, -1.239999999999999991 ) ) ;
#470 = EDGE_LOOP ( 'NONE', ( #3421, #2918, #3219, #491 ) ) ;
#471 = AXIS2_PLACEMENT_3D ( 'NONE', #23, #2073, #3264 ) ;
#472 = ORIENTED_EDGE ( 'NONE', *, *, #1828, .T. ) ;
#473 = CARTESIAN_POINT ( 'NONE',  ( -1.259999999999999787, 0.5000000000000000000, 0.7499999999999997780 ) ) ;
#474 = VECTOR ( 'NONE', #571, 1000.000000000000000 ) ;
#475 = LINE ( 'NONE', #919, #3397 ) ;
#476 = DIRECTION ( 'NONE',  ( -1.084202172485501594E-14, 0.000000000000000000, -1.000000000000000000 ) ) ;
#477 = FILL_AREA_STYLE_COLOUR ( '', #3170 ) ;
#478 = EDGE_LOOP ( 'NONE', ( #445, #2936, #1032, #3452 ) ) ;
#479 = EDGE_LOOP ( 'NONE', ( #2157, #1095, #2677, #996 ) ) ;
#480 = DIRECTION ( 'NONE',  ( 0.000000000000000000, 0.000000000000000000, 1.000000000000000000 ) ) ;
#481 = AXIS2_PLACEMENT_3D ( 'NONE', #1991, #3789, #1740 ) ;
#482 = ORIENTED_EDGE ( 'NONE', *, *, #1550, .T. ) ;
#483 = EDGE_CURVE ( 'NONE', #3604, #714, #3094, .T. ) ;
#484 = AXIS2_PLACEMENT_3D ( 'NONE', #1834, #3338, #3020 ) ;
#485 = DIRECTION ( 'NONE',  ( 1.000000000000000000, 0.000000000000000000, 0.000000000000000000 ) ) ;
#486 = DIRECTION ( 'NONE',  ( -1.000000000000000000, 0.000000000000000000, 0.000000000000000000 ) ) ;
#487 = EDGE_CURVE ( 'NONE', #564, #517, #3396, .T. ) ;
#488 = DIRECTION ( 'NONE',  ( -1.000000000000000000, -0.000000000000000000, 4.694733121053634866E-15 ) ) ;
#489 = EDGE_LOOP ( 'NONE', ( #24, #1022, #2830, #1773 ) ) ;
#490 = EDGE_CURVE ( 'NONE', #543, #297, #2266, .T. ) ;
#491 = ORIENTED_EDGE ( 'NONE', *, *, #2637, .F. ) ;
#492 = DIRECTION ( 'NONE',  ( -1.000000000000000000, 0.000000000000000000, 1.606225440719266613E-16 ) ) ;
#493 = ADVANCED_FACE ( 'NONE', ( #3433 ), #2521, .T. ) ;
#494 = CARTESIAN_POINT ( 'NONE',  ( 0.3099999999999999978, 11.15358983848622287, 0.3200000000000000622 ) ) ;
#495 = SPHERICAL_SURFACE ( 'NONE', #3070, 0.01000000000000000021 ) ;
#496 = CARTESIAN_POINT ( 'NONE',  ( -0.1142264973081041912, 0.01000000000000000021, -0.1142264973081040663 ) ) ;
#497 = AXIS2_PLACEMENT_3D ( 'NONE', #3775, #1135, #414 ) ;
#498 = CARTESIAN_POINT ( 'NONE',  ( 5.080000000000000959, 0.000000000000000000, -8.210005917344654365E-16 ) ) ;
#499 = FACE_OUTER_BOUND ( 'NONE', #3642, .T. ) ;
#500 = ORIENTED_EDGE ( 'NONE', *, *, #3102, .F. ) ;
#501 = CARTESIAN_POINT ( 'NONE',  ( -1.259999999999999787, 0.5000000000000000000, -0.7500000000000001110 ) ) ;
#502 = ORIENTED_EDGE ( 'NONE', *, *, #1238, .F. ) ;
#503 = EDGE_CURVE ( 'NONE', #3256, #917, #2848, .T. ) ;
#504 = CARTESIAN_POINT ( 'NONE',  ( -1.270000000000000240, 2.495857864376268775, 0.7500000000000007772 ) ) ;
#505 = LINE ( 'NONE', #3691, #1037 ) ;
#506 = CARTESIAN_POINT ( 'NONE',  ( 1.259999999999999787, 2.500000000000000000, -0.5100000000000011191 ) ) ;
#507 = ORIENTED_EDGE ( 'NONE', *, *, #483, .F. ) ;
#508 = CARTESIAN_POINT ( 'NONE',  ( -0.3100000000000001088, 11.50000000000000000, -0.3199999999999999512 ) ) ;
#509 = ADVANCED_FACE ( 'NONE', ( #3684 ), #2557, .F. ) ;
#510 = FACE_OUTER_BOUND ( 'NONE', #2503, .T. ) ;
#511 = AXIS2_PLACEMENT_3D ( 'NONE', #1482, #634, #3524 ) ;
#512 = CARTESIAN_POINT ( 'NONE',  ( -0.3100000000000001088, 11.15358983848622287, -0.3199999999999999512 ) ) ;
#513 = VECTOR ( 'NONE', #3347, 1000.000000000000000 ) ;
#514 = DIRECTION ( 'NONE',  ( 0.000000000000000000, 0.000000000000000000, -1.000000000000000000 ) ) ;
#515 = SHAPE_REPRESENTATION_RELATIONSHIP ( 'NONE' , 'NONE' ,  #3042, #689 ) ;
#516 = DIRECTION ( 'NONE',  ( 2.891205793294678819E-16, 0.000000000000000000, 1.000000000000000000 ) ) ;
#517 = VERTEX_POINT ( 'NONE', #3079 ) ;
#518 = FACE_OUTER_BOUND ( 'NONE', #135, .T. ) ;
#519 = CARTESIAN_POINT ( 'NONE',  ( 0.6750000000000003775, 2.500000000000000000, 1.250000000000000444 ) ) ;
#520 = AXIS2_PLACEMENT_3D ( 'NONE', #3237, #1802, #597 ) ;
#521 = CYLINDRICAL_SURFACE ( 'NONE', #1474, 0.01000000000000002623 ) ;
#522 = PRODUCT_DEFINITION_FORMATION_WITH_SPECIFIED_SOURCE ( 'ANY', '', #79, .NOT_KNOWN. ) ;
#523 = ORIENTED_EDGE ( 'NONE', *, *, #3015, .T. ) ;
#524 = EDGE_LOOP ( 'NONE', ( #1337, #2116, #435, #2810 ) ) ;
#525 = CARTESIAN_POINT ( 'NONE',  ( 0.1142264973081030671, 11.49000000000000021, -0.1142264973081030810 ) ) ;
#526 = LINE ( 'NONE', #260, #3636 ) ;
#527 = CYLINDRICAL_SURFACE ( 'NONE', #381, 0.01000000000000002623 ) ;
#528 = CARTESIAN_POINT ( 'NONE',  ( -1.265857864376269237, 2.500000000000000000, -0.7458578643762688865 ) ) ;
#529 = EDGE_CURVE ( 'NONE', #1475, #3071, #3556, .T. ) ;
#530 = CARTESIAN_POINT ( 'NONE',  ( 0.3112600429262815105, 0.3462721118061211079, 0.3199202969641257166 ) ) ;
#531 = APPLICATION_PROTOCOL_DEFINITION ( 'draft international standard', 'automotive_design', 1998, #2448 ) ;
#532 = DIRECTION ( 'NONE',  ( 0.000000000000000000, 0.000000000000000000, 1.000000000000000000 ) ) ;
#533 = ORIENTED_EDGE ( 'NONE', *, *, #133, .F. ) ;
#534 = LINE ( 'NONE', #1706, #1545 ) ;
#535 = CARTESIAN_POINT ( 'NONE',  ( -0.3200000000000001177, 2.490000000000000213, -0.3200000000000000622 ) ) ;
#536 = DIRECTION ( 'NONE',  ( 0.7071067811865477948, -0.000000000000000000, -0.7071067811865473507 ) ) ;
#537 = LINE ( 'NONE', #2602, #2453 ) ;
#538 = DIRECTION ( 'NONE',  ( 0.000000000000000000, -1.000000000000000000, 0.000000000000000000 ) ) ;
#539 = ORIENTED_EDGE ( 'NONE', *, *, #2779, .F. ) ;
#540 = FACE_OUTER_BOUND ( 'NONE', #1663, .T. ) ;
#541 = VECTOR ( 'NONE', #2548, 1000.000000000000000 ) ;
#542 = VECTOR ( 'NONE', #1825, 1000.000000000000000 ) ;
#543 = VERTEX_POINT ( 'NONE', #2539 ) ;
#544 = CARTESIAN_POINT ( 'NONE',  ( -1.175000000000000044, 2.490000000000000213, -0.7499999999999997780 ) ) ;
#545 = CARTESIAN_POINT ( 'NONE',  ( 1.269999999999999796, 0.5100000000000000089, -0.7500000000000001110 ) ) ;
#546 = PLANE ( 'NONE',  #1420 ) ;
#547 = CARTESIAN_POINT ( 'NONE',  ( 1.179142135623730825, 2.500000000000000000, -0.7400000000000001021 ) ) ;
#548 = EDGE_CURVE ( 'NONE', #1884, #2738, #2574, .T. ) ;
#549 = LINE ( 'NONE', #3214, #474 ) ;
#550 = DIRECTION ( 'NONE',  ( 0.000000000000000000, -1.000000000000000000, 0.000000000000000000 ) ) ;
#551 = CARTESIAN_POINT ( 'NONE',  ( 0.6708578643762689309, 0.01000000000000002623, -1.250000000000000000 ) ) ;
#552 = ORIENTED_EDGE ( 'NONE', *, *, #952, .F. ) ;
#553 = EDGE_LOOP ( 'NONE', ( #1808, #3477, #3351, #3760 ) ) ;
#554 = AXIS2_PLACEMENT_3D ( 'NONE', #1347, #1365, #784 ) ;
#555 = EDGE_CURVE ( 'NONE', #1450, #1705, #1882, .T. ) ;
#556 = CARTESIAN_POINT ( 'NONE',  ( 0.6708578643762688198, 0.01000000000000002623, -1.239999999999999991 ) ) ;
#557 = ADVANCED_FACE ( 'NONE', ( #1955 ), #3135, .T. ) ;
#558 = CARTESIAN_POINT ( 'NONE',  ( 1.260000000000000009, 0.5000000000000000000, -0.7500000000000001110 ) ) ;
#559 = CIRCLE ( 'NONE', #3207, 0.02000000000000005246 ) ;
#560 = FACE_OUTER_BOUND ( 'NONE', #864, .T. ) ;
#561 = CARTESIAN_POINT ( 'NONE',  ( 1.172071067811865985, 0.5000000000000000000, 0.7529289321881346142 ) ) ;
#562 = ORIENTED_EDGE ( 'NONE', *, *, #2008, .T. ) ;
#563 = CARTESIAN_POINT ( 'NONE',  ( 1.179142135623731491, 2.490000000000000213, 0.7500000000000001110 ) ) ;
#564 = VERTEX_POINT ( 'NONE', #3449 ) ;
#565 = CARTESIAN_POINT ( 'NONE',  ( -1.172071067811865763, 2.500000000000000000, -0.7529289321881342811 ) ) ;
#566 = DIRECTION ( 'NONE',  ( 0.000000000000000000, 0.000000000000000000, 1.000000000000000000 ) ) ;
#567 = CARTESIAN_POINT ( 'NONE',  ( 1.165000000000000480, 2.500000000000000000, 0.5099999999999992317 ) ) ;
#568 = CARTESIAN_POINT ( 'NONE',  ( 1.179142135623731491, 0.5000000000000000000, 0.7600000000000001199 ) ) ;
#569 = VERTEX_POINT ( 'NONE', #1334 ) ;
#570 = VECTOR ( 'NONE', #3231, 1000.000000000000114 ) ;
#571 = DIRECTION ( 'NONE',  ( -1.694065894508600678E-16, 0.000000000000000000, -1.000000000000000000 ) ) ;
#572 = PRESENTATION_STYLE_ASSIGNMENT (( #3793 ) ) ;
#573 = PRODUCT_DEFINITION ( 'UNKNOWN', '', #522, #3254 ) ;
#574 = APPLICATION_PROTOCOL_DEFINITION ( 'draft international standard', 'automotive_design', 1998, #3493 ) ;
#575 = CARTESIAN_POINT ( 'NONE',  ( -0.3200000000000000622, 2.490000000000000213, 0.3199999999999999512 ) ) ;
#576 = VERTEX_POINT ( 'NONE', #2829 ) ;
#577 = AXIS2_PLACEMENT_3D ( 'NONE', #1065, #3729, #1661 ) ;
#578 = ORIENTED_EDGE ( 'NONE', *, *, #256, .F. ) ;
#579 = DIRECTION ( 'NONE',  ( 0.7071067811865475727, 0.000000000000000000, 0.7071067811865474617 ) ) ;
#580 = CARTESIAN_POINT ( 'NONE',  ( 0.6708578643762687088, 0.000000000000000000, -1.239999999999999991 ) ) ;
#581 = CARTESIAN_POINT ( 'NONE',  ( 1.269999999999999796, 2.489999999999999769, -0.7500000000000001110 ) ) ;
#582 = EDGE_CURVE ( 'NONE', #921, #1258, #3737, .T. ) ;
#583 = ADVANCED_FACE ( 'NONE', ( #2501 ), #3727, .T. ) ;
#584 = DIRECTION ( 'NONE',  ( 0.7071067811865479058, -0.000000000000000000, 0.7071067811865472397 ) ) ;
#585 = EDGE_LOOP ( 'NONE', ( #3687, #1948, #2236, #688 ) ) ;
#586 = VECTOR ( 'NONE', #1765, 1000.000000000000000 ) ;
#587 = ORIENTED_EDGE ( 'NONE', *, *, #3743, .F. ) ;
#588 = DIRECTION ( 'NONE',  ( 1.694065894508600678E-16, 0.000000000000000000, 1.000000000000000000 ) ) ;
#589 = VECTOR ( 'NONE', #966, 1000.000000000000000 ) ;
#590 = DIRECTION ( 'NONE',  ( -1.000000000000000000, 0.000000000000000000, 0.000000000000000000 ) ) ;
#591 = CARTESIAN_POINT ( 'NONE',  ( -0.7200000000000010836, 0.5000000000000000000, 0.7200000000000009726 ) ) ;
#592 = VECTOR ( 'NONE', #538, 1000.000000000000000 ) ;
#593 = ADVANCED_FACE ( 'NONE', ( #777 ), #198, .T. ) ;
#594 = DIRECTION ( 'NONE',  ( -0.7071067811865474617, 0.000000000000000000, -0.7071067811865474617 ) ) ;
#595 = VERTEX_POINT ( 'NONE', #2529 ) ;
#596 = ITEM_DEFINED_TRANSFORMATION ( 'NONE', 'NONE', #156,  #3783 ) ;
#597 = DIRECTION ( 'NONE',  ( 0.000000000000000000, 0.000000000000000000, -1.000000000000000000 ) ) ;
#598 = AXIS2_PLACEMENT_3D ( 'NONE', #2192, #2117, #3306 ) ;
#599 = ORIENTED_EDGE ( 'NONE', *, *, #2667, .T. ) ;
#600 = DIRECTION ( 'NONE',  ( -0.7071067811865474617, 0.000000000000000000, 0.7071067811865474617 ) ) ;
#601 = FACE_OUTER_BOUND ( 'NONE', #163, .T. ) ;
#602 = AXIS2_PLACEMENT_3D ( 'NONE', #2665, #3772, #1219 ) ;
#603 = LINE ( 'NONE', #5, #2608 ) ;
#604 = PRODUCT_DEFINITION_SHAPE ( 'NONE', 'NONE',  #3709 ) ;
#605 = CARTESIAN_POINT ( 'NONE',  ( 1.270000000000000240, 2.350000000000000089, 0.4999999999999991673 ) ) ;
#606 = EDGE_LOOP ( 'NONE', ( #873, #339, #696, #2432, #1611, #795, #482, #3130 ) ) ;
#607 = ORIENTED_EDGE ( 'NONE', *, *, #344, .F. ) ;
#608 = LINE ( 'NONE', #2939, #3289 ) ;
#609 = EDGE_CURVE ( 'NONE', #1723, #3721, #2258, .T. ) ;
#610 = DIRECTION ( 'NONE',  ( 1.694065894508600678E-16, -0.000000000000000000, 1.000000000000000000 ) ) ;
#611 = DIRECTION ( 'NONE',  ( -1.694065894508600678E-16, 0.000000000000000000, -1.000000000000000000 ) ) ;
#612 = VECTOR ( 'NONE', #3549, 1000.000000000000000 ) ;
#613 = DIRECTION ( 'NONE',  ( 0.7071067811865477948, 0.000000000000000000, -0.7071067811865473507 ) ) ;
#614 = EDGE_CURVE ( 'NONE', #3702, #2163, #1199, .T. ) ;
#615 = CARTESIAN_POINT ( 'NONE',  ( 10.16000000000000192, -2.200000000000000622, -2.075682052463132844E-15 ) ) ;
#616 = LINE ( 'NONE', #3488, #2240 ) ;
#617 = ORIENTED_EDGE ( 'NONE', *, *, #2865, .T. ) ;
#618 = CARTESIAN_POINT ( 'NONE',  ( 1.270000000000000240, 2.500000000000000000, 0.7400000000000001021 ) ) ;
#619 = ORIENTED_EDGE ( 'NONE', *, *, #3224, .F. ) ;
#620 = LINE ( 'NONE', #42, #2131 ) ;
#621 = FACE_OUTER_BOUND ( 'NONE', #81, .T. ) ;
#622 = VERTEX_POINT ( 'NONE', #3673 ) ;
#623 = VECTOR ( 'NONE', #1665, 1000.000000000000000 ) ;
#624 = VECTOR ( 'NONE', #85, 1000.000000000000000 ) ;
#625 = VERTEX_POINT ( 'NONE', #2198 ) ;
#626 = ORIENTED_EDGE ( 'NONE', *, *, #2081, .F. ) ;
#627 = FACE_OUTER_BOUND ( 'NONE', #194, .T. ) ;
#628 = FACE_OUTER_BOUND ( 'NONE', #606, .T. ) ;
#629 = PLANE ( 'NONE',  #2204 ) ;
#630 = ADVANCED_FACE ( 'NONE', ( #3708 ), #2212, .T. ) ;
#631 = ORIENTED_EDGE ( 'NONE', *, *, #700, .F. ) ;
#632 = CARTESIAN_POINT ( 'NONE',  ( 0.3199202969641256056, 0.3462721118061212189, -0.3112600429262813440 ) ) ;
#633 =( BOUNDED_CURVE ( )  B_SPLINE_CURVE ( 3, ( #1824, #2171, #3379, #998 ),
 .UNSPECIFIED., .F., .T. ) 
 B_SPLINE_CURVE_WITH_KNOTS ( ( 4, 4 ),
 ( 3.141592653589793116, 3.267932781228569006 ),
 .UNSPECIFIED. ) 
 CURVE ( )  GEOMETRIC_REPRESENTATION_ITEM ( )  RATIONAL_B_SPLINE_CURVE ( ( 1.000000000000000000, 0.9986702899464854344, 0.9986702899464854344, 1.000000000000000000 ) ) 
 REPRESENTATION_ITEM ( '' )  );
#634 = DIRECTION ( 'NONE',  ( 0.000000000000000000, 0.000000000000000000, -1.000000000000000000 ) ) ;
#635 = PRODUCT ( 'header-2.54-1x5', 'header-2.54-1x5', '', ( #1195 ) ) ;
#636 = LINE ( 'NONE', #3794, #586 ) ;
#637 = ORIENTED_EDGE ( 'NONE', *, *, #2464, .T. ) ;
#638 = PLANE ( 'NONE',  #3244 ) ;
#639 = CARTESIAN_POINT ( 'NONE',  ( 0.3099999999999999978, 11.15358983848622287, 0.3200000000000000622 ) ) ;
#640 = LINE ( 'NONE', #2992, #3471 ) ;
#641 = ORIENTED_EDGE ( 'NONE', *, *, #487, .F. ) ;
#642 = CIRCLE ( 'NONE', #946, 0.01000000000000002623 ) ;
#643 = DIRECTION ( 'NONE',  ( -0.000000000000000000, -1.000000000000000000, -0.000000000000000000 ) ) ;
#644 = ORIENTED_EDGE ( 'NONE', *, *, #2085, .T. ) ;
#645 = CYLINDRICAL_SURFACE ( 'NONE', #208, 0.009999999999999998473 ) ;
#646 = CARTESIAN_POINT ( 'NONE',  ( -5.820453768080105291E-16, 2.500000000000000000, 0.5100000000000004530 ) ) ;
#647 = DIRECTION ( 'NONE',  ( -1.000000000000000000, 0.000000000000000000, 0.000000000000000000 ) ) ;
#648 = CARTESIAN_POINT ( 'NONE',  ( -0.3104214140871993655, 0.3464101615137729073, -0.3199999999999999512 ) ) ;
#649 = AXIS2_PLACEMENT_3D ( 'NONE', #2530, #1608, #1063 ) ;
#650 = ORIENTED_EDGE ( 'NONE', *, *, #331, .F. ) ;
#651 = VECTOR ( 'NONE', #3571, 1000.000000000000000 ) ;
#652 = CARTESIAN_POINT ( 'NONE',  ( 1.260000000000000009, 2.490000000000000213, -3.642919299551295391E-16 ) ) ;
#653 = FACE_OUTER_BOUND ( 'NONE', #2153, .T. ) ;
#654 = ADVANCED_FACE ( 'NONE', ( #1062 ), #3388, .F. ) ;
#655 = VERTEX_POINT ( 'NONE', #468 ) ;
#656 =( BOUNDED_CURVE ( )  B_SPLINE_CURVE ( 3, ( #426, #1878, #1233, #2476 ),
 .UNSPECIFIED., .F., .T. ) 
 B_SPLINE_CURVE_WITH_KNOTS ( ( 4, 4 ),
 ( 4.712388980384680792, 6.283185307179586232 ),
 .UNSPECIFIED. ) 
 CURVE ( )  GEOMETRIC_REPRESENTATION_ITEM ( )  RATIONAL_B_SPLINE_CURVE ( ( 1.000000000000000000, 0.8047378541243628280, 0.8047378541243628280, 1.000000000000000000 ) ) 
 REPRESENTATION_ITEM ( '' )  );
#657 = CARTESIAN_POINT ( 'NONE',  ( -0.3200000000000001177, 0.9000000000000002442, -0.3200000000000000622 ) ) ;
#659 = VECTOR ( 'NONE', #148, 1000.000000000000114 ) ;
#658 = CARTESIAN_POINT ( 'NONE',  ( 0.000000000000000000, 11.50000000000000000, 0.1142264973081031781 ) ) ;
#660 = ORIENTED_EDGE ( 'NONE', *, *, #3711, .F. ) ;
#661 = EDGE_CURVE ( 'NONE', #2355, #357, #1587, .T. ) ;
#662 = EDGE_CURVE ( 'NONE', #2355, #1277, #2782, .T. ) ;
#663 = EDGE_CURVE ( 'NONE', #1086, #714, #306, .T. ) ;
#664 =( REPRESENTATION_RELATIONSHIP ('NONE','NONE', #1150, #1120 ) REPRESENTATION_RELATIONSHIP_WITH_TRANSFORMATION ( #2339 )SHAPE_REPRESENTATION_RELATIONSHIP( ) );
#665 = FACE_OUTER_BOUND ( 'NONE', #1914, .T. ) ;
#666 = ORIENTED_EDGE ( 'NONE', *, *, #3176, .T. ) ;
#667 = PRODUCT_DEFINITION_SHAPE ( 'NONE', 'NONE',  #3808 ) ;
#668 = ORIENTED_EDGE ( 'NONE', *, *, #1529, .T. ) ;
#669 = DIRECTION ( 'NONE',  ( -0.000000000000000000, 1.000000000000000000, -0.000000000000000000 ) ) ;
#670 = CARTESIAN_POINT ( 'NONE',  ( -1.269999999999999796, 2.490000000000000213, -0.5000000000000008882 ) ) ;
#671 = CARTESIAN_POINT ( 'NONE',  ( -0.3199202969641256056, 11.15372788819387395, 0.3112600429262813995 ) ) ;
#672 = CARTESIAN_POINT ( 'NONE',  ( 1.175000000000000711, 0.01000000000000002623, 0.7499999999999998890 ) ) ;
#673 = ORIENTED_EDGE ( 'NONE', *, *, #1949, .T. ) ;
#674 = DIRECTION ( 'NONE',  ( -0.5773502691896260641, 0.5773502691896250649, 0.5773502691896261751 ) ) ;
#675 = CARTESIAN_POINT ( 'NONE',  ( 0.3299999999999999600, 2.490000000000000213, -0.3200000000000000622 ) ) ;
#676 = ORIENTED_EDGE ( 'NONE', *, *, #1053, .T. ) ;
#677 = VECTOR ( 'NONE', #2901, 1000.000000000000000 ) ;
#678 = CARTESIAN_POINT ( 'NONE',  ( -0.6708578643762688198, 2.500000000000000000, 1.240000000000000657 ) ) ;
#679 = DIRECTION ( 'NONE',  ( 0.000000000000000000, -0.000000000000000000, 1.000000000000000000 ) ) ;
#680 = ORIENTED_EDGE ( 'NONE', *, *, #2841, .F. ) ;
#681 = EDGE_CURVE ( 'NONE', #564, #430, #1659, .T. ) ;
#682 = EDGE_CURVE ( 'NONE', #1387, #2480, #2625, .T. ) ;
#683 = CARTESIAN_POINT ( 'NONE',  ( 1.260000000000000231, 2.500000000000000000, 0.4999999999999986122 ) ) ;
#684 = ORIENTED_EDGE ( 'NONE', *, *, #2658, .T. ) ;
#685 = PRESENTATION_LAYER_ASSIGNMENT (  '', '', ( #1305 ) ) ;
#686 = CARTESIAN_POINT ( 'NONE',  ( 0.000000000000000000, 2.500000000000000000, -0.5100000000000008971 ) ) ;
#687 = CARTESIAN_POINT ( 'NONE',  ( 1.269999999999999796, 2.489999999999999769, -0.7500000000000001110 ) ) ;
#688 = ORIENTED_EDGE ( 'NONE', *, *, #2513, .F. ) ;
#689 = ADVANCED_BREP_SHAPE_REPRESENTATION ( '', ( #2833, #3783 ), #1080 ) ;
#690 = FACE_OUTER_BOUND ( 'NONE', #3746, .T. ) ;
#691 = CARTESIAN_POINT ( 'NONE',  ( -0.1142264973081031643, 11.50000000000000000, 0.1142264973081031781 ) ) ;
#692 = LINE ( 'NONE', #902, #3444 ) ;
#693 = ORIENTED_EDGE ( 'NONE', *, *, #1729, .F. ) ;
#694 = CARTESIAN_POINT ( 'NONE',  ( -0.1228867513459475369, 11.49499999999999922, 2.081782543421286098E-17 ) ) ;
#695 = CARTESIAN_POINT ( 'NONE',  ( 0.1142264973081030810, 11.50000000000000000, -1.935072133388359121E-17 ) ) ;
#696 = ORIENTED_EDGE ( 'NONE', *, *, #1527, .F. ) ;
#697 = ORIENTED_EDGE ( 'NONE', *, *, #3337, .T. ) ;
#698 = DIRECTION ( 'NONE',  ( 1.000000000000000000, 0.000000000000000000, 0.000000000000000000 ) ) ;
#699 = ORIENTED_EDGE ( 'NONE', *, *, #2087, .F. ) ;
#700 = EDGE_CURVE ( 'NONE', #2078, #3641, #505, .T. ) ;
#701 = AXIS2_PLACEMENT_3D ( 'NONE', #1221, #2160, #2403 ) ;
#702 = ORIENTED_EDGE ( 'NONE', *, *, #3057, .T. ) ;
#703 = CARTESIAN_POINT ( 'NONE',  ( 0.6708578643762689309, 2.490000000000000213, -1.250000000000000000 ) ) ;
#704 = DIRECTION ( 'NONE',  ( 0.000000000000000000, -1.000000000000000000, 0.000000000000000000 ) ) ;
#705 = ORIENTED_EDGE ( 'NONE', *, *, #334, .F. ) ;
#706 = EDGE_CURVE ( 'NONE', #1891, #769, #3104, .T. ) ;
#707 = CARTESIAN_POINT ( 'NONE',  ( -1.991719546491890275E-16, 2.500000000000000000, -1.239999999999999769 ) ) ;
#708 = CONTEXT_DEPENDENT_SHAPE_REPRESENTATION ( #1002, #2974 ) ;
#709 = FACE_OUTER_BOUND ( 'NONE', #3348, .T. ) ;
#710 = AXIS2_PLACEMENT_3D ( 'NONE', #789, #1094, #3137 ) ;
#711 = DIRECTION ( 'NONE',  ( 0.000000000000000000, -0.000000000000000000, 1.000000000000000000 ) ) ;
#712 = DIRECTION ( 'NONE',  ( 0.000000000000000000, 1.000000000000000000, 0.000000000000000000 ) ) ;
#713 = CIRCLE ( 'NONE', #2866, 0.01000000000000002623 ) ;
#714 = VERTEX_POINT ( 'NONE', #2818 ) ;
#715 = VERTEX_POINT ( 'NONE', #1677 ) ;
#716 = CARTESIAN_POINT ( 'NONE',  ( -0.6708578643762688198, 2.500000000000000000, 1.250000000000000666 ) ) ;
#717 = ORIENTED_EDGE ( 'NONE', *, *, #1115, .T. ) ;
#718 = AXIS2_PLACEMENT_3D ( 'NONE', #2421, #3029, #77 ) ;
#719 = ORIENTED_EDGE ( 'NONE', *, *, #681, .F. ) ;
#720 = DIRECTION ( 'NONE',  ( -0.000000000000000000, 1.000000000000000000, -0.000000000000000000 ) ) ;
#721 = CARTESIAN_POINT ( 'NONE',  ( 0.3299999999999999600, 2.500000000000000000, 0.3300000000000000155 ) ) ;
#722 = EDGE_CURVE ( 'NONE', #2701, #2976, #2857, .T. ) ;
#723 = ORIENTED_EDGE ( 'NONE', *, *, #3647, .F. ) ;
#724 = ADVANCED_FACE ( 'NONE', ( #2873 ), #521, .F. ) ;
#725 = DIRECTION ( 'NONE',  ( 1.694065894508600678E-16, -0.000000000000000000, 1.000000000000000000 ) ) ;
#726 = ADVANCED_FACE ( 'NONE', ( #560 ), #3573, .T. ) ;
#727 = DIRECTION ( 'NONE',  ( 0.4472135954999594820, 0.7745966692414817389, 0.4472135954999594265 ) ) ;
#728 = SPHERICAL_SURFACE ( 'NONE', #1771, 0.01000000000000000021 ) ;
#729 = ADVANCED_FACE ( 'NONE', ( #2285 ), #1998, .F. ) ;
#730 = CARTESIAN_POINT ( 'NONE',  ( -1.164999999999999813, 2.490000000000000213, 0.7458578643762696636 ) ) ;
#731 = VERTEX_POINT ( 'NONE', #831 ) ;
#732 = CIRCLE ( 'NONE', #1229, 0.01000000000000000021 ) ;
#733 = AXIS2_PLACEMENT_3D ( 'NONE', #1517, #3233, #2395 ) ;
#734 = VERTEX_POINT ( 'NONE', #3474 ) ;
#735 = VERTEX_POINT ( 'NONE', #1984 ) ;
#736 = DIRECTION ( 'NONE',  ( 0.000000000000000000, 0.000000000000000000, -1.000000000000000000 ) ) ;
#737 = CARTESIAN_POINT ( 'NONE',  ( -0.1142264973081032059, 11.49000000000000021, -0.1142264973081030810 ) ) ;
#738 = CARTESIAN_POINT ( 'NONE',  ( 1.260000000000000231, 2.500000000000000000, 0.7400000000000001021 ) ) ;
#739 = EDGE_CURVE ( 'NONE', #1214, #221, #537, .T. ) ;
#740 = ORIENTED_EDGE ( 'NONE', *, *, #555, .F. ) ;
#741 = AXIS2_PLACEMENT_3D ( 'NONE', #3544, #2679, #37 ) ;
#742 = VERTEX_POINT ( 'NONE', #1099 ) ;
#743 = DIRECTION ( 'NONE',  ( 0.8660254037844374864, 0.5000000000000019984, -1.467104100329255226E-16 ) ) ;
#744 = CIRCLE ( 'NONE', #3402, 0.01000000000000001409 ) ;
#745 = DIRECTION ( 'NONE',  ( -0.000000000000000000, 0.000000000000000000, -1.000000000000000000 ) ) ;
#746 = EDGE_CURVE ( 'NONE', #2120, #3033, #2881, .T. ) ;
#747 = CARTESIAN_POINT ( 'NONE',  ( -0.1142264973081042051, 0.000000000000000000, -0.1142264973081040941 ) ) ;
#748 = CARTESIAN_POINT ( 'NONE',  ( -0.3199202969641257721, 0.3462721118061212189, 0.3112600429262815105 ) ) ;
#749 = CARTESIAN_POINT ( 'NONE',  ( 2.540000000000000480, -2.200000000000000622, -8.441811648614345412E-16 ) ) ;
#750 = EDGE_LOOP ( 'NONE', ( #827, #1353, #740, #1360 ) ) ;
#751 = VERTEX_POINT ( 'NONE', #3201 ) ;
#752 = DIRECTION ( 'NONE',  ( 0.000000000000000000, 0.000000000000000000, -1.000000000000000000 ) ) ;
#753 = EDGE_LOOP ( 'NONE', ( #1694, #1371, #1609, #1531, #143 ) ) ;
#754 = DIRECTION ( 'NONE',  ( 0.000000000000000000, 0.000000000000000000, 1.000000000000000000 ) ) ;
#755 = CARTESIAN_POINT ( 'NONE',  ( -1.175000000000000044, 2.490000000000000213, -0.5000000000000008882 ) ) ;
#756 = LINE ( 'NONE', #2891, #1568 ) ;
#757 = VECTOR ( 'NONE', #536, 1000.000000000000000 ) ;
#758 = VERTEX_POINT ( 'NONE', #251 ) ;
#759 = DIRECTION ( 'NONE',  ( 1.000000000000000000, -0.000000000000000000, -0.000000000000000000 ) ) ;
#760 = DIRECTION ( 'NONE',  ( -1.000000000000000000, 0.000000000000000000, 0.000000000000000000 ) ) ;
#761 = CARTESIAN_POINT ( 'NONE',  ( 0.1142264973081031088, 11.49000000000000021, -0.1142264973081030394 ) ) ;
#762 = ORIENTED_EDGE ( 'NONE', *, *, #1682, .T. ) ;
#763 = CARTESIAN_POINT ( 'NONE',  ( 1.270000000000000018, 2.350000000000000089, 0.4999999999999986122 ) ) ;
#764 = DIRECTION ( 'NONE',  ( 0.000000000000000000, 0.000000000000000000, 1.000000000000000000 ) ) ;
#765 = EDGE_CURVE ( 'NONE', #2227, #622, #2020, .T. ) ;
#766 = CYLINDRICAL_SURFACE ( 'NONE', #710, 0.01000000000000002623 ) ;
#767 = ORIENTED_EDGE ( 'NONE', *, *, #3510, .F. ) ;
#768 = CIRCLE ( 'NONE', #2554, 0.01000000000000000715 ) ;
#769 = VERTEX_POINT ( 'NONE', #1416 ) ;
#770 = TOROIDAL_SURFACE ( 'NONE', #471, 0.02000000000000000042, 0.01000000000000000021 ) ;
#771 = VECTOR ( 'NONE', #3515, 1000.000000000000000 ) ;
#772 = EDGE_CURVE ( 'NONE', #2337, #3312, #895, .T. ) ;
#773 = EDGE_CURVE ( 'NONE', #2480, #2652, #281, .T. ) ;
#774 = FACE_OUTER_BOUND ( 'NONE', #2525, .T. ) ;
#775 = ORIENTED_EDGE ( 'NONE', *, *, #3510, .T. ) ;
#776 =( BOUNDED_CURVE ( )  B_SPLINE_CURVE ( 3, ( #3429, #2553, #436, #1929 ),
 .UNSPECIFIED., .F., .T. ) 
 B_SPLINE_CURVE_WITH_KNOTS ( ( 4, 4 ),
 ( 3.141592653589793116, 4.712388980384689674 ),
 .UNSPECIFIED. ) 
 CURVE ( )  GEOMETRIC_REPRESENTATION_ITEM ( )  RATIONAL_B_SPLINE_CURVE ( ( 1.000000000000000000, 0.8047378541243649375, 0.8047378541243649375, 1.000000000000000000 ) ) 
 REPRESENTATION_ITEM ( '' )  );
#777 = FACE_OUTER_BOUND ( 'NONE', #3051, .T. ) ;
#778 = DIRECTION ( 'NONE',  ( -1.000000000000000000, -0.000000000000000000, 1.606225440719265874E-16 ) ) ;
#779 = AXIS2_PLACEMENT_3D ( 'NONE', #130, #3045, #407 ) ;
#780 = FACE_OUTER_BOUND ( 'NONE', #1270, .T. ) ;
#781 = ORIENTED_EDGE ( 'NONE', *, *, #252, .F. ) ;
#782 = EDGE_LOOP ( 'NONE', ( #236, #444, #2053, #53 ) ) ;
#783 = CARTESIAN_POINT ( 'NONE',  ( -0.6708578643762688198, 2.490000000000000213, -1.239999999999999769 ) ) ;
#784 = DIRECTION ( 'NONE',  ( 0.000000000000000000, 0.000000000000000000, -1.000000000000000000 ) ) ;
#785 = AXIS2_PLACEMENT_3D ( 'NONE', #1419, #2590, #2904 ) ;
#786 = DIRECTION ( 'NONE',  ( 0.000000000000000000, 0.000000000000000000, 1.000000000000000000 ) ) ;
#787 = DIRECTION ( 'NONE',  ( -0.7071067811865475727, 0.000000000000000000, -0.7071067811865475727 ) ) ;
#788 = DIRECTION ( 'NONE',  ( 0.000000000000000000, 0.000000000000000000, 1.000000000000000000 ) ) ;
#789 = CARTESIAN_POINT ( 'NONE',  ( -0.6708578643762688198, 2.500000000000000000, -1.239999999999999769 ) ) ;
#790 = ADVANCED_FACE ( 'NONE', ( #3563 ), #1477, .F. ) ;
#791 = ORIENTED_EDGE ( 'NONE', *, *, #3522, .T. ) ;
#792 = DIRECTION ( 'NONE',  ( 1.000000000000000000, 0.000000000000000000, 0.000000000000000000 ) ) ;
#793 = FACE_OUTER_BOUND ( 'NONE', #359, .T. ) ;
#794 = VECTOR ( 'NONE', #2441, 1000.000000000000000 ) ;
#795 = ORIENTED_EDGE ( 'NONE', *, *, #1404, .F. ) ;
#796 = ADVANCED_FACE ( 'NONE', ( #2064 ), #1189, .T. ) ;
#797 = EDGE_CURVE ( 'NONE', #3654, #1591, #1708, .T. ) ;
#798 = AXIS2_PLACEMENT_3D ( 'NONE', #3210, #1495, #2673 ) ;
#799 = PLANE ( 'NONE',  #3319 ) ;
#800 = CARTESIAN_POINT ( 'NONE',  ( -0.08907179676972414029, 11.53356921938165236, 0.08907179676972415416 ) ) ;
#801 = CARTESIAN_POINT ( 'NONE',  ( 1.175000000000000044, 2.490000000000000213, -0.5000000000000011102 ) ) ;
#802 = VERTEX_POINT ( 'NONE', #1167 ) ;
#803 = ORIENTED_EDGE ( 'NONE', *, *, #2487, .F. ) ;
#804 = DIRECTION ( 'NONE',  ( 0.000000000000000000, 0.000000000000000000, 1.000000000000000000 ) ) ;
#805 = CARTESIAN_POINT ( 'NONE',  ( 0.3199999999999998956, 0.9000000000000002442, 0.3199999999999999512 ) ) ;
#806 = AXIS2_PLACEMENT_3D ( 'NONE', #3203, #1731, #253 ) ;
#807 = DIRECTION ( 'NONE',  ( -1.000000000000000000, 0.000000000000000000, 0.000000000000000000 ) ) ;
#808 = CARTESIAN_POINT ( 'NONE',  ( 1.269999999999999796, 2.350000000000000089, -0.5000000000000011102 ) ) ;
#809 = VECTOR ( 'NONE', #674, 999.9999999999998863 ) ;
#810 =( NAMED_UNIT ( * ) SI_UNIT ( $, .STERADIAN. ) SOLID_ANGLE_UNIT ( ) );
#811 = EDGE_LOOP ( 'NONE', ( #3213, #2424, #2583, #3013 ) ) ;
#812 = VERTEX_POINT ( 'NONE', #3520 ) ;
#813 =( NAMED_UNIT ( * ) PLANE_ANGLE_UNIT ( ) SI_UNIT ( $, .RADIAN. ) );
#814 = FACE_OUTER_BOUND ( 'NONE', #119, .T. ) ;
#815 = DIRECTION ( 'NONE',  ( -0.000000000000000000, 1.000000000000000000, -0.000000000000000000 ) ) ;
#816 = DIRECTION ( 'NONE',  ( -1.141265444721588244E-15, 0.000000000000000000, 1.000000000000000000 ) ) ;
#817 = EDGE_CURVE ( 'NONE', #2652, #3164, #2941, .T. ) ;
#818 = ORIENTED_EDGE ( 'NONE', *, *, #2455, .T. ) ;
#819 = ORIENTED_EDGE ( 'NONE', *, *, #1849, .F. ) ;
#820 = CARTESIAN_POINT ( 'NONE',  ( 0.6679289321881348718, 0.000000000000000000, 1.242928932188134938 ) ) ;
#821 = CARTESIAN_POINT ( 'NONE',  ( -1.269999999999999796, 0.5100000000000000089, -0.7499999999999997780 ) ) ;
#822 = VECTOR ( 'NONE', #3161, 1000.000000000000000 ) ;
#823 = CYLINDRICAL_SURFACE ( 'NONE', #1290, 0.01000000000000002623 ) ;
#824 = AXIS2_PLACEMENT_3D ( 'NONE', #2843, #2313, #3498 ) ;
#825 = ADVANCED_FACE ( 'NONE', ( #912 ), #2314, .T. ) ;
#826 = CARTESIAN_POINT ( 'NONE',  ( -1.269999999999999574, 2.350000000000000089, 0.4999999999999990563 ) ) ;
#827 = ORIENTED_EDGE ( 'NONE', *, *, #1389, .T. ) ;
#828 = CARTESIAN_POINT ( 'NONE',  ( 0.1228867513459474259, 11.49499999999999922, -0.1142264973081031781 ) ) ;
#829 = AXIS2_PLACEMENT_3D ( 'NONE', #2304, #272, #3492 ) ;
#830 = AXIS2_PLACEMENT_3D ( 'NONE', #2850, #516, #3175 ) ;
#831 = CARTESIAN_POINT ( 'NONE',  ( -1.259999999999999787, 2.500000000000000000, 0.7400000000000004352 ) ) ;
#832 = PRESENTATION_LAYER_ASSIGNMENT (  '', '', ( #1816 ) ) ;
#833 = ORIENTED_EDGE ( 'NONE', *, *, #1118, .F. ) ;
#834 = CARTESIAN_POINT ( 'NONE',  ( 1.170857864376269042, 2.500000000000000000, -0.5041421356237320017 ) ) ;
#835 = ORIENTED_EDGE ( 'NONE', *, *, #1682, .F. ) ;
#836 = DIRECTION ( 'NONE',  ( -0.7071067811865473507, -0.000000000000000000, 0.7071067811865477948 ) ) ;
#837 = CARTESIAN_POINT ( 'NONE',  ( 0.3199999999999998956, 0.000000000000000000, -0.3200000000000000622 ) ) ;
#838 = CARTESIAN_POINT ( 'NONE',  ( -1.179142135623730825, 2.490000000000000213, 0.7400000000000004352 ) ) ;
#839 = EDGE_CURVE ( 'NONE', #3296, #3120, #1836, .T. ) ;
#840 = DIRECTION ( 'NONE',  ( -2.710505431213871526E-15, 1.000000000000000000, -8.673617379884388882E-14 ) ) ;
#841 = EDGE_CURVE ( 'NONE', #917, #3666, #3763, .T. ) ;
#842 = CARTESIAN_POINT ( 'NONE',  ( -0.6708578643762688198, 2.500000000000000000, 1.240000000000000657 ) ) ;
#843 = LINE ( 'NONE', #2012, #1206 ) ;
#844 = ORIENTED_EDGE ( 'NONE', *, *, #2345, .F. ) ;
#845 = CARTESIAN_POINT ( 'NONE',  ( -0.3199733969465143879, 11.15363591632649509, 0.3108419876365758894 ) ) ;
#846 = PLANE ( 'NONE',  #1582 ) ;
#847 = LINE ( 'NONE', #2017, #1332 ) ;
#848 = DIRECTION ( 'NONE',  ( -1.000000000000000000, 0.000000000000000000, 1.606225440719265874E-16 ) ) ;
#849 = DIRECTION ( 'NONE',  ( 0.000000000000000000, 0.000000000000000000, -1.000000000000000000 ) ) ;
#850 = ORIENTED_EDGE ( 'NONE', *, *, #1730, .T. ) ;
#851 = CARTESIAN_POINT ( 'NONE',  ( -0.3112600429262814550, 0.3462721118061212189, 0.3199202969641258276 ) ) ;
#852 = AXIS2_PLACEMENT_3D ( 'NONE', #1588, #1852, #2765 ) ;
#853 = ORIENTED_EDGE ( 'NONE', *, *, #2578, .F. ) ;
#854 = CARTESIAN_POINT ( 'NONE',  ( -1.174999999999999822, 0.01000000000000002623, -0.7499999999999998890 ) ) ;
#855 = CARTESIAN_POINT ( 'NONE',  ( 0.1199999999999994404, 11.50000000000000000, -2.032879073410311569E-17 ) ) ;
#856 = EDGE_CURVE ( 'NONE', #3164, #111, #2005, .T. ) ;
#857 = DIRECTION ( 'NONE',  ( -1.000000000000000000, 0.000000000000000000, 0.000000000000000000 ) ) ;
#858 = DIRECTION ( 'NONE',  ( 5.007715329123870038E-14, 8.673617379884404028E-14, 1.000000000000000000 ) ) ;
#859 = ORIENTED_EDGE ( 'NONE', *, *, #2015, .F. ) ;
#860 = DIRECTION ( 'NONE',  ( -0.000000000000000000, 1.000000000000000000, -0.000000000000000000 ) ) ;
#861 = CARTESIAN_POINT ( 'NONE',  ( 10.16000000000000192, 0.000000000000000000, -1.642001183468930873E-15 ) ) ;
#862 = EDGE_CURVE ( 'NONE', #3753, #2520, #2647, .T. ) ;
#863 = LINE ( 'NONE', #2358, #1930 ) ;
#864 = EDGE_LOOP ( 'NONE', ( #2169, #889, #3489, #3066 ) ) ;
#865 = EDGE_CURVE ( 'NONE', #3384, #3753, #526, .T. ) ;
#866 = ORIENTED_EDGE ( 'NONE', *, *, #2559, .F. ) ;
#867 = VECTOR ( 'NONE', #759, 1000.000000000000000 ) ;
#868 = DIRECTION ( 'NONE',  ( 4.929469777106312783E-14, -8.538092108323715974E-14, 1.000000000000000000 ) ) ;
#869 = CARTESIAN_POINT ( 'NONE',  ( 1.269999999999999796, 2.490000000000000213, -0.5000000000000011102 ) ) ;
#870 = EDGE_CURVE ( 'NONE', #446, #3592, #3538, .T. ) ;
#871 = DIRECTION ( 'NONE',  ( 0.4472135954999866270, 0.7745966692414790744, 0.4472135954999368890 ) ) ;
#872 = VERTEX_POINT ( 'NONE', #1697 ) ;
#873 = ORIENTED_EDGE ( 'NONE', *, *, #2401, .F. ) ;
#874 = CARTESIAN_POINT ( 'NONE',  ( -0.1937320508075680847, 0.1277076581449563819, 0.1850717967697238509 ) ) ;
#875 = DIRECTION ( 'NONE',  ( -0.000000000000000000, 0.000000000000000000, -1.000000000000000000 ) ) ;
#876 = FACE_OUTER_BOUND ( 'NONE', #2840, .T. ) ;
#877 = CARTESIAN_POINT ( 'NONE',  ( 1.270000000000000240, 2.490000000000000213, 0.7500000000000001110 ) ) ;
#878 = ORIENTED_EDGE ( 'NONE', *, *, #1008, .F. ) ;
#879 = SURFACE_STYLE_FILL_AREA ( #3257 ) ;
#880 = LINE ( 'NONE', #2297, #953 ) ;
#881 = VECTOR ( 'NONE', #2106, 1000.000000000000000 ) ;
#882 = ORIENTED_EDGE ( 'NONE', *, *, #2922, .T. ) ;
#883 = FACE_OUTER_BOUND ( 'NONE', #1644, .T. ) ;
#884 = ADVANCED_FACE ( 'NONE', ( #2961 ), #320, .T. ) ;
#885 = DIRECTION ( 'NONE',  ( 0.000000000000000000, 0.000000000000000000, -1.000000000000000000 ) ) ;
#886 = EDGE_CURVE ( 'NONE', #1811, #2062, #1737, .T. ) ;
#887 = EDGE_CURVE ( 'NONE', #51, #2938, #1454, .T. ) ;
#888 = CYLINDRICAL_SURFACE ( 'NONE', #1081, 0.01000000000000002623 ) ;
#889 = ORIENTED_EDGE ( 'NONE', *, *, #1575, .T. ) ;
#890 = EDGE_CURVE ( 'NONE', #88, #2735, #1681, .T. ) ;
#891 = EDGE_CURVE ( 'NONE', #20, #357, #1123, .T. ) ;
#892 = ORIENTED_EDGE ( 'NONE', *, *, #3557, .F. ) ;
#893 = CARTESIAN_POINT ( 'NONE',  ( -0.3200000000000000622, 0.9000000000000002442, 0.3199999999999999512 ) ) ;
#894 = CIRCLE ( 'NONE', #2134, 0.01000000000000002623 ) ;
#895 = LINE ( 'NONE', #545, #3386 ) ;
#896 = LINE ( 'NONE', #1680, #2963 ) ;
#897 = VECTOR ( 'NONE', #584, 999.9999999999998863 ) ;
#898 = ORIENTED_EDGE ( 'NONE', *, *, #2637, .T. ) ;
#899 = CARTESIAN_POINT ( 'NONE',  ( -0.04749999999999893197, 0.5000000000000000000, 1.972499999999999920 ) ) ;
#900 = LINE ( 'NONE', #3767, #1873 ) ;
#901 = VECTOR ( 'NONE', #1861, 1000.000000000000000 ) ;
#902 = CARTESIAN_POINT ( 'NONE',  ( 0.6749999999999997113, 0.01000000000000002623, -1.250000000000000000 ) ) ;
#903 = ORIENTED_EDGE ( 'NONE', *, *, #2371, .F. ) ;
#904 = CARTESIAN_POINT ( 'NONE',  ( 0.1142264973081040663, 0.01000000000000000194, -0.1142264973081040941 ) ) ;
#905 = CYLINDRICAL_SURFACE ( 'NONE', #218, 0.01000000000000002623 ) ;
#906 = VECTOR ( 'NONE', #2407, 1000.000000000000000 ) ;
#907 = DIRECTION ( 'NONE',  ( 0.000000000000000000, 0.000000000000000000, -1.000000000000000000 ) ) ;
#908 = VERTEX_POINT ( 'NONE', #703 ) ;
#909 = ADVANCED_FACE ( 'NONE', ( #627 ), #1563, .F. ) ;
#910 = EDGE_LOOP ( 'NONE', ( #3101, #2688, #1260, #723 ) ) ;
#911 = DIRECTION ( 'NONE',  ( 0.7071067811865475727, 0.000000000000000000, 0.7071067811865475727 ) ) ;
#912 = FACE_OUTER_BOUND ( 'NONE', #2370, .T. ) ;
#913 = DIRECTION ( 'NONE',  ( 0.7071067811865477948, 0.000000000000000000, 0.7071067811865472397 ) ) ;
#914 = VECTOR ( 'NONE', #1776, 1000.000000000000000 ) ;
#915 = CIRCLE ( 'NONE', #481, 0.01000000000000002623 ) ;
#916 = CYLINDRICAL_SURFACE ( 'NONE', #2862, 0.009999999999999998473 ) ;
#917 = VERTEX_POINT ( 'NONE', #3599 ) ;
#918 = DIRECTION ( 'NONE',  ( -0.000000000000000000, 1.000000000000000000, -0.000000000000000000 ) ) ;
#919 = CARTESIAN_POINT ( 'NONE',  ( -0.6779289321881342145, 2.500000000000000000, 1.247071067811866163 ) ) ;
#920 = CARTESIAN_POINT ( 'NONE',  ( -0.3199202969641258276, 0.3462721118061212189, -0.3112600429262812884 ) ) ;
#921 = VERTEX_POINT ( 'NONE', #2430 ) ;
#922 =( BOUNDED_CURVE ( )  B_SPLINE_CURVE ( 3, ( #100, #1283, #2167, #3584 ),
 .UNSPECIFIED., .F., .T. ) 
 B_SPLINE_CURVE_WITH_KNOTS ( ( 4, 4 ),
 ( 3.141592653589793116, 4.712388980384689674 ),
 .UNSPECIFIED. ) 
 CURVE ( )  GEOMETRIC_REPRESENTATION_ITEM ( )  RATIONAL_B_SPLINE_CURVE ( ( 1.000000000000000000, 0.8047378541243649375, 0.8047378541243649375, 1.000000000000000000 ) ) 
 REPRESENTATION_ITEM ( '' )  );
#923 = CARTESIAN_POINT ( 'NONE',  ( 0.3200000000000000067, 11.50000000000000000, 0.3100000000000000533 ) ) ;
#924 = CYLINDRICAL_SURFACE ( 'NONE', #1635, 0.01000000000000002623 ) ;
#925 = DIRECTION ( 'NONE',  ( -0.7071067811865473507, -0.000000000000000000, 0.7071067811865477948 ) ) ;
#926 = ORIENTED_EDGE ( 'NONE', *, *, #93, .F. ) ;
#927 = CIRCLE ( 'NONE', #3587, 0.01000000000000002623 ) ;
#928 = CARTESIAN_POINT ( 'NONE',  ( -0.3199733969465144989, 0.3463640836734995232, -0.3108419876365758339 ) ) ;
#929 = VERTEX_POINT ( 'NONE', #2744 ) ;
#930 = CARTESIAN_POINT ( 'NONE',  ( -0.3200000000000001177, 0.3464101615137729628, -0.3099999999999999423 ) ) ;
#931 = CARTESIAN_POINT ( 'NONE',  ( -0.3300000000000001266, 2.500000000000000000, 0.3300000000000000155 ) ) ;
#932 = DIRECTION ( 'NONE',  ( -2.347366560526824138E-15, 4.065758146820642416E-15, 1.000000000000000000 ) ) ;
#933 = DIRECTION ( 'NONE',  ( 0.000000000000000000, 0.000000000000000000, -1.000000000000000000 ) ) ;
#934 = EDGE_CURVE ( 'NONE', #111, #1171, #257, .T. ) ;
#935 = FACE_OUTER_BOUND ( 'NONE', #3218, .T. ) ;
#936 = ORIENTED_EDGE ( 'NONE', *, *, #1024, .F. ) ;
#937 = CARTESIAN_POINT ( 'NONE',  ( -0.6708578643762688198, 0.01000000000000000021, 1.240000000000000657 ) ) ;
#938 = DIRECTION ( 'NONE',  ( 0.000000000000000000, 1.355252715606880740E-15, -1.000000000000000000 ) ) ;
#939 = LINE ( 'NONE', #618, #542 ) ;
#940 = EDGE_CURVE ( 'NONE', #1277, #20, #3269, .T. ) ;
#941 = ORIENTED_EDGE ( 'NONE', *, *, #934, .F. ) ;
#942 = CARTESIAN_POINT ( 'NONE',  ( 0.1228867513459484806, 0.004999999999999970614, 0.1142264973081040663 ) ) ;
#943 = CARTESIAN_POINT ( 'NONE',  ( 0.3199202969641257721, 0.3462721118061212744, 0.3112600429262813440 ) ) ;
#944 =( NAMED_UNIT ( * ) PLANE_ANGLE_UNIT ( ) SI_UNIT ( $, .RADIAN. ) );
#945 = MECHANICAL_DESIGN_GEOMETRIC_PRESENTATION_REPRESENTATION (  '', ( #2789 ), #2466 ) ;
#946 = AXIS2_PLACEMENT_3D ( 'NONE', #353, #3032, #2119 ) ;
#947 = DIRECTION ( 'NONE',  ( -1.000000000000000000, 0.000000000000000000, 0.000000000000000000 ) ) ;
#948 = ORIENTED_EDGE ( 'NONE', *, *, #48, .T. ) ;
#949 = CARTESIAN_POINT ( 'NONE',  ( 0.6708578643762693750, 0.01000000000000000021, 1.240000000000000435 ) ) ;
#950 = DIRECTION ( 'NONE',  ( 0.000000000000000000, 0.000000000000000000, 1.000000000000000000 ) ) ;
#951 = CARTESIAN_POINT ( 'NONE',  ( 1.270000000000000240, 2.495857864376268775, -0.7500000000000003331 ) ) ;
#952 = EDGE_CURVE ( 'NONE', #3400, #3581, #2517, .T. ) ;
#953 = VECTOR ( 'NONE', #2321, 1000.000000000000000 ) ;
#954 = SPHERICAL_SURFACE ( 'NONE', #3308, 0.01000000000000000021 ) ;
#955 =( GEOMETRIC_REPRESENTATION_CONTEXT ( 3 ) GLOBAL_UNCERTAINTY_ASSIGNED_CONTEXT ( ( #1247 ) ) GLOBAL_UNIT_ASSIGNED_CONTEXT ( ( #1578, #944, #78 ) ) REPRESENTATION_CONTEXT ( 'NONE', 'WORKASPACE' ) );
#956 = VERTEX_POINT ( 'NONE', #84 ) ;
#957 = VECTOR ( 'NONE', #393, 1000.000000000000000 ) ;
#958 = FACE_OUTER_BOUND ( 'NONE', #2659, .T. ) ;
#959 = ADVANCED_FACE ( 'NONE', ( #3621, #2728 ), #2128, .F. ) ;
#960 = PLANE ( 'NONE',  #3168 ) ;
#961 = EDGE_CURVE ( 'NONE', #3702, #3541, #409, .T. ) ;
#962 = ADVANCED_FACE ( 'NONE', ( #1263 ), #2149, .T. ) ;
#963 = DIRECTION ( 'NONE',  ( -1.355252715606880543E-15, -1.000000000000000000, 0.000000000000000000 ) ) ;
#964 = ORIENTED_EDGE ( 'NONE', *, *, #1278, .T. ) ;
#965 = FACE_OUTER_BOUND ( 'NONE', #983, .T. ) ;
#966 = DIRECTION ( 'NONE',  ( -1.000000000000000000, 0.000000000000000000, 0.000000000000000000 ) ) ;
#967 = ORIENTED_EDGE ( 'NONE', *, *, #3099, .F. ) ;
#968 = AXIS2_PLACEMENT_3D ( 'NONE', #1488, #3774, #3199 ) ;
#969 = CIRCLE ( 'NONE', #355, 0.009999999999999592548 ) ;
#970 = LINE ( 'NONE', #683, #957 ) ;
#971 = ORIENTED_EDGE ( 'NONE', *, *, #1778, .F. ) ;
#972 = ORIENTED_EDGE ( 'NONE', *, *, #3274, .F. ) ;
#973 = DIRECTION ( 'NONE',  ( 0.000000000000000000, -0.000000000000000000, -1.000000000000000000 ) ) ;
#974 = DIRECTION ( 'NONE',  ( 0.000000000000000000, -1.000000000000000000, 0.000000000000000000 ) ) ;
#975 = DIRECTION ( 'NONE',  ( -0.8660254037844379305, -0.5000000000000014433, 0.000000000000000000 ) ) ;
#976 = PRODUCT_RELATED_PRODUCT_CATEGORY ( 'part', '', ( #1526 ) ) ;
#977 = EDGE_CURVE ( 'NONE', #929, #3088, #922, .T. ) ;
#978 = EDGE_LOOP ( 'NONE', ( #3712, #2831, #1978, #2524 ) ) ;
#979 = CARTESIAN_POINT ( 'NONE',  ( 1.175000000000000044, 2.490000000000000213, -0.5000000000000011102 ) ) ;
#980 = AXIS2_PLACEMENT_3D ( 'NONE', #761, #3091, #187 ) ;
#981 = CARTESIAN_POINT ( 'NONE',  ( -0.1142264973081032198, 11.49000000000000021, 0.1142264973081031504 ) ) ;
#982 = DIRECTION ( 'NONE',  ( 0.000000000000000000, -1.000000000000000000, 0.000000000000000000 ) ) ;
#983 = EDGE_LOOP ( 'NONE', ( #3096, #2423, #1001, #461 ) ) ;
#984 = AXIS2_PLACEMENT_3D ( 'NONE', #3655, #2082, #3272 ) ;
#985 = CARTESIAN_POINT ( 'NONE',  ( -0.3199202969641257721, 0.3462721118061212189, 0.3112600429262815105 ) ) ;
#986 = DIRECTION ( 'NONE',  ( 1.000000000000000000, 0.000000000000000000, 0.000000000000000000 ) ) ;
#987 = ADVANCED_FACE ( 'NONE', ( #121 ), #1869, .F. ) ;
#988 = ORIENTED_EDGE ( 'NONE', *, *, #2658, .F. ) ;
#989 = ORIENTED_EDGE ( 'NONE', *, *, #3124, .F. ) ;
#990 = CARTESIAN_POINT ( 'NONE',  ( 1.175000000000000044, 0.004142135623730936606, -0.7500000000000001110 ) ) ;
#991 = ORIENTED_EDGE ( 'NONE', *, *, #328, .T. ) ;
#992 = EDGE_CURVE ( 'NONE', #1960, #3088, #1552, .T. ) ;
#993 = CARTESIAN_POINT ( 'NONE',  ( 0.3199202969641257166, 11.15372788819387395, 0.3112600429262805668 ) ) ;
#994 = CARTESIAN_POINT ( 'NONE',  ( 1.175000000000000711, 0.004142135623730927065, 0.7499999999999997780 ) ) ;
#995 = ORIENTED_EDGE ( 'NONE', *, *, #46, .F. ) ;
#996 = ORIENTED_EDGE ( 'NONE', *, *, #3352, .F. ) ;
#997 = DIRECTION ( 'NONE',  ( -0.000000000000000000, 1.000000000000000000, -0.000000000000000000 ) ) ;
#998 = CARTESIAN_POINT ( 'NONE',  ( 0.3112600429262812884, 0.3462721118061213299, -0.3199202969641257721 ) ) ;
#999 = LINE ( 'NONE', #3363, #2449 ) ;
#1000 = DIRECTION ( 'NONE',  ( 0.4472135954999593155, 0.7745966692414818500, -0.4472135954999593710 ) ) ;
#1001 = ORIENTED_EDGE ( 'NONE', *, *, #1727, .F. ) ;
#1002 =( REPRESENTATION_RELATIONSHIP ('NONE','NONE', #1150, #1120 ) REPRESENTATION_RELATIONSHIP_WITH_TRANSFORMATION ( #1289 )SHAPE_REPRESENTATION_RELATIONSHIP( ) );
#1003 = VERTEX_POINT ( 'NONE', #419 ) ;
#1004 = VECTOR ( 'NONE', #588, 1000.000000000000000 ) ;
#1005 = CARTESIAN_POINT ( 'NONE',  ( 1.174999999999999822, 0.01000000000000002623, -0.7500000000000001110 ) ) ;
#1006 = ORIENTED_EDGE ( 'NONE', *, *, #372, .T. ) ;
#1007 = ADVANCED_FACE ( 'NONE', ( #341 ), #2471, .T. ) ;
#1008 = EDGE_CURVE ( 'NONE', #1319, #1086, #1515, .T. ) ;
#1009 = AXIS2_PLACEMENT_3D ( 'NONE', #1580, #2757, #114 ) ;
#1010 = ORIENTED_EDGE ( 'NONE', *, *, #1684, .F. ) ;
#1011 = DIRECTION ( 'NONE',  ( 0.000000000000000000, -1.000000000000000000, 0.000000000000000000 ) ) ;
#1012 = LINE ( 'NONE', #2233, #1459 ) ;
#1013 = EDGE_CURVE ( 'NONE', #1403, #1889, #732, .T. ) ;
#1014 = ORIENTED_EDGE ( 'NONE', *, *, #203, .T. ) ;
#1015 = DIRECTION ( 'NONE',  ( 0.000000000000000000, 0.000000000000000000, -1.000000000000000000 ) ) ;
#1016 = DIRECTION ( 'NONE',  ( -1.000000000000000000, 0.000000000000000000, 0.000000000000000000 ) ) ;
#1017 = CARTESIAN_POINT ( 'NONE',  ( -0.1200000000000004535, 0.004999999999999966277, -0.1228867513459484806 ) ) ;
#1018 = AXIS2_PLACEMENT_3D ( 'NONE', #2051, #1, #2619 ) ;
#1019 = LINE ( 'NONE', #2724, #3376 ) ;
#1020 =( GEOMETRIC_REPRESENTATION_CONTEXT ( 3 ) GLOBAL_UNCERTAINTY_ASSIGNED_CONTEXT ( ( #57 ) ) GLOBAL_UNIT_ASSIGNED_CONTEXT ( ( #1074, #3752, #810 ) ) REPRESENTATION_CONTEXT ( 'NONE', 'WORKASPACE' ) );
#1021 = CARTESIAN_POINT ( 'NONE',  ( -1.179142135623731047, 0.5000000000000000000, -0.7599999999999997868 ) ) ;
#1022 = ORIENTED_EDGE ( 'NONE', *, *, #503, .F. ) ;
#1023 = ORIENTED_EDGE ( 'NONE', *, *, #68, .F. ) ;
#1024 = EDGE_CURVE ( 'NONE', #1441, #2876, #3001, .T. ) ;
#1025 = EDGE_LOOP ( 'NONE', ( #3632, #3321, #2492, #2907 ) ) ;
#1026 = VECTOR ( 'NONE', #1107, 1000.000000000000000 ) ;
#1027 = AXIS2_PLACEMENT_3D ( 'NONE', #904, #3198, #1180 ) ;
#1028 = FACE_OUTER_BOUND ( 'NONE', #3497, .T. ) ;
#1029 = LINE ( 'NONE', #3127, #292 ) ;
#1030 = EDGE_CURVE ( 'NONE', #446, #51, #3302, .T. ) ;
#1031 = DIRECTION ( 'NONE',  ( -1.000000000000000000, 0.000000000000000000, -0.000000000000000000 ) ) ;
#1032 = ORIENTED_EDGE ( 'NONE', *, *, #3528, .F. ) ;
#1033 = DIRECTION ( 'NONE',  ( 0.000000000000000000, 0.000000000000000000, 1.000000000000000000 ) ) ;
#1034 = DIRECTION ( 'NONE',  ( 1.000000000000000000, 0.000000000000000000, -1.761828530288945021E-14 ) ) ;
#1035 = DIRECTION ( 'NONE',  ( 0.000000000000000000, -0.000000000000000000, -1.000000000000000000 ) ) ;
#1036 = EDGE_LOOP ( 'NONE', ( #2043, #34, #502 ) ) ;
#1037 = VECTOR ( 'NONE', #1042, 1000.000000000000000 ) ;
#1038 = ORIENTED_EDGE ( 'NONE', *, *, #2996, .T. ) ;
#1039 = PLANE ( 'NONE',  #1934 ) ;
#1040 = ORIENTED_EDGE ( 'NONE', *, *, #2676, .F. ) ;
#1041 = SPHERICAL_SURFACE ( 'NONE', #1153, 0.01000000000000000021 ) ;
#1042 = DIRECTION ( 'NONE',  ( 1.000000000000000000, -0.000000000000000000, -0.000000000000000000 ) ) ;
#1043 = DIRECTION ( 'NONE',  ( 8.470329472543003391E-17, 0.000000000000000000, 1.000000000000000000 ) ) ;
#1044 = ORIENTED_EDGE ( 'NONE', *, *, #772, .T. ) ;
#1045 = VECTOR ( 'NONE', #1839, 1000.000000000000000 ) ;
#1046 = VERTEX_POINT ( 'NONE', #2682 ) ;
#1047 = EDGE_CURVE ( 'NONE', #3394, #2738, #2075, .T. ) ;
#1048 = CYLINDRICAL_SURFACE ( 'NONE', #2210, 0.01000000000000002623 ) ;
#1049 = AXIS2_PLACEMENT_3D ( 'NONE', #1168, #2292, #2334 ) ;
#1050 = DIRECTION ( 'NONE',  ( 1.355252715606879556E-15, -0.5000000000000024425, -0.8660254037844371533 ) ) ;
#1051 = LINE ( 'NONE', #1574, #174 ) ;
#1052 = ORIENTED_EDGE ( 'NONE', *, *, #2598, .T. ) ;
#1053 = EDGE_CURVE ( 'NONE', #715, #120, #692, .T. ) ;
#1054 = EDGE_CURVE ( 'NONE', #1829, #758, #939, .T. ) ;
#1055 = CARTESIAN_POINT ( 'NONE',  ( -1.179142135623731047, 2.500000000000000000, -0.7599999999999997868 ) ) ;
#1056 = DIRECTION ( 'NONE',  ( -0.000000000000000000, 1.000000000000000000, -0.000000000000000000 ) ) ;
#1057 = VERTEX_POINT ( 'NONE', #2137 ) ;
#1058 = EDGE_CURVE ( 'NONE', #2852, #1119, #1161, .T. ) ;
#1059 = ORIENTED_EDGE ( 'NONE', *, *, #2440, .F. ) ;
#1060 = ORIENTED_EDGE ( 'NONE', *, *, #302, .F. ) ;
#1061 = CYLINDRICAL_SURFACE ( 'NONE', #421, 0.01000000000000002623 ) ;
#1062 = FACE_OUTER_BOUND ( 'NONE', #2139, .T. ) ;
#1063 = DIRECTION ( 'NONE',  ( 0.000000000000000000, 0.000000000000000000, 1.000000000000000000 ) ) ;
#1064 = VECTOR ( 'NONE', #2045, 1000.000000000000114 ) ;
#1065 = CARTESIAN_POINT ( 'NONE',  ( -0.3200000000000000067, 0.3464101615137729628, 0.3200000000000000622 ) ) ;
#1066 = EDGE_LOOP ( 'NONE', ( #1741, #3261, #3391, #3129 ) ) ;
#1067 = ORIENTED_EDGE ( 'NONE', *, *, #2464, .F. ) ;
#1068 = FACE_OUTER_BOUND ( 'NONE', #553, .T. ) ;
#1069 = EDGE_CURVE ( 'NONE', #2079, #3400, #2573, .T. ) ;
#1070 = LINE ( 'NONE', #2189, #2335 ) ;
#1071 = DIRECTION ( 'NONE',  ( 0.000000000000000000, 0.000000000000000000, -1.000000000000000000 ) ) ;
#1072 = FACE_OUTER_BOUND ( 'NONE', #3354, .T. ) ;
#1073 = ADVANCED_FACE ( 'NONE', ( #2221 ), #1350, .F. ) ;
#1074 =( LENGTH_UNIT ( ) NAMED_UNIT ( * ) SI_UNIT ( .MILLI., .METRE. ) );
#1075 = EDGE_CURVE ( 'NONE', #3460, #2852, #2828, .T. ) ;
#1076 = ORIENTED_EDGE ( 'NONE', *, *, #2110, .T. ) ;
#1077 = VECTOR ( 'NONE', #1895, 1000.000000000000000 ) ;
#1078 = ORIENTED_EDGE ( 'NONE', *, *, #462, .T. ) ;
#1079 = CARTESIAN_POINT ( 'NONE',  ( -0.3199202969641256056, 11.15372788819387395, 0.3112600429262813995 ) ) ;
#1080 =( GEOMETRIC_REPRESENTATION_CONTEXT ( 3 ) GLOBAL_UNCERTAINTY_ASSIGNED_CONTEXT ( ( #1590 ) ) GLOBAL_UNIT_ASSIGNED_CONTEXT ( ( #3612, #1256, #2775 ) ) REPRESENTATION_CONTEXT ( 'NONE', 'WORKASPACE' ) );
#1081 = AXIS2_PLACEMENT_3D ( 'NONE', #2060, #2955, #947 ) ;
#1082 = LINE ( 'NONE', #153, #335 ) ;
#1083 = EDGE_LOOP ( 'NONE', ( #1831, #2483, #693, #1023 ) ) ;
#1084 = CARTESIAN_POINT ( 'NONE',  ( -1.174999999999999822, 0.01000000000000002623, -0.7500000000000001110 ) ) ;
#1085 = CARTESIAN_POINT ( 'NONE',  ( 0.1142264973081040663, 0.01000000000000000021, -0.1142264973081040941 ) ) ;
#1086 = VERTEX_POINT ( 'NONE', #2519 ) ;
#1087 = VERTEX_POINT ( 'NONE', #3134 ) ;
#1088 = DIRECTION ( 'NONE',  ( -1.000000000000000000, 0.000000000000000000, 0.000000000000000000 ) ) ;
#1089 = DIRECTION ( 'NONE',  ( 1.000000000000000000, 0.000000000000000000, 0.000000000000000000 ) ) ;
#1090 = CIRCLE ( 'NONE', #2564, 0.01000000000000001409 ) ;
#1091 = DIRECTION ( 'NONE',  ( 1.000000000000000000, 0.000000000000000000, 0.000000000000000000 ) ) ;
#1092 = EDGE_CURVE ( 'NONE', #3624, #2227, #2707, .T. ) ;
#1093 = CARTESIAN_POINT ( 'NONE',  ( 0.08907179676972415416, 11.53856921938165137, 0.09773205080756852681 ) ) ;
#1094 = DIRECTION ( 'NONE',  ( 0.000000000000000000, -1.000000000000000000, 0.000000000000000000 ) ) ;
#1095 = ORIENTED_EDGE ( 'NONE', *, *, #19, .T. ) ;
#1096 = ADVANCED_FACE ( 'NONE', ( #2172 ), #728, .T. ) ;
#1097 = CIRCLE ( 'NONE', #64, 0.009999999999999592548 ) ;
#1098 = CARTESIAN_POINT ( 'NONE',  ( -1.265857864376269459, 2.500000000000000000, 0.7458578643762698857 ) ) ;
#1099 = CARTESIAN_POINT ( 'NONE',  ( 1.175000000000000488, 0.5000000000000000000, 0.7499999999999997780 ) ) ;
#1100 = CARTESIAN_POINT ( 'NONE',  ( 0.6708578643762693750, 0.01000000000000002623, 1.240000000000000435 ) ) ;
#1101 = ORIENTED_EDGE ( 'NONE', *, *, #487, .T. ) ;
#1102 = ADVANCED_FACE ( 'NONE', ( #3683 ), #1896, .T. ) ;
#1103 = ORIENTED_EDGE ( 'NONE', *, *, #392, .T. ) ;
#1104 = DIRECTION ( 'NONE',  ( -0.000000000000000000, 1.000000000000000000, -0.000000000000000000 ) ) ;
#1105 = DIRECTION ( 'NONE',  ( -2.891205793294678819E-16, 0.000000000000000000, -1.000000000000000000 ) ) ;
#1106 = CARTESIAN_POINT ( 'NONE',  ( 0.1142264973081030949, 11.49000000000000021, 0.1142264973081031781 ) ) ;
#1107 = DIRECTION ( 'NONE',  ( -0.000000000000000000, 1.000000000000000000, -0.000000000000000000 ) ) ;
#1108 = AXIS2_PLACEMENT_3D ( 'NONE', #3002, #2375, #611 ) ;
#1109 = SURFACE_STYLE_FILL_AREA ( #1632 ) ;
#1110 = DIRECTION ( 'NONE',  ( -1.000000000000000000, 0.000000000000000000, 0.000000000000000000 ) ) ;
#1111 = ORIENTED_EDGE ( 'NONE', *, *, #2341, .F. ) ;
#1112 = DIRECTION ( 'NONE',  ( 1.000000000000000000, -0.000000000000000000, -0.000000000000000000 ) ) ;
#1113 = CARTESIAN_POINT ( 'NONE',  ( 0.3299999999999999600, 2.500000000000000000, -0.3300000000000001266 ) ) ;
#1114 = CARTESIAN_POINT ( 'NONE',  ( -1.179142135623731047, -1.503005322678532707, -0.7599999999999997868 ) ) ;
#1115 = EDGE_CURVE ( 'NONE', #2760, #3748, #1051, .T. ) ;
#1116 = DIRECTION ( 'NONE',  ( 0.000000000000000000, 0.000000000000000000, -1.000000000000000000 ) ) ;
#1117 = ORIENTED_EDGE ( 'NONE', *, *, #3401, .F. ) ;
#1118 = EDGE_CURVE ( 'NONE', #2717, #3592, #2245, .T. ) ;
#1119 = VERTEX_POINT ( 'NONE', #747 ) ;
#1120 = SHAPE_REPRESENTATION ( 'header-2.54-pin_\X2\9ed88ba4\X0\', ( #3783 ), #1020 ) ;
#1121 = EDGE_LOOP ( 'NONE', ( #1662, #3243, #123 ) ) ;
#1122 = CARTESIAN_POINT ( 'NONE',  ( 1.150857864376269690, 0.000000000000000000, 0.7599999999999997868 ) ) ;
#1123 = LINE ( 'NONE', #686, #176 ) ;
#1124 = CARTESIAN_POINT ( 'NONE',  ( -1.269999999999999796, 2.490000000000000213, 0.4999999999999990563 ) ) ;
#1125 = PRESENTATION_LAYER_ASSIGNMENT (  '', '', ( #2789 ) ) ;
#1126 = DIRECTION ( 'NONE',  ( -0.000000000000000000, 1.000000000000000000, -0.000000000000000000 ) ) ;
#1127 = VECTOR ( 'NONE', #925, 999.9999999999998863 ) ;
#1128 = CARTESIAN_POINT ( 'NONE',  ( 0.6708578643762689309, 2.500000000000000000, -1.239999999999999991 ) ) ;
#1129 = CONTEXT_DEPENDENT_SHAPE_REPRESENTATION ( #3303, #3323 ) ;
#1130 = DIRECTION ( 'NONE',  ( 1.694065894508600678E-16, -0.000000000000000000, 1.000000000000000000 ) ) ;
#1131 = ORIENTED_EDGE ( 'NONE', *, *, #1243, .T. ) ;
#1132 = VERTEX_POINT ( 'NONE', #1913 ) ;
#1133 = DIRECTION ( 'NONE',  ( 1.000000000000000000, 0.000000000000000000, -0.000000000000000000 ) ) ;
#1134 = DIRECTION ( 'NONE',  ( 0.000000000000000000, 0.000000000000000000, -1.000000000000000000 ) ) ;
#1135 = DIRECTION ( 'NONE',  ( 0.000000000000000000, -1.000000000000000000, 0.000000000000000000 ) ) ;
#1136 = AXIS2_PLACEMENT_3D ( 'NONE', #1236, #132, #113 ) ;
#1137 = EDGE_CURVE ( 'NONE', #1319, #1970, #2644, .T. ) ;
#1138 = VECTOR ( 'NONE', #2657, 1000.000000000000000 ) ;
#1139 = CARTESIAN_POINT ( 'NONE',  ( 1.179142135623731491, 2.489999999999999769, 0.7600000000000001199 ) ) ;
#1140 = FACE_OUTER_BOUND ( 'NONE', #2322, .T. ) ;
#1141 = CARTESIAN_POINT ( 'NONE',  ( 0.9554289321881350716, 2.500000000000000000, 0.9554289321881346275 ) ) ;
#1142 = DIRECTION ( 'NONE',  ( -0.7071067811865474617, 0.000000000000000000, 0.7071067811865474617 ) ) ;
#1143 = ORIENTED_EDGE ( 'NONE', *, *, #1550, .F. ) ;
#1144 = ORIENTED_EDGE ( 'NONE', *, *, #2365, .F. ) ;
#1145 = FACE_OUTER_BOUND ( 'NONE', #14, .T. ) ;
#1146 = ADVANCED_FACE ( 'NONE', ( #1597 ), #2537, .T. ) ;
#1147 = CARTESIAN_POINT ( 'NONE',  ( 0.09773205080756859620, 11.53856921938165137, 0.08907179676972348803 ) ) ;
#1148 = AXIS2_PLACEMENT_3D ( 'NONE', #1055, #3415, #476 ) ;
#1149 = FACE_OUTER_BOUND ( 'NONE', #2429, .T. ) ;
#1150 = SHAPE_REPRESENTATION ( 'header-2.54-1x5', ( #3372, #3484, #2863, #156, #1335, #1209, #2303, #2689, #3670, #2803, #348 ), #1631 ) ;
#1151 = CARTESIAN_POINT ( 'NONE',  ( 0.1142264973081031088, 11.49000000000000021, 0.1142264973081031781 ) ) ;
#1152 = ORIENTED_EDGE ( 'NONE', *, *, #817, .F. ) ;
#1153 = AXIS2_PLACEMENT_3D ( 'NONE', #2510, #754, #1925 ) ;
#1154 = CARTESIAN_POINT ( 'NONE',  ( -0.1142264973081041635, 0.01000000000000000021, 0.1142264973081042190 ) ) ;
#1155 = DIRECTION ( 'NONE',  ( 0.000000000000000000, 0.000000000000000000, 1.000000000000000000 ) ) ;
#1156 = CARTESIAN_POINT ( 'NONE',  ( -0.3112600429262813995, 11.15372788819387395, -0.3199202969641255501 ) ) ;
#1157 = ORIENTED_EDGE ( 'NONE', *, *, #1620, .T. ) ;
#1158 = PLANE ( 'NONE',  #1521 ) ;
#1159 = DIRECTION ( 'NONE',  ( 1.000000000000000000, 0.000000000000000000, 1.141265444721588244E-15 ) ) ;
#1160 = DIRECTION ( 'NONE',  ( 2.891205793294678819E-16, -0.000000000000000000, 1.000000000000000000 ) ) ;
#1161 = CIRCLE ( 'NONE', #1230, 0.01000000000000000021 ) ;
#1162 = DIRECTION ( 'NONE',  ( 0.000000000000000000, 0.000000000000000000, 1.000000000000000000 ) ) ;
#1163 = EDGE_LOOP ( 'NONE', ( #3518, #995, #1653, #1309, #533, #3411, #3380, #147 ) ) ;
#1164 = AXIS2_PLACEMENT_3D ( 'NONE', #837, #3188, #875 ) ;
#1165 = ORIENTED_EDGE ( 'NONE', *, *, #68, .T. ) ;
#1166 = DIRECTION ( 'NONE',  ( -0.000000000000000000, 1.000000000000000000, -0.000000000000000000 ) ) ;
#1167 = CARTESIAN_POINT ( 'NONE',  ( -1.179142135623731047, 0.5000000000000000000, -0.7500000000000001110 ) ) ;
#1168 = CARTESIAN_POINT ( 'NONE',  ( -1.269999999999999574, 0.5000000000000000000, 0.7499999999999997780 ) ) ;
#1169 = LINE ( 'NONE', #1779, #2387 ) ;
#1170 = EDGE_CURVE ( 'NONE', #595, #3638, #1312, .T. ) ;
#1171 = VERTEX_POINT ( 'NONE', #1648 ) ;
#1172 =( BOUNDED_CURVE ( )  B_SPLINE_CURVE ( 3, ( #721, #1890, #3073, #3389 ),
 .UNSPECIFIED., .F., .T. ) 
 B_SPLINE_CURVE_WITH_KNOTS ( ( 4, 4 ),
 ( 1.570796326794896558, 3.141592653589793116 ),
 .UNSPECIFIED. ) 
 CURVE ( )  GEOMETRIC_REPRESENTATION_ITEM ( )  RATIONAL_B_SPLINE_CURVE ( ( 1.000000000000000000, 0.8047378541243649375, 0.8047378541243649375, 1.000000000000000000 ) ) 
 REPRESENTATION_ITEM ( '' )  );
#1173 = CARTESIAN_POINT ( 'NONE',  ( -0.3100000000000001088, 11.15358983848622287, -0.3199999999999999512 ) ) ;
#1174 = APPLICATION_PROTOCOL_DEFINITION ( 'draft international standard', 'automotive_design', 1998, #2030 ) ;
#1175 = ADVANCED_FACE ( 'NONE', ( #2242 ), #1953, .T. ) ;
#1176 = LINE ( 'NONE', #3525, #3422 ) ;
#1177 = EDGE_CURVE ( 'NONE', #2337, #1224, #999, .T. ) ;
#1178 = EDGE_LOOP ( 'NONE', ( #1144, #2484, #2308 ) ) ;
#1179 =( GEOMETRIC_REPRESENTATION_CONTEXT ( 3 ) GLOBAL_UNCERTAINTY_ASSIGNED_CONTEXT ( ( #3676 ) ) GLOBAL_UNIT_ASSIGNED_CONTEXT ( ( #1725, #813, #195 ) ) REPRESENTATION_CONTEXT ( 'NONE', 'WORKASPACE' ) );
#1180 = DIRECTION ( 'NONE',  ( 0.000000000000000000, 0.000000000000000000, -1.000000000000000000 ) ) ;
#1181 = CARTESIAN_POINT ( 'NONE',  ( 1.175000000000000711, 0.01000000000000002623, 0.7499999999999997780 ) ) ;
#1182 = EDGE_CURVE ( 'NONE', #2691, #1924, #2950, .T. ) ;
#1183 = CARTESIAN_POINT ( 'NONE',  ( 1.269999999999999796, 2.490000000000000213, -0.7500000000000001110 ) ) ;
#1184 = CARTESIAN_POINT ( 'NONE',  ( 0.1142264973081031226, 11.49499999999999922, -0.1228867513459474536 ) ) ;
#1185 = ORIENTED_EDGE ( 'NONE', *, *, #1949, .F. ) ;
#1186 = PRODUCT_DEFINITION_SHAPE ( 'NONE', 'NONE',  #3141 ) ;
#1187 = VERTEX_POINT ( 'NONE', #1699 ) ;
#1188 = CARTESIAN_POINT ( 'NONE',  ( -1.179142135623730825, -1.503005322678532707, 0.7500000000000004441 ) ) ;
#1189 = CYLINDRICAL_SURFACE ( 'NONE', #2019, 0.01000000000000002623 ) ;
#1190 = DIRECTION ( 'NONE',  ( -0.000000000000000000, 1.000000000000000000, 0.000000000000000000 ) ) ;
#1191 = LINE ( 'NONE', #672, #1266 ) ;
#1192 = ADVANCED_FACE ( 'NONE', ( #3465 ), #224, .T. ) ;
#1193 = ORIENTED_EDGE ( 'NONE', *, *, #940, .F. ) ;
#1194 = AXIS2_PLACEMENT_3D ( 'NONE', #1085, #488, #1377 ) ;
#1195 = PRODUCT_CONTEXT ( 'NONE', #1904, 'mechanical' ) ;
#1196 = DIRECTION ( 'NONE',  ( 0.000000000000000000, -1.000000000000000000, 0.000000000000000000 ) ) ;
#1197 = AXIS2_PLACEMENT_3D ( 'NONE', #202, #1088, #1380 ) ;
#1198 = VERTEX_POINT ( 'NONE', #2864 ) ;
#1199 =( BOUNDED_CURVE ( )  B_SPLINE_CURVE ( 3, ( #159, #2232, #140, #2798 ),
 .UNSPECIFIED., .F., .F. ) 
 B_SPLINE_CURVE_WITH_KNOTS ( ( 4, 4 ),
 ( 3.141592653589793116, 4.712388980384689674 ),
 .UNSPECIFIED. ) 
 CURVE ( )  GEOMETRIC_REPRESENTATION_ITEM ( )  RATIONAL_B_SPLINE_CURVE ( ( 1.000000000000000000, 0.8047378541243649375, 0.8047378541243649375, 1.000000000000000000 ) ) 
 REPRESENTATION_ITEM ( '' )  );
#1200 = DIRECTION ( 'NONE',  ( 0.4472135954999578722, -0.7745966692414835153, -0.4472135954999579277 ) ) ;
#1201 = ADVANCED_FACE ( 'NONE', ( #2880 ), #823, .T. ) ;
#1202 = CARTESIAN_POINT ( 'NONE',  ( 0.1142264973081041080, 0.000000000000000000, 0.1142264973081042190 ) ) ;
#1203 = SPHERICAL_SURFACE ( 'NONE', #3160, 0.01000000000000000021 ) ;
#1204 = CARTESIAN_POINT ( 'NONE',  ( 0.1142264973081041080, 0.009999999999999991535, 0.1142264973081040663 ) ) ;
#1205 = EDGE_LOOP ( 'NONE', ( #29, #423, #2812, #835 ) ) ;
#1206 = VECTOR ( 'NONE', #3217, 1000.000000000000000 ) ;
#1207 = ORIENTED_EDGE ( 'NONE', *, *, #3717, .F. ) ;
#1208 = DIRECTION ( 'NONE',  ( -0.7071067811865477948, 0.000000000000000000, 0.7071067811865473507 ) ) ;
#1209 = AXIS2_PLACEMENT_3D ( 'NONE', #498, #459, #2849 ) ;
#1210 = CARTESIAN_POINT ( 'NONE',  ( 0.1228867513459474259, 11.49499999999999922, -2.081782543421284250E-17 ) ) ;
#1211 = CARTESIAN_POINT ( 'NONE',  ( 1.260000000000000231, 2.500000000000000000, 0.5099999999999987876 ) ) ;
#1212 = VECTOR ( 'NONE', #1604, 1000.000000000000000 ) ;
#1213 = CARTESIAN_POINT ( 'NONE',  ( -0.3108419876365760004, 0.3463640836734995232, -0.3199733969465143324 ) ) ;
#1214 = VERTEX_POINT ( 'NONE', #2903 ) ;
#1215 = CARTESIAN_POINT ( 'NONE',  ( 1.172071067811865319, 2.490000000000000213, -0.7529289321881347252 ) ) ;
#1216 = CARTESIAN_POINT ( 'NONE',  ( 1.172071067811865319, 0.5000000000000000000, -0.7529289321881347252 ) ) ;
#1217 = VECTOR ( 'NONE', #428, 1000.000000000000000 ) ;
#1218 = ORIENTED_EDGE ( 'NONE', *, *, #19, .F. ) ;
#1219 = DIRECTION ( 'NONE',  ( 0.000000000000000000, 0.000000000000000000, -1.000000000000000000 ) ) ;
#1220 = DIRECTION ( 'NONE',  ( 1.000000000000000000, -0.000000000000000000, 0.000000000000000000 ) ) ;
#1221 = CARTESIAN_POINT ( 'NONE',  ( -0.3200000000000001177, 0.9000000000000002442, -0.3200000000000000622 ) ) ;
#1222 = EDGE_CURVE ( 'NONE', #1979, #3754, #915, .T. ) ;
#1223 = ORIENTED_EDGE ( 'NONE', *, *, #2507, .F. ) ;
#1224 = VERTEX_POINT ( 'NONE', #3171 ) ;
#1225 = CARTESIAN_POINT ( 'NONE',  ( -0.1142264973081031643, 11.49000000000000021, 0.1142264973081031781 ) ) ;
#1226 = DIRECTION ( 'NONE',  ( 0.000000000000000000, -1.000000000000000000, 0.000000000000000000 ) ) ;
#1227 = FACE_OUTER_BOUND ( 'NONE', #1254, .T. ) ;
#1228 = EDGE_CURVE ( 'NONE', #1224, #2748, #3735, .T. ) ;
#1229 = AXIS2_PLACEMENT_3D ( 'NONE', #55, #932, #3292 ) ;
#1230 = AXIS2_PLACEMENT_3D ( 'NONE', #1253, #2969, #963 ) ;
#1231 = SPHERICAL_SURFACE ( 'NONE', #733, 0.01000000000000000021 ) ;
#1232 = DIRECTION ( 'NONE',  ( 0.000000000000000000, 0.000000000000000000, 1.000000000000000000 ) ) ;
#1233 = CARTESIAN_POINT ( 'NONE',  ( -1.175000000000000711, 0.004142135623730920993, 0.7499999999999997780 ) ) ;
#1234 = ORIENTED_EDGE ( 'NONE', *, *, #2455, .F. ) ;
#1235 = LINE ( 'NONE', #2736, #2871 ) ;
#1236 = CARTESIAN_POINT ( 'NONE',  ( -0.3200000000000001177, 11.50000000000000000, -0.3199999999999999512 ) ) ;
#1237 = CIRCLE ( 'NONE', #1486, 0.01000000000000001409 ) ;
#1238 = EDGE_CURVE ( 'NONE', #1258, #735, #2076, .T. ) ;
#1239 = AXIS2_PLACEMENT_3D ( 'NONE', #2066, #1497, #1264 ) ;
#1240 = ORIENTED_EDGE ( 'NONE', *, *, #1013, .T. ) ;
#1241 = ORIENTED_EDGE ( 'NONE', *, *, #582, .T. ) ;
#1242 = LINE ( 'NONE', #874, #1064 ) ;
#1243 = EDGE_CURVE ( 'NONE', #1198, #1562, #1437, .T. ) ;
#1244 = CARTESIAN_POINT ( 'NONE',  ( 0.3199733969465144989, 11.15363591632649509, 0.3108419876365753898 ) ) ;
#1245 = CARTESIAN_POINT ( 'NONE',  ( -0.6708578643762690419, 2.490000000000000213, -1.239999999999999769 ) ) ;
#1246 = EDGE_CURVE ( 'NONE', #1829, #183, #2763, .T. ) ;
#1247 = UNCERTAINTY_MEASURE_WITH_UNIT (LENGTH_MEASURE( 1.000000000000000082E-05 ), #1578, 'distance_accuracy_value', 'NONE');
#1248 = DIRECTION ( 'NONE',  ( -0.7071067811865475727, -0.000000000000000000, 0.7071067811865475727 ) ) ;
#1249 = ORIENTED_EDGE ( 'NONE', *, *, #3603, .F. ) ;
#1250 = CARTESIAN_POINT ( 'NONE',  ( -0.3300000000000001821, 2.490000000000000213, -0.3200000000000000622 ) ) ;
#1251 = ITEM_DEFINED_TRANSFORMATION ( 'NONE', 'NONE', #3670,  #3783 ) ;
#1252 = CARTESIAN_POINT ( 'NONE',  ( -1.164999999999999813, 2.500000000000000000, 0.7458578643762696636 ) ) ;
#1253 = CARTESIAN_POINT ( 'NONE',  ( -0.1142264973081041912, 0.01000000000000000368, -0.1142264973081040802 ) ) ;
#1254 = EDGE_LOOP ( 'NONE', ( #1240, #2094, #412 ) ) ;
#1255 = CARTESIAN_POINT ( 'NONE',  ( -0.3130717967697246307, 0.3494101615137729655, -0.3217320508075688368 ) ) ;
#1256 =( NAMED_UNIT ( * ) PLANE_ANGLE_UNIT ( ) SI_UNIT ( $, .RADIAN. ) );
#1257 = AXIS2_PLACEMENT_3D ( 'NONE', #378, #1833, #1551 ) ;
#1258 = VERTEX_POINT ( 'NONE', #3765 ) ;
#1259 = CYLINDRICAL_SURFACE ( 'NONE', #2243, 0.01000000000000002623 ) ;
#1260 = ORIENTED_EDGE ( 'NONE', *, *, #1013, .F. ) ;
#1261 = EDGE_CURVE ( 'NONE', #1086, #1902, #1097, .T. ) ;
#1262 = ORIENTED_EDGE ( 'NONE', *, *, #3557, .T. ) ;
#1263 = FACE_OUTER_BOUND ( 'NONE', #3653, .T. ) ;
#1264 = DIRECTION ( 'NONE',  ( 0.000000000000000000, 0.000000000000000000, 1.000000000000000000 ) ) ;
#1265 = ORIENTED_EDGE ( 'NONE', *, *, #2538, .F. ) ;
#1266 = VECTOR ( 'NONE', #3540, 999.9999999999998863 ) ;
#1267 = LINE ( 'NONE', #322, #345 ) ;
#1268 = EDGE_CURVE ( 'NONE', #1979, #3400, #3212, .T. ) ;
#1269 = AXIS2_PLACEMENT_3D ( 'NONE', #1524, #43, #1768 ) ;
#1270 = EDGE_LOOP ( 'NONE', ( #1712, #2071, #2671, #1847, #644, #1875 ) ) ;
#1271 = EDGE_CURVE ( 'NONE', #2819, #3604, #1701, .T. ) ;
#1272 = DIRECTION ( 'NONE',  ( 0.000000000000000000, 0.000000000000000000, -1.000000000000000000 ) ) ;
#1273 = DIRECTION ( 'NONE',  ( 1.000000000000000000, 0.000000000000000000, -5.706327223607941615E-15 ) ) ;
#1274 = CARTESIAN_POINT ( 'NONE',  ( -0.3193224092811601800, 0.3452365399626433073, 0.3159672026817048063 ) ) ;
#1275 = VECTOR ( 'NONE', #3283, 1000.000000000000000 ) ;
#1276 = CARTESIAN_POINT ( 'NONE',  ( 1.175000000000000488, 2.350000000000000089, 0.4999999999999991673 ) ) ;
#1277 = VERTEX_POINT ( 'NONE', #285 ) ;
#1278 = EDGE_CURVE ( 'NONE', #2738, #1224, #2293, .T. ) ;
#1279 = CIRCLE ( 'NONE', #3248, 0.01000000000000002623 ) ;
#1280 = LINE ( 'NONE', #2469, #1876 ) ;
#1281 = VERTEX_POINT ( 'NONE', #547 ) ;
#1282 = EDGE_LOOP ( 'NONE', ( #775, #2088, #587, #391 ) ) ;
#1283 = CARTESIAN_POINT ( 'NONE',  ( -1.269999999999999796, 2.495857864376268331, 0.4999999999999990563 ) ) ;
#1284 = CARTESIAN_POINT ( 'NONE',  ( 0.6679289321881342056, 0.01000000000000002623, -1.242928932188134494 ) ) ;
#1285 = PRODUCT_DEFINITION_CONTEXT ( 'detailed design', #1469, 'design' ) ;
#1286 = ORIENTED_EDGE ( 'NONE', *, *, #1054, .T. ) ;
#1287 = EDGE_LOOP ( 'NONE', ( #767, #859, #134, #650 ) ) ;
#1288 = LINE ( 'NONE', #707, #1606 ) ;
#1289 = ITEM_DEFINED_TRANSFORMATION ( 'NONE', 'NONE', #348,  #3783 ) ;
#1290 = AXIS2_PLACEMENT_3D ( 'NONE', #3153, #1435, #1399 ) ;
#1291 = PLANE ( 'NONE',  #2802 ) ;
#1292 = DIRECTION ( 'NONE',  ( 0.000000000000000000, -0.5000000000000014433, -0.8660254037844379305 ) ) ;
#1293 = ORIENTED_EDGE ( 'NONE', *, *, #89, .F. ) ;
#1294 = VECTOR ( 'NONE', #2920, 1000.000000000000000 ) ;
#1295 = DIRECTION ( 'NONE',  ( -0.4472135954999594820, 0.7745966692414817389, -0.4472135954999594265 ) ) ;
#1296 = ADVANCED_FACE ( 'NONE', ( #1140 ), #495, .T. ) ;
#1297 = DIRECTION ( 'NONE',  ( 1.000000000000000000, 0.000000000000000000, 0.000000000000000000 ) ) ;
#1298 = EDGE_LOOP ( 'NONE', ( #465, #2200, #3332, #1724, #1014, #1355, #2003, #2754 ) ) ;
#1299 = ADVANCED_FACE ( 'NONE', ( #1460 ), #2846, .T. ) ;
#1300 = ORIENTED_EDGE ( 'NONE', *, *, #3118, .F. ) ;
#1301 = EDGE_CURVE ( 'NONE', #2760, #2000, #1169, .T. ) ;
#1302 =( BOUNDED_CURVE ( )  B_SPLINE_CURVE ( 3, ( #3381, #1806, #2703, #2402 ),
 .UNSPECIFIED., .F., .F. ) 
 B_SPLINE_CURVE_WITH_KNOTS ( ( 4, 4 ),
 ( 2.482534617831145152, 3.800650689348441080 ),
 .UNSPECIFIED. ) 
 CURVE ( )  GEOMETRIC_REPRESENTATION_ITEM ( )  RATIONAL_B_SPLINE_CURVE ( ( 1.000000000000000000, 0.8603796100557264959, 0.8603796100557264959, 1.000000000000000000 ) ) 
 REPRESENTATION_ITEM ( '' )  );
#1303 = CYLINDRICAL_SURFACE ( 'NONE', #1751, 0.009999999999999998473 ) ;
#1304 = ORIENTED_EDGE ( 'NONE', *, *, #2419, .F. ) ;
#1305 = STYLED_ITEM ( 'NONE', ( #572 ), #2833 ) ;
#1306 = AXIS2_PLACEMENT_3D ( 'NONE', #1284, #913, #2108 ) ;
#1307 = CARTESIAN_POINT ( 'NONE',  ( -0.3200000000000000622, 0.000000000000000000, 0.3199999999999999512 ) ) ;
#1308 = CARTESIAN_POINT ( 'NONE',  ( 1.270000000000000240, 2.489999999999999769, 0.7500000000000001110 ) ) ;
#1309 = ORIENTED_EDGE ( 'NONE', *, *, #682, .F. ) ;
#1310 = DIRECTION ( 'NONE',  ( 0.000000000000000000, -1.000000000000000000, 0.000000000000000000 ) ) ;
#1311 = DIRECTION ( 'NONE',  ( -0.7071067811865474617, 0.000000000000000000, -0.7071067811865474617 ) ) ;
#1312 = LINE ( 'NONE', #167, #3747 ) ;
#1313 = ADVANCED_FACE ( 'NONE', ( #2697 ), #629, .T. ) ;
#1314 = ORIENTED_EDGE ( 'NONE', *, *, #2844, .T. ) ;
#1315 = DIRECTION ( 'NONE',  ( -0.4472135954999579277, 0.7745966692414834043, -0.4472135954999578722 ) ) ;
#1316 = FILL_AREA_STYLE_COLOUR ( '', #2125 ) ;
#1317 = EDGE_LOOP ( 'NONE', ( #3730, #673, #1950 ) ) ;
#1318 = ORIENTED_EDGE ( 'NONE', *, *, #841, .T. ) ;
#1319 = VERTEX_POINT ( 'NONE', #1819 ) ;
#1320 = ADVANCED_FACE ( 'NONE', ( #935 ), #3004, .T. ) ;
#1321 = CIRCLE ( 'NONE', #1922, 0.01000000000000001409 ) ;
#1322 = DIRECTION ( 'NONE',  ( 1.000000000000000000, 0.000000000000000000, 0.000000000000000000 ) ) ;
#1323 = DIRECTION ( 'NONE',  ( -0.000000000000000000, -0.000000000000000000, 1.000000000000000000 ) ) ;
#1324 = ORIENTED_EDGE ( 'NONE', *, *, #2715, .F. ) ;
#1325 = CIRCLE ( 'NONE', #144, 0.01000000000000001409 ) ;
#1326 = DIRECTION ( 'NONE',  ( 1.084202172485504592E-14, 0.000000000000000000, 1.000000000000000000 ) ) ;
#1327 = LINE ( 'NONE', #3105, #3314 ) ;
#1328 = ORIENTED_EDGE ( 'NONE', *, *, #609, .F. ) ;
#1329 = SPHERICAL_SURFACE ( 'NONE', #554, 0.01000000000000000021 ) ;
#1330 = APPLICATION_CONTEXT ( 'automotive_design' ) ;
#1331 = CARTESIAN_POINT ( 'NONE',  ( -1.269999999999999574, 0.5000000000000000000, 0.7499999999999997780 ) ) ;
#1332 = VECTOR ( 'NONE', #2910, 1000.000000000000000 ) ;
#1333 = CIRCLE ( 'NONE', #3234, 0.009999999999999592548 ) ;
#1334 = CARTESIAN_POINT ( 'NONE',  ( 0.3112600429262815105, 0.3462721118061211079, 0.3199202969641257166 ) ) ;
#1335 = AXIS2_PLACEMENT_3D ( 'NONE', #3136, #1917, #2540 ) ;
#1336 =( LENGTH_UNIT ( ) NAMED_UNIT ( * ) SI_UNIT ( .MILLI., .METRE. ) );
#1337 = ORIENTED_EDGE ( 'NONE', *, *, #870, .T. ) ;
#1338 = EDGE_LOOP ( 'NONE', ( #3336, #988, #3277, #338 ) ) ;
#1339 = EDGE_LOOP ( 'NONE', ( #28, #2758, #1117 ) ) ;
#1340 = ADVANCED_FACE ( 'NONE', ( #1797 ), #1231, .T. ) ;
#1341 = CARTESIAN_POINT ( 'NONE',  ( -1.150857864376268580, 0.000000000000000000, -0.7600000000000001199 ) ) ;
#1342 = CARTESIAN_POINT ( 'NONE',  ( 0.3199999999999998956, 11.15358983848622287, -0.3099999999999998868 ) ) ;
#1343 = CARTESIAN_POINT ( 'NONE',  ( -0.6679289321881342056, 0.01000000000000002623, 1.242928932188135160 ) ) ;
#1344 = ORIENTED_EDGE ( 'NONE', *, *, #1845, .F. ) ;
#1345 = EDGE_CURVE ( 'NONE', #3624, #1889, #3023, .T. ) ;
#1346 = ORIENTED_EDGE ( 'NONE', *, *, #940, .T. ) ;
#1347 = CARTESIAN_POINT ( 'NONE',  ( -0.6708578643762688198, 0.01000000000000000021, -1.239999999999999769 ) ) ;
#1348 = CARTESIAN_POINT ( 'NONE',  ( -1.175000000000000044, 2.490000000000000213, 0.4999999999999991673 ) ) ;
#1349 = CARTESIAN_POINT ( 'NONE',  ( 0.3099999999999998868, 11.15358983848622287, -0.3199999999999999512 ) ) ;
#1350 = PLANE ( 'NONE',  #3262 ) ;
#1351 = ORIENTED_EDGE ( 'NONE', *, *, #3548, .T. ) ;
#1352 = CARTESIAN_POINT ( 'NONE',  ( -0.3200000000000000622, 0.000000000000000000, 0.3199999999999999512 ) ) ;
#1353 = ORIENTED_EDGE ( 'NONE', *, *, #1981, .F. ) ;
#1354 = AXIS2_PLACEMENT_3D ( 'NONE', #3166, #1758, #2654 ) ;
#1355 = ORIENTED_EDGE ( 'NONE', *, *, #1801, .T. ) ;
#1356 = ORIENTED_EDGE ( 'NONE', *, *, #1565, .T. ) ;
#1357 = CARTESIAN_POINT ( 'NONE',  ( 0.000000000000000000, 11.49499999999999922, 0.1228867513459475369 ) ) ;
#1358 = DIRECTION ( 'NONE',  ( -0.4472135954999578167, -0.7745966692414834043, 0.4472135954999578722 ) ) ;
#1359 = CARTESIAN_POINT ( 'NONE',  ( -0.3200000000000001732, 2.495857864376268331, -0.3200000000000000622 ) ) ;
#1360 = ORIENTED_EDGE ( 'NONE', *, *, #2725, .F. ) ;
#1361 = EDGE_CURVE ( 'NONE', #1132, #2255, #2147, .T. ) ;
#1362 = ORIENTED_EDGE ( 'NONE', *, *, #3473, .F. ) ;
#1363 = CARTESIAN_POINT ( 'NONE',  ( -1.179142135623730825, 0.5000000000000000000, 0.7600000000000004530 ) ) ;
#1364 = EDGE_CURVE ( 'NONE', #751, #3624, #1267, .T. ) ;
#1365 = DIRECTION ( 'NONE',  ( 1.000000000000000000, 0.000000000000000000, 0.000000000000000000 ) ) ;
#1366 = CARTESIAN_POINT ( 'NONE',  ( 1.269999999999999796, 2.495857864376268331, -0.5000000000000011102 ) ) ;
#1367 = CARTESIAN_POINT ( 'NONE',  ( 0.000000000000000000, 2.490000000000000213, 0.7400000000000004352 ) ) ;
#1368 = DIRECTION ( 'NONE',  ( 1.000000000000000000, 0.000000000000000000, 0.000000000000000000 ) ) ;
#1369 = LINE ( 'NONE', #1386, #1445 ) ;
#1370 = ORIENTED_EDGE ( 'NONE', *, *, #93, .T. ) ;
#1371 = ORIENTED_EDGE ( 'NONE', *, *, #400, .T. ) ;
#1372 = CARTESIAN_POINT ( 'NONE',  ( 0.3200000000000000067, 11.15358983848622287, 0.3200000000000000067 ) ) ;
#1373 = EDGE_LOOP ( 'NONE', ( #991, #3768, #3065, #850, #702, #2527 ) ) ;
#1374 = SPHERICAL_SURFACE ( 'NONE', #2442, 0.01000000000000000021 ) ;
#1375 = CARTESIAN_POINT ( 'NONE',  ( -1.269999999999999796, 2.350000000000000089, -0.5000000000000008882 ) ) ;
#1376 = VECTOR ( 'NONE', #669, 1000.000000000000000 ) ;
#1377 = DIRECTION ( 'NONE',  ( -4.065758146820636894E-15, 8.470329472542992544E-16, -1.000000000000000000 ) ) ;
#1378 = EDGE_LOOP ( 'NONE', ( #3250, #3677, #637, #2330 ) ) ;
#1379 = ORIENTED_EDGE ( 'NONE', *, *, #3647, .T. ) ;
#1380 = DIRECTION ( 'NONE',  ( 0.000000000000000000, 0.000000000000000000, 1.000000000000000000 ) ) ;
#1381 = DIRECTION ( 'NONE',  ( -1.000000000000000000, -0.000000000000000000, 1.606225440719265874E-16 ) ) ;
#1382 = DIRECTION ( 'NONE',  ( -1.000000000000000000, 0.000000000000000000, 1.694065894508598706E-16 ) ) ;
#1383 = EDGE_CURVE ( 'NONE', #40, #2760, #1761, .T. ) ;
#1384 = CARTESIAN_POINT ( 'NONE',  ( -0.3199733969465144989, 0.3463640836734994677, 0.3108419876365759449 ) ) ;
#1385 = CARTESIAN_POINT ( 'NONE',  ( 5.080000000000000959, -2.200000000000000622, -1.254681460728667309E-15 ) ) ;
#1386 = CARTESIAN_POINT ( 'NONE',  ( -1.172071067811865319, 2.500000000000000000, 0.7529289321881351693 ) ) ;
#1387 = VERTEX_POINT ( 'NONE', #2675 ) ;
#1388 = AXIS2_PLACEMENT_3D ( 'NONE', #316, #871, #2042 ) ;
#1389 = EDGE_CURVE ( 'NONE', #3083, #312, #3305, .T. ) ;
#1390 = DIRECTION ( 'NONE',  ( 0.000000000000000000, 0.000000000000000000, -1.000000000000000000 ) ) ;
#1391 = ORIENTED_EDGE ( 'NONE', *, *, #133, .T. ) ;
#1392 = DIRECTION ( 'NONE',  ( -0.5773502691896261751, -0.5773502691896250649, 0.5773502691896261751 ) ) ;
#1393 = CARTESIAN_POINT ( 'NONE',  ( 0.3099999999999998868, 11.50000000000000000, -0.3199999999999999512 ) ) ;
#1394 = CIRCLE ( 'NONE', #3736, 0.01000000000000002623 ) ;
#1395 = ORIENTED_EDGE ( 'NONE', *, *, #722, .T. ) ;
#1396 = CARTESIAN_POINT ( 'NONE',  ( 0.1142264973081041218, 0.01000000000000001582, 0.1142264973081041912 ) ) ;
#1397 = CYLINDRICAL_SURFACE ( 'NONE', #1306, 0.01000000000000001409 ) ;
#1398 = AXIS2_PLACEMENT_3D ( 'NONE', #842, #2010, #3192 ) ;
#1399 = DIRECTION ( 'NONE',  ( 0.000000000000000000, 0.000000000000000000, -1.000000000000000000 ) ) ;
#1400 = DIRECTION ( 'NONE',  ( 0.000000000000000000, -1.000000000000000000, 0.000000000000000000 ) ) ;
#1401 = DIRECTION ( 'NONE',  ( -1.000000000000000000, 0.000000000000000000, 0.000000000000000000 ) ) ;
#1402 = ORIENTED_EDGE ( 'NONE', *, *, #3502, .T. ) ;
#1403 = VERTEX_POINT ( 'NONE', #2109 ) ;
#1404 = EDGE_CURVE ( 'NONE', #2474, #3410, #2101, .T. ) ;
#1405 = EDGE_CURVE ( 'NONE', #51, #3266, #2983, .T. ) ;
#1406 = ADVANCED_FACE ( 'NONE', ( #382 ), #916, .T. ) ;
#1407 = VECTOR ( 'NONE', #448, 1000.000000000000000 ) ;
#1408 = CARTESIAN_POINT ( 'NONE',  ( -0.6679289321881342056, 0.000000000000000000, -1.242928932188134272 ) ) ;
#1409 = VECTOR ( 'NONE', #3716, 1000.000000000000000 ) ;
#1410 = ADVANCED_FACE ( 'NONE', ( #304 ), #954, .T. ) ;
#1411 = DIRECTION ( 'NONE',  ( 0.000000000000000000, 0.000000000000000000, -1.000000000000000000 ) ) ;
#1412 = EDGE_LOOP ( 'NONE', ( #1512, #310, #1522 ) ) ;
#1413 = ORIENTED_EDGE ( 'NONE', *, *, #46, .T. ) ;
#1414 = EDGE_LOOP ( 'NONE', ( #2641, #684, #1623, #330, #3704, #717, #1745, #396, #401, #882, #989, #258, #539, #3788, #1622, #1821 ) ) ;
#1415 = CARTESIAN_POINT ( 'NONE',  ( 0.3199202969641257166, 11.15372788819387395, 0.3112600429262805668 ) ) ;
#1416 = CARTESIAN_POINT ( 'NONE',  ( -1.269999999999999574, 2.350000000000000089, 0.4999999999999990563 ) ) ;
#1417 = DIRECTION ( 'NONE',  ( 0.000000000000000000, 0.000000000000000000, 1.000000000000000000 ) ) ;
#1418 = AXIS2_PLACEMENT_3D ( 'NONE', #2481, #1613, #1031 ) ;
#1419 = CARTESIAN_POINT ( 'NONE',  ( -1.175000000000000044, 2.350000000000000089, -0.5000000000000008882 ) ) ;
#1420 = AXIS2_PLACEMENT_3D ( 'NONE', #301, #2902, #1478 ) ;
#1421 = CARTESIAN_POINT ( 'NONE',  ( 1.167928932188134317, 0.000000000000000000, -0.7429289321881346053 ) ) ;
#1422 = EDGE_CURVE ( 'NONE', #312, #2079, #1536, .T. ) ;
#1423 = ORIENTED_EDGE ( 'NONE', *, *, #1268, .T. ) ;
#1424 = LINE ( 'NONE', #2595, #3026 ) ;
#1425 = DIRECTION ( 'NONE',  ( -0.000000000000000000, 1.000000000000000000, -0.000000000000000000 ) ) ;
#1426 = CARTESIAN_POINT ( 'NONE',  ( 1.165000000000000702, -4.182922390780818322E-17, 0.7541421356237311135 ) ) ;
#1427 = EDGE_CURVE ( 'NONE', #3754, #1046, #1191, .T. ) ;
#1428 = FACE_OUTER_BOUND ( 'NONE', #1921, .T. ) ;
#1429 = ORIENTED_EDGE ( 'NONE', *, *, #1383, .T. ) ;
#1430 = ORIENTED_EDGE ( 'NONE', *, *, #1555, .T. ) ;
#1431 = DIRECTION ( 'NONE',  ( 8.470329472543003391E-17, 0.000000000000000000, 1.000000000000000000 ) ) ;
#1432 = DIRECTION ( 'NONE',  ( 1.000000000000000000, 0.000000000000000000, 3.252606517456505098E-14 ) ) ;
#1433 = CARTESIAN_POINT ( 'NONE',  ( 1.179142135623730825, 2.500000000000000000, -0.7600000000000001199 ) ) ;
#1434 = CIRCLE ( 'NONE', #2977, 0.01000000000000002623 ) ;
#1435 = DIRECTION ( 'NONE',  ( 0.000000000000000000, -1.000000000000000000, 0.000000000000000000 ) ) ;
#1436 = VECTOR ( 'NONE', #1104, 1000.000000000000000 ) ;
#1437 =( BOUNDED_CURVE ( )  B_SPLINE_CURVE ( 3, ( #2029, #2317, #528, #3501 ),
 .UNSPECIFIED., .F., .T. ) 
 B_SPLINE_CURVE_WITH_KNOTS ( ( 4, 4 ),
 ( -4.352074256530613638E-14, 1.570796326794896558 ),
 .UNSPECIFIED. ) 
 CURVE ( )  GEOMETRIC_REPRESENTATION_ITEM ( )  RATIONAL_B_SPLINE_CURVE ( ( 1.000000000000000000, 0.8047378541243547234, 0.8047378541243547234, 1.000000000000000000 ) ) 
 REPRESENTATION_ITEM ( '' )  );
#1438 = CARTESIAN_POINT ( 'NONE',  ( -1.269999999999999796, 2.500000000000000000, -0.7399999999999997691 ) ) ;
#1439 = DIRECTION ( 'NONE',  ( 1.000000000000000000, 0.000000000000000000, 0.000000000000000000 ) ) ;
#1440 = CARTESIAN_POINT ( 'NONE',  ( -1.150857864376269468, 0.000000000000000000, 0.7599999999999997868 ) ) ;
#1441 = VERTEX_POINT ( 'NONE', #1837 ) ;
#1442 = CARTESIAN_POINT ( 'NONE',  ( 0.6708578643762684868, 2.500000000000000000, -1.239999999999999991 ) ) ;
#1443 = CARTESIAN_POINT ( 'NONE',  ( 1.259999999999999787, 2.500000000000000000, -0.7400000000000001021 ) ) ;
#1444 = DIRECTION ( 'NONE',  ( -1.000000000000000000, 0.000000000000000000, -0.000000000000000000 ) ) ;
#1445 = VECTOR ( 'NONE', #1957, 1000.000000000000000 ) ;
#1446 = AXIS2_PLACEMENT_3D ( 'NONE', #2344, #1467, #2991 ) ;
#1447 = VECTOR ( 'NONE', #1887, 1000.000000000000000 ) ;
#1448 = DIRECTION ( 'NONE',  ( 0.7071067811865473507, 0.000000000000000000, -0.7071067811865477948 ) ) ;
#1449 = DIRECTION ( 'NONE',  ( 1.000000000000000000, -0.000000000000000000, 0.000000000000000000 ) ) ;
#1450 = VERTEX_POINT ( 'NONE', #2731 ) ;
#1451 = ADVANCED_FACE ( 'NONE', ( #2068 ), #3451, .F. ) ;
#1452 = EDGE_LOOP ( 'NONE', ( #1131, #2741, #660, #1885 ) ) ;
#1453 = DIRECTION ( 'NONE',  ( 0.000000000000000000, 0.000000000000000000, -1.000000000000000000 ) ) ;
#1454 = LINE ( 'NONE', #31, #3069 ) ;
#1455 = VECTOR ( 'NONE', #458, 1000.000000000000000 ) ;
#1456 = DIRECTION ( 'NONE',  ( 0.000000000000000000, -1.000000000000000000, 0.000000000000000000 ) ) ;
#1457 = EDGE_CURVE ( 'NONE', #1450, #83, #1369, .T. ) ;
#1458 = EDGE_CURVE ( 'NONE', #3059, #2465, #2746, .T. ) ;
#1459 = VECTOR ( 'NONE', #3374, 1000.000000000000000 ) ;
#1460 = FACE_OUTER_BOUND ( 'NONE', #1036, .T. ) ;
#1461 = EDGE_LOOP ( 'NONE', ( #1060, #941, #1111, #2420, #1328, #3568, #1157, #607 ) ) ;
#1462 = SHAPE_DEFINITION_REPRESENTATION ( #604, #3042 ) ;
#1463 = CARTESIAN_POINT ( 'NONE',  ( 0.3193224092811614567, 0.3452365399626488585, 0.3159672026817060275 ) ) ;
#1464 = ORIENTED_EDGE ( 'NONE', *, *, #375, .F. ) ;
#1465 =( BOUNDED_CURVE ( )  B_SPLINE_CURVE ( 3, ( #17, #289, #1463, #2680 ),
 .UNSPECIFIED., .F., .T. ) 
 B_SPLINE_CURVE_WITH_KNOTS ( ( 4, 4 ),
 ( 5.624127271420919172, 6.942243342938268391 ),
 .UNSPECIFIED. ) 
 CURVE ( )  GEOMETRIC_REPRESENTATION_ITEM ( )  RATIONAL_B_SPLINE_CURVE ( ( 1.000000000000000000, 0.8603796100557155047, 0.8603796100557155047, 1.000000000000000000 ) ) 
 REPRESENTATION_ITEM ( '' )  );
#1466 = DIRECTION ( 'NONE',  ( 0.000000000000000000, -1.000000000000000000, 0.000000000000000000 ) ) ;
#1467 = DIRECTION ( 'NONE',  ( 0.000000000000000000, 0.000000000000000000, -1.000000000000000000 ) ) ;
#1468 = CARTESIAN_POINT ( 'NONE',  ( 1.260000000000000453, 0.5000000000000000000, 0.7499999999999997780 ) ) ;
#1469 = APPLICATION_CONTEXT ( 'automotive_design' ) ;
#1470 = AXIS2_PLACEMENT_3D ( 'NONE', #1717, #3448, #2589 ) ;
#1471 = LINE ( 'NONE', #3183, #592 ) ;
#1472 = ORIENTED_EDGE ( 'NONE', *, *, #773, .F. ) ;
#1473 = EDGE_CURVE ( 'NONE', #769, #929, #227, .T. ) ;
#1474 = AXIS2_PLACEMENT_3D ( 'NONE', #1114, #231, #1411 ) ;
#1475 = VERTEX_POINT ( 'NONE', #3435 ) ;
#1476 = FACE_OUTER_BOUND ( 'NONE', #489, .T. ) ;
#1477 = PLANE ( 'NONE',  #1164 ) ;
#1478 = DIRECTION ( 'NONE',  ( -2.891205793294678819E-16, 0.000000000000000000, -1.000000000000000000 ) ) ;
#1479 = ADVANCED_FACE ( 'NONE', ( #499 ), #766, .T. ) ;
#1480 = CARTESIAN_POINT ( 'NONE',  ( 0.1142264973081041080, 0.01000000000000000021, 0.1142264973081041773 ) ) ;
#1481 = EDGE_CURVE ( 'NONE', #83, #3490, #1670, .T. ) ;
#1482 = CARTESIAN_POINT ( 'NONE',  ( -1.259999999999999787, 0.5100000000000000089, -0.7499999999999997780 ) ) ;
#1483 = CARTESIAN_POINT ( 'NONE',  ( 0.000000000000000000, 0.000000000000000000, 0.000000000000000000 ) ) ;
#1484 = CARTESIAN_POINT ( 'NONE',  ( -0.3193224092811622339, 11.15476346003734420, -0.3159672026817062496 ) ) ;
#1485 = ORIENTED_EDGE ( 'NONE', *, *, #1848, .F. ) ;
#1486 = AXIS2_PLACEMENT_3D ( 'NONE', #3660, #2536, #1952 ) ;
#1487 = DIRECTION ( 'NONE',  ( 1.000000000000000000, -0.000000000000000000, -0.000000000000000000 ) ) ;
#1488 = CARTESIAN_POINT ( 'NONE',  ( -0.9554289321881341834, 2.490000000000000213, -0.9554289321881347385 ) ) ;
#1489 = CARTESIAN_POINT ( 'NONE',  ( 0.3112600429262812884, 0.3462721118061213299, -0.3199202969641257721 ) ) ;
#1490 = CARTESIAN_POINT ( 'NONE',  ( -0.3112600429262813440, 11.15372788819387395, 0.3199202969641256611 ) ) ;
#1491 = ORIENTED_EDGE ( 'NONE', *, *, #1729, .T. ) ;
#1492 = PRODUCT_DEFINITION_SHAPE ( 'NONE', 'NONE',  #3806 ) ;
#1493 = EDGE_LOOP ( 'NONE', ( #2074, #1010, #2949, #3024 ) ) ;
#1494 = DIRECTION ( 'NONE',  ( -1.000000000000000000, 0.000000000000000000, -0.000000000000000000 ) ) ;
#1495 = DIRECTION ( 'NONE',  ( 1.000000000000000000, 0.000000000000000000, -1.606225440719265874E-16 ) ) ;
#1496 = ADVANCED_FACE ( 'NONE', ( #3156 ), #3399, .T. ) ;
#1497 = DIRECTION ( 'NONE',  ( 0.000000000000000000, 1.000000000000000000, 0.000000000000000000 ) ) ;
#1498 = DIRECTION ( 'NONE',  ( -1.000000000000000000, 0.000000000000000000, -0.000000000000000000 ) ) ;
#1499 = ORIENTED_EDGE ( 'NONE', *, *, #2820, .T. ) ;
#1500 = VECTOR ( 'NONE', #2582, 1000.000000000000000 ) ;
#1501 = LINE ( 'NONE', #2457, #1903 ) ;
#1502 = DIRECTION ( 'NONE',  ( -1.000000000000000000, 0.000000000000000000, 0.000000000000000000 ) ) ;
#1503 = PLANE ( 'NONE',  #1018 ) ;
#1504 = ADVANCED_FACE ( 'NONE', ( #1704 ), #1686, .T. ) ;
#1505 = DIRECTION ( 'NONE',  ( 0.000000000000000000, 0.000000000000000000, -1.000000000000000000 ) ) ;
#1506 = VERTEX_POINT ( 'NONE', #2884 ) ;
#1507 = CARTESIAN_POINT ( 'NONE',  ( -1.269999999999999796, 2.350000000000000089, -0.5000000000000008882 ) ) ;
#1508 = DIRECTION ( 'NONE',  ( 1.000000000000000000, 0.000000000000000000, 0.000000000000000000 ) ) ;
#1509 = EDGE_CURVE ( 'NONE', #3654, #543, #242, .T. ) ;
#1510 = CARTESIAN_POINT ( 'NONE',  ( -1.165000000000000036, 2.500000000000000000, 0.5099999999999991207 ) ) ;
#1511 = ORIENTED_EDGE ( 'NONE', *, *, #3015, .F. ) ;
#1512 = ORIENTED_EDGE ( 'NONE', *, *, #2271, .T. ) ;
#1513 = CARTESIAN_POINT ( 'NONE',  ( -0.1142264973081042051, 0.01000000000000001929, 0.1142264973081041912 ) ) ;
#1514 = AXIS2_PLACEMENT_3D ( 'NONE', #3417, #788, #1956 ) ;
#1515 = LINE ( 'NONE', #2694, #2386 ) ;
#1516 = DIRECTION ( 'NONE',  ( 0.000000000000000000, 0.000000000000000000, 1.000000000000000000 ) ) ;
#1517 = CARTESIAN_POINT ( 'NONE',  ( 0.1142264973081030532, 11.49000000000000021, -0.1142264973081030671 ) ) ;
#1518 = ORIENTED_EDGE ( 'NONE', *, *, #302, .T. ) ;
#1519 = CARTESIAN_POINT ( 'NONE',  ( 1.175000000000000488, 0.000000000000000000, 0.7599999999999997868 ) ) ;
#1520 = CARTESIAN_POINT ( 'NONE',  ( -0.3199202969641258831, 11.15372788819387395, -0.3112600429262804558 ) ) ;
#1521 = AXIS2_PLACEMENT_3D ( 'NONE', #332, #22, #1133 ) ;
#1522 = ORIENTED_EDGE ( 'NONE', *, *, #2662, .F. ) ;
#1523 = CARTESIAN_POINT ( 'NONE',  ( -1.165000000000000036, 2.500000000000000000, -0.5100000000000008971 ) ) ;
#1524 = CARTESIAN_POINT ( 'NONE',  ( 1.175000000000000044, 2.490000000000000213, -0.5100000000000011191 ) ) ;
#1525 = VERTEX_POINT ( 'NONE', #1919 ) ;
#1526 = PRODUCT ( 'header-2.54-body_\X2\9ed88ba4\X0\', 'header-2.54-body_\X2\9ed88ba4\X0\', '', ( #288 ) ) ;
#1527 = EDGE_CURVE ( 'NONE', #3604, #2762, #2649, .T. ) ;
#1528 = ORIENTED_EDGE ( 'NONE', *, *, #375, .T. ) ;
#1529 = EDGE_CURVE ( 'NONE', #3581, #3754, #1176, .T. ) ;
#1530 = LINE ( 'NONE', #1561, #411 ) ;
#1531 = ORIENTED_EDGE ( 'NONE', *, *, #1228, .T. ) ;
#1532 = EDGE_LOOP ( 'NONE', ( #3140, #2563, #2886, #1548 ) ) ;
#1533 = DIRECTION ( 'NONE',  ( -0.7071067811865475727, 0.000000000000000000, 0.7071067811865475727 ) ) ;
#1534 = CARTESIAN_POINT ( 'NONE',  ( 0.3200000000000000067, 11.15358983848622287, 0.3100000000000000533 ) ) ;
#1535 = CARTESIAN_POINT ( 'NONE',  ( 0.6708578643762693750, 2.490000000000000213, 1.250000000000000444 ) ) ;
#1536 = LINE ( 'NONE', #2716, #1138 ) ;
#1537 = EDGE_LOOP ( 'NONE', ( #99, #1687, #394, #3705, #2576, #2456 ) ) ;
#1538 = DIRECTION ( 'NONE',  ( 1.000000000000000000, 0.000000000000000000, 0.000000000000000000 ) ) ;
#1539 = CONTEXT_DEPENDENT_SHAPE_REPRESENTATION ( #2656, #2406 ) ;
#1540 = DIRECTION ( 'NONE',  ( 1.000000000000000000, 0.000000000000000000, -0.000000000000000000 ) ) ;
#1541 = EDGE_LOOP ( 'NONE', ( #1850, #2946, #1293, #3526 ) ) ;
#1542 = DIRECTION ( 'NONE',  ( 1.000000000000000000, -0.000000000000000000, -1.606225440719266613E-16 ) ) ;
#1543 = EDGE_CURVE ( 'NONE', #1086, #1733, #900, .T. ) ;
#1544 = LINE ( 'NONE', #695, #2792 ) ;
#1545 = VECTOR ( 'NONE', #245, 1000.000000000000000 ) ;
#1546 = VECTOR ( 'NONE', #261, 999.9999999999998863 ) ;
#1547 = CARTESIAN_POINT ( 'NONE',  ( -0.3200000000000000622, 0.3464101615137729073, -0.3104214140871991989 ) ) ;
#1548 = ORIENTED_EDGE ( 'NONE', *, *, #1422, .F. ) ;
#1549 = EDGE_CURVE ( 'NONE', #2783, #1506, #880, .T. ) ;
#1550 = EDGE_CURVE ( 'NONE', #2474, #595, #2473, .T. ) ;
#1551 = DIRECTION ( 'NONE',  ( 0.000000000000000000, 1.000000000000000000, -2.710505431213760691E-15 ) ) ;
#1552 = LINE ( 'NONE', #646, #234 ) ;
#1553 = DIRECTION ( 'NONE',  ( 1.000000000000000000, 0.000000000000000000, 0.000000000000000000 ) ) ;
#1554 = ORIENTED_EDGE ( 'NONE', *, *, #746, .T. ) ;
#1555 = EDGE_CURVE ( 'NONE', #2876, #1891, #863, .T. ) ;
#1556 = DIRECTION ( 'NONE',  ( -0.4472135954999592600, -0.7745966692414817389, 0.4472135954999593710 ) ) ;
#1557 = LINE ( 'NONE', #92, #1077 ) ;
#1558 = CARTESIAN_POINT ( 'NONE',  ( 1.260000000000000453, 0.5100000000000000089, 0.7500000000000001110 ) ) ;
#1559 = CIRCLE ( 'NONE', #1257, 0.01000000000000000194 ) ;
#1560 =( BOUNDED_CURVE ( )  B_SPLINE_CURVE ( 3, ( #738, #1642, #141, #1308 ),
 .UNSPECIFIED., .F., .F. ) 
 B_SPLINE_CURVE_WITH_KNOTS ( ( 4, 4 ),
 ( 1.570796326794896558, 3.141592653589836193 ),
 .UNSPECIFIED. ) 
 CURVE ( )  GEOMETRIC_REPRESENTATION_ITEM ( )  RATIONAL_B_SPLINE_CURVE ( ( 1.000000000000000000, 0.8047378541243548344, 0.8047378541243548344, 1.000000000000000000 ) ) 
 REPRESENTATION_ITEM ( '' )  );
#1561 = CARTESIAN_POINT ( 'NONE',  ( -0.08907179676972420967, 11.53856921938165137, 0.09773205080756851293 ) ) ;
#1562 = VERTEX_POINT ( 'NONE', #2093 ) ;
#1563 = PLANE ( 'NONE',  #852 ) ;
#1564 = CARTESIAN_POINT ( 'NONE',  ( 1.165000000000000480, 2.500000000000000000, 0.5099999999999992317 ) ) ;
#1565 = EDGE_CURVE ( 'NONE', #2717, #3742, #616, .T. ) ;
#1566 = VECTOR ( 'NONE', #2354, 1000.000000000000000 ) ;
#1567 = EDGE_CURVE ( 'NONE', #2435, #3406, #843, .T. ) ;
#1568 = VECTOR ( 'NONE', #3424, 1000.000000000000000 ) ;
#1569 = VERTEX_POINT ( 'NONE', #1216 ) ;
#1570 = AXIS2_PLACEMENT_3D ( 'NONE', #404, #3259, #1142 ) ;
#1571 = CARTESIAN_POINT ( 'NONE',  ( 1.175000000000000488, 2.350000000000000089, 0.4999999999999991673 ) ) ;
#1572 = EDGE_CURVE ( 'NONE', #517, #1057, #2968, .T. ) ;
#1573 = LINE ( 'NONE', #2752, #1500 ) ;
#1574 = CARTESIAN_POINT ( 'NONE',  ( -1.269999999999999574, 0.5000000000000000000, -0.7500000000000001110 ) ) ;
#1575 = EDGE_CURVE ( 'NONE', #233, #2748, #3369, .T. ) ;
#1576 = ORIENTED_EDGE ( 'NONE', *, *, #662, .T. ) ;
#1577 = DIRECTION ( 'NONE',  ( -1.694065894508600678E-16, -0.000000000000000000, -1.000000000000000000 ) ) ;
#1579 = VECTOR ( 'NONE', #2224, 1000.000000000000114 ) ;
#1578 =( LENGTH_UNIT ( ) NAMED_UNIT ( * ) SI_UNIT ( .MILLI., .METRE. ) );
#1580 = CARTESIAN_POINT ( 'NONE',  ( -0.3200000000000001177, 0.000000000000000000, -0.3200000000000000622 ) ) ;
#1581 = VERTEX_POINT ( 'NONE', #1440 ) ;
#1582 = AXIS2_PLACEMENT_3D ( 'NONE', #2324, #3553, #1726 ) ;
#1583 = FACE_OUTER_BOUND ( 'NONE', #2874, .T. ) ;
#1584 = CARTESIAN_POINT ( 'NONE',  ( 1.164999999999999813, -2.384716070445022302E-17, -0.7541421356237314466 ) ) ;
#1585 = ORIENTED_EDGE ( 'NONE', *, *, #2578, .T. ) ;
#1586 = EDGE_LOOP ( 'NONE', ( #2312, #1605, #967, #1218 ) ) ;
#1587 =( BOUNDED_CURVE ( )  B_SPLINE_CURVE ( 3, ( #1945, #3408, #1641, #1907 ),
 .UNSPECIFIED., .F., .F. ) 
 B_SPLINE_CURVE_WITH_KNOTS ( ( 4, 4 ),
 ( 3.141592653589793116, 4.712388980384689674 ),
 .UNSPECIFIED. ) 
 CURVE ( )  GEOMETRIC_REPRESENTATION_ITEM ( )  RATIONAL_B_SPLINE_CURVE ( ( 1.000000000000000000, 0.8047378541243649375, 0.8047378541243649375, 1.000000000000000000 ) ) 
 REPRESENTATION_ITEM ( '' )  );
#1588 = CARTESIAN_POINT ( 'NONE',  ( 0.3199999999999998956, 11.50000000000000000, -0.3199999999999999512 ) ) ;
#1589 = CARTESIAN_POINT ( 'NONE',  ( -0.3112600429262813995, 11.15372788819387395, -0.3199202969641255501 ) ) ;
#1590 = UNCERTAINTY_MEASURE_WITH_UNIT (LENGTH_MEASURE( 1.000000000000000082E-05 ), #3612, 'distance_accuracy_value', 'NONE');
#1591 = VERTEX_POINT ( 'NONE', #551 ) ;
#1592 = ORIENTED_EDGE ( 'NONE', *, *, #3651, .T. ) ;
#1593 = DIRECTION ( 'NONE',  ( 0.000000000000000000, -0.4999999999999815148, 0.8660254037844492547 ) ) ;
#1594 = AXIS2_PLACEMENT_3D ( 'NONE', #3326, #329, #1505 ) ;
#1595 = DIRECTION ( 'NONE',  ( -5.421010862427743051E-15, -1.000000000000000000, 0.000000000000000000 ) ) ;
#1596 = EDGE_CURVE ( 'NONE', #430, #3541, #1722, .T. ) ;
#1597 = FACE_OUTER_BOUND ( 'NONE', #1083, .T. ) ;
#1598 = ORIENTED_EDGE ( 'NONE', *, *, #351, .F. ) ;
#1599 = CARTESIAN_POINT ( 'NONE',  ( -0.6708578643762688198, 0.01000000000000002623, 1.240000000000000657 ) ) ;
#1600 = LINE ( 'NONE', #3330, #408 ) ;
#1601 = ORIENTED_EDGE ( 'NONE', *, *, #2662, .T. ) ;
#1602 = EDGE_LOOP ( 'NONE', ( #1346, #1464, #1832, #3534 ) ) ;
#1603 = CARTESIAN_POINT ( 'NONE',  ( 1.165000000000000036, 2.490000000000000213, -0.5000000000000011102 ) ) ;
#1604 = DIRECTION ( 'NONE',  ( 1.000000000000000000, -0.000000000000000000, -1.606225440719266613E-16 ) ) ;
#1605 = ORIENTED_EDGE ( 'NONE', *, *, #992, .F. ) ;
#1606 = VECTOR ( 'NONE', #1877, 1000.000000000000000 ) ;
#1607 = DIRECTION ( 'NONE',  ( 0.000000000000000000, 0.000000000000000000, -1.000000000000000000 ) ) ;
#1608 = DIRECTION ( 'NONE',  ( 0.000000000000000000, 1.000000000000000000, -0.000000000000000000 ) ) ;
#1609 = ORIENTED_EDGE ( 'NONE', *, *, #1177, .T. ) ;
#1610 = CARTESIAN_POINT ( 'NONE',  ( -0.9554289321881346275, 2.490000000000000213, 0.9554289321881347385 ) ) ;
#1611 = ORIENTED_EDGE ( 'NONE', *, *, #2294, .F. ) ;
#1612 = FACE_OUTER_BOUND ( 'NONE', #1338, .T. ) ;
#1613 = DIRECTION ( 'NONE',  ( 0.000000000000000000, 0.000000000000000000, -1.000000000000000000 ) ) ;
#1614 = ADVANCED_FACE ( 'NONE', ( #267 ), #1503, .F. ) ;
#1615 = ORIENTED_EDGE ( 'NONE', *, *, #1667, .F. ) ;
#1616 = ORIENTED_EDGE ( 'NONE', *, *, #3530, .T. ) ;
#1617 = CIRCLE ( 'NONE', #3358, 0.01000000000000001235 ) ;
#1618 = ORIENTED_EDGE ( 'NONE', *, *, #1555, .F. ) ;
#1619 = AXIS2_PLACEMENT_3D ( 'NONE', #2290, #492, #3462 ) ;
#1620 = EDGE_CURVE ( 'NONE', #569, #2261, #1465, .T. ) ;
#1621 = CARTESIAN_POINT ( 'NONE',  ( 0.6779289321881348807, 2.490000000000000213, 1.247071067811865941 ) ) ;
#1622 = ORIENTED_EDGE ( 'NONE', *, *, #1481, .F. ) ;
#1623 = ORIENTED_EDGE ( 'NONE', *, *, #277, .T. ) ;
#1624 = CARTESIAN_POINT ( 'NONE',  ( -1.269999999999999574, 0.5000000000000000000, 0.7499999999999997780 ) ) ;
#1625 = VECTOR ( 'NONE', #3545, 1000.000000000000000 ) ;
#1626 = CARTESIAN_POINT ( 'NONE',  ( 1.175000000000000488, 2.490000000000000213, 0.4999999999999991673 ) ) ;
#1627 = CIRCLE ( 'NONE', #162, 0.01000000000000002623 ) ;
#1628 = CARTESIAN_POINT ( 'NONE',  ( 0.000000000000000000, 11.49000000000000021, 0.1142264973081031781 ) ) ;
#1629 = CIRCLE ( 'NONE', #2300, 0.01000000000000001409 ) ;
#1630 = DIRECTION ( 'NONE',  ( -0.4472135954999595375, 0.7745966692414821830, -0.4472135954999585383 ) ) ;
#1631 =( GEOMETRIC_REPRESENTATION_CONTEXT ( 3 ) GLOBAL_UNCERTAINTY_ASSIGNED_CONTEXT ( ( #3565 ) ) GLOBAL_UNIT_ASSIGNED_CONTEXT ( ( #2034, #1721, #2050 ) ) REPRESENTATION_CONTEXT ( 'NONE', 'WORKASPACE' ) );
#1632 = FILL_AREA_STYLE ('',( #477 ) ) ;
#1633 = ORIENTED_EDGE ( 'NONE', *, *, #765, .F. ) ;
#1634 = AXIS2_PLACEMENT_3D ( 'NONE', #800, #1358, #178 ) ;
#1635 = AXIS2_PLACEMENT_3D ( 'NONE', #294, #1159, #2055 ) ;
#1636 = DIRECTION ( 'NONE',  ( 0.000000000000000000, 1.000000000000000000, 0.000000000000000000 ) ) ;
#1637 = ORIENTED_EDGE ( 'NONE', *, *, #1918, .T. ) ;
#1638 = EDGE_CURVE ( 'NONE', #1884, #446, #2640, .T. ) ;
#1639 = ADVANCED_FACE ( 'NONE', ( #2340 ), #2186, .T. ) ;
#1640 = CYLINDRICAL_SURFACE ( 'NONE', #103, 0.01000000000000002623 ) ;
#1641 = CARTESIAN_POINT ( 'NONE',  ( -1.170857864376269042, 2.500000000000000000, -0.5041421356237317797 ) ) ;
#1642 = CARTESIAN_POINT ( 'NONE',  ( 1.265857864376269459, 2.500000000000000000, 0.7458578643762693305 ) ) ;
#1643 = ORIENTED_EDGE ( 'NONE', *, *, #1405, .T. ) ;
#1644 = EDGE_LOOP ( 'NONE', ( #3309, #3377, #276, #2515 ) ) ;
#1645 = CARTESIAN_POINT ( 'NONE',  ( -0.6708578643762688198, 0.000000000000000000, -1.239999999999999769 ) ) ;
#1646 = CARTESIAN_POINT ( 'NONE',  ( 0.1228867513459474814, 11.49499999999999922, 0.1142264973081023177 ) ) ;
#1647 = PLANE ( 'NONE',  #2616 ) ;
#1648 = CARTESIAN_POINT ( 'NONE',  ( 0.3200000000000000067, 11.15358983848622287, 0.3100000000000000533 ) ) ;
#1649 = AXIS2_PLACEMENT_3D ( 'NONE', #87, #3255, #2130 ) ;
#1650 = DIRECTION ( 'NONE',  ( -1.000000000000000000, 0.000000000000000000, 0.000000000000000000 ) ) ;
#1651 = ORIENTED_EDGE ( 'NONE', *, *, #311, .F. ) ;
#1652 = VECTOR ( 'NONE', #2273, 1000.000000000000000 ) ;
#1653 = ORIENTED_EDGE ( 'NONE', *, *, #418, .F. ) ;
#1654 = PRODUCT_RELATED_PRODUCT_CATEGORY ( 'part', '', ( #635 ) ) ;
#1655 = EDGE_CURVE ( 'NONE', #3721, #812, #636, .T. ) ;
#1656 = LINE ( 'NONE', #2854, #268 ) ;
#1657 = EDGE_LOOP ( 'NONE', ( #1103, #62, #2301, #2207, #599, #3688 ) ) ;
#1658 = CARTESIAN_POINT ( 'NONE',  ( -0.3099999999999999978, 0.3464101615137729628, 0.3200000000000000622 ) ) ;
#1659 = LINE ( 'NONE', #2838, #1407 ) ;
#1660 = EDGE_CURVE ( 'NONE', #3197, #1057, #2986, .T. ) ;
#1661 = DIRECTION ( 'NONE',  ( 1.000000000000000000, -0.000000000000000000, 0.000000000000000000 ) ) ;
#1662 = ORIENTED_EDGE ( 'NONE', *, *, #797, .T. ) ;
#1663 = EDGE_LOOP ( 'NONE', ( #2959, #3577, #168, #1265 ) ) ;
#1664 = CARTESIAN_POINT ( 'NONE',  ( -0.6708578643762688198, 0.000000000000000000, 1.240000000000000657 ) ) ;
#1665 = DIRECTION ( 'NONE',  ( 1.000000000000000000, -0.000000000000000000, -0.000000000000000000 ) ) ;
#1666 = CARTESIAN_POINT ( 'NONE',  ( -0.1142264973081031643, 11.49000000000000021, 0.1142264973081031781 ) ) ;
#1667 = EDGE_CURVE ( 'NONE', #1525, #569, #2439, .T. ) ;
#1668 = DIRECTION ( 'NONE',  ( 1.000000000000000000, 0.000000000000000000, 0.000000000000000000 ) ) ;
#1669 = DIRECTION ( 'NONE',  ( 0.000000000000000000, 0.000000000000000000, 1.000000000000000000 ) ) ;
#1670 = LINE ( 'NONE', #1977, #95 ) ;
#1671 = ORIENTED_EDGE ( 'NONE', *, *, #3225, .F. ) ;
#1672 = ORIENTED_EDGE ( 'NONE', *, *, #1565, .F. ) ;
#1673 = DIRECTION ( 'NONE',  ( -0.000000000000000000, -0.000000000000000000, 1.000000000000000000 ) ) ;
#1674 = VERTEX_POINT ( 'NONE', #3043 ) ;
#1675 = VECTOR ( 'NONE', #2011, 999.9999999999998863 ) ;
#1676 = FACE_OUTER_BOUND ( 'NONE', #1121, .T. ) ;
#1677 = CARTESIAN_POINT ( 'NONE',  ( 1.174999999999999822, 0.01000000000000002623, -0.7500000000000001110 ) ) ;
#1678 = VECTOR ( 'NONE', #1431, 1000.000000000000000 ) ;
#1679 = ORIENTED_EDGE ( 'NONE', *, *, #1937, .F. ) ;
#1680 = CARTESIAN_POINT ( 'NONE',  ( -1.175000000000000044, 2.350000000000000089, 0.4999999999999991673 ) ) ;
#1681 =( BOUNDED_CURVE ( )  B_SPLINE_CURVE ( 3, ( #2291, #3481, #1795, #3317 ),
 .UNSPECIFIED., .F., .F. ) 
 B_SPLINE_CURVE_WITH_KNOTS ( ( 4, 4 ),
 ( 3.141592653589793116, 3.267932781228574779 ),
 .UNSPECIFIED. ) 
 CURVE ( )  GEOMETRIC_REPRESENTATION_ITEM ( )  RATIONAL_B_SPLINE_CURVE ( ( 1.000000000000000000, 0.9986702899464853234, 0.9986702899464853234, 1.000000000000000000 ) ) 
 REPRESENTATION_ITEM ( '' )  );
#1682 = EDGE_CURVE ( 'NONE', #2078, #2120, #385, .T. ) ;
#1683 = CARTESIAN_POINT ( 'NONE',  ( -0.3104214140871993100, 11.15358983848622110, -0.3199999999999998956 ) ) ;
#1684 = EDGE_CURVE ( 'NONE', #1119, #751, #2720, .T. ) ;
#1685 = DIRECTION ( 'NONE',  ( 0.8660254037844379305, 0.5000000000000012212, -1.355252715606880740E-15 ) ) ;
#1686 = CYLINDRICAL_SURFACE ( 'NONE', #3668, 0.01000000000000002623 ) ;
#1687 = ORIENTED_EDGE ( 'NONE', *, *, #3329, .T. ) ;
#1688 = EDGE_CURVE ( 'NONE', #731, #1187, #1557, .T. ) ;
#1689 = VECTOR ( 'NONE', #3623, 1000.000000000000000 ) ;
#1690 = ORIENTED_EDGE ( 'NONE', *, *, #2603, .T. ) ;
#1691 = CARTESIAN_POINT ( 'NONE',  ( 0.6708578643762688198, 2.490000000000000213, -1.239999999999999991 ) ) ;
#1692 = DIRECTION ( 'NONE',  ( 0.7071067811865477948, -0.000000000000000000, -0.7071067811865473507 ) ) ;
#1693 = AXIS2_PLACEMENT_3D ( 'NONE', #1975, #3719, #3115 ) ;
#1694 = ORIENTED_EDGE ( 'NONE', *, *, #3124, .T. ) ;
#1695 = ORIENTED_EDGE ( 'NONE', *, *, #1457, .T. ) ;
#1696 = LINE ( 'NONE', #544, #3601 ) ;
#1697 = CARTESIAN_POINT ( 'NONE',  ( -1.175000000000000711, 0.01000000000000002623, 0.7499999999999997780 ) ) ;
#1698 = FACE_OUTER_BOUND ( 'NONE', #1414, .T. ) ;
#1699 = CARTESIAN_POINT ( 'NONE',  ( -1.179142135623730825, 2.500000000000000000, 0.7400000000000004352 ) ) ;
#1700 = CARTESIAN_POINT ( 'NONE',  ( 0.3104214140871992544, 0.3464101615137729628, 0.3200000000000000622 ) ) ;
#1701 =( BOUNDED_CURVE ( )  B_SPLINE_CURVE ( 3, ( #512, #1683, #2007, #2049 ),
 .UNSPECIFIED., .F., .T. ) 
 B_SPLINE_CURVE_WITH_KNOTS ( ( 4, 4 ),
 ( 0.000000000000000000, 0.1263401276387656758 ),
 .UNSPECIFIED. ) 
 CURVE ( )  GEOMETRIC_REPRESENTATION_ITEM ( )  RATIONAL_B_SPLINE_CURVE ( ( 1.000000000000000000, 0.9986702899464856564, 0.9986702899464856564, 1.000000000000000000 ) ) 
 REPRESENTATION_ITEM ( '' )  );
#1702 = ITEM_DEFINED_TRANSFORMATION ( 'NONE', 'NONE', #2303,  #3783 ) ;
#1703 = ADVANCED_FACE ( 'NONE', ( #3646 ), #960, .F. ) ;
#1704 = FACE_OUTER_BOUND ( 'NONE', #478, .T. ) ;
#1705 = VERTEX_POINT ( 'NONE', #1252 ) ;
#1706 = CARTESIAN_POINT ( 'NONE',  ( 1.175000000000000488, 2.490000000000000213, 0.4999999999999991673 ) ) ;
#1707 =( REPRESENTATION_RELATIONSHIP ('NONE','NONE', #1150, #3042 ) REPRESENTATION_RELATIONSHIP_WITH_TRANSFORMATION ( #2591 )SHAPE_REPRESENTATION_RELATIONSHIP( ) );
#1708 = CIRCLE ( 'NONE', #3690, 0.01000000000000002623 ) ;
#1709 = DIRECTION ( 'NONE',  ( 0.000000000000000000, -1.000000000000000000, 0.000000000000000000 ) ) ;
#1710 = SPHERICAL_SURFACE ( 'NONE', #2924, 0.01000000000000000021 ) ;
#1711 = VERTEX_POINT ( 'NONE', #3626 ) ;
#1712 = ORIENTED_EDGE ( 'NONE', *, *, #1667, .T. ) ;
#1713 = CARTESIAN_POINT ( 'NONE',  ( 0.1066666666666664237, 1.113333333333333286, 0.1066666666666663682 ) ) ;
#1714 = DIRECTION ( 'NONE',  ( -2.891205793294678819E-16, -0.000000000000000000, -1.000000000000000000 ) ) ;
#1715 = CARTESIAN_POINT ( 'NONE',  ( -0.3159672026817064716, 11.15476346003734065, 0.3193224092811617898 ) ) ;
#1716 = CIRCLE ( 'NONE', #190, 0.01000000000000002623 ) ;
#1717 = CARTESIAN_POINT ( 'NONE',  ( 1.179142135623731491, 2.500000000000000000, 0.7600000000000001199 ) ) ;
#1718 = DIRECTION ( 'NONE',  ( -4.065758146820642416E-15, 0.000000000000000000, 1.000000000000000000 ) ) ;
#1719 = AXIS2_PLACEMENT_3D ( 'NONE', #2655, #1190, #3539 ) ;
#1720 = FILL_AREA_STYLE_COLOUR ( '', #2670 ) ;
#1721 =( NAMED_UNIT ( * ) PLANE_ANGLE_UNIT ( ) SI_UNIT ( $, .RADIAN. ) );
#1722 = LINE ( 'NONE', #2906, #35 ) ;
#1723 = VERTEX_POINT ( 'NONE', #3076 ) ;
#1724 = ORIENTED_EDGE ( 'NONE', *, *, #706, .F. ) ;
#1725 =( LENGTH_UNIT ( ) NAMED_UNIT ( * ) SI_UNIT ( .MILLI., .METRE. ) );
#1726 = DIRECTION ( 'NONE',  ( 0.000000000000000000, -0.000000000000000000, 1.000000000000000000 ) ) ;
#1727 = EDGE_CURVE ( 'NONE', #1258, #3164, #2493, .T. ) ;
#1728 = LINE ( 'NONE', #2384, #1931 ) ;
#1729 = EDGE_CURVE ( 'NONE', #2520, #1733, #1333, .T. ) ;
#1730 = EDGE_CURVE ( 'NONE', #2976, #576, #633, .T. ) ;
#1731 = DIRECTION ( 'NONE',  ( -0.7071067811865472397, 0.000000000000000000, 0.7071067811865479058 ) ) ;
#1732 = CARTESIAN_POINT ( 'NONE',  ( -0.1142264973081032059, 11.49000000000000021, -0.1142264973081030671 ) ) ;
#1733 = VERTEX_POINT ( 'NONE', #691 ) ;
#1734 = EDGE_CURVE ( 'NONE', #1581, #872, #656, .T. ) ;
#1735 = ORIENTED_EDGE ( 'NONE', *, *, #3077, .T. ) ;
#1736 = CARTESIAN_POINT ( 'NONE',  ( 0.000000000000000000, 2.500000000000000000, -0.3300000000000001266 ) ) ;
#1737 = LINE ( 'NONE', #2878, #1294 ) ;
#1738 = CARTESIAN_POINT ( 'NONE',  ( -0.3199202969641256056, 11.15372788819387395, 0.3112600429262813995 ) ) ;
#1739 = VECTOR ( 'NONE', #1673, 1000.000000000000000 ) ;
#1740 = DIRECTION ( 'NONE',  ( 0.000000000000000000, 0.000000000000000000, -1.000000000000000000 ) ) ;
#1741 = ORIENTED_EDGE ( 'NONE', *, *, #3528, .T. ) ;
#1742 = CARTESIAN_POINT ( 'NONE',  ( 0.3199202969641257166, 11.15372788819387395, 0.3112600429262805668 ) ) ;
#1743 = FACE_OUTER_BOUND ( 'NONE', #978, .T. ) ;
#1744 = DIRECTION ( 'NONE',  ( 0.000000000000000000, 0.000000000000000000, -1.000000000000000000 ) ) ;
#1745 = ORIENTED_EDGE ( 'NONE', *, *, #1967, .F. ) ;
#1746 = CYLINDRICAL_SURFACE ( 'NONE', #602, 0.01000000000000001235 ) ;
#1747 = FACE_OUTER_BOUND ( 'NONE', #1586, .T. ) ;
#1748 = EDGE_CURVE ( 'NONE', #1902, #2762, #3062, .T. ) ;
#1749 = AXIS2_PLACEMENT_3D ( 'NONE', #2247, #3116, #1110 ) ;
#1750 = VECTOR ( 'NONE', #389, 1000.000000000000000 ) ;
#1751 = AXIS2_PLACEMENT_3D ( 'NONE', #3652, #2165, #2145 ) ;
#1752 = ADVANCED_FACE ( 'NONE', ( #3362 ), #2399, .T. ) ;
#1753 = CARTESIAN_POINT ( 'NONE',  ( 0.3099999999999998868, 11.50000000000000000, -0.3099999999999999423 ) ) ;
#1754 = EDGE_LOOP ( 'NONE', ( #3609, #3270, #2593, #3761 ) ) ;
#1755 = ADVANCED_FACE ( 'NONE', ( #709 ), #2751, .T. ) ;
#1756 = ORIENTED_EDGE ( 'NONE', *, *, #1638, .T. ) ;
#1757 = DIRECTION ( 'NONE',  ( -0.4472135954999630902, 0.7745966692414802957, 0.4472135954999584828 ) ) ;
#1758 = DIRECTION ( 'NONE',  ( 0.4472135954999467145, 0.7745966692414959498, -0.4472135954999473806 ) ) ;
#1759 = VECTOR ( 'NONE', #1295, 999.9999999999998863 ) ;
#1760 = PLANE ( 'NONE',  #1719 ) ;
#1761 = LINE ( 'NONE', #2433, #1566 ) ;
#1762 = ORIENTED_EDGE ( 'NONE', *, *, #614, .T. ) ;
#1763 = SURFACE_STYLE_USAGE ( .BOTH. , #2070 ) ;
#1764 = CONTEXT_DEPENDENT_SHAPE_REPRESENTATION ( #1786, #3594 ) ;
#1765 = DIRECTION ( 'NONE',  ( -1.000000000000000000, 0.000000000000000000, 0.000000000000000000 ) ) ;
#1766 = ORIENTED_EDGE ( 'NONE', *, *, #961, .F. ) ;
#1767 = DIRECTION ( 'NONE',  ( -1.000000000000000000, 0.000000000000000000, 4.336808689942016257E-16 ) ) ;
#1768 = DIRECTION ( 'NONE',  ( 0.000000000000000000, 0.000000000000000000, 1.000000000000000000 ) ) ;
#1769 = FACE_OUTER_BOUND ( 'NONE', #2899, .T. ) ;
#1770 = EDGE_CURVE ( 'NONE', #3120, #1087, #2114, .T. ) ;
#1771 = AXIS2_PLACEMENT_3D ( 'NONE', #2500, #128, #786 ) ;
#1772 = CARTESIAN_POINT ( 'NONE',  ( 0.6779289321881343255, 2.490000000000000213, -1.247071067811865497 ) ) ;
#1773 = ORIENTED_EDGE ( 'NONE', *, *, #2008, .F. ) ;
#1774 = ORIENTED_EDGE ( 'NONE', *, *, #1261, .T. ) ;
#1775 = DIRECTION ( 'NONE',  ( 0.7071067811865474617, 0.000000000000000000, 0.7071067811865474617 ) ) ;
#1776 = DIRECTION ( 'NONE',  ( -0.000000000000000000, 1.000000000000000000, -0.000000000000000000 ) ) ;
#1777 = DIRECTION ( 'NONE',  ( 1.000000000000000000, 1.355252715606879754E-15, -3.673419846319646360E-30 ) ) ;
#1778 = EDGE_CURVE ( 'NONE', #183, #233, #1629, .T. ) ;
#1779 = CARTESIAN_POINT ( 'NONE',  ( -1.972499999999999476, 0.5000000000000000000, 0.04749999999999936218 ) ) ;
#1780 = CONTEXT_DEPENDENT_SHAPE_REPRESENTATION ( #1707, #667 ) ;
#1781 = AXIS2_PLACEMENT_3D ( 'NONE', #3696, #145, #1593 ) ;
#1782 = DIRECTION ( 'NONE',  ( -2.891205793294678819E-16, 0.000000000000000000, -1.000000000000000000 ) ) ;
#1783 = CARTESIAN_POINT ( 'NONE',  ( -0.3099999999999999978, 11.50000000000000000, 0.3200000000000000622 ) ) ;
#1784 = CARTESIAN_POINT ( 'NONE',  ( 1.270000000000000018, 2.490000000000000213, 0.4999999999999986122 ) ) ;
#1785 = ADVANCED_FACE ( 'NONE', ( #653 ), #1291, .T. ) ;
#1786 =( REPRESENTATION_RELATIONSHIP ('NONE','NONE', #1150, #1120 ) REPRESENTATION_RELATIONSHIP_WITH_TRANSFORMATION ( #596 )SHAPE_REPRESENTATION_RELATIONSHIP( ) );
#1787 = ORIENTED_EDGE ( 'NONE', *, *, #1734, .F. ) ;
#1788 = CIRCLE ( 'NONE', #127, 0.01000000000000002623 ) ;
#1789 = LINE ( 'NONE', #1507, #3437 ) ;
#1790 = FACE_OUTER_BOUND ( 'NONE', #585, .T. ) ;
#1791 = CYLINDRICAL_SURFACE ( 'NONE', #2929, 0.01000000000000002623 ) ;
#1792 = EDGE_LOOP ( 'NONE', ( #2069, #291, #2359, #117 ) ) ;
#1793 = ORIENTED_EDGE ( 'NONE', *, *, #2890, .F. ) ;
#1794 = LINE ( 'NONE', #3519, #3657 ) ;
#1795 = CARTESIAN_POINT ( 'NONE',  ( -0.3108419876365758894, 0.3463640836734994677, 0.3199733969465145544 ) ) ;
#1796 = CARTESIAN_POINT ( 'NONE',  ( -1.269999999999999796, -1.503005322678532707, 0.7500000000000004441 ) ) ;
#1797 = FACE_OUTER_BOUND ( 'NONE', #354, .T. ) ;
#1798 = EDGE_LOOP ( 'NONE', ( #668, #3227, #3005, #286, #2778, #3089 ) ) ;
#1799 = AXIS2_PLACEMENT_3D ( 'NONE', #1980, #3472, #752 ) ;
#1800 = DIRECTION ( 'NONE',  ( -0.000000000000000000, 1.000000000000000000, -0.000000000000000000 ) ) ;
#1801 = EDGE_CURVE ( 'NONE', #1277, #1198, #2418, .T. ) ;
#1802 = DIRECTION ( 'NONE',  ( 0.000000000000000000, -1.000000000000000000, 0.000000000000000000 ) ) ;
#1803 = EDGE_CURVE ( 'NONE', #2460, #430, #455, .T. ) ;
#1804 = VECTOR ( 'NONE', #836, 999.9999999999998863 ) ;
#1805 = ORIENTED_EDGE ( 'NONE', *, *, #1543, .F. ) ;
#1806 = CARTESIAN_POINT ( 'NONE',  ( 0.3193224092811616233, 11.15476346003734598, -0.3159672026817065826 ) ) ;
#1807 = LINE ( 'NONE', #869, #3728 ) ;
#1808 = ORIENTED_EDGE ( 'NONE', *, *, #3457, .T. ) ;
#1809 = VERTEX_POINT ( 'NONE', #1626 ) ;
#1810 = CARTESIAN_POINT ( 'NONE',  ( -0.9554289321881346275, 2.500000000000000000, 0.9554289321881347385 ) ) ;
#1811 = VERTEX_POINT ( 'NONE', #2241 ) ;
#1812 = CIRCLE ( 'NONE', #2298, 0.01000000000000002623 ) ;
#1813 = AXIS2_PLACEMENT_3D ( 'NONE', #363, #33, #2412 ) ;
#1814 = ORIENTED_EDGE ( 'NONE', *, *, #1596, .T. ) ;
#1815 = CARTESIAN_POINT ( 'NONE',  ( -0.3200000000000001177, 0.3464101615137729628, -0.3199999999999999512 ) ) ;
#1816 = STYLED_ITEM ( 'NONE', ( #170 ), #3543 ) ;
#1817 = DIRECTION ( 'NONE',  ( -1.000000000000000000, 0.000000000000000000, 0.000000000000000000 ) ) ;
#1818 = LINE ( 'NONE', #3253, #624 ) ;
#1819 = CARTESIAN_POINT ( 'NONE',  ( 0.1142264973081030671, 11.50000000000000000, -0.1142264973081030810 ) ) ;
#1820 = ADVANCED_FACE ( 'NONE', ( #146 ), #1647, .F. ) ;
#1821 = ORIENTED_EDGE ( 'NONE', *, *, #2253, .T. ) ;
#1822 = DIRECTION ( 'NONE',  ( -1.000000000000000000, 0.000000000000000000, 0.000000000000000000 ) ) ;
#1823 = ITEM_DEFINED_TRANSFORMATION ( 'NONE', 'NONE', #2803,  #3783 ) ;
#1824 = CARTESIAN_POINT ( 'NONE',  ( 0.3099999999999998868, 0.3464101615137729628, -0.3199999999999999512 ) ) ;
#1825 = DIRECTION ( 'NONE',  ( 1.000000000000000000, 0.000000000000000000, -0.000000000000000000 ) ) ;
#1826 = VERTEX_POINT ( 'NONE', #1348 ) ;
#1827 = DIRECTION ( 'NONE',  ( -0.4472135954999578167, 0.7745966692414834043, 0.4472135954999578722 ) ) ;
#1828 = EDGE_CURVE ( 'NONE', #3490, #742, #2219, .T. ) ;
#1829 = VERTEX_POINT ( 'NONE', #2518 ) ;
#1830 =( BOUNDED_CURVE ( )  B_SPLINE_CURVE ( 3, ( #270, #2832, #845, #1079 ),
 .UNSPECIFIED., .F., .T. ) 
 B_SPLINE_CURVE_WITH_KNOTS ( ( 4, 4 ),
 ( -5.329070518200751394E-15, 0.1263401276387706162 ),
 .UNSPECIFIED. ) 
 CURVE ( )  GEOMETRIC_REPRESENTATION_ITEM ( )  RATIONAL_B_SPLINE_CURVE ( ( 1.000000000000000000, 0.9986702899464854344, 0.9986702899464854344, 1.000000000000000000 ) ) 
 REPRESENTATION_ITEM ( '' )  );
#1831 = ORIENTED_EDGE ( 'NONE', *, *, #1238, .T. ) ;
#1832 = ORIENTED_EDGE ( 'NONE', *, *, #1243, .F. ) ;
#1833 = DIRECTION ( 'NONE',  ( -1.564911040351217078E-15, -2.710505431213763057E-15, -1.000000000000000000 ) ) ;
#1834 = CARTESIAN_POINT ( 'NONE',  ( -1.175000000000000044, 2.490000000000000213, -0.5100000000000008971 ) ) ;
#1835 = CARTESIAN_POINT ( 'NONE',  ( -0.3100000000000001088, 0.3464101615137729628, -0.3199999999999999512 ) ) ;
#1836 = CIRCLE ( 'NONE', #63, 0.01000000000000002623 ) ;
#1837 = CARTESIAN_POINT ( 'NONE',  ( -1.175000000000000044, 2.350000000000000089, 0.4999999999999991673 ) ) ;
#1838 = ORIENTED_EDGE ( 'NONE', *, *, #2214, .F. ) ;
#1839 = DIRECTION ( 'NONE',  ( 0.000000000000000000, 0.000000000000000000, -1.000000000000000000 ) ) ;
#1840 = CARTESIAN_POINT ( 'NONE',  ( 0.1850717967697237953, 0.1277076581449563264, 0.1937320508075680570 ) ) ;
#1841 = EDGE_LOOP ( 'NONE', ( #1643, #1314, #1511, #3678 ) ) ;
#1842 = DIRECTION ( 'NONE',  ( -0.8660254037844475894, -0.4999999999999844569, 0.000000000000000000 ) ) ;
#1843 = PRESENTATION_STYLE_ASSIGNMENT (( #370 ) ) ;
#1844 = AXIS2_PLACEMENT_3D ( 'NONE', #1610, #454, #164 ) ;
#1845 = EDGE_CURVE ( 'NONE', #622, #3460, #768, .T. ) ;
#1846 = DIRECTION ( 'NONE',  ( 0.000000000000000000, 0.000000000000000000, 1.000000000000000000 ) ) ;
#1847 = ORIENTED_EDGE ( 'NONE', *, *, #890, .T. ) ;
#1848 = EDGE_CURVE ( 'NONE', #1899, #812, #3706, .T. ) ;
#1849 = EDGE_CURVE ( 'NONE', #812, #88, #3591, .T. ) ;
#1850 = ORIENTED_EDGE ( 'NONE', *, *, #3281, .T. ) ;
#1851 =( BOUNDED_CURVE ( )  B_SPLINE_CURVE ( 3, ( #494, #185, #2475, #2202 ),
 .UNSPECIFIED., .F., .T. ) 
 B_SPLINE_CURVE_WITH_KNOTS ( ( 4, 4 ),
 ( 0.000000000000000000, 0.1263401276387650096 ),
 .UNSPECIFIED. ) 
 CURVE ( )  GEOMETRIC_REPRESENTATION_ITEM ( )  RATIONAL_B_SPLINE_CURVE ( ( 1.000000000000000000, 0.9986702899464856564, 0.9986702899464856564, 1.000000000000000000 ) ) 
 REPRESENTATION_ITEM ( '' )  );
#1852 = DIRECTION ( 'NONE',  ( -1.000000000000000000, 0.000000000000000000, 1.694065894508600678E-16 ) ) ;
#1853 = CARTESIAN_POINT ( 'NONE',  ( 0.1142264973081040247, 0.004999999999999983624, -0.1228867513459484528 ) ) ;
#1854 = ADVANCED_FACE ( 'NONE', ( #2721 ), #3607, .T. ) ;
#1855 = ORIENTED_EDGE ( 'NONE', *, *, #1527, .T. ) ;
#1856 = LINE ( 'NONE', #1571, #3145 ) ;
#1857 = DIRECTION ( 'NONE',  ( 5.706327223607941615E-15, 0.000000000000000000, 1.000000000000000000 ) ) ;
#1858 = CARTESIAN_POINT ( 'NONE',  ( 1.260000000000000231, 2.500000000000000000, 0.5099999999999987876 ) ) ;
#1859 = CIRCLE ( 'NONE', #2544, 0.01000000000000000368 ) ;
#1860 = EDGE_LOOP ( 'NONE', ( #3791, #2855, #374, #3667, #2615, #964, #2663, #1044 ) ) ;
#1861 = DIRECTION ( 'NONE',  ( 0.000000000000000000, 0.000000000000000000, -1.000000000000000000 ) ) ;
#1862 = CARTESIAN_POINT ( 'NONE',  ( -0.3200000000000001177, 2.490000000000000213, -0.3200000000000000622 ) ) ;
#1863 = VECTOR ( 'NONE', #199, 1000.000000000000000 ) ;
#1864 = FACE_OUTER_BOUND ( 'NONE', #2270, .T. ) ;
#1865 = ORIENTED_EDGE ( 'NONE', *, *, #862, .T. ) ;
#1866 = LINE ( 'NONE', #2485, #3785 ) ;
#1867 = ORIENTED_EDGE ( 'NONE', *, *, #797, .F. ) ;
#1868 = ORIENTED_EDGE ( 'NONE', *, *, #3513, .F. ) ;
#1869 = PLANE ( 'NONE',  #2826 ) ;
#1870 = DIRECTION ( 'NONE',  ( -1.694065894508600678E-16, 0.000000000000000000, -1.000000000000000000 ) ) ;
#1871 = ADVANCED_FACE ( 'NONE', ( #1428 ), #1710, .T. ) ;
#1872 = ORIENTED_EDGE ( 'NONE', *, *, #2957, .F. ) ;
#1873 = VECTOR ( 'NONE', #1130, 1000.000000000000000 ) ;
#1874 = VECTOR ( 'NONE', #1043, 1000.000000000000000 ) ;
#1875 = ORIENTED_EDGE ( 'NONE', *, *, #2584, .T. ) ;
#1876 = VECTOR ( 'NONE', #1323, 1000.000000000000000 ) ;
#1877 = DIRECTION ( 'NONE',  ( -1.000000000000000000, 0.000000000000000000, 1.606225440719266613E-16 ) ) ;
#1878 = CARTESIAN_POINT ( 'NONE',  ( -1.165000000000000480, -4.124589821249880973E-17, 0.7541421356237308915 ) ) ;
#1879 = DIRECTION ( 'NONE',  ( 0.000000000000000000, 1.000000000000000000, 0.000000000000000000 ) ) ;
#1880 = LINE ( 'NONE', #1255, #1759 ) ;
#1882 = CIRCLE ( 'NONE', #2065, 0.01000000000000001409 ) ;
#1881 = CARTESIAN_POINT ( 'NONE',  ( -0.3241421356237310647, 2.500000000000000000, 0.3241421356237308982 ) ) ;
#1883 = LINE ( 'NONE', #1276, #513 ) ;
#1884 = VERTEX_POINT ( 'NONE', #605 ) ;
#1885 = ORIENTED_EDGE ( 'NONE', *, *, #2310, .F. ) ;
#1886 = CARTESIAN_POINT ( 'NONE',  ( 1.175000000000000488, 2.350000000000000089, 0.4999999999999991673 ) ) ;
#1887 = DIRECTION ( 'NONE',  ( 0.000000000000000000, -1.000000000000000000, 0.000000000000000000 ) ) ;
#1888 = ORIENTED_EDGE ( 'NONE', *, *, #529, .T. ) ;
#1889 = VERTEX_POINT ( 'NONE', #275 ) ;
#1890 = CARTESIAN_POINT ( 'NONE',  ( 0.3241421356237307871, 2.500000000000000000, 0.3241421356237308982 ) ) ;
#1891 = VERTEX_POINT ( 'NONE', #2021 ) ;
#1892 = EDGE_CURVE ( 'NONE', #1525, #2227, #2742, .T. ) ;
#1893 = CARTESIAN_POINT ( 'NONE',  ( -0.6708578643762688198, 2.490000000000000213, 1.240000000000000657 ) ) ;
#1894 = AXIS2_PLACEMENT_3D ( 'NONE', #2281, #207, #1382 ) ;
#1895 = DIRECTION ( 'NONE',  ( 1.000000000000000000, 0.000000000000000000, -0.000000000000000000 ) ) ;
#1896 = CYLINDRICAL_SURFACE ( 'NONE', #1954, 0.01000000000000002623 ) ;
#1897 = DIRECTION ( 'NONE',  ( -0.7071067811865474617, 0.000000000000000000, 0.7071067811865474617 ) ) ;
#1898 = CARTESIAN_POINT ( 'NONE',  ( -0.1228867513459475369, 11.49499999999999922, 0.1142264973081032614 ) ) ;
#1899 = VERTEX_POINT ( 'NONE', #1490 ) ;
#1900 = ADVANCED_FACE ( 'NONE', ( #2369 ), #220, .T. ) ;
#1901 = ORIENTED_EDGE ( 'NONE', *, *, #2705, .F. ) ;
#1902 = VERTEX_POINT ( 'NONE', #2895 ) ;
#1903 = VECTOR ( 'NONE', #997, 1000.000000000000000 ) ;
#1904 = APPLICATION_CONTEXT ( 'automotive_design' ) ;
#1905 = AXIS2_PLACEMENT_3D ( 'NONE', #342, #2394, #1516 ) ;
#1906 = CARTESIAN_POINT ( 'NONE',  ( 0.3112600429262812884, 11.15372788819387395, -0.3199202969641256056 ) ) ;
#1907 = CARTESIAN_POINT ( 'NONE',  ( -1.165000000000000036, 2.500000000000000000, -0.5100000000000008971 ) ) ;
#1908 = CARTESIAN_POINT ( 'NONE',  ( -0.3200000000000001177, 2.490000000000000213, -0.3200000000000000622 ) ) ;
#1909 = ORIENTED_EDGE ( 'NONE', *, *, #2664, .F. ) ;
#1910 = ORIENTED_EDGE ( 'NONE', *, *, #934, .T. ) ;
#1911 = ADVANCED_FACE ( 'NONE', ( #3777 ), #3495, .T. ) ;
#1912 = FACE_OUTER_BOUND ( 'NONE', #782, .T. ) ;
#1913 = CARTESIAN_POINT ( 'NONE',  ( -0.6779289321881342145, 0.01000000000000002623, -1.247071067811865275 ) ) ;
#1914 = EDGE_LOOP ( 'NONE', ( #3107, #3036, #59, #878 ) ) ;
#1915 = DIRECTION ( 'NONE',  ( -0.000000000000000000, 1.000000000000000000, -0.000000000000000000 ) ) ;
#1916 = ADVANCED_FACE ( 'NONE', ( #3558 ), #1791, .T. ) ;
#1917 = DIRECTION ( 'NONE',  ( 0.000000000000000000, 0.000000000000000000, 1.000000000000000000 ) ) ;
#1918 = EDGE_CURVE ( 'NONE', #154, #2465, #3245, .T. ) ;
#1919 = CARTESIAN_POINT ( 'NONE',  ( 0.1142264973081041218, 0.004999999999999995767, 0.1228867513459485639 ) ) ;
#1920 = ORIENTED_EDGE ( 'NONE', *, *, #1620, .F. ) ;
#1921 = EDGE_LOOP ( 'NONE', ( #2711, #2142, #2801 ) ) ;
#1922 = AXIS2_PLACEMENT_3D ( 'NONE', #949, #1533, #1775 ) ;
#1923 = CARTESIAN_POINT ( 'NONE',  ( 1.175000000000000044, 0.01000000000000002623, -0.7500000000000001110 ) ) ;
#1924 = VERTEX_POINT ( 'NONE', #561 ) ;
#1925 = DIRECTION ( 'NONE',  ( 1.000000000000000000, -1.084202172485501594E-14, 0.000000000000000000 ) ) ;
#1926 = CARTESIAN_POINT ( 'NONE',  ( 0.3199202969641255501, 11.15372788819387395, -0.3112600429262813440 ) ) ;
#1927 = CARTESIAN_POINT ( 'NONE',  ( 0.6749999999999997113, 2.490000000000000213, -1.250000000000000000 ) ) ;
#1928 = ORIENTED_EDGE ( 'NONE', *, *, #1058, .T. ) ;
#1929 = CARTESIAN_POINT ( 'NONE',  ( -1.165000000000000036, 2.500000000000000000, 0.5099999999999991207 ) ) ;
#1930 = VECTOR ( 'NONE', #2035, 1000.000000000000000 ) ;
#1931 = VECTOR ( 'NONE', #2098, 1000.000000000000000 ) ;
#1932 = DIRECTION ( 'NONE',  ( 0.4472135954999594820, -0.7745966692414817389, 0.4472135954999594265 ) ) ;
#1933 = ADVANCED_FACE ( 'NONE', ( #3267 ), #337, .T. ) ;
#1934 = AXIS2_PLACEMENT_3D ( 'NONE', #3405, #1962, #848 ) ;
#1935 = DIRECTION ( 'NONE',  ( -0.4472135954999579277, -0.7745966692414834043, -0.4472135954999578722 ) ) ;
#1936 = ORIENTED_EDGE ( 'NONE', *, *, #3169, .T. ) ;
#1937 = EDGE_CURVE ( 'NONE', #3748, #715, #1471, .T. ) ;
#1938 = CIRCLE ( 'NONE', #718, 0.01000000000000002623 ) ;
#1939 = EDGE_CURVE ( 'NONE', #1924, #233, #7, .T. ) ;
#1940 = CIRCLE ( 'NONE', #3106, 0.01000000000000002623 ) ;
#1941 = PLANE ( 'NONE',  #2348 ) ;
#1942 = ORIENTED_EDGE ( 'NONE', *, *, #856, .T. ) ;
#1943 = VECTOR ( 'NONE', #3146, 1000.000000000000000 ) ;
#1944 = CARTESIAN_POINT ( 'NONE',  ( 0.3099999999999998868, 11.15358983848622287, -0.3199999999999999512 ) ) ;
#1945 = CARTESIAN_POINT ( 'NONE',  ( -1.175000000000000044, 2.490000000000000213, -0.5000000000000008882 ) ) ;
#1946 = DIRECTION ( 'NONE',  ( -0.000000000000000000, 1.000000000000000000, -0.000000000000000000 ) ) ;
#1947 = DIRECTION ( 'NONE',  ( -1.000000000000000000, 0.000000000000000000, 0.000000000000000000 ) ) ;
#1948 = ORIENTED_EDGE ( 'NONE', *, *, #1457, .F. ) ;
#1949 = EDGE_CURVE ( 'NONE', #714, #1902, #2126, .T. ) ;
#1950 = ORIENTED_EDGE ( 'NONE', *, *, #1261, .F. ) ;
#1951 = DIRECTION ( 'NONE',  ( 0.7071067811865475727, 2.299940125025055044E-14, -0.7071067811865475727 ) ) ;
#1952 = DIRECTION ( 'NONE',  ( 0.7071067811865474617, 0.000000000000000000, 0.7071067811865474617 ) ) ;
#1953 = CYLINDRICAL_SURFACE ( 'NONE', #303, 0.009999999999999998473 ) ;
#1954 = AXIS2_PLACEMENT_3D ( 'NONE', #427, #3698, #2478 ) ;
#1955 = FACE_OUTER_BOUND ( 'NONE', #1541, .T. ) ;
#1956 = DIRECTION ( 'NONE',  ( 1.000000000000000000, 0.000000000000000000, 0.000000000000000000 ) ) ;
#1957 = DIRECTION ( 'NONE',  ( 0.000000000000000000, -1.000000000000000000, 0.000000000000000000 ) ) ;
#1958 = VERTEX_POINT ( 'NONE', #1772 ) ;
#1959 = AXIS2_PLACEMENT_3D ( 'NONE', #737, #3147, #1326 ) ;
#1960 = VERTEX_POINT ( 'NONE', #1510 ) ;
#1961 = PLANE ( 'NONE',  #3718 ) ;
#1962 = DIRECTION ( 'NONE',  ( -1.606225440719265874E-16, 0.000000000000000000, -1.000000000000000000 ) ) ;
#1963 = ORIENTED_EDGE ( 'NONE', *, *, #2725, .T. ) ;
#1964 = ADVANCED_FACE ( 'NONE', ( #2307 ), #254, .T. ) ;
#1965 = DIRECTION ( 'NONE',  ( -0.000000000000000000, 0.000000000000000000, -1.000000000000000000 ) ) ;
#1966 = DIRECTION ( 'NONE',  ( 1.000000000000000000, 0.000000000000000000, 0.000000000000000000 ) ) ;
#1967 = EDGE_CURVE ( 'NONE', #1569, #3748, #2388, .T. ) ;
#1968 = CARTESIAN_POINT ( 'NONE',  ( 1.269999999999999796, -1.503005322678532707, -0.7500000000000001110 ) ) ;
#1969 = AXIS2_PLACEMENT_3D ( 'NONE', #3734, #743, #725 ) ;
#1970 = VERTEX_POINT ( 'NONE', #1184 ) ;
#1971 = DIRECTION ( 'NONE',  ( 0.5773502691896260641, -0.5773502691896250649, 0.5773502691896263972 ) ) ;
#1972 = ADVANCED_FACE ( 'NONE', ( #3533 ), #888, .T. ) ;
#1973 = CARTESIAN_POINT ( 'NONE',  ( 0.000000000000000000, 11.49499999999999922, -0.1228867513459474259 ) ) ;
#1974 = CARTESIAN_POINT ( 'NONE',  ( 1.175000000000000488, 2.490000000000000213, 0.7500000000000001110 ) ) ;
#1975 = CARTESIAN_POINT ( 'NONE',  ( -1.259999999999999787, 0.5100000000000000089, 0.7500000000000004441 ) ) ;
#1976 = DIRECTION ( 'NONE',  ( 0.000000000000000000, 0.000000000000000000, 1.000000000000000000 ) ) ;
#1977 = CARTESIAN_POINT ( 'NONE',  ( -1.222500000000000142, 0.5000000000000000000, 0.7025000000000003464 ) ) ;
#1978 = ORIENTED_EDGE ( 'NONE', *, *, #2318, .F. ) ;
#1979 = VERTEX_POINT ( 'NONE', #2446 ) ;
#1980 = CARTESIAN_POINT ( 'NONE',  ( 0.3099999999999999978, 11.50000000000000000, 0.3100000000000000533 ) ) ;
#1981 = EDGE_CURVE ( 'NONE', #1705, #312, #3311, .T. ) ;
#1982 = VECTOR ( 'NONE', #1112, 1000.000000000000000 ) ;
#1983 = CARTESIAN_POINT ( 'NONE',  ( -1.174999999999999822, 0.01000000000000002623, -0.7500000000000001110 ) ) ;
#1984 = CARTESIAN_POINT ( 'NONE',  ( 0.1142264973081031088, 11.50000000000000000, 0.1142264973081031781 ) ) ;
#1985 = AXIS2_PLACEMENT_3D ( 'NONE', #41, #1827, #2860 ) ;
#1986 = ORIENTED_EDGE ( 'NONE', *, *, #1170, .T. ) ;
#1987 = EDGE_LOOP ( 'NONE', ( #323, #1995, #1300, #1472 ) ) ;
#1988 = LINE ( 'NONE', #508, #1436 ) ;
#1989 = EDGE_CURVE ( 'NONE', #715, #543, #230, .T. ) ;
#1990 = FACE_OUTER_BOUND ( 'NONE', #1860, .T. ) ;
#1991 = CARTESIAN_POINT ( 'NONE',  ( 0.6708578643762693750, 0.01000000000000002623, 1.240000000000000435 ) ) ;
#1992 = LINE ( 'NONE', #2925, #3680 ) ;
#1993 = DIRECTION ( 'NONE',  ( -0.7071067811865475727, 0.000000000000000000, -0.7071067811865474617 ) ) ;
#1994 = VECTOR ( 'NONE', #1056, 1000.000000000000000 ) ;
#1995 = ORIENTED_EDGE ( 'NONE', *, *, #248, .F. ) ;
#1996 = DIRECTION ( 'NONE',  ( 0.000000000000000000, -0.000000000000000000, -1.000000000000000000 ) ) ;
#1997 = DIRECTION ( 'NONE',  ( 1.000000000000000000, -0.000000000000000000, -0.000000000000000000 ) ) ;
#1998 = PLANE ( 'NONE',  #3191 ) ;
#1999 = DIRECTION ( 'NONE',  ( 1.000000000000000000, 0.000000000000000000, -1.694065894508600925E-16 ) ) ;
#2000 = VERTEX_POINT ( 'NONE', #2761 ) ;
#2001 = CARTESIAN_POINT ( 'NONE',  ( 1.165000000000000036, 2.500000000000000000, -0.5100000000000011191 ) ) ;
#2002 = VECTOR ( 'NONE', #1200, 1000.000000000000000 ) ;
#2003 = ORIENTED_EDGE ( 'NONE', *, *, #2603, .F. ) ;
#2004 = DIRECTION ( 'NONE',  ( -1.000000000000000000, 0.000000000000000000, 1.084202172485504592E-14 ) ) ;
#2005 = LINE ( 'NONE', #1147, #570 ) ;
#2006 = DIRECTION ( 'NONE',  ( -1.000000000000000000, -0.000000000000000000, -0.000000000000000000 ) ) ;
#2007 = CARTESIAN_POINT ( 'NONE',  ( -0.3108419876365758894, 11.15363591632649509, -0.3199733969465143879 ) ) ;
#2008 = EDGE_CURVE ( 'NONE', #3197, #564, #1866, .T. ) ;
#2009 = EDGE_LOOP ( 'NONE', ( #3796, #626, #2722, #3649 ) ) ;
#2010 = DIRECTION ( 'NONE',  ( 0.000000000000000000, -1.000000000000000000, 0.000000000000000000 ) ) ;
#2011 = DIRECTION ( 'NONE',  ( -0.7071067811865473507, 0.000000000000000000, 0.7071067811865477948 ) ) ;
#2012 = CARTESIAN_POINT ( 'NONE',  ( -0.3300000000000001266, 2.500000000000000000, 2.795208725939192352E-17 ) ) ;
#2013 = ORIENTED_EDGE ( 'NONE', *, *, #1481, .T. ) ;
#2014 = DIRECTION ( 'NONE',  ( -1.000000000000000000, 0.000000000000000000, 0.000000000000000000 ) ) ;
#2015 = EDGE_CURVE ( 'NONE', #2163, #2560, #1280, .T. ) ;
#2016 = LINE ( 'NONE', #2623, #2002 ) ;
#2017 = CARTESIAN_POINT ( 'NONE',  ( -0.3200000000000001177, 0.9000000000000002442, -0.3200000000000000622 ) ) ;
#2018 = ADVANCED_FACE ( 'NONE', ( #665 ), #1303, .T. ) ;
#2019 = AXIS2_PLACEMENT_3D ( 'NONE', #11, #590, #566 ) ;
#2020 = LINE ( 'NONE', #3744, #1652 ) ;
#2021 = CARTESIAN_POINT ( 'NONE',  ( -1.269999999999999796, 2.350000000000000089, -0.5000000000000008882 ) ) ;
#2022 = ORIENTED_EDGE ( 'NONE', *, *, #351, .T. ) ;
#2023 = CARTESIAN_POINT ( 'NONE',  ( 1.270000000000000018, 2.490000000000000213, 0.4999999999999986122 ) ) ;
#2024 = ORIENTED_EDGE ( 'NONE', *, *, #961, .T. ) ;
#2025 = DIRECTION ( 'NONE',  ( 1.000000000000000000, -0.000000000000000000, -0.000000000000000000 ) ) ;
#2026 = CARTESIAN_POINT ( 'NONE',  ( 1.269999999999999796, 2.350000000000000089, -0.5000000000000011102 ) ) ;
#2027 = CARTESIAN_POINT ( 'NONE',  ( -1.179142135623730825, 2.490000000000000213, 0.7600000000000004530 ) ) ;
#2028 = VECTOR ( 'NONE', #1448, 999.9999999999998863 ) ;
#2029 = CARTESIAN_POINT ( 'NONE',  ( -1.269999999999999796, 2.489999999999999769, -0.7499999999999997780 ) ) ;
#2030 = APPLICATION_CONTEXT ( 'automotive_design' ) ;
#2031 = DIRECTION ( 'NONE',  ( -1.000000000000000000, -0.000000000000000000, -4.694733121053642754E-15 ) ) ;
#2032 = CIRCLE ( 'NONE', #3275, 0.01000000000000002623 ) ;
#2033 = PLANE ( 'NONE',  #2284 ) ;
#2034 =( LENGTH_UNIT ( ) NAMED_UNIT ( * ) SI_UNIT ( .MILLI., .METRE. ) );
#2035 = DIRECTION ( 'NONE',  ( -1.000000000000000000, 0.000000000000000000, 0.000000000000000000 ) ) ;
#2036 = EDGE_LOOP ( 'NONE', ( #2037, #3184, #2249, #1430 ) ) ;
#2037 = ORIENTED_EDGE ( 'NONE', *, *, #706, .T. ) ;
#2038 = EDGE_CURVE ( 'NONE', #221, #138, #713, .T. ) ;
#2039 = DIRECTION ( 'NONE',  ( 0.000000000000000000, -1.000000000000000000, -8.538092108323695779E-14 ) ) ;
#2040 = EDGE_CURVE ( 'NONE', #2495, #1979, #3637, .T. ) ;
#2041 = CARTESIAN_POINT ( 'NONE',  ( -0.1228867513459485639, 0.004999999999999980155, -0.1142264973081040663 ) ) ;
#2042 = DIRECTION ( 'NONE',  ( -0.8660254037844434816, 0.4999999999999915068, 0.000000000000000000 ) ) ;
#2043 = ORIENTED_EDGE ( 'NONE', *, *, #1727, .T. ) ;
#2044 = ORIENTED_EDGE ( 'NONE', *, *, #3225, .T. ) ;
#2045 = DIRECTION ( 'NONE',  ( -0.4472135954999593155, 0.7745966692414818500, 0.4472135954999593710 ) ) ;
#2046 = DIRECTION ( 'NONE',  ( 0.000000000000000000, 0.000000000000000000, 1.000000000000000000 ) ) ;
#2047 = DIRECTION ( 'NONE',  ( 0.000000000000000000, 0.000000000000000000, -1.000000000000000000 ) ) ;
#2048 = VECTOR ( 'NONE', #3149, 1000.000000000000000 ) ;
#2049 = CARTESIAN_POINT ( 'NONE',  ( -0.3112600429262813995, 11.15372788819387395, -0.3199202969641255501 ) ) ;
#2050 =( NAMED_UNIT ( * ) SI_UNIT ( $, .STERADIAN. ) SOLID_ANGLE_UNIT ( ) );
#2051 = CARTESIAN_POINT ( 'NONE',  ( -0.6749999999999997113, 2.500000000000000000, -1.249999999999999778 ) ) ;
#2052 = ORIENTED_EDGE ( 'NONE', *, *, #2727, .F. ) ;
#2053 = ORIENTED_EDGE ( 'NONE', *, *, #2865, .F. ) ;
#2054 = SPHERICAL_SURFACE ( 'NONE', #1027, 0.01000000000000000021 ) ;
#2055 = DIRECTION ( 'NONE',  ( 0.000000000000000000, 0.000000000000000000, -1.000000000000000000 ) ) ;
#2056 = VECTOR ( 'NONE', #347, 1000.000000000000000 ) ;
#2057 = VECTOR ( 'NONE', #3409, 1000.000000000000000 ) ;
#2058 = EDGE_CURVE ( 'NONE', #9, #595, #2368, .T. ) ;
#2059 = VECTOR ( 'NONE', #373, 1000.000000000000000 ) ;
#2060 = CARTESIAN_POINT ( 'NONE',  ( -1.165000000000000036, 2.490000000000000213, -0.5000000000000008882 ) ) ;
#2061 = ORIENTED_EDGE ( 'NONE', *, *, #2440, .T. ) ;
#2062 = VERTEX_POINT ( 'NONE', #80 ) ;
#2063 = DIRECTION ( 'NONE',  ( 0.000000000000000000, 0.7071067811865483499, 0.7071067811865466846 ) ) ;
#2064 = FACE_OUTER_BOUND ( 'NONE', #2111, .T. ) ;
#2065 = AXIS2_PLACEMENT_3D ( 'NONE', #730, #787, #1897 ) ;
#2066 = CARTESIAN_POINT ( 'NONE',  ( 1.179142135623730825, 0.5000000000000000000, -0.7600000000000001199 ) ) ;
#2067 = ADVANCED_FACE ( 'NONE', ( #3335 ), #1259, .T. ) ;
#2068 = FACE_OUTER_BOUND ( 'NONE', #1373, .T. ) ;
#2069 = ORIENTED_EDGE ( 'NONE', *, *, #1845, .T. ) ;
#2070 = SURFACE_SIDE_STYLE ('',( #879 ) ) ;
#2071 = ORIENTED_EDGE ( 'NONE', *, *, #139, .T. ) ;
#2072 = CARTESIAN_POINT ( 'NONE',  ( 1.179142135623730825, 2.500000000000000000, -0.7600000000000001199 ) ) ;
#2073 = DIRECTION ( 'NONE',  ( 0.000000000000000000, -1.000000000000000000, 0.000000000000000000 ) ) ;
#2074 = ORIENTED_EDGE ( 'NONE', *, *, #2773, .T. ) ;
#2075 =( BOUNDED_CURVE ( )  B_SPLINE_CURVE ( 3, ( #1858, #3280, #3344, #1784 ),
 .UNSPECIFIED., .F., .T. ) 
 B_SPLINE_CURVE_WITH_KNOTS ( ( 4, 4 ),
 ( 1.570796326794896558, 3.141592653589793116 ),
 .UNSPECIFIED. ) 
 CURVE ( )  GEOMETRIC_REPRESENTATION_ITEM ( )  RATIONAL_B_SPLINE_CURVE ( ( 1.000000000000000000, 0.8047378541243649375, 0.8047378541243649375, 1.000000000000000000 ) ) 
 REPRESENTATION_ITEM ( '' )  );
#2076 = CIRCLE ( 'NONE', #2265, 0.009999999999999998473 ) ;
#2077 = DIRECTION ( 'NONE',  ( 0.000000000000000000, 0.000000000000000000, 1.000000000000000000 ) ) ;
#2078 = VERTEX_POINT ( 'NONE', #2404 ) ;
#2079 = VERTEX_POINT ( 'NONE', #3350 ) ;
#2080 = DIRECTION ( 'NONE',  ( -1.694065894508600678E-16, 0.000000000000000000, -1.000000000000000000 ) ) ;
#2081 = EDGE_CURVE ( 'NONE', #2520, #1899, #1530, .T. ) ;
#2082 = DIRECTION ( 'NONE',  ( 0.000000000000000000, -1.000000000000000000, 0.000000000000000000 ) ) ;
#2083 = DIRECTION ( 'NONE',  ( 0.000000000000000000, 0.000000000000000000, -1.000000000000000000 ) ) ;
#2084 = EDGE_CURVE ( 'NONE', #758, #3394, #970, .T. ) ;
#2085 = EDGE_CURVE ( 'NONE', #2735, #1674, #415, .T. ) ;
#2086 = DIRECTION ( 'NONE',  ( -0.4472135954999593710, 0.7745966692414816279, -0.4472135954999593155 ) ) ;
#2087 = EDGE_CURVE ( 'NONE', #315, #2495, #3370, .T. ) ;
#2088 = ORIENTED_EDGE ( 'NONE', *, *, #1572, .F. ) ;
#2089 = FACE_OUTER_BOUND ( 'NONE', #1066, .T. ) ;
#2090 = FILL_AREA_STYLE_COLOUR ( '', #377 ) ;
#2091 = APPLICATION_PROTOCOL_DEFINITION ( 'draft international standard', 'automotive_design', 1998, #1904 ) ;
#2092 = AXIS2_PLACEMENT_3D ( 'NONE', #365, #402, #36 ) ;
#2093 = CARTESIAN_POINT ( 'NONE',  ( -1.259999999999999787, 2.500000000000000000, -0.7399999999999997691 ) ) ;
#2094 = ORIENTED_EDGE ( 'NONE', *, *, #107, .T. ) ;
#2095 = AXIS2_PLACEMENT_3D ( 'NONE', #3482, #1417, #2588 ) ;
#2096 = DIRECTION ( 'NONE',  ( 1.000000000000000000, 0.000000000000000000, 0.000000000000000000 ) ) ;
#2097 = DIRECTION ( 'NONE',  ( 1.000000000000000000, 0.000000000000000000, 0.000000000000000000 ) ) ;
#2098 = DIRECTION ( 'NONE',  ( 0.000000000000000000, -1.000000000000000000, 0.000000000000000000 ) ) ;
#2099 = DIRECTION ( 'NONE',  ( -1.694065894508600678E-16, 0.000000000000000000, -1.000000000000000000 ) ) ;
#2100 = ORIENTED_EDGE ( 'NONE', *, *, #1803, .F. ) ;
#2101 =( BOUNDED_CURVE ( )  B_SPLINE_CURVE ( 3, ( #3276, #1213, #648, #3602 ),
 .UNSPECIFIED., .F., .T. ) 
 B_SPLINE_CURVE_WITH_KNOTS ( ( 4, 4 ),
 ( 3.015252525951017226, 3.141592653589793116 ),
 .UNSPECIFIED. ) 
 CURVE ( )  GEOMETRIC_REPRESENTATION_ITEM ( )  RATIONAL_B_SPLINE_CURVE ( ( 1.000000000000000000, 0.9986702899464854344, 0.9986702899464854344, 1.000000000000000000 ) ) 
 REPRESENTATION_ITEM ( '' )  );
#2102 = LINE ( 'NONE', #2780, #3613 ) ;
#2103 = ORIENTED_EDGE ( 'NONE', *, *, #3118, .T. ) ;
#2104 = EDGE_CURVE ( 'NONE', #2255, #3654, #3067, .T. ) ;
#2105 = LINE ( 'NONE', #3290, #906 ) ;
#2106 = DIRECTION ( 'NONE',  ( 1.000000000000000000, -0.000000000000000000, -0.000000000000000000 ) ) ;
#2107 = DIRECTION ( 'NONE',  ( -0.000000000000000000, 0.000000000000000000, 1.000000000000000000 ) ) ;
#2108 = DIRECTION ( 'NONE',  ( 0.7071067811865474617, 0.000000000000000000, -0.7071067811865474617 ) ) ;
#2109 = CARTESIAN_POINT ( 'NONE',  ( -0.1228867513459485361, 0.004999999999999977553, 0.1142264973081041773 ) ) ;
#2110 = EDGE_CURVE ( 'NONE', #2260, #1581, #2102, .T. ) ;
#2111 = EDGE_LOOP ( 'NONE', ( #243, #3288, #1249, #2669 ) ) ;
#2112 = VECTOR ( 'NONE', #2283, 1000.000000000000000 ) ;
#2113 = CYLINDRICAL_SURFACE ( 'NONE', #2274, 0.01000000000000002623 ) ;
#2114 = LINE ( 'NONE', #3027, #3725 ) ;
#2115 = CIRCLE ( 'NONE', #453, 0.01000000000000002623 ) ;
#2116 = ORIENTED_EDGE ( 'NONE', *, *, #2957, .T. ) ;
#2117 = DIRECTION ( 'NONE',  ( -0.7071067811865475727, -7.666467083416850673E-15, -0.7071067811865475727 ) ) ;
#2118 = CARTESIAN_POINT ( 'NONE',  ( -0.3200000000000000622, 2.490000000000000213, 0.3199999999999999512 ) ) ;
#2119 = DIRECTION ( 'NONE',  ( 0.000000000000000000, 0.000000000000000000, 1.000000000000000000 ) ) ;
#2120 = VERTEX_POINT ( 'NONE', #2708 ) ;
#2121 = ORIENTED_EDGE ( 'NONE', *, *, #1849, .T. ) ;
#2122 = AXIS2_PLACEMENT_3D ( 'NONE', #3590, #2700, #938 ) ;
#2123 = CARTESIAN_POINT ( 'NONE',  ( 0.6750000000000003775, 0.01000000000000002623, 1.250000000000000444 ) ) ;
#2124 = ORIENTED_EDGE ( 'NONE', *, *, #3298, .F. ) ;
#2125 = COLOUR_RGB ( '',0.2980392156862745057, 0.2980392156862745057, 0.2980392156862745057 ) ;
#2126 = CIRCLE ( 'NONE', #1388, 0.009999999999999762551 ) ;
#2127 = FACE_OUTER_BOUND ( 'NONE', #2594, .T. ) ;
#2128 = PLANE ( 'NONE',  #2572 ) ;
#2129 = SPHERICAL_SURFACE ( 'NONE', #3114, 0.01000000000000000021 ) ;
#2130 = DIRECTION ( 'NONE',  ( -0.7071067811865474617, 0.000000000000000000, -0.7071067811865474617 ) ) ;
#2131 = VECTOR ( 'NONE', #1487, 1000.000000000000000 ) ;
#2132 = ORIENTED_EDGE ( 'NONE', *, *, #1989, .T. ) ;
#2133 = LINE ( 'NONE', #3569, #246 ) ;
#2134 = AXIS2_PLACEMENT_3D ( 'NONE', #2686, #1220, #1134 ) ;
#2135 = CARTESIAN_POINT ( 'NONE',  ( 0.1142264973081032059, 11.49000000000000021, 0.1142264973081031781 ) ) ;
#2136 = ADVANCED_FACE ( 'NONE', ( #793 ), #1039, .F. ) ;
#2137 = CARTESIAN_POINT ( 'NONE',  ( 0.3199999999999998956, 2.490000000000000213, 0.3199999999999999512 ) ) ;
#2138 = CIRCLE ( 'NONE', #295, 0.009999999999999998473 ) ;
#2139 = EDGE_LOOP ( 'NONE', ( #1814, #1351, #641, #2999 ) ) ;
#2140 = CYLINDRICAL_SURFACE ( 'NONE', #3058, 0.009999999999999903064 ) ;
#2141 = CARTESIAN_POINT ( 'NONE',  ( 0.000000000000000000, 0.000000000000000000, 0.000000000000000000 ) ) ;
#2142 = ORIENTED_EDGE ( 'NONE', *, *, #2390, .T. ) ;
#2143 = EDGE_CURVE ( 'NONE', #1046, #872, #603, .T. ) ;
#2144 = EDGE_CURVE ( 'NONE', #2120, #2916, #2328, .T. ) ;
#2145 = DIRECTION ( 'NONE',  ( 0.000000000000000000, 0.000000000000000000, 1.000000000000000000 ) ) ;
#2146 = ORIENTED_EDGE ( 'NONE', *, *, #2890, .T. ) ;
#2147 = CIRCLE ( 'NONE', #3780, 0.01000000000000001409 ) ;
#2148 = ORIENTED_EDGE ( 'NONE', *, *, #2507, .T. ) ;
#2149 = CYLINDRICAL_SURFACE ( 'NONE', #484, 0.01000000000000002623 ) ;
#2150 = DIRECTION ( 'NONE',  ( 0.000000000000000000, -2.710505431213761479E-15, -1.000000000000000000 ) ) ;
#2152 = ORIENTED_EDGE ( 'NONE', *, *, #3586, .T. ) ;
#2151 = VECTOR ( 'NONE', #3109, 1000.000000000000000 ) ;
#2153 = EDGE_LOOP ( 'NONE', ( #3110, #182, #368, #3177, #255 ) ) ;
#2154 = DIRECTION ( 'NONE',  ( -1.000000000000000000, 0.000000000000000000, 0.000000000000000000 ) ) ;
#2155 = CARTESIAN_POINT ( 'NONE',  ( 1.179142135623730825, -1.503005322678532707, -0.7500000000000001110 ) ) ;
#2156 = EDGE_CURVE ( 'NONE', #3059, #576, #2769, .T. ) ;
#2157 = ORIENTED_EDGE ( 'NONE', *, *, #1473, .T. ) ;
#2158 = CARTESIAN_POINT ( 'NONE',  ( 0.3200000000000000067, 0.3464101615137729628, 0.3100000000000000533 ) ) ;
#2159 = FILL_AREA_STYLE ('',( #1316 ) ) ;
#2160 = DIRECTION ( 'NONE',  ( -0.7071067811865466846, 0.7071067811865483499, 5.989427408919423217E-17 ) ) ;
#2161 = CIRCLE ( 'NONE', #2719, 0.01000000000000002623 ) ;
#2162 = ADVANCED_FACE ( 'NONE', ( #1769 ), #1203, .T. ) ;
#2163 = VERTEX_POINT ( 'NONE', #1113 ) ;
#2164 = ADVANCED_FACE ( 'NONE', ( #2599 ), #44, .F. ) ;
#2165 = DIRECTION ( 'NONE',  ( -1.000000000000000000, 0.000000000000000000, 0.000000000000000000 ) ) ;
#2166 = ORIENTED_EDGE ( 'NONE', *, *, #773, .T. ) ;
#2167 = CARTESIAN_POINT ( 'NONE',  ( -1.265857864376269015, 2.500000000000000000, 0.5041421356237300033 ) ) ;
#2168 = LINE ( 'NONE', #3656, #3797 ) ;
#2169 = ORIENTED_EDGE ( 'NONE', *, *, #1778, .T. ) ;
#2170 = CARTESIAN_POINT ( 'NONE',  ( 0.3199999999999998956, 0.9000000000000002442, -0.3200000000000000622 ) ) ;
#2171 = CARTESIAN_POINT ( 'NONE',  ( 0.3104214140871991434, 0.3464101615137729073, -0.3199999999999999512 ) ) ;
#2172 = FACE_OUTER_BOUND ( 'NONE', #1339, .T. ) ;
#2173 = CIRCLE ( 'NONE', #511, 0.01000000000000002623 ) ;
#2174 = CARTESIAN_POINT ( 'NONE',  ( 0.08907179676972407090, 11.53356921938165236, 0.08907179676972415416 ) ) ;
#2175 = CARTESIAN_POINT ( 'NONE',  ( -0.3300000000000001266, 2.500000000000000000, 0.3300000000000000155 ) ) ;
#2176 = EDGE_CURVE ( 'NONE', #1829, #2748, #642, .T. ) ;
#2177 = AXIS2_PLACEMENT_3D ( 'NONE', #1363, #222, #804 ) ;
#2178 = EDGE_LOOP ( 'NONE', ( #617, #1554, #3403, #3159 ) ) ;
#2179 = ORIENTED_EDGE ( 'NONE', *, *, #3123, .T. ) ;
#2180 = DIRECTION ( 'NONE',  ( 0.4472135954999592600, -0.7745966692414817389, -0.4472135954999593710 ) ) ;
#2181 = ORIENTED_EDGE ( 'NONE', *, *, #2535, .T. ) ;
#2182 = EDGE_CURVE ( 'NONE', #735, #1319, #1544, .T. ) ;
#2183 = ORIENTED_EDGE ( 'NONE', *, *, #2365, .T. ) ;
#2184 = CARTESIAN_POINT ( 'NONE',  ( -0.6708578643762688198, 0.01000000000000000021, 1.240000000000000657 ) ) ;
#2185 = DIRECTION ( 'NONE',  ( 0.000000000000000000, -1.000000000000000000, 0.000000000000000000 ) ) ;
#2186 = TOROIDAL_SURFACE ( 'NONE', #520, 0.02000000000000000042, 0.01000000000000000021 ) ;
#2187 = PRODUCT_DEFINITION_FORMATION_WITH_SPECIFIED_SOURCE ( 'ANY', '', #635, .NOT_KNOWN. ) ;
#2188 = ORIENTED_EDGE ( 'NONE', *, *, #2438, .T. ) ;
#2189 = CARTESIAN_POINT ( 'NONE',  ( -1.175000000000000044, 2.350000000000000089, 0.4999999999999991673 ) ) ;
#2190 = DIRECTION ( 'NONE',  ( -0.8660254037844438146, -0.4999999999999908962, 0.000000000000000000 ) ) ;
#2191 = CARTESIAN_POINT ( 'NONE',  ( 1.269999999999999796, 2.490000000000000213, -0.5000000000000011102 ) ) ;
#2192 = CARTESIAN_POINT ( 'NONE',  ( 1.164999999999999813, 2.490000000000000213, -0.7458578643762693305 ) ) ;
#2194 = AXIS2_PLACEMENT_3D ( 'NONE', #225, #1935, #169 ) ;
#2193 = DIRECTION ( 'NONE',  ( 0.000000000000000000, -1.000000000000000000, 0.000000000000000000 ) ) ;
#2195 = ORIENTED_EDGE ( 'NONE', *, *, #2759, .T. ) ;
#2196 = ORIENTED_EDGE ( 'NONE', *, *, #1383, .F. ) ;
#2197 = DIRECTION ( 'NONE',  ( -1.000000000000000000, 0.000000000000000000, 1.606225440719265874E-16 ) ) ;
#2198 = CARTESIAN_POINT ( 'NONE',  ( -0.6708578643762688198, 0.01000000000000002623, -1.249999999999999778 ) ) ;
#2199 = EDGE_CURVE ( 'NONE', #2938, #1884, #1883, .T. ) ;
#2200 = ORIENTED_EDGE ( 'NONE', *, *, #3274, .T. ) ;
#2201 = ADVANCED_FACE ( 'NONE', ( #1864 ), #410, .F. ) ;
#2202 = CARTESIAN_POINT ( 'NONE',  ( 0.3112600429262812884, 11.15372788819387395, 0.3199202969641257166 ) ) ;
#2203 = VECTOR ( 'NONE', #486, 1000.000000000000000 ) ;
#2204 = AXIS2_PLACEMENT_3D ( 'NONE', #343, #58, #3567 ) ;
#2205 = ORIENTED_EDGE ( 'NONE', *, *, #2143, .T. ) ;
#2206 = CARTESIAN_POINT ( 'NONE',  ( 1.175000000000000488, 2.490000000000000213, 0.5099999999999991207 ) ) ;
#2207 = ORIENTED_EDGE ( 'NONE', *, *, #344, .T. ) ;
#2208 = ORIENTED_EDGE ( 'NONE', *, *, #2996, .F. ) ;
#2209 = VECTOR ( 'NONE', #1381, 1000.000000000000000 ) ;
#2210 = AXIS2_PLACEMENT_3D ( 'NONE', #3413, #1089, #2263 ) ;
#2211 = CARTESIAN_POINT ( 'NONE',  ( 0.3108419876365757784, 11.15363591632649509, -0.3199733969465143324 ) ) ;
#2212 = CYLINDRICAL_SURFACE ( 'NONE', #3003, 0.009999999999999998473 ) ;
#2213 = DIRECTION ( 'NONE',  ( -0.7071067811865474617, 0.000000000000000000, 0.7071067811865474617 ) ) ;
#2214 = EDGE_CURVE ( 'NONE', #233, #3581, #2385, .T. ) ;
#2215 = EDGE_LOOP ( 'NONE', ( #1762, #1059, #2965, #1766 ) ) ;
#2216 = ORIENTED_EDGE ( 'NONE', *, *, #2256, .T. ) ;
#2217 = FACE_OUTER_BOUND ( 'NONE', #3699, .T. ) ;
#2218 =( BOUNDED_CURVE ( )  B_SPLINE_CURVE ( 3, ( #2001, #834, #2288, #801 ),
 .UNSPECIFIED., .F., .T. ) 
 B_SPLINE_CURVE_WITH_KNOTS ( ( 4, 4 ),
 ( 1.570796326794896558, 3.141592653589793116 ),
 .UNSPECIFIED. ) 
 CURVE ( )  GEOMETRIC_REPRESENTATION_ITEM ( )  RATIONAL_B_SPLINE_CURVE ( ( 1.000000000000000000, 0.8047378541243649375, 0.8047378541243649375, 1.000000000000000000 ) ) 
 REPRESENTATION_ITEM ( '' )  );
#2219 = LINE ( 'NONE', #1331, #2425 ) ;
#2220 = EDGE_CURVE ( 'NONE', #2819, #2701, #640, .T. ) ;
#2221 = FACE_OUTER_BOUND ( 'NONE', #3371, .T. ) ;
#2222 = EDGE_CURVE ( 'NONE', #3742, #1281, #387, .T. ) ;
#2223 = ORIENTED_EDGE ( 'NONE', *, *, #48, .F. ) ;
#2224 = DIRECTION ( 'NONE',  ( 0.4472135954999578722, 0.7745966692414834043, 0.4472135954999578722 ) ) ;
#2225 =( NAMED_UNIT ( * ) SI_UNIT ( $, .STERADIAN. ) SOLID_ANGLE_UNIT ( ) );
#2226 = EDGE_LOOP ( 'NONE', ( #94, #2181, #2643, #1006 ) ) ;
#2227 = VERTEX_POINT ( 'NONE', #942 ) ;
#2228 = AXIS2_PLACEMENT_3D ( 'NONE', #1225, #3230, #2373 ) ;
#2229 = ADVANCED_FACE ( 'NONE', ( #3552 ), #2971, .T. ) ;
#2230 = LINE ( 'NONE', #1372, #2112 ) ;
#2231 = ORIENTED_EDGE ( 'NONE', *, *, #1596, .F. ) ;
#2232 = CARTESIAN_POINT ( 'NONE',  ( 0.3199999999999999512, 2.495857864376268331, -0.3200000000000000622 ) ) ;
#2233 = CARTESIAN_POINT ( 'NONE',  ( -1.179142135623731047, -1.503005322678532707, -0.7499999999999997780 ) ) ;
#2234 = PRODUCT_DEFINITION_CONTEXT ( 'detailed design', #3493, 'design' ) ;
#2235 = LINE ( 'NONE', #3425, #82 ) ;
#2236 = ORIENTED_EDGE ( 'NONE', *, *, #3337, .F. ) ;
#2237 = ORIENTED_EDGE ( 'NONE', *, *, #1053, .F. ) ;
#2238 = PLANE ( 'NONE',  #824 ) ;
#2239 = FACE_OUTER_BOUND ( 'NONE', #386, .T. ) ;
#2240 = VECTOR ( 'NONE', #1782, 1000.000000000000000 ) ;
#2241 = CARTESIAN_POINT ( 'NONE',  ( -0.3200000000000000067, 11.15358983848622287, 0.3099999999999999978 ) ) ;
#2242 = FACE_OUTER_BOUND ( 'NONE', #1792, .T. ) ;
#2243 = AXIS2_PLACEMENT_3D ( 'NONE', #3595, #698, #3617 ) ;
#2244 = CARTESIAN_POINT ( 'NONE',  ( -0.08907179676972423743, 11.53856921938165137, -0.09773205080756838803 ) ) ;
#2245 =( BOUNDED_CURVE ( )  B_SPLINE_CURVE ( 3, ( #2787, #439, #1366, #2191 ),
 .UNSPECIFIED., .F., .T. ) 
 B_SPLINE_CURVE_WITH_KNOTS ( ( 4, 4 ),
 ( 1.570796326794896558, 3.141592653589793116 ),
 .UNSPECIFIED. ) 
 CURVE ( )  GEOMETRIC_REPRESENTATION_ITEM ( )  RATIONAL_B_SPLINE_CURVE ( ( 1.000000000000000000, 0.8047378541243649375, 0.8047378541243649375, 1.000000000000000000 ) ) 
 REPRESENTATION_ITEM ( '' )  );
#2246 = ADVANCED_FACE ( 'NONE', ( #1068 ), #3733, .T. ) ;
#2247 = CARTESIAN_POINT ( 'NONE',  ( -0.3200000000000001177, 0.3464101615137729628, -0.3199999999999999512 ) ) ;
#2248 = ORIENTED_EDGE ( 'NONE', *, *, #3074, .T. ) ;
#2249 = ORIENTED_EDGE ( 'NONE', *, *, #1024, .T. ) ;
#2250 = CARTESIAN_POINT ( 'NONE',  ( -1.175000000000000044, 2.350000000000000089, -0.5000000000000008882 ) ) ;
#2251 = EDGE_CURVE ( 'NONE', #2268, #3157, #3209, .T. ) ;
#2252 = CIRCLE ( 'NONE', #598, 0.01000000000000001409 ) ;
#2253 = EDGE_CURVE ( 'NONE', #83, #1087, #2853, .T. ) ;
#2254 = DIRECTION ( 'NONE',  ( -0.4472135954999594820, -0.7745966692414817389, -0.4472135954999594265 ) ) ;
#2255 = VERTEX_POINT ( 'NONE', #1645 ) ;
#2256 = EDGE_CURVE ( 'NONE', #1319, #2652, #3659, .T. ) ;
#2257 = CIRCLE ( 'NONE', #3119, 0.02000000000000005246 ) ;
#2258 = LINE ( 'NONE', #2565, #3795 ) ;
#2259 = CARTESIAN_POINT ( 'NONE',  ( -1.175000000000000044, 0.5000000000000000000, -0.7500000000000001110 ) ) ;
#2260 = VERTEX_POINT ( 'NONE', #1664 ) ;
#2261 = VERTEX_POINT ( 'NONE', #2551 ) ;
#2262 = DIRECTION ( 'NONE',  ( -0.7071067811865477948, 0.000000000000000000, 0.7071067811865473507 ) ) ;
#2263 = DIRECTION ( 'NONE',  ( 0.000000000000000000, 0.000000000000000000, -1.000000000000000000 ) ) ;
#2264 = DIRECTION ( 'NONE',  ( 0.000000000000000000, -0.000000000000000000, 1.000000000000000000 ) ) ;
#2265 = AXIS2_PLACEMENT_3D ( 'NONE', #1151, #2614, #3190 ) ;
#2266 = LINE ( 'NONE', #189, #1455 ) ;
#2267 = CARTESIAN_POINT ( 'NONE',  ( 7.620000000000001883, -2.200000000000000622, -1.665181756595899978E-15 ) ) ;
#2268 = VERTEX_POINT ( 'NONE', #1122 ) ;
#2269 = EDGE_LOOP ( 'NONE', ( #2349, #699, #1362, #3561 ) ) ;
#2270 = EDGE_LOOP ( 'NONE', ( #1616, #2024, #2231, #3551 ) ) ;
#2271 = EDGE_CURVE ( 'NONE', #908, #219, #2115, .T. ) ;
#2272 = CARTESIAN_POINT ( 'NONE',  ( -1.175000000000000044, 2.350000000000000089, -0.5000000000000008882 ) ) ;
#2273 = DIRECTION ( 'NONE',  ( -1.694065894508600432E-16, -1.232595164407836146E-32, -1.000000000000000000 ) ) ;
#2274 = AXIS2_PLACEMENT_3D ( 'NONE', #652, #3006, #2785 ) ;
#2275 = DIRECTION ( 'NONE',  ( 0.000000000000000000, -0.5000000000000014433, 0.8660254037844379305 ) ) ;
#2276 = ORIENTED_EDGE ( 'NONE', *, *, #3074, .F. ) ;
#2277 = CIRCLE ( 'NONE', #1239, 0.01000000000000002623 ) ;
#2278 = ORIENTED_EDGE ( 'NONE', *, *, #2710, .T. ) ;
#2279 = LINE ( 'NONE', #854, #2353 ) ;
#2280 = CARTESIAN_POINT ( 'NONE',  ( -0.3193224092811617898, 11.15476346003734065, 0.3159672026817065826 ) ) ;
#2281 = CARTESIAN_POINT ( 'NONE',  ( -0.1142264973081041773, 0.01000000000000000021, 1.935072133388377918E-17 ) ) ;
#2282 = ORIENTED_EDGE ( 'NONE', *, *, #1572, .T. ) ;
#2283 = DIRECTION ( 'NONE',  ( 1.694065894508600678E-16, 0.000000000000000000, 1.000000000000000000 ) ) ;
#2284 = AXIS2_PLACEMENT_3D ( 'NONE', #2639, #2966, #3193 ) ;
#2285 = FACE_OUTER_BOUND ( 'NONE', #479, .T. ) ;
#2286 = ORIENTED_EDGE ( 'NONE', *, *, #3479, .T. ) ;
#2287 = ADVANCED_FACE ( 'NONE', ( #3165 ), #3187, .T. ) ;
#2288 = CARTESIAN_POINT ( 'NONE',  ( 1.175000000000000044, 2.495857864376268331, -0.5000000000000011102 ) ) ;
#2289 = EDGE_LOOP ( 'NONE', ( #3618, #197, #1867, #3246 ) ) ;
#2290 = CARTESIAN_POINT ( 'NONE',  ( -1.991719546491890275E-16, 2.490000000000000213, -1.239999999999999769 ) ) ;
#2291 = CARTESIAN_POINT ( 'NONE',  ( -0.3099999999999999978, 0.3464101615137729628, 0.3200000000000000622 ) ) ;
#2292 = DIRECTION ( 'NONE',  ( 0.000000000000000000, 1.000000000000000000, 0.000000000000000000 ) ) ;
#2293 = LINE ( 'NONE', #877, #2323 ) ;
#2294 = EDGE_CURVE ( 'NONE', #3410, #2819, #1988, .T. ) ;
#2295 = FACE_OUTER_BOUND ( 'NONE', #2269, .T. ) ;
#2296 = CONTEXT_DEPENDENT_SHAPE_REPRESENTATION ( #2505, #358 ) ;
#2297 = CARTESIAN_POINT ( 'NONE',  ( -1.269999999999999796, 2.490000000000000213, 0.7500000000000004441 ) ) ;
#2298 = AXIS2_PLACEMENT_3D ( 'NONE', #1021, #712, #3046 ) ;
#2299 = ORIENTED_EDGE ( 'NONE', *, *, #3513, .T. ) ;
#2300 = AXIS2_PLACEMENT_3D ( 'NONE', #108, #75, #1311 ) ;
#2301 = ORIENTED_EDGE ( 'NONE', *, *, #1918, .F. ) ;
#2302 = CARTESIAN_POINT ( 'NONE',  ( 1.179142135623730825, 2.490000000000000213, -0.7400000000000001021 ) ) ;
#2303 = AXIS2_PLACEMENT_3D ( 'NONE', #1385, #764, #2558 ) ;
#2304 = CARTESIAN_POINT ( 'NONE',  ( -0.1142264973081042051, 0.01000000000000000021, -0.1142264973081040941 ) ) ;
#2305 = VECTOR ( 'NONE', #1668, 1000.000000000000000 ) ;
#2306 = DIRECTION ( 'NONE',  ( 0.000000000000000000, 0.000000000000000000, -1.000000000000000000 ) ) ;
#2307 = FACE_OUTER_BOUND ( 'NONE', #2470, .T. ) ;
#2308 = ORIENTED_EDGE ( 'NONE', *, *, #1892, .F. ) ;
#2309 = CYLINDRICAL_SURFACE ( 'NONE', #2851, 0.009999999999999998473 ) ;
#2310 = EDGE_CURVE ( 'NONE', #1198, #1003, #1696, .T. ) ;
#2311 = VECTOR ( 'NONE', #1392, 1000.000000000000000 ) ;
#2312 = ORIENTED_EDGE ( 'NONE', *, *, #977, .T. ) ;
#2313 = DIRECTION ( 'NONE',  ( 0.7071067811865474617, 0.000000000000000000, -0.7071067811865475727 ) ) ;
#2314 = PLANE ( 'NONE',  #3334 ) ;
#2315 = CARTESIAN_POINT ( 'NONE',  ( -0.3199733969465146100, 11.15363591632649509, -0.3108419876365752788 ) ) ;
#2316 = EDGE_CURVE ( 'NONE', #1132, #40, #2279, .T. ) ;
#2317 = CARTESIAN_POINT ( 'NONE',  ( -1.270000000000000018, 2.495857864376268775, -0.7499999999999998890 ) ) ;
#2318 = EDGE_CURVE ( 'NONE', #3197, #917, #2568, .T. ) ;
#2319 = EDGE_LOOP ( 'NONE', ( #819, #1485, #2124, #2784, #866, #3516, #98, #2777 ) ) ;
#2320 = CARTESIAN_POINT ( 'NONE',  ( -0.6708578643762688198, 2.490000000000000213, -1.249999999999999778 ) ) ;
#2321 = DIRECTION ( 'NONE',  ( -1.000000000000000000, 0.000000000000000000, -0.000000000000000000 ) ) ;
#2322 = EDGE_LOOP ( 'NONE', ( #1865, #1491, #1304 ) ) ;
#2323 = VECTOR ( 'NONE', #2571, 1000.000000000000000 ) ;
#2324 = CARTESIAN_POINT ( 'NONE',  ( 0.000000000000000000, 11.50000000000000000, 0.000000000000000000 ) ) ;
#2325 = CYLINDRICAL_SURFACE ( 'NONE', #1446, 0.01000000000000002623 ) ;
#2326 = AXIS2_PLACEMENT_3D ( 'NONE', #1139, #2579, #2306 ) ;
#2327 = FACE_OUTER_BOUND ( 'NONE', #3304, .T. ) ;
#2328 = LINE ( 'NONE', #1183, #25 ) ;
#2329 = DIRECTION ( 'NONE',  ( -1.000000000000000000, -4.336808689942006376E-14, 0.000000000000000000 ) ) ;
#2330 = ORIENTED_EDGE ( 'NONE', *, *, #2559, .T. ) ;
#2331 = ORIENTED_EDGE ( 'NONE', *, *, #1967, .T. ) ;
#2332 = DIRECTION ( 'NONE',  ( -1.000000000000000000, 0.000000000000000000, 1.694065894508600925E-16 ) ) ;
#2333 = CARTESIAN_POINT ( 'NONE',  ( -1.259999999999999787, 0.5100000000000000089, 0.7500000000000004441 ) ) ;
#2334 = DIRECTION ( 'NONE',  ( 0.000000000000000000, -0.000000000000000000, 1.000000000000000000 ) ) ;
#2335 = VECTOR ( 'NONE', #2845, 1000.000000000000000 ) ;
#2336 = CARTESIAN_POINT ( 'NONE',  ( 0.6708578643762693750, 2.500000000000000000, 1.250000000000000444 ) ) ;
#2337 = VERTEX_POINT ( 'NONE', #2900 ) ;
#2338 = LINE ( 'NONE', #899, #1675 ) ;
#2339 = ITEM_DEFINED_TRANSFORMATION ( 'NONE', 'NONE', #2863,  #3783 ) ;
#2340 = FACE_OUTER_BOUND ( 'NONE', #2178, .T. ) ;
#2341 = EDGE_CURVE ( 'NONE', #921, #111, #2892, .T. ) ;
#2342 = EDGE_LOOP ( 'NONE', ( #413, #2698, #2970, #1402 ) ) ;
#2343 = CARTESIAN_POINT ( 'NONE',  ( 1.172071067811865985, 2.490000000000000213, 0.7529289321881346142 ) ) ;
#2344 = CARTESIAN_POINT ( 'NONE',  ( -1.259999999999999787, 2.490000000000000213, 0.000000000000000000 ) ) ;
#2345 = EDGE_CURVE ( 'NONE', #2460, #3256, #3762, .T. ) ;
#2346 = CARTESIAN_POINT ( 'NONE',  ( 1.172071067811865985, 2.500000000000000000, 0.7529289321881346142 ) ) ;
#2347 = ORIENTED_EDGE ( 'NONE', *, *, #3740, .F. ) ;
#2348 = AXIS2_PLACEMENT_3D ( 'NONE', #2526, #464, #792 ) ;
#2349 = ORIENTED_EDGE ( 'NONE', *, *, #334, .T. ) ;
#2350 = PLANE ( 'NONE',  #3597 ) ;
#2351 = DIRECTION ( 'NONE',  ( 0.4472135954999578722, 0.7745966692414835153, -0.4472135954999579277 ) ) ;
#2352 = CARTESIAN_POINT ( 'NONE',  ( 1.269999999999999796, 0.5100000000000000089, -0.7500000000000001110 ) ) ;
#2353 = VECTOR ( 'NONE', #2262, 1000.000000000000000 ) ;
#2354 = DIRECTION ( 'NONE',  ( 0.000000000000000000, 1.000000000000000000, 0.000000000000000000 ) ) ;
#2355 = VERTEX_POINT ( 'NONE', #2823 ) ;
#2356 = LINE ( 'NONE', #1438, #2580 ) ;
#2357 = DIRECTION ( 'NONE',  ( 0.000000000000000000, 0.000000000000000000, 1.000000000000000000 ) ) ;
#2358 = CARTESIAN_POINT ( 'NONE',  ( -1.175000000000000044, 2.350000000000000089, -0.5000000000000008882 ) ) ;
#2359 = ORIENTED_EDGE ( 'NONE', *, *, #2156, .F. ) ;
#2360 = CARTESIAN_POINT ( 'NONE',  ( 1.175000000000000044, 2.350000000000000089, -0.5000000000000011102 ) ) ;
#2361 = VERTEX_POINT ( 'NONE', #3782 ) ;
#2362 = CARTESIAN_POINT ( 'NONE',  ( -0.6708578643762688198, 2.500000000000000000, -1.249999999999999778 ) ) ;
#2363 = CYLINDRICAL_SURFACE ( 'NONE', #968, 0.01000000000000001409 ) ;
#2364 = ORIENTED_EDGE ( 'NONE', *, *, #107, .F. ) ;
#2365 = EDGE_CURVE ( 'NONE', #3624, #1525, #336, .T. ) ;
#2366 = VECTOR ( 'NONE', #3222, 1000.000000000000000 ) ;
#2367 = ADVANCED_FACE ( 'NONE', ( #1145 ), #2238, .F. ) ;
#2368 =( BOUNDED_CURVE ( )  B_SPLINE_CURVE ( 3, ( #2997, #1547, #928, #137 ),
 .UNSPECIFIED., .F., .T. ) 
 B_SPLINE_CURVE_WITH_KNOTS ( ( 4, 4 ),
 ( 3.141592653589793116, 3.267932781228569006 ),
 .UNSPECIFIED. ) 
 CURVE ( )  GEOMETRIC_REPRESENTATION_ITEM ( )  RATIONAL_B_SPLINE_CURVE ( ( 1.000000000000000000, 0.9986702899464854344, 0.9986702899464854344, 1.000000000000000000 ) ) 
 REPRESENTATION_ITEM ( '' )  );
#2369 = FACE_OUTER_BOUND ( 'NONE', #2781, .T. ) ;
#2370 = EDGE_LOOP ( 'NONE', ( #3048, #451, #2166, #2790, #1942, #1910 ) ) ;
#2371 = EDGE_CURVE ( 'NONE', #2748, #2691, #2534, .T. ) ;
#2372 = ORIENTED_EDGE ( 'NONE', *, *, #1030, .T. ) ;
#2373 = DIRECTION ( 'NONE',  ( 1.000000000000000000, 0.000000000000000000, -9.486769009248165375E-15 ) ) ;
#2374 = CARTESIAN_POINT ( 'NONE',  ( 0.7200000000000007505, 0.5000000000000000000, 0.7499999999999997780 ) ) ;
#2375 = DIRECTION ( 'NONE',  ( -0.8660254037844387076, 0.4999999999999999445, 1.467104100329257198E-16 ) ) ;
#2376 = CARTESIAN_POINT ( 'NONE',  ( 1.175000000000000044, 2.350000000000000089, -0.5000000000000011102 ) ) ;
#2377 = ORIENTED_EDGE ( 'NONE', *, *, #661, .T. ) ;
#2378 = DIRECTION ( 'NONE',  ( 1.000000000000000000, -0.000000000000000000, -0.000000000000000000 ) ) ;
#2379 = FILL_AREA_STYLE ('',( #2090 ) ) ;
#2380 = CONTEXT_DEPENDENT_SHAPE_REPRESENTATION ( #3163, #15 ) ;
#2381 = CARTESIAN_POINT ( 'NONE',  ( 1.269999999999999796, 2.350000000000000089, -0.5000000000000011102 ) ) ;
#2382 = ORIENTED_EDGE ( 'NONE', *, *, #1246, .F. ) ;
#2383 = CARTESIAN_POINT ( 'NONE',  ( -1.150857864376268580, 0.000000000000000000, -0.7600000000000001199 ) ) ;
#2384 = CARTESIAN_POINT ( 'NONE',  ( 0.6708578643762689309, 2.500000000000000000, -1.250000000000000000 ) ) ;
#2385 = LINE ( 'NONE', #3576, #1127 ) ;
#2386 = VECTOR ( 'NONE', #1817, 1000.000000000000000 ) ;
#2387 = VECTOR ( 'NONE', #613, 1000.000000000000000 ) ;
#2388 = LINE ( 'NONE', #2605, #897 ) ;
#2389 = EDGE_LOOP ( 'NONE', ( #2152, #3097, #3340, #2842 ) ) ;
#2390 = EDGE_CURVE ( 'NONE', #221, #956, #1325, .T. ) ;
#2391 = ORIENTED_EDGE ( 'NONE', *, *, #2310, .T. ) ;
#2392 = DIRECTION ( 'NONE',  ( -0.000000000000000000, 1.000000000000000000, -0.000000000000000000 ) ) ;
#2393 = DIRECTION ( 'NONE',  ( -1.000000000000000000, -0.000000000000000000, -1.141265444721588244E-15 ) ) ;
#2394 = DIRECTION ( 'NONE',  ( -1.000000000000000000, 0.000000000000000000, 0.000000000000000000 ) ) ;
#2395 = DIRECTION ( 'NONE',  ( 0.000000000000000000, 0.000000000000000000, 1.000000000000000000 ) ) ;
#2396 = ORIENTED_EDGE ( 'NONE', *, *, #2110, .F. ) ;
#2397 = PLANE ( 'NONE',  #2092 ) ;
#2398 = VECTOR ( 'NONE', #2678, 1000.000000000000000 ) ;
#2399 = CYLINDRICAL_SURFACE ( 'NONE', #152, 0.01000000000000002623 ) ;
#2400 = ORIENTED_EDGE ( 'NONE', *, *, #181, .F. ) ;
#2401 = EDGE_CURVE ( 'NONE', #2062, #9, #3665, .T. ) ;
#2402 = CARTESIAN_POINT ( 'NONE',  ( 0.3112600429262812884, 11.15372788819387395, -0.3199202969641256056 ) ) ;
#2403 = DIRECTION ( 'NONE',  ( -8.470329472543003391E-17, 0.000000000000000000, -1.000000000000000000 ) ) ;
#2404 = CARTESIAN_POINT ( 'NONE',  ( 1.179142135623731047, 0.5000000000000000000, -0.7500000000000001110 ) ) ;
#2405 = EDGE_LOOP ( 'NONE', ( #3445, #161, #1690, #2391, #2286 ) ) ;
#2406 = PRODUCT_DEFINITION_SHAPE ( 'NONE', 'NONE',  #3813 ) ;
#2407 = DIRECTION ( 'NONE',  ( 1.000000000000000000, 0.000000000000000000, 1.141265444721588244E-15 ) ) ;
#2408 = FACE_OUTER_BOUND ( 'NONE', #1298, .T. ) ;
#2409 = CARTESIAN_POINT ( 'NONE',  ( 0.6708578643762693750, 2.490000000000000213, 1.240000000000000435 ) ) ;
#2410 = CYLINDRICAL_SURFACE ( 'NONE', #437, 0.01000000000000002623 ) ;
#2411 = ADVANCED_FACE ( 'NONE', ( #2127 ), #645, .T. ) ;
#2412 = DIRECTION ( 'NONE',  ( 0.7071067811865474617, 0.000000000000000000, -0.7071067811865474617 ) ) ;
#2413 = ORIENTED_EDGE ( 'NONE', *, *, #1529, .F. ) ;
#2414 = VECTOR ( 'NONE', #1996, 1000.000000000000000 ) ;
#2415 = EDGE_CURVE ( 'NONE', #2000, #1214, #2960, .T. ) ;
#2416 = LINE ( 'NONE', #979, #2528 ) ;
#2417 = EDGE_CURVE ( 'NONE', #1403, #1674, #1859, .T. ) ;
#2418 = LINE ( 'NONE', #3393, #406 ) ;
#2419 = EDGE_CURVE ( 'NONE', #3753, #1733, #2479, .T. ) ;
#2420 = ORIENTED_EDGE ( 'NONE', *, *, #3098, .F. ) ;
#2421 = CARTESIAN_POINT ( 'NONE',  ( -0.6708578643762688198, 0.01000000000000002623, -1.239999999999999769 ) ) ;
#2422 = CARTESIAN_POINT ( 'NONE',  ( 1.175000000000000044, 0.5000000000000000000, -0.7500000000000001110 ) ) ;
#2423 = ORIENTED_EDGE ( 'NONE', *, *, #856, .F. ) ;
#2424 = ORIENTED_EDGE ( 'NONE', *, *, #3479, .F. ) ;
#2425 = VECTOR ( 'NONE', #3681, 1000.000000000000000 ) ;
#2426 = ORIENTED_EDGE ( 'NONE', *, *, #1688, .T. ) ;
#2427 = CIRCLE ( 'NONE', #829, 0.01000000000000001235 ) ;
#2428 = VECTOR ( 'NONE', #3801, 1000.000000000000000 ) ;
#2429 = EDGE_LOOP ( 'NONE', ( #129, #317, #2989, #18 ) ) ;
#2430 = CARTESIAN_POINT ( 'NONE',  ( 0.3112600429262812884, 11.15372788819387395, 0.3199202969641257166 ) ) ;
#2431 = CARTESIAN_POINT ( 'NONE',  ( 0.6708578643762693750, 2.490000000000000213, 1.240000000000000435 ) ) ;
#2432 = ORIENTED_EDGE ( 'NONE', *, *, #1271, .F. ) ;
#2433 = CARTESIAN_POINT ( 'NONE',  ( -1.174999999999999822, 2.500000000000000000, -0.7500000000000001110 ) ) ;
#2434 = CIRCLE ( 'NONE', #417, 0.01000000000000002623 ) ;
#2435 = VERTEX_POINT ( 'NONE', #931 ) ;
#2436 = CYLINDRICAL_SURFACE ( 'NONE', #2894, 0.01000000000000002623 ) ;
#2437 = AXIS2_PLACEMENT_3D ( 'NONE', #3086, #449, #1870 ) ;
#2438 = EDGE_CURVE ( 'NONE', #3441, #2717, #2653, .T. ) ;
#2439 = LINE ( 'NONE', #1840, #2687 ) ;
#2440 = EDGE_CURVE ( 'NONE', #3406, #2163, #319, .T. ) ;
#2441 = DIRECTION ( 'NONE',  ( -0.000000000000000000, -0.000000000000000000, -1.000000000000000000 ) ) ;
#2442 = AXIS2_PLACEMENT_3D ( 'NONE', #158, #485, #3672 ) ;
#2443 = CARTESIAN_POINT ( 'NONE',  ( -0.3159672026817048063, 0.3452365399626433073, 0.3193224092811601800 ) ) ;
#2444 = DIRECTION ( 'NONE',  ( 0.000000000000000000, 0.000000000000000000, 1.000000000000000000 ) ) ;
#2445 = ORIENTED_EDGE ( 'NONE', *, *, #2710, .F. ) ;
#2446 = CARTESIAN_POINT ( 'NONE',  ( 0.6708578643762693750, 0.01000000000000002623, 1.250000000000000444 ) ) ;
#2447 = ORIENTED_EDGE ( 'NONE', *, *, #1567, .T. ) ;
#2448 = APPLICATION_CONTEXT ( 'automotive_design' ) ;
#2449 = VECTOR ( 'NONE', #1879, 1000.000000000000000 ) ;
#2450 = ORIENTED_EDGE ( 'NONE', *, *, #1047, .T. ) ;
#2451 = DIRECTION ( 'NONE',  ( 1.000000000000000000, -0.000000000000000000, -0.000000000000000000 ) ) ;
#2452 = CARTESIAN_POINT ( 'NONE',  ( 1.260000000000000009, 0.5100000000000000089, -0.7500000000000001110 ) ) ;
#2454 = ORIENTED_EDGE ( 'NONE', *, *, #2084, .T. ) ;
#2453 = VECTOR ( 'NONE', #1692, 1000.000000000000000 ) ;
#2455 = EDGE_CURVE ( 'NONE', #956, #3071, #608, .T. ) ;
#2456 = ORIENTED_EDGE ( 'NONE', *, *, #311, .T. ) ;
#2457 = CARTESIAN_POINT ( 'NONE',  ( -1.175000000000000044, 2.350000000000000089, -0.5000000000000008882 ) ) ;
#2458 = CARTESIAN_POINT ( 'NONE',  ( 0.1200000000000002870, 0.000000000000000000, -0.1142264973081040941 ) ) ;
#2459 = DIRECTION ( 'NONE',  ( 1.721402144386329970E-14, 0.000000000000000000, 1.000000000000000000 ) ) ;
#2460 = VERTEX_POINT ( 'NONE', #340 ) ;
#2461 = DIRECTION ( 'NONE',  ( 0.7071067811865474617, 0.000000000000000000, 0.7071067811865474617 ) ) ;
#2462 = AXIS2_PLACEMENT_3D ( 'NONE', #3178, #2887, #2577 ) ;
#2463 = SURFACE_SIDE_STYLE ('',( #2737 ) ) ;
#2464 = EDGE_CURVE ( 'NONE', #9, #2361, #3291, .T. ) ;
#2465 = VERTEX_POINT ( 'NONE', #3000 ) ;
#2466 =( GEOMETRIC_REPRESENTATION_CONTEXT ( 3 ) GLOBAL_UNCERTAINTY_ASSIGNED_CONTEXT ( ( #362 ) ) GLOBAL_UNIT_ASSIGNED_CONTEXT ( ( #3215, #265, #3505 ) ) REPRESENTATION_CONTEXT ( 'NONE', 'WORKASPACE' ) );
#2467 = ORIENTED_EDGE ( 'NONE', *, *, #483, .T. ) ;
#2468 = CYLINDRICAL_SURFACE ( 'NONE', #124, 0.01000000000000002623 ) ;
#2469 = CARTESIAN_POINT ( 'NONE',  ( 0.3299999999999999600, 2.500000000000000000, 0.000000000000000000 ) ) ;
#2470 = EDGE_LOOP ( 'NONE', ( #2550, #1633, #2692, #228 ) ) ;
#2471 = PLANE ( 'NONE',  #984 ) ;
#2472 = FACE_OUTER_BOUND ( 'NONE', #1657, .T. ) ;
#2473 =( BOUNDED_CURVE ( )  B_SPLINE_CURVE ( 3, ( #3258, #38, #2948, #920 ),
 .UNSPECIFIED., .F., .T. ) 
 B_SPLINE_CURVE_WITH_KNOTS ( ( 4, 4 ),
 ( 5.624127271420887197, 6.942243342938285267 ),
 .UNSPECIFIED. ) 
 CURVE ( )  GEOMETRIC_REPRESENTATION_ITEM ( )  RATIONAL_B_SPLINE_CURVE ( ( 1.000000000000000000, 0.8603796100557057347, 0.8603796100557057347, 1.000000000000000000 ) ) 
 REPRESENTATION_ITEM ( '' )  );
#2474 = VERTEX_POINT ( 'NONE', #10 ) ;
#2475 = CARTESIAN_POINT ( 'NONE',  ( 0.3108419876365757784, 11.15363591632649509, 0.3199733969465144989 ) ) ;
#2476 = CARTESIAN_POINT ( 'NONE',  ( -1.175000000000000711, 0.01000000000000002623, 0.7499999999999997780 ) ) ;
#2477 = DIRECTION ( 'NONE',  ( 1.000000000000000000, 0.000000000000000000, -1.694065894508600925E-16 ) ) ;
#2478 = DIRECTION ( 'NONE',  ( 0.000000000000000000, 0.000000000000000000, -1.000000000000000000 ) ) ;
#2479 = CIRCLE ( 'NONE', #2228, 0.009999999999999998473 ) ;
#2480 = VERTEX_POINT ( 'NONE', #360 ) ;
#2481 = CARTESIAN_POINT ( 'NONE',  ( 1.175000000000000044, 2.350000000000000089, -0.5000000000000011102 ) ) ;
#2482 = AXIS2_PLACEMENT_3D ( 'NONE', #1396, #184, #2611 ) ;
#2483 = ORIENTED_EDGE ( 'NONE', *, *, #3757, .F. ) ;
#2484 = ORIENTED_EDGE ( 'NONE', *, *, #1092, .T. ) ;
#2485 = CARTESIAN_POINT ( 'NONE',  ( -0.3200000000000000622, 0.9000000000000002442, 0.3199999999999999512 ) ) ;
#2486 = ORIENTED_EDGE ( 'NONE', *, *, #609, .T. ) ;
#2487 = EDGE_CURVE ( 'NONE', #3157, #3754, #1321, .T. ) ;
#2488 = ADVANCED_FACE ( 'NONE', ( #2408 ), #30, .T. ) ;
#2489 = DIRECTION ( 'NONE',  ( -0.000000000000000000, 1.000000000000000000, -0.000000000000000000 ) ) ;
#2490 = CARTESIAN_POINT ( 'NONE',  ( -1.175000000000000044, 0.5000000000000000000, 0.7499999999999997780 ) ) ;
#2491 = ADVANCED_FACE ( 'NONE', ( #299 ), #2350, .T. ) ;
#2492 = ORIENTED_EDGE ( 'NONE', *, *, #1684, .T. ) ;
#2493 = CIRCLE ( 'NONE', #2993, 0.009999999999999774694 ) ;
#2494 = PRODUCT_DEFINITION_FORMATION_WITH_SPECIFIED_SOURCE ( 'ANY', '', #1526, .NOT_KNOWN. ) ;
#2495 = VERTEX_POINT ( 'NONE', #2672 ) ;
#2496 = CARTESIAN_POINT ( 'NONE',  ( -0.6749999999999997113, 2.490000000000000213, 1.250000000000000666 ) ) ;
#2497 =( BOUNDED_CURVE ( )  B_SPLINE_CURVE ( 3, ( #2158, #3593, #2755, #943 ),
 .UNSPECIFIED., .F., .F. ) 
 B_SPLINE_CURVE_WITH_KNOTS ( ( 4, 4 ),
 ( 3.141592653589793116, 3.267932781228558792 ),
 .UNSPECIFIED. ) 
 CURVE ( )  GEOMETRIC_REPRESENTATION_ITEM ( )  RATIONAL_B_SPLINE_CURVE ( ( 1.000000000000000000, 0.9986702899464856564, 0.9986702899464856564, 1.000000000000000000 ) ) 
 REPRESENTATION_ITEM ( '' )  );
#2498 = DIRECTION ( 'NONE',  ( 0.5773502691896263972, 0.5773502691896250649, 0.5773502691896259531 ) ) ;
#2499 = DIRECTION ( 'NONE',  ( 1.694065894508600678E-16, -0.000000000000000000, 1.000000000000000000 ) ) ;
#2500 = CARTESIAN_POINT ( 'NONE',  ( 0.6708578643762693750, 2.490000000000000213, 1.240000000000000435 ) ) ;
#2501 = FACE_OUTER_BOUND ( 'NONE', #2009, .T. ) ;
#2502 =( NAMED_UNIT ( * ) PLANE_ANGLE_UNIT ( ) SI_UNIT ( $, .RADIAN. ) );
#2503 = EDGE_LOOP ( 'NONE', ( #3802, #193, #1756, #2372 ) ) ;
#2504 = VECTOR ( 'NONE', #579, 1000.000000000000000 ) ;
#2505 =( REPRESENTATION_RELATIONSHIP ('NONE','NONE', #1150, #3042 ) REPRESENTATION_RELATIONSHIP_WITH_TRANSFORMATION ( #325 )SHAPE_REPRESENTATION_RELATIONSHIP( ) );
#2506 = ORIENTED_EDGE ( 'NONE', *, *, #1361, .T. ) ;
#2507 = EDGE_CURVE ( 'NONE', #2566, #2260, #450, .T. ) ;
#2508 = LINE ( 'NONE', #1923, #822 ) ;
#2509 = ORIENTED_EDGE ( 'NONE', *, *, #3722, .T. ) ;
#2510 = CARTESIAN_POINT ( 'NONE',  ( 0.6708578643762688198, 0.01000000000000000021, -1.239999999999999991 ) ) ;
#2511 = CARTESIAN_POINT ( 'NONE',  ( 0.3199733969465143879, 11.15363591632649687, -0.3108419876365757784 ) ) ;
#2512 = CARTESIAN_POINT ( 'NONE',  ( 1.172071067811865319, 2.500000000000000000, -0.7529289321881348362 ) ) ;
#2513 = EDGE_CURVE ( 'NONE', #1087, #2783, #3310, .T. ) ;
#2514 = ORIENTED_EDGE ( 'NONE', *, *, #3098, .T. ) ;
#2515 = ORIENTED_EDGE ( 'NONE', *, *, #2182, .T. ) ;
#2516 = DIRECTION ( 'NONE',  ( 1.000000000000000000, 0.000000000000000000, -0.000000000000000000 ) ) ;
#2517 = CIRCLE ( 'NONE', #3504, 0.01000000000000002623 ) ;
#2518 = CARTESIAN_POINT ( 'NONE',  ( 1.179142135623731491, 2.500000000000000000, 0.7400000000000001021 ) ) ;
#2519 = CARTESIAN_POINT ( 'NONE',  ( -0.1142264973081032059, 11.50000000000000000, -0.1142264973081030810 ) ) ;
#2520 = VERTEX_POINT ( 'NONE', #3271 ) ;
#2521 = CYLINDRICAL_SURFACE ( 'NONE', #2194, 0.009999999999999903064 ) ;
#2522 =( BOUNDED_CURVE ( )  B_SPLINE_CURVE ( 3, ( #535, #1359, #3710, #2597 ),
 .UNSPECIFIED., .F., .F. ) 
 B_SPLINE_CURVE_WITH_KNOTS ( ( 4, 4 ),
 ( 0.000000000000000000, 1.570796326794896558 ),
 .UNSPECIFIED. ) 
 CURVE ( )  GEOMETRIC_REPRESENTATION_ITEM ( )  RATIONAL_B_SPLINE_CURVE ( ( 1.000000000000000000, 0.8047378541243649375, 0.8047378541243649375, 1.000000000000000000 ) ) 
 REPRESENTATION_ITEM ( '' )  );
#2523 = SURFACE_SIDE_STYLE ('',( #1109 ) ) ;
#2524 = ORIENTED_EDGE ( 'NONE', *, *, #3502, .F. ) ;
#2525 = EDGE_LOOP ( 'NONE', ( #390, #2726, #2467, #1936, #278, #1413 ) ) ;
#2526 = CARTESIAN_POINT ( 'NONE',  ( 0.000000000000000000, 11.50000000000000000, -0.1199999999999994404 ) ) ;
#2527 = ORIENTED_EDGE ( 'NONE', *, *, #1075, .T. ) ;
#2528 = VECTOR ( 'NONE', #1822, 1000.000000000000000 ) ;
#2529 = CARTESIAN_POINT ( 'NONE',  ( -0.3199202969641258276, 0.3462721118061212189, -0.3112600429262812884 ) ) ;
#2530 = CARTESIAN_POINT ( 'NONE',  ( -0.6708578643762688198, 2.490000000000000213, 1.240000000000000657 ) ) ;
#2531 = PLANE ( 'NONE',  #577 ) ;
#2532 = ORIENTED_EDGE ( 'NONE', *, *, #1301, .T. ) ;
#2533 = ORIENTED_EDGE ( 'NONE', *, *, #2199, .F. ) ;
#2534 = LINE ( 'NONE', #3714, #2982 ) ;
#2535 = EDGE_CURVE ( 'NONE', #1591, #625, #1794, .T. ) ;
#2536 = DIRECTION ( 'NONE',  ( 0.7071067811865530128, -0.000000000000000000, -0.7071067811865421326 ) ) ;
#2537 = CYLINDRICAL_SURFACE ( 'NONE', #3333, 0.009999999999999998473 ) ;
#2538 = EDGE_CURVE ( 'NONE', #1403, #655, #1242, .T. ) ;
#2539 = CARTESIAN_POINT ( 'NONE',  ( 1.150857864376268802, 0.000000000000000000, -0.7600000000000001199 ) ) ;
#2540 = DIRECTION ( 'NONE',  ( 1.000000000000000000, 0.000000000000000000, 0.000000000000000000 ) ) ;
#2541 = ORIENTED_EDGE ( 'NONE', *, *, #3603, .T. ) ;
#2542 = ADVANCED_FACE ( 'NONE', ( #1476 ), #3537, .F. ) ;
#2543 = ORIENTED_EDGE ( 'NONE', *, *, #3711, .T. ) ;
#2544 = AXIS2_PLACEMENT_3D ( 'NONE', #1513, #1757, #3582 ) ;
#2545 = LINE ( 'NONE', #196, #2414 ) ;
#2546 = ORIENTED_EDGE ( 'NONE', *, *, #2727, .T. ) ;
#2547 = DIRECTION ( 'NONE',  ( 0.000000000000000000, 0.000000000000000000, 1.000000000000000000 ) ) ;
#2548 = DIRECTION ( 'NONE',  ( 2.168404344971008868E-16, 0.000000000000000000, 1.000000000000000000 ) ) ;
#2549 = EDGE_LOOP ( 'NONE', ( #2606, #2413, #552, #172 ) ) ;
#2550 = ORIENTED_EDGE ( 'NONE', *, *, #2552, .F. ) ;
#2551 = CARTESIAN_POINT ( 'NONE',  ( 0.3199202969641257721, 0.3462721118061212744, 0.3112600429262813440 ) ) ;
#2552 = EDGE_CURVE ( 'NONE', #622, #751, #1559, .T. ) ;
#2553 = CARTESIAN_POINT ( 'NONE',  ( -1.175000000000000044, 2.495857864376268331, 0.4999999999999991673 ) ) ;
#2554 = AXIS2_PLACEMENT_3D ( 'NONE', #3697, #186, #1050 ) ;
#2555 = PRESENTATION_LAYER_ASSIGNMENT (  '', '', ( #3238 ) ) ;
#2556 = DIRECTION ( 'NONE',  ( 0.000000000000000000, 0.000000000000000000, 1.000000000000000000 ) ) ;
#2557 = PLANE ( 'NONE',  #2695 ) ;
#2558 = DIRECTION ( 'NONE',  ( 1.000000000000000000, 0.000000000000000000, 0.000000000000000000 ) ) ;
#2559 = EDGE_CURVE ( 'NONE', #2361, #1811, #3019, .T. ) ;
#2560 = VERTEX_POINT ( 'NONE', #3675 ) ;
#2561 = AXIS2_PLACEMENT_3D ( 'NONE', #2206, #3751, #514 ) ;
#2562 = LINE ( 'NONE', #3143, #1739 ) ;
#2563 = ORIENTED_EDGE ( 'NONE', *, *, #3123, .F. ) ;
#2564 = AXIS2_PLACEMENT_3D ( 'NONE', #556, #2909, #600 ) ;
#2565 = CARTESIAN_POINT ( 'NONE',  ( 0.3099999999999999978, 11.50000000000000000, 0.3200000000000000622 ) ) ;
#2566 = VERTEX_POINT ( 'NONE', #3087 ) ;
#2567 = ORIENTED_EDGE ( 'NONE', *, *, #2251, .T. ) ;
#2568 = LINE ( 'NONE', #1713, #3360 ) ;
#2569 = CARTESIAN_POINT ( 'NONE',  ( -1.269999999999999796, 0.5100000000000000089, 0.7500000000000004441 ) ) ;
#2570 = PRODUCT_RELATED_PRODUCT_CATEGORY ( 'part', '', ( #79 ) ) ;
#2571 = DIRECTION ( 'NONE',  ( 2.891205793294678819E-16, -0.000000000000000000, 1.000000000000000000 ) ) ;
#2572 = AXIS2_PLACEMENT_3D ( 'NONE', #3355, #1226, #973 ) ;
#2573 = CIRCLE ( 'NONE', #1594, 0.01000000000000002623 ) ;
#2574 = LINE ( 'NONE', #763, #1026 ) ;
#2575 = CARTESIAN_POINT ( 'NONE',  ( 0.3199202969641256056, 0.3462721118061212189, -0.3112600429262813440 ) ) ;
#2576 = ORIENTED_EDGE ( 'NONE', *, *, #865, .T. ) ;
#2577 = DIRECTION ( 'NONE',  ( -0.7071067811865474617, 0.000000000000000000, -0.7071067811865474617 ) ) ;
#2578 = EDGE_CURVE ( 'NONE', #357, #1960, #2562, .T. ) ;
#2579 = DIRECTION ( 'NONE',  ( 0.000000000000000000, -1.000000000000000000, 0.000000000000000000 ) ) ;
#2580 = VECTOR ( 'NONE', #1502, 1000.000000000000000 ) ;
#2581 = ORIENTED_EDGE ( 'NONE', *, *, #3790, .F. ) ;
#2582 = DIRECTION ( 'NONE',  ( -4.336808689942016257E-16, -0.000000000000000000, -1.000000000000000000 ) ) ;
#2583 = ORIENTED_EDGE ( 'NONE', *, *, #3221, .F. ) ;
#2584 = EDGE_CURVE ( 'NONE', #1674, #1525, #3755, .T. ) ;
#2585 = AXIS2_PLACEMENT_3D ( 'NONE', #2768, #1310, #1015 ) ;
#2586 = ORIENTED_EDGE ( 'NONE', *, *, #2841, .T. ) ;
#2587 = CARTESIAN_POINT ( 'NONE',  ( 0.6708578643762689309, 2.490000000000000213, -1.239999999999999991 ) ) ;
#2588 = DIRECTION ( 'NONE',  ( 1.000000000000000000, 0.000000000000000000, -0.000000000000000000 ) ) ;
#2589 = DIRECTION ( 'NONE',  ( 0.000000000000000000, 0.000000000000000000, -1.000000000000000000 ) ) ;
#2590 = DIRECTION ( 'NONE',  ( 1.000000000000000000, 0.000000000000000000, -0.000000000000000000 ) ) ;
#2591 = ITEM_DEFINED_TRANSFORMATION ( 'NONE', 'NONE', #1335,  #3783 ) ;
#2592 = DIRECTION ( 'NONE',  ( 0.7071067811865479058, -0.000000000000000000, 0.7071067811865472397 ) ) ;
#2593 = ORIENTED_EDGE ( 'NONE', *, *, #2664, .T. ) ;
#2594 = EDGE_LOOP ( 'NONE', ( #781, #1152, #3634, #2638 ) ) ;
#2595 = CARTESIAN_POINT ( 'NONE',  ( 1.175000000000000044, 2.490000000000000213, -0.5000000000000011102 ) ) ;
#2596 = FACE_OUTER_BOUND ( 'NONE', #2651, .T. ) ;
#2597 = CARTESIAN_POINT ( 'NONE',  ( -0.3300000000000001821, 2.500000000000000000, -0.3300000000000001266 ) ) ;
#2598 = EDGE_CURVE ( 'NONE', #1387, #1171, #2230, .T. ) ;
#2599 = FACE_OUTER_BOUND ( 'NONE', #8, .T. ) ;
#2600 = PLANE ( 'NONE',  #497 ) ;
#2601 = CIRCLE ( 'NONE', #2912, 0.01000000000000002623 ) ;
#2602 = CARTESIAN_POINT ( 'NONE',  ( -0.6749999999999997113, 2.490000000000000213, -1.249999999999999778 ) ) ;
#2603 = EDGE_CURVE ( 'NONE', #3229, #1198, #1656, .T. ) ;
#2604 = FACE_OUTER_BOUND ( 'NONE', #3082, .T. ) ;
#2605 = CARTESIAN_POINT ( 'NONE',  ( 0.7024999999999993472, 0.5000000000000000000, -1.222500000000000586 ) ) ;
#2606 = ORIENTED_EDGE ( 'NONE', *, *, #1222, .T. ) ;
#2607 = ADVANCED_FACE ( 'NONE', ( #774 ), #1941, .T. ) ;
#2608 = VECTOR ( 'NONE', #1444, 1000.000000000000000 ) ;
#2609 = CARTESIAN_POINT ( 'NONE',  ( -0.6749999999999997113, 2.490000000000000213, 1.250000000000000666 ) ) ;
#2610 = VERTEX_POINT ( 'NONE', #501 ) ;
#2611 = DIRECTION ( 'NONE',  ( 1.355252715606880345E-15, 1.000000000000000000, 0.000000000000000000 ) ) ;
#2612 = DIRECTION ( 'NONE',  ( 3.252606517456504467E-14, 0.000000000000000000, -1.000000000000000000 ) ) ;
#2613 = DIRECTION ( 'NONE',  ( 1.000000000000000000, -0.000000000000000000, -0.000000000000000000 ) ) ;
#2614 = DIRECTION ( 'NONE',  ( -1.000000000000000000, -0.000000000000000000, 9.389466242107271309E-15 ) ) ;
#2615 = ORIENTED_EDGE ( 'NONE', *, *, #548, .T. ) ;
#2616 = AXIS2_PLACEMENT_3D ( 'NONE', #2806, #166, #760 ) ;
#2617 = DIRECTION ( 'NONE',  ( 0.000000000000000000, 0.000000000000000000, -1.000000000000000000 ) ) ;
#2618 = FACE_OUTER_BOUND ( 'NONE', #1025, .T. ) ;
#2619 = DIRECTION ( 'NONE',  ( 1.000000000000000000, 0.000000000000000000, -1.606225440719266613E-16 ) ) ;
#2620 = AXIS2_PLACEMENT_3D ( 'NONE', #1732, #1449, #1162 ) ;
#2621 = ORIENTED_EDGE ( 'NONE', *, *, #739, .T. ) ;
#2622 = VECTOR ( 'NONE', #1498, 1000.000000000000000 ) ;
#2623 = CARTESIAN_POINT ( 'NONE',  ( 0.08907179676972412641, 11.53856921938165137, -0.09773205080756842966 ) ) ;
#2624 = DIRECTION ( 'NONE',  ( 0.000000000000000000, -1.000000000000000000, 0.000000000000000000 ) ) ;
#2625 =( BOUNDED_CURVE ( )  B_SPLINE_CURVE ( 3, ( #1342, #433, #2511, #1926 ),
 .UNSPECIFIED., .F., .F. ) 
 B_SPLINE_CURVE_WITH_KNOTS ( ( 4, 4 ),
 ( -5.329070518200751394E-15, 0.1263401276387751404 ),
 .UNSPECIFIED. ) 
 CURVE ( )  GEOMETRIC_REPRESENTATION_ITEM ( )  RATIONAL_B_SPLINE_CURVE ( ( 1.000000000000000000, 0.9986702899464853234, 0.9986702899464853234, 1.000000000000000000 ) ) 
 REPRESENTATION_ITEM ( '' )  );
#2626 = AXIS2_PLACEMENT_3D ( 'NONE', #217, #3443, #3072 ) ;
#2627 = ADVANCED_FACE ( 'NONE', ( #3404 ), #3454, .T. ) ;
#2628 = FACE_OUTER_BOUND ( 'NONE', #2289, .T. ) ;
#2629 = DIRECTION ( 'NONE',  ( 0.8660254037844378194, -0.5000000000000017764, -1.355252715606880543E-15 ) ) ;
#2630 = VERTEX_POINT ( 'NONE', #213 ) ;
#2631 = DIRECTION ( 'NONE',  ( -0.7071067811865693331, 0.000000000000000000, 0.7071067811865259234 ) ) ;
#2632 = ORIENTED_EDGE ( 'NONE', *, *, #3635, .F. ) ;
#2633 = CARTESIAN_POINT ( 'NONE',  ( -0.6708578643762688198, 0.01000000000000002623, 1.240000000000000657 ) ) ;
#2634 = ADVANCED_FACE ( 'NONE', ( #814 ), #3741, .F. ) ;
#2635 = DIRECTION ( 'NONE',  ( 1.000000000000000000, 0.000000000000000000, 0.000000000000000000 ) ) ;
#2636 = LINE ( 'NONE', #3750, #1546 ) ;
#2637 = EDGE_CURVE ( 'NONE', #40, #715, #2508, .T. ) ;
#2638 = ORIENTED_EDGE ( 'NONE', *, *, #2182, .F. ) ;
#2639 = CARTESIAN_POINT ( 'NONE',  ( 0.3199999999999998956, 0.9000000000000002442, -0.3200000000000000622 ) ) ;
#2640 = LINE ( 'NONE', #2381, #651 ) ;
#2641 = ORIENTED_EDGE ( 'NONE', *, *, #1770, .F. ) ;
#2642 = ADVANCED_FACE ( 'NONE', ( #2813 ), #1961, .F. ) ;
#2643 = ORIENTED_EDGE ( 'NONE', *, *, #209, .T. ) ;
#2644 = CIRCLE ( 'NONE', #980, 0.009999999999999592548 ) ;
#2645 = CARTESIAN_POINT ( 'NONE',  ( 1.175000000000000044, 2.350000000000000089, -0.5000000000000011102 ) ) ;
#2646 = LINE ( 'NONE', #2973, #2800 ) ;
#2647 = CIRCLE ( 'NONE', #1354, 0.009999999999999984596 ) ;
#2648 = FACE_OUTER_BOUND ( 'NONE', #2978, .T. ) ;
#2649 =( BOUNDED_CURVE ( )  B_SPLINE_CURVE ( 3, ( #1156, #3507, #1484, #1520 ),
 .UNSPECIFIED., .F., .T. ) 
 B_SPLINE_CURVE_WITH_KNOTS ( ( 4, 4 ),
 ( 2.482534617831140267, 3.800650689348524125 ),
 .UNSPECIFIED. ) 
 CURVE ( )  GEOMETRIC_REPRESENTATION_ITEM ( )  RATIONAL_B_SPLINE_CURVE ( ( 1.000000000000000000, 0.8603796100557086213, 0.8603796100557086213, 1.000000000000000000 ) ) 
 REPRESENTATION_ITEM ( '' )  );
#2650 = DIRECTION ( 'NONE',  ( 0.000000000000000000, 0.000000000000000000, 1.000000000000000000 ) ) ;
#2651 = EDGE_LOOP ( 'NONE', ( #1344, #422, #2767 ) ) ;
#2652 = VERTEX_POINT ( 'NONE', #828 ) ;
#2653 = LINE ( 'NONE', #3598, #2733 ) ;
#2654 = DIRECTION ( 'NONE',  ( 0.000000000000000000, 0.4999999999999804046, 0.8660254037844500319 ) ) ;
#2655 = CARTESIAN_POINT ( 'NONE',  ( 0.000000000000000000, 2.350000000000000089, 0.000000000000000000 ) ) ;
#2656 =( REPRESENTATION_RELATIONSHIP ('NONE','NONE', #1150, #3042 ) REPRESENTATION_RELATIONSHIP_WITH_TRANSFORMATION ( #1823 )SHAPE_REPRESENTATION_RELATIONSHIP( ) );
#2657 = DIRECTION ( 'NONE',  ( 1.000000000000000000, 0.000000000000000000, -1.606225440719265874E-16 ) ) ;
#2658 = EDGE_CURVE ( 'NONE', #3120, #2610, #2545, .T. ) ;
#2659 = EDGE_LOOP ( 'NONE', ( #1324, #3720, #631, #762, #3420 ) ) ;
#2660 = PRESENTATION_STYLE_ASSIGNMENT (( #1763 ) ) ;
#2661 = DIRECTION ( 'NONE',  ( 1.000000000000000000, 0.000000000000000000, 0.000000000000000000 ) ) ;
#2662 = EDGE_CURVE ( 'NONE', #908, #1958, #1434, .T. ) ;
#2663 = ORIENTED_EDGE ( 'NONE', *, *, #1177, .F. ) ;
#2664 = EDGE_CURVE ( 'NONE', #297, #2255, #3723, .T. ) ;
#2665 = CARTESIAN_POINT ( 'NONE',  ( 0.000000000000000000, 0.01000000000000000021, -0.1142264973081040941 ) ) ;
#2666 = CARTESIAN_POINT ( 'NONE',  ( 0.3199999999999998956, 2.490000000000000213, -0.3200000000000000622 ) ) ;
#2667 = EDGE_CURVE ( 'NONE', #2261, #2227, #1082, .T. ) ;
#2668 = DIRECTION ( 'NONE',  ( 0.000000000000000000, -1.000000000000000000, 0.000000000000000000 ) ) ;
#2669 = ORIENTED_EDGE ( 'NONE', *, *, #3077, .F. ) ;
#2670 = COLOUR_RGB ( '',0.9686274509803921573, 0.8784313725490195957, 0.5999999999999999778 ) ;
#2671 = ORIENTED_EDGE ( 'NONE', *, *, #3693, .F. ) ;
#2672 = CARTESIAN_POINT ( 'NONE',  ( -0.6708578643762688198, 0.01000000000000002623, 1.250000000000000666 ) ) ;
#2673 = DIRECTION ( 'NONE',  ( -1.606225440719263902E-16, 0.000000000000000000, -1.000000000000000000 ) ) ;
#2674 = VECTOR ( 'NONE', #2702, 1000.000000000000000 ) ;
#2675 = CARTESIAN_POINT ( 'NONE',  ( 0.3199999999999998956, 11.15358983848622287, -0.3099999999999998868 ) ) ;
#2676 = EDGE_CURVE ( 'NONE', #3490, #872, #3440, .T. ) ;
#2677 = ORIENTED_EDGE ( 'NONE', *, *, #3176, .F. ) ;
#2678 = DIRECTION ( 'NONE',  ( 1.000000000000000000, 0.000000000000000000, -0.000000000000000000 ) ) ;
#2679 = DIRECTION ( 'NONE',  ( 0.000000000000000000, 1.000000000000000000, 0.000000000000000000 ) ) ;
#2680 = CARTESIAN_POINT ( 'NONE',  ( 0.3199202969641257721, 0.3462721118061212744, 0.3112600429262813440 ) ) ;
#2681 = ORIENTED_EDGE ( 'NONE', *, *, #2584, .F. ) ;
#2682 = CARTESIAN_POINT ( 'NONE',  ( 1.175000000000000711, 0.01000000000000002623, 0.7499999999999997780 ) ) ;
#2683 = ORIENTED_EDGE ( 'NONE', *, *, #3063, .T. ) ;
#2684 = DIRECTION ( 'NONE',  ( 0.000000000000000000, 0.000000000000000000, -1.000000000000000000 ) ) ;
#2685 = ADVANCED_FACE ( 'NONE', ( #2327 ), #250, .T. ) ;
#2686 = CARTESIAN_POINT ( 'NONE',  ( -1.179142135623731047, 2.490000000000000213, -0.7399999999999997691 ) ) ;
#2687 = VECTOR ( 'NONE', #727, 999.9999999999998863 ) ;
#2688 = ORIENTED_EDGE ( 'NONE', *, *, #109, .F. ) ;
#2689 = AXIS2_PLACEMENT_3D ( 'NONE', #2267, #1976, #3155 ) ;
#2690 = CARTESIAN_POINT ( 'NONE',  ( 0.1142264973081040802, 0.01000000000000000021, -1.935072133388376070E-17 ) ) ;
#2691 = VERTEX_POINT ( 'NONE', #3682 ) ;
#2692 = ORIENTED_EDGE ( 'NONE', *, *, #1092, .F. ) ;
#2693 = DIRECTION ( 'NONE',  ( 1.000000000000000000, -0.000000000000000000, -0.000000000000000000 ) ) ;
#2694 = CARTESIAN_POINT ( 'NONE',  ( 0.000000000000000000, 11.50000000000000000, -0.1142264973081030810 ) ) ;
#2695 = AXIS2_PLACEMENT_3D ( 'NONE', #2791, #1400, #1035 ) ;
#2696 = FACE_OUTER_BOUND ( 'NONE', #2319, .T. ) ;
#2697 = FACE_OUTER_BOUND ( 'NONE', #3559, .T. ) ;
#2698 = ORIENTED_EDGE ( 'NONE', *, *, #331, .T. ) ;
#2699 = CYLINDRICAL_SURFACE ( 'NONE', #3342, 0.01000000000000002623 ) ;
#2700 = DIRECTION ( 'NONE',  ( 1.000000000000000000, 1.355252715606880740E-15, 1.836709923159824932E-30 ) ) ;
#2701 = VERTEX_POINT ( 'NONE', #1349 ) ;
#2702 = DIRECTION ( 'NONE',  ( -1.000000000000000000, 0.000000000000000000, 0.000000000000000000 ) ) ;
#2703 = CARTESIAN_POINT ( 'NONE',  ( 0.3159672026817064716, 11.15476346003734598, -0.3193224092811616788 ) ) ;
#2704 = ORIENTED_EDGE ( 'NONE', *, *, #2040, .F. ) ;
#2705 = EDGE_CURVE ( 'NONE', #3240, #3441, #1573, .T. ) ;
#2706 = VECTOR ( 'NONE', #1011, 1000.000000000000000 ) ;
#2707 = CIRCLE ( 'NONE', #3633, 0.009999999999999998473 ) ;
#2708 = CARTESIAN_POINT ( 'NONE',  ( 1.179142135623730825, 2.490000000000000213, -0.7500000000000001110 ) ) ;
#2709 = ORIENTED_EDGE ( 'NONE', *, *, #891, .T. ) ;
#2710 = EDGE_CURVE ( 'NONE', #3441, #3266, #2218, .T. ) ;
#2711 = ORIENTED_EDGE ( 'NONE', *, *, #2038, .F. ) ;
#2712 = CARTESIAN_POINT ( 'NONE',  ( -1.269999999999999796, -1.503005322678532707, 0.7500000000000004441 ) ) ;
#2713 = CARTESIAN_POINT ( 'NONE',  ( -1.269999999999999796, 2.495857864376268331, -0.5000000000000008882 ) ) ;
#2714 = CARTESIAN_POINT ( 'NONE',  ( -0.3099999999999999978, 11.50000000000000000, 0.3100000000000000533 ) ) ;
#2715 = EDGE_CURVE ( 'NONE', #3312, #2916, #2897, .T. ) ;
#2716 = CARTESIAN_POINT ( 'NONE',  ( 1.991719546491890768E-16, 2.500000000000000000, 1.240000000000000657 ) ) ;
#2717 = VERTEX_POINT ( 'NONE', #506 ) ;
#2718 = DIRECTION ( 'NONE',  ( -1.000000000000000000, 0.000000000000000000, -0.000000000000000000 ) ) ;
#2719 = AXIS2_PLACEMENT_3D ( 'NONE', #2302, #2014, #480 ) ;
#2720 = LINE ( 'NONE', #2458, #2739 ) ;
#2721 = FACE_OUTER_BOUND ( 'NONE', #3426, .T. ) ;
#2722 = ORIENTED_EDGE ( 'NONE', *, *, #862, .F. ) ;
#2723 = CIRCLE ( 'NONE', #2585, 0.01000000000000002623 ) ;
#2724 = CARTESIAN_POINT ( 'NONE',  ( 0.3217320508075687813, 0.3494101615137729100, -0.3130717967697245196 ) ) ;
#2725 = EDGE_CURVE ( 'NONE', #3083, #1450, #3745, .T. ) ;
#2726 = ORIENTED_EDGE ( 'NONE', *, *, #1271, .T. ) ;
#2727 = EDGE_CURVE ( 'NONE', #1979, #3157, #2601, .T. ) ;
#2728 = FACE_BOUND ( 'NONE', #2984, .T. ) ;
#2729 = DIRECTION ( 'NONE',  ( 0.000000000000000000, 0.000000000000000000, -1.000000000000000000 ) ) ;
#2730 = ADVANCED_FACE ( 'NONE', ( #540 ), #2309, .T. ) ;
#2731 = CARTESIAN_POINT ( 'NONE',  ( -1.172071067811865319, 2.490000000000000213, 0.7529289321881350583 ) ) ;
#2732 = ORIENTED_EDGE ( 'NONE', *, *, #2222, .T. ) ;
#2733 = VECTOR ( 'NONE', #2693, 1000.000000000000000 ) ;
#2734 = CARTESIAN_POINT ( 'NONE',  ( -1.259999999999999787, 2.500000000000000000, 0.7500000000000004441 ) ) ;
#2735 = VERTEX_POINT ( 'NONE', #851 ) ;
#2736 = CARTESIAN_POINT ( 'NONE',  ( -0.6749999999999997113, 2.490000000000000213, -1.249999999999999778 ) ) ;
#2737 = SURFACE_STYLE_FILL_AREA ( #2159 ) ;
#2738 = VERTEX_POINT ( 'NONE', #2023 ) ;
#2739 = VECTOR ( 'NONE', #2770, 1000.000000000000000 ) ;
#2740 = CARTESIAN_POINT ( 'NONE',  ( -0.3130717967697245752, 0.3494101615137729100, 0.3217320508075689478 ) ) ;
#2741 = ORIENTED_EDGE ( 'NONE', *, *, #2820, .F. ) ;
#2742 = CIRCLE ( 'NONE', #3108, 0.01000000000000000021 ) ;
#2743 = ORIENTED_EDGE ( 'NONE', *, *, #1939, .F. ) ;
#2744 = CARTESIAN_POINT ( 'NONE',  ( -1.269999999999999574, 2.490000000000000213, 0.4999999999999990563 ) ) ;
#2745 = CARTESIAN_POINT ( 'NONE',  ( 1.175000000000000488, 2.490000000000000213, 0.4999999999999991673 ) ) ;
#2746 =( BOUNDED_CURVE ( )  B_SPLINE_CURVE ( 3, ( #2575, #3738, #3468, #192 ),
 .UNSPECIFIED., .F., .T. ) 
 B_SPLINE_CURVE_WITH_KNOTS ( ( 4, 4 ),
 ( 3.015252525951016338, 3.141592653589793116 ),
 .UNSPECIFIED. ) 
 CURVE ( )  GEOMETRIC_REPRESENTATION_ITEM ( )  RATIONAL_B_SPLINE_CURVE ( ( 1.000000000000000000, 0.9986702899464854344, 0.9986702899464854344, 1.000000000000000000 ) ) 
 REPRESENTATION_ITEM ( '' )  );
#2747 = AXIS2_PLACEMENT_3D ( 'NONE', #496, #1630, #1685 ) ;
#2748 = VERTEX_POINT ( 'NONE', #563 ) ;
#2749 = ADVANCED_FACE ( 'NONE', ( #780 ), #2531, .F. ) ;
#2750 = CARTESIAN_POINT ( 'NONE',  ( 1.269999999999999796, -1.503005322678532707, -0.7500000000000001110 ) ) ;
#2751 = SPHERICAL_SURFACE ( 'NONE', #2122, 0.01000000000000000021 ) ;
#2752 = CARTESIAN_POINT ( 'NONE',  ( 1.165000000000000258, 2.500000000000000000, -5.052382123782449676E-16 ) ) ;
#2753 = CARTESIAN_POINT ( 'NONE',  ( 0.1850717967697235733, 0.1327076581449564696, -0.1850717967697236566 ) ) ;
#2754 = ORIENTED_EDGE ( 'NONE', *, *, #3786, .T. ) ;
#2755 = CARTESIAN_POINT ( 'NONE',  ( 0.3199733969465144434, 0.3463640836734995232, 0.3108419876365758339 ) ) ;
#2756 = LINE ( 'NONE', #658, #280 ) ;
#2757 = DIRECTION ( 'NONE',  ( 0.000000000000000000, 0.000000000000000000, -1.000000000000000000 ) ) ;
#2758 = ORIENTED_EDGE ( 'NONE', *, *, #952, .T. ) ;
#2759 = EDGE_CURVE ( 'NONE', #2976, #3410, #2235, .T. ) ;
#2760 = VERTEX_POINT ( 'NONE', #2259 ) ;
#2761 = CARTESIAN_POINT ( 'NONE',  ( -1.172071067811865541, 0.5000000000000000000, -0.7529289321881343922 ) ) ;
#2762 = VERTEX_POINT ( 'NONE', #3128 ) ;
#2763 = CIRCLE ( 'NONE', #1470, 0.02000000000000005246 ) ;
#2764 = ORIENTED_EDGE ( 'NONE', *, *, #2345, .T. ) ;
#2765 = DIRECTION ( 'NONE',  ( 1.694065894508600678E-16, 0.000000000000000000, 1.000000000000000000 ) ) ;
#2766 = LINE ( 'NONE', #1927, #3052 ) ;
#2767 = ORIENTED_EDGE ( 'NONE', *, *, #2773, .F. ) ;
#2768 = CARTESIAN_POINT ( 'NONE',  ( -1.179142135623731047, 2.489999999999999769, -0.7599999999999997868 ) ) ;
#2769 =( BOUNDED_CURVE ( )  B_SPLINE_CURVE ( 3, ( #2953, #3756, #314, #1489 ),
 .UNSPECIFIED., .F., .T. ) 
 B_SPLINE_CURVE_WITH_KNOTS ( ( 4, 4 ),
 ( 5.624127271420887197, 6.942243342938290596 ),
 .UNSPECIFIED. ) 
 CURVE ( )  GEOMETRIC_REPRESENTATION_ITEM ( )  RATIONAL_B_SPLINE_CURVE ( ( 1.000000000000000000, 0.8603796100557046245, 0.8603796100557046245, 1.000000000000000000 ) ) 
 REPRESENTATION_ITEM ( '' )  );
#2770 = DIRECTION ( 'NONE',  ( 1.000000000000000000, -0.000000000000000000, -0.000000000000000000 ) ) ;
#2771 = DIRECTION ( 'NONE',  ( -0.7071067811865473507, 0.000000000000000000, 0.7071067811865476838 ) ) ;
#2772 = VECTOR ( 'NONE', #1232, 1000.000000000000000 ) ;
#2773 = EDGE_CURVE ( 'NONE', #3460, #751, #142, .T. ) ;
#2774 = FACE_OUTER_BOUND ( 'NONE', #524, .T. ) ;
#2775 =( NAMED_UNIT ( * ) SI_UNIT ( $, .STERADIAN. ) SOLID_ANGLE_UNIT ( ) );
#2776 = EDGE_CURVE ( 'NONE', #219, #1958, #1617, .T. ) ;
#2777 = ORIENTED_EDGE ( 'NONE', *, *, #890, .F. ) ;
#2778 = ORIENTED_EDGE ( 'NONE', *, *, #1939, .T. ) ;
#2779 = EDGE_CURVE ( 'NONE', #742, #1924, #2338, .T. ) ;
#2780 = CARTESIAN_POINT ( 'NONE',  ( -1.167928932188134761, 0.000000000000000000, 0.7429289321881346053 ) ) ;
#2781 = EDGE_LOOP ( 'NONE', ( #3509, #1370, #2, #697 ) ) ;
#2782 = LINE ( 'NONE', #755, #2203 ) ;
#2783 = VERTEX_POINT ( 'NONE', #307 ) ;
#2784 = ORIENTED_EDGE ( 'NONE', *, *, #2858, .F. ) ;
#2785 = DIRECTION ( 'NONE',  ( 1.000000000000000000, 0.000000000000000000, -2.891205793294689666E-16 ) ) ;
#2786 = CARTESIAN_POINT ( 'NONE',  ( -0.3200000000000001177, 0.9000000000000002442, -0.3200000000000000622 ) ) ;
#2787 = CARTESIAN_POINT ( 'NONE',  ( 1.259999999999999787, 2.500000000000000000, -0.5100000000000011191 ) ) ;
#2788 = ADVANCED_FACE ( 'NONE', ( #1743 ), #2033, .F. ) ;
#2789 = STYLED_ITEM ( 'NONE', ( #2660 ), #2817 ) ;
#2790 = ORIENTED_EDGE ( 'NONE', *, *, #817, .T. ) ;
#2791 = CARTESIAN_POINT ( 'NONE',  ( 0.000000000000000000, 2.350000000000000089, 0.000000000000000000 ) ) ;
#2792 = VECTOR ( 'NONE', #2099, 1000.000000000000000 ) ;
#2793 = ORIENTED_EDGE ( 'NONE', *, *, #2220, .T. ) ;
#2794 = ORIENTED_EDGE ( 'NONE', *, *, #1803, .T. ) ;
#2795 = ADVANCED_FACE ( 'NONE', ( #287 ), #2947, .F. ) ;
#2796 = ORIENTED_EDGE ( 'NONE', *, *, #3522, .F. ) ;
#2797 = FACE_OUTER_BOUND ( 'NONE', #3527, .T. ) ;
#2798 = CARTESIAN_POINT ( 'NONE',  ( 0.3299999999999999600, 2.500000000000000000, -0.3300000000000001266 ) ) ;
#2799 = LINE ( 'NONE', #2512, #2057 ) ;
#2800 = VECTOR ( 'NONE', #3554, 1000.000000000000000 ) ;
#2801 = ORIENTED_EDGE ( 'NONE', *, *, #3457, .F. ) ;
#2802 = AXIS2_PLACEMENT_3D ( 'NONE', #3008, #367, #1540 ) ;
#2803 = AXIS2_PLACEMENT_3D ( 'NONE', #861, #3194, #308 ) ;
#2804 = ORIENTED_EDGE ( 'NONE', *, *, #1575, .F. ) ;
#2805 = LINE ( 'NONE', #1624, #867 ) ;
#2806 = CARTESIAN_POINT ( 'NONE',  ( -1.269999999999999574, 0.5000000000000000000, -0.7500000000000001110 ) ) ;
#2807 = DIRECTION ( 'NONE',  ( 1.000000000000000000, 0.000000000000000000, 0.000000000000000000 ) ) ;
#2808 = CARTESIAN_POINT ( 'NONE',  ( -0.3200000000000000067, 0.3464101615137729628, 0.3100000000000000533 ) ) ;
#2809 = SURFACE_STYLE_USAGE ( .BOTH. , #2523 ) ;
#2810 = ORIENTED_EDGE ( 'NONE', *, *, #1030, .F. ) ;
#2811 = CLOSED_SHELL ( 'NONE', ( #1007, #1614, #1073, #2367, #2136, #2642, #2888, #959, #2937, #790, #987, #654, #2201, #2491, #2488, #1785, #3031, #188, #3301, #274, #2943, #1703, #3349, #91, #155, #729, #509, #1820, #3228, #3247, #2788, #2542, #2988, #2164, #3583, #796, #593, #376, #86, #157, #2162, #52, #1201, #884, #3142, #3630, #1096, #1900, #2795, #2836, #557, #726, #3615, #1504, #3689, #3095, #1972, #441, #962, #2940, #3014, #3671, #2067, #724, #1496, #3695, #273, #3195, #3628, #1639, #1871, #1854, #2246, #1479, #380, #3148, #1320, #102, #2911, #2287, #66, #3353, #1752, #1916, #1102, #3061, #443, #3331 ) ) ;
#2812 = ORIENTED_EDGE ( 'NONE', *, *, #746, .F. ) ;
#2813 = FACE_OUTER_BOUND ( 'NONE', #1798, .T. ) ;
#2814 = ORIENTED_EDGE ( 'NONE', *, *, #2038, .T. ) ;
#2815 = EDGE_CURVE ( 'NONE', #2610, #3229, #2173, .T. ) ;
#2816 = CARTESIAN_POINT ( 'NONE',  ( -1.269999999999999796, 2.489999999999999769, 0.7500000000000004441 ) ) ;
#2817 = MANIFOLD_SOLID_BREP ( 'Fillet2', #165 ) ;
#2818 = CARTESIAN_POINT ( 'NONE',  ( -0.1142264973081032892, 11.49499999999999922, -0.1228867513459474259 ) ) ;
#2819 = VERTEX_POINT ( 'NONE', #1173 ) ;
#2820 = EDGE_CURVE ( 'NONE', #1475, #1562, #2356, .T. ) ;
#2821 = AXIS2_PLACEMENT_3D ( 'NONE', #568, #262, #2556 ) ;
#2822 = ORIENTED_EDGE ( 'NONE', *, *, #529, .F. ) ;
#2823 = CARTESIAN_POINT ( 'NONE',  ( -1.175000000000000044, 2.490000000000000213, -0.5000000000000008882 ) ) ;
#2824 = ADVANCED_FACE ( 'NONE', ( #2618 ), #324, .F. ) ;
#2825 = FACE_OUTER_BOUND ( 'NONE', #3150, .T. ) ;
#2826 = AXIS2_PLACEMENT_3D ( 'NONE', #1307, #2107, #3053 ) ;
#2827 = CARTESIAN_POINT ( 'NONE',  ( -0.3112600429262813440, 11.15372788819387395, 0.3199202969641256611 ) ) ;
#2828 = LINE ( 'NONE', #1017, #1409 ) ;
#2829 = CARTESIAN_POINT ( 'NONE',  ( 0.3112600429262812884, 0.3462721118061213299, -0.3199202969641257721 ) ) ;
#2830 = ORIENTED_EDGE ( 'NONE', *, *, #49, .F. ) ;
#2831 = ORIENTED_EDGE ( 'NONE', *, *, #841, .F. ) ;
#2832 = CARTESIAN_POINT ( 'NONE',  ( -0.3200000000000000067, 11.15358983848622287, 0.3104214140871992544 ) ) ;
#2833 = MANIFOLD_SOLID_BREP ( 'Fillet1', #2811 ) ;
#2834 = DIRECTION ( 'NONE',  ( -1.000000000000000000, 0.000000000000000000, -0.000000000000000000 ) ) ;
#2835 = ORIENTED_EDGE ( 'NONE', *, *, #1389, .F. ) ;
#2836 = ADVANCED_FACE ( 'NONE', ( #518 ), #2870, .T. ) ;
#2837 = FACE_OUTER_BOUND ( 'NONE', #104, .T. ) ;
#2838 = CARTESIAN_POINT ( 'NONE',  ( -0.3200000000000001177, 0.9000000000000002442, -0.3200000000000000622 ) ) ;
#2839 = DIRECTION ( 'NONE',  ( 1.000000000000000000, 0.000000000000000000, -0.000000000000000000 ) ) ;
#2840 = EDGE_LOOP ( 'NONE', ( #3547, #2205, #1040, #472 ) ) ;
#2841 = EDGE_CURVE ( 'NONE', #1809, #2738, #534, .T. ) ;
#2842 = ORIENTED_EDGE ( 'NONE', *, *, #3548, .F. ) ;
#2843 = CARTESIAN_POINT ( 'NONE',  ( -0.6749999999999997113, 2.500000000000000000, 1.250000000000000666 ) ) ;
#2844 = EDGE_CURVE ( 'NONE', #3266, #1809, #1424, .T. ) ;
#2845 = DIRECTION ( 'NONE',  ( -0.000000000000000000, 1.000000000000000000, -0.000000000000000000 ) ) ;
#2846 = SPHERICAL_SURFACE ( 'NONE', #235, 0.01000000000000000021 ) ;
#2847 =( REPRESENTATION_RELATIONSHIP ('NONE','NONE', #1150, #1120 ) REPRESENTATION_RELATIONSHIP_WITH_TRANSFORMATION ( #3487 )SHAPE_REPRESENTATION_RELATIONSHIP( ) );
#2848 = LINE ( 'NONE', #3700, #2305 ) ;
#2849 = DIRECTION ( 'NONE',  ( 1.000000000000000000, 0.000000000000000000, 0.000000000000000000 ) ) ;
#2850 = CARTESIAN_POINT ( 'NONE',  ( 1.260000000000000009, 2.490000000000000213, -3.642919299551295391E-16 ) ) ;
#2851 = AXIS2_PLACEMENT_3D ( 'NONE', #3459, #3206, #2275 ) ;
#2852 = VERTEX_POINT ( 'NONE', #2908 ) ;
#2853 = CIRCLE ( 'NONE', #2177, 0.01000000000000002623 ) ;
#2854 = CARTESIAN_POINT ( 'NONE',  ( -1.269999999999999796, -1.503005322678532707, -0.7499999999999997780 ) ) ;
#2855 = ORIENTED_EDGE ( 'NONE', *, *, #3635, .T. ) ;
#2856 = CARTESIAN_POINT ( 'NONE',  ( 0.6779289321881343255, 2.500000000000000000, -1.247071067811865497 ) ) ;
#2857 = LINE ( 'NONE', #1393, #2706 ) ;
#2858 = EDGE_CURVE ( 'NONE', #1811, #3384, #1830, .T. ) ;
#2859 = ORIENTED_EDGE ( 'NONE', *, *, #3473, .T. ) ;
#2860 = DIRECTION ( 'NONE',  ( 0.000000000000000000, -0.4999999999999844569, 0.8660254037844475894 ) ) ;
#2861 = DIRECTION ( 'NONE',  ( 1.000000000000000000, -0.000000000000000000, 1.141265444721588441E-15 ) ) ;
#2862 = AXIS2_PLACEMENT_3D ( 'NONE', #3295, #2086, #975 ) ;
#2863 = AXIS2_PLACEMENT_3D ( 'NONE', #3467, #3398, #191 ) ;
#2864 = CARTESIAN_POINT ( 'NONE',  ( -1.269999999999999796, 2.489999999999999769, -0.7499999999999997780 ) ) ;
#2865 = EDGE_CURVE ( 'NONE', #1281, #2120, #2161, .T. ) ;
#2866 = AXIS2_PLACEMENT_3D ( 'NONE', #3017, #643, #1846 ) ;
#2867 = CARTESIAN_POINT ( 'NONE',  ( -0.3199999999999999512, 0.3464101615137730183, 0.3104214140871993100 ) ) ;
#2868 = CARTESIAN_POINT ( 'NONE',  ( 0.000000000000000000, 2.490000000000000213, 0.7400000000000001021 ) ) ;
#2869 = ORIENTED_EDGE ( 'NONE', *, *, #2294, .T. ) ;
#2870 = CYLINDRICAL_SURFACE ( 'NONE', #2462, 0.01000000000000001409 ) ;
#2871 = VECTOR ( 'NONE', #1542, 1000.000000000000000 ) ;
#2872 = DIRECTION ( 'NONE',  ( -0.000000000000000000, -1.000000000000000000, -0.000000000000000000 ) ) ;
#2873 = FACE_OUTER_BOUND ( 'NONE', #811, .T. ) ;
#2874 = EDGE_LOOP ( 'NONE', ( #212, #3461, #2445, #1901 ) ) ;
#2875 = ORIENTED_EDGE ( 'NONE', *, *, #2667, .F. ) ;
#2876 = VERTEX_POINT ( 'NONE', #2250 ) ;
#2877 = CARTESIAN_POINT ( 'NONE',  ( 0.3159672026817068602, 11.15476346003734420, 0.3193224092811619008 ) ) ;
#2878 = CARTESIAN_POINT ( 'NONE',  ( -0.3200000000000001177, 11.15358983848622287, -0.3199999999999998956 ) ) ;
#2879 = PLANE ( 'NONE',  #2095 ) ;
#2880 = FACE_OUTER_BOUND ( 'NONE', #2549, .T. ) ;
#2881 = CIRCLE ( 'NONE', #3016, 0.01000000000000002623 ) ;
#2882 = FACE_OUTER_BOUND ( 'NONE', #3144, .T. ) ;
#2883 = SHAPE_DEFINITION_REPRESENTATION ( #3560, #1120 ) ;
#2884 = CARTESIAN_POINT ( 'NONE',  ( -1.269999999999999796, 2.489999999999999769, 0.7500000000000004441 ) ) ;
#2885 = ORIENTED_EDGE ( 'NONE', *, *, #1748, .F. ) ;
#2886 = ORIENTED_EDGE ( 'NONE', *, *, #1069, .F. ) ;
#2887 = DIRECTION ( 'NONE',  ( 0.7071067811865473507, 0.000000000000000000, -0.7071067811865476838 ) ) ;
#2888 = ADVANCED_FACE ( 'NONE', ( #2604 ), #3776, .F. ) ;
#2889 = LINE ( 'NONE', #694, #3431 ) ;
#2890 = EDGE_CURVE ( 'NONE', #2079, #183, #2914, .T. ) ;
#2891 = CARTESIAN_POINT ( 'NONE',  ( 0.3199999999999998956, 0.9000000000000002442, -0.3200000000000000622 ) ) ;
#2892 =( BOUNDED_CURVE ( )  B_SPLINE_CURVE ( 3, ( #3749, #2877, #237, #1415 ),
 .UNSPECIFIED., .F., .T. ) 
 B_SPLINE_CURVE_WITH_KNOTS ( ( 4, 4 ),
 ( 2.482534617831140267, 3.800650689348524125 ),
 .UNSPECIFIED. ) 
 CURVE ( )  GEOMETRIC_REPRESENTATION_ITEM ( )  RATIONAL_B_SPLINE_CURVE ( ( 1.000000000000000000, 0.8603796100557086213, 0.8603796100557086213, 1.000000000000000000 ) ) 
 REPRESENTATION_ITEM ( '' )  );
#2893 = DIRECTION ( 'NONE',  ( 1.000000000000000000, 0.000000000000000000, 1.141265444721588244E-15 ) ) ;
#2894 = AXIS2_PLACEMENT_3D ( 'NONE', #1250, #2985, #1538 ) ;
#2895 = CARTESIAN_POINT ( 'NONE',  ( -0.1228867513459475647, 11.49499999999999922, -0.1142264973081022067 ) ) ;
#2896 = ORIENTED_EDGE ( 'NONE', *, *, #328, .F. ) ;
#2897 = LINE ( 'NONE', #1968, #2048 ) ;
#2898 = VECTOR ( 'NONE', #12, 1000.000000000000000 ) ;
#2899 = EDGE_LOOP ( 'NONE', ( #2546, #3327, #3113 ) ) ;
#2900 = CARTESIAN_POINT ( 'NONE',  ( 1.270000000000000240, 0.5100000000000000089, 0.7500000000000001110 ) ) ;
#2901 = DIRECTION ( 'NONE',  ( 0.000000000000000000, 0.000000000000000000, -1.000000000000000000 ) ) ;
#2902 = DIRECTION ( 'NONE',  ( 1.000000000000000000, 0.000000000000000000, -2.891205793294678819E-16 ) ) ;
#2903 = CARTESIAN_POINT ( 'NONE',  ( -1.172071067811865541, 2.490000000000000213, -0.7529289321881343922 ) ) ;
#2904 = DIRECTION ( 'NONE',  ( -0.000000000000000000, 0.000000000000000000, -1.000000000000000000 ) ) ;
#2905 = PRODUCT_CONTEXT ( 'NONE', #1330, 'mechanical' ) ;
#2906 = CARTESIAN_POINT ( 'NONE',  ( -0.3200000000000001177, 0.000000000000000000, -0.3200000000000000622 ) ) ;
#2907 = ORIENTED_EDGE ( 'NONE', *, *, #1364, .T. ) ;
#2908 = CARTESIAN_POINT ( 'NONE',  ( -0.1142264973081041912, 0.004999999999999983624, -0.1228867513459484528 ) ) ;
#2909 = DIRECTION ( 'NONE',  ( 0.7071067811865475727, -1.533293416683370135E-14, 0.7071067811865475727 ) ) ;
#2910 = DIRECTION ( 'NONE',  ( 1.000000000000000000, 0.000000000000000000, 0.000000000000000000 ) ) ;
#2911 = ADVANCED_FACE ( 'NONE', ( #2628 ), #3800, .T. ) ;
#2912 = AXIS2_PLACEMENT_3D ( 'NONE', #1100, #2839, #3185 ) ;
#2913 =( BOUNDED_CURVE ( )  B_SPLINE_CURVE ( 3, ( #361, #3564, #951, #687 ),
 .UNSPECIFIED., .F., .F. ) 
 B_SPLINE_CURVE_WITH_KNOTS ( ( 4, 4 ),
 ( 1.570796326794896558, 3.141592653589836193 ),
 .UNSPECIFIED. ) 
 CURVE ( )  GEOMETRIC_REPRESENTATION_ITEM ( )  RATIONAL_B_SPLINE_CURVE ( ( 1.000000000000000000, 0.8047378541243548344, 0.8047378541243548344, 1.000000000000000000 ) ) 
 REPRESENTATION_ITEM ( '' )  );
#2914 = LINE ( 'NONE', #1141, #2028 ) ;
#2915 = DIRECTION ( 'NONE',  ( 0.000000000000000000, -1.000000000000000000, 0.000000000000000000 ) ) ;
#2916 = VERTEX_POINT ( 'NONE', #581 ) ;
#2917 = DIRECTION ( 'NONE',  ( -0.7071067811865259234, 0.000000000000000000, -0.7071067811865692221 ) ) ;
#2918 = ORIENTED_EDGE ( 'NONE', *, *, #490, .F. ) ;
#2919 = DIRECTION ( 'NONE',  ( -1.000000000000000000, 0.000000000000000000, 0.000000000000000000 ) ) ;
#2920 = DIRECTION ( 'NONE',  ( -1.694065894508600678E-16, 0.000000000000000000, -1.000000000000000000 ) ) ;
#2921 = DIRECTION ( 'NONE',  ( 1.084202172485501594E-14, 0.000000000000000000, -1.000000000000000000 ) ) ;
#2922 = EDGE_CURVE ( 'NONE', #3641, #3205, #2933, .T. ) ;
#2923 = CARTESIAN_POINT ( 'NONE',  ( -0.1142264973081031781, 11.49000000000000021, -0.1142264973081022067 ) ) ;
#2924 = AXIS2_PLACEMENT_3D ( 'NONE', #2935, #2650, #2329 ) ;
#2925 = CARTESIAN_POINT ( 'NONE',  ( 0.3199999999999998956, 11.50000000000000000, -0.3099999999999999423 ) ) ;
#2926 = APPLICATION_PROTOCOL_DEFINITION ( 'draft international standard', 'automotive_design', 1998, #1469 ) ;
#2927 = DIRECTION ( 'NONE',  ( -0.000000000000000000, 1.000000000000000000, -0.000000000000000000 ) ) ;
#2928 = AXIS2_PLACEMENT_3D ( 'NONE', #1343, #3692, #2213 ) ;
#2929 = AXIS2_PLACEMENT_3D ( 'NONE', #2975, #27, #2077 ) ;
#2930 = EDGE_LOOP ( 'NONE', ( #2835, #2859, #619 ) ) ;
#2931 = CYLINDRICAL_SURFACE ( 'NONE', #2934, 0.01000000000000002623 ) ;
#2932 = CARTESIAN_POINT ( 'NONE',  ( -1.179142135623730825, 2.500000000000000000, 0.7600000000000004530 ) ) ;
#2933 = LINE ( 'NONE', #1468, #3514 ) ;
#2934 = AXIS2_PLACEMENT_3D ( 'NONE', #2072, #1466, #2684 ) ;
#2935 = CARTESIAN_POINT ( 'NONE',  ( -0.6708578643762688198, 2.490000000000000213, -1.239999999999999769 ) ) ;
#2936 = ORIENTED_EDGE ( 'NONE', *, *, #1228, .F. ) ;
#2937 = ADVANCED_FACE ( 'NONE', ( #2648 ), #2600, .T. ) ;
#2938 = VERTEX_POINT ( 'NONE', #1886 ) ;
#2939 = CARTESIAN_POINT ( 'NONE',  ( -0.9554289321881342945, 2.500000000000000000, -0.9554289321881349606 ) ) ;
#2940 = ADVANCED_FACE ( 'NONE', ( #1583 ), #2468, .T. ) ;
#2941 = LINE ( 'NONE', #1210, #3133 ) ;
#2942 = CARTESIAN_POINT ( 'NONE',  ( -0.3199202969641258831, 11.15372788819387395, -0.3112600429262804558 ) ) ;
#2943 = ADVANCED_FACE ( 'NONE', ( #2774 ), #131, .F. ) ;
#2944 = CARTESIAN_POINT ( 'NONE',  ( -0.1200000000000003980, 0.000000000000000000, 0.1142264973081042190 ) ) ;
#2945 = EDGE_CURVE ( 'NONE', #2566, #3083, #475, .T. ) ;
#2946 = ORIENTED_EDGE ( 'NONE', *, *, #1688, .F. ) ;
#2947 = CYLINDRICAL_SURFACE ( 'NONE', #3769, 0.01000000000000002623 ) ;
#2948 = CARTESIAN_POINT ( 'NONE',  ( -0.3193224092811604020, 0.3452365399626432518, -0.3159672026817048063 ) ) ;
#2949 = ORIENTED_EDGE ( 'NONE', *, *, #1058, .F. ) ;
#2950 = CIRCLE ( 'NONE', #2821, 0.01000000000000002623 ) ;
#2951 = CARTESIAN_POINT ( 'NONE',  ( -0.6779289321881342145, 2.490000000000000213, -1.247071067811865275 ) ) ;
#2952 = FACE_OUTER_BOUND ( 'NONE', #3614, .T. ) ;
#2953 = CARTESIAN_POINT ( 'NONE',  ( 0.3199202969641256056, 0.3462721118061212189, -0.3112600429262813440 ) ) ;
#2954 = ORIENTED_EDGE ( 'NONE', *, *, #1115, .F. ) ;
#2955 = DIRECTION ( 'NONE',  ( 0.000000000000000000, 0.000000000000000000, -1.000000000000000000 ) ) ;
#2956 = EDGE_LOOP ( 'NONE', ( #149, #2208, #3436, #972 ) ) ;
#2957 = EDGE_CURVE ( 'NONE', #3592, #3266, #2416, .T. ) ;
#2958 = AXIS2_PLACEMENT_3D ( 'NONE', #3758, #3475, #1116 ) ;
#2959 = ORIENTED_EDGE ( 'NONE', *, *, #2417, .T. ) ;
#2960 = LINE ( 'NONE', #565, #395 ) ;
#2961 = FACE_OUTER_BOUND ( 'NONE', #1532, .T. ) ;
#2962 = DIRECTION ( 'NONE',  ( 0.000000000000000000, -1.000000000000000000, 0.000000000000000000 ) ) ;
#2963 = VECTOR ( 'NONE', #2861, 1000.000000000000000 ) ;
#2964 = EDGE_CURVE ( 'NONE', #1826, #2355, #3341, .T. ) ;
#2965 = ORIENTED_EDGE ( 'NONE', *, *, #3586, .F. ) ;
#2966 = DIRECTION ( 'NONE',  ( 0.7071067811865469066, 0.7071067811865482389, 0.000000000000000000 ) ) ;
#2967 = ITEM_DEFINED_TRANSFORMATION ( 'NONE', 'NONE', #1209,  #3783 ) ;
#2968 = LINE ( 'NONE', #575, #1625 ) ;
#2969 = DIRECTION ( 'NONE',  ( -1.000000000000000000, 1.355252715606880937E-15, -7.824555201756080460E-16 ) ) ;
#2970 = ORIENTED_EDGE ( 'NONE', *, *, #3530, .F. ) ;
#2971 = CYLINDRICAL_SURFACE ( 'NONE', #1985, 0.009999999999999903064 ) ;
#2972 = FACE_OUTER_BOUND ( 'NONE', #753, .T. ) ;
#2973 = CARTESIAN_POINT ( 'NONE',  ( 0.000000000000000000, 2.500000000000000000, 0.3300000000000000155 ) ) ;
#2974 = PRODUCT_DEFINITION_SHAPE ( 'NONE', 'NONE',  #3814 ) ;
#2975 = CARTESIAN_POINT ( 'NONE',  ( -0.3200000000000001177, 2.490000000000000213, -0.3300000000000001266 ) ) ;
#2976 = VERTEX_POINT ( 'NONE', #3643 ) ;
#2977 = AXIS2_PLACEMENT_3D ( 'NONE', #1691, #2872, #229 ) ;
#2978 = EDGE_LOOP ( 'NONE', ( #1076, #1735, #2567, #2299 ) ) ;
#2979 = DIRECTION ( 'NONE',  ( -1.000000000000000000, 0.000000000000000000, 1.606225440719266613E-16 ) ) ;
#2980 = CARTESIAN_POINT ( 'NONE',  ( -1.265857864376269015, 2.500000000000000000, -0.5041421356237317797 ) ) ;
#2981 = LINE ( 'NONE', #1796, #3455 ) ;
#2982 = VECTOR ( 'NONE', #3428, 1000.000000000000000 ) ;
#2983 = LINE ( 'NONE', #2376, #1689 ) ;
#2984 = EDGE_LOOP ( 'NONE', ( #1592, #2447, #2061, #3122 ) ) ;
#2985 = DIRECTION ( 'NONE',  ( 8.470329472543003391E-17, 0.000000000000000000, 1.000000000000000000 ) ) ;
#2986 = LINE ( 'NONE', #309, #2056 ) ;
#2987 = CARTESIAN_POINT ( 'NONE',  ( -0.3099999999999999978, 11.15358983848622287, 0.3200000000000000622 ) ) ;
#2988 = ADVANCED_FACE ( 'NONE', ( #690 ), #2397, .F. ) ;
#2989 = ORIENTED_EDGE ( 'NONE', *, *, #400, .F. ) ;
#2990 = DIRECTION ( 'NONE',  ( 1.000000000000000000, 0.000000000000000000, 0.000000000000000000 ) ) ;
#2991 = DIRECTION ( 'NONE',  ( -1.000000000000000000, 0.000000000000000000, 0.000000000000000000 ) ) ;
#2992 = CARTESIAN_POINT ( 'NONE',  ( 0.3199999999999998956, 11.15358983848622287, -0.3199999999999999512 ) ) ;
#2993 = AXIS2_PLACEMENT_3D ( 'NONE', #2135, #3343, #2190 ) ;
#2994 = ORIENTED_EDGE ( 'NONE', *, *, #457, .F. ) ;
#2995 = PLANE ( 'NONE',  #1049 ) ;
#2996 = EDGE_CURVE ( 'NONE', #3088, #731, #60, .T. ) ;
#2997 = CARTESIAN_POINT ( 'NONE',  ( -0.3200000000000001177, 0.3464101615137729628, -0.3099999999999999423 ) ) ;
#2998 = ORIENTED_EDGE ( 'NONE', *, *, #457, .T. ) ;
#2999 = ORIENTED_EDGE ( 'NONE', *, *, #681, .T. ) ;
#3000 = CARTESIAN_POINT ( 'NONE',  ( 0.3199999999999998956, 0.3464101615137729628, -0.3099999999999999423 ) ) ;
#3001 = LINE ( 'NONE', #3608, #794 ) ;
#3002 = CARTESIAN_POINT ( 'NONE',  ( -0.1199999999999995515, 11.50000000000000000, 2.032879073410313418E-17 ) ) ;
#3003 = AXIS2_PLACEMENT_3D ( 'NONE', #3085, #3373, #3126 ) ;
#3004 = CYLINDRICAL_SURFACE ( 'NONE', #1649, 0.01000000000000001409 ) ;
#3005 = ORIENTED_EDGE ( 'NONE', *, *, #3392, .T. ) ;
#3006 = DIRECTION ( 'NONE',  ( 2.891205793294678819E-16, 0.000000000000000000, 1.000000000000000000 ) ) ;
#3007 = PRODUCT_DEFINITION_SHAPE ( 'NONE', 'NONE',  #3812 ) ;
#3008 = CARTESIAN_POINT ( 'NONE',  ( -1.269999999999999796, -1.503005322678532707, 0.7500000000000004441 ) ) ;
#3009 = EDGE_CURVE ( 'NONE', #3666, #2460, #90, .T. ) ;
#3010 = ORIENTED_EDGE ( 'NONE', *, *, #661, .F. ) ;
#3011 = LINE ( 'NONE', #3346, #901 ) ;
#3012 = FACE_OUTER_BOUND ( 'NONE', #1378, .T. ) ;
#3013 = ORIENTED_EDGE ( 'NONE', *, *, #2415, .F. ) ;
#3014 = ADVANCED_FACE ( 'NONE', ( #105 ), #2699, .T. ) ;
#3015 = EDGE_CURVE ( 'NONE', #2938, #1809, #1856, .T. ) ;
#3016 = AXIS2_PLACEMENT_3D ( 'NONE', #3494, #1709, #849 ) ;
#3017 = CARTESIAN_POINT ( 'NONE',  ( -0.6708578643762688198, 2.490000000000000213, -1.239999999999999769 ) ) ;
#3018 = ORIENTED_EDGE ( 'NONE', *, *, #1182, .F. ) ;
#3019 = LINE ( 'NONE', #3316, #1376 ) ;
#3020 = DIRECTION ( 'NONE',  ( 0.000000000000000000, 0.000000000000000000, 1.000000000000000000 ) ) ;
#3021 = DIRECTION ( 'NONE',  ( 1.000000000000000000, -0.000000000000000000, 3.252606517456505098E-14 ) ) ;
#3022 =( BOUNDED_CURVE ( )  B_SPLINE_CURVE ( 3, ( #2816, #504, #1098, #3442 ),
 .UNSPECIFIED., .F., .F. ) 
 B_SPLINE_CURVE_WITH_KNOTS ( ( 4, 4 ),
 ( 3.141592653589750039, 4.712388980384689674 ),
 .UNSPECIFIED. ) 
 CURVE ( )  GEOMETRIC_REPRESENTATION_ITEM ( )  RATIONAL_B_SPLINE_CURVE ( ( 1.000000000000000000, 0.8047378541243548344, 0.8047378541243548344, 1.000000000000000000 ) ) 
 REPRESENTATION_ITEM ( '' )  );
#3023 = LINE ( 'NONE', #2944, #2622 ) ;
#3024 = ORIENTED_EDGE ( 'NONE', *, *, #1075, .F. ) ;
#3025 = DIRECTION ( 'NONE',  ( -1.000000000000000000, 0.000000000000000000, 0.000000000000000000 ) ) ;
#3026 = VECTOR ( 'NONE', #3771, 1000.000000000000000 ) ;
#3027 = CARTESIAN_POINT ( 'NONE',  ( -1.269999999999999574, 0.5000000000000000000, 0.7499999999999997780 ) ) ;
#3028 = ORIENTED_EDGE ( 'NONE', *, *, #3009, .T. ) ;
#3029 = DIRECTION ( 'NONE',  ( 0.000000000000000000, -1.000000000000000000, -0.000000000000000000 ) ) ;
#3030 = PLANE ( 'NONE',  #1136 ) ;
#3031 = ADVANCED_FACE ( 'NONE', ( #958 ), #3041, .T. ) ;
#3032 = DIRECTION ( 'NONE',  ( 1.000000000000000000, -0.000000000000000000, -0.000000000000000000 ) ) ;
#3033 = VERTEX_POINT ( 'NONE', #1215 ) ;
#3034 = EDGE_LOOP ( 'NONE', ( #2998, #3093, #1143, #2896 ) ) ;
#3035 = EDGE_CURVE ( 'NONE', #219, #956, #1288, .T. ) ;
#3036 = ORIENTED_EDGE ( 'NONE', *, *, #3169, .F. ) ;
#3037 = CARTESIAN_POINT ( 'NONE',  ( 1.170857864376269486, 2.500000000000000000, 0.5041421356237301143 ) ) ;
#3038 = ORIENTED_EDGE ( 'NONE', *, *, #1137, .F. ) ;
#3039 = VECTOR ( 'NONE', #1166, 1000.000000000000000 ) ;
#3040 = EDGE_CURVE ( 'NONE', #2876, #2355, #1501, .T. ) ;
#3041 = PLANE ( 'NONE',  #3580 ) ;
#3042 = SHAPE_REPRESENTATION ( 'header-2.54-body_\X2\9ed88ba4\X0\', ( #3783 ), #1080 ) ;
#3043 = CARTESIAN_POINT ( 'NONE',  ( -0.1142264973081042051, 0.004999999999999997502, 0.1228867513459485639 ) ) ;
#3044 = ORIENTED_EDGE ( 'NONE', *, *, #2316, .F. ) ;
#3045 = DIRECTION ( 'NONE',  ( 0.000000000000000000, 0.000000000000000000, 1.000000000000000000 ) ) ;
#3046 = DIRECTION ( 'NONE',  ( 0.000000000000000000, 0.000000000000000000, 1.000000000000000000 ) ) ;
#3047 = ORIENTED_EDGE ( 'NONE', *, *, #3320, .F. ) ;
#3048 = ORIENTED_EDGE ( 'NONE', *, *, #2598, .F. ) ;
#3049 = VECTOR ( 'NONE', #982, 1000.000000000000000 ) ;
#3050 = DIRECTION ( 'NONE',  ( -0.4472135954999578722, -0.7745966692414835153, 0.4472135954999579277 ) ) ;
#3051 = EDGE_LOOP ( 'NONE', ( #705, #2148, #2276 ) ) ;
#3052 = VECTOR ( 'NONE', #434, 999.9999999999998863 ) ;
#3053 = DIRECTION ( 'NONE',  ( 1.000000000000000000, 0.000000000000000000, 0.000000000000000000 ) ) ;
#3054 = FACE_OUTER_BOUND ( 'NONE', #3476, .T. ) ;
#3055 = UNCERTAINTY_MEASURE_WITH_UNIT (LENGTH_MEASURE( 1.000000000000000082E-05 ), #1336, 'distance_accuracy_value', 'NONE');
#3056 = ORIENTED_EDGE ( 'NONE', *, *, #992, .T. ) ;
#3057 = EDGE_CURVE ( 'NONE', #576, #3460, #2133, .T. ) ;
#3058 = AXIS2_PLACEMENT_3D ( 'NONE', #2174, #1315, #1842 ) ;
#3059 = VERTEX_POINT ( 'NONE', #632 ) ;
#3060 = LINE ( 'NONE', #1519, #2398 ) ;
#3061 = ADVANCED_FACE ( 'NONE', ( #3589 ), #2436, .T. ) ;
#3062 = LINE ( 'NONE', #438, #3483 ) ;
#3063 = EDGE_CURVE ( 'NONE', #3666, #1711, #3322, .T. ) ;
#3064 = VECTOR ( 'NONE', #1425, 1000.000000000000000 ) ;
#3065 = ORIENTED_EDGE ( 'NONE', *, *, #2759, .F. ) ;
#3066 = ORIENTED_EDGE ( 'NONE', *, *, #1246, .T. ) ;
#3067 = LINE ( 'NONE', #431, #1212 ) ;
#3068 = ORIENTED_EDGE ( 'NONE', *, *, #2676, .T. ) ;
#3069 = VECTOR ( 'NONE', #238, 1000.000000000000000 ) ;
#3070 = AXIS2_PLACEMENT_3D ( 'NONE', #1666, #1091, #3485 ) ;
#3071 = VERTEX_POINT ( 'NONE', #3361 ) ;
#3072 = DIRECTION ( 'NONE',  ( 8.470329472543003391E-17, 0.000000000000000000, 1.000000000000000000 ) ) ;
#3073 = CARTESIAN_POINT ( 'NONE',  ( 0.3199999999999998956, 2.495857864376268331, 0.3199999999999999512 ) ) ;
#3074 = EDGE_CURVE ( 'NONE', #2495, #2260, #1716, .T. ) ;
#3075 = ORIENTED_EDGE ( 'NONE', *, *, #2390, .F. ) ;
#3076 = CARTESIAN_POINT ( 'NONE',  ( 0.3099999999999999978, 0.3464101615137729628, 0.3200000000000000622 ) ) ;
#3077 = EDGE_CURVE ( 'NONE', #1581, #2268, #3060, .T. ) ;
#3078 = DIRECTION ( 'NONE',  ( 0.7071067811865477948, 0.000000000000000000, -0.7071067811865473507 ) ) ;
#3079 = CARTESIAN_POINT ( 'NONE',  ( -0.3200000000000000622, 2.490000000000000213, 0.3199999999999999512 ) ) ;
#3080 = CARTESIAN_POINT ( 'NONE',  ( 0.6779289321881348807, 0.01000000000000002623, 1.247071067811865941 ) ) ;
#3081 = ORIENTED_EDGE ( 'NONE', *, *, #2538, .T. ) ;
#3082 = EDGE_LOOP ( 'NONE', ( #3090, #676, #948, #791, #45, #2331 ) ) ;
#3083 = VERTEX_POINT ( 'NONE', #384 ) ;
#3084 = CARTESIAN_POINT ( 'NONE',  ( -1.174999999999999822, 0.004142135623730934871, -0.7499999999999998890 ) ) ;
#3085 = CARTESIAN_POINT ( 'NONE',  ( 0.1850717967697236843, 0.1327076581449564419, 0.1850717967697236288 ) ) ;
#3086 = CARTESIAN_POINT ( 'NONE',  ( 0.3199999999999998956, 0.3464101615137729628, -0.3199999999999999512 ) ) ;
#3087 = CARTESIAN_POINT ( 'NONE',  ( -0.6779289321881342145, 0.01000000000000002623, 1.247071067811866163 ) ) ;
#3088 = VERTEX_POINT ( 'NONE', #3297 ) ;
#3089 = ORIENTED_EDGE ( 'NONE', *, *, #2214, .T. ) ;
#3090 = ORIENTED_EDGE ( 'NONE', *, *, #1937, .T. ) ;
#3091 = DIRECTION ( 'NONE',  ( -1.000000000000000000, -4.065758146820817544E-15, -2.347366560526815855E-15 ) ) ;
#3092 = AXIS2_PLACEMENT_3D ( 'NONE', #3121, #1390, #2834 ) ;
#3093 = ORIENTED_EDGE ( 'NONE', *, *, #1170, .F. ) ;
#3094 = LINE ( 'NONE', #2244, #1579 ) ;
#3095 = ADVANCED_FACE ( 'NONE', ( #2089 ), #2113, .T. ) ;
#3096 = ORIENTED_EDGE ( 'NONE', *, *, #2341, .T. ) ;
#3097 = ORIENTED_EDGE ( 'NONE', *, *, #1567, .F. ) ;
#3098 = EDGE_CURVE ( 'NONE', #3721, #921, #1851, .T. ) ;
#3099 = EDGE_CURVE ( 'NONE', #1826, #1960, #776, .T. ) ;
#3100 = DIRECTION ( 'NONE',  ( -0.7071067811865477948, 0.000000000000000000, -0.7071067811865473507 ) ) ;
#3101 = ORIENTED_EDGE ( 'NONE', *, *, #3722, .F. ) ;
#3102 = EDGE_CURVE ( 'NONE', #1214, #3071, #1237, .T. ) ;
#3103 = LINE ( 'NONE', #1357, #1943 ) ;
#3104 = LINE ( 'NONE', #1375, #541 ) ;
#3105 = CARTESIAN_POINT ( 'NONE',  ( 0.3199999999999998956, 0.000000000000000000, -0.3200000000000000622 ) ) ;
#3106 = AXIS2_PLACEMENT_3D ( 'NONE', #1245, #3021, #379 ) ;
#3107 = ORIENTED_EDGE ( 'NONE', *, *, #1137, .T. ) ;
#3108 = AXIS2_PLACEMENT_3D ( 'NONE', #1204, #296, #2629 ) ;
#3109 = DIRECTION ( 'NONE',  ( -0.4472135954999578722, 0.7745966692414835153, 0.4472135954999579277 ) ) ;
#3110 = ORIENTED_EDGE ( 'NONE', *, *, #3357, .F. ) ;
#3111 = CARTESIAN_POINT ( 'NONE',  ( 0.6708578643762693750, 0.000000000000000000, 1.240000000000000435 ) ) ;
#3112 = CIRCLE ( 'NONE', #2747, 0.009999999999999998473 ) ;
#3113 = ORIENTED_EDGE ( 'NONE', *, *, #1222, .F. ) ;
#3114 = AXIS2_PLACEMENT_3D ( 'NONE', #3318, #1777, #2150 ) ;
#3115 = DIRECTION ( 'NONE',  ( -1.000000000000000000, 0.000000000000000000, 0.000000000000000000 ) ) ;
#3116 = DIRECTION ( 'NONE',  ( 0.000000000000000000, 0.5000000000000019984, 0.8660254037844374864 ) ) ;
#3117 = ORIENTED_EDGE ( 'NONE', *, *, #548, .F. ) ;
#3118 = EDGE_CURVE ( 'NONE', #2652, #1970, #3202, .T. ) ;
#3119 = AXIS2_PLACEMENT_3D ( 'NONE', #3456, #815, #736 ) ;
#3120 = VERTEX_POINT ( 'NONE', #473 ) ;
#3121 = CARTESIAN_POINT ( 'NONE',  ( -0.3200000000000000067, 11.50000000000000000, 0.3200000000000000622 ) ) ;
#3122 = ORIENTED_EDGE ( 'NONE', *, *, #2015, .T. ) ;
#3123 = EDGE_CURVE ( 'NONE', #3400, #315, #3132, .T. ) ;
#3124 = EDGE_CURVE ( 'NONE', #2691, #3205, #2805, .T. ) ;
#3125 = CARTESIAN_POINT ( 'NONE',  ( -0.1066666666666664237, 1.113333333333333286, 0.1066666666666663682 ) ) ;
#3126 = DIRECTION ( 'NONE',  ( 0.8660254037844379305, -0.5000000000000014433, 0.000000000000000000 ) ) ;
#3127 = CARTESIAN_POINT ( 'NONE',  ( -0.6779289321881342145, 2.500000000000000000, -1.247071067811865275 ) ) ;
#3128 = CARTESIAN_POINT ( 'NONE',  ( -0.3199202969641258831, 11.15372788819387395, -0.3112600429262804558 ) ) ;
#3129 = ORIENTED_EDGE ( 'NONE', *, *, #2084, .F. ) ;
#3130 = ORIENTED_EDGE ( 'NONE', *, *, #2058, .F. ) ;
#3131 = DIRECTION ( 'NONE',  ( -0.7071067811865474617, 0.000000000000000000, -0.7071067811865474617 ) ) ;
#3132 = LINE ( 'NONE', #2496, #2209 ) ;
#3133 = VECTOR ( 'NONE', #610, 1000.000000000000000 ) ;
#3134 = CARTESIAN_POINT ( 'NONE',  ( -1.179142135623730825, 0.5000000000000000000, 0.7499999999999997780 ) ) ;
#3135 = CYLINDRICAL_SURFACE ( 'NONE', #3619, 0.01000000000000002623 ) ;
#3136 = CARTESIAN_POINT ( 'NONE',  ( 2.540000000000000480, 0.000000000000000000, -4.105002958672327183E-16 ) ) ;
#3137 = DIRECTION ( 'NONE',  ( 0.000000000000000000, 0.000000000000000000, -1.000000000000000000 ) ) ;
#3138 = ORIENTED_EDGE ( 'NONE', *, *, #3418, .F. ) ;
#3139 =( BOUNDED_CURVE ( )  B_SPLINE_CURVE ( 3, ( #748, #1384, #2867, #2808 ),
 .UNSPECIFIED., .F., .F. ) 
 B_SPLINE_CURVE_WITH_KNOTS ( ( 4, 4 ),
 ( 3.015252525951011453, 3.141592653589793116 ),
 .UNSPECIFIED. ) 
 CURVE ( )  GEOMETRIC_REPRESENTATION_ITEM ( )  RATIONAL_B_SPLINE_CURVE ( ( 1.000000000000000000, 0.9986702899464853234, 0.9986702899464853234, 1.000000000000000000 ) ) 
 REPRESENTATION_ITEM ( '' )  );
#3140 = ORIENTED_EDGE ( 'NONE', *, *, #3224, .T. ) ;
#3141 = PRODUCT_DEFINITION ( 'UNKNOWN', '', #2187, #1285 ) ;
#3142 = ADVANCED_FACE ( 'NONE', ( #126 ), #3447, .T. ) ;
#3143 = CARTESIAN_POINT ( 'NONE',  ( -1.165000000000000036, 2.500000000000000000, 0.000000000000000000 ) ) ;
#3144 = EDGE_LOOP ( 'NONE', ( #666, #3713, #3186, #936 ) ) ;
#3145 = VECTOR ( 'NONE', #918, 1000.000000000000000 ) ;
#3146 = DIRECTION ( 'NONE',  ( -1.000000000000000000, -0.000000000000000000, 0.000000000000000000 ) ) ;
#3147 = DIRECTION ( 'NONE',  ( -1.000000000000000000, 0.000000000000000000, 1.095437728245850002E-14 ) ) ;
#3148 = ADVANCED_FACE ( 'NONE', ( #2239 ), #1329, .T. ) ;
#3149 = DIRECTION ( 'NONE',  ( 0.000000000000000000, 1.000000000000000000, 0.000000000000000000 ) ) ;
#3150 = EDGE_LOOP ( 'NONE', ( #2195, #2869, #2793, #1395 ) ) ;
#3151 = DIRECTION ( 'NONE',  ( -1.095437728245848425E-14, 0.000000000000000000, -1.000000000000000000 ) ) ;
#3152 = LINE ( 'NONE', #1124, #2898 ) ;
#3153 = CARTESIAN_POINT ( 'NONE',  ( 0.6708578643762693750, 2.500000000000000000, 1.240000000000000435 ) ) ;
#3154 = CYLINDRICAL_SURFACE ( 'NONE', #2561, 0.01000000000000002623 ) ;
#3155 = DIRECTION ( 'NONE',  ( 1.000000000000000000, 0.000000000000000000, 0.000000000000000000 ) ) ;
#3156 = FACE_OUTER_BOUND ( 'NONE', #200, .T. ) ;
#3157 = VERTEX_POINT ( 'NONE', #3111 ) ;
#3158 = AXIS2_PLACEMENT_3D ( 'NONE', #2712, #2919, #54 ) ;
#3159 = ORIENTED_EDGE ( 'NONE', *, *, #3320, .T. ) ;
#3160 = AXIS2_PLACEMENT_3D ( 'NONE', #3555, #3181, #3265 ) ;
#3161 = DIRECTION ( 'NONE',  ( 1.000000000000000000, 0.000000000000000000, 0.000000000000000000 ) ) ;
#3162 = ORIENTED_EDGE ( 'NONE', *, *, #1118, .T. ) ;
#3163 =( REPRESENTATION_RELATIONSHIP ('NONE','NONE', #1150, #3042 ) REPRESENTATION_RELATIONSHIP_WITH_TRANSFORMATION ( #2967 )SHAPE_REPRESENTATION_RELATIONSHIP( ) );
#3164 = VERTEX_POINT ( 'NONE', #1646 ) ;
#3165 = FACE_OUTER_BOUND ( 'NONE', #470, .T. ) ;
#3166 = CARTESIAN_POINT ( 'NONE',  ( -0.1142264973081031504, 11.49000000000000021, 0.1142264973081032614 ) ) ;
#3167 = DIRECTION ( 'NONE',  ( 0.000000000000000000, 0.000000000000000000, -1.000000000000000000 ) ) ;
#3168 = AXIS2_PLACEMENT_3D ( 'NONE', #3606, #1857, #1273 ) ;
#3169 = EDGE_CURVE ( 'NONE', #714, #1970, #3715, .T. ) ;
#3170 = COLOUR_RGB ( '',1.000000000000000000, 0.8078431372549019773, 0.4980392156862745168 ) ;
#3171 = CARTESIAN_POINT ( 'NONE',  ( 1.270000000000000240, 2.489999999999999769, 0.7500000000000001110 ) ) ;
#3172 = ADVANCED_FACE ( 'NONE', ( #2825 ), #3679, .F. ) ;
#3173 = CARTESIAN_POINT ( 'NONE',  ( 0.3108419876365760004, 0.3463640836734994122, 0.3199733969465144989 ) ) ;
#3174 = CARTESIAN_POINT ( 'NONE',  ( 0.000000000000000000, 0.000000000000000000, 0.000000000000000000 ) ) ;
#3175 = DIRECTION ( 'NONE',  ( 1.000000000000000000, 0.000000000000000000, -2.891205793294689666E-16 ) ) ;
#3176 = EDGE_CURVE ( 'NONE', #1441, #1826, #1070, .T. ) ;
#3177 = ORIENTED_EDGE ( 'NONE', *, *, #2513, .T. ) ;
#3178 = CARTESIAN_POINT ( 'NONE',  ( 0.9554289321881350716, 2.490000000000000213, 0.9554289321881346275 ) ) ;
#3179 = VECTOR ( 'NONE', #2489, 1000.000000000000000 ) ;
#3180 = CARTESIAN_POINT ( 'NONE',  ( 0.1200000000000003425, 0.004999999999999980155, 0.1228867513459485916 ) ) ;
#3181 = DIRECTION ( 'NONE',  ( 1.000000000000000000, 0.000000000000000000, 0.000000000000000000 ) ) ;
#3182 = CARTESIAN_POINT ( 'NONE',  ( -1.175000000000000044, 2.350000000000000089, 0.4999999999999991673 ) ) ;
#3183 = CARTESIAN_POINT ( 'NONE',  ( 1.174999999999999822, 2.500000000000000000, -0.7500000000000001110 ) ) ;
#3184 = ORIENTED_EDGE ( 'NONE', *, *, #3352, .T. ) ;
#3185 = DIRECTION ( 'NONE',  ( 0.000000000000000000, 0.000000000000000000, -1.000000000000000000 ) ) ;
#3186 = ORIENTED_EDGE ( 'NONE', *, *, #3040, .F. ) ;
#3187 = CYLINDRICAL_SURFACE ( 'NONE', #1197, 0.01000000000000002623 ) ;
#3188 = DIRECTION ( 'NONE',  ( 1.000000000000000000, 0.000000000000000000, -0.000000000000000000 ) ) ;
#3189 = ADVANCED_FACE ( 'NONE', ( #2217 ), #204, .F. ) ;
#3190 = DIRECTION ( 'NONE',  ( -9.486769009248165375E-15, 0.000000000000000000, -1.000000000000000000 ) ) ;
#3191 = AXIS2_PLACEMENT_3D ( 'NONE', #3182, #816, #2893 ) ;
#3192 = DIRECTION ( 'NONE',  ( 0.000000000000000000, 0.000000000000000000, -1.000000000000000000 ) ) ;
#3193 = DIRECTION ( 'NONE',  ( 0.000000000000000000, -0.000000000000000000, 1.000000000000000000 ) ) ;
#3194 = DIRECTION ( 'NONE',  ( 0.000000000000000000, 0.000000000000000000, 1.000000000000000000 ) ) ;
#3195 = ADVANCED_FACE ( 'NONE', ( #1912 ), #1048, .T. ) ;
#3196 = DIRECTION ( 'NONE',  ( 0.000000000000000000, -1.000000000000000000, 0.000000000000000000 ) ) ;
#3197 = VERTEX_POINT ( 'NONE', #805 ) ;
#3198 = DIRECTION ( 'NONE',  ( 1.000000000000000000, 0.000000000000000000, 0.000000000000000000 ) ) ;
#3199 = DIRECTION ( 'NONE',  ( 0.7071067811865474617, 0.000000000000000000, 0.7071067811865474617 ) ) ;
#3200 = CARTESIAN_POINT ( 'NONE',  ( -0.1142264973081031781, 11.49000000000000021, 1.935072133388360662E-17 ) ) ;
#3201 = CARTESIAN_POINT ( 'NONE',  ( 0.1142264973081040663, 0.000000000000000000, -0.1142264973081040941 ) ) ;
#3202 = CIRCLE ( 'NONE', #1781, 0.009999999999999962044 ) ;
#3203 = CARTESIAN_POINT ( 'NONE',  ( 0.6749999999999997113, 2.500000000000000000, -1.250000000000000000 ) ) ;
#3204 = DIRECTION ( 'NONE',  ( 0.000000000000000000, 0.000000000000000000, -1.000000000000000000 ) ) ;
#3205 = VERTEX_POINT ( 'NONE', #425 ) ;
#3206 = DIRECTION ( 'NONE',  ( -0.4472135954999593710, 0.7745966692414818500, 0.4472135954999594265 ) ) ;
#3207 = AXIS2_PLACEMENT_3D ( 'NONE', #1433, #3232, #2921 ) ;
#3208 = ORIENTED_EDGE ( 'NONE', *, *, #1427, .F. ) ;
#3209 = LINE ( 'NONE', #820, #1804 ) ;
#3210 = CARTESIAN_POINT ( 'NONE',  ( 1.991719546491890768E-16, 2.490000000000000213, 1.240000000000000657 ) ) ;
#3211 = CARTESIAN_POINT ( 'NONE',  ( -0.3200000000000001177, 11.15358983848622287, -0.3099999999999999423 ) ) ;
#3212 = LINE ( 'NONE', #2336, #429 ) ;
#3213 = ORIENTED_EDGE ( 'NONE', *, *, #3779, .F. ) ;
#3214 = CARTESIAN_POINT ( 'NONE',  ( -0.1142264973081042051, 0.000000000000000000, -0.1200000000000003147 ) ) ;
#3215 =( LENGTH_UNIT ( ) NAMED_UNIT ( * ) SI_UNIT ( .MILLI., .METRE. ) );
#3216 = APPLICATION_PROTOCOL_DEFINITION ( 'draft international standard', 'automotive_design', 1998, #1330 ) ;
#3217 = DIRECTION ( 'NONE',  ( -8.470329472543003391E-17, -0.000000000000000000, -1.000000000000000000 ) ) ;
#3218 = EDGE_LOOP ( 'NONE', ( #2506, #1909, #3572, #3044 ) ) ;
#3219 = ORIENTED_EDGE ( 'NONE', *, *, #1989, .F. ) ;
#3220 = LINE ( 'NONE', #3529, #2504 ) ;
#3221 = EDGE_CURVE ( 'NONE', #1214, #1003, #2723, .T. ) ;
#3222 = DIRECTION ( 'NONE',  ( 1.694065894508600432E-16, -1.232595164407836146E-32, 1.000000000000000000 ) ) ;
#3223 = AXIS2_PLACEMENT_3D ( 'NONE', #893, #2063, #3251 ) ;
#3224 = EDGE_CURVE ( 'NONE', #312, #315, #2032, .T. ) ;
#3225 = EDGE_CURVE ( 'NONE', #2630, #219, #2636, .T. ) ;
#3226 = CARTESIAN_POINT ( 'NONE',  ( -1.179142135623730825, 2.490000000000000213, 0.7600000000000004530 ) ) ;
#3227 = ORIENTED_EDGE ( 'NONE', *, *, #1427, .T. ) ;
#3228 = ADVANCED_FACE ( 'NONE', ( #876 ), #2879, .F. ) ;
#3229 = VERTEX_POINT ( 'NONE', #821 ) ;
#3230 = DIRECTION ( 'NONE',  ( -9.389466242107283931E-15, 0.000000000000000000, -1.000000000000000000 ) ) ;
#3231 = DIRECTION ( 'NONE',  ( 0.4472135954999579277, -0.7745966692414834043, 0.4472135954999578167 ) ) ;
#3232 = DIRECTION ( 'NONE',  ( -0.000000000000000000, 1.000000000000000000, -0.000000000000000000 ) ) ;
#3233 = DIRECTION ( 'NONE',  ( 1.000000000000000000, -1.355252715606935763E-15, 0.000000000000000000 ) ) ;
#3234 = AXIS2_PLACEMENT_3D ( 'NONE', #981, #3325, #1595 ) ;
#3235 = CARTESIAN_POINT ( 'NONE',  ( 1.179142135623731491, -1.503005322678532707, 0.7600000000000001199 ) ) ;
#3236 = CONTEXT_DEPENDENT_SHAPE_REPRESENTATION ( #664, #1492 ) ;
#3237 = CARTESIAN_POINT ( 'NONE',  ( 1.179142135623730825, 2.490000000000000213, -0.7600000000000001199 ) ) ;
#3238 = STYLED_ITEM ( 'NONE', ( #1843 ), #689 ) ;
#3239 = AXIS2_PLACEMENT_3D ( 'NONE', #1753, #2668, #3204 ) ;
#3240 = VERTEX_POINT ( 'NONE', #567 ) ;
#3241 = FACE_OUTER_BOUND ( 'NONE', #1205, .T. ) ;
#3242 = DIRECTION ( 'NONE',  ( 2.891205793294678819E-16, -0.000000000000000000, 1.000000000000000000 ) ) ;
#3243 = ORIENTED_EDGE ( 'NONE', *, *, #3463, .T. ) ;
#3244 = AXIS2_PLACEMENT_3D ( 'NONE', #2645, #1767, #313 ) ;
#3245 = LINE ( 'NONE', #50, #2428 ) ;
#3246 = ORIENTED_EDGE ( 'NONE', *, *, #2104, .F. ) ;
#3247 = ADVANCED_FACE ( 'NONE', ( #3464, #1698 ), #2995, .F. ) ;
#3248 = AXIS2_PLACEMENT_3D ( 'NONE', #247, #2097, #271 ) ;
#3249 = PRODUCT_DEFINITION_SHAPE ( 'NONE', 'NONE',  #3811 ) ;
#3250 = ORIENTED_EDGE ( 'NONE', *, *, #886, .T. ) ;
#3251 = DIRECTION ( 'NONE',  ( -1.000000000000000000, 0.000000000000000000, -0.000000000000000000 ) ) ;
#3252 = DIRECTION ( 'NONE',  ( 0.8660254037844387076, 0.4999999999999999445, -1.467104100329257198E-16 ) ) ;
#3253 = CARTESIAN_POINT ( 'NONE',  ( 1.175000000000000711, 2.500000000000000000, 0.7499999999999997780 ) ) ;
#3254 = PRODUCT_DEFINITION_CONTEXT ( 'detailed design', #2030, 'design' ) ;
#3255 = DIRECTION ( 'NONE',  ( 0.7071067811865477948, 0.000000000000000000, -0.7071067811865473507 ) ) ;
#3256 = VERTEX_POINT ( 'NONE', #591 ) ;
#3257 = FILL_AREA_STYLE ('',( #1720 ) ) ;
#3258 = CARTESIAN_POINT ( 'NONE',  ( -0.3112600429262814550, 0.3462721118061212189, -0.3199202969641256611 ) ) ;
#3259 = DIRECTION ( 'NONE',  ( -0.7071067811865477948, 0.000000000000000000, -0.7071067811865472397 ) ) ;
#3260 = DIRECTION ( 'NONE',  ( -0.7071067811865479058, 0.000000000000000000, -0.7071067811865472397 ) ) ;
#3261 = ORIENTED_EDGE ( 'NONE', *, *, #1278, .F. ) ;
#3262 = AXIS2_PLACEMENT_3D ( 'NONE', #3662, #456, #3078 ) ;
#3263 = FACE_OUTER_BOUND ( 'NONE', #1841, .T. ) ;
#3264 = DIRECTION ( 'NONE',  ( 0.000000000000000000, 0.000000000000000000, -1.000000000000000000 ) ) ;
#3265 = DIRECTION ( 'NONE',  ( 0.000000000000000000, 0.000000000000000000, -1.000000000000000000 ) ) ;
#3266 = VERTEX_POINT ( 'NONE', #3764 ) ;
#3267 = FACE_OUTER_BOUND ( 'NONE', #1317, .T. ) ;
#3268 = EDGE_LOOP ( 'NONE', ( #523, #2586, #3117, #2533 ) ) ;
#3269 =( BOUNDED_CURVE ( )  B_SPLINE_CURVE ( 3, ( #670, #2713, #2980, #398 ),
 .UNSPECIFIED., .F., .F. ) 
 B_SPLINE_CURVE_WITH_KNOTS ( ( 4, 4 ),
 ( 3.141592653589793116, 4.712388980384689674 ),
 .UNSPECIFIED. ) 
 CURVE ( )  GEOMETRIC_REPRESENTATION_ITEM ( )  RATIONAL_B_SPLINE_CURVE ( ( 1.000000000000000000, 0.8047378541243649375, 0.8047378541243649375, 1.000000000000000000 ) ) 
 REPRESENTATION_ITEM ( '' )  );
#3270 = ORIENTED_EDGE ( 'NONE', *, *, #490, .T. ) ;
#3271 = CARTESIAN_POINT ( 'NONE',  ( -0.1142264973081032337, 11.49499999999999922, 0.1228867513459475647 ) ) ;
#3272 = DIRECTION ( 'NONE',  ( 0.000000000000000000, -0.000000000000000000, -1.000000000000000000 ) ) ;
#3273 = PLANE ( 'NONE',  #1108 ) ;
#3274 = EDGE_CURVE ( 'NONE', #1506, #929, #3152, .T. ) ;
#3275 = AXIS2_PLACEMENT_3D ( 'NONE', #1893, #2613, #239 ) ;
#3276 = CARTESIAN_POINT ( 'NONE',  ( -0.3112600429262814550, 0.3462721118061212189, -0.3199202969641256611 ) ) ;
#3277 = ORIENTED_EDGE ( 'NONE', *, *, #839, .F. ) ;
#3278 = DIRECTION ( 'NONE',  ( 0.000000000000000000, 0.000000000000000000, -1.000000000000000000 ) ) ;
#3279 = SURFACE_STYLE_FILL_AREA ( #2379 ) ;
#3280 = CARTESIAN_POINT ( 'NONE',  ( 1.265857864376269237, 2.500000000000000000, 0.5041421356237296703 ) ) ;
#3281 = EDGE_CURVE ( 'NONE', #2783, #1187, #71, .T. ) ;
#3282 = ORIENTED_EDGE ( 'NONE', *, *, #1345, .F. ) ;
#3283 = DIRECTION ( 'NONE',  ( 0.000000000000000000, -1.000000000000000000, 0.000000000000000000 ) ) ;
#3284 = LINE ( 'NONE', #4, #151 ) ;
#3285 = CARTESIAN_POINT ( 'NONE',  ( -1.175000000000000711, 2.500000000000000000, 0.7499999999999997780 ) ) ;
#3286 = ORIENTED_EDGE ( 'NONE', *, *, #1655, .F. ) ;
#3287 = CARTESIAN_POINT ( 'NONE',  ( 1.150857864376268802, 0.000000000000000000, -0.7600000000000001199 ) ) ;
#3288 = ORIENTED_EDGE ( 'NONE', *, *, #2143, .F. ) ;
#3289 = VECTOR ( 'NONE', #1208, 1000.000000000000000 ) ;
#3290 = CARTESIAN_POINT ( 'NONE',  ( -1.175000000000000044, 2.490000000000000213, 0.4999999999999991673 ) ) ;
#3291 = LINE ( 'NONE', #1815, #1004 ) ;
#3292 = DIRECTION ( 'NONE',  ( 0.000000000000000000, -1.000000000000000000, 4.065758146820641628E-15 ) ) ;
#3293 = DIRECTION ( 'NONE',  ( 0.000000000000000000, 1.000000000000000000, 0.000000000000000000 ) ) ;
#3294 =( BOUNDED_CURVE ( )  B_SPLINE_CURVE ( 3, ( #1738, #2280, #1715, #3521 ),
 .UNSPECIFIED., .F., .T. ) 
 B_SPLINE_CURVE_WITH_KNOTS ( ( 4, 4 ),
 ( 2.482534617831139823, 3.800650689348445965 ),
 .UNSPECIFIED. ) 
 CURVE ( )  GEOMETRIC_REPRESENTATION_ITEM ( )  RATIONAL_B_SPLINE_CURVE ( ( 1.000000000000000000, 0.8603796100557243864, 0.8603796100557243864, 1.000000000000000000 ) ) 
 REPRESENTATION_ITEM ( '' )  );
#3295 = CARTESIAN_POINT ( 'NONE',  ( -0.3130717967697246307, 0.3544101615137729699, -0.3130717967697244641 ) ) ;
#3296 = VERTEX_POINT ( 'NONE', #2569 ) ;
#3297 = CARTESIAN_POINT ( 'NONE',  ( -1.259999999999999787, 2.500000000000000000, 0.5099999999999990097 ) ) ;
#3298 = EDGE_CURVE ( 'NONE', #3384, #1899, #3294, .T. ) ;
#3299 = DIRECTION ( 'NONE',  ( 1.000000000000000000, -0.000000000000000000, -0.000000000000000000 ) ) ;
#3300 = CARTESIAN_POINT ( 'NONE',  ( -0.3104214140871991989, 11.15358983848622287, 0.3200000000000000622 ) ) ;
#3301 = ADVANCED_FACE ( 'NONE', ( #1990 ), #546, .T. ) ;
#3302 = LINE ( 'NONE', #2360, #612 ) ;
#3303 =( REPRESENTATION_RELATIONSHIP ('NONE','NONE', #1150, #1120 ) REPRESENTATION_RELATIONSHIP_WITH_TRANSFORMATION ( #1702 )SHAPE_REPRESENTATION_RELATIONSHIP( ) );
#3304 = EDGE_LOOP ( 'NONE', ( #1774, #1651, #3669, #1805 ) ) ;
#3305 = CIRCLE ( 'NONE', #1813, 0.01000000000000001409 ) ;
#3306 = DIRECTION ( 'NONE',  ( 0.7071067811865474617, 0.000000000000000000, -0.7071067811865474617 ) ) ;
#3307 = VECTOR ( 'NONE', #2193, 1000.000000000000000 ) ;
#3308 = AXIS2_PLACEMENT_3D ( 'NONE', #1480, #1553, #13 ) ;
#3309 = ORIENTED_EDGE ( 'NONE', *, *, #1008, .T. ) ;
#3310 = LINE ( 'NONE', #1188, #3039 ) ;
#3311 = LINE ( 'NONE', #1810, #3731 ) ;
#3312 = VERTEX_POINT ( 'NONE', #2352 ) ;
#3313 = AXIS2_PLACEMENT_3D ( 'NONE', #2184, #1966, #1607 ) ;
#3314 = VECTOR ( 'NONE', #1946, 1000.000000000000000 ) ;
#3315 = CARTESIAN_POINT ( 'NONE',  ( -1.259999999999999787, 2.500000000000000000, -0.5100000000000008971 ) ) ;
#3316 = CARTESIAN_POINT ( 'NONE',  ( -0.3200000000000000067, 11.50000000000000000, 0.3100000000000000533 ) ) ;
#3317 = CARTESIAN_POINT ( 'NONE',  ( -0.3112600429262814550, 0.3462721118061212189, 0.3199202969641258276 ) ) ;
#3318 = CARTESIAN_POINT ( 'NONE',  ( -0.1142264973081041773, 0.01000000000000000541, 0.1142264973081041912 ) ) ;
#3319 = AXIS2_PLACEMENT_3D ( 'NONE', #2272, #1965, #177 ) ;
#3320 = EDGE_CURVE ( 'NONE', #2630, #1281, #559, .T. ) ;
#3321 = ORIENTED_EDGE ( 'NONE', *, *, #109, .T. ) ;
#3322 = LINE ( 'NONE', #2170, #809 ) ;
#3323 = PRODUCT_DEFINITION_SHAPE ( 'NONE', 'NONE',  #3810 ) ;
#3324 =( BOUNDED_CURVE ( )  B_SPLINE_CURVE ( 3, ( #249, #1426, #994, #1181 ),
 .UNSPECIFIED., .F., .T. ) 
 B_SPLINE_CURVE_WITH_KNOTS ( ( 4, 4 ),
 ( 1.570796326794887454, 3.141592653589794448 ),
 .UNSPECIFIED. ) 
 CURVE ( )  GEOMETRIC_REPRESENTATION_ITEM ( )  RATIONAL_B_SPLINE_CURVE ( ( 1.000000000000000000, 0.8047378541243626060, 0.8047378541243626060, 1.000000000000000000 ) ) 
 REPRESENTATION_ITEM ( '' )  );
#3325 = DIRECTION ( 'NONE',  ( -1.000000000000000000, 5.421010862427752517E-15, -3.129822080702418774E-15 ) ) ;
#3326 = CARTESIAN_POINT ( 'NONE',  ( 0.6708578643762693750, 2.490000000000000213, 1.240000000000000435 ) ) ;
#3327 = ORIENTED_EDGE ( 'NONE', *, *, #2487, .T. ) ;
#3328 = CYLINDRICAL_SURFACE ( 'NONE', #290, 0.01000000000000001409 ) ;
#3329 = EDGE_CURVE ( 'NONE', #2762, #2062, #3686, .T. ) ;
#3330 = CARTESIAN_POINT ( 'NONE',  ( -1.269999999999999796, 0.5100000000000000089, 0.7499999999999997780 ) ) ;
#3331 = ADVANCED_FACE ( 'NONE', ( #1149 ), #527, .T. ) ;
#3332 = ORIENTED_EDGE ( 'NONE', *, *, #1473, .F. ) ;
#3333 = AXIS2_PLACEMENT_3D ( 'NONE', #1628, #2807, #1071 ) ;
#3334 = AXIS2_PLACEMENT_3D ( 'NONE', #855, #3252, #3784 ) ;
#3335 = FACE_OUTER_BOUND ( 'NONE', #1452, .T. ) ;
#3336 = ORIENTED_EDGE ( 'NONE', *, *, #2815, .F. ) ;
#3337 = EDGE_CURVE ( 'NONE', #2783, #1450, #927, .T. ) ;
#3338 = DIRECTION ( 'NONE',  ( -1.000000000000000000, 0.000000000000000000, 0.000000000000000000 ) ) ;
#3339 = CARTESIAN_POINT ( 'NONE',  ( 1.165000000000000036, 2.500000000000000000, -0.5100000000000011191 ) ) ;
#3340 = ORIENTED_EDGE ( 'NONE', *, *, #3743, .T. ) ;
#3341 = LINE ( 'NONE', #3605, #1045 ) ;
#3342 = AXIS2_PLACEMENT_3D ( 'NONE', #74, #3278, #3025 ) ;
#3343 = DIRECTION ( 'NONE',  ( -0.4472135954999866270, 0.7745966692414790744, -0.4472135954999368890 ) ) ;
#3344 = CARTESIAN_POINT ( 'NONE',  ( 1.270000000000000018, 2.495857864376268331, 0.4999999999999986677 ) ) ;
#3345 = EDGE_LOOP ( 'NONE', ( #3028, #2764, #416, #1318 ) ) ;
#3346 = CARTESIAN_POINT ( 'NONE',  ( 0.3199999999999998956, 2.490000000000000213, -0.3200000000000000622 ) ) ;
#3347 = DIRECTION ( 'NONE',  ( 1.000000000000000000, 0.000000000000000000, -5.706327223607942404E-15 ) ) ;
#3348 = EDGE_LOOP ( 'NONE', ( #1928, #2509, #2994 ) ) ;
#3349 = ADVANCED_FACE ( 'NONE', ( #510 ), #1760, .T. ) ;
#3350 = CARTESIAN_POINT ( 'NONE',  ( 0.6708578643762693750, 2.500000000000000000, 1.240000000000000435 ) ) ;
#3351 = ORIENTED_EDGE ( 'NONE', *, *, #2271, .F. ) ;
#3352 = EDGE_CURVE ( 'NONE', #769, #1441, #896, .T. ) ;
#3353 = ADVANCED_FACE ( 'NONE', ( #223 ), #1397, .T. ) ;
#3354 = EDGE_LOOP ( 'NONE', ( #2450, #680, #3579, #2581 ) ) ;
#3355 = CARTESIAN_POINT ( 'NONE',  ( 0.000000000000000000, 2.500000000000000000, 0.000000000000000000 ) ) ;
#3356 = LINE ( 'NONE', #1908, #1874 ) ;
#3357 = EDGE_CURVE ( 'NONE', #3296, #1506, #2981, .T. ) ;
#3358 = AXIS2_PLACEMENT_3D ( 'NONE', #3517, #2917, #2631 ) ;
#3359 = ORIENTED_EDGE ( 'NONE', *, *, #2316, .T. ) ;
#3360 = VECTOR ( 'NONE', #1971, 1000.000000000000000 ) ;
#3361 = CARTESIAN_POINT ( 'NONE',  ( -1.165000000000000258, 2.500000000000000000, -0.7458578643762689975 ) ) ;
#3362 = FACE_OUTER_BOUND ( 'NONE', #1287, .T. ) ;
#3363 = CARTESIAN_POINT ( 'NONE',  ( 1.270000000000000240, -1.503005322678532707, 0.7500000000000001110 ) ) ;
#3364 = DIRECTION ( 'NONE',  ( 0.000000000000000000, 0.000000000000000000, -1.000000000000000000 ) ) ;
#3365 = CARTESIAN_POINT ( 'NONE',  ( 2.910226884040083805E-15, 2.500000000000000000, 0.5100000000000058931 ) ) ;
#3366 = ORIENTED_EDGE ( 'NONE', *, *, #209, .F. ) ;
#3367 = ORIENTED_EDGE ( 'NONE', *, *, #49, .T. ) ;
#3368 = EDGE_CURVE ( 'NONE', #3312, #3641, #1788, .T. ) ;
#3369 = CIRCLE ( 'NONE', #3542, 0.01000000000000002623 ) ;
#3370 = LINE ( 'NONE', #716, #1447 ) ;
#3371 = EDGE_LOOP ( 'NONE', ( #1262, #3359, #1429, #2532, #3503, #2621 ) ) ;
#3372 = AXIS2_PLACEMENT_3D ( 'NONE', #1483, #1155, #2661 ) ;
#3373 = DIRECTION ( 'NONE',  ( -0.4472135954999593710, -0.7745966692414816279, -0.4472135954999593155 ) ) ;
#3374 = DIRECTION ( 'NONE',  ( 0.000000000000000000, -1.000000000000000000, 0.000000000000000000 ) ) ;
#3375 = EDGE_CURVE ( 'NONE', #1569, #2078, #2277, .T. ) ;
#3376 = VECTOR ( 'NONE', #1000, 1000.000000000000114 ) ;
#3377 = ORIENTED_EDGE ( 'NONE', *, *, #1543, .T. ) ;
#3378 = CARTESIAN_POINT ( 'NONE',  ( -0.3200000000000001177, 11.50000000000000000, -0.3199999999999999512 ) ) ;
#3379 = CARTESIAN_POINT ( 'NONE',  ( 0.3108419876365757784, 0.3463640836734995232, -0.3199733969465143324 ) ) ;
#3380 = ORIENTED_EDGE ( 'NONE', *, *, #2156, .T. ) ;
#3381 = CARTESIAN_POINT ( 'NONE',  ( 0.3199202969641255501, 11.15372788819387395, -0.3112600429262813440 ) ) ;
#3382 = CARTESIAN_POINT ( 'NONE',  ( -0.3200000000000000622, 2.495857864376268331, 0.3199999999999999512 ) ) ;
#3383 = ORIENTED_EDGE ( 'NONE', *, *, #256, .T. ) ;
#3384 = VERTEX_POINT ( 'NONE', #671 ) ;
#3385 = ORIENTED_EDGE ( 'NONE', *, *, #3221, .T. ) ;
#3386 = VECTOR ( 'NONE', #1714, 1000.000000000000000 ) ;
#3387 = LINE ( 'NONE', #2856, #3179 ) ;
#3388 = PLANE ( 'NONE',  #2626 ) ;
#3389 = CARTESIAN_POINT ( 'NONE',  ( 0.3199999999999998956, 2.490000000000000213, 0.3199999999999999512 ) ) ;
#3390 = ORIENTED_EDGE ( 'NONE', *, *, #2251, .F. ) ;
#3391 = ORIENTED_EDGE ( 'NONE', *, *, #1047, .F. ) ;
#3392 = EDGE_CURVE ( 'NONE', #1046, #742, #1818, .T. ) ;
#3393 = CARTESIAN_POINT ( 'NONE',  ( -1.269999999999999796, 2.490000000000000213, -0.7499999999999997780 ) ) ;
#3394 = VERTEX_POINT ( 'NONE', #1211 ) ;
#3395 = ADVANCED_FACE ( 'NONE', ( #56 ), #101, .T. ) ;
#3396 = LINE ( 'NONE', #1352, #47 ) ;
#3397 = VECTOR ( 'NONE', #1800, 1000.000000000000000 ) ;
#3398 = DIRECTION ( 'NONE',  ( 0.000000000000000000, 0.000000000000000000, 1.000000000000000000 ) ) ;
#3399 = CYLINDRICAL_SURFACE ( 'NONE', #830, 0.01000000000000002623 ) ;
#3400 = VERTEX_POINT ( 'NONE', #1535 ) ;
#3401 = EDGE_CURVE ( 'NONE', #2079, #3581, #744, .T. ) ;
#3402 = AXIS2_PLACEMENT_3D ( 'NONE', #2431, #3585, #32 ) ;
#3403 = ORIENTED_EDGE ( 'NONE', *, *, #424, .F. ) ;
#3404 = FACE_OUTER_BOUND ( 'NONE', #1461, .T. ) ;
#3405 = CARTESIAN_POINT ( 'NONE',  ( -0.6749999999999997113, 2.500000000000000000, 1.250000000000000666 ) ) ;
#3406 = VERTEX_POINT ( 'NONE', #3600 ) ;
#3407 = CARTESIAN_POINT ( 'NONE',  ( 1.175000000000000044, 2.350000000000000089, -0.5000000000000011102 ) ) ;
#3408 = CARTESIAN_POINT ( 'NONE',  ( -1.175000000000000044, 2.495857864376268331, -0.5000000000000008882 ) ) ;
#3409 = DIRECTION ( 'NONE',  ( 0.000000000000000000, -1.000000000000000000, 0.000000000000000000 ) ) ;
#3410 = VERTEX_POINT ( 'NONE', #1835 ) ;
#3411 = ORIENTED_EDGE ( 'NONE', *, *, #1458, .F. ) ;
#3412 = ADVANCED_FACE ( 'NONE', ( #3622 ), #3273, .T. ) ;
#3413 = CARTESIAN_POINT ( 'NONE',  ( 0.000000000000000000, 2.490000000000000213, -0.7400000000000001021 ) ) ;
#3414 = DIRECTION ( 'NONE',  ( 1.000000000000000000, -0.000000000000000000, -0.000000000000000000 ) ) ;
#3415 = DIRECTION ( 'NONE',  ( -0.000000000000000000, 1.000000000000000000, -0.000000000000000000 ) ) ;
#3416 = ADVANCED_FACE ( 'NONE', ( #2696 ), #2410, .T. ) ;
#3417 = CARTESIAN_POINT ( 'NONE',  ( 0.000000000000000000, 0.000000000000000000, 0.000000000000000000 ) ) ;
#3418 = EDGE_CURVE ( 'NONE', #3742, #2916, #2913, .T. ) ;
#3419 =( BOUNDED_CURVE ( )  B_SPLINE_CURVE ( 3, ( #1564, #3037, #399, #2745 ),
 .UNSPECIFIED., .F., .T. ) 
 B_SPLINE_CURVE_WITH_KNOTS ( ( 4, 4 ),
 ( 1.570796326794896558, 3.141592653589793116 ),
 .UNSPECIFIED. ) 
 CURVE ( )  GEOMETRIC_REPRESENTATION_ITEM ( )  RATIONAL_B_SPLINE_CURVE ( ( 1.000000000000000000, 0.8047378541243649375, 0.8047378541243649375, 1.000000000000000000 ) ) 
 REPRESENTATION_ITEM ( '' )  );
#3420 = ORIENTED_EDGE ( 'NONE', *, *, #2144, .T. ) ;
#3421 = ORIENTED_EDGE ( 'NONE', *, *, #26, .T. ) ;
#3422 = VECTOR ( 'NONE', #1196, 1000.000000000000000 ) ;
#3423 = CARTESIAN_POINT ( 'NONE',  ( -1.164999999999999591, -2.716595655254011054E-17, -0.7541421356237311135 ) ) ;
#3424 = DIRECTION ( 'NONE',  ( 0.000000000000000000, 0.000000000000000000, 1.000000000000000000 ) ) ;
#3425 = CARTESIAN_POINT ( 'NONE',  ( -0.3200000000000001177, 0.3464101615137729628, -0.3199999999999999512 ) ) ;
#3426 = EDGE_LOOP ( 'NONE', ( #3694, #2796, #383, #1671 ) ) ;
#3427 = ORIENTED_EDGE ( 'NONE', *, *, #1361, .F. ) ;
#3428 = DIRECTION ( 'NONE',  ( 0.000000000000000000, -1.000000000000000000, 0.000000000000000000 ) ) ;
#3429 = CARTESIAN_POINT ( 'NONE',  ( -1.175000000000000044, 2.490000000000000213, 0.4999999999999991673 ) ) ;
#3430 = CARTESIAN_POINT ( 'NONE',  ( 0.1142264973081041080, 0.01000000000000000021, 0.1142264973081042190 ) ) ;
#3431 = VECTOR ( 'NONE', #1577, 1000.000000000000000 ) ;
#3432 = ADVANCED_FACE ( 'NONE', ( #628 ), #3640, .T. ) ;
#3433 = FACE_OUTER_BOUND ( 'NONE', #76, .T. ) ;
#3434 = DIRECTION ( 'NONE',  ( 1.000000000000000000, 0.000000000000000000, 0.000000000000000000 ) ) ;
#3435 = CARTESIAN_POINT ( 'NONE',  ( -1.179142135623731047, 2.500000000000000000, -0.7399999999999997691 ) ) ;
#3436 = ORIENTED_EDGE ( 'NONE', *, *, #977, .F. ) ;
#3437 = VECTOR ( 'NONE', #3798, 1000.000000000000000 ) ;
#3438 = EDGE_LOOP ( 'NONE', ( #3453, #853, #3010, #3781 ) ) ;
#3439 = ADVANCED_FACE ( 'NONE', ( #1227 ), #2129, .T. ) ;
#3440 = LINE ( 'NONE', #3285, #3469 ) ;
#3441 = VERTEX_POINT ( 'NONE', #3339 ) ;
#3442 = CARTESIAN_POINT ( 'NONE',  ( -1.259999999999999787, 2.500000000000000000, 0.7400000000000004352 ) ) ;
#3443 = DIRECTION ( 'NONE',  ( -1.000000000000000000, 0.000000000000000000, 8.470329472543003391E-17 ) ) ;
#3444 = VECTOR ( 'NONE', #3260, 999.9999999999998863 ) ;
#3445 = ORIENTED_EDGE ( 'NONE', *, *, #277, .F. ) ;
#3446 = DIRECTION ( 'NONE',  ( 1.000000000000000000, 5.421010862427508286E-14, 0.000000000000000000 ) ) ;
#3447 = CYLINDRICAL_SURFACE ( 'NONE', #1844, 0.01000000000000001409 ) ;
#3448 = DIRECTION ( 'NONE',  ( -0.000000000000000000, 1.000000000000000000, -0.000000000000000000 ) ) ;
#3449 = CARTESIAN_POINT ( 'NONE',  ( -0.3200000000000000622, 0.9000000000000002442, 0.3199999999999999512 ) ) ;
#3450 = SHAPE_REPRESENTATION_RELATIONSHIP ( 'NONE' , 'NONE' ,  #1120, #3543 ) ;
#3451 = PLANE ( 'NONE',  #1749 ) ;
#3452 = ORIENTED_EDGE ( 'NONE', *, *, #1054, .F. ) ;
#3453 = ORIENTED_EDGE ( 'NONE', *, *, #3099, .T. ) ;
#3454 = CYLINDRICAL_SURFACE ( 'NONE', #1799, 0.01000000000000002623 ) ;
#3455 = VECTOR ( 'NONE', #3293, 1000.000000000000000 ) ;
#3456 = CARTESIAN_POINT ( 'NONE',  ( -1.179142135623730825, 2.500000000000000000, 0.7600000000000004530 ) ) ;
#3457 = EDGE_CURVE ( 'NONE', #138, #956, #1940, .T. ) ;
#3458 = EDGE_CURVE ( 'NONE', #3240, #1809, #3419, .T. ) ;
#3459 = CARTESIAN_POINT ( 'NONE',  ( -0.1850717967697237398, 0.1327076581449564696, 0.1850717967697237398 ) ) ;
#3460 = VERTEX_POINT ( 'NONE', #1853 ) ;
#3461 = ORIENTED_EDGE ( 'NONE', *, *, #2844, .F. ) ;
#3462 = DIRECTION ( 'NONE',  ( 1.606225440719263902E-16, 0.000000000000000000, 1.000000000000000000 ) ) ;
#3463 = EDGE_CURVE ( 'NONE', #1591, #120, #1627, .T. ) ;
#3464 = FACE_BOUND ( 'NONE', #3345, .T. ) ;
#3465 = FACE_OUTER_BOUND ( 'NONE', #910, .T. ) ;
#3466 = CARTESIAN_POINT ( 'NONE',  ( 0.3200000000000000067, 0.3464101615137729628, 0.3100000000000000533 ) ) ;
#3467 = CARTESIAN_POINT ( 'NONE',  ( -1.626303258728256651E-16, -2.200000000000000622, -4.336808689942017736E-16 ) ) ;
#3468 = CARTESIAN_POINT ( 'NONE',  ( 0.3199999999999998401, 0.3464101615137729073, -0.3104214140871991989 ) ) ;
#3469 = VECTOR ( 'NONE', #2624, 1000.000000000000000 ) ;
#3470 = ORIENTED_EDGE ( 'NONE', *, *, #2058, .T. ) ;
#3471 = VECTOR ( 'NONE', #2096, 1000.000000000000000 ) ;
#3472 = DIRECTION ( 'NONE',  ( 0.000000000000000000, -1.000000000000000000, 0.000000000000000000 ) ) ;
#3473 = EDGE_CURVE ( 'NONE', #3083, #315, #3620, .T. ) ;
#3474 = CARTESIAN_POINT ( 'NONE',  ( 0.3112600429262812884, 11.15372788819387395, -0.3199202969641256056 ) ) ;
#3475 = DIRECTION ( 'NONE',  ( 1.000000000000000000, 0.000000000000000000, -1.606225440719266613E-16 ) ) ;
#3476 = EDGE_LOOP ( 'NONE', ( #1223, #578, #1787, #2396 ) ) ;
#3477 = ORIENTED_EDGE ( 'NONE', *, *, #3035, .F. ) ;
#3478 = DIRECTION ( 'NONE',  ( -5.421010862427507655E-14, 1.000000000000000000, 0.000000000000000000 ) ) ;
#3479 = EDGE_CURVE ( 'NONE', #1003, #802, #1012, .T. ) ;
#3480 = AXIS2_PLACEMENT_3D ( 'NONE', #321, #974, #2729 ) ;
#3481 = CARTESIAN_POINT ( 'NONE',  ( -0.3104214140871992544, 0.3464101615137730183, 0.3200000000000000622 ) ) ;
#3482 = CARTESIAN_POINT ( 'NONE',  ( -1.269999999999999574, 0.5000000000000000000, 0.7499999999999997780 ) ) ;
#3483 = VECTOR ( 'NONE', #3661, 1000.000000000000114 ) ;
#3484 = AXIS2_PLACEMENT_3D ( 'NONE', #3174, #3685, #3434 ) ;
#3485 = DIRECTION ( 'NONE',  ( 0.000000000000000000, 0.000000000000000000, 1.000000000000000000 ) ) ;
#3486 = CYLINDRICAL_SURFACE ( 'NONE', #1398, 0.01000000000000002623 ) ;
#3487 = ITEM_DEFINED_TRANSFORMATION ( 'NONE', 'NONE', #2689,  #3783 ) ;
#3488 = CARTESIAN_POINT ( 'NONE',  ( 1.259999999999999787, 2.500000000000000000, -0.7500000000000001110 ) ) ;
#3489 = ORIENTED_EDGE ( 'NONE', *, *, #2176, .F. ) ;
#3490 = VERTEX_POINT ( 'NONE', #2490 ) ;
#3491 = FACE_OUTER_BOUND ( 'NONE', #1493, .T. ) ;
#3492 = DIRECTION ( 'NONE',  ( -1.000000000000000000, 0.000000000000000000, 2.710505431213757930E-15 ) ) ;
#3493 = APPLICATION_CONTEXT ( 'automotive_design' ) ;
#3494 = CARTESIAN_POINT ( 'NONE',  ( 1.179142135623730825, 2.490000000000000213, -0.7600000000000001199 ) ) ;
#3495 = CYLINDRICAL_SURFACE ( 'NONE', #3239, 0.01000000000000002623 ) ;
#3496 = ORIENTED_EDGE ( 'NONE', *, *, #739, .F. ) ;
#3497 = EDGE_LOOP ( 'NONE', ( #2248, #1868, #2052, #2704 ) ) ;
#3498 = DIRECTION ( 'NONE',  ( -0.7071067811865475727, 0.000000000000000000, -0.7071067811865474617 ) ) ;
#3499 = CARTESIAN_POINT ( 'NONE',  ( 0.6708578643762687088, 0.01000000000000000021, -1.239999999999999991 ) ) ;
#3500 = CARTESIAN_POINT ( 'NONE',  ( 1.260000000000000453, 0.5100000000000000089, 0.7499999999999990008 ) ) ;
#3501 = CARTESIAN_POINT ( 'NONE',  ( -1.259999999999999787, 2.500000000000000000, -0.7399999999999997691 ) ) ;
#3502 = EDGE_CURVE ( 'NONE', #1711, #3197, #756, .T. ) ;
#3503 = ORIENTED_EDGE ( 'NONE', *, *, #2415, .T. ) ;
#3504 = AXIS2_PLACEMENT_3D ( 'NONE', #2409, #70, #950 ) ;
#3505 =( NAMED_UNIT ( * ) SI_UNIT ( $, .STERADIAN. ) SOLID_ANGLE_UNIT ( ) );
#3506 = CARTESIAN_POINT ( 'NONE',  ( 7.620000000000001883, 0.000000000000000000, -1.231500887601698204E-15 ) ) ;
#3507 = CARTESIAN_POINT ( 'NONE',  ( -0.3159672026817069712, 11.15476346003734420, -0.3193224092811617343 ) ) ;
#3508 = EDGE_CURVE ( 'NONE', #3033, #1569, #2799, .T. ) ;
#3509 = ORIENTED_EDGE ( 'NONE', *, *, #555, .T. ) ;
#3510 = EDGE_CURVE ( 'NONE', #2560, #1057, #1172, .T. ) ;
#3511 = CARTESIAN_POINT ( 'NONE',  ( 0.1142264973081030671, 11.49000000000000021, 0.1142264973081023177 ) ) ;
#3512 = DIRECTION ( 'NONE',  ( 0.000000000000000000, -1.000000000000000000, 0.000000000000000000 ) ) ;
#3513 = EDGE_CURVE ( 'NONE', #3157, #2260, #2168, .T. ) ;
#3514 = VECTOR ( 'NONE', #1160, 1000.000000000000000 ) ;
#3515 = DIRECTION ( 'NONE',  ( -0.000000000000000000, 1.000000000000000000, -0.000000000000000000 ) ) ;
#3516 = ORIENTED_EDGE ( 'NONE', *, *, #462, .F. ) ;
#3517 = CARTESIAN_POINT ( 'NONE',  ( 0.6708578643762684868, 2.490000000000000213, -1.239999999999999991 ) ) ;
#3518 = ORIENTED_EDGE ( 'NONE', *, *, #722, .F. ) ;
#3519 = CARTESIAN_POINT ( 'NONE',  ( -0.6749999999999997113, 0.01000000000000002623, -1.249999999999999778 ) ) ;
#3520 = CARTESIAN_POINT ( 'NONE',  ( -0.3099999999999999978, 11.15358983848622287, 0.3200000000000000622 ) ) ;
#3521 = CARTESIAN_POINT ( 'NONE',  ( -0.3112600429262813440, 11.15372788819387395, 0.3199202969641256611 ) ) ;
#3522 = EDGE_CURVE ( 'NONE', #1958, #3033, #2766, .T. ) ;
#3523 = EDGE_LOOP ( 'NONE', ( #3047, #2044, #305, #818, #2822, #1499, #1528, #2709, #1585, #3056, #1038, #2426, #926, #3770, #3650, #2146, #2382, #1286, #2454, #405, #371, #2188, #1356, #2732 ) ) ;
#3524 = DIRECTION ( 'NONE',  ( -1.000000000000000000, 0.000000000000000000, 0.000000000000000000 ) ) ;
#3525 = CARTESIAN_POINT ( 'NONE',  ( 0.6779289321881348807, 2.500000000000000000, 1.247071067811865941 ) ) ;
#3526 = ORIENTED_EDGE ( 'NONE', *, *, #1549, .F. ) ;
#3527 = EDGE_LOOP ( 'NONE', ( #1601, #2223, #269, #1207 ) ) ;
#3528 = EDGE_CURVE ( 'NONE', #758, #1224, #1560, .T. ) ;
#3529 = CARTESIAN_POINT ( 'NONE',  ( -0.6749999999999997113, 0.01000000000000002623, 1.250000000000000666 ) ) ;
#3530 = EDGE_CURVE ( 'NONE', #1711, #3702, #1327, .T. ) ;
#3531 = CARTESIAN_POINT ( 'NONE',  ( 0.7200000000000007505, 0.5000000000000000000, -0.7200000000000009726 ) ) ;
#3532 = AXIS2_PLACEMENT_3D ( 'NONE', #3200, #2499, #2477 ) ;
#3533 = FACE_OUTER_BOUND ( 'NONE', #3438, .T. ) ;
#3534 = ORIENTED_EDGE ( 'NONE', *, *, #1801, .F. ) ;
#3535 =( BOUNDED_CURVE ( )  B_SPLINE_CURVE ( 3, ( #985, #1274, #2443, #65 ),
 .UNSPECIFIED., .F., .F. ) 
 B_SPLINE_CURVE_WITH_KNOTS ( ( 4, 4 ),
 ( 5.624127271420897856, 6.942243342938274608 ),
 .UNSPECIFIED. ) 
 CURVE ( )  GEOMETRIC_REPRESENTATION_ITEM ( )  RATIONAL_B_SPLINE_CURVE ( ( 1.000000000000000000, 0.8603796100557099535, 0.8603796100557099535, 1.000000000000000000 ) ) 
 REPRESENTATION_ITEM ( '' )  );
#3536 = ORIENTED_EDGE ( 'NONE', *, *, #3401, .T. ) ;
#3537 = PLANE ( 'NONE',  #3223 ) ;
#3538 = LINE ( 'NONE', #2026, #914 ) ;
#3539 = DIRECTION ( 'NONE',  ( 0.000000000000000000, -0.000000000000000000, 1.000000000000000000 ) ) ;
#3540 = DIRECTION ( 'NONE',  ( 0.7071067811865473507, 0.000000000000000000, -0.7071067811865477948 ) ) ;
#3541 = VERTEX_POINT ( 'NONE', #3674 ) ;
#3542 = AXIS2_PLACEMENT_3D ( 'NONE', #327, #3196, #1744 ) ;
#3543 = ADVANCED_BREP_SHAPE_REPRESENTATION ( '', ( #2817, #3783 ), #1020 ) ;
#3544 = CARTESIAN_POINT ( 'NONE',  ( 0.000000000000000000, 0.000000000000000000, 0.000000000000000000 ) ) ;
#3545 = DIRECTION ( 'NONE',  ( 1.000000000000000000, 0.000000000000000000, 0.000000000000000000 ) ) ;
#3546 = MECHANICAL_DESIGN_GEOMETRIC_PRESENTATION_REPRESENTATION (  '', ( #3238 ), #955 ) ;
#3547 = ORIENTED_EDGE ( 'NONE', *, *, #3392, .F. ) ;
#3548 = EDGE_CURVE ( 'NONE', #3541, #517, #3356, .T. ) ;
#3549 = DIRECTION ( 'NONE',  ( -1.000000000000000000, -0.000000000000000000, -0.000000000000000000 ) ) ;
#3550 = VECTOR ( 'NONE', #2180, 1000.000000000000227 ) ;
#3551 = ORIENTED_EDGE ( 'NONE', *, *, #3740, .T. ) ;
#3552 = FACE_OUTER_BOUND ( 'NONE', #1987, .T. ) ;
#3553 = DIRECTION ( 'NONE',  ( 0.000000000000000000, 1.000000000000000000, 0.000000000000000000 ) ) ;
#3554 = DIRECTION ( 'NONE',  ( -1.000000000000000000, -0.000000000000000000, -0.000000000000000000 ) ) ;
#3555 = CARTESIAN_POINT ( 'NONE',  ( 0.6708578643762693750, 0.01000000000000000021, 1.240000000000000435 ) ) ;
#3556 = CIRCLE ( 'NONE', #1148, 0.02000000000000005246 ) ;
#3557 = EDGE_CURVE ( 'NONE', #221, #1132, #1029, .T. ) ;
#3558 = FACE_OUTER_BOUND ( 'NONE', #2215, .T. ) ;
#3559 = EDGE_LOOP ( 'NONE', ( #3286, #2514, #1241, #1165, #3724, #201 ) ) ;
#3560 = PRODUCT_DEFINITION_SHAPE ( 'NONE', 'NONE',  #573 ) ;
#3561 = ORIENTED_EDGE ( 'NONE', *, *, #2945, .F. ) ;
#3562 = CARTESIAN_POINT ( 'NONE',  ( 0.1142264973081030810, 11.49000000000000021, -1.935072133388359121E-17 ) ) ;
#3563 = FACE_OUTER_BOUND ( 'NONE', #2342, .T. ) ;
#3564 = CARTESIAN_POINT ( 'NONE',  ( 1.265857864376269459, 2.500000000000000000, -0.7458578643762693305 ) ) ;
#3565 = UNCERTAINTY_MEASURE_WITH_UNIT (LENGTH_MEASURE( 1.000000000000000082E-05 ), #2034, 'distance_accuracy_value', 'NONE');
#3566 = ADVANCED_FACE ( 'NONE', ( #2472 ), #420, .F. ) ;
#3567 = DIRECTION ( 'NONE',  ( -1.000000000000000000, 0.000000000000000000, 0.000000000000000000 ) ) ;
#3568 = ORIENTED_EDGE ( 'NONE', *, *, #139, .F. ) ;
#3569 = CARTESIAN_POINT ( 'NONE',  ( 0.1850717967697235733, 0.1277076581449564652, -0.1937320508075680570 ) ) ;
#3570 = SURFACE_SIDE_STYLE ('',( #3279 ) ) ;
#3571 = DIRECTION ( 'NONE',  ( -2.168404344971009854E-16, -0.000000000000000000, -1.000000000000000000 ) ) ;
#3572 = ORIENTED_EDGE ( 'NONE', *, *, #26, .F. ) ;
#3573 = TOROIDAL_SURFACE ( 'NONE', #2326, 0.02000000000000000042, 0.01000000000000000021 ) ;
#3574 = LINE ( 'NONE', #923, #1275 ) ;
#3575 = FACE_OUTER_BOUND ( 'NONE', #2956, .T. ) ;
#3576 = CARTESIAN_POINT ( 'NONE',  ( 0.6750000000000003775, 2.490000000000000213, 1.250000000000000444 ) ) ;
#3577 = ORIENTED_EDGE ( 'NONE', *, *, #2085, .F. ) ;
#3578 = DIRECTION ( 'NONE',  ( 1.694065894508600678E-16, -0.000000000000000000, 1.000000000000000000 ) ) ;
#3579 = ORIENTED_EDGE ( 'NONE', *, *, #3458, .F. ) ;
#3580 = AXIS2_PLACEMENT_3D ( 'NONE', #2750, #1272, #2718 ) ;
#3581 = VERTEX_POINT ( 'NONE', #1621 ) ;
#3582 = DIRECTION ( 'NONE',  ( 0.8660254037844348218, 0.5000000000000066613, -2.710505431213759902E-15 ) ) ;
#3583 = ADVANCED_FACE ( 'NONE', ( #3054 ), #160, .T. ) ;
#3584 = CARTESIAN_POINT ( 'NONE',  ( -1.259999999999999787, 2.500000000000000000, 0.5099999999999990097 ) ) ;
#3585 = DIRECTION ( 'NONE',  ( 0.7071067811865475727, -0.000000000000000000, -0.7071067811865475727 ) ) ;
#3586 = EDGE_CURVE ( 'NONE', #3541, #3406, #2522, .T. ) ;
#3587 = AXIS2_PLACEMENT_3D ( 'NONE', #2027, #1456, #3167 ) ;
#3588 = DIRECTION ( 'NONE',  ( 1.694065894508600678E-16, -0.000000000000000000, 1.000000000000000000 ) ) ;
#3589 = FACE_OUTER_BOUND ( 'NONE', #2389, .T. ) ;
#3590 = CARTESIAN_POINT ( 'NONE',  ( -0.1142264973081042190, 0.01000000000000000021, -0.1142264973081040802 ) ) ;
#3591 = LINE ( 'NONE', #1783, #3049 ) ;
#3592 = VERTEX_POINT ( 'NONE', #179 ) ;
#3593 = CARTESIAN_POINT ( 'NONE',  ( 0.3199999999999998956, 0.3464101615137729628, 0.3104214140871992544 ) ) ;
#3594 = PRODUCT_DEFINITION_SHAPE ( 'NONE', 'NONE',  #3807 ) ;
#3595 = CARTESIAN_POINT ( 'NONE',  ( 0.000000000000000000, 2.490000000000000213, -0.7399999999999997691 ) ) ;
#3596 = ORIENTED_EDGE ( 'NONE', *, *, #891, .F. ) ;
#3597 = AXIS2_PLACEMENT_3D ( 'NONE', #279, #1453, #1494 ) ;
#3598 = CARTESIAN_POINT ( 'NONE',  ( 0.000000000000000000, 2.500000000000000000, -0.5100000000000011191 ) ) ;
#3599 = CARTESIAN_POINT ( 'NONE',  ( 0.7200000000000007505, 0.5000000000000000000, 0.7200000000000009726 ) ) ;
#3600 = CARTESIAN_POINT ( 'NONE',  ( -0.3300000000000001821, 2.500000000000000000, -0.3300000000000001266 ) ) ;
#3601 = VECTOR ( 'NONE', #2025, 1000.000000000000000 ) ;
#3602 = CARTESIAN_POINT ( 'NONE',  ( -0.3100000000000001088, 0.3464101615137729628, -0.3199999999999999512 ) ) ;
#3603 = EDGE_CURVE ( 'NONE', #2268, #1046, #3324, .T. ) ;
#3604 = VERTEX_POINT ( 'NONE', #1589 ) ;
#3605 = CARTESIAN_POINT ( 'NONE',  ( -1.175000000000000044, 2.490000000000000213, -0.5000000000000008882 ) ) ;
#3606 = CARTESIAN_POINT ( 'NONE',  ( 1.175000000000000488, 2.350000000000000089, 0.4999999999999991673 ) ) ;
#3607 = CYLINDRICAL_SURFACE ( 'NONE', #1570, 0.01000000000000001409 ) ;
#3608 = CARTESIAN_POINT ( 'NONE',  ( -1.175000000000000044, 2.350000000000000089, -0.5000000000000008882 ) ) ;
#3609 = ORIENTED_EDGE ( 'NONE', *, *, #1509, .T. ) ;
#3610 = VECTOR ( 'NONE', #2592, 999.9999999999998863 ) ;
#3611 = CARTESIAN_POINT ( 'NONE',  ( 0.6679289321881348718, 0.01000000000000002623, 1.242928932188134938 ) ) ;
#3612 =( LENGTH_UNIT ( ) NAMED_UNIT ( * ) SI_UNIT ( .MILLI., .METRE. ) );
#3613 = VECTOR ( 'NONE', #356, 1000.000000000000000 ) ;
#3614 = EDGE_LOOP ( 'NONE', ( #2543, #1888, #500, #3385 ) ) ;
#3615 = ADVANCED_FACE ( 'NONE', ( #3575 ), #2325, .T. ) ;
#3616 = MECHANICAL_DESIGN_GEOMETRIC_PRESENTATION_REPRESENTATION (  '', ( #1816 ), #39 ) ;
#3617 = DIRECTION ( 'NONE',  ( 0.000000000000000000, 0.000000000000000000, -1.000000000000000000 ) ) ;
#3618 = ORIENTED_EDGE ( 'NONE', *, *, #181, .T. ) ;
#3619 = AXIS2_PLACEMENT_3D ( 'NONE', #1367, #1650, #440 ) ;
#3620 = CIRCLE ( 'NONE', #649, 0.01000000000000002623 ) ;
#3621 = FACE_OUTER_BOUND ( 'NONE', #3523, .T. ) ;
#3622 = FACE_OUTER_BOUND ( 'NONE', #1537, .T. ) ;
#3623 = DIRECTION ( 'NONE',  ( -0.000000000000000000, 1.000000000000000000, -0.000000000000000000 ) ) ;
#3624 = VERTEX_POINT ( 'NONE', #1202 ) ;
#3625 = DIRECTION ( 'NONE',  ( 0.000000000000000000, 0.000000000000000000, 1.000000000000000000 ) ) ;
#3626 = CARTESIAN_POINT ( 'NONE',  ( 0.3199999999999998956, 0.9000000000000002442, -0.3200000000000000622 ) ) ;
#3627 = CARTESIAN_POINT ( 'NONE',  ( -0.3108419876365758339, 11.15363591632649509, 0.3199733969465144434 ) ) ;
#3628 = ADVANCED_FACE ( 'NONE', ( #621 ), #2363, .T. ) ;
#3629 = DIRECTION ( 'NONE',  ( -0.000000000000000000, 1.000000000000000000, -0.000000000000000000 ) ) ;
#3630 = ADVANCED_FACE ( 'NONE', ( #1790 ), #905, .F. ) ;
#3631 = LINE ( 'NONE', #3365, #1750 ) ;
#3632 = ORIENTED_EDGE ( 'NONE', *, *, #1345, .T. ) ;
#3633 = AXIS2_PLACEMENT_3D ( 'NONE', #3430, #2459, #1034 ) ;
#3634 = ORIENTED_EDGE ( 'NONE', *, *, #2256, .F. ) ;
#3635 = EDGE_CURVE ( 'NONE', #2916, #3592, #1807, .T. ) ;
#3636 = VECTOR ( 'NONE', #2351, 1000.000000000000000 ) ;
#3637 = LINE ( 'NONE', #2123, #2059 ) ;
#3638 = VERTEX_POINT ( 'NONE', #2041 ) ;
#3639 = CARTESIAN_POINT ( 'NONE',  ( 0.3200000000000000067, 11.15358983848622110, 0.3104214140871990879 ) ) ;
#3640 = CYLINDRICAL_SURFACE ( 'NONE', #3480, 0.01000000000000002623 ) ;
#3641 = VERTEX_POINT ( 'NONE', #558 ) ;
#3642 = EDGE_LOOP ( 'NONE', ( #2814, #3366, #1598, #892 ) ) ;
#3643 = CARTESIAN_POINT ( 'NONE',  ( 0.3099999999999998868, 0.3464101615137729628, -0.3199999999999999512 ) ) ;
#3644 =( REPRESENTATION_RELATIONSHIP ('NONE','NONE', #1150, #3042 ) REPRESENTATION_RELATIONSHIP_WITH_TRANSFORMATION ( #1251 )SHAPE_REPRESENTATION_RELATIONSHIP( ) );
#3645 = AXIS2_PLACEMENT_3D ( 'NONE', #3378, #1033, #2516 ) ;
#3646 = FACE_OUTER_BOUND ( 'NONE', #3268, .T. ) ;
#3647 = EDGE_CURVE ( 'NONE', #3638, #1403, #352, .T. ) ;
#3648 = FACE_OUTER_BOUND ( 'NONE', #1412, .T. ) ;
#3649 = ORIENTED_EDGE ( 'NONE', *, *, #865, .F. ) ;
#3650 = ORIENTED_EDGE ( 'NONE', *, *, #1422, .T. ) ;
#3651 = EDGE_CURVE ( 'NONE', #2560, #2435, #2646, .T. ) ;
#3652 = CARTESIAN_POINT ( 'NONE',  ( 0.000000000000000000, 11.49000000000000021, -0.1142264973081030810 ) ) ;
#3653 = EDGE_LOOP ( 'NONE', ( #2377, #3596, #1193, #349 ) ) ;
#3654 = VERTEX_POINT ( 'NONE', #580 ) ;
#3655 = CARTESIAN_POINT ( 'NONE',  ( 0.000000000000000000, 0.000000000000000000, 0.000000000000000000 ) ) ;
#3656 = CARTESIAN_POINT ( 'NONE',  ( -0.6749999999999997113, 0.000000000000000000, 1.240000000000000657 ) ) ;
#3657 = VECTOR ( 'NONE', #2979, 1000.000000000000000 ) ;
#3658 = ORIENTED_EDGE ( 'NONE', *, *, #2438, .F. ) ;
#3659 = CIRCLE ( 'NONE', #3773, 0.009999999999999998473 ) ;
#3660 = CARTESIAN_POINT ( 'NONE',  ( -1.165000000000000258, 2.490000000000000213, -0.7458578643762689975 ) ) ;
#3661 = DIRECTION ( 'NONE',  ( -0.4472135954999579277, -0.7745966692414834043, -0.4472135954999578167 ) ) ;
#3662 = CARTESIAN_POINT ( 'NONE',  ( -0.6749999999999997113, 2.500000000000000000, -1.249999999999999778 ) ) ;
#3663 =( BOUNDED_CURVE ( )  B_SPLINE_CURVE ( 3, ( #1906, #2211, #216, #1944 ),
 .UNSPECIFIED., .F., .F. ) 
 B_SPLINE_CURVE_WITH_KNOTS ( ( 4, 4 ),
 ( 6.156845179540811230, 6.283185307179586232 ),
 .UNSPECIFIED. ) 
 CURVE ( )  GEOMETRIC_REPRESENTATION_ITEM ( )  RATIONAL_B_SPLINE_CURVE ( ( 1.000000000000000000, 0.9986702899464854344, 0.9986702899464854344, 1.000000000000000000 ) ) 
 REPRESENTATION_ITEM ( '' )  );
#3664 = CARTESIAN_POINT ( 'NONE',  ( -1.259999999999999787, 2.500000000000000000, -0.5000000000000008882 ) ) ;
#3665 = LINE ( 'NONE', #442, #3307 ) ;
#3666 = VERTEX_POINT ( 'NONE', #3531 ) ;
#3667 = ORIENTED_EDGE ( 'NONE', *, *, #1638, .F. ) ;
#3668 = AXIS2_PLACEMENT_3D ( 'NONE', #2868, #1401, #532 ) ;
#3669 = ORIENTED_EDGE ( 'NONE', *, *, #2419, .T. ) ;
#3670 = AXIS2_PLACEMENT_3D ( 'NONE', #3506, #2357, #16 ) ;
#3671 = ADVANCED_FACE ( 'NONE', ( #601 ), #3799, .T. ) ;
#3672 = DIRECTION ( 'NONE',  ( 0.000000000000000000, 0.000000000000000000, 1.000000000000000000 ) ) ;
#3673 = CARTESIAN_POINT ( 'NONE',  ( 0.1228867513459484251, 0.004999999999999981022, -0.1142264973081041218 ) ) ;
#3674 = CARTESIAN_POINT ( 'NONE',  ( -0.3200000000000001177, 2.490000000000000213, -0.3200000000000000622 ) ) ;
#3675 = CARTESIAN_POINT ( 'NONE',  ( 0.3299999999999999600, 2.500000000000000000, 0.3300000000000000155 ) ) ;
#3676 = UNCERTAINTY_MEASURE_WITH_UNIT (LENGTH_MEASURE( 1.000000000000000082E-05 ), #1725, 'distance_accuracy_value', 'NONE');
#3677 = ORIENTED_EDGE ( 'NONE', *, *, #2401, .T. ) ;
#3678 = ORIENTED_EDGE ( 'NONE', *, *, #887, .F. ) ;
#3679 = PLANE ( 'NONE',  #3645 ) ;
#3680 = VECTOR ( 'NONE', #860, 1000.000000000000000 ) ;
#3681 = DIRECTION ( 'NONE',  ( 1.000000000000000000, -0.000000000000000000, -0.000000000000000000 ) ) ;
#3682 = CARTESIAN_POINT ( 'NONE',  ( 1.179142135623731491, 0.5000000000000000000, 0.7499999999999997780 ) ) ;
#3683 = FACE_OUTER_BOUND ( 'NONE', #1282, .T. ) ;
#3684 = FACE_OUTER_BOUND ( 'NONE', #2036, .T. ) ;
#3685 = DIRECTION ( 'NONE',  ( 0.000000000000000000, 0.000000000000000000, 1.000000000000000000 ) ) ;
#3686 =( BOUNDED_CURVE ( )  B_SPLINE_CURVE ( 3, ( #2942, #2315, #282, #3211 ),
 .UNSPECIFIED., .F., .T. ) 
 B_SPLINE_CURVE_WITH_KNOTS ( ( 4, 4 ),
 ( 6.156845179540893831, 6.283185307179586232 ),
 .UNSPECIFIED. ) 
 CURVE ( )  GEOMETRIC_REPRESENTATION_ITEM ( )  RATIONAL_B_SPLINE_CURVE ( ( 1.000000000000000000, 0.9986702899464872107, 0.9986702899464872107, 1.000000000000000000 ) ) 
 REPRESENTATION_ITEM ( '' )  );
#3687 = ORIENTED_EDGE ( 'NONE', *, *, #2253, .F. ) ;
#3688 = ORIENTED_EDGE ( 'NONE', *, *, #765, .T. ) ;
#3689 = ADVANCED_FACE ( 'NONE', ( #1747 ), #924, .T. ) ;
#3690 = AXIS2_PLACEMENT_3D ( 'NONE', #3499, #1432, #2612 ) ;
#3691 = CARTESIAN_POINT ( 'NONE',  ( -1.269999999999999574, 0.5000000000000000000, -0.7500000000000001110 ) ) ;
#3692 = DIRECTION ( 'NONE',  ( -0.7071067811865475727, 0.000000000000000000, -0.7071067811865474617 ) ) ;
#3693 = EDGE_CURVE ( 'NONE', #88, #1723, #3284, .T. ) ;
#3694 = ORIENTED_EDGE ( 'NONE', *, *, #424, .T. ) ;
#3695 = ADVANCED_FACE ( 'NONE', ( #2952 ), #770, .T. ) ;
#3696 = CARTESIAN_POINT ( 'NONE',  ( 0.1142264973081030394, 11.49000000000000021, -0.1142264973081031920 ) ) ;
#3697 = CARTESIAN_POINT ( 'NONE',  ( 0.1142264973081040247, 0.01000000000000000368, -0.1142264973081040802 ) ) ;
#3698 = DIRECTION ( 'NONE',  ( 1.000000000000000000, 0.000000000000000000, 0.000000000000000000 ) ) ;
#3699 = EDGE_LOOP ( 'NONE', ( #1067, #3470, #1986, #1379, #3081, #1078 ) ) ;
#3700 = CARTESIAN_POINT ( 'NONE',  ( -1.269999999999999574, 0.5000000000000000000, 0.7200000000000009726 ) ) ;
#3701 = MECHANICAL_DESIGN_GEOMETRIC_PRESENTATION_REPRESENTATION (  '', ( #1305 ), #1179 ) ;
#3702 = VERTEX_POINT ( 'NONE', #2666 ) ;
#3703 = AXIS2_PLACEMENT_3D ( 'NONE', #838, #2006, #2047 ) ;
#3704 = ORIENTED_EDGE ( 'NONE', *, *, #1301, .F. ) ;
#3705 = ORIENTED_EDGE ( 'NONE', *, *, #2858, .T. ) ;
#3706 =( BOUNDED_CURVE ( )  B_SPLINE_CURVE ( 3, ( #2827, #3627, #3300, #2987 ),
 .UNSPECIFIED., .F., .T. ) 
 B_SPLINE_CURVE_WITH_KNOTS ( ( 4, 4 ),
 ( 6.156845179540815671, 6.283185307179586232 ),
 .UNSPECIFIED. ) 
 CURVE ( )  GEOMETRIC_REPRESENTATION_ITEM ( )  RATIONAL_B_SPLINE_CURVE ( ( 1.000000000000000000, 0.9986702899464854344, 0.9986702899464854344, 1.000000000000000000 ) ) 
 REPRESENTATION_ITEM ( '' )  );
#3707 = CARTESIAN_POINT ( 'NONE',  ( -1.172071067811865319, 0.5000000000000000000, 0.7529289321881350583 ) ) ;
#3708 = FACE_OUTER_BOUND ( 'NONE', #171, .T. ) ;
#3709 = PRODUCT_DEFINITION ( 'UNKNOWN', '', #2494, #2234 ) ;
#3710 = CARTESIAN_POINT ( 'NONE',  ( -0.3241421356237310647, 2.500000000000000000, -0.3241421356237310647 ) ) ;
#3711 = EDGE_CURVE ( 'NONE', #1003, #1475, #894, .T. ) ;
#3712 = ORIENTED_EDGE ( 'NONE', *, *, #3063, .F. ) ;
#3713 = ORIENTED_EDGE ( 'NONE', *, *, #2964, .T. ) ;
#3714 = CARTESIAN_POINT ( 'NONE',  ( 1.179142135623731491, -1.503005322678532707, 0.7500000000000001110 ) ) ;
#3715 = LINE ( 'NONE', #1973, #623 ) ;
#3716 = DIRECTION ( 'NONE',  ( -1.000000000000000000, 0.000000000000000000, -0.000000000000000000 ) ) ;
#3717 = EDGE_CURVE ( 'NONE', #908, #1591, #1728, .T. ) ;
#3718 = AXIS2_PLACEMENT_3D ( 'NONE', #519, #3100, #173 ) ;
#3719 = DIRECTION ( 'NONE',  ( 0.000000000000000000, 0.000000000000000000, -1.000000000000000000 ) ) ;
#3720 = ORIENTED_EDGE ( 'NONE', *, *, #3368, .T. ) ;
#3721 = VERTEX_POINT ( 'NONE', #639 ) ;
#3722 = EDGE_CURVE ( 'NONE', #1119, #3638, #2427, .T. ) ;
#3723 = LINE ( 'NONE', #1408, #757 ) ;
#3724 = ORIENTED_EDGE ( 'NONE', *, *, #2081, .T. ) ;
#3725 = VECTOR ( 'NONE', #3299, 1000.000000000000000 ) ;
#3726 = FACE_OUTER_BOUND ( 'NONE', #2930, .T. ) ;
#3727 = CYLINDRICAL_SURFACE ( 'NONE', #1634, 0.009999999999999903064 ) ;
#3728 = VECTOR ( 'NONE', #3242, 1000.000000000000000 ) ;
#3729 = DIRECTION ( 'NONE',  ( 0.000000000000000000, 0.5000000000000019984, -0.8660254037844374864 ) ) ;
#3730 = ORIENTED_EDGE ( 'NONE', *, *, #663, .T. ) ;
#3731 = VECTOR ( 'NONE', #97, 1000.000000000000000 ) ;
#3732 = ORIENTED_EDGE ( 'NONE', *, *, #3693, .T. ) ;
#3733 = CYLINDRICAL_SURFACE ( 'NONE', #1619, 0.01000000000000002623 ) ;
#3734 = CARTESIAN_POINT ( 'NONE',  ( -0.3200000000000001177, 0.3464101615137729628, -0.3199999999999999512 ) ) ;
#3735 = LINE ( 'NONE', #1974, #116 ) ;
#3736 = AXIS2_PLACEMENT_3D ( 'NONE', #1558, #711, #2990 ) ;
#3737 = LINE ( 'NONE', #1093, #659 ) ;
#3738 = CARTESIAN_POINT ( 'NONE',  ( 0.3199733969465142769, 0.3463640836734994677, -0.3108419876365757784 ) ) ;
#3739 = EDGE_LOOP ( 'NONE', ( #2541, #3208, #803, #3390 ) ) ;
#3740 = EDGE_CURVE ( 'NONE', #430, #1711, #847, .T. ) ;
#3741 = PLANE ( 'NONE',  #3092 ) ;
#3742 = VERTEX_POINT ( 'NONE', #1443 ) ;
#3743 = EDGE_CURVE ( 'NONE', #2435, #517, #284, .T. ) ;
#3744 = CARTESIAN_POINT ( 'NONE',  ( 0.1228867513459484528, 0.004999999999999965410, -0.1200000000000003147 ) ) ;
#3745 = LINE ( 'NONE', #2609, #1863 ) ;
#3746 = EDGE_LOOP ( 'NONE', ( #2683, #2347, #2100, #232 ) ) ;
#3747 = VECTOR ( 'NONE', #1932, 999.9999999999998863 ) ;
#3748 = VERTEX_POINT ( 'NONE', #2422 ) ;
#3749 = CARTESIAN_POINT ( 'NONE',  ( 0.3112600429262812884, 11.15372788819387395, 0.3199202969641257166 ) ) ;
#3750 = CARTESIAN_POINT ( 'NONE',  ( 0.9554289321881338504, 2.500000000000000000, -0.9554289321881346275 ) ) ;
#3751 = DIRECTION ( 'NONE',  ( 1.000000000000000000, 0.000000000000000000, -5.706327223607941615E-15 ) ) ;
#3752 =( NAMED_UNIT ( * ) PLANE_ANGLE_UNIT ( ) SI_UNIT ( $, .RADIAN. ) );
#3753 = VERTEX_POINT ( 'NONE', #1898 ) ;
#3754 = VERTEX_POINT ( 'NONE', #3080 ) ;
#3755 = LINE ( 'NONE', #3180, #1982 ) ;
#3756 = CARTESIAN_POINT ( 'NONE',  ( 0.3193224092811596249, 0.3452365399626405873, -0.3159672026817041957 ) ) ;
#3757 = EDGE_CURVE ( 'NONE', #1733, #735, #2756, .T. ) ;
#3758 = CARTESIAN_POINT ( 'NONE',  ( -0.6749999999999997113, 0.01000000000000002623, -1.239999999999999769 ) ) ;
#3759 = ORIENTED_EDGE ( 'NONE', *, *, #211, .T. ) ;
#3760 = ORIENTED_EDGE ( 'NONE', *, *, #372, .F. ) ;
#3761 = ORIENTED_EDGE ( 'NONE', *, *, #2104, .T. ) ;
#3762 = LINE ( 'NONE', #259, #1678 ) ;
#3763 = LINE ( 'NONE', #2374, #677 ) ;
#3764 = CARTESIAN_POINT ( 'NONE',  ( 1.175000000000000044, 2.490000000000000213, -0.5000000000000011102 ) ) ;
#3765 = CARTESIAN_POINT ( 'NONE',  ( 0.1142264973081031920, 11.49499999999999922, 0.1228867513459475369 ) ) ;
#3766 = DIRECTION ( 'NONE',  ( 0.000000000000000000, -1.000000000000000000, 0.000000000000000000 ) ) ;
#3767 = CARTESIAN_POINT ( 'NONE',  ( -0.1142264973081031781, 11.50000000000000000, 1.935072133388360662E-17 ) ) ;
#3768 = ORIENTED_EDGE ( 'NONE', *, *, #1404, .T. ) ;
#3769 = AXIS2_PLACEMENT_3D ( 'NONE', #3235, #550, #466 ) ;
#3770 = ORIENTED_EDGE ( 'NONE', *, *, #1981, .T. ) ;
#3771 = DIRECTION ( 'NONE',  ( 4.336808689942016257E-16, 0.000000000000000000, 1.000000000000000000 ) ) ;
#3772 = DIRECTION ( 'NONE',  ( 1.000000000000000000, 0.000000000000000000, 0.000000000000000000 ) ) ;
#3773 = AXIS2_PLACEMENT_3D ( 'NONE', #525, #3151, #2004 ) ;
#3774 = DIRECTION ( 'NONE',  ( -0.7071067811865477948, 0.000000000000000000, 0.7071067811865473507 ) ) ;
#3775 = CARTESIAN_POINT ( 'NONE',  ( 0.000000000000000000, 0.000000000000000000, 0.000000000000000000 ) ) ;
#3776 = PLANE ( 'NONE',  #806 ) ;
#3777 = FACE_OUTER_BOUND ( 'NONE', #1163, .T. ) ;
#3778 = ORIENTED_EDGE ( 'NONE', *, *, #2087, .T. ) ;
#3779 = EDGE_CURVE ( 'NONE', #802, #2000, #1812, .T. ) ;
#3780 = AXIS2_PLACEMENT_3D ( 'NONE', #72, #1248, #594 ) ;
#3781 = ORIENTED_EDGE ( 'NONE', *, *, #2964, .F. ) ;
#3782 = CARTESIAN_POINT ( 'NONE',  ( -0.3200000000000000067, 0.3464101615137729628, 0.3100000000000000533 ) ) ;
#3783 = AXIS2_PLACEMENT_3D ( 'NONE', #2141, #2444, #986 ) ;
#3784 = DIRECTION ( 'NONE',  ( 1.694065894508600678E-16, -0.000000000000000000, 1.000000000000000000 ) ) ;
#3785 = VECTOR ( 'NONE', #118, 1000.000000000000000 ) ;
#3786 = EDGE_CURVE ( 'NONE', #3229, #3296, #1600, .T. ) ;
#3787 = ADVANCED_FACE ( 'NONE', ( #3012 ), #3030, .F. ) ;
#3788 = ORIENTED_EDGE ( 'NONE', *, *, #1828, .F. ) ;
#3789 = DIRECTION ( 'NONE',  ( -0.000000000000000000, 1.000000000000000000, -0.000000000000000000 ) ) ;
#3790 = EDGE_CURVE ( 'NONE', #3394, #3240, #3631, .T. ) ;
#3791 = ORIENTED_EDGE ( 'NONE', *, *, #2715, .T. ) ;
#3792 = CARTESIAN_POINT ( 'NONE',  ( 0.6779289321881343255, 0.01000000000000002623, -1.247071067811865497 ) ) ;
#3793 = SURFACE_STYLE_USAGE ( .BOTH. , #3570 ) ;
#3794 = CARTESIAN_POINT ( 'NONE',  ( -0.3200000000000000067, 11.15358983848622287, 0.3200000000000000622 ) ) ;
#3795 = VECTOR ( 'NONE', #720, 1000.000000000000000 ) ;
#3796 = ORIENTED_EDGE ( 'NONE', *, *, #3298, .T. ) ;
#3797 = VECTOR ( 'NONE', #778, 1000.000000000000000 ) ;
#3798 = DIRECTION ( 'NONE',  ( -0.000000000000000000, 1.000000000000000000, -0.000000000000000000 ) ) ;
#3799 = CYLINDRICAL_SURFACE ( 'NONE', #1269, 0.01000000000000002623 ) ;
#3800 = CYLINDRICAL_SURFACE ( 'NONE', #2958, 0.01000000000000002623 ) ;
#3801 = DIRECTION ( 'NONE',  ( -1.694065894508600678E-16, 0.000000000000000000, -1.000000000000000000 ) ) ;
#3802 = ORIENTED_EDGE ( 'NONE', *, *, #887, .T. ) ;
#3803 =( BOUNDED_CURVE ( )  B_SPLINE_CURVE ( 3, ( #1084, #3084, #3423, #1341 ),
 .UNSPECIFIED., .F., .F. ) 
 B_SPLINE_CURVE_WITH_KNOTS ( ( 4, 4 ),
 ( 0.000000000000000000, 1.570796326794905884 ),
 .UNSPECIFIED. ) 
 CURVE ( )  GEOMETRIC_REPRESENTATION_ITEM ( )  RATIONAL_B_SPLINE_CURVE ( ( 1.000000000000000000, 0.8047378541243628280, 0.8047378541243628280, 1.000000000000000000 ) ) 
 REPRESENTATION_ITEM ( '' )  );
#3804 = DIRECTION ( 'NONE',  ( 0.000000000000000000, 0.000000000000000000, 1.000000000000000000 ) ) ;
#3805 = NEXT_ASSEMBLY_USAGE_OCCURRENCE ( 'NAUO1', ' ', ' ', #3141, #3709, $ ) ;
#3806 = NEXT_ASSEMBLY_USAGE_OCCURRENCE ( 'NAUO2', ' ', ' ', #3141, #573, $ ) ;
#3807 = NEXT_ASSEMBLY_USAGE_OCCURRENCE ( 'NAUO3', ' ', ' ', #3141, #573, $ ) ;
#3808 = NEXT_ASSEMBLY_USAGE_OCCURRENCE ( 'NAUO4', ' ', ' ', #3141, #3709, $ ) ;
#3809 = NEXT_ASSEMBLY_USAGE_OCCURRENCE ( 'NAUO5', ' ', ' ', #3141, #3709, $ ) ;
#3810 = NEXT_ASSEMBLY_USAGE_OCCURRENCE ( 'NAUO6', ' ', ' ', #3141, #573, $ ) ;
#3811 = NEXT_ASSEMBLY_USAGE_OCCURRENCE ( 'NAUO7', ' ', ' ', #3141, #573, $ ) ;
#3812 = NEXT_ASSEMBLY_USAGE_OCCURRENCE ( 'NAUO8', ' ', ' ', #3141, #3709, $ ) ;
#3813 = NEXT_ASSEMBLY_USAGE_OCCURRENCE ( 'NAUO9', ' ', ' ', #3141, #3709, $ ) ;
#3814 = NEXT_ASSEMBLY_USAGE_OCCURRENCE ( 'NAUO10', ' ', ' ', #3141, #573, $ ) ;
ENDSEC;
END-ISO-10303-21;
